task,outer_fold,Record_ID,FR_main,FR_co,SMILES_main,SMILES_co,Reference,Canonical_SMILES_main,Murcko_scaffold_main,y_true,Loading_total_FR_for_audit,Is_Neat_EP,split_strategy,screening_mode,row_policy,selection_scope,use_BDE,y_pred,conformal_y_pred,PI_lower,PI_upper,PI_covered,AD_Canonical_SMILES_main,AD_Murcko_scaffold_main,AD_Canonical_SMILES_co,AD_Murcko_scaffold_co,AD_has_co,AD_pair_key,absolute_error,squared_error,main_role_max_similarity,main_any_component_max_similarity,co_role_max_similarity,co_any_component_max_similarity,AD_similarity,AD_similarity_any_component,main_exact_seen_role,main_exact_seen_any,co_exact_seen_role,co_exact_seen_any,pair_exact_seen,main_scaffold_seen_role,main_scaffold_seen_any,co_scaffold_seen_role,co_scaffold_seen_any,formulation_scaffold_seen_role,formulation_scaffold_seen_any,n_train_rows,n_train_unique_main,n_train_unique_co,AD_zone,scaffold_status
THR,1,DOPO_EP_0054,DDP,,O=P(CC(C(O)=O)CC(O)=O)(C1=C2C=CC=C1)OC3=C2C=CC=C3,,https://doi.org/10.1016/j.chemosphere.2022.133778,O=C(O)CC(CP1(=O)Oc2ccccc2-c2ccccc21)C(=O)O,O=[PH]1Oc2ccccc2-c2ccccc21,75.5,0.0,1,molecule,formulation,baseline_inclusive,fixed,0,100.3011877932658,96.5314295484566,21.26285909691316,171.8,1,O=C(O)CC(CP1(=O)Oc2ccccc2-c2ccccc21)C(=O)O,O=[PH]1Oc2ccccc2-c2ccccc21,,,0,O=C(O)CC(CP1(=O)Oc2ccccc2-c2ccccc21)C(=O)O||<NO_CO>,24.801187793265797,615.0989159568363,0.5697674418604651,0.5697674418604651,,,0.5697674418604651,0.5697674418604651,0,0,1,1,0,1,1,1,1,1,1,317,96,5,Caution,Seen_scaffold
THR,1,DOPO_EP_0055,DDP,,O=P(CC(C(O)=O)CC(O)=O)(C1=C2C=CC=C1)OC3=C2C=CC=C3,,https://doi.org/10.1016/j.chemosphere.2022.133778,O=C(O)CC(CP1(=O)Oc2ccccc2-c2ccccc21)C(=O)O,O=[PH]1Oc2ccccc2-c2ccccc21,57.8,10.0,0,molecule,formulation,baseline_inclusive,fixed,0,68.72346430635015,65.59025858595992,-9.67831186558351,140.85882903750334,1,O=C(O)CC(CP1(=O)Oc2ccccc2-c2ccccc21)C(=O)O,O=[PH]1Oc2ccccc2-c2ccccc21,,,0,O=C(O)CC(CP1(=O)Oc2ccccc2-c2ccccc21)C(=O)O||<NO_CO>,10.923464306350155,119.32207245210587,0.5697674418604651,0.5697674418604651,,,0.5697674418604651,0.5697674418604651,0,0,1,1,0,1,1,1,1,1,1,317,96,5,Caution,Seen_scaffold
THR,1,DOPO_EP_0059,DDP,,O=P(CC(C(O)=O)CC(O)=O)(C1=C2C=CC=C1)OC3=C2C=CC=C3,,https://doi.org/10.1016/j.chemosphere.2022.133778,O=C(O)CC(CP1(=O)Oc2ccccc2-c2ccccc21)C(=O)O,O=[PH]1Oc2ccccc2-c2ccccc21,51.7,30.0,0,molecule,formulation,baseline_inclusive,fixed,0,72.98327166660226,60.22897733603386,-15.039593115509568,135.49754778757728,1,O=C(O)CC(CP1(=O)Oc2ccccc2-c2ccccc21)C(=O)O,O=[PH]1Oc2ccccc2-c2ccccc21,,,0,O=C(O)CC(CP1(=O)Oc2ccccc2-c2ccccc21)C(=O)O||<NO_CO>,21.28327166660226,452.9776528343946,0.5697674418604651,0.5697674418604651,,,0.5697674418604651,0.5697674418604651,0,0,1,1,0,1,1,1,1,1,1,317,96,5,Caution,Seen_scaffold
THR,1,DOPO_EP_0060,DOPO-PHE,,O=P(C1=CC=CC=C21)(C(C3=CC=C(O)C=C3)C4=CC=C(O)C=C4)OC5=C2C=CC=C5,,https://doi.org/10.1016/j.polymdegradstab.2018.08.007,O=P1(C(c2ccc(O)cc2)c2ccc(O)cc2)Oc2ccccc2-c2ccccc21,O=P1(C(c2ccccc2)c2ccccc2)Oc2ccccc2-c2ccccc21,76.0,0.0,1,molecule,formulation,baseline_inclusive,fixed,0,100.3011877932658,96.5314295484566,21.26285909691316,171.8,1,O=P1(C(c2ccc(O)cc2)c2ccc(O)cc2)Oc2ccccc2-c2ccccc21,O=P1(C(c2ccccc2)c2ccccc2)Oc2ccccc2-c2ccccc21,,,0,O=P1(C(c2ccc(O)cc2)c2ccc(O)cc2)Oc2ccccc2-c2ccccc21||<NO_CO>,24.301187793265797,590.5477281635706,0.5384615384615384,0.5384615384615384,,,0.5384615384615384,0.5384615384615384,0,0,1,1,0,0,0,1,1,0,0,317,96,5,Caution,New_scaffold
THR,1,DOPO_EP_0064,DOPO-PHE,,O=P(C1=CC=CC=C21)(C(C3=CC=C(O)C=C3)C4=CC=C(O)C=C4)OC5=C2C=CC=C5,,https://doi.org/10.1016/j.polymdegradstab.2018.08.007,O=P1(C(c2ccc(O)cc2)c2ccc(O)cc2)Oc2ccccc2-c2ccccc21,O=P1(C(c2ccccc2)c2ccccc2)Oc2ccccc2-c2ccccc21,57.0,12.04,0,molecule,formulation,baseline_inclusive,fixed,0,61.180547416267565,58.45710962437244,-16.811460827170983,133.72568007591588,1,O=P1(C(c2ccc(O)cc2)c2ccc(O)cc2)Oc2ccccc2-c2ccccc21,O=P1(C(c2ccccc2)c2ccccc2)Oc2ccccc2-c2ccccc21,,,0,O=P1(C(c2ccc(O)cc2)c2ccc(O)cc2)Oc2ccccc2-c2ccccc21||<NO_CO>,4.180547416267565,17.476976699661414,0.5384615384615384,0.5384615384615384,,,0.5384615384615384,0.5384615384615384,0,0,1,1,0,0,0,1,1,0,0,317,96,5,Caution,New_scaffold
THR,1,DOPO_EP_0070,FAFD,,O=P(C1=C2C=CC=C1)(C(NCC3=CC=CO3)C4=CC=CO4)OC5=C2C=CC=C5,,https://doi.org/10.1016/j.polymer.2022.124798,O=P1(C(NCc2ccco2)c2ccco2)Oc2ccccc2-c2ccccc21,O=P1(C(NCc2ccco2)c2ccco2)Oc2ccccc2-c2ccccc21,116.2,0.0,1,molecule,formulation,baseline_inclusive,fixed,0,100.3011877932658,96.5314295484566,21.26285909691316,171.8,1,O=P1(C(NCc2ccco2)c2ccco2)Oc2ccccc2-c2ccccc21,O=P1(C(NCc2ccco2)c2ccco2)Oc2ccccc2-c2ccccc21,,,0,O=P1(C(NCc2ccco2)c2ccco2)Oc2ccccc2-c2ccccc21||<NO_CO>,15.898812206734206,252.7722295850006,0.7534246575342466,0.7534246575342466,,,0.7534246575342466,0.7534246575342466,0,0,1,1,0,0,0,1,1,0,0,317,96,5,In_domain,New_scaffold
THR,1,DOPO_EP_0072,FAFD,,O=P(C1=C2C=CC=C1)(C(NCC3=CC=CO3)C4=CC=CO4)OC5=C2C=CC=C5,,https://doi.org/10.1016/j.polymer.2022.124798,O=P1(C(NCc2ccco2)c2ccco2)Oc2ccccc2-c2ccccc21,O=P1(C(NCc2ccco2)c2ccco2)Oc2ccccc2-c2ccccc21,90.1,6.0,0,molecule,formulation,baseline_inclusive,fixed,0,92.36884790838224,95.89980735137766,20.631236899834235,171.1683778029211,1,O=P1(C(NCc2ccco2)c2ccco2)Oc2ccccc2-c2ccccc21,O=P1(C(NCc2ccco2)c2ccco2)Oc2ccccc2-c2ccccc21,,,0,O=P1(C(NCc2ccco2)c2ccco2)Oc2ccccc2-c2ccccc21||<NO_CO>,2.2688479083822415,5.147670831370472,0.7534246575342466,0.7534246575342466,,,0.7534246575342466,0.7534246575342466,0,0,1,1,0,0,0,1,1,0,0,317,96,5,In_domain,New_scaffold
THR,1,DOPO_EP_0078,STP,,O=P(C1=C2C=CC=C1)(C(NC3=CC=C(S(=O)(NC4=NC=CS4)=O)C=C3)C5=CC=CS5)OC6=C2C=CC=C6,,https://doi.org/10.1016/j.polymdegradstab.2021.109698,O=P1(C(Nc2ccc(S(=O)(=O)Nc3nccs3)cc2)c2cccs2)Oc2ccccc2-c2ccccc21,O=P1(C(Nc2ccc(S(=O)(=O)Nc3nccs3)cc2)c2cccs2)Oc2ccccc2-c2ccccc21,91.0,0.0,1,molecule,formulation,baseline_inclusive,fixed,0,100.3011877932658,96.5314295484566,21.26285909691316,171.8,1,O=P1(C(Nc2ccc(S(=O)(=O)Nc3nccs3)cc2)c2cccs2)Oc2ccccc2-c2ccccc21,O=P1(C(Nc2ccc(S(=O)(=O)Nc3nccs3)cc2)c2cccs2)Oc2ccccc2-c2ccccc21,,,0,O=P1(C(Nc2ccc(S(=O)(=O)Nc3nccs3)cc2)c2cccs2)Oc2ccccc2-c2ccccc21||<NO_CO>,9.301187793265797,86.51209436559667,0.7227722772277227,0.7227722772277227,,,0.7227722772277227,0.7227722772277227,0,0,1,1,0,0,0,1,1,0,0,317,96,5,In_domain,New_scaffold
THR,1,DOPO_EP_0079,STP,,O=P(C1=C2C=CC=C1)(C(NC3=CC=C(S(=O)(NC4=NC=CS4)=O)C=C3)C5=CC=CS5)OC6=C2C=CC=C6,,https://doi.org/10.1016/j.polymdegradstab.2021.109698,O=P1(C(Nc2ccc(S(=O)(=O)Nc3nccs3)cc2)c2cccs2)Oc2ccccc2-c2ccccc21,O=P1(C(Nc2ccc(S(=O)(=O)Nc3nccs3)cc2)c2cccs2)Oc2ccccc2-c2ccccc21,73.2,2.5,0,molecule,formulation,baseline_inclusive,fixed,0,78.58647881126087,83.57533660366897,8.306766152125547,158.8439070552124,1,O=P1(C(Nc2ccc(S(=O)(=O)Nc3nccs3)cc2)c2cccs2)Oc2ccccc2-c2ccccc21,O=P1(C(Nc2ccc(S(=O)(=O)Nc3nccs3)cc2)c2cccs2)Oc2ccccc2-c2ccccc21,,,0,O=P1(C(Nc2ccc(S(=O)(=O)Nc3nccs3)cc2)c2cccs2)Oc2ccccc2-c2ccccc21||<NO_CO>,5.386478811260872,29.014153984162338,0.7227722772277227,0.7227722772277227,,,0.7227722772277227,0.7227722772277227,0,0,1,1,0,0,0,1,1,0,0,317,96,5,In_domain,New_scaffold
THR,1,DOPO_EP_0080,STP,,O=P(C1=C2C=CC=C1)(C(NC3=CC=C(S(=O)(NC4=NC=CS4)=O)C=C3)C5=CC=CS5)OC6=C2C=CC=C6,,https://doi.org/10.1016/j.polymdegradstab.2021.109698,O=P1(C(Nc2ccc(S(=O)(=O)Nc3nccs3)cc2)c2cccs2)Oc2ccccc2-c2ccccc21,O=P1(C(Nc2ccc(S(=O)(=O)Nc3nccs3)cc2)c2cccs2)Oc2ccccc2-c2ccccc21,66.3,5.0,0,molecule,formulation,baseline_inclusive,fixed,0,72.65617231547256,80.80541191240992,5.536841460866498,156.07398236395335,1,O=P1(C(Nc2ccc(S(=O)(=O)Nc3nccs3)cc2)c2cccs2)Oc2ccccc2-c2ccccc21,O=P1(C(Nc2ccc(S(=O)(=O)Nc3nccs3)cc2)c2cccs2)Oc2ccccc2-c2ccccc21,,,0,O=P1(C(Nc2ccc(S(=O)(=O)Nc3nccs3)cc2)c2cccs2)Oc2ccccc2-c2ccccc21||<NO_CO>,6.356172315472563,40.40092650397984,0.7227722772277227,0.7227722772277227,,,0.7227722772277227,0.7227722772277227,0,0,1,1,0,0,0,1,1,0,0,317,96,5,In_domain,New_scaffold
THR,1,DOPO_EP_0081,STP,,O=P(C1=C2C=CC=C1)(C(NC3=CC=C(S(=O)(NC4=NC=CS4)=O)C=C3)C5=CC=CS5)OC6=C2C=CC=C6,,https://doi.org/10.1016/j.polymdegradstab.2021.109698,O=P1(C(Nc2ccc(S(=O)(=O)Nc3nccs3)cc2)c2cccs2)Oc2ccccc2-c2ccccc21,O=P1(C(Nc2ccc(S(=O)(=O)Nc3nccs3)cc2)c2cccs2)Oc2ccccc2-c2ccccc21,67.3,7.5,0,molecule,formulation,baseline_inclusive,fixed,0,71.27675386986536,73.59524874919236,-1.6733217023510605,148.8638192007358,1,O=P1(C(Nc2ccc(S(=O)(=O)Nc3nccs3)cc2)c2cccs2)Oc2ccccc2-c2ccccc21,O=P1(C(Nc2ccc(S(=O)(=O)Nc3nccs3)cc2)c2cccs2)Oc2ccccc2-c2ccccc21,,,0,O=P1(C(Nc2ccc(S(=O)(=O)Nc3nccs3)cc2)c2cccs2)Oc2ccccc2-c2ccccc21||<NO_CO>,3.9767538698653624,15.814571341489136,0.7227722772277227,0.7227722772277227,,,0.7227722772277227,0.7227722772277227,0,0,1,1,0,0,0,1,1,0,0,317,96,5,In_domain,New_scaffold
THR,1,DOPO_EP_0111,DTA,,O=P(C1=C2C=CC=C1)(C(NC3=NC4=C(N3)C=CC=C4)C5=CC=C(C(P6(C7=C(C8=C(O6)C=CC=C8)C=CC=C7)=O)NC9=NC%10=C(N9)C=CC=C%10)C=C5)OC%11=C2C=CC=C%11,,https://doi.org/10.1016/j.polymdegradstab.2019.03.003,O=P1(C(Nc2nc3ccccc3[nH]2)c2ccc(C(Nc3nc4ccccc4[nH]3)P3(=O)Oc4ccccc4-c4ccccc43)cc2)Oc2ccccc2-c2ccccc21,O=P1(C(Nc2nc3ccccc3[nH]2)c2ccc(C(Nc3nc4ccccc4[nH]3)P3(=O)Oc4ccccc4-c4ccccc43)cc2)Oc2ccccc2-c2ccccc21,80.6,0.0,1,molecule,formulation,baseline_inclusive,fixed,0,100.3011877932658,96.5314295484566,21.26285909691316,171.8,1,O=P1(C(Nc2nc3ccccc3[nH]2)c2ccc(C(Nc3nc4ccccc4[nH]3)P3(=O)Oc4ccccc4-c4ccccc43)cc2)Oc2ccccc2-c2ccccc21,O=P1(C(Nc2nc3ccccc3[nH]2)c2ccc(C(Nc3nc4ccccc4[nH]3)P3(=O)Oc4ccccc4-c4ccccc43)cc2)Oc2ccccc2-c2ccccc21,,,0,O=P1(C(Nc2nc3ccccc3[nH]2)c2ccc(C(Nc3nc4ccccc4[nH]3)P3(=O)Oc4ccccc4-c4ccccc43)cc2)Oc2ccccc2-c2ccccc21||<NO_CO>,19.701187793265802,388.1368004655255,0.5666666666666667,0.5666666666666667,,,0.5666666666666667,0.5666666666666667,0,0,1,1,0,0,0,1,1,0,0,317,96,5,Caution,New_scaffold
THR,1,DOPO_EP_0112,DTA,,O=P(C1=C2C=CC=C1)(C(NC3=NC4=C(N3)C=CC=C4)C5=CC=C(C(P6(C7=C(C8=C(O6)C=CC=C8)C=CC=C7)=O)NC9=NC%10=C(N9)C=CC=C%10)C=C5)OC%11=C2C=CC=C%11,,https://doi.org/10.1016/j.polymdegradstab.2019.03.003,O=P1(C(Nc2nc3ccccc3[nH]2)c2ccc(C(Nc3nc4ccccc4[nH]3)P3(=O)Oc4ccccc4-c4ccccc43)cc2)Oc2ccccc2-c2ccccc21,O=P1(C(Nc2nc3ccccc3[nH]2)c2ccc(C(Nc3nc4ccccc4[nH]3)P3(=O)Oc4ccccc4-c4ccccc43)cc2)Oc2ccccc2-c2ccccc21,72.5,4.4,0,molecule,formulation,baseline_inclusive,fixed,0,67.39930730033021,64.37956199475676,-10.88900845678667,139.64813244630017,1,O=P1(C(Nc2nc3ccccc3[nH]2)c2ccc(C(Nc3nc4ccccc4[nH]3)P3(=O)Oc4ccccc4-c4ccccc43)cc2)Oc2ccccc2-c2ccccc21,O=P1(C(Nc2nc3ccccc3[nH]2)c2ccc(C(Nc3nc4ccccc4[nH]3)P3(=O)Oc4ccccc4-c4ccccc43)cc2)Oc2ccccc2-c2ccccc21,,,0,O=P1(C(Nc2nc3ccccc3[nH]2)c2ccc(C(Nc3nc4ccccc4[nH]3)P3(=O)Oc4ccccc4-c4ccccc43)cc2)Oc2ccccc2-c2ccccc21||<NO_CO>,5.100692699669793,26.017066016464717,0.5666666666666667,0.5666666666666667,,,0.5666666666666667,0.5666666666666667,0,0,1,1,0,0,0,1,1,0,0,317,96,5,Caution,New_scaffold
THR,1,DOPO_EP_0196,D-AZ,,O=P(C1=C2C=CC=C1)(NC3=NC=CS3)OC4=C2C=CC=C4,,https://doi.org/10.1007/s10853-017-1102-x,O=P1(Nc2nccs2)Oc2ccccc2-c2ccccc21,O=P1(Nc2nccs2)Oc2ccccc2-c2ccccc21,71.0,7.5,0,molecule,formulation,baseline_inclusive,fixed,0,66.35390818366201,67.18785177543367,-8.080718676109754,142.4564222269771,1,O=P1(Nc2nccs2)Oc2ccccc2-c2ccccc21,O=P1(Nc2nccs2)Oc2ccccc2-c2ccccc21,,,0,O=P1(Nc2nccs2)Oc2ccccc2-c2ccccc21||<NO_CO>,4.646091816337986,21.586169165842804,0.6307692307692307,0.6307692307692307,,,0.6307692307692307,0.6307692307692307,0,0,1,1,0,0,0,1,1,0,0,317,96,5,Caution,New_scaffold
THR,1,DOPO_EP_0197,D-AZ,,O=P(C1=C2C=CC=C1)(NC3=NC=CS3)OC4=C2C=CC=C4,,https://doi.org/10.1007/s10853-017-1102-x,O=P1(Nc2nccs2)Oc2ccccc2-c2ccccc21,O=P1(Nc2nccs2)Oc2ccccc2-c2ccccc21,72.0,10.0,0,molecule,formulation,baseline_inclusive,fixed,0,60.9975420684547,63.48353842142322,-11.785032030120206,138.75210887296663,1,O=P1(Nc2nccs2)Oc2ccccc2-c2ccccc21,O=P1(Nc2nccs2)Oc2ccccc2-c2ccccc21,,,0,O=P1(Nc2nccs2)Oc2ccccc2-c2ccccc21||<NO_CO>,11.002457931545301,121.0540805354241,0.6307692307692307,0.6307692307692307,,,0.6307692307692307,0.6307692307692307,0,0,1,1,0,0,0,1,1,0,0,317,96,5,Caution,New_scaffold
THR,1,DOPO_EP_0199,D-ATA,,O=P(C1=C2C=CC=C1)(NC3=NNC=N3)OC4=C2C=CC=C4,,https://doi.org/10.1016/j.compositesb.2020.108019,O=P1(Nc2nc[nH]n2)Oc2ccccc2-c2ccccc21,O=P1(Nc2nc[nH]n2)Oc2ccccc2-c2ccccc21,82.0,0.0,1,molecule,formulation,baseline_inclusive,fixed,0,100.3011877932658,96.5314295484566,21.26285909691316,171.8,1,O=P1(Nc2nc[nH]n2)Oc2ccccc2-c2ccccc21,O=P1(Nc2nc[nH]n2)Oc2ccccc2-c2ccccc21,,,0,O=P1(Nc2nc[nH]n2)Oc2ccccc2-c2ccccc21||<NO_CO>,18.301187793265797,334.933474644381,0.65625,0.65625,,,0.65625,0.65625,0,0,1,1,0,0,0,1,1,0,0,317,96,5,Caution,New_scaffold
THR,1,DOPO_EP_0201,D-ATA,,O=P(C1=C2C=CC=C1)(NC3=NNC=N3)OC4=C2C=CC=C4,,https://doi.org/10.1016/j.compositesb.2020.108019,O=P1(Nc2nc[nH]n2)Oc2ccccc2-c2ccccc21,O=P1(Nc2nc[nH]n2)Oc2ccccc2-c2ccccc21,69.0,5.1,0,molecule,formulation,baseline_inclusive,fixed,0,68.39999002644618,68.19700012683609,-7.071570324707338,143.46557057837953,1,O=P1(Nc2nc[nH]n2)Oc2ccccc2-c2ccccc21,O=P1(Nc2nc[nH]n2)Oc2ccccc2-c2ccccc21,,,0,O=P1(Nc2nc[nH]n2)Oc2ccccc2-c2ccccc21||<NO_CO>,0.6000099735538242,0.36001196836406085,0.65625,0.65625,,,0.65625,0.65625,0,0,1,1,0,0,0,1,1,0,0,317,96,5,Caution,New_scaffold
THR,1,DOPO_EP_0202,D-ATA,,O=P(C1=C2C=CC=C1)(NC3=NNC=N3)OC4=C2C=CC=C4,,https://doi.org/10.1016/j.compositesb.2020.108019,O=P1(Nc2nc[nH]n2)Oc2ccccc2-c2ccccc21,O=P1(Nc2nc[nH]n2)Oc2ccccc2-c2ccccc21,63.0,7.7,0,molecule,formulation,baseline_inclusive,fixed,0,64.44096491173528,67.01813985486051,-8.250430596682918,142.28671030640393,1,O=P1(Nc2nc[nH]n2)Oc2ccccc2-c2ccccc21,O=P1(Nc2nc[nH]n2)Oc2ccccc2-c2ccccc21,,,0,O=P1(Nc2nc[nH]n2)Oc2ccccc2-c2ccccc21||<NO_CO>,1.4409649117352785,2.076379876852259,0.65625,0.65625,,,0.65625,0.65625,0,0,1,1,0,0,0,1,1,0,0,317,96,5,Caution,New_scaffold
THR,1,DOPO_EP_0236,DOPO-TMT,,O=P(C1CC(N(C1=O)C2=CC=C(OC3=NC(OC4=CC=C(N5C(CC(P6(C7=C(C8=C(O6)C=CC=C8)C=CC=C7)=O)C5=O)=O)C=C4)=NC(OC9=CC=C(N%10C(CC(P%11(C%12=C(C%13=C(O%11)C=CC=C%13)C=CC=C%12)=O)C%10=O)=O)C=C9)=N3)C=C2)=O)(C%14=C%15C=CC=C%14)OC%16=C%15C=CC=C%16,,https://doi.org/10.1021/acs.iecr.5b02026,O=C1CC(P2(=O)Oc3ccccc3-c3ccccc32)C(=O)N1c1ccc(Oc2nc(Oc3ccc(N4C(=O)CC(P5(=O)Oc6ccccc6-c6ccccc65)C4=O)cc3)nc(Oc3ccc(N4C(=O)CC(P5(=O)Oc6ccccc6-c6ccccc65)C4=O)cc3)n2)cc1,O=C1CC(P2(=O)Oc3ccccc3-c3ccccc32)C(=O)N1c1ccc(Oc2nc(Oc3ccc(N4C(=O)CC(P5(=O)Oc6ccccc6-c6ccccc65)C4=O)cc3)nc(Oc3ccc(N4C(=O)CC(P5(=O)Oc6ccccc6-c6ccccc65)C4=O)cc3)n2)cc1,80.6,0.0,1,molecule,formulation,baseline_inclusive,fixed,0,100.3011877932658,96.5314295484566,21.26285909691316,171.8,1,O=C1CC(P2(=O)Oc3ccccc3-c3ccccc32)C(=O)N1c1ccc(Oc2nc(Oc3ccc(N4C(=O)CC(P5(=O)Oc6ccccc6-c6ccccc65)C4=O)cc3)nc(Oc3ccc(N4C(=O)CC(P5(=O)Oc6ccccc6-c6ccccc65)C4=O)cc3)n2)cc1,O=C1CC(P2(=O)Oc3ccccc3-c3ccccc32)C(=O)N1c1ccc(Oc2nc(Oc3ccc(N4C(=O)CC(P5(=O)Oc6ccccc6-c6ccccc65)C4=O)cc3)nc(Oc3ccc(N4C(=O)CC(P5(=O)Oc6ccccc6-c6ccccc65)C4=O)cc3)n2)cc1,,,0,O=C1CC(P2(=O)Oc3ccccc3-c3ccccc32)C(=O)N1c1ccc(Oc2nc(Oc3ccc(N4C(=O)CC(P5(=O)Oc6ccccc6-c6ccccc65)C4=O)cc3)nc(Oc3ccc(N4C(=O)CC(P5(=O)Oc6ccccc6-c6ccccc65)C4=O)cc3)n2)cc1||<NO_CO>,19.701187793265802,388.1368004655255,0.6867469879518072,0.6867469879518072,,,0.6867469879518072,0.6867469879518072,0,0,1,1,0,0,0,1,1,0,0,317,96,5,Caution,New_scaffold
THR,1,DOPO_EP_0237,DOPO-TMT,,O=P(C1CC(N(C1=O)C2=CC=C(OC3=NC(OC4=CC=C(N5C(CC(P6(C7=C(C8=C(O6)C=CC=C8)C=CC=C7)=O)C5=O)=O)C=C4)=NC(OC9=CC=C(N%10C(CC(P%11(C%12=C(C%13=C(O%11)C=CC=C%13)C=CC=C%12)=O)C%10=O)=O)C=C9)=N3)C=C2)=O)(C%14=C%15C=CC=C%14)OC%16=C%15C=CC=C%16,,https://doi.org/10.1021/acs.iecr.5b02026,O=C1CC(P2(=O)Oc3ccccc3-c3ccccc32)C(=O)N1c1ccc(Oc2nc(Oc3ccc(N4C(=O)CC(P5(=O)Oc6ccccc6-c6ccccc65)C4=O)cc3)nc(Oc3ccc(N4C(=O)CC(P5(=O)Oc6ccccc6-c6ccccc65)C4=O)cc3)n2)cc1,O=C1CC(P2(=O)Oc3ccccc3-c3ccccc32)C(=O)N1c1ccc(Oc2nc(Oc3ccc(N4C(=O)CC(P5(=O)Oc6ccccc6-c6ccccc65)C4=O)cc3)nc(Oc3ccc(N4C(=O)CC(P5(=O)Oc6ccccc6-c6ccccc65)C4=O)cc3)n2)cc1,71.2,6.95,0,molecule,formulation,baseline_inclusive,fixed,0,62.72476677230246,61.51533534802255,-13.75323510352088,136.78390579956596,1,O=C1CC(P2(=O)Oc3ccccc3-c3ccccc32)C(=O)N1c1ccc(Oc2nc(Oc3ccc(N4C(=O)CC(P5(=O)Oc6ccccc6-c6ccccc65)C4=O)cc3)nc(Oc3ccc(N4C(=O)CC(P5(=O)Oc6ccccc6-c6ccccc65)C4=O)cc3)n2)cc1,O=C1CC(P2(=O)Oc3ccccc3-c3ccccc32)C(=O)N1c1ccc(Oc2nc(Oc3ccc(N4C(=O)CC(P5(=O)Oc6ccccc6-c6ccccc65)C4=O)cc3)nc(Oc3ccc(N4C(=O)CC(P5(=O)Oc6ccccc6-c6ccccc65)C4=O)cc3)n2)cc1,,,0,O=C1CC(P2(=O)Oc3ccccc3-c3ccccc32)C(=O)N1c1ccc(Oc2nc(Oc3ccc(N4C(=O)CC(P5(=O)Oc6ccccc6-c6ccccc65)C4=O)cc3)nc(Oc3ccc(N4C(=O)CC(P5(=O)Oc6ccccc6-c6ccccc65)C4=O)cc3)n2)cc1||<NO_CO>,8.475233227697544,71.82957826386853,0.6867469879518072,0.6867469879518072,,,0.6867469879518072,0.6867469879518072,0,0,1,1,0,0,0,1,1,0,0,317,96,5,Caution,New_scaffold
THR,1,DOPO_EP_0238,DOPO-TMT,,O=P(C1CC(N(C1=O)C2=CC=C(OC3=NC(OC4=CC=C(N5C(CC(P6(C7=C(C8=C(O6)C=CC=C8)C=CC=C7)=O)C5=O)=O)C=C4)=NC(OC9=CC=C(N%10C(CC(P%11(C%12=C(C%13=C(O%11)C=CC=C%13)C=CC=C%12)=O)C%10=O)=O)C=C9)=N3)C=C2)=O)(C%14=C%15C=CC=C%14)OC%16=C%15C=CC=C%16,,https://doi.org/10.1021/acs.iecr.5b02026,O=C1CC(P2(=O)Oc3ccccc3-c3ccccc32)C(=O)N1c1ccc(Oc2nc(Oc3ccc(N4C(=O)CC(P5(=O)Oc6ccccc6-c6ccccc65)C4=O)cc3)nc(Oc3ccc(N4C(=O)CC(P5(=O)Oc6ccccc6-c6ccccc65)C4=O)cc3)n2)cc1,O=C1CC(P2(=O)Oc3ccccc3-c3ccccc32)C(=O)N1c1ccc(Oc2nc(Oc3ccc(N4C(=O)CC(P5(=O)Oc6ccccc6-c6ccccc65)C4=O)cc3)nc(Oc3ccc(N4C(=O)CC(P5(=O)Oc6ccccc6-c6ccccc65)C4=O)cc3)n2)cc1,63.7,10.42,0,molecule,formulation,baseline_inclusive,fixed,0,57.39863283885516,59.08842857437854,-16.180141877164885,134.35699902592197,1,O=C1CC(P2(=O)Oc3ccccc3-c3ccccc32)C(=O)N1c1ccc(Oc2nc(Oc3ccc(N4C(=O)CC(P5(=O)Oc6ccccc6-c6ccccc65)C4=O)cc3)nc(Oc3ccc(N4C(=O)CC(P5(=O)Oc6ccccc6-c6ccccc65)C4=O)cc3)n2)cc1,O=C1CC(P2(=O)Oc3ccccc3-c3ccccc32)C(=O)N1c1ccc(Oc2nc(Oc3ccc(N4C(=O)CC(P5(=O)Oc6ccccc6-c6ccccc65)C4=O)cc3)nc(Oc3ccc(N4C(=O)CC(P5(=O)Oc6ccccc6-c6ccccc65)C4=O)cc3)n2)cc1,,,0,O=C1CC(P2(=O)Oc3ccccc3-c3ccccc32)C(=O)N1c1ccc(Oc2nc(Oc3ccc(N4C(=O)CC(P5(=O)Oc6ccccc6-c6ccccc65)C4=O)cc3)nc(Oc3ccc(N4C(=O)CC(P5(=O)Oc6ccccc6-c6ccccc65)C4=O)cc3)n2)cc1||<NO_CO>,6.301367161144846,39.707228099554655,0.6867469879518072,0.6867469879518072,,,0.6867469879518072,0.6867469879518072,0,0,1,1,0,0,0,1,1,0,0,317,96,5,Caution,New_scaffold
THR,1,DOPO_EP_0239,DOPO-TMT,,O=P(C1CC(N(C1=O)C2=CC=C(OC3=NC(OC4=CC=C(N5C(CC(P6(C7=C(C8=C(O6)C=CC=C8)C=CC=C7)=O)C5=O)=O)C=C4)=NC(OC9=CC=C(N%10C(CC(P%11(C%12=C(C%13=C(O%11)C=CC=C%13)C=CC=C%12)=O)C%10=O)=O)C=C9)=N3)C=C2)=O)(C%14=C%15C=CC=C%14)OC%16=C%15C=CC=C%16,,https://doi.org/10.1021/acs.iecr.5b02026,O=C1CC(P2(=O)Oc3ccccc3-c3ccccc32)C(=O)N1c1ccc(Oc2nc(Oc3ccc(N4C(=O)CC(P5(=O)Oc6ccccc6-c6ccccc65)C4=O)cc3)nc(Oc3ccc(N4C(=O)CC(P5(=O)Oc6ccccc6-c6ccccc65)C4=O)cc3)n2)cc1,O=C1CC(P2(=O)Oc3ccccc3-c3ccccc32)C(=O)N1c1ccc(Oc2nc(Oc3ccc(N4C(=O)CC(P5(=O)Oc6ccccc6-c6ccccc65)C4=O)cc3)nc(Oc3ccc(N4C(=O)CC(P5(=O)Oc6ccccc6-c6ccccc65)C4=O)cc3)n2)cc1,60.6,13.89,0,molecule,formulation,baseline_inclusive,fixed,0,54.7787420044237,55.25744151812105,-20.011128933422377,130.52601196966447,1,O=C1CC(P2(=O)Oc3ccccc3-c3ccccc32)C(=O)N1c1ccc(Oc2nc(Oc3ccc(N4C(=O)CC(P5(=O)Oc6ccccc6-c6ccccc65)C4=O)cc3)nc(Oc3ccc(N4C(=O)CC(P5(=O)Oc6ccccc6-c6ccccc65)C4=O)cc3)n2)cc1,O=C1CC(P2(=O)Oc3ccccc3-c3ccccc32)C(=O)N1c1ccc(Oc2nc(Oc3ccc(N4C(=O)CC(P5(=O)Oc6ccccc6-c6ccccc65)C4=O)cc3)nc(Oc3ccc(N4C(=O)CC(P5(=O)Oc6ccccc6-c6ccccc65)C4=O)cc3)n2)cc1,,,0,O=C1CC(P2(=O)Oc3ccccc3-c3ccccc32)C(=O)N1c1ccc(Oc2nc(Oc3ccc(N4C(=O)CC(P5(=O)Oc6ccccc6-c6ccccc65)C4=O)cc3)nc(Oc3ccc(N4C(=O)CC(P5(=O)Oc6ccccc6-c6ccccc65)C4=O)cc3)n2)cc1||<NO_CO>,5.821257995576303,33.88704465106104,0.6867469879518072,0.6867469879518072,,,0.6867469879518072,0.6867469879518072,0,0,1,1,0,0,0,1,1,0,0,317,96,5,Caution,New_scaffold
THR,1,DOPO_EP_0240,DOPO-TMT,,O=P(C1CC(N(C1=O)C2=CC=C(OC3=NC(OC4=CC=C(N5C(CC(P6(C7=C(C8=C(O6)C=CC=C8)C=CC=C7)=O)C5=O)=O)C=C4)=NC(OC9=CC=C(N%10C(CC(P%11(C%12=C(C%13=C(O%11)C=CC=C%13)C=CC=C%12)=O)C%10=O)=O)C=C9)=N3)C=C2)=O)(C%14=C%15C=CC=C%14)OC%16=C%15C=CC=C%16,,https://doi.org/10.1021/acs.iecr.5b02026,O=C1CC(P2(=O)Oc3ccccc3-c3ccccc32)C(=O)N1c1ccc(Oc2nc(Oc3ccc(N4C(=O)CC(P5(=O)Oc6ccccc6-c6ccccc65)C4=O)cc3)nc(Oc3ccc(N4C(=O)CC(P5(=O)Oc6ccccc6-c6ccccc65)C4=O)cc3)n2)cc1,O=C1CC(P2(=O)Oc3ccccc3-c3ccccc32)C(=O)N1c1ccc(Oc2nc(Oc3ccc(N4C(=O)CC(P5(=O)Oc6ccccc6-c6ccccc65)C4=O)cc3)nc(Oc3ccc(N4C(=O)CC(P5(=O)Oc6ccccc6-c6ccccc65)C4=O)cc3)n2)cc1,56.5,17.37,0,molecule,formulation,baseline_inclusive,fixed,0,54.7300448478232,55.10082599439254,-20.16774445715089,130.36939644593596,1,O=C1CC(P2(=O)Oc3ccccc3-c3ccccc32)C(=O)N1c1ccc(Oc2nc(Oc3ccc(N4C(=O)CC(P5(=O)Oc6ccccc6-c6ccccc65)C4=O)cc3)nc(Oc3ccc(N4C(=O)CC(P5(=O)Oc6ccccc6-c6ccccc65)C4=O)cc3)n2)cc1,O=C1CC(P2(=O)Oc3ccccc3-c3ccccc32)C(=O)N1c1ccc(Oc2nc(Oc3ccc(N4C(=O)CC(P5(=O)Oc6ccccc6-c6ccccc65)C4=O)cc3)nc(Oc3ccc(N4C(=O)CC(P5(=O)Oc6ccccc6-c6ccccc65)C4=O)cc3)n2)cc1,,,0,O=C1CC(P2(=O)Oc3ccccc3-c3ccccc32)C(=O)N1c1ccc(Oc2nc(Oc3ccc(N4C(=O)CC(P5(=O)Oc6ccccc6-c6ccccc65)C4=O)cc3)nc(Oc3ccc(N4C(=O)CC(P5(=O)Oc6ccccc6-c6ccccc65)C4=O)cc3)n2)cc1||<NO_CO>,1.7699551521767987,3.1327412407171944,0.6867469879518072,0.6867469879518072,,,0.6867469879518072,0.6867469879518072,0,0,1,1,0,0,0,1,1,0,0,317,96,5,Caution,New_scaffold
THR,1,DOPO_EP_0241,DOPO-TMT,,O=P(C1CC(N(C1=O)C2=CC=C(OC3=NC(OC4=CC=C(N5C(CC(P6(C7=C(C8=C(O6)C=CC=C8)C=CC=C7)=O)C5=O)=O)C=C4)=NC(OC9=CC=C(N%10C(CC(P%11(C%12=C(C%13=C(O%11)C=CC=C%13)C=CC=C%12)=O)C%10=O)=O)C=C9)=N3)C=C2)=O)(C%14=C%15C=CC=C%14)OC%16=C%15C=CC=C%16,,https://doi.org/10.1021/acs.iecr.5b02026,O=C1CC(P2(=O)Oc3ccccc3-c3ccccc32)C(=O)N1c1ccc(Oc2nc(Oc3ccc(N4C(=O)CC(P5(=O)Oc6ccccc6-c6ccccc65)C4=O)cc3)nc(Oc3ccc(N4C(=O)CC(P5(=O)Oc6ccccc6-c6ccccc65)C4=O)cc3)n2)cc1,O=C1CC(P2(=O)Oc3ccccc3-c3ccccc32)C(=O)N1c1ccc(Oc2nc(Oc3ccc(N4C(=O)CC(P5(=O)Oc6ccccc6-c6ccccc65)C4=O)cc3)nc(Oc3ccc(N4C(=O)CC(P5(=O)Oc6ccccc6-c6ccccc65)C4=O)cc3)n2)cc1,59.6,20.84,0,molecule,formulation,baseline_inclusive,fixed,0,56.899927735678254,57.349929042496704,-17.91864140904672,132.61849949404012,1,O=C1CC(P2(=O)Oc3ccccc3-c3ccccc32)C(=O)N1c1ccc(Oc2nc(Oc3ccc(N4C(=O)CC(P5(=O)Oc6ccccc6-c6ccccc65)C4=O)cc3)nc(Oc3ccc(N4C(=O)CC(P5(=O)Oc6ccccc6-c6ccccc65)C4=O)cc3)n2)cc1,O=C1CC(P2(=O)Oc3ccccc3-c3ccccc32)C(=O)N1c1ccc(Oc2nc(Oc3ccc(N4C(=O)CC(P5(=O)Oc6ccccc6-c6ccccc65)C4=O)cc3)nc(Oc3ccc(N4C(=O)CC(P5(=O)Oc6ccccc6-c6ccccc65)C4=O)cc3)n2)cc1,,,0,O=C1CC(P2(=O)Oc3ccccc3-c3ccccc32)C(=O)N1c1ccc(Oc2nc(Oc3ccc(N4C(=O)CC(P5(=O)Oc6ccccc6-c6ccccc65)C4=O)cc3)nc(Oc3ccc(N4C(=O)CC(P5(=O)Oc6ccccc6-c6ccccc65)C4=O)cc3)n2)cc1||<NO_CO>,2.700072264321747,7.290390232559567,0.6867469879518072,0.6867469879518072,,,0.6867469879518072,0.6867469879518072,0,0,1,1,0,0,0,1,1,0,0,317,96,5,Caution,New_scaffold
THR,1,DOPO_EP_0273,Trif-DOPO,,O=P(C1=C2C=CC=C1)(C(O)C3=CC=C(OC4=NC(OC5=CC=C(C(P6(C7=C(C8=C(O6)C=CC=C8)C=CC=C7)=O)O)C=C5)=NC(OC9=CC=C(C(P%10(C%11=C(C%12=C(O%10)C=CC=C%12)C=CC=C%11)=O)O)C=C9)=N4)C=C3)OC%13=C2C=CC=C%13,,https://doi.org/10.1002/app.39709,O=P1(C(O)c2ccc(Oc3nc(Oc4ccc(C(O)P5(=O)Oc6ccccc6-c6ccccc65)cc4)nc(Oc4ccc(C(O)P5(=O)Oc6ccccc6-c6ccccc65)cc4)n3)cc2)Oc2ccccc2-c2ccccc21,O=P1(Cc2ccc(Oc3nc(Oc4ccc(CP5(=O)Oc6ccccc6-c6ccccc65)cc4)nc(Oc4ccc(CP5(=O)Oc6ccccc6-c6ccccc65)cc4)n3)cc2)Oc2ccccc2-c2ccccc21,93.3,0.0,1,molecule,formulation,baseline_inclusive,fixed,0,100.3011877932658,96.5314295484566,21.26285909691316,171.8,1,O=P1(C(O)c2ccc(Oc3nc(Oc4ccc(C(O)P5(=O)Oc6ccccc6-c6ccccc65)cc4)nc(Oc4ccc(C(O)P5(=O)Oc6ccccc6-c6ccccc65)cc4)n3)cc2)Oc2ccccc2-c2ccccc21,O=P1(Cc2ccc(Oc3nc(Oc4ccc(CP5(=O)Oc6ccccc6-c6ccccc65)cc4)nc(Oc4ccc(CP5(=O)Oc6ccccc6-c6ccccc65)cc4)n3)cc2)Oc2ccccc2-c2ccccc21,,,0,O=P1(C(O)c2ccc(Oc3nc(Oc4ccc(C(O)P5(=O)Oc6ccccc6-c6ccccc65)cc4)nc(Oc4ccc(C(O)P5(=O)Oc6ccccc6-c6ccccc65)cc4)n3)cc2)Oc2ccccc2-c2ccccc21||<NO_CO>,7.0011877932657995,49.01663051657403,0.6219512195121951,0.6219512195121951,,,0.6219512195121951,0.6219512195121951,0,0,1,1,0,1,1,1,1,1,1,317,96,5,Caution,Seen_scaffold
THR,1,DOPO_EP_0274,Trif-DOPO,,O=P(C1=C2C=CC=C1)(C(O)C3=CC=C(OC4=NC(OC5=CC=C(C(P6(C7=C(C8=C(O6)C=CC=C8)C=CC=C7)=O)O)C=C5)=NC(OC9=CC=C(C(P%10(C%11=C(C%12=C(O%10)C=CC=C%12)C=CC=C%11)=O)O)C=C9)=N4)C=C3)OC%13=C2C=CC=C%13,,https://doi.org/10.1002/app.39709,O=P1(C(O)c2ccc(Oc3nc(Oc4ccc(C(O)P5(=O)Oc6ccccc6-c6ccccc65)cc4)nc(Oc4ccc(C(O)P5(=O)Oc6ccccc6-c6ccccc65)cc4)n3)cc2)Oc2ccccc2-c2ccccc21,O=P1(Cc2ccc(Oc3nc(Oc4ccc(CP5(=O)Oc6ccccc6-c6ccccc65)cc4)nc(Oc4ccc(CP5(=O)Oc6ccccc6-c6ccccc65)cc4)n3)cc2)Oc2ccccc2-c2ccccc21,70.4,11.73,0,molecule,formulation,baseline_inclusive,fixed,0,59.40725380711403,61.18092987839664,-14.087640573146786,136.4495003299401,1,O=P1(C(O)c2ccc(Oc3nc(Oc4ccc(C(O)P5(=O)Oc6ccccc6-c6ccccc65)cc4)nc(Oc4ccc(C(O)P5(=O)Oc6ccccc6-c6ccccc65)cc4)n3)cc2)Oc2ccccc2-c2ccccc21,O=P1(Cc2ccc(Oc3nc(Oc4ccc(CP5(=O)Oc6ccccc6-c6ccccc65)cc4)nc(Oc4ccc(CP5(=O)Oc6ccccc6-c6ccccc65)cc4)n3)cc2)Oc2ccccc2-c2ccccc21,,,0,O=P1(C(O)c2ccc(Oc3nc(Oc4ccc(C(O)P5(=O)Oc6ccccc6-c6ccccc65)cc4)nc(Oc4ccc(C(O)P5(=O)Oc6ccccc6-c6ccccc65)cc4)n3)cc2)Oc2ccccc2-c2ccccc21||<NO_CO>,10.992746192885974,120.84046886120908,0.6219512195121951,0.6219512195121951,,,0.6219512195121951,0.6219512195121951,0,0,1,1,0,1,1,1,1,1,1,317,96,5,Caution,Seen_scaffold
THR,1,DOPO_EP_0275,Trif-DOPO,,O=P(C1=C2C=CC=C1)(C(O)C3=CC=C(OC4=NC(OC5=CC=C(C(P6(C7=C(C8=C(O6)C=CC=C8)C=CC=C7)=O)O)C=C5)=NC(OC9=CC=C(C(P%10(C%11=C(C%12=C(O%10)C=CC=C%12)C=CC=C%11)=O)O)C=C9)=N4)C=C3)OC%13=C2C=CC=C%13,,https://doi.org/10.1002/app.39709,O=P1(C(O)c2ccc(Oc3nc(Oc4ccc(C(O)P5(=O)Oc6ccccc6-c6ccccc65)cc4)nc(Oc4ccc(C(O)P5(=O)Oc6ccccc6-c6ccccc65)cc4)n3)cc2)Oc2ccccc2-c2ccccc21,O=P1(Cc2ccc(Oc3nc(Oc4ccc(CP5(=O)Oc6ccccc6-c6ccccc65)cc4)nc(Oc4ccc(CP5(=O)Oc6ccccc6-c6ccccc65)cc4)n3)cc2)Oc2ccccc2-c2ccccc21,67.9,14.08,0,molecule,formulation,baseline_inclusive,fixed,0,59.40725380711403,60.77160156405465,-14.496968887488777,136.04017201559807,1,O=P1(C(O)c2ccc(Oc3nc(Oc4ccc(C(O)P5(=O)Oc6ccccc6-c6ccccc65)cc4)nc(Oc4ccc(C(O)P5(=O)Oc6ccccc6-c6ccccc65)cc4)n3)cc2)Oc2ccccc2-c2ccccc21,O=P1(Cc2ccc(Oc3nc(Oc4ccc(CP5(=O)Oc6ccccc6-c6ccccc65)cc4)nc(Oc4ccc(CP5(=O)Oc6ccccc6-c6ccccc65)cc4)n3)cc2)Oc2ccccc2-c2ccccc21,,,0,O=P1(C(O)c2ccc(Oc3nc(Oc4ccc(C(O)P5(=O)Oc6ccccc6-c6ccccc65)cc4)nc(Oc4ccc(C(O)P5(=O)Oc6ccccc6-c6ccccc65)cc4)n3)cc2)Oc2ccccc2-c2ccccc21||<NO_CO>,8.492746192885974,72.1267378967792,0.6219512195121951,0.6219512195121951,,,0.6219512195121951,0.6219512195121951,0,0,1,1,0,1,1,1,1,1,1,317,96,5,Caution,Seen_scaffold
THR,1,DOPO_EP_0316,KHDOPO,,O=P1(CC(COCCC[Si](OC)(OC)OC)O)C2=CC=CC=C2C3=C(O1)C=CC=C3,,https://doi.org/10.1016/j.polymdegradstab.2019.109055,CO[Si](CCCOCC(O)CP1(=O)Oc2ccccc2-c2ccccc21)(OC)OC,O=[PH]1Oc2ccccc2-c2ccccc21,104.7,0.0,1,molecule,formulation,baseline_inclusive,fixed,0,100.3011877932658,96.5314295484566,21.26285909691316,171.8,1,CO[Si](CCCOCC(O)CP1(=O)Oc2ccccc2-c2ccccc21)(OC)OC,O=[PH]1Oc2ccccc2-c2ccccc21,,,0,CO[Si](CCCOCC(O)CP1(=O)Oc2ccccc2-c2ccccc21)(OC)OC||<NO_CO>,4.398812206734206,19.349548830113857,0.5257731958762887,0.5257731958762887,,,0.5257731958762887,0.5257731958762887,0,0,1,1,0,1,1,1,1,1,1,317,96,5,Caution,Seen_scaffold
THR,1,DOPO_EP_0319,KHDOPO,,O=P1(CC(COCCC[Si](OC)(OC)OC)O)C2=CC=CC=C2C3=C(O1)C=CC=C3,,https://doi.org/10.1016/j.polymdegradstab.2019.109055,CO[Si](CCCOCC(O)CP1(=O)Oc2ccccc2-c2ccccc21)(OC)OC,O=[PH]1Oc2ccccc2-c2ccccc21,87.3,21.32,0,molecule,formulation,baseline_inclusive,fixed,0,82.04977633929234,76.94629040734925,1.6777199558058271,152.21486085889268,1,CO[Si](CCCOCC(O)CP1(=O)Oc2ccccc2-c2ccccc21)(OC)OC,O=[PH]1Oc2ccccc2-c2ccccc21,,,0,CO[Si](CCCOCC(O)CP1(=O)Oc2ccccc2-c2ccccc21)(OC)OC||<NO_CO>,5.250223660707661,27.564848487454555,0.5257731958762887,0.5257731958762887,,,0.5257731958762887,0.5257731958762887,0,0,1,1,0,1,1,1,1,1,1,317,96,5,Caution,Seen_scaffold
THR,1,DOPO_EP_0343,BDHDP,,OB(O)OCCN(CCOB(OCCN(CCO)CP1(C2=C(C=CC=C2)C3=C(C=CC=C3)O1)=O)OCCN(CCOB(OCCN(CCOB(O)O)CP4(C5=C(C=CC=C5)C6=C(C=CC=C6)O4)=O)OCCN(CCOB(O)O)CP7(C8=C(C=CC=C8)C9=C(C=CC=C9)O7)=O)CP%10(C%11=C(C=CC=C%11)C%12=C(C=CC=C%12)O%10)=O)CP%13(C%14=C(C=CC=C%14)C%15=C(C=CC=C%15)O%13)=O,,https://doi.org/10.1016/j.compositesb.2022.109701,O=P1(CN(CCO)CCOB(OCCN(CCOB(O)O)CP2(=O)Oc3ccccc3-c3ccccc32)OCCN(CCOB(OCCN(CCOB(O)O)CP2(=O)Oc3ccccc3-c3ccccc32)OCCN(CCOB(O)O)CP2(=O)Oc3ccccc3-c3ccccc32)CP2(=O)Oc3ccccc3-c3ccccc32)Oc2ccccc2-c2ccccc21,O=P1(CNCCOB(OCCNCP2(=O)Oc3ccccc3-c3ccccc32)OCCN(CCOB(OCCNCP2(=O)Oc3ccccc3-c3ccccc32)OCCNCP2(=O)Oc3ccccc3-c3ccccc32)CP2(=O)Oc3ccccc3-c3ccccc32)Oc2ccccc2-c2ccccc21,76.9,0.0,1,molecule,formulation,baseline_inclusive,fixed,0,100.3011877932658,96.5314295484566,21.26285909691316,171.8,1,O=P1(CN(CCO)CCOB(OCCN(CCOB(O)O)CP2(=O)Oc3ccccc3-c3ccccc32)OCCN(CCOB(OCCN(CCOB(O)O)CP2(=O)Oc3ccccc3-c3ccccc32)OCCN(CCOB(O)O)CP2(=O)Oc3ccccc3-c3ccccc32)CP2(=O)Oc3ccccc3-c3ccccc32)Oc2ccccc2-c2ccccc21,O=P1(CNCCOB(OCCNCP2(=O)Oc3ccccc3-c3ccccc32)OCCN(CCOB(OCCNCP2(=O)Oc3ccccc3-c3ccccc32)OCCNCP2(=O)Oc3ccccc3-c3ccccc32)CP2(=O)Oc3ccccc3-c3ccccc32)Oc2ccccc2-c2ccccc21,,,0,O=P1(CN(CCO)CCOB(OCCN(CCOB(O)O)CP2(=O)Oc3ccccc3-c3ccccc32)OCCN(CCOB(OCCN(CCOB(O)O)CP2(=O)Oc3ccccc3-c3ccccc32)OCCN(CCOB(O)O)CP2(=O)Oc3ccccc3-c3ccccc32)CP2(=O)Oc3ccccc3-c3ccccc32)Oc2ccccc2-c2ccccc21||<NO_CO>,23.40118779326579,547.6155901356918,0.4188034188034188,0.4188034188034188,,,0.4188034188034188,0.4188034188034188,0,0,1,1,0,0,0,1,1,0,0,317,96,5,Extrapolation,New_scaffold
THR,1,DOPO_EP_0344,BDHDP,,OB(O)OCCN(CCOB(OCCN(CCO)CP1(C2=C(C=CC=C2)C3=C(C=CC=C3)O1)=O)OCCN(CCOB(OCCN(CCOB(O)O)CP4(C5=C(C=CC=C5)C6=C(C=CC=C6)O4)=O)OCCN(CCOB(O)O)CP7(C8=C(C=CC=C8)C9=C(C=CC=C9)O7)=O)CP%10(C%11=C(C=CC=C%11)C%12=C(C=CC=C%12)O%10)=O)CP%13(C%14=C(C=CC=C%14)C%15=C(C=CC=C%15)O%13)=O,,https://doi.org/10.1016/j.compositesb.2022.109701,O=P1(CN(CCO)CCOB(OCCN(CCOB(O)O)CP2(=O)Oc3ccccc3-c3ccccc32)OCCN(CCOB(OCCN(CCOB(O)O)CP2(=O)Oc3ccccc3-c3ccccc32)OCCN(CCOB(O)O)CP2(=O)Oc3ccccc3-c3ccccc32)CP2(=O)Oc3ccccc3-c3ccccc32)Oc2ccccc2-c2ccccc21,O=P1(CNCCOB(OCCNCP2(=O)Oc3ccccc3-c3ccccc32)OCCN(CCOB(OCCNCP2(=O)Oc3ccccc3-c3ccccc32)OCCNCP2(=O)Oc3ccccc3-c3ccccc32)CP2(=O)Oc3ccccc3-c3ccccc32)Oc2ccccc2-c2ccccc21,70.2,0.5,0,molecule,formulation,baseline_inclusive,fixed,0,78.92109036106832,77.71470739889966,2.446136947356237,152.98327785044307,1,O=P1(CN(CCO)CCOB(OCCN(CCOB(O)O)CP2(=O)Oc3ccccc3-c3ccccc32)OCCN(CCOB(OCCN(CCOB(O)O)CP2(=O)Oc3ccccc3-c3ccccc32)OCCN(CCOB(O)O)CP2(=O)Oc3ccccc3-c3ccccc32)CP2(=O)Oc3ccccc3-c3ccccc32)Oc2ccccc2-c2ccccc21,O=P1(CNCCOB(OCCNCP2(=O)Oc3ccccc3-c3ccccc32)OCCN(CCOB(OCCNCP2(=O)Oc3ccccc3-c3ccccc32)OCCNCP2(=O)Oc3ccccc3-c3ccccc32)CP2(=O)Oc3ccccc3-c3ccccc32)Oc2ccccc2-c2ccccc21,,,0,O=P1(CN(CCO)CCOB(OCCN(CCOB(O)O)CP2(=O)Oc3ccccc3-c3ccccc32)OCCN(CCOB(OCCN(CCOB(O)O)CP2(=O)Oc3ccccc3-c3ccccc32)OCCN(CCOB(O)O)CP2(=O)Oc3ccccc3-c3ccccc32)CP2(=O)Oc3ccccc3-c3ccccc32)Oc2ccccc2-c2ccccc21||<NO_CO>,8.72109036106832,76.05741708591877,0.4188034188034188,0.4188034188034188,,,0.4188034188034188,0.4188034188034188,0,0,1,1,0,0,0,1,1,0,0,317,96,5,Extrapolation,New_scaffold
THR,1,DOPO_EP_0345,BDHDP,,OB(O)OCCN(CCOB(OCCN(CCO)CP1(C2=C(C=CC=C2)C3=C(C=CC=C3)O1)=O)OCCN(CCOB(OCCN(CCOB(O)O)CP4(C5=C(C=CC=C5)C6=C(C=CC=C6)O4)=O)OCCN(CCOB(O)O)CP7(C8=C(C=CC=C8)C9=C(C=CC=C9)O7)=O)CP%10(C%11=C(C=CC=C%11)C%12=C(C=CC=C%12)O%10)=O)CP%13(C%14=C(C=CC=C%14)C%15=C(C=CC=C%15)O%13)=O,,https://doi.org/10.1016/j.compositesb.2022.109701,O=P1(CN(CCO)CCOB(OCCN(CCOB(O)O)CP2(=O)Oc3ccccc3-c3ccccc32)OCCN(CCOB(OCCN(CCOB(O)O)CP2(=O)Oc3ccccc3-c3ccccc32)OCCN(CCOB(O)O)CP2(=O)Oc3ccccc3-c3ccccc32)CP2(=O)Oc3ccccc3-c3ccccc32)Oc2ccccc2-c2ccccc21,O=P1(CNCCOB(OCCNCP2(=O)Oc3ccccc3-c3ccccc32)OCCN(CCOB(OCCNCP2(=O)Oc3ccccc3-c3ccccc32)OCCNCP2(=O)Oc3ccccc3-c3ccccc32)CP2(=O)Oc3ccccc3-c3ccccc32)Oc2ccccc2-c2ccccc21,66.2,1.5,0,molecule,formulation,baseline_inclusive,fixed,0,69.13557440308398,67.45335459868103,-7.815215852862394,142.72192505022446,1,O=P1(CN(CCO)CCOB(OCCN(CCOB(O)O)CP2(=O)Oc3ccccc3-c3ccccc32)OCCN(CCOB(OCCN(CCOB(O)O)CP2(=O)Oc3ccccc3-c3ccccc32)OCCN(CCOB(O)O)CP2(=O)Oc3ccccc3-c3ccccc32)CP2(=O)Oc3ccccc3-c3ccccc32)Oc2ccccc2-c2ccccc21,O=P1(CNCCOB(OCCNCP2(=O)Oc3ccccc3-c3ccccc32)OCCN(CCOB(OCCNCP2(=O)Oc3ccccc3-c3ccccc32)OCCNCP2(=O)Oc3ccccc3-c3ccccc32)CP2(=O)Oc3ccccc3-c3ccccc32)Oc2ccccc2-c2ccccc21,,,0,O=P1(CN(CCO)CCOB(OCCN(CCOB(O)O)CP2(=O)Oc3ccccc3-c3ccccc32)OCCN(CCOB(OCCN(CCOB(O)O)CP2(=O)Oc3ccccc3-c3ccccc32)OCCN(CCOB(O)O)CP2(=O)Oc3ccccc3-c3ccccc32)CP2(=O)Oc3ccccc3-c3ccccc32)Oc2ccccc2-c2ccccc21||<NO_CO>,2.935574403083976,8.617597076041841,0.4188034188034188,0.4188034188034188,,,0.4188034188034188,0.4188034188034188,0,0,1,1,0,0,0,1,1,0,0,317,96,5,Extrapolation,New_scaffold
THR,1,DOPO_EP_0346,BDHDP,,OB(O)OCCN(CCOB(OCCN(CCO)CP1(C2=C(C=CC=C2)C3=C(C=CC=C3)O1)=O)OCCN(CCOB(OCCN(CCOB(O)O)CP4(C5=C(C=CC=C5)C6=C(C=CC=C6)O4)=O)OCCN(CCOB(O)O)CP7(C8=C(C=CC=C8)C9=C(C=CC=C9)O7)=O)CP%10(C%11=C(C=CC=C%11)C%12=C(C=CC=C%12)O%10)=O)CP%13(C%14=C(C=CC=C%14)C%15=C(C=CC=C%15)O%13)=O,,https://doi.org/10.1016/j.compositesb.2022.109701,O=P1(CN(CCO)CCOB(OCCN(CCOB(O)O)CP2(=O)Oc3ccccc3-c3ccccc32)OCCN(CCOB(OCCN(CCOB(O)O)CP2(=O)Oc3ccccc3-c3ccccc32)OCCN(CCOB(O)O)CP2(=O)Oc3ccccc3-c3ccccc32)CP2(=O)Oc3ccccc3-c3ccccc32)Oc2ccccc2-c2ccccc21,O=P1(CNCCOB(OCCNCP2(=O)Oc3ccccc3-c3ccccc32)OCCN(CCOB(OCCNCP2(=O)Oc3ccccc3-c3ccccc32)OCCNCP2(=O)Oc3ccccc3-c3ccccc32)CP2(=O)Oc3ccccc3-c3ccccc32)Oc2ccccc2-c2ccccc21,66.6,3.0,0,molecule,formulation,baseline_inclusive,fixed,0,68.54577396649113,67.2086073702156,-8.059963081327822,142.47717782175903,1,O=P1(CN(CCO)CCOB(OCCN(CCOB(O)O)CP2(=O)Oc3ccccc3-c3ccccc32)OCCN(CCOB(OCCN(CCOB(O)O)CP2(=O)Oc3ccccc3-c3ccccc32)OCCN(CCOB(O)O)CP2(=O)Oc3ccccc3-c3ccccc32)CP2(=O)Oc3ccccc3-c3ccccc32)Oc2ccccc2-c2ccccc21,O=P1(CNCCOB(OCCNCP2(=O)Oc3ccccc3-c3ccccc32)OCCN(CCOB(OCCNCP2(=O)Oc3ccccc3-c3ccccc32)OCCNCP2(=O)Oc3ccccc3-c3ccccc32)CP2(=O)Oc3ccccc3-c3ccccc32)Oc2ccccc2-c2ccccc21,,,0,O=P1(CN(CCO)CCOB(OCCN(CCOB(O)O)CP2(=O)Oc3ccccc3-c3ccccc32)OCCN(CCOB(OCCN(CCOB(O)O)CP2(=O)Oc3ccccc3-c3ccccc32)OCCN(CCOB(O)O)CP2(=O)Oc3ccccc3-c3ccccc32)CP2(=O)Oc3ccccc3-c3ccccc32)Oc2ccccc2-c2ccccc21||<NO_CO>,1.9457739664911315,3.7860363286746312,0.4188034188034188,0.4188034188034188,,,0.4188034188034188,0.4188034188034188,0,0,1,1,0,0,0,1,1,0,0,317,96,5,Extrapolation,New_scaffold
THR,1,DOPO_EP_0347,BDHDP,,OB(O)OCCN(CCOB(OCCN(CCO)CP1(C2=C(C=CC=C2)C3=C(C=CC=C3)O1)=O)OCCN(CCOB(OCCN(CCOB(O)O)CP4(C5=C(C=CC=C5)C6=C(C=CC=C6)O4)=O)OCCN(CCOB(O)O)CP7(C8=C(C=CC=C8)C9=C(C=CC=C9)O7)=O)CP%10(C%11=C(C=CC=C%11)C%12=C(C=CC=C%12)O%10)=O)CP%13(C%14=C(C=CC=C%14)C%15=C(C=CC=C%15)O%13)=O,,https://doi.org/10.1016/j.compositesb.2022.109701,O=P1(CN(CCO)CCOB(OCCN(CCOB(O)O)CP2(=O)Oc3ccccc3-c3ccccc32)OCCN(CCOB(OCCN(CCOB(O)O)CP2(=O)Oc3ccccc3-c3ccccc32)OCCN(CCOB(O)O)CP2(=O)Oc3ccccc3-c3ccccc32)CP2(=O)Oc3ccccc3-c3ccccc32)Oc2ccccc2-c2ccccc21,O=P1(CNCCOB(OCCNCP2(=O)Oc3ccccc3-c3ccccc32)OCCN(CCOB(OCCNCP2(=O)Oc3ccccc3-c3ccccc32)OCCNCP2(=O)Oc3ccccc3-c3ccccc32)CP2(=O)Oc3ccccc3-c3ccccc32)Oc2ccccc2-c2ccccc21,61.7,6.0,0,molecule,formulation,baseline_inclusive,fixed,0,65.74257122135921,64.9114795765018,-10.35709087504162,140.18005002804523,1,O=P1(CN(CCO)CCOB(OCCN(CCOB(O)O)CP2(=O)Oc3ccccc3-c3ccccc32)OCCN(CCOB(OCCN(CCOB(O)O)CP2(=O)Oc3ccccc3-c3ccccc32)OCCN(CCOB(O)O)CP2(=O)Oc3ccccc3-c3ccccc32)CP2(=O)Oc3ccccc3-c3ccccc32)Oc2ccccc2-c2ccccc21,O=P1(CNCCOB(OCCNCP2(=O)Oc3ccccc3-c3ccccc32)OCCN(CCOB(OCCNCP2(=O)Oc3ccccc3-c3ccccc32)OCCNCP2(=O)Oc3ccccc3-c3ccccc32)CP2(=O)Oc3ccccc3-c3ccccc32)Oc2ccccc2-c2ccccc21,,,0,O=P1(CN(CCO)CCOB(OCCN(CCOB(O)O)CP2(=O)Oc3ccccc3-c3ccccc32)OCCN(CCOB(OCCN(CCOB(O)O)CP2(=O)Oc3ccccc3-c3ccccc32)OCCN(CCOB(O)O)CP2(=O)Oc3ccccc3-c3ccccc32)CP2(=O)Oc3ccccc3-c3ccccc32)Oc2ccccc2-c2ccccc21||<NO_CO>,4.042571221359211,16.342382079761702,0.4188034188034188,0.4188034188034188,,,0.4188034188034188,0.4188034188034188,0,0,1,1,0,0,0,1,1,0,0,317,96,5,Extrapolation,New_scaffold
THR,1,DOPO_EP_0348,HVPA－DOPO,,COC1=CC(C(NCCO)P2(OC(C=CC=C3)=C3C4=C2C=CC=C4)=O)=CC=C1OP5(OC6=CC(C(NCCO)P7(OC(C=CC=C8)=C8C9=C7C=CC=C9)=O)=CC=C6OC)=NP(OC%10=CC=C(C(NCCO)P%11(OC(C=CC=C%12)=C%12C%13=C%11C=CC=C%13)=O)C=C%10OC)(OC%14=CC=C(C(NCCO)P%15(OC(C=CC=C%16)=C%16C%17=C%15C=CC=C%17)=O)C=C%14OC)=NP(OC%18=CC=C(C(NCCO)P%19(OC(C=CC=C%20)=C%20C%21=C%19C=CC=C%21)=O)C=C%18OC)(OC%22=CC(C(NCCO)P%23(OC(C=CC=C%24)=C%24C%25=C%23C=CC=C%25)=O)=CC=C%22OC)=N5,,https://kns.cnki.net/kcms2/article/abstract?v=Jz5IuRg0t03gCi77HueKkdhXr1Kks-8Asx8mfSXC9dkOW3i5QJvBG7O8nFuQ6fVFmodx7dE2PooVI8cXdUjFh-m9QVbm9NUqRV0WAQmWSTT-onafxhl7MgLeJKaimMxrNN1lVGKNu1EYC6CR0hCY_RViLFQXuvgBsV-gcxf_dKg=&uniplatform=NZKPT,COc1cc(C(NCCO)P2(=O)Oc3ccccc3-c3ccccc32)ccc1OP1(Oc2ccc(C(NCCO)P3(=O)Oc4ccccc4-c4ccccc43)cc2OC)=NP(Oc2ccc(C(NCCO)P3(=O)Oc4ccccc4-c4ccccc43)cc2OC)(Oc2cc(C(NCCO)P3(=O)Oc4ccccc4-c4ccccc43)ccc2OC)=NP(Oc2ccc(C(NCCO)P3(=O)Oc4ccccc4-c4ccccc43)cc2OC)(Oc2cc(C(NCCO)P3(=O)Oc4ccccc4-c4ccccc43)ccc2OC)=N1,O=P1(Cc2ccc(OP3(Oc4ccc(CP5(=O)Oc6ccccc6-c6ccccc65)cc4)=NP(Oc4ccc(CP5(=O)Oc6ccccc6-c6ccccc65)cc4)(Oc4cccc(CP5(=O)Oc6ccccc6-c6ccccc65)c4)=NP(Oc4ccc(CP5(=O)Oc6ccccc6-c6ccccc65)cc4)(Oc4cccc(CP5(=O)Oc6ccccc6-c6ccccc65)c4)=N3)cc2)Oc2ccccc2-c2ccccc21,141.6,0.0,1,molecule,formulation,baseline_inclusive,fixed,0,100.3011877932658,96.5314295484566,21.26285909691316,171.8,1,COc1cc(C(NCCO)P2(=O)Oc3ccccc3-c3ccccc32)ccc1OP1(Oc2ccc(C(NCCO)P3(=O)Oc4ccccc4-c4ccccc43)cc2OC)=NP(Oc2ccc(C(NCCO)P3(=O)Oc4ccccc4-c4ccccc43)cc2OC)(Oc2cc(C(NCCO)P3(=O)Oc4ccccc4-c4ccccc43)ccc2OC)=NP(Oc2ccc(C(NCCO)P3(=O)Oc4ccccc4-c4ccccc43)cc2OC)(Oc2cc(C(NCCO)P3(=O)Oc4ccccc4-c4ccccc43)ccc2OC)=N1,O=P1(Cc2ccc(OP3(Oc4ccc(CP5(=O)Oc6ccccc6-c6ccccc65)cc4)=NP(Oc4ccc(CP5(=O)Oc6ccccc6-c6ccccc65)cc4)(Oc4cccc(CP5(=O)Oc6ccccc6-c6ccccc65)c4)=NP(Oc4ccc(CP5(=O)Oc6ccccc6-c6ccccc65)cc4)(Oc4cccc(CP5(=O)Oc6ccccc6-c6ccccc65)c4)=N3)cc2)Oc2ccccc2-c2ccccc21,,,0,COc1cc(C(NCCO)P2(=O)Oc3ccccc3-c3ccccc32)ccc1OP1(Oc2ccc(C(NCCO)P3(=O)Oc4ccccc4-c4ccccc43)cc2OC)=NP(Oc2ccc(C(NCCO)P3(=O)Oc4ccccc4-c4ccccc43)cc2OC)(Oc2cc(C(NCCO)P3(=O)Oc4ccccc4-c4ccccc43)ccc2OC)=NP(Oc2ccc(C(NCCO)P3(=O)Oc4ccccc4-c4ccccc43)cc2OC)(Oc2cc(C(NCCO)P3(=O)Oc4ccccc4-c4ccccc43)ccc2OC)=N1||<NO_CO>,41.2988122067342,1705.5918896870976,1.0,1.0,,,1.0,1.0,1,1,1,1,0,1,1,1,1,1,1,317,96,5,In_domain,Seen_scaffold
THR,1,DOPO_EP_0349,HVPA－DOPO,,COC1=CC(C(NCCO)P2(OC(C=CC=C3)=C3C4=C2C=CC=C4)=O)=CC=C1OP5(OC6=CC(C(NCCO)P7(OC(C=CC=C8)=C8C9=C7C=CC=C9)=O)=CC=C6OC)=NP(OC%10=CC=C(C(NCCO)P%11(OC(C=CC=C%12)=C%12C%13=C%11C=CC=C%13)=O)C=C%10OC)(OC%14=CC=C(C(NCCO)P%15(OC(C=CC=C%16)=C%16C%17=C%15C=CC=C%17)=O)C=C%14OC)=NP(OC%18=CC=C(C(NCCO)P%19(OC(C=CC=C%20)=C%20C%21=C%19C=CC=C%21)=O)C=C%18OC)(OC%22=CC(C(NCCO)P%23(OC(C=CC=C%24)=C%24C%25=C%23C=CC=C%25)=O)=CC=C%22OC)=N5,,https://kns.cnki.net/kcms2/article/abstract?v=Jz5IuRg0t03gCi77HueKkdhXr1Kks-8Asx8mfSXC9dkOW3i5QJvBG7O8nFuQ6fVFmodx7dE2PooVI8cXdUjFh-m9QVbm9NUqRV0WAQmWSTT-onafxhl7MgLeJKaimMxrNN1lVGKNu1EYC6CR0hCY_RViLFQXuvgBsV-gcxf_dKg=&uniplatform=NZKPT,COc1cc(C(NCCO)P2(=O)Oc3ccccc3-c3ccccc32)ccc1OP1(Oc2ccc(C(NCCO)P3(=O)Oc4ccccc4-c4ccccc43)cc2OC)=NP(Oc2ccc(C(NCCO)P3(=O)Oc4ccccc4-c4ccccc43)cc2OC)(Oc2cc(C(NCCO)P3(=O)Oc4ccccc4-c4ccccc43)ccc2OC)=NP(Oc2ccc(C(NCCO)P3(=O)Oc4ccccc4-c4ccccc43)cc2OC)(Oc2cc(C(NCCO)P3(=O)Oc4ccccc4-c4ccccc43)ccc2OC)=N1,O=P1(Cc2ccc(OP3(Oc4ccc(CP5(=O)Oc6ccccc6-c6ccccc65)cc4)=NP(Oc4ccc(CP5(=O)Oc6ccccc6-c6ccccc65)cc4)(Oc4cccc(CP5(=O)Oc6ccccc6-c6ccccc65)c4)=NP(Oc4ccc(CP5(=O)Oc6ccccc6-c6ccccc65)cc4)(Oc4cccc(CP5(=O)Oc6ccccc6-c6ccccc65)c4)=N3)cc2)Oc2ccccc2-c2ccccc21,75.4,18.0,0,molecule,formulation,baseline_inclusive,fixed,0,74.83680579447466,73.08886764734785,-2.1797028041955717,148.3574380988913,1,COc1cc(C(NCCO)P2(=O)Oc3ccccc3-c3ccccc32)ccc1OP1(Oc2ccc(C(NCCO)P3(=O)Oc4ccccc4-c4ccccc43)cc2OC)=NP(Oc2ccc(C(NCCO)P3(=O)Oc4ccccc4-c4ccccc43)cc2OC)(Oc2cc(C(NCCO)P3(=O)Oc4ccccc4-c4ccccc43)ccc2OC)=NP(Oc2ccc(C(NCCO)P3(=O)Oc4ccccc4-c4ccccc43)cc2OC)(Oc2cc(C(NCCO)P3(=O)Oc4ccccc4-c4ccccc43)ccc2OC)=N1,O=P1(Cc2ccc(OP3(Oc4ccc(CP5(=O)Oc6ccccc6-c6ccccc65)cc4)=NP(Oc4ccc(CP5(=O)Oc6ccccc6-c6ccccc65)cc4)(Oc4cccc(CP5(=O)Oc6ccccc6-c6ccccc65)c4)=NP(Oc4ccc(CP5(=O)Oc6ccccc6-c6ccccc65)cc4)(Oc4cccc(CP5(=O)Oc6ccccc6-c6ccccc65)c4)=N3)cc2)Oc2ccccc2-c2ccccc21,,,0,COc1cc(C(NCCO)P2(=O)Oc3ccccc3-c3ccccc32)ccc1OP1(Oc2ccc(C(NCCO)P3(=O)Oc4ccccc4-c4ccccc43)cc2OC)=NP(Oc2ccc(C(NCCO)P3(=O)Oc4ccccc4-c4ccccc43)cc2OC)(Oc2cc(C(NCCO)P3(=O)Oc4ccccc4-c4ccccc43)ccc2OC)=NP(Oc2ccc(C(NCCO)P3(=O)Oc4ccccc4-c4ccccc43)cc2OC)(Oc2cc(C(NCCO)P3(=O)Oc4ccccc4-c4ccccc43)ccc2OC)=N1||<NO_CO>,0.5631942055253489,0.31718771313732896,1.0,1.0,,,1.0,1.0,1,1,1,1,0,1,1,1,1,1,1,317,96,5,In_domain,Seen_scaffold
THR,1,DOPO_EP_0391,CP-DOPO,,O=P(C1=C2C=CC=C1)(OC3=CC=C(C#N)C=C3)OC4=C2C=CC=C4,,https://doi.org/10.1002/app.55633,N#Cc1ccc(OP2(=O)Oc3ccccc3-c3ccccc32)cc1,O=P1(Oc2ccccc2)Oc2ccccc2-c2ccccc21,128.4,0.0,1,molecule,formulation,baseline_inclusive,fixed,0,100.3011877932658,96.5314295484566,21.26285909691316,171.8,1,N#Cc1ccc(OP2(=O)Oc3ccccc3-c3ccccc32)cc1,O=P1(Oc2ccccc2)Oc2ccccc2-c2ccccc21,,,0,N#Cc1ccc(OP2(=O)Oc3ccccc3-c3ccccc32)cc1||<NO_CO>,28.09881220673421,789.5432474293154,0.45714285714285713,0.45714285714285713,,,0.45714285714285713,0.45714285714285713,0,0,1,1,0,0,0,1,1,0,0,317,96,5,Extrapolation,New_scaffold
THR,1,DOPO_EP_0392,CP-DOPO,,O=P(C1=C2C=CC=C1)(OC3=CC=C(C#N)C=C3)OC4=C2C=CC=C4,,https://doi.org/10.1002/app.55633,N#Cc1ccc(OP2(=O)Oc3ccccc3-c3ccccc32)cc1,O=P1(Oc2ccccc2)Oc2ccccc2-c2ccccc21,108.5,2.0,0,molecule,formulation,baseline_inclusive,fixed,0,114.40734810232487,107.14231657010984,31.8737461185664,182.41088702165325,1,N#Cc1ccc(OP2(=O)Oc3ccccc3-c3ccccc32)cc1,O=P1(Oc2ccccc2)Oc2ccccc2-c2ccccc21,,,0,N#Cc1ccc(OP2(=O)Oc3ccccc3-c3ccccc32)cc1||<NO_CO>,5.907348102324875,34.896761602041295,0.45714285714285713,0.45714285714285713,,,0.45714285714285713,0.45714285714285713,0,0,1,1,0,0,0,1,1,0,0,317,96,5,Extrapolation,New_scaffold
THR,1,DOPO_EP_0393,CP-DOPO,,O=P(C1=C2C=CC=C1)(OC3=CC=C(C#N)C=C3)OC4=C2C=CC=C4,,https://doi.org/10.1002/app.55633,N#Cc1ccc(OP2(=O)Oc3ccccc3-c3ccccc32)cc1,O=P1(Oc2ccccc2)Oc2ccccc2-c2ccccc21,101.9,4.0,0,molecule,formulation,baseline_inclusive,fixed,0,107.01174391763593,103.43779733909756,28.169226887554142,178.706367790641,1,N#Cc1ccc(OP2(=O)Oc3ccccc3-c3ccccc32)cc1,O=P1(Oc2ccccc2)Oc2ccccc2-c2ccccc21,,,0,N#Cc1ccc(OP2(=O)Oc3ccccc3-c3ccccc32)cc1||<NO_CO>,5.11174391763592,26.12992587948782,0.45714285714285713,0.45714285714285713,,,0.45714285714285713,0.45714285714285713,0,0,1,1,0,0,0,1,1,0,0,317,96,5,Extrapolation,New_scaffold
THR,1,DOPO_EP_0394,CP-DOPO,,O=P(C1=C2C=CC=C1)(OC3=CC=C(C#N)C=C3)OC4=C2C=CC=C4,,https://doi.org/10.1002/app.55633,N#Cc1ccc(OP2(=O)Oc3ccccc3-c3ccccc32)cc1,O=P1(Oc2ccccc2)Oc2ccccc2-c2ccccc21,86.6,6.0,0,molecule,formulation,baseline_inclusive,fixed,0,105.40809914732976,100.14591603004229,24.877345578498847,175.4144864815857,1,N#Cc1ccc(OP2(=O)Oc3ccccc3-c3ccccc32)cc1,O=P1(Oc2ccccc2)Oc2ccccc2-c2ccccc21,,,0,N#Cc1ccc(OP2(=O)Oc3ccccc3-c3ccccc32)cc1||<NO_CO>,18.80809914732977,353.7445935357868,0.45714285714285713,0.45714285714285713,,,0.45714285714285713,0.45714285714285713,0,0,1,1,0,0,0,1,1,0,0,317,96,5,Extrapolation,New_scaffold
THR,1,DOPO_EP_0408,PABO,,O=P(C1=C2C=CC=C1)(C(C3=CC=C(O)C=C3)NC4=CC=C(C#N)C=C4)OC5=C2C=CC=C5,,https://doi.org/10.1016/j.polymdegradstab.2022.110142,N#Cc1ccc(NC(c2ccc(O)cc2)P2(=O)Oc3ccccc3-c3ccccc32)cc1,O=P1(C(Nc2ccccc2)c2ccccc2)Oc2ccccc2-c2ccccc21,106.8,0.0,1,molecule,formulation,baseline_inclusive,fixed,0,100.3011877932658,96.5314295484566,21.26285909691316,171.8,1,N#Cc1ccc(NC(c2ccc(O)cc2)P2(=O)Oc3ccccc3-c3ccccc32)cc1,O=P1(C(Nc2ccccc2)c2ccccc2)Oc2ccccc2-c2ccccc21,,,0,N#Cc1ccc(NC(c2ccc(O)cc2)P2(=O)Oc3ccccc3-c3ccccc32)cc1||<NO_CO>,6.4988122067342005,42.234560098397445,0.7469879518072289,0.7469879518072289,,,0.7469879518072289,0.7469879518072289,0,0,1,1,0,1,1,1,1,1,1,317,96,5,In_domain,Seen_scaffold
THR,1,DOPO_EP_0411,PABO,,O=P(C1=C2C=CC=C1)(C(C3=CC=C(O)C=C3)NC4=CC=C(C#N)C=C4)OC5=C2C=CC=C5,,https://doi.org/10.1016/j.polymdegradstab.2022.110142,N#Cc1ccc(NC(c2ccc(O)cc2)P2(=O)Oc3ccccc3-c3ccccc32)cc1,O=P1(C(Nc2ccccc2)c2ccccc2)Oc2ccccc2-c2ccccc21,86.5,5.0,0,molecule,formulation,baseline_inclusive,fixed,0,90.59007673714515,91.17679954690084,15.908229095357411,166.44536999844428,1,N#Cc1ccc(NC(c2ccc(O)cc2)P2(=O)Oc3ccccc3-c3ccccc32)cc1,O=P1(C(Nc2ccccc2)c2ccccc2)Oc2ccccc2-c2ccccc21,,,0,N#Cc1ccc(NC(c2ccc(O)cc2)P2(=O)Oc3ccccc3-c3ccccc32)cc1||<NO_CO>,4.090076737145154,16.728727715735946,0.7469879518072289,0.7469879518072289,,,0.7469879518072289,0.7469879518072289,0,0,1,1,0,1,1,1,1,1,1,317,96,5,In_domain,Seen_scaffold
THR,1,DOPO_EP_0412,DOPO-PHBA,,O=P(C(O)C1=CC=C(O)C=C1)(OC2=CC=CC=C32)C4=C3C=CC=C4,,https://doi.org/10.1002/app.55169,O=P1(C(O)c2ccc(O)cc2)Oc2ccccc2-c2ccccc21,O=P1(Cc2ccccc2)Oc2ccccc2-c2ccccc21,116.49,0.0,1,molecule,formulation,baseline_inclusive,fixed,0,100.3011877932658,96.5314295484566,21.26285909691316,171.8,1,O=P1(C(O)c2ccc(O)cc2)Oc2ccccc2-c2ccccc21,O=P1(Cc2ccccc2)Oc2ccccc2-c2ccccc21,,,0,O=P1(C(O)c2ccc(O)cc2)Oc2ccccc2-c2ccccc21||<NO_CO>,16.188812206734198,262.0776406649062,0.6052631578947368,0.6052631578947368,,,0.6052631578947368,0.6052631578947368,0,0,1,1,0,0,0,1,1,0,0,317,96,5,Caution,New_scaffold
THR,1,DOPO_EP_0414,DOPO-PHBA,,O=P(C(O)C1=CC=C(O)C=C1)(OC2=CC=CC=C32)C4=C3C=CC=C4,,https://doi.org/10.1002/app.55169,O=P1(C(O)c2ccc(O)cc2)Oc2ccccc2-c2ccccc21,O=P1(Cc2ccccc2)Oc2ccccc2-c2ccccc21,83.88,7.5,0,molecule,formulation,baseline_inclusive,fixed,0,73.36442277305405,89.25959520302042,13.991024751477,164.52816565456385,1,O=P1(C(O)c2ccc(O)cc2)Oc2ccccc2-c2ccccc21,O=P1(Cc2ccccc2)Oc2ccccc2-c2ccccc21,,,0,O=P1(C(O)c2ccc(O)cc2)Oc2ccccc2-c2ccccc21||<NO_CO>,10.51557722694595,110.57736441586428,0.6052631578947368,0.6052631578947368,,,0.6052631578947368,0.6052631578947368,0,0,1,1,0,0,0,1,1,0,0,317,96,5,Caution,New_scaffold
THR,1,DOPO_EP_0490,ANDD,,O=P(C1=C2C=CC=C1)(C(NC3=C4C=CC=C(NC(P5(C6=C(C7=C(O5)C=CC=C7)C=CC=C6)=O)C8=CC=C(O)C(O)=C8)C4=CC=C3)C9=CC=C(O)C(O)=C9)OC%10=C2C=CC=C%10,,https://doi.org/10.1016/j.eurpolymj.2024.113605,O=P1(C(Nc2cccc3c(NC(c4ccc(O)c(O)c4)P4(=O)Oc5ccccc5-c5ccccc54)cccc23)c2ccc(O)c(O)c2)Oc2ccccc2-c2ccccc21,O=P1(C(Nc2cccc3c(NC(c4ccccc4)P4(=O)Oc5ccccc5-c5ccccc54)cccc23)c2ccccc2)Oc2ccccc2-c2ccccc21,72.9,0.0,1,molecule,formulation,baseline_inclusive,fixed,0,100.3011877932658,96.5314295484566,21.26285909691316,171.8,1,O=P1(C(Nc2cccc3c(NC(c4ccc(O)c(O)c4)P4(=O)Oc5ccccc5-c5ccccc54)cccc23)c2ccc(O)c(O)c2)Oc2ccccc2-c2ccccc21,O=P1(C(Nc2cccc3c(NC(c4ccccc4)P4(=O)Oc5ccccc5-c5ccccc54)cccc23)c2ccccc2)Oc2ccccc2-c2ccccc21,,,0,O=P1(C(Nc2cccc3c(NC(c4ccc(O)c(O)c4)P4(=O)Oc5ccccc5-c5ccccc54)cccc23)c2ccc(O)c(O)c2)Oc2ccccc2-c2ccccc21||<NO_CO>,27.40118779326579,750.8250924818182,0.6333333333333333,0.6333333333333333,,,0.6333333333333333,0.6333333333333333,0,0,1,1,0,0,0,1,1,0,0,317,96,5,Caution,New_scaffold
THR,1,DOPO_EP_0491,ANDD,,O=P(C1=C2C=CC=C1)(C(NC3=C4C=CC=C(NC(P5(C6=C(C7=C(O5)C=CC=C7)C=CC=C6)=O)C8=CC=C(O)C(O)=C8)C4=CC=C3)C9=CC=C(O)C(O)=C9)OC%10=C2C=CC=C%10,,https://doi.org/10.1016/j.eurpolymj.2024.113605,O=P1(C(Nc2cccc3c(NC(c4ccc(O)c(O)c4)P4(=O)Oc5ccccc5-c5ccccc54)cccc23)c2ccc(O)c(O)c2)Oc2ccccc2-c2ccccc21,O=P1(C(Nc2cccc3c(NC(c4ccccc4)P4(=O)Oc5ccccc5-c5ccccc54)cccc23)c2ccccc2)Oc2ccccc2-c2ccccc21,63.4,1.0,0,molecule,formulation,baseline_inclusive,fixed,0,63.66244381528317,63.98506959679509,-11.283500854748333,139.25364004833853,1,O=P1(C(Nc2cccc3c(NC(c4ccc(O)c(O)c4)P4(=O)Oc5ccccc5-c5ccccc54)cccc23)c2ccc(O)c(O)c2)Oc2ccccc2-c2ccccc21,O=P1(C(Nc2cccc3c(NC(c4ccccc4)P4(=O)Oc5ccccc5-c5ccccc54)cccc23)c2ccccc2)Oc2ccccc2-c2ccccc21,,,0,O=P1(C(Nc2cccc3c(NC(c4ccc(O)c(O)c4)P4(=O)Oc5ccccc5-c5ccccc54)cccc23)c2ccc(O)c(O)c2)Oc2ccccc2-c2ccccc21||<NO_CO>,0.26244381528317007,0.06887675618038669,0.6333333333333333,0.6333333333333333,,,0.6333333333333333,0.6333333333333333,0,0,1,1,0,0,0,1,1,0,0,317,96,5,Caution,New_scaffold
THR,1,DOPO_EP_0492,ANDD,,O=P(C1=C2C=CC=C1)(C(NC3=C4C=CC=C(NC(P5(C6=C(C7=C(O5)C=CC=C7)C=CC=C6)=O)C8=CC=C(O)C(O)=C8)C4=CC=C3)C9=CC=C(O)C(O)=C9)OC%10=C2C=CC=C%10,,https://doi.org/10.1016/j.eurpolymj.2024.113605,O=P1(C(Nc2cccc3c(NC(c4ccc(O)c(O)c4)P4(=O)Oc5ccccc5-c5ccccc54)cccc23)c2ccc(O)c(O)c2)Oc2ccccc2-c2ccccc21,O=P1(C(Nc2cccc3c(NC(c4ccccc4)P4(=O)Oc5ccccc5-c5ccccc54)cccc23)c2ccccc2)Oc2ccccc2-c2ccccc21,58.4,3.0,0,molecule,formulation,baseline_inclusive,fixed,0,60.34397515504106,57.597455232911,-17.67111521863243,132.86602568445443,1,O=P1(C(Nc2cccc3c(NC(c4ccc(O)c(O)c4)P4(=O)Oc5ccccc5-c5ccccc54)cccc23)c2ccc(O)c(O)c2)Oc2ccccc2-c2ccccc21,O=P1(C(Nc2cccc3c(NC(c4ccccc4)P4(=O)Oc5ccccc5-c5ccccc54)cccc23)c2ccccc2)Oc2ccccc2-c2ccccc21,,,0,O=P1(C(Nc2cccc3c(NC(c4ccc(O)c(O)c4)P4(=O)Oc5ccccc5-c5ccccc54)cccc23)c2ccc(O)c(O)c2)Oc2ccccc2-c2ccccc21||<NO_CO>,1.943975155041059,3.7790394034169097,0.6333333333333333,0.6333333333333333,,,0.6333333333333333,0.6333333333333333,0,0,1,1,0,0,0,1,1,0,0,317,96,5,Caution,New_scaffold
THR,1,DOPO_EP_0493,ANDD,,O=P(C1=C2C=CC=C1)(C(NC3=C4C=CC=C(NC(P5(C6=C(C7=C(O5)C=CC=C7)C=CC=C6)=O)C8=CC=C(O)C(O)=C8)C4=CC=C3)C9=CC=C(O)C(O)=C9)OC%10=C2C=CC=C%10,,https://doi.org/10.1016/j.eurpolymj.2024.113605,O=P1(C(Nc2cccc3c(NC(c4ccc(O)c(O)c4)P4(=O)Oc5ccccc5-c5ccccc54)cccc23)c2ccc(O)c(O)c2)Oc2ccccc2-c2ccccc21,O=P1(C(Nc2cccc3c(NC(c4ccccc4)P4(=O)Oc5ccccc5-c5ccccc54)cccc23)c2ccccc2)Oc2ccccc2-c2ccccc21,53.9,5.0,0,molecule,formulation,baseline_inclusive,fixed,0,58.12650625409994,56.343133233268375,-18.92543721827505,131.6117036848118,1,O=P1(C(Nc2cccc3c(NC(c4ccc(O)c(O)c4)P4(=O)Oc5ccccc5-c5ccccc54)cccc23)c2ccc(O)c(O)c2)Oc2ccccc2-c2ccccc21,O=P1(C(Nc2cccc3c(NC(c4ccccc4)P4(=O)Oc5ccccc5-c5ccccc54)cccc23)c2ccccc2)Oc2ccccc2-c2ccccc21,,,0,O=P1(C(Nc2cccc3c(NC(c4ccc(O)c(O)c4)P4(=O)Oc5ccccc5-c5ccccc54)cccc23)c2ccc(O)c(O)c2)Oc2ccccc2-c2ccccc21||<NO_CO>,4.226506254099938,17.86335511594589,0.6333333333333333,0.6333333333333333,,,0.6333333333333333,0.6333333333333333,0,0,1,1,0,0,0,1,1,0,0,317,96,5,Caution,New_scaffold
THR,1,DOPO_EP_0494,HLD,,COC1=CC(C(P2(C3=C(C4=C(O2)C=CC=C4)C=CC=C3)=O)NCCC5=CNC6=C5C=CC=C6)=CC=C1O,,https://doi.org/10.1016/j.polymdegradstab.2023.110595,COc1cc(C(NCCc2c[nH]c3ccccc23)P2(=O)Oc3ccccc3-c3ccccc32)ccc1O,O=P1(C(NCCc2c[nH]c3ccccc23)c2ccccc2)Oc2ccccc2-c2ccccc21,82.1,0.0,1,molecule,formulation,baseline_inclusive,fixed,0,100.3011877932658,96.5314295484566,21.26285909691316,171.8,1,COc1cc(C(NCCc2c[nH]c3ccccc23)P2(=O)Oc3ccccc3-c3ccccc32)ccc1O,O=P1(C(NCCc2c[nH]c3ccccc23)c2ccccc2)Oc2ccccc2-c2ccccc21,,,0,COc1cc(C(NCCc2c[nH]c3ccccc23)P2(=O)Oc3ccccc3-c3ccccc32)ccc1O||<NO_CO>,18.201187793265802,331.28323708572805,0.6476190476190476,0.6476190476190476,,,0.6476190476190476,0.6476190476190476,0,0,1,1,0,0,0,1,1,0,0,317,96,5,Caution,New_scaffold
THR,1,DOPO_EP_0495,HLD,,COC1=CC(C(P2(C3=C(C4=C(O2)C=CC=C4)C=CC=C3)=O)NCCC5=CNC6=C5C=CC=C6)=CC=C1O,,https://doi.org/10.1016/j.polymdegradstab.2023.110595,COc1cc(C(NCCc2c[nH]c3ccccc23)P2(=O)Oc3ccccc3-c3ccccc32)ccc1O,O=P1(C(NCCc2c[nH]c3ccccc23)c2ccccc2)Oc2ccccc2-c2ccccc21,64.5,3.0,0,molecule,formulation,baseline_inclusive,fixed,0,69.04888123823378,67.82530625923216,-7.443264192311261,143.0938767107756,1,COc1cc(C(NCCc2c[nH]c3ccccc23)P2(=O)Oc3ccccc3-c3ccccc32)ccc1O,O=P1(C(NCCc2c[nH]c3ccccc23)c2ccccc2)Oc2ccccc2-c2ccccc21,,,0,COc1cc(C(NCCc2c[nH]c3ccccc23)P2(=O)Oc3ccccc3-c3ccccc32)ccc1O||<NO_CO>,4.5488812382337755,20.692320519555246,0.6476190476190476,0.6476190476190476,,,0.6476190476190476,0.6476190476190476,0,0,1,1,0,0,0,1,1,0,0,317,96,5,Caution,New_scaffold
THR,1,DOPO_EP_0496,HLD,,COC1=CC(C(P2(C3=C(C4=C(O2)C=CC=C4)C=CC=C3)=O)NCCC5=CNC6=C5C=CC=C6)=CC=C1O,,https://doi.org/10.1016/j.polymdegradstab.2023.110595,COc1cc(C(NCCc2c[nH]c3ccccc23)P2(=O)Oc3ccccc3-c3ccccc32)ccc1O,O=P1(C(NCCc2c[nH]c3ccccc23)c2ccccc2)Oc2ccccc2-c2ccccc21,61.7,5.0,0,molecule,formulation,baseline_inclusive,fixed,0,67.4758402550094,66.57260788215348,-8.695962569389948,141.84117833369692,1,COc1cc(C(NCCc2c[nH]c3ccccc23)P2(=O)Oc3ccccc3-c3ccccc32)ccc1O,O=P1(C(NCCc2c[nH]c3ccccc23)c2ccccc2)Oc2ccccc2-c2ccccc21,,,0,COc1cc(C(NCCc2c[nH]c3ccccc23)P2(=O)Oc3ccccc3-c3ccccc32)ccc1O||<NO_CO>,5.775840255009399,33.36033065138704,0.6476190476190476,0.6476190476190476,,,0.6476190476190476,0.6476190476190476,0,0,1,1,0,0,0,1,1,0,0,317,96,5,Caution,New_scaffold
THR,1,DOPO_EP_0497,HLD,,COC1=CC(C(P2(C3=C(C4=C(O2)C=CC=C4)C=CC=C3)=O)NCCC5=CNC6=C5C=CC=C6)=CC=C1O,,https://doi.org/10.1016/j.polymdegradstab.2023.110595,COc1cc(C(NCCc2c[nH]c3ccccc23)P2(=O)Oc3ccccc3-c3ccccc32)ccc1O,O=P1(C(NCCc2c[nH]c3ccccc23)c2ccccc2)Oc2ccccc2-c2ccccc21,66.2,7.0,0,molecule,formulation,baseline_inclusive,fixed,0,66.0964218094022,65.50736149547019,-9.761208956073231,140.77593194701362,1,COc1cc(C(NCCc2c[nH]c3ccccc23)P2(=O)Oc3ccccc3-c3ccccc32)ccc1O,O=P1(C(NCCc2c[nH]c3ccccc23)c2ccccc2)Oc2ccccc2-c2ccccc21,,,0,COc1cc(C(NCCc2c[nH]c3ccccc23)P2(=O)Oc3ccccc3-c3ccccc32)ccc1O||<NO_CO>,0.10357819059780127,0.010728441567514447,0.6476190476190476,0.6476190476190476,,,0.6476190476190476,0.6476190476190476,0,0,1,1,0,0,0,1,1,0,0,317,96,5,Caution,New_scaffold
THR,1,DOPO_EP_0498,DQ,,O=P(C1=C2C=CC=C1)(OC3=CC4=C(C(C(O)=C(O4)C5=CC=C(O)C(OP6(C7=C(C8=CC=CC=C8O6)C=CC=C7)=O)=C5)=O)C(O)=C3)OC9=C2C=CC=C9,,https://doi.org/10.1016/j.susmat.2025.e01575,O=c1c(O)c(-c2ccc(O)c(OP3(=O)Oc4ccccc4-c4ccccc43)c2)oc2cc(OP3(=O)Oc4ccccc4-c4ccccc43)cc(O)c12,O=c1cc(-c2cccc(OP3(=O)Oc4ccccc4-c4ccccc43)c2)oc2cc(OP3(=O)Oc4ccccc4-c4ccccc43)ccc12,96.2,0.0,1,molecule,formulation,baseline_inclusive,fixed,0,100.3011877932658,96.5314295484566,21.26285909691316,171.8,1,O=c1c(O)c(-c2ccc(O)c(OP3(=O)Oc4ccccc4-c4ccccc43)c2)oc2cc(OP3(=O)Oc4ccccc4-c4ccccc43)cc(O)c12,O=c1cc(-c2cccc(OP3(=O)Oc4ccccc4-c4ccccc43)c2)oc2cc(OP3(=O)Oc4ccccc4-c4ccccc43)ccc12,,,0,O=c1c(O)c(-c2ccc(O)c(OP3(=O)Oc4ccccc4-c4ccccc43)c2)oc2cc(OP3(=O)Oc4ccccc4-c4ccccc43)cc(O)c12||<NO_CO>,4.101187793265794,16.819741315632353,0.31683168316831684,0.31683168316831684,,,0.31683168316831684,0.31683168316831684,0,0,1,1,0,0,0,1,1,0,0,317,96,5,Extrapolation,New_scaffold
THR,1,DOPO_EP_0499,DQ,,O=P(C1=C2C=CC=C1)(OC3=CC4=C(C(C(O)=C(O4)C5=CC=C(O)C(OP6(C7=C(C8=CC=CC=C8O6)C=CC=C7)=O)=C5)=O)C(O)=C3)OC9=C2C=CC=C9,,https://doi.org/10.1016/j.susmat.2025.e01575,O=c1c(O)c(-c2ccc(O)c(OP3(=O)Oc4ccccc4-c4ccccc43)c2)oc2cc(OP3(=O)Oc4ccccc4-c4ccccc43)cc(O)c12,O=c1cc(-c2cccc(OP3(=O)Oc4ccccc4-c4ccccc43)c2)oc2cc(OP3(=O)Oc4ccccc4-c4ccccc43)ccc12,80.9,1.0,0,molecule,formulation,baseline_inclusive,fixed,0,82.64486940069953,89.0251453481483,13.756574896604874,164.2937157996917,1,O=c1c(O)c(-c2ccc(O)c(OP3(=O)Oc4ccccc4-c4ccccc43)c2)oc2cc(OP3(=O)Oc4ccccc4-c4ccccc43)cc(O)c12,O=c1cc(-c2cccc(OP3(=O)Oc4ccccc4-c4ccccc43)c2)oc2cc(OP3(=O)Oc4ccccc4-c4ccccc43)ccc12,,,0,O=c1c(O)c(-c2ccc(O)c(OP3(=O)Oc4ccccc4-c4ccccc43)c2)oc2cc(OP3(=O)Oc4ccccc4-c4ccccc43)cc(O)c12||<NO_CO>,1.7448694006995282,3.044569225497531,0.31683168316831684,0.31683168316831684,,,0.31683168316831684,0.31683168316831684,0,0,1,1,0,0,0,1,1,0,0,317,96,5,Extrapolation,New_scaffold
THR,1,DOPO_EP_0500,DQ,,O=P(C1=C2C=CC=C1)(OC3=CC4=C(C(C(O)=C(O4)C5=CC=C(O)C(OP6(C7=C(C8=CC=CC=C8O6)C=CC=C7)=O)=C5)=O)C(O)=C3)OC9=C2C=CC=C9,,https://doi.org/10.1016/j.susmat.2025.e01575,O=c1c(O)c(-c2ccc(O)c(OP3(=O)Oc4ccccc4-c4ccccc43)c2)oc2cc(OP3(=O)Oc4ccccc4-c4ccccc43)cc(O)c12,O=c1cc(-c2cccc(OP3(=O)Oc4ccccc4-c4ccccc43)c2)oc2cc(OP3(=O)Oc4ccccc4-c4ccccc43)ccc12,81.8,2.0,0,molecule,formulation,baseline_inclusive,fixed,0,79.96722365543037,81.22468983998061,5.956119388437188,156.49326029152405,1,O=c1c(O)c(-c2ccc(O)c(OP3(=O)Oc4ccccc4-c4ccccc43)c2)oc2cc(OP3(=O)Oc4ccccc4-c4ccccc43)cc(O)c12,O=c1cc(-c2cccc(OP3(=O)Oc4ccccc4-c4ccccc43)c2)oc2cc(OP3(=O)Oc4ccccc4-c4ccccc43)ccc12,,,0,O=c1c(O)c(-c2ccc(O)c(OP3(=O)Oc4ccccc4-c4ccccc43)c2)oc2cc(OP3(=O)Oc4ccccc4-c4ccccc43)cc(O)c12||<NO_CO>,1.8327763445696235,3.3590691292139914,0.31683168316831684,0.31683168316831684,,,0.31683168316831684,0.31683168316831684,0,0,1,1,0,0,0,1,1,0,0,317,96,5,Extrapolation,New_scaffold
THR,1,DOPO_EP_0501,DQ,,O=P(C1=C2C=CC=C1)(OC3=CC4=C(C(C(O)=C(O4)C5=CC=C(O)C(OP6(C7=C(C8=CC=CC=C8O6)C=CC=C7)=O)=C5)=O)C(O)=C3)OC9=C2C=CC=C9,,https://doi.org/10.1016/j.susmat.2025.e01575,O=c1c(O)c(-c2ccc(O)c(OP3(=O)Oc4ccccc4-c4ccccc43)c2)oc2cc(OP3(=O)Oc4ccccc4-c4ccccc43)cc(O)c12,O=c1cc(-c2cccc(OP3(=O)Oc4ccccc4-c4ccccc43)c2)oc2cc(OP3(=O)Oc4ccccc4-c4ccccc43)ccc12,77.9,3.0,0,molecule,formulation,baseline_inclusive,fixed,0,77.43412068447951,79.7404266220048,4.471856170461379,155.00899707354824,1,O=c1c(O)c(-c2ccc(O)c(OP3(=O)Oc4ccccc4-c4ccccc43)c2)oc2cc(OP3(=O)Oc4ccccc4-c4ccccc43)cc(O)c12,O=c1cc(-c2cccc(OP3(=O)Oc4ccccc4-c4ccccc43)c2)oc2cc(OP3(=O)Oc4ccccc4-c4ccccc43)ccc12,,,0,O=c1c(O)c(-c2ccc(O)c(OP3(=O)Oc4ccccc4-c4ccccc43)c2)oc2cc(OP3(=O)Oc4ccccc4-c4ccccc43)cc(O)c12||<NO_CO>,0.4658793155204961,0.21704353662984596,0.31683168316831684,0.31683168316831684,,,0.31683168316831684,0.31683168316831684,0,0,1,1,0,0,0,1,1,0,0,317,96,5,Extrapolation,New_scaffold
THR,1,DOPO_EP_0526,TDCA-DOPO-2,,O=P1(C2=C(C3=C(O1)C=CC=C3)C=CC=C2)C(OP(C4=CC=CC=C4)(C5=CC=CC=C5)=O)C(C=C6)=CC=C6C(P7(C8=C(C9=C(O7)C=CC=C9)C=CC=C8)=O)OP(C%10=CC=CC=C%10)(C%11=CC=CC=C%11)=O,,https://doi.org/10.1007/s00289-023-04997-x,O=P(OC(c1ccc(C(OP(=O)(c2ccccc2)c2ccccc2)P2(=O)Oc3ccccc3-c3ccccc32)cc1)P1(=O)Oc2ccccc2-c2ccccc21)(c1ccccc1)c1ccccc1,O=P(OC(c1ccc(C(OP(=O)(c2ccccc2)c2ccccc2)P2(=O)Oc3ccccc3-c3ccccc32)cc1)P1(=O)Oc2ccccc2-c2ccccc21)(c1ccccc1)c1ccccc1,45.69,2.03,0,molecule,formulation,baseline_inclusive,fixed,0,66.48103340022301,69.57955048193845,-5.689019969604971,144.84812093348188,1,O=P(OC(c1ccc(C(OP(=O)(c2ccccc2)c2ccccc2)P2(=O)Oc3ccccc3-c3ccccc32)cc1)P1(=O)Oc2ccccc2-c2ccccc21)(c1ccccc1)c1ccccc1,O=P(OC(c1ccc(C(OP(=O)(c2ccccc2)c2ccccc2)P2(=O)Oc3ccccc3-c3ccccc32)cc1)P1(=O)Oc2ccccc2-c2ccccc21)(c1ccccc1)c1ccccc1,,,0,O=P(OC(c1ccc(C(OP(=O)(c2ccccc2)c2ccccc2)P2(=O)Oc3ccccc3-c3ccccc32)cc1)P1(=O)Oc2ccccc2-c2ccccc21)(c1ccccc1)c1ccccc1||<NO_CO>,20.791033400223014,432.26706984918894,0.6578947368421053,0.6578947368421053,,,0.6578947368421053,0.6578947368421053,0,0,1,1,0,0,0,1,1,0,0,317,96,5,Caution,New_scaffold
THR,1,DOPO_EP_0528,PTDOB,,O=P(O1)(NCCC[Si](OB(O)C2=CC=CC=C2)(OB(O)C3=CC=CC=C3)OB(C4=CC=CC=C4)O)C5=C(C=CC=C5)C6=C1C=CC=C6,,https://doi.org/10.1007/s10853-020-05691-3,O=P1(NCCC[Si](OB(O)c2ccccc2)(OB(O)c2ccccc2)OB(O)c2ccccc2)Oc2ccccc2-c2ccccc21,O=P1(NCCC[Si](OBc2ccccc2)(OBc2ccccc2)OBc2ccccc2)Oc2ccccc2-c2ccccc21,155.9,0.0,1,molecule,formulation,baseline_inclusive,fixed,0,100.3011877932658,96.5314295484566,21.26285909691316,171.8,1,O=P1(NCCC[Si](OB(O)c2ccccc2)(OB(O)c2ccccc2)OB(O)c2ccccc2)Oc2ccccc2-c2ccccc21,O=P1(NCCC[Si](OBc2ccccc2)(OBc2ccccc2)OBc2ccccc2)Oc2ccccc2-c2ccccc21,,,0,O=P1(NCCC[Si](OB(O)c2ccccc2)(OB(O)c2ccccc2)OB(O)c2ccccc2)Oc2ccccc2-c2ccccc21||<NO_CO>,55.59881220673421,3091.227918799697,0.4945054945054945,0.4945054945054945,,,0.4945054945054945,0.4945054945054945,0,0,1,1,0,0,0,1,1,0,0,317,96,5,Extrapolation,New_scaffold
THR,1,DOPO_EP_0531,PTDOB,,O=P(O1)(NCCC[Si](OB(O)C2=CC=CC=C2)(OB(O)C3=CC=CC=C3)OB(C4=CC=CC=C4)O)C5=C(C=CC=C5)C6=C1C=CC=C6,,https://doi.org/10.1007/s10853-020-05691-3,O=P1(NCCC[Si](OB(O)c2ccccc2)(OB(O)c2ccccc2)OB(O)c2ccccc2)Oc2ccccc2-c2ccccc21,O=P1(NCCC[Si](OBc2ccccc2)(OBc2ccccc2)OBc2ccccc2)Oc2ccccc2-c2ccccc21,121.1,7.5,0,molecule,formulation,baseline_inclusive,fixed,0,118.47598081688255,106.53149161189435,31.262921160350945,181.8000620634378,1,O=P1(NCCC[Si](OB(O)c2ccccc2)(OB(O)c2ccccc2)OB(O)c2ccccc2)Oc2ccccc2-c2ccccc21,O=P1(NCCC[Si](OBc2ccccc2)(OBc2ccccc2)OBc2ccccc2)Oc2ccccc2-c2ccccc21,,,0,O=P1(NCCC[Si](OB(O)c2ccccc2)(OB(O)c2ccccc2)OB(O)c2ccccc2)Oc2ccccc2-c2ccccc21||<NO_CO>,2.62401918311744,6.885476673368317,0.4945054945054945,0.4945054945054945,,,0.4945054945054945,0.4945054945054945,0,0,1,1,0,0,0,1,1,0,0,317,96,5,Extrapolation,New_scaffold
THR,1,DOPO_EP_0543,DPDDM,,O=P(C1=C2C=CC=C1)(C(NC3=CC=C(CC4=CC=C(NC([P@@]5(C6=C(C7=C(O5)C=CC=C7)C=CC=C6)=O)C8=CC(O)=C(O)C=C8)C=C4)C=C3)C9=CC(O)=C(O)C=C9)OC%10=C2C=CC=C%10,,https://doi.org/10.1002/app.50536,O=P1(C(Nc2ccc(Cc3ccc(NC(c4ccc(O)c(O)c4)[P@@]4(=O)Oc5ccccc5-c5ccccc54)cc3)cc2)c2ccc(O)c(O)c2)Oc2ccccc2-c2ccccc21,O=P1(C(Nc2ccc(Cc3ccc(NC(c4ccccc4)[P@@]4(=O)Oc5ccccc5-c5ccccc54)cc3)cc2)c2ccccc2)Oc2ccccc2-c2ccccc21,56.5,5.0,0,molecule,formulation,baseline_inclusive,fixed,0,83.29113423300294,81.29194840627446,6.023377954731032,156.5605188578179,1,O=P1(C(Nc2ccc(Cc3ccc(NC(c4ccc(O)c(O)c4)[P@@]4(=O)Oc5ccccc5-c5ccccc54)cc3)cc2)c2ccc(O)c(O)c2)Oc2ccccc2-c2ccccc21,O=P1(C(Nc2ccc(Cc3ccc(NC(c4ccccc4)[P@@]4(=O)Oc5ccccc5-c5ccccc54)cc3)cc2)c2ccccc2)Oc2ccccc2-c2ccccc21,,,0,O=P1(C(Nc2ccc(Cc3ccc(NC(c4ccc(O)c(O)c4)[P@@]4(=O)Oc5ccccc5-c5ccccc54)cc3)cc2)c2ccc(O)c(O)c2)Oc2ccccc2-c2ccccc21||<NO_CO>,26.791134233002936,717.7648734907818,0.7710843373493976,0.7710843373493976,,,0.7710843373493976,0.7710843373493976,0,0,1,1,0,0,0,1,1,0,0,317,96,5,In_domain,New_scaffold
THR,1,DOPO_EP_0548,VTZD,,COC1=CC(C(P2(C3=C(C4=C(O2)C=CC=C4)C=CC=C3)=O)NC5=NC6=C(S5)C=CC=C6)=CC=C1O,,https://doi.org/10.1002/app.53105,COc1cc(C(Nc2nc3ccccc3s2)P2(=O)Oc3ccccc3-c3ccccc32)ccc1O,O=P1(C(Nc2nc3ccccc3s2)c2ccccc2)Oc2ccccc2-c2ccccc21,130.8,0.0,1,molecule,formulation,baseline_inclusive,fixed,0,100.3011877932658,96.5314295484566,21.26285909691316,171.8,1,COc1cc(C(Nc2nc3ccccc3s2)P2(=O)Oc3ccccc3-c3ccccc32)ccc1O,O=P1(C(Nc2nc3ccccc3s2)c2ccccc2)Oc2ccccc2-c2ccccc21,,,0,COc1cc(C(Nc2nc3ccccc3s2)P2(=O)Oc3ccccc3-c3ccccc32)ccc1O||<NO_CO>,30.498812206734215,930.17754602164,0.7415730337078652,0.7415730337078652,,,0.7415730337078652,0.7415730337078652,0,0,1,1,0,1,1,1,1,1,1,317,96,5,In_domain,Seen_scaffold
THR,1,DOPO_EP_0549,VTZD,,COC1=CC(C(P2(C3=C(C4=C(O2)C=CC=C4)C=CC=C3)=O)NC5=NC6=C(S5)C=CC=C6)=CC=C1O,,https://doi.org/10.1002/app.53105,COc1cc(C(Nc2nc3ccccc3s2)P2(=O)Oc3ccccc3-c3ccccc32)ccc1O,O=P1(C(Nc2nc3ccccc3s2)c2ccccc2)Oc2ccccc2-c2ccccc21,122.2,3.0,0,molecule,formulation,baseline_inclusive,fixed,0,113.36994529148878,106.68914776627844,31.420577314735027,181.95771821782188,1,COc1cc(C(Nc2nc3ccccc3s2)P2(=O)Oc3ccccc3-c3ccccc32)ccc1O,O=P1(C(Nc2nc3ccccc3s2)c2ccccc2)Oc2ccccc2-c2ccccc21,,,0,COc1cc(C(Nc2nc3ccccc3s2)P2(=O)Oc3ccccc3-c3ccccc32)ccc1O||<NO_CO>,8.830054708511227,77.96986615530129,0.7415730337078652,0.7415730337078652,,,0.7415730337078652,0.7415730337078652,0,0,1,1,0,1,1,1,1,1,1,317,96,5,In_domain,Seen_scaffold
THR,1,DOPO_EP_0550,VTZD,,COC1=CC(C(P2(C3=C(C4=C(O2)C=CC=C4)C=CC=C3)=O)NC5=NC6=C(S5)C=CC=C6)=CC=C1O,,https://doi.org/10.1002/app.53105,COc1cc(C(Nc2nc3ccccc3s2)P2(=O)Oc3ccccc3-c3ccccc32)ccc1O,O=P1(C(Nc2nc3ccccc3s2)c2ccccc2)Oc2ccccc2-c2ccccc21,118.8,5.0,0,molecule,formulation,baseline_inclusive,fixed,0,107.10322458612616,102.22889275903589,26.960322307492447,177.4974632105793,1,COc1cc(C(Nc2nc3ccccc3s2)P2(=O)Oc3ccccc3-c3ccccc32)ccc1O,O=P1(C(Nc2nc3ccccc3s2)c2ccccc2)Oc2ccccc2-c2ccccc21,,,0,COc1cc(C(Nc2nc3ccccc3s2)P2(=O)Oc3ccccc3-c3ccccc32)ccc1O||<NO_CO>,11.696775413873837,136.81455508260348,0.7415730337078652,0.7415730337078652,,,0.7415730337078652,0.7415730337078652,0,0,1,1,0,1,1,1,1,1,1,317,96,5,In_domain,Seen_scaffold
THR,1,DOPO_EP_0551,VTZD,,COC1=CC(C(P2(C3=C(C4=C(O2)C=CC=C4)C=CC=C3)=O)NC5=NC6=C(S5)C=CC=C6)=CC=C1O,,https://doi.org/10.1002/app.53105,COc1cc(C(Nc2nc3ccccc3s2)P2(=O)Oc3ccccc3-c3ccccc32)ccc1O,O=P1(C(Nc2nc3ccccc3s2)c2ccccc2)Oc2ccccc2-c2ccccc21,88.3,7.0,0,molecule,formulation,baseline_inclusive,fixed,0,102.4640180613954,99.12547292899168,23.856902477448244,174.3940433805351,1,COc1cc(C(Nc2nc3ccccc3s2)P2(=O)Oc3ccccc3-c3ccccc32)ccc1O,O=P1(C(Nc2nc3ccccc3s2)c2ccccc2)Oc2ccccc2-c2ccccc21,,,0,COc1cc(C(Nc2nc3ccccc3s2)P2(=O)Oc3ccccc3-c3ccccc32)ccc1O||<NO_CO>,14.164018061395396,200.619407643535,0.7415730337078652,0.7415730337078652,,,0.7415730337078652,0.7415730337078652,0,0,1,1,0,1,1,1,1,1,1,317,96,5,In_domain,Seen_scaffold
THR,1,DOPO_EP_0113,DTA,,O=P(C1=C2C=CC=C1)(C(NC3=NC4=C(N3)C=CC=C4)C5=CC=C(C(P6(C7=C(C8=C(O6)C=CC=C8)C=CC=C7)=O)NC9=NC%10=C(N9)C=CC=C%10)C=C5)OC%11=C2C=CC=C%11,,https://doi.org/10.1016/j.polymdegradstab.2019.03.003,O=P1(C(Nc2nc3ccccc3[nH]2)c2ccc(C(Nc3nc4ccccc4[nH]3)P3(=O)Oc4ccccc4-c4ccccc43)cc2)Oc2ccccc2-c2ccccc21,O=P1(C(Nc2nc3ccccc3[nH]2)c2ccc(C(Nc3nc4ccccc4[nH]3)P3(=O)Oc4ccccc4-c4ccccc43)cc2)Oc2ccccc2-c2ccccc21,64.2,8.9,0,molecule,formulation,baseline_inclusive,fixed,0,63.141736863279,61.25345630812587,-14.015114143417556,136.5220267596693,1,O=P1(C(Nc2nc3ccccc3[nH]2)c2ccc(C(Nc3nc4ccccc4[nH]3)P3(=O)Oc4ccccc4-c4ccccc43)cc2)Oc2ccccc2-c2ccccc21,O=P1(C(Nc2nc3ccccc3[nH]2)c2ccc(C(Nc3nc4ccccc4[nH]3)P3(=O)Oc4ccccc4-c4ccccc43)cc2)Oc2ccccc2-c2ccccc21,,,0,O=P1(C(Nc2nc3ccccc3[nH]2)c2ccc(C(Nc3nc4ccccc4[nH]3)P3(=O)Oc4ccccc4-c4ccccc43)cc2)Oc2ccccc2-c2ccccc21||<NO_CO>,1.0582631367210027,1.1199208665425757,0.5666666666666667,0.5666666666666667,,,0.5666666666666667,0.5666666666666667,0,0,1,1,0,0,0,1,1,0,0,317,96,5,Caution,New_scaffold
THR,1,DOPO_EP_0195,D-AZ,,O=P(C1=C2C=CC=C1)(NC3=NC=CS3)OC4=C2C=CC=C4,,https://doi.org/10.1007/s10853-017-1102-x,O=P1(Nc2nccs2)Oc2ccccc2-c2ccccc21,O=P1(Nc2nccs2)Oc2ccccc2-c2ccccc21,75.0,5.0,0,molecule,formulation,baseline_inclusive,fixed,0,68.88169420711478,67.95700346686851,-7.311566984674911,143.22557391841195,1,O=P1(Nc2nccs2)Oc2ccccc2-c2ccccc21,O=P1(Nc2nccs2)Oc2ccccc2-c2ccccc21,,,0,O=P1(Nc2nccs2)Oc2ccccc2-c2ccccc21||<NO_CO>,6.118305792885224,37.433665775252884,0.6307692307692307,0.6307692307692307,,,0.6307692307692307,0.6307692307692307,0,0,1,1,0,0,0,1,1,0,0,317,96,5,Caution,New_scaffold
THR,1,DOPO_EP_0193,D-AZ,,O=P(C1=C2C=CC=C1)(NC3=NC=CS3)OC4=C2C=CC=C4,,https://doi.org/10.1007/s10853-017-1102-x,O=P1(Nc2nccs2)Oc2ccccc2-c2ccccc21,O=P1(Nc2nccs2)Oc2ccccc2-c2ccccc21,76.0,0.0,1,molecule,formulation,baseline_inclusive,fixed,0,100.3011877932658,96.5314295484566,21.26285909691316,171.8,1,O=P1(Nc2nccs2)Oc2ccccc2-c2ccccc21,O=P1(Nc2nccs2)Oc2ccccc2-c2ccccc21,,,0,O=P1(Nc2nccs2)Oc2ccccc2-c2ccccc21||<NO_CO>,24.301187793265797,590.5477281635706,0.6307692307692307,0.6307692307692307,,,0.6307692307692307,0.6307692307692307,0,0,1,1,0,0,0,1,1,0,0,317,96,5,Caution,New_scaffold
THR,1,DOPO_EP_0167,TetraDSi,,CC(C1=CC=C(O)C(CCCP2(C3=C(C4=C(O2)C=CC=C4)C=CC=C3)=O)=C1)(C5=CC=C(O[Si](OC6=CC=C(C(C)(C7=CC=C(O)C(CCCP8(C9=C(C%10=C(O8)C=CC=C%10)C=CC=C9)=O)=C7)C)C=C6CCCP%11(C%12=C(C%13=C(O%11)C=CC=C%13)C=CC=C%12)=O)(OC(C(CCCP%14(C%15=C(C%16=C(O%14)C=CC=C%16)C=CC=C%15)=O)=C%17)=CC=C%17C(C)(C%18=CC=C(O)C(CCCP%19(C%20=C(C%21=C(O%19)C=CC=C%21)C=CC=C%20)=O)=C%18)C)OC%22=CC=C(C(C)(C%23=CC=C(O)C(CCCP%24(C%25=C(C%26=C(O%24)C=CC=C%26)C=CC=C%25)=O)=C%23)C)C=C%22CCCP%27(C%28=C(C%29=C(O%27)C=CC=C%29)C=CC=C%28)=O)C(CCCP%30(C%31=C(C%32=C(O%30)C=CC=C%32)C=CC=C%31)=O)=C5)C,,https://doi.org/10.1016/j.compositesb.2019.107481,CC(C)(c1ccc(O)c(CCCP2(=O)Oc3ccccc3-c3ccccc32)c1)c1ccc(O[Si](Oc2ccc(C(C)(C)c3ccc(O)c(CCCP4(=O)Oc5ccccc5-c5ccccc54)c3)cc2CCCP2(=O)Oc3ccccc3-c3ccccc32)(Oc2ccc(C(C)(C)c3ccc(O)c(CCCP4(=O)Oc5ccccc5-c5ccccc54)c3)cc2CCCP2(=O)Oc3ccccc3-c3ccccc32)Oc2ccc(C(C)(C)c3ccc(O)c(CCCP4(=O)Oc5ccccc5-c5ccccc54)c3)cc2CCCP2(=O)Oc3ccccc3-c3ccccc32)c(CCCP2(=O)Oc3ccccc3-c3ccccc32)c1,O=P1(CCCc2cccc(Cc3ccc(O[Si](Oc4ccc(Cc5cccc(CCCP6(=O)Oc7ccccc7-c7ccccc76)c5)cc4CCCP4(=O)Oc5ccccc5-c5ccccc54)(Oc4ccc(Cc5cccc(CCCP6(=O)Oc7ccccc7-c7ccccc76)c5)cc4CCCP4(=O)Oc5ccccc5-c5ccccc54)Oc4ccc(Cc5cccc(CCCP6(=O)Oc7ccccc7-c7ccccc76)c5)cc4CCCP4(=O)Oc5ccccc5-c5ccccc54)c(CCCP4(=O)Oc5ccccc5-c5ccccc54)c3)c2)Oc2ccccc2-c2ccccc21,83.0,6.0,0,molecule,formulation,baseline_inclusive,fixed,0,96.40232308687168,94.83064659983935,19.562076148295944,170.0992170513828,1,CC(C)(c1ccc(O)c(CCCP2(=O)Oc3ccccc3-c3ccccc32)c1)c1ccc(O[Si](Oc2ccc(C(C)(C)c3ccc(O)c(CCCP4(=O)Oc5ccccc5-c5ccccc54)c3)cc2CCCP2(=O)Oc3ccccc3-c3ccccc32)(Oc2ccc(C(C)(C)c3ccc(O)c(CCCP4(=O)Oc5ccccc5-c5ccccc54)c3)cc2CCCP2(=O)Oc3ccccc3-c3ccccc32)Oc2ccc(C(C)(C)c3ccc(O)c(CCCP4(=O)Oc5ccccc5-c5ccccc54)c3)cc2CCCP2(=O)Oc3ccccc3-c3ccccc32)c(CCCP2(=O)Oc3ccccc3-c3ccccc32)c1,O=P1(CCCc2cccc(Cc3ccc(O[Si](Oc4ccc(Cc5cccc(CCCP6(=O)Oc7ccccc7-c7ccccc76)c5)cc4CCCP4(=O)Oc5ccccc5-c5ccccc54)(Oc4ccc(Cc5cccc(CCCP6(=O)Oc7ccccc7-c7ccccc76)c5)cc4CCCP4(=O)Oc5ccccc5-c5ccccc54)Oc4ccc(Cc5cccc(CCCP6(=O)Oc7ccccc7-c7ccccc76)c5)cc4CCCP4(=O)Oc5ccccc5-c5ccccc54)c(CCCP4(=O)Oc5ccccc5-c5ccccc54)c3)c2)Oc2ccccc2-c2ccccc21,,,0,CC(C)(c1ccc(O)c(CCCP2(=O)Oc3ccccc3-c3ccccc32)c1)c1ccc(O[Si](Oc2ccc(C(C)(C)c3ccc(O)c(CCCP4(=O)Oc5ccccc5-c5ccccc54)c3)cc2CCCP2(=O)Oc3ccccc3-c3ccccc32)(Oc2ccc(C(C)(C)c3ccc(O)c(CCCP4(=O)Oc5ccccc5-c5ccccc54)c3)cc2CCCP2(=O)Oc3ccccc3-c3ccccc32)Oc2ccc(C(C)(C)c3ccc(O)c(CCCP4(=O)Oc5ccccc5-c5ccccc54)c3)cc2CCCP2(=O)Oc3ccccc3-c3ccccc32)c(CCCP2(=O)Oc3ccccc3-c3ccccc32)c1||<NO_CO>,13.402323086871675,179.62226412489352,0.8118811881188119,0.8118811881188119,,,0.8118811881188119,0.8118811881188119,0,0,1,1,0,0,0,1,1,0,0,317,96,5,In_domain,New_scaffold
THR,1,DOPO_EP_0155,TMD,,O=P(C(C(O)=O)CC(OCCN1C(N(C(N(C1=O)CCOC(CC(P2(C3=C(C4=C(O2)C=CC=C4)C=CC=C3)=O)C(O)=O)=O)=O)CCOC(CC(P5(C6=C(C7=C(O5)C=CC=C7)C=CC=C6)=O)C(O)=O)=O)=O)=O)(C8=C9C=CC=C8)OC%10=C9C=CC=C%10,,https://doi.org/10.1016/j.cej.2019.121916,O=C(CC(C(=O)O)P1(=O)Oc2ccccc2-c2ccccc21)OCCn1c(=O)n(CCOC(=O)CC(C(=O)O)P2(=O)Oc3ccccc3-c3ccccc32)c(=O)n(CCOC(=O)CC(C(=O)O)P2(=O)Oc3ccccc3-c3ccccc32)c1=O,O=C(CCP1(=O)Oc2ccccc2-c2ccccc21)OCCn1c(=O)n(CCOC(=O)CCP2(=O)Oc3ccccc3-c3ccccc32)c(=O)n(CCOC(=O)CCP2(=O)Oc3ccccc3-c3ccccc32)c1=O,59.1,26.0,0,molecule,formulation,baseline_inclusive,fixed,0,56.06099717937518,61.93761771789648,-13.330952733646946,137.2061881694399,1,O=C(CC(C(=O)O)P1(=O)Oc2ccccc2-c2ccccc21)OCCn1c(=O)n(CCOC(=O)CC(C(=O)O)P2(=O)Oc3ccccc3-c3ccccc32)c(=O)n(CCOC(=O)CC(C(=O)O)P2(=O)Oc3ccccc3-c3ccccc32)c1=O,O=C(CCP1(=O)Oc2ccccc2-c2ccccc21)OCCn1c(=O)n(CCOC(=O)CCP2(=O)Oc3ccccc3-c3ccccc32)c(=O)n(CCOC(=O)CCP2(=O)Oc3ccccc3-c3ccccc32)c1=O,,,0,O=C(CC(C(=O)O)P1(=O)Oc2ccccc2-c2ccccc21)OCCn1c(=O)n(CCOC(=O)CC(C(=O)O)P2(=O)Oc3ccccc3-c3ccccc32)c(=O)n(CCOC(=O)CC(C(=O)O)P2(=O)Oc3ccccc3-c3ccccc32)c1=O||<NO_CO>,3.039002820624823,9.23553814376563,0.39325842696629215,0.39325842696629215,,,0.39325842696629215,0.39325842696629215,0,0,1,1,0,0,0,1,1,0,0,317,96,5,Extrapolation,New_scaffold
THR,1,DOPO_EP_0154,TMD,,O=P(C(C(O)=O)CC(OCCN1C(N(C(N(C1=O)CCOC(CC(P2(C3=C(C4=C(O2)C=CC=C4)C=CC=C3)=O)C(O)=O)=O)=O)CCOC(CC(P5(C6=C(C7=C(O5)C=CC=C7)C=CC=C6)=O)C(O)=O)=O)=O)=O)(C8=C9C=CC=C8)OC%10=C9C=CC=C%10,,https://doi.org/10.1016/j.cej.2019.121916,O=C(CC(C(=O)O)P1(=O)Oc2ccccc2-c2ccccc21)OCCn1c(=O)n(CCOC(=O)CC(C(=O)O)P2(=O)Oc3ccccc3-c3ccccc32)c(=O)n(CCOC(=O)CC(C(=O)O)P2(=O)Oc3ccccc3-c3ccccc32)c1=O,O=C(CCP1(=O)Oc2ccccc2-c2ccccc21)OCCn1c(=O)n(CCOC(=O)CCP2(=O)Oc3ccccc3-c3ccccc32)c(=O)n(CCOC(=O)CCP2(=O)Oc3ccccc3-c3ccccc32)c1=O,59.2,19.5,0,molecule,formulation,baseline_inclusive,fixed,0,56.17069077898545,61.93761771789648,-13.330952733646946,137.2061881694399,1,O=C(CC(C(=O)O)P1(=O)Oc2ccccc2-c2ccccc21)OCCn1c(=O)n(CCOC(=O)CC(C(=O)O)P2(=O)Oc3ccccc3-c3ccccc32)c(=O)n(CCOC(=O)CC(C(=O)O)P2(=O)Oc3ccccc3-c3ccccc32)c1=O,O=C(CCP1(=O)Oc2ccccc2-c2ccccc21)OCCn1c(=O)n(CCOC(=O)CCP2(=O)Oc3ccccc3-c3ccccc32)c(=O)n(CCOC(=O)CCP2(=O)Oc3ccccc3-c3ccccc32)c1=O,,,0,O=C(CC(C(=O)O)P1(=O)Oc2ccccc2-c2ccccc21)OCCn1c(=O)n(CCOC(=O)CC(C(=O)O)P2(=O)Oc3ccccc3-c3ccccc32)c(=O)n(CCOC(=O)CC(C(=O)O)P2(=O)Oc3ccccc3-c3ccccc32)c1=O||<NO_CO>,3.0293092210145502,9.176714356523782,0.39325842696629215,0.39325842696629215,,,0.39325842696629215,0.39325842696629215,0,0,1,1,0,0,0,1,1,0,0,317,96,5,Extrapolation,New_scaffold
THR,1,DOPO_EP_0153,TMD,,O=P(C(C(O)=O)CC(OCCN1C(N(C(N(C1=O)CCOC(CC(P2(C3=C(C4=C(O2)C=CC=C4)C=CC=C3)=O)C(O)=O)=O)=O)CCOC(CC(P5(C6=C(C7=C(O5)C=CC=C7)C=CC=C6)=O)C(O)=O)=O)=O)=O)(C8=C9C=CC=C8)OC%10=C9C=CC=C%10,,https://doi.org/10.1016/j.cej.2019.121916,O=C(CC(C(=O)O)P1(=O)Oc2ccccc2-c2ccccc21)OCCn1c(=O)n(CCOC(=O)CC(C(=O)O)P2(=O)Oc3ccccc3-c3ccccc32)c(=O)n(CCOC(=O)CC(C(=O)O)P2(=O)Oc3ccccc3-c3ccccc32)c1=O,O=C(CCP1(=O)Oc2ccccc2-c2ccccc21)OCCn1c(=O)n(CCOC(=O)CCP2(=O)Oc3ccccc3-c3ccccc32)c(=O)n(CCOC(=O)CCP2(=O)Oc3ccccc3-c3ccccc32)c1=O,67.6,13.0,0,molecule,formulation,baseline_inclusive,fixed,0,58.93177190613808,64.47937141644974,-10.789199035093688,139.74794186799318,1,O=C(CC(C(=O)O)P1(=O)Oc2ccccc2-c2ccccc21)OCCn1c(=O)n(CCOC(=O)CC(C(=O)O)P2(=O)Oc3ccccc3-c3ccccc32)c(=O)n(CCOC(=O)CC(C(=O)O)P2(=O)Oc3ccccc3-c3ccccc32)c1=O,O=C(CCP1(=O)Oc2ccccc2-c2ccccc21)OCCn1c(=O)n(CCOC(=O)CCP2(=O)Oc3ccccc3-c3ccccc32)c(=O)n(CCOC(=O)CCP2(=O)Oc3ccccc3-c3ccccc32)c1=O,,,0,O=C(CC(C(=O)O)P1(=O)Oc2ccccc2-c2ccccc21)OCCn1c(=O)n(CCOC(=O)CC(C(=O)O)P2(=O)Oc3ccccc3-c3ccccc32)c(=O)n(CCOC(=O)CC(C(=O)O)P2(=O)Oc3ccccc3-c3ccccc32)c1=O||<NO_CO>,8.668228093861913,75.13817828721693,0.39325842696629215,0.39325842696629215,,,0.39325842696629215,0.39325842696629215,0,0,1,1,0,0,0,1,1,0,0,317,96,5,Extrapolation,New_scaffold
THR,1,DOPO_EP_0152,TMD,,O=P(C(C(O)=O)CC(OCCN1C(N(C(N(C1=O)CCOC(CC(P2(C3=C(C4=C(O2)C=CC=C4)C=CC=C3)=O)C(O)=O)=O)=O)CCOC(CC(P5(C6=C(C7=C(O5)C=CC=C7)C=CC=C6)=O)C(O)=O)=O)=O)=O)(C8=C9C=CC=C8)OC%10=C9C=CC=C%10,,https://doi.org/10.1016/j.cej.2019.121916,O=C(CC(C(=O)O)P1(=O)Oc2ccccc2-c2ccccc21)OCCn1c(=O)n(CCOC(=O)CC(C(=O)O)P2(=O)Oc3ccccc3-c3ccccc32)c(=O)n(CCOC(=O)CC(C(=O)O)P2(=O)Oc3ccccc3-c3ccccc32)c1=O,O=C(CCP1(=O)Oc2ccccc2-c2ccccc21)OCCn1c(=O)n(CCOC(=O)CCP2(=O)Oc3ccccc3-c3ccccc32)c(=O)n(CCOC(=O)CCP2(=O)Oc3ccccc3-c3ccccc32)c1=O,76.5,6.5,0,molecule,formulation,baseline_inclusive,fixed,0,65.2850505353141,68.52038701123831,-6.748183440305112,143.78895746278175,1,O=C(CC(C(=O)O)P1(=O)Oc2ccccc2-c2ccccc21)OCCn1c(=O)n(CCOC(=O)CC(C(=O)O)P2(=O)Oc3ccccc3-c3ccccc32)c(=O)n(CCOC(=O)CC(C(=O)O)P2(=O)Oc3ccccc3-c3ccccc32)c1=O,O=C(CCP1(=O)Oc2ccccc2-c2ccccc21)OCCn1c(=O)n(CCOC(=O)CCP2(=O)Oc3ccccc3-c3ccccc32)c(=O)n(CCOC(=O)CCP2(=O)Oc3ccccc3-c3ccccc32)c1=O,,,0,O=C(CC(C(=O)O)P1(=O)Oc2ccccc2-c2ccccc21)OCCn1c(=O)n(CCOC(=O)CC(C(=O)O)P2(=O)Oc3ccccc3-c3ccccc32)c(=O)n(CCOC(=O)CC(C(=O)O)P2(=O)Oc3ccccc3-c3ccccc32)c1=O||<NO_CO>,11.214949464685901,125.77509149545858,0.39325842696629215,0.39325842696629215,,,0.39325842696629215,0.39325842696629215,0,0,1,1,0,0,0,1,1,0,0,317,96,5,Extrapolation,New_scaffold
THR,1,DOPO_EP_0151,TMD,,O=P(C(C(O)=O)CC(OCCN1C(N(C(N(C1=O)CCOC(CC(P2(C3=C(C4=C(O2)C=CC=C4)C=CC=C3)=O)C(O)=O)=O)=O)CCOC(CC(P5(C6=C(C7=C(O5)C=CC=C7)C=CC=C6)=O)C(O)=O)=O)=O)=O)(C8=C9C=CC=C8)OC%10=C9C=CC=C%10,,https://doi.org/10.1016/j.cej.2019.121916,O=C(CC(C(=O)O)P1(=O)Oc2ccccc2-c2ccccc21)OCCn1c(=O)n(CCOC(=O)CC(C(=O)O)P2(=O)Oc3ccccc3-c3ccccc32)c(=O)n(CCOC(=O)CC(C(=O)O)P2(=O)Oc3ccccc3-c3ccccc32)c1=O,O=C(CCP1(=O)Oc2ccccc2-c2ccccc21)OCCn1c(=O)n(CCOC(=O)CCP2(=O)Oc3ccccc3-c3ccccc32)c(=O)n(CCOC(=O)CCP2(=O)Oc3ccccc3-c3ccccc32)c1=O,86.3,0.0,1,molecule,formulation,baseline_inclusive,fixed,0,100.3011877932658,96.5314295484566,21.26285909691316,171.8,1,O=C(CC(C(=O)O)P1(=O)Oc2ccccc2-c2ccccc21)OCCn1c(=O)n(CCOC(=O)CC(C(=O)O)P2(=O)Oc3ccccc3-c3ccccc32)c(=O)n(CCOC(=O)CC(C(=O)O)P2(=O)Oc3ccccc3-c3ccccc32)c1=O,O=C(CCP1(=O)Oc2ccccc2-c2ccccc21)OCCn1c(=O)n(CCOC(=O)CCP2(=O)Oc3ccccc3-c3ccccc32)c(=O)n(CCOC(=O)CCP2(=O)Oc3ccccc3-c3ccccc32)c1=O,,,0,O=C(CC(C(=O)O)P1(=O)Oc2ccccc2-c2ccccc21)OCCn1c(=O)n(CCOC(=O)CC(C(=O)O)P2(=O)Oc3ccccc3-c3ccccc32)c(=O)n(CCOC(=O)CC(C(=O)O)P2(=O)Oc3ccccc3-c3ccccc32)c1=O||<NO_CO>,14.0011877932658,196.03325962229522,0.39325842696629215,0.39325842696629215,,,0.39325842696629215,0.39325842696629215,0,0,1,1,0,0,0,1,1,0,0,317,96,5,Extrapolation,New_scaffold
THR,1,DOPO_EP_0150,DTB,,CCC(O)CN1C(N(C(N(C1=O)CC(O)CP2(C3=C(C4=C(O2)C=CC=C4)C=CC=C3)=O)=O)CC(O)COB(OC)O)=O,,https://doi.org/10.1016/j.polymdegradstab.2016.09.023,CCC(O)Cn1c(=O)n(CC(O)COB(O)OC)c(=O)n(CC(O)CP2(=O)Oc3ccccc3-c3ccccc32)c1=O,O=c1[nH]c(=O)n(CCCP2(=O)Oc3ccccc3-c3ccccc32)c(=O)[nH]1,58.4,20.0,0,molecule,formulation,baseline_inclusive,fixed,0,60.527794528688986,61.04102560189067,-14.22754484965276,136.3095960534341,1,CCC(O)Cn1c(=O)n(CC(O)COB(O)OC)c(=O)n(CC(O)CP2(=O)Oc3ccccc3-c3ccccc32)c1=O,O=c1[nH]c(=O)n(CCCP2(=O)Oc3ccccc3-c3ccccc32)c(=O)[nH]1,,,0,CCC(O)Cn1c(=O)n(CC(O)COB(O)OC)c(=O)n(CC(O)CP2(=O)Oc3ccccc3-c3ccccc32)c1=O||<NO_CO>,2.1277945286889874,4.52750955631879,0.7,0.7,,,0.7,0.7,0,0,1,1,0,1,1,1,1,1,1,317,96,5,In_domain,Seen_scaffold
THR,1,DOPO_EP_0149,DTB,,CCC(O)CN1C(N(C(N(C1=O)CC(O)CP2(C3=C(C4=C(O2)C=CC=C4)C=CC=C3)=O)=O)CC(O)COB(OC)O)=O,,https://doi.org/10.1016/j.polymdegradstab.2016.09.023,CCC(O)Cn1c(=O)n(CC(O)COB(O)OC)c(=O)n(CC(O)CP2(=O)Oc3ccccc3-c3ccccc32)c1=O,O=c1[nH]c(=O)n(CCCP2(=O)Oc3ccccc3-c3ccccc32)c(=O)[nH]1,54.7,15.0,0,molecule,formulation,baseline_inclusive,fixed,0,62.42531041908097,62.466956959694286,-12.80161349184914,137.7355274112377,1,CCC(O)Cn1c(=O)n(CC(O)COB(O)OC)c(=O)n(CC(O)CP2(=O)Oc3ccccc3-c3ccccc32)c1=O,O=c1[nH]c(=O)n(CCCP2(=O)Oc3ccccc3-c3ccccc32)c(=O)[nH]1,,,0,CCC(O)Cn1c(=O)n(CC(O)COB(O)OC)c(=O)n(CC(O)CP2(=O)Oc3ccccc3-c3ccccc32)c1=O||<NO_CO>,7.725310419080969,59.680421071160985,0.7,0.7,,,0.7,0.7,0,0,1,1,0,1,1,1,1,1,1,317,96,5,In_domain,Seen_scaffold
THR,1,DOPO_EP_0148,DTB,,CCC(O)CN1C(N(C(N(C1=O)CC(O)CP2(C3=C(C4=C(O2)C=CC=C4)C=CC=C3)=O)=O)CC(O)COB(OC)O)=O,,https://doi.org/10.1016/j.polymdegradstab.2016.09.023,CCC(O)Cn1c(=O)n(CC(O)COB(O)OC)c(=O)n(CC(O)CP2(=O)Oc3ccccc3-c3ccccc32)c1=O,O=c1[nH]c(=O)n(CCCP2(=O)Oc3ccccc3-c3ccccc32)c(=O)[nH]1,58.7,10.0,0,molecule,formulation,baseline_inclusive,fixed,0,66.52010193665899,65.88858623937618,-9.379984212167244,141.1571566909196,1,CCC(O)Cn1c(=O)n(CC(O)COB(O)OC)c(=O)n(CC(O)CP2(=O)Oc3ccccc3-c3ccccc32)c1=O,O=c1[nH]c(=O)n(CCCP2(=O)Oc3ccccc3-c3ccccc32)c(=O)[nH]1,,,0,CCC(O)Cn1c(=O)n(CC(O)COB(O)OC)c(=O)n(CC(O)CP2(=O)Oc3ccccc3-c3ccccc32)c1=O||<NO_CO>,7.820101936658986,61.153994299737626,0.7,0.7,,,0.7,0.7,0,0,1,1,0,1,1,1,1,1,1,317,96,5,In_domain,Seen_scaffold
THR,1,DOPO_EP_0147,DTB,,CCC(O)CN1C(N(C(N(C1=O)CC(O)CP2(C3=C(C4=C(O2)C=CC=C4)C=CC=C3)=O)=O)CC(O)COB(OC)O)=O,,https://doi.org/10.1016/j.polymdegradstab.2016.09.023,CCC(O)Cn1c(=O)n(CC(O)COB(O)OC)c(=O)n(CC(O)CP2(=O)Oc3ccccc3-c3ccccc32)c1=O,O=c1[nH]c(=O)n(CCCP2(=O)Oc3ccccc3-c3ccccc32)c(=O)[nH]1,61.4,7.0,0,molecule,formulation,baseline_inclusive,fixed,0,68.09711154131136,66.94045272089886,-8.328117730644564,142.2090231724423,1,CCC(O)Cn1c(=O)n(CC(O)COB(O)OC)c(=O)n(CC(O)CP2(=O)Oc3ccccc3-c3ccccc32)c1=O,O=c1[nH]c(=O)n(CCCP2(=O)Oc3ccccc3-c3ccccc32)c(=O)[nH]1,,,0,CCC(O)Cn1c(=O)n(CC(O)COB(O)OC)c(=O)n(CC(O)CP2(=O)Oc3ccccc3-c3ccccc32)c1=O||<NO_CO>,6.697111541311365,44.85130299676589,0.7,0.7,,,0.7,0.7,0,0,1,1,0,1,1,1,1,1,1,317,96,5,In_domain,Seen_scaffold
THR,1,DOPO_EP_0146,DTB,,CCC(O)CN1C(N(C(N(C1=O)CC(O)CP2(C3=C(C4=C(O2)C=CC=C4)C=CC=C3)=O)=O)CC(O)COB(OC)O)=O,,https://doi.org/10.1016/j.polymdegradstab.2016.09.023,CCC(O)Cn1c(=O)n(CC(O)COB(O)OC)c(=O)n(CC(O)CP2(=O)Oc3ccccc3-c3ccccc32)c1=O,O=c1[nH]c(=O)n(CCCP2(=O)Oc3ccccc3-c3ccccc32)c(=O)[nH]1,81.6,0.0,1,molecule,formulation,baseline_inclusive,fixed,0,100.3011877932658,96.5314295484566,21.26285909691316,171.8,1,CCC(O)Cn1c(=O)n(CC(O)COB(O)OC)c(=O)n(CC(O)CP2(=O)Oc3ccccc3-c3ccccc32)c1=O,O=c1[nH]c(=O)n(CCCP2(=O)Oc3ccccc3-c3ccccc32)c(=O)[nH]1,,,0,CCC(O)Cn1c(=O)n(CC(O)COB(O)OC)c(=O)n(CC(O)CP2(=O)Oc3ccccc3-c3ccccc32)c1=O||<NO_CO>,18.701187793265802,349.7344248789939,0.7,0.7,,,0.7,0.7,0,0,1,1,0,1,1,1,1,1,1,317,96,5,In_domain,Seen_scaffold
THR,1,DOPO_EP_0115,DTA,,O=P(C1=C2C=CC=C1)(C(NC3=NC4=C(N3)C=CC=C4)C5=CC=C(C(P6(C7=C(C8=C(O6)C=CC=C8)C=CC=C7)=O)NC9=NC%10=C(N9)C=CC=C%10)C=C5)OC%11=C2C=CC=C%11,,https://doi.org/10.1016/j.polymdegradstab.2019.03.003,O=P1(C(Nc2nc3ccccc3[nH]2)c2ccc(C(Nc3nc4ccccc4[nH]3)P3(=O)Oc4ccccc4-c4ccccc43)cc2)Oc2ccccc2-c2ccccc21,O=P1(C(Nc2nc3ccccc3[nH]2)c2ccc(C(Nc3nc4ccccc4[nH]3)P3(=O)Oc4ccccc4-c4ccccc43)cc2)Oc2ccccc2-c2ccccc21,52.9,18.7,0,molecule,formulation,baseline_inclusive,fixed,0,55.0352199818492,55.67908452270985,-19.58948592883357,130.94765497425328,1,O=P1(C(Nc2nc3ccccc3[nH]2)c2ccc(C(Nc3nc4ccccc4[nH]3)P3(=O)Oc4ccccc4-c4ccccc43)cc2)Oc2ccccc2-c2ccccc21,O=P1(C(Nc2nc3ccccc3[nH]2)c2ccc(C(Nc3nc4ccccc4[nH]3)P3(=O)Oc4ccccc4-c4ccccc43)cc2)Oc2ccccc2-c2ccccc21,,,0,O=P1(C(Nc2nc3ccccc3[nH]2)c2ccc(C(Nc3nc4ccccc4[nH]3)P3(=O)Oc4ccccc4-c4ccccc43)cc2)Oc2ccccc2-c2ccccc21||<NO_CO>,2.135219981849204,4.559164370888115,0.5666666666666667,0.5666666666666667,,,0.5666666666666667,0.5666666666666667,0,0,1,1,0,0,0,1,1,0,0,317,96,5,Caution,New_scaffold
THR,1,DOPO_EP_0114,DTA,,O=P(C1=C2C=CC=C1)(C(NC3=NC4=C(N3)C=CC=C4)C5=CC=C(C(P6(C7=C(C8=C(O6)C=CC=C8)C=CC=C7)=O)NC9=NC%10=C(N9)C=CC=C%10)C=C5)OC%11=C2C=CC=C%11,,https://doi.org/10.1016/j.polymdegradstab.2019.03.003,O=P1(C(Nc2nc3ccccc3[nH]2)c2ccc(C(Nc3nc4ccccc4[nH]3)P3(=O)Oc4ccccc4-c4ccccc43)cc2)Oc2ccccc2-c2ccccc21,O=P1(C(Nc2nc3ccccc3[nH]2)c2ccc(C(Nc3nc4ccccc4[nH]3)P3(=O)Oc4ccccc4-c4ccccc43)cc2)Oc2ccccc2-c2ccccc21,61.1,13.7,0,molecule,formulation,baseline_inclusive,fixed,0,57.64237593146112,57.80709326776453,-17.461477183778896,133.07566371930795,1,O=P1(C(Nc2nc3ccccc3[nH]2)c2ccc(C(Nc3nc4ccccc4[nH]3)P3(=O)Oc4ccccc4-c4ccccc43)cc2)Oc2ccccc2-c2ccccc21,O=P1(C(Nc2nc3ccccc3[nH]2)c2ccc(C(Nc3nc4ccccc4[nH]3)P3(=O)Oc4ccccc4-c4ccccc43)cc2)Oc2ccccc2-c2ccccc21,,,0,O=P1(C(Nc2nc3ccccc3[nH]2)c2ccc(C(Nc3nc4ccccc4[nH]3)P3(=O)Oc4ccccc4-c4ccccc43)cc2)Oc2ccccc2-c2ccccc21||<NO_CO>,3.457624068538884,11.955164199339384,0.5666666666666667,0.5666666666666667,,,0.5666666666666667,0.5666666666666667,0,0,1,1,0,0,0,1,1,0,0,317,96,5,Caution,New_scaffold
THR,2,DOPO_EP_0020,BPD,,O=P(C1=C2C=CC=C1)(C(NC3=NC4=C(S3)C=CC=C4)C5=CC=C(C(P6(C7=C(C8=C(O6)C=CC=C8)C=CC=C7)=O)NC9=NC%10=C(S9)C=CC=C%10)C=C5)OC%11=C2C=CC=C%11,,https://doi.org/10.1002/pat.4145,O=P1(C(Nc2nc3ccccc3s2)c2ccc(C(Nc3nc4ccccc4s3)P3(=O)Oc4ccccc4-c4ccccc43)cc2)Oc2ccccc2-c2ccccc21,O=P1(C(Nc2nc3ccccc3s2)c2ccc(C(Nc3nc4ccccc4s3)P3(=O)Oc4ccccc4-c4ccccc43)cc2)Oc2ccccc2-c2ccccc21,93.0,0.0,1,molecule,formulation,baseline_inclusive,fixed,0,100.63281044759314,101.55400461537408,57.0,146.10800923074814,1,O=P1(C(Nc2nc3ccccc3s2)c2ccc(C(Nc3nc4ccccc4s3)P3(=O)Oc4ccccc4-c4ccccc43)cc2)Oc2ccccc2-c2ccccc21,O=P1(C(Nc2nc3ccccc3s2)c2ccc(C(Nc3nc4ccccc4s3)P3(=O)Oc4ccccc4-c4ccccc43)cc2)Oc2ccccc2-c2ccccc21,,,0,O=P1(C(Nc2nc3ccccc3s2)c2ccc(C(Nc3nc4ccccc4s3)P3(=O)Oc4ccccc4-c4ccccc43)cc2)Oc2ccccc2-c2ccccc21||<NO_CO>,7.632810447593144,58.25979532888705,0.7415730337078652,0.7415730337078652,,,0.7415730337078652,0.7415730337078652,0,0,1,1,0,0,0,1,1,0,0,317,95,4,In_domain,New_scaffold
THR,2,DOPO_EP_0021,BPD,,O=P(C1=C2C=CC=C1)(C(NC3=NC4=C(S3)C=CC=C4)C5=CC=C(C(P6(C7=C(C8=C(O6)C=CC=C8)C=CC=C7)=O)NC9=NC%10=C(S9)C=CC=C%10)C=C5)OC%11=C2C=CC=C%11,,https://doi.org/10.1002/pat.4145,O=P1(C(Nc2nc3ccccc3s2)c2ccc(C(Nc3nc4ccccc4s3)P3(=O)Oc4ccccc4-c4ccccc43)cc2)Oc2ccccc2-c2ccccc21,O=P1(C(Nc2nc3ccccc3s2)c2ccc(C(Nc3nc4ccccc4s3)P3(=O)Oc4ccccc4-c4ccccc43)cc2)Oc2ccccc2-c2ccccc21,78.9,3.35,0,molecule,formulation,baseline_inclusive,fixed,0,84.50934881979731,80.67852371603982,36.12451910066575,125.23252833141387,1,O=P1(C(Nc2nc3ccccc3s2)c2ccc(C(Nc3nc4ccccc4s3)P3(=O)Oc4ccccc4-c4ccccc43)cc2)Oc2ccccc2-c2ccccc21,O=P1(C(Nc2nc3ccccc3s2)c2ccc(C(Nc3nc4ccccc4s3)P3(=O)Oc4ccccc4-c4ccccc43)cc2)Oc2ccccc2-c2ccccc21,,,0,O=P1(C(Nc2nc3ccccc3s2)c2ccc(C(Nc3nc4ccccc4s3)P3(=O)Oc4ccccc4-c4ccccc43)cc2)Oc2ccccc2-c2ccccc21||<NO_CO>,5.6093488197973045,31.464794182161413,0.7415730337078652,0.7415730337078652,,,0.7415730337078652,0.7415730337078652,0,0,1,1,0,0,0,1,1,0,0,317,95,4,In_domain,New_scaffold
THR,2,DOPO_EP_0022,BPD,,O=P(C1=C2C=CC=C1)(C(NC3=NC4=C(S3)C=CC=C4)C5=CC=C(C(P6(C7=C(C8=C(O6)C=CC=C8)C=CC=C7)=O)NC9=NC%10=C(S9)C=CC=C%10)C=C5)OC%11=C2C=CC=C%11,,https://doi.org/10.1002/pat.4145,O=P1(C(Nc2nc3ccccc3s2)c2ccc(C(Nc3nc4ccccc4s3)P3(=O)Oc4ccccc4-c4ccccc43)cc2)Oc2ccccc2-c2ccccc21,O=P1(C(Nc2nc3ccccc3s2)c2ccc(C(Nc3nc4ccccc4s3)P3(=O)Oc4ccccc4-c4ccccc43)cc2)Oc2ccccc2-c2ccccc21,69.8,6.71,0,molecule,formulation,baseline_inclusive,fixed,0,78.30492289950334,74.043440540293,29.489435924918936,118.59744515566707,1,O=P1(C(Nc2nc3ccccc3s2)c2ccc(C(Nc3nc4ccccc4s3)P3(=O)Oc4ccccc4-c4ccccc43)cc2)Oc2ccccc2-c2ccccc21,O=P1(C(Nc2nc3ccccc3s2)c2ccc(C(Nc3nc4ccccc4s3)P3(=O)Oc4ccccc4-c4ccccc43)cc2)Oc2ccccc2-c2ccccc21,,,0,O=P1(C(Nc2nc3ccccc3s2)c2ccc(C(Nc3nc4ccccc4s3)P3(=O)Oc4ccccc4-c4ccccc43)cc2)Oc2ccccc2-c2ccccc21||<NO_CO>,8.504922899503342,72.33371352649633,0.7415730337078652,0.7415730337078652,,,0.7415730337078652,0.7415730337078652,0,0,1,1,0,0,0,1,1,0,0,317,95,4,In_domain,New_scaffold
THR,2,DOPO_EP_0023,BPD,,O=P(C1=C2C=CC=C1)(C(NC3=NC4=C(S3)C=CC=C4)C5=CC=C(C(P6(C7=C(C8=C(O6)C=CC=C8)C=CC=C7)=O)NC9=NC%10=C(S9)C=CC=C%10)C=C5)OC%11=C2C=CC=C%11,,https://doi.org/10.1002/pat.4145,O=P1(C(Nc2nc3ccccc3s2)c2ccc(C(Nc3nc4ccccc4s3)P3(=O)Oc4ccccc4-c4ccccc43)cc2)Oc2ccccc2-c2ccccc21,O=P1(C(Nc2nc3ccccc3s2)c2ccc(C(Nc3nc4ccccc4s3)P3(=O)Oc4ccccc4-c4ccccc43)cc2)Oc2ccccc2-c2ccccc21,63.8,10.06,0,molecule,formulation,baseline_inclusive,fixed,0,75.98060623731813,68.84413692620201,24.290132310827943,113.39814154157608,1,O=P1(C(Nc2nc3ccccc3s2)c2ccc(C(Nc3nc4ccccc4s3)P3(=O)Oc4ccccc4-c4ccccc43)cc2)Oc2ccccc2-c2ccccc21,O=P1(C(Nc2nc3ccccc3s2)c2ccc(C(Nc3nc4ccccc4s3)P3(=O)Oc4ccccc4-c4ccccc43)cc2)Oc2ccccc2-c2ccccc21,,,0,O=P1(C(Nc2nc3ccccc3s2)c2ccc(C(Nc3nc4ccccc4s3)P3(=O)Oc4ccccc4-c4ccccc43)cc2)Oc2ccccc2-c2ccccc21||<NO_CO>,12.18060623731813,148.36716830859334,0.7415730337078652,0.7415730337078652,,,0.7415730337078652,0.7415730337078652,0,0,1,1,0,0,0,1,1,0,0,317,95,4,In_domain,New_scaffold
THR,2,DOPO_EP_0024,BPD,,O=P(C1=C2C=CC=C1)(C(NC3=NC4=C(S3)C=CC=C4)C5=CC=C(C(P6(C7=C(C8=C(O6)C=CC=C8)C=CC=C7)=O)NC9=NC%10=C(S9)C=CC=C%10)C=C5)OC%11=C2C=CC=C%11,,https://doi.org/10.1002/pat.4145,O=P1(C(Nc2nc3ccccc3s2)c2ccc(C(Nc3nc4ccccc4s3)P3(=O)Oc4ccccc4-c4ccccc43)cc2)Oc2ccccc2-c2ccccc21,O=P1(C(Nc2nc3ccccc3s2)c2ccc(C(Nc3nc4ccccc4s3)P3(=O)Oc4ccccc4-c4ccccc43)cc2)Oc2ccccc2-c2ccccc21,59.1,13.41,0,molecule,formulation,baseline_inclusive,fixed,0,71.85655929048943,66.6249936931167,22.07098907774264,111.17899830849078,1,O=P1(C(Nc2nc3ccccc3s2)c2ccc(C(Nc3nc4ccccc4s3)P3(=O)Oc4ccccc4-c4ccccc43)cc2)Oc2ccccc2-c2ccccc21,O=P1(C(Nc2nc3ccccc3s2)c2ccc(C(Nc3nc4ccccc4s3)P3(=O)Oc4ccccc4-c4ccccc43)cc2)Oc2ccccc2-c2ccccc21,,,0,O=P1(C(Nc2nc3ccccc3s2)c2ccc(C(Nc3nc4ccccc4s3)P3(=O)Oc4ccccc4-c4ccccc43)cc2)Oc2ccccc2-c2ccccc21||<NO_CO>,12.756559290489427,162.72980493177212,0.7415730337078652,0.7415730337078652,,,0.7415730337078652,0.7415730337078652,0,0,1,1,0,0,0,1,1,0,0,317,95,4,In_domain,New_scaffold
THR,2,DOPO_EP_0042,POBDBI,,O=P(C(NC1=CC2=C(NC(N2)=O)C=C1)C3=CC=C(C(P4(C5=C(C6=C(O4)C=CC=C6)C=CC=C5)=O)NC7=CC=C8C(NC(N8)=O)=C7)C=C3)(C9=CC=CC=C%109)OC%11=C%10C=CC=C%11,,https://doi.org/10.1016/j.polymdegradstab.2020.109426,O=c1[nH]c2ccc(NC(c3ccc(C(Nc4ccc5[nH]c(=O)[nH]c5c4)P4(=O)Oc5ccccc5-c5ccccc54)cc3)P3(=O)Oc4ccccc4-c4ccccc43)cc2[nH]1,O=c1[nH]c2ccc(NC(c3ccc(C(Nc4ccc5[nH]c(=O)[nH]c5c4)P4(=O)Oc5ccccc5-c5ccccc54)cc3)P3(=O)Oc4ccccc4-c4ccccc43)cc2[nH]1,76.0,0.0,1,molecule,formulation,baseline_inclusive,fixed,0,100.63281044759314,101.55400461537408,57.0,146.10800923074814,1,O=c1[nH]c2ccc(NC(c3ccc(C(Nc4ccc5[nH]c(=O)[nH]c5c4)P4(=O)Oc5ccccc5-c5ccccc54)cc3)P3(=O)Oc4ccccc4-c4ccccc43)cc2[nH]1,O=c1[nH]c2ccc(NC(c3ccc(C(Nc4ccc5[nH]c(=O)[nH]c5c4)P4(=O)Oc5ccccc5-c5ccccc54)cc3)P3(=O)Oc4ccccc4-c4ccccc43)cc2[nH]1,,,0,O=c1[nH]c2ccc(NC(c3ccc(C(Nc4ccc5[nH]c(=O)[nH]c5c4)P4(=O)Oc5ccccc5-c5ccccc54)cc3)P3(=O)Oc4ccccc4-c4ccccc43)cc2[nH]1||<NO_CO>,24.632810447593144,606.7753505470539,0.532608695652174,0.532608695652174,,,0.532608695652174,0.532608695652174,0,0,1,1,0,0,0,1,1,0,0,317,95,4,Caution,New_scaffold
THR,2,DOPO_EP_0043,POBDBI,,O=P(C(NC1=CC2=C(NC(N2)=O)C=C1)C3=CC=C(C(P4(C5=C(C6=C(O4)C=CC=C6)C=CC=C5)=O)NC7=CC=C8C(NC(N8)=O)=C7)C=C3)(C9=CC=CC=C%109)OC%11=C%10C=CC=C%11,,https://doi.org/10.1016/j.polymdegradstab.2020.109426,O=c1[nH]c2ccc(NC(c3ccc(C(Nc4ccc5[nH]c(=O)[nH]c5c4)P4(=O)Oc5ccccc5-c5ccccc54)cc3)P3(=O)Oc4ccccc4-c4ccccc43)cc2[nH]1,O=c1[nH]c2ccc(NC(c3ccc(C(Nc4ccc5[nH]c(=O)[nH]c5c4)P4(=O)Oc5ccccc5-c5ccccc54)cc3)P3(=O)Oc4ccccc4-c4ccccc43)cc2[nH]1,70.0,6.69,0,molecule,formulation,baseline_inclusive,fixed,0,64.6295495997326,64.44317640128976,19.889171785915693,108.99718101666384,1,O=c1[nH]c2ccc(NC(c3ccc(C(Nc4ccc5[nH]c(=O)[nH]c5c4)P4(=O)Oc5ccccc5-c5ccccc54)cc3)P3(=O)Oc4ccccc4-c4ccccc43)cc2[nH]1,O=c1[nH]c2ccc(NC(c3ccc(C(Nc4ccc5[nH]c(=O)[nH]c5c4)P4(=O)Oc5ccccc5-c5ccccc54)cc3)P3(=O)Oc4ccccc4-c4ccccc43)cc2[nH]1,,,0,O=c1[nH]c2ccc(NC(c3ccc(C(Nc4ccc5[nH]c(=O)[nH]c5c4)P4(=O)Oc5ccccc5-c5ccccc54)cc3)P3(=O)Oc4ccccc4-c4ccccc43)cc2[nH]1||<NO_CO>,5.370450400267401,28.841737501732293,0.532608695652174,0.532608695652174,,,0.532608695652174,0.532608695652174,0,0,1,1,0,0,0,1,1,0,0,317,95,4,Caution,New_scaffold
THR,2,DOPO_EP_0044,POBDBI,,O=P(C(NC1=CC2=C(NC(N2)=O)C=C1)C3=CC=C(C(P4(C5=C(C6=C(O4)C=CC=C6)C=CC=C5)=O)NC7=CC=C8C(NC(N8)=O)=C7)C=C3)(C9=CC=CC=C%109)OC%11=C%10C=CC=C%11,,https://doi.org/10.1016/j.polymdegradstab.2020.109426,O=c1[nH]c2ccc(NC(c3ccc(C(Nc4ccc5[nH]c(=O)[nH]c5c4)P4(=O)Oc5ccccc5-c5ccccc54)cc3)P3(=O)Oc4ccccc4-c4ccccc43)cc2[nH]1,O=c1[nH]c2ccc(NC(c3ccc(C(Nc4ccc5[nH]c(=O)[nH]c5c4)P4(=O)Oc5ccccc5-c5ccccc54)cc3)P3(=O)Oc4ccccc4-c4ccccc43)cc2[nH]1,66.0,10.03,0,molecule,formulation,baseline_inclusive,fixed,0,62.63624246355913,62.48094669937508,17.926942084001013,107.03495131474916,1,O=c1[nH]c2ccc(NC(c3ccc(C(Nc4ccc5[nH]c(=O)[nH]c5c4)P4(=O)Oc5ccccc5-c5ccccc54)cc3)P3(=O)Oc4ccccc4-c4ccccc43)cc2[nH]1,O=c1[nH]c2ccc(NC(c3ccc(C(Nc4ccc5[nH]c(=O)[nH]c5c4)P4(=O)Oc5ccccc5-c5ccccc54)cc3)P3(=O)Oc4ccccc4-c4ccccc43)cc2[nH]1,,,0,O=c1[nH]c2ccc(NC(c3ccc(C(Nc4ccc5[nH]c(=O)[nH]c5c4)P4(=O)Oc5ccccc5-c5ccccc54)cc3)P3(=O)Oc4ccccc4-c4ccccc43)cc2[nH]1||<NO_CO>,3.363757536440872,11.314864763962763,0.532608695652174,0.532608695652174,,,0.532608695652174,0.532608695652174,0,0,1,1,0,0,0,1,1,0,0,317,95,4,Caution,New_scaffold
THR,2,DOPO_EP_0045,POBDBI,,O=P(C(NC1=CC2=C(NC(N2)=O)C=C1)C3=CC=C(C(P4(C5=C(C6=C(O4)C=CC=C6)C=CC=C5)=O)NC7=CC=C8C(NC(N8)=O)=C7)C=C3)(C9=CC=CC=C%109)OC%11=C%10C=CC=C%11,,https://doi.org/10.1016/j.polymdegradstab.2020.109426,O=c1[nH]c2ccc(NC(c3ccc(C(Nc4ccc5[nH]c(=O)[nH]c5c4)P4(=O)Oc5ccccc5-c5ccccc54)cc3)P3(=O)Oc4ccccc4-c4ccccc43)cc2[nH]1,O=c1[nH]c2ccc(NC(c3ccc(C(Nc4ccc5[nH]c(=O)[nH]c5c4)P4(=O)Oc5ccccc5-c5ccccc54)cc3)P3(=O)Oc4ccccc4-c4ccccc43)cc2[nH]1,69.5,13.38,0,molecule,formulation,baseline_inclusive,fixed,0,56.00355496392342,54.84646217292831,10.292457557554243,99.40046678830238,1,O=c1[nH]c2ccc(NC(c3ccc(C(Nc4ccc5[nH]c(=O)[nH]c5c4)P4(=O)Oc5ccccc5-c5ccccc54)cc3)P3(=O)Oc4ccccc4-c4ccccc43)cc2[nH]1,O=c1[nH]c2ccc(NC(c3ccc(C(Nc4ccc5[nH]c(=O)[nH]c5c4)P4(=O)Oc5ccccc5-c5ccccc54)cc3)P3(=O)Oc4ccccc4-c4ccccc43)cc2[nH]1,,,0,O=c1[nH]c2ccc(NC(c3ccc(C(Nc4ccc5[nH]c(=O)[nH]c5c4)P4(=O)Oc5ccccc5-c5ccccc54)cc3)P3(=O)Oc4ccccc4-c4ccccc43)cc2[nH]1||<NO_CO>,13.49644503607658,182.15402861183614,0.532608695652174,0.532608695652174,,,0.532608695652174,0.532608695652174,0,0,1,1,0,0,0,1,1,0,0,317,95,4,Caution,New_scaffold
THR,2,DOPO_EP_0046,BMP,,O=P(C1=C2C=CC=C1)(C3CC(N(C3=O)C4=CC=C(CC5=CC=C(N6C(CC(P7(C8=C(C9=C(O7)C=CC=C9)C=CC=C8)=O)C6=O)=O)C=C5)C=C4)=O)OC%10=C2C=CC=C%10,,https://doi.org/10.1016/j.compositesb.2021.109553,O=C1CC(P2(=O)Oc3ccccc3-c3ccccc32)C(=O)N1c1ccc(Cc2ccc(N3C(=O)CC(P4(=O)Oc5ccccc5-c5ccccc54)C3=O)cc2)cc1,O=C1CC(P2(=O)Oc3ccccc3-c3ccccc32)C(=O)N1c1ccc(Cc2ccc(N3C(=O)CC(P4(=O)Oc5ccccc5-c5ccccc54)C3=O)cc2)cc1,77.0,0.0,1,molecule,formulation,baseline_inclusive,fixed,0,100.63281044759314,101.55400461537408,57.0,146.10800923074814,1,O=C1CC(P2(=O)Oc3ccccc3-c3ccccc32)C(=O)N1c1ccc(Cc2ccc(N3C(=O)CC(P4(=O)Oc5ccccc5-c5ccccc54)C3=O)cc2)cc1,O=C1CC(P2(=O)Oc3ccccc3-c3ccccc32)C(=O)N1c1ccc(Cc2ccc(N3C(=O)CC(P4(=O)Oc5ccccc5-c5ccccc54)C3=O)cc2)cc1,,,0,O=C1CC(P2(=O)Oc3ccccc3-c3ccccc32)C(=O)N1c1ccc(Cc2ccc(N3C(=O)CC(P4(=O)Oc5ccccc5-c5ccccc54)C3=O)cc2)cc1||<NO_CO>,23.632810447593144,558.5097296518677,0.6867469879518072,0.6867469879518072,,,0.6867469879518072,0.6867469879518072,0,0,1,1,0,0,0,1,1,0,0,317,95,4,Caution,New_scaffold
THR,2,DOPO_EP_0047,BMP,,O=P(C1=C2C=CC=C1)(C3CC(N(C3=O)C4=CC=C(CC5=CC=C(N6C(CC(P7(C8=C(C9=C(O7)C=CC=C9)C=CC=C8)=O)C6=O)=O)C=C5)C=C4)=O)OC%10=C2C=CC=C%10,,https://doi.org/10.1016/j.compositesb.2021.109553,O=C1CC(P2(=O)Oc3ccccc3-c3ccccc32)C(=O)N1c1ccc(Cc2ccc(N3C(=O)CC(P4(=O)Oc5ccccc5-c5ccccc54)C3=O)cc2)cc1,O=C1CC(P2(=O)Oc3ccccc3-c3ccccc32)C(=O)N1c1ccc(Cc2ccc(N3C(=O)CC(P4(=O)Oc5ccccc5-c5ccccc54)C3=O)cc2)cc1,66.0,8.0,0,molecule,formulation,baseline_inclusive,fixed,0,59.19590279972079,62.8429960629426,18.28899144756853,107.39700067831669,1,O=C1CC(P2(=O)Oc3ccccc3-c3ccccc32)C(=O)N1c1ccc(Cc2ccc(N3C(=O)CC(P4(=O)Oc5ccccc5-c5ccccc54)C3=O)cc2)cc1,O=C1CC(P2(=O)Oc3ccccc3-c3ccccc32)C(=O)N1c1ccc(Cc2ccc(N3C(=O)CC(P4(=O)Oc5ccccc5-c5ccccc54)C3=O)cc2)cc1,,,0,O=C1CC(P2(=O)Oc3ccccc3-c3ccccc32)C(=O)N1c1ccc(Cc2ccc(N3C(=O)CC(P4(=O)Oc5ccccc5-c5ccccc54)C3=O)cc2)cc1||<NO_CO>,6.804097200279209,46.29573871084737,0.6867469879518072,0.6867469879518072,,,0.6867469879518072,0.6867469879518072,0,0,1,1,0,0,0,1,1,0,0,317,95,4,Caution,New_scaffold
THR,2,DOPO_EP_0048,BMP,,O=P(C1=C2C=CC=C1)(C3CC(N(C3=O)C4=CC=C(CC5=CC=C(N6C(CC(P7(C8=C(C9=C(O7)C=CC=C9)C=CC=C8)=O)C6=O)=O)C=C5)C=C4)=O)OC%10=C2C=CC=C%10,,https://doi.org/10.1016/j.compositesb.2021.109553,O=C1CC(P2(=O)Oc3ccccc3-c3ccccc32)C(=O)N1c1ccc(Cc2ccc(N3C(=O)CC(P4(=O)Oc5ccccc5-c5ccccc54)C3=O)cc2)cc1,O=C1CC(P2(=O)Oc3ccccc3-c3ccccc32)C(=O)N1c1ccc(Cc2ccc(N3C(=O)CC(P4(=O)Oc5ccccc5-c5ccccc54)C3=O)cc2)cc1,63.0,10.0,0,molecule,formulation,baseline_inclusive,fixed,0,59.30636051354398,62.71054137612376,18.156536760749688,107.26454599149784,1,O=C1CC(P2(=O)Oc3ccccc3-c3ccccc32)C(=O)N1c1ccc(Cc2ccc(N3C(=O)CC(P4(=O)Oc5ccccc5-c5ccccc54)C3=O)cc2)cc1,O=C1CC(P2(=O)Oc3ccccc3-c3ccccc32)C(=O)N1c1ccc(Cc2ccc(N3C(=O)CC(P4(=O)Oc5ccccc5-c5ccccc54)C3=O)cc2)cc1,,,0,O=C1CC(P2(=O)Oc3ccccc3-c3ccccc32)C(=O)N1c1ccc(Cc2ccc(N3C(=O)CC(P4(=O)Oc5ccccc5-c5ccccc54)C3=O)cc2)cc1||<NO_CO>,3.6936394864560214,13.642972655907101,0.6867469879518072,0.6867469879518072,,,0.6867469879518072,0.6867469879518072,0,0,1,1,0,0,0,1,1,0,0,317,95,4,Caution,New_scaffold
THR,2,DOPO_EP_0104,FGD,,O=P(C1=C2C=CC=C1)(C(NC3=NC(NC(P4(C5=C(C6=C(O4)C=CC=C6)C=CC=C5)=O)C7=CC=CO7)=NN3)C8=CC=CO8)OC9=C2C=CC=C9,,https://doi.org/10.1007/s10118-022-2655-y,O=P1(C(Nc2n[nH]c(NC(c3ccco3)P3(=O)Oc4ccccc4-c4ccccc43)n2)c2ccco2)Oc2ccccc2-c2ccccc21,O=P1(C(Nc2n[nH]c(NC(c3ccco3)P3(=O)Oc4ccccc4-c4ccccc43)n2)c2ccco2)Oc2ccccc2-c2ccccc21,123.9,0.0,1,molecule,formulation,baseline_inclusive,fixed,0,100.63281044759314,101.55400461537408,57.0,146.10800923074814,1,O=P1(C(Nc2n[nH]c(NC(c3ccco3)P3(=O)Oc4ccccc4-c4ccccc43)n2)c2ccco2)Oc2ccccc2-c2ccccc21,O=P1(C(Nc2n[nH]c(NC(c3ccco3)P3(=O)Oc4ccccc4-c4ccccc43)n2)c2ccco2)Oc2ccccc2-c2ccccc21,,,0,O=P1(C(Nc2n[nH]c(NC(c3ccco3)P3(=O)Oc4ccccc4-c4ccccc43)n2)c2ccco2)Oc2ccccc2-c2ccccc21||<NO_CO>,23.26718955240686,541.362109667631,0.6404494382022472,0.6404494382022472,,,0.6404494382022472,0.6404494382022472,0,0,1,1,0,0,0,1,1,0,0,317,95,4,Caution,New_scaffold
THR,2,DOPO_EP_0105,FGD,,O=P(C1=C2C=CC=C1)(C(NC3=NC(NC(P4(C5=C(C6=C(O4)C=CC=C6)C=CC=C5)=O)C7=CC=CO7)=NN3)C8=CC=CO8)OC9=C2C=CC=C9,,https://doi.org/10.1007/s10118-022-2655-y,O=P1(C(Nc2n[nH]c(NC(c3ccco3)P3(=O)Oc4ccccc4-c4ccccc43)n2)c2ccco2)Oc2ccccc2-c2ccccc21,O=P1(C(Nc2n[nH]c(NC(c3ccco3)P3(=O)Oc4ccccc4-c4ccccc43)n2)c2ccco2)Oc2ccccc2-c2ccccc21,117.5,2.5,0,molecule,formulation,baseline_inclusive,fixed,0,106.78361593479526,105.21449703000428,60.66049241463021,149.76850164537836,1,O=P1(C(Nc2n[nH]c(NC(c3ccco3)P3(=O)Oc4ccccc4-c4ccccc43)n2)c2ccco2)Oc2ccccc2-c2ccccc21,O=P1(C(Nc2n[nH]c(NC(c3ccco3)P3(=O)Oc4ccccc4-c4ccccc43)n2)c2ccco2)Oc2ccccc2-c2ccccc21,,,0,O=P1(C(Nc2n[nH]c(NC(c3ccco3)P3(=O)Oc4ccccc4-c4ccccc43)n2)c2ccco2)Oc2ccccc2-c2ccccc21||<NO_CO>,10.716384065204736,114.84088743297397,0.6404494382022472,0.6404494382022472,,,0.6404494382022472,0.6404494382022472,0,0,1,1,0,0,0,1,1,0,0,317,95,4,Caution,New_scaffold
THR,2,DOPO_EP_0106,FGD,,O=P(C1=C2C=CC=C1)(C(NC3=NC(NC(P4(C5=C(C6=C(O4)C=CC=C6)C=CC=C5)=O)C7=CC=CO7)=NN3)C8=CC=CO8)OC9=C2C=CC=C9,,https://doi.org/10.1007/s10118-022-2655-y,O=P1(C(Nc2n[nH]c(NC(c3ccco3)P3(=O)Oc4ccccc4-c4ccccc43)n2)c2ccco2)Oc2ccccc2-c2ccccc21,O=P1(C(Nc2n[nH]c(NC(c3ccco3)P3(=O)Oc4ccccc4-c4ccccc43)n2)c2ccco2)Oc2ccccc2-c2ccccc21,113.8,5.0,0,molecule,formulation,baseline_inclusive,fixed,0,96.7969698942217,95.22591645289847,50.67191183752442,139.77992106827256,1,O=P1(C(Nc2n[nH]c(NC(c3ccco3)P3(=O)Oc4ccccc4-c4ccccc43)n2)c2ccco2)Oc2ccccc2-c2ccccc21,O=P1(C(Nc2n[nH]c(NC(c3ccco3)P3(=O)Oc4ccccc4-c4ccccc43)n2)c2ccco2)Oc2ccccc2-c2ccccc21,,,0,O=P1(C(Nc2n[nH]c(NC(c3ccco3)P3(=O)Oc4ccccc4-c4ccccc43)n2)c2ccco2)Oc2ccccc2-c2ccccc21||<NO_CO>,17.003030105778294,289.103032778003,0.6404494382022472,0.6404494382022472,,,0.6404494382022472,0.6404494382022472,0,0,1,1,0,0,0,1,1,0,0,317,95,4,Caution,New_scaffold
THR,2,DOPO_EP_0107,BDO,,O=P(CC(NC1=NNC(NC(P2(C3=C(C4=C(O2)C=CC=C4)C=CC=C3)=O)C5=CC=CS5)=N1)C6=CC=CS6)(C7=C8C=CC=C7)OC9=C8C=CC=C9,,https://doi.org/10.1016/j.compositesb.2021.109392,O=P1(CC(Nc2n[nH]c(NC(c3cccs3)P3(=O)Oc4ccccc4-c4ccccc43)n2)c2cccs2)Oc2ccccc2-c2ccccc21,O=P1(CC(Nc2n[nH]c(NC(c3cccs3)P3(=O)Oc4ccccc4-c4ccccc43)n2)c2cccs2)Oc2ccccc2-c2ccccc21,82.0,0.0,1,molecule,formulation,baseline_inclusive,fixed,0,100.63281044759314,101.55400461537408,57.0,146.10800923074814,1,O=P1(CC(Nc2n[nH]c(NC(c3cccs3)P3(=O)Oc4ccccc4-c4ccccc43)n2)c2cccs2)Oc2ccccc2-c2ccccc21,O=P1(CC(Nc2n[nH]c(NC(c3cccs3)P3(=O)Oc4ccccc4-c4ccccc43)n2)c2cccs2)Oc2ccccc2-c2ccccc21,,,0,O=P1(CC(Nc2n[nH]c(NC(c3cccs3)P3(=O)Oc4ccccc4-c4ccccc43)n2)c2cccs2)Oc2ccccc2-c2ccccc21||<NO_CO>,18.632810447593144,347.18162517593623,0.5533980582524272,0.5533980582524272,,,0.5533980582524272,0.5533980582524272,0,0,1,1,0,0,0,1,1,0,0,317,95,4,Caution,New_scaffold
THR,2,DOPO_EP_0235,DMT,,O=C(CC(P1(C2=C(C3=C(O1)C=CC=C3)C=CC=C2)=O)C4=O)N4C(C=C5)=CC=C5OCC(O)CN(C(N(CC(O)COC6=CC=C(N7C(CC(P8(C9=C(C%10=C(O8)C=CC=C%10)C=CC=C9)=O)C7=O)=O)C=C6)C%11=O)=O)C(N%11CC(O)COC%12=CC=C(C=C%12)N%13C(CC(C%13=O)P%14(C%15=C(C=CC=C%15)C%16=C(C=CC=C%16)O%14)=O)=O)=O,,https://doi.org/10.1016/j.polymdegradstab.2016.07.013,O=C1CC(P2(=O)Oc3ccccc3-c3ccccc32)C(=O)N1c1ccc(OCC(O)Cn2c(=O)n(CC(O)COc3ccc(N4C(=O)CC(P5(=O)Oc6ccccc6-c6ccccc65)C4=O)cc3)c(=O)n(CC(O)COc3ccc(N4C(=O)CC(P5(=O)Oc6ccccc6-c6ccccc65)C4=O)cc3)c2=O)cc1,O=C1CC(P2(=O)Oc3ccccc3-c3ccccc32)C(=O)N1c1ccc(OCCCn2c(=O)n(CCCOc3ccc(N4C(=O)CC(P5(=O)Oc6ccccc6-c6ccccc65)C4=O)cc3)c(=O)n(CCCOc3ccc(N4C(=O)CC(P5(=O)Oc6ccccc6-c6ccccc65)C4=O)cc3)c2=O)cc1,50.0,17.0,0,molecule,formulation,baseline_inclusive,fixed,0,57.45847269611863,57.4882991206578,12.93429450528373,102.04230373603188,1,O=C1CC(P2(=O)Oc3ccccc3-c3ccccc32)C(=O)N1c1ccc(OCC(O)Cn2c(=O)n(CC(O)COc3ccc(N4C(=O)CC(P5(=O)Oc6ccccc6-c6ccccc65)C4=O)cc3)c(=O)n(CC(O)COc3ccc(N4C(=O)CC(P5(=O)Oc6ccccc6-c6ccccc65)C4=O)cc3)c2=O)cc1,O=C1CC(P2(=O)Oc3ccccc3-c3ccccc32)C(=O)N1c1ccc(OCCCn2c(=O)n(CCCOc3ccc(N4C(=O)CC(P5(=O)Oc6ccccc6-c6ccccc65)C4=O)cc3)c(=O)n(CCCOc3ccc(N4C(=O)CC(P5(=O)Oc6ccccc6-c6ccccc65)C4=O)cc3)c2=O)cc1,,,0,O=C1CC(P2(=O)Oc3ccccc3-c3ccccc32)C(=O)N1c1ccc(OCC(O)Cn2c(=O)n(CC(O)COc3ccc(N4C(=O)CC(P5(=O)Oc6ccccc6-c6ccccc65)C4=O)cc3)c(=O)n(CC(O)COc3ccc(N4C(=O)CC(P5(=O)Oc6ccccc6-c6ccccc65)C4=O)cc3)c2=O)cc1||<NO_CO>,7.458472696118633,55.62881495874716,0.865979381443299,0.865979381443299,,,0.865979381443299,0.865979381443299,0,0,1,1,0,0,0,1,1,0,0,317,95,4,In_domain,New_scaffold
THR,2,DOPO_EP_0271,DiDOPO,SiO2,O=P1(C2=C(C3=C(O1)C=CC=C3)C=CC=C2)CC(P4(C5=CC=CC=C5C6=C(O4)C=CC=C6)=O)C7=CC=CC=C7,O=[Si]=O,https://doi.org/10.1021/acsomega.0c05208,O=P1(CC(c2ccccc2)P2(=O)Oc3ccccc3-c3ccccc32)Oc2ccccc2-c2ccccc21,O=P1(CC(c2ccccc2)P2(=O)Oc3ccccc3-c3ccccc32)Oc2ccccc2-c2ccccc21,147.7,0.0,1,molecule,formulation,baseline_inclusive,fixed,0,100.63281044759314,101.55400461537408,57.0,146.10800923074814,0,O=P1(CC(c2ccccc2)P2(=O)Oc3ccccc3-c3ccccc32)Oc2ccccc2-c2ccccc21,O=P1(CC(c2ccccc2)P2(=O)Oc3ccccc3-c3ccccc32)Oc2ccccc2-c2ccccc21,O=[Si]=O,,1,O=P1(CC(c2ccccc2)P2(=O)Oc3ccccc3-c3ccccc32)Oc2ccccc2-c2ccccc21||O=[Si]=O,47.067189552406845,2215.320332362196,0.5131578947368421,0.5131578947368421,0.0625,0.0625,0.0625,0.0625,0,0,0,0,0,0,0,0,0,0,0,317,95,4,Extrapolation,New_scaffold
THR,2,DOPO_EP_0272,DiDOPO,SiO2,O=P1(C2=C(C3=C(O1)C=CC=C3)C=CC=C2)CC(P4(C5=CC=CC=C5C6=C(O4)C=CC=C6)=O)C7=CC=CC=C7,O=[Si]=O,https://doi.org/10.1021/acsomega.0c05208,O=P1(CC(c2ccccc2)P2(=O)Oc3ccccc3-c3ccccc32)Oc2ccccc2-c2ccccc21,O=P1(CC(c2ccccc2)P2(=O)Oc3ccccc3-c3ccccc32)Oc2ccccc2-c2ccccc21,148.7,20.0,0,molecule,formulation,baseline_inclusive,fixed,0,84.27987117368863,83.58891958519067,39.0349149698166,128.14292420056472,0,O=P1(CC(c2ccccc2)P2(=O)Oc3ccccc3-c3ccccc32)Oc2ccccc2-c2ccccc21,O=P1(CC(c2ccccc2)P2(=O)Oc3ccccc3-c3ccccc32)Oc2ccccc2-c2ccccc21,O=[Si]=O,,1,O=P1(CC(c2ccccc2)P2(=O)Oc3ccccc3-c3ccccc32)Oc2ccccc2-c2ccccc21||O=[Si]=O,64.42012882631136,4149.952997998551,0.5131578947368421,0.5131578947368421,0.0625,0.0625,0.0625,0.0625,0,0,0,0,0,0,0,0,0,0,0,317,95,4,Extrapolation,New_scaffold
THR,2,DOPO_EP_0320,SFG,,O=P(C1=C2C=CC=C1)(C(NC3=CC=C(S(=O)(NC(N)=N)=O)C=C3)C4=CC=C(C(P(OC5=C6C=CC=C5)(C7=C6C=CC=C7)=O)NC(NS(C8=CC=C(N)C=C8)(=O)=O)=N)C=C4)OC9=C2C=CC=C9,,https://doi.org/10.1016/j.polymdegradstab.2019.109023,N=C(N)NS(=O)(=O)c1ccc(NC(c2ccc(C(NC(=N)NS(=O)(=O)c3ccc(N)cc3)P3(=O)Oc4ccccc4-c4ccccc43)cc2)P2(=O)Oc3ccccc3-c3ccccc32)cc1,N=C(NC(c1ccc(C(Nc2ccccc2)P2(=O)Oc3ccccc3-c3ccccc32)cc1)P1(=O)Oc2ccccc2-c2ccccc21)NS(=O)(=O)c1ccccc1,86.8,0.0,1,molecule,formulation,baseline_inclusive,fixed,0,100.63281044759314,101.55400461537408,57.0,146.10800923074814,1,N=C(N)NS(=O)(=O)c1ccc(NC(c2ccc(C(NC(=N)NS(=O)(=O)c3ccc(N)cc3)P3(=O)Oc4ccccc4-c4ccccc43)cc2)P2(=O)Oc3ccccc3-c3ccccc32)cc1,N=C(NC(c1ccc(C(Nc2ccccc2)P2(=O)Oc3ccccc3-c3ccccc32)cc1)P1(=O)Oc2ccccc2-c2ccccc21)NS(=O)(=O)c1ccccc1,,,0,N=C(N)NS(=O)(=O)c1ccc(NC(c2ccc(C(NC(=N)NS(=O)(=O)c3ccc(N)cc3)P3(=O)Oc4ccccc4-c4ccccc43)cc2)P2(=O)Oc3ccccc3-c3ccccc32)cc1||<NO_CO>,13.832810447593147,191.34664487904212,0.5166666666666667,0.5166666666666667,,,0.5166666666666667,0.5166666666666667,0,0,1,1,0,0,0,1,1,0,0,317,95,4,Caution,New_scaffold
THR,2,DOPO_EP_0321,SFG,,O=P(C1=C2C=CC=C1)(C(NC3=CC=C(S(=O)(NC(N)=N)=O)C=C3)C4=CC=C(C(P(OC5=C6C=CC=C5)(C7=C6C=CC=C7)=O)NC(NS(C8=CC=C(N)C=C8)(=O)=O)=N)C=C4)OC9=C2C=CC=C9,,https://doi.org/10.1016/j.polymdegradstab.2019.109023,N=C(N)NS(=O)(=O)c1ccc(NC(c2ccc(C(NC(=N)NS(=O)(=O)c3ccc(N)cc3)P3(=O)Oc4ccccc4-c4ccccc43)cc2)P2(=O)Oc3ccccc3-c3ccccc32)cc1,N=C(NC(c1ccc(C(Nc2ccccc2)P2(=O)Oc3ccccc3-c3ccccc32)cc1)P1(=O)Oc2ccccc2-c2ccccc21)NS(=O)(=O)c1ccccc1,76.8,2.0,0,molecule,formulation,baseline_inclusive,fixed,0,68.40845483710858,67.15731664410251,22.60331202872844,111.71132125947658,1,N=C(N)NS(=O)(=O)c1ccc(NC(c2ccc(C(NC(=N)NS(=O)(=O)c3ccc(N)cc3)P3(=O)Oc4ccccc4-c4ccccc43)cc2)P2(=O)Oc3ccccc3-c3ccccc32)cc1,N=C(NC(c1ccc(C(Nc2ccccc2)P2(=O)Oc3ccccc3-c3ccccc32)cc1)P1(=O)Oc2ccccc2-c2ccccc21)NS(=O)(=O)c1ccccc1,,,0,N=C(N)NS(=O)(=O)c1ccc(NC(c2ccc(C(NC(=N)NS(=O)(=O)c3ccc(N)cc3)P3(=O)Oc4ccccc4-c4ccccc43)cc2)P2(=O)Oc3ccccc3-c3ccccc32)cc1||<NO_CO>,8.391545162891418,70.41803022084636,0.5166666666666667,0.5166666666666667,,,0.5166666666666667,0.5166666666666667,0,0,1,1,0,0,0,1,1,0,0,317,95,4,Caution,New_scaffold
THR,2,DOPO_EP_0322,SFG,,O=P(C1=C2C=CC=C1)(C(NC3=CC=C(S(=O)(NC(N)=N)=O)C=C3)C4=CC=C(C(P(OC5=C6C=CC=C5)(C7=C6C=CC=C7)=O)NC(NS(C8=CC=C(N)C=C8)(=O)=O)=N)C=C4)OC9=C2C=CC=C9,,https://doi.org/10.1016/j.polymdegradstab.2019.109023,N=C(N)NS(=O)(=O)c1ccc(NC(c2ccc(C(NC(=N)NS(=O)(=O)c3ccc(N)cc3)P3(=O)Oc4ccccc4-c4ccccc43)cc2)P2(=O)Oc3ccccc3-c3ccccc32)cc1,N=C(NC(c1ccc(C(Nc2ccccc2)P2(=O)Oc3ccccc3-c3ccccc32)cc1)P1(=O)Oc2ccccc2-c2ccccc21)NS(=O)(=O)c1ccccc1,74.9,5.0,0,molecule,formulation,baseline_inclusive,fixed,0,64.49937968561338,64.78315851697883,20.22915390160476,109.3371631323529,1,N=C(N)NS(=O)(=O)c1ccc(NC(c2ccc(C(NC(=N)NS(=O)(=O)c3ccc(N)cc3)P3(=O)Oc4ccccc4-c4ccccc43)cc2)P2(=O)Oc3ccccc3-c3ccccc32)cc1,N=C(NC(c1ccc(C(Nc2ccccc2)P2(=O)Oc3ccccc3-c3ccccc32)cc1)P1(=O)Oc2ccccc2-c2ccccc21)NS(=O)(=O)c1ccccc1,,,0,N=C(N)NS(=O)(=O)c1ccc(NC(c2ccc(C(NC(=N)NS(=O)(=O)c3ccc(N)cc3)P3(=O)Oc4ccccc4-c4ccccc43)cc2)P2(=O)Oc3ccccc3-c3ccccc32)cc1||<NO_CO>,10.400620314386629,108.17290292403182,0.5166666666666667,0.5166666666666667,,,0.5166666666666667,0.5166666666666667,0,0,1,1,0,0,0,1,1,0,0,317,95,4,Caution,New_scaffold
THR,2,DOPO_EP_0323,SFG,,O=P(C1=C2C=CC=C1)(C(NC3=CC=C(S(=O)(NC(N)=N)=O)C=C3)C4=CC=C(C(P(OC5=C6C=CC=C5)(C7=C6C=CC=C7)=O)NC(NS(C8=CC=C(N)C=C8)(=O)=O)=N)C=C4)OC9=C2C=CC=C9,,https://doi.org/10.1016/j.polymdegradstab.2019.109023,N=C(N)NS(=O)(=O)c1ccc(NC(c2ccc(C(NC(=N)NS(=O)(=O)c3ccc(N)cc3)P3(=O)Oc4ccccc4-c4ccccc43)cc2)P2(=O)Oc3ccccc3-c3ccccc32)cc1,N=C(NC(c1ccc(C(Nc2ccccc2)P2(=O)Oc3ccccc3-c3ccccc32)cc1)P1(=O)Oc2ccccc2-c2ccccc21)NS(=O)(=O)c1ccccc1,60.2,8.0,0,molecule,formulation,baseline_inclusive,fixed,0,62.50189421886321,61.46605642560896,16.912051810234885,106.02006104098302,1,N=C(N)NS(=O)(=O)c1ccc(NC(c2ccc(C(NC(=N)NS(=O)(=O)c3ccc(N)cc3)P3(=O)Oc4ccccc4-c4ccccc43)cc2)P2(=O)Oc3ccccc3-c3ccccc32)cc1,N=C(NC(c1ccc(C(Nc2ccccc2)P2(=O)Oc3ccccc3-c3ccccc32)cc1)P1(=O)Oc2ccccc2-c2ccccc21)NS(=O)(=O)c1ccccc1,,,0,N=C(N)NS(=O)(=O)c1ccc(NC(c2ccc(C(NC(=N)NS(=O)(=O)c3ccc(N)cc3)P3(=O)Oc4ccccc4-c4ccccc43)cc2)P2(=O)Oc3ccccc3-c3ccccc32)cc1||<NO_CO>,2.301894218863204,5.298716994835839,0.5166666666666667,0.5166666666666667,,,0.5166666666666667,0.5166666666666667,0,0,1,1,0,0,0,1,1,0,0,317,95,4,Caution,New_scaffold
THR,2,DOPO_EP_0364,DMDA-SH-DOPO,,CC1=C(NC(P2(C3=C(C4=C(O2)C=CC=C4)C=CC=C3)=O)C5=CC(OC)=C(O)C(OC)=C5)C=CC(C6=CC(C)=C(NC(P7(C8=C(C9=C(O7)C=CC=C9)C=CC=C8)=O)C%10=CC(OC)=C(O)C(OC)=C%10)C=C6)=C1,,https://doi.org/10.1002/fam.3228,COc1cc(C(Nc2ccc(-c3ccc(NC(c4cc(OC)c(O)c(OC)c4)P4(=O)Oc5ccccc5-c5ccccc54)c(C)c3)cc2C)P2(=O)Oc3ccccc3-c3ccccc32)cc(OC)c1O,O=P1(C(Nc2ccc(-c3ccc(NC(c4ccccc4)P4(=O)Oc5ccccc5-c5ccccc54)cc3)cc2)c2ccccc2)Oc2ccccc2-c2ccccc21,91.0,0.0,1,molecule,formulation,baseline_inclusive,fixed,0,100.63281044759314,101.55400461537408,57.0,146.10800923074814,1,COc1cc(C(Nc2ccc(-c3ccc(NC(c4cc(OC)c(O)c(OC)c4)P4(=O)Oc5ccccc5-c5ccccc54)c(C)c3)cc2C)P2(=O)Oc3ccccc3-c3ccccc32)cc(OC)c1O,O=P1(C(Nc2ccc(-c3ccc(NC(c4ccccc4)P4(=O)Oc5ccccc5-c5ccccc54)cc3)cc2)c2ccccc2)Oc2ccccc2-c2ccccc21,,,0,COc1cc(C(Nc2ccc(-c3ccc(NC(c4cc(OC)c(O)c(OC)c4)P4(=O)Oc5ccccc5-c5ccccc54)c(C)c3)cc2C)P2(=O)Oc3ccccc3-c3ccccc32)cc(OC)c1O||<NO_CO>,9.632810447593144,92.79103711925963,0.6344086021505376,0.6344086021505376,,,0.6344086021505376,0.6344086021505376,0,0,1,1,0,0,0,1,1,0,0,317,95,4,Caution,New_scaffold
THR,2,DOPO_EP_0365,DMDA-SH-DOPO,,CC1=C(NC(P2(C3=C(C4=C(O2)C=CC=C4)C=CC=C3)=O)C5=CC(OC)=C(O)C(OC)=C5)C=CC(C6=CC(C)=C(NC(P7(C8=C(C9=C(O7)C=CC=C9)C=CC=C8)=O)C%10=CC(OC)=C(O)C(OC)=C%10)C=C6)=C1,,https://doi.org/10.1002/fam.3228,COc1cc(C(Nc2ccc(-c3ccc(NC(c4cc(OC)c(O)c(OC)c4)P4(=O)Oc5ccccc5-c5ccccc54)c(C)c3)cc2C)P2(=O)Oc3ccccc3-c3ccccc32)cc(OC)c1O,O=P1(C(Nc2ccc(-c3ccc(NC(c4ccccc4)P4(=O)Oc5ccccc5-c5ccccc54)cc3)cc2)c2ccccc2)Oc2ccccc2-c2ccccc21,89.0,2.5,0,molecule,formulation,baseline_inclusive,fixed,0,74.74230012330972,81.48840954219831,36.93440492682424,126.04241415757238,1,COc1cc(C(Nc2ccc(-c3ccc(NC(c4cc(OC)c(O)c(OC)c4)P4(=O)Oc5ccccc5-c5ccccc54)c(C)c3)cc2C)P2(=O)Oc3ccccc3-c3ccccc32)cc(OC)c1O,O=P1(C(Nc2ccc(-c3ccc(NC(c4ccccc4)P4(=O)Oc5ccccc5-c5ccccc54)cc3)cc2)c2ccccc2)Oc2ccccc2-c2ccccc21,,,0,COc1cc(C(Nc2ccc(-c3ccc(NC(c4cc(OC)c(O)c(OC)c4)P4(=O)Oc5ccccc5-c5ccccc54)c(C)c3)cc2C)P2(=O)Oc3ccccc3-c3ccccc32)cc(OC)c1O||<NO_CO>,14.257699876690282,203.28200577377407,0.6344086021505376,0.6344086021505376,,,0.6344086021505376,0.6344086021505376,0,0,1,1,0,0,0,1,1,0,0,317,95,4,Caution,New_scaffold
THR,2,DOPO_EP_0366,DMDA-SH-DOPO,,CC1=C(NC(P2(C3=C(C4=C(O2)C=CC=C4)C=CC=C3)=O)C5=CC(OC)=C(O)C(OC)=C5)C=CC(C6=CC(C)=C(NC(P7(C8=C(C9=C(O7)C=CC=C9)C=CC=C8)=O)C%10=CC(OC)=C(O)C(OC)=C%10)C=C6)=C1,,https://doi.org/10.1002/fam.3228,COc1cc(C(Nc2ccc(-c3ccc(NC(c4cc(OC)c(O)c(OC)c4)P4(=O)Oc5ccccc5-c5ccccc54)c(C)c3)cc2C)P2(=O)Oc3ccccc3-c3ccccc32)cc(OC)c1O,O=P1(C(Nc2ccc(-c3ccc(NC(c4ccccc4)P4(=O)Oc5ccccc5-c5ccccc54)cc3)cc2)c2ccccc2)Oc2ccccc2-c2ccccc21,83.0,5.0,0,molecule,formulation,baseline_inclusive,fixed,0,72.34494709601601,77.20873396120355,32.65472934582948,121.76273857657762,1,COc1cc(C(Nc2ccc(-c3ccc(NC(c4cc(OC)c(O)c(OC)c4)P4(=O)Oc5ccccc5-c5ccccc54)c(C)c3)cc2C)P2(=O)Oc3ccccc3-c3ccccc32)cc(OC)c1O,O=P1(C(Nc2ccc(-c3ccc(NC(c4ccccc4)P4(=O)Oc5ccccc5-c5ccccc54)cc3)cc2)c2ccccc2)Oc2ccccc2-c2ccccc21,,,0,COc1cc(C(Nc2ccc(-c3ccc(NC(c4cc(OC)c(O)c(OC)c4)P4(=O)Oc5ccccc5-c5ccccc54)c(C)c3)cc2C)P2(=O)Oc3ccccc3-c3ccccc32)cc(OC)c1O||<NO_CO>,10.655052903983986,113.53015238669757,0.6344086021505376,0.6344086021505376,,,0.6344086021505376,0.6344086021505376,0,0,1,1,0,0,0,1,1,0,0,317,95,4,Caution,New_scaffold
THR,2,DOPO_EP_0367,DMDA-SH-DOPO,,CC1=C(NC(P2(C3=C(C4=C(O2)C=CC=C4)C=CC=C3)=O)C5=CC(OC)=C(O)C(OC)=C5)C=CC(C6=CC(C)=C(NC(P7(C8=C(C9=C(O7)C=CC=C9)C=CC=C8)=O)C%10=CC(OC)=C(O)C(OC)=C%10)C=C6)=C1,,https://doi.org/10.1002/fam.3228,COc1cc(C(Nc2ccc(-c3ccc(NC(c4cc(OC)c(O)c(OC)c4)P4(=O)Oc5ccccc5-c5ccccc54)c(C)c3)cc2C)P2(=O)Oc3ccccc3-c3ccccc32)cc(OC)c1O,O=P1(C(Nc2ccc(-c3ccc(NC(c4ccccc4)P4(=O)Oc5ccccc5-c5ccccc54)cc3)cc2)c2ccccc2)Oc2ccccc2-c2ccccc21,75.0,7.5,0,molecule,formulation,baseline_inclusive,fixed,0,70.46582007133289,74.5726148997897,30.01861028441563,119.12661951516375,1,COc1cc(C(Nc2ccc(-c3ccc(NC(c4cc(OC)c(O)c(OC)c4)P4(=O)Oc5ccccc5-c5ccccc54)c(C)c3)cc2C)P2(=O)Oc3ccccc3-c3ccccc32)cc(OC)c1O,O=P1(C(Nc2ccc(-c3ccc(NC(c4ccccc4)P4(=O)Oc5ccccc5-c5ccccc54)cc3)cc2)c2ccccc2)Oc2ccccc2-c2ccccc21,,,0,COc1cc(C(Nc2ccc(-c3ccc(NC(c4cc(OC)c(O)c(OC)c4)P4(=O)Oc5ccccc5-c5ccccc54)c(C)c3)cc2C)P2(=O)Oc3ccccc3-c3ccccc32)cc(OC)c1O||<NO_CO>,4.534179928667115,20.55878762552772,0.6344086021505376,0.6344086021505376,,,0.6344086021505376,0.6344086021505376,0,0,1,1,0,0,0,1,1,0,0,317,95,4,Caution,New_scaffold
THR,2,DOPO_EP_0377,DAVN,,COC1=CC(C(NC2=NN=NN2)P3(C4=C(C5=C(O3)C=CC=C5)C=CC=C4)=O)=CC=C1O,,https://doi.org/10.1002/pol.20250749,COc1cc(C(Nc2nnn[nH]2)P2(=O)Oc3ccccc3-c3ccccc32)ccc1O,O=P1(C(Nc2nnn[nH]2)c2ccccc2)Oc2ccccc2-c2ccccc21,98.9,0.0,1,molecule,formulation,baseline_inclusive,fixed,0,100.63281044759314,101.55400461537408,57.0,146.10800923074814,1,COc1cc(C(Nc2nnn[nH]2)P2(=O)Oc3ccccc3-c3ccccc32)ccc1O,O=P1(C(Nc2nnn[nH]2)c2ccccc2)Oc2ccccc2-c2ccccc21,,,0,COc1cc(C(Nc2nnn[nH]2)P2(=O)Oc3ccccc3-c3ccccc32)ccc1O||<NO_CO>,1.7328104475931383,3.0026320472879324,0.7727272727272727,0.7727272727272727,,,0.7727272727272727,0.7727272727272727,0,0,1,1,0,0,0,1,1,0,0,317,95,4,In_domain,New_scaffold
THR,2,DOPO_EP_0378,DAVN,,COC1=CC(C(NC2=NN=NN2)P3(C4=C(C5=C(O3)C=CC=C5)C=CC=C4)=O)=CC=C1O,,https://doi.org/10.1002/pol.20250749,COc1cc(C(Nc2nnn[nH]2)P2(=O)Oc3ccccc3-c3ccccc32)ccc1O,O=P1(C(Nc2nnn[nH]2)c2ccccc2)Oc2ccccc2-c2ccccc21,77.8,3.0,0,molecule,formulation,baseline_inclusive,fixed,0,85.34866085195829,93.54674013609154,48.992735520717474,138.1007447514656,1,COc1cc(C(Nc2nnn[nH]2)P2(=O)Oc3ccccc3-c3ccccc32)ccc1O,O=P1(C(Nc2nnn[nH]2)c2ccccc2)Oc2ccccc2-c2ccccc21,,,0,COc1cc(C(Nc2nnn[nH]2)P2(=O)Oc3ccccc3-c3ccccc32)ccc1O||<NO_CO>,7.548660851958289,56.982280657887635,0.7727272727272727,0.7727272727272727,,,0.7727272727272727,0.7727272727272727,0,0,1,1,0,0,0,1,1,0,0,317,95,4,In_domain,New_scaffold
THR,2,DOPO_EP_0379,DAVN,,COC1=CC(C(NC2=NN=NN2)P3(C4=C(C5=C(O3)C=CC=C5)C=CC=C4)=O)=CC=C1O,,https://doi.org/10.1002/pol.20250749,COc1cc(C(Nc2nnn[nH]2)P2(=O)Oc3ccccc3-c3ccccc32)ccc1O,O=P1(C(Nc2nnn[nH]2)c2ccccc2)Oc2ccccc2-c2ccccc21,54.6,6.0,0,molecule,formulation,baseline_inclusive,fixed,0,79.39747159974773,86.9564851610772,42.40248054570313,131.5104897764513,1,COc1cc(C(Nc2nnn[nH]2)P2(=O)Oc3ccccc3-c3ccccc32)ccc1O,O=P1(C(Nc2nnn[nH]2)c2ccccc2)Oc2ccccc2-c2ccccc21,,,0,COc1cc(C(Nc2nnn[nH]2)P2(=O)Oc3ccccc3-c3ccccc32)ccc1O||<NO_CO>,24.79747159974773,614.9145977402952,0.7727272727272727,0.7727272727272727,,,0.7727272727272727,0.7727272727272727,0,0,1,1,0,0,0,1,1,0,0,317,95,4,In_domain,New_scaffold
THR,2,DOPO_EP_0380,DAVN,,COC1=CC(C(NC2=NN=NN2)P3(C4=C(C5=C(O3)C=CC=C5)C=CC=C4)=O)=CC=C1O,,https://doi.org/10.1002/pol.20250749,COc1cc(C(Nc2nnn[nH]2)P2(=O)Oc3ccccc3-c3ccccc32)ccc1O,O=P1(C(Nc2nnn[nH]2)c2ccccc2)Oc2ccccc2-c2ccccc21,74.1,9.0,0,molecule,formulation,baseline_inclusive,fixed,0,77.31289526210311,80.57215173708953,36.01814712171546,125.1261563524636,1,COc1cc(C(Nc2nnn[nH]2)P2(=O)Oc3ccccc3-c3ccccc32)ccc1O,O=P1(C(Nc2nnn[nH]2)c2ccccc2)Oc2ccccc2-c2ccccc21,,,0,COc1cc(C(Nc2nnn[nH]2)P2(=O)Oc3ccccc3-c3ccccc32)ccc1O||<NO_CO>,3.2128952621031175,10.32269596524466,0.7727272727272727,0.7727272727272727,,,0.7727272727272727,0.7727272727272727,0,0,1,1,0,0,0,1,1,0,0,317,95,4,In_domain,New_scaffold
THR,2,DOPO_EP_0381,DOPO-HQ-AE,,O=C(OC1=C(P2(C3=CC=CC=C3C4=CC=CC=C4O2)=O)C=C(OC(C5=CC=CC=C5)=O)C=C1)C6=CC=CC=C6,,https://doi.org/10.1016/j.cej.2024.148998,O=C(Oc1ccc(OC(=O)c2ccccc2)c(P2(=O)Oc3ccccc3-c3ccccc32)c1)c1ccccc1,O=C(Oc1ccc(OC(=O)c2ccccc2)c(P2(=O)Oc3ccccc3-c3ccccc32)c1)c1ccccc1,87.31,0.0,1,molecule,formulation,baseline_inclusive,fixed,0,100.63281044759314,101.55400461537408,57.0,146.10800923074814,1,O=C(Oc1ccc(OC(=O)c2ccccc2)c(P2(=O)Oc3ccccc3-c3ccccc32)c1)c1ccccc1,O=C(Oc1ccc(OC(=O)c2ccccc2)c(P2(=O)Oc3ccccc3-c3ccccc32)c1)c1ccccc1,,,0,O=C(Oc1ccc(OC(=O)c2ccccc2)c(P2(=O)Oc3ccccc3-c3ccccc32)c1)c1ccccc1||<NO_CO>,13.322810447593142,177.49727822249696,0.33962264150943394,0.33962264150943394,,,0.33962264150943394,0.33962264150943394,0,0,1,1,0,0,0,1,1,0,0,317,95,4,Extrapolation,New_scaffold
THR,2,DOPO_EP_0110,BDO,,O=P(CC(NC1=NNC(NC(P2(C3=C(C4=C(O2)C=CC=C4)C=CC=C3)=O)C5=CC=CS5)=N1)C6=CC=CS6)(C7=C8C=CC=C7)OC9=C8C=CC=C9,,https://doi.org/10.1016/j.compositesb.2021.109392,O=P1(CC(Nc2n[nH]c(NC(c3cccs3)P3(=O)Oc4ccccc4-c4ccccc43)n2)c2cccs2)Oc2ccccc2-c2ccccc21,O=P1(CC(Nc2n[nH]c(NC(c3cccs3)P3(=O)Oc4ccccc4-c4ccccc43)n2)c2cccs2)Oc2ccccc2-c2ccccc21,69.1,5.0,0,molecule,formulation,baseline_inclusive,fixed,0,64.73893497912766,64.65239073824311,20.098386122869044,109.20639535361718,1,O=P1(CC(Nc2n[nH]c(NC(c3cccs3)P3(=O)Oc4ccccc4-c4ccccc43)n2)c2cccs2)Oc2ccccc2-c2ccccc21,O=P1(CC(Nc2n[nH]c(NC(c3cccs3)P3(=O)Oc4ccccc4-c4ccccc43)n2)c2cccs2)Oc2ccccc2-c2ccccc21,,,0,O=P1(CC(Nc2n[nH]c(NC(c3cccs3)P3(=O)Oc4ccccc4-c4ccccc43)n2)c2cccs2)Oc2ccccc2-c2ccccc21||<NO_CO>,4.361065020872331,19.018888116276187,0.5533980582524272,0.5533980582524272,,,0.5533980582524272,0.5533980582524272,0,0,1,1,0,0,0,1,1,0,0,317,95,4,Caution,New_scaffold
THR,2,DOPO_EP_0166,TriDSi,,CC(C1=CC=C(O)C(CCCP2(C3=C(C4=C(O2)C=CC=C4)C=CC=C3)=O)=C1)(C5=CC=C(O[Si](OC6=CC=C(C(C)(C7=CC=C(O)C(CCCP8(C9=C(C%10=C(O8)C=CC=C%10)C=CC=C9)=O)=C7)C)C=C6CCCP%11(C%12=C(C%13=C(O%11)C=CC=C%13)C=CC=C%12)=O)(OC%14=CC=C(C(C)(C%15=CC=C(O)C(CCCP%16(C%17=C(C%18=C(O%16)C=CC=C%18)C=CC=C%17)=O)=C%15)C)C=C%14CCCP%19(C%20=C(C%21=C(O%19)C=CC=C%21)C=CC=C%20)=O)C%22=CC=CC=C%22)C(CCCP%23(C%24=C(C%25=C(O%23)C=CC=C%25)C=CC=C%24)=O)=C5)C,,https://doi.org/10.1016/j.compositesb.2019.107481,CC(C)(c1ccc(O)c(CCCP2(=O)Oc3ccccc3-c3ccccc32)c1)c1ccc(O[Si](Oc2ccc(C(C)(C)c3ccc(O)c(CCCP4(=O)Oc5ccccc5-c5ccccc54)c3)cc2CCCP2(=O)Oc3ccccc3-c3ccccc32)(Oc2ccc(C(C)(C)c3ccc(O)c(CCCP4(=O)Oc5ccccc5-c5ccccc54)c3)cc2CCCP2(=O)Oc3ccccc3-c3ccccc32)c2ccccc2)c(CCCP2(=O)Oc3ccccc3-c3ccccc32)c1,O=P1(CCCc2cccc(Cc3ccc(O[Si](Oc4ccc(Cc5cccc(CCCP6(=O)Oc7ccccc7-c7ccccc76)c5)cc4CCCP4(=O)Oc5ccccc5-c5ccccc54)(Oc4ccc(Cc5cccc(CCCP6(=O)Oc7ccccc7-c7ccccc76)c5)cc4CCCP4(=O)Oc5ccccc5-c5ccccc54)c4ccccc4)c(CCCP4(=O)Oc5ccccc5-c5ccccc54)c3)c2)Oc2ccccc2-c2ccccc21,90.0,6.0,0,molecule,formulation,baseline_inclusive,fixed,0,94.6689158121202,88.6858939459343,44.13188933056023,133.23989856130837,1,CC(C)(c1ccc(O)c(CCCP2(=O)Oc3ccccc3-c3ccccc32)c1)c1ccc(O[Si](Oc2ccc(C(C)(C)c3ccc(O)c(CCCP4(=O)Oc5ccccc5-c5ccccc54)c3)cc2CCCP2(=O)Oc3ccccc3-c3ccccc32)(Oc2ccc(C(C)(C)c3ccc(O)c(CCCP4(=O)Oc5ccccc5-c5ccccc54)c3)cc2CCCP2(=O)Oc3ccccc3-c3ccccc32)c2ccccc2)c(CCCP2(=O)Oc3ccccc3-c3ccccc32)c1,O=P1(CCCc2cccc(Cc3ccc(O[Si](Oc4ccc(Cc5cccc(CCCP6(=O)Oc7ccccc7-c7ccccc76)c5)cc4CCCP4(=O)Oc5ccccc5-c5ccccc54)(Oc4ccc(Cc5cccc(CCCP6(=O)Oc7ccccc7-c7ccccc76)c5)cc4CCCP4(=O)Oc5ccccc5-c5ccccc54)c4ccccc4)c(CCCP4(=O)Oc5ccccc5-c5ccccc54)c3)c2)Oc2ccccc2-c2ccccc21,,,0,CC(C)(c1ccc(O)c(CCCP2(=O)Oc3ccccc3-c3ccccc32)c1)c1ccc(O[Si](Oc2ccc(C(C)(C)c3ccc(O)c(CCCP4(=O)Oc5ccccc5-c5ccccc54)c3)cc2CCCP2(=O)Oc3ccccc3-c3ccccc32)(Oc2ccc(C(C)(C)c3ccc(O)c(CCCP4(=O)Oc5ccccc5-c5ccccc54)c3)cc2CCCP2(=O)Oc3ccccc3-c3ccccc32)c2ccccc2)c(CCCP2(=O)Oc3ccccc3-c3ccccc32)c1||<NO_CO>,4.668915812120204,21.798774860666065,0.8365384615384616,0.8365384615384616,,,0.8365384615384616,0.8365384615384616,0,0,1,1,0,0,0,1,1,0,0,317,95,4,In_domain,New_scaffold
THR,2,DOPO_EP_0208,DOPO-AI,,O=P(C1=C2C=CC=C1)(NCCCN3C=CN=C3)OC4=C2C=CC=C4,,https://doi.org/10.1021/acsapm.0c00577,O=P1(NCCCn2ccnc2)Oc2ccccc2-c2ccccc21,O=P1(NCCCn2ccnc2)Oc2ccccc2-c2ccccc21,86.7,0.0,1,molecule,formulation,baseline_inclusive,fixed,0,100.63281044759314,101.55400461537408,57.0,146.10800923074814,1,O=P1(NCCCn2ccnc2)Oc2ccccc2-c2ccccc21,O=P1(NCCCn2ccnc2)Oc2ccccc2-c2ccccc21,,,0,O=P1(NCCCn2ccnc2)Oc2ccccc2-c2ccccc21||<NO_CO>,13.932810447593141,194.1232069685606,0.4945054945054945,0.4945054945054945,,,0.4945054945054945,0.4945054945054945,0,0,1,1,0,0,0,1,1,0,0,317,95,4,Extrapolation,New_scaffold
THR,2,DOPO_EP_0209,DOPO-AI,,O=P(C1=C2C=CC=C1)(NCCCN3C=CN=C3)OC4=C2C=CC=C4,,https://doi.org/10.1021/acsapm.0c00577,O=P1(NCCCn2ccnc2)Oc2ccccc2-c2ccccc21,O=P1(NCCCn2ccnc2)Oc2ccccc2-c2ccccc21,72.8,11.0,0,molecule,formulation,baseline_inclusive,fixed,0,67.74109140473635,67.09575086034806,22.541746244973996,111.64975547572212,1,O=P1(NCCCn2ccnc2)Oc2ccccc2-c2ccccc21,O=P1(NCCCn2ccnc2)Oc2ccccc2-c2ccccc21,,,0,O=P1(NCCCn2ccnc2)Oc2ccccc2-c2ccccc21||<NO_CO>,5.058908595263645,25.59255617523239,0.4945054945054945,0.4945054945054945,,,0.4945054945054945,0.4945054945054945,0,0,1,1,0,0,0,1,1,0,0,317,95,4,Extrapolation,New_scaffold
THR,2,DOPO_EP_0210,DOPO-AI,,O=P(C1=C2C=CC=C1)(NCCCN3C=CN=C3)OC4=C2C=CC=C4,,https://doi.org/10.1021/acsapm.0c00577,O=P1(NCCCn2ccnc2)Oc2ccccc2-c2ccccc21,O=P1(NCCCn2ccnc2)Oc2ccccc2-c2ccccc21,69.2,14.0,0,molecule,formulation,baseline_inclusive,fixed,0,67.41892994643611,66.925483098019,22.37147848264493,111.47948771339308,1,O=P1(NCCCn2ccnc2)Oc2ccccc2-c2ccccc21,O=P1(NCCCn2ccnc2)Oc2ccccc2-c2ccccc21,,,0,O=P1(NCCCn2ccnc2)Oc2ccccc2-c2ccccc21||<NO_CO>,1.7810700535638944,3.1722105357020935,0.4945054945054945,0.4945054945054945,,,0.4945054945054945,0.4945054945054945,0,0,1,1,0,0,0,1,1,0,0,317,95,4,Extrapolation,New_scaffold
THR,2,DOPO_EP_0211,DOPO-AI,,O=P(C1=C2C=CC=C1)(NCCCN3C=CN=C3)OC4=C2C=CC=C4,,https://doi.org/10.1021/acsapm.0c00577,O=P1(NCCCn2ccnc2)Oc2ccccc2-c2ccccc21,O=P1(NCCCn2ccnc2)Oc2ccccc2-c2ccccc21,63.9,17.0,0,molecule,formulation,baseline_inclusive,fixed,0,67.86427635689977,66.925483098019,22.37147848264493,111.47948771339308,1,O=P1(NCCCn2ccnc2)Oc2ccccc2-c2ccccc21,O=P1(NCCCn2ccnc2)Oc2ccccc2-c2ccccc21,,,0,O=P1(NCCCn2ccnc2)Oc2ccccc2-c2ccccc21||<NO_CO>,3.9642763568997665,15.715487033874485,0.4945054945054945,0.4945054945054945,,,0.4945054945054945,0.4945054945054945,0,0,1,1,0,0,0,1,1,0,0,317,95,4,Extrapolation,New_scaffold
THR,2,DOPO_EP_0221,DOPO-THPO,,O=P(OCP(COP1(C2=C(C3=C(O1)C=CC=C3)C=CC=C2)=O)(COP4(C5=C(C6=C(O4)C=CC=C6)C=CC=C5)=O)=O)(C7=C8C=CC=C7)OC9=C8C=CC=C9,,https://doi.org/10.1016/j.polymdegradstab.2018.01.024,O=P(COP1(=O)Oc2ccccc2-c2ccccc21)(COP1(=O)Oc2ccccc2-c2ccccc21)COP1(=O)Oc2ccccc2-c2ccccc21,O=P(COP1(=O)Oc2ccccc2-c2ccccc21)(COP1(=O)Oc2ccccc2-c2ccccc21)COP1(=O)Oc2ccccc2-c2ccccc21,60.2,0.0,1,molecule,formulation,baseline_inclusive,fixed,0,100.63281044759314,101.55400461537408,57.0,146.10800923074814,1,O=P(COP1(=O)Oc2ccccc2-c2ccccc21)(COP1(=O)Oc2ccccc2-c2ccccc21)COP1(=O)Oc2ccccc2-c2ccccc21,O=P(COP1(=O)Oc2ccccc2-c2ccccc21)(COP1(=O)Oc2ccccc2-c2ccccc21)COP1(=O)Oc2ccccc2-c2ccccc21,,,0,O=P(COP1(=O)Oc2ccccc2-c2ccccc21)(COP1(=O)Oc2ccccc2-c2ccccc21)COP1(=O)Oc2ccccc2-c2ccccc21||<NO_CO>,40.43281044759314,1634.812160690997,0.5441176470588235,0.5441176470588235,,,0.5441176470588235,0.5441176470588235,0,0,1,1,0,0,0,1,1,0,0,317,95,4,Caution,New_scaffold
THR,2,DOPO_EP_0222,DOPO-THPO,,O=P(OCP(COP1(C2=C(C3=C(O1)C=CC=C3)C=CC=C2)=O)(COP4(C5=C(C6=C(O4)C=CC=C6)C=CC=C5)=O)=O)(C7=C8C=CC=C7)OC9=C8C=CC=C9,,https://doi.org/10.1016/j.polymdegradstab.2018.01.024,O=P(COP1(=O)Oc2ccccc2-c2ccccc21)(COP1(=O)Oc2ccccc2-c2ccccc21)COP1(=O)Oc2ccccc2-c2ccccc21,O=P(COP1(=O)Oc2ccccc2-c2ccccc21)(COP1(=O)Oc2ccccc2-c2ccccc21)COP1(=O)Oc2ccccc2-c2ccccc21,56.4,1.0,0,molecule,formulation,baseline_inclusive,fixed,0,54.97567160656568,62.55218378400317,17.9981791686291,107.10618839937725,1,O=P(COP1(=O)Oc2ccccc2-c2ccccc21)(COP1(=O)Oc2ccccc2-c2ccccc21)COP1(=O)Oc2ccccc2-c2ccccc21,O=P(COP1(=O)Oc2ccccc2-c2ccccc21)(COP1(=O)Oc2ccccc2-c2ccccc21)COP1(=O)Oc2ccccc2-c2ccccc21,,,0,O=P(COP1(=O)Oc2ccccc2-c2ccccc21)(COP1(=O)Oc2ccccc2-c2ccccc21)COP1(=O)Oc2ccccc2-c2ccccc21||<NO_CO>,1.4243283934343154,2.028711372343178,0.5441176470588235,0.5441176470588235,,,0.5441176470588235,0.5441176470588235,0,0,1,1,0,0,0,1,1,0,0,317,95,4,Caution,New_scaffold
THR,2,DOPO_EP_0223,DOPO-THPO,,O=P(OCP(COP1(C2=C(C3=C(O1)C=CC=C3)C=CC=C2)=O)(COP4(C5=C(C6=C(O4)C=CC=C6)C=CC=C5)=O)=O)(C7=C8C=CC=C7)OC9=C8C=CC=C9,,https://doi.org/10.1016/j.polymdegradstab.2018.01.024,O=P(COP1(=O)Oc2ccccc2-c2ccccc21)(COP1(=O)Oc2ccccc2-c2ccccc21)COP1(=O)Oc2ccccc2-c2ccccc21,O=P(COP1(=O)Oc2ccccc2-c2ccccc21)(COP1(=O)Oc2ccccc2-c2ccccc21)COP1(=O)Oc2ccccc2-c2ccccc21,56.8,1.5,0,molecule,formulation,baseline_inclusive,fixed,0,54.06630996766811,59.29748344111015,14.743478825736076,103.8514880564842,1,O=P(COP1(=O)Oc2ccccc2-c2ccccc21)(COP1(=O)Oc2ccccc2-c2ccccc21)COP1(=O)Oc2ccccc2-c2ccccc21,O=P(COP1(=O)Oc2ccccc2-c2ccccc21)(COP1(=O)Oc2ccccc2-c2ccccc21)COP1(=O)Oc2ccccc2-c2ccccc21,,,0,O=P(COP1(=O)Oc2ccccc2-c2ccccc21)(COP1(=O)Oc2ccccc2-c2ccccc21)COP1(=O)Oc2ccccc2-c2ccccc21||<NO_CO>,2.733690032331886,7.4730611928707065,0.5441176470588235,0.5441176470588235,,,0.5441176470588235,0.5441176470588235,0,0,1,1,0,0,0,1,1,0,0,317,95,4,Caution,New_scaffold
THR,2,DOPO_EP_0224,DOPO-THPO,,O=P(OCP(COP1(C2=C(C3=C(O1)C=CC=C3)C=CC=C2)=O)(COP4(C5=C(C6=C(O4)C=CC=C6)C=CC=C5)=O)=O)(C7=C8C=CC=C7)OC9=C8C=CC=C9,,https://doi.org/10.1016/j.polymdegradstab.2018.01.024,O=P(COP1(=O)Oc2ccccc2-c2ccccc21)(COP1(=O)Oc2ccccc2-c2ccccc21)COP1(=O)Oc2ccccc2-c2ccccc21,O=P(COP1(=O)Oc2ccccc2-c2ccccc21)(COP1(=O)Oc2ccccc2-c2ccccc21)COP1(=O)Oc2ccccc2-c2ccccc21,52.4,2.0,0,molecule,formulation,baseline_inclusive,fixed,0,53.06641334748462,54.10486519234488,9.550860576970813,98.65886980771896,1,O=P(COP1(=O)Oc2ccccc2-c2ccccc21)(COP1(=O)Oc2ccccc2-c2ccccc21)COP1(=O)Oc2ccccc2-c2ccccc21,O=P(COP1(=O)Oc2ccccc2-c2ccccc21)(COP1(=O)Oc2ccccc2-c2ccccc21)COP1(=O)Oc2ccccc2-c2ccccc21,,,0,O=P(COP1(=O)Oc2ccccc2-c2ccccc21)(COP1(=O)Oc2ccccc2-c2ccccc21)COP1(=O)Oc2ccccc2-c2ccccc21||<NO_CO>,0.666413347484621,0.4441067497056582,0.5441176470588235,0.5441176470588235,,,0.5441176470588235,0.5441176470588235,0,0,1,1,0,0,0,1,1,0,0,317,95,4,Caution,New_scaffold
THR,2,DOPO_EP_0225,DOPO-THPO,,O=P(OCP(COP1(C2=C(C3=C(O1)C=CC=C3)C=CC=C2)=O)(COP4(C5=C(C6=C(O4)C=CC=C6)C=CC=C5)=O)=O)(C7=C8C=CC=C7)OC9=C8C=CC=C9,,https://doi.org/10.1016/j.polymdegradstab.2018.01.024,O=P(COP1(=O)Oc2ccccc2-c2ccccc21)(COP1(=O)Oc2ccccc2-c2ccccc21)COP1(=O)Oc2ccccc2-c2ccccc21,O=P(COP1(=O)Oc2ccccc2-c2ccccc21)(COP1(=O)Oc2ccccc2-c2ccccc21)COP1(=O)Oc2ccccc2-c2ccccc21,49.8,2.5,0,molecule,formulation,baseline_inclusive,fixed,0,51.89054834564758,58.24139787736598,13.687393261991916,102.79540249274004,1,O=P(COP1(=O)Oc2ccccc2-c2ccccc21)(COP1(=O)Oc2ccccc2-c2ccccc21)COP1(=O)Oc2ccccc2-c2ccccc21,O=P(COP1(=O)Oc2ccccc2-c2ccccc21)(COP1(=O)Oc2ccccc2-c2ccccc21)COP1(=O)Oc2ccccc2-c2ccccc21,,,0,O=P(COP1(=O)Oc2ccccc2-c2ccccc21)(COP1(=O)Oc2ccccc2-c2ccccc21)COP1(=O)Oc2ccccc2-c2ccccc21||<NO_CO>,2.0905483456475835,4.370392385489849,0.5441176470588235,0.5441176470588235,,,0.5441176470588235,0.5441176470588235,0,0,1,1,0,0,0,1,1,0,0,317,95,4,Caution,New_scaffold
THR,2,DOPO_EP_0230,DMT,,O=C(CC(P1(C2=C(C3=C(O1)C=CC=C3)C=CC=C2)=O)C4=O)N4C(C=C5)=CC=C5OCC(O)CN(C(N(CC(O)COC6=CC=C(N7C(CC(P8(C9=C(C%10=C(O8)C=CC=C%10)C=CC=C9)=O)C7=O)=O)C=C6)C%11=O)=O)C(N%11CC(O)COC%12=CC=C(C=C%12)N%13C(CC(C%13=O)P%14(C%15=C(C=CC=C%15)C%16=C(C=CC=C%16)O%14)=O)=O)=O,,https://doi.org/10.1016/j.polymdegradstab.2016.07.013,O=C1CC(P2(=O)Oc3ccccc3-c3ccccc32)C(=O)N1c1ccc(OCC(O)Cn2c(=O)n(CC(O)COc3ccc(N4C(=O)CC(P5(=O)Oc6ccccc6-c6ccccc65)C4=O)cc3)c(=O)n(CC(O)COc3ccc(N4C(=O)CC(P5(=O)Oc6ccccc6-c6ccccc65)C4=O)cc3)c2=O)cc1,O=C1CC(P2(=O)Oc3ccccc3-c3ccccc32)C(=O)N1c1ccc(OCCCn2c(=O)n(CCCOc3ccc(N4C(=O)CC(P5(=O)Oc6ccccc6-c6ccccc65)C4=O)cc3)c(=O)n(CCCOc3ccc(N4C(=O)CC(P5(=O)Oc6ccccc6-c6ccccc65)C4=O)cc3)c2=O)cc1,80.0,0.0,1,molecule,formulation,baseline_inclusive,fixed,0,100.63281044759314,101.55400461537408,57.0,146.10800923074814,1,O=C1CC(P2(=O)Oc3ccccc3-c3ccccc32)C(=O)N1c1ccc(OCC(O)Cn2c(=O)n(CC(O)COc3ccc(N4C(=O)CC(P5(=O)Oc6ccccc6-c6ccccc65)C4=O)cc3)c(=O)n(CC(O)COc3ccc(N4C(=O)CC(P5(=O)Oc6ccccc6-c6ccccc65)C4=O)cc3)c2=O)cc1,O=C1CC(P2(=O)Oc3ccccc3-c3ccccc32)C(=O)N1c1ccc(OCCCn2c(=O)n(CCCOc3ccc(N4C(=O)CC(P5(=O)Oc6ccccc6-c6ccccc65)C4=O)cc3)c(=O)n(CCCOc3ccc(N4C(=O)CC(P5(=O)Oc6ccccc6-c6ccccc65)C4=O)cc3)c2=O)cc1,,,0,O=C1CC(P2(=O)Oc3ccccc3-c3ccccc32)C(=O)N1c1ccc(OCC(O)Cn2c(=O)n(CC(O)COc3ccc(N4C(=O)CC(P5(=O)Oc6ccccc6-c6ccccc65)C4=O)cc3)c(=O)n(CC(O)COc3ccc(N4C(=O)CC(P5(=O)Oc6ccccc6-c6ccccc65)C4=O)cc3)c2=O)cc1||<NO_CO>,20.632810447593144,425.7128669663088,0.865979381443299,0.865979381443299,,,0.865979381443299,0.865979381443299,0,0,1,1,0,0,0,1,1,0,0,317,95,4,In_domain,New_scaffold
THR,2,DOPO_EP_0231,DMT,,O=C(CC(P1(C2=C(C3=C(O1)C=CC=C3)C=CC=C2)=O)C4=O)N4C(C=C5)=CC=C5OCC(O)CN(C(N(CC(O)COC6=CC=C(N7C(CC(P8(C9=C(C%10=C(O8)C=CC=C%10)C=CC=C9)=O)C7=O)=O)C=C6)C%11=O)=O)C(N%11CC(O)COC%12=CC=C(C=C%12)N%13C(CC(C%13=O)P%14(C%15=C(C=CC=C%15)C%16=C(C=CC=C%16)O%14)=O)=O)=O,,https://doi.org/10.1016/j.polymdegradstab.2016.07.013,O=C1CC(P2(=O)Oc3ccccc3-c3ccccc32)C(=O)N1c1ccc(OCC(O)Cn2c(=O)n(CC(O)COc3ccc(N4C(=O)CC(P5(=O)Oc6ccccc6-c6ccccc65)C4=O)cc3)c(=O)n(CC(O)COc3ccc(N4C(=O)CC(P5(=O)Oc6ccccc6-c6ccccc65)C4=O)cc3)c2=O)cc1,O=C1CC(P2(=O)Oc3ccccc3-c3ccccc32)C(=O)N1c1ccc(OCCCn2c(=O)n(CCCOc3ccc(N4C(=O)CC(P5(=O)Oc6ccccc6-c6ccccc65)C4=O)cc3)c(=O)n(CCCOc3ccc(N4C(=O)CC(P5(=O)Oc6ccccc6-c6ccccc65)C4=O)cc3)c2=O)cc1,58.0,3.3,0,molecule,formulation,baseline_inclusive,fixed,0,67.05452385876022,69.71441922310744,25.16041460773337,114.26842383848152,1,O=C1CC(P2(=O)Oc3ccccc3-c3ccccc32)C(=O)N1c1ccc(OCC(O)Cn2c(=O)n(CC(O)COc3ccc(N4C(=O)CC(P5(=O)Oc6ccccc6-c6ccccc65)C4=O)cc3)c(=O)n(CC(O)COc3ccc(N4C(=O)CC(P5(=O)Oc6ccccc6-c6ccccc65)C4=O)cc3)c2=O)cc1,O=C1CC(P2(=O)Oc3ccccc3-c3ccccc32)C(=O)N1c1ccc(OCCCn2c(=O)n(CCCOc3ccc(N4C(=O)CC(P5(=O)Oc6ccccc6-c6ccccc65)C4=O)cc3)c(=O)n(CCCOc3ccc(N4C(=O)CC(P5(=O)Oc6ccccc6-c6ccccc65)C4=O)cc3)c2=O)cc1,,,0,O=C1CC(P2(=O)Oc3ccccc3-c3ccccc32)C(=O)N1c1ccc(OCC(O)Cn2c(=O)n(CC(O)COc3ccc(N4C(=O)CC(P5(=O)Oc6ccccc6-c6ccccc65)C4=O)cc3)c(=O)n(CC(O)COc3ccc(N4C(=O)CC(P5(=O)Oc6ccccc6-c6ccccc65)C4=O)cc3)c2=O)cc1||<NO_CO>,9.05452385876022,81.98440230885807,0.865979381443299,0.865979381443299,,,0.865979381443299,0.865979381443299,0,0,1,1,0,0,0,1,1,0,0,317,95,4,In_domain,New_scaffold
THR,2,DOPO_EP_0232,DMT,,O=C(CC(P1(C2=C(C3=C(O1)C=CC=C3)C=CC=C2)=O)C4=O)N4C(C=C5)=CC=C5OCC(O)CN(C(N(CC(O)COC6=CC=C(N7C(CC(P8(C9=C(C%10=C(O8)C=CC=C%10)C=CC=C9)=O)C7=O)=O)C=C6)C%11=O)=O)C(N%11CC(O)COC%12=CC=C(C=C%12)N%13C(CC(C%13=O)P%14(C%15=C(C=CC=C%15)C%16=C(C=CC=C%16)O%14)=O)=O)=O,,https://doi.org/10.1016/j.polymdegradstab.2016.07.013,O=C1CC(P2(=O)Oc3ccccc3-c3ccccc32)C(=O)N1c1ccc(OCC(O)Cn2c(=O)n(CC(O)COc3ccc(N4C(=O)CC(P5(=O)Oc6ccccc6-c6ccccc65)C4=O)cc3)c(=O)n(CC(O)COc3ccc(N4C(=O)CC(P5(=O)Oc6ccccc6-c6ccccc65)C4=O)cc3)c2=O)cc1,O=C1CC(P2(=O)Oc3ccccc3-c3ccccc32)C(=O)N1c1ccc(OCCCn2c(=O)n(CCCOc3ccc(N4C(=O)CC(P5(=O)Oc6ccccc6-c6ccccc65)C4=O)cc3)c(=O)n(CCCOc3ccc(N4C(=O)CC(P5(=O)Oc6ccccc6-c6ccccc65)C4=O)cc3)c2=O)cc1,54.0,6.6,0,molecule,formulation,baseline_inclusive,fixed,0,63.97051868077016,67.02367412267053,22.46966950729646,111.5776787380446,1,O=C1CC(P2(=O)Oc3ccccc3-c3ccccc32)C(=O)N1c1ccc(OCC(O)Cn2c(=O)n(CC(O)COc3ccc(N4C(=O)CC(P5(=O)Oc6ccccc6-c6ccccc65)C4=O)cc3)c(=O)n(CC(O)COc3ccc(N4C(=O)CC(P5(=O)Oc6ccccc6-c6ccccc65)C4=O)cc3)c2=O)cc1,O=C1CC(P2(=O)Oc3ccccc3-c3ccccc32)C(=O)N1c1ccc(OCCCn2c(=O)n(CCCOc3ccc(N4C(=O)CC(P5(=O)Oc6ccccc6-c6ccccc65)C4=O)cc3)c(=O)n(CCCOc3ccc(N4C(=O)CC(P5(=O)Oc6ccccc6-c6ccccc65)C4=O)cc3)c2=O)cc1,,,0,O=C1CC(P2(=O)Oc3ccccc3-c3ccccc32)C(=O)N1c1ccc(OCC(O)Cn2c(=O)n(CC(O)COc3ccc(N4C(=O)CC(P5(=O)Oc6ccccc6-c6ccccc65)C4=O)cc3)c(=O)n(CC(O)COc3ccc(N4C(=O)CC(P5(=O)Oc6ccccc6-c6ccccc65)C4=O)cc3)c2=O)cc1||<NO_CO>,9.970518680770162,99.41124276358677,0.865979381443299,0.865979381443299,,,0.865979381443299,0.865979381443299,0,0,1,1,0,0,0,1,1,0,0,317,95,4,In_domain,New_scaffold
THR,2,DOPO_EP_0233,DMT,,O=C(CC(P1(C2=C(C3=C(O1)C=CC=C3)C=CC=C2)=O)C4=O)N4C(C=C5)=CC=C5OCC(O)CN(C(N(CC(O)COC6=CC=C(N7C(CC(P8(C9=C(C%10=C(O8)C=CC=C%10)C=CC=C9)=O)C7=O)=O)C=C6)C%11=O)=O)C(N%11CC(O)COC%12=CC=C(C=C%12)N%13C(CC(C%13=O)P%14(C%15=C(C=CC=C%15)C%16=C(C=CC=C%16)O%14)=O)=O)=O,,https://doi.org/10.1016/j.polymdegradstab.2016.07.013,O=C1CC(P2(=O)Oc3ccccc3-c3ccccc32)C(=O)N1c1ccc(OCC(O)Cn2c(=O)n(CC(O)COc3ccc(N4C(=O)CC(P5(=O)Oc6ccccc6-c6ccccc65)C4=O)cc3)c(=O)n(CC(O)COc3ccc(N4C(=O)CC(P5(=O)Oc6ccccc6-c6ccccc65)C4=O)cc3)c2=O)cc1,O=C1CC(P2(=O)Oc3ccccc3-c3ccccc32)C(=O)N1c1ccc(OCCCn2c(=O)n(CCCOc3ccc(N4C(=O)CC(P5(=O)Oc6ccccc6-c6ccccc65)C4=O)cc3)c(=O)n(CCCOc3ccc(N4C(=O)CC(P5(=O)Oc6ccccc6-c6ccccc65)C4=O)cc3)c2=O)cc1,53.0,10.0,0,molecule,formulation,baseline_inclusive,fixed,0,61.01625659316214,60.76674655993877,16.212741944564698,105.32075117531284,1,O=C1CC(P2(=O)Oc3ccccc3-c3ccccc32)C(=O)N1c1ccc(OCC(O)Cn2c(=O)n(CC(O)COc3ccc(N4C(=O)CC(P5(=O)Oc6ccccc6-c6ccccc65)C4=O)cc3)c(=O)n(CC(O)COc3ccc(N4C(=O)CC(P5(=O)Oc6ccccc6-c6ccccc65)C4=O)cc3)c2=O)cc1,O=C1CC(P2(=O)Oc3ccccc3-c3ccccc32)C(=O)N1c1ccc(OCCCn2c(=O)n(CCCOc3ccc(N4C(=O)CC(P5(=O)Oc6ccccc6-c6ccccc65)C4=O)cc3)c(=O)n(CCCOc3ccc(N4C(=O)CC(P5(=O)Oc6ccccc6-c6ccccc65)C4=O)cc3)c2=O)cc1,,,0,O=C1CC(P2(=O)Oc3ccccc3-c3ccccc32)C(=O)N1c1ccc(OCC(O)Cn2c(=O)n(CC(O)COc3ccc(N4C(=O)CC(P5(=O)Oc6ccccc6-c6ccccc65)C4=O)cc3)c(=O)n(CC(O)COc3ccc(N4C(=O)CC(P5(=O)Oc6ccccc6-c6ccccc65)C4=O)cc3)c2=O)cc1||<NO_CO>,8.01625659316214,64.26036976741548,0.865979381443299,0.865979381443299,,,0.865979381443299,0.865979381443299,0,0,1,1,0,0,0,1,1,0,0,317,95,4,In_domain,New_scaffold
THR,2,DOPO_EP_0234,DMT,,O=C(CC(P1(C2=C(C3=C(O1)C=CC=C3)C=CC=C2)=O)C4=O)N4C(C=C5)=CC=C5OCC(O)CN(C(N(CC(O)COC6=CC=C(N7C(CC(P8(C9=C(C%10=C(O8)C=CC=C%10)C=CC=C9)=O)C7=O)=O)C=C6)C%11=O)=O)C(N%11CC(O)COC%12=CC=C(C=C%12)N%13C(CC(C%13=O)P%14(C%15=C(C=CC=C%15)C%16=C(C=CC=C%16)O%14)=O)=O)=O,,https://doi.org/10.1016/j.polymdegradstab.2016.07.013,O=C1CC(P2(=O)Oc3ccccc3-c3ccccc32)C(=O)N1c1ccc(OCC(O)Cn2c(=O)n(CC(O)COc3ccc(N4C(=O)CC(P5(=O)Oc6ccccc6-c6ccccc65)C4=O)cc3)c(=O)n(CC(O)COc3ccc(N4C(=O)CC(P5(=O)Oc6ccccc6-c6ccccc65)C4=O)cc3)c2=O)cc1,O=C1CC(P2(=O)Oc3ccccc3-c3ccccc32)C(=O)N1c1ccc(OCCCn2c(=O)n(CCCOc3ccc(N4C(=O)CC(P5(=O)Oc6ccccc6-c6ccccc65)C4=O)cc3)c(=O)n(CCCOc3ccc(N4C(=O)CC(P5(=O)Oc6ccccc6-c6ccccc65)C4=O)cc3)c2=O)cc1,52.0,13.5,0,molecule,formulation,baseline_inclusive,fixed,0,57.45435407874537,56.86887631417207,12.314871698798,101.42288092954614,1,O=C1CC(P2(=O)Oc3ccccc3-c3ccccc32)C(=O)N1c1ccc(OCC(O)Cn2c(=O)n(CC(O)COc3ccc(N4C(=O)CC(P5(=O)Oc6ccccc6-c6ccccc65)C4=O)cc3)c(=O)n(CC(O)COc3ccc(N4C(=O)CC(P5(=O)Oc6ccccc6-c6ccccc65)C4=O)cc3)c2=O)cc1,O=C1CC(P2(=O)Oc3ccccc3-c3ccccc32)C(=O)N1c1ccc(OCCCn2c(=O)n(CCCOc3ccc(N4C(=O)CC(P5(=O)Oc6ccccc6-c6ccccc65)C4=O)cc3)c(=O)n(CCCOc3ccc(N4C(=O)CC(P5(=O)Oc6ccccc6-c6ccccc65)C4=O)cc3)c2=O)cc1,,,0,O=C1CC(P2(=O)Oc3ccccc3-c3ccccc32)C(=O)N1c1ccc(OCC(O)Cn2c(=O)n(CC(O)COc3ccc(N4C(=O)CC(P5(=O)Oc6ccccc6-c6ccccc65)C4=O)cc3)c(=O)n(CC(O)COc3ccc(N4C(=O)CC(P5(=O)Oc6ccccc6-c6ccccc65)C4=O)cc3)c2=O)cc1||<NO_CO>,5.454354078745368,29.749978416326233,0.865979381443299,0.865979381443299,,,0.865979381443299,0.865979381443299,0,0,1,1,0,0,0,1,1,0,0,317,95,4,In_domain,New_scaffold
THR,2,DOPO_EP_0504,BADO,,O=P1(C2=C(C3=C(O1)C=CC=C3)C=CC=C2)NC4=NC5=C(N4)C=CC=C5,,https://doi.org/10.1002/app.54890,O=P1(Nc2nc3ccccc3[nH]2)Oc2ccccc2-c2ccccc21,O=P1(Nc2nc3ccccc3[nH]2)Oc2ccccc2-c2ccccc21,85.0,5.0,0,molecule,formulation,baseline_inclusive,fixed,0,71.94818080778754,84.22388533296765,39.66988071759359,128.77788994834174,1,O=P1(Nc2nc3ccccc3[nH]2)Oc2ccccc2-c2ccccc21,O=P1(Nc2nc3ccccc3[nH]2)Oc2ccccc2-c2ccccc21,,,0,O=P1(Nc2nc3ccccc3[nH]2)Oc2ccccc2-c2ccccc21||<NO_CO>,13.051819192212463,170.34998422620558,0.5185185185185185,0.5185185185185185,,,0.5185185185185185,0.5185185185185185,0,0,1,1,0,0,0,1,1,0,0,317,95,4,Caution,New_scaffold
THR,2,DOPO_EP_0503,BADO,,O=P1(C2=C(C3=C(O1)C=CC=C3)C=CC=C2)NC4=NC5=C(N4)C=CC=C5,,https://doi.org/10.1002/app.54890,O=P1(Nc2nc3ccccc3[nH]2)Oc2ccccc2-c2ccccc21,O=P1(Nc2nc3ccccc3[nH]2)Oc2ccccc2-c2ccccc21,91.0,2.5,0,molecule,formulation,baseline_inclusive,fixed,0,76.16380450285492,92.82112467289195,48.2671200575179,137.37512928826604,1,O=P1(Nc2nc3ccccc3[nH]2)Oc2ccccc2-c2ccccc21,O=P1(Nc2nc3ccccc3[nH]2)Oc2ccccc2-c2ccccc21,,,0,O=P1(Nc2nc3ccccc3[nH]2)Oc2ccccc2-c2ccccc21||<NO_CO>,14.836195497145084,220.11269682950808,0.5185185185185185,0.5185185185185185,,,0.5185185185185185,0.5185185185185185,0,0,1,1,0,0,0,1,1,0,0,317,95,4,Caution,New_scaffold
THR,2,DOPO_EP_0502,BADO,,O=P1(C2=C(C3=C(O1)C=CC=C3)C=CC=C2)NC4=NC5=C(N4)C=CC=C5,,https://doi.org/10.1002/app.54890,O=P1(Nc2nc3ccccc3[nH]2)Oc2ccccc2-c2ccccc21,O=P1(Nc2nc3ccccc3[nH]2)Oc2ccccc2-c2ccccc21,96.8,0.0,1,molecule,formulation,baseline_inclusive,fixed,0,100.63281044759314,101.55400461537408,57.0,146.10800923074814,1,O=P1(Nc2nc3ccccc3[nH]2)Oc2ccccc2-c2ccccc21,O=P1(Nc2nc3ccccc3[nH]2)Oc2ccccc2-c2ccccc21,,,0,O=P1(Nc2nc3ccccc3[nH]2)Oc2ccccc2-c2ccccc21||<NO_CO>,3.832810447593147,14.690435927179179,0.5185185185185185,0.5185185185185185,,,0.5185185185185185,0.5185185185185185,0,0,1,1,0,0,0,1,1,0,0,317,95,4,Caution,New_scaffold
THR,2,DOPO_EP_0489,DOPO-DA,,O=P(C1=CC=CC=C21)(NCCC3=CC=C(O)C(O)=C3)OC4=C2C=CC=C4,,https://doi.org/10.1016/j.cej.2024.149910,O=P1(NCCc2ccc(O)c(O)c2)Oc2ccccc2-c2ccccc21,O=P1(NCCc2ccccc2)Oc2ccccc2-c2ccccc21,73.6,5.0,0,molecule,formulation,baseline_inclusive,fixed,0,88.00918446310921,90.59938649406826,46.04538187869419,135.15339110944234,1,O=P1(NCCc2ccc(O)c(O)c2)Oc2ccccc2-c2ccccc21,O=P1(NCCc2ccccc2)Oc2ccccc2-c2ccccc21,,,0,O=P1(NCCc2ccc(O)c(O)c2)Oc2ccccc2-c2ccccc21||<NO_CO>,14.409184463109213,207.62459689190794,0.45652173913043476,0.45652173913043476,,,0.45652173913043476,0.45652173913043476,0,0,1,1,0,0,0,1,1,0,0,317,95,4,Extrapolation,New_scaffold
THR,2,DOPO_EP_0488,DOPO-DA,,O=P(C1=CC=CC=C21)(NCCC3=CC=C(O)C(O)=C3)OC4=C2C=CC=C4,,https://doi.org/10.1016/j.cej.2024.149910,O=P1(NCCc2ccc(O)c(O)c2)Oc2ccccc2-c2ccccc21,O=P1(NCCc2ccccc2)Oc2ccccc2-c2ccccc21,98.5,2.0,0,molecule,formulation,baseline_inclusive,fixed,0,94.20068497166687,99.999358672965,55.44535405759093,144.55336328833909,1,O=P1(NCCc2ccc(O)c(O)c2)Oc2ccccc2-c2ccccc21,O=P1(NCCc2ccccc2)Oc2ccccc2-c2ccccc21,,,0,O=P1(NCCc2ccc(O)c(O)c2)Oc2ccccc2-c2ccccc21||<NO_CO>,4.299315028333126,18.48410971285107,0.45652173913043476,0.45652173913043476,,,0.45652173913043476,0.45652173913043476,0,0,1,1,0,0,0,1,1,0,0,317,95,4,Extrapolation,New_scaffold
THR,2,DOPO_EP_0487,DOPO-DA,,O=P(C1=CC=CC=C21)(NCCC3=CC=C(O)C(O)=C3)OC4=C2C=CC=C4,,https://doi.org/10.1016/j.cej.2024.149910,O=P1(NCCc2ccc(O)c(O)c2)Oc2ccccc2-c2ccccc21,O=P1(NCCc2ccccc2)Oc2ccccc2-c2ccccc21,108.4,0.0,1,molecule,formulation,baseline_inclusive,fixed,0,100.63281044759314,101.55400461537408,57.0,146.10800923074814,1,O=P1(NCCc2ccc(O)c(O)c2)Oc2ccccc2-c2ccccc21,O=P1(NCCc2ccccc2)Oc2ccccc2-c2ccccc21,,,0,O=P1(NCCc2ccc(O)c(O)c2)Oc2ccccc2-c2ccccc21||<NO_CO>,7.767189552406862,60.329233543018304,0.45652173913043476,0.45652173913043476,,,0.45652173913043476,0.45652173913043476,0,0,1,1,0,0,0,1,1,0,0,317,95,4,Extrapolation,New_scaffold
THR,2,DOPO_EP_0485,TD-DOPO,,O=P(C(C1=CC=C(C(P2(C3=C(C4=C(O2)C=CC=C4)C=CC=C3)=O)NCCC5=CC=C(O)C=C5)C=C1)NCCC6=CC=C(O)C=C6)(C7=C8C=CC=C7)OC9=C8C=CC=C9,,https://doi.org/10.1016/j.polymer.2025.128827,O=P1(C(NCCc2ccc(O)cc2)c2ccc(C(NCCc3ccc(O)cc3)P3(=O)Oc4ccccc4-c4ccccc43)cc2)Oc2ccccc2-c2ccccc21,O=P1(C(NCCc2ccccc2)c2ccc(C(NCCc3ccccc3)P3(=O)Oc4ccccc4-c4ccccc43)cc2)Oc2ccccc2-c2ccccc21,77.97,8.21,0,molecule,formulation,baseline_inclusive,fixed,0,76.17211584614627,75.91496638944753,31.36096177407346,120.4689710048216,1,O=P1(C(NCCc2ccc(O)cc2)c2ccc(C(NCCc3ccc(O)cc3)P3(=O)Oc4ccccc4-c4ccccc43)cc2)Oc2ccccc2-c2ccccc21,O=P1(C(NCCc2ccccc2)c2ccc(C(NCCc3ccccc3)P3(=O)Oc4ccccc4-c4ccccc43)cc2)Oc2ccccc2-c2ccccc21,,,0,O=P1(C(NCCc2ccc(O)cc2)c2ccc(C(NCCc3ccc(O)cc3)P3(=O)Oc4ccccc4-c4ccccc43)cc2)Oc2ccccc2-c2ccccc21||<NO_CO>,1.7978841538537296,3.232387430678341,0.5882352941176471,0.5882352941176471,,,0.5882352941176471,0.5882352941176471,0,0,1,1,0,0,0,1,1,0,0,317,95,4,Caution,New_scaffold
THR,2,DOPO_EP_0484,TD-DOPO,,O=P(C(C1=CC=C(C(P2(C3=C(C4=C(O2)C=CC=C4)C=CC=C3)=O)NCCC5=CC=C(O)C=C5)C=C1)NCCC6=CC=C(O)C=C6)(C7=C8C=CC=C7)OC9=C8C=CC=C9,,https://doi.org/10.1016/j.polymer.2025.128827,O=P1(C(NCCc2ccc(O)cc2)c2ccc(C(NCCc3ccc(O)cc3)P3(=O)Oc4ccccc4-c4ccccc43)cc2)Oc2ccccc2-c2ccccc21,O=P1(C(NCCc2ccccc2)c2ccc(C(NCCc3ccccc3)P3(=O)Oc4ccccc4-c4ccccc43)cc2)Oc2ccccc2-c2ccccc21,82.59,5.47,0,molecule,formulation,baseline_inclusive,fixed,0,78.75780205696454,82.73347739487264,38.17947277949857,127.2874820102467,1,O=P1(C(NCCc2ccc(O)cc2)c2ccc(C(NCCc3ccc(O)cc3)P3(=O)Oc4ccccc4-c4ccccc43)cc2)Oc2ccccc2-c2ccccc21,O=P1(C(NCCc2ccccc2)c2ccc(C(NCCc3ccccc3)P3(=O)Oc4ccccc4-c4ccccc43)cc2)Oc2ccccc2-c2ccccc21,,,0,O=P1(C(NCCc2ccc(O)cc2)c2ccc(C(NCCc3ccc(O)cc3)P3(=O)Oc4ccccc4-c4ccccc43)cc2)Oc2ccccc2-c2ccccc21||<NO_CO>,3.8321979430354673,14.685741074605268,0.5882352941176471,0.5882352941176471,,,0.5882352941176471,0.5882352941176471,0,0,1,1,0,0,0,1,1,0,0,317,95,4,Caution,New_scaffold
THR,2,DOPO_EP_0479,ITA-HBP,,O=P1(C2=C(C=CC=C2)C3=C(C=CC=C3)O1)CC(CC(N(CC(C)O)CC(C)O)=O)C=O,,https://doi.org/10.1016/j.cej.2019.122719,CC(O)CN(CC(C)O)C(=O)CC(C=O)CP1(=O)Oc2ccccc2-c2ccccc21,O=[PH]1Oc2ccccc2-c2ccccc21,110.2,13.7,0,molecule,formulation,baseline_inclusive,fixed,0,97.77775499915091,101.98957370349092,57.435569088116864,146.543578318865,1,CC(O)CN(CC(C)O)C(=O)CC(C=O)CP1(=O)Oc2ccccc2-c2ccccc21,O=[PH]1Oc2ccccc2-c2ccccc21,,,0,CC(O)CN(CC(C)O)C(=O)CC(C=O)CP1(=O)Oc2ccccc2-c2ccccc21||<NO_CO>,12.422245000849088,154.31217086112017,0.5061728395061729,0.5061728395061729,,,0.5061728395061729,0.5061728395061729,0,0,1,1,0,1,1,1,1,1,1,317,95,4,Caution,Seen_scaffold
THR,2,DOPO_EP_0478,ITA-HBP,,O=P1(C2=C(C=CC=C2)C3=C(C=CC=C3)O1)CC(CC(N(CC(C)O)CC(C)O)=O)C=O,,https://doi.org/10.1016/j.cej.2019.122719,CC(O)CN(CC(C)O)C(=O)CC(C=O)CP1(=O)Oc2ccccc2-c2ccccc21,O=[PH]1Oc2ccccc2-c2ccccc21,125.9,10.64,0,molecule,formulation,baseline_inclusive,fixed,0,98.8923960548513,102.42270459501252,57.868699979638464,146.97670921038662,1,CC(O)CN(CC(C)O)C(=O)CC(C=O)CP1(=O)Oc2ccccc2-c2ccccc21,O=[PH]1Oc2ccccc2-c2ccccc21,,,0,CC(O)CN(CC(C)O)C(=O)CC(C=O)CP1(=O)Oc2ccccc2-c2ccccc21||<NO_CO>,27.007603945148702,729.4106708580117,0.5061728395061729,0.5061728395061729,,,0.5061728395061729,0.5061728395061729,0,0,1,1,0,1,1,1,1,1,1,317,95,4,Caution,Seen_scaffold
THR,2,DOPO_EP_0477,ITA-HBP,,O=P1(C2=C(C=CC=C2)C3=C(C=CC=C3)O1)CC(CC(N(CC(C)O)CC(C)O)=O)C=O,,https://doi.org/10.1016/j.cej.2019.122719,CC(O)CN(CC(C)O)C(=O)CC(C=O)CP1(=O)Oc2ccccc2-c2ccccc21,O=[PH]1Oc2ccccc2-c2ccccc21,135.3,7.35,0,molecule,formulation,baseline_inclusive,fixed,0,109.84442367796592,113.33162145910195,68.77761684372788,157.88562607447602,1,CC(O)CN(CC(C)O)C(=O)CC(C=O)CP1(=O)Oc2ccccc2-c2ccccc21,O=[PH]1Oc2ccccc2-c2ccccc21,,,0,CC(O)CN(CC(C)O)C(=O)CC(C=O)CP1(=O)Oc2ccccc2-c2ccccc21||<NO_CO>,25.45557632203409,647.9863658869026,0.5061728395061729,0.5061728395061729,,,0.5061728395061729,0.5061728395061729,0,0,1,1,0,1,1,1,1,1,1,317,95,4,Caution,Seen_scaffold
THR,2,DOPO_EP_0476,ITA-HBP,,O=P1(C2=C(C=CC=C2)C3=C(C=CC=C3)O1)CC(CC(N(CC(C)O)CC(C)O)=O)C=O,,https://doi.org/10.1016/j.cej.2019.122719,CC(O)CN(CC(C)O)C(=O)CC(C=O)CP1(=O)Oc2ccccc2-c2ccccc21,O=[PH]1Oc2ccccc2-c2ccccc21,135.7,3.82,0,molecule,formulation,baseline_inclusive,fixed,0,122.7691351700492,127.49930237819768,82.9452977628236,172.05330699357174,1,CC(O)CN(CC(C)O)C(=O)CC(C=O)CP1(=O)Oc2ccccc2-c2ccccc21,O=[PH]1Oc2ccccc2-c2ccccc21,,,0,CC(O)CN(CC(C)O)C(=O)CC(C=O)CP1(=O)Oc2ccccc2-c2ccccc21||<NO_CO>,12.930864829950792,167.20726525045833,0.5061728395061729,0.5061728395061729,,,0.5061728395061729,0.5061728395061729,0,0,1,1,0,1,1,1,1,1,1,317,95,4,Caution,Seen_scaffold
THR,2,DOPO_EP_0475,ITA-HBP,,O=P1(C2=C(C=CC=C2)C3=C(C=CC=C3)O1)CC(CC(N(CC(C)O)CC(C)O)=O)C=O,,https://doi.org/10.1016/j.cej.2019.122719,CC(O)CN(CC(C)O)C(=O)CC(C=O)CP1(=O)Oc2ccccc2-c2ccccc21,O=[PH]1Oc2ccccc2-c2ccccc21,157.9,0.0,1,molecule,formulation,baseline_inclusive,fixed,0,100.63281044759314,101.55400461537408,57.0,146.10800923074814,0,CC(O)CN(CC(C)O)C(=O)CC(C=O)CP1(=O)Oc2ccccc2-c2ccccc21,O=[PH]1Oc2ccccc2-c2ccccc21,,,0,CC(O)CN(CC(C)O)C(=O)CC(C=O)CP1(=O)Oc2ccccc2-c2ccccc21||<NO_CO>,57.26718955240686,3279.5309992312978,0.5061728395061729,0.5061728395061729,,,0.5061728395061729,0.5061728395061729,0,0,1,1,0,1,1,1,1,1,1,317,95,4,Caution,Seen_scaffold
THR,2,DOPO_EP_0407,PDPO,,O=P(C1=C2C=CC=C1)(C(NC3=CC=C(CC4=CC=C(NC(P5(C6=C(C7=C(O5)C=CC=C7)C=CC=C6)=O)C8=CC=C(C#N)C=C8)C=C4)C=C3)C9=CC=C(C#N)C=C9)OC%10=C2C=CC=C%10.O=C=O.O=C=O,,https://doi.org/10.1016/j.porgcoat.2023.107897,N#Cc1ccc(C(Nc2ccc(Cc3ccc(NC(c4ccc(C#N)cc4)P4(=O)Oc5ccccc5-c5ccccc54)cc3)cc2)P2(=O)Oc3ccccc3-c3ccccc32)cc1.O=C=O.O=C=O,O=P1(C(Nc2ccc(Cc3ccc(NC(c4ccccc4)P4(=O)Oc5ccccc5-c5ccccc54)cc3)cc2)c2ccccc2)Oc2ccccc2-c2ccccc21,82.6,5.0,0,molecule,formulation,baseline_inclusive,fixed,0,89.40724855263991,86.36796471874955,41.81396010337548,130.92196933412362,1,N#Cc1ccc(C(Nc2ccc(Cc3ccc(NC(c4ccc(C#N)cc4)P4(=O)Oc5ccccc5-c5ccccc54)cc3)cc2)P2(=O)Oc3ccccc3-c3ccccc32)cc1.O=C=O.O=C=O,O=P1(C(Nc2ccc(Cc3ccc(NC(c4ccccc4)P4(=O)Oc5ccccc5-c5ccccc54)cc3)cc2)c2ccccc2)Oc2ccccc2-c2ccccc21,,,0,N#Cc1ccc(C(Nc2ccc(Cc3ccc(NC(c4ccc(C#N)cc4)P4(=O)Oc5ccccc5-c5ccccc54)cc3)cc2)P2(=O)Oc3ccccc3-c3ccccc32)cc1.O=C=O.O=C=O||<NO_CO>,6.807248552639919,46.338632857418276,0.7530864197530864,0.7530864197530864,,,0.7530864197530864,0.7530864197530864,0,0,1,1,0,1,1,1,1,1,1,317,95,4,In_domain,Seen_scaffold
THR,2,DOPO_EP_0404,PDPO,,O=P(C1=C2C=CC=C1)(C(NC3=CC=C(CC4=CC=C(NC(P5(C6=C(C7=C(O5)C=CC=C7)C=CC=C6)=O)C8=CC=C(C#N)C=C8)C=C4)C=C3)C9=CC=C(C#N)C=C9)OC%10=C2C=CC=C%10.O=C=O.O=C=O,,https://doi.org/10.1016/j.porgcoat.2023.107897,N#Cc1ccc(C(Nc2ccc(Cc3ccc(NC(c4ccc(C#N)cc4)P4(=O)Oc5ccccc5-c5ccccc54)cc3)cc2)P2(=O)Oc3ccccc3-c3ccccc32)cc1.O=C=O.O=C=O,O=P1(C(Nc2ccc(Cc3ccc(NC(c4ccccc4)P4(=O)Oc5ccccc5-c5ccccc54)cc3)cc2)c2ccccc2)Oc2ccccc2-c2ccccc21,100.8,0.0,1,molecule,formulation,baseline_inclusive,fixed,0,100.63281044759314,101.55400461537408,57.0,146.10800923074814,1,N#Cc1ccc(C(Nc2ccc(Cc3ccc(NC(c4ccc(C#N)cc4)P4(=O)Oc5ccccc5-c5ccccc54)cc3)cc2)P2(=O)Oc3ccccc3-c3ccccc32)cc1.O=C=O.O=C=O,O=P1(C(Nc2ccc(Cc3ccc(NC(c4ccccc4)P4(=O)Oc5ccccc5-c5ccccc54)cc3)cc2)c2ccccc2)Oc2ccccc2-c2ccccc21,,,0,N#Cc1ccc(C(Nc2ccc(Cc3ccc(NC(c4ccc(C#N)cc4)P4(=O)Oc5ccccc5-c5ccccc54)cc3)cc2)P2(=O)Oc3ccccc3-c3ccccc32)cc1.O=C=O.O=C=O||<NO_CO>,0.16718955240685318,0.027952346434003905,0.7530864197530864,0.7530864197530864,,,0.7530864197530864,0.7530864197530864,0,0,1,1,0,1,1,1,1,1,1,317,95,4,In_domain,Seen_scaffold
THR,2,DOPO_EP_0383,DOPO-HQ-AE,,O=C(OC1=C(P2(C3=CC=CC=C3C4=CC=CC=C4O2)=O)C=C(OC(C5=CC=CC=C5)=O)C=C1)C6=CC=CC=C6,,https://doi.org/10.1016/j.cej.2024.148998,O=C(Oc1ccc(OC(=O)c2ccccc2)c(P2(=O)Oc3ccccc3-c3ccccc32)c1)c1ccccc1,O=C(Oc1ccc(OC(=O)c2ccccc2)c(P2(=O)Oc3ccccc3-c3ccccc32)c1)c1ccccc1,85.46,15.47,0,molecule,formulation,baseline_inclusive,fixed,0,64.42816625889304,64.8228854970751,20.26888088170104,109.37689011244916,1,O=C(Oc1ccc(OC(=O)c2ccccc2)c(P2(=O)Oc3ccccc3-c3ccccc32)c1)c1ccccc1,O=C(Oc1ccc(OC(=O)c2ccccc2)c(P2(=O)Oc3ccccc3-c3ccccc32)c1)c1ccccc1,,,0,O=C(Oc1ccc(OC(=O)c2ccccc2)c(P2(=O)Oc3ccccc3-c3ccccc32)c1)c1ccccc1||<NO_CO>,21.03183374110695,442.3380305135648,0.33962264150943394,0.33962264150943394,,,0.33962264150943394,0.33962264150943394,0,0,1,1,0,0,0,1,1,0,0,317,95,4,Extrapolation,New_scaffold
THR,2,DOPO_EP_0505,BADO,,O=P1(C2=C(C3=C(O1)C=CC=C3)C=CC=C2)NC4=NC5=C(N4)C=CC=C5,,https://doi.org/10.1002/app.54890,O=P1(Nc2nc3ccccc3[nH]2)Oc2ccccc2-c2ccccc21,O=P1(Nc2nc3ccccc3[nH]2)Oc2ccccc2-c2ccccc21,80.0,7.5,0,molecule,formulation,baseline_inclusive,fixed,0,69.46218006842459,79.90573427395232,35.35172965857825,124.4597388893264,1,O=P1(Nc2nc3ccccc3[nH]2)Oc2ccccc2-c2ccccc21,O=P1(Nc2nc3ccccc3[nH]2)Oc2ccccc2-c2ccccc21,,,0,O=P1(Nc2nc3ccccc3[nH]2)Oc2ccccc2-c2ccccc21||<NO_CO>,10.537819931575413,111.04564891030805,0.5185185185185185,0.5185185185185185,,,0.5185185185185185,0.5185185185185185,0,0,1,1,0,0,0,1,1,0,0,317,95,4,Caution,New_scaffold
THR,2,DOPO_EP_0515,D-P-A,,O=P(C1=CC=CC=C21)(C(NC3=NC4=C(S3)C=CC=C4)C5=CC=C(O)C=C5)OC6=C2C=CC=C6,,https://doi.org/10.1016/j.polymdegradstab.2018.01.026,O=P1(C(Nc2nc3ccccc3s2)c2ccc(O)cc2)Oc2ccccc2-c2ccccc21,O=P1(C(Nc2nc3ccccc3s2)c2ccccc2)Oc2ccccc2-c2ccccc21,83.0,0.0,1,molecule,formulation,baseline_inclusive,fixed,0,100.63281044759314,101.55400461537408,57.0,146.10800923074814,1,O=P1(C(Nc2nc3ccccc3s2)c2ccc(O)cc2)Oc2ccccc2-c2ccccc21,O=P1(C(Nc2nc3ccccc3s2)c2ccccc2)Oc2ccccc2-c2ccccc21,,,0,O=P1(C(Nc2nc3ccccc3s2)c2ccc(O)cc2)Oc2ccccc2-c2ccccc21||<NO_CO>,17.632810447593144,310.9160042807499,0.7311827956989247,0.7311827956989247,,,0.7311827956989247,0.7311827956989247,0,0,1,1,0,1,1,1,1,1,1,317,95,4,In_domain,Seen_scaffold
THR,2,DOPO_EP_0516,D-P-A,,O=P(C1=CC=CC=C21)(C(NC3=NC4=C(S3)C=CC=C4)C5=CC=C(O)C=C5)OC6=C2C=CC=C6,,https://doi.org/10.1016/j.polymdegradstab.2018.01.026,O=P1(C(Nc2nc3ccccc3s2)c2ccc(O)cc2)Oc2ccccc2-c2ccccc21,O=P1(C(Nc2nc3ccccc3s2)c2ccccc2)Oc2ccccc2-c2ccccc21,72.0,5.0,0,molecule,formulation,baseline_inclusive,fixed,0,67.26700668129145,67.0074069214467,22.453402306072636,111.56141153682076,1,O=P1(C(Nc2nc3ccccc3s2)c2ccc(O)cc2)Oc2ccccc2-c2ccccc21,O=P1(C(Nc2nc3ccccc3s2)c2ccccc2)Oc2ccccc2-c2ccccc21,,,0,O=P1(C(Nc2nc3ccccc3s2)c2ccc(O)cc2)Oc2ccccc2-c2ccccc21||<NO_CO>,4.7329933187085516,22.401225754939787,0.7311827956989247,0.7311827956989247,,,0.7311827956989247,0.7311827956989247,0,0,1,1,0,1,1,1,1,1,1,317,95,4,In_domain,Seen_scaffold
THR,2,DOPO_EP_0517,D-P-A,,O=P(C1=CC=CC=C21)(C(NC3=NC4=C(S3)C=CC=C4)C5=CC=C(O)C=C5)OC6=C2C=CC=C6,,https://doi.org/10.1016/j.polymdegradstab.2018.01.026,O=P1(C(Nc2nc3ccccc3s2)c2ccc(O)cc2)Oc2ccccc2-c2ccccc21,O=P1(C(Nc2nc3ccccc3s2)c2ccccc2)Oc2ccccc2-c2ccccc21,69.0,7.5,0,molecule,formulation,baseline_inclusive,fixed,0,66.00711688111461,66.39991616437075,21.84591154899668,110.95392077974482,1,O=P1(C(Nc2nc3ccccc3s2)c2ccc(O)cc2)Oc2ccccc2-c2ccccc21,O=P1(C(Nc2nc3ccccc3s2)c2ccccc2)Oc2ccccc2-c2ccccc21,,,0,O=P1(C(Nc2nc3ccccc3s2)c2ccc(O)cc2)Oc2ccccc2-c2ccccc21||<NO_CO>,2.9928831188853877,8.957349363309126,0.7311827956989247,0.7311827956989247,,,0.7311827956989247,0.7311827956989247,0,0,1,1,0,1,1,1,1,1,1,317,95,4,In_domain,Seen_scaffold
THR,2,DOPO_EP_0518,D-P-A,,O=P(C1=CC=CC=C21)(C(NC3=NC4=C(S3)C=CC=C4)C5=CC=C(O)C=C5)OC6=C2C=CC=C6,,https://doi.org/10.1016/j.polymdegradstab.2018.01.026,O=P1(C(Nc2nc3ccccc3s2)c2ccc(O)cc2)Oc2ccccc2-c2ccccc21,O=P1(C(Nc2nc3ccccc3s2)c2ccccc2)Oc2ccccc2-c2ccccc21,74.0,10.0,0,molecule,formulation,baseline_inclusive,fixed,0,63.903352031117954,64.43768646245601,19.883681847081945,108.99169107783008,1,O=P1(C(Nc2nc3ccccc3s2)c2ccc(O)cc2)Oc2ccccc2-c2ccccc21,O=P1(C(Nc2nc3ccccc3s2)c2ccccc2)Oc2ccccc2-c2ccccc21,,,0,O=P1(C(Nc2nc3ccccc3s2)c2ccc(O)cc2)Oc2ccccc2-c2ccccc21||<NO_CO>,10.096647968882046,101.94230020752994,0.7311827956989247,0.7311827956989247,,,0.7311827956989247,0.7311827956989247,0,0,1,1,0,1,1,1,1,1,1,317,95,4,In_domain,Seen_scaffold
THR,2,DOPO_EP_0527,TDCA-DOPO-3,,O=P1(C2=C(C3=C(O1)C=CC=C3)C=CC=C2)C(OP(OC4=CC=CC=C4)(OC5=CC=CC=C5)=O)C(C=C6)=CC=C6C(P7(C8=C(C9=C(O7)C=CC=C9)C=CC=C8)=O)OP(OC%10=CC=CC=C%10)(OC%11=CC=CC=C%11)=O,,https://doi.org/10.1007/s00289-023-04997-x,O=P(Oc1ccccc1)(Oc1ccccc1)OC(c1ccc(C(OP(=O)(Oc2ccccc2)Oc2ccccc2)P2(=O)Oc3ccccc3-c3ccccc32)cc1)P1(=O)Oc2ccccc2-c2ccccc21,O=P(Oc1ccccc1)(Oc1ccccc1)OC(c1ccc(C(OP(=O)(Oc2ccccc2)Oc2ccccc2)P2(=O)Oc3ccccc3-c3ccccc32)cc1)P1(=O)Oc2ccccc2-c2ccccc21,51.13,2.0,0,molecule,formulation,baseline_inclusive,fixed,0,67.81323764636495,71.63057092646093,27.076566311086864,116.184575541835,1,O=P(Oc1ccccc1)(Oc1ccccc1)OC(c1ccc(C(OP(=O)(Oc2ccccc2)Oc2ccccc2)P2(=O)Oc3ccccc3-c3ccccc32)cc1)P1(=O)Oc2ccccc2-c2ccccc21,O=P(Oc1ccccc1)(Oc1ccccc1)OC(c1ccc(C(OP(=O)(Oc2ccccc2)Oc2ccccc2)P2(=O)Oc3ccccc3-c3ccccc32)cc1)P1(=O)Oc2ccccc2-c2ccccc21,,,0,O=P(Oc1ccccc1)(Oc1ccccc1)OC(c1ccc(C(OP(=O)(Oc2ccccc2)Oc2ccccc2)P2(=O)Oc3ccccc3-c3ccccc32)cc1)P1(=O)Oc2ccccc2-c2ccccc21||<NO_CO>,16.68323764636495,278.33041836508875,0.6578947368421053,0.6578947368421053,,,0.6578947368421053,0.6578947368421053,0,0,1,1,0,0,0,1,1,0,0,317,95,4,Caution,New_scaffold
THR,2,DOPO_EP_0533,PAD,,O=P1(C(NC2=NC3=C(S2)C=CC=C3)C4=CC=C(OP(C5=CC=CC=C5)(OC6=CC=C(C(P7(C8=C(C9=C(O7)C=CC=C9)C=CC=C8)=O)NC%10=NC%11=C(S%10)C=CC=C%11)C=C6)=O)C=C4)C(C=CC=C%12)=C%12C%13=CC=CC=C%13O1,,https://doi.org/10.1016/j.firesaf.2020.102994,O=P(Oc1ccc(C(Nc2nc3ccccc3s2)P2(=O)Oc3ccccc3-c3ccccc32)cc1)(Oc1ccc(C(Nc2nc3ccccc3s2)P2(=O)Oc3ccccc3-c3ccccc32)cc1)c1ccccc1,O=P(Oc1ccc(C(Nc2nc3ccccc3s2)P2(=O)Oc3ccccc3-c3ccccc32)cc1)(Oc1ccc(C(Nc2nc3ccccc3s2)P2(=O)Oc3ccccc3-c3ccccc32)cc1)c1ccccc1,80.3,0.0,1,molecule,formulation,baseline_inclusive,fixed,0,100.63281044759314,101.55400461537408,57.0,146.10800923074814,1,O=P(Oc1ccc(C(Nc2nc3ccccc3s2)P2(=O)Oc3ccccc3-c3ccccc32)cc1)(Oc1ccc(C(Nc2nc3ccccc3s2)P2(=O)Oc3ccccc3-c3ccccc32)cc1)c1ccccc1,O=P(Oc1ccc(C(Nc2nc3ccccc3s2)P2(=O)Oc3ccccc3-c3ccccc32)cc1)(Oc1ccc(C(Nc2nc3ccccc3s2)P2(=O)Oc3ccccc3-c3ccccc32)cc1)c1ccccc1,,,0,O=P(Oc1ccc(C(Nc2nc3ccccc3s2)P2(=O)Oc3ccccc3-c3ccccc32)cc1)(Oc1ccc(C(Nc2nc3ccccc3s2)P2(=O)Oc3ccccc3-c3ccccc32)cc1)c1ccccc1||<NO_CO>,20.332810447593147,413.423180697753,0.6355140186915887,0.6355140186915887,,,0.6355140186915887,0.6355140186915887,0,0,1,1,0,0,0,1,1,0,0,317,95,4,Caution,New_scaffold
THR,2,DOPO_EP_0534,DOPO-PPO,,O=P(OC1=CC=C(C(P2(C3=C(C4=C(O2)C=CC=C4)C=CC=C3)=O)O)C=C1)(OC5=CC=C(C(P6(C7=C(C8=C(O6)C=CC=C8)C=CC=C7)=O)O)C=C5)C9=CC=CC=C9,,https://doi.org/10.1016/j.firesaf.2020.102994,O=P(Oc1ccc(C(O)P2(=O)Oc3ccccc3-c3ccccc32)cc1)(Oc1ccc(C(O)P2(=O)Oc3ccccc3-c3ccccc32)cc1)c1ccccc1,O=P1(Cc2ccc(OP(=O)(Oc3ccc(CP4(=O)Oc5ccccc5-c5ccccc54)cc3)c3ccccc3)cc2)Oc2ccccc2-c2ccccc21,61.5,8.6,0,molecule,formulation,baseline_inclusive,fixed,0,55.639774673168326,50.79773550580163,6.243730890427564,95.35174012117572,1,O=P(Oc1ccc(C(O)P2(=O)Oc3ccccc3-c3ccccc32)cc1)(Oc1ccc(C(O)P2(=O)Oc3ccccc3-c3ccccc32)cc1)c1ccccc1,O=P1(Cc2ccc(OP(=O)(Oc3ccc(CP4(=O)Oc5ccccc5-c5ccccc54)cc3)c3ccccc3)cc2)Oc2ccccc2-c2ccccc21,,,0,O=P(Oc1ccc(C(O)P2(=O)Oc3ccccc3-c3ccccc32)cc1)(Oc1ccc(C(O)P2(=O)Oc3ccccc3-c3ccccc32)cc1)c1ccccc1||<NO_CO>,5.860225326831674,34.342240881239405,0.6097560975609756,0.6097560975609756,,,0.6097560975609756,0.6097560975609756,0,0,1,1,0,0,0,1,1,0,0,317,95,4,Caution,New_scaffold
THR,2,DOPO_EP_0535,PAD,,O=P1(C(NC2=NC3=C(S2)C=CC=C3)C4=CC=C(OP(C5=CC=CC=C5)(OC6=CC=C(C(P7(C8=C(C9=C(O7)C=CC=C9)C=CC=C8)=O)NC%10=NC%11=C(S%10)C=CC=C%11)C=C6)=O)C=C4)C(C=CC=C%12)=C%12C%13=CC=CC=C%13O1,,https://doi.org/10.1016/j.firesaf.2020.102994,O=P(Oc1ccc(C(Nc2nc3ccccc3s2)P2(=O)Oc3ccccc3-c3ccccc32)cc1)(Oc1ccc(C(Nc2nc3ccccc3s2)P2(=O)Oc3ccccc3-c3ccccc32)cc1)c1ccccc1,O=P(Oc1ccc(C(Nc2nc3ccccc3s2)P2(=O)Oc3ccccc3-c3ccccc32)cc1)(Oc1ccc(C(Nc2nc3ccccc3s2)P2(=O)Oc3ccccc3-c3ccccc32)cc1)c1ccccc1,66.9,2.86,0,molecule,formulation,baseline_inclusive,fixed,0,62.039898063591,66.36694091648266,21.812936301108596,110.92094553185672,1,O=P(Oc1ccc(C(Nc2nc3ccccc3s2)P2(=O)Oc3ccccc3-c3ccccc32)cc1)(Oc1ccc(C(Nc2nc3ccccc3s2)P2(=O)Oc3ccccc3-c3ccccc32)cc1)c1ccccc1,O=P(Oc1ccc(C(Nc2nc3ccccc3s2)P2(=O)Oc3ccccc3-c3ccccc32)cc1)(Oc1ccc(C(Nc2nc3ccccc3s2)P2(=O)Oc3ccccc3-c3ccccc32)cc1)c1ccccc1,,,0,O=P(Oc1ccc(C(Nc2nc3ccccc3s2)P2(=O)Oc3ccccc3-c3ccccc32)cc1)(Oc1ccc(C(Nc2nc3ccccc3s2)P2(=O)Oc3ccccc3-c3ccccc32)cc1)c1ccccc1||<NO_CO>,4.860101936409009,23.620590832286602,0.6355140186915887,0.6355140186915887,,,0.6355140186915887,0.6355140186915887,0,0,1,1,0,0,0,1,1,0,0,317,95,4,Caution,New_scaffold
THR,2,DOPO_EP_0536,PAD,,O=P1(C(NC2=NC3=C(S2)C=CC=C3)C4=CC=C(OP(C5=CC=CC=C5)(OC6=CC=C(C(P7(C8=C(C9=C(O7)C=CC=C9)C=CC=C8)=O)NC%10=NC%11=C(S%10)C=CC=C%11)C=C6)=O)C=C4)C(C=CC=C%12)=C%12C%13=CC=CC=C%13O1,,https://doi.org/10.1016/j.firesaf.2020.102994,O=P(Oc1ccc(C(Nc2nc3ccccc3s2)P2(=O)Oc3ccccc3-c3ccccc32)cc1)(Oc1ccc(C(Nc2nc3ccccc3s2)P2(=O)Oc3ccccc3-c3ccccc32)cc1)c1ccccc1,O=P(Oc1ccc(C(Nc2nc3ccccc3s2)P2(=O)Oc3ccccc3-c3ccccc32)cc1)(Oc1ccc(C(Nc2nc3ccccc3s2)P2(=O)Oc3ccccc3-c3ccccc32)cc1)c1ccccc1,65.1,5.72,0,molecule,formulation,baseline_inclusive,fixed,0,58.95589288560091,63.35635726721292,18.80235265183885,107.91036188258698,1,O=P(Oc1ccc(C(Nc2nc3ccccc3s2)P2(=O)Oc3ccccc3-c3ccccc32)cc1)(Oc1ccc(C(Nc2nc3ccccc3s2)P2(=O)Oc3ccccc3-c3ccccc32)cc1)c1ccccc1,O=P(Oc1ccc(C(Nc2nc3ccccc3s2)P2(=O)Oc3ccccc3-c3ccccc32)cc1)(Oc1ccc(C(Nc2nc3ccccc3s2)P2(=O)Oc3ccccc3-c3ccccc32)cc1)c1ccccc1,,,0,O=P(Oc1ccc(C(Nc2nc3ccccc3s2)P2(=O)Oc3ccccc3-c3ccccc32)cc1)(Oc1ccc(C(Nc2nc3ccccc3s2)P2(=O)Oc3ccccc3-c3ccccc32)cc1)c1ccccc1||<NO_CO>,6.144107114399084,37.75005223320944,0.6355140186915887,0.6355140186915887,,,0.6355140186915887,0.6355140186915887,0,0,1,1,0,0,0,1,1,0,0,317,95,4,Caution,New_scaffold
THR,2,DOPO_EP_0537,PAD,,O=P1(C(NC2=NC3=C(S2)C=CC=C3)C4=CC=C(OP(C5=CC=CC=C5)(OC6=CC=C(C(P7(C8=C(C9=C(O7)C=CC=C9)C=CC=C8)=O)NC%10=NC%11=C(S%10)C=CC=C%11)C=C6)=O)C=C4)C(C=CC=C%12)=C%12C%13=CC=CC=C%13O1,,https://doi.org/10.1016/j.firesaf.2020.102994,O=P(Oc1ccc(C(Nc2nc3ccccc3s2)P2(=O)Oc3ccccc3-c3ccccc32)cc1)(Oc1ccc(C(Nc2nc3ccccc3s2)P2(=O)Oc3ccccc3-c3ccccc32)cc1)c1ccccc1,O=P(Oc1ccc(C(Nc2nc3ccccc3s2)P2(=O)Oc3ccccc3-c3ccccc32)cc1)(Oc1ccc(C(Nc2nc3ccccc3s2)P2(=O)Oc3ccccc3-c3ccccc32)cc1)c1ccccc1,60.9,8.58,0,molecule,formulation,baseline_inclusive,fixed,0,56.00163079799293,59.40034446771862,14.84633985234455,103.9543490830927,1,O=P(Oc1ccc(C(Nc2nc3ccccc3s2)P2(=O)Oc3ccccc3-c3ccccc32)cc1)(Oc1ccc(C(Nc2nc3ccccc3s2)P2(=O)Oc3ccccc3-c3ccccc32)cc1)c1ccccc1,O=P(Oc1ccc(C(Nc2nc3ccccc3s2)P2(=O)Oc3ccccc3-c3ccccc32)cc1)(Oc1ccc(C(Nc2nc3ccccc3s2)P2(=O)Oc3ccccc3-c3ccccc32)cc1)c1ccccc1,,,0,O=P(Oc1ccc(C(Nc2nc3ccccc3s2)P2(=O)Oc3ccccc3-c3ccccc32)cc1)(Oc1ccc(C(Nc2nc3ccccc3s2)P2(=O)Oc3ccccc3-c3ccccc32)cc1)c1ccccc1||<NO_CO>,4.898369202007068,23.99402083917136,0.6355140186915887,0.6355140186915887,,,0.6355140186915887,0.6355140186915887,0,0,1,1,0,0,0,1,1,0,0,317,95,4,Caution,New_scaffold
THR,2,DOPO_EP_0538,PAD,,O=P1(C(NC2=NC3=C(S2)C=CC=C3)C4=CC=C(OP(C5=CC=CC=C5)(OC6=CC=C(C(P7(C8=C(C9=C(O7)C=CC=C9)C=CC=C8)=O)NC%10=NC%11=C(S%10)C=CC=C%11)C=C6)=O)C=C4)C(C=CC=C%12)=C%12C%13=CC=CC=C%13O1,,https://doi.org/10.1016/j.firesaf.2020.102994,O=P(Oc1ccc(C(Nc2nc3ccccc3s2)P2(=O)Oc3ccccc3-c3ccccc32)cc1)(Oc1ccc(C(Nc2nc3ccccc3s2)P2(=O)Oc3ccccc3-c3ccccc32)cc1)c1ccccc1,O=P(Oc1ccc(C(Nc2nc3ccccc3s2)P2(=O)Oc3ccccc3-c3ccccc32)cc1)(Oc1ccc(C(Nc2nc3ccccc3s2)P2(=O)Oc3ccccc3-c3ccccc32)cc1)c1ccccc1,59.2,11.44,0,molecule,formulation,baseline_inclusive,fixed,0,52.55469266132678,54.998253870972576,10.444249255598509,99.55225848634664,1,O=P(Oc1ccc(C(Nc2nc3ccccc3s2)P2(=O)Oc3ccccc3-c3ccccc32)cc1)(Oc1ccc(C(Nc2nc3ccccc3s2)P2(=O)Oc3ccccc3-c3ccccc32)cc1)c1ccccc1,O=P(Oc1ccc(C(Nc2nc3ccccc3s2)P2(=O)Oc3ccccc3-c3ccccc32)cc1)(Oc1ccc(C(Nc2nc3ccccc3s2)P2(=O)Oc3ccccc3-c3ccccc32)cc1)c1ccccc1,,,0,O=P(Oc1ccc(C(Nc2nc3ccccc3s2)P2(=O)Oc3ccccc3-c3ccccc32)cc1)(Oc1ccc(C(Nc2nc3ccccc3s2)P2(=O)Oc3ccccc3-c3ccccc32)cc1)c1ccccc1||<NO_CO>,6.64530733867322,44.160109625424155,0.6355140186915887,0.6355140186915887,,,0.6355140186915887,0.6355140186915887,0,0,1,1,0,0,0,1,1,0,0,317,95,4,Caution,New_scaffold
THR,2,DOPO_EP_0560,ATZ,,O=P(C1=C2C=CC=C1)(C(NC3=NN=NN3)C4=CC=C(O)C=C4)OC5=C2C=CC=C5,,https://doi.org/10.1016/j.jaap.2019.01.015,O=P1(C(Nc2nnn[nH]2)c2ccc(O)cc2)Oc2ccccc2-c2ccccc21,O=P1(C(Nc2nnn[nH]2)c2ccccc2)Oc2ccccc2-c2ccccc21,100.3,0.0,1,molecule,formulation,baseline_inclusive,fixed,0,100.63281044759314,101.55400461537408,57.0,146.10800923074814,1,O=P1(C(Nc2nnn[nH]2)c2ccc(O)cc2)Oc2ccccc2-c2ccccc21,O=P1(C(Nc2nnn[nH]2)c2ccccc2)Oc2ccccc2-c2ccccc21,,,0,O=P1(C(Nc2nnn[nH]2)c2ccc(O)cc2)Oc2ccccc2-c2ccccc21||<NO_CO>,0.3328104475931468,0.11076279402715072,0.627906976744186,0.627906976744186,,,0.627906976744186,0.627906976744186,0,0,1,1,0,0,0,1,1,0,0,317,95,4,Caution,New_scaffold
THR,2,DOPO_EP_0562,ATZ,,O=P(C1=C2C=CC=C1)(C(NC3=NN=NN3)C4=CC=C(O)C=C4)OC5=C2C=CC=C5,,https://doi.org/10.1016/j.jaap.2019.01.015,O=P1(C(Nc2nnn[nH]2)c2ccc(O)cc2)Oc2ccccc2-c2ccccc21,O=P1(C(Nc2nnn[nH]2)c2ccccc2)Oc2ccccc2-c2ccccc21,83.9,6.0,0,molecule,formulation,baseline_inclusive,fixed,0,87.53397947294897,88.08498534764884,43.53098073227477,132.6389899630229,1,O=P1(C(Nc2nnn[nH]2)c2ccc(O)cc2)Oc2ccccc2-c2ccccc21,O=P1(C(Nc2nnn[nH]2)c2ccccc2)Oc2ccccc2-c2ccccc21,,,0,O=P1(C(Nc2nnn[nH]2)c2ccc(O)cc2)Oc2ccccc2-c2ccccc21||<NO_CO>,3.6339794729489654,13.20580680981444,0.627906976744186,0.627906976744186,,,0.627906976744186,0.627906976744186,0,0,1,1,0,0,0,1,1,0,0,317,95,4,Caution,New_scaffold
THR,2,DOPO_EP_0578,DOPO-GE,,C=CCC1=CC=C(OCC(O)CP2(C3=C(C4=C(O2)C=CC=C4)C=CC=C3)=O)C(OC)=C1,,https://doi.org/10.32604/jrm.2022.018754,C=CCc1ccc(OCC(O)CP2(=O)Oc3ccccc3-c3ccccc32)c(OC)c1,O=P1(CCCOc2ccccc2)Oc2ccccc2-c2ccccc21,95.6,0.0,1,molecule,formulation,baseline_inclusive,fixed,0,100.63281044759314,101.55400461537408,57.0,146.10800923074814,1,C=CCc1ccc(OCC(O)CP2(=O)Oc3ccccc3-c3ccccc32)c(OC)c1,O=P1(CCCOc2ccccc2)Oc2ccccc2-c2ccccc21,,,0,C=CCc1ccc(OCC(O)CP2(=O)Oc3ccccc3-c3ccccc32)c(OC)c1||<NO_CO>,5.03281044759315,25.32918100140276,0.5257731958762887,0.5257731958762887,,,0.5257731958762887,0.5257731958762887,0,0,1,1,0,0,0,1,1,0,0,317,95,4,Caution,New_scaffold
THR,2,DOPO_EP_0579,DOPO-GE,,C=CCC1=CC=C(OCC(O)CP2(C3=C(C4=C(O2)C=CC=C4)C=CC=C3)=O)C(OC)=C1,,https://doi.org/10.32604/jrm.2022.018754,C=CCc1ccc(OCC(O)CP2(=O)Oc3ccccc3-c3ccccc32)c(OC)c1,O=P1(CCCOc2ccccc2)Oc2ccccc2-c2ccccc21,67.8,7.05,0,molecule,formulation,baseline_inclusive,fixed,0,66.17954212660905,76.50830636486963,31.95430174949556,121.0623109802437,1,C=CCc1ccc(OCC(O)CP2(=O)Oc3ccccc3-c3ccccc32)c(OC)c1,O=P1(CCCOc2ccccc2)Oc2ccccc2-c2ccccc21,,,0,C=CCc1ccc(OCC(O)CP2(=O)Oc3ccccc3-c3ccccc32)c(OC)c1||<NO_CO>,1.6204578733909472,2.625883719434711,0.5257731958762887,0.5257731958762887,,,0.5257731958762887,0.5257731958762887,0,0,1,1,0,0,0,1,1,0,0,317,95,4,Caution,New_scaffold
THR,3,DOPO_EP_0101,VDG,,COC1=CC(C(P2(C3=C(C4=C(O2)C=CC=C4)C=CC=C3)=O)NC5=NN=C(N5)NC(P6(C7=C(C8=C(O6)C=CC=C8)C=CC=C7)=O)C9=CC=C(O)C(OC)=C9)=CC=C1O,,https://doi.org/10.1016/j.polymer.2021.123460,COc1cc(C(Nc2nnc(NC(c3ccc(O)c(OC)c3)P3(=O)Oc4ccccc4-c4ccccc43)[nH]2)P2(=O)Oc3ccccc3-c3ccccc32)ccc1O,O=P1(C(Nc2nnc(NC(c3ccccc3)P3(=O)Oc4ccccc4-c4ccccc43)[nH]2)c2ccccc2)Oc2ccccc2-c2ccccc21,76.1,1.0,0,molecule,formulation,baseline_inclusive,fixed,0,82.42624786356701,78.87801920627297,48.04260654843971,109.71343186410624,1,COc1cc(C(Nc2nnc(NC(c3ccc(O)c(OC)c3)P3(=O)Oc4ccccc4-c4ccccc43)[nH]2)P2(=O)Oc3ccccc3-c3ccccc32)ccc1O,O=P1(C(Nc2nnc(NC(c3ccccc3)P3(=O)Oc4ccccc4-c4ccccc43)[nH]2)c2ccccc2)Oc2ccccc2-c2ccccc21,,,0,COc1cc(C(Nc2nnc(NC(c3ccc(O)c(OC)c3)P3(=O)Oc4ccccc4-c4ccccc43)[nH]2)P2(=O)Oc3ccccc3-c3ccccc32)ccc1O||<NO_CO>,6.326247863567019,40.021412031286275,0.7727272727272727,0.7727272727272727,,,0.7727272727272727,0.7727272727272727,0,0,1,1,0,0,0,1,1,0,0,318,97,3,In_domain,New_scaffold
THR,3,DOPO_EP_0102,VDG,,COC1=CC(C(P2(C3=C(C4=C(O2)C=CC=C4)C=CC=C3)=O)NC5=NN=C(N5)NC(P6(C7=C(C8=C(O6)C=CC=C8)C=CC=C7)=O)C9=CC=C(O)C(OC)=C9)=CC=C1O,,https://doi.org/10.1016/j.polymer.2021.123460,COc1cc(C(Nc2nnc(NC(c3ccc(O)c(OC)c3)P3(=O)Oc4ccccc4-c4ccccc43)[nH]2)P2(=O)Oc3ccccc3-c3ccccc32)ccc1O,O=P1(C(Nc2nnc(NC(c3ccccc3)P3(=O)Oc4ccccc4-c4ccccc43)[nH]2)c2ccccc2)Oc2ccccc2-c2ccccc21,66.1,1.5,0,molecule,formulation,baseline_inclusive,fixed,0,79.98447650001015,78.18095022951357,47.34553757168031,109.01636288734684,1,COc1cc(C(Nc2nnc(NC(c3ccc(O)c(OC)c3)P3(=O)Oc4ccccc4-c4ccccc43)[nH]2)P2(=O)Oc3ccccc3-c3ccccc32)ccc1O,O=P1(C(Nc2nnc(NC(c3ccccc3)P3(=O)Oc4ccccc4-c4ccccc43)[nH]2)c2ccccc2)Oc2ccccc2-c2ccccc21,,,0,COc1cc(C(Nc2nnc(NC(c3ccc(O)c(OC)c3)P3(=O)Oc4ccccc4-c4ccccc43)[nH]2)P2(=O)Oc3ccccc3-c3ccccc32)ccc1O||<NO_CO>,13.884476500010152,192.77868767933415,0.7727272727272727,0.7727272727272727,,,0.7727272727272727,0.7727272727272727,0,0,1,1,0,0,0,1,1,0,0,318,97,3,In_domain,New_scaffold
THR,3,DOPO_EP_0103,VDG,,COC1=CC(C(P2(C3=C(C4=C(O2)C=CC=C4)C=CC=C3)=O)NC5=NN=C(N5)NC(P6(C7=C(C8=C(O6)C=CC=C8)C=CC=C7)=O)C9=CC=C(O)C(OC)=C9)=CC=C1O,,https://doi.org/10.1016/j.polymer.2021.123460,COc1cc(C(Nc2nnc(NC(c3ccc(O)c(OC)c3)P3(=O)Oc4ccccc4-c4ccccc43)[nH]2)P2(=O)Oc3ccccc3-c3ccccc32)ccc1O,O=P1(C(Nc2nnc(NC(c3ccccc3)P3(=O)Oc4ccccc4-c4ccccc43)[nH]2)c2ccccc2)Oc2ccccc2-c2ccccc21,58.0,2.0,0,molecule,formulation,baseline_inclusive,fixed,0,79.6175771188952,78.18095022951357,47.34553757168031,109.01636288734684,1,COc1cc(C(Nc2nnc(NC(c3ccc(O)c(OC)c3)P3(=O)Oc4ccccc4-c4ccccc43)[nH]2)P2(=O)Oc3ccccc3-c3ccccc32)ccc1O,O=P1(C(Nc2nnc(NC(c3ccccc3)P3(=O)Oc4ccccc4-c4ccccc43)[nH]2)c2ccccc2)Oc2ccccc2-c2ccccc21,,,0,COc1cc(C(Nc2nnc(NC(c3ccc(O)c(OC)c3)P3(=O)Oc4ccccc4-c4ccccc43)[nH]2)P2(=O)Oc3ccccc3-c3ccccc32)ccc1O||<NO_CO>,21.6175771188952,467.3196404913812,0.7727272727272727,0.7727272727272727,,,0.7727272727272727,0.7727272727272727,0,0,1,1,0,0,0,1,1,0,0,318,97,3,In_domain,New_scaffold
THR,3,DOPO_EP_0123,DIB,,O=P(C1=C2C=CC=C1)(C(NC3=CC=C(NC(P4(C5=C(C6=C(O4)C=CC=C6)C=CC=C5)=O)C7=CNC=N7)C=C3)C8=CNC=N8)OC9=C2C=CC=C9,,https://doi.org/10.1016/j.polymdegradstab.2018.11.021,O=P1(C(Nc2ccc(NC(c3c[nH]cn3)P3(=O)Oc4ccccc4-c4ccccc43)cc2)c2c[nH]cn2)Oc2ccccc2-c2ccccc21,O=P1(C(Nc2ccc(NC(c3c[nH]cn3)P3(=O)Oc4ccccc4-c4ccccc43)cc2)c2c[nH]cn2)Oc2ccccc2-c2ccccc21,80.6,0.0,1,molecule,formulation,baseline_inclusive,fixed,0,98.6092265471432,99.96458734216677,69.12917468433349,130.8,1,O=P1(C(Nc2ccc(NC(c3c[nH]cn3)P3(=O)Oc4ccccc4-c4ccccc43)cc2)c2c[nH]cn2)Oc2ccccc2-c2ccccc21,O=P1(C(Nc2ccc(NC(c3c[nH]cn3)P3(=O)Oc4ccccc4-c4ccccc43)cc2)c2c[nH]cn2)Oc2ccccc2-c2ccccc21,,,0,O=P1(C(Nc2ccc(NC(c3c[nH]cn3)P3(=O)Oc4ccccc4-c4ccccc43)cc2)c2c[nH]cn2)Oc2ccccc2-c2ccccc21||<NO_CO>,18.0092265471432,324.3322408263274,0.6395348837209303,0.6395348837209303,,,0.6395348837209303,0.6395348837209303,0,0,1,1,0,0,0,1,1,0,0,318,97,3,Caution,New_scaffold
THR,3,DOPO_EP_0124,DIB,,O=P(C1=C2C=CC=C1)(C(NC3=CC=C(NC(P4(C5=C(C6=C(O4)C=CC=C6)C=CC=C5)=O)C7=CNC=N7)C=C3)C8=CNC=N8)OC9=C2C=CC=C9,,https://doi.org/10.1016/j.polymdegradstab.2018.11.021,O=P1(C(Nc2ccc(NC(c3c[nH]cn3)P3(=O)Oc4ccccc4-c4ccccc43)cc2)c2c[nH]cn2)Oc2ccccc2-c2ccccc21,O=P1(C(Nc2ccc(NC(c3c[nH]cn3)P3(=O)Oc4ccccc4-c4ccccc43)cc2)c2c[nH]cn2)Oc2ccccc2-c2ccccc21,70.5,2.8,0,molecule,formulation,baseline_inclusive,fixed,0,64.83637305592205,64.98142499012071,34.146012332287455,95.81683764795396,1,O=P1(C(Nc2ccc(NC(c3c[nH]cn3)P3(=O)Oc4ccccc4-c4ccccc43)cc2)c2c[nH]cn2)Oc2ccccc2-c2ccccc21,O=P1(C(Nc2ccc(NC(c3c[nH]cn3)P3(=O)Oc4ccccc4-c4ccccc43)cc2)c2c[nH]cn2)Oc2ccccc2-c2ccccc21,,,0,O=P1(C(Nc2ccc(NC(c3c[nH]cn3)P3(=O)Oc4ccccc4-c4ccccc43)cc2)c2c[nH]cn2)Oc2ccccc2-c2ccccc21||<NO_CO>,5.663626944077947,32.076670161685705,0.6395348837209303,0.6395348837209303,,,0.6395348837209303,0.6395348837209303,0,0,1,1,0,0,0,1,1,0,0,318,97,3,Caution,New_scaffold
THR,3,DOPO_EP_0125,DIB,,O=P(C1=C2C=CC=C1)(C(NC3=CC=C(NC(P4(C5=C(C6=C(O4)C=CC=C6)C=CC=C5)=O)C7=CNC=N7)C=C3)C8=CNC=N8)OC9=C2C=CC=C9,,https://doi.org/10.1016/j.polymdegradstab.2018.11.021,O=P1(C(Nc2ccc(NC(c3c[nH]cn3)P3(=O)Oc4ccccc4-c4ccccc43)cc2)c2c[nH]cn2)Oc2ccccc2-c2ccccc21,O=P1(C(Nc2ccc(NC(c3c[nH]cn3)P3(=O)Oc4ccccc4-c4ccccc43)cc2)c2c[nH]cn2)Oc2ccccc2-c2ccccc21,60.5,5.6,0,molecule,formulation,baseline_inclusive,fixed,0,64.81141094423822,64.70724650965286,33.8718338518196,95.54265916748612,1,O=P1(C(Nc2ccc(NC(c3c[nH]cn3)P3(=O)Oc4ccccc4-c4ccccc43)cc2)c2c[nH]cn2)Oc2ccccc2-c2ccccc21,O=P1(C(Nc2ccc(NC(c3c[nH]cn3)P3(=O)Oc4ccccc4-c4ccccc43)cc2)c2c[nH]cn2)Oc2ccccc2-c2ccccc21,,,0,O=P1(C(Nc2ccc(NC(c3c[nH]cn3)P3(=O)Oc4ccccc4-c4ccccc43)cc2)c2c[nH]cn2)Oc2ccccc2-c2ccccc21||<NO_CO>,4.311410944238219,18.58826433009709,0.6395348837209303,0.6395348837209303,,,0.6395348837209303,0.6395348837209303,0,0,1,1,0,0,0,1,1,0,0,318,97,3,Caution,New_scaffold
THR,3,DOPO_EP_0126,DIB,,O=P(C1=C2C=CC=C1)(C(NC3=CC=C(NC(P4(C5=C(C6=C(O4)C=CC=C6)C=CC=C5)=O)C7=CNC=N7)C=C3)C8=CNC=N8)OC9=C2C=CC=C9,,https://doi.org/10.1016/j.polymdegradstab.2018.11.021,O=P1(C(Nc2ccc(NC(c3c[nH]cn3)P3(=O)Oc4ccccc4-c4ccccc43)cc2)c2c[nH]cn2)Oc2ccccc2-c2ccccc21,O=P1(C(Nc2ccc(NC(c3c[nH]cn3)P3(=O)Oc4ccccc4-c4ccccc43)cc2)c2c[nH]cn2)Oc2ccccc2-c2ccccc21,58.6,8.4,0,molecule,formulation,baseline_inclusive,fixed,0,60.19602734311084,60.337687261568895,29.50227460373564,91.17309991940216,1,O=P1(C(Nc2ccc(NC(c3c[nH]cn3)P3(=O)Oc4ccccc4-c4ccccc43)cc2)c2c[nH]cn2)Oc2ccccc2-c2ccccc21,O=P1(C(Nc2ccc(NC(c3c[nH]cn3)P3(=O)Oc4ccccc4-c4ccccc43)cc2)c2c[nH]cn2)Oc2ccccc2-c2ccccc21,,,0,O=P1(C(Nc2ccc(NC(c3c[nH]cn3)P3(=O)Oc4ccccc4-c4ccccc43)cc2)c2c[nH]cn2)Oc2ccccc2-c2ccccc21||<NO_CO>,1.5960273431108405,2.5473032799574487,0.6395348837209303,0.6395348837209303,,,0.6395348837209303,0.6395348837209303,0,0,1,1,0,0,0,1,1,0,0,318,97,3,Caution,New_scaffold
THR,3,DOPO_EP_0127,DIB,,O=P(C1=C2C=CC=C1)(C(NC3=CC=C(NC(P4(C5=C(C6=C(O4)C=CC=C6)C=CC=C5)=O)C7=CNC=N7)C=C3)C8=CNC=N8)OC9=C2C=CC=C9,,https://doi.org/10.1016/j.polymdegradstab.2018.11.021,O=P1(C(Nc2ccc(NC(c3c[nH]cn3)P3(=O)Oc4ccccc4-c4ccccc43)cc2)c2c[nH]cn2)Oc2ccccc2-c2ccccc21,O=P1(C(Nc2ccc(NC(c3c[nH]cn3)P3(=O)Oc4ccccc4-c4ccccc43)cc2)c2c[nH]cn2)Oc2ccccc2-c2ccccc21,51.6,11.2,0,molecule,formulation,baseline_inclusive,fixed,0,58.89352347741636,58.77845298596745,27.943040328134188,89.61386564380071,1,O=P1(C(Nc2ccc(NC(c3c[nH]cn3)P3(=O)Oc4ccccc4-c4ccccc43)cc2)c2c[nH]cn2)Oc2ccccc2-c2ccccc21,O=P1(C(Nc2ccc(NC(c3c[nH]cn3)P3(=O)Oc4ccccc4-c4ccccc43)cc2)c2c[nH]cn2)Oc2ccccc2-c2ccccc21,,,0,O=P1(C(Nc2ccc(NC(c3c[nH]cn3)P3(=O)Oc4ccccc4-c4ccccc43)cc2)c2c[nH]cn2)Oc2ccccc2-c2ccccc21||<NO_CO>,7.2935234774163575,53.1954847156236,0.6395348837209303,0.6395348837209303,,,0.6395348837209303,0.6395348837209303,0,0,1,1,0,0,0,1,1,0,0,318,97,3,Caution,New_scaffold
THR,3,DOPO_EP_0131,DOPO-DDM,,O=P(C1=C2C=CC=C1)(C(NC3=CC=C(CC4=CC=C(NC(P5(C6=C(C7=C(O5)C=CC=C7)C=CC=C6)=O)C8=CC=C(O)C=C8)C=C4)C=C3)C9=CC=C(O)C=C9)OC%10=C2C=CC=C%10,,https://doi.org/10.1016/j.polymdegradstab.2015.10.012,O=P1(C(Nc2ccc(Cc3ccc(NC(c4ccc(O)cc4)P4(=O)Oc5ccccc5-c5ccccc54)cc3)cc2)c2ccc(O)cc2)Oc2ccccc2-c2ccccc21,O=P1(C(Nc2ccc(Cc3ccc(NC(c4ccccc4)P4(=O)Oc5ccccc5-c5ccccc54)cc3)cc2)c2ccccc2)Oc2ccccc2-c2ccccc21,227.4,0.0,1,molecule,formulation,baseline_inclusive,fixed,0,98.6092265471432,99.96458734216677,69.12917468433349,130.8,0,O=P1(C(Nc2ccc(Cc3ccc(NC(c4ccc(O)cc4)P4(=O)Oc5ccccc5-c5ccccc54)cc3)cc2)c2ccc(O)cc2)Oc2ccccc2-c2ccccc21,O=P1(C(Nc2ccc(Cc3ccc(NC(c4ccccc4)P4(=O)Oc5ccccc5-c5ccccc54)cc3)cc2)c2ccccc2)Oc2ccccc2-c2ccccc21,,,0,O=P1(C(Nc2ccc(Cc3ccc(NC(c4ccc(O)cc4)P4(=O)Oc5ccccc5-c5ccccc54)cc3)cc2)c2ccc(O)cc2)Oc2ccccc2-c2ccccc21||<NO_CO>,128.7907734528568,16587.063326585085,0.7530864197530864,0.7530864197530864,,,0.7530864197530864,0.7530864197530864,0,0,1,1,0,1,1,1,1,1,1,318,97,3,In_domain,Seen_scaffold
THR,3,DOPO_EP_0132,DOPO-DDM,,O=P(C1=C2C=CC=C1)(C(NC3=CC=C(CC4=CC=C(NC(P5(C6=C(C7=C(O5)C=CC=C7)C=CC=C6)=O)C8=CC=C(O)C=C8)C=C4)C=C3)C9=CC=C(O)C=C9)OC%10=C2C=CC=C%10,,https://doi.org/10.1016/j.polymdegradstab.2015.10.012,O=P1(C(Nc2ccc(Cc3ccc(NC(c4ccc(O)cc4)P4(=O)Oc5ccccc5-c5ccccc54)cc3)cc2)c2ccc(O)cc2)Oc2ccccc2-c2ccccc21,O=P1(C(Nc2ccc(Cc3ccc(NC(c4ccccc4)P4(=O)Oc5ccccc5-c5ccccc54)cc3)cc2)c2ccccc2)Oc2ccccc2-c2ccccc21,154.1,4.4,0,molecule,formulation,baseline_inclusive,fixed,0,125.31576425210258,103.9977714087574,73.16235875092413,134.83318406659066,0,O=P1(C(Nc2ccc(Cc3ccc(NC(c4ccc(O)cc4)P4(=O)Oc5ccccc5-c5ccccc54)cc3)cc2)c2ccc(O)cc2)Oc2ccccc2-c2ccccc21,O=P1(C(Nc2ccc(Cc3ccc(NC(c4ccccc4)P4(=O)Oc5ccccc5-c5ccccc54)cc3)cc2)c2ccccc2)Oc2ccccc2-c2ccccc21,,,0,O=P1(C(Nc2ccc(Cc3ccc(NC(c4ccc(O)cc4)P4(=O)Oc5ccccc5-c5ccccc54)cc3)cc2)c2ccc(O)cc2)Oc2ccccc2-c2ccccc21||<NO_CO>,28.784235747897412,828.5322275905353,0.7530864197530864,0.7530864197530864,,,0.7530864197530864,0.7530864197530864,0,0,1,1,0,1,1,1,1,1,1,318,97,3,In_domain,Seen_scaffold
THR,3,DOPO_EP_0133,DOPO-DDM,,O=P(C1=C2C=CC=C1)(C(NC3=CC=C(CC4=CC=C(NC(P5(C6=C(C7=C(O5)C=CC=C7)C=CC=C6)=O)C8=CC=C(O)C=C8)C=C4)C=C3)C9=CC=C(O)C=C9)OC%10=C2C=CC=C%10,,https://doi.org/10.1016/j.polymdegradstab.2015.10.012,O=P1(C(Nc2ccc(Cc3ccc(NC(c4ccc(O)cc4)P4(=O)Oc5ccccc5-c5ccccc54)cc3)cc2)c2ccc(O)cc2)Oc2ccccc2-c2ccccc21,O=P1(C(Nc2ccc(Cc3ccc(NC(c4ccccc4)P4(=O)Oc5ccccc5-c5ccccc54)cc3)cc2)c2ccccc2)Oc2ccccc2-c2ccccc21,145.2,8.9,0,molecule,formulation,baseline_inclusive,fixed,0,112.17425476387626,93.2044760403802,62.36906338254694,124.03988869821346,0,O=P1(C(Nc2ccc(Cc3ccc(NC(c4ccc(O)cc4)P4(=O)Oc5ccccc5-c5ccccc54)cc3)cc2)c2ccc(O)cc2)Oc2ccccc2-c2ccccc21,O=P1(C(Nc2ccc(Cc3ccc(NC(c4ccccc4)P4(=O)Oc5ccccc5-c5ccccc54)cc3)cc2)c2ccccc2)Oc2ccccc2-c2ccccc21,,,0,O=P1(C(Nc2ccc(Cc3ccc(NC(c4ccc(O)cc4)P4(=O)Oc5ccccc5-c5ccccc54)cc3)cc2)c2ccc(O)cc2)Oc2ccccc2-c2ccccc21||<NO_CO>,33.025745236123726,1090.6998484013488,0.7530864197530864,0.7530864197530864,,,0.7530864197530864,0.7530864197530864,0,0,1,1,0,1,1,1,1,1,1,318,97,3,In_domain,Seen_scaffold
THR,3,DOPO_EP_0134,DOPO-DDM,,O=P(C1=C2C=CC=C1)(C(NC3=CC=C(CC4=CC=C(NC(P5(C6=C(C7=C(O5)C=CC=C7)C=CC=C6)=O)C8=CC=C(O)C=C8)C=C4)C=C3)C9=CC=C(O)C=C9)OC%10=C2C=CC=C%10,,https://doi.org/10.1016/j.polymdegradstab.2015.10.012,O=P1(C(Nc2ccc(Cc3ccc(NC(c4ccc(O)cc4)P4(=O)Oc5ccccc5-c5ccccc54)cc3)cc2)c2ccc(O)cc2)Oc2ccccc2-c2ccccc21,O=P1(C(Nc2ccc(Cc3ccc(NC(c4ccccc4)P4(=O)Oc5ccccc5-c5ccccc54)cc3)cc2)c2ccccc2)Oc2ccccc2-c2ccccc21,121.9,18.9,0,molecule,formulation,baseline_inclusive,fixed,0,100.57409426569002,78.04141939148614,47.206006733652885,108.8768320493194,0,O=P1(C(Nc2ccc(Cc3ccc(NC(c4ccc(O)cc4)P4(=O)Oc5ccccc5-c5ccccc54)cc3)cc2)c2ccc(O)cc2)Oc2ccccc2-c2ccccc21,O=P1(C(Nc2ccc(Cc3ccc(NC(c4ccccc4)P4(=O)Oc5ccccc5-c5ccccc54)cc3)cc2)c2ccccc2)Oc2ccccc2-c2ccccc21,,,0,O=P1(C(Nc2ccc(Cc3ccc(NC(c4ccc(O)cc4)P4(=O)Oc5ccccc5-c5ccccc54)cc3)cc2)c2ccc(O)cc2)Oc2ccccc2-c2ccccc21||<NO_CO>,21.325905734309984,454.7942553886755,0.7530864197530864,0.7530864197530864,,,0.7530864197530864,0.7530864197530864,0,0,1,1,0,1,1,1,1,1,1,318,97,3,In_domain,Seen_scaffold
THR,3,DOPO_EP_0140,TDA,,CCO[Si](OCC)(OCC)CCCNCC(O)CN1C(N(C(N(C1=O)CC(CP2(C3=C(C4=C(O2)C=CC=C4)C=CC=C3)=O)O)=O)CC(O)CNCCC[Si](OCC)(OCC)OCC)=O,,https://doi.org/10.1021/acsomega.1c00076,CCO[Si](CCCNCC(O)Cn1c(=O)n(CC(O)CNCCC[Si](OCC)(OCC)OCC)c(=O)n(CC(O)CP2(=O)Oc3ccccc3-c3ccccc32)c1=O)(OCC)OCC,O=c1[nH]c(=O)n(CCCP2(=O)Oc3ccccc3-c3ccccc32)c(=O)[nH]1,75.36,0.0,1,molecule,formulation,baseline_inclusive,fixed,0,98.6092265471432,99.96458734216677,69.12917468433349,130.8,1,CCO[Si](CCCNCC(O)Cn1c(=O)n(CC(O)CNCCC[Si](OCC)(OCC)OCC)c(=O)n(CC(O)CP2(=O)Oc3ccccc3-c3ccccc32)c1=O)(OCC)OCC,O=c1[nH]c(=O)n(CCCP2(=O)Oc3ccccc3-c3ccccc32)c(=O)[nH]1,,,0,CCO[Si](CCCNCC(O)Cn1c(=O)n(CC(O)CNCCC[Si](OCC)(OCC)OCC)c(=O)n(CC(O)CP2(=O)Oc3ccccc3-c3ccccc32)c1=O)(OCC)OCC||<NO_CO>,23.249226547143195,540.5265350403879,0.6666666666666666,0.6666666666666666,,,0.6666666666666666,0.6666666666666666,0,0,1,1,0,1,1,1,1,1,1,318,97,3,Caution,Seen_scaffold
THR,3,DOPO_EP_0145,TDA,,CCO[Si](OCC)(OCC)CCCNCC(O)CN1C(N(C(N(C1=O)CC(CP2(C3=C(C4=C(O2)C=CC=C4)C=CC=C3)=O)O)=O)CC(O)CNCCC[Si](OCC)(OCC)OCC)=O,,https://doi.org/10.1021/acsomega.1c00076,CCO[Si](CCCNCC(O)Cn1c(=O)n(CC(O)CNCCC[Si](OCC)(OCC)OCC)c(=O)n(CC(O)CP2(=O)Oc3ccccc3-c3ccccc32)c1=O)(OCC)OCC,O=c1[nH]c(=O)n(CCCP2(=O)Oc3ccccc3-c3ccccc32)c(=O)[nH]1,53.58,25.0,0,molecule,formulation,baseline_inclusive,fixed,0,54.76435309758222,57.21836693565668,26.382954277823416,88.05377959348993,1,CCO[Si](CCCNCC(O)Cn1c(=O)n(CC(O)CNCCC[Si](OCC)(OCC)OCC)c(=O)n(CC(O)CP2(=O)Oc3ccccc3-c3ccccc32)c1=O)(OCC)OCC,O=c1[nH]c(=O)n(CCCP2(=O)Oc3ccccc3-c3ccccc32)c(=O)[nH]1,,,0,CCO[Si](CCCNCC(O)Cn1c(=O)n(CC(O)CNCCC[Si](OCC)(OCC)OCC)c(=O)n(CC(O)CP2(=O)Oc3ccccc3-c3ccccc32)c1=O)(OCC)OCC||<NO_CO>,1.1843530975822247,1.4026922597526108,0.6666666666666666,0.6666666666666666,,,0.6666666666666666,0.6666666666666666,0,0,1,1,0,1,1,1,1,1,1,318,97,3,Caution,Seen_scaffold
THR,3,DOPO_EP_0174,DP-PPD,,NC1=CC=C(N(P(OC2=C3C=CC=C2)(C4=C3C=CC=C4)=O)CC5=CC=C(O[Si](C6=CC=CC=C6)(OC7=CC=C(CN(P(OC8=C9C=CC=C8)(C%10=C9C=CC=C%10)=O)C%11=CC=C(N)C=C%11)C=C7)C%12=CC=CC=C%12)C=C5)C=C1,,https://doi.org/10.1016/j.compositesb.2021.108640,Nc1ccc(N(Cc2ccc(O[Si](Oc3ccc(CN(c4ccc(N)cc4)P4(=O)Oc5ccccc5-c5ccccc54)cc3)(c3ccccc3)c3ccccc3)cc2)P2(=O)Oc3ccccc3-c3ccccc32)cc1,O=P1(N(Cc2ccc(O[Si](Oc3ccc(CN(c4ccccc4)P4(=O)Oc5ccccc5-c5ccccc54)cc3)(c3ccccc3)c3ccccc3)cc2)c2ccccc2)Oc2ccccc2-c2ccccc21,96.0,0.0,1,molecule,formulation,baseline_inclusive,fixed,0,98.6092265471432,99.96458734216677,69.12917468433349,130.8,1,Nc1ccc(N(Cc2ccc(O[Si](Oc3ccc(CN(c4ccc(N)cc4)P4(=O)Oc5ccccc5-c5ccccc54)cc3)(c3ccccc3)c3ccccc3)cc2)P2(=O)Oc3ccccc3-c3ccccc32)cc1,O=P1(N(Cc2ccc(O[Si](Oc3ccc(CN(c4ccccc4)P4(=O)Oc5ccccc5-c5ccccc54)cc3)(c3ccccc3)c3ccccc3)cc2)c2ccccc2)Oc2ccccc2-c2ccccc21,,,0,Nc1ccc(N(Cc2ccc(O[Si](Oc3ccc(CN(c4ccc(N)cc4)P4(=O)Oc5ccccc5-c5ccccc54)cc3)(c3ccccc3)c3ccccc3)cc2)P2(=O)Oc3ccccc3-c3ccccc32)cc1||<NO_CO>,2.6092265471431944,6.808063174316796,0.35,0.35,,,0.35,0.35,0,0,1,1,0,0,0,1,1,0,0,318,97,3,Extrapolation,New_scaffold
THR,3,DOPO_EP_0176,DP-PPD,,NC1=CC=C(N(P(OC2=C3C=CC=C2)(C4=C3C=CC=C4)=O)CC5=CC=C(O[Si](C6=CC=CC=C6)(OC7=CC=C(CN(P(OC8=C9C=CC=C8)(C%10=C9C=CC=C%10)=O)C%11=CC=C(N)C=C%11)C=C7)C%12=CC=CC=C%12)C=C5)C=C1,,https://doi.org/10.1016/j.compositesb.2021.108640,Nc1ccc(N(Cc2ccc(O[Si](Oc3ccc(CN(c4ccc(N)cc4)P4(=O)Oc5ccccc5-c5ccccc54)cc3)(c3ccccc3)c3ccccc3)cc2)P2(=O)Oc3ccccc3-c3ccccc32)cc1,O=P1(N(Cc2ccc(O[Si](Oc3ccc(CN(c4ccccc4)P4(=O)Oc5ccccc5-c5ccccc54)cc3)(c3ccccc3)c3ccccc3)cc2)c2ccccc2)Oc2ccccc2-c2ccccc21,80.0,3.0,0,molecule,formulation,baseline_inclusive,fixed,0,85.20643271314138,90.7653628896763,59.92995023184304,121.60077554750956,1,Nc1ccc(N(Cc2ccc(O[Si](Oc3ccc(CN(c4ccc(N)cc4)P4(=O)Oc5ccccc5-c5ccccc54)cc3)(c3ccccc3)c3ccccc3)cc2)P2(=O)Oc3ccccc3-c3ccccc32)cc1,O=P1(N(Cc2ccc(O[Si](Oc3ccc(CN(c4ccccc4)P4(=O)Oc5ccccc5-c5ccccc54)cc3)(c3ccccc3)c3ccccc3)cc2)c2ccccc2)Oc2ccccc2-c2ccccc21,,,0,Nc1ccc(N(Cc2ccc(O[Si](Oc3ccc(CN(c4ccc(N)cc4)P4(=O)Oc5ccccc5-c5ccccc54)cc3)(c3ccccc3)c3ccccc3)cc2)P2(=O)Oc3ccccc3-c3ccccc32)cc1||<NO_CO>,5.206432713141382,27.10694159646873,0.35,0.35,,,0.35,0.35,0,0,1,1,0,0,0,1,1,0,0,318,97,3,Extrapolation,New_scaffold
THR,3,DOPO_EP_0001,FPD,,O=P1(C2=C(C3=C(O1)C=CC=C3)C=CC=C2)C(NC4=CC=CO4)CC5=CC=CC=C5,,https://doi.org/10.1007/s11595-025-3132-6,O=P1(C(Cc2ccccc2)Nc2ccco2)Oc2ccccc2-c2ccccc21,O=P1(C(Cc2ccccc2)Nc2ccco2)Oc2ccccc2-c2ccccc21,180.0,0.0,1,molecule,formulation,baseline_inclusive,fixed,0,98.6092265471432,99.96458734216677,69.12917468433349,130.8,0,O=P1(C(Cc2ccccc2)Nc2ccco2)Oc2ccccc2-c2ccccc21,O=P1(C(Cc2ccccc2)Nc2ccco2)Oc2ccccc2-c2ccccc21,,,0,O=P1(C(Cc2ccccc2)Nc2ccco2)Oc2ccccc2-c2ccccc21||<NO_CO>,81.3907734528568,6624.45800325426,0.4625,0.4625,,,0.4625,0.4625,0,0,1,1,0,0,0,1,1,0,0,318,97,3,Extrapolation,New_scaffold
THR,3,DOPO_EP_0004,FPD,,O=P1(C2=C(C3=C(O1)C=CC=C3)C=CC=C2)C(NC4=CC=CO4)CC5=CC=CC=C5,,https://doi.org/10.1007/s11595-025-3132-6,O=P1(C(Cc2ccccc2)Nc2ccco2)Oc2ccccc2-c2ccccc21,O=P1(C(Cc2ccccc2)Nc2ccco2)Oc2ccccc2-c2ccccc21,65.0,11.79,0,molecule,formulation,baseline_inclusive,fixed,0,96.391699884421,100.06553880617795,69.23012614834471,130.90095146401123,0,O=P1(C(Cc2ccccc2)Nc2ccco2)Oc2ccccc2-c2ccccc21,O=P1(C(Cc2ccccc2)Nc2ccco2)Oc2ccccc2-c2ccccc21,,,0,O=P1(C(Cc2ccccc2)Nc2ccco2)Oc2ccccc2-c2ccccc21||<NO_CO>,31.391699884421,985.4388216335575,0.4625,0.4625,,,0.4625,0.4625,0,0,1,1,0,0,0,1,1,0,0,318,97,3,Extrapolation,New_scaffold
THR,3,DOPO_EP_0035,PBD,,O=P(C1=C2C=CC=C1)(C(C3=CC=C(C(P4(C5=C(C6=C(O4)C=CC=C6)C=CC=C5)=O)NC7=CC=CC(OC8=CC=C(C(C#N)=C8)C#N)=C7)C=C3)NC9=CC=CC(OC%10=CC=C(C(C#N)=C%10)C#N)=C9)OC%11=C2C=CC=C%11,,https://doi.org/10.1016/j.compositesb.2021.109162,N#Cc1ccc(Oc2cccc(NC(c3ccc(C(Nc4cccc(Oc5ccc(C#N)c(C#N)c5)c4)P4(=O)Oc5ccccc5-c5ccccc54)cc3)P3(=O)Oc4ccccc4-c4ccccc43)c2)cc1C#N,O=P1(C(Nc2cccc(Oc3ccccc3)c2)c2ccc(C(Nc3cccc(Oc4ccccc4)c3)P3(=O)Oc4ccccc4-c4ccccc43)cc2)Oc2ccccc2-c2ccccc21,116.89,0.0,1,molecule,formulation,baseline_inclusive,fixed,0,98.6092265471432,99.96458734216677,69.12917468433349,130.8,1,N#Cc1ccc(Oc2cccc(NC(c3ccc(C(Nc4cccc(Oc5ccc(C#N)c(C#N)c5)c4)P4(=O)Oc5ccccc5-c5ccccc54)cc3)P3(=O)Oc4ccccc4-c4ccccc43)c2)cc1C#N,O=P1(C(Nc2cccc(Oc3ccccc3)c2)c2ccc(C(Nc3cccc(Oc4ccccc4)c3)P3(=O)Oc4ccccc4-c4ccccc43)cc2)Oc2ccccc2-c2ccccc21,,,0,N#Cc1ccc(Oc2cccc(NC(c3ccc(C(Nc4cccc(Oc5ccc(C#N)c(C#N)c5)c4)P4(=O)Oc5ccccc5-c5ccccc54)cc3)P3(=O)Oc4ccccc4-c4ccccc43)c2)cc1C#N||<NO_CO>,18.280773452856806,334.1866780346742,0.5631067961165048,0.5631067961165048,,,0.5631067961165048,0.5631067961165048,0,0,1,1,0,0,0,1,1,0,0,318,97,3,Caution,New_scaffold
THR,3,DOPO_EP_0038,PBD,,O=P(C1=C2C=CC=C1)(C(C3=CC=C(C(P4(C5=C(C6=C(O4)C=CC=C6)C=CC=C5)=O)NC7=CC=CC(OC8=CC=C(C(C#N)=C8)C#N)=C7)C=C3)NC9=CC=CC(OC%10=CC=C(C(C#N)=C%10)C#N)=C9)OC%11=C2C=CC=C%11,,https://doi.org/10.1016/j.compositesb.2021.109162,N#Cc1ccc(Oc2cccc(NC(c3ccc(C(Nc4cccc(Oc5ccc(C#N)c(C#N)c5)c4)P4(=O)Oc5ccccc5-c5ccccc54)cc3)P3(=O)Oc4ccccc4-c4ccccc43)c2)cc1C#N,O=P1(C(Nc2cccc(Oc3ccccc3)c2)c2ccc(C(Nc3cccc(Oc4ccccc4)c3)P3(=O)Oc4ccccc4-c4ccccc43)cc2)Oc2ccccc2-c2ccccc21,79.84,5.0,0,molecule,formulation,baseline_inclusive,fixed,0,93.3967356150778,92.74194306368686,61.9065304058536,123.57735572152012,1,N#Cc1ccc(Oc2cccc(NC(c3ccc(C(Nc4cccc(Oc5ccc(C#N)c(C#N)c5)c4)P4(=O)Oc5ccccc5-c5ccccc54)cc3)P3(=O)Oc4ccccc4-c4ccccc43)c2)cc1C#N,O=P1(C(Nc2cccc(Oc3ccccc3)c2)c2ccc(C(Nc3cccc(Oc4ccccc4)c3)P3(=O)Oc4ccccc4-c4ccccc43)cc2)Oc2ccccc2-c2ccccc21,,,0,N#Cc1ccc(Oc2cccc(NC(c3ccc(C(Nc4cccc(Oc5ccc(C#N)c(C#N)c5)c4)P4(=O)Oc5ccccc5-c5ccccc54)cc3)P3(=O)Oc4ccccc4-c4ccccc43)c2)cc1C#N||<NO_CO>,13.556735615077798,183.7850805371188,0.5631067961165048,0.5631067961165048,,,0.5631067961165048,0.5631067961165048,0,0,1,1,0,0,0,1,1,0,0,318,97,3,Caution,New_scaffold
THR,3,DOPO_EP_0039,PBD,,O=P(C1=C2C=CC=C1)(C(C3=CC=C(C(P4(C5=C(C6=C(O4)C=CC=C6)C=CC=C5)=O)NC7=CC=CC(OC8=CC=C(C(C#N)=C8)C#N)=C7)C=C3)NC9=CC=CC(OC%10=CC=C(C(C#N)=C%10)C#N)=C9)OC%11=C2C=CC=C%11,,https://doi.org/10.1016/j.compositesb.2021.109162,N#Cc1ccc(Oc2cccc(NC(c3ccc(C(Nc4cccc(Oc5ccc(C#N)c(C#N)c5)c4)P4(=O)Oc5ccccc5-c5ccccc54)cc3)P3(=O)Oc4ccccc4-c4ccccc43)c2)cc1C#N,O=P1(C(Nc2cccc(Oc3ccccc3)c2)c2ccc(C(Nc3cccc(Oc4ccccc4)c3)P3(=O)Oc4ccccc4-c4ccccc43)cc2)Oc2ccccc2-c2ccccc21,65.62,10.0,0,molecule,formulation,baseline_inclusive,fixed,0,84.44386037596787,80.43899041664757,49.60357775881431,111.27440307448084,1,N#Cc1ccc(Oc2cccc(NC(c3ccc(C(Nc4cccc(Oc5ccc(C#N)c(C#N)c5)c4)P4(=O)Oc5ccccc5-c5ccccc54)cc3)P3(=O)Oc4ccccc4-c4ccccc43)c2)cc1C#N,O=P1(C(Nc2cccc(Oc3ccccc3)c2)c2ccc(C(Nc3cccc(Oc4ccccc4)c3)P3(=O)Oc4ccccc4-c4ccccc43)cc2)Oc2ccccc2-c2ccccc21,,,0,N#Cc1ccc(Oc2cccc(NC(c3ccc(C(Nc4cccc(Oc5ccc(C#N)c(C#N)c5)c4)P4(=O)Oc5ccccc5-c5ccccc54)cc3)P3(=O)Oc4ccccc4-c4ccccc43)c2)cc1C#N||<NO_CO>,18.823860375967868,354.3377194539332,0.5631067961165048,0.5631067961165048,,,0.5631067961165048,0.5631067961165048,0,0,1,1,0,0,0,1,1,0,0,318,97,3,Caution,New_scaffold
THR,3,DOPO_EP_0040,PBD,,O=P(C1=C2C=CC=C1)(C(C3=CC=C(C(P4(C5=C(C6=C(O4)C=CC=C6)C=CC=C5)=O)NC7=CC=CC(OC8=CC=C(C(C#N)=C8)C#N)=C7)C=C3)NC9=CC=CC(OC%10=CC=C(C(C#N)=C%10)C#N)=C9)OC%11=C2C=CC=C%11,,https://doi.org/10.1016/j.compositesb.2021.109162,N#Cc1ccc(Oc2cccc(NC(c3ccc(C(Nc4cccc(Oc5ccc(C#N)c(C#N)c5)c4)P4(=O)Oc5ccccc5-c5ccccc54)cc3)P3(=O)Oc4ccccc4-c4ccccc43)c2)cc1C#N,O=P1(C(Nc2cccc(Oc3ccccc3)c2)c2ccc(C(Nc3cccc(Oc4ccccc4)c3)P3(=O)Oc4ccccc4-c4ccccc43)cc2)Oc2ccccc2-c2ccccc21,63.43,15.0,0,molecule,formulation,baseline_inclusive,fixed,0,81.56369522990448,78.98996901017105,48.15455635233779,109.82538166800433,1,N#Cc1ccc(Oc2cccc(NC(c3ccc(C(Nc4cccc(Oc5ccc(C#N)c(C#N)c5)c4)P4(=O)Oc5ccccc5-c5ccccc54)cc3)P3(=O)Oc4ccccc4-c4ccccc43)c2)cc1C#N,O=P1(C(Nc2cccc(Oc3ccccc3)c2)c2ccc(C(Nc3cccc(Oc4ccccc4)c3)P3(=O)Oc4ccccc4-c4ccccc43)cc2)Oc2ccccc2-c2ccccc21,,,0,N#Cc1ccc(Oc2cccc(NC(c3ccc(C(Nc4cccc(Oc5ccc(C#N)c(C#N)c5)c4)P4(=O)Oc5ccccc5-c5ccccc54)cc3)P3(=O)Oc4ccccc4-c4ccccc43)c2)cc1C#N||<NO_CO>,18.133695229904482,328.8309026910606,0.5631067961165048,0.5631067961165048,,,0.5631067961165048,0.5631067961165048,0,0,1,1,0,0,0,1,1,0,0,318,97,3,Caution,New_scaffold
THR,3,DOPO_EP_0041,PBD,,O=P(C1=C2C=CC=C1)(C(C3=CC=C(C(P4(C5=C(C6=C(O4)C=CC=C6)C=CC=C5)=O)NC7=CC=CC(OC8=CC=C(C(C#N)=C8)C#N)=C7)C=C3)NC9=CC=CC(OC%10=CC=C(C(C#N)=C%10)C#N)=C9)OC%11=C2C=CC=C%11,,https://doi.org/10.1016/j.compositesb.2021.109162,N#Cc1ccc(Oc2cccc(NC(c3ccc(C(Nc4cccc(Oc5ccc(C#N)c(C#N)c5)c4)P4(=O)Oc5ccccc5-c5ccccc54)cc3)P3(=O)Oc4ccccc4-c4ccccc43)c2)cc1C#N,O=P1(C(Nc2cccc(Oc3ccccc3)c2)c2ccc(C(Nc3cccc(Oc4ccccc4)c3)P3(=O)Oc4ccccc4-c4ccccc43)cc2)Oc2ccccc2-c2ccccc21,59.84,20.0,0,molecule,formulation,baseline_inclusive,fixed,0,80.54822170644186,77.66190052374976,46.826487865916505,108.49731318158302,1,N#Cc1ccc(Oc2cccc(NC(c3ccc(C(Nc4cccc(Oc5ccc(C#N)c(C#N)c5)c4)P4(=O)Oc5ccccc5-c5ccccc54)cc3)P3(=O)Oc4ccccc4-c4ccccc43)c2)cc1C#N,O=P1(C(Nc2cccc(Oc3ccccc3)c2)c2ccc(C(Nc3cccc(Oc4ccccc4)c3)P3(=O)Oc4ccccc4-c4ccccc43)cc2)Oc2ccccc2-c2ccccc21,,,0,N#Cc1ccc(Oc2cccc(NC(c3ccc(C(Nc4cccc(Oc5ccc(C#N)c(C#N)c5)c4)P4(=O)Oc5ccccc5-c5ccccc54)cc3)P3(=O)Oc4ccccc4-c4ccccc43)c2)cc1C#N||<NO_CO>,20.70822170644186,428.8304462431499,0.5631067961165048,0.5631067961165048,,,0.5631067961165048,0.5631067961165048,0,0,1,1,0,0,0,1,1,0,0,318,97,3,Caution,New_scaffold
THR,3,DOPO_EP_0050,ABD,,O=P(CCC(P1(C2=C(C3=C(O1)C=CC=C3)C=CC=C2)=O)O)(C4=C5C=CC=C4)OC6=C5C=CC=C6,,https://doi.org/10.1016/j.polymdegradstab.2019.06.024,O=P1(CCC(O)P2(=O)Oc3ccccc3-c3ccccc32)Oc2ccccc2-c2ccccc21,O=P1(CCCP2(=O)Oc3ccccc3-c3ccccc32)Oc2ccccc2-c2ccccc21,143.6,0.0,1,molecule,formulation,baseline_inclusive,fixed,0,98.6092265471432,99.96458734216677,69.12917468433349,130.8,0,O=P1(CCC(O)P2(=O)Oc3ccccc3-c3ccccc32)Oc2ccccc2-c2ccccc21,O=P1(CCCP2(=O)Oc3ccccc3-c3ccccc32)Oc2ccccc2-c2ccccc21,,,0,O=P1(CCC(O)P2(=O)Oc3ccccc3-c3ccccc32)Oc2ccccc2-c2ccccc21||<NO_CO>,44.9907734528568,2024.1696958862842,0.5,0.5,,,0.5,0.5,0,0,1,1,0,0,0,1,1,0,0,318,97,3,Caution,New_scaffold
THR,3,DOPO_EP_0052,ABD,,O=P(CCC(P1(C2=C(C3=C(O1)C=CC=C3)C=CC=C2)=O)O)(C4=C5C=CC=C4)OC6=C5C=CC=C6,,https://doi.org/10.1016/j.polymdegradstab.2019.06.024,O=P1(CCC(O)P2(=O)Oc3ccccc3-c3ccccc32)Oc2ccccc2-c2ccccc21,O=P1(CCCP2(=O)Oc3ccccc3-c3ccccc32)Oc2ccccc2-c2ccccc21,101.5,3.0,0,molecule,formulation,baseline_inclusive,fixed,0,98.35020348580495,105.76514950563956,74.9297368478063,136.60056216347283,1,O=P1(CCC(O)P2(=O)Oc3ccccc3-c3ccccc32)Oc2ccccc2-c2ccccc21,O=P1(CCCP2(=O)Oc3ccccc3-c3ccccc32)Oc2ccccc2-c2ccccc21,,,0,O=P1(CCC(O)P2(=O)Oc3ccccc3-c3ccccc32)Oc2ccccc2-c2ccccc21||<NO_CO>,3.149796514195046,9.921218080835262,0.5,0.5,,,0.5,0.5,0,0,1,1,0,0,0,1,1,0,0,318,97,3,Caution,New_scaffold
THR,3,DOPO_EP_0053,ABD,,O=P(CCC(P1(C2=C(C3=C(O1)C=CC=C3)C=CC=C2)=O)O)(C4=C5C=CC=C4)OC6=C5C=CC=C6,,https://doi.org/10.1016/j.polymdegradstab.2019.06.024,O=P1(CCC(O)P2(=O)Oc3ccccc3-c3ccccc32)Oc2ccccc2-c2ccccc21,O=P1(CCCP2(=O)Oc3ccccc3-c3ccccc32)Oc2ccccc2-c2ccccc21,94.3,4.0,0,molecule,formulation,baseline_inclusive,fixed,0,97.46481081439372,104.978153254074,74.14274059624073,135.81356591190723,1,O=P1(CCC(O)P2(=O)Oc3ccccc3-c3ccccc32)Oc2ccccc2-c2ccccc21,O=P1(CCCP2(=O)Oc3ccccc3-c3ccccc32)Oc2ccccc2-c2ccccc21,,,0,O=P1(CCC(O)P2(=O)Oc3ccccc3-c3ccccc32)Oc2ccccc2-c2ccccc21||<NO_CO>,3.164810814393718,10.016027490903427,0.5,0.5,,,0.5,0.5,0,0,1,1,0,0,0,1,1,0,0,318,97,3,Caution,New_scaffold
THR,3,DOPO_EP_0091,SAD,,O=P(C1=C2C=CC=C1)(C(NC3=NNC=N3)C4=CC=CS4)OC5=C2C=CC=C5,,https://doi.org/10.1016/j.mtcomm.2021.103108,O=P1(C(Nc2nc[nH]n2)c2cccs2)Oc2ccccc2-c2ccccc21,O=P1(C(Nc2nc[nH]n2)c2cccs2)Oc2ccccc2-c2ccccc21,89.0,0.0,1,molecule,formulation,baseline_inclusive,fixed,0,98.6092265471432,99.96458734216677,69.12917468433349,130.8,1,O=P1(C(Nc2nc[nH]n2)c2cccs2)Oc2ccccc2-c2ccccc21,O=P1(C(Nc2nc[nH]n2)c2cccs2)Oc2ccccc2-c2ccccc21,,,0,O=P1(C(Nc2nc[nH]n2)c2cccs2)Oc2ccccc2-c2ccccc21||<NO_CO>,9.609226547143194,92.33723483432152,0.5533980582524272,0.5533980582524272,,,0.5533980582524272,0.5533980582524272,0,0,1,1,0,0,0,1,1,0,0,318,97,3,Caution,New_scaffold
THR,3,DOPO_EP_0092,SAD,,O=P(C1=C2C=CC=C1)(C(NC3=NNC=N3)C4=CC=CS4)OC5=C2C=CC=C5,,https://doi.org/10.1016/j.mtcomm.2021.103108,O=P1(C(Nc2nc[nH]n2)c2cccs2)Oc2ccccc2-c2ccccc21,O=P1(C(Nc2nc[nH]n2)c2cccs2)Oc2ccccc2-c2ccccc21,77.0,2.5,0,molecule,formulation,baseline_inclusive,fixed,0,76.0579107755762,74.89968862252452,44.06427596469126,105.73510128035778,1,O=P1(C(Nc2nc[nH]n2)c2cccs2)Oc2ccccc2-c2ccccc21,O=P1(C(Nc2nc[nH]n2)c2cccs2)Oc2ccccc2-c2ccccc21,,,0,O=P1(C(Nc2nc[nH]n2)c2cccs2)Oc2ccccc2-c2ccccc21||<NO_CO>,0.9420892244237962,0.8875321067754298,0.5533980582524272,0.5533980582524272,,,0.5533980582524272,0.5533980582524272,0,0,1,1,0,0,0,1,1,0,0,318,97,3,Caution,New_scaffold
THR,3,DOPO_EP_0093,SAD,,O=P(C1=C2C=CC=C1)(C(NC3=NNC=N3)C4=CC=CS4)OC5=C2C=CC=C5,,https://doi.org/10.1016/j.mtcomm.2021.103108,O=P1(C(Nc2nc[nH]n2)c2cccs2)Oc2ccccc2-c2ccccc21,O=P1(C(Nc2nc[nH]n2)c2cccs2)Oc2ccccc2-c2ccccc21,75.0,5.0,0,molecule,formulation,baseline_inclusive,fixed,0,70.30925796100715,70.14899626181557,39.31358360398231,100.98440891964884,1,O=P1(C(Nc2nc[nH]n2)c2cccs2)Oc2ccccc2-c2ccccc21,O=P1(C(Nc2nc[nH]n2)c2cccs2)Oc2ccccc2-c2ccccc21,,,0,O=P1(C(Nc2nc[nH]n2)c2cccs2)Oc2ccccc2-c2ccccc21||<NO_CO>,4.690742038992852,22.003060876374818,0.5533980582524272,0.5533980582524272,,,0.5533980582524272,0.5533980582524272,0,0,1,1,0,0,0,1,1,0,0,318,97,3,Caution,New_scaffold
THR,3,DOPO_EP_0094,SAD,,O=P(C1=C2C=CC=C1)(C(NC3=NNC=N3)C4=CC=CS4)OC5=C2C=CC=C5,,https://doi.org/10.1016/j.mtcomm.2021.103108,O=P1(C(Nc2nc[nH]n2)c2cccs2)Oc2ccccc2-c2ccccc21,O=P1(C(Nc2nc[nH]n2)c2cccs2)Oc2ccccc2-c2ccccc21,72.0,7.5,0,molecule,formulation,baseline_inclusive,fixed,0,64.18095077696496,65.66755158822666,34.8321389303934,96.50296424605992,1,O=P1(C(Nc2nc[nH]n2)c2cccs2)Oc2ccccc2-c2ccccc21,O=P1(C(Nc2nc[nH]n2)c2cccs2)Oc2ccccc2-c2ccccc21,,,0,O=P1(C(Nc2nc[nH]n2)c2cccs2)Oc2ccccc2-c2ccccc21||<NO_CO>,7.819049223035037,61.13753075224482,0.5533980582524272,0.5533980582524272,,,0.5533980582524272,0.5533980582524272,0,0,1,1,0,0,0,1,1,0,0,318,97,3,Caution,New_scaffold
THR,3,DOPO_EP_0099,VDG,,COC1=CC(C(P2(C3=C(C4=C(O2)C=CC=C4)C=CC=C3)=O)NC5=NN=C(N5)NC(P6(C7=C(C8=C(O6)C=CC=C8)C=CC=C7)=O)C9=CC=C(O)C(OC)=C9)=CC=C1O,,https://doi.org/10.1016/j.polymer.2021.123460,COc1cc(C(Nc2nnc(NC(c3ccc(O)c(OC)c3)P3(=O)Oc4ccccc4-c4ccccc43)[nH]2)P2(=O)Oc3ccccc3-c3ccccc32)ccc1O,O=P1(C(Nc2nnc(NC(c3ccccc3)P3(=O)Oc4ccccc4-c4ccccc43)[nH]2)c2ccccc2)Oc2ccccc2-c2ccccc21,88.0,0.0,1,molecule,formulation,baseline_inclusive,fixed,0,98.6092265471432,99.96458734216677,69.12917468433349,130.8,1,COc1cc(C(Nc2nnc(NC(c3ccc(O)c(OC)c3)P3(=O)Oc4ccccc4-c4ccccc43)[nH]2)P2(=O)Oc3ccccc3-c3ccccc32)ccc1O,O=P1(C(Nc2nnc(NC(c3ccccc3)P3(=O)Oc4ccccc4-c4ccccc43)[nH]2)c2ccccc2)Oc2ccccc2-c2ccccc21,,,0,COc1cc(C(Nc2nnc(NC(c3ccc(O)c(OC)c3)P3(=O)Oc4ccccc4-c4ccccc43)[nH]2)P2(=O)Oc3ccccc3-c3ccccc32)ccc1O||<NO_CO>,10.609226547143194,112.55568792860791,0.7727272727272727,0.7727272727272727,,,0.7727272727272727,0.7727272727272727,0,0,1,1,0,0,0,1,1,0,0,318,97,3,In_domain,New_scaffold
THR,3,DOPO_EP_0100,VDG,,COC1=CC(C(P2(C3=C(C4=C(O2)C=CC=C4)C=CC=C3)=O)NC5=NN=C(N5)NC(P6(C7=C(C8=C(O6)C=CC=C8)C=CC=C7)=O)C9=CC=C(O)C(OC)=C9)=CC=C1O,,https://doi.org/10.1016/j.polymer.2021.123460,COc1cc(C(Nc2nnc(NC(c3ccc(O)c(OC)c3)P3(=O)Oc4ccccc4-c4ccccc43)[nH]2)P2(=O)Oc3ccccc3-c3ccccc32)ccc1O,O=P1(C(Nc2nnc(NC(c3ccccc3)P3(=O)Oc4ccccc4-c4ccccc43)[nH]2)c2ccccc2)Oc2ccccc2-c2ccccc21,82.6,0.5,0,molecule,formulation,baseline_inclusive,fixed,0,82.39326946818737,79.14670883895813,48.31129618112488,109.9821214967914,1,COc1cc(C(Nc2nnc(NC(c3ccc(O)c(OC)c3)P3(=O)Oc4ccccc4-c4ccccc43)[nH]2)P2(=O)Oc3ccccc3-c3ccccc32)ccc1O,O=P1(C(Nc2nnc(NC(c3ccccc3)P3(=O)Oc4ccccc4-c4ccccc43)[nH]2)c2ccccc2)Oc2ccccc2-c2ccccc21,,,0,COc1cc(C(Nc2nnc(NC(c3ccc(O)c(OC)c3)P3(=O)Oc4ccccc4-c4ccccc43)[nH]2)P2(=O)Oc3ccccc3-c3ccccc32)ccc1O||<NO_CO>,0.20673053181262446,0.04273751278353054,0.7727272727272727,0.7727272727272727,,,0.7727272727272727,0.7727272727272727,0,0,1,1,0,0,0,1,1,0,0,318,97,3,In_domain,New_scaffold
THR,3,DOPO_EP_0327,IDT,,O=P1(C2=C(C3=C(O1)C=CC=C3)C=CC=C2)C(C4=CNC5C=CC=CC45)NC6=NC(NC(P7(C8=C(C9=C(O7)C=CC=C9)C=CC=C8)=O)C%10=CNC%11=C%10C=CC=C%11)=NN6,,https://doi.org/10.1016/j.reactfunctpolym.2022.105375,O=P1(C(Nc2nc(NC(c3c[nH]c4ccccc34)P3(=O)Oc4ccccc4-c4ccccc43)n[nH]2)C2=CNC3C=CC=CC23)Oc2ccccc2-c2ccccc21,O=P1(C(Nc2nc(NC(c3c[nH]c4ccccc34)P3(=O)Oc4ccccc4-c4ccccc43)n[nH]2)C2=CNC3C=CC=CC23)Oc2ccccc2-c2ccccc21,65.5,5.0,0,molecule,formulation,baseline_inclusive,fixed,0,60.84651828322151,60.91589884711969,30.080486189286432,91.75131150495297,1,O=P1(C(Nc2nc(NC(c3c[nH]c4ccccc34)P3(=O)Oc4ccccc4-c4ccccc43)n[nH]2)C2=CNC3C=CC=CC23)Oc2ccccc2-c2ccccc21,O=P1(C(Nc2nc(NC(c3c[nH]c4ccccc34)P3(=O)Oc4ccccc4-c4ccccc43)n[nH]2)C2=CNC3C=CC=CC23)Oc2ccccc2-c2ccccc21,,,0,O=P1(C(Nc2nc(NC(c3c[nH]c4ccccc34)P3(=O)Oc4ccccc4-c4ccccc43)n[nH]2)C2=CNC3C=CC=CC23)Oc2ccccc2-c2ccccc21||<NO_CO>,4.6534817167784865,21.65489208839165,0.4959349593495935,0.4959349593495935,,,0.4959349593495935,0.4959349593495935,0,0,1,1,0,0,0,1,1,0,0,318,97,3,Extrapolation,New_scaffold
THR,3,DOPO_EP_0324,IDT,,O=P1(C2=C(C3=C(O1)C=CC=C3)C=CC=C2)C(C4=CNC5C=CC=CC45)NC6=NC(NC(P7(C8=C(C9=C(O7)C=CC=C9)C=CC=C8)=O)C%10=CNC%11=C%10C=CC=C%11)=NN6,,https://doi.org/10.1016/j.reactfunctpolym.2022.105375,O=P1(C(Nc2nc(NC(c3c[nH]c4ccccc34)P3(=O)Oc4ccccc4-c4ccccc43)n[nH]2)C2=CNC3C=CC=CC23)Oc2ccccc2-c2ccccc21,O=P1(C(Nc2nc(NC(c3c[nH]c4ccccc34)P3(=O)Oc4ccccc4-c4ccccc43)n[nH]2)C2=CNC3C=CC=CC23)Oc2ccccc2-c2ccccc21,71.6,0.0,1,molecule,formulation,baseline_inclusive,fixed,0,98.6092265471432,99.96458734216677,69.12917468433349,130.8,1,O=P1(C(Nc2nc(NC(c3c[nH]c4ccccc34)P3(=O)Oc4ccccc4-c4ccccc43)n[nH]2)C2=CNC3C=CC=CC23)Oc2ccccc2-c2ccccc21,O=P1(C(Nc2nc(NC(c3c[nH]c4ccccc34)P3(=O)Oc4ccccc4-c4ccccc43)n[nH]2)C2=CNC3C=CC=CC23)Oc2ccccc2-c2ccccc21,,,0,O=P1(C(Nc2nc(NC(c3c[nH]c4ccccc34)P3(=O)Oc4ccccc4-c4ccccc43)n[nH]2)C2=CNC3C=CC=CC23)Oc2ccccc2-c2ccccc21||<NO_CO>,27.0092265471432,729.498318674905,0.4959349593495935,0.4959349593495935,,,0.4959349593495935,0.4959349593495935,0,0,1,1,0,0,0,1,1,0,0,318,97,3,Extrapolation,New_scaffold
THR,3,DOPO_EP_0255,DHBAP,,O=P(C1=C2C=CC=C1)(C(NC3=NC=CN=C3)C4=C(O)C=CC=C4)OC5=C2C=CC=C5,,https://doi.org/10.1002/pat.4674,O=P1(C(Nc2cnccn2)c2ccccc2O)Oc2ccccc2-c2ccccc21,O=P1(C(Nc2cnccn2)c2ccccc2)Oc2ccccc2-c2ccccc21,59.9,8.0,0,molecule,formulation,baseline_inclusive,fixed,0,65.02173246691146,65.01474590379716,34.1793332459639,95.85015856163042,1,O=P1(C(Nc2cnccn2)c2ccccc2O)Oc2ccccc2-c2ccccc21,O=P1(C(Nc2cnccn2)c2ccccc2)Oc2ccccc2-c2ccccc21,,,0,O=P1(C(Nc2cnccn2)c2ccccc2O)Oc2ccccc2-c2ccccc21||<NO_CO>,5.12173246691146,26.232143462614953,0.5869565217391305,0.5869565217391305,,,0.5869565217391305,0.5869565217391305,0,0,1,1,0,0,0,1,1,0,0,318,97,3,Caution,New_scaffold
THR,3,DOPO_EP_0253,DHBAP,,O=P(C1=C2C=CC=C1)(C(NC3=NC=CN=C3)C4=C(O)C=CC=C4)OC5=C2C=CC=C5,,https://doi.org/10.1002/pat.4674,O=P1(C(Nc2cnccn2)c2ccccc2O)Oc2ccccc2-c2ccccc21,O=P1(C(Nc2cnccn2)c2ccccc2)Oc2ccccc2-c2ccccc21,76.1,0.0,1,molecule,formulation,baseline_inclusive,fixed,0,98.6092265471432,99.96458734216677,69.12917468433349,130.8,1,O=P1(C(Nc2cnccn2)c2ccccc2O)Oc2ccccc2-c2ccccc21,O=P1(C(Nc2cnccn2)c2ccccc2)Oc2ccccc2-c2ccccc21,,,0,O=P1(C(Nc2cnccn2)c2ccccc2O)Oc2ccccc2-c2ccccc21||<NO_CO>,22.5092265471432,506.6652797506162,0.5869565217391305,0.5869565217391305,,,0.5869565217391305,0.5869565217391305,0,0,1,1,0,0,0,1,1,0,0,318,97,3,Caution,New_scaffold
THR,3,DOPO_EP_0247,DOPO-HPM,TGIC,O=C(CC(P1(C2=C(C3=C(O1)C=CC=C3)C=CC=C2)=O)C4=O)N4C(C=C5)=CC=C5OCC(CN6C(N(C(N(C6=O)CC7CO7)=O)CC8CO8)=O)O,O=C(N(C(N(C1=O)CC2CO2)=O)CC3CO3)N1CC4CO4,https://doi.org/10.1016/j.polymdegradstab.2015.05.019,O=C1CC(P2(=O)Oc3ccccc3-c3ccccc32)C(=O)N1c1ccc(OCC(O)Cn2c(=O)n(CC3CO3)c(=O)n(CC3CO3)c2=O)cc1,O=C1CC(P2(=O)Oc3ccccc3-c3ccccc32)C(=O)N1c1ccc(OCCCn2c(=O)n(CC3CO3)c(=O)n(CC3CO3)c2=O)cc1,52.5,28.36,0,molecule,formulation,baseline_inclusive,fixed,0,58.40834493965216,58.176400038045145,27.340987380211885,89.0118126958784,1,O=C1CC(P2(=O)Oc3ccccc3-c3ccccc32)C(=O)N1c1ccc(OCC(O)Cn2c(=O)n(CC3CO3)c(=O)n(CC3CO3)c2=O)cc1,O=C1CC(P2(=O)Oc3ccccc3-c3ccccc32)C(=O)N1c1ccc(OCCCn2c(=O)n(CC3CO3)c(=O)n(CC3CO3)c2=O)cc1,O=c1n(CC2CO2)c(=O)n(CC2CO2)c(=O)n1CC1CO1,O=c1n(CC2CO2)c(=O)n(CC2CO2)c(=O)n1CC1CO1,1,O=C1CC(P2(=O)Oc3ccccc3-c3ccccc32)C(=O)N1c1ccc(OCC(O)Cn2c(=O)n(CC3CO3)c(=O)n(CC3CO3)c2=O)cc1||O=c1n(CC2CO2)c(=O)n(CC2CO2)c(=O)n1CC1CO1,5.90834493965216,34.90853992591329,0.865979381443299,0.865979381443299,0.15384615384615385,0.15384615384615385,0.15384615384615385,0.15384615384615385,0,0,0,0,0,0,0,0,0,0,0,318,97,3,Extrapolation,New_scaffold
THR,3,DOPO_EP_0246,DOPO-HPM,TGIC,O=C(CC(P1(C2=C(C3=C(O1)C=CC=C3)C=CC=C2)=O)C4=O)N4C(C=C5)=CC=C5OCC(CN6C(N(C(N(C6=O)CC7CO7)=O)CC8CO8)=O)O,O=C(N(C(N(C1=O)CC2CO2)=O)CC3CO3)N1CC4CO4,https://doi.org/10.1016/j.polymdegradstab.2015.05.019,O=C1CC(P2(=O)Oc3ccccc3-c3ccccc32)C(=O)N1c1ccc(OCC(O)Cn2c(=O)n(CC3CO3)c(=O)n(CC3CO3)c2=O)cc1,O=C1CC(P2(=O)Oc3ccccc3-c3ccccc32)C(=O)N1c1ccc(OCCCn2c(=O)n(CC3CO3)c(=O)n(CC3CO3)c2=O)cc1,57.8,22.68,0,molecule,formulation,baseline_inclusive,fixed,0,58.48640771941319,57.60637834818916,26.7709656903559,88.44179100602241,1,O=C1CC(P2(=O)Oc3ccccc3-c3ccccc32)C(=O)N1c1ccc(OCC(O)Cn2c(=O)n(CC3CO3)c(=O)n(CC3CO3)c2=O)cc1,O=C1CC(P2(=O)Oc3ccccc3-c3ccccc32)C(=O)N1c1ccc(OCCCn2c(=O)n(CC3CO3)c(=O)n(CC3CO3)c2=O)cc1,O=c1n(CC2CO2)c(=O)n(CC2CO2)c(=O)n1CC1CO1,O=c1n(CC2CO2)c(=O)n(CC2CO2)c(=O)n1CC1CO1,1,O=C1CC(P2(=O)Oc3ccccc3-c3ccccc32)C(=O)N1c1ccc(OCC(O)Cn2c(=O)n(CC3CO3)c(=O)n(CC3CO3)c2=O)cc1||O=c1n(CC2CO2)c(=O)n(CC2CO2)c(=O)n1CC1CO1,0.6864077194131895,0.47115555727001585,0.865979381443299,0.865979381443299,0.15384615384615385,0.15384615384615385,0.15384615384615385,0.15384615384615385,0,0,0,0,0,0,0,0,0,0,0,318,97,3,Extrapolation,New_scaffold
THR,3,DOPO_EP_0245,DOPO-HPM,TGIC,O=C(CC(P1(C2=C(C3=C(O1)C=CC=C3)C=CC=C2)=O)C4=O)N4C(C=C5)=CC=C5OCC(CN6C(N(C(N(C6=O)CC7CO7)=O)CC8CO8)=O)O,O=C(N(C(N(C1=O)CC2CO2)=O)CC3CO3)N1CC4CO4,https://doi.org/10.1016/j.polymdegradstab.2015.05.019,O=C1CC(P2(=O)Oc3ccccc3-c3ccccc32)C(=O)N1c1ccc(OCC(O)Cn2c(=O)n(CC3CO3)c(=O)n(CC3CO3)c2=O)cc1,O=C1CC(P2(=O)Oc3ccccc3-c3ccccc32)C(=O)N1c1ccc(OCCCn2c(=O)n(CC3CO3)c(=O)n(CC3CO3)c2=O)cc1,60.0,17.01,0,molecule,formulation,baseline_inclusive,fixed,0,60.7968649863976,59.66225828287386,28.8268456250406,90.49767094070712,1,O=C1CC(P2(=O)Oc3ccccc3-c3ccccc32)C(=O)N1c1ccc(OCC(O)Cn2c(=O)n(CC3CO3)c(=O)n(CC3CO3)c2=O)cc1,O=C1CC(P2(=O)Oc3ccccc3-c3ccccc32)C(=O)N1c1ccc(OCCCn2c(=O)n(CC3CO3)c(=O)n(CC3CO3)c2=O)cc1,O=c1n(CC2CO2)c(=O)n(CC2CO2)c(=O)n1CC1CO1,O=c1n(CC2CO2)c(=O)n(CC2CO2)c(=O)n1CC1CO1,1,O=C1CC(P2(=O)Oc3ccccc3-c3ccccc32)C(=O)N1c1ccc(OCC(O)Cn2c(=O)n(CC3CO3)c(=O)n(CC3CO3)c2=O)cc1||O=c1n(CC2CO2)c(=O)n(CC2CO2)c(=O)n1CC1CO1,0.7968649863976012,0.6349938065464491,0.865979381443299,0.865979381443299,0.15384615384615385,0.15384615384615385,0.15384615384615385,0.15384615384615385,0,0,0,0,0,0,0,0,0,0,0,318,97,3,Extrapolation,New_scaffold
THR,3,DOPO_EP_0244,DOPO-HPM,TGIC,O=C(CC(P1(C2=C(C3=C(O1)C=CC=C3)C=CC=C2)=O)C4=O)N4C(C=C5)=CC=C5OCC(CN6C(N(C(N(C6=O)CC7CO7)=O)CC8CO8)=O)O,O=C(N(C(N(C1=O)CC2CO2)=O)CC3CO3)N1CC4CO4,https://doi.org/10.1016/j.polymdegradstab.2015.05.019,O=C1CC(P2(=O)Oc3ccccc3-c3ccccc32)C(=O)N1c1ccc(OCC(O)Cn2c(=O)n(CC3CO3)c(=O)n(CC3CO3)c2=O)cc1,O=C1CC(P2(=O)Oc3ccccc3-c3ccccc32)C(=O)N1c1ccc(OCCCn2c(=O)n(CC3CO3)c(=O)n(CC3CO3)c2=O)cc1,61.4,11.34,0,molecule,formulation,baseline_inclusive,fixed,0,67.0632574418602,65.58842126427774,34.75300860644448,96.423833922111,1,O=C1CC(P2(=O)Oc3ccccc3-c3ccccc32)C(=O)N1c1ccc(OCC(O)Cn2c(=O)n(CC3CO3)c(=O)n(CC3CO3)c2=O)cc1,O=C1CC(P2(=O)Oc3ccccc3-c3ccccc32)C(=O)N1c1ccc(OCCCn2c(=O)n(CC3CO3)c(=O)n(CC3CO3)c2=O)cc1,O=c1n(CC2CO2)c(=O)n(CC2CO2)c(=O)n1CC1CO1,O=c1n(CC2CO2)c(=O)n(CC2CO2)c(=O)n1CC1CO1,1,O=C1CC(P2(=O)Oc3ccccc3-c3ccccc32)C(=O)N1c1ccc(OCC(O)Cn2c(=O)n(CC3CO3)c(=O)n(CC3CO3)c2=O)cc1||O=c1n(CC2CO2)c(=O)n(CC2CO2)c(=O)n1CC1CO1,5.663257441860203,32.072484852784974,0.865979381443299,0.865979381443299,0.15384615384615385,0.15384615384615385,0.15384615384615385,0.15384615384615385,0,0,0,0,0,0,0,0,0,0,0,318,97,3,Extrapolation,New_scaffold
THR,3,DOPO_EP_0243,DOPO-HPM,TGIC,O=C(CC(P1(C2=C(C3=C(O1)C=CC=C3)C=CC=C2)=O)C4=O)N4C(C=C5)=CC=C5OCC(CN6C(N(C(N(C6=O)CC7CO7)=O)CC8CO8)=O)O,O=C(N(C(N(C1=O)CC2CO2)=O)CC3CO3)N1CC4CO4,https://doi.org/10.1016/j.polymdegradstab.2015.05.019,O=C1CC(P2(=O)Oc3ccccc3-c3ccccc32)C(=O)N1c1ccc(OCC(O)Cn2c(=O)n(CC3CO3)c(=O)n(CC3CO3)c2=O)cc1,O=C1CC(P2(=O)Oc3ccccc3-c3ccccc32)C(=O)N1c1ccc(OCCCn2c(=O)n(CC3CO3)c(=O)n(CC3CO3)c2=O)cc1,68.8,5.67,0,molecule,formulation,baseline_inclusive,fixed,0,68.08318706132397,65.62637788862727,34.790965230794015,96.46179054646052,1,O=C1CC(P2(=O)Oc3ccccc3-c3ccccc32)C(=O)N1c1ccc(OCC(O)Cn2c(=O)n(CC3CO3)c(=O)n(CC3CO3)c2=O)cc1,O=C1CC(P2(=O)Oc3ccccc3-c3ccccc32)C(=O)N1c1ccc(OCCCn2c(=O)n(CC3CO3)c(=O)n(CC3CO3)c2=O)cc1,O=c1n(CC2CO2)c(=O)n(CC2CO2)c(=O)n1CC1CO1,O=c1n(CC2CO2)c(=O)n(CC2CO2)c(=O)n1CC1CO1,1,O=C1CC(P2(=O)Oc3ccccc3-c3ccccc32)C(=O)N1c1ccc(OCC(O)Cn2c(=O)n(CC3CO3)c(=O)n(CC3CO3)c2=O)cc1||O=c1n(CC2CO2)c(=O)n(CC2CO2)c(=O)n1CC1CO1,0.7168129386760285,0.5138207890533637,0.865979381443299,0.865979381443299,0.15384615384615385,0.15384615384615385,0.15384615384615385,0.15384615384615385,0,0,0,0,0,0,0,0,0,0,0,318,97,3,Extrapolation,New_scaffold
THR,3,DOPO_EP_0242,DOPO-HPM,TGIC,O=C(CC(P1(C2=C(C3=C(O1)C=CC=C3)C=CC=C2)=O)C4=O)N4C(C=C5)=CC=C5OCC(CN6C(N(C(N(C6=O)CC7CO7)=O)CC8CO8)=O)O,O=C(N(C(N(C1=O)CC2CO2)=O)CC3CO3)N1CC4CO4,https://doi.org/10.1016/j.polymdegradstab.2015.05.019,O=C1CC(P2(=O)Oc3ccccc3-c3ccccc32)C(=O)N1c1ccc(OCC(O)Cn2c(=O)n(CC3CO3)c(=O)n(CC3CO3)c2=O)cc1,O=C1CC(P2(=O)Oc3ccccc3-c3ccccc32)C(=O)N1c1ccc(OCCCn2c(=O)n(CC3CO3)c(=O)n(CC3CO3)c2=O)cc1,80.6,0.0,1,molecule,formulation,baseline_inclusive,fixed,0,98.6092265471432,99.96458734216677,69.12917468433349,130.8,1,O=C1CC(P2(=O)Oc3ccccc3-c3ccccc32)C(=O)N1c1ccc(OCC(O)Cn2c(=O)n(CC3CO3)c(=O)n(CC3CO3)c2=O)cc1,O=C1CC(P2(=O)Oc3ccccc3-c3ccccc32)C(=O)N1c1ccc(OCCCn2c(=O)n(CC3CO3)c(=O)n(CC3CO3)c2=O)cc1,O=c1n(CC2CO2)c(=O)n(CC2CO2)c(=O)n1CC1CO1,O=c1n(CC2CO2)c(=O)n(CC2CO2)c(=O)n1CC1CO1,1,O=C1CC(P2(=O)Oc3ccccc3-c3ccccc32)C(=O)N1c1ccc(OCC(O)Cn2c(=O)n(CC3CO3)c(=O)n(CC3CO3)c2=O)cc1||O=c1n(CC2CO2)c(=O)n(CC2CO2)c(=O)n1CC1CO1,18.0092265471432,324.3322408263274,0.865979381443299,0.865979381443299,0.15384615384615385,0.15384615384615385,0.15384615384615385,0.15384615384615385,0,0,0,0,0,0,0,0,0,0,0,318,97,3,Extrapolation,New_scaffold
THR,3,DOPO_EP_0215,DOPO-PEPA,,O=P(C1=C2C=CC=C1)(OCC34COP(OC3)(OC4)=O)OC5=C2C=CC=C5,,https://doi.org/10.1021/acs.iecr.6b04292,O=P12OCC(COP3(=O)Oc4ccccc4-c4ccccc43)(CO1)CO2,O=P12OCC(COP3(=O)Oc4ccccc4-c4ccccc43)(CO1)CO2,45.9,9.1,0,molecule,formulation,baseline_inclusive,fixed,0,70.26675340191947,73.41080633516165,42.57539367732839,104.24621899299493,1,O=P12OCC(COP3(=O)Oc4ccccc4-c4ccccc43)(CO1)CO2,O=P12OCC(COP3(=O)Oc4ccccc4-c4ccccc43)(CO1)CO2,,,0,O=P12OCC(COP3(=O)Oc4ccccc4-c4ccccc43)(CO1)CO2||<NO_CO>,24.366753401919475,593.7386713499543,0.5441176470588235,0.5441176470588235,,,0.5441176470588235,0.5441176470588235,0,0,1,1,0,0,0,1,1,0,0,318,97,3,Caution,New_scaffold
THR,3,DOPO_EP_0214,DOPO-PEPA,,O=P(C1=C2C=CC=C1)(OCC34COP(OC3)(OC4)=O)OC5=C2C=CC=C5,,https://doi.org/10.1021/acs.iecr.6b04292,O=P12OCC(COP3(=O)Oc4ccccc4-c4ccccc43)(CO1)CO2,O=P12OCC(COP3(=O)Oc4ccccc4-c4ccccc43)(CO1)CO2,46.3,7.4,0,molecule,formulation,baseline_inclusive,fixed,0,70.3653813973763,73.65851159830213,42.82309894046887,104.4939242561354,1,O=P12OCC(COP3(=O)Oc4ccccc4-c4ccccc43)(CO1)CO2,O=P12OCC(COP3(=O)Oc4ccccc4-c4ccccc43)(CO1)CO2,,,0,O=P12OCC(COP3(=O)Oc4ccccc4-c4ccccc43)(CO1)CO2||<NO_CO>,24.0653813973763,579.1425818011852,0.5441176470588235,0.5441176470588235,,,0.5441176470588235,0.5441176470588235,0,0,1,1,0,0,0,1,1,0,0,318,97,3,Caution,New_scaffold
THR,3,DOPO_EP_0213,DOPO-PEPA,,O=P(C1=C2C=CC=C1)(OCC34COP(OC3)(OC4)=O)OC5=C2C=CC=C5,,https://doi.org/10.1021/acs.iecr.6b04292,O=P12OCC(COP3(=O)Oc4ccccc4-c4ccccc43)(CO1)CO2,O=P12OCC(COP3(=O)Oc4ccccc4-c4ccccc43)(CO1)CO2,60.9,5.7,0,molecule,formulation,baseline_inclusive,fixed,0,73.31448017486562,73.41152908961915,42.57611643178589,104.2469417474524,1,O=P12OCC(COP3(=O)Oc4ccccc4-c4ccccc43)(CO1)CO2,O=P12OCC(COP3(=O)Oc4ccccc4-c4ccccc43)(CO1)CO2,,,0,O=P12OCC(COP3(=O)Oc4ccccc4-c4ccccc43)(CO1)CO2||<NO_CO>,12.414480174865623,154.1193180121316,0.5441176470588235,0.5441176470588235,,,0.5441176470588235,0.5441176470588235,0,0,1,1,0,0,0,1,1,0,0,318,97,3,Caution,New_scaffold
THR,3,DOPO_EP_0212,DOPO-PEPA,,O=P(C1=C2C=CC=C1)(OCC34COP(OC3)(OC4)=O)OC5=C2C=CC=C5,,https://doi.org/10.1021/acs.iecr.6b04292,O=P12OCC(COP3(=O)Oc4ccccc4-c4ccccc43)(CO1)CO2,O=P12OCC(COP3(=O)Oc4ccccc4-c4ccccc43)(CO1)CO2,87.2,0.0,1,molecule,formulation,baseline_inclusive,fixed,0,98.6092265471432,99.96458734216677,69.12917468433349,130.8,1,O=P12OCC(COP3(=O)Oc4ccccc4-c4ccccc43)(CO1)CO2,O=P12OCC(COP3(=O)Oc4ccccc4-c4ccccc43)(CO1)CO2,,,0,O=P12OCC(COP3(=O)Oc4ccccc4-c4ccccc43)(CO1)CO2||<NO_CO>,11.409226547143192,130.17045040403696,0.5441176470588235,0.5441176470588235,,,0.5441176470588235,0.5441176470588235,0,0,1,1,0,0,0,1,1,0,0,318,97,3,Caution,New_scaffold
THR,3,DOPO_EP_0178,DP-PPD,,NC1=CC=C(N(P(OC2=C3C=CC=C2)(C4=C3C=CC=C4)=O)CC5=CC=C(O[Si](C6=CC=CC=C6)(OC7=CC=C(CN(P(OC8=C9C=CC=C8)(C%10=C9C=CC=C%10)=O)C%11=CC=C(N)C=C%11)C=C7)C%12=CC=CC=C%12)C=C5)C=C1,,https://doi.org/10.1016/j.compositesb.2021.108640,Nc1ccc(N(Cc2ccc(O[Si](Oc3ccc(CN(c4ccc(N)cc4)P4(=O)Oc5ccccc5-c5ccccc54)cc3)(c3ccccc3)c3ccccc3)cc2)P2(=O)Oc3ccccc3-c3ccccc32)cc1,O=P1(N(Cc2ccc(O[Si](Oc3ccc(CN(c4ccccc4)P4(=O)Oc5ccccc5-c5ccccc54)cc3)(c3ccccc3)c3ccccc3)cc2)c2ccccc2)Oc2ccccc2-c2ccccc21,62.0,9.0,0,molecule,formulation,baseline_inclusive,fixed,0,79.20103302067513,84.81557598181585,53.9801633239826,115.65098863964911,1,Nc1ccc(N(Cc2ccc(O[Si](Oc3ccc(CN(c4ccc(N)cc4)P4(=O)Oc5ccccc5-c5ccccc54)cc3)(c3ccccc3)c3ccccc3)cc2)P2(=O)Oc3ccccc3-c3ccccc32)cc1,O=P1(N(Cc2ccc(O[Si](Oc3ccc(CN(c4ccccc4)P4(=O)Oc5ccccc5-c5ccccc54)cc3)(c3ccccc3)c3ccccc3)cc2)c2ccccc2)Oc2ccccc2-c2ccccc21,,,0,Nc1ccc(N(Cc2ccc(O[Si](Oc3ccc(CN(c4ccc(N)cc4)P4(=O)Oc5ccccc5-c5ccccc54)cc3)(c3ccccc3)c3ccccc3)cc2)P2(=O)Oc3ccccc3-c3ccccc32)cc1||<NO_CO>,17.201033020675126,295.8755369783561,0.35,0.35,,,0.35,0.35,0,0,1,1,0,0,0,1,1,0,0,318,97,3,Extrapolation,New_scaffold
THR,3,DOPO_EP_0177,DP-PPD,,NC1=CC=C(N(P(OC2=C3C=CC=C2)(C4=C3C=CC=C4)=O)CC5=CC=C(O[Si](C6=CC=CC=C6)(OC7=CC=C(CN(P(OC8=C9C=CC=C8)(C%10=C9C=CC=C%10)=O)C%11=CC=C(N)C=C%11)C=C7)C%12=CC=CC=C%12)C=C5)C=C1,,https://doi.org/10.1016/j.compositesb.2021.108640,Nc1ccc(N(Cc2ccc(O[Si](Oc3ccc(CN(c4ccc(N)cc4)P4(=O)Oc5ccccc5-c5ccccc54)cc3)(c3ccccc3)c3ccccc3)cc2)P2(=O)Oc3ccccc3-c3ccccc32)cc1,O=P1(N(Cc2ccc(O[Si](Oc3ccc(CN(c4ccccc4)P4(=O)Oc5ccccc5-c5ccccc54)cc3)(c3ccccc3)c3ccccc3)cc2)c2ccccc2)Oc2ccccc2-c2ccccc21,71.0,6.0,0,molecule,formulation,baseline_inclusive,fixed,0,82.80310306710781,87.27509384695536,56.4396811891221,118.11050650478862,1,Nc1ccc(N(Cc2ccc(O[Si](Oc3ccc(CN(c4ccc(N)cc4)P4(=O)Oc5ccccc5-c5ccccc54)cc3)(c3ccccc3)c3ccccc3)cc2)P2(=O)Oc3ccccc3-c3ccccc32)cc1,O=P1(N(Cc2ccc(O[Si](Oc3ccc(CN(c4ccccc4)P4(=O)Oc5ccccc5-c5ccccc54)cc3)(c3ccccc3)c3ccccc3)cc2)c2ccccc2)Oc2ccccc2-c2ccccc21,,,0,Nc1ccc(N(Cc2ccc(O[Si](Oc3ccc(CN(c4ccc(N)cc4)P4(=O)Oc5ccccc5-c5ccccc54)cc3)(c3ccccc3)c3ccccc3)cc2)P2(=O)Oc3ccccc3-c3ccccc32)cc1||<NO_CO>,11.803103067107813,139.31324201276985,0.35,0.35,,,0.35,0.35,0,0,1,1,0,0,0,1,1,0,0,318,97,3,Extrapolation,New_scaffold
THR,3,DOPO_EP_0434,DOPO-M,,O=P(CCCC1=CC=C(O)C(C2=CC(CCCP3(C4=C(C5=C(O3)C=CC=C5)C=CC=C4)=O)=CC=C2O)=C1)(C6=C7C=CC=C6)OC8=C7C=CC=C8,,https://doi.org/10.1016/j.eurpolymj.2022.111488,O=P1(CCCc2ccc(O)c(-c3cc(CCCP4(=O)Oc5ccccc5-c5ccccc54)ccc3O)c2)Oc2ccccc2-c2ccccc21,O=P1(CCCc2cccc(-c3cccc(CCCP4(=O)Oc5ccccc5-c5ccccc54)c3)c2)Oc2ccccc2-c2ccccc21,96.0,5.6,0,molecule,formulation,baseline_inclusive,fixed,0,89.80168057134071,88.99995785931435,58.16454520148109,119.8353705171476,1,O=P1(CCCc2ccc(O)c(-c3cc(CCCP4(=O)Oc5ccccc5-c5ccccc54)ccc3O)c2)Oc2ccccc2-c2ccccc21,O=P1(CCCc2cccc(-c3cccc(CCCP4(=O)Oc5ccccc5-c5ccccc54)c3)c2)Oc2ccccc2-c2ccccc21,,,0,O=P1(CCCc2ccc(O)c(-c3cc(CCCP4(=O)Oc5ccccc5-c5ccccc54)ccc3O)c2)Oc2ccccc2-c2ccccc21||<NO_CO>,6.198319428659289,38.419163739695215,0.6052631578947368,0.6052631578947368,,,0.6052631578947368,0.6052631578947368,0,0,1,1,0,0,0,1,1,0,0,318,97,3,Caution,New_scaffold
THR,3,DOPO_EP_0339,HBFR,,O=C(N1CC(COC2=C(OC)C=CC(C(C3=CC(OC)=C(C=C3)O)P4(C5=C(C=CC=C5)C6=C(C=CC=C6)O4)=O)=C2)O)N(CC(COC7=C(C=C(C=C7)C(C8=CC(O)=C(C=C8)OC)P9(C%10=C(C=CC=C%10)C%11=C(C=CC=C%11)O9)=O)OC)O)C(N(CC(COC%12=C(OC)C=CC(C(C%13=CC(O)=C(C=C%13)OC)P%14(C%15=C(C=CC=C%15)C%16=C(C=CC=C%16)O%14)=O)=C%12)O)C1=O)=O,,https://doi.org/10.1016/j.cej.2021.131226,COc1ccc(C(c2ccc(OCC(O)Cn3c(=O)n(CC(O)COc4cc(C(c5ccc(OC)c(O)c5)P5(=O)Oc6ccccc6-c6ccccc65)ccc4OC)c(=O)n(CC(O)COc4cc(C(c5ccc(O)c(OC)c5)P5(=O)Oc6ccccc6-c6ccccc65)ccc4OC)c3=O)c(OC)c2)P2(=O)Oc3ccccc3-c3ccccc32)cc1O,O=c1n(CCCOc2ccc(C(c3ccccc3)P3(=O)Oc4ccccc4-c4ccccc43)cc2)c(=O)n(CCCOc2cccc(C(c3ccccc3)P3(=O)Oc4ccccc4-c4ccccc43)c2)c(=O)n1CCCOc1cccc(C(c2ccccc2)P2(=O)Oc3ccccc3-c3ccccc32)c1,89.9,0.0,1,molecule,formulation,baseline_inclusive,fixed,0,98.6092265471432,99.96458734216677,69.12917468433349,130.8,1,COc1ccc(C(c2ccc(OCC(O)Cn3c(=O)n(CC(O)COc4cc(C(c5ccc(OC)c(O)c5)P5(=O)Oc6ccccc6-c6ccccc65)ccc4OC)c(=O)n(CC(O)COc4cc(C(c5ccc(O)c(OC)c5)P5(=O)Oc6ccccc6-c6ccccc65)ccc4OC)c3=O)c(OC)c2)P2(=O)Oc3ccccc3-c3ccccc32)cc1O,O=c1n(CCCOc2ccc(C(c3ccccc3)P3(=O)Oc4ccccc4-c4ccccc43)cc2)c(=O)n(CCCOc2cccc(C(c3ccccc3)P3(=O)Oc4ccccc4-c4ccccc43)c2)c(=O)n1CCCOc1cccc(C(c2ccccc2)P2(=O)Oc3ccccc3-c3ccccc32)c1,,,0,COc1ccc(C(c2ccc(OCC(O)Cn3c(=O)n(CC(O)COc4cc(C(c5ccc(OC)c(O)c5)P5(=O)Oc6ccccc6-c6ccccc65)ccc4OC)c(=O)n(CC(O)COc4cc(C(c5ccc(O)c(OC)c5)P5(=O)Oc6ccccc6-c6ccccc65)ccc4OC)c3=O)c(OC)c2)P2(=O)Oc3ccccc3-c3ccccc32)cc1O||<NO_CO>,8.709226547143189,75.85062704946367,0.3953488372093023,0.3953488372093023,,,0.3953488372093023,0.3953488372093023,0,0,1,1,0,0,0,1,1,0,0,318,97,3,Extrapolation,New_scaffold
THR,3,DOPO_EP_0341,HBFR,,O=C(N1CC(COC2=C(OC)C=CC(C(C3=CC(OC)=C(C=C3)O)P4(C5=C(C=CC=C5)C6=C(C=CC=C6)O4)=O)=C2)O)N(CC(COC7=C(C=C(C=C7)C(C8=CC(O)=C(C=C8)OC)P9(C%10=C(C=CC=C%10)C%11=C(C=CC=C%11)O9)=O)OC)O)C(N(CC(COC%12=C(OC)C=CC(C(C%13=CC(O)=C(C=C%13)OC)P%14(C%15=C(C=CC=C%15)C%16=C(C=CC=C%16)O%14)=O)=C%12)O)C1=O)=O,,https://doi.org/10.1016/j.cej.2021.131226,COc1ccc(C(c2ccc(OCC(O)Cn3c(=O)n(CC(O)COc4cc(C(c5ccc(OC)c(O)c5)P5(=O)Oc6ccccc6-c6ccccc65)ccc4OC)c(=O)n(CC(O)COc4cc(C(c5ccc(O)c(OC)c5)P5(=O)Oc6ccccc6-c6ccccc65)ccc4OC)c3=O)c(OC)c2)P2(=O)Oc3ccccc3-c3ccccc32)cc1O,O=c1n(CCCOc2ccc(C(c3ccccc3)P3(=O)Oc4ccccc4-c4ccccc43)cc2)c(=O)n(CCCOc2cccc(C(c3ccccc3)P3(=O)Oc4ccccc4-c4ccccc43)c2)c(=O)n1CCCOc1cccc(C(c2ccccc2)P2(=O)Oc3ccccc3-c3ccccc32)c1,70.5,10.0,0,molecule,formulation,baseline_inclusive,fixed,0,81.93001685291293,75.34696608299224,44.51155342515898,106.1823787408255,1,COc1ccc(C(c2ccc(OCC(O)Cn3c(=O)n(CC(O)COc4cc(C(c5ccc(OC)c(O)c5)P5(=O)Oc6ccccc6-c6ccccc65)ccc4OC)c(=O)n(CC(O)COc4cc(C(c5ccc(O)c(OC)c5)P5(=O)Oc6ccccc6-c6ccccc65)ccc4OC)c3=O)c(OC)c2)P2(=O)Oc3ccccc3-c3ccccc32)cc1O,O=c1n(CCCOc2ccc(C(c3ccccc3)P3(=O)Oc4ccccc4-c4ccccc43)cc2)c(=O)n(CCCOc2cccc(C(c3ccccc3)P3(=O)Oc4ccccc4-c4ccccc43)c2)c(=O)n1CCCOc1cccc(C(c2ccccc2)P2(=O)Oc3ccccc3-c3ccccc32)c1,,,0,COc1ccc(C(c2ccc(OCC(O)Cn3c(=O)n(CC(O)COc4cc(C(c5ccc(OC)c(O)c5)P5(=O)Oc6ccccc6-c6ccccc65)ccc4OC)c(=O)n(CC(O)COc4cc(C(c5ccc(O)c(OC)c5)P5(=O)Oc6ccccc6-c6ccccc65)ccc4OC)c3=O)c(OC)c2)P2(=O)Oc3ccccc3-c3ccccc32)cc1O||<NO_CO>,11.430016852912928,130.64528525787355,0.3953488372093023,0.3953488372093023,,,0.3953488372093023,0.3953488372093023,0,0,1,1,0,0,0,1,1,0,0,318,97,3,Extrapolation,New_scaffold
THR,3,DOPO_EP_0340,HBFR,,O=C(N1CC(COC2=C(OC)C=CC(C(C3=CC(OC)=C(C=C3)O)P4(C5=C(C=CC=C5)C6=C(C=CC=C6)O4)=O)=C2)O)N(CC(COC7=C(C=C(C=C7)C(C8=CC(O)=C(C=C8)OC)P9(C%10=C(C=CC=C%10)C%11=C(C=CC=C%11)O9)=O)OC)O)C(N(CC(COC%12=C(OC)C=CC(C(C%13=CC(O)=C(C=C%13)OC)P%14(C%15=C(C=CC=C%15)C%16=C(C=CC=C%16)O%14)=O)=C%12)O)C1=O)=O,,https://doi.org/10.1016/j.cej.2021.131226,COc1ccc(C(c2ccc(OCC(O)Cn3c(=O)n(CC(O)COc4cc(C(c5ccc(OC)c(O)c5)P5(=O)Oc6ccccc6-c6ccccc65)ccc4OC)c(=O)n(CC(O)COc4cc(C(c5ccc(O)c(OC)c5)P5(=O)Oc6ccccc6-c6ccccc65)ccc4OC)c3=O)c(OC)c2)P2(=O)Oc3ccccc3-c3ccccc32)cc1O,O=c1n(CCCOc2ccc(C(c3ccccc3)P3(=O)Oc4ccccc4-c4ccccc43)cc2)c(=O)n(CCCOc2cccc(C(c3ccccc3)P3(=O)Oc4ccccc4-c4ccccc43)c2)c(=O)n1CCCOc1cccc(C(c2ccccc2)P2(=O)Oc3ccccc3-c3ccccc32)c1,75.1,5.0,0,molecule,formulation,baseline_inclusive,fixed,0,83.55594246227656,79.37869666820725,48.543284010374,110.21410932604051,1,COc1ccc(C(c2ccc(OCC(O)Cn3c(=O)n(CC(O)COc4cc(C(c5ccc(OC)c(O)c5)P5(=O)Oc6ccccc6-c6ccccc65)ccc4OC)c(=O)n(CC(O)COc4cc(C(c5ccc(O)c(OC)c5)P5(=O)Oc6ccccc6-c6ccccc65)ccc4OC)c3=O)c(OC)c2)P2(=O)Oc3ccccc3-c3ccccc32)cc1O,O=c1n(CCCOc2ccc(C(c3ccccc3)P3(=O)Oc4ccccc4-c4ccccc43)cc2)c(=O)n(CCCOc2cccc(C(c3ccccc3)P3(=O)Oc4ccccc4-c4ccccc43)c2)c(=O)n1CCCOc1cccc(C(c2ccccc2)P2(=O)Oc3ccccc3-c3ccccc32)c1,,,0,COc1ccc(C(c2ccc(OCC(O)Cn3c(=O)n(CC(O)COc4cc(C(c5ccc(OC)c(O)c5)P5(=O)Oc6ccccc6-c6ccccc65)ccc4OC)c(=O)n(CC(O)COc4cc(C(c5ccc(O)c(OC)c5)P5(=O)Oc6ccccc6-c6ccccc65)ccc4OC)c3=O)c(OC)c2)P2(=O)Oc3ccccc3-c3ccccc32)cc1O||<NO_CO>,8.455942462276568,71.5029629253319,0.3953488372093023,0.3953488372093023,,,0.3953488372093023,0.3953488372093023,0,0,1,1,0,0,0,1,1,0,0,318,97,3,Extrapolation,New_scaffold
THR,3,DOPO_EP_0350,HVPA－DOPO,ADP,COC1=CC(C(NCCO)P2(OC(C=CC=C3)=C3C4=C2C=CC=C4)=O)=CC=C1OP5(OC6=CC(C(NCCO)P7(OC(C=CC=C8)=C8C9=C7C=CC=C9)=O)=CC=C6OC)=NP(OC%10=CC=C(C(NCCO)P%11(OC(C=CC=C%12)=C%12C%13=C%11C=CC=C%13)=O)C=C%10OC)(OC%14=CC=C(C(NCCO)P%15(OC(C=CC=C%16)=C%16C%17=C%15C=CC=C%17)=O)C=C%14OC)=NP(OC%18=CC=C(C(NCCO)P%19(OC(C=CC=C%20)=C%20C%21=C%19C=CC=C%21)=O)C=C%18OC)(OC%22=CC(C(NCCO)P%23(OC(C=CC=C%24)=C%24C%25=C%23C=CC=C%25)=O)=CC=C%22OC)=N5,[Al+3].P(CC)(CC)([O-])=O.P(CC)(CC)([O-])=O.P(CC)(CC)([O-])=O,https://kns.cnki.net/kcms2/article/abstract?v=Jz5IuRg0t03gCi77HueKkdhXr1Kks-8Asx8mfSXC9dkOW3i5QJvBG7O8nFuQ6fVFmodx7dE2PooVI8cXdUjFh-m9QVbm9NUqRV0WAQmWSTT-onafxhl7MgLeJKaimMxrNN1lVGKNu1EYC6CR0hCY_RViLFQXuvgBsV-gcxf_dKg=&uniplatform=NZKPT,COc1cc(C(NCCO)P2(=O)Oc3ccccc3-c3ccccc32)ccc1OP1(Oc2ccc(C(NCCO)P3(=O)Oc4ccccc4-c4ccccc43)cc2OC)=NP(Oc2ccc(C(NCCO)P3(=O)Oc4ccccc4-c4ccccc43)cc2OC)(Oc2cc(C(NCCO)P3(=O)Oc4ccccc4-c4ccccc43)ccc2OC)=NP(Oc2ccc(C(NCCO)P3(=O)Oc4ccccc4-c4ccccc43)cc2OC)(Oc2cc(C(NCCO)P3(=O)Oc4ccccc4-c4ccccc43)ccc2OC)=N1,O=P1(Cc2ccc(OP3(Oc4ccc(CP5(=O)Oc6ccccc6-c6ccccc65)cc4)=NP(Oc4ccc(CP5(=O)Oc6ccccc6-c6ccccc65)cc4)(Oc4cccc(CP5(=O)Oc6ccccc6-c6ccccc65)c4)=NP(Oc4ccc(CP5(=O)Oc6ccccc6-c6ccccc65)cc4)(Oc4cccc(CP5(=O)Oc6ccccc6-c6ccccc65)c4)=N3)cc2)Oc2ccccc2-c2ccccc21,70.9,13.0,0,molecule,formulation,baseline_inclusive,fixed,0,83.07237864800796,82.28073172526918,51.44531906743592,113.11614438310244,1,COc1cc(C(NCCO)P2(=O)Oc3ccccc3-c3ccccc32)ccc1OP1(Oc2ccc(C(NCCO)P3(=O)Oc4ccccc4-c4ccccc43)cc2OC)=NP(Oc2ccc(C(NCCO)P3(=O)Oc4ccccc4-c4ccccc43)cc2OC)(Oc2cc(C(NCCO)P3(=O)Oc4ccccc4-c4ccccc43)ccc2OC)=NP(Oc2ccc(C(NCCO)P3(=O)Oc4ccccc4-c4ccccc43)cc2OC)(Oc2cc(C(NCCO)P3(=O)Oc4ccccc4-c4ccccc43)ccc2OC)=N1,O=P1(Cc2ccc(OP3(Oc4ccc(CP5(=O)Oc6ccccc6-c6ccccc65)cc4)=NP(Oc4ccc(CP5(=O)Oc6ccccc6-c6ccccc65)cc4)(Oc4cccc(CP5(=O)Oc6ccccc6-c6ccccc65)c4)=NP(Oc4ccc(CP5(=O)Oc6ccccc6-c6ccccc65)cc4)(Oc4cccc(CP5(=O)Oc6ccccc6-c6ccccc65)c4)=N3)cc2)Oc2ccccc2-c2ccccc21,CCP(=O)([O-])CC.CCP(=O)([O-])CC.CCP(=O)([O-])CC.[Al+3],,1,COc1cc(C(NCCO)P2(=O)Oc3ccccc3-c3ccccc32)ccc1OP1(Oc2ccc(C(NCCO)P3(=O)Oc4ccccc4-c4ccccc43)cc2OC)=NP(Oc2ccc(C(NCCO)P3(=O)Oc4ccccc4-c4ccccc43)cc2OC)(Oc2cc(C(NCCO)P3(=O)Oc4ccccc4-c4ccccc43)ccc2OC)=NP(Oc2ccc(C(NCCO)P3(=O)Oc4ccccc4-c4ccccc43)cc2OC)(Oc2cc(C(NCCO)P3(=O)Oc4ccccc4-c4ccccc43)ccc2OC)=N1||CCP(=O)([O-])CC.CCP(=O)([O-])CC.CCP(=O)([O-])CC.[Al+3],12.17237864800795,148.16680195047985,1.0,1.0,0.11627906976744186,0.11627906976744186,0.11627906976744186,0.11627906976744186,1,1,0,0,0,1,1,0,0,0,0,318,97,3,Extrapolation,New_scaffold
THR,3,DOPO_EP_0372,DZH,,O=P1(C(C2=CC=C(C(NC(NO)(P3(C4=C(C5=C(O3)C=CC=C5)C=CC=C4)=O)C6=CC=CC=C6)P7(C8=C(C9=C(O7)C=CC=C9)C=CC=C8)=O)C=C2)NC(NO)(P%10(C%11=C(C%12=C(O%10)C=CC=C%12)C=CC=C%11)=O)C%13=CC=CC=C%13)C%14=C(C%15=C(O1)C=CC=C%15)C=CC=C%14,,https://doi.org/10.1016/j.porgcoat.2023.107862,O=P1(C(NC(NO)(c2ccccc2)P2(=O)Oc3ccccc3-c3ccccc32)c2ccc(C(NC(NO)(c3ccccc3)P3(=O)Oc4ccccc4-c4ccccc43)P3(=O)Oc4ccccc4-c4ccccc43)cc2)Oc2ccccc2-c2ccccc21,O=P1(C(NC(c2ccc(C(NC(c3ccccc3)P3(=O)Oc4ccccc4-c4ccccc43)P3(=O)Oc4ccccc4-c4ccccc43)cc2)P2(=O)Oc3ccccc3-c3ccccc32)c2ccccc2)Oc2ccccc2-c2ccccc21,86.3,0.0,1,molecule,formulation,baseline_inclusive,fixed,0,98.6092265471432,99.96458734216677,69.12917468433349,130.8,1,O=P1(C(NC(NO)(c2ccccc2)P2(=O)Oc3ccccc3-c3ccccc32)c2ccc(C(NC(NO)(c3ccccc3)P3(=O)Oc4ccccc4-c4ccccc43)P3(=O)Oc4ccccc4-c4ccccc43)cc2)Oc2ccccc2-c2ccccc21,O=P1(C(NC(c2ccc(C(NC(c3ccccc3)P3(=O)Oc4ccccc4-c4ccccc43)P3(=O)Oc4ccccc4-c4ccccc43)cc2)P2(=O)Oc3ccccc3-c3ccccc32)c2ccccc2)Oc2ccccc2-c2ccccc21,,,0,O=P1(C(NC(NO)(c2ccccc2)P2(=O)Oc3ccccc3-c3ccccc32)c2ccc(C(NC(NO)(c3ccccc3)P3(=O)Oc4ccccc4-c4ccccc43)P3(=O)Oc4ccccc4-c4ccccc43)cc2)Oc2ccccc2-c2ccccc21||<NO_CO>,12.309226547143197,151.51705818889485,0.43434343434343436,0.43434343434343436,,,0.43434343434343436,0.43434343434343436,0,0,1,1,0,0,0,1,1,0,0,318,97,3,Extrapolation,New_scaffold
THR,3,DOPO_EP_0373,DZH,,O=P1(C(C2=CC=C(C(NC(NO)(P3(C4=C(C5=C(O3)C=CC=C5)C=CC=C4)=O)C6=CC=CC=C6)P7(C8=C(C9=C(O7)C=CC=C9)C=CC=C8)=O)C=C2)NC(NO)(P%10(C%11=C(C%12=C(O%10)C=CC=C%12)C=CC=C%11)=O)C%13=CC=CC=C%13)C%14=C(C%15=C(O1)C=CC=C%15)C=CC=C%14,,https://doi.org/10.1016/j.porgcoat.2023.107862,O=P1(C(NC(NO)(c2ccccc2)P2(=O)Oc3ccccc3-c3ccccc32)c2ccc(C(NC(NO)(c3ccccc3)P3(=O)Oc4ccccc4-c4ccccc43)P3(=O)Oc4ccccc4-c4ccccc43)cc2)Oc2ccccc2-c2ccccc21,O=P1(C(NC(c2ccc(C(NC(c3ccccc3)P3(=O)Oc4ccccc4-c4ccccc43)P3(=O)Oc4ccccc4-c4ccccc43)cc2)P2(=O)Oc3ccccc3-c3ccccc32)c2ccccc2)Oc2ccccc2-c2ccccc21,84.1,1.0,0,molecule,formulation,baseline_inclusive,fixed,0,70.6361496675977,70.44272407659652,39.60731141876326,101.27813673442978,1,O=P1(C(NC(NO)(c2ccccc2)P2(=O)Oc3ccccc3-c3ccccc32)c2ccc(C(NC(NO)(c3ccccc3)P3(=O)Oc4ccccc4-c4ccccc43)P3(=O)Oc4ccccc4-c4ccccc43)cc2)Oc2ccccc2-c2ccccc21,O=P1(C(NC(c2ccc(C(NC(c3ccccc3)P3(=O)Oc4ccccc4-c4ccccc43)P3(=O)Oc4ccccc4-c4ccccc43)cc2)P2(=O)Oc3ccccc3-c3ccccc32)c2ccccc2)Oc2ccccc2-c2ccccc21,,,0,O=P1(C(NC(NO)(c2ccccc2)P2(=O)Oc3ccccc3-c3ccccc32)c2ccc(C(NC(NO)(c3ccccc3)P3(=O)Oc4ccccc4-c4ccccc43)P3(=O)Oc4ccccc4-c4ccccc43)cc2)Oc2ccccc2-c2ccccc21||<NO_CO>,13.463850332402288,181.27526577332918,0.43434343434343436,0.43434343434343436,,,0.43434343434343436,0.43434343434343436,0,0,1,1,0,0,0,1,1,0,0,318,97,3,Extrapolation,New_scaffold
THR,3,DOPO_EP_0342,HBFR,,O=C(N1CC(COC2=C(OC)C=CC(C(C3=CC(OC)=C(C=C3)O)P4(C5=C(C=CC=C5)C6=C(C=CC=C6)O4)=O)=C2)O)N(CC(COC7=C(C=C(C=C7)C(C8=CC(O)=C(C=C8)OC)P9(C%10=C(C=CC=C%10)C%11=C(C=CC=C%11)O9)=O)OC)O)C(N(CC(COC%12=C(OC)C=CC(C(C%13=CC(O)=C(C=C%13)OC)P%14(C%15=C(C=CC=C%15)C%16=C(C=CC=C%16)O%14)=O)=C%12)O)C1=O)=O,,https://doi.org/10.1016/j.cej.2021.131226,COc1ccc(C(c2ccc(OCC(O)Cn3c(=O)n(CC(O)COc4cc(C(c5ccc(OC)c(O)c5)P5(=O)Oc6ccccc6-c6ccccc65)ccc4OC)c(=O)n(CC(O)COc4cc(C(c5ccc(O)c(OC)c5)P5(=O)Oc6ccccc6-c6ccccc65)ccc4OC)c3=O)c(OC)c2)P2(=O)Oc3ccccc3-c3ccccc32)cc1O,O=c1n(CCCOc2ccc(C(c3ccccc3)P3(=O)Oc4ccccc4-c4ccccc43)cc2)c(=O)n(CCCOc2cccc(C(c3ccccc3)P3(=O)Oc4ccccc4-c4ccccc43)c2)c(=O)n1CCCOc1cccc(C(c2ccccc2)P2(=O)Oc3ccccc3-c3ccccc32)c1,68.7,15.0,0,molecule,formulation,baseline_inclusive,fixed,0,76.32058421156819,67.43877673231026,36.603364074477,98.27418939014352,1,COc1ccc(C(c2ccc(OCC(O)Cn3c(=O)n(CC(O)COc4cc(C(c5ccc(OC)c(O)c5)P5(=O)Oc6ccccc6-c6ccccc65)ccc4OC)c(=O)n(CC(O)COc4cc(C(c5ccc(O)c(OC)c5)P5(=O)Oc6ccccc6-c6ccccc65)ccc4OC)c3=O)c(OC)c2)P2(=O)Oc3ccccc3-c3ccccc32)cc1O,O=c1n(CCCOc2ccc(C(c3ccccc3)P3(=O)Oc4ccccc4-c4ccccc43)cc2)c(=O)n(CCCOc2cccc(C(c3ccccc3)P3(=O)Oc4ccccc4-c4ccccc43)c2)c(=O)n1CCCOc1cccc(C(c2ccccc2)P2(=O)Oc3ccccc3-c3ccccc32)c1,,,0,COc1ccc(C(c2ccc(OCC(O)Cn3c(=O)n(CC(O)COc4cc(C(c5ccc(OC)c(O)c5)P5(=O)Oc6ccccc6-c6ccccc65)ccc4OC)c(=O)n(CC(O)COc4cc(C(c5ccc(O)c(OC)c5)P5(=O)Oc6ccccc6-c6ccccc65)ccc4OC)c3=O)c(OC)c2)P2(=O)Oc3ccccc3-c3ccccc32)cc1O||<NO_CO>,7.620584211568186,58.073303725602315,0.3953488372093023,0.3953488372093023,,,0.3953488372093023,0.3953488372093023,0,0,1,1,0,0,0,1,1,0,0,318,97,3,Extrapolation,New_scaffold
THR,3,DOPO_EP_0375,DZH,,O=P1(C(C2=CC=C(C(NC(NO)(P3(C4=C(C5=C(O3)C=CC=C5)C=CC=C4)=O)C6=CC=CC=C6)P7(C8=C(C9=C(O7)C=CC=C9)C=CC=C8)=O)C=C2)NC(NO)(P%10(C%11=C(C%12=C(O%10)C=CC=C%12)C=CC=C%11)=O)C%13=CC=CC=C%13)C%14=C(C%15=C(O1)C=CC=C%15)C=CC=C%14,,https://doi.org/10.1016/j.porgcoat.2023.107862,O=P1(C(NC(NO)(c2ccccc2)P2(=O)Oc3ccccc3-c3ccccc32)c2ccc(C(NC(NO)(c3ccccc3)P3(=O)Oc4ccccc4-c4ccccc43)P3(=O)Oc4ccccc4-c4ccccc43)cc2)Oc2ccccc2-c2ccccc21,O=P1(C(NC(c2ccc(C(NC(c3ccccc3)P3(=O)Oc4ccccc4-c4ccccc43)P3(=O)Oc4ccccc4-c4ccccc43)cc2)P2(=O)Oc3ccccc3-c3ccccc32)c2ccccc2)Oc2ccccc2-c2ccccc21,72.3,5.0,0,molecule,formulation,baseline_inclusive,fixed,0,65.59515007824395,65.71655936780284,34.881146709969585,96.5519720256361,1,O=P1(C(NC(NO)(c2ccccc2)P2(=O)Oc3ccccc3-c3ccccc32)c2ccc(C(NC(NO)(c3ccccc3)P3(=O)Oc4ccccc4-c4ccccc43)P3(=O)Oc4ccccc4-c4ccccc43)cc2)Oc2ccccc2-c2ccccc21,O=P1(C(NC(c2ccc(C(NC(c3ccccc3)P3(=O)Oc4ccccc4-c4ccccc43)P3(=O)Oc4ccccc4-c4ccccc43)cc2)P2(=O)Oc3ccccc3-c3ccccc32)c2ccccc2)Oc2ccccc2-c2ccccc21,,,0,O=P1(C(NC(NO)(c2ccccc2)P2(=O)Oc3ccccc3-c3ccccc32)c2ccc(C(NC(NO)(c3ccccc3)P3(=O)Oc4ccccc4-c4ccccc43)P3(=O)Oc4ccccc4-c4ccccc43)cc2)Oc2ccccc2-c2ccccc21||<NO_CO>,6.70484992175605,44.95501247327211,0.43434343434343436,0.43434343434343436,,,0.43434343434343436,0.43434343434343436,0,0,1,1,0,0,0,1,1,0,0,318,97,3,Extrapolation,New_scaffold
THR,3,DOPO_EP_0376,DZH,,O=P1(C(C2=CC=C(C(NC(NO)(P3(C4=C(C5=C(O3)C=CC=C5)C=CC=C4)=O)C6=CC=CC=C6)P7(C8=C(C9=C(O7)C=CC=C9)C=CC=C8)=O)C=C2)NC(NO)(P%10(C%11=C(C%12=C(O%10)C=CC=C%12)C=CC=C%11)=O)C%13=CC=CC=C%13)C%14=C(C%15=C(O1)C=CC=C%15)C=CC=C%14,,https://doi.org/10.1016/j.porgcoat.2023.107862,O=P1(C(NC(NO)(c2ccccc2)P2(=O)Oc3ccccc3-c3ccccc32)c2ccc(C(NC(NO)(c3ccccc3)P3(=O)Oc4ccccc4-c4ccccc43)P3(=O)Oc4ccccc4-c4ccccc43)cc2)Oc2ccccc2-c2ccccc21,O=P1(C(NC(c2ccc(C(NC(c3ccccc3)P3(=O)Oc4ccccc4-c4ccccc43)P3(=O)Oc4ccccc4-c4ccccc43)cc2)P2(=O)Oc3ccccc3-c3ccccc32)c2ccccc2)Oc2ccccc2-c2ccccc21,63.3,7.0,0,molecule,formulation,baseline_inclusive,fixed,0,64.5407441197419,64.5586048288142,33.72319217098094,95.39401748664746,1,O=P1(C(NC(NO)(c2ccccc2)P2(=O)Oc3ccccc3-c3ccccc32)c2ccc(C(NC(NO)(c3ccccc3)P3(=O)Oc4ccccc4-c4ccccc43)P3(=O)Oc4ccccc4-c4ccccc43)cc2)Oc2ccccc2-c2ccccc21,O=P1(C(NC(c2ccc(C(NC(c3ccccc3)P3(=O)Oc4ccccc4-c4ccccc43)P3(=O)Oc4ccccc4-c4ccccc43)cc2)P2(=O)Oc3ccccc3-c3ccccc32)c2ccccc2)Oc2ccccc2-c2ccccc21,,,0,O=P1(C(NC(NO)(c2ccccc2)P2(=O)Oc3ccccc3-c3ccccc32)c2ccc(C(NC(NO)(c3ccccc3)P3(=O)Oc4ccccc4-c4ccccc43)P3(=O)Oc4ccccc4-c4ccccc43)cc2)Oc2ccccc2-c2ccccc21||<NO_CO>,1.2407441197419047,1.539445970674114,0.43434343434343436,0.43434343434343436,,,0.43434343434343436,0.43434343434343436,0,0,1,1,0,0,0,1,1,0,0,318,97,3,Extrapolation,New_scaffold
THR,3,DOPO_EP_0416,DVSiBD,,COC1=CC(C(P2(C3=C(C=CC=C3)C4=C(C=CC=C4)O2)=O)NCCOB(OCCNC(C5=CC=C(C(OC)=C5)O[Si](OC6=C(C=C(C=C6)C(P7(C8=C(C=CC=C8)C9=C(C=CC=C9)O7)=O)NCCOB(OCCN)OCCNC(P%10(C%11=C(C=CC=C%11)C%12=C(C=CC=C%12)O%10)=O)C%13=CC(OC)=C(C=C%13)O[SiH](C)C)OC)(C)C)P%14(C%15=C(C=CC=C%15)C%16=C(C=CC=C%16)O%14)=O)OCCNC(C%17=CC=C(C(OC)=C%17)O[Si](OC%18=C(C=C(C=C%18)C(P%19(C%20=C(C=CC=C%20)C%21=C(C=CC=C%21)O%19)=O)NCCOB(OCCN)OCCNC(P%22(C%23=C(C=CC=C%23)C%24=C(C=CC=C%24)O%22)=O)C%25=CC(OC)=C(C=C%25)O[SiH](C)C)OC)(C)C)P%26(C%27=C(C=CC=C%27)C%28=C(C=CC=C%28)O%26)=O)=CC=C1O[Si](OC%29=C(C=C(C=C%29)C(P%30(C%31=C(C=CC=C%31)C%32=C(C=CC=C%32)O%30)=O)NCCOB(OCCN)OCCNC(P%33(C%34=C(C=CC=C%34)C%35=C(C=CC=C%35)O%33)=O)C%36=CC(OC)=C(C=C%36)O[SiH](C)C)OC)(C)C,,https://doi.org/10.1016/j.polymdegradstab.2025.111701,COc1cc(C(NCCOB(OCCN)OCCNC(c2ccc(O[Si](C)(C)Oc3ccc(C(NCCOB(OCCNC(c4ccc(O[Si](C)(C)Oc5ccc(C(NCCOB(OCCN)OCCNC(c6ccc(O[SiH](C)C)c(OC)c6)P6(=O)Oc7ccccc7-c7ccccc76)P6(=O)Oc7ccccc7-c7ccccc76)cc5OC)c(OC)c4)P4(=O)Oc5ccccc5-c5ccccc54)OCCNC(c4ccc(O[Si](C)(C)Oc5ccc(C(NCCOB(OCCN)OCCNC(c6ccc(O[SiH](C)C)c(OC)c6)P6(=O)Oc7ccccc7-c7ccccc76)P6(=O)Oc7ccccc7-c7ccccc76)cc5OC)c(OC)c4)P4(=O)Oc5ccccc5-c5ccccc54)P4(=O)Oc5ccccc5-c5ccccc54)cc3OC)c(OC)c2)P2(=O)Oc3ccccc3-c3ccccc32)P2(=O)Oc3ccccc3-c3ccccc32)ccc1O[SiH](C)C,O=P1(C(NCCOBOCCNC(c2ccc(O[SiH2]Oc3ccc(C(NCCOB(OCCNC(c4ccc(O[SiH2]Oc5ccc(C(NCCOBOCCNC(c6ccccc6)P6(=O)Oc7ccccc7-c7ccccc76)P6(=O)Oc7ccccc7-c7ccccc76)cc5)cc4)P4(=O)Oc5ccccc5-c5ccccc54)OCCNC(c4ccc(O[SiH2]Oc5ccc(C(NCCOBOCCNC(c6ccccc6)P6(=O)Oc7ccccc7-c7ccccc76)P6(=O)Oc7ccccc7-c7ccccc76)cc5)cc4)P4(=O)Oc5ccccc5-c5ccccc54)P4(=O)Oc5ccccc5-c5ccccc54)cc3)cc2)P2(=O)Oc3ccccc3-c3ccccc32)c2ccccc2)Oc2ccccc2-c2ccccc21,121.0,0.0,1,molecule,formulation,baseline_inclusive,fixed,0,98.6092265471432,99.96458734216677,69.12917468433349,130.8,1,COc1cc(C(NCCOB(OCCN)OCCNC(c2ccc(O[Si](C)(C)Oc3ccc(C(NCCOB(OCCNC(c4ccc(O[Si](C)(C)Oc5ccc(C(NCCOB(OCCN)OCCNC(c6ccc(O[SiH](C)C)c(OC)c6)P6(=O)Oc7ccccc7-c7ccccc76)P6(=O)Oc7ccccc7-c7ccccc76)cc5OC)c(OC)c4)P4(=O)Oc5ccccc5-c5ccccc54)OCCNC(c4ccc(O[Si](C)(C)Oc5ccc(C(NCCOB(OCCN)OCCNC(c6ccc(O[SiH](C)C)c(OC)c6)P6(=O)Oc7ccccc7-c7ccccc76)P6(=O)Oc7ccccc7-c7ccccc76)cc5OC)c(OC)c4)P4(=O)Oc5ccccc5-c5ccccc54)P4(=O)Oc5ccccc5-c5ccccc54)cc3OC)c(OC)c2)P2(=O)Oc3ccccc3-c3ccccc32)P2(=O)Oc3ccccc3-c3ccccc32)ccc1O[SiH](C)C,O=P1(C(NCCOBOCCNC(c2ccc(O[SiH2]Oc3ccc(C(NCCOB(OCCNC(c4ccc(O[SiH2]Oc5ccc(C(NCCOBOCCNC(c6ccccc6)P6(=O)Oc7ccccc7-c7ccccc76)P6(=O)Oc7ccccc7-c7ccccc76)cc5)cc4)P4(=O)Oc5ccccc5-c5ccccc54)OCCNC(c4ccc(O[SiH2]Oc5ccc(C(NCCOBOCCNC(c6ccccc6)P6(=O)Oc7ccccc7-c7ccccc76)P6(=O)Oc7ccccc7-c7ccccc76)cc5)cc4)P4(=O)Oc5ccccc5-c5ccccc54)P4(=O)Oc5ccccc5-c5ccccc54)cc3)cc2)P2(=O)Oc3ccccc3-c3ccccc32)c2ccccc2)Oc2ccccc2-c2ccccc21,,,0,COc1cc(C(NCCOB(OCCN)OCCNC(c2ccc(O[Si](C)(C)Oc3ccc(C(NCCOB(OCCNC(c4ccc(O[Si](C)(C)Oc5ccc(C(NCCOB(OCCN)OCCNC(c6ccc(O[SiH](C)C)c(OC)c6)P6(=O)Oc7ccccc7-c7ccccc76)P6(=O)Oc7ccccc7-c7ccccc76)cc5OC)c(OC)c4)P4(=O)Oc5ccccc5-c5ccccc54)OCCNC(c4ccc(O[Si](C)(C)Oc5ccc(C(NCCOB(OCCN)OCCNC(c6ccc(O[SiH](C)C)c(OC)c6)P6(=O)Oc7ccccc7-c7ccccc76)P6(=O)Oc7ccccc7-c7ccccc76)cc5OC)c(OC)c4)P4(=O)Oc5ccccc5-c5ccccc54)P4(=O)Oc5ccccc5-c5ccccc54)cc3OC)c(OC)c2)P2(=O)Oc3ccccc3-c3ccccc32)P2(=O)Oc3ccccc3-c3ccccc32)ccc1O[SiH](C)C||<NO_CO>,22.390773452856806,501.3467358171571,0.48031496062992124,0.48031496062992124,,,0.48031496062992124,0.48031496062992124,0,0,1,1,0,0,0,1,1,0,0,318,97,3,Extrapolation,New_scaffold
THR,3,DOPO_EP_0417,DVSiBD,,COC1=CC(C(P2(C3=C(C=CC=C3)C4=C(C=CC=C4)O2)=O)NCCOB(OCCNC(C5=CC=C(C(OC)=C5)O[Si](OC6=C(C=C(C=C6)C(P7(C8=C(C=CC=C8)C9=C(C=CC=C9)O7)=O)NCCOB(OCCN)OCCNC(P%10(C%11=C(C=CC=C%11)C%12=C(C=CC=C%12)O%10)=O)C%13=CC(OC)=C(C=C%13)O[SiH](C)C)OC)(C)C)P%14(C%15=C(C=CC=C%15)C%16=C(C=CC=C%16)O%14)=O)OCCNC(C%17=CC=C(C(OC)=C%17)O[Si](OC%18=C(C=C(C=C%18)C(P%19(C%20=C(C=CC=C%20)C%21=C(C=CC=C%21)O%19)=O)NCCOB(OCCN)OCCNC(P%22(C%23=C(C=CC=C%23)C%24=C(C=CC=C%24)O%22)=O)C%25=CC(OC)=C(C=C%25)O[SiH](C)C)OC)(C)C)P%26(C%27=C(C=CC=C%27)C%28=C(C=CC=C%28)O%26)=O)=CC=C1O[Si](OC%29=C(C=C(C=C%29)C(P%30(C%31=C(C=CC=C%31)C%32=C(C=CC=C%32)O%30)=O)NCCOB(OCCN)OCCNC(P%33(C%34=C(C=CC=C%34)C%35=C(C=CC=C%35)O%33)=O)C%36=CC(OC)=C(C=C%36)O[SiH](C)C)OC)(C)C,,https://doi.org/10.1016/j.polymdegradstab.2025.111701,COc1cc(C(NCCOB(OCCN)OCCNC(c2ccc(O[Si](C)(C)Oc3ccc(C(NCCOB(OCCNC(c4ccc(O[Si](C)(C)Oc5ccc(C(NCCOB(OCCN)OCCNC(c6ccc(O[SiH](C)C)c(OC)c6)P6(=O)Oc7ccccc7-c7ccccc76)P6(=O)Oc7ccccc7-c7ccccc76)cc5OC)c(OC)c4)P4(=O)Oc5ccccc5-c5ccccc54)OCCNC(c4ccc(O[Si](C)(C)Oc5ccc(C(NCCOB(OCCN)OCCNC(c6ccc(O[SiH](C)C)c(OC)c6)P6(=O)Oc7ccccc7-c7ccccc76)P6(=O)Oc7ccccc7-c7ccccc76)cc5OC)c(OC)c4)P4(=O)Oc5ccccc5-c5ccccc54)P4(=O)Oc5ccccc5-c5ccccc54)cc3OC)c(OC)c2)P2(=O)Oc3ccccc3-c3ccccc32)P2(=O)Oc3ccccc3-c3ccccc32)ccc1O[SiH](C)C,O=P1(C(NCCOBOCCNC(c2ccc(O[SiH2]Oc3ccc(C(NCCOB(OCCNC(c4ccc(O[SiH2]Oc5ccc(C(NCCOBOCCNC(c6ccccc6)P6(=O)Oc7ccccc7-c7ccccc76)P6(=O)Oc7ccccc7-c7ccccc76)cc5)cc4)P4(=O)Oc5ccccc5-c5ccccc54)OCCNC(c4ccc(O[SiH2]Oc5ccc(C(NCCOBOCCNC(c6ccccc6)P6(=O)Oc7ccccc7-c7ccccc76)P6(=O)Oc7ccccc7-c7ccccc76)cc5)cc4)P4(=O)Oc5ccccc5-c5ccccc54)P4(=O)Oc5ccccc5-c5ccccc54)cc3)cc2)P2(=O)Oc3ccccc3-c3ccccc32)c2ccccc2)Oc2ccccc2-c2ccccc21,101.0,2.0,0,molecule,formulation,baseline_inclusive,fixed,0,103.19414983982824,101.74327372982673,70.90786107199347,132.57868638766,1,COc1cc(C(NCCOB(OCCN)OCCNC(c2ccc(O[Si](C)(C)Oc3ccc(C(NCCOB(OCCNC(c4ccc(O[Si](C)(C)Oc5ccc(C(NCCOB(OCCN)OCCNC(c6ccc(O[SiH](C)C)c(OC)c6)P6(=O)Oc7ccccc7-c7ccccc76)P6(=O)Oc7ccccc7-c7ccccc76)cc5OC)c(OC)c4)P4(=O)Oc5ccccc5-c5ccccc54)OCCNC(c4ccc(O[Si](C)(C)Oc5ccc(C(NCCOB(OCCN)OCCNC(c6ccc(O[SiH](C)C)c(OC)c6)P6(=O)Oc7ccccc7-c7ccccc76)P6(=O)Oc7ccccc7-c7ccccc76)cc5OC)c(OC)c4)P4(=O)Oc5ccccc5-c5ccccc54)P4(=O)Oc5ccccc5-c5ccccc54)cc3OC)c(OC)c2)P2(=O)Oc3ccccc3-c3ccccc32)P2(=O)Oc3ccccc3-c3ccccc32)ccc1O[SiH](C)C,O=P1(C(NCCOBOCCNC(c2ccc(O[SiH2]Oc3ccc(C(NCCOB(OCCNC(c4ccc(O[SiH2]Oc5ccc(C(NCCOBOCCNC(c6ccccc6)P6(=O)Oc7ccccc7-c7ccccc76)P6(=O)Oc7ccccc7-c7ccccc76)cc5)cc4)P4(=O)Oc5ccccc5-c5ccccc54)OCCNC(c4ccc(O[SiH2]Oc5ccc(C(NCCOBOCCNC(c6ccccc6)P6(=O)Oc7ccccc7-c7ccccc76)P6(=O)Oc7ccccc7-c7ccccc76)cc5)cc4)P4(=O)Oc5ccccc5-c5ccccc54)P4(=O)Oc5ccccc5-c5ccccc54)cc3)cc2)P2(=O)Oc3ccccc3-c3ccccc32)c2ccccc2)Oc2ccccc2-c2ccccc21,,,0,COc1cc(C(NCCOB(OCCN)OCCNC(c2ccc(O[Si](C)(C)Oc3ccc(C(NCCOB(OCCNC(c4ccc(O[Si](C)(C)Oc5ccc(C(NCCOB(OCCN)OCCNC(c6ccc(O[SiH](C)C)c(OC)c6)P6(=O)Oc7ccccc7-c7ccccc76)P6(=O)Oc7ccccc7-c7ccccc76)cc5OC)c(OC)c4)P4(=O)Oc5ccccc5-c5ccccc54)OCCNC(c4ccc(O[Si](C)(C)Oc5ccc(C(NCCOB(OCCN)OCCNC(c6ccc(O[SiH](C)C)c(OC)c6)P6(=O)Oc7ccccc7-c7ccccc76)P6(=O)Oc7ccccc7-c7ccccc76)cc5OC)c(OC)c4)P4(=O)Oc5ccccc5-c5ccccc54)P4(=O)Oc5ccccc5-c5ccccc54)cc3OC)c(OC)c2)P2(=O)Oc3ccccc3-c3ccccc32)P2(=O)Oc3ccccc3-c3ccccc32)ccc1O[SiH](C)C||<NO_CO>,2.194149839828242,4.8142935196183,0.48031496062992124,0.48031496062992124,,,0.48031496062992124,0.48031496062992124,0,0,1,1,0,0,0,1,1,0,0,318,97,3,Extrapolation,New_scaffold
THR,3,DOPO_EP_0418,DVSiBD,,COC1=CC(C(P2(C3=C(C=CC=C3)C4=C(C=CC=C4)O2)=O)NCCOB(OCCNC(C5=CC=C(C(OC)=C5)O[Si](OC6=C(C=C(C=C6)C(P7(C8=C(C=CC=C8)C9=C(C=CC=C9)O7)=O)NCCOB(OCCN)OCCNC(P%10(C%11=C(C=CC=C%11)C%12=C(C=CC=C%12)O%10)=O)C%13=CC(OC)=C(C=C%13)O[SiH](C)C)OC)(C)C)P%14(C%15=C(C=CC=C%15)C%16=C(C=CC=C%16)O%14)=O)OCCNC(C%17=CC=C(C(OC)=C%17)O[Si](OC%18=C(C=C(C=C%18)C(P%19(C%20=C(C=CC=C%20)C%21=C(C=CC=C%21)O%19)=O)NCCOB(OCCN)OCCNC(P%22(C%23=C(C=CC=C%23)C%24=C(C=CC=C%24)O%22)=O)C%25=CC(OC)=C(C=C%25)O[SiH](C)C)OC)(C)C)P%26(C%27=C(C=CC=C%27)C%28=C(C=CC=C%28)O%26)=O)=CC=C1O[Si](OC%29=C(C=C(C=C%29)C(P%30(C%31=C(C=CC=C%31)C%32=C(C=CC=C%32)O%30)=O)NCCOB(OCCN)OCCNC(P%33(C%34=C(C=CC=C%34)C%35=C(C=CC=C%35)O%33)=O)C%36=CC(OC)=C(C=C%36)O[SiH](C)C)OC)(C)C,,https://doi.org/10.1016/j.polymdegradstab.2025.111701,COc1cc(C(NCCOB(OCCN)OCCNC(c2ccc(O[Si](C)(C)Oc3ccc(C(NCCOB(OCCNC(c4ccc(O[Si](C)(C)Oc5ccc(C(NCCOB(OCCN)OCCNC(c6ccc(O[SiH](C)C)c(OC)c6)P6(=O)Oc7ccccc7-c7ccccc76)P6(=O)Oc7ccccc7-c7ccccc76)cc5OC)c(OC)c4)P4(=O)Oc5ccccc5-c5ccccc54)OCCNC(c4ccc(O[Si](C)(C)Oc5ccc(C(NCCOB(OCCN)OCCNC(c6ccc(O[SiH](C)C)c(OC)c6)P6(=O)Oc7ccccc7-c7ccccc76)P6(=O)Oc7ccccc7-c7ccccc76)cc5OC)c(OC)c4)P4(=O)Oc5ccccc5-c5ccccc54)P4(=O)Oc5ccccc5-c5ccccc54)cc3OC)c(OC)c2)P2(=O)Oc3ccccc3-c3ccccc32)P2(=O)Oc3ccccc3-c3ccccc32)ccc1O[SiH](C)C,O=P1(C(NCCOBOCCNC(c2ccc(O[SiH2]Oc3ccc(C(NCCOB(OCCNC(c4ccc(O[SiH2]Oc5ccc(C(NCCOBOCCNC(c6ccccc6)P6(=O)Oc7ccccc7-c7ccccc76)P6(=O)Oc7ccccc7-c7ccccc76)cc5)cc4)P4(=O)Oc5ccccc5-c5ccccc54)OCCNC(c4ccc(O[SiH2]Oc5ccc(C(NCCOBOCCNC(c6ccccc6)P6(=O)Oc7ccccc7-c7ccccc76)P6(=O)Oc7ccccc7-c7ccccc76)cc5)cc4)P4(=O)Oc5ccccc5-c5ccccc54)P4(=O)Oc5ccccc5-c5ccccc54)cc3)cc2)P2(=O)Oc3ccccc3-c3ccccc32)c2ccccc2)Oc2ccccc2-c2ccccc21,100.0,4.0,0,molecule,formulation,baseline_inclusive,fixed,0,102.79361254445138,100.29627282249102,69.46086016465776,131.13168548032428,1,COc1cc(C(NCCOB(OCCN)OCCNC(c2ccc(O[Si](C)(C)Oc3ccc(C(NCCOB(OCCNC(c4ccc(O[Si](C)(C)Oc5ccc(C(NCCOB(OCCN)OCCNC(c6ccc(O[SiH](C)C)c(OC)c6)P6(=O)Oc7ccccc7-c7ccccc76)P6(=O)Oc7ccccc7-c7ccccc76)cc5OC)c(OC)c4)P4(=O)Oc5ccccc5-c5ccccc54)OCCNC(c4ccc(O[Si](C)(C)Oc5ccc(C(NCCOB(OCCN)OCCNC(c6ccc(O[SiH](C)C)c(OC)c6)P6(=O)Oc7ccccc7-c7ccccc76)P6(=O)Oc7ccccc7-c7ccccc76)cc5OC)c(OC)c4)P4(=O)Oc5ccccc5-c5ccccc54)P4(=O)Oc5ccccc5-c5ccccc54)cc3OC)c(OC)c2)P2(=O)Oc3ccccc3-c3ccccc32)P2(=O)Oc3ccccc3-c3ccccc32)ccc1O[SiH](C)C,O=P1(C(NCCOBOCCNC(c2ccc(O[SiH2]Oc3ccc(C(NCCOB(OCCNC(c4ccc(O[SiH2]Oc5ccc(C(NCCOBOCCNC(c6ccccc6)P6(=O)Oc7ccccc7-c7ccccc76)P6(=O)Oc7ccccc7-c7ccccc76)cc5)cc4)P4(=O)Oc5ccccc5-c5ccccc54)OCCNC(c4ccc(O[SiH2]Oc5ccc(C(NCCOBOCCNC(c6ccccc6)P6(=O)Oc7ccccc7-c7ccccc76)P6(=O)Oc7ccccc7-c7ccccc76)cc5)cc4)P4(=O)Oc5ccccc5-c5ccccc54)P4(=O)Oc5ccccc5-c5ccccc54)cc3)cc2)P2(=O)Oc3ccccc3-c3ccccc32)c2ccccc2)Oc2ccccc2-c2ccccc21,,,0,COc1cc(C(NCCOB(OCCN)OCCNC(c2ccc(O[Si](C)(C)Oc3ccc(C(NCCOB(OCCNC(c4ccc(O[Si](C)(C)Oc5ccc(C(NCCOB(OCCN)OCCNC(c6ccc(O[SiH](C)C)c(OC)c6)P6(=O)Oc7ccccc7-c7ccccc76)P6(=O)Oc7ccccc7-c7ccccc76)cc5OC)c(OC)c4)P4(=O)Oc5ccccc5-c5ccccc54)OCCNC(c4ccc(O[Si](C)(C)Oc5ccc(C(NCCOB(OCCN)OCCNC(c6ccc(O[SiH](C)C)c(OC)c6)P6(=O)Oc7ccccc7-c7ccccc76)P6(=O)Oc7ccccc7-c7ccccc76)cc5OC)c(OC)c4)P4(=O)Oc5ccccc5-c5ccccc54)P4(=O)Oc5ccccc5-c5ccccc54)cc3OC)c(OC)c2)P2(=O)Oc3ccccc3-c3ccccc32)P2(=O)Oc3ccccc3-c3ccccc32)ccc1O[SiH](C)C||<NO_CO>,2.7936125444513777,7.804271048516101,0.48031496062992124,0.48031496062992124,,,0.48031496062992124,0.48031496062992124,0,0,1,1,0,0,0,1,1,0,0,318,97,3,Extrapolation,New_scaffold
THR,3,DOPO_EP_0419,DVSiBD,,COC1=CC(C(P2(C3=C(C=CC=C3)C4=C(C=CC=C4)O2)=O)NCCOB(OCCNC(C5=CC=C(C(OC)=C5)O[Si](OC6=C(C=C(C=C6)C(P7(C8=C(C=CC=C8)C9=C(C=CC=C9)O7)=O)NCCOB(OCCN)OCCNC(P%10(C%11=C(C=CC=C%11)C%12=C(C=CC=C%12)O%10)=O)C%13=CC(OC)=C(C=C%13)O[SiH](C)C)OC)(C)C)P%14(C%15=C(C=CC=C%15)C%16=C(C=CC=C%16)O%14)=O)OCCNC(C%17=CC=C(C(OC)=C%17)O[Si](OC%18=C(C=C(C=C%18)C(P%19(C%20=C(C=CC=C%20)C%21=C(C=CC=C%21)O%19)=O)NCCOB(OCCN)OCCNC(P%22(C%23=C(C=CC=C%23)C%24=C(C=CC=C%24)O%22)=O)C%25=CC(OC)=C(C=C%25)O[SiH](C)C)OC)(C)C)P%26(C%27=C(C=CC=C%27)C%28=C(C=CC=C%28)O%26)=O)=CC=C1O[Si](OC%29=C(C=C(C=C%29)C(P%30(C%31=C(C=CC=C%31)C%32=C(C=CC=C%32)O%30)=O)NCCOB(OCCN)OCCNC(P%33(C%34=C(C=CC=C%34)C%35=C(C=CC=C%35)O%33)=O)C%36=CC(OC)=C(C=C%36)O[SiH](C)C)OC)(C)C,,https://doi.org/10.1016/j.polymdegradstab.2025.111701,COc1cc(C(NCCOB(OCCN)OCCNC(c2ccc(O[Si](C)(C)Oc3ccc(C(NCCOB(OCCNC(c4ccc(O[Si](C)(C)Oc5ccc(C(NCCOB(OCCN)OCCNC(c6ccc(O[SiH](C)C)c(OC)c6)P6(=O)Oc7ccccc7-c7ccccc76)P6(=O)Oc7ccccc7-c7ccccc76)cc5OC)c(OC)c4)P4(=O)Oc5ccccc5-c5ccccc54)OCCNC(c4ccc(O[Si](C)(C)Oc5ccc(C(NCCOB(OCCN)OCCNC(c6ccc(O[SiH](C)C)c(OC)c6)P6(=O)Oc7ccccc7-c7ccccc76)P6(=O)Oc7ccccc7-c7ccccc76)cc5OC)c(OC)c4)P4(=O)Oc5ccccc5-c5ccccc54)P4(=O)Oc5ccccc5-c5ccccc54)cc3OC)c(OC)c2)P2(=O)Oc3ccccc3-c3ccccc32)P2(=O)Oc3ccccc3-c3ccccc32)ccc1O[SiH](C)C,O=P1(C(NCCOBOCCNC(c2ccc(O[SiH2]Oc3ccc(C(NCCOB(OCCNC(c4ccc(O[SiH2]Oc5ccc(C(NCCOBOCCNC(c6ccccc6)P6(=O)Oc7ccccc7-c7ccccc76)P6(=O)Oc7ccccc7-c7ccccc76)cc5)cc4)P4(=O)Oc5ccccc5-c5ccccc54)OCCNC(c4ccc(O[SiH2]Oc5ccc(C(NCCOBOCCNC(c6ccccc6)P6(=O)Oc7ccccc7-c7ccccc76)P6(=O)Oc7ccccc7-c7ccccc76)cc5)cc4)P4(=O)Oc5ccccc5-c5ccccc54)P4(=O)Oc5ccccc5-c5ccccc54)cc3)cc2)P2(=O)Oc3ccccc3-c3ccccc32)c2ccccc2)Oc2ccccc2-c2ccccc21,88.0,6.0,0,molecule,formulation,baseline_inclusive,fixed,0,93.10168506255458,93.0825702757956,62.24715761796234,123.91798293362886,1,COc1cc(C(NCCOB(OCCN)OCCNC(c2ccc(O[Si](C)(C)Oc3ccc(C(NCCOB(OCCNC(c4ccc(O[Si](C)(C)Oc5ccc(C(NCCOB(OCCN)OCCNC(c6ccc(O[SiH](C)C)c(OC)c6)P6(=O)Oc7ccccc7-c7ccccc76)P6(=O)Oc7ccccc7-c7ccccc76)cc5OC)c(OC)c4)P4(=O)Oc5ccccc5-c5ccccc54)OCCNC(c4ccc(O[Si](C)(C)Oc5ccc(C(NCCOB(OCCN)OCCNC(c6ccc(O[SiH](C)C)c(OC)c6)P6(=O)Oc7ccccc7-c7ccccc76)P6(=O)Oc7ccccc7-c7ccccc76)cc5OC)c(OC)c4)P4(=O)Oc5ccccc5-c5ccccc54)P4(=O)Oc5ccccc5-c5ccccc54)cc3OC)c(OC)c2)P2(=O)Oc3ccccc3-c3ccccc32)P2(=O)Oc3ccccc3-c3ccccc32)ccc1O[SiH](C)C,O=P1(C(NCCOBOCCNC(c2ccc(O[SiH2]Oc3ccc(C(NCCOB(OCCNC(c4ccc(O[SiH2]Oc5ccc(C(NCCOBOCCNC(c6ccccc6)P6(=O)Oc7ccccc7-c7ccccc76)P6(=O)Oc7ccccc7-c7ccccc76)cc5)cc4)P4(=O)Oc5ccccc5-c5ccccc54)OCCNC(c4ccc(O[SiH2]Oc5ccc(C(NCCOBOCCNC(c6ccccc6)P6(=O)Oc7ccccc7-c7ccccc76)P6(=O)Oc7ccccc7-c7ccccc76)cc5)cc4)P4(=O)Oc5ccccc5-c5ccccc54)P4(=O)Oc5ccccc5-c5ccccc54)cc3)cc2)P2(=O)Oc3ccccc3-c3ccccc32)c2ccccc2)Oc2ccccc2-c2ccccc21,,,0,COc1cc(C(NCCOB(OCCN)OCCNC(c2ccc(O[Si](C)(C)Oc3ccc(C(NCCOB(OCCNC(c4ccc(O[Si](C)(C)Oc5ccc(C(NCCOB(OCCN)OCCNC(c6ccc(O[SiH](C)C)c(OC)c6)P6(=O)Oc7ccccc7-c7ccccc76)P6(=O)Oc7ccccc7-c7ccccc76)cc5OC)c(OC)c4)P4(=O)Oc5ccccc5-c5ccccc54)OCCNC(c4ccc(O[Si](C)(C)Oc5ccc(C(NCCOB(OCCN)OCCNC(c6ccc(O[SiH](C)C)c(OC)c6)P6(=O)Oc7ccccc7-c7ccccc76)P6(=O)Oc7ccccc7-c7ccccc76)cc5OC)c(OC)c4)P4(=O)Oc5ccccc5-c5ccccc54)P4(=O)Oc5ccccc5-c5ccccc54)cc3OC)c(OC)c2)P2(=O)Oc3ccccc3-c3ccccc32)P2(=O)Oc3ccccc3-c3ccccc32)ccc1O[SiH](C)C||<NO_CO>,5.10168506255458,26.02719047749253,0.48031496062992124,0.48031496062992124,,,0.48031496062992124,0.48031496062992124,0,0,1,1,0,0,0,1,1,0,0,318,97,3,Extrapolation,New_scaffold
THR,3,DOPO_EP_0432,DOPO-M,,O=P(CCCC1=CC=C(O)C(C2=CC(CCCP3(C4=C(C5=C(O3)C=CC=C5)C=CC=C4)=O)=CC=C2O)=C1)(C6=C7C=CC=C6)OC8=C7C=CC=C8,,https://doi.org/10.1016/j.eurpolymj.2022.111488,O=P1(CCCc2ccc(O)c(-c3cc(CCCP4(=O)Oc5ccccc5-c5ccccc54)ccc3O)c2)Oc2ccccc2-c2ccccc21,O=P1(CCCc2cccc(-c3cccc(CCCP4(=O)Oc5ccccc5-c5ccccc54)c3)c2)Oc2ccccc2-c2ccccc21,132.0,0.0,1,molecule,formulation,baseline_inclusive,fixed,0,98.6092265471432,99.96458734216677,69.12917468433349,130.8,0,O=P1(CCCc2ccc(O)c(-c3cc(CCCP4(=O)Oc5ccccc5-c5ccccc54)ccc3O)c2)Oc2ccccc2-c2ccccc21,O=P1(CCCc2cccc(-c3cccc(CCCP4(=O)Oc5ccccc5-c5ccccc54)c3)c2)Oc2ccccc2-c2ccccc21,,,0,O=P1(CCCc2ccc(O)c(-c3cc(CCCP4(=O)Oc5ccccc5-c5ccccc54)ccc3O)c2)Oc2ccccc2-c2ccccc21||<NO_CO>,33.390773452856806,1114.9437517800068,0.6052631578947368,0.6052631578947368,,,0.6052631578947368,0.6052631578947368,0,0,1,1,0,0,0,1,1,0,0,318,97,3,Caution,New_scaffold
THR,3,DOPO_EP_0374,DZH,,O=P1(C(C2=CC=C(C(NC(NO)(P3(C4=C(C5=C(O3)C=CC=C5)C=CC=C4)=O)C6=CC=CC=C6)P7(C8=C(C9=C(O7)C=CC=C9)C=CC=C8)=O)C=C2)NC(NO)(P%10(C%11=C(C%12=C(O%10)C=CC=C%12)C=CC=C%11)=O)C%13=CC=CC=C%13)C%14=C(C%15=C(O1)C=CC=C%15)C=CC=C%14,,https://doi.org/10.1016/j.porgcoat.2023.107862,O=P1(C(NC(NO)(c2ccccc2)P2(=O)Oc3ccccc3-c3ccccc32)c2ccc(C(NC(NO)(c3ccccc3)P3(=O)Oc4ccccc4-c4ccccc43)P3(=O)Oc4ccccc4-c4ccccc43)cc2)Oc2ccccc2-c2ccccc21,O=P1(C(NC(c2ccc(C(NC(c3ccccc3)P3(=O)Oc4ccccc4-c4ccccc43)P3(=O)Oc4ccccc4-c4ccccc43)cc2)P2(=O)Oc3ccccc3-c3ccccc32)c2ccccc2)Oc2ccccc2-c2ccccc21,76.8,3.0,0,molecule,formulation,baseline_inclusive,fixed,0,67.04718376535013,67.79613357030001,36.96072091246676,98.63154622813327,1,O=P1(C(NC(NO)(c2ccccc2)P2(=O)Oc3ccccc3-c3ccccc32)c2ccc(C(NC(NO)(c3ccccc3)P3(=O)Oc4ccccc4-c4ccccc43)P3(=O)Oc4ccccc4-c4ccccc43)cc2)Oc2ccccc2-c2ccccc21,O=P1(C(NC(c2ccc(C(NC(c3ccccc3)P3(=O)Oc4ccccc4-c4ccccc43)P3(=O)Oc4ccccc4-c4ccccc43)cc2)P2(=O)Oc3ccccc3-c3ccccc32)c2ccccc2)Oc2ccccc2-c2ccccc21,,,0,O=P1(C(NC(NO)(c2ccccc2)P2(=O)Oc3ccccc3-c3ccccc32)c2ccc(C(NC(NO)(c3ccccc3)P3(=O)Oc4ccccc4-c4ccccc43)P3(=O)Oc4ccccc4-c4ccccc43)cc2)Oc2ccccc2-c2ccccc21||<NO_CO>,9.75281623464987,95.11742450685007,0.43434343434343436,0.43434343434343436,,,0.43434343434343436,0.43434343434343436,0,0,1,1,0,0,0,1,1,0,0,318,97,3,Extrapolation,New_scaffold
THR,3,DOPO_EP_0592,PBO,,O=P1(C(NC2=CC=C(NC(P3(C4=CC=CC=C4C5=CC=CC=C5O3)=O)C6=CNC7=CC=CC=C67)C=C2)C8=CNC9=CC=CC=C89)OC%10=CC=CC=C%10C%11=CC=CC=C%111,,https://doi.org/10.1002/pat.5804,O=P1(C(Nc2ccc(NC(c3c[nH]c4ccccc34)P3(=O)Oc4ccccc4-c4ccccc43)cc2)c2c[nH]c3ccccc23)Oc2ccccc2-c2ccccc21,O=P1(C(Nc2ccc(NC(c3c[nH]c4ccccc34)P3(=O)Oc4ccccc4-c4ccccc43)cc2)c2c[nH]c3ccccc23)Oc2ccccc2-c2ccccc21,41.0,12.84,0,molecule,formulation,baseline_inclusive,fixed,0,57.35412644442708,60.02103036764407,29.185617709810806,90.85644302547732,1,O=P1(C(Nc2ccc(NC(c3c[nH]c4ccccc34)P3(=O)Oc4ccccc4-c4ccccc43)cc2)c2c[nH]c3ccccc23)Oc2ccccc2-c2ccccc21,O=P1(C(Nc2ccc(NC(c3c[nH]c4ccccc34)P3(=O)Oc4ccccc4-c4ccccc43)cc2)c2c[nH]c3ccccc23)Oc2ccccc2-c2ccccc21,,,0,O=P1(C(Nc2ccc(NC(c3c[nH]c4ccccc34)P3(=O)Oc4ccccc4-c4ccccc43)cc2)c2c[nH]c3ccccc23)Oc2ccccc2-c2ccccc21||<NO_CO>,16.35412644442708,267.45745176030914,0.6236559139784946,0.6236559139784946,,,0.6236559139784946,0.6236559139784946,0,0,1,1,0,0,0,1,1,0,0,318,97,3,Caution,New_scaffold
THR,3,DOPO_EP_0589,PBO,,O=P1(C(NC2=CC=C(NC(P3(C4=CC=CC=C4C5=CC=CC=C5O3)=O)C6=CNC7=CC=CC=C67)C=C2)C8=CNC9=CC=CC=C89)OC%10=CC=CC=C%10C%11=CC=CC=C%111,,https://doi.org/10.1002/pat.5804,O=P1(C(Nc2ccc(NC(c3c[nH]c4ccccc34)P3(=O)Oc4ccccc4-c4ccccc43)cc2)c2c[nH]c3ccccc23)Oc2ccccc2-c2ccccc21,O=P1(C(Nc2ccc(NC(c3c[nH]c4ccccc34)P3(=O)Oc4ccccc4-c4ccccc43)cc2)c2c[nH]c3ccccc23)Oc2ccccc2-c2ccccc21,70.1,0.0,1,molecule,formulation,baseline_inclusive,fixed,0,98.6092265471432,99.96458734216677,69.12917468433349,130.8,1,O=P1(C(Nc2ccc(NC(c3c[nH]c4ccccc34)P3(=O)Oc4ccccc4-c4ccccc43)cc2)c2c[nH]c3ccccc23)Oc2ccccc2-c2ccccc21,O=P1(C(Nc2ccc(NC(c3c[nH]c4ccccc34)P3(=O)Oc4ccccc4-c4ccccc43)cc2)c2c[nH]c3ccccc23)Oc2ccccc2-c2ccccc21,,,0,O=P1(C(Nc2ccc(NC(c3c[nH]c4ccccc34)P3(=O)Oc4ccccc4-c4ccccc43)cc2)c2c[nH]c3ccccc23)Oc2ccccc2-c2ccccc21||<NO_CO>,28.5092265471432,812.7759983163346,0.6236559139784946,0.6236559139784946,,,0.6236559139784946,0.6236559139784946,0,0,1,1,0,0,0,1,1,0,0,318,97,3,Caution,New_scaffold
THR,3,DOPO_EP_0577,PMSBA,,C[Si](NC1=NC2=C(S1)C=CC=C2)(NC3=NC4=C(S3)C=CC=C4)CCP5(C6=C(C7=C(O5)C=CC=C7)C=CC=C6)=O,,https://doi.org/10.1002/pat.4758,C[Si](CCP1(=O)Oc2ccccc2-c2ccccc21)(Nc1nc2ccccc2s1)Nc1nc2ccccc2s1,O=P1(CC[SiH](Nc2nc3ccccc3s2)Nc2nc3ccccc3s2)Oc2ccccc2-c2ccccc21,84.0,10.0,0,molecule,formulation,baseline_inclusive,fixed,0,72.3007887749095,69.46968812192203,38.63427546408877,100.30510077975528,1,C[Si](CCP1(=O)Oc2ccccc2-c2ccccc21)(Nc1nc2ccccc2s1)Nc1nc2ccccc2s1,O=P1(CC[SiH](Nc2nc3ccccc3s2)Nc2nc3ccccc3s2)Oc2ccccc2-c2ccccc21,,,0,C[Si](CCP1(=O)Oc2ccccc2-c2ccccc21)(Nc1nc2ccccc2s1)Nc1nc2ccccc2s1||<NO_CO>,11.699211225090494,136.8715432892834,0.5176470588235295,0.5176470588235295,,,0.5176470588235295,0.5176470588235295,0,0,1,1,0,0,0,1,1,0,0,318,97,3,Caution,New_scaffold
THR,3,DOPO_EP_0575,PMSBA,,C[Si](NC1=NC2=C(S1)C=CC=C2)(NC3=NC4=C(S3)C=CC=C4)CCP5(C6=C(C7=C(O5)C=CC=C7)C=CC=C6)=O,,https://doi.org/10.1002/pat.4758,C[Si](CCP1(=O)Oc2ccccc2-c2ccccc21)(Nc1nc2ccccc2s1)Nc1nc2ccccc2s1,O=P1(CC[SiH](Nc2nc3ccccc3s2)Nc2nc3ccccc3s2)Oc2ccccc2-c2ccccc21,91.0,5.0,0,molecule,formulation,baseline_inclusive,fixed,0,76.27375730777521,77.88857359372717,47.05316093589392,108.72398625156043,1,C[Si](CCP1(=O)Oc2ccccc2-c2ccccc21)(Nc1nc2ccccc2s1)Nc1nc2ccccc2s1,O=P1(CC[SiH](Nc2nc3ccccc3s2)Nc2nc3ccccc3s2)Oc2ccccc2-c2ccccc21,,,0,C[Si](CCP1(=O)Oc2ccccc2-c2ccccc21)(Nc1nc2ccccc2s1)Nc1nc2ccccc2s1||<NO_CO>,14.726242692224787,216.86222383030395,0.5176470588235295,0.5176470588235295,,,0.5176470588235295,0.5176470588235295,0,0,1,1,0,0,0,1,1,0,0,318,97,3,Caution,New_scaffold
THR,3,DOPO_EP_0559,SVPM,,COC1=CC(C(P2(C3=C(C4=C(O2)C=CC=C4)C=CC=C3)=O)NC5=CC=C(S(=O)(NC6=NC=CS6)=O)C=C5)=CC=C1O[Si](C=C)(OC7=C(OC)C=C(C(P8(C9=C(C%10=C(O8)C=CC=C%10)C=CC=C9)=O)NC%11=CC=C(S(=O)(NC%12=NC=CS%12)=O)C=C%11)C=C7)C,,https://pubs.acs.org/doi/10.1021/acsapm.2c01875?goto=supporting-info,C=C[Si](C)(Oc1ccc(C(Nc2ccc(S(=O)(=O)Nc3nccs3)cc2)P2(=O)Oc3ccccc3-c3ccccc32)cc1OC)Oc1ccc(C(Nc2ccc(S(=O)(=O)Nc3nccs3)cc2)P2(=O)Oc3ccccc3-c3ccccc32)cc1OC,O=P1(C(Nc2ccc(S(=O)(=O)Nc3nccs3)cc2)c2ccc(O[SiH2]Oc3ccc(C(Nc4ccc(S(=O)(=O)Nc5nccs5)cc4)P4(=O)Oc5ccccc5-c5ccccc54)cc3)cc2)Oc2ccccc2-c2ccccc21,65.7,7.5,0,molecule,formulation,baseline_inclusive,fixed,0,74.620834115716,74.358178490589,43.52276583275574,105.19359114842226,1,C=C[Si](C)(Oc1ccc(C(Nc2ccc(S(=O)(=O)Nc3nccs3)cc2)P2(=O)Oc3ccccc3-c3ccccc32)cc1OC)Oc1ccc(C(Nc2ccc(S(=O)(=O)Nc3nccs3)cc2)P2(=O)Oc3ccccc3-c3ccccc32)cc1OC,O=P1(C(Nc2ccc(S(=O)(=O)Nc3nccs3)cc2)c2ccc(O[SiH2]Oc3ccc(C(Nc4ccc(S(=O)(=O)Nc5nccs5)cc4)P4(=O)Oc5ccccc5-c5ccccc54)cc3)cc2)Oc2ccccc2-c2ccccc21,,,0,C=C[Si](C)(Oc1ccc(C(Nc2ccc(S(=O)(=O)Nc3nccs3)cc2)P2(=O)Oc3ccccc3-c3ccccc32)cc1OC)Oc1ccc(C(Nc2ccc(S(=O)(=O)Nc3nccs3)cc2)P2(=O)Oc3ccccc3-c3ccccc32)cc1OC||<NO_CO>,8.92083411571599,79.5812813201223,0.6666666666666666,0.6666666666666666,,,0.6666666666666666,0.6666666666666666,0,0,1,1,0,0,0,1,1,0,0,318,97,3,Caution,New_scaffold
THR,3,DOPO_EP_0572,PMSBA,,C[Si](NC1=NC2=C(S1)C=CC=C2)(NC3=NC4=C(S3)C=CC=C4)CCP5(C6=C(C7=C(O5)C=CC=C7)C=CC=C6)=O,,https://doi.org/10.1002/pat.4758,C[Si](CCP1(=O)Oc2ccccc2-c2ccccc21)(Nc1nc2ccccc2s1)Nc1nc2ccccc2s1,O=P1(CC[SiH](Nc2nc3ccccc3s2)Nc2nc3ccccc3s2)Oc2ccccc2-c2ccccc21,100.0,0.0,1,molecule,formulation,baseline_inclusive,fixed,0,98.6092265471432,99.96458734216677,69.12917468433349,130.8,1,C[Si](CCP1(=O)Oc2ccccc2-c2ccccc21)(Nc1nc2ccccc2s1)Nc1nc2ccccc2s1,O=P1(CC[SiH](Nc2nc3ccccc3s2)Nc2nc3ccccc3s2)Oc2ccccc2-c2ccccc21,,,0,C[Si](CCP1(=O)Oc2ccccc2-c2ccccc21)(Nc1nc2ccccc2s1)Nc1nc2ccccc2s1||<NO_CO>,1.3907734528568056,1.9342507971712415,0.5176470588235295,0.5176470588235295,,,0.5176470588235295,0.5176470588235295,0,0,1,1,0,0,0,1,1,0,0,318,97,3,Caution,New_scaffold
THR,3,DOPO_EP_0558,SVPM,,COC1=CC(C(P2(C3=C(C4=C(O2)C=CC=C4)C=CC=C3)=O)NC5=CC=C(S(=O)(NC6=NC=CS6)=O)C=C5)=CC=C1O[Si](C=C)(OC7=C(OC)C=C(C(P8(C9=C(C%10=C(O8)C=CC=C%10)C=CC=C9)=O)NC%11=CC=C(S(=O)(NC%12=NC=CS%12)=O)C=C%11)C=C7)C,,https://pubs.acs.org/doi/10.1021/acsapm.2c01875?goto=supporting-info,C=C[Si](C)(Oc1ccc(C(Nc2ccc(S(=O)(=O)Nc3nccs3)cc2)P2(=O)Oc3ccccc3-c3ccccc32)cc1OC)Oc1ccc(C(Nc2ccc(S(=O)(=O)Nc3nccs3)cc2)P2(=O)Oc3ccccc3-c3ccccc32)cc1OC,O=P1(C(Nc2ccc(S(=O)(=O)Nc3nccs3)cc2)c2ccc(O[SiH2]Oc3ccc(C(Nc4ccc(S(=O)(=O)Nc5nccs5)cc4)P4(=O)Oc5ccccc5-c5ccccc54)cc3)cc2)Oc2ccccc2-c2ccccc21,74.5,5.0,0,molecule,formulation,baseline_inclusive,fixed,0,81.5409467594498,86.21480317004861,55.37939051221535,117.05021582788189,1,C=C[Si](C)(Oc1ccc(C(Nc2ccc(S(=O)(=O)Nc3nccs3)cc2)P2(=O)Oc3ccccc3-c3ccccc32)cc1OC)Oc1ccc(C(Nc2ccc(S(=O)(=O)Nc3nccs3)cc2)P2(=O)Oc3ccccc3-c3ccccc32)cc1OC,O=P1(C(Nc2ccc(S(=O)(=O)Nc3nccs3)cc2)c2ccc(O[SiH2]Oc3ccc(C(Nc4ccc(S(=O)(=O)Nc5nccs5)cc4)P4(=O)Oc5ccccc5-c5ccccc54)cc3)cc2)Oc2ccccc2-c2ccccc21,,,0,C=C[Si](C)(Oc1ccc(C(Nc2ccc(S(=O)(=O)Nc3nccs3)cc2)P2(=O)Oc3ccccc3-c3ccccc32)cc1OC)Oc1ccc(C(Nc2ccc(S(=O)(=O)Nc3nccs3)cc2)P2(=O)Oc3ccccc3-c3ccccc32)cc1OC||<NO_CO>,7.040946759449795,49.57493126940658,0.6666666666666666,0.6666666666666666,,,0.6666666666666666,0.6666666666666666,0,0,1,1,0,0,0,1,1,0,0,318,97,3,Caution,New_scaffold
THR,3,DOPO_EP_0557,SVPM,,COC1=CC(C(P2(C3=C(C4=C(O2)C=CC=C4)C=CC=C3)=O)NC5=CC=C(S(=O)(NC6=NC=CS6)=O)C=C5)=CC=C1O[Si](C=C)(OC7=C(OC)C=C(C(P8(C9=C(C%10=C(O8)C=CC=C%10)C=CC=C9)=O)NC%11=CC=C(S(=O)(NC%12=NC=CS%12)=O)C=C%11)C=C7)C,,https://pubs.acs.org/doi/10.1021/acsapm.2c01875?goto=supporting-info,C=C[Si](C)(Oc1ccc(C(Nc2ccc(S(=O)(=O)Nc3nccs3)cc2)P2(=O)Oc3ccccc3-c3ccccc32)cc1OC)Oc1ccc(C(Nc2ccc(S(=O)(=O)Nc3nccs3)cc2)P2(=O)Oc3ccccc3-c3ccccc32)cc1OC,O=P1(C(Nc2ccc(S(=O)(=O)Nc3nccs3)cc2)c2ccc(O[SiH2]Oc3ccc(C(Nc4ccc(S(=O)(=O)Nc5nccs5)cc4)P4(=O)Oc5ccccc5-c5ccccc54)cc3)cc2)Oc2ccccc2-c2ccccc21,77.3,2.5,0,molecule,formulation,baseline_inclusive,fixed,0,85.01639495227334,90.45391376312972,59.61850110529648,121.289326420963,1,C=C[Si](C)(Oc1ccc(C(Nc2ccc(S(=O)(=O)Nc3nccs3)cc2)P2(=O)Oc3ccccc3-c3ccccc32)cc1OC)Oc1ccc(C(Nc2ccc(S(=O)(=O)Nc3nccs3)cc2)P2(=O)Oc3ccccc3-c3ccccc32)cc1OC,O=P1(C(Nc2ccc(S(=O)(=O)Nc3nccs3)cc2)c2ccc(O[SiH2]Oc3ccc(C(Nc4ccc(S(=O)(=O)Nc5nccs5)cc4)P4(=O)Oc5ccccc5-c5ccccc54)cc3)cc2)Oc2ccccc2-c2ccccc21,,,0,C=C[Si](C)(Oc1ccc(C(Nc2ccc(S(=O)(=O)Nc3nccs3)cc2)P2(=O)Oc3ccccc3-c3ccccc32)cc1OC)Oc1ccc(C(Nc2ccc(S(=O)(=O)Nc3nccs3)cc2)P2(=O)Oc3ccccc3-c3ccccc32)cc1OC||<NO_CO>,7.7163949522733475,59.542751059469595,0.6666666666666666,0.6666666666666666,,,0.6666666666666666,0.6666666666666666,0,0,1,1,0,0,0,1,1,0,0,318,97,3,Caution,New_scaffold
THR,3,DOPO_EP_0481,DABP-2DOPO,,O=P(CCCC1=C(O)C=CC(C2=CC=C(O)C(CCCP3(C4=C(C5=C(O3)C=CC=C5)C=CC=C4)=O)=C2)=C1)(C6=C7C=CC=C6)OC8=C7C=CC=C8,,https://doi.org/10.1016/j.eurpolymj.2021.110319,O=P1(CCCc2cc(-c3ccc(O)c(CCCP4(=O)Oc5ccccc5-c5ccccc54)c3)ccc2O)Oc2ccccc2-c2ccccc21,O=P1(CCCc2cccc(-c3cccc(CCCP4(=O)Oc5ccccc5-c5ccccc54)c3)c2)Oc2ccccc2-c2ccccc21,90.9,10.0,0,molecule,formulation,baseline_inclusive,fixed,0,76.30381607116819,74.4210598838138,43.58564722598054,105.25647254164706,1,O=P1(CCCc2cc(-c3ccc(O)c(CCCP4(=O)Oc5ccccc5-c5ccccc54)c3)ccc2O)Oc2ccccc2-c2ccccc21,O=P1(CCCc2cccc(-c3cccc(CCCP4(=O)Oc5ccccc5-c5ccccc54)c3)c2)Oc2ccccc2-c2ccccc21,,,0,O=P1(CCCc2cc(-c3ccc(O)c(CCCP4(=O)Oc5ccccc5-c5ccccc54)c3)ccc2O)Oc2ccccc2-c2ccccc21||<NO_CO>,14.59618392883182,213.04858528428832,0.684931506849315,0.684931506849315,,,0.684931506849315,0.684931506849315,0,0,1,1,0,0,0,1,1,0,0,318,97,3,Caution,New_scaffold
THR,3,DOPO_EP_0556,SVPM,,COC1=CC(C(P2(C3=C(C4=C(O2)C=CC=C4)C=CC=C3)=O)NC5=CC=C(S(=O)(NC6=NC=CS6)=O)C=C5)=CC=C1O[Si](C=C)(OC7=C(OC)C=C(C(P8(C9=C(C%10=C(O8)C=CC=C%10)C=CC=C9)=O)NC%11=CC=C(S(=O)(NC%12=NC=CS%12)=O)C=C%11)C=C7)C,,https://pubs.acs.org/doi/10.1021/acsapm.2c01875?goto=supporting-info,C=C[Si](C)(Oc1ccc(C(Nc2ccc(S(=O)(=O)Nc3nccs3)cc2)P2(=O)Oc3ccccc3-c3ccccc32)cc1OC)Oc1ccc(C(Nc2ccc(S(=O)(=O)Nc3nccs3)cc2)P2(=O)Oc3ccccc3-c3ccccc32)cc1OC,O=P1(C(Nc2ccc(S(=O)(=O)Nc3nccs3)cc2)c2ccc(O[SiH2]Oc3ccc(C(Nc4ccc(S(=O)(=O)Nc5nccs5)cc4)P4(=O)Oc5ccccc5-c5ccccc54)cc3)cc2)Oc2ccccc2-c2ccccc21,92.3,0.0,1,molecule,formulation,baseline_inclusive,fixed,0,98.6092265471432,99.96458734216677,69.12917468433349,130.8,1,C=C[Si](C)(Oc1ccc(C(Nc2ccc(S(=O)(=O)Nc3nccs3)cc2)P2(=O)Oc3ccccc3-c3ccccc32)cc1OC)Oc1ccc(C(Nc2ccc(S(=O)(=O)Nc3nccs3)cc2)P2(=O)Oc3ccccc3-c3ccccc32)cc1OC,O=P1(C(Nc2ccc(S(=O)(=O)Nc3nccs3)cc2)c2ccc(O[SiH2]Oc3ccc(C(Nc4ccc(S(=O)(=O)Nc5nccs5)cc4)P4(=O)Oc5ccccc5-c5ccccc54)cc3)cc2)Oc2ccccc2-c2ccccc21,,,0,C=C[Si](C)(Oc1ccc(C(Nc2ccc(S(=O)(=O)Nc3nccs3)cc2)P2(=O)Oc3ccccc3-c3ccccc32)cc1OC)Oc1ccc(C(Nc2ccc(S(=O)(=O)Nc3nccs3)cc2)P2(=O)Oc3ccccc3-c3ccccc32)cc1OC||<NO_CO>,6.309226547143197,39.80633962317647,0.6666666666666666,0.6666666666666666,,,0.6666666666666666,0.6666666666666666,0,0,1,1,0,0,0,1,1,0,0,318,97,3,Caution,New_scaffold
THR,3,DOPO_EP_0525,TDCA-DOPO-1,,O=P1(C2=C(C3=C(O1)C=CC=C3)C=CC=C2)C(OP(C4=CC=CC=C4)C5=CC=CC=C5)C(C=C6)=CC=C6C(P7(C8=C(C9=C(O7)C=CC=C9)C=CC=C8)=O)OP(C%10=CC=CC=C%10)C%11=CC=CC=C%11,,https://doi.org/10.1007/s00289-023-04997-x,O=P1(C(OP(c2ccccc2)c2ccccc2)c2ccc(C(OP(c3ccccc3)c3ccccc3)P3(=O)Oc4ccccc4-c4ccccc43)cc2)Oc2ccccc2-c2ccccc21,O=P1(C(OP(c2ccccc2)c2ccccc2)c2ccc(C(OP(c3ccccc3)c3ccccc3)P3(=O)Oc4ccccc4-c4ccccc43)cc2)Oc2ccccc2-c2ccccc21,56.09,2.04,0,molecule,formulation,baseline_inclusive,fixed,0,62.48524045790306,68.54977520517411,37.714362547340855,99.38518786300736,1,O=P1(C(OP(c2ccccc2)c2ccccc2)c2ccc(C(OP(c3ccccc3)c3ccccc3)P3(=O)Oc4ccccc4-c4ccccc43)cc2)Oc2ccccc2-c2ccccc21,O=P1(C(OP(c2ccccc2)c2ccccc2)c2ccc(C(OP(c3ccccc3)c3ccccc3)P3(=O)Oc4ccccc4-c4ccccc43)cc2)Oc2ccccc2-c2ccccc21,,,0,O=P1(C(OP(c2ccccc2)c2ccccc2)c2ccc(C(OP(c3ccccc3)c3ccccc3)P3(=O)Oc4ccccc4-c4ccccc43)cc2)Oc2ccccc2-c2ccccc21||<NO_CO>,6.395240457903057,40.899100514400104,0.5641025641025641,0.5641025641025641,,,0.5641025641025641,0.5641025641025641,0,0,1,1,0,0,0,1,1,0,0,318,97,3,Caution,New_scaffold
THR,3,DOPO_EP_0524,TDCA-DOPO-1,,O=P1(C2=C(C3=C(O1)C=CC=C3)C=CC=C2)C(OP(C4=CC=CC=C4)C5=CC=CC=C5)C(C=C6)=CC=C6C(P7(C8=C(C9=C(O7)C=CC=C9)C=CC=C8)=O)OP(C%10=CC=CC=C%10)C%11=CC=CC=C%11,,https://doi.org/10.1007/s00289-023-04997-x,O=P1(C(OP(c2ccccc2)c2ccccc2)c2ccc(C(OP(c3ccccc3)c3ccccc3)P3(=O)Oc4ccccc4-c4ccccc43)cc2)Oc2ccccc2-c2ccccc21,O=P1(C(OP(c2ccccc2)c2ccccc2)c2ccc(C(OP(c3ccccc3)c3ccccc3)P3(=O)Oc4ccccc4-c4ccccc43)cc2)Oc2ccccc2-c2ccccc21,99.82,0.0,1,molecule,formulation,baseline_inclusive,fixed,0,98.6092265471432,99.96458734216677,69.12917468433349,130.8,1,O=P1(C(OP(c2ccccc2)c2ccccc2)c2ccc(C(OP(c3ccccc3)c3ccccc3)P3(=O)Oc4ccccc4-c4ccccc43)cc2)Oc2ccccc2-c2ccccc21,O=P1(C(OP(c2ccccc2)c2ccccc2)c2ccc(C(OP(c3ccccc3)c3ccccc3)P3(=O)Oc4ccccc4-c4ccccc43)cc2)Oc2ccccc2-c2ccccc21,,,0,O=P1(C(OP(c2ccccc2)c2ccccc2)c2ccc(C(OP(c3ccccc3)c3ccccc3)P3(=O)Oc4ccccc4-c4ccccc43)cc2)Oc2ccccc2-c2ccccc21||<NO_CO>,1.2107734528567988,1.465972354142775,0.5641025641025641,0.5641025641025641,,,0.5641025641025641,0.5641025641025641,0,0,1,1,0,0,0,1,1,0,0,318,97,3,Caution,New_scaffold
THR,3,DOPO_EP_0454,PABCA,,N#CC(C=C1)=CC=C1NC(P2(C3=C(C4=C(O2)C=CC=C4)C=CC=C3)=O)/C=C/C5=CC=CC=C5,,https://doi.org/10.1016/j.jiec.2024.04.047,N#Cc1ccc(NC(/C=C/c2ccccc2)P2(=O)Oc3ccccc3-c3ccccc32)cc1,O=P1(C(/C=C/c2ccccc2)Nc2ccccc2)Oc2ccccc2-c2ccccc21,62.7,5.0,0,molecule,formulation,baseline_inclusive,fixed,0,66.82907059093495,66.10943934041488,35.27402668258162,96.94485199824814,1,N#Cc1ccc(NC(/C=C/c2ccccc2)P2(=O)Oc3ccccc3-c3ccccc32)cc1,O=P1(C(/C=C/c2ccccc2)Nc2ccccc2)Oc2ccccc2-c2ccccc21,,,0,N#Cc1ccc(NC(/C=C/c2ccccc2)P2(=O)Oc3ccccc3-c3ccccc32)cc1||<NO_CO>,4.129070590934944,17.04922394492385,0.84,0.84,,,0.84,0.84,0,0,1,1,0,1,1,1,1,1,1,318,97,3,In_domain,Seen_scaffold
THR,3,DOPO_EP_0480,DABP-2DOPO,,O=P(CCCC1=C(O)C=CC(C2=CC=C(O)C(CCCP3(C4=C(C5=C(O3)C=CC=C5)C=CC=C4)=O)=C2)=C1)(C6=C7C=CC=C6)OC8=C7C=CC=C8,,https://doi.org/10.1016/j.eurpolymj.2021.110319,O=P1(CCCc2cc(-c3ccc(O)c(CCCP4(=O)Oc5ccccc5-c5ccccc54)c3)ccc2O)Oc2ccccc2-c2ccccc21,O=P1(CCCc2cccc(-c3cccc(CCCP4(=O)Oc5ccccc5-c5ccccc54)c3)c2)Oc2ccccc2-c2ccccc21,107.5,0.0,1,molecule,formulation,baseline_inclusive,fixed,0,98.6092265471432,99.96458734216677,69.12917468433349,130.8,1,O=P1(CCCc2cc(-c3ccc(O)c(CCCP4(=O)Oc5ccccc5-c5ccccc54)c3)ccc2O)Oc2ccccc2-c2ccccc21,O=P1(CCCc2cccc(-c3cccc(CCCP4(=O)Oc5ccccc5-c5ccccc54)c3)c2)Oc2ccccc2-c2ccccc21,,,0,O=P1(CCCc2cc(-c3ccc(O)c(CCCP4(=O)Oc5ccccc5-c5ccccc54)c3)ccc2O)Oc2ccccc2-c2ccccc21||<NO_CO>,8.890773452856806,79.04585259002333,0.684931506849315,0.684931506849315,,,0.684931506849315,0.684931506849315,0,0,1,1,0,0,0,1,1,0,0,318,97,3,Caution,New_scaffold
THR,3,DOPO_EP_0451,PABCA,,N#CC(C=C1)=CC=C1NC(P2(C3=C(C4=C(O2)C=CC=C4)C=CC=C3)=O)/C=C/C5=CC=CC=C5,,https://doi.org/10.1016/j.jiec.2024.04.047,N#Cc1ccc(NC(/C=C/c2ccccc2)P2(=O)Oc3ccccc3-c3ccccc32)cc1,O=P1(C(/C=C/c2ccccc2)Nc2ccccc2)Oc2ccccc2-c2ccccc21,85.2,0.0,1,molecule,formulation,baseline_inclusive,fixed,0,98.6092265471432,99.96458734216677,69.12917468433349,130.8,1,N#Cc1ccc(NC(/C=C/c2ccccc2)P2(=O)Oc3ccccc3-c3ccccc32)cc1,O=P1(C(/C=C/c2ccccc2)Nc2ccccc2)Oc2ccccc2-c2ccccc21,,,0,N#Cc1ccc(NC(/C=C/c2ccccc2)P2(=O)Oc3ccccc3-c3ccccc32)cc1||<NO_CO>,13.409226547143192,179.80735659260972,0.84,0.84,,,0.84,0.84,0,0,1,1,0,1,1,1,1,1,1,318,97,3,In_domain,Seen_scaffold
THR,4,DOPO_EP_0088,PBI,,O=P(C1=C2C=CC=C1)(C(NC3=NC4=C(S3)C=CC=C4)C5=CNC=N5)OC6=C2C=CC=C6,,https://doi.org/10.1016/j.polymdegradstab.2019.06.020,O=P1(C(Nc2nc3ccccc3s2)c2c[nH]cn2)Oc2ccccc2-c2ccccc21,O=P1(C(Nc2nc3ccccc3s2)c2c[nH]cn2)Oc2ccccc2-c2ccccc21,66.1,7.1,0,molecule,formulation,baseline_inclusive,fixed,0,63.30904814814794,63.93879999999994,29.928078970659712,97.94952102934018,1,O=P1(C(Nc2nc3ccccc3s2)c2c[nH]cn2)Oc2ccccc2-c2ccccc21,O=P1(C(Nc2nc3ccccc3s2)c2c[nH]cn2)Oc2ccccc2-c2ccccc21,,,0,O=P1(C(Nc2nc3ccccc3s2)c2c[nH]cn2)Oc2ccccc2-c2ccccc21||<NO_CO>,2.790951851852057,7.789412239356427,0.7011494252873564,0.7011494252873564,,,0.7011494252873564,0.7011494252873564,0,0,1,1,0,0,0,1,1,0,0,318,97,4,In_domain,New_scaffold
THR,4,DOPO_EP_0089,PBI,,O=P(C1=C2C=CC=C1)(C(NC3=NC4=C(S3)C=CC=C4)C5=CNC=N5)OC6=C2C=CC=C6,,https://doi.org/10.1016/j.polymdegradstab.2019.06.020,O=P1(C(Nc2nc3ccccc3s2)c2c[nH]cn2)Oc2ccccc2-c2ccccc21,O=P1(C(Nc2nc3ccccc3s2)c2c[nH]cn2)Oc2ccccc2-c2ccccc21,58.9,10.8,0,molecule,formulation,baseline_inclusive,fixed,0,60.0189481481482,60.47231481481502,26.46159378547479,94.48303584415524,1,O=P1(C(Nc2nc3ccccc3s2)c2c[nH]cn2)Oc2ccccc2-c2ccccc21,O=P1(C(Nc2nc3ccccc3s2)c2c[nH]cn2)Oc2ccccc2-c2ccccc21,,,0,O=P1(C(Nc2nc3ccccc3s2)c2c[nH]cn2)Oc2ccccc2-c2ccccc21||<NO_CO>,1.118948148148199,1.252044958244284,0.7011494252873564,0.7011494252873564,,,0.7011494252873564,0.7011494252873564,0,0,1,1,0,0,0,1,1,0,0,318,97,4,In_domain,New_scaffold
THR,4,DOPO_EP_0090,PBI,,O=P(C1=C2C=CC=C1)(C(NC3=NC4=C(S3)C=CC=C4)C5=CNC=N5)OC6=C2C=CC=C6,,https://doi.org/10.1016/j.polymdegradstab.2019.06.020,O=P1(C(Nc2nc3ccccc3s2)c2c[nH]cn2)Oc2ccccc2-c2ccccc21,O=P1(C(Nc2nc3ccccc3s2)c2c[nH]cn2)Oc2ccccc2-c2ccccc21,55.1,14.3,0,molecule,formulation,baseline_inclusive,fixed,0,53.7981814814815,56.38184074074067,22.37111971140044,90.3925617700809,1,O=P1(C(Nc2nc3ccccc3s2)c2c[nH]cn2)Oc2ccccc2-c2ccccc21,O=P1(C(Nc2nc3ccccc3s2)c2c[nH]cn2)Oc2ccccc2-c2ccccc21,,,0,O=P1(C(Nc2nc3ccccc3s2)c2c[nH]cn2)Oc2ccccc2-c2ccccc21||<NO_CO>,1.3018185185185018,1.6947314551577068,0.7011494252873564,0.7011494252873564,,,0.7011494252873564,0.7011494252873564,0,0,1,1,0,0,0,1,1,0,0,318,97,4,In_domain,New_scaffold
THR,4,DOPO_EP_0095,TBO,,O=P(C(NC1=NC(NC(P2(C3=C(C4=C(O2)C=CC=C4)C=CC=C3)=O)C5=C(O)C=CC=C5)=NN1)C6=C(O)C=CC=C6)(C7=C8C=CC=C7)OC9=C8C=CC=C9,,https://doi.org/10.1016/j.polymdegradstab.2022.109909,O=P1(C(Nc2n[nH]c(NC(c3ccccc3O)P3(=O)Oc4ccccc4-c4ccccc43)n2)c2ccccc2O)Oc2ccccc2-c2ccccc21,O=P1(C(Nc2n[nH]c(NC(c3ccccc3)P3(=O)Oc4ccccc4-c4ccccc43)n2)c2ccccc2)Oc2ccccc2-c2ccccc21,81.6,0.0,1,molecule,formulation,baseline_inclusive,fixed,0,100.76171829815044,94.77046723566616,60.75974620632594,128.7811882650064,1,O=P1(C(Nc2n[nH]c(NC(c3ccccc3O)P3(=O)Oc4ccccc4-c4ccccc43)n2)c2ccccc2O)Oc2ccccc2-c2ccccc21,O=P1(C(Nc2n[nH]c(NC(c3ccccc3)P3(=O)Oc4ccccc4-c4ccccc43)n2)c2ccccc2)Oc2ccccc2-c2ccccc21,,,0,O=P1(C(Nc2n[nH]c(NC(c3ccccc3O)P3(=O)Oc4ccccc4-c4ccccc43)n2)c2ccccc2O)Oc2ccccc2-c2ccccc21||<NO_CO>,19.161718298150447,367.1714481376737,0.6404494382022472,0.6404494382022472,,,0.6404494382022472,0.6404494382022472,0,0,1,1,0,0,0,1,1,0,0,318,97,4,Caution,New_scaffold
THR,4,DOPO_EP_0098,TBO,,O=P(C(NC1=NC(NC(P2(C3=C(C4=C(O2)C=CC=C4)C=CC=C3)=O)C5=C(O)C=CC=C5)=NN1)C6=C(O)C=CC=C6)(C7=C8C=CC=C7)OC9=C8C=CC=C9,,https://doi.org/10.1016/j.polymdegradstab.2022.109909,O=P1(C(Nc2n[nH]c(NC(c3ccccc3O)P3(=O)Oc4ccccc4-c4ccccc43)n2)c2ccccc2O)Oc2ccccc2-c2ccccc21,O=P1(C(Nc2n[nH]c(NC(c3ccccc3)P3(=O)Oc4ccccc4-c4ccccc43)n2)c2ccccc2)Oc2ccccc2-c2ccccc21,56.4,11.94,0,molecule,formulation,baseline_inclusive,fixed,0,64.0083407407407,63.32711111111104,29.316390081770805,97.33783214045128,1,O=P1(C(Nc2n[nH]c(NC(c3ccccc3O)P3(=O)Oc4ccccc4-c4ccccc43)n2)c2ccccc2O)Oc2ccccc2-c2ccccc21,O=P1(C(Nc2n[nH]c(NC(c3ccccc3)P3(=O)Oc4ccccc4-c4ccccc43)n2)c2ccccc2)Oc2ccccc2-c2ccccc21,,,0,O=P1(C(Nc2n[nH]c(NC(c3ccccc3O)P3(=O)Oc4ccccc4-c4ccccc43)n2)c2ccccc2O)Oc2ccccc2-c2ccccc21||<NO_CO>,7.608340740740708,57.88684882721486,0.6404494382022472,0.6404494382022472,,,0.6404494382022472,0.6404494382022472,0,0,1,1,0,0,0,1,1,0,0,318,97,4,Caution,New_scaffold
THR,4,DOPO_EP_0128,DCAD,,O=P1(C2=C(C3=C(O1)C=CC=C3)C=CC=C2)C(/C=C/C4=CC=CC=C4)NC(C=C5)=CC=C5NC(P6(C7=C(C8=C(O6)C=CC=C8)C=CC=C7)=O)/C=C/C9=CC=CC=C9,,https://doi.org/10.1016/j.polymdegradstab.2019.109063,O=P1(C(/C=C/c2ccccc2)Nc2ccc(NC(/C=C/c3ccccc3)P3(=O)Oc4ccccc4-c4ccccc43)cc2)Oc2ccccc2-c2ccccc21,O=P1(C(/C=C/c2ccccc2)Nc2ccc(NC(/C=C/c3ccccc3)P3(=O)Oc4ccccc4-c4ccccc43)cc2)Oc2ccccc2-c2ccccc21,115.8,0.0,1,molecule,formulation,baseline_inclusive,fixed,0,100.76171829815044,114.2229491197691,80.21222809042887,148.23367014910934,1,O=P1(C(/C=C/c2ccccc2)Nc2ccc(NC(/C=C/c3ccccc3)P3(=O)Oc4ccccc4-c4ccccc43)cc2)Oc2ccccc2-c2ccccc21,O=P1(C(/C=C/c2ccccc2)Nc2ccc(NC(/C=C/c3ccccc3)P3(=O)Oc4ccccc4-c4ccccc43)cc2)Oc2ccccc2-c2ccccc21,,,0,O=P1(C(/C=C/c2ccccc2)Nc2ccc(NC(/C=C/c3ccccc3)P3(=O)Oc4ccccc4-c4ccccc43)cc2)Oc2ccccc2-c2ccccc21||<NO_CO>,15.038281701849556,226.14991654418318,0.84,0.84,,,0.84,0.84,0,0,1,1,0,0,0,1,1,0,0,318,97,4,In_domain,New_scaffold
THR,4,DOPO_EP_0129,DCAD,,O=P1(C2=C(C3=C(O1)C=CC=C3)C=CC=C2)C(/C=C/C4=CC=CC=C4)NC(C=C5)=CC=C5NC(P6(C7=C(C8=C(O6)C=CC=C8)C=CC=C7)=O)/C=C/C9=CC=CC=C9,,https://doi.org/10.1016/j.polymdegradstab.2019.109063,O=P1(C(/C=C/c2ccccc2)Nc2ccc(NC(/C=C/c3ccccc3)P3(=O)Oc4ccccc4-c4ccccc43)cc2)Oc2ccccc2-c2ccccc21,O=P1(C(/C=C/c2ccccc2)Nc2ccc(NC(/C=C/c3ccccc3)P3(=O)Oc4ccccc4-c4ccccc43)cc2)Oc2ccccc2-c2ccccc21,104.7,2.0,0,molecule,formulation,baseline_inclusive,fixed,0,102.12168148148145,100.88966719576716,66.87894616642694,134.9003882251074,1,O=P1(C(/C=C/c2ccccc2)Nc2ccc(NC(/C=C/c3ccccc3)P3(=O)Oc4ccccc4-c4ccccc43)cc2)Oc2ccccc2-c2ccccc21,O=P1(C(/C=C/c2ccccc2)Nc2ccc(NC(/C=C/c3ccccc3)P3(=O)Oc4ccccc4-c4ccccc43)cc2)Oc2ccccc2-c2ccccc21,,,0,O=P1(C(/C=C/c2ccccc2)Nc2ccc(NC(/C=C/c3ccccc3)P3(=O)Oc4ccccc4-c4ccccc43)cc2)Oc2ccccc2-c2ccccc21||<NO_CO>,2.5783185185185573,6.647726382935728,0.84,0.84,,,0.84,0.84,0,0,1,1,0,0,0,1,1,0,0,318,97,4,In_domain,New_scaffold
THR,4,DOPO_EP_0130,DCAD,,O=P1(C2=C(C3=C(O1)C=CC=C3)C=CC=C2)C(/C=C/C4=CC=CC=C4)NC(C=C5)=CC=C5NC(P6(C7=C(C8=C(O6)C=CC=C8)C=CC=C7)=O)/C=C/C9=CC=CC=C9,,https://doi.org/10.1016/j.polymdegradstab.2019.109063,O=P1(C(/C=C/c2ccccc2)Nc2ccc(NC(/C=C/c3ccccc3)P3(=O)Oc4ccccc4-c4ccccc43)cc2)Oc2ccccc2-c2ccccc21,O=P1(C(/C=C/c2ccccc2)Nc2ccc(NC(/C=C/c3ccccc3)P3(=O)Oc4ccccc4-c4ccccc43)cc2)Oc2ccccc2-c2ccccc21,93.3,4.0,0,molecule,formulation,baseline_inclusive,fixed,0,92.3546629629629,94.38659259259272,60.3758715632525,128.39731362193297,1,O=P1(C(/C=C/c2ccccc2)Nc2ccc(NC(/C=C/c3ccccc3)P3(=O)Oc4ccccc4-c4ccccc43)cc2)Oc2ccccc2-c2ccccc21,O=P1(C(/C=C/c2ccccc2)Nc2ccc(NC(/C=C/c3ccccc3)P3(=O)Oc4ccccc4-c4ccccc43)cc2)Oc2ccccc2-c2ccccc21,,,0,O=P1(C(/C=C/c2ccccc2)Nc2ccc(NC(/C=C/c3ccccc3)P3(=O)Oc4ccccc4-c4ccccc43)cc2)Oc2ccccc2-c2ccccc21||<NO_CO>,0.9453370370370919,0.8936621135940681,0.84,0.84,,,0.84,0.84,0,0,1,1,0,0,0,1,1,0,0,318,97,4,In_domain,New_scaffold
THR,4,DOPO_EP_0172,DDSi-2,,CC(C1=CC(CCCP2(C3=C(C=CC=C3)C4=C(C=CC=C4)O2)=O)=C(C=C1)O)(C)C5=CC=C(C(CCCP6(C7=C(C=CC=C7)C8=C(C=CC=C8)O6)=O)=C5)O[Si](OC(C=CC(C(C9=CC=C(C(CCCP%10(C%11=C(C=CC=C%11)C%12=C(C=CC=C%12)O%10)=O)=C9)O[Si](OC%13=CC=C(C=C%13CCCP%14(C%15=C(C=CC=C%15)C%16=C(C=CC=C%16)O%14)=O)C(C%17=CC(CCCP%18(C%19=C(C=CC=C%19)C%20=C(C=CC=C%20)O%18)=O)=C(C=C%17)O)(C)C)(C%21=CC=CC=C%21)C%22=CC=CC=C%22)(C)C)=C%23)=C%23CCCP%24(C%25=C(C=CC=C%25)C%26=C(C=CC=C%26)O%24)=O)(C%27=CC=CC=C%27)C%28=CC=CC=C%28,,https://doi.org/10.1021/acs.macromol.8b02090,CC(C)(c1ccc(O)c(CCCP2(=O)Oc3ccccc3-c3ccccc32)c1)c1ccc(O[Si](Oc2ccc(C(C)(C)c3ccc(O[Si](Oc4ccc(C(C)(C)c5ccc(O)c(CCCP6(=O)Oc7ccccc7-c7ccccc76)c5)cc4CCCP4(=O)Oc5ccccc5-c5ccccc54)(c4ccccc4)c4ccccc4)c(CCCP4(=O)Oc5ccccc5-c5ccccc54)c3)cc2CCCP2(=O)Oc3ccccc3-c3ccccc32)(c2ccccc2)c2ccccc2)c(CCCP2(=O)Oc3ccccc3-c3ccccc32)c1,O=P1(CCCc2cccc(Cc3ccc(O[Si](Oc4ccc(Cc5ccc(O[Si](Oc6ccc(Cc7cccc(CCCP8(=O)Oc9ccccc9-c9ccccc98)c7)cc6CCCP6(=O)Oc7ccccc7-c7ccccc76)(c6ccccc6)c6ccccc6)c(CCCP6(=O)Oc7ccccc7-c7ccccc76)c5)cc4CCCP4(=O)Oc5ccccc5-c5ccccc54)(c4ccccc4)c4ccccc4)c(CCCP4(=O)Oc5ccccc5-c5ccccc54)c3)c2)Oc2ccccc2-c2ccccc21,98.0,8.0,0,molecule,formulation,baseline_inclusive,fixed,0,89.6009777777778,85.53350000000003,51.5227789706598,119.54422102934026,1,CC(C)(c1ccc(O)c(CCCP2(=O)Oc3ccccc3-c3ccccc32)c1)c1ccc(O[Si](Oc2ccc(C(C)(C)c3ccc(O[Si](Oc4ccc(C(C)(C)c5ccc(O)c(CCCP6(=O)Oc7ccccc7-c7ccccc76)c5)cc4CCCP4(=O)Oc5ccccc5-c5ccccc54)(c4ccccc4)c4ccccc4)c(CCCP4(=O)Oc5ccccc5-c5ccccc54)c3)cc2CCCP2(=O)Oc3ccccc3-c3ccccc32)(c2ccccc2)c2ccccc2)c(CCCP2(=O)Oc3ccccc3-c3ccccc32)c1,O=P1(CCCc2cccc(Cc3ccc(O[Si](Oc4ccc(Cc5ccc(O[Si](Oc6ccc(Cc7cccc(CCCP8(=O)Oc9ccccc9-c9ccccc98)c7)cc6CCCP6(=O)Oc7ccccc7-c7ccccc76)(c6ccccc6)c6ccccc6)c(CCCP6(=O)Oc7ccccc7-c7ccccc76)c5)cc4CCCP4(=O)Oc5ccccc5-c5ccccc54)(c4ccccc4)c4ccccc4)c(CCCP4(=O)Oc5ccccc5-c5ccccc54)c3)c2)Oc2ccccc2-c2ccccc21,,,0,CC(C)(c1ccc(O)c(CCCP2(=O)Oc3ccccc3-c3ccccc32)c1)c1ccc(O[Si](Oc2ccc(C(C)(C)c3ccc(O[Si](Oc4ccc(C(C)(C)c5ccc(O)c(CCCP6(=O)Oc7ccccc7-c7ccccc76)c5)cc4CCCP4(=O)Oc5ccccc5-c5ccccc54)(c4ccccc4)c4ccccc4)c(CCCP4(=O)Oc5ccccc5-c5ccccc54)c3)cc2CCCP2(=O)Oc3ccccc3-c3ccccc32)(c2ccccc2)c2ccccc2)c(CCCP2(=O)Oc3ccccc3-c3ccccc32)c1||<NO_CO>,8.3990222222222,70.54357428938235,1.0,1.0,,,1.0,1.0,0,0,1,1,0,0,0,1,1,0,0,318,97,4,In_domain,New_scaffold
THR,4,DOPO_EP_0204,DOPT,,CC1=CC=C(S(=O)(NP2(C3=C(C4=C(O2)C=CC=C4)C=CC=C3)=O)=O)C=C1,,https://doi.org/10.1016/j.firesaf.2021.103472,Cc1ccc(S(=O)(=O)NP2(=O)Oc3ccccc3-c3ccccc32)cc1,O=P1(NS(=O)(=O)c2ccccc2)Oc2ccccc2-c2ccccc21,67.3,0.0,1,molecule,formulation,baseline_inclusive,fixed,0,100.76171829815044,97.1858614372056,63.17514040786536,131.1965824665458,1,Cc1ccc(S(=O)(=O)NP2(=O)Oc3ccccc3-c3ccccc32)cc1,O=P1(NS(=O)(=O)c2ccccc2)Oc2ccccc2-c2ccccc21,,,0,Cc1ccc(S(=O)(=O)NP2(=O)Oc3ccccc3-c3ccccc32)cc1||<NO_CO>,33.461718298150444,1119.6865914647763,0.4230769230769231,0.4230769230769231,,,0.4230769230769231,0.4230769230769231,0,0,1,1,0,0,0,1,1,0,0,318,97,4,Extrapolation,New_scaffold
THR,4,DOPO_EP_0205,DOPT,,CC1=CC=C(S(=O)(NP2(C3=C(C4=C(O2)C=CC=C4)C=CC=C3)=O)=O)C=C1,,https://doi.org/10.1016/j.firesaf.2021.103472,Cc1ccc(S(=O)(=O)NP2(=O)Oc3ccccc3-c3ccccc32)cc1,O=P1(NS(=O)(=O)c2ccccc2)Oc2ccccc2-c2ccccc21,57.8,2.49,0,molecule,formulation,baseline_inclusive,fixed,0,59.879888888888885,55.89814444444445,21.887423415104216,89.90886547378469,1,Cc1ccc(S(=O)(=O)NP2(=O)Oc3ccccc3-c3ccccc32)cc1,O=P1(NS(=O)(=O)c2ccccc2)Oc2ccccc2-c2ccccc21,,,0,Cc1ccc(S(=O)(=O)NP2(=O)Oc3ccccc3-c3ccccc32)cc1||<NO_CO>,2.0798888888888882,4.325937790123454,0.4230769230769231,0.4230769230769231,,,0.4230769230769231,0.4230769230769231,0,0,1,1,0,0,0,1,1,0,0,318,97,4,Extrapolation,New_scaffold
THR,4,DOPO_EP_0206,DOPT,,CC1=CC=C(S(=O)(NP2(C3=C(C4=C(O2)C=CC=C4)C=CC=C3)=O)=O)C=C1,,https://doi.org/10.1016/j.firesaf.2021.103472,Cc1ccc(S(=O)(=O)NP2(=O)Oc3ccccc3-c3ccccc32)cc1,O=P1(NS(=O)(=O)c2ccccc2)Oc2ccccc2-c2ccccc21,51.6,4.98,0,molecule,formulation,baseline_inclusive,fixed,0,58.365229629629575,52.99397037037042,18.983249341030188,87.00469139971065,1,Cc1ccc(S(=O)(=O)NP2(=O)Oc3ccccc3-c3ccccc32)cc1,O=P1(NS(=O)(=O)c2ccccc2)Oc2ccccc2-c2ccccc21,,,0,Cc1ccc(S(=O)(=O)NP2(=O)Oc3ccccc3-c3ccccc32)cc1||<NO_CO>,6.765229629629573,45.76833194161789,0.4230769230769231,0.4230769230769231,,,0.4230769230769231,0.4230769230769231,0,0,1,1,0,0,0,1,1,0,0,318,97,4,Extrapolation,New_scaffold
THR,4,DOPO_EP_0207,DOPT,,CC1=CC=C(S(=O)(NP2(C3=C(C4=C(O2)C=CC=C4)C=CC=C3)=O)=O)C=C1,,https://doi.org/10.1016/j.firesaf.2021.103472,Cc1ccc(S(=O)(=O)NP2(=O)Oc3ccccc3-c3ccccc32)cc1,O=P1(NS(=O)(=O)c2ccccc2)Oc2ccccc2-c2ccccc21,54.2,7.59,0,molecule,formulation,baseline_inclusive,fixed,0,59.58508148148142,51.41057037037042,17.39984934103019,85.42129139971065,1,Cc1ccc(S(=O)(=O)NP2(=O)Oc3ccccc3-c3ccccc32)cc1,O=P1(NS(=O)(=O)c2ccccc2)Oc2ccccc2-c2ccccc21,,,0,Cc1ccc(S(=O)(=O)NP2(=O)Oc3ccccc3-c3ccccc32)cc1||<NO_CO>,5.385081481481414,28.999102562194064,0.4230769230769231,0.4230769230769231,,,0.4230769230769231,0.4230769230769231,0,0,1,1,0,0,0,1,1,0,0,318,97,4,Extrapolation,New_scaffold
THR,4,DOPO_EP_0226,SFD-BOZ,,O=P(C1=C2C=CC=C1)(C3C4=C(OCN3CC5=CC=CO5)C=CC=C4)OC6=C2C=CC=C6,,https://doi.org/10.1016/j.polymdegradstab.2022.109878,O=P1(C2c3ccccc3OCN2Cc2ccco2)Oc2ccccc2-c2ccccc21,O=P1(C2c3ccccc3OCN2Cc2ccco2)Oc2ccccc2-c2ccccc21,85.0,0.0,1,molecule,formulation,baseline_inclusive,fixed,0,100.76171829815044,97.1858614372056,63.17514040786536,131.1965824665458,1,O=P1(C2c3ccccc3OCN2Cc2ccco2)Oc2ccccc2-c2ccccc21,O=P1(C2c3ccccc3OCN2Cc2ccco2)Oc2ccccc2-c2ccccc21,,,0,O=P1(C2c3ccccc3OCN2Cc2ccco2)Oc2ccccc2-c2ccccc21||<NO_CO>,15.761718298150441,248.43176371025044,0.34285714285714286,0.34285714285714286,,,0.34285714285714286,0.34285714285714286,0,0,1,1,0,0,0,1,1,0,0,318,97,4,Extrapolation,New_scaffold
THR,4,DOPO_EP_0227,SFD-BOZ,,O=P(C1=C2C=CC=C1)(C3C4=C(OCN3CC5=CC=CO5)C=CC=C4)OC6=C2C=CC=C6,,https://doi.org/10.1016/j.polymdegradstab.2022.109878,O=P1(C2c3ccccc3OCN2Cc2ccco2)Oc2ccccc2-c2ccccc21,O=P1(C2c3ccccc3OCN2Cc2ccco2)Oc2ccccc2-c2ccccc21,64.0,6.9,0,molecule,formulation,baseline_inclusive,fixed,0,66.2552666666669,70.5181407407408,36.50741971140057,104.52886177008104,1,O=P1(C2c3ccccc3OCN2Cc2ccco2)Oc2ccccc2-c2ccccc21,O=P1(C2c3ccccc3OCN2Cc2ccco2)Oc2ccccc2-c2ccccc21,,,0,O=P1(C2c3ccccc3OCN2Cc2ccco2)Oc2ccccc2-c2ccccc21||<NO_CO>,2.2552666666668983,5.086227737778823,0.34285714285714286,0.34285714285714286,,,0.34285714285714286,0.34285714285714286,0,0,1,1,0,0,0,1,1,0,0,318,97,4,Extrapolation,New_scaffold
THR,4,DOPO_EP_0228,SFD-BOZ,,O=P(C1=C2C=CC=C1)(C3C4=C(OCN3CC5=CC=CO5)C=CC=C4)OC6=C2C=CC=C6,,https://doi.org/10.1016/j.polymdegradstab.2022.109878,O=P1(C2c3ccccc3OCN2Cc2ccco2)Oc2ccccc2-c2ccccc21,O=P1(C2c3ccccc3OCN2Cc2ccco2)Oc2ccccc2-c2ccccc21,58.0,13.8,0,molecule,formulation,baseline_inclusive,fixed,0,64.74514074074088,66.4688555555556,32.458134526215375,100.47957658489584,1,O=P1(C2c3ccccc3OCN2Cc2ccco2)Oc2ccccc2-c2ccccc21,O=P1(C2c3ccccc3OCN2Cc2ccco2)Oc2ccccc2-c2ccccc21,,,0,O=P1(C2c3ccccc3OCN2Cc2ccco2)Oc2ccccc2-c2ccccc21||<NO_CO>,6.745140740740879,45.49692361240242,0.34285714285714286,0.34285714285714286,,,0.34285714285714286,0.34285714285714286,0,0,1,1,0,0,0,1,1,0,0,318,97,4,Extrapolation,New_scaffold
THR,4,DOPO_EP_0229,SFD-BOZ,,O=P(C1=C2C=CC=C1)(C3C4=C(OCN3CC5=CC=CO5)C=CC=C4)OC6=C2C=CC=C6,,https://doi.org/10.1016/j.polymdegradstab.2022.109878,O=P1(C2c3ccccc3OCN2Cc2ccco2)Oc2ccccc2-c2ccccc21,O=P1(C2c3ccccc3OCN2Cc2ccco2)Oc2ccccc2-c2ccccc21,54.0,20.7,0,molecule,formulation,baseline_inclusive,fixed,0,58.247725925926105,59.13380000000016,25.123078970659925,93.14452102934038,1,O=P1(C2c3ccccc3OCN2Cc2ccco2)Oc2ccccc2-c2ccccc21,O=P1(C2c3ccccc3OCN2Cc2ccco2)Oc2ccccc2-c2ccccc21,,,0,O=P1(C2c3ccccc3OCN2Cc2ccco2)Oc2ccccc2-c2ccccc21||<NO_CO>,4.247725925926105,18.043175541784784,0.34285714285714286,0.34285714285714286,,,0.34285714285714286,0.34285714285714286,0,0,1,1,0,0,0,1,1,0,0,318,97,4,Extrapolation,New_scaffold
THR,4,DOPO_EP_0262,DMBT,,O=P(C1=C2C=CC=C1)(SC3=NC4=C(S3)C=CC=C4)OC5=C2C=CC=C5,,https://doi.org/10.1016/j.compositesb.2019.03.052,O=P1(Sc2nc3ccccc3s2)Oc2ccccc2-c2ccccc21,O=P1(Sc2nc3ccccc3s2)Oc2ccccc2-c2ccccc21,76.0,0.0,1,molecule,formulation,baseline_inclusive,fixed,0,100.76171829815044,97.1858614372056,63.17514040786536,131.1965824665458,1,O=P1(Sc2nc3ccccc3s2)Oc2ccccc2-c2ccccc21,O=P1(Sc2nc3ccccc3s2)Oc2ccccc2-c2ccccc21,,,0,O=P1(Sc2nc3ccccc3s2)Oc2ccccc2-c2ccccc21||<NO_CO>,24.76171829815044,613.1426930769584,0.5176470588235295,0.5176470588235295,,,0.5176470588235295,0.5176470588235295,0,0,1,1,0,0,0,1,1,0,0,318,97,4,Caution,New_scaffold
THR,4,DOPO_EP_0264,DMBT,,O=P(C1=C2C=CC=C1)(SC3=NC4=C(S3)C=CC=C4)OC5=C2C=CC=C5,,https://doi.org/10.1016/j.compositesb.2019.03.052,O=P1(Sc2nc3ccccc3s2)Oc2ccccc2-c2ccccc21,O=P1(Sc2nc3ccccc3s2)Oc2ccccc2-c2ccccc21,71.0,10.0,0,molecule,formulation,baseline_inclusive,fixed,0,67.81852222222219,69.09734814814811,35.08662711880788,103.10806917748836,1,O=P1(Sc2nc3ccccc3s2)Oc2ccccc2-c2ccccc21,O=P1(Sc2nc3ccccc3s2)Oc2ccccc2-c2ccccc21,,,0,O=P1(Sc2nc3ccccc3s2)Oc2ccccc2-c2ccccc21||<NO_CO>,3.1814777777778147,10.121800850494061,0.5176470588235295,0.5176470588235295,,,0.5176470588235295,0.5176470588235295,0,0,1,1,0,0,0,1,1,0,0,318,97,4,Caution,New_scaffold
THR,4,DOPO_EP_0277,TAD,,O=P(CCCN1C(N(C(N(C1=O)CCCP2(C3=C(C4=C(O2)C=CC=C4)C=CC=C3)=O)=O)CCCP5(C6=C(C7=C(O5)C=CC=C7)C=CC=C6)=O)=O)(C8=C9C=CC=C8)OC%10=C9C=CC=C%10,,http://dx.doi.org/10.1016/j.polymdegradstab.2016.09.014,O=c1n(CCCP2(=O)Oc3ccccc3-c3ccccc32)c(=O)n(CCCP2(=O)Oc3ccccc3-c3ccccc32)c(=O)n1CCCP1(=O)Oc2ccccc2-c2ccccc21,O=c1n(CCCP2(=O)Oc3ccccc3-c3ccccc32)c(=O)n(CCCP2(=O)Oc3ccccc3-c3ccccc32)c(=O)n1CCCP1(=O)Oc2ccccc2-c2ccccc21,93.9,0.0,1,molecule,formulation,baseline_inclusive,fixed,0,100.76171829815044,114.2229491197691,80.21222809042887,148.23367014910934,1,O=c1n(CCCP2(=O)Oc3ccccc3-c3ccccc32)c(=O)n(CCCP2(=O)Oc3ccccc3-c3ccccc32)c(=O)n1CCCP1(=O)Oc2ccccc2-c2ccccc21,O=c1n(CCCP2(=O)Oc3ccccc3-c3ccccc32)c(=O)n(CCCP2(=O)Oc3ccccc3-c3ccccc32)c(=O)n1CCCP1(=O)Oc2ccccc2-c2ccccc21,,,0,O=c1n(CCCP2(=O)Oc3ccccc3-c3ccccc32)c(=O)n(CCCP2(=O)Oc3ccccc3-c3ccccc32)c(=O)n1CCCP1(=O)Oc2ccccc2-c2ccccc21||<NO_CO>,6.861718298150436,47.08317800317251,0.547945205479452,0.547945205479452,,,0.547945205479452,0.547945205479452,0,0,1,1,0,1,1,1,1,1,1,318,97,4,Caution,Seen_scaffold
THR,4,DOPO_EP_0278,TAD,,O=P(CCCN1C(N(C(N(C1=O)CCCP2(C3=C(C4=C(O2)C=CC=C4)C=CC=C3)=O)=O)CCCP5(C6=C(C7=C(O5)C=CC=C7)C=CC=C6)=O)=O)(C8=C9C=CC=C8)OC%10=C9C=CC=C%10,,http://dx.doi.org/10.1016/j.polymdegradstab.2016.09.014,O=c1n(CCCP2(=O)Oc3ccccc3-c3ccccc32)c(=O)n(CCCP2(=O)Oc3ccccc3-c3ccccc32)c(=O)n1CCCP1(=O)Oc2ccccc2-c2ccccc21,O=c1n(CCCP2(=O)Oc3ccccc3-c3ccccc32)c(=O)n(CCCP2(=O)Oc3ccccc3-c3ccccc32)c(=O)n1CCCP1(=O)Oc2ccccc2-c2ccccc21,60.8,6.0,0,molecule,formulation,baseline_inclusive,fixed,0,74.9247518518519,72.42020740740739,38.40948637806716,106.43092843674762,1,O=c1n(CCCP2(=O)Oc3ccccc3-c3ccccc32)c(=O)n(CCCP2(=O)Oc3ccccc3-c3ccccc32)c(=O)n1CCCP1(=O)Oc2ccccc2-c2ccccc21,O=c1n(CCCP2(=O)Oc3ccccc3-c3ccccc32)c(=O)n(CCCP2(=O)Oc3ccccc3-c3ccccc32)c(=O)n1CCCP1(=O)Oc2ccccc2-c2ccccc21,,,0,O=c1n(CCCP2(=O)Oc3ccccc3-c3ccccc32)c(=O)n(CCCP2(=O)Oc3ccccc3-c3ccccc32)c(=O)n1CCCP1(=O)Oc2ccccc2-c2ccccc21||<NO_CO>,14.124751851851897,199.5086148763936,0.547945205479452,0.547945205479452,,,0.547945205479452,0.547945205479452,0,0,1,1,0,1,1,1,1,1,1,318,97,4,Caution,Seen_scaffold
THR,4,DOPO_EP_0279,TAD,,O=P(CCCN1C(N(C(N(C1=O)CCCP2(C3=C(C4=C(O2)C=CC=C4)C=CC=C3)=O)=O)CCCP5(C6=C(C7=C(O5)C=CC=C7)C=CC=C6)=O)=O)(C8=C9C=CC=C8)OC%10=C9C=CC=C%10,,http://dx.doi.org/10.1016/j.polymdegradstab.2016.09.014,O=c1n(CCCP2(=O)Oc3ccccc3-c3ccccc32)c(=O)n(CCCP2(=O)Oc3ccccc3-c3ccccc32)c(=O)n1CCCP1(=O)Oc2ccccc2-c2ccccc21,O=c1n(CCCP2(=O)Oc3ccccc3-c3ccccc32)c(=O)n(CCCP2(=O)Oc3ccccc3-c3ccccc32)c(=O)n1CCCP1(=O)Oc2ccccc2-c2ccccc21,53.7,8.0,0,molecule,formulation,baseline_inclusive,fixed,0,70.33026666666663,69.40542962962972,35.39470860028949,103.41615065896995,1,O=c1n(CCCP2(=O)Oc3ccccc3-c3ccccc32)c(=O)n(CCCP2(=O)Oc3ccccc3-c3ccccc32)c(=O)n1CCCP1(=O)Oc2ccccc2-c2ccccc21,O=c1n(CCCP2(=O)Oc3ccccc3-c3ccccc32)c(=O)n(CCCP2(=O)Oc3ccccc3-c3ccccc32)c(=O)n1CCCP1(=O)Oc2ccccc2-c2ccccc21,,,0,O=c1n(CCCP2(=O)Oc3ccccc3-c3ccccc32)c(=O)n(CCCP2(=O)Oc3ccccc3-c3ccccc32)c(=O)n1CCCP1(=O)Oc2ccccc2-c2ccccc21||<NO_CO>,16.63026666666663,276.5657694044432,0.547945205479452,0.547945205479452,,,0.547945205479452,0.547945205479452,0,0,1,1,0,1,1,1,1,1,1,318,97,4,Caution,Seen_scaffold
THR,4,DOPO_EP_0280,TAD,,O=P(CCCN1C(N(C(N(C1=O)CCCP2(C3=C(C4=C(O2)C=CC=C4)C=CC=C3)=O)=O)CCCP5(C6=C(C7=C(O5)C=CC=C7)C=CC=C6)=O)=O)(C8=C9C=CC=C8)OC%10=C9C=CC=C%10,,http://dx.doi.org/10.1016/j.polymdegradstab.2016.09.014,O=c1n(CCCP2(=O)Oc3ccccc3-c3ccccc32)c(=O)n(CCCP2(=O)Oc3ccccc3-c3ccccc32)c(=O)n1CCCP1(=O)Oc2ccccc2-c2ccccc21,O=c1n(CCCP2(=O)Oc3ccccc3-c3ccccc32)c(=O)n(CCCP2(=O)Oc3ccccc3-c3ccccc32)c(=O)n1CCCP1(=O)Oc2ccccc2-c2ccccc21,57.7,10.0,0,molecule,formulation,baseline_inclusive,fixed,0,67.95084074074079,68.29524074074091,34.28451971140068,102.30596177008114,1,O=c1n(CCCP2(=O)Oc3ccccc3-c3ccccc32)c(=O)n(CCCP2(=O)Oc3ccccc3-c3ccccc32)c(=O)n1CCCP1(=O)Oc2ccccc2-c2ccccc21,O=c1n(CCCP2(=O)Oc3ccccc3-c3ccccc32)c(=O)n(CCCP2(=O)Oc3ccccc3-c3ccccc32)c(=O)n1CCCP1(=O)Oc2ccccc2-c2ccccc21,,,0,O=c1n(CCCP2(=O)Oc3ccccc3-c3ccccc32)c(=O)n(CCCP2(=O)Oc3ccccc3-c3ccccc32)c(=O)n1CCCP1(=O)Oc2ccccc2-c2ccccc21||<NO_CO>,10.250840740740784,105.07973589203108,0.547945205479452,0.547945205479452,,,0.547945205479452,0.547945205479452,0,0,1,1,0,1,1,1,1,1,1,318,97,4,Caution,Seen_scaffold
THR,4,DOPO_EP_0281,TAD,,O=P(CCCN1C(N(C(N(C1=O)CCCP2(C3=C(C4=C(O2)C=CC=C4)C=CC=C3)=O)=O)CCCP5(C6=C(C7=C(O5)C=CC=C7)C=CC=C6)=O)=O)(C8=C9C=CC=C8)OC%10=C9C=CC=C%10,,http://dx.doi.org/10.1016/j.polymdegradstab.2016.09.014,O=c1n(CCCP2(=O)Oc3ccccc3-c3ccccc32)c(=O)n(CCCP2(=O)Oc3ccccc3-c3ccccc32)c(=O)n1CCCP1(=O)Oc2ccccc2-c2ccccc21,O=c1n(CCCP2(=O)Oc3ccccc3-c3ccccc32)c(=O)n(CCCP2(=O)Oc3ccccc3-c3ccccc32)c(=O)n1CCCP1(=O)Oc2ccccc2-c2ccccc21,55.7,12.0,0,molecule,formulation,baseline_inclusive,fixed,0,65.17379629629639,67.57622592592605,33.56550489658582,101.58694695526628,1,O=c1n(CCCP2(=O)Oc3ccccc3-c3ccccc32)c(=O)n(CCCP2(=O)Oc3ccccc3-c3ccccc32)c(=O)n1CCCP1(=O)Oc2ccccc2-c2ccccc21,O=c1n(CCCP2(=O)Oc3ccccc3-c3ccccc32)c(=O)n(CCCP2(=O)Oc3ccccc3-c3ccccc32)c(=O)n1CCCP1(=O)Oc2ccccc2-c2ccccc21,,,0,O=c1n(CCCP2(=O)Oc3ccccc3-c3ccccc32)c(=O)n(CCCP2(=O)Oc3ccccc3-c3ccccc32)c(=O)n1CCCP1(=O)Oc2ccccc2-c2ccccc21||<NO_CO>,9.473796296296385,89.7528162637191,0.547945205479452,0.547945205479452,,,0.547945205479452,0.547945205479452,0,0,1,1,0,1,1,1,1,1,1,318,97,4,Caution,Seen_scaffold
THR,4,DOPO_EP_0287,DOPOBH,,OC(C=C1)=CC=C1N(C2P3(C4=C(C5=C(O3)C=CC=C5)C=CC=C4)=O)COC6=C2C=CC=C6,,https://doi.org/10.1016/j.polymer.2024.127173,O=P1(C2c3ccccc3OCN2c2ccc(O)cc2)Oc2ccccc2-c2ccccc21,O=P1(C2c3ccccc3OCN2c2ccccc2)Oc2ccccc2-c2ccccc21,88.0,0.0,1,molecule,formulation,baseline_inclusive,fixed,0,100.76171829815044,97.1858614372056,63.17514040786536,131.1965824665458,1,O=P1(C2c3ccccc3OCN2c2ccc(O)cc2)Oc2ccccc2-c2ccccc21,O=P1(C2c3ccccc3OCN2c2ccccc2)Oc2ccccc2-c2ccccc21,,,0,O=P1(C2c3ccccc3OCN2c2ccc(O)cc2)Oc2ccccc2-c2ccccc21||<NO_CO>,12.761718298150441,162.8614539213478,0.37623762376237624,0.37623762376237624,,,0.37623762376237624,0.37623762376237624,0,0,1,1,0,0,0,1,1,0,0,318,97,4,Extrapolation,New_scaffold
THR,4,DOPO_EP_0290,DOPOBH,,OC(C=C1)=CC=C1N(C2P3(C4=C(C5=C(O3)C=CC=C5)C=CC=C4)=O)COC6=C2C=CC=C6,,https://doi.org/10.1016/j.polymer.2024.127173,O=P1(C2c3ccccc3OCN2c2ccc(O)cc2)Oc2ccccc2-c2ccccc21,O=P1(C2c3ccccc3OCN2c2ccccc2)Oc2ccccc2-c2ccccc21,73.1,17.1,0,molecule,formulation,baseline_inclusive,fixed,0,58.048796296296274,62.27878518518526,28.268064155845025,96.28950621452547,1,O=P1(C2c3ccccc3OCN2c2ccc(O)cc2)Oc2ccccc2-c2ccccc21,O=P1(C2c3ccccc3OCN2c2ccccc2)Oc2ccccc2-c2ccccc21,,,0,O=P1(C2c3ccccc3OCN2c2ccc(O)cc2)Oc2ccccc2-c2ccccc21||<NO_CO>,15.05120370370372,226.53873293038458,0.37623762376237624,0.37623762376237624,,,0.37623762376237624,0.37623762376237624,0,0,1,1,0,0,0,1,1,0,0,318,97,4,Extrapolation,New_scaffold
THR,4,DOPO_EP_0291,DOPOBH,,OC(C=C1)=CC=C1N(C2P3(C4=C(C5=C(O3)C=CC=C5)C=CC=C4)=O)COC6=C2C=CC=C6,,https://doi.org/10.1016/j.polymer.2024.127173,O=P1(C2c3ccccc3OCN2c2ccc(O)cc2)Oc2ccccc2-c2ccccc21,O=P1(C2c3ccccc3OCN2c2ccccc2)Oc2ccccc2-c2ccccc21,68.0,21.38,0,molecule,formulation,baseline_inclusive,fixed,0,56.79870370370362,60.64789629629645,26.63717526695622,94.65861732563668,1,O=P1(C2c3ccccc3OCN2c2ccc(O)cc2)Oc2ccccc2-c2ccccc21,O=P1(C2c3ccccc3OCN2c2ccccc2)Oc2ccccc2-c2ccccc21,,,0,O=P1(C2c3ccccc3OCN2c2ccc(O)cc2)Oc2ccccc2-c2ccccc21||<NO_CO>,11.201296296296377,125.46903871742293,0.37623762376237624,0.37623762376237624,,,0.37623762376237624,0.37623762376237624,0,0,1,1,0,0,0,1,1,0,0,318,97,4,Extrapolation,New_scaffold
THR,4,DOPO_EP_0292,DOPO-BD,,CC(NNC(C1=CC=CC=C1)=O)(P2(C3=C(C4=C(O2)C=CC=C4)C=CC=C3)=O)C5=CC=C(O)C=C5,,https://doi.org/10.1002/fam.3200,CC(NNC(=O)c1ccccc1)(c1ccc(O)cc1)P1(=O)Oc2ccccc2-c2ccccc21,O=C(NNC(c1ccccc1)P1(=O)Oc2ccccc2-c2ccccc21)c1ccccc1,98.1,0.0,1,molecule,formulation,baseline_inclusive,fixed,0,100.76171829815044,97.1858614372056,63.17514040786536,131.1965824665458,1,CC(NNC(=O)c1ccccc1)(c1ccc(O)cc1)P1(=O)Oc2ccccc2-c2ccccc21,O=C(NNC(c1ccccc1)P1(=O)Oc2ccccc2-c2ccccc21)c1ccccc1,,,0,CC(NNC(=O)c1ccccc1)(c1ccc(O)cc1)P1(=O)Oc2ccccc2-c2ccccc21||<NO_CO>,2.661718298150447,7.084744298708912,0.35185185185185186,0.35185185185185186,,,0.35185185185185186,0.35185185185185186,0,0,1,1,0,0,0,1,1,0,0,318,97,4,Extrapolation,New_scaffold
THR,4,DOPO_EP_0295,DOPO-BD,,CC(NNC(C1=CC=CC=C1)=O)(P2(C3=C(C4=C(O2)C=CC=C4)C=CC=C3)=O)C5=CC=C(O)C=C5,,https://doi.org/10.1002/fam.3200,CC(NNC(=O)c1ccccc1)(c1ccc(O)cc1)P1(=O)Oc2ccccc2-c2ccccc21,O=C(NNC(c1ccccc1)P1(=O)Oc2ccccc2-c2ccccc21)c1ccccc1,84.6,22.78,0,molecule,formulation,baseline_inclusive,fixed,0,66.70954074074072,71.13660555555568,37.12588452621544,105.14732658489592,1,CC(NNC(=O)c1ccccc1)(c1ccc(O)cc1)P1(=O)Oc2ccccc2-c2ccccc21,O=C(NNC(c1ccccc1)P1(=O)Oc2ccccc2-c2ccccc21)c1ccccc1,,,0,CC(NNC(=O)c1ccccc1)(c1ccc(O)cc1)P1(=O)Oc2ccccc2-c2ccccc21||<NO_CO>,17.890459259259273,320.0685325072159,0.35185185185185186,0.35185185185185186,,,0.35185185185185186,0.35185185185185186,0,0,1,1,0,0,0,1,1,0,0,318,97,4,Extrapolation,New_scaffold
THR,4,DOPO_EP_0312,DOPO-CDI,,O=P(C(N1C=CN=C1)(O)N2C=CN=C2)(C3=C4C=CC=C3)OC5=C4C=CC=C5,,https://doi.org/10.1016/j.cej.2024.155408,O=P1(C(O)(n2ccnc2)n2ccnc2)Oc2ccccc2-c2ccccc21,O=P1(C(n2ccnc2)n2ccnc2)Oc2ccccc2-c2ccccc21,91.3,0.0,1,molecule,formulation,baseline_inclusive,fixed,0,100.76171829815044,97.1858614372056,63.17514040786536,131.1965824665458,1,O=P1(C(O)(n2ccnc2)n2ccnc2)Oc2ccccc2-c2ccccc21,O=P1(C(n2ccnc2)n2ccnc2)Oc2ccccc2-c2ccccc21,,,0,O=P1(C(O)(n2ccnc2)n2ccnc2)Oc2ccccc2-c2ccccc21||<NO_CO>,9.461718298150444,89.52411315355494,0.38636363636363635,0.38636363636363635,,,0.38636363636363635,0.38636363636363635,0,0,1,1,0,0,0,1,1,0,0,318,97,4,Extrapolation,New_scaffold
THR,4,DOPO_EP_0313,DOPO-CDI,,O=P(C(N1C=CN=C1)(O)N2C=CN=C2)(C3=C4C=CC=C3)OC5=C4C=CC=C5,,https://doi.org/10.1016/j.cej.2024.155408,O=P1(C(O)(n2ccnc2)n2ccnc2)Oc2ccccc2-c2ccccc21,O=P1(C(n2ccnc2)n2ccnc2)Oc2ccccc2-c2ccccc21,73.1,3.0,0,molecule,formulation,baseline_inclusive,fixed,0,75.3628703703704,73.59515185185181,39.58443082251158,107.60587288119204,1,O=P1(C(O)(n2ccnc2)n2ccnc2)Oc2ccccc2-c2ccccc21,O=P1(C(n2ccnc2)n2ccnc2)Oc2ccccc2-c2ccccc21,,,0,O=P1(C(O)(n2ccnc2)n2ccnc2)Oc2ccccc2-c2ccccc21||<NO_CO>,2.2628703703704076,5.120582313100305,0.38636363636363635,0.38636363636363635,,,0.38636363636363635,0.38636363636363635,0,0,1,1,0,0,0,1,1,0,0,318,97,4,Extrapolation,New_scaffold
THR,4,DOPO_EP_0314,DOPO-CDI,,O=P(C(N1C=CN=C1)(O)N2C=CN=C2)(C3=C4C=CC=C3)OC5=C4C=CC=C5,,https://doi.org/10.1016/j.cej.2024.155408,O=P1(C(O)(n2ccnc2)n2ccnc2)Oc2ccccc2-c2ccccc21,O=P1(C(n2ccnc2)n2ccnc2)Oc2ccccc2-c2ccccc21,68.4,4.5,0,molecule,formulation,baseline_inclusive,fixed,0,72.89552592592594,71.32567037037049,37.31494934103026,105.33639139971072,1,O=P1(C(O)(n2ccnc2)n2ccnc2)Oc2ccccc2-c2ccccc21,O=P1(C(n2ccnc2)n2ccnc2)Oc2ccccc2-c2ccccc21,,,0,O=P1(C(O)(n2ccnc2)n2ccnc2)Oc2ccccc2-c2ccccc21||<NO_CO>,4.495525925925932,20.20975335067221,0.38636363636363635,0.38636363636363635,,,0.38636363636363635,0.38636363636363635,0,0,1,1,0,0,0,1,1,0,0,318,97,4,Extrapolation,New_scaffold
THR,4,DOPO_EP_0439,DOPO,PPDA,O=P1C2=C(C3=C(O1)C=CC=C3)C=CC=C2,O=P([O-])([O-])C1=CC=CC=C1.[NH3+]C(C=C2)=CC=C2OC3=CC=C([NH3+])C=C3.O=P([O-])([O-])C4=CC=CC=C4,https://doi.org/10.1016/j.polymdegradstab.2023.110471,O=[PH]1Oc2ccccc2-c2ccccc21,O=[PH]1Oc2ccccc2-c2ccccc21,85.8,5.0,0,molecule,formulation,baseline_inclusive,fixed,0,89.9353343793743,93.2417000441573,59.230979014817066,127.25242107349752,1,O=[PH]1Oc2ccccc2-c2ccccc21,O=[PH]1Oc2ccccc2-c2ccccc21,O=P([O-])([O-])c1ccccc1.O=P([O-])([O-])c1ccccc1.[NH3+]c1ccc(Oc2ccc([NH3+])cc2)cc1,c1ccc(Oc2ccccc2)cc1.c1ccccc1.c1ccccc1,1,O=[PH]1Oc2ccccc2-c2ccccc21||O=P([O-])([O-])c1ccccc1.O=P([O-])([O-])c1ccccc1.[NH3+]c1ccc(Oc2ccc([NH3+])cc2)cc1,4.135334379374299,17.100990429235022,1.0,1.0,0.11627906976744186,0.18181818181818182,0.11627906976744186,0.18181818181818182,1,1,0,0,0,1,1,0,0,0,0,318,97,4,Extrapolation,New_scaffold
THR,4,DOPO_EP_0436,DOPO,PPDA,O=P1C2=C(C3=C(O1)C=CC=C3)C=CC=C2,O=P([O-])([O-])C1=CC=CC=C1.[NH3+]C(C=C2)=CC=C2OC3=CC=C([NH3+])C=C3.O=P([O-])([O-])C4=CC=CC=C4,https://doi.org/10.1016/j.polymdegradstab.2023.110471,O=[PH]1Oc2ccccc2-c2ccccc21,O=[PH]1Oc2ccccc2-c2ccccc21,111.4,0.0,1,molecule,formulation,baseline_inclusive,fixed,0,100.76171829815044,97.1858614372056,63.17514040786536,131.1965824665458,1,O=[PH]1Oc2ccccc2-c2ccccc21,O=[PH]1Oc2ccccc2-c2ccccc21,O=P([O-])([O-])c1ccccc1.O=P([O-])([O-])c1ccccc1.[NH3+]c1ccc(Oc2ccc([NH3+])cc2)cc1,c1ccc(Oc2ccccc2)cc1.c1ccccc1.c1ccccc1,1,O=[PH]1Oc2ccccc2-c2ccccc21||O=P([O-])([O-])c1ccccc1.O=P([O-])([O-])c1ccccc1.[NH3+]c1ccc(Oc2ccc([NH3+])cc2)cc1,10.638281701849564,113.17303756790726,1.0,1.0,0.11627906976744186,0.18181818181818182,0.11627906976744186,0.18181818181818182,1,1,0,0,0,1,1,0,0,0,0,318,97,4,Extrapolation,New_scaffold
THR,4,DOPO_EP_0431,DPSi-ED,,COC1=CC(CCCP2(C3=C(C4=C(O2)C=CC=C4)C=CC=C3)=O)=CC=C1O[Si](C5=CC=CC=C5)(OC6=C(OC)C=C(C=C6)CCCP7(C8=C(C9=C(O7)C=CC=C9)C=CC=C8)=O)C%10=CC=CC=C%10,,https://doi.org/10.1002/app.54474,COc1cc(CCCP2(=O)Oc3ccccc3-c3ccccc32)ccc1O[Si](Oc1ccc(CCCP2(=O)Oc3ccccc3-c3ccccc32)cc1OC)(c1ccccc1)c1ccccc1,O=P1(CCCc2ccc(O[Si](Oc3ccc(CCCP4(=O)Oc5ccccc5-c5ccccc54)cc3)(c3ccccc3)c3ccccc3)cc2)Oc2ccccc2-c2ccccc21,83.0,10.63,0,molecule,formulation,baseline_inclusive,fixed,0,95.41357407407403,94.53203333333352,60.52131230399328,128.54275436267375,1,COc1cc(CCCP2(=O)Oc3ccccc3-c3ccccc32)ccc1O[Si](Oc1ccc(CCCP2(=O)Oc3ccccc3-c3ccccc32)cc1OC)(c1ccccc1)c1ccccc1,O=P1(CCCc2ccc(O[Si](Oc3ccc(CCCP4(=O)Oc5ccccc5-c5ccccc54)cc3)(c3ccccc3)c3ccccc3)cc2)Oc2ccccc2-c2ccccc21,,,0,COc1cc(CCCP2(=O)Oc3ccccc3-c3ccccc32)ccc1O[Si](Oc1ccc(CCCP2(=O)Oc3ccccc3-c3ccccc32)cc1OC)(c1ccccc1)c1ccccc1||<NO_CO>,12.413574074074035,154.09682129252303,0.543859649122807,0.543859649122807,,,0.543859649122807,0.543859649122807,0,0,1,1,0,0,0,1,1,0,0,318,97,4,Caution,New_scaffold
THR,4,DOPO_EP_0430,DPSi-ED,,COC1=CC(CCCP2(C3=C(C4=C(O2)C=CC=C4)C=CC=C3)=O)=CC=C1O[Si](C5=CC=CC=C5)(OC6=C(OC)C=C(C=C6)CCCP7(C8=C(C9=C(O7)C=CC=C9)C=CC=C8)=O)C%10=CC=CC=C%10,,https://doi.org/10.1002/app.54474,COc1cc(CCCP2(=O)Oc3ccccc3-c3ccccc32)ccc1O[Si](Oc1ccc(CCCP2(=O)Oc3ccccc3-c3ccccc32)cc1OC)(c1ccccc1)c1ccccc1,O=P1(CCCc2ccc(O[Si](Oc3ccc(CCCP4(=O)Oc5ccccc5-c5ccccc54)cc3)(c3ccccc3)c3ccccc3)cc2)Oc2ccccc2-c2ccccc21,85.0,7.6,0,molecule,formulation,baseline_inclusive,fixed,0,95.13655925925929,94.74158148148172,60.730860452141485,128.75230251082195,1,COc1cc(CCCP2(=O)Oc3ccccc3-c3ccccc32)ccc1O[Si](Oc1ccc(CCCP2(=O)Oc3ccccc3-c3ccccc32)cc1OC)(c1ccccc1)c1ccccc1,O=P1(CCCc2ccc(O[Si](Oc3ccc(CCCP4(=O)Oc5ccccc5-c5ccccc54)cc3)(c3ccccc3)c3ccccc3)cc2)Oc2ccccc2-c2ccccc21,,,0,COc1cc(CCCP2(=O)Oc3ccccc3-c3ccccc32)ccc1O[Si](Oc1ccc(CCCP2(=O)Oc3ccccc3-c3ccccc32)cc1OC)(c1ccccc1)c1ccccc1||<NO_CO>,10.136559259259286,102.74983361647517,0.543859649122807,0.543859649122807,,,0.543859649122807,0.543859649122807,0,0,1,1,0,0,0,1,1,0,0,318,97,4,Caution,New_scaffold
THR,4,DOPO_EP_0429,DPSi-ED,,COC1=CC(CCCP2(C3=C(C4=C(O2)C=CC=C4)C=CC=C3)=O)=CC=C1O[Si](C5=CC=CC=C5)(OC6=C(OC)C=C(C=C6)CCCP7(C8=C(C9=C(O7)C=CC=C9)C=CC=C8)=O)C%10=CC=CC=C%10,,https://doi.org/10.1002/app.54474,COc1cc(CCCP2(=O)Oc3ccccc3-c3ccccc32)ccc1O[Si](Oc1ccc(CCCP2(=O)Oc3ccccc3-c3ccccc32)cc1OC)(c1ccccc1)c1ccccc1,O=P1(CCCc2ccc(O[Si](Oc3ccc(CCCP4(=O)Oc5ccccc5-c5ccccc54)cc3)(c3ccccc3)c3ccccc3)cc2)Oc2ccccc2-c2ccccc21,100.0,4.56,0,molecule,formulation,baseline_inclusive,fixed,0,101.59404074074078,100.95276296296308,66.94204193362285,134.9634839923033,1,COc1cc(CCCP2(=O)Oc3ccccc3-c3ccccc32)ccc1O[Si](Oc1ccc(CCCP2(=O)Oc3ccccc3-c3ccccc32)cc1OC)(c1ccccc1)c1ccccc1,O=P1(CCCc2ccc(O[Si](Oc3ccc(CCCP4(=O)Oc5ccccc5-c5ccccc54)cc3)(c3ccccc3)c3ccccc3)cc2)Oc2ccccc2-c2ccccc21,,,0,COc1cc(CCCP2(=O)Oc3ccccc3-c3ccccc32)ccc1O[Si](Oc1ccc(CCCP2(=O)Oc3ccccc3-c3ccccc32)cc1OC)(c1ccccc1)c1ccccc1||<NO_CO>,1.5940407407407804,2.540965883141416,0.543859649122807,0.543859649122807,,,0.543859649122807,0.543859649122807,0,0,1,1,0,0,0,1,1,0,0,318,97,4,Caution,New_scaffold
THR,4,DOPO_EP_0428,DPSi-ED,,COC1=CC(CCCP2(C3=C(C4=C(O2)C=CC=C4)C=CC=C3)=O)=CC=C1O[Si](C5=CC=CC=C5)(OC6=C(OC)C=C(C=C6)CCCP7(C8=C(C9=C(O7)C=CC=C9)C=CC=C8)=O)C%10=CC=CC=C%10,,https://doi.org/10.1002/app.54474,COc1cc(CCCP2(=O)Oc3ccccc3-c3ccccc32)ccc1O[Si](Oc1ccc(CCCP2(=O)Oc3ccccc3-c3ccccc32)cc1OC)(c1ccccc1)c1ccccc1,O=P1(CCCc2ccc(O[Si](Oc3ccc(CCCP4(=O)Oc5ccccc5-c5ccccc54)cc3)(c3ccccc3)c3ccccc3)cc2)Oc2ccccc2-c2ccccc21,120.0,0.0,1,molecule,formulation,baseline_inclusive,fixed,0,100.76171829815044,97.1858614372056,63.17514040786536,131.1965824665458,1,COc1cc(CCCP2(=O)Oc3ccccc3-c3ccccc32)ccc1O[Si](Oc1ccc(CCCP2(=O)Oc3ccccc3-c3ccccc32)cc1OC)(c1ccccc1)c1ccccc1,O=P1(CCCc2ccc(O[Si](Oc3ccc(CCCP4(=O)Oc5ccccc5-c5ccccc54)cc3)(c3ccccc3)c3ccccc3)cc2)Oc2ccccc2-c2ccccc21,,,0,COc1cc(CCCP2(=O)Oc3ccccc3-c3ccccc32)ccc1O[Si](Oc1ccc(CCCP2(=O)Oc3ccccc3-c3ccccc32)cc1OC)(c1ccccc1)c1ccccc1||<NO_CO>,19.23828170184956,370.11148283971954,0.543859649122807,0.543859649122807,,,0.543859649122807,0.543859649122807,0,0,1,1,0,0,0,1,1,0,0,318,97,4,Caution,New_scaffold
THR,4,DOPO_EP_0402,DOF,,O=P(C1=C2C=CC=C1)(C(O)C3=CC=CO3)OC4=C2C=CC=C4,,https://doi.org/10.1016/j.indcrop.2023.116917,O=P1(C(O)c2ccco2)Oc2ccccc2-c2ccccc21,O=P1(Cc2ccco2)Oc2ccccc2-c2ccccc21,54.08,12.7,0,molecule,formulation,baseline_inclusive,fixed,0,45.07706666666665,45.13856444444444,11.12784341510421,79.14928547378467,1,O=P1(C(O)c2ccco2)Oc2ccccc2-c2ccccc21,O=P1(Cc2ccco2)Oc2ccccc2-c2ccccc21,,,0,O=P1(C(O)c2ccco2)Oc2ccccc2-c2ccccc21||<NO_CO>,9.002933333333345,81.05280860444466,0.5909090909090909,0.5909090909090909,,,0.5909090909090909,0.5909090909090909,0,0,1,1,0,0,0,1,1,0,0,318,97,4,Caution,New_scaffold
THR,4,DOPO_EP_0400,DOF,,O=P(C1=C2C=CC=C1)(C(O)C3=CC=CO3)OC4=C2C=CC=C4,,https://doi.org/10.1016/j.indcrop.2023.116917,O=P1(C(O)c2ccco2)Oc2ccccc2-c2ccccc21,O=P1(Cc2ccco2)Oc2ccccc2-c2ccccc21,54.43,0.0,1,molecule,formulation,baseline_inclusive,fixed,0,100.76171829815044,97.1858614372056,63.17514040786536,131.1965824665458,0,O=P1(C(O)c2ccco2)Oc2ccccc2-c2ccccc21,O=P1(Cc2ccco2)Oc2ccccc2-c2ccccc21,,,0,O=P1(C(O)c2ccco2)Oc2ccccc2-c2ccccc21||<NO_CO>,46.33171829815044,2146.6281204591683,0.5909090909090909,0.5909090909090909,,,0.5909090909090909,0.5909090909090909,0,0,1,1,0,0,0,1,1,0,0,318,97,4,Caution,New_scaffold
THR,4,DOPO_EP_0398,DDM-SH-DOPO,,COC1=CC(C(P2(C3=C(C4=C(O2)C=CC=C4)C=CC=C3)=O)NC5=CC=C(CC6=CC=C(NC(P7(C8=C(C9=C(O7)C=CC=C9)C=CC=C8)=O)C%10=CC(OC)=C(O)C(OC)=C%10)C=C6)C=C5)=CC(OC)=C1O,,https://doi.org/10.1002/app.55978,COc1cc(C(Nc2ccc(Cc3ccc(NC(c4cc(OC)c(O)c(OC)c4)P4(=O)Oc5ccccc5-c5ccccc54)cc3)cc2)P2(=O)Oc3ccccc3-c3ccccc32)cc(OC)c1O,O=P1(C(Nc2ccc(Cc3ccc(NC(c4ccccc4)P4(=O)Oc5ccccc5-c5ccccc54)cc3)cc2)c2ccccc2)Oc2ccccc2-c2ccccc21,85.92,7.5,0,molecule,formulation,baseline_inclusive,fixed,0,75.11375185185199,69.92380740740741,35.91308637806718,103.93452843674764,1,COc1cc(C(Nc2ccc(Cc3ccc(NC(c4cc(OC)c(O)c(OC)c4)P4(=O)Oc5ccccc5-c5ccccc54)cc3)cc2)P2(=O)Oc3ccccc3-c3ccccc32)cc(OC)c1O,O=P1(C(Nc2ccc(Cc3ccc(NC(c4ccccc4)P4(=O)Oc5ccccc5-c5ccccc54)cc3)cc2)c2ccccc2)Oc2ccccc2-c2ccccc21,,,0,COc1cc(C(Nc2ccc(Cc3ccc(NC(c4cc(OC)c(O)c(OC)c4)P4(=O)Oc5ccccc5-c5ccccc54)cc3)cc2)P2(=O)Oc3ccccc3-c3ccccc32)cc(OC)c1O||<NO_CO>,10.806248148148015,116.7749990393524,0.7023809523809523,0.7023809523809523,,,0.7023809523809523,0.7023809523809523,0,0,1,1,0,1,1,1,1,1,1,318,97,4,In_domain,Seen_scaffold
THR,4,DOPO_EP_0397,DDM-SH-DOPO,,COC1=CC(C(P2(C3=C(C4=C(O2)C=CC=C4)C=CC=C3)=O)NC5=CC=C(CC6=CC=C(NC(P7(C8=C(C9=C(O7)C=CC=C9)C=CC=C8)=O)C%10=CC(OC)=C(O)C(OC)=C%10)C=C6)C=C5)=CC(OC)=C1O,,https://doi.org/10.1002/app.55978,COc1cc(C(Nc2ccc(Cc3ccc(NC(c4cc(OC)c(O)c(OC)c4)P4(=O)Oc5ccccc5-c5ccccc54)cc3)cc2)P2(=O)Oc3ccccc3-c3ccccc32)cc(OC)c1O,O=P1(C(Nc2ccc(Cc3ccc(NC(c4ccccc4)P4(=O)Oc5ccccc5-c5ccccc54)cc3)cc2)c2ccccc2)Oc2ccccc2-c2ccccc21,78.9,5.0,0,molecule,formulation,baseline_inclusive,fixed,0,78.8954074074074,66.70660740740746,32.69588637806723,100.71732843674768,1,COc1cc(C(Nc2ccc(Cc3ccc(NC(c4cc(OC)c(O)c(OC)c4)P4(=O)Oc5ccccc5-c5ccccc54)cc3)cc2)P2(=O)Oc3ccccc3-c3ccccc32)cc(OC)c1O,O=P1(C(Nc2ccc(Cc3ccc(NC(c4ccccc4)P4(=O)Oc5ccccc5-c5ccccc54)cc3)cc2)c2ccccc2)Oc2ccccc2-c2ccccc21,,,0,COc1cc(C(Nc2ccc(Cc3ccc(NC(c4cc(OC)c(O)c(OC)c4)P4(=O)Oc5ccccc5-c5ccccc54)cc3)cc2)P2(=O)Oc3ccccc3-c3ccccc32)cc(OC)c1O||<NO_CO>,0.004592592592601363,2.1091906721616912e-05,0.7023809523809523,0.7023809523809523,,,0.7023809523809523,0.7023809523809523,0,0,1,1,0,1,1,1,1,1,1,318,97,4,In_domain,Seen_scaffold
THR,4,DOPO_EP_0396,DDM-SH-DOPO,,COC1=CC(C(P2(C3=C(C4=C(O2)C=CC=C4)C=CC=C3)=O)NC5=CC=C(CC6=CC=C(NC(P7(C8=C(C9=C(O7)C=CC=C9)C=CC=C8)=O)C%10=CC(OC)=C(O)C(OC)=C%10)C=C6)C=C5)=CC(OC)=C1O,,https://doi.org/10.1002/app.55978,COc1cc(C(Nc2ccc(Cc3ccc(NC(c4cc(OC)c(O)c(OC)c4)P4(=O)Oc5ccccc5-c5ccccc54)cc3)cc2)P2(=O)Oc3ccccc3-c3ccccc32)cc(OC)c1O,O=P1(C(Nc2ccc(Cc3ccc(NC(c4ccccc4)P4(=O)Oc5ccccc5-c5ccccc54)cc3)cc2)c2ccccc2)Oc2ccccc2-c2ccccc21,81.43,2.5,0,molecule,formulation,baseline_inclusive,fixed,0,83.48973333333342,74.69225502645503,40.6815339971148,108.70297605579526,1,COc1cc(C(Nc2ccc(Cc3ccc(NC(c4cc(OC)c(O)c(OC)c4)P4(=O)Oc5ccccc5-c5ccccc54)cc3)cc2)P2(=O)Oc3ccccc3-c3ccccc32)cc(OC)c1O,O=P1(C(Nc2ccc(Cc3ccc(NC(c4ccccc4)P4(=O)Oc5ccccc5-c5ccccc54)cc3)cc2)c2ccccc2)Oc2ccccc2-c2ccccc21,,,0,COc1cc(C(Nc2ccc(Cc3ccc(NC(c4cc(OC)c(O)c(OC)c4)P4(=O)Oc5ccccc5-c5ccccc54)cc3)cc2)P2(=O)Oc3ccccc3-c3ccccc32)cc(OC)c1O||<NO_CO>,2.059733333333412,4.242501404444768,0.7023809523809523,0.7023809523809523,,,0.7023809523809523,0.7023809523809523,0,0,1,1,0,1,1,1,1,1,1,318,97,4,In_domain,Seen_scaffold
THR,4,DOPO_EP_0395,DDM-SH-DOPO,,COC1=CC(C(P2(C3=C(C4=C(O2)C=CC=C4)C=CC=C3)=O)NC5=CC=C(CC6=CC=C(NC(P7(C8=C(C9=C(O7)C=CC=C9)C=CC=C8)=O)C%10=CC(OC)=C(O)C(OC)=C%10)C=C6)C=C5)=CC(OC)=C1O,,https://doi.org/10.1002/app.55978,COc1cc(C(Nc2ccc(Cc3ccc(NC(c4cc(OC)c(O)c(OC)c4)P4(=O)Oc5ccccc5-c5ccccc54)cc3)cc2)P2(=O)Oc3ccccc3-c3ccccc32)cc(OC)c1O,O=P1(C(Nc2ccc(Cc3ccc(NC(c4ccccc4)P4(=O)Oc5ccccc5-c5ccccc54)cc3)cc2)c2ccccc2)Oc2ccccc2-c2ccccc21,90.66,0.0,1,molecule,formulation,baseline_inclusive,fixed,0,100.76171829815044,114.2229491197691,80.21222809042887,148.23367014910934,1,COc1cc(C(Nc2ccc(Cc3ccc(NC(c4cc(OC)c(O)c(OC)c4)P4(=O)Oc5ccccc5-c5ccccc54)cc3)cc2)P2(=O)Oc3ccccc3-c3ccccc32)cc(OC)c1O,O=P1(C(Nc2ccc(Cc3ccc(NC(c4ccccc4)P4(=O)Oc5ccccc5-c5ccccc54)cc3)cc2)c2ccccc2)Oc2ccccc2-c2ccccc21,,,0,COc1cc(C(Nc2ccc(Cc3ccc(NC(c4cc(OC)c(O)c(OC)c4)P4(=O)Oc5ccccc5-c5ccccc54)cc3)cc2)P2(=O)Oc3ccccc3-c3ccccc32)cc(OC)c1O||<NO_CO>,10.101718298150445,102.04471257518752,0.7023809523809523,0.7023809523809523,,,0.7023809523809523,0.7023809523809523,0,0,1,1,0,1,1,1,1,1,1,318,97,4,In_domain,Seen_scaffold
THR,4,DOPO_EP_0371,DOPO-SGA,,COC1=CC(C(P2(C3=C(C4=C(O2)C=CC=C4)C=CC=C3)=O)NC5=NC(NC(P6(C7=C(C8=C(O6)C=CC=C8)C=CC=C7)=O)C9=CC(OC)=C(O)C(OC)=C9)=NN5)=CC(OC)=C1O,,https://doi.org/10.1002/mame.202200565,COc1cc(C(Nc2n[nH]c(NC(c3cc(OC)c(O)c(OC)c3)P3(=O)Oc4ccccc4-c4ccccc43)n2)P2(=O)Oc3ccccc3-c3ccccc32)cc(OC)c1O,O=P1(C(Nc2n[nH]c(NC(c3ccccc3)P3(=O)Oc4ccccc4-c4ccccc43)n2)c2ccccc2)Oc2ccccc2-c2ccccc21,112.0,5.0,0,molecule,formulation,baseline_inclusive,fixed,0,98.2109592592594,102.00509629629668,67.99437526695644,136.0158173256369,1,COc1cc(C(Nc2n[nH]c(NC(c3cc(OC)c(O)c(OC)c3)P3(=O)Oc4ccccc4-c4ccccc43)n2)P2(=O)Oc3ccccc3-c3ccccc32)cc(OC)c1O,O=P1(C(Nc2n[nH]c(NC(c3ccccc3)P3(=O)Oc4ccccc4-c4ccccc43)n2)c2ccccc2)Oc2ccccc2-c2ccccc21,,,0,COc1cc(C(Nc2n[nH]c(NC(c3cc(OC)c(O)c(OC)c3)P3(=O)Oc4ccccc4-c4ccccc43)n2)P2(=O)Oc3ccccc3-c3ccccc32)cc(OC)c1O||<NO_CO>,13.789040740740603,190.13764454980415,0.6020408163265306,0.6020408163265306,,,0.6020408163265306,0.6020408163265306,0,0,1,1,0,0,0,1,1,0,0,318,97,4,Caution,New_scaffold
THR,4,DOPO_EP_0370,DOPO-SGA,,COC1=CC(C(P2(C3=C(C4=C(O2)C=CC=C4)C=CC=C3)=O)NC5=NC(NC(P6(C7=C(C8=C(O6)C=CC=C8)C=CC=C7)=O)C9=CC(OC)=C(O)C(OC)=C9)=NN5)=CC(OC)=C1O,,https://doi.org/10.1002/mame.202200565,COc1cc(C(Nc2n[nH]c(NC(c3cc(OC)c(O)c(OC)c3)P3(=O)Oc4ccccc4-c4ccccc43)n2)P2(=O)Oc3ccccc3-c3ccccc32)cc(OC)c1O,O=P1(C(Nc2n[nH]c(NC(c3ccccc3)P3(=O)Oc4ccccc4-c4ccccc43)n2)c2ccccc2)Oc2ccccc2-c2ccccc21,117.0,3.0,0,molecule,formulation,baseline_inclusive,fixed,0,110.03336296296304,110.1116370370372,76.10091600769698,144.12235806637744,1,COc1cc(C(Nc2n[nH]c(NC(c3cc(OC)c(O)c(OC)c3)P3(=O)Oc4ccccc4-c4ccccc43)n2)P2(=O)Oc3ccccc3-c3ccccc32)cc(OC)c1O,O=P1(C(Nc2n[nH]c(NC(c3ccccc3)P3(=O)Oc4ccccc4-c4ccccc43)n2)c2ccccc2)Oc2ccccc2-c2ccccc21,,,0,COc1cc(C(Nc2n[nH]c(NC(c3cc(OC)c(O)c(OC)c3)P3(=O)Oc4ccccc4-c4ccccc43)n2)P2(=O)Oc3ccccc3-c3ccccc32)cc(OC)c1O||<NO_CO>,6.966637037036961,48.53403160581512,0.6020408163265306,0.6020408163265306,,,0.6020408163265306,0.6020408163265306,0,0,1,1,0,0,0,1,1,0,0,318,97,4,Caution,New_scaffold
THR,4,DOPO_EP_0368,DOPO-SGA,,COC1=CC(C(P2(C3=C(C4=C(O2)C=CC=C4)C=CC=C3)=O)NC5=NC(NC(P6(C7=C(C8=C(O6)C=CC=C8)C=CC=C7)=O)C9=CC(OC)=C(O)C(OC)=C9)=NN5)=CC(OC)=C1O,,https://doi.org/10.1002/mame.202200565,COc1cc(C(Nc2n[nH]c(NC(c3cc(OC)c(O)c(OC)c3)P3(=O)Oc4ccccc4-c4ccccc43)n2)P2(=O)Oc3ccccc3-c3ccccc32)cc(OC)c1O,O=P1(C(Nc2n[nH]c(NC(c3ccccc3)P3(=O)Oc4ccccc4-c4ccccc43)n2)c2ccccc2)Oc2ccccc2-c2ccccc21,126.0,0.0,1,molecule,formulation,baseline_inclusive,fixed,0,100.76171829815044,97.1858614372056,63.17514040786536,131.1965824665458,1,COc1cc(C(Nc2n[nH]c(NC(c3cc(OC)c(O)c(OC)c3)P3(=O)Oc4ccccc4-c4ccccc43)n2)P2(=O)Oc3ccccc3-c3ccccc32)cc(OC)c1O,O=P1(C(Nc2n[nH]c(NC(c3ccccc3)P3(=O)Oc4ccccc4-c4ccccc43)n2)c2ccccc2)Oc2ccccc2-c2ccccc21,,,0,COc1cc(C(Nc2n[nH]c(NC(c3cc(OC)c(O)c(OC)c3)P3(=O)Oc4ccccc4-c4ccccc43)n2)P2(=O)Oc3ccccc3-c3ccccc32)cc(OC)c1O||<NO_CO>,25.23828170184956,636.9708632619142,0.6020408163265306,0.6020408163265306,,,0.6020408163265306,0.6020408163265306,0,0,1,1,0,0,0,1,1,0,0,318,97,4,Caution,New_scaffold
THR,4,DOPO_EP_0315,DOPO-CDI,,O=P(C(N1C=CN=C1)(O)N2C=CN=C2)(C3=C4C=CC=C3)OC5=C4C=CC=C5,,https://doi.org/10.1016/j.cej.2024.155408,O=P1(C(O)(n2ccnc2)n2ccnc2)Oc2ccccc2-c2ccccc21,O=P1(C(n2ccnc2)n2ccnc2)Oc2ccccc2-c2ccccc21,66.7,6.0,0,molecule,formulation,baseline_inclusive,fixed,0,70.96414074074082,70.65945185185188,36.64873082251165,104.67017288119212,1,O=P1(C(O)(n2ccnc2)n2ccnc2)Oc2ccccc2-c2ccccc21,O=P1(C(n2ccnc2)n2ccnc2)Oc2ccccc2-c2ccccc21,,,0,O=P1(C(O)(n2ccnc2)n2ccnc2)Oc2ccccc2-c2ccccc21||<NO_CO>,4.264140740740814,18.182896256845616,0.38636363636363635,0.38636363636363635,,,0.38636363636363635,0.38636363636363635,0,0,1,1,0,0,0,1,1,0,0,318,97,4,Extrapolation,New_scaffold
THR,4,DOPO_EP_0440,VTD,,CC1(CC(NC(P2(C3=C(C4=C(O2)C=CC=C4)C=CC=C3)=O)C5=CC=C(O)C(OC)=C5)CC(C)(N1[H])C)C,,https://doi.org/10.1016/j.eurpolymj.2026.114687,COc1cc(C(NC2CC(C)(C)NC(C)(C)C2)P2(=O)Oc3ccccc3-c3ccccc32)ccc1O,O=P1(C(NC2CCNCC2)c2ccccc2)Oc2ccccc2-c2ccccc21,98.33,0.0,1,molecule,formulation,baseline_inclusive,fixed,0,100.76171829815044,97.1858614372056,63.17514040786536,131.1965824665458,1,COc1cc(C(NC2CC(C)(C)NC(C)(C)C2)P2(=O)Oc3ccccc3-c3ccccc32)ccc1O,O=P1(C(NC2CCNCC2)c2ccccc2)Oc2ccccc2-c2ccccc21,,,0,COc1cc(C(NC2CC(C)(C)NC(C)(C)C2)P2(=O)Oc3ccccc3-c3ccccc32)ccc1O||<NO_CO>,2.431718298150443,5.913253881559687,0.5959595959595959,0.5959595959595959,,,0.5959595959595959,0.5959595959595959,0,0,1,1,0,0,0,1,1,0,0,318,97,4,Caution,New_scaffold
THR,4,DOPO_EP_0443,VTD,,CC1(CC(NC(P2(C3=C(C4=C(O2)C=CC=C4)C=CC=C3)=O)C5=CC=C(O)C(OC)=C5)CC(C)(N1[H])C)C,,https://doi.org/10.1016/j.eurpolymj.2026.114687,COc1cc(C(NC2CC(C)(C)NC(C)(C)C2)P2(=O)Oc3ccccc3-c3ccccc32)ccc1O,O=P1(C(NC2CCNCC2)c2ccccc2)Oc2ccccc2-c2ccccc21,85.55,12.27,0,molecule,formulation,baseline_inclusive,fixed,0,72.37170740740733,76.09765185185194,42.0869308225117,110.10837288119215,1,COc1cc(C(NC2CC(C)(C)NC(C)(C)C2)P2(=O)Oc3ccccc3-c3ccccc32)ccc1O,O=P1(C(NC2CCNCC2)c2ccccc2)Oc2ccccc2-c2ccccc21,,,0,COc1cc(C(NC2CC(C)(C)NC(C)(C)C2)P2(=O)Oc3ccccc3-c3ccccc32)ccc1O||<NO_CO>,13.178292592592669,173.6673956559828,0.5959595959595959,0.5959595959595959,,,0.5959595959595959,0.5959595959595959,0,0,1,1,0,0,0,1,1,0,0,318,97,4,Caution,New_scaffold
THR,4,DOPO_EP_0445,NPDI,,O=P(CC(C(O)=O)CC(OCC1=CC=C(OP2(OC(C=C3)=CC=C3COC(CC(C(O)=O)CP(OC4=C5C=CC=C4)(C6=C5C=CC=C6)=O)=O)=NP(OC(C=C7)=CC=C7COC(CC(C(O)=O)CP(OC8=C9C=CC=C8)(C%10=C9C=CC=C%10)=O)=O)(OC(C=C%11)=CC=C%11COC(CC(C(O)=O)CP(OC%12=C%13C=CC=C%12)(C%14=C%13C=CC=C%14)=O)=O)=NP(OC(C=C%15)=CC=C%15COC(CC(C(O)=O)CP(OC%16=C%17C=CC=C%16)(C%18=C%17C=CC=C%18)=O)=O)(OC(C=C%19)=CC=C%19COC(CC(C(O)=O)CP(OC%20=C%21C=CC=C%20)(C%22=C%21C=CC=C%22)=O)=O)=N2)C=C1)=O)(C%23=C%24C=CC=C%23)OC%25=C%24C=CC=C%25,,https://doi.org/10.1002/pi.6755,O=C(CC(CP1(=O)Oc2ccccc2-c2ccccc21)C(=O)O)OCc1ccc(OP2(Oc3ccc(COC(=O)CC(CP4(=O)Oc5ccccc5-c5ccccc54)C(=O)O)cc3)=NP(Oc3ccc(COC(=O)CC(CP4(=O)Oc5ccccc5-c5ccccc54)C(=O)O)cc3)(Oc3ccc(COC(=O)CC(CP4(=O)Oc5ccccc5-c5ccccc54)C(=O)O)cc3)=NP(Oc3ccc(COC(=O)CC(CP4(=O)Oc5ccccc5-c5ccccc54)C(=O)O)cc3)(Oc3ccc(COC(=O)CC(CP4(=O)Oc5ccccc5-c5ccccc54)C(=O)O)cc3)=N2)cc1,O=C(CCCP1(=O)Oc2ccccc2-c2ccccc21)OCc1ccc(OP2(Oc3ccc(COC(=O)CCCP4(=O)Oc5ccccc5-c5ccccc54)cc3)=NP(Oc3ccc(COC(=O)CCCP4(=O)Oc5ccccc5-c5ccccc54)cc3)(Oc3ccc(COC(=O)CCCP4(=O)Oc5ccccc5-c5ccccc54)cc3)=NP(Oc3ccc(COC(=O)CCCP4(=O)Oc5ccccc5-c5ccccc54)cc3)(Oc3ccc(COC(=O)CCCP4(=O)Oc5ccccc5-c5ccccc54)cc3)=N2)cc1,126.4,0.0,1,molecule,formulation,baseline_inclusive,fixed,0,100.76171829815044,97.1858614372056,63.17514040786536,131.1965824665458,1,O=C(CC(CP1(=O)Oc2ccccc2-c2ccccc21)C(=O)O)OCc1ccc(OP2(Oc3ccc(COC(=O)CC(CP4(=O)Oc5ccccc5-c5ccccc54)C(=O)O)cc3)=NP(Oc3ccc(COC(=O)CC(CP4(=O)Oc5ccccc5-c5ccccc54)C(=O)O)cc3)(Oc3ccc(COC(=O)CC(CP4(=O)Oc5ccccc5-c5ccccc54)C(=O)O)cc3)=NP(Oc3ccc(COC(=O)CC(CP4(=O)Oc5ccccc5-c5ccccc54)C(=O)O)cc3)(Oc3ccc(COC(=O)CC(CP4(=O)Oc5ccccc5-c5ccccc54)C(=O)O)cc3)=N2)cc1,O=C(CCCP1(=O)Oc2ccccc2-c2ccccc21)OCc1ccc(OP2(Oc3ccc(COC(=O)CCCP4(=O)Oc5ccccc5-c5ccccc54)cc3)=NP(Oc3ccc(COC(=O)CCCP4(=O)Oc5ccccc5-c5ccccc54)cc3)(Oc3ccc(COC(=O)CCCP4(=O)Oc5ccccc5-c5ccccc54)cc3)=NP(Oc3ccc(COC(=O)CCCP4(=O)Oc5ccccc5-c5ccccc54)cc3)(Oc3ccc(COC(=O)CCCP4(=O)Oc5ccccc5-c5ccccc54)cc3)=N2)cc1,,,0,O=C(CC(CP1(=O)Oc2ccccc2-c2ccccc21)C(=O)O)OCc1ccc(OP2(Oc3ccc(COC(=O)CC(CP4(=O)Oc5ccccc5-c5ccccc54)C(=O)O)cc3)=NP(Oc3ccc(COC(=O)CC(CP4(=O)Oc5ccccc5-c5ccccc54)C(=O)O)cc3)(Oc3ccc(COC(=O)CC(CP4(=O)Oc5ccccc5-c5ccccc54)C(=O)O)cc3)=NP(Oc3ccc(COC(=O)CC(CP4(=O)Oc5ccccc5-c5ccccc54)C(=O)O)cc3)(Oc3ccc(COC(=O)CC(CP4(=O)Oc5ccccc5-c5ccccc54)C(=O)O)cc3)=N2)cc1||<NO_CO>,25.638281701849564,657.3214886233942,0.5697674418604651,0.5697674418604651,,,0.5697674418604651,0.5697674418604651,0,0,1,1,0,0,0,1,1,0,0,318,97,4,Caution,New_scaffold
THR,4,DOPO_EP_0446,NPDI,,O=P(CC(C(O)=O)CC(OCC1=CC=C(OP2(OC(C=C3)=CC=C3COC(CC(C(O)=O)CP(OC4=C5C=CC=C4)(C6=C5C=CC=C6)=O)=O)=NP(OC(C=C7)=CC=C7COC(CC(C(O)=O)CP(OC8=C9C=CC=C8)(C%10=C9C=CC=C%10)=O)=O)(OC(C=C%11)=CC=C%11COC(CC(C(O)=O)CP(OC%12=C%13C=CC=C%12)(C%14=C%13C=CC=C%14)=O)=O)=NP(OC(C=C%15)=CC=C%15COC(CC(C(O)=O)CP(OC%16=C%17C=CC=C%16)(C%18=C%17C=CC=C%18)=O)=O)(OC(C=C%19)=CC=C%19COC(CC(C(O)=O)CP(OC%20=C%21C=CC=C%20)(C%22=C%21C=CC=C%22)=O)=O)=N2)C=C1)=O)(C%23=C%24C=CC=C%23)OC%25=C%24C=CC=C%25,,https://doi.org/10.1002/pi.6755,O=C(CC(CP1(=O)Oc2ccccc2-c2ccccc21)C(=O)O)OCc1ccc(OP2(Oc3ccc(COC(=O)CC(CP4(=O)Oc5ccccc5-c5ccccc54)C(=O)O)cc3)=NP(Oc3ccc(COC(=O)CC(CP4(=O)Oc5ccccc5-c5ccccc54)C(=O)O)cc3)(Oc3ccc(COC(=O)CC(CP4(=O)Oc5ccccc5-c5ccccc54)C(=O)O)cc3)=NP(Oc3ccc(COC(=O)CC(CP4(=O)Oc5ccccc5-c5ccccc54)C(=O)O)cc3)(Oc3ccc(COC(=O)CC(CP4(=O)Oc5ccccc5-c5ccccc54)C(=O)O)cc3)=N2)cc1,O=C(CCCP1(=O)Oc2ccccc2-c2ccccc21)OCc1ccc(OP2(Oc3ccc(COC(=O)CCCP4(=O)Oc5ccccc5-c5ccccc54)cc3)=NP(Oc3ccc(COC(=O)CCCP4(=O)Oc5ccccc5-c5ccccc54)cc3)(Oc3ccc(COC(=O)CCCP4(=O)Oc5ccccc5-c5ccccc54)cc3)=NP(Oc3ccc(COC(=O)CCCP4(=O)Oc5ccccc5-c5ccccc54)cc3)(Oc3ccc(COC(=O)CCCP4(=O)Oc5ccccc5-c5ccccc54)cc3)=N2)cc1,97.2,5.1,0,molecule,formulation,baseline_inclusive,fixed,0,88.87332222222221,90.30506296296296,56.29434193362273,124.3157839923032,1,O=C(CC(CP1(=O)Oc2ccccc2-c2ccccc21)C(=O)O)OCc1ccc(OP2(Oc3ccc(COC(=O)CC(CP4(=O)Oc5ccccc5-c5ccccc54)C(=O)O)cc3)=NP(Oc3ccc(COC(=O)CC(CP4(=O)Oc5ccccc5-c5ccccc54)C(=O)O)cc3)(Oc3ccc(COC(=O)CC(CP4(=O)Oc5ccccc5-c5ccccc54)C(=O)O)cc3)=NP(Oc3ccc(COC(=O)CC(CP4(=O)Oc5ccccc5-c5ccccc54)C(=O)O)cc3)(Oc3ccc(COC(=O)CC(CP4(=O)Oc5ccccc5-c5ccccc54)C(=O)O)cc3)=N2)cc1,O=C(CCCP1(=O)Oc2ccccc2-c2ccccc21)OCc1ccc(OP2(Oc3ccc(COC(=O)CCCP4(=O)Oc5ccccc5-c5ccccc54)cc3)=NP(Oc3ccc(COC(=O)CCCP4(=O)Oc5ccccc5-c5ccccc54)cc3)(Oc3ccc(COC(=O)CCCP4(=O)Oc5ccccc5-c5ccccc54)cc3)=NP(Oc3ccc(COC(=O)CCCP4(=O)Oc5ccccc5-c5ccccc54)cc3)(Oc3ccc(COC(=O)CCCP4(=O)Oc5ccccc5-c5ccccc54)cc3)=N2)cc1,,,0,O=C(CC(CP1(=O)Oc2ccccc2-c2ccccc21)C(=O)O)OCc1ccc(OP2(Oc3ccc(COC(=O)CC(CP4(=O)Oc5ccccc5-c5ccccc54)C(=O)O)cc3)=NP(Oc3ccc(COC(=O)CC(CP4(=O)Oc5ccccc5-c5ccccc54)C(=O)O)cc3)(Oc3ccc(COC(=O)CC(CP4(=O)Oc5ccccc5-c5ccccc54)C(=O)O)cc3)=NP(Oc3ccc(COC(=O)CC(CP4(=O)Oc5ccccc5-c5ccccc54)C(=O)O)cc3)(Oc3ccc(COC(=O)CC(CP4(=O)Oc5ccccc5-c5ccccc54)C(=O)O)cc3)=N2)cc1||<NO_CO>,8.326677777777789,69.33356281493846,0.5697674418604651,0.5697674418604651,,,0.5697674418604651,0.5697674418604651,0,0,1,1,0,0,0,1,1,0,0,318,97,4,Caution,New_scaffold
THR,4,DOPO_EP_0447,NPDI,,O=P(CC(C(O)=O)CC(OCC1=CC=C(OP2(OC(C=C3)=CC=C3COC(CC(C(O)=O)CP(OC4=C5C=CC=C4)(C6=C5C=CC=C6)=O)=O)=NP(OC(C=C7)=CC=C7COC(CC(C(O)=O)CP(OC8=C9C=CC=C8)(C%10=C9C=CC=C%10)=O)=O)(OC(C=C%11)=CC=C%11COC(CC(C(O)=O)CP(OC%12=C%13C=CC=C%12)(C%14=C%13C=CC=C%14)=O)=O)=NP(OC(C=C%15)=CC=C%15COC(CC(C(O)=O)CP(OC%16=C%17C=CC=C%16)(C%18=C%17C=CC=C%18)=O)=O)(OC(C=C%19)=CC=C%19COC(CC(C(O)=O)CP(OC%20=C%21C=CC=C%20)(C%22=C%21C=CC=C%22)=O)=O)=N2)C=C1)=O)(C%23=C%24C=CC=C%23)OC%25=C%24C=CC=C%25,,https://doi.org/10.1002/pi.6755,O=C(CC(CP1(=O)Oc2ccccc2-c2ccccc21)C(=O)O)OCc1ccc(OP2(Oc3ccc(COC(=O)CC(CP4(=O)Oc5ccccc5-c5ccccc54)C(=O)O)cc3)=NP(Oc3ccc(COC(=O)CC(CP4(=O)Oc5ccccc5-c5ccccc54)C(=O)O)cc3)(Oc3ccc(COC(=O)CC(CP4(=O)Oc5ccccc5-c5ccccc54)C(=O)O)cc3)=NP(Oc3ccc(COC(=O)CC(CP4(=O)Oc5ccccc5-c5ccccc54)C(=O)O)cc3)(Oc3ccc(COC(=O)CC(CP4(=O)Oc5ccccc5-c5ccccc54)C(=O)O)cc3)=N2)cc1,O=C(CCCP1(=O)Oc2ccccc2-c2ccccc21)OCc1ccc(OP2(Oc3ccc(COC(=O)CCCP4(=O)Oc5ccccc5-c5ccccc54)cc3)=NP(Oc3ccc(COC(=O)CCCP4(=O)Oc5ccccc5-c5ccccc54)cc3)(Oc3ccc(COC(=O)CCCP4(=O)Oc5ccccc5-c5ccccc54)cc3)=NP(Oc3ccc(COC(=O)CCCP4(=O)Oc5ccccc5-c5ccccc54)cc3)(Oc3ccc(COC(=O)CCCP4(=O)Oc5ccccc5-c5ccccc54)cc3)=N2)cc1,96.1,7.65,0,molecule,formulation,baseline_inclusive,fixed,0,87.49613703703714,87.10944814814823,53.098727118808,121.12016917748846,1,O=C(CC(CP1(=O)Oc2ccccc2-c2ccccc21)C(=O)O)OCc1ccc(OP2(Oc3ccc(COC(=O)CC(CP4(=O)Oc5ccccc5-c5ccccc54)C(=O)O)cc3)=NP(Oc3ccc(COC(=O)CC(CP4(=O)Oc5ccccc5-c5ccccc54)C(=O)O)cc3)(Oc3ccc(COC(=O)CC(CP4(=O)Oc5ccccc5-c5ccccc54)C(=O)O)cc3)=NP(Oc3ccc(COC(=O)CC(CP4(=O)Oc5ccccc5-c5ccccc54)C(=O)O)cc3)(Oc3ccc(COC(=O)CC(CP4(=O)Oc5ccccc5-c5ccccc54)C(=O)O)cc3)=N2)cc1,O=C(CCCP1(=O)Oc2ccccc2-c2ccccc21)OCc1ccc(OP2(Oc3ccc(COC(=O)CCCP4(=O)Oc5ccccc5-c5ccccc54)cc3)=NP(Oc3ccc(COC(=O)CCCP4(=O)Oc5ccccc5-c5ccccc54)cc3)(Oc3ccc(COC(=O)CCCP4(=O)Oc5ccccc5-c5ccccc54)cc3)=NP(Oc3ccc(COC(=O)CCCP4(=O)Oc5ccccc5-c5ccccc54)cc3)(Oc3ccc(COC(=O)CCCP4(=O)Oc5ccccc5-c5ccccc54)cc3)=N2)cc1,,,0,O=C(CC(CP1(=O)Oc2ccccc2-c2ccccc21)C(=O)O)OCc1ccc(OP2(Oc3ccc(COC(=O)CC(CP4(=O)Oc5ccccc5-c5ccccc54)C(=O)O)cc3)=NP(Oc3ccc(COC(=O)CC(CP4(=O)Oc5ccccc5-c5ccccc54)C(=O)O)cc3)(Oc3ccc(COC(=O)CC(CP4(=O)Oc5ccccc5-c5ccccc54)C(=O)O)cc3)=NP(Oc3ccc(COC(=O)CC(CP4(=O)Oc5ccccc5-c5ccccc54)C(=O)O)cc3)(Oc3ccc(COC(=O)CC(CP4(=O)Oc5ccccc5-c5ccccc54)C(=O)O)cc3)=N2)cc1||<NO_CO>,8.60386296296285,74.02645788544388,0.5697674418604651,0.5697674418604651,,,0.5697674418604651,0.5697674418604651,0,0,1,1,0,0,0,1,1,0,0,318,97,4,Caution,New_scaffold
THR,4,DOPO_EP_0448,NPDI,,O=P(CC(C(O)=O)CC(OCC1=CC=C(OP2(OC(C=C3)=CC=C3COC(CC(C(O)=O)CP(OC4=C5C=CC=C4)(C6=C5C=CC=C6)=O)=O)=NP(OC(C=C7)=CC=C7COC(CC(C(O)=O)CP(OC8=C9C=CC=C8)(C%10=C9C=CC=C%10)=O)=O)(OC(C=C%11)=CC=C%11COC(CC(C(O)=O)CP(OC%12=C%13C=CC=C%12)(C%14=C%13C=CC=C%14)=O)=O)=NP(OC(C=C%15)=CC=C%15COC(CC(C(O)=O)CP(OC%16=C%17C=CC=C%16)(C%18=C%17C=CC=C%18)=O)=O)(OC(C=C%19)=CC=C%19COC(CC(C(O)=O)CP(OC%20=C%21C=CC=C%20)(C%22=C%21C=CC=C%22)=O)=O)=N2)C=C1)=O)(C%23=C%24C=CC=C%23)OC%25=C%24C=CC=C%25,,https://doi.org/10.1002/pi.6755,O=C(CC(CP1(=O)Oc2ccccc2-c2ccccc21)C(=O)O)OCc1ccc(OP2(Oc3ccc(COC(=O)CC(CP4(=O)Oc5ccccc5-c5ccccc54)C(=O)O)cc3)=NP(Oc3ccc(COC(=O)CC(CP4(=O)Oc5ccccc5-c5ccccc54)C(=O)O)cc3)(Oc3ccc(COC(=O)CC(CP4(=O)Oc5ccccc5-c5ccccc54)C(=O)O)cc3)=NP(Oc3ccc(COC(=O)CC(CP4(=O)Oc5ccccc5-c5ccccc54)C(=O)O)cc3)(Oc3ccc(COC(=O)CC(CP4(=O)Oc5ccccc5-c5ccccc54)C(=O)O)cc3)=N2)cc1,O=C(CCCP1(=O)Oc2ccccc2-c2ccccc21)OCc1ccc(OP2(Oc3ccc(COC(=O)CCCP4(=O)Oc5ccccc5-c5ccccc54)cc3)=NP(Oc3ccc(COC(=O)CCCP4(=O)Oc5ccccc5-c5ccccc54)cc3)(Oc3ccc(COC(=O)CCCP4(=O)Oc5ccccc5-c5ccccc54)cc3)=NP(Oc3ccc(COC(=O)CCCP4(=O)Oc5ccccc5-c5ccccc54)cc3)(Oc3ccc(COC(=O)CCCP4(=O)Oc5ccccc5-c5ccccc54)cc3)=N2)cc1,92.9,10.2,0,molecule,formulation,baseline_inclusive,fixed,0,86.49991296296304,85.03850555555563,51.0277845262154,119.04922658489586,1,O=C(CC(CP1(=O)Oc2ccccc2-c2ccccc21)C(=O)O)OCc1ccc(OP2(Oc3ccc(COC(=O)CC(CP4(=O)Oc5ccccc5-c5ccccc54)C(=O)O)cc3)=NP(Oc3ccc(COC(=O)CC(CP4(=O)Oc5ccccc5-c5ccccc54)C(=O)O)cc3)(Oc3ccc(COC(=O)CC(CP4(=O)Oc5ccccc5-c5ccccc54)C(=O)O)cc3)=NP(Oc3ccc(COC(=O)CC(CP4(=O)Oc5ccccc5-c5ccccc54)C(=O)O)cc3)(Oc3ccc(COC(=O)CC(CP4(=O)Oc5ccccc5-c5ccccc54)C(=O)O)cc3)=N2)cc1,O=C(CCCP1(=O)Oc2ccccc2-c2ccccc21)OCc1ccc(OP2(Oc3ccc(COC(=O)CCCP4(=O)Oc5ccccc5-c5ccccc54)cc3)=NP(Oc3ccc(COC(=O)CCCP4(=O)Oc5ccccc5-c5ccccc54)cc3)(Oc3ccc(COC(=O)CCCP4(=O)Oc5ccccc5-c5ccccc54)cc3)=NP(Oc3ccc(COC(=O)CCCP4(=O)Oc5ccccc5-c5ccccc54)cc3)(Oc3ccc(COC(=O)CCCP4(=O)Oc5ccccc5-c5ccccc54)cc3)=N2)cc1,,,0,O=C(CC(CP1(=O)Oc2ccccc2-c2ccccc21)C(=O)O)OCc1ccc(OP2(Oc3ccc(COC(=O)CC(CP4(=O)Oc5ccccc5-c5ccccc54)C(=O)O)cc3)=NP(Oc3ccc(COC(=O)CC(CP4(=O)Oc5ccccc5-c5ccccc54)C(=O)O)cc3)(Oc3ccc(COC(=O)CC(CP4(=O)Oc5ccccc5-c5ccccc54)C(=O)O)cc3)=NP(Oc3ccc(COC(=O)CC(CP4(=O)Oc5ccccc5-c5ccccc54)C(=O)O)cc3)(Oc3ccc(COC(=O)CC(CP4(=O)Oc5ccccc5-c5ccccc54)C(=O)O)cc3)=N2)cc1||<NO_CO>,6.400087037036968,40.96111408164864,0.5697674418604651,0.5697674418604651,,,0.5697674418604651,0.5697674418604651,0,0,1,1,0,0,0,1,1,0,0,318,97,4,Caution,New_scaffold
THR,4,DOPO_EP_0449,NPDI,,O=P(CC(C(O)=O)CC(OCC1=CC=C(OP2(OC(C=C3)=CC=C3COC(CC(C(O)=O)CP(OC4=C5C=CC=C4)(C6=C5C=CC=C6)=O)=O)=NP(OC(C=C7)=CC=C7COC(CC(C(O)=O)CP(OC8=C9C=CC=C8)(C%10=C9C=CC=C%10)=O)=O)(OC(C=C%11)=CC=C%11COC(CC(C(O)=O)CP(OC%12=C%13C=CC=C%12)(C%14=C%13C=CC=C%14)=O)=O)=NP(OC(C=C%15)=CC=C%15COC(CC(C(O)=O)CP(OC%16=C%17C=CC=C%16)(C%18=C%17C=CC=C%18)=O)=O)(OC(C=C%19)=CC=C%19COC(CC(C(O)=O)CP(OC%20=C%21C=CC=C%20)(C%22=C%21C=CC=C%22)=O)=O)=N2)C=C1)=O)(C%23=C%24C=CC=C%23)OC%25=C%24C=CC=C%25,,https://doi.org/10.1002/pi.6755,O=C(CC(CP1(=O)Oc2ccccc2-c2ccccc21)C(=O)O)OCc1ccc(OP2(Oc3ccc(COC(=O)CC(CP4(=O)Oc5ccccc5-c5ccccc54)C(=O)O)cc3)=NP(Oc3ccc(COC(=O)CC(CP4(=O)Oc5ccccc5-c5ccccc54)C(=O)O)cc3)(Oc3ccc(COC(=O)CC(CP4(=O)Oc5ccccc5-c5ccccc54)C(=O)O)cc3)=NP(Oc3ccc(COC(=O)CC(CP4(=O)Oc5ccccc5-c5ccccc54)C(=O)O)cc3)(Oc3ccc(COC(=O)CC(CP4(=O)Oc5ccccc5-c5ccccc54)C(=O)O)cc3)=N2)cc1,O=C(CCCP1(=O)Oc2ccccc2-c2ccccc21)OCc1ccc(OP2(Oc3ccc(COC(=O)CCCP4(=O)Oc5ccccc5-c5ccccc54)cc3)=NP(Oc3ccc(COC(=O)CCCP4(=O)Oc5ccccc5-c5ccccc54)cc3)(Oc3ccc(COC(=O)CCCP4(=O)Oc5ccccc5-c5ccccc54)cc3)=NP(Oc3ccc(COC(=O)CCCP4(=O)Oc5ccccc5-c5ccccc54)cc3)(Oc3ccc(COC(=O)CCCP4(=O)Oc5ccccc5-c5ccccc54)cc3)=N2)cc1,87.4,12.75,0,molecule,formulation,baseline_inclusive,fixed,0,84.03421296296305,82.372438888889,48.36171785954876,116.38315991822924,1,O=C(CC(CP1(=O)Oc2ccccc2-c2ccccc21)C(=O)O)OCc1ccc(OP2(Oc3ccc(COC(=O)CC(CP4(=O)Oc5ccccc5-c5ccccc54)C(=O)O)cc3)=NP(Oc3ccc(COC(=O)CC(CP4(=O)Oc5ccccc5-c5ccccc54)C(=O)O)cc3)(Oc3ccc(COC(=O)CC(CP4(=O)Oc5ccccc5-c5ccccc54)C(=O)O)cc3)=NP(Oc3ccc(COC(=O)CC(CP4(=O)Oc5ccccc5-c5ccccc54)C(=O)O)cc3)(Oc3ccc(COC(=O)CC(CP4(=O)Oc5ccccc5-c5ccccc54)C(=O)O)cc3)=N2)cc1,O=C(CCCP1(=O)Oc2ccccc2-c2ccccc21)OCc1ccc(OP2(Oc3ccc(COC(=O)CCCP4(=O)Oc5ccccc5-c5ccccc54)cc3)=NP(Oc3ccc(COC(=O)CCCP4(=O)Oc5ccccc5-c5ccccc54)cc3)(Oc3ccc(COC(=O)CCCP4(=O)Oc5ccccc5-c5ccccc54)cc3)=NP(Oc3ccc(COC(=O)CCCP4(=O)Oc5ccccc5-c5ccccc54)cc3)(Oc3ccc(COC(=O)CCCP4(=O)Oc5ccccc5-c5ccccc54)cc3)=N2)cc1,,,0,O=C(CC(CP1(=O)Oc2ccccc2-c2ccccc21)C(=O)O)OCc1ccc(OP2(Oc3ccc(COC(=O)CC(CP4(=O)Oc5ccccc5-c5ccccc54)C(=O)O)cc3)=NP(Oc3ccc(COC(=O)CC(CP4(=O)Oc5ccccc5-c5ccccc54)C(=O)O)cc3)(Oc3ccc(COC(=O)CC(CP4(=O)Oc5ccccc5-c5ccccc54)C(=O)O)cc3)=NP(Oc3ccc(COC(=O)CC(CP4(=O)Oc5ccccc5-c5ccccc54)C(=O)O)cc3)(Oc3ccc(COC(=O)CC(CP4(=O)Oc5ccccc5-c5ccccc54)C(=O)O)cc3)=N2)cc1||<NO_CO>,3.3657870370369523,11.328522378685987,0.5697674418604651,0.5697674418604651,,,0.5697674418604651,0.5697674418604651,0,0,1,1,0,0,0,1,1,0,0,318,97,4,Caution,New_scaffold
THR,4,DOPO_EP_0450,NPDI,,O=P(CC(C(O)=O)CC(OCC1=CC=C(OP2(OC(C=C3)=CC=C3COC(CC(C(O)=O)CP(OC4=C5C=CC=C4)(C6=C5C=CC=C6)=O)=O)=NP(OC(C=C7)=CC=C7COC(CC(C(O)=O)CP(OC8=C9C=CC=C8)(C%10=C9C=CC=C%10)=O)=O)(OC(C=C%11)=CC=C%11COC(CC(C(O)=O)CP(OC%12=C%13C=CC=C%12)(C%14=C%13C=CC=C%14)=O)=O)=NP(OC(C=C%15)=CC=C%15COC(CC(C(O)=O)CP(OC%16=C%17C=CC=C%16)(C%18=C%17C=CC=C%18)=O)=O)(OC(C=C%19)=CC=C%19COC(CC(C(O)=O)CP(OC%20=C%21C=CC=C%20)(C%22=C%21C=CC=C%22)=O)=O)=N2)C=C1)=O)(C%23=C%24C=CC=C%23)OC%25=C%24C=CC=C%25,,https://doi.org/10.1002/pi.6755,O=C(CC(CP1(=O)Oc2ccccc2-c2ccccc21)C(=O)O)OCc1ccc(OP2(Oc3ccc(COC(=O)CC(CP4(=O)Oc5ccccc5-c5ccccc54)C(=O)O)cc3)=NP(Oc3ccc(COC(=O)CC(CP4(=O)Oc5ccccc5-c5ccccc54)C(=O)O)cc3)(Oc3ccc(COC(=O)CC(CP4(=O)Oc5ccccc5-c5ccccc54)C(=O)O)cc3)=NP(Oc3ccc(COC(=O)CC(CP4(=O)Oc5ccccc5-c5ccccc54)C(=O)O)cc3)(Oc3ccc(COC(=O)CC(CP4(=O)Oc5ccccc5-c5ccccc54)C(=O)O)cc3)=N2)cc1,O=C(CCCP1(=O)Oc2ccccc2-c2ccccc21)OCc1ccc(OP2(Oc3ccc(COC(=O)CCCP4(=O)Oc5ccccc5-c5ccccc54)cc3)=NP(Oc3ccc(COC(=O)CCCP4(=O)Oc5ccccc5-c5ccccc54)cc3)(Oc3ccc(COC(=O)CCCP4(=O)Oc5ccccc5-c5ccccc54)cc3)=NP(Oc3ccc(COC(=O)CCCP4(=O)Oc5ccccc5-c5ccccc54)cc3)(Oc3ccc(COC(=O)CCCP4(=O)Oc5ccccc5-c5ccccc54)cc3)=N2)cc1,83.4,15.3,0,molecule,formulation,baseline_inclusive,fixed,0,82.84566481481487,81.62006666666679,47.60934563732656,115.63078769600702,1,O=C(CC(CP1(=O)Oc2ccccc2-c2ccccc21)C(=O)O)OCc1ccc(OP2(Oc3ccc(COC(=O)CC(CP4(=O)Oc5ccccc5-c5ccccc54)C(=O)O)cc3)=NP(Oc3ccc(COC(=O)CC(CP4(=O)Oc5ccccc5-c5ccccc54)C(=O)O)cc3)(Oc3ccc(COC(=O)CC(CP4(=O)Oc5ccccc5-c5ccccc54)C(=O)O)cc3)=NP(Oc3ccc(COC(=O)CC(CP4(=O)Oc5ccccc5-c5ccccc54)C(=O)O)cc3)(Oc3ccc(COC(=O)CC(CP4(=O)Oc5ccccc5-c5ccccc54)C(=O)O)cc3)=N2)cc1,O=C(CCCP1(=O)Oc2ccccc2-c2ccccc21)OCc1ccc(OP2(Oc3ccc(COC(=O)CCCP4(=O)Oc5ccccc5-c5ccccc54)cc3)=NP(Oc3ccc(COC(=O)CCCP4(=O)Oc5ccccc5-c5ccccc54)cc3)(Oc3ccc(COC(=O)CCCP4(=O)Oc5ccccc5-c5ccccc54)cc3)=NP(Oc3ccc(COC(=O)CCCP4(=O)Oc5ccccc5-c5ccccc54)cc3)(Oc3ccc(COC(=O)CCCP4(=O)Oc5ccccc5-c5ccccc54)cc3)=N2)cc1,,,0,O=C(CC(CP1(=O)Oc2ccccc2-c2ccccc21)C(=O)O)OCc1ccc(OP2(Oc3ccc(COC(=O)CC(CP4(=O)Oc5ccccc5-c5ccccc54)C(=O)O)cc3)=NP(Oc3ccc(COC(=O)CC(CP4(=O)Oc5ccccc5-c5ccccc54)C(=O)O)cc3)(Oc3ccc(COC(=O)CC(CP4(=O)Oc5ccccc5-c5ccccc54)C(=O)O)cc3)=NP(Oc3ccc(COC(=O)CC(CP4(=O)Oc5ccccc5-c5ccccc54)C(=O)O)cc3)(Oc3ccc(COC(=O)CC(CP4(=O)Oc5ccccc5-c5ccccc54)C(=O)O)cc3)=N2)cc1||<NO_CO>,0.5543351851851384,0.3072874975342416,0.5697674418604651,0.5697674418604651,,,0.5697674418604651,0.5697674418604651,0,0,1,1,0,0,0,1,1,0,0,318,97,4,Caution,New_scaffold
THR,4,DOPO_EP_0466,PHAO,,O=P(C1=C2C=CC=C1)(C(NC3=CC=C(C#N)C=C3)C4=CC(O)=C(O)C=C4)OC5=C2C=CC=C5,,https://doi.org/10.1002/app.54680,N#Cc1ccc(NC(c2ccc(O)c(O)c2)P2(=O)Oc3ccccc3-c3ccccc32)cc1,O=P1(C(Nc2ccccc2)c2ccccc2)Oc2ccccc2-c2ccccc21,130.1,0.0,1,molecule,formulation,baseline_inclusive,fixed,0,100.76171829815044,133.48199779701716,99.47127676767693,167.4927188263574,1,N#Cc1ccc(NC(c2ccc(O)c(O)c2)P2(=O)Oc3ccccc3-c3ccccc32)cc1,O=P1(C(Nc2ccccc2)c2ccccc2)Oc2ccccc2-c2ccccc21,,,0,N#Cc1ccc(NC(c2ccc(O)c(O)c2)P2(=O)Oc3ccccc3-c3ccccc32)cc1||<NO_CO>,29.338281701849553,860.7347732170803,0.7710843373493976,0.7710843373493976,,,0.7710843373493976,0.7710843373493976,0,0,1,1,0,1,1,1,1,1,1,318,97,4,In_domain,Seen_scaffold
THR,4,DOPO_EP_0469,PHAO,,O=P(C1=C2C=CC=C1)(C(NC3=CC=C(C#N)C=C3)C4=CC(O)=C(O)C=C4)OC5=C2C=CC=C5,,https://doi.org/10.1002/app.54680,N#Cc1ccc(NC(c2ccc(O)c(O)c2)P2(=O)Oc3ccccc3-c3ccccc32)cc1,O=P1(C(Nc2ccccc2)c2ccccc2)Oc2ccccc2-c2ccccc21,110.1,5.0,0,molecule,formulation,baseline_inclusive,fixed,0,107.33137407407412,102.07295050505068,68.06222947571045,136.08367153439093,1,N#Cc1ccc(NC(c2ccc(O)c(O)c2)P2(=O)Oc3ccccc3-c3ccccc32)cc1,O=P1(C(Nc2ccccc2)c2ccccc2)Oc2ccccc2-c2ccccc21,,,0,N#Cc1ccc(NC(c2ccc(O)c(O)c2)P2(=O)Oc3ccccc3-c3ccccc32)cc1||<NO_CO>,2.7686259259258748,7.665289517708907,0.7710843373493976,0.7710843373493976,,,0.7710843373493976,0.7710843373493976,0,0,1,1,0,1,1,1,1,1,1,318,97,4,In_domain,Seen_scaffold
THR,4,DOPO_EP_0506,IPD,,O=P1(C2=C(C3=C(O1)C=CC=C3)C=CC=C2)C(C4=CNC5=C4C=CC=C5)NCCC6=CNC7=C6C=CC=C7,,https://doi.org/10.1016/j.mtcomm.2024.111470,O=P1(C(NCCc2c[nH]c3ccccc23)c2c[nH]c3ccccc23)Oc2ccccc2-c2ccccc21,O=P1(C(NCCc2c[nH]c3ccccc23)c2c[nH]c3ccccc23)Oc2ccccc2-c2ccccc21,73.1,0.0,1,molecule,formulation,baseline_inclusive,fixed,0,100.76171829815044,97.1858614372056,63.17514040786536,131.1965824665458,1,O=P1(C(NCCc2c[nH]c3ccccc23)c2c[nH]c3ccccc23)Oc2ccccc2-c2ccccc21,O=P1(C(NCCc2c[nH]c3ccccc23)c2c[nH]c3ccccc23)Oc2ccccc2-c2ccccc21,,,0,O=P1(C(NCCc2c[nH]c3ccccc23)c2c[nH]c3ccccc23)Oc2ccccc2-c2ccccc21||<NO_CO>,27.661718298150447,765.1706592062312,0.6476190476190476,0.6476190476190476,,,0.6476190476190476,0.6476190476190476,0,0,1,1,0,0,0,1,1,0,0,318,97,4,Caution,New_scaffold
THR,4,DOPO_EP_0507,IPD,,O=P1(C2=C(C3=C(O1)C=CC=C3)C=CC=C2)C(C4=CNC5=C4C=CC=C5)NCCC6=CNC7=C6C=CC=C7,,https://doi.org/10.1016/j.mtcomm.2024.111470,O=P1(C(NCCc2c[nH]c3ccccc23)c2c[nH]c3ccccc23)Oc2ccccc2-c2ccccc21,O=P1(C(NCCc2c[nH]c3ccccc23)c2c[nH]c3ccccc23)Oc2ccccc2-c2ccccc21,64.9,1.0,0,molecule,formulation,baseline_inclusive,fixed,0,63.88535925925931,60.12003333333341,26.10931230399318,94.13075436267364,1,O=P1(C(NCCc2c[nH]c3ccccc23)c2c[nH]c3ccccc23)Oc2ccccc2-c2ccccc21,O=P1(C(NCCc2c[nH]c3ccccc23)c2c[nH]c3ccccc23)Oc2ccccc2-c2ccccc21,,,0,O=P1(C(NCCc2c[nH]c3ccccc23)c2c[nH]c3ccccc23)Oc2ccccc2-c2ccccc21||<NO_CO>,1.0146407407406954,1.0294958327708272,0.6476190476190476,0.6476190476190476,,,0.6476190476190476,0.6476190476190476,0,0,1,1,0,0,0,1,1,0,0,318,97,4,Caution,New_scaffold
THR,4,DOPO_EP_0508,IPD,,O=P1(C2=C(C3=C(O1)C=CC=C3)C=CC=C2)C(C4=CNC5=C4C=CC=C5)NCCC6=CNC7=C6C=CC=C7,,https://doi.org/10.1016/j.mtcomm.2024.111470,O=P1(C(NCCc2c[nH]c3ccccc23)c2c[nH]c3ccccc23)Oc2ccccc2-c2ccccc21,O=P1(C(NCCc2c[nH]c3ccccc23)c2c[nH]c3ccccc23)Oc2ccccc2-c2ccccc21,60.1,3.0,0,molecule,formulation,baseline_inclusive,fixed,0,63.40026666666677,59.671025925926,25.660304896585764,93.68174695526622,1,O=P1(C(NCCc2c[nH]c3ccccc23)c2c[nH]c3ccccc23)Oc2ccccc2-c2ccccc21,O=P1(C(NCCc2c[nH]c3ccccc23)c2c[nH]c3ccccc23)Oc2ccccc2-c2ccccc21,,,0,O=P1(C(NCCc2c[nH]c3ccccc23)c2c[nH]c3ccccc23)Oc2ccccc2-c2ccccc21||<NO_CO>,3.300266666666765,10.89176007111176,0.6476190476190476,0.6476190476190476,,,0.6476190476190476,0.6476190476190476,0,0,1,1,0,0,0,1,1,0,0,318,97,4,Caution,New_scaffold
THR,4,DOPO_EP_0509,IPD,,O=P1(C2=C(C3=C(O1)C=CC=C3)C=CC=C2)C(C4=CNC5=C4C=CC=C5)NCCC6=CNC7=C6C=CC=C7,,https://doi.org/10.1016/j.mtcomm.2024.111470,O=P1(C(NCCc2c[nH]c3ccccc23)c2c[nH]c3ccccc23)Oc2ccccc2-c2ccccc21,O=P1(C(NCCc2c[nH]c3ccccc23)c2c[nH]c3ccccc23)Oc2ccccc2-c2ccccc21,54.2,5.0,0,molecule,formulation,baseline_inclusive,fixed,0,64.85516296296304,58.73587407407414,24.725153044733908,92.74659510341436,1,O=P1(C(NCCc2c[nH]c3ccccc23)c2c[nH]c3ccccc23)Oc2ccccc2-c2ccccc21,O=P1(C(NCCc2c[nH]c3ccccc23)c2c[nH]c3ccccc23)Oc2ccccc2-c2ccccc21,,,0,O=P1(C(NCCc2c[nH]c3ccccc23)c2c[nH]c3ccccc23)Oc2ccccc2-c2ccccc21||<NO_CO>,10.655162962963033,113.53249776729915,0.6476190476190476,0.6476190476190476,,,0.6476190476190476,0.6476190476190476,0,0,1,1,0,0,0,1,1,0,0,318,97,4,Caution,New_scaffold
THR,4,DOPO_EP_0552,DAP,,O=P1(C2=C(C3=C(O1)C=CC=C3)C=CC=C2)NC4=NC=CC=N4,,https://doi.org/10.1002/app.70220,O=P1(Nc2ncccn2)Oc2ccccc2-c2ccccc21,O=P1(Nc2ncccn2)Oc2ccccc2-c2ccccc21,131.2,0.0,1,molecule,formulation,baseline_inclusive,fixed,0,100.76171829815044,114.2229491197691,80.21222809042887,148.23367014910934,1,O=P1(Nc2ncccn2)Oc2ccccc2-c2ccccc21,O=P1(Nc2ncccn2)Oc2ccccc2-c2ccccc21,,,0,O=P1(Nc2ncccn2)Oc2ccccc2-c2ccccc21||<NO_CO>,30.438281701849547,926.4889929611489,0.65625,0.65625,,,0.65625,0.65625,0,0,1,1,0,0,0,1,1,0,0,318,97,4,Caution,New_scaffold
THR,4,DOPO_EP_0553,DAP,,O=P1(C2=C(C3=C(O1)C=CC=C3)C=CC=C2)NC4=NC=CC=N4,,https://doi.org/10.1002/app.70220,O=P1(Nc2ncccn2)Oc2ccccc2-c2ccccc21,O=P1(Nc2ncccn2)Oc2ccccc2-c2ccccc21,115.3,2.0,0,molecule,formulation,baseline_inclusive,fixed,0,117.71674074074036,117.6179161135158,83.60719508417556,151.628637142856,1,O=P1(Nc2ncccn2)Oc2ccccc2-c2ccccc21,O=P1(Nc2ncccn2)Oc2ccccc2-c2ccccc21,,,0,O=P1(Nc2ncccn2)Oc2ccccc2-c2ccccc21||<NO_CO>,2.416740740740366,5.840635807954292,0.65625,0.65625,,,0.65625,0.65625,0,0,1,1,0,0,0,1,1,0,0,318,97,4,Caution,New_scaffold
THR,4,DOPO_EP_0554,DAP,,O=P1(C2=C(C3=C(O1)C=CC=C3)C=CC=C2)NC4=NC=CC=N4,,https://doi.org/10.1002/app.70220,O=P1(Nc2ncccn2)Oc2ccccc2-c2ccccc21,O=P1(Nc2ncccn2)Oc2ccccc2-c2ccccc21,103.8,4.0,0,molecule,formulation,baseline_inclusive,fixed,0,104.2858407407409,106.71990976431002,72.70918873496979,140.73063079365025,1,O=P1(Nc2ncccn2)Oc2ccccc2-c2ccccc21,O=P1(Nc2ncccn2)Oc2ccccc2-c2ccccc21,,,0,O=P1(Nc2ncccn2)Oc2ccccc2-c2ccccc21||<NO_CO>,0.48584074074089756,0.23604122536366404,0.65625,0.65625,,,0.65625,0.65625,0,0,1,1,0,0,0,1,1,0,0,318,97,4,Caution,New_scaffold
THR,4,DOPO_EP_0027,DPT,,CC1(CC(NC(P2(C3=C(C4=C(O2)C=CC=C4)C=CC=C3)=O)C5=CC=C(C(P6(C7=C(C8=C(O6)C=CC=C8)C=CC=C7)=O)NC9CC(C)(NC(C)(C9)C)C)C=C5)CC(C)(N1)C)C,,http://dx.doi.org/10.1016/j.polymdegradstab.2017.10.015,CC1(C)CC(NC(c2ccc(C(NC3CC(C)(C)NC(C)(C)C3)P3(=O)Oc4ccccc4-c4ccccc43)cc2)P2(=O)Oc3ccccc3-c3ccccc32)CC(C)(C)N1,O=P1(C(NC2CCNCC2)c2ccc(C(NC3CCNCC3)P3(=O)Oc4ccccc4-c4ccccc43)cc2)Oc2ccccc2-c2ccccc21,70.2,6.8,0,molecule,formulation,baseline_inclusive,fixed,0,72.20776296296297,78.52266296296301,44.51194193362278,112.53338399230324,1,CC1(C)CC(NC(c2ccc(C(NC3CC(C)(C)NC(C)(C)C3)P3(=O)Oc4ccccc4-c4ccccc43)cc2)P2(=O)Oc3ccccc3-c3ccccc32)CC(C)(C)N1,O=P1(C(NC2CCNCC2)c2ccc(C(NC3CCNCC3)P3(=O)Oc4ccccc4-c4ccccc43)cc2)Oc2ccccc2-c2ccccc21,,,0,CC1(C)CC(NC(c2ccc(C(NC3CC(C)(C)NC(C)(C)C3)P3(=O)Oc4ccccc4-c4ccccc43)cc2)P2(=O)Oc3ccccc3-c3ccccc32)CC(C)(C)N1||<NO_CO>,2.007762962962971,4.03111211544585,0.47191011235955055,0.47191011235955055,,,0.47191011235955055,0.47191011235955055,0,0,1,1,0,0,0,1,1,0,0,318,97,4,Extrapolation,New_scaffold
THR,4,DOPO_EP_0087,PBI,,O=P(C1=C2C=CC=C1)(C(NC3=NC4=C(S3)C=CC=C4)C5=CNC=N5)OC6=C2C=CC=C6,,https://doi.org/10.1016/j.polymdegradstab.2019.06.020,O=P1(C(Nc2nc3ccccc3s2)c2c[nH]cn2)Oc2ccccc2-c2ccccc21,O=P1(C(Nc2nc3ccccc3s2)c2c[nH]cn2)Oc2ccccc2-c2ccccc21,70.2,3.6,0,molecule,formulation,baseline_inclusive,fixed,0,67.31662222222234,66.66621851851848,32.655497489178245,100.67693954785872,1,O=P1(C(Nc2nc3ccccc3s2)c2c[nH]cn2)Oc2ccccc2-c2ccccc21,O=P1(C(Nc2nc3ccccc3s2)c2c[nH]cn2)Oc2ccccc2-c2ccccc21,,,0,O=P1(C(Nc2nc3ccccc3s2)c2c[nH]cn2)Oc2ccccc2-c2ccccc21||<NO_CO>,2.8833777777776675,8.31386740938208,0.7011494252873564,0.7011494252873564,,,0.7011494252873564,0.7011494252873564,0,0,1,1,0,0,0,1,1,0,0,318,97,4,In_domain,New_scaffold
THR,4,DOPO_EP_0086,PBI,,O=P(C1=C2C=CC=C1)(C(NC3=NC4=C(S3)C=CC=C4)C5=CNC=N5)OC6=C2C=CC=C6,,https://doi.org/10.1016/j.polymdegradstab.2019.06.020,O=P1(C(Nc2nc3ccccc3s2)c2c[nH]cn2)Oc2ccccc2-c2ccccc21,O=P1(C(Nc2nc3ccccc3s2)c2c[nH]cn2)Oc2ccccc2-c2ccccc21,82.2,0.0,1,molecule,formulation,baseline_inclusive,fixed,0,100.76171829815044,97.1858614372056,63.17514040786536,131.1965824665458,1,O=P1(C(Nc2nc3ccccc3s2)c2c[nH]cn2)Oc2ccccc2-c2ccccc21,O=P1(C(Nc2nc3ccccc3s2)c2c[nH]cn2)Oc2ccccc2-c2ccccc21,,,0,O=P1(C(Nc2nc3ccccc3s2)c2c[nH]cn2)Oc2ccccc2-c2ccccc21||<NO_CO>,18.56171829815044,344.5373861798928,0.7011494252873564,0.7011494252873564,,,0.7011494252873564,0.7011494252873564,0,0,1,1,0,0,0,1,1,0,0,318,97,4,In_domain,New_scaffold
THR,4,DOPO_EP_0032,APN-DOPO,,O=P(C1=C2C=CC=C1)(C([H])(NC3=CC=CC(OC4=CC=C(C(C#N)=C4)C#N)=C3)[H])OC5=C2C=CC=C5,,https://doi.org/10.1016/j.cej.2021.130404,N#Cc1ccc(Oc2cccc(NCP3(=O)Oc4ccccc4-c4ccccc43)c2)cc1C#N,O=P1(CNc2cccc(Oc3ccccc3)c2)Oc2ccccc2-c2ccccc21,44.98,10.0,0,molecule,formulation,baseline_inclusive,fixed,0,78.38281851851843,78.30871851851875,44.29799748917851,112.31943954785898,1,N#Cc1ccc(Oc2cccc(NCP3(=O)Oc4ccccc4-c4ccccc43)c2)cc1C#N,O=P1(CNc2cccc(Oc3ccccc3)c2)Oc2ccccc2-c2ccccc21,,,0,N#Cc1ccc(Oc2cccc(NCP3(=O)Oc4ccccc4-c4ccccc43)c2)cc1C#N||<NO_CO>,33.40281851851844,1115.7482849810783,0.5631067961165048,0.5631067961165048,,,0.5631067961165048,0.5631067961165048,0,0,1,1,0,0,0,1,1,0,0,318,97,4,Caution,New_scaffold
THR,4,DOPO_EP_0031,APN-DOPO,,O=P(C1=C2C=CC=C1)(C([H])(NC3=CC=CC(OC4=CC=C(C(C#N)=C4)C#N)=C3)[H])OC5=C2C=CC=C5,,https://doi.org/10.1016/j.cej.2021.130404,N#Cc1ccc(Oc2cccc(NCP3(=O)Oc4ccccc4-c4ccccc43)c2)cc1C#N,O=P1(CNc2cccc(Oc3ccccc3)c2)Oc2ccccc2-c2ccccc21,65.98,5.0,0,molecule,formulation,baseline_inclusive,fixed,0,84.79019629629612,86.16937431457426,52.15865328523402,120.18009534391447,1,N#Cc1ccc(Oc2cccc(NCP3(=O)Oc4ccccc4-c4ccccc43)c2)cc1C#N,O=P1(CNc2cccc(Oc3ccccc3)c2)Oc2ccccc2-c2ccccc21,,,0,N#Cc1ccc(Oc2cccc(NCP3(=O)Oc4ccccc4-c4ccccc43)c2)cc1C#N||<NO_CO>,18.810196296296112,353.82348470519196,0.5631067961165048,0.5631067961165048,,,0.5631067961165048,0.5631067961165048,0,0,1,1,0,0,0,1,1,0,0,318,97,4,Caution,New_scaffold
THR,4,DOPO_EP_0034,APN-DOPO,,O=P(C1=C2C=CC=C1)(C([H])(NC3=CC=CC(OC4=CC=C(C(C#N)=C4)C#N)=C3)[H])OC5=C2C=CC=C5,,https://doi.org/10.1016/j.cej.2021.130404,N#Cc1ccc(Oc2cccc(NCP3(=O)Oc4ccccc4-c4ccccc43)c2)cc1C#N,O=P1(CNc2cccc(Oc3ccccc3)c2)Oc2ccccc2-c2ccccc21,45.95,20.0,0,molecule,formulation,baseline_inclusive,fixed,0,67.7000481481481,71.9823574074075,37.97163637806728,105.99307843674774,1,N#Cc1ccc(Oc2cccc(NCP3(=O)Oc4ccccc4-c4ccccc43)c2)cc1C#N,O=P1(CNc2cccc(Oc3ccccc3)c2)Oc2ccccc2-c2ccccc21,,,0,N#Cc1ccc(Oc2cccc(NCP3(=O)Oc4ccccc4-c4ccccc43)c2)cc1C#N||<NO_CO>,21.750048148148096,473.0645944467604,0.5631067961165048,0.5631067961165048,,,0.5631067961165048,0.5631067961165048,0,0,1,1,0,0,0,1,1,0,0,318,97,4,Caution,New_scaffold
THR,4,DOPO_EP_0033,APN-DOPO,,O=P(C1=C2C=CC=C1)(C([H])(NC3=CC=CC(OC4=CC=C(C(C#N)=C4)C#N)=C3)[H])OC5=C2C=CC=C5,,https://doi.org/10.1016/j.cej.2021.130404,N#Cc1ccc(Oc2cccc(NCP3(=O)Oc4ccccc4-c4ccccc43)c2)cc1C#N,O=P1(CNc2cccc(Oc3ccccc3)c2)Oc2ccccc2-c2ccccc21,48.1,15.0,0,molecule,formulation,baseline_inclusive,fixed,0,69.4855629629629,72.41711666666676,38.406395637326526,106.427837696007,1,N#Cc1ccc(Oc2cccc(NCP3(=O)Oc4ccccc4-c4ccccc43)c2)cc1C#N,O=P1(CNc2cccc(Oc3ccccc3)c2)Oc2ccccc2-c2ccccc21,,,0,N#Cc1ccc(Oc2cccc(NCP3(=O)Oc4ccccc4-c4ccccc43)c2)cc1C#N||<NO_CO>,21.3855629629629,457.34230324285056,0.5631067961165048,0.5631067961165048,,,0.5631067961165048,0.5631067961165048,0,0,1,1,0,0,0,1,1,0,0,318,97,4,Caution,New_scaffold
THR,4,DOPO_EP_0028,DPT,,CC1(CC(NC(P2(C3=C(C4=C(O2)C=CC=C4)C=CC=C3)=O)C5=CC=C(C(P6(C7=C(C8=C(O6)C=CC=C8)C=CC=C7)=O)NC9CC(C)(NC(C)(C9)C)C)C=C5)CC(C)(N1)C)C,,http://dx.doi.org/10.1016/j.polymdegradstab.2017.10.015,CC1(C)CC(NC(c2ccc(C(NC3CC(C)(C)NC(C)(C)C3)P3(=O)Oc4ccccc4-c4ccccc43)cc2)P2(=O)Oc3ccccc3-c3ccccc32)CC(C)(C)N1,O=P1(C(NC2CCNCC2)c2ccc(C(NC3CCNCC3)P3(=O)Oc4ccccc4-c4ccccc43)cc2)Oc2ccccc2-c2ccccc21,66.1,10.2,0,molecule,formulation,baseline_inclusive,fixed,0,67.24109259259268,72.01629259259276,38.00557156325253,106.027013621933,1,CC1(C)CC(NC(c2ccc(C(NC3CC(C)(C)NC(C)(C)C3)P3(=O)Oc4ccccc4-c4ccccc43)cc2)P2(=O)Oc3ccccc3-c3ccccc32)CC(C)(C)N1,O=P1(C(NC2CCNCC2)c2ccc(C(NC3CCNCC3)P3(=O)Oc4ccccc4-c4ccccc43)cc2)Oc2ccccc2-c2ccccc21,,,0,CC1(C)CC(NC(c2ccc(C(NC3CC(C)(C)NC(C)(C)C3)P3(=O)Oc4ccccc4-c4ccccc43)cc2)P2(=O)Oc3ccccc3-c3ccccc32)CC(C)(C)N1||<NO_CO>,1.1410925925926847,1.3020923048698947,0.47191011235955055,0.47191011235955055,,,0.47191011235955055,0.47191011235955055,0,0,1,1,0,0,0,1,1,0,0,318,97,4,Extrapolation,New_scaffold
THR,4,DOPO_EP_0005,DOPOMAH,,O=P(C1=C2C=CC=C1)(C3CC(OC3=O)=O)OC4=C2C=CC=C4,,https://doi.org/10.1002/app.51688,O=C1CC(P2(=O)Oc3ccccc3-c3ccccc32)C(=O)O1,O=C1CC(P2(=O)Oc3ccccc3-c3ccccc32)C(=O)O1,112.1,0.0,1,molecule,formulation,baseline_inclusive,fixed,0,100.76171829815044,97.1858614372056,63.17514040786536,131.1965824665458,1,O=C1CC(P2(=O)Oc3ccccc3-c3ccccc32)C(=O)O1,O=C1CC(P2(=O)Oc3ccccc3-c3ccccc32)C(=O)O1,,,0,O=C1CC(P2(=O)Oc3ccccc3-c3ccccc32)C(=O)O1||<NO_CO>,11.338281701849553,128.55663195049638,0.48717948717948717,0.48717948717948717,,,0.48717948717948717,0.48717948717948717,0,0,1,1,0,0,0,1,1,0,0,318,97,4,Extrapolation,New_scaffold
THR,4,DOPO_EP_0026,DPT,,CC1(CC(NC(P2(C3=C(C4=C(O2)C=CC=C4)C=CC=C3)=O)C5=CC=C(C(P6(C7=C(C8=C(O6)C=CC=C8)C=CC=C7)=O)NC9CC(C)(NC(C)(C9)C)C)C=C5)CC(C)(N1)C)C,,http://dx.doi.org/10.1016/j.polymdegradstab.2017.10.015,CC1(C)CC(NC(c2ccc(C(NC3CC(C)(C)NC(C)(C)C3)P3(=O)Oc4ccccc4-c4ccccc43)cc2)P2(=O)Oc3ccccc3-c3ccccc32)CC(C)(C)N1,O=P1(C(NC2CCNCC2)c2ccc(C(NC3CCNCC3)P3(=O)Oc4ccccc4-c4ccccc43)cc2)Oc2ccccc2-c2ccccc21,81.6,3.4,0,molecule,formulation,baseline_inclusive,fixed,0,78.51282222222231,85.61561851851835,51.604897489178114,119.62633954785858,1,CC1(C)CC(NC(c2ccc(C(NC3CC(C)(C)NC(C)(C)C3)P3(=O)Oc4ccccc4-c4ccccc43)cc2)P2(=O)Oc3ccccc3-c3ccccc32)CC(C)(C)N1,O=P1(C(NC2CCNCC2)c2ccc(C(NC3CCNCC3)P3(=O)Oc4ccccc4-c4ccccc43)cc2)Oc2ccccc2-c2ccccc21,,,0,CC1(C)CC(NC(c2ccc(C(NC3CC(C)(C)NC(C)(C)C3)P3(=O)Oc4ccccc4-c4ccccc43)cc2)P2(=O)Oc3ccccc3-c3ccccc32)CC(C)(C)N1||<NO_CO>,3.0871777777776828,9.530666631604351,0.47191011235955055,0.47191011235955055,,,0.47191011235955055,0.47191011235955055,0,0,1,1,0,0,0,1,1,0,0,318,97,4,Extrapolation,New_scaffold
THR,4,DOPO_EP_0025,DPT,,CC1(CC(NC(P2(C3=C(C4=C(O2)C=CC=C4)C=CC=C3)=O)C5=CC=C(C(P6(C7=C(C8=C(O6)C=CC=C8)C=CC=C7)=O)NC9CC(C)(NC(C)(C9)C)C)C=C5)CC(C)(N1)C)C,,http://dx.doi.org/10.1016/j.polymdegradstab.2017.10.015,CC1(C)CC(NC(c2ccc(C(NC3CC(C)(C)NC(C)(C)C3)P3(=O)Oc4ccccc4-c4ccccc43)cc2)P2(=O)Oc3ccccc3-c3ccccc32)CC(C)(C)N1,O=P1(C(NC2CCNCC2)c2ccc(C(NC3CCNCC3)P3(=O)Oc4ccccc4-c4ccccc43)cc2)Oc2ccccc2-c2ccccc21,95.6,0.0,1,molecule,formulation,baseline_inclusive,fixed,0,100.76171829815044,97.1858614372056,63.17514040786536,131.1965824665458,1,CC1(C)CC(NC(c2ccc(C(NC3CC(C)(C)NC(C)(C)C3)P3(=O)Oc4ccccc4-c4ccccc43)cc2)P2(=O)Oc3ccccc3-c3ccccc32)CC(C)(C)N1,O=P1(C(NC2CCNCC2)c2ccc(C(NC3CCNCC3)P3(=O)Oc4ccccc4-c4ccccc43)cc2)Oc2ccccc2-c2ccccc21,,,0,CC1(C)CC(NC(c2ccc(C(NC3CC(C)(C)NC(C)(C)C3)P3(=O)Oc4ccccc4-c4ccccc43)cc2)P2(=O)Oc3ccccc3-c3ccccc32)CC(C)(C)N1||<NO_CO>,5.161718298150447,26.643335789461148,0.47191011235955055,0.47191011235955055,,,0.47191011235955055,0.47191011235955055,0,0,1,1,0,0,0,1,1,0,0,318,97,4,Extrapolation,New_scaffold
THR,4,DOPO_EP_0008,DOPOMAH,,O=P(C1=C2C=CC=C1)(C3CC(OC3=O)=O)OC4=C2C=CC=C4,,https://doi.org/10.1002/app.51688,O=C1CC(P2(=O)Oc3ccccc3-c3ccccc32)C(=O)O1,O=C1CC(P2(=O)Oc3ccccc3-c3ccccc32)C(=O)O1,74.4,20.29,0,molecule,formulation,baseline_inclusive,fixed,0,81.24847407407405,80.34262592592592,46.33190489658568,114.35334695526616,1,O=C1CC(P2(=O)Oc3ccccc3-c3ccccc32)C(=O)O1,O=C1CC(P2(=O)Oc3ccccc3-c3ccccc32)C(=O)O1,,,0,O=C1CC(P2(=O)Oc3ccccc3-c3ccccc32)C(=O)O1||<NO_CO>,6.848474074074048,46.90159714326438,0.48717948717948717,0.48717948717948717,,,0.48717948717948717,0.48717948717948717,0,0,1,1,0,0,0,1,1,0,0,318,97,4,Extrapolation,New_scaffold
THR,4,DOPO_EP_0029,DPT,,CC1(CC(NC(P2(C3=C(C4=C(O2)C=CC=C4)C=CC=C3)=O)C5=CC=C(C(P6(C7=C(C8=C(O6)C=CC=C8)C=CC=C7)=O)NC9CC(C)(NC(C)(C9)C)C)C=C5)CC(C)(N1)C)C,,http://dx.doi.org/10.1016/j.polymdegradstab.2017.10.015,CC1(C)CC(NC(c2ccc(C(NC3CC(C)(C)NC(C)(C)C3)P3(=O)Oc4ccccc4-c4ccccc43)cc2)P2(=O)Oc3ccccc3-c3ccccc32)CC(C)(C)N1,O=P1(C(NC2CCNCC2)c2ccc(C(NC3CCNCC3)P3(=O)Oc4ccccc4-c4ccccc43)cc2)Oc2ccccc2-c2ccccc21,60.8,13.6,0,molecule,formulation,baseline_inclusive,fixed,0,63.89708148148155,69.11926111111129,35.108540081771054,103.12998214045152,1,CC1(C)CC(NC(c2ccc(C(NC3CC(C)(C)NC(C)(C)C3)P3(=O)Oc4ccccc4-c4ccccc43)cc2)P2(=O)Oc3ccccc3-c3ccccc32)CC(C)(C)N1,O=P1(C(NC2CCNCC2)c2ccc(C(NC3CCNCC3)P3(=O)Oc4ccccc4-c4ccccc43)cc2)Oc2ccccc2-c2ccccc21,,,0,CC1(C)CC(NC(c2ccc(C(NC3CC(C)(C)NC(C)(C)C3)P3(=O)Oc4ccccc4-c4ccccc43)cc2)P2(=O)Oc3ccccc3-c3ccccc32)CC(C)(C)N1||<NO_CO>,3.0970814814815526,9.591913702935969,0.47191011235955055,0.47191011235955055,,,0.47191011235955055,0.47191011235955055,0,0,1,1,0,0,0,1,1,0,0,318,97,4,Extrapolation,New_scaffold
THR,4,DOPO_EP_0030,APN-DOPO,,O=P(C1=C2C=CC=C1)(C([H])(NC3=CC=CC(OC4=CC=C(C(C#N)=C4)C#N)=C3)[H])OC5=C2C=CC=C5,,https://doi.org/10.1016/j.cej.2021.130404,N#Cc1ccc(Oc2cccc(NCP3(=O)Oc4ccccc4-c4ccccc43)c2)cc1C#N,O=P1(CNc2cccc(Oc3ccccc3)c2)Oc2ccccc2-c2ccccc21,99.23,0.0,1,molecule,formulation,baseline_inclusive,fixed,0,100.76171829815044,114.2229491197691,80.21222809042887,148.23367014910934,1,N#Cc1ccc(Oc2cccc(NCP3(=O)Oc4ccccc4-c4ccccc43)c2)cc1C#N,O=P1(CNc2cccc(Oc3ccccc3)c2)Oc2ccccc2-c2ccccc21,,,0,N#Cc1ccc(Oc2cccc(NCP3(=O)Oc4ccccc4-c4ccccc43)c2)cc1C#N||<NO_CO>,1.5317182981504374,2.3461609448888723,0.5631067961165048,0.5631067961165048,,,0.5631067961165048,0.5631067961165048,0,0,1,1,0,0,0,1,1,0,0,318,97,4,Caution,New_scaffold
THR,5,DOPO_EP_0472,HP-DOPO,,OC1=C(CCCP2(C3=C(C4=C(O2)C=CC=C4)C=CC=C3)=O)C=CC=C1,,https://doi.org/10.1016/j.polymdegradstab.2023.110579,O=P1(CCCc2ccccc2O)Oc2ccccc2-c2ccccc21,O=P1(CCCc2ccccc2)Oc2ccccc2-c2ccccc21,96.0,3.0,0,molecule,formulation,baseline_inclusive,fixed,0,87.8180169516137,92.9088312957184,38.491227587169945,147.32643500426684,1,O=P1(CCCc2ccccc2O)Oc2ccccc2-c2ccccc21,O=P1(CCCc2ccccc2)Oc2ccccc2-c2ccccc21,,,0,O=P1(CCCc2ccccc2O)Oc2ccccc2-c2ccccc21||<NO_CO>,8.1819830483863,66.94484660408077,0.684931506849315,0.684931506849315,,,0.684931506849315,0.684931506849315,0,0,1,1,0,0,0,1,1,0,0,318,97,4,Caution,New_scaffold
THR,5,DOPO_EP_0471,HP-DOPO,,OC1=C(CCCP2(C3=C(C4=C(O2)C=CC=C4)C=CC=C3)=O)C=CC=C1,,https://doi.org/10.1016/j.polymdegradstab.2023.110579,O=P1(CCCc2ccccc2O)Oc2ccccc2-c2ccccc21,O=P1(CCCc2ccccc2)Oc2ccccc2-c2ccccc21,128.0,0.0,1,molecule,formulation,baseline_inclusive,fixed,0,98.98997472772156,99.08878111451668,44.67117740596824,153.5063848230651,1,O=P1(CCCc2ccccc2O)Oc2ccccc2-c2ccccc21,O=P1(CCCc2ccccc2)Oc2ccccc2-c2ccccc21,,,0,O=P1(CCCc2ccccc2O)Oc2ccccc2-c2ccccc21||<NO_CO>,29.01002527227844,841.5815662982338,0.684931506849315,0.684931506849315,,,0.684931506849315,0.684931506849315,0,0,1,1,0,0,0,1,1,0,0,318,97,4,Caution,New_scaffold
THR,5,DOPO_EP_0135,TGIC-DOPO,,O=P(CC(O)CN(C(N(C1=O)CC(O)CP(OC2=C3C=CC=C2)(C4=C3C=CC=C4)=O)=O)C(N1CC(O)CP(OC5=C6C=CC=C5)(C7=C6C=CC=C7)=O)=O)(C8=C9C=CC=C8)OC%10=C9C=CC=C%10,,https://doi.org/10.1016/j.polymdegradstab.2014.05.007,O=c1n(CC(O)CP2(=O)Oc3ccccc3-c3ccccc32)c(=O)n(CC(O)CP2(=O)Oc3ccccc3-c3ccccc32)c(=O)n1CC(O)CP1(=O)Oc2ccccc2-c2ccccc21,O=c1n(CCCP2(=O)Oc3ccccc3-c3ccccc32)c(=O)n(CCCP2(=O)Oc3ccccc3-c3ccccc32)c(=O)n1CCCP1(=O)Oc2ccccc2-c2ccccc21,102.0,0.0,1,molecule,formulation,baseline_inclusive,fixed,0,98.98997472772156,99.08878111451668,44.67117740596824,153.5063848230651,1,O=c1n(CC(O)CP2(=O)Oc3ccccc3-c3ccccc32)c(=O)n(CC(O)CP2(=O)Oc3ccccc3-c3ccccc32)c(=O)n1CC(O)CP1(=O)Oc2ccccc2-c2ccccc21,O=c1n(CCCP2(=O)Oc3ccccc3-c3ccccc32)c(=O)n(CCCP2(=O)Oc3ccccc3-c3ccccc32)c(=O)n1CCCP1(=O)Oc2ccccc2-c2ccccc21,,,0,O=c1n(CC(O)CP2(=O)Oc3ccccc3-c3ccccc32)c(=O)n(CC(O)CP2(=O)Oc3ccccc3-c3ccccc32)c(=O)n1CC(O)CP1(=O)Oc2ccccc2-c2ccccc21||<NO_CO>,3.0100252722784404,9.0602521397549,0.7,0.7,,,0.7,0.7,0,0,1,1,0,1,1,1,1,1,1,318,97,4,In_domain,Seen_scaffold
THR,5,DOPO_EP_0473,HP-DOPO,,OC1=C(CCCP2(C3=C(C4=C(O2)C=CC=C4)C=CC=C3)=O)C=CC=C1,,https://doi.org/10.1016/j.polymdegradstab.2023.110579,O=P1(CCCc2ccccc2O)Oc2ccccc2-c2ccccc21,O=P1(CCCc2ccccc2)Oc2ccccc2-c2ccccc21,90.0,4.0,0,molecule,formulation,baseline_inclusive,fixed,0,83.60270532897644,85.5300085383375,31.112404829789057,139.94761224688594,1,O=P1(CCCc2ccccc2O)Oc2ccccc2-c2ccccc21,O=P1(CCCc2ccccc2)Oc2ccccc2-c2ccccc21,,,0,O=P1(CCCc2ccccc2O)Oc2ccccc2-c2ccccc21||<NO_CO>,6.397294671023559,40.92537910790642,0.684931506849315,0.684931506849315,,,0.684931506849315,0.684931506849315,0,0,1,1,0,0,0,1,1,0,0,318,97,4,Caution,New_scaffold
THR,5,DOPO_EP_0474,HP-DOPO,,OC1=C(CCCP2(C3=C(C4=C(O2)C=CC=C4)C=CC=C3)=O)C=CC=C1,,https://doi.org/10.1016/j.polymdegradstab.2023.110579,O=P1(CCCc2ccccc2O)Oc2ccccc2-c2ccccc21,O=P1(CCCc2ccccc2)Oc2ccccc2-c2ccccc21,86.0,5.0,0,molecule,formulation,baseline_inclusive,fixed,0,85.70757165421368,83.16393260276132,28.74632889421288,137.58153631130978,1,O=P1(CCCc2ccccc2O)Oc2ccccc2-c2ccccc21,O=P1(CCCc2ccccc2)Oc2ccccc2-c2ccccc21,,,0,O=P1(CCCc2ccccc2O)Oc2ccccc2-c2ccccc21||<NO_CO>,0.2924283457863197,0.08551433741932336,0.684931506849315,0.684931506849315,,,0.684931506849315,0.684931506849315,0,0,1,1,0,0,0,1,1,0,0,318,97,4,Caution,New_scaffold
THR,5,DOPO_EP_0510,DHBAZ,,O=P(C1=C2C=CC=C1)(C(NC3=NC=CS3)C4=CC=C(O)C=C4)OC5=C2C=CC=C5,,http://dx.doi.org/10.1016/j.jaap.2017.07.014,O=P1(C(Nc2nccs2)c2ccc(O)cc2)Oc2ccccc2-c2ccccc21,O=P1(C(Nc2nccs2)c2ccccc2)Oc2ccccc2-c2ccccc21,70.0,0.0,1,molecule,formulation,baseline_inclusive,fixed,0,98.98997472772156,99.08878111451668,44.67117740596824,153.5063848230651,1,O=P1(C(Nc2nccs2)c2ccc(O)cc2)Oc2ccccc2-c2ccccc21,O=P1(C(Nc2nccs2)c2ccccc2)Oc2ccccc2-c2ccccc21,,,0,O=P1(C(Nc2nccs2)c2ccc(O)cc2)Oc2ccccc2-c2ccccc21||<NO_CO>,28.98997472772156,840.4186347139347,0.6404494382022472,0.6404494382022472,,,0.6404494382022472,0.6404494382022472,0,0,1,1,0,0,0,1,1,0,0,318,97,4,Caution,New_scaffold
THR,5,DOPO_EP_0512,DHBAZ,,O=P(C1=C2C=CC=C1)(C(NC3=NC=CS3)C4=CC=C(O)C=C4)OC5=C2C=CC=C5,,http://dx.doi.org/10.1016/j.jaap.2017.07.014,O=P1(C(Nc2nccs2)c2ccc(O)cc2)Oc2ccccc2-c2ccccc21,O=P1(C(Nc2nccs2)c2ccccc2)Oc2ccccc2-c2ccccc21,73.0,7.5,0,molecule,formulation,baseline_inclusive,fixed,0,57.47346455424708,60.23169716915438,5.814093460605939,114.6493008777028,1,O=P1(C(Nc2nccs2)c2ccc(O)cc2)Oc2ccccc2-c2ccccc21,O=P1(C(Nc2nccs2)c2ccccc2)Oc2ccccc2-c2ccccc21,,,0,O=P1(C(Nc2nccs2)c2ccc(O)cc2)Oc2ccccc2-c2ccccc21||<NO_CO>,15.52653544575292,241.07330294822182,0.6404494382022472,0.6404494382022472,,,0.6404494382022472,0.6404494382022472,0,0,1,1,0,0,0,1,1,0,0,318,97,4,Caution,New_scaffold
THR,5,DOPO_EP_0519,DPAK,,O=P1(C2=C(C3=C(O1)C=CC=C3)C=CC=C2)CNCCC[Si](OC)(OC)OC,,https://doi.org/10.1002/app.49427,CO[Si](CCCNCP1(=O)Oc2ccccc2-c2ccccc21)(OC)OC,O=[PH]1Oc2ccccc2-c2ccccc21,86.8,0.0,1,molecule,formulation,baseline_inclusive,fixed,0,98.98997472772156,99.08878111451668,44.67117740596824,153.5063848230651,1,CO[Si](CCCNCP1(=O)Oc2ccccc2-c2ccccc21)(OC)OC,O=[PH]1Oc2ccccc2-c2ccccc21,,,0,CO[Si](CCCNCP1(=O)Oc2ccccc2-c2ccccc21)(OC)OC||<NO_CO>,12.189974727721562,148.59548386249037,0.5172413793103449,0.5172413793103449,,,0.5172413793103449,0.5172413793103449,0,0,1,1,0,1,1,1,1,1,1,318,97,4,Caution,Seen_scaffold
THR,5,DOPO_EP_0520,DPAK,,O=P1(C2=C(C3=C(O1)C=CC=C3)C=CC=C2)CNCCC[Si](OC)(OC)OC,,https://doi.org/10.1002/app.49427,CO[Si](CCCNCP1(=O)Oc2ccccc2-c2ccccc21)(OC)OC,O=[PH]1Oc2ccccc2-c2ccccc21,68.9,2.5,0,molecule,formulation,baseline_inclusive,fixed,0,70.51003619390899,71.89042491164824,17.472821203099798,126.30802862019668,1,CO[Si](CCCNCP1(=O)Oc2ccccc2-c2ccccc21)(OC)OC,O=[PH]1Oc2ccccc2-c2ccccc21,,,0,CO[Si](CCCNCP1(=O)Oc2ccccc2-c2ccccc21)(OC)OC||<NO_CO>,1.6100361939089822,2.592216545696922,0.5172413793103449,0.5172413793103449,,,0.5172413793103449,0.5172413793103449,0,0,1,1,0,1,1,1,1,1,1,318,97,4,Caution,Seen_scaffold
THR,5,DOPO_EP_0523,DPAK,,O=P1(C2=C(C3=C(O1)C=CC=C3)C=CC=C2)CNCCC[Si](OC)(OC)OC,,https://doi.org/10.1002/app.49427,CO[Si](CCCNCP1(=O)Oc2ccccc2-c2ccccc21)(OC)OC,O=[PH]1Oc2ccccc2-c2ccccc21,72.1,5.0,0,molecule,formulation,baseline_inclusive,fixed,0,63.94141070172165,65.81227225908462,11.39466855053618,120.22987596763306,1,CO[Si](CCCNCP1(=O)Oc2ccccc2-c2ccccc21)(OC)OC,O=[PH]1Oc2ccccc2-c2ccccc21,,,0,CO[Si](CCCNCP1(=O)Oc2ccccc2-c2ccccc21)(OC)OC||<NO_CO>,8.158589298278343,66.56257933798192,0.5172413793103449,0.5172413793103449,,,0.5172413793103449,0.5172413793103449,0,0,1,1,0,1,1,1,1,1,1,318,97,4,Caution,Seen_scaffold
THR,5,DOPO_EP_0544,HDP,,OC1=CC(C(P2(C3=C(C4=C(O2)C=CC=C4)C=CC=C3)=O)NC5=NC(C6=CC=CC=C6)=NC(NC(P7(C8=C(C9=C(O7)C=CC=C9)C=CC=C8)=O)C%10=CC(O)=C(O)C=C%10)=N5)=CC=C1O,,https://doi.org/10.1016/j.mtcomm.2024.109421,O=P1(C(Nc2nc(NC(c3ccc(O)c(O)c3)P3(=O)Oc4ccccc4-c4ccccc43)nc(-c3ccccc3)n2)c2ccc(O)c(O)c2)Oc2ccccc2-c2ccccc21,O=P1(C(Nc2nc(NC(c3ccccc3)P3(=O)Oc4ccccc4-c4ccccc43)nc(-c3ccccc3)n2)c2ccccc2)Oc2ccccc2-c2ccccc21,93.1,0.0,1,molecule,formulation,baseline_inclusive,fixed,0,98.98997472772156,99.08878111451668,44.67117740596824,153.5063848230651,1,O=P1(C(Nc2nc(NC(c3ccc(O)c(O)c3)P3(=O)Oc4ccccc4-c4ccccc43)nc(-c3ccccc3)n2)c2ccc(O)c(O)c2)Oc2ccccc2-c2ccccc21,O=P1(C(Nc2nc(NC(c3ccccc3)P3(=O)Oc4ccccc4-c4ccccc43)nc(-c3ccccc3)n2)c2ccccc2)Oc2ccccc2-c2ccccc21,,,0,O=P1(C(Nc2nc(NC(c3ccc(O)c(O)c3)P3(=O)Oc4ccccc4-c4ccccc43)nc(-c3ccccc3)n2)c2ccc(O)c(O)c2)Oc2ccccc2-c2ccccc21||<NO_CO>,5.889974727721565,34.69180229319873,0.6170212765957447,0.6170212765957447,,,0.6170212765957447,0.6170212765957447,0,0,1,1,0,0,0,1,1,0,0,318,97,4,Caution,New_scaffold
THR,5,DOPO_EP_0545,HDP,,OC1=CC(C(P2(C3=C(C4=C(O2)C=CC=C4)C=CC=C3)=O)NC5=NC(C6=CC=CC=C6)=NC(NC(P7(C8=C(C9=C(O7)C=CC=C9)C=CC=C8)=O)C%10=CC(O)=C(O)C=C%10)=N5)=CC=C1O,,https://doi.org/10.1016/j.mtcomm.2024.109421,O=P1(C(Nc2nc(NC(c3ccc(O)c(O)c3)P3(=O)Oc4ccccc4-c4ccccc43)nc(-c3ccccc3)n2)c2ccc(O)c(O)c2)Oc2ccccc2-c2ccccc21,O=P1(C(Nc2nc(NC(c3ccccc3)P3(=O)Oc4ccccc4-c4ccccc43)nc(-c3ccccc3)n2)c2ccccc2)Oc2ccccc2-c2ccccc21,87.5,1.0,0,molecule,formulation,baseline_inclusive,fixed,0,84.51885242130155,79.18221241255226,24.76460870400382,133.5998161211007,1,O=P1(C(Nc2nc(NC(c3ccc(O)c(O)c3)P3(=O)Oc4ccccc4-c4ccccc43)nc(-c3ccccc3)n2)c2ccc(O)c(O)c2)Oc2ccccc2-c2ccccc21,O=P1(C(Nc2nc(NC(c3ccccc3)P3(=O)Oc4ccccc4-c4ccccc43)nc(-c3ccccc3)n2)c2ccccc2)Oc2ccccc2-c2ccccc21,,,0,O=P1(C(Nc2nc(NC(c3ccc(O)c(O)c3)P3(=O)Oc4ccccc4-c4ccccc43)nc(-c3ccccc3)n2)c2ccc(O)c(O)c2)Oc2ccccc2-c2ccccc21||<NO_CO>,2.9811475786984545,8.887240885979658,0.6170212765957447,0.6170212765957447,,,0.6170212765957447,0.6170212765957447,0,0,1,1,0,0,0,1,1,0,0,318,97,4,Caution,New_scaffold
THR,5,DOPO_EP_0546,HDP,,OC1=CC(C(P2(C3=C(C4=C(O2)C=CC=C4)C=CC=C3)=O)NC5=NC(C6=CC=CC=C6)=NC(NC(P7(C8=C(C9=C(O7)C=CC=C9)C=CC=C8)=O)C%10=CC(O)=C(O)C=C%10)=N5)=CC=C1O,,https://doi.org/10.1016/j.mtcomm.2024.109421,O=P1(C(Nc2nc(NC(c3ccc(O)c(O)c3)P3(=O)Oc4ccccc4-c4ccccc43)nc(-c3ccccc3)n2)c2ccc(O)c(O)c2)Oc2ccccc2-c2ccccc21,O=P1(C(Nc2nc(NC(c3ccccc3)P3(=O)Oc4ccccc4-c4ccccc43)nc(-c3ccccc3)n2)c2ccccc2)Oc2ccccc2-c2ccccc21,87.0,3.0,0,molecule,formulation,baseline_inclusive,fixed,0,77.2285515633956,77.76743232919924,23.3498286206508,132.1850360377477,1,O=P1(C(Nc2nc(NC(c3ccc(O)c(O)c3)P3(=O)Oc4ccccc4-c4ccccc43)nc(-c3ccccc3)n2)c2ccc(O)c(O)c2)Oc2ccccc2-c2ccccc21,O=P1(C(Nc2nc(NC(c3ccccc3)P3(=O)Oc4ccccc4-c4ccccc43)nc(-c3ccccc3)n2)c2ccccc2)Oc2ccccc2-c2ccccc21,,,0,O=P1(C(Nc2nc(NC(c3ccc(O)c(O)c3)P3(=O)Oc4ccccc4-c4ccccc43)nc(-c3ccccc3)n2)c2ccc(O)c(O)c2)Oc2ccccc2-c2ccccc21||<NO_CO>,9.771448436604402,95.4812045492186,0.6170212765957447,0.6170212765957447,,,0.6170212765957447,0.6170212765957447,0,0,1,1,0,0,0,1,1,0,0,318,97,4,Caution,New_scaffold
THR,5,DOPO_EP_0547,HDP,,OC1=CC(C(P2(C3=C(C4=C(O2)C=CC=C4)C=CC=C3)=O)NC5=NC(C6=CC=CC=C6)=NC(NC(P7(C8=C(C9=C(O7)C=CC=C9)C=CC=C8)=O)C%10=CC(O)=C(O)C=C%10)=N5)=CC=C1O,,https://doi.org/10.1016/j.mtcomm.2024.109421,O=P1(C(Nc2nc(NC(c3ccc(O)c(O)c3)P3(=O)Oc4ccccc4-c4ccccc43)nc(-c3ccccc3)n2)c2ccc(O)c(O)c2)Oc2ccccc2-c2ccccc21,O=P1(C(Nc2nc(NC(c3ccccc3)P3(=O)Oc4ccccc4-c4ccccc43)nc(-c3ccccc3)n2)c2ccccc2)Oc2ccccc2-c2ccccc21,79.6,5.0,0,molecule,formulation,baseline_inclusive,fixed,0,67.85941123788409,69.0006039941747,14.583000285626255,123.41820770272314,1,O=P1(C(Nc2nc(NC(c3ccc(O)c(O)c3)P3(=O)Oc4ccccc4-c4ccccc43)nc(-c3ccccc3)n2)c2ccc(O)c(O)c2)Oc2ccccc2-c2ccccc21,O=P1(C(Nc2nc(NC(c3ccccc3)P3(=O)Oc4ccccc4-c4ccccc43)nc(-c3ccccc3)n2)c2ccccc2)Oc2ccccc2-c2ccccc21,,,0,O=P1(C(Nc2nc(NC(c3ccc(O)c(O)c3)P3(=O)Oc4ccccc4-c4ccccc43)nc(-c3ccccc3)n2)c2ccc(O)c(O)c2)Oc2ccccc2-c2ccccc21||<NO_CO>,11.740588762115905,137.8414244811223,0.6170212765957447,0.6170212765957447,,,0.6170212765957447,0.6170212765957447,0,0,1,1,0,0,0,1,1,0,0,318,97,4,Caution,New_scaffold
THR,5,DOPO_EP_0597,FA-bis-DOPO,,O=P(C1=C2C=CC=C1)(C(C3=CC=C(C(NCC4=CC=CO4)(P5(C6=C(C7=C(O5)C=CC=C7)C=CC=C6)=O)[H])C=C3)(NCC8=CC=CO8)[H])OC9=C2C=CC=C9,,https://doi.org/10.1039/d1ra05709j,O=P1(C(NCc2ccco2)c2ccc(C(NCc3ccco3)P3(=O)Oc4ccccc4-c4ccccc43)cc2)Oc2ccccc2-c2ccccc21,O=P1(C(NCc2ccco2)c2ccc(C(NCc3ccco3)P3(=O)Oc4ccccc4-c4ccccc43)cc2)Oc2ccccc2-c2ccccc21,157.5,0.0,1,molecule,formulation,baseline_inclusive,fixed,0,98.98997472772156,99.08878111451668,44.67117740596824,153.5063848230651,0,O=P1(C(NCc2ccco2)c2ccc(C(NCc3ccco3)P3(=O)Oc4ccccc4-c4ccccc43)cc2)Oc2ccccc2-c2ccccc21,O=P1(C(NCc2ccco2)c2ccc(C(NCc3ccco3)P3(=O)Oc4ccccc4-c4ccccc43)cc2)Oc2ccccc2-c2ccccc21,,,0,O=P1(C(NCc2ccco2)c2ccc(C(NCc3ccco3)P3(=O)Oc4ccccc4-c4ccccc43)cc2)Oc2ccccc2-c2ccccc21||<NO_CO>,58.51002527227844,3423.423057362662,0.7534246575342466,0.7534246575342466,,,0.7534246575342466,0.7534246575342466,0,0,1,1,0,0,0,1,1,0,0,318,97,4,In_domain,New_scaffold
THR,5,DOPO_EP_0598,FA-bis-DOPO,,O=P(C1=C2C=CC=C1)(C(C3=CC=C(C(NCC4=CC=CO4)(P5(C6=C(C7=C(O5)C=CC=C7)C=CC=C6)=O)[H])C=C3)(NCC8=CC=CO8)[H])OC9=C2C=CC=C9,,https://doi.org/10.1039/d1ra05709j,O=P1(C(NCc2ccco2)c2ccc(C(NCc3ccco3)P3(=O)Oc4ccccc4-c4ccccc43)cc2)Oc2ccccc2-c2ccccc21,O=P1(C(NCc2ccco2)c2ccc(C(NCc3ccco3)P3(=O)Oc4ccccc4-c4ccccc43)cc2)Oc2ccccc2-c2ccccc21,136.9,2.46,0,molecule,formulation,baseline_inclusive,fixed,0,133.42151938463613,125.51134688389452,71.09374317534609,179.92895059244296,1,O=P1(C(NCc2ccco2)c2ccc(C(NCc3ccco3)P3(=O)Oc4ccccc4-c4ccccc43)cc2)Oc2ccccc2-c2ccccc21,O=P1(C(NCc2ccco2)c2ccc(C(NCc3ccco3)P3(=O)Oc4ccccc4-c4ccccc43)cc2)Oc2ccccc2-c2ccccc21,,,0,O=P1(C(NCc2ccco2)c2ccc(C(NCc3ccco3)P3(=O)Oc4ccccc4-c4ccccc43)cc2)Oc2ccccc2-c2ccccc21||<NO_CO>,3.4784806153638783,12.099827391462265,0.7534246575342466,0.7534246575342466,,,0.7534246575342466,0.7534246575342466,0,0,1,1,0,0,0,1,1,0,0,318,97,4,In_domain,New_scaffold
THR,5,DOPO_EP_0599,FA-bis-DOPO,,O=P(C1=C2C=CC=C1)(C(C3=CC=C(C(NCC4=CC=CO4)(P5(C6=C(C7=C(O5)C=CC=C7)C=CC=C6)=O)[H])C=C3)(NCC8=CC=CO8)[H])OC9=C2C=CC=C9,,https://doi.org/10.1039/d1ra05709j,O=P1(C(NCc2ccco2)c2ccc(C(NCc3ccco3)P3(=O)Oc4ccccc4-c4ccccc43)cc2)Oc2ccccc2-c2ccccc21,O=P1(C(NCc2ccco2)c2ccc(C(NCc3ccco3)P3(=O)Oc4ccccc4-c4ccccc43)cc2)Oc2ccccc2-c2ccccc21,114.5,5.03,0,molecule,formulation,baseline_inclusive,fixed,0,129.0166606693091,117.89359720267863,63.47599349413019,172.31120091122708,1,O=P1(C(NCc2ccco2)c2ccc(C(NCc3ccco3)P3(=O)Oc4ccccc4-c4ccccc43)cc2)Oc2ccccc2-c2ccccc21,O=P1(C(NCc2ccco2)c2ccc(C(NCc3ccco3)P3(=O)Oc4ccccc4-c4ccccc43)cc2)Oc2ccccc2-c2ccccc21,,,0,O=P1(C(NCc2ccco2)c2ccc(C(NCc3ccco3)P3(=O)Oc4ccccc4-c4ccccc43)cc2)Oc2ccccc2-c2ccccc21||<NO_CO>,14.51666066930909,210.73343698786545,0.7534246575342466,0.7534246575342466,,,0.7534246575342466,0.7534246575342466,0,0,1,1,0,0,0,1,1,0,0,318,97,4,In_domain,New_scaffold
THR,5,DOPO_EP_0188,DOPO-ABZ,,O=P(C1=C2C=CC=C1)(NC3=NC4=C(S3)C=CC=C4)OC5=C2C=CC=C5,,https://doi.org/10.1021/acs.iecr.6b03416,O=P1(Nc2nc3ccccc3s2)Oc2ccccc2-c2ccccc21,O=P1(Nc2nc3ccccc3s2)Oc2ccccc2-c2ccccc21,76.0,0.0,1,molecule,formulation,baseline_inclusive,fixed,0,98.98997472772156,99.08878111451668,44.67117740596824,153.5063848230651,1,O=P1(Nc2nc3ccccc3s2)Oc2ccccc2-c2ccccc21,O=P1(Nc2nc3ccccc3s2)Oc2ccccc2-c2ccccc21,,,0,O=P1(Nc2nc3ccccc3s2)Oc2ccccc2-c2ccccc21||<NO_CO>,22.98997472772156,528.538937981276,0.5675675675675675,0.5675675675675675,,,0.5675675675675675,0.5675675675675675,0,0,1,1,0,0,0,1,1,0,0,318,97,4,Caution,New_scaffold
THR,5,DOPO_EP_0173,DDSi-5,,CC(C1=CC=C(O[Si](C2=CC=CC=C2)(OC(C=C3)=C(CCCP4(C5=C(C6=C(O4)C=CC=C6)C=CC=C5)=O)C=C3C(C)(C7=CC=C(O[Si](C8=CC=CC=C8)(OC(C=C9)=C(CCCP%10(C%11=C(C%12=C(O%10)C=CC=C%12)C=CC=C%11)=O)C=C9C(C)(C%13=CC=C(O[Si](C%14=CC=CC=C%14)(OC(C=C%15)=C(CCCP%16(C%17=C(C%18=C(O%16)C=CC=C%18)C=CC=C%17)=O)C=C%15C(C)(C%19=CC=C(O[Si](C%20=CC=CC=C%20)(OC(C=C%21)=C(CCCP%22(C%23=C(C%24=C(O%22)C=CC=C%24)C=CC=C%23)=O)C=C%21C(C)(C%25=CC=C(O[Si](C%26=CC=CC=C%26)(OC%27=CC=C(C(C)(C%28=CC(CCCP%29(C%30=C(C%31=C(O%29)C=CC=C%31)C=CC=C%30)=O)=C(O)C=C%28)C)C=C%27CCCP%32(C%33=C(C%34=C(O%32)C=CC=C%34)C=CC=C%33)=O)C%35=CC=CC=C%35)C(CCCP%36(C%37=C(C%38=C(O%36)C=CC=C%38)C=CC=C%37)=O)=C%25)C)C%39=CC=CC=C%39)C(CCCP%40(C%41=C(C%42=C(O%40)C=CC=C%42)C=CC=C%41)=O)=C%19)C)C%43=CC=CC=C%43)C(CCCP%44(C%45=C(C%46=C(O%44)C=CC=C%46)C=CC=C%45)=O)=C%13)C)C%47=CC=CC=C%47)C(CCCP%48(C%49=C(C%50=C(O%48)C=CC=C%50)C=CC=C%49)=O)=C7)C)C%51=CC=CC=C%51)C(CCCP%52(C%53=C(C%54=C(O%52)C=CC=C%54)C=CC=C%53)=O)=C1)(C%55=CC(CCCP%56(C%57=C(C%58=C(O%56)C=CC=C%58)C=CC=C%57)=O)=C(O)C=C%55)C,,https://doi.org/10.1021/acs.macromol.8b02090,CC(C)(c1ccc(O)c(CCCP2(=O)Oc3ccccc3-c3ccccc32)c1)c1ccc(O[Si](Oc2ccc(C(C)(C)c3ccc(O[Si](Oc4ccc(C(C)(C)c5ccc(O[Si](Oc6ccc(C(C)(C)c7ccc(O[Si](Oc8ccc(C(C)(C)c9ccc(O[Si](Oc%10ccc(C(C)(C)c%11ccc(O)c(CCCP%12(=O)Oc%13ccccc%13-c%13ccccc%13%12)c%11)cc%10CCCP%10(=O)Oc%11ccccc%11-c%11ccccc%11%10)(c%10ccccc%10)c%10ccccc%10)c(CCCP%10(=O)Oc%11ccccc%11-c%11ccccc%11%10)c9)cc8CCCP8(=O)Oc9ccccc9-c9ccccc98)(c8ccccc8)c8ccccc8)c(CCCP8(=O)Oc9ccccc9-c9ccccc98)c7)cc6CCCP6(=O)Oc7ccccc7-c7ccccc76)(c6ccccc6)c6ccccc6)c(CCCP6(=O)Oc7ccccc7-c7ccccc76)c5)cc4CCCP4(=O)Oc5ccccc5-c5ccccc54)(c4ccccc4)c4ccccc4)c(CCCP4(=O)Oc5ccccc5-c5ccccc54)c3)cc2CCCP2(=O)Oc3ccccc3-c3ccccc32)(c2ccccc2)c2ccccc2)c(CCCP2(=O)Oc3ccccc3-c3ccccc32)c1,O=P1(CCCc2cccc(Cc3ccc(O[Si](Oc4ccc(Cc5ccc(O[Si](Oc6ccc(Cc7ccc(O[Si](Oc8ccc(Cc9ccc(O[Si](Oc%10ccc(Cc%11ccc(O[Si](Oc%12ccc(Cc%13cccc(CCCP%14(=O)Oc%15ccccc%15-c%15ccccc%15%14)c%13)cc%12CCCP%12(=O)Oc%13ccccc%13-c%13ccccc%13%12)(c%12ccccc%12)c%12ccccc%12)c(CCCP%12(=O)Oc%13ccccc%13-c%13ccccc%13%12)c%11)cc%10CCCP%10(=O)Oc%11ccccc%11-c%11ccccc%11%10)(c%10ccccc%10)c%10ccccc%10)c(CCCP%10(=O)Oc%11ccccc%11-c%11ccccc%11%10)c9)cc8CCCP8(=O)Oc9ccccc9-c9ccccc98)(c8ccccc8)c8ccccc8)c(CCCP8(=O)Oc9ccccc9-c9ccccc98)c7)cc6CCCP6(=O)Oc7ccccc7-c7ccccc76)(c6ccccc6)c6ccccc6)c(CCCP6(=O)Oc7ccccc7-c7ccccc76)c5)cc4CCCP4(=O)Oc5ccccc5-c5ccccc54)(c4ccccc4)c4ccccc4)c(CCCP4(=O)Oc5ccccc5-c5ccccc54)c3)c2)Oc2ccccc2-c2ccccc21,95.0,8.0,0,molecule,formulation,baseline_inclusive,fixed,0,100.82779663768504,102.5165472476944,48.09894353914597,156.93415095624283,1,CC(C)(c1ccc(O)c(CCCP2(=O)Oc3ccccc3-c3ccccc32)c1)c1ccc(O[Si](Oc2ccc(C(C)(C)c3ccc(O[Si](Oc4ccc(C(C)(C)c5ccc(O[Si](Oc6ccc(C(C)(C)c7ccc(O[Si](Oc8ccc(C(C)(C)c9ccc(O[Si](Oc%10ccc(C(C)(C)c%11ccc(O)c(CCCP%12(=O)Oc%13ccccc%13-c%13ccccc%13%12)c%11)cc%10CCCP%10(=O)Oc%11ccccc%11-c%11ccccc%11%10)(c%10ccccc%10)c%10ccccc%10)c(CCCP%10(=O)Oc%11ccccc%11-c%11ccccc%11%10)c9)cc8CCCP8(=O)Oc9ccccc9-c9ccccc98)(c8ccccc8)c8ccccc8)c(CCCP8(=O)Oc9ccccc9-c9ccccc98)c7)cc6CCCP6(=O)Oc7ccccc7-c7ccccc76)(c6ccccc6)c6ccccc6)c(CCCP6(=O)Oc7ccccc7-c7ccccc76)c5)cc4CCCP4(=O)Oc5ccccc5-c5ccccc54)(c4ccccc4)c4ccccc4)c(CCCP4(=O)Oc5ccccc5-c5ccccc54)c3)cc2CCCP2(=O)Oc3ccccc3-c3ccccc32)(c2ccccc2)c2ccccc2)c(CCCP2(=O)Oc3ccccc3-c3ccccc32)c1,O=P1(CCCc2cccc(Cc3ccc(O[Si](Oc4ccc(Cc5ccc(O[Si](Oc6ccc(Cc7ccc(O[Si](Oc8ccc(Cc9ccc(O[Si](Oc%10ccc(Cc%11ccc(O[Si](Oc%12ccc(Cc%13cccc(CCCP%14(=O)Oc%15ccccc%15-c%15ccccc%15%14)c%13)cc%12CCCP%12(=O)Oc%13ccccc%13-c%13ccccc%13%12)(c%12ccccc%12)c%12ccccc%12)c(CCCP%12(=O)Oc%13ccccc%13-c%13ccccc%13%12)c%11)cc%10CCCP%10(=O)Oc%11ccccc%11-c%11ccccc%11%10)(c%10ccccc%10)c%10ccccc%10)c(CCCP%10(=O)Oc%11ccccc%11-c%11ccccc%11%10)c9)cc8CCCP8(=O)Oc9ccccc9-c9ccccc98)(c8ccccc8)c8ccccc8)c(CCCP8(=O)Oc9ccccc9-c9ccccc98)c7)cc6CCCP6(=O)Oc7ccccc7-c7ccccc76)(c6ccccc6)c6ccccc6)c(CCCP6(=O)Oc7ccccc7-c7ccccc76)c5)cc4CCCP4(=O)Oc5ccccc5-c5ccccc54)(c4ccccc4)c4ccccc4)c(CCCP4(=O)Oc5ccccc5-c5ccccc54)c3)c2)Oc2ccccc2-c2ccccc21,,,0,CC(C)(c1ccc(O)c(CCCP2(=O)Oc3ccccc3-c3ccccc32)c1)c1ccc(O[Si](Oc2ccc(C(C)(C)c3ccc(O[Si](Oc4ccc(C(C)(C)c5ccc(O[Si](Oc6ccc(C(C)(C)c7ccc(O[Si](Oc8ccc(C(C)(C)c9ccc(O[Si](Oc%10ccc(C(C)(C)c%11ccc(O)c(CCCP%12(=O)Oc%13ccccc%13-c%13ccccc%13%12)c%11)cc%10CCCP%10(=O)Oc%11ccccc%11-c%11ccccc%11%10)(c%10ccccc%10)c%10ccccc%10)c(CCCP%10(=O)Oc%11ccccc%11-c%11ccccc%11%10)c9)cc8CCCP8(=O)Oc9ccccc9-c9ccccc98)(c8ccccc8)c8ccccc8)c(CCCP8(=O)Oc9ccccc9-c9ccccc98)c7)cc6CCCP6(=O)Oc7ccccc7-c7ccccc76)(c6ccccc6)c6ccccc6)c(CCCP6(=O)Oc7ccccc7-c7ccccc76)c5)cc4CCCP4(=O)Oc5ccccc5-c5ccccc54)(c4ccccc4)c4ccccc4)c(CCCP4(=O)Oc5ccccc5-c5ccccc54)c3)cc2CCCP2(=O)Oc3ccccc3-c3ccccc32)(c2ccccc2)c2ccccc2)c(CCCP2(=O)Oc3ccccc3-c3ccccc32)c1||<NO_CO>,5.82779663768504,33.963213650213056,1.0,1.0,,,1.0,1.0,0,0,1,1,0,0,0,1,1,0,0,318,97,4,In_domain,New_scaffold
THR,5,DOPO_EP_0171,DDSi-1,,OC(C=CC(C(C1=CC=C(C(CCCP2(C3=C(C=CC=C3)C4=C(C=CC=C4)O2)=O)=C1)O[Si](OC5=CC=C(C=C5CCCP6(C7=C(C=CC=C7)C8=C(C=CC=C8)O6)=O)C(C9=CC(CCCP%10(C%11=C(C=CC=C%11)C%12=C(C=CC=C%12)O%10)=O)=C(C=C9)O)(C)C)(C%13=CC=CC=C%13)C%14=CC=CC=C%14)(C)C)=C%15)=C%15CCCP%16(C%17=C(C=CC=C%17)C%18=C(C=CC=C%18)O%16)=O,,https://doi.org/10.1021/acs.macromol.8b02090,CC(C)(c1ccc(O)c(CCCP2(=O)Oc3ccccc3-c3ccccc32)c1)c1ccc(O[Si](Oc2ccc(C(C)(C)c3ccc(O)c(CCCP4(=O)Oc5ccccc5-c5ccccc54)c3)cc2CCCP2(=O)Oc3ccccc3-c3ccccc32)(c2ccccc2)c2ccccc2)c(CCCP2(=O)Oc3ccccc3-c3ccccc32)c1,O=P1(CCCc2cccc(Cc3ccc(O[Si](Oc4ccc(Cc5cccc(CCCP6(=O)Oc7ccccc7-c7ccccc76)c5)cc4CCCP4(=O)Oc5ccccc5-c5ccccc54)(c4ccccc4)c4ccccc4)c(CCCP4(=O)Oc5ccccc5-c5ccccc54)c3)c2)Oc2ccccc2-c2ccccc21,95.0,8.0,0,molecule,formulation,baseline_inclusive,fixed,0,100.55474637434682,102.48180256139943,48.06419885285099,156.89940626994786,1,CC(C)(c1ccc(O)c(CCCP2(=O)Oc3ccccc3-c3ccccc32)c1)c1ccc(O[Si](Oc2ccc(C(C)(C)c3ccc(O)c(CCCP4(=O)Oc5ccccc5-c5ccccc54)c3)cc2CCCP2(=O)Oc3ccccc3-c3ccccc32)(c2ccccc2)c2ccccc2)c(CCCP2(=O)Oc3ccccc3-c3ccccc32)c1,O=P1(CCCc2cccc(Cc3ccc(O[Si](Oc4ccc(Cc5cccc(CCCP6(=O)Oc7ccccc7-c7ccccc76)c5)cc4CCCP4(=O)Oc5ccccc5-c5ccccc54)(c4ccccc4)c4ccccc4)c(CCCP4(=O)Oc5ccccc5-c5ccccc54)c3)c2)Oc2ccccc2-c2ccccc21,,,0,CC(C)(c1ccc(O)c(CCCP2(=O)Oc3ccccc3-c3ccccc32)c1)c1ccc(O[Si](Oc2ccc(C(C)(C)c3ccc(O)c(CCCP4(=O)Oc5ccccc5-c5ccccc54)c3)cc2CCCP2(=O)Oc3ccccc3-c3ccccc32)(c2ccccc2)c2ccccc2)c(CCCP2(=O)Oc3ccccc3-c3ccccc32)c1||<NO_CO>,5.55474637434682,30.855207283319142,1.0,1.0,,,1.0,1.0,0,0,1,1,0,0,0,1,1,0,0,318,97,4,In_domain,New_scaffold
THR,5,DOPO_EP_0170,DDSi-1,,OC(C=CC(C(C1=CC=C(C(CCCP2(C3=C(C=CC=C3)C4=C(C=CC=C4)O2)=O)=C1)O[Si](OC5=CC=C(C=C5CCCP6(C7=C(C=CC=C7)C8=C(C=CC=C8)O6)=O)C(C9=CC(CCCP%10(C%11=C(C=CC=C%11)C%12=C(C=CC=C%12)O%10)=O)=C(C=C9)O)(C)C)(C%13=CC=CC=C%13)C%14=CC=CC=C%14)(C)C)=C%15)=C%15CCCP%16(C%17=C(C=CC=C%17)C%18=C(C=CC=C%18)O%16)=O,,https://doi.org/10.1021/acs.macromol.8b02090,CC(C)(c1ccc(O)c(CCCP2(=O)Oc3ccccc3-c3ccccc32)c1)c1ccc(O[Si](Oc2ccc(C(C)(C)c3ccc(O)c(CCCP4(=O)Oc5ccccc5-c5ccccc54)c3)cc2CCCP2(=O)Oc3ccccc3-c3ccccc32)(c2ccccc2)c2ccccc2)c(CCCP2(=O)Oc3ccccc3-c3ccccc32)c1,O=P1(CCCc2cccc(Cc3ccc(O[Si](Oc4ccc(Cc5cccc(CCCP6(=O)Oc7ccccc7-c7ccccc76)c5)cc4CCCP4(=O)Oc5ccccc5-c5ccccc54)(c4ccccc4)c4ccccc4)c(CCCP4(=O)Oc5ccccc5-c5ccccc54)c3)c2)Oc2ccccc2-c2ccccc21,101.0,6.0,0,molecule,formulation,baseline_inclusive,fixed,0,97.12046089247876,97.40881478879734,42.9912110802489,151.8264184973458,1,CC(C)(c1ccc(O)c(CCCP2(=O)Oc3ccccc3-c3ccccc32)c1)c1ccc(O[Si](Oc2ccc(C(C)(C)c3ccc(O)c(CCCP4(=O)Oc5ccccc5-c5ccccc54)c3)cc2CCCP2(=O)Oc3ccccc3-c3ccccc32)(c2ccccc2)c2ccccc2)c(CCCP2(=O)Oc3ccccc3-c3ccccc32)c1,O=P1(CCCc2cccc(Cc3ccc(O[Si](Oc4ccc(Cc5cccc(CCCP6(=O)Oc7ccccc7-c7ccccc76)c5)cc4CCCP4(=O)Oc5ccccc5-c5ccccc54)(c4ccccc4)c4ccccc4)c(CCCP4(=O)Oc5ccccc5-c5ccccc54)c3)c2)Oc2ccccc2-c2ccccc21,,,0,CC(C)(c1ccc(O)c(CCCP2(=O)Oc3ccccc3-c3ccccc32)c1)c1ccc(O[Si](Oc2ccc(C(C)(C)c3ccc(O)c(CCCP4(=O)Oc5ccccc5-c5ccccc54)c3)cc2CCCP2(=O)Oc3ccccc3-c3ccccc32)(c2ccccc2)c2ccccc2)c(CCCP2(=O)Oc3ccccc3-c3ccccc32)c1||<NO_CO>,3.8795391075212393,15.050823686786694,1.0,1.0,,,1.0,1.0,0,0,1,1,0,0,0,1,1,0,0,318,97,4,In_domain,New_scaffold
THR,5,DOPO_EP_0169,DDSi-1,,OC(C=CC(C(C1=CC=C(C(CCCP2(C3=C(C=CC=C3)C4=C(C=CC=C4)O2)=O)=C1)O[Si](OC5=CC=C(C=C5CCCP6(C7=C(C=CC=C7)C8=C(C=CC=C8)O6)=O)C(C9=CC(CCCP%10(C%11=C(C=CC=C%11)C%12=C(C=CC=C%12)O%10)=O)=C(C=C9)O)(C)C)(C%13=CC=CC=C%13)C%14=CC=CC=C%14)(C)C)=C%15)=C%15CCCP%16(C%17=C(C=CC=C%17)C%18=C(C=CC=C%18)O%16)=O,,https://doi.org/10.1021/acs.macromol.8b02090,CC(C)(c1ccc(O)c(CCCP2(=O)Oc3ccccc3-c3ccccc32)c1)c1ccc(O[Si](Oc2ccc(C(C)(C)c3ccc(O)c(CCCP4(=O)Oc5ccccc5-c5ccccc54)c3)cc2CCCP2(=O)Oc3ccccc3-c3ccccc32)(c2ccccc2)c2ccccc2)c(CCCP2(=O)Oc3ccccc3-c3ccccc32)c1,O=P1(CCCc2cccc(Cc3ccc(O[Si](Oc4ccc(Cc5cccc(CCCP6(=O)Oc7ccccc7-c7ccccc76)c5)cc4CCCP4(=O)Oc5ccccc5-c5ccccc54)(c4ccccc4)c4ccccc4)c(CCCP4(=O)Oc5ccccc5-c5ccccc54)c3)c2)Oc2ccccc2-c2ccccc21,105.0,4.0,0,molecule,formulation,baseline_inclusive,fixed,0,117.12043091498856,107.58369035536212,53.16608664681367,162.00129406391056,1,CC(C)(c1ccc(O)c(CCCP2(=O)Oc3ccccc3-c3ccccc32)c1)c1ccc(O[Si](Oc2ccc(C(C)(C)c3ccc(O)c(CCCP4(=O)Oc5ccccc5-c5ccccc54)c3)cc2CCCP2(=O)Oc3ccccc3-c3ccccc32)(c2ccccc2)c2ccccc2)c(CCCP2(=O)Oc3ccccc3-c3ccccc32)c1,O=P1(CCCc2cccc(Cc3ccc(O[Si](Oc4ccc(Cc5cccc(CCCP6(=O)Oc7ccccc7-c7ccccc76)c5)cc4CCCP4(=O)Oc5ccccc5-c5ccccc54)(c4ccccc4)c4ccccc4)c(CCCP4(=O)Oc5ccccc5-c5ccccc54)c3)c2)Oc2ccccc2-c2ccccc21,,,0,CC(C)(c1ccc(O)c(CCCP2(=O)Oc3ccccc3-c3ccccc32)c1)c1ccc(O[Si](Oc2ccc(C(C)(C)c3ccc(O)c(CCCP4(=O)Oc5ccccc5-c5ccccc54)c3)cc2CCCP2(=O)Oc3ccccc3-c3ccccc32)(c2ccccc2)c2ccccc2)c(CCCP2(=O)Oc3ccccc3-c3ccccc32)c1||<NO_CO>,12.12043091498856,146.90484556501042,1.0,1.0,,,1.0,1.0,0,0,1,1,0,0,0,1,1,0,0,318,97,4,In_domain,New_scaffold
THR,5,DOPO_EP_0168,DDSi-1,,OC(C=CC(C(C1=CC=C(C(CCCP2(C3=C(C=CC=C3)C4=C(C=CC=C4)O2)=O)=C1)O[Si](OC5=CC=C(C=C5CCCP6(C7=C(C=CC=C7)C8=C(C=CC=C8)O6)=O)C(C9=CC(CCCP%10(C%11=C(C=CC=C%11)C%12=C(C=CC=C%12)O%10)=O)=C(C=C9)O)(C)C)(C%13=CC=CC=C%13)C%14=CC=CC=C%14)(C)C)=C%15)=C%15CCCP%16(C%17=C(C=CC=C%17)C%18=C(C=CC=C%18)O%16)=O,,https://doi.org/10.1021/acs.macromol.8b02090,CC(C)(c1ccc(O)c(CCCP2(=O)Oc3ccccc3-c3ccccc32)c1)c1ccc(O[Si](Oc2ccc(C(C)(C)c3ccc(O)c(CCCP4(=O)Oc5ccccc5-c5ccccc54)c3)cc2CCCP2(=O)Oc3ccccc3-c3ccccc32)(c2ccccc2)c2ccccc2)c(CCCP2(=O)Oc3ccccc3-c3ccccc32)c1,O=P1(CCCc2cccc(Cc3ccc(O[Si](Oc4ccc(Cc5cccc(CCCP6(=O)Oc7ccccc7-c7ccccc76)c5)cc4CCCP4(=O)Oc5ccccc5-c5ccccc54)(c4ccccc4)c4ccccc4)c(CCCP4(=O)Oc5ccccc5-c5ccccc54)c3)c2)Oc2ccccc2-c2ccccc21,144.0,0.0,1,molecule,formulation,baseline_inclusive,fixed,0,98.98997472772156,99.08878111451668,44.67117740596824,153.5063848230651,1,CC(C)(c1ccc(O)c(CCCP2(=O)Oc3ccccc3-c3ccccc32)c1)c1ccc(O[Si](Oc2ccc(C(C)(C)c3ccc(O)c(CCCP4(=O)Oc5ccccc5-c5ccccc54)c3)cc2CCCP2(=O)Oc3ccccc3-c3ccccc32)(c2ccccc2)c2ccccc2)c(CCCP2(=O)Oc3ccccc3-c3ccccc32)c1,O=P1(CCCc2cccc(Cc3ccc(O[Si](Oc4ccc(Cc5cccc(CCCP6(=O)Oc7ccccc7-c7ccccc76)c5)cc4CCCP4(=O)Oc5ccccc5-c5ccccc54)(c4ccccc4)c4ccccc4)c(CCCP4(=O)Oc5ccccc5-c5ccccc54)c3)c2)Oc2ccccc2-c2ccccc21,,,0,CC(C)(c1ccc(O)c(CCCP2(=O)Oc3ccccc3-c3ccccc32)c1)c1ccc(O[Si](Oc2ccc(C(C)(C)c3ccc(O)c(CCCP4(=O)Oc5ccccc5-c5ccccc54)c3)cc2CCCP2(=O)Oc3ccccc3-c3ccccc32)(c2ccccc2)c2ccccc2)c(CCCP2(=O)Oc3ccccc3-c3ccccc32)c1||<NO_CO>,45.01002527227844,2025.902375011144,1.0,1.0,,,1.0,1.0,0,0,1,1,0,0,0,1,1,0,0,318,97,4,In_domain,New_scaffold
THR,5,DOPO_EP_0165,DDSi-1,,OC(C=CC(C(C1=CC=C(C(CCCP2(C3=C(C=CC=C3)C4=C(C=CC=C4)O2)=O)=C1)O[Si](OC5=CC=C(C=C5CCCP6(C7=C(C=CC=C7)C8=C(C=CC=C8)O6)=O)C(C9=CC(CCCP%10(C%11=C(C=CC=C%11)C%12=C(C=CC=C%12)O%10)=O)=C(C=C9)O)(C)C)(C%13=CC=CC=C%13)C%14=CC=CC=C%14)(C)C)=C%15)=C%15CCCP%16(C%17=C(C=CC=C%17)C%18=C(C=CC=C%18)O%16)=O,,https://doi.org/10.1016/j.compositesb.2019.107481,CC(C)(c1ccc(O)c(CCCP2(=O)Oc3ccccc3-c3ccccc32)c1)c1ccc(O[Si](Oc2ccc(C(C)(C)c3ccc(O)c(CCCP4(=O)Oc5ccccc5-c5ccccc54)c3)cc2CCCP2(=O)Oc3ccccc3-c3ccccc32)(c2ccccc2)c2ccccc2)c(CCCP2(=O)Oc3ccccc3-c3ccccc32)c1,O=P1(CCCc2cccc(Cc3ccc(O[Si](Oc4ccc(Cc5cccc(CCCP6(=O)Oc7ccccc7-c7ccccc76)c5)cc4CCCP4(=O)Oc5ccccc5-c5ccccc54)(c4ccccc4)c4ccccc4)c(CCCP4(=O)Oc5ccccc5-c5ccccc54)c3)c2)Oc2ccccc2-c2ccccc21,101.0,6.0,0,molecule,formulation,baseline_inclusive,fixed,0,97.12046089247876,97.40881478879734,42.9912110802489,151.8264184973458,1,CC(C)(c1ccc(O)c(CCCP2(=O)Oc3ccccc3-c3ccccc32)c1)c1ccc(O[Si](Oc2ccc(C(C)(C)c3ccc(O)c(CCCP4(=O)Oc5ccccc5-c5ccccc54)c3)cc2CCCP2(=O)Oc3ccccc3-c3ccccc32)(c2ccccc2)c2ccccc2)c(CCCP2(=O)Oc3ccccc3-c3ccccc32)c1,O=P1(CCCc2cccc(Cc3ccc(O[Si](Oc4ccc(Cc5cccc(CCCP6(=O)Oc7ccccc7-c7ccccc76)c5)cc4CCCP4(=O)Oc5ccccc5-c5ccccc54)(c4ccccc4)c4ccccc4)c(CCCP4(=O)Oc5ccccc5-c5ccccc54)c3)c2)Oc2ccccc2-c2ccccc21,,,0,CC(C)(c1ccc(O)c(CCCP2(=O)Oc3ccccc3-c3ccccc32)c1)c1ccc(O[Si](Oc2ccc(C(C)(C)c3ccc(O)c(CCCP4(=O)Oc5ccccc5-c5ccccc54)c3)cc2CCCP2(=O)Oc3ccccc3-c3ccccc32)(c2ccccc2)c2ccccc2)c(CCCP2(=O)Oc3ccccc3-c3ccccc32)c1||<NO_CO>,3.8795391075212393,15.050823686786694,1.0,1.0,,,1.0,1.0,0,0,1,1,0,0,0,1,1,0,0,318,97,4,In_domain,New_scaffold
THR,5,DOPO_EP_0161,DDSi-1,,OC(C=CC(C(C1=CC=C(C(CCCP2(C3=C(C=CC=C3)C4=C(C=CC=C4)O2)=O)=C1)O[Si](OC5=CC=C(C=C5CCCP6(C7=C(C=CC=C7)C8=C(C=CC=C8)O6)=O)C(C9=CC(CCCP%10(C%11=C(C=CC=C%11)C%12=C(C=CC=C%12)O%10)=O)=C(C=C9)O)(C)C)(C%13=CC=CC=C%13)C%14=CC=CC=C%14)(C)C)=C%15)=C%15CCCP%16(C%17=C(C=CC=C%17)C%18=C(C=CC=C%18)O%16)=O,,https://doi.org/10.1016/j.compositesb.2019.107481,CC(C)(c1ccc(O)c(CCCP2(=O)Oc3ccccc3-c3ccccc32)c1)c1ccc(O[Si](Oc2ccc(C(C)(C)c3ccc(O)c(CCCP4(=O)Oc5ccccc5-c5ccccc54)c3)cc2CCCP2(=O)Oc3ccccc3-c3ccccc32)(c2ccccc2)c2ccccc2)c(CCCP2(=O)Oc3ccccc3-c3ccccc32)c1,O=P1(CCCc2cccc(Cc3ccc(O[Si](Oc4ccc(Cc5cccc(CCCP6(=O)Oc7ccccc7-c7ccccc76)c5)cc4CCCP4(=O)Oc5ccccc5-c5ccccc54)(c4ccccc4)c4ccccc4)c(CCCP4(=O)Oc5ccccc5-c5ccccc54)c3)c2)Oc2ccccc2-c2ccccc21,144.0,0.0,1,molecule,formulation,baseline_inclusive,fixed,0,98.98997472772156,99.08878111451668,44.67117740596824,153.5063848230651,1,CC(C)(c1ccc(O)c(CCCP2(=O)Oc3ccccc3-c3ccccc32)c1)c1ccc(O[Si](Oc2ccc(C(C)(C)c3ccc(O)c(CCCP4(=O)Oc5ccccc5-c5ccccc54)c3)cc2CCCP2(=O)Oc3ccccc3-c3ccccc32)(c2ccccc2)c2ccccc2)c(CCCP2(=O)Oc3ccccc3-c3ccccc32)c1,O=P1(CCCc2cccc(Cc3ccc(O[Si](Oc4ccc(Cc5cccc(CCCP6(=O)Oc7ccccc7-c7ccccc76)c5)cc4CCCP4(=O)Oc5ccccc5-c5ccccc54)(c4ccccc4)c4ccccc4)c(CCCP4(=O)Oc5ccccc5-c5ccccc54)c3)c2)Oc2ccccc2-c2ccccc21,,,0,CC(C)(c1ccc(O)c(CCCP2(=O)Oc3ccccc3-c3ccccc32)c1)c1ccc(O[Si](Oc2ccc(C(C)(C)c3ccc(O)c(CCCP4(=O)Oc5ccccc5-c5ccccc54)c3)cc2CCCP2(=O)Oc3ccccc3-c3ccccc32)(c2ccccc2)c2ccccc2)c(CCCP2(=O)Oc3ccccc3-c3ccccc32)c1||<NO_CO>,45.01002527227844,2025.902375011144,1.0,1.0,,,1.0,1.0,0,0,1,1,0,0,0,1,1,0,0,318,97,4,In_domain,New_scaffold
THR,5,DOPO_EP_0160,Trif-D,,COC1=C(OC2=NC(OC3=C(OC)C=C(C(P4(C5=C(C6=C(O4)C=CC=C6)C=CC=C5)=O)O)C=C3)=NC(OC7=C(OC)C=C(C(P8(C9=C(C%10=C(O8)C=CC=C%10)C=CC=C9)=O)O)C=C7)=N2)C=CC(C(P%11(C%12=C(C%13=C(O%11)C=CC=C%13)C=CC=C%12)=O)O)=C1,,https://doi.org/10.1016/j.polymdegradstab.2020.109293,COc1cc(C(O)P2(=O)Oc3ccccc3-c3ccccc32)ccc1Oc1nc(Oc2ccc(C(O)P3(=O)Oc4ccccc4-c4ccccc43)cc2OC)nc(Oc2ccc(C(O)P3(=O)Oc4ccccc4-c4ccccc43)cc2OC)n1,O=P1(Cc2ccc(Oc3nc(Oc4ccc(CP5(=O)Oc6ccccc6-c6ccccc65)cc4)nc(Oc4ccc(CP5(=O)Oc6ccccc6-c6ccccc65)cc4)n3)cc2)Oc2ccccc2-c2ccccc21,39.0,7.5,0,molecule,formulation,baseline_inclusive,fixed,0,125.72647685689742,120.18464393379756,65.76704022524913,174.602247642346,0,COc1cc(C(O)P2(=O)Oc3ccccc3-c3ccccc32)ccc1Oc1nc(Oc2ccc(C(O)P3(=O)Oc4ccccc4-c4ccccc43)cc2OC)nc(Oc2ccc(C(O)P3(=O)Oc4ccccc4-c4ccccc43)cc2OC)n1,O=P1(Cc2ccc(Oc3nc(Oc4ccc(CP5(=O)Oc6ccccc6-c6ccccc65)cc4)nc(Oc4ccc(CP5(=O)Oc6ccccc6-c6ccccc65)cc4)n3)cc2)Oc2ccccc2-c2ccccc21,,,0,COc1cc(C(O)P2(=O)Oc3ccccc3-c3ccccc32)ccc1Oc1nc(Oc2ccc(C(O)P3(=O)Oc4ccccc4-c4ccccc43)cc2OC)nc(Oc2ccc(C(O)P3(=O)Oc4ccccc4-c4ccccc43)cc2OC)n1||<NO_CO>,86.72647685689742,7521.481788009964,0.6219512195121951,0.6219512195121951,,,0.6219512195121951,0.6219512195121951,0,0,1,1,0,1,1,1,1,1,1,318,97,4,Caution,Seen_scaffold
THR,5,DOPO_EP_0158,Trif-D,,COC1=C(OC2=NC(OC3=C(OC)C=C(C(P4(C5=C(C6=C(O4)C=CC=C6)C=CC=C5)=O)O)C=C3)=NC(OC7=C(OC)C=C(C(P8(C9=C(C%10=C(O8)C=CC=C%10)C=CC=C9)=O)O)C=C7)=N2)C=CC(C(P%11(C%12=C(C%13=C(O%11)C=CC=C%13)C=CC=C%12)=O)O)=C1,,https://doi.org/10.1016/j.polymdegradstab.2020.109293,COc1cc(C(O)P2(=O)Oc3ccccc3-c3ccccc32)ccc1Oc1nc(Oc2ccc(C(O)P3(=O)Oc4ccccc4-c4ccccc43)cc2OC)nc(Oc2ccc(C(O)P3(=O)Oc4ccccc4-c4ccccc43)cc2OC)n1,O=P1(Cc2ccc(Oc3nc(Oc4ccc(CP5(=O)Oc6ccccc6-c6ccccc65)cc4)nc(Oc4ccc(CP5(=O)Oc6ccccc6-c6ccccc65)cc4)n3)cc2)Oc2ccccc2-c2ccccc21,55.0,5.0,0,molecule,formulation,baseline_inclusive,fixed,0,123.78124983339244,120.04315229184924,65.6255485833008,174.46075600039768,0,COc1cc(C(O)P2(=O)Oc3ccccc3-c3ccccc32)ccc1Oc1nc(Oc2ccc(C(O)P3(=O)Oc4ccccc4-c4ccccc43)cc2OC)nc(Oc2ccc(C(O)P3(=O)Oc4ccccc4-c4ccccc43)cc2OC)n1,O=P1(Cc2ccc(Oc3nc(Oc4ccc(CP5(=O)Oc6ccccc6-c6ccccc65)cc4)nc(Oc4ccc(CP5(=O)Oc6ccccc6-c6ccccc65)cc4)n3)cc2)Oc2ccccc2-c2ccccc21,,,0,COc1cc(C(O)P2(=O)Oc3ccccc3-c3ccccc32)ccc1Oc1nc(Oc2ccc(C(O)P3(=O)Oc4ccccc4-c4ccccc43)cc2OC)nc(Oc2ccc(C(O)P3(=O)Oc4ccccc4-c4ccccc43)cc2OC)n1||<NO_CO>,68.78124983339244,4730.860328643547,0.6219512195121951,0.6219512195121951,,,0.6219512195121951,0.6219512195121951,0,0,1,1,0,1,1,1,1,1,1,318,97,4,Caution,Seen_scaffold
THR,5,DOPO_EP_0157,Trif-D,,COC1=C(OC2=NC(OC3=C(OC)C=C(C(P4(C5=C(C6=C(O4)C=CC=C6)C=CC=C5)=O)O)C=C3)=NC(OC7=C(OC)C=C(C(P8(C9=C(C%10=C(O8)C=CC=C%10)C=CC=C9)=O)O)C=C7)=N2)C=CC(C(P%11(C%12=C(C%13=C(O%11)C=CC=C%13)C=CC=C%12)=O)O)=C1,,https://doi.org/10.1016/j.polymdegradstab.2020.109293,COc1cc(C(O)P2(=O)Oc3ccccc3-c3ccccc32)ccc1Oc1nc(Oc2ccc(C(O)P3(=O)Oc4ccccc4-c4ccccc43)cc2OC)nc(Oc2ccc(C(O)P3(=O)Oc4ccccc4-c4ccccc43)cc2OC)n1,O=P1(Cc2ccc(Oc3nc(Oc4ccc(CP5(=O)Oc6ccccc6-c6ccccc65)cc4)nc(Oc4ccc(CP5(=O)Oc6ccccc6-c6ccccc65)cc4)n3)cc2)Oc2ccccc2-c2ccccc21,93.0,2.5,0,molecule,formulation,baseline_inclusive,fixed,0,131.5391425271426,126.9401720373106,72.52256832876216,181.35777574585904,1,COc1cc(C(O)P2(=O)Oc3ccccc3-c3ccccc32)ccc1Oc1nc(Oc2ccc(C(O)P3(=O)Oc4ccccc4-c4ccccc43)cc2OC)nc(Oc2ccc(C(O)P3(=O)Oc4ccccc4-c4ccccc43)cc2OC)n1,O=P1(Cc2ccc(Oc3nc(Oc4ccc(CP5(=O)Oc6ccccc6-c6ccccc65)cc4)nc(Oc4ccc(CP5(=O)Oc6ccccc6-c6ccccc65)cc4)n3)cc2)Oc2ccccc2-c2ccccc21,,,0,COc1cc(C(O)P2(=O)Oc3ccccc3-c3ccccc32)ccc1Oc1nc(Oc2ccc(C(O)P3(=O)Oc4ccccc4-c4ccccc43)cc2OC)nc(Oc2ccc(C(O)P3(=O)Oc4ccccc4-c4ccccc43)cc2OC)n1||<NO_CO>,38.53914252714259,1485.2655067274104,0.6219512195121951,0.6219512195121951,,,0.6219512195121951,0.6219512195121951,0,0,1,1,0,1,1,1,1,1,1,318,97,4,Caution,Seen_scaffold
THR,5,DOPO_EP_0156,Trif-D,,COC1=C(OC2=NC(OC3=C(OC)C=C(C(P4(C5=C(C6=C(O4)C=CC=C6)C=CC=C5)=O)O)C=C3)=NC(OC7=C(OC)C=C(C(P8(C9=C(C%10=C(O8)C=CC=C%10)C=CC=C9)=O)O)C=C7)=N2)C=CC(C(P%11(C%12=C(C%13=C(O%11)C=CC=C%13)C=CC=C%12)=O)O)=C1,,https://doi.org/10.1016/j.polymdegradstab.2020.109293,COc1cc(C(O)P2(=O)Oc3ccccc3-c3ccccc32)ccc1Oc1nc(Oc2ccc(C(O)P3(=O)Oc4ccccc4-c4ccccc43)cc2OC)nc(Oc2ccc(C(O)P3(=O)Oc4ccccc4-c4ccccc43)cc2OC)n1,O=P1(Cc2ccc(Oc3nc(Oc4ccc(CP5(=O)Oc6ccccc6-c6ccccc65)cc4)nc(Oc4ccc(CP5(=O)Oc6ccccc6-c6ccccc65)cc4)n3)cc2)Oc2ccccc2-c2ccccc21,152.0,0.0,1,molecule,formulation,baseline_inclusive,fixed,0,98.98997472772156,99.08878111451668,44.67117740596824,153.5063848230651,1,COc1cc(C(O)P2(=O)Oc3ccccc3-c3ccccc32)ccc1Oc1nc(Oc2ccc(C(O)P3(=O)Oc4ccccc4-c4ccccc43)cc2OC)nc(Oc2ccc(C(O)P3(=O)Oc4ccccc4-c4ccccc43)cc2OC)n1,O=P1(Cc2ccc(Oc3nc(Oc4ccc(CP5(=O)Oc6ccccc6-c6ccccc65)cc4)nc(Oc4ccc(CP5(=O)Oc6ccccc6-c6ccccc65)cc4)n3)cc2)Oc2ccccc2-c2ccccc21,,,0,COc1cc(C(O)P2(=O)Oc3ccccc3-c3ccccc32)ccc1Oc1nc(Oc2ccc(C(O)P3(=O)Oc4ccccc4-c4ccccc43)cc2OC)nc(Oc2ccc(C(O)P3(=O)Oc4ccccc4-c4ccccc43)cc2OC)n1||<NO_CO>,53.01002527227844,2810.062779367599,0.6219512195121951,0.6219512195121951,,,0.6219512195121951,0.6219512195121951,0,0,1,1,0,1,1,1,1,1,1,318,97,4,Caution,Seen_scaffold
THR,5,DOPO_EP_0139,TGIC-DOPO,,O=P(CC(O)CN(C(N(C1=O)CC(O)CP(OC2=C3C=CC=C2)(C4=C3C=CC=C4)=O)=O)C(N1CC(O)CP(OC5=C6C=CC=C5)(C7=C6C=CC=C7)=O)=O)(C8=C9C=CC=C8)OC%10=C9C=CC=C%10,,https://doi.org/10.1016/j.polymdegradstab.2014.05.007,O=c1n(CC(O)CP2(=O)Oc3ccccc3-c3ccccc32)c(=O)n(CC(O)CP2(=O)Oc3ccccc3-c3ccccc32)c(=O)n1CC(O)CP1(=O)Oc2ccccc2-c2ccccc21,O=c1n(CCCP2(=O)Oc3ccccc3-c3ccccc32)c(=O)n(CCCP2(=O)Oc3ccccc3-c3ccccc32)c(=O)n1CCCP1(=O)Oc2ccccc2-c2ccccc21,61.0,12.2,0,molecule,formulation,baseline_inclusive,fixed,0,65.64952674103981,67.5431070655468,13.125503356998363,121.96071077409523,1,O=c1n(CC(O)CP2(=O)Oc3ccccc3-c3ccccc32)c(=O)n(CC(O)CP2(=O)Oc3ccccc3-c3ccccc32)c(=O)n1CC(O)CP1(=O)Oc2ccccc2-c2ccccc21,O=c1n(CCCP2(=O)Oc3ccccc3-c3ccccc32)c(=O)n(CCCP2(=O)Oc3ccccc3-c3ccccc32)c(=O)n1CCCP1(=O)Oc2ccccc2-c2ccccc21,,,0,O=c1n(CC(O)CP2(=O)Oc3ccccc3-c3ccccc32)c(=O)n(CC(O)CP2(=O)Oc3ccccc3-c3ccccc32)c(=O)n1CC(O)CP1(=O)Oc2ccccc2-c2ccccc21||<NO_CO>,4.649526741039807,21.61809891564425,0.7,0.7,,,0.7,0.7,0,0,1,1,0,1,1,1,1,1,1,318,97,4,In_domain,Seen_scaffold
THR,5,DOPO_EP_0138,TGIC-DOPO,,O=P(CC(O)CN(C(N(C1=O)CC(O)CP(OC2=C3C=CC=C2)(C4=C3C=CC=C4)=O)=O)C(N1CC(O)CP(OC5=C6C=CC=C5)(C7=C6C=CC=C7)=O)=O)(C8=C9C=CC=C8)OC%10=C9C=CC=C%10,,https://doi.org/10.1016/j.polymdegradstab.2014.05.007,O=c1n(CC(O)CP2(=O)Oc3ccccc3-c3ccccc32)c(=O)n(CC(O)CP2(=O)Oc3ccccc3-c3ccccc32)c(=O)n1CC(O)CP1(=O)Oc2ccccc2-c2ccccc21,O=c1n(CCCP2(=O)Oc3ccccc3-c3ccccc32)c(=O)n(CCCP2(=O)Oc3ccccc3-c3ccccc32)c(=O)n1CCCP1(=O)Oc2ccccc2-c2ccccc21,71.0,10.2,0,molecule,formulation,baseline_inclusive,fixed,0,64.4630144726155,70.71093026380443,16.293326555255987,125.12853397235288,1,O=c1n(CC(O)CP2(=O)Oc3ccccc3-c3ccccc32)c(=O)n(CC(O)CP2(=O)Oc3ccccc3-c3ccccc32)c(=O)n1CC(O)CP1(=O)Oc2ccccc2-c2ccccc21,O=c1n(CCCP2(=O)Oc3ccccc3-c3ccccc32)c(=O)n(CCCP2(=O)Oc3ccccc3-c3ccccc32)c(=O)n1CCCP1(=O)Oc2ccccc2-c2ccccc21,,,0,O=c1n(CC(O)CP2(=O)Oc3ccccc3-c3ccccc32)c(=O)n(CC(O)CP2(=O)Oc3ccccc3-c3ccccc32)c(=O)n1CC(O)CP1(=O)Oc2ccccc2-c2ccccc21||<NO_CO>,6.536985527384502,42.732179785234436,0.7,0.7,,,0.7,0.7,0,0,1,1,0,1,1,1,1,1,1,318,97,4,In_domain,Seen_scaffold
THR,5,DOPO_EP_0137,TGIC-DOPO,,O=P(CC(O)CN(C(N(C1=O)CC(O)CP(OC2=C3C=CC=C2)(C4=C3C=CC=C4)=O)=O)C(N1CC(O)CP(OC5=C6C=CC=C5)(C7=C6C=CC=C7)=O)=O)(C8=C9C=CC=C8)OC%10=C9C=CC=C%10,,https://doi.org/10.1016/j.polymdegradstab.2014.05.007,O=c1n(CC(O)CP2(=O)Oc3ccccc3-c3ccccc32)c(=O)n(CC(O)CP2(=O)Oc3ccccc3-c3ccccc32)c(=O)n1CC(O)CP1(=O)Oc2ccccc2-c2ccccc21,O=c1n(CCCP2(=O)Oc3ccccc3-c3ccccc32)c(=O)n(CCCP2(=O)Oc3ccccc3-c3ccccc32)c(=O)n1CCCP1(=O)Oc2ccccc2-c2ccccc21,76.0,8.1,0,molecule,formulation,baseline_inclusive,fixed,0,64.80152087136777,70.2407071530813,15.823103444532862,124.65831086162974,1,O=c1n(CC(O)CP2(=O)Oc3ccccc3-c3ccccc32)c(=O)n(CC(O)CP2(=O)Oc3ccccc3-c3ccccc32)c(=O)n1CC(O)CP1(=O)Oc2ccccc2-c2ccccc21,O=c1n(CCCP2(=O)Oc3ccccc3-c3ccccc32)c(=O)n(CCCP2(=O)Oc3ccccc3-c3ccccc32)c(=O)n1CCCP1(=O)Oc2ccccc2-c2ccccc21,,,0,O=c1n(CC(O)CP2(=O)Oc3ccccc3-c3ccccc32)c(=O)n(CC(O)CP2(=O)Oc3ccccc3-c3ccccc32)c(=O)n1CC(O)CP1(=O)Oc2ccccc2-c2ccccc21||<NO_CO>,11.19847912863223,125.40593479441165,0.7,0.7,,,0.7,0.7,0,0,1,1,0,1,1,1,1,1,1,318,97,4,In_domain,Seen_scaffold
THR,5,DOPO_EP_0136,TGIC-DOPO,,O=P(CC(O)CN(C(N(C1=O)CC(O)CP(OC2=C3C=CC=C2)(C4=C3C=CC=C4)=O)=O)C(N1CC(O)CP(OC5=C6C=CC=C5)(C7=C6C=CC=C7)=O)=O)(C8=C9C=CC=C8)OC%10=C9C=CC=C%10,,https://doi.org/10.1016/j.polymdegradstab.2014.05.007,O=c1n(CC(O)CP2(=O)Oc3ccccc3-c3ccccc32)c(=O)n(CC(O)CP2(=O)Oc3ccccc3-c3ccccc32)c(=O)n1CC(O)CP1(=O)Oc2ccccc2-c2ccccc21,O=c1n(CCCP2(=O)Oc3ccccc3-c3ccccc32)c(=O)n(CCCP2(=O)Oc3ccccc3-c3ccccc32)c(=O)n1CCCP1(=O)Oc2ccccc2-c2ccccc21,75.0,6.1,0,molecule,formulation,baseline_inclusive,fixed,0,70.108781630911,72.21879598224295,17.80119227369451,126.6363996907914,1,O=c1n(CC(O)CP2(=O)Oc3ccccc3-c3ccccc32)c(=O)n(CC(O)CP2(=O)Oc3ccccc3-c3ccccc32)c(=O)n1CC(O)CP1(=O)Oc2ccccc2-c2ccccc21,O=c1n(CCCP2(=O)Oc3ccccc3-c3ccccc32)c(=O)n(CCCP2(=O)Oc3ccccc3-c3ccccc32)c(=O)n1CCCP1(=O)Oc2ccccc2-c2ccccc21,,,0,O=c1n(CC(O)CP2(=O)Oc3ccccc3-c3ccccc32)c(=O)n(CC(O)CP2(=O)Oc3ccccc3-c3ccccc32)c(=O)n1CC(O)CP1(=O)Oc2ccccc2-c2ccccc21||<NO_CO>,4.891218369089003,23.92401713411369,0.7,0.7,,,0.7,0.7,0,0,1,1,0,1,1,1,1,1,1,318,97,4,In_domain,Seen_scaffold
THR,5,DOPO_EP_0299,DOPO-BAPh,,CC(C1=CC=C(O)C(CN(C2=CC=CC(OC3=CC=C(C(C#N)=C3)C#N)=C2)CP4(C5=C(C6=C(O4)C=CC=C6)C=CC=C5)=O)=C1)(C7=CC(CN(C8=CC=CC(OC9=CC=C(C(C#N)=C9)C#N)=C8)CP%10(C%11=C(C%12=C(O%10)C=CC=C%12)C=CC=C%11)=O)=C(O)C=C7)C,,https://doi.org/10.1016/j.polymdegradstab.2021.109544,CC(C)(c1ccc(O)c(CN(CP2(=O)Oc3ccccc3-c3ccccc32)c2cccc(Oc3ccc(C#N)c(C#N)c3)c2)c1)c1ccc(O)c(CN(CP2(=O)Oc3ccccc3-c3ccccc32)c2cccc(Oc3ccc(C#N)c(C#N)c3)c2)c1,O=P1(CN(Cc2cccc(Cc3cccc(CN(CP4(=O)Oc5ccccc5-c5ccccc54)c4cccc(Oc5ccccc5)c4)c3)c2)c2cccc(Oc3ccccc3)c2)Oc2ccccc2-c2ccccc21,78.6,10.6,0,molecule,formulation,baseline_inclusive,fixed,0,63.51774277456735,74.4612674639836,20.04366375543516,128.87887117253206,1,CC(C)(c1ccc(O)c(CN(CP2(=O)Oc3ccccc3-c3ccccc32)c2cccc(Oc3ccc(C#N)c(C#N)c3)c2)c1)c1ccc(O)c(CN(CP2(=O)Oc3ccccc3-c3ccccc32)c2cccc(Oc3ccc(C#N)c(C#N)c3)c2)c1,O=P1(CN(Cc2cccc(Cc3cccc(CN(CP4(=O)Oc5ccccc5-c5ccccc54)c4cccc(Oc5ccccc5)c4)c3)c2)c2cccc(Oc3ccccc3)c2)Oc2ccccc2-c2ccccc21,,,0,CC(C)(c1ccc(O)c(CN(CP2(=O)Oc3ccccc3-c3ccccc32)c2cccc(Oc3ccc(C#N)c(C#N)c3)c2)c1)c1ccc(O)c(CN(CP2(=O)Oc3ccccc3-c3ccccc32)c2cccc(Oc3ccc(C#N)c(C#N)c3)c2)c1||<NO_CO>,15.082257225432642,227.47448301411512,0.49586776859504134,0.49586776859504134,,,0.49586776859504134,0.49586776859504134,0,0,1,1,0,0,0,1,1,0,0,318,97,4,Extrapolation,New_scaffold
THR,5,DOPO_EP_0298,DOPO-BAPh,,CC(C1=CC=C(O)C(CN(C2=CC=CC(OC3=CC=C(C(C#N)=C3)C#N)=C2)CP4(C5=C(C6=C(O4)C=CC=C6)C=CC=C5)=O)=C1)(C7=CC(CN(C8=CC=CC(OC9=CC=C(C(C#N)=C9)C#N)=C8)CP%10(C%11=C(C%12=C(O%10)C=CC=C%12)C=CC=C%11)=O)=C(O)C=C7)C,,https://doi.org/10.1016/j.polymdegradstab.2021.109544,CC(C)(c1ccc(O)c(CN(CP2(=O)Oc3ccccc3-c3ccccc32)c2cccc(Oc3ccc(C#N)c(C#N)c3)c2)c1)c1ccc(O)c(CN(CP2(=O)Oc3ccccc3-c3ccccc32)c2cccc(Oc3ccc(C#N)c(C#N)c3)c2)c1,O=P1(CN(Cc2cccc(Cc3cccc(CN(CP4(=O)Oc5ccccc5-c5ccccc54)c4cccc(Oc5ccccc5)c4)c3)c2)c2cccc(Oc3ccccc3)c2)Oc2ccccc2-c2ccccc21,85.9,7.29,0,molecule,formulation,baseline_inclusive,fixed,0,70.81519670535594,73.07433830466927,18.656734596120828,127.49194201321772,1,CC(C)(c1ccc(O)c(CN(CP2(=O)Oc3ccccc3-c3ccccc32)c2cccc(Oc3ccc(C#N)c(C#N)c3)c2)c1)c1ccc(O)c(CN(CP2(=O)Oc3ccccc3-c3ccccc32)c2cccc(Oc3ccc(C#N)c(C#N)c3)c2)c1,O=P1(CN(Cc2cccc(Cc3cccc(CN(CP4(=O)Oc5ccccc5-c5ccccc54)c4cccc(Oc5ccccc5)c4)c3)c2)c2cccc(Oc3ccccc3)c2)Oc2ccccc2-c2ccccc21,,,0,CC(C)(c1ccc(O)c(CN(CP2(=O)Oc3ccccc3-c3ccccc32)c2cccc(Oc3ccc(C#N)c(C#N)c3)c2)c1)c1ccc(O)c(CN(CP2(=O)Oc3ccccc3-c3ccccc32)c2cccc(Oc3ccc(C#N)c(C#N)c3)c2)c1||<NO_CO>,15.084803294644061,227.55129043810433,0.49586776859504134,0.49586776859504134,,,0.49586776859504134,0.49586776859504134,0,0,1,1,0,0,0,1,1,0,0,318,97,4,Extrapolation,New_scaffold
THR,5,DOPO_EP_0084,STZ,,O=P(C1=C2C=CC=C1)(C(NC3=CC=C(S(=O)(NC4=NC=CS4)=O)C=C3)C5=CC=C(O)C=C5)OC6=C2C=CC=C6,,https://doi.org/10.1016/j.polymdegradstab.2020.109078,O=P1(C(Nc2ccc(S(=O)(=O)Nc3nccs3)cc2)c2ccc(O)cc2)Oc2ccccc2-c2ccccc21,O=P1(C(Nc2ccc(S(=O)(=O)Nc3nccs3)cc2)c2ccccc2)Oc2ccccc2-c2ccccc21,38.7,4.0,0,molecule,formulation,baseline_inclusive,fixed,0,57.255599042265295,58.96918716968038,4.551583461131941,113.38679087822882,1,O=P1(C(Nc2ccc(S(=O)(=O)Nc3nccs3)cc2)c2ccc(O)cc2)Oc2ccccc2-c2ccccc21,O=P1(C(Nc2ccc(S(=O)(=O)Nc3nccs3)cc2)c2ccccc2)Oc2ccccc2-c2ccccc21,,,0,O=P1(C(Nc2ccc(S(=O)(=O)Nc3nccs3)cc2)c2ccc(O)cc2)Oc2ccccc2-c2ccccc21||<NO_CO>,18.555599042265293,344.31025581731666,0.7227722772277227,0.7227722772277227,,,0.7227722772277227,0.7227722772277227,0,0,1,1,0,0,0,1,1,0,0,318,97,4,In_domain,New_scaffold
THR,5,DOPO_EP_0085,STZ,,O=P(C1=C2C=CC=C1)(C(NC3=CC=C(S(=O)(NC4=NC=CS4)=O)C=C3)C5=CC=C(O)C=C5)OC6=C2C=CC=C6,,https://doi.org/10.1016/j.polymdegradstab.2020.109078,O=P1(C(Nc2ccc(S(=O)(=O)Nc3nccs3)cc2)c2ccc(O)cc2)Oc2ccccc2-c2ccccc21,O=P1(C(Nc2ccc(S(=O)(=O)Nc3nccs3)cc2)c2ccccc2)Oc2ccccc2-c2ccccc21,34.8,6.0,0,molecule,formulation,baseline_inclusive,fixed,0,52.65189984051951,56.10786017220703,1.6902564636585922,110.52546388075548,1,O=P1(C(Nc2ccc(S(=O)(=O)Nc3nccs3)cc2)c2ccc(O)cc2)Oc2ccccc2-c2ccccc21,O=P1(C(Nc2ccc(S(=O)(=O)Nc3nccs3)cc2)c2ccccc2)Oc2ccccc2-c2ccccc21,,,0,O=P1(C(Nc2ccc(S(=O)(=O)Nc3nccs3)cc2)c2ccc(O)cc2)Oc2ccccc2-c2ccccc21||<NO_CO>,17.851899840519515,318.69032791594066,0.7227722772277227,0.7227722772277227,,,0.7227722772277227,0.7227722772277227,0,0,1,1,0,0,0,1,1,0,0,318,97,4,In_domain,New_scaffold
THR,5,DOPO_EP_0082,STZ,,O=P(C1=C2C=CC=C1)(C(NC3=CC=C(S(=O)(NC4=NC=CS4)=O)C=C3)C5=CC=C(O)C=C5)OC6=C2C=CC=C6,,https://doi.org/10.1016/j.polymdegradstab.2020.109078,O=P1(C(Nc2ccc(S(=O)(=O)Nc3nccs3)cc2)c2ccc(O)cc2)Oc2ccccc2-c2ccccc21,O=P1(C(Nc2ccc(S(=O)(=O)Nc3nccs3)cc2)c2ccccc2)Oc2ccccc2-c2ccccc21,57.0,0.0,1,molecule,formulation,baseline_inclusive,fixed,0,98.98997472772156,99.08878111451668,44.67117740596824,153.5063848230651,1,O=P1(C(Nc2ccc(S(=O)(=O)Nc3nccs3)cc2)c2ccc(O)cc2)Oc2ccccc2-c2ccccc21,O=P1(C(Nc2ccc(S(=O)(=O)Nc3nccs3)cc2)c2ccccc2)Oc2ccccc2-c2ccccc21,,,0,O=P1(C(Nc2ccc(S(=O)(=O)Nc3nccs3)cc2)c2ccc(O)cc2)Oc2ccccc2-c2ccccc21||<NO_CO>,41.98997472772156,1763.1579776346953,0.7227722772277227,0.7227722772277227,,,0.7227722772277227,0.7227722772277227,0,0,1,1,0,0,0,1,1,0,0,318,97,4,In_domain,New_scaffold
THR,5,DOPO_EP_0077,TFD,,O=P(C1=C2C=CC=C1)(C(NC(C(O)=O)CC3=CC=C(O)C=C3)C4=CC=CO4)OC5=C2C=CC=C5,,https://doi.org/10.1016/j.polymer.2021.124045,O=C(O)C(Cc1ccc(O)cc1)NC(c1ccco1)P1(=O)Oc2ccccc2-c2ccccc21,O=P1(C(NCCc2ccccc2)c2ccco2)Oc2ccccc2-c2ccccc21,98.0,8.0,0,molecule,formulation,baseline_inclusive,fixed,0,91.54513112821272,92.46108321860568,38.04347951005724,146.87868692715412,1,O=C(O)C(Cc1ccc(O)cc1)NC(c1ccco1)P1(=O)Oc2ccccc2-c2ccccc21,O=P1(C(NCCc2ccccc2)c2ccco2)Oc2ccccc2-c2ccccc21,,,0,O=C(O)C(Cc1ccc(O)cc1)NC(c1ccco1)P1(=O)Oc2ccccc2-c2ccccc21||<NO_CO>,6.4548688717872835,41.665332151968435,0.5053763440860215,0.5053763440860215,,,0.5053763440860215,0.5053763440860215,0,0,1,1,0,0,0,1,1,0,0,318,97,4,Caution,New_scaffold
THR,5,DOPO_EP_0076,TFD,,O=P(C1=C2C=CC=C1)(C(NC(C(O)=O)CC3=CC=C(O)C=C3)C4=CC=CO4)OC5=C2C=CC=C5,,https://doi.org/10.1016/j.polymer.2021.124045,O=C(O)C(Cc1ccc(O)cc1)NC(c1ccco1)P1(=O)Oc2ccccc2-c2ccccc21,O=P1(C(NCCc2ccccc2)c2ccco2)Oc2ccccc2-c2ccccc21,103.0,6.0,0,molecule,formulation,baseline_inclusive,fixed,0,85.64048460295459,84.52704948592863,30.109445777380188,138.94465319447707,1,O=C(O)C(Cc1ccc(O)cc1)NC(c1ccco1)P1(=O)Oc2ccccc2-c2ccccc21,O=P1(C(NCCc2ccccc2)c2ccco2)Oc2ccccc2-c2ccccc21,,,0,O=C(O)C(Cc1ccc(O)cc1)NC(c1ccco1)P1(=O)Oc2ccccc2-c2ccccc21||<NO_CO>,17.359515397045413,301.3527748202568,0.5053763440860215,0.5053763440860215,,,0.5053763440860215,0.5053763440860215,0,0,1,1,0,0,0,1,1,0,0,318,97,4,Caution,New_scaffold
THR,5,DOPO_EP_0083,STZ,,O=P(C1=C2C=CC=C1)(C(NC3=CC=C(S(=O)(NC4=NC=CS4)=O)C=C3)C5=CC=C(O)C=C5)OC6=C2C=CC=C6,,https://doi.org/10.1016/j.polymdegradstab.2020.109078,O=P1(C(Nc2ccc(S(=O)(=O)Nc3nccs3)cc2)c2ccc(O)cc2)Oc2ccccc2-c2ccccc21,O=P1(C(Nc2ccc(S(=O)(=O)Nc3nccs3)cc2)c2ccccc2)Oc2ccccc2-c2ccccc21,49.5,2.0,0,molecule,formulation,baseline_inclusive,fixed,0,55.94544838222047,58.42259783448178,4.004994125933337,112.84020154303022,1,O=P1(C(Nc2ccc(S(=O)(=O)Nc3nccs3)cc2)c2ccc(O)cc2)Oc2ccccc2-c2ccccc21,O=P1(C(Nc2ccc(S(=O)(=O)Nc3nccs3)cc2)c2ccccc2)Oc2ccccc2-c2ccccc21,,,0,O=P1(C(Nc2ccc(S(=O)(=O)Nc3nccs3)cc2)c2ccc(O)cc2)Oc2ccccc2-c2ccccc21||<NO_CO>,6.445448382220469,41.543804847868465,0.7227722772277227,0.7227722772277227,,,0.7227722772277227,0.7227722772277227,0,0,1,1,0,0,0,1,1,0,0,318,97,4,In_domain,New_scaffold
THR,5,DOPO_EP_0075,TFD,,O=P(C1=C2C=CC=C1)(C(NC(C(O)=O)CC3=CC=C(O)C=C3)C4=CC=CO4)OC5=C2C=CC=C5,,https://doi.org/10.1016/j.polymer.2021.124045,O=C(O)C(Cc1ccc(O)cc1)NC(c1ccco1)P1(=O)Oc2ccccc2-c2ccccc21,O=P1(C(NCCc2ccccc2)c2ccco2)Oc2ccccc2-c2ccccc21,105.0,4.0,0,molecule,formulation,baseline_inclusive,fixed,0,98.72889433785332,105.20139772370646,50.78379401515802,159.6190014322549,1,O=C(O)C(Cc1ccc(O)cc1)NC(c1ccco1)P1(=O)Oc2ccccc2-c2ccccc21,O=P1(C(NCCc2ccccc2)c2ccco2)Oc2ccccc2-c2ccccc21,,,0,O=C(O)C(Cc1ccc(O)cc1)NC(c1ccco1)P1(=O)Oc2ccccc2-c2ccccc21||<NO_CO>,6.271105662146681,39.326766225808164,0.5053763440860215,0.5053763440860215,,,0.5053763440860215,0.5053763440860215,0,0,1,1,0,0,0,1,1,0,0,318,97,4,Caution,New_scaffold
THR,5,DOPO_EP_0074,TFD,,O=P(C1=C2C=CC=C1)(C(NC(C(O)=O)CC3=CC=C(O)C=C3)C4=CC=CO4)OC5=C2C=CC=C5,,https://doi.org/10.1016/j.polymer.2021.124045,O=C(O)C(Cc1ccc(O)cc1)NC(c1ccco1)P1(=O)Oc2ccccc2-c2ccccc21,O=P1(C(NCCc2ccccc2)c2ccco2)Oc2ccccc2-c2ccccc21,116.0,0.0,1,molecule,formulation,baseline_inclusive,fixed,0,98.98997472772156,99.08878111451668,44.67117740596824,153.5063848230651,1,O=C(O)C(Cc1ccc(O)cc1)NC(c1ccco1)P1(=O)Oc2ccccc2-c2ccccc21,O=P1(C(NCCc2ccccc2)c2ccco2)Oc2ccccc2-c2ccccc21,,,0,O=C(O)C(Cc1ccc(O)cc1)NC(c1ccco1)P1(=O)Oc2ccccc2-c2ccccc21||<NO_CO>,17.01002527227844,289.3409597635512,0.5053763440860215,0.5053763440860215,,,0.5053763440860215,0.5053763440860215,0,0,1,1,0,0,0,1,1,0,0,318,97,4,Caution,New_scaffold
THR,5,DOPO_EP_0068,VFD,,COC1=CC(C(P2(C3=C(C4=C(O2)C=CC=C4)C=CC=C3)=O)NCC5=CC=CO5)=CC=C1O,,https://doi.org/10.1016/j.polymdegradstab.2021.109548,COc1cc(C(NCc2ccco2)P2(=O)Oc3ccccc3-c3ccccc32)ccc1O,O=P1(C(NCc2ccco2)c2ccccc2)Oc2ccccc2-c2ccccc21,71.0,10.0,0,molecule,formulation,baseline_inclusive,fixed,0,68.59039122809361,68.57928173224249,14.161678023694051,122.99688544079092,1,COc1cc(C(NCc2ccco2)P2(=O)Oc3ccccc3-c3ccccc32)ccc1O,O=P1(C(NCc2ccco2)c2ccccc2)Oc2ccccc2-c2ccccc21,,,0,COc1cc(C(NCc2ccco2)P2(=O)Oc3ccccc3-c3ccccc32)ccc1O||<NO_CO>,2.4096087719063917,5.806214433648229,0.6179775280898876,0.6179775280898876,,,0.6179775280898876,0.6179775280898876,0,0,1,1,0,0,0,1,1,0,0,318,97,4,Caution,New_scaffold
THR,5,DOPO_EP_0069,VFD,,COC1=CC(C(P2(C3=C(C4=C(O2)C=CC=C4)C=CC=C3)=O)NCC5=CC=CO5)=CC=C1O,,https://doi.org/10.1016/j.polymdegradstab.2021.109548,COc1cc(C(NCc2ccco2)P2(=O)Oc3ccccc3-c3ccccc32)ccc1O,O=P1(C(NCc2ccco2)c2ccccc2)Oc2ccccc2-c2ccccc21,66.0,12.5,0,molecule,formulation,baseline_inclusive,fixed,0,67.0430902213174,66.00844557004332,11.59084186149488,120.42604927859176,1,COc1cc(C(NCc2ccco2)P2(=O)Oc3ccccc3-c3ccccc32)ccc1O,O=P1(C(NCc2ccco2)c2ccccc2)Oc2ccccc2-c2ccccc21,,,0,COc1cc(C(NCc2ccco2)P2(=O)Oc3ccccc3-c3ccccc32)ccc1O||<NO_CO>,1.0430902213173994,1.0880372098079811,0.6179775280898876,0.6179775280898876,,,0.6179775280898876,0.6179775280898876,0,0,1,1,0,0,0,1,1,0,0,318,97,4,Caution,New_scaffold
THR,5,DOPO_EP_0067,VFD,,COC1=CC(C(P2(C3=C(C4=C(O2)C=CC=C4)C=CC=C3)=O)NCC5=CC=CO5)=CC=C1O,,https://doi.org/10.1016/j.polymdegradstab.2021.109548,COc1cc(C(NCc2ccco2)P2(=O)Oc3ccccc3-c3ccccc32)ccc1O,O=P1(C(NCc2ccco2)c2ccccc2)Oc2ccccc2-c2ccccc21,72.0,7.5,0,molecule,formulation,baseline_inclusive,fixed,0,67.87794893192634,70.37957937335399,15.96197566480555,124.79718308190245,1,COc1cc(C(NCc2ccco2)P2(=O)Oc3ccccc3-c3ccccc32)ccc1O,O=P1(C(NCc2ccco2)c2ccccc2)Oc2ccccc2-c2ccccc21,,,0,COc1cc(C(NCc2ccco2)P2(=O)Oc3ccccc3-c3ccccc32)ccc1O||<NO_CO>,4.1220510680736595,16.991305007807195,0.6179775280898876,0.6179775280898876,,,0.6179775280898876,0.6179775280898876,0,0,1,1,0,0,0,1,1,0,0,318,97,4,Caution,New_scaffold
THR,5,DOPO_EP_0066,VFD,,COC1=CC(C(P2(C3=C(C4=C(O2)C=CC=C4)C=CC=C3)=O)NCC5=CC=CO5)=CC=C1O,,https://doi.org/10.1016/j.polymdegradstab.2021.109548,COc1cc(C(NCc2ccco2)P2(=O)Oc3ccccc3-c3ccccc32)ccc1O,O=P1(C(NCc2ccco2)c2ccccc2)Oc2ccccc2-c2ccccc21,75.0,5.0,0,molecule,formulation,baseline_inclusive,fixed,0,61.37020029541519,61.60978310194148,7.19217939339304,116.02738681048992,1,COc1cc(C(NCc2ccco2)P2(=O)Oc3ccccc3-c3ccccc32)ccc1O,O=P1(C(NCc2ccco2)c2ccccc2)Oc2ccccc2-c2ccccc21,,,0,COc1cc(C(NCc2ccco2)P2(=O)Oc3ccccc3-c3ccccc32)ccc1O||<NO_CO>,13.629799704584812,185.77143998710022,0.6179775280898876,0.6179775280898876,,,0.6179775280898876,0.6179775280898876,0,0,1,1,0,0,0,1,1,0,0,318,97,4,Caution,New_scaffold
THR,5,DOPO_EP_0065,VFD,,COC1=CC(C(P2(C3=C(C4=C(O2)C=CC=C4)C=CC=C3)=O)NCC5=CC=CO5)=CC=C1O,,https://doi.org/10.1016/j.polymdegradstab.2021.109548,COc1cc(C(NCc2ccco2)P2(=O)Oc3ccccc3-c3ccccc32)ccc1O,O=P1(C(NCc2ccco2)c2ccccc2)Oc2ccccc2-c2ccccc21,80.0,0.0,1,molecule,formulation,baseline_inclusive,fixed,0,98.98997472772156,99.08878111451668,44.67117740596824,153.5063848230651,1,COc1cc(C(NCc2ccco2)P2(=O)Oc3ccccc3-c3ccccc32)ccc1O,O=P1(C(NCc2ccco2)c2ccccc2)Oc2ccccc2-c2ccccc21,,,0,COc1cc(C(NCc2ccco2)P2(=O)Oc3ccccc3-c3ccccc32)ccc1O||<NO_CO>,18.98997472772156,360.6191401595035,0.6179775280898876,0.6179775280898876,,,0.6179775280898876,0.6179775280898876,0,0,1,1,0,0,0,1,1,0,0,318,97,4,Caution,New_scaffold
THR,5,DOPO_EP_0011,DOPO,,O=P(C1=CC=CC=C21)OC3=C2C=CC=C3,,https://doi.org/10.1002/app.51688,O=[PH]1Oc2ccccc2-c2ccccc21,O=[PH]1Oc2ccccc2-c2ccccc21,77.4,13.96,0,molecule,formulation,baseline_inclusive,fixed,0,77.15517144468247,75.71973797104233,21.30213426249389,130.13734167959078,1,O=[PH]1Oc2ccccc2-c2ccccc21,O=[PH]1Oc2ccccc2-c2ccccc21,,,0,O=[PH]1Oc2ccccc2-c2ccccc21||<NO_CO>,0.24482855531753955,0.05994102149887352,1.0,1.0,,,1.0,1.0,1,1,1,1,0,1,1,1,1,1,1,318,97,4,In_domain,Seen_scaffold
THR,5,DOPO_EP_0190,DOPO-ABZ,,O=P(C1=C2C=CC=C1)(NC3=NC4=C(S3)C=CC=C4)OC5=C2C=CC=C5,,https://doi.org/10.1021/acs.iecr.6b03416,O=P1(Nc2nc3ccccc3s2)Oc2ccccc2-c2ccccc21,O=P1(Nc2nc3ccccc3s2)Oc2ccccc2-c2ccccc21,72.0,7.5,0,molecule,formulation,baseline_inclusive,fixed,0,70.17636786349533,70.50134865990997,16.083744951361524,124.9189523684584,1,O=P1(Nc2nc3ccccc3s2)Oc2ccccc2-c2ccccc21,O=P1(Nc2nc3ccccc3s2)Oc2ccccc2-c2ccccc21,,,0,O=P1(Nc2nc3ccccc3s2)Oc2ccccc2-c2ccccc21||<NO_CO>,1.8236321365046706,3.3256341692925897,0.5675675675675675,0.5675675675675675,,,0.5675675675675675,0.5675675675675675,0,0,1,1,0,0,0,1,1,0,0,318,97,4,Caution,New_scaffold
THR,5,DOPO_EP_0191,DOPO-ABZ,,O=P(C1=C2C=CC=C1)(NC3=NC4=C(S3)C=CC=C4)OC5=C2C=CC=C5,,https://doi.org/10.1021/acs.iecr.6b03416,O=P1(Nc2nc3ccccc3s2)Oc2ccccc2-c2ccccc21,O=P1(Nc2nc3ccccc3s2)Oc2ccccc2-c2ccccc21,67.0,10.0,0,molecule,formulation,baseline_inclusive,fixed,0,70.28792488840018,68.211583764361,13.793980055812554,122.62918747290944,1,O=P1(Nc2nc3ccccc3s2)Oc2ccccc2-c2ccccc21,O=P1(Nc2nc3ccccc3s2)Oc2ccccc2-c2ccccc21,,,0,O=P1(Nc2nc3ccccc3s2)Oc2ccccc2-c2ccccc21||<NO_CO>,3.287924888400184,10.810450071761363,0.5675675675675675,0.5675675675675675,,,0.5675675675675675,0.5675675675675675,0,0,1,1,0,0,0,1,1,0,0,318,97,4,Caution,New_scaffold
THR,5,DOPO_EP_0216,MDOP,,O=P(C1=C2C=CC=C1)([O-])OC3=C2C=CC=C3.NC4=NC(N)=NC([NH3+])=N4,,https://doi.org/10.1016/j.jaap.2017.10.025,Nc1nc(N)nc([NH3+])n1.O=P1([O-])Oc2ccccc2-c2ccccc21,O=[PH]1Oc2ccccc2-c2ccccc21.c1ncncn1,77.1,0.0,1,molecule,formulation,baseline_inclusive,fixed,0,98.98997472772156,99.08878111451668,44.67117740596824,153.5063848230651,1,Nc1nc(N)nc([NH3+])n1.O=P1([O-])Oc2ccccc2-c2ccccc21,O=[PH]1Oc2ccccc2-c2ccccc21.c1ncncn1,,,0,Nc1nc(N)nc([NH3+])n1.O=P1([O-])Oc2ccccc2-c2ccccc21||<NO_CO>,21.889974727721565,479.17099358028884,0.35064935064935066,0.35064935064935066,,,0.35064935064935066,0.35064935064935066,0,0,1,1,0,0,0,1,1,0,0,318,97,4,Extrapolation,New_scaffold
THR,5,DOPO_EP_0217,MDOP,,O=P(C1=C2C=CC=C1)([O-])OC3=C2C=CC=C3.NC4=NC(N)=NC([NH3+])=N4,,https://doi.org/10.1016/j.jaap.2017.10.025,Nc1nc(N)nc([NH3+])n1.O=P1([O-])Oc2ccccc2-c2ccccc21,O=[PH]1Oc2ccccc2-c2ccccc21.c1ncncn1,75.4,1.25,0,molecule,formulation,baseline_inclusive,fixed,0,70.95306503399047,69.44384290852065,15.02623919997221,123.86144661706908,1,Nc1nc(N)nc([NH3+])n1.O=P1([O-])Oc2ccccc2-c2ccccc21,O=[PH]1Oc2ccccc2-c2ccccc21.c1ncncn1,,,0,Nc1nc(N)nc([NH3+])n1.O=P1([O-])Oc2ccccc2-c2ccccc21||<NO_CO>,4.446934966009536,19.775230591918234,0.35064935064935066,0.35064935064935066,,,0.35064935064935066,0.35064935064935066,0,0,1,1,0,0,0,1,1,0,0,318,97,4,Extrapolation,New_scaffold
THR,5,DOPO_EP_0218,MDOP,,O=P(C1=C2C=CC=C1)([O-])OC3=C2C=CC=C3.NC4=NC(N)=NC([NH3+])=N4,,https://doi.org/10.1016/j.jaap.2017.10.025,Nc1nc(N)nc([NH3+])n1.O=P1([O-])Oc2ccccc2-c2ccccc21,O=[PH]1Oc2ccccc2-c2ccccc21.c1ncncn1,74.2,2.5,0,molecule,formulation,baseline_inclusive,fixed,0,67.09655211677169,65.84680798869599,11.429204280147545,120.26441169724444,1,Nc1nc(N)nc([NH3+])n1.O=P1([O-])Oc2ccccc2-c2ccccc21,O=[PH]1Oc2ccccc2-c2ccccc21.c1ncncn1,,,0,Nc1nc(N)nc([NH3+])n1.O=P1([O-])Oc2ccccc2-c2ccccc21||<NO_CO>,7.103447883228313,50.4589718297408,0.35064935064935066,0.35064935064935066,,,0.35064935064935066,0.35064935064935066,0,0,1,1,0,0,0,1,1,0,0,318,97,4,Extrapolation,New_scaffold
THR,5,DOPO_EP_0219,MDOP,,O=P(C1=C2C=CC=C1)([O-])OC3=C2C=CC=C3.NC4=NC(N)=NC([NH3+])=N4,,https://doi.org/10.1016/j.jaap.2017.10.025,Nc1nc(N)nc([NH3+])n1.O=P1([O-])Oc2ccccc2-c2ccccc21,O=[PH]1Oc2ccccc2-c2ccccc21.c1ncncn1,67.1,5.0,0,molecule,formulation,baseline_inclusive,fixed,0,66.17313958218772,62.71493059111821,8.297326882569763,117.13253429966664,1,Nc1nc(N)nc([NH3+])n1.O=P1([O-])Oc2ccccc2-c2ccccc21,O=[PH]1Oc2ccccc2-c2ccccc21.c1ncncn1,,,0,Nc1nc(N)nc([NH3+])n1.O=P1([O-])Oc2ccccc2-c2ccccc21||<NO_CO>,0.9268604178122786,0.8590702341071516,0.35064935064935066,0.35064935064935066,,,0.35064935064935066,0.35064935064935066,0,0,1,1,0,0,0,1,1,0,0,318,97,4,Extrapolation,New_scaffold
THR,5,DOPO_EP_0220,MDOP,,O=P(C1=C2C=CC=C1)([O-])OC3=C2C=CC=C3.NC4=NC(N)=NC([NH3+])=N4,,https://doi.org/10.1016/j.jaap.2017.10.025,Nc1nc(N)nc([NH3+])n1.O=P1([O-])Oc2ccccc2-c2ccccc21,O=[PH]1Oc2ccccc2-c2ccccc21.c1ncncn1,60.2,10.0,0,molecule,formulation,baseline_inclusive,fixed,0,61.1509563338344,62.84912853144185,8.431524822893408,117.26673223999028,1,Nc1nc(N)nc([NH3+])n1.O=P1([O-])Oc2ccccc2-c2ccccc21,O=[PH]1Oc2ccccc2-c2ccccc21.c1ncncn1,,,0,Nc1nc(N)nc([NH3+])n1.O=P1([O-])Oc2ccccc2-c2ccccc21||<NO_CO>,0.950956333834398,0.9043179488597591,0.35064935064935066,0.35064935064935066,,,0.35064935064935066,0.35064935064935066,0,0,1,1,0,0,0,1,1,0,0,318,97,4,Extrapolation,New_scaffold
THR,5,DOPO_EP_0248,CTP-DOPO,,OC(C=C1)=CC=C1NC(P2(C3=C(C4=CC=CC=C4O2)C=CC=C3)=O)C(C=C5)=CC=C5OP6(OC7=CC=C(C(P8(C9=C(C%10=CC=CC=C%10O8)C=CC=C9)=O)NC%11=CC=C(O)C=C%11)C=C7)=NP(OC%12=CC=C(C(P%13(C%14=C(C%15=CC=CC=C%15O%13)C=CC=C%14)=O)NC%16=CC=C(O)C=C%16)C=C%12)(OC%17=CC=C(C(P%18(C%19=C(C%20=CC=CC=C%20O%18)C=CC=C%19)=O)NC%21=CC=C(O)C=C%21)C=C%17)=NP(OC%22=CC=C(C(P%23(C%24=C(C%25=CC=CC=C%25O%23)C=CC=C%24)=O)NC%26=CC=C(O)C=C%26)C=C%22)(OC%27=CC=C(C(P%28(C%29=C(C%30=CC=CC=C%30O%28)C=CC=C%29)=O)NC%31=CC=C(O)C=C%31)C=C%27)=N6,,https://doi.org/10.1016/j.polymdegradstab.2015.11.018,O=P1(C(Nc2ccc(O)cc2)c2ccc(OP3(Oc4ccc(C(Nc5ccc(O)cc5)P5(=O)Oc6ccccc6-c6ccccc65)cc4)=NP(Oc4ccc(C(Nc5ccc(O)cc5)P5(=O)Oc6ccccc6-c6ccccc65)cc4)(Oc4ccc(C(Nc5ccc(O)cc5)P5(=O)Oc6ccccc6-c6ccccc65)cc4)=NP(Oc4ccc(C(Nc5ccc(O)cc5)P5(=O)Oc6ccccc6-c6ccccc65)cc4)(Oc4ccc(C(Nc5ccc(O)cc5)P5(=O)Oc6ccccc6-c6ccccc65)cc4)=N3)cc2)Oc2ccccc2-c2ccccc21,O=P1(C(Nc2ccccc2)c2ccc(OP3(Oc4ccc(C(Nc5ccccc5)P5(=O)Oc6ccccc6-c6ccccc65)cc4)=NP(Oc4ccc(C(Nc5ccccc5)P5(=O)Oc6ccccc6-c6ccccc65)cc4)(Oc4ccc(C(Nc5ccccc5)P5(=O)Oc6ccccc6-c6ccccc65)cc4)=NP(Oc4ccc(C(Nc5ccccc5)P5(=O)Oc6ccccc6-c6ccccc65)cc4)(Oc4ccc(C(Nc5ccccc5)P5(=O)Oc6ccccc6-c6ccccc65)cc4)=N3)cc2)Oc2ccccc2-c2ccccc21,77.6,0.0,1,molecule,formulation,baseline_inclusive,fixed,0,98.98997472772156,99.08878111451668,44.67117740596824,153.5063848230651,1,O=P1(C(Nc2ccc(O)cc2)c2ccc(OP3(Oc4ccc(C(Nc5ccc(O)cc5)P5(=O)Oc6ccccc6-c6ccccc65)cc4)=NP(Oc4ccc(C(Nc5ccc(O)cc5)P5(=O)Oc6ccccc6-c6ccccc65)cc4)(Oc4ccc(C(Nc5ccc(O)cc5)P5(=O)Oc6ccccc6-c6ccccc65)cc4)=NP(Oc4ccc(C(Nc5ccc(O)cc5)P5(=O)Oc6ccccc6-c6ccccc65)cc4)(Oc4ccc(C(Nc5ccc(O)cc5)P5(=O)Oc6ccccc6-c6ccccc65)cc4)=N3)cc2)Oc2ccccc2-c2ccccc21,O=P1(C(Nc2ccccc2)c2ccc(OP3(Oc4ccc(C(Nc5ccccc5)P5(=O)Oc6ccccc6-c6ccccc65)cc4)=NP(Oc4ccc(C(Nc5ccccc5)P5(=O)Oc6ccccc6-c6ccccc65)cc4)(Oc4ccc(C(Nc5ccccc5)P5(=O)Oc6ccccc6-c6ccccc65)cc4)=NP(Oc4ccc(C(Nc5ccccc5)P5(=O)Oc6ccccc6-c6ccccc65)cc4)(Oc4ccc(C(Nc5ccccc5)P5(=O)Oc6ccccc6-c6ccccc65)cc4)=N3)cc2)Oc2ccccc2-c2ccccc21,,,0,O=P1(C(Nc2ccc(O)cc2)c2ccc(OP3(Oc4ccc(C(Nc5ccc(O)cc5)P5(=O)Oc6ccccc6-c6ccccc65)cc4)=NP(Oc4ccc(C(Nc5ccc(O)cc5)P5(=O)Oc6ccccc6-c6ccccc65)cc4)(Oc4ccc(C(Nc5ccc(O)cc5)P5(=O)Oc6ccccc6-c6ccccc65)cc4)=NP(Oc4ccc(C(Nc5ccc(O)cc5)P5(=O)Oc6ccccc6-c6ccccc65)cc4)(Oc4ccc(C(Nc5ccc(O)cc5)P5(=O)Oc6ccccc6-c6ccccc65)cc4)=N3)cc2)Oc2ccccc2-c2ccccc21||<NO_CO>,21.389974727721565,457.53101885256723,0.6627906976744186,0.6627906976744186,,,0.6627906976744186,0.6627906976744186,0,0,1,1,0,0,0,1,1,0,0,318,97,4,Caution,New_scaffold
THR,5,DOPO_EP_0250,CTP-DOPO,,OC(C=C1)=CC=C1NC(P2(C3=C(C4=CC=CC=C4O2)C=CC=C3)=O)C(C=C5)=CC=C5OP6(OC7=CC=C(C(P8(C9=C(C%10=CC=CC=C%10O8)C=CC=C9)=O)NC%11=CC=C(O)C=C%11)C=C7)=NP(OC%12=CC=C(C(P%13(C%14=C(C%15=CC=CC=C%15O%13)C=CC=C%14)=O)NC%16=CC=C(O)C=C%16)C=C%12)(OC%17=CC=C(C(P%18(C%19=C(C%20=CC=CC=C%20O%18)C=CC=C%19)=O)NC%21=CC=C(O)C=C%21)C=C%17)=NP(OC%22=CC=C(C(P%23(C%24=C(C%25=CC=CC=C%25O%23)C=CC=C%24)=O)NC%26=CC=C(O)C=C%26)C=C%22)(OC%27=CC=C(C(P%28(C%29=C(C%30=CC=CC=C%30O%28)C=CC=C%29)=O)NC%31=CC=C(O)C=C%31)C=C%27)=N6,,https://doi.org/10.1016/j.polymdegradstab.2015.11.018,O=P1(C(Nc2ccc(O)cc2)c2ccc(OP3(Oc4ccc(C(Nc5ccc(O)cc5)P5(=O)Oc6ccccc6-c6ccccc65)cc4)=NP(Oc4ccc(C(Nc5ccc(O)cc5)P5(=O)Oc6ccccc6-c6ccccc65)cc4)(Oc4ccc(C(Nc5ccc(O)cc5)P5(=O)Oc6ccccc6-c6ccccc65)cc4)=NP(Oc4ccc(C(Nc5ccc(O)cc5)P5(=O)Oc6ccccc6-c6ccccc65)cc4)(Oc4ccc(C(Nc5ccc(O)cc5)P5(=O)Oc6ccccc6-c6ccccc65)cc4)=N3)cc2)Oc2ccccc2-c2ccccc21,O=P1(C(Nc2ccccc2)c2ccc(OP3(Oc4ccc(C(Nc5ccccc5)P5(=O)Oc6ccccc6-c6ccccc65)cc4)=NP(Oc4ccc(C(Nc5ccccc5)P5(=O)Oc6ccccc6-c6ccccc65)cc4)(Oc4ccc(C(Nc5ccccc5)P5(=O)Oc6ccccc6-c6ccccc65)cc4)=NP(Oc4ccc(C(Nc5ccccc5)P5(=O)Oc6ccccc6-c6ccccc65)cc4)(Oc4ccc(C(Nc5ccccc5)P5(=O)Oc6ccccc6-c6ccccc65)cc4)=N3)cc2)Oc2ccccc2-c2ccccc21,51.7,10.6,0,molecule,formulation,baseline_inclusive,fixed,0,55.89723360768622,53.43211682226205,-0.985486886286388,107.84972053081049,1,O=P1(C(Nc2ccc(O)cc2)c2ccc(OP3(Oc4ccc(C(Nc5ccc(O)cc5)P5(=O)Oc6ccccc6-c6ccccc65)cc4)=NP(Oc4ccc(C(Nc5ccc(O)cc5)P5(=O)Oc6ccccc6-c6ccccc65)cc4)(Oc4ccc(C(Nc5ccc(O)cc5)P5(=O)Oc6ccccc6-c6ccccc65)cc4)=NP(Oc4ccc(C(Nc5ccc(O)cc5)P5(=O)Oc6ccccc6-c6ccccc65)cc4)(Oc4ccc(C(Nc5ccc(O)cc5)P5(=O)Oc6ccccc6-c6ccccc65)cc4)=N3)cc2)Oc2ccccc2-c2ccccc21,O=P1(C(Nc2ccccc2)c2ccc(OP3(Oc4ccc(C(Nc5ccccc5)P5(=O)Oc6ccccc6-c6ccccc65)cc4)=NP(Oc4ccc(C(Nc5ccccc5)P5(=O)Oc6ccccc6-c6ccccc65)cc4)(Oc4ccc(C(Nc5ccccc5)P5(=O)Oc6ccccc6-c6ccccc65)cc4)=NP(Oc4ccc(C(Nc5ccccc5)P5(=O)Oc6ccccc6-c6ccccc65)cc4)(Oc4ccc(C(Nc5ccccc5)P5(=O)Oc6ccccc6-c6ccccc65)cc4)=N3)cc2)Oc2ccccc2-c2ccccc21,,,0,O=P1(C(Nc2ccc(O)cc2)c2ccc(OP3(Oc4ccc(C(Nc5ccc(O)cc5)P5(=O)Oc6ccccc6-c6ccccc65)cc4)=NP(Oc4ccc(C(Nc5ccc(O)cc5)P5(=O)Oc6ccccc6-c6ccccc65)cc4)(Oc4ccc(C(Nc5ccc(O)cc5)P5(=O)Oc6ccccc6-c6ccccc65)cc4)=NP(Oc4ccc(C(Nc5ccc(O)cc5)P5(=O)Oc6ccccc6-c6ccccc65)cc4)(Oc4ccc(C(Nc5ccc(O)cc5)P5(=O)Oc6ccccc6-c6ccccc65)cc4)=N3)cc2)Oc2ccccc2-c2ccccc21||<NO_CO>,4.197233607686215,17.61676995749064,0.6627906976744186,0.6627906976744186,,,0.6627906976744186,0.6627906976744186,0,0,1,1,0,0,0,1,1,0,0,318,97,4,Caution,New_scaffold
THR,5,DOPO_EP_0276,DOPO,,O=P([H])(C1=C2C=CC=C1)OC3=C2C=CC=C3,,https://doi.org/10.1002/app.39709,O=[PH]1Oc2ccccc2-c2ccccc21,O=[PH]1Oc2ccccc2-c2ccccc21,60.6,8.38,0,molecule,formulation,baseline_inclusive,fixed,0,64.80308443442476,66.43028519856136,12.012681490012923,120.8478889071098,1,O=[PH]1Oc2ccccc2-c2ccccc21,O=[PH]1Oc2ccccc2-c2ccccc21,,,0,O=[PH]1Oc2ccccc2-c2ccccc21||<NO_CO>,4.20308443442476,17.665918762903704,1.0,1.0,,,1.0,1.0,1,1,1,1,0,1,1,1,1,1,1,318,97,4,In_domain,Seen_scaffold
THR,5,DOPO_EP_0282,Ti-POSS-bisDOPO,,CC(C[Si@]12O[Si@@]3(O[Si@]4(O[Si@](O1)(O[Si@]5(O[Si@@](O3)(O[Si@@](O5)(O[Ti](O4)(O2)OC(C)C)CC(C)C)CC(C)C)CC(C)C)CC(C)C)CC(C)C)CCCN(CP6(C7=C(C8=C(O6)C=CC=C8)C=CC=C7)=O)CP9(C%10=C(C%11=C(O9)C=CC=C%11)C=CC=C%10)=O)C,,https://doi.org/10.1016/j.cej.2019.06.027,CC(C)C[Si@]12O[Si@@]3(CC(C)C)O[Si@@](CC(C)C)(O1)O[Si@]1(CC(C)C)O[Si@@]4(CC(C)C)O[Ti](OC(C)C)(O2)O[Si@@](CC(C)C)(O[Si@@](CCCN(CP2(=O)Oc5ccccc5-c5ccccc52)CP2(=O)Oc5ccccc5-c5ccccc52)(O3)O4)O1,O=P1(CN(CCC[Si]23O[SiH]4O[SiH]5O[SiH]6O[SiH](O[Ti](O[SiH](O5)O4)O[SiH](O6)O2)O3)CP2(=O)Oc3ccccc3-c3ccccc32)Oc2ccccc2-c2ccccc21,94.7,0.0,1,molecule,formulation,baseline_inclusive,fixed,0,98.98997472772156,99.08878111451668,44.67117740596824,153.5063848230651,1,CC(C)C[Si@]12O[Si@@]3(CC(C)C)O[Si@@](CC(C)C)(O1)O[Si@]1(CC(C)C)O[Si@@]4(CC(C)C)O[Ti](OC(C)C)(O2)O[Si@@](CC(C)C)(O[Si@@](CCCN(CP2(=O)Oc5ccccc5-c5ccccc52)CP2(=O)Oc5ccccc5-c5ccccc52)(O3)O4)O1,O=P1(CN(CCC[Si]23O[SiH]4O[SiH]5O[SiH]6O[SiH](O[Ti](O[SiH](O5)O4)O[SiH](O6)O2)O3)CP2(=O)Oc3ccccc3-c3ccccc32)Oc2ccccc2-c2ccccc21,,,0,CC(C)C[Si@]12O[Si@@]3(CC(C)C)O[Si@@](CC(C)C)(O1)O[Si@]1(CC(C)C)O[Si@@]4(CC(C)C)O[Ti](OC(C)C)(O2)O[Si@@](CC(C)C)(O[Si@@](CCCN(CP2(=O)Oc5ccccc5-c5ccccc52)CP2(=O)Oc5ccccc5-c5ccccc52)(O3)O4)O1||<NO_CO>,4.289974727721557,18.403883164489645,0.3706896551724138,0.3706896551724138,,,0.3706896551724138,0.3706896551724138,0,0,1,1,0,0,0,1,1,0,0,318,97,4,Extrapolation,New_scaffold
THR,5,DOPO_EP_0284,Ti-POSS-bisDOPO,,CC(C[Si@]12O[Si@@]3(O[Si@]4(O[Si@](O1)(O[Si@]5(O[Si@@](O3)(O[Si@@](O5)(O[Ti](O4)(O2)OC(C)C)CC(C)C)CC(C)C)CC(C)C)CC(C)C)CC(C)C)CCCN(CP6(C7=C(C8=C(O6)C=CC=C8)C=CC=C7)=O)CP9(C%10=C(C%11=C(O9)C=CC=C%11)C=CC=C%10)=O)C,,https://doi.org/10.1016/j.cej.2019.06.027,CC(C)C[Si@]12O[Si@@]3(CC(C)C)O[Si@@](CC(C)C)(O1)O[Si@]1(CC(C)C)O[Si@@]4(CC(C)C)O[Ti](OC(C)C)(O2)O[Si@@](CC(C)C)(O[Si@@](CCCN(CP2(=O)Oc5ccccc5-c5ccccc52)CP2(=O)Oc5ccccc5-c5ccccc52)(O3)O4)O1,O=P1(CN(CCC[Si]23O[SiH]4O[SiH]5O[SiH]6O[SiH](O[Ti](O[SiH](O5)O4)O[SiH](O6)O2)O3)CP2(=O)Oc3ccccc3-c3ccccc32)Oc2ccccc2-c2ccccc21,69.4,3.0,0,molecule,formulation,baseline_inclusive,fixed,0,90.13708765710122,81.96046892024908,27.542865211700644,136.37807262879753,1,CC(C)C[Si@]12O[Si@@]3(CC(C)C)O[Si@@](CC(C)C)(O1)O[Si@]1(CC(C)C)O[Si@@]4(CC(C)C)O[Ti](OC(C)C)(O2)O[Si@@](CC(C)C)(O[Si@@](CCCN(CP2(=O)Oc5ccccc5-c5ccccc52)CP2(=O)Oc5ccccc5-c5ccccc52)(O3)O4)O1,O=P1(CN(CCC[Si]23O[SiH]4O[SiH]5O[SiH]6O[SiH](O[Ti](O[SiH](O5)O4)O[SiH](O6)O2)O3)CP2(=O)Oc3ccccc3-c3ccccc32)Oc2ccccc2-c2ccccc21,,,0,CC(C)C[Si@]12O[Si@@]3(CC(C)C)O[Si@@](CC(C)C)(O1)O[Si@]1(CC(C)C)O[Si@@]4(CC(C)C)O[Ti](OC(C)C)(O2)O[Si@@](CC(C)C)(O[Si@@](CCCN(CP2(=O)Oc5ccccc5-c5ccccc52)CP2(=O)Oc5ccccc5-c5ccccc52)(O3)O4)O1||<NO_CO>,20.737087657101213,430.0268044982995,0.3706896551724138,0.3706896551724138,,,0.3706896551724138,0.3706896551724138,0,0,1,1,0,0,0,1,1,0,0,318,97,4,Extrapolation,New_scaffold
THR,5,DOPO_EP_0296,DOPO-BAPh,,CC(C1=CC=C(O)C(CN(C2=CC=CC(OC3=CC=C(C(C#N)=C3)C#N)=C2)CP4(C5=C(C6=C(O4)C=CC=C6)C=CC=C5)=O)=C1)(C7=CC(CN(C8=CC=CC(OC9=CC=C(C(C#N)=C9)C#N)=C8)CP%10(C%11=C(C%12=C(O%10)C=CC=C%12)C=CC=C%11)=O)=C(O)C=C7)C,,https://doi.org/10.1016/j.polymdegradstab.2021.109544,CC(C)(c1ccc(O)c(CN(CP2(=O)Oc3ccccc3-c3ccccc32)c2cccc(Oc3ccc(C#N)c(C#N)c3)c2)c1)c1ccc(O)c(CN(CP2(=O)Oc3ccccc3-c3ccccc32)c2cccc(Oc3ccc(C#N)c(C#N)c3)c2)c1,O=P1(CN(Cc2cccc(Cc3cccc(CN(CP4(=O)Oc5ccccc5-c5ccccc54)c4cccc(Oc5ccccc5)c4)c3)c2)c2cccc(Oc3ccccc3)c2)Oc2ccccc2-c2ccccc21,97.1,0.0,1,molecule,formulation,baseline_inclusive,fixed,0,98.98997472772156,99.08878111451668,44.67117740596824,153.5063848230651,1,CC(C)(c1ccc(O)c(CN(CP2(=O)Oc3ccccc3-c3ccccc32)c2cccc(Oc3ccc(C#N)c(C#N)c3)c2)c1)c1ccc(O)c(CN(CP2(=O)Oc3ccccc3-c3ccccc32)c2cccc(Oc3ccc(C#N)c(C#N)c3)c2)c1,O=P1(CN(Cc2cccc(Cc3cccc(CN(CP4(=O)Oc5ccccc5-c5ccccc54)c4cccc(Oc5ccccc5)c4)c3)c2)c2cccc(Oc3ccccc3)c2)Oc2ccccc2-c2ccccc21,,,0,CC(C)(c1ccc(O)c(CN(CP2(=O)Oc3ccccc3-c3ccccc32)c2cccc(Oc3ccc(C#N)c(C#N)c3)c2)c1)c1ccc(O)c(CN(CP2(=O)Oc3ccccc3-c3ccccc32)c2cccc(Oc3ccc(C#N)c(C#N)c3)c2)c1||<NO_CO>,1.8899747277215653,3.572004471426205,0.49586776859504134,0.49586776859504134,,,0.49586776859504134,0.49586776859504134,0,0,1,1,0,0,0,1,1,0,0,318,97,4,Extrapolation,New_scaffold
THR,5,DOPO_EP_0297,DOPO-BAPh,,CC(C1=CC=C(O)C(CN(C2=CC=CC(OC3=CC=C(C(C#N)=C3)C#N)=C2)CP4(C5=C(C6=C(O4)C=CC=C6)C=CC=C5)=O)=C1)(C7=CC(CN(C8=CC=CC(OC9=CC=C(C(C#N)=C9)C#N)=C8)CP%10(C%11=C(C%12=C(O%10)C=CC=C%12)C=CC=C%11)=O)=C(O)C=C7)C,,https://doi.org/10.1016/j.polymdegradstab.2021.109544,CC(C)(c1ccc(O)c(CN(CP2(=O)Oc3ccccc3-c3ccccc32)c2cccc(Oc3ccc(C#N)c(C#N)c3)c2)c1)c1ccc(O)c(CN(CP2(=O)Oc3ccccc3-c3ccccc32)c2cccc(Oc3ccc(C#N)c(C#N)c3)c2)c1,O=P1(CN(Cc2cccc(Cc3cccc(CN(CP4(=O)Oc5ccccc5-c5ccccc54)c4cccc(Oc5ccccc5)c4)c3)c2)c2cccc(Oc3ccccc3)c2)Oc2ccccc2-c2ccccc21,96.2,3.79,0,molecule,formulation,baseline_inclusive,fixed,0,77.82631560602348,83.06498531025088,28.647381601702435,137.48258901879933,1,CC(C)(c1ccc(O)c(CN(CP2(=O)Oc3ccccc3-c3ccccc32)c2cccc(Oc3ccc(C#N)c(C#N)c3)c2)c1)c1ccc(O)c(CN(CP2(=O)Oc3ccccc3-c3ccccc32)c2cccc(Oc3ccc(C#N)c(C#N)c3)c2)c1,O=P1(CN(Cc2cccc(Cc3cccc(CN(CP4(=O)Oc5ccccc5-c5ccccc54)c4cccc(Oc5ccccc5)c4)c3)c2)c2cccc(Oc3ccccc3)c2)Oc2ccccc2-c2ccccc21,,,0,CC(C)(c1ccc(O)c(CN(CP2(=O)Oc3ccccc3-c3ccccc32)c2cccc(Oc3ccc(C#N)c(C#N)c3)c2)c1)c1ccc(O)c(CN(CP2(=O)Oc3ccccc3-c3ccccc32)c2cccc(Oc3ccc(C#N)c(C#N)c3)c2)c1||<NO_CO>,18.373684393976518,337.59227820945625,0.49586776859504134,0.49586776859504134,,,0.49586776859504134,0.49586776859504134,0,0,1,1,0,0,0,1,1,0,0,318,97,4,Extrapolation,New_scaffold
THR,5,DOPO_EP_0470,DOPO,,O=P1C2=C(C3=C(O1)C=CC=C3)C=CC=C2,,https://doi.org/10.1002/app.54680,O=[PH]1Oc2ccccc2-c2ccccc21,O=[PH]1Oc2ccccc2-c2ccccc21,103.8,5.0,0,molecule,formulation,baseline_inclusive,fixed,0,91.8326294407856,90.3894218149997,35.97181810645125,144.80702552354813,1,O=[PH]1Oc2ccccc2-c2ccccc21,O=[PH]1Oc2ccccc2-c2ccccc21,,,0,O=[PH]1Oc2ccccc2-c2ccccc21||<NO_CO>,11.967370559214402,143.21795810155163,1.0,1.0,,,1.0,1.0,1,1,1,1,0,1,1,1,1,1,1,318,97,4,In_domain,Seen_scaffold
THR,5,DOPO_EP_0458,PPABCA,,N#CC(C=C1)=CC=C1NC(P2(OC(C=CC=C3)=C3C4=C2C=CC=C4)=O)CC(P5(OC(C=CC=C6)=C6C7=C5C=CC=C7)=O)C8=CC=CC=C8,,https://doi.org/10.1016/j.jiec.2024.04.047,N#Cc1ccc(NC(CC(c2ccccc2)P2(=O)Oc3ccccc3-c3ccccc32)P2(=O)Oc3ccccc3-c3ccccc32)cc1,O=P1(C(CC(c2ccccc2)P2(=O)Oc3ccccc3-c3ccccc32)Nc2ccccc2)Oc2ccccc2-c2ccccc21,58.1,5.0,0,molecule,formulation,baseline_inclusive,fixed,0,70.9013571544437,72.7963582839033,18.37875457535486,127.21396199245174,1,N#Cc1ccc(NC(CC(c2ccccc2)P2(=O)Oc3ccccc3-c3ccccc32)P2(=O)Oc3ccccc3-c3ccccc32)cc1,O=P1(C(CC(c2ccccc2)P2(=O)Oc3ccccc3-c3ccccc32)Nc2ccccc2)Oc2ccccc2-c2ccccc21,,,0,N#Cc1ccc(NC(CC(c2ccccc2)P2(=O)Oc3ccccc3-c3ccccc32)P2(=O)Oc3ccccc3-c3ccccc32)cc1||<NO_CO>,12.8013571544437,163.8747449956269,0.5368421052631579,0.5368421052631579,,,0.5368421052631579,0.5368421052631579,0,0,1,1,0,0,0,1,1,0,0,318,97,4,Caution,New_scaffold
THR,5,DOPO_EP_0300,DOPO-BAPh,,CC(C1=CC=C(O)C(CN(C2=CC=CC(OC3=CC=C(C(C#N)=C3)C#N)=C2)CP4(C5=C(C6=C(O4)C=CC=C6)C=CC=C5)=O)=C1)(C7=CC(CN(C8=CC=CC(OC9=CC=C(C(C#N)=C9)C#N)=C8)CP%10(C%11=C(C%12=C(O%10)C=CC=C%12)C=CC=C%11)=O)=C(O)C=C7)C,,https://doi.org/10.1016/j.polymdegradstab.2021.109544,CC(C)(c1ccc(O)c(CN(CP2(=O)Oc3ccccc3-c3ccccc32)c2cccc(Oc3ccc(C#N)c(C#N)c3)c2)c1)c1ccc(O)c(CN(CP2(=O)Oc3ccccc3-c3ccccc32)c2cccc(Oc3ccc(C#N)c(C#N)c3)c2)c1,O=P1(CN(Cc2cccc(Cc3cccc(CN(CP4(=O)Oc5ccccc5-c5ccccc54)c4cccc(Oc5ccccc5)c4)c3)c2)c2cccc(Oc3ccccc3)c2)Oc2ccccc2-c2ccccc21,69.1,13.6,0,molecule,formulation,baseline_inclusive,fixed,0,59.41993012829918,68.36949412842739,13.95189041987895,122.78709783697585,1,CC(C)(c1ccc(O)c(CN(CP2(=O)Oc3ccccc3-c3ccccc32)c2cccc(Oc3ccc(C#N)c(C#N)c3)c2)c1)c1ccc(O)c(CN(CP2(=O)Oc3ccccc3-c3ccccc32)c2cccc(Oc3ccc(C#N)c(C#N)c3)c2)c1,O=P1(CN(Cc2cccc(Cc3cccc(CN(CP4(=O)Oc5ccccc5-c5ccccc54)c4cccc(Oc5ccccc5)c4)c3)c2)c2cccc(Oc3ccccc3)c2)Oc2ccccc2-c2ccccc21,,,0,CC(C)(c1ccc(O)c(CN(CP2(=O)Oc3ccccc3-c3ccccc32)c2cccc(Oc3ccc(C#N)c(C#N)c3)c2)c1)c1ccc(O)c(CN(CP2(=O)Oc3ccccc3-c3ccccc32)c2cccc(Oc3ccc(C#N)c(C#N)c3)c2)c1||<NO_CO>,9.680069871700816,93.70375272100985,0.49586776859504134,0.49586776859504134,,,0.49586776859504134,0.49586776859504134,0,0,1,1,0,0,0,1,1,0,0,318,97,4,Extrapolation,New_scaffold
THR,5,DOPO_EP_0301,POG-DOPO,,O=P(CC(O)COP(OCC1CO1)(OCC2CO2)=O)(C3=C4C=CC=C3)OC5=C4C=CC=C5,,https://doi.org/10.1016/j.polymdegradstab.2024.111016,O=P(OCC(O)CP1(=O)Oc2ccccc2-c2ccccc21)(OCC1CO1)OCC1CO1,O=P(OCCCP1(=O)Oc2ccccc2-c2ccccc21)(OCC1CO1)OCC1CO1,72.74,0.0,1,molecule,formulation,baseline_inclusive,fixed,0,98.98997472772156,99.08878111451668,44.67117740596824,153.5063848230651,1,O=P(OCC(O)CP1(=O)Oc2ccccc2-c2ccccc21)(OCC1CO1)OCC1CO1,O=P(OCCCP1(=O)Oc2ccccc2-c2ccccc21)(OCC1CO1)OCC1CO1,,,0,O=P(OCC(O)CP1(=O)Oc2ccccc2-c2ccccc21)(OCC1CO1)OCC1CO1||<NO_CO>,26.249974727721565,689.0611732060208,0.5108695652173914,0.5108695652173914,,,0.5108695652173914,0.5108695652173914,0,0,1,1,0,0,0,1,1,0,0,318,97,4,Caution,New_scaffold
THR,5,DOPO_EP_0302,POG-DOPO,,O=P(CC(O)COP(OCC1CO1)(OCC2CO2)=O)(C3=C4C=CC=C3)OC5=C4C=CC=C5,,https://doi.org/10.1016/j.polymdegradstab.2024.111016,O=P(OCC(O)CP1(=O)Oc2ccccc2-c2ccccc21)(OCC1CO1)OCC1CO1,O=P(OCCCP1(=O)Oc2ccccc2-c2ccccc21)(OCC1CO1)OCC1CO1,35.52,23.36,0,molecule,formulation,baseline_inclusive,fixed,0,55.29249371990108,49.199533152221655,-5.218070556326786,103.6171368607701,1,O=P(OCC(O)CP1(=O)Oc2ccccc2-c2ccccc21)(OCC1CO1)OCC1CO1,O=P(OCCCP1(=O)Oc2ccccc2-c2ccccc21)(OCC1CO1)OCC1CO1,,,0,O=P(OCC(O)CP1(=O)Oc2ccccc2-c2ccccc21)(OCC1CO1)OCC1CO1||<NO_CO>,19.772493719901078,390.95150790352756,0.5108695652173914,0.5108695652173914,,,0.5108695652173914,0.5108695652173914,0,0,1,1,0,0,0,1,1,0,0,318,97,4,Caution,New_scaffold
THR,5,DOPO_EP_0308,VAD,,COC1=C(O)C=CC(C(P2(C3=C(C4=C(O2)C=CC=C4)C=CC=C3)=O)NC5=NC=CC=N5)=C1,,https://doi.org/10.1002/pat.5875,COc1cc(C(Nc2ncccn2)P2(=O)Oc3ccccc3-c3ccccc32)ccc1O,O=P1(C(Nc2ncccn2)c2ccccc2)Oc2ccccc2-c2ccccc21,127.0,0.0,1,molecule,formulation,baseline_inclusive,fixed,0,98.98997472772156,99.08878111451668,44.67117740596824,153.5063848230651,1,COc1cc(C(Nc2ncccn2)P2(=O)Oc3ccccc3-c3ccccc32)ccc1O,O=P1(C(Nc2ncccn2)c2ccccc2)Oc2ccccc2-c2ccccc21,,,0,COc1cc(C(Nc2ncccn2)P2(=O)Oc3ccccc3-c3ccccc32)ccc1O||<NO_CO>,28.01002527227844,784.5615157536769,0.7078651685393258,0.7078651685393258,,,0.7078651685393258,0.7078651685393258,0,0,1,1,0,0,0,1,1,0,0,318,97,4,In_domain,New_scaffold
THR,5,DOPO_EP_0309,VAD,,COC1=C(O)C=CC(C(P2(C3=C(C4=C(O2)C=CC=C4)C=CC=C3)=O)NC5=NC=CC=N5)=C1,,https://doi.org/10.1002/pat.5875,COc1cc(C(Nc2ncccn2)P2(=O)Oc3ccccc3-c3ccccc32)ccc1O,O=P1(C(Nc2ncccn2)c2ccccc2)Oc2ccccc2-c2ccccc21,121.0,2.5,0,molecule,formulation,baseline_inclusive,fixed,0,112.28060172039474,116.59560806372562,62.17800435517718,171.01321177227408,1,COc1cc(C(Nc2ncccn2)P2(=O)Oc3ccccc3-c3ccccc32)ccc1O,O=P1(C(Nc2ncccn2)c2ccccc2)Oc2ccccc2-c2ccccc21,,,0,COc1cc(C(Nc2ncccn2)P2(=O)Oc3ccccc3-c3ccccc32)ccc1O||<NO_CO>,8.719398279605258,76.02790635838313,0.7078651685393258,0.7078651685393258,,,0.7078651685393258,0.7078651685393258,0,0,1,1,0,0,0,1,1,0,0,318,97,4,In_domain,New_scaffold
THR,5,DOPO_EP_0310,VAD,,COC1=C(O)C=CC(C(P2(C3=C(C4=C(O2)C=CC=C4)C=CC=C3)=O)NC5=NC=CC=N5)=C1,,https://doi.org/10.1002/pat.5875,COc1cc(C(Nc2ncccn2)P2(=O)Oc3ccccc3-c3ccccc32)ccc1O,O=P1(C(Nc2ncccn2)c2ccccc2)Oc2ccccc2-c2ccccc21,116.0,7.5,0,molecule,formulation,baseline_inclusive,fixed,0,93.59304785397778,94.56398096356716,40.14637725501871,148.9815846721156,1,COc1cc(C(Nc2ncccn2)P2(=O)Oc3ccccc3-c3ccccc32)ccc1O,O=P1(C(Nc2ncccn2)c2ccccc2)Oc2ccccc2-c2ccccc21,,,0,COc1cc(C(Nc2ncccn2)P2(=O)Oc3ccccc3-c3ccccc32)ccc1O||<NO_CO>,22.40695214602222,502.07150447412977,0.7078651685393258,0.7078651685393258,,,0.7078651685393258,0.7078651685393258,0,0,1,1,0,0,0,1,1,0,0,318,97,4,In_domain,New_scaffold
THR,5,DOPO_EP_0311,VAD,,COC1=C(O)C=CC(C(P2(C3=C(C4=C(O2)C=CC=C4)C=CC=C3)=O)NC5=NC=CC=N5)=C1,,https://doi.org/10.1002/pat.5875,COc1cc(C(Nc2ncccn2)P2(=O)Oc3ccccc3-c3ccccc32)ccc1O,O=P1(C(Nc2ncccn2)c2ccccc2)Oc2ccccc2-c2ccccc21,112.0,12.5,0,molecule,formulation,baseline_inclusive,fixed,0,91.48452254065552,92.10442560458068,37.68682189603224,146.5220293131291,1,COc1cc(C(Nc2ncccn2)P2(=O)Oc3ccccc3-c3ccccc32)ccc1O,O=P1(C(Nc2ncccn2)c2ccccc2)Oc2ccccc2-c2ccccc21,,,0,COc1cc(C(Nc2ncccn2)P2(=O)Oc3ccccc3-c3ccccc32)ccc1O||<NO_CO>,20.51547745934448,420.8848153848715,0.7078651685393258,0.7078651685393258,,,0.7078651685393258,0.7078651685393258,0,0,1,1,0,0,0,1,1,0,0,318,97,4,In_domain,New_scaffold
THR,5,DOPO_EP_0332,TEBA,,CC(C1=CC=C(OCC2CO2)C=C1)(C3=CC=C(OCC4CO4)C=C3)CCC(OCCN(CP5(C6=C(C7=C(O5)C=CC=C7)C=CC=C6)=O)CCOC(CCC(C8=CC=C(OCC9CO9)C=C8)(C%10=CC=C(OCC%11CO%11)C=C%10)C)=O)=O,,https://doi.org/10.1016/j.polymdegradstab.2020.109151,CC(CCC(=O)OCCN(CCOC(=O)CCC(C)(c1ccc(OCC2CO2)cc1)c1ccc(OCC2CO2)cc1)CP1(=O)Oc2ccccc2-c2ccccc21)(c1ccc(OCC2CO2)cc1)c1ccc(OCC2CO2)cc1,O=C(CCC(c1ccc(OCC2CO2)cc1)c1ccc(OCC2CO2)cc1)OCCN(CCOC(=O)CCC(c1ccc(OCC2CO2)cc1)c1ccc(OCC2CO2)cc1)CP1(=O)Oc2ccccc2-c2ccccc21,84.5,0.0,1,molecule,formulation,baseline_inclusive,fixed,0,98.98997472772156,99.08878111451668,44.67117740596824,153.5063848230651,1,CC(CCC(=O)OCCN(CCOC(=O)CCC(C)(c1ccc(OCC2CO2)cc1)c1ccc(OCC2CO2)cc1)CP1(=O)Oc2ccccc2-c2ccccc21)(c1ccc(OCC2CO2)cc1)c1ccc(OCC2CO2)cc1,O=C(CCC(c1ccc(OCC2CO2)cc1)c1ccc(OCC2CO2)cc1)OCCN(CCOC(=O)CCC(c1ccc(OCC2CO2)cc1)c1ccc(OCC2CO2)cc1)CP1(=O)Oc2ccccc2-c2ccccc21,,,0,CC(CCC(=O)OCCN(CCOC(=O)CCC(C)(c1ccc(OCC2CO2)cc1)c1ccc(OCC2CO2)cc1)CP1(=O)Oc2ccccc2-c2ccccc21)(c1ccc(OCC2CO2)cc1)c1ccc(OCC2CO2)cc1||<NO_CO>,14.48997472772156,209.95936761000948,0.4188034188034188,0.4188034188034188,,,0.4188034188034188,0.4188034188034188,0,0,1,1,0,0,0,1,1,0,0,318,97,4,Extrapolation,New_scaffold
THR,5,DOPO_EP_0333,TEBA,,CC(C1=CC=C(OCC2CO2)C=C1)(C3=CC=C(OCC4CO4)C=C3)CCC(OCCN(CP5(C6=C(C7=C(O5)C=CC=C7)C=CC=C6)=O)CCOC(CCC(C8=CC=C(OCC9CO9)C=C8)(C%10=CC=C(OCC%11CO%11)C=C%10)C)=O)=O,,https://doi.org/10.1016/j.polymdegradstab.2020.109151,CC(CCC(=O)OCCN(CCOC(=O)CCC(C)(c1ccc(OCC2CO2)cc1)c1ccc(OCC2CO2)cc1)CP1(=O)Oc2ccccc2-c2ccccc21)(c1ccc(OCC2CO2)cc1)c1ccc(OCC2CO2)cc1,O=C(CCC(c1ccc(OCC2CO2)cc1)c1ccc(OCC2CO2)cc1)OCCN(CCOC(=O)CCC(c1ccc(OCC2CO2)cc1)c1ccc(OCC2CO2)cc1)CP1(=O)Oc2ccccc2-c2ccccc21,53.1,85.9,0,molecule,formulation,baseline_inclusive,fixed,0,59.96320147043823,54.37965714773276,-0.0379465608156834,108.7972608562812,1,CC(CCC(=O)OCCN(CCOC(=O)CCC(C)(c1ccc(OCC2CO2)cc1)c1ccc(OCC2CO2)cc1)CP1(=O)Oc2ccccc2-c2ccccc21)(c1ccc(OCC2CO2)cc1)c1ccc(OCC2CO2)cc1,O=C(CCC(c1ccc(OCC2CO2)cc1)c1ccc(OCC2CO2)cc1)OCCN(CCOC(=O)CCC(c1ccc(OCC2CO2)cc1)c1ccc(OCC2CO2)cc1)CP1(=O)Oc2ccccc2-c2ccccc21,,,0,CC(CCC(=O)OCCN(CCOC(=O)CCC(C)(c1ccc(OCC2CO2)cc1)c1ccc(OCC2CO2)cc1)CP1(=O)Oc2ccccc2-c2ccccc21)(c1ccc(OCC2CO2)cc1)c1ccc(OCC2CO2)cc1||<NO_CO>,6.863201470438227,47.103534423825444,0.4188034188034188,0.4188034188034188,,,0.4188034188034188,0.4188034188034188,0,0,1,1,0,0,0,1,1,0,0,318,97,4,Extrapolation,New_scaffold
THR,5,DOPO_EP_0362,DOPO,PDMS-GE,O=P1C2=C(C3=C(O1)C=CC=C3)C=CC=C2,C[Si](CCCOCC1CO1)(O[Si](O[Si](O[Si](O[Si](O[Si](O[Si](O[Si](O[Si](O[Si](O[Si](O[Si](O[Si](O[Si](O[Si](O[Si](O[Si](O[Si](O[Si](O[Si](O[Si](O[Si](O[Si](O[Si](O[Si](O[Si](O[Si](O[Si](O[Si](O[Si](O[Si](C)(O[Si](C)(CCCOCC2CO2)C)C)(C)C)(C)C)(C)C)(C)C)(C)C)(C)C)(C)C)(C)C)(C)C)(C)C)(C)C)(C)C)(C)C)(C)C)(C)C)(C)C)(C)C)(C)C)(C)C)(C)C)(C)C)(C)C)(C)C)(C)C)(C)C)(C)C)(C)C)(C)C)(C)C)C,https://doi.org/10.1021/acsapm.5c00531,O=[PH]1Oc2ccccc2-c2ccccc21,O=[PH]1Oc2ccccc2-c2ccccc21,171.8,0.0,1,molecule,formulation,baseline_inclusive,fixed,0,98.98997472772156,99.08878111451668,44.67117740596824,153.5063848230651,0,O=[PH]1Oc2ccccc2-c2ccccc21,O=[PH]1Oc2ccccc2-c2ccccc21,C[Si](C)(CCCOCC1CO1)O[Si](C)(C)O[Si](C)(C)O[Si](C)(C)O[Si](C)(C)O[Si](C)(C)O[Si](C)(C)O[Si](C)(C)O[Si](C)(C)O[Si](C)(C)O[Si](C)(C)O[Si](C)(C)O[Si](C)(C)O[Si](C)(C)O[Si](C)(C)O[Si](C)(C)O[Si](C)(C)O[Si](C)(C)O[Si](C)(C)O[Si](C)(C)O[Si](C)(C)O[Si](C)(C)O[Si](C)(C)O[Si](C)(C)O[Si](C)(C)O[Si](C)(C)O[Si](C)(C)O[Si](C)(C)O[Si](C)(C)O[Si](C)(C)O[Si](C)(C)O[Si](C)(C)CCCOCC1CO1,C(COCC1CO1)C[SiH2]O[SiH2]O[SiH2]O[SiH2]O[SiH2]O[SiH2]O[SiH2]O[SiH2]O[SiH2]O[SiH2]O[SiH2]O[SiH2]O[SiH2]O[SiH2]O[SiH2]O[SiH2]O[SiH2]O[SiH2]O[SiH2]O[SiH2]O[SiH2]O[SiH2]O[SiH2]O[SiH2]O[SiH2]O[SiH2]O[SiH2]O[SiH2]O[SiH2]O[SiH2]O[SiH2]O[SiH2]CCCOCC1CO1,1,O=[PH]1Oc2ccccc2-c2ccccc21||C[Si](C)(CCCOCC1CO1)O[Si](C)(C)O[Si](C)(C)O[Si](C)(C)O[Si](C)(C)O[Si](C)(C)O[Si](C)(C)O[Si](C)(C)O[Si](C)(C)O[Si](C)(C)O[Si](C)(C)O[Si](C)(C)O[Si](C)(C)O[Si](C)(C)O[Si](C)(C)O[Si](C)(C)O[Si](C)(C)O[Si](C)(C)O[Si](C)(C)O[Si](C)(C)O[Si](C)(C)O[Si](C)(C)O[Si](C)(C)O[Si](C)(C)O[Si](C)(C)O[Si](C)(C)O[Si](C)(C)O[Si](C)(C)O[Si](C)(C)O[Si](C)(C)O[Si](C)(C)O[Si](C)(C)CCCOCC1CO1,72.81002527227845,5301.299780149827,1.0,1.0,0.15384615384615385,0.15384615384615385,0.15384615384615385,0.15384615384615385,1,1,0,0,0,1,1,0,0,0,0,318,97,4,Extrapolation,New_scaffold
THR,5,DOPO_EP_0363,DOPO,PDMS-GE,O=P1C2=C(C3=C(O1)C=CC=C3)C=CC=C2,C[Si](CCCOCC1CO1)(O[Si](O[Si](O[Si](O[Si](O[Si](O[Si](O[Si](O[Si](O[Si](O[Si](O[Si](O[Si](O[Si](O[Si](O[Si](O[Si](O[Si](O[Si](O[Si](O[Si](O[Si](O[Si](O[Si](O[Si](O[Si](O[Si](O[Si](O[Si](O[Si](O[Si](C)(O[Si](C)(CCCOCC2CO2)C)C)(C)C)(C)C)(C)C)(C)C)(C)C)(C)C)(C)C)(C)C)(C)C)(C)C)(C)C)(C)C)(C)C)(C)C)(C)C)(C)C)(C)C)(C)C)(C)C)(C)C)(C)C)(C)C)(C)C)(C)C)(C)C)(C)C)(C)C)(C)C)(C)C)C,https://doi.org/10.1021/acsapm.5c00531,O=[PH]1Oc2ccccc2-c2ccccc21,O=[PH]1Oc2ccccc2-c2ccccc21,89.4,5.58,0,molecule,formulation,baseline_inclusive,fixed,0,110.31247081255884,103.58437107915664,49.16676737060821,158.00197478770508,1,O=[PH]1Oc2ccccc2-c2ccccc21,O=[PH]1Oc2ccccc2-c2ccccc21,C[Si](C)(CCCOCC1CO1)O[Si](C)(C)O[Si](C)(C)O[Si](C)(C)O[Si](C)(C)O[Si](C)(C)O[Si](C)(C)O[Si](C)(C)O[Si](C)(C)O[Si](C)(C)O[Si](C)(C)O[Si](C)(C)O[Si](C)(C)O[Si](C)(C)O[Si](C)(C)O[Si](C)(C)O[Si](C)(C)O[Si](C)(C)O[Si](C)(C)O[Si](C)(C)O[Si](C)(C)O[Si](C)(C)O[Si](C)(C)O[Si](C)(C)O[Si](C)(C)O[Si](C)(C)O[Si](C)(C)O[Si](C)(C)O[Si](C)(C)O[Si](C)(C)O[Si](C)(C)O[Si](C)(C)CCCOCC1CO1,C(COCC1CO1)C[SiH2]O[SiH2]O[SiH2]O[SiH2]O[SiH2]O[SiH2]O[SiH2]O[SiH2]O[SiH2]O[SiH2]O[SiH2]O[SiH2]O[SiH2]O[SiH2]O[SiH2]O[SiH2]O[SiH2]O[SiH2]O[SiH2]O[SiH2]O[SiH2]O[SiH2]O[SiH2]O[SiH2]O[SiH2]O[SiH2]O[SiH2]O[SiH2]O[SiH2]O[SiH2]O[SiH2]O[SiH2]CCCOCC1CO1,1,O=[PH]1Oc2ccccc2-c2ccccc21||C[Si](C)(CCCOCC1CO1)O[Si](C)(C)O[Si](C)(C)O[Si](C)(C)O[Si](C)(C)O[Si](C)(C)O[Si](C)(C)O[Si](C)(C)O[Si](C)(C)O[Si](C)(C)O[Si](C)(C)O[Si](C)(C)O[Si](C)(C)O[Si](C)(C)O[Si](C)(C)O[Si](C)(C)O[Si](C)(C)O[Si](C)(C)O[Si](C)(C)O[Si](C)(C)O[Si](C)(C)O[Si](C)(C)O[Si](C)(C)O[Si](C)(C)O[Si](C)(C)O[Si](C)(C)O[Si](C)(C)O[Si](C)(C)O[Si](C)(C)O[Si](C)(C)O[Si](C)(C)O[Si](C)(C)CCCOCC1CO1,20.912470812558837,437.33143548612526,1.0,1.0,0.15384615384615385,0.15384615384615385,0.15384615384615385,0.15384615384615385,1,1,0,0,0,1,1,0,0,0,0,318,97,4,Extrapolation,New_scaffold
THR,5,DOPO_EP_0420,PCANT,,O=P1(C2=C(C3=C(O1)C=CC=C3)C=CC=C2)C(NC4=CC=C([N+]([O-])=O)C=C4)/C=C/C5=CC=CC=C5,,https://doi.org/10.1016/j.colsurfa.2023.132815,O=[N+]([O-])c1ccc(NC(/C=C/c2ccccc2)P2(=O)Oc3ccccc3-c3ccccc32)cc1,O=P1(C(/C=C/c2ccccc2)Nc2ccccc2)Oc2ccccc2-c2ccccc21,82.7,0.0,1,molecule,formulation,baseline_inclusive,fixed,0,98.98997472772156,99.08878111451668,44.67117740596824,153.5063848230651,1,O=[N+]([O-])c1ccc(NC(/C=C/c2ccccc2)P2(=O)Oc3ccccc3-c3ccccc32)cc1,O=P1(C(/C=C/c2ccccc2)Nc2ccccc2)Oc2ccccc2-c2ccccc21,,,0,O=[N+]([O-])c1ccc(NC(/C=C/c2ccccc2)P2(=O)Oc3ccccc3-c3ccccc32)cc1||<NO_CO>,16.289974727721557,265.363276629807,0.8289473684210527,0.8289473684210527,,,0.8289473684210527,0.8289473684210527,0,0,1,1,0,1,1,1,1,1,1,318,97,4,In_domain,Seen_scaffold
THR,5,DOPO_EP_0423,PCANT,,O=P1(C2=C(C3=C(O1)C=CC=C3)C=CC=C2)C(NC4=CC=C([N+]([O-])=O)C=C4)/C=C/C5=CC=CC=C5,,https://doi.org/10.1016/j.colsurfa.2023.132815,O=[N+]([O-])c1ccc(NC(/C=C/c2ccccc2)P2(=O)Oc3ccccc3-c3ccccc32)cc1,O=P1(C(/C=C/c2ccccc2)Nc2ccccc2)Oc2ccccc2-c2ccccc21,68.8,5.0,0,molecule,formulation,baseline_inclusive,fixed,0,68.61820328911485,69.25750855896246,14.839904850414015,123.6751122675109,1,O=[N+]([O-])c1ccc(NC(/C=C/c2ccccc2)P2(=O)Oc3ccccc3-c3ccccc32)cc1,O=P1(C(/C=C/c2ccccc2)Nc2ccccc2)Oc2ccccc2-c2ccccc21,,,0,O=[N+]([O-])c1ccc(NC(/C=C/c2ccccc2)P2(=O)Oc3ccccc3-c3ccccc32)cc1||<NO_CO>,0.18179671088515192,0.03305004408865952,0.8289473684210527,0.8289473684210527,,,0.8289473684210527,0.8289473684210527,0,0,1,1,0,1,1,1,1,1,1,318,97,4,In_domain,Seen_scaffold
THR,5,DOPO_EP_0426,PPCANT,,O=P1(C2=C(C3=C(O1)C=CC=C3)C=CC=C2)C(NC4=CC=C([N+]([O-])=O)C=C4)CC(P5(C6=C(C7=C(O5)C=CC=C7)C=CC=C6)=O)C8=CC=CC=C8,,https://doi.org/10.1016/j.colsurfa.2023.132815,O=[N+]([O-])c1ccc(NC(CC(c2ccccc2)P2(=O)Oc3ccccc3-c3ccccc32)P2(=O)Oc3ccccc3-c3ccccc32)cc1,O=P1(C(CC(c2ccccc2)P2(=O)Oc3ccccc3-c3ccccc32)Nc2ccccc2)Oc2ccccc2-c2ccccc21,60.4,3.0,0,molecule,formulation,baseline_inclusive,fixed,0,67.3203753220908,72.4201334787374,18.002529770188957,126.83773718728584,1,O=[N+]([O-])c1ccc(NC(CC(c2ccccc2)P2(=O)Oc3ccccc3-c3ccccc32)P2(=O)Oc3ccccc3-c3ccccc32)cc1,O=P1(C(CC(c2ccccc2)P2(=O)Oc3ccccc3-c3ccccc32)Nc2ccccc2)Oc2ccccc2-c2ccccc21,,,0,O=[N+]([O-])c1ccc(NC(CC(c2ccccc2)P2(=O)Oc3ccccc3-c3ccccc32)P2(=O)Oc3ccccc3-c3ccccc32)cc1||<NO_CO>,6.920375322090798,47.89159459860332,0.46808510638297873,0.46808510638297873,,,0.46808510638297873,0.46808510638297873,0,0,1,1,0,0,0,1,1,0,0,318,97,4,Extrapolation,New_scaffold
