Overall_rank,Formulation_ID,Candidate_ID,Candidate_Name,Source_Type,Design_Family,Synthesis_Level,synthesis_feasible,candidate_feasible,smiles_valid,contains_DOPO,is_unique,candidate_status,Record_ID,FR_main,FR_co,Curing_Agent,Preparation_Method,Preparation_Method_num,Synergy_flag(single=0&synergy=1),Synergy_type,Main_FR_fraction,Co_FR_fraction,SMILES_main,SMILES_co,SMILES_Curing_Agent,Loading_total_FR wt%,P_content wt%,N_content wt%,S_content wt%,B_content wt%,Si_content wt%,N/P ratio,S/P ratio,B/P ratio,Si/P ratio,Has_P,Has_N,Has_S,Has_B,Has_Si,CuringAgent_Has_N,CuringAgent_Has_S,CuringAgent_Has_P,CuringAgent_Has_B,CuringAgent_Has_F,CuringAgent_Has_Cl,Cure_Temp_Max,LOI_Thickness_mm,LOI,EP_matrix_LOI,Delta_LOI,UL94_Thickness_mm,UL94,UL94_num,Cone_Thickness_mm,Cone_flux_kW_m2,PHRR_kw_㎡,EP_matrix_PHRR,Delta_PHRR,THR_MJ_㎡,EP_matrix_THR,Delta_THR,Tg_℃,EP_matrix_Tg,Delta_Tg,Char_yield_％_700C,EP_matrix_CY,Delta_CY,TS_MPa,EP_matrix_TS,Delta_TS,FS_MPa,EP_matrix_FS,Delta_FS,FR_main_BDE_Kcal/mol,FR_main_BDE_KJ/mol,BDE_Type,Reference,pred_Canonical_SMILES,pred_Bond_Type,pred_selected_model_task,pred_selected_model_name,pred_selected_target_mode,pred_selected_k_best,pred_BDE_pred_kJ_mol,pred_BDE_pred_std_kJ_mol,pred_confidence_note,pred_prediction_agreement_note,pred_pcpn_alltypes_abs_diff_kJ_mol,pred_BDE_pred_pc_pn_kJ_mol,pred_BDE_pred_pc_pn_std_kJ_mol,pred_BDE_model_pc_pn,pred_BDE_target_mode_pc_pn,pred_BDE_k_best_pc_pn,FR_main_BDE_pred_kJ_mol,FR_main_BDE_pred_std_kJ_mol,FR_main_BDE_model_task,FR_main_BDE_model_name,FR_main_BDE_target_mode,FR_main_BDE_k_best,FR_main_BDE_confidence_note,FR_main_BDE_prediction_agreement_note,FR_main_BDE_pcpn_alltypes_diff_kJ_mol,FR_main_BDE_pc_pn_pred_kJ_mol,FR_main_BDE_pc_pn_pred_std_kJ_mol,FR_main_BDE_final_kJ_mol,FR_main_BDE_available,FR_main_BDE_source,FR_main_BDE_low_confidence,LOI_pred,LOI_PI_lower,LOI_PI_upper,LOI_PI_width,LOI_within_training_1_99pct,LOI_model,LOI_view,LOI_K,PHRR_pred,PHRR_PI_lower,PHRR_PI_upper,PHRR_PI_width,PHRR_within_training_1_99pct,PHRR_model,PHRR_view,PHRR_K,THR_pred,THR_PI_lower,THR_PI_upper,THR_PI_width,THR_within_training_1_99pct,THR_model,THR_view,THR_K,V0_probability,UL94_V0_predicted_class,UL94_uncertainty,UL94_V0_model,UL94_V0_view,UL94_V0_K,Tg_pred,Tg_PI_lower,Tg_PI_upper,Tg_PI_width,Tg_within_training_1_99pct,Tg_model,Tg_view,Tg_K,TS_pred,TS_MPa_PI_lower,TS_MPa_PI_upper,TS_MPa_PI_width,TS_MPa_within_training_1_99pct,TS_MPa_model,TS_MPa_view,TS_MPa_K,candidate_original_index,Candidate_SMILES_valid,Candidate_Canonical_SMILES,Candidate_Murcko_scaffold,Max_Tanimoto_to_training,Scaffold_seen_in_training,Applicability_domain,AD_reason,Nearest_1_name,Nearest_1_SMILES,Nearest_1_Tanimoto,Nearest_2_name,Nearest_2_SMILES,Nearest_2_Tanimoto,Nearest_3_name,Nearest_3_SMILES,Nearest_3_Tanimoto,max_similarity,in_domain,uncertainty,PC1,PC2,eligible_structure,eligible_ad,eligible_target_range,eligible_for_pareto,Normalized_LOI_pred,Normalized_V0_probability,Normalized_PHRR_pred,Normalized_THR_pred,Normalized_Tg_pred,Normalized_TS_pred,Performance_score,Uncertainty_penalty,AD_penalty,Loading_penalty,Final_ranking_score,Pareto_rank,Pareto_front,pareto_flag,Candidate_rank,Pareto_candidate_rank
1,FORM_000155,CAND_R2_050,PBD-trimethoxysilyl,designed,P-N-Si,B,True,True,True,True,True,Candidate,,PBD-trimethoxysilyl,,DDS,DOPO-based (Additive + Secondary Crosslinking),3,1,P-N-Si,100.00%,0.00%,CO[Si](OC)(OC)c1cc(Oc2cccc(NC(c3ccc(C(Nc4cccc(Oc5ccc(C#N)c(C#N)c5)c4)P4(=O)Oc5ccccc5-c5ccccc54)cc3)P3(=O)Oc4ccccc4-c4ccccc43)c2)cc(C#N)c1C#N,,NC1=CC=C(C=C1)S(=O)(=O)C1=CC=C(N)C=C1,5.29,0.2922992914279189,0.3965489935136754,0.0,0.0,0.1325227271105528,1.3566539678439982,0.0,0.0,0.4533802544069218,1,1,0,0,1,1,1,0,0,0,0,250.0,4.0,,22.4,,3.0,,,4.0,50.0,,867.99,,,114.145,,,180.0,,,16.9,,,52.14,,,95.65,,,,,Virtual screening scenario,,,,,,,,,,,,,,,,,,,,,,,,,,,,,,,,40.97117588372499,34.56476309122185,47.37758867622813,12.812825585006273,True,GBDT,compact,260,410.71306843213085,-119.49318776420898,940.9193246284707,1060.4125123926797,True,GBDT,compact,330,82.10933390799406,51.58458081984122,112.63408699614689,61.04950617630567,True,GBDT,descriptors,30,0.7049026427957041,1,0.8320596279013444,ExtraTrees,morgan_r3,ALL,189.3537139892578,162.1573028564453,216.5501251220703,54.392822265625,True,XGB,morgan_r3,270,58.78204632726667,34.6831306439182,82.88096201061515,48.197831366696946,True,GBDT,compact,140,153,True,CO[Si](OC)(OC)c1cc(Oc2cccc(NC(c3ccc(C(Nc4cccc(Oc5ccc(C#N)c(C#N)c5)c4)P4(=O)Oc5ccccc5-c5ccccc54)cc3)P3(=O)Oc4ccccc4-c4ccccc43)c2)cc(C#N)c1C#N,O=P1(C(Nc2cccc(Oc3ccccc3)c2)c2ccc(C(Nc3cccc(Oc4ccccc4)c3)P3(=O)Oc4ccccc4-c4ccccc43)cc2)Oc2ccccc2-c2ccccc21,0.7830188679245284,True,In_domain,Maximum Tanimoto >= 0.70.,PBD,N#Cc1ccc(Oc2cccc(NC(c3ccc(C(Nc4cccc(Oc5ccc(C#N)c(C#N)c5)c4)P4(=O)Oc5ccccc5-c5ccccc54)cc3)P3(=O)Oc4ccccc4-c4ccccc43)c2)cc1C#N,0.7830188679245284,APN-DOPO,N#Cc1ccc(Oc2cccc(NCP3(=O)Oc4ccccc4-c4ccccc43)c2)cc1C#N,0.4603174603174603,DOPO-DDE,O=P1(C(Nc2ccc(Oc3ccc(NC(c4ccc(O)cc4)P4(=O)Oc5ccccc5-c5ccccc54)cc3)cc2)c2ccc(O)cc2)Oc2ccccc2-c2ccccc21,0.4344262295081967,0.7830188679245284,True,0.9720099379835574,2.9048863918424046,4.51327755797836,True,True,True,True,1.0,1.0,1.0,0.17493876960397658,1.0,0.03413374913763355,0.7384011288345587,0.4166666666666667,0.0,0.0,0.6759011288345587,1.0,True,True,1,1
2,FORM_000039,CAND_013,TDCA-DOPO-3-boronic-acid,designed,P-B,B,True,True,True,True,True,Candidate,,TDCA-DOPO-3-boronic-acid,,DDM,DOPO-based (additive),0,1,P-B,100.00%,0.00%,O=P(Oc1ccccc1)(Oc1ccccc1)OC(c1ccc(C(OP(=O)(Oc2ccccc2)Oc2ccccc2)P2(=O)Oc3ccc(B(O)O)cc3-c3ccccc32)cc1)P1(=O)Oc2ccccc2-c2ccccc21,,NC1=CC=C(CC2=CC=C(N)C=C2)C=C1,10.0,1.1528920005880956,0.0,0.0,0.1006091262862279,0.0,0.0,0.0,0.0872667398463227,0.0,1,0,0,1,0,1,0,0,0,0,0,160.0,3.2,,24.8,,3.2,,,3.0,50.0,,1184.0,,,87.2,,,159.0,,,17.0,,,62.6,,,97.55,,,,,Virtual screening scenario,,,,,,,,,,,,,,,,,,,,,,,,,,,,,,,,35.37660251830155,28.970189725798416,41.783015310804686,12.812825585006273,True,GBDT,compact,260,529.1341567742487,-1.072099422091128,1059.3404129705887,1060.4125123926797,True,GBDT,compact,330,56.36508770111311,25.840334612960277,86.88984078926595,61.04950617630567,True,GBDT,descriptors,30,0.6770938267851677,1,0.8745511060583401,ExtraTrees,morgan_r3,ALL,154.2672119140625,127.07080078125,181.463623046875,54.392822265625,True,XGB,morgan_r3,270,73.17728012580106,49.07836444245259,97.27619580914953,48.197831366696946,True,GBDT,compact,140,36,True,O=P(Oc1ccccc1)(Oc1ccccc1)OC(c1ccc(C(OP(=O)(Oc2ccccc2)Oc2ccccc2)P2(=O)Oc3ccc(B(O)O)cc3-c3ccccc32)cc1)P1(=O)Oc2ccccc2-c2ccccc21,O=P(Oc1ccccc1)(Oc1ccccc1)OC(c1ccc(C(OP(=O)(Oc2ccccc2)Oc2ccccc2)P2(=O)Oc3ccccc3-c3ccccc32)cc1)P1(=O)Oc2ccccc2-c2ccccc21,0.7738095238095238,True,In_domain,Maximum Tanimoto >= 0.70.,TDCA-DOPO-3,O=P(Oc1ccccc1)(Oc1ccccc1)OC(c1ccc(C(OP(=O)(Oc2ccccc2)Oc2ccccc2)P2(=O)Oc3ccccc3-c3ccccc32)cc1)P1(=O)Oc2ccccc2-c2ccccc21,0.7738095238095238,TDCA-DOPO-2,O=P(OC(c1ccc(C(OP(=O)(c2ccccc2)c2ccccc2)P2(=O)Oc3ccccc3-c3ccccc32)cc1)P1(=O)Oc2ccccc2-c2ccccc21)(c1ccccc1)c1ccccc1,0.5263157894736842,TDCA-DOPO-1,O=P1(C(OP(c2ccccc2)c2ccccc2)c2ccc(C(OP(c3ccccc3)c3ccccc3)P3(=O)Oc4ccccc4-c4ccccc43)cc2)Oc2ccccc2-c2ccccc21,0.43564356435643564,0.7738095238095238,True,0.9790918510097234,1.2847597440402858,-1.2994509291453071,True,True,True,True,0.5456115223678586,0.8502164793305773,0.8573374728467662,1.0,0.10663395360965311,0.8146273987238749,0.7427592301423933,0.4534434121024323,0.0,0.0,0.6747427183270285,1.0,True,True,2,2
3,FORM_000696,CAND_R2_239,PAD-NH-methyl,designed,P-N-S,B,True,True,True,True,True,Candidate,,PAD-NH-methyl,,DDM,DOPO-based (additive),0,1,P-N-S,100.00%,0.00%,CN(c1nc2ccccc2s1)C(c1ccc(OP(=O)(Oc2ccc(C(Nc3nc4ccccc4s3)P3(=O)Oc4ccccc4-c4ccccc43)cc2)c2ccccc2)cc1)P1(=O)Oc2ccccc2-c2ccccc21,,NC1=CC=C(CC2=CC=C(N)C=C2)C=C1,10.0,0.8627294419118533,0.5201890313535795,0.5954487637757991,0.0,0.0,0.602957319041777,0.6901917737457223,0.0,0.0,1,1,1,0,0,1,0,0,0,0,0,160.0,3.2,,24.8,,3.2,,,3.0,50.0,,1184.0,,,87.2,,,159.0,,,17.0,,,62.6,,,97.55,,,,,Virtual screening scenario,,,,,,,,,,,,,,,,,,,,,,,,,,,,,,,,36.46826425467697,30.06185146217383,42.8746770471801,12.812825585006273,True,GBDT,compact,260,655.5064146150808,125.30015841874092,1185.7126708114206,1060.4125123926797,True,GBDT,compact,330,62.83238791698062,32.30763482882779,93.35714100513346,61.04950617630567,True,GBDT,descriptors,30,0.6951596739362742,1,0.8476508066763485,ExtraTrees,morgan_r3,ALL,149.62960815429688,122.43319702148438,176.82601928710938,54.392822265625,True,XGB,morgan_r3,270,73.96395434983013,49.86503866648166,98.0628700331786,48.197831366696946,True,GBDT,compact,140,693,True,CN(c1nc2ccccc2s1)C(c1ccc(OP(=O)(Oc2ccc(C(Nc3nc4ccccc4s3)P3(=O)Oc4ccccc4-c4ccccc43)cc2)c2ccccc2)cc1)P1(=O)Oc2ccccc2-c2ccccc21,O=P(Oc1ccc(C(Nc2nc3ccccc3s2)P2(=O)Oc3ccccc3-c3ccccc32)cc1)(Oc1ccc(C(Nc2nc3ccccc3s2)P2(=O)Oc3ccccc3-c3ccccc32)cc1)c1ccccc1,0.7964601769911505,True,In_domain,Maximum Tanimoto >= 0.70.,PAD,O=P(Oc1ccc(C(Nc2nc3ccccc3s2)P2(=O)Oc3ccccc3-c3ccccc32)cc1)(Oc1ccc(C(Nc2nc3ccccc3s2)P2(=O)Oc3ccccc3-c3ccccc32)cc1)c1ccccc1,0.7964601769911505,BPD,O=P1(C(Nc2nc3ccccc3s2)c2ccc(C(Nc3nc4ccccc4s3)P3(=O)Oc4ccccc4-c4ccccc43)cc2)Oc2ccccc2-c2ccccc21,0.6052631578947368,D-P-A,O=P1(C(Nc2nc3ccccc3s2)c2ccc(O)cc2)Oc2ccccc2-c2ccccc21,0.575,0.7964601769911505,True,0.9746084677793915,3.444278271387661,-2.3131507643743334,True,True,True,True,0.6668302142470333,0.9775935010767463,0.6032626677087161,0.9775511398806767,0.0,0.8572800047698,0.7307755050596144,0.42243303952520955,0.0,0.0,0.667410549130833,1.0,True,True,3,3
4,FORM_000906,CAND_R2_319,BDO-hydroxymethyl,designed,P-N-S,B,True,True,True,True,True,Candidate,,BDO-hydroxymethyl,,DDM,DOPO-based (additive),0,1,P-N-S,100.00%,0.00%,O=P1(CC(Nc2n[nH]c(NC(c3cccs3)P3(=O)Oc4ccccc4-c4ccccc43)n2)c2ccc(CO)s2)Oc2ccccc2-c2ccccc21,,NC1=CC=C(CC2=CC=C(N)C=C2)C=C1,10.0,0.8110733747240688,0.9169549266933584,0.8396942567081007,0.0,0.0,1.130544973203332,1.0352876606185832,0.0,0.0,1,1,1,0,0,1,0,0,0,0,0,160.0,3.2,,24.8,,3.2,,,3.0,50.0,,1184.0,,,87.2,,,159.0,,,17.0,,,62.6,,,97.55,,,,,Virtual screening scenario,,,,,,,,,,,,,,,,,,,,,,,,,,,,,,,,36.20209726428117,29.795684471778035,42.60851005678431,12.812825585006273,True,GBDT,compact,260,704.4363270068565,174.23007081051662,1234.6425832031964,1060.4125123926797,True,GBDT,compact,330,62.60127152046142,32.07651843230858,93.12602460861424,61.04950617630567,True,GBDT,descriptors,30,0.6973270039455787,1,0.8442482140554464,ExtraTrees,morgan_r3,ALL,148.4613800048828,121.26496887207031,175.6577911376953,54.392822265625,True,XGB,morgan_r3,270,79.75068252585251,55.65176684250404,103.84959820920099,48.197831366696946,True,GBDT,compact,140,903,True,O=P1(CC(Nc2n[nH]c(NC(c3cccs3)P3(=O)Oc4ccccc4-c4ccccc43)n2)c2ccc(CO)s2)Oc2ccccc2-c2ccccc21,O=P1(CC(Nc2n[nH]c(NC(c3cccs3)P3(=O)Oc4ccccc4-c4ccccc43)n2)c2cccs2)Oc2ccccc2-c2ccccc21,0.8269230769230769,True,In_domain,Maximum Tanimoto >= 0.70.,BDO,O=P1(CC(Nc2n[nH]c(NC(c3cccs3)P3(=O)Oc4ccccc4-c4ccccc43)n2)c2cccs2)Oc2ccccc2-c2ccccc21,0.8269230769230769,SAD,O=P1(C(Nc2nc[nH]n2)c2cccs2)Oc2ccccc2-c2ccccc21,0.504424778761062,TBO,O=P1(C(Nc2n[nH]c(NC(c3ccccc3O)P3(=O)Oc4ccccc4-c4ccccc43)n2)c2ccccc2O)Oc2ccccc2-c2ccccc21,0.4745762711864407,0.8269230769230769,True,0.9740413690092411,0.23529143472897746,-1.2410400442099108,True,True,True,True,0.6372748920056208,0.9928747131570439,0.5048877698571606,0.9871738715574975,0.0,1.0,0.7244422493154646,0.41851056775624024,0.0,0.0,0.6616656641520287,1.0,True,True,4,4
5,FORM_000525,CAND_R2_180,DSD-trimethoxysilyl,designed,P-N-Si-S,B,True,True,True,True,True,Candidate,,DSD-trimethoxysilyl,,DDS,DOPO-based (Additive + Secondary Crosslinking),3,1,P-N-Si-S,100.00%,0.00%,CO[Si](OC)(OC)c1ccc(C(Nc2ccc(S(=O)(=O)c3ccc(NC(c4ccccc4O)P4(=O)Oc5ccccc5-c5ccccc54)cc3)cc2)P2(=O)Oc3ccccc3-c3ccccc32)c(O)c1,,NC1=CC=C(C=C1)S(=O)(=O)C1=CC=C(N)C=C1,10.0,0.6139209458354599,0.2776260957034056,0.3177923899093705,0.0,0.2783396346086189,0.4522179892813327,0.5176438303092915,0.0,0.4533802544069218,1,1,1,0,1,1,1,0,0,0,0,250.0,4.0,,22.4,,3.0,,,4.0,50.0,,867.99,,,114.145,,,180.0,,,16.9,,,52.14,,,95.65,,,,,Virtual screening scenario,,,,,,,,,,,,,,,,,,,,,,,,,,,,,,,,42.05055917160601,35.64414637910288,48.456971964109144,12.812825585006273,True,GBDT,compact,260,346.95938273403704,-183.2468734623028,877.1656389303769,1060.4125123926797,True,GBDT,compact,330,75.26130141230877,44.73654832415593,105.7860545004616,61.04950617630567,True,GBDT,descriptors,30,0.6589707464847055,1,0.898913207048382,ExtraTrees,morgan_r3,ALL,179.99021911621094,152.79380798339844,207.18663024902344,54.392822265625,True,XGB,morgan_r3,270,59.66455287043811,35.565637187089635,83.76346855378658,48.197831366696946,True,GBDT,compact,140,522,True,CO[Si](OC)(OC)c1ccc(C(Nc2ccc(S(=O)(=O)c3ccc(NC(c4ccccc4O)P4(=O)Oc5ccccc5-c5ccccc54)cc3)cc2)P2(=O)Oc3ccccc3-c3ccccc32)c(O)c1,O=P1(C(Nc2ccc(S(=O)(=O)c3ccc(NC(c4ccccc4)P4(=O)Oc5ccccc5-c5ccccc54)cc3)cc2)c2ccccc2)Oc2ccccc2-c2ccccc21,0.7692307692307693,True,In_domain,Maximum Tanimoto >= 0.70.,DSD,O=P1(C(Nc2ccc(S(=O)(=O)c3ccc(NC(c4ccccc4O)P4(=O)Oc5ccccc5-c5ccccc54)cc3)cc2)c2ccccc2O)Oc2ccccc2-c2ccccc21,0.7692307692307693,DOPO-DDS,O=P1(C(Nc2ccc(S(=O)(=O)c3ccc(NC(c4ccc(O)cc4)P4(=O)Oc5ccccc5-c5ccccc54)cc3)cc2)c2ccc(O)cc2)Oc2ccccc2-c2ccccc21,0.5480769230769231,TBO,O=P1(C(Nc2n[nH]c(NC(c3ccccc3O)P3(=O)Oc4ccccc4-c4ccccc43)n2)c2ccccc2O)Oc2ccccc2-c2ccccc21,0.5,0.7692307692307693,True,0.9831522011747303,2.302173952857301,-0.9390837947485136,True,True,True,True,1.0,0.7224359233327842,1.0,0.46006254365283883,0.8260692735541906,0.08198227749802327,0.7273048485023461,0.48152777717722706,0.0,0.0,0.655075681925762,1.0,True,True,5,5
6,FORM_000207,CAND_R2_067,PBD-NH-methyl,designed,P-N,B,True,True,True,True,True,Candidate,,PBD-NH-methyl,,DDM,DOPO-based (additive),0,1,P-N,100.00%,0.00%,CN(c1cccc(Oc2ccc(C#N)c(C#N)c2)c1)C(c1ccc(C(Nc2cccc(Oc3ccc(C#N)c(C#N)c3)c2)P2(=O)Oc3ccccc3-c3ccccc32)cc1)P1(=O)Oc2ccccc2-c2ccccc21,,NC1=CC=C(CC2=CC=C(N)C=C2)C=C1,10.0,0.6103401561614816,0.8280203945909996,0.0,0.0,0.0,1.3566539678439984,0.0,0.0,0.0,1,1,0,0,0,1,0,0,0,0,0,160.0,3.2,,24.8,,3.2,,,3.0,50.0,,1184.0,,,87.2,,,159.0,,,17.0,,,62.6,,,97.55,,,,,Virtual screening scenario,,,,,,,,,,,,,,,,,,,,,,,,,,,,,,,,36.470004429126845,30.06359163662371,42.87641722162998,12.812825585006273,True,GBDT,compact,260,693.1509104832903,162.94465428695048,1223.3571666796302,1060.4125123926797,True,GBDT,compact,330,63.667071678176974,33.14231859002414,94.1918247663298,61.04950617630567,True,GBDT,descriptors,30,0.7013555930981786,1,0.8378237005123229,ExtraTrees,morgan_r3,ALL,157.31639099121094,130.11997985839844,184.51280212402344,54.392822265625,True,XGB,morgan_r3,270,70.99713664198195,46.89822095863348,95.09605232533042,48.197831366696946,True,GBDT,compact,140,204,True,CN(c1cccc(Oc2ccc(C#N)c(C#N)c2)c1)C(c1ccc(C(Nc2cccc(Oc3ccc(C#N)c(C#N)c3)c2)P2(=O)Oc3ccccc3-c3ccccc32)cc1)P1(=O)Oc2ccccc2-c2ccccc21,O=P1(C(Nc2cccc(Oc3ccccc3)c2)c2ccc(C(Nc3cccc(Oc4ccccc4)c3)P3(=O)Oc4ccccc4-c4ccccc43)cc2)Oc2ccccc2-c2ccccc21,0.7685185185185185,True,In_domain,Maximum Tanimoto >= 0.70.,PBD,N#Cc1ccc(Oc2cccc(NC(c3ccc(C(Nc4cccc(Oc5ccc(C#N)c(C#N)c5)c4)P4(=O)Oc5ccccc5-c5ccccc54)cc3)P3(=O)Oc4ccccc4-c4ccccc43)c2)cc1C#N,0.7685185185185185,APN-DOPO,N#Cc1ccc(Oc2cccc(NCP3(=O)Oc4ccccc4-c4ccccc43)c2)cc1C#N,0.453125,DOPO-DDE,O=P1(C(Nc2ccc(Oc3ccc(NC(c4ccc(O)cc4)P4(=O)Oc5ccccc5-c5ccccc54)cc3)cc2)c2ccc(O)cc2)Oc2ccccc2-c2ccccc21,0.4274193548387097,0.7685185185185185,True,0.9729706167520539,2.8485813644088496,4.070006411342797,True,True,True,True,0.6670234441308214,1.0,0.5275774016886838,0.9427983573435682,0.19191508375501398,0.6964224311546173,0.7163135921235779,0.4166666666666667,0.0,0.0,0.6538135921235779,1.0,True,True,6,6
7,FORM_000660,CAND_R2_227,PAD-carboxamide,designed,P-N-S,B,True,True,True,True,True,Candidate,,PAD-carboxamide,,DDM,DOPO-based (additive),0,1,P-N-S,100.00%,0.00%,NC(=O)c1ccc2nc(NC(c3ccc(OP(=O)(Oc4ccc(C(Nc5nc6ccccc6s5)P5(=O)Oc6ccccc6-c6ccccc65)cc4)c4ccccc4)cc3)P3(=O)Oc4ccccc4-c4ccccc43)sc2c1,,NC1=CC=C(CC2=CC=C(N)C=C2)C=C1,10.0,0.8401110962436305,0.6331889178603846,0.5798377676598544,0.0,0.0,0.7536966488022212,0.6901917737457222,0.0,0.0,1,1,1,0,0,1,0,0,0,0,0,160.0,3.2,,24.8,,3.2,,,3.0,50.0,,1184.0,,,87.2,,,159.0,,,17.0,,,62.6,,,97.55,,,,,Virtual screening scenario,,,,,,,,,,,,,,,,,,,,,,,,,,,,,,,,35.90150905608841,29.49509626358527,42.30792184859155,12.812825585006273,True,GBDT,compact,260,703.7197998398619,173.5135436435221,1233.9260560362018,1060.4125123926797,True,GBDT,compact,330,62.83238791698062,32.30763482882779,93.35714100513346,61.04950617630567,True,GBDT,descriptors,30,0.699289821136094,1,0.8411342687661747,ExtraTrees,morgan_r3,ALL,149.9962158203125,122.7998046875,177.192626953125,54.392822265625,True,XGB,morgan_r3,270,75.09621393042606,50.99729824707759,99.19512961377453,48.197831366696946,True,GBDT,compact,140,657,True,NC(=O)c1ccc2nc(NC(c3ccc(OP(=O)(Oc4ccc(C(Nc5nc6ccccc6s5)P5(=O)Oc6ccccc6-c6ccccc65)cc4)c4ccccc4)cc3)P3(=O)Oc4ccccc4-c4ccccc43)sc2c1,O=P(Oc1ccc(C(Nc2nc3ccccc3s2)P2(=O)Oc3ccccc3-c3ccccc32)cc1)(Oc1ccc(C(Nc2nc3ccccc3s2)P2(=O)Oc3ccccc3-c3ccccc32)cc1)c1ccccc1,0.8181818181818182,True,In_domain,Maximum Tanimoto >= 0.70.,PAD,O=P(Oc1ccc(C(Nc2nc3ccccc3s2)P2(=O)Oc3ccccc3-c3ccccc32)cc1)(Oc1ccc(C(Nc2nc3ccccc3s2)P2(=O)Oc3ccccc3-c3ccccc32)cc1)c1ccccc1,0.8181818181818182,BPD,O=P1(C(Nc2nc3ccccc3s2)c2ccc(C(Nc3nc4ccccc4s3)P3(=O)Oc4ccccc4-c4ccccc43)cc2)Oc2ccccc2-c2ccccc21,0.6216216216216216,D-P-A,O=P1(C(Nc2nc3ccccc3s2)c2ccc(O)cc2)Oc2ccccc2-c2ccccc21,0.603448275862069,0.8181818181818182,True,0.9735223781276958,3.36179667737493,-2.2202997415272674,True,True,True,True,0.6038974196830941,1.0,0.5063283668951557,0.9775511398806767,0.0,0.9186698664911342,0.7094223719408987,0.4166666666666667,0.0,0.0,0.6469223719408987,1.0,True,True,7,7
8,FORM_000528,CAND_R2_181,DSD-triethoxysilyl,designed,P-N-Si-S,B,True,True,True,True,True,Candidate,,DSD-triethoxysilyl,,DDS,DOPO-based (Additive + Secondary Crosslinking),3,1,P-N-Si-S,100.00%,0.00%,CCO[Si](OCC)(OCC)c1ccc(C(Nc2ccc(S(=O)(=O)c3ccc(NC(c4ccccc4O)P4(=O)Oc5ccccc5-c5ccccc54)cc3)cc2)P2(=O)Oc3ccccc3-c3ccccc32)c(O)c1,,NC1=CC=C(C=C1)S(=O)(=O)C1=CC=C(N)C=C1,10.0,0.5893433390160738,0.2665116597661957,0.3050699433755479,0.0,0.2671966329761324,0.4522179892813326,0.5176438303092917,0.0,0.453380254406922,1,1,1,0,1,1,1,0,0,0,0,250.0,4.0,,22.4,,3.0,,,4.0,50.0,,867.99,,,114.145,,,180.0,,,16.9,,,52.14,,,95.65,,,,,Virtual screening scenario,,,,,,,,,,,,,,,,,,,,,,,,,,,,,,,,42.05055917160601,35.64414637910288,48.456971964109144,12.812825585006273,True,GBDT,compact,260,367.9117228198456,-162.29453337649426,898.1179790161855,1060.4125123926797,True,GBDT,compact,330,76.97251016204966,46.447757073896824,107.4972632502025,61.04950617630567,True,GBDT,descriptors,30,0.6616573814112392,1,0.8954675641410446,ExtraTrees,morgan_r3,ALL,180.21888732910156,153.02247619628906,207.41529846191406,54.392822265625,True,XGB,morgan_r3,270,59.66455287043811,35.565637187089635,83.76346855378658,48.197831366696946,True,GBDT,compact,140,525,True,CCO[Si](OCC)(OCC)c1ccc(C(Nc2ccc(S(=O)(=O)c3ccc(NC(c4ccccc4O)P4(=O)Oc5ccccc5-c5ccccc54)cc3)cc2)P2(=O)Oc3ccccc3-c3ccccc32)c(O)c1,O=P1(C(Nc2ccc(S(=O)(=O)c3ccc(NC(c4ccccc4)P4(=O)Oc5ccccc5-c5ccccc54)cc3)cc2)c2ccccc2)Oc2ccccc2-c2ccccc21,0.7368421052631579,True,In_domain,Maximum Tanimoto >= 0.70.,DSD,O=P1(C(Nc2ccc(S(=O)(=O)c3ccc(NC(c4ccccc4O)P4(=O)Oc5ccccc5-c5ccccc54)cc3)cc2)c2ccccc2O)Oc2ccccc2-c2ccccc21,0.7368421052631579,DOPO-DDS,O=P1(C(Nc2ccc(S(=O)(=O)c3ccc(NC(c4ccc(O)cc4)P4(=O)Oc5ccccc5-c5ccccc54)cc3)cc2)c2ccc(O)cc2)Oc2ccccc2-c2ccccc21,0.5277777777777778,TBO,O=P1(C(Nc2n[nH]c(NC(c3ccccc3O)P3(=O)Oc4ccccc4-c4ccccc43)n2)c2ccccc2O)Oc2ccccc2-c2ccccc21,0.4824561403508772,0.7368421052631579,True,0.9825779273568408,2.0093798822254447,-1.0195975580034229,True,True,True,True,1.0,0.7413786029978301,1.0,0.38881488277813203,0.8324647928497872,0.08198227749802327,0.7174834041899735,0.4775556775062424,0.0,0.0,0.6458500525640372,1.0,True,True,8,8
9,FORM_000657,CAND_R2_226,PAD-hydroxymethyl,designed,P-N-S,B,True,True,True,True,True,Candidate,,PAD-hydroxymethyl,,DDM,DOPO-based (additive),0,1,P-N-S,100.00%,0.00%,O=P(Oc1ccc(C(Nc2nc3ccccc3s2)P2(=O)Oc3ccccc3-c3ccccc32)cc1)(Oc1ccc(C(Nc2nc3ccc(CO)cc3s2)P2(=O)Oc3ccccc3-c3ccccc32)cc1)c1ccccc1,,NC1=CC=C(CC2=CC=C(N)C=C2)C=C1,10.0,0.8501018691409234,0.5125751439296147,0.5867333169269277,0.0,0.0,0.602957319041777,0.690191773745722,0.0,0.0,1,1,1,0,0,1,0,0,0,0,0,160.0,3.2,,24.8,,3.2,,,3.0,50.0,,1184.0,,,87.2,,,159.0,,,17.0,,,62.6,,,97.55,,,,,Virtual screening scenario,,,,,,,,,,,,,,,,,,,,,,,,,,,,,,,,35.11197776261184,28.705564970108707,41.518390555114976,12.812825585006273,True,GBDT,compact,260,680.7501117153159,150.5438555189761,1210.956367911656,1060.4125123926797,True,GBDT,compact,330,62.83238791698062,32.30763482882779,93.35714100513346,61.04950617630567,True,GBDT,descriptors,30,0.7027558356032815,1,0.8355602845152604,ExtraTrees,morgan_r3,ALL,149.63568115234375,122.43927001953125,176.83209228515625,54.392822265625,True,XGB,morgan_r3,270,75.09621393042606,50.99729824707759,99.19512961377453,48.197831366696946,True,GBDT,compact,140,654,True,O=P(Oc1ccc(C(Nc2nc3ccccc3s2)P2(=O)Oc3ccccc3-c3ccccc32)cc1)(Oc1ccc(C(Nc2nc3ccc(CO)cc3s2)P2(=O)Oc3ccccc3-c3ccccc32)cc1)c1ccccc1,O=P(Oc1ccc(C(Nc2nc3ccccc3s2)P2(=O)Oc3ccccc3-c3ccccc32)cc1)(Oc1ccc(C(Nc2nc3ccccc3s2)P2(=O)Oc3ccccc3-c3ccccc32)cc1)c1ccccc1,0.8333333333333334,True,In_domain,Maximum Tanimoto >= 0.70.,PAD,O=P(Oc1ccc(C(Nc2nc3ccccc3s2)P2(=O)Oc3ccccc3-c3ccccc32)cc1)(Oc1ccc(C(Nc2nc3ccccc3s2)P2(=O)Oc3ccccc3-c3ccccc32)cc1)c1ccccc1,0.8333333333333334,BPD,O=P1(C(Nc2nc3ccccc3s2)c2ccc(C(Nc3nc4ccccc4s3)P3(=O)Oc4ccccc4-c4ccccc43)cc2)Oc2ccccc2-c2ccccc21,0.6330275229357798,D-P-A,O=P1(C(Nc2nc3ccccc3s2)c2ccc(O)cc2)Oc2ccccc2-c2ccccc21,0.6140350877192983,0.8333333333333334,True,0.9725933807525434,3.212314018958324,-2.216649638400645,True,True,True,True,0.516227450677247,1.0,0.5525095393616346,0.9775511398806767,0.0,0.9186698664911342,0.7011246126330251,0.4166666666666667,0.0,0.0,0.6386246126330251,1.0,True,True,9,9
10,FORM_000408,CAND_R2_141,DIB-NH-methyl,designed,P-N,B,True,True,True,True,True,Candidate,,DIB-NH-methyl,,DDM,DOPO-based (additive),0,1,P-N,100.00%,0.00%,CN(c1ccc(NC(c2c[nH]cn2)P2(=O)Oc3ccccc3-c3ccccc32)cc1)C(c1c[nH]cn1)P1(=O)Oc2ccccc2-c2ccccc21,,NC1=CC=C(CC2=CC=C(N)C=C2)C=C1,10.0,0.8716832402053832,1.182572526527746,0.0,0.0,0.0,1.3566539678439982,0.0,0.0,0.0,1,1,0,0,0,1,0,0,0,0,0,160.0,3.2,,24.8,,3.2,,,3.0,50.0,,1184.0,,,87.2,,,159.0,,,17.0,,,62.6,,,97.55,,,,,Virtual screening scenario,,,,,,,,,,,,,,,,,,,,,,,,,,,,,,,,36.411898741328926,30.00548594882579,42.81831153383206,12.812825585006273,True,GBDT,compact,260,709.8704588833475,179.66420268700767,1240.0767150796873,1060.4125123926797,True,GBDT,compact,330,62.60127152046142,32.07651843230858,93.12602460861424,61.04950617630567,True,GBDT,descriptors,30,0.6875881926453242,1,0.859242679920243,ExtraTrees,morgan_r3,ALL,150.3799285888672,123.18351745605469,177.5763397216797,54.392822265625,True,XGB,morgan_r3,270,74.49959810243489,50.400682419086415,98.59851378578335,48.197831366696946,True,GBDT,compact,140,405,True,CN(c1ccc(NC(c2c[nH]cn2)P2(=O)Oc3ccccc3-c3ccccc32)cc1)C(c1c[nH]cn1)P1(=O)Oc2ccccc2-c2ccccc21,O=P1(C(Nc2ccc(NC(c3c[nH]cn3)P3(=O)Oc4ccccc4-c4ccccc43)cc2)c2c[nH]cn2)Oc2ccccc2-c2ccccc21,0.7380952380952381,True,In_domain,Maximum Tanimoto >= 0.70.,DIB,O=P1(C(Nc2ccc(NC(c3c[nH]cn3)P3(=O)Oc4ccccc4-c4ccccc43)cc2)c2c[nH]cn2)Oc2ccccc2-c2ccccc21,0.7380952380952381,PBI,O=P1(C(Nc2nc3ccccc3s2)c2c[nH]cn2)Oc2ccccc2-c2ccccc21,0.5480769230769231,DOPO-DDE,O=P1(C(Nc2ccc(Oc3ccc(NC(c4ccc(O)cc4)P4(=O)Oc5ccccc5-c5ccccc54)cc3)cc2)c2ccc(O)cc2)Oc2ccccc2-c2ccccc21,0.4205607476635514,0.7380952380952381,True,0.9765404466533738,2.138253675923781,-0.6325867962955107,True,True,True,True,0.6605713580762258,0.9242091937159382,0.49396230234392746,0.9871738715574975,0.0,0.8863220163966706,0.7018155467783849,0.43579602493502073,0.0,0.0,0.6364461430381317,1.0,True,True,10,10
11,FORM_000564,CAND_R2_193,DSD-OH-acetyl-all,designed,P-N-S,B,True,True,True,True,True,Candidate,,DSD-OH-acetyl-all,,DDM,DOPO-based (additive),0,1,P-N-S,100.00%,0.00%,CC(=O)Oc1ccccc1C(Nc1ccc(S(=O)(=O)c2ccc(NC(c3ccccc3OC(C)=O)P3(=O)Oc4ccccc4-c4ccccc43)cc2)cc1)P1(=O)Oc2ccccc2-c2ccccc21,,NC1=CC=C(CC2=CC=C(N)C=C2)C=C1,10.0,0.6367034654437178,0.2879287609114145,0.3295856206234858,0.0,0.0,0.4522179892813326,0.5176438303092917,0.0,0.0,1,1,1,0,0,1,0,0,0,0,0,160.0,3.2,,24.8,,3.2,,,3.0,50.0,,1184.0,,,87.2,,,159.0,,,17.0,,,62.6,,,97.55,,,,,Virtual screening scenario,,,,,,,,,,,,,,,,,,,,,,,,,,,,,,,,35.183131650660386,28.77671885815725,41.58954444316352,12.812825585006273,True,GBDT,compact,260,701.3081625497451,171.1019063534053,1231.514418746085,1060.4125123926797,True,GBDT,compact,330,63.73328025153899,33.20852716338616,94.25803333969182,61.04950617630567,True,GBDT,descriptors,30,0.6972178496673591,1,0.8444204790903318,ExtraTrees,morgan_r3,ALL,156.7158660888672,129.5194549560547,183.9122772216797,54.392822265625,True,XGB,morgan_r3,270,74.25229018610715,50.15337450275867,98.35120586945561,48.197831366696946,True,GBDT,compact,140,561,True,CC(=O)Oc1ccccc1C(Nc1ccc(S(=O)(=O)c2ccc(NC(c3ccccc3OC(C)=O)P3(=O)Oc4ccccc4-c4ccccc43)cc2)cc1)P1(=O)Oc2ccccc2-c2ccccc21,O=P1(C(Nc2ccc(S(=O)(=O)c3ccc(NC(c4ccccc4)P4(=O)Oc5ccccc5-c5ccccc54)cc3)cc2)c2ccccc2)Oc2ccccc2-c2ccccc21,0.7045454545454546,True,In_domain,Maximum Tanimoto >= 0.70.,DSD,O=P1(C(Nc2ccc(S(=O)(=O)c3ccc(NC(c4ccccc4O)P4(=O)Oc5ccccc5-c5ccccc54)cc3)cc2)c2ccccc2O)Oc2ccccc2-c2ccccc21,0.7045454545454546,DOPO-DDS,O=P1(C(Nc2ccc(S(=O)(=O)c3ccc(NC(c4ccc(O)cc4)P4(=O)Oc5ccccc5-c5ccccc54)cc3)cc2)c2ccc(O)cc2)Oc2ccccc2-c2ccccc21,0.5957446808510638,PBO,O=P1(C(Nc2ccc(NC(c3c[nH]c4ccccc34)P3(=O)Oc4ccccc4-c4ccccc43)cc2)c2c[nH]c3ccccc23)Oc2ccccc2-c2ccccc21,0.47058823529411764,0.7045454545454546,True,0.9740700798483886,1.9786367148488515,-0.5288856064788406,True,True,True,True,0.5241284157325938,0.9921050981617344,0.5111770281837894,0.9400417059516152,0.17511927050281176,0.8729132547962957,0.6982937021358573,0.4187091530150126,0.0,0.0,0.6354873291836054,1.0,True,True,11,11
12,FORM_000147,CAND_R2_047,PBD-carboxamide,designed,P-N,B,True,True,True,True,True,Candidate,,PBD-carboxamide,,DDM,DOPO-based (additive),0,1,P-N,100.00%,0.00%,N#Cc1ccc(Oc2cccc(NC(c3ccc(C(Nc4cccc(Oc5cc(C#N)c(C#N)c(C(N)=O)c5)c4)P4(=O)Oc5ccccc5-c5ccccc54)cc3)P3(=O)Oc4ccccc4-c4ccccc43)c2)cc1C#N,,NC1=CC=C(CC2=CC=C(N)C=C2)C=C1,10.0,0.5933869937249333,0.9391909560879445,0.0,0.0,0.0,1.5827629624846642,0.0,0.0,0.0,1,1,0,0,0,1,0,0,0,0,0,160.0,3.2,,24.8,,3.2,,,3.0,50.0,,1184.0,,,87.2,,,159.0,,,17.0,,,62.6,,,97.55,,,,,Virtual screening scenario,,,,,,,,,,,,,,,,,,,,,,,,,,,,,,,,35.86950092959293,29.463088137089795,42.275913722096064,12.812825585006273,True,GBDT,compact,260,765.0443052238662,234.83804902752638,1295.250561420206,1060.4125123926797,True,GBDT,compact,330,62.29321673035809,31.768463642205255,92.81796981851093,61.04950617630567,True,GBDT,descriptors,30,0.7014645955441113,1,0.8376480669689905,ExtraTrees,morgan_r3,ALL,159.12945556640625,131.93304443359375,186.32586669921875,54.392822265625,True,XGB,morgan_r3,270,72.12939622257788,48.03048053922941,96.22831190592635,48.197831366696946,True,GBDT,compact,140,144,True,N#Cc1ccc(Oc2cccc(NC(c3ccc(C(Nc4cccc(Oc5cc(C#N)c(C#N)c(C(N)=O)c5)c4)P4(=O)Oc5ccccc5-c5ccccc54)cc3)P3(=O)Oc4ccccc4-c4ccccc43)c2)cc1C#N,O=P1(C(Nc2cccc(Oc3ccccc3)c2)c2ccc(C(Nc3cccc(Oc4ccccc4)c3)P3(=O)Oc4ccccc4-c4ccccc43)cc2)Oc2ccccc2-c2ccccc21,0.7980769230769231,True,In_domain,Maximum Tanimoto >= 0.70.,PBD,N#Cc1ccc(Oc2cccc(NC(c3ccc(C(Nc4cccc(Oc5ccc(C#N)c(C#N)c5)c4)P4(=O)Oc5ccccc5-c5ccccc54)cc3)P3(=O)Oc4ccccc4-c4ccccc43)c2)cc1C#N,0.7980769230769231,APN-DOPO,N#Cc1ccc(Oc2cccc(NCP3(=O)Oc4ccccc4-c4ccccc43)c2)cc1C#N,0.46774193548387094,DOPO-DDE,O=P1(C(Nc2ccc(Oc3ccc(NC(c4ccc(O)cc4)P4(=O)Oc5ccccc5-c5ccccc54)cc3)cc2)c2ccc(O)cc2)Oc2ccccc2-c2ccccc21,0.453781512605042,0.7980769230769231,True,0.9729413444948317,3.0466379652871103,4.669437110977247,True,True,True,True,0.6003432205259749,1.0,0.3830338082488052,1.0,0.2426238785115929,0.7578122928759515,0.6967190228937105,0.4166666666666667,0.0,0.0,0.6342190228937105,1.0,True,True,12,12
13,FORM_000663,CAND_R2_228,PAD-boronic-acid,designed,P-N-B-S,B,True,True,True,True,True,Candidate,,PAD-boronic-acid,,DDM,DOPO-based (additive),0,1,P-N-B-S,100.00%,0.00%,O=P(Oc1ccc(C(Nc2nc3ccccc3s2)P2(=O)Oc3ccccc3-c3ccccc32)cc1)(Oc1ccc(C(Nc2nc3ccc(B(O)O)cc3s2)P2(=O)Oc3ccccc3-c3ccccc32)cc1)c1ccccc1,,NC1=CC=C(CC2=CC=C(N)C=C2)C=C1,10.0,0.8395092066664196,0.5061882205624735,0.5794223484249602,0.0976816420490016,0.0,0.6029573190417771,0.6901917737457222,0.1163556531284303,0.0,1,1,1,1,0,1,0,0,0,0,0,160.0,3.2,,24.8,,3.2,,,3.0,50.0,,1184.0,,,87.2,,,159.0,,,17.0,,,62.6,,,97.55,,,,,Virtual screening scenario,,,,,,,,,,,,,,,,,,,,,,,,,,,,,,,,35.238653402530495,28.83224061002736,41.645066195033635,12.812825585006273,True,GBDT,compact,260,708.7494313685205,178.54317517218067,1238.9556875648605,1060.4125123926797,True,GBDT,compact,330,62.83238791698062,32.30763482882779,93.35714100513346,61.04950617630567,True,GBDT,descriptors,30,0.7030786218163244,1,0.8350362934447292,ExtraTrees,morgan_r3,ALL,151.42868041992188,124.23226928710938,178.62509155273438,54.392822265625,True,XGB,morgan_r3,270,74.99110238409881,50.89218670075034,99.09001806744729,48.197831366696946,True,GBDT,compact,140,660,True,O=P(Oc1ccc(C(Nc2nc3ccccc3s2)P2(=O)Oc3ccccc3-c3ccccc32)cc1)(Oc1ccc(C(Nc2nc3ccc(B(O)O)cc3s2)P2(=O)Oc3ccccc3-c3ccccc32)cc1)c1ccccc1,O=P(Oc1ccc(C(Nc2nc3ccccc3s2)P2(=O)Oc3ccccc3-c3ccccc32)cc1)(Oc1ccc(C(Nc2nc3ccccc3s2)P2(=O)Oc3ccccc3-c3ccccc32)cc1)c1ccccc1,0.8256880733944955,True,In_domain,Maximum Tanimoto >= 0.70.,PAD,O=P(Oc1ccc(C(Nc2nc3ccccc3s2)P2(=O)Oc3ccccc3-c3ccccc32)cc1)(Oc1ccc(C(Nc2nc3ccccc3s2)P2(=O)Oc3ccccc3-c3ccccc32)cc1)c1ccccc1,0.8256880733944955,BPD,O=P1(C(Nc2nc3ccccc3s2)c2ccc(C(Nc3nc4ccccc4s3)P3(=O)Oc4ccccc4-c4ccccc43)cc2)Oc2ccccc2-c2ccccc21,0.6272727272727273,D-P-A,O=P1(C(Nc2nc3ccccc3s2)c2ccc(O)cc2)Oc2ccccc2-c2ccccc21,0.6086956521739131,0.8256880733944955,True,0.972506048907455,3.2755392152105465,-2.3373420670901868,True,True,True,True,0.5302935801862653,1.0,0.49621615815255604,0.9775511398806767,0.027244331797117022,0.9129708347452962,0.694833692298141,0.4166666666666667,0.0,0.0,0.632333692298141,1.0,True,True,13,13
14,FORM_000375,CAND_R2_130,DIB-boronic-acid,designed,P-N-B,B,True,True,True,True,True,Candidate,,DIB-boronic-acid,,DDM,DOPO-based (additive),0,1,P-N-B,100.00%,0.00%,O=P1(C(Nc2ccc(NC(c3c[nH]c(B(O)O)n3)P3(=O)Oc4ccccc4-c4ccccc43)cc2)c2c[nH]cn2)Oc2ccccc2-c2ccccc21,,NC1=CC=C(CC2=CC=C(N)C=C2)C=C1,10.0,0.8366128174031887,1.1349940982791822,0.0,0.1460169461768463,0.0,1.356653967843998,0.0,0.1745334796926454,0.0,1,1,0,1,0,1,0,0,0,0,0,160.0,3.2,,24.8,,3.2,,,3.0,50.0,,1184.0,,,87.2,,,159.0,,,17.0,,,62.6,,,97.55,,,,,Virtual screening scenario,,,,,,,,,,,,,,,,,,,,,,,,,,,,,,,,35.96208536875897,29.555672576255834,42.36849816126211,12.812825585006273,True,GBDT,compact,260,727.6813896109117,197.47513341457181,1257.8876458072514,1060.4125123926797,True,GBDT,compact,330,62.60127152046142,32.07651843230858,93.12602460861424,61.04950617630567,True,GBDT,descriptors,30,0.6913779969691528,1,0.8534978491042997,ExtraTrees,morgan_r3,ALL,151.74447631835938,124.54806518554688,178.94088745117188,54.392822265625,True,XGB,morgan_r3,270,75.01149998265775,50.91258429930928,99.11041566600622,48.197831366696946,True,GBDT,compact,140,372,True,O=P1(C(Nc2ccc(NC(c3c[nH]c(B(O)O)n3)P3(=O)Oc4ccccc4-c4ccccc43)cc2)c2c[nH]cn2)Oc2ccccc2-c2ccccc21,O=P1(C(Nc2ccc(NC(c3c[nH]cn3)P3(=O)Oc4ccccc4-c4ccccc43)cc2)c2c[nH]cn2)Oc2ccccc2-c2ccccc21,0.7875,True,In_domain,Maximum Tanimoto >= 0.70.,DIB,O=P1(C(Nc2ccc(NC(c3c[nH]cn3)P3(=O)Oc4ccccc4-c4ccccc43)cc2)c2c[nH]cn2)Oc2ccccc2-c2ccccc21,0.7875,PBI,O=P1(C(Nc2nc3ccccc3s2)c2c[nH]cn2)Oc2ccccc2-c2ccccc21,0.5490196078431373,PBO,O=P1(C(Nc2ccc(NC(c3c[nH]c4ccccc34)P3(=O)Oc4ccccc4-c4ccccc43)cc2)c2c[nH]c3ccccc23)Oc2ccccc2-c2ccccc21,0.4563106796116505,0.7875,True,0.9755829748507167,1.9082456831098193,-0.9772514727936352,True,True,True,True,0.6106238452196069,0.9509299992077788,0.4581529496327267,0.9871738715574975,0.03607668648426961,0.9140767699711405,0.696391478769063,0.42917344644748273,0.0,0.0,0.6320154618019407,1.0,True,True,14,14
15,FORM_000012,CAND_004,TDCA-DOPO-2-amino,designed,P-N,B,True,True,True,True,True,Candidate,,TDCA-DOPO-2-amino,,DDM,DOPO-based (Co-curing),2,1,P-N,100.00%,0.00%,Nc1ccc2c(c1)-c1ccccc1P(=O)(C(OP(=O)(c1ccccc1)c1ccccc1)c1ccc(C(OP(=O)(c3ccccc3)c3ccccc3)P3(=O)Oc4ccccc4-c4ccccc43)cc1)O2,,NC1=CC=C(CC2=CC=C(N)C=C2)C=C1,10.19,1.2858316553869966,0.1453690514383488,0.0,0.0,0.0,0.1130544973203332,0.0,0.0,0.0,1,1,0,0,0,1,0,0,0,0,0,170.0,3.0,,24.0,,3.0,,,3.0,50.0,,1208.0,,,88.0,,,164.3,,,16.5,,,58.7,,,101.3,,,,,Virtual screening scenario,,,,,,,,,,,,,,,,,,,,,,,,,,,,,,,,34.73383662748786,28.327423834984724,41.140249419990994,12.812825585006273,True,GBDT,compact,260,558.6532416749735,28.446985478633678,1088.8594978713134,1060.4125123926797,True,GBDT,compact,330,61.991162474198205,31.46640938604537,92.51591556235104,61.04950617630567,True,GBDT,descriptors,30,0.6925208933675264,1,0.851742822467878,ExtraTrees,morgan_r3,ALL,157.46035766601562,130.26394653320312,184.65676879882812,54.392822265625,True,XGB,morgan_r3,270,63.55690277572464,39.457987092376165,87.65581845907312,48.197831366696946,True,GBDT,compact,140,9,True,Nc1ccc2c(c1)-c1ccccc1P(=O)(C(OP(=O)(c1ccccc1)c1ccccc1)c1ccc(C(OP(=O)(c3ccccc3)c3ccccc3)P3(=O)Oc4ccccc4-c4ccccc43)cc1)O2,O=P(OC(c1ccc(C(OP(=O)(c2ccccc2)c2ccccc2)P2(=O)Oc3ccccc3-c3ccccc32)cc1)P1(=O)Oc2ccccc2-c2ccccc21)(c1ccccc1)c1ccccc1,0.7922077922077922,True,In_domain,Maximum Tanimoto >= 0.70.,TDCA-DOPO-2,O=P(OC(c1ccc(C(OP(=O)(c2ccccc2)c2ccccc2)P2(=O)Oc3ccccc3-c3ccccc32)cc1)P1(=O)Oc2ccccc2-c2ccccc21)(c1ccccc1)c1ccccc1,0.7922077922077922,TDCA-DOPO-3,O=P(Oc1ccccc1)(Oc1ccccc1)OC(c1ccc(C(OP(=O)(Oc2ccccc2)Oc2ccccc2)P2(=O)Oc3ccccc3-c3ccccc32)cc1)P1(=O)Oc2ccccc2-c2ccccc21,0.5434782608695652,TDCA-DOPO-1,O=P1(C(OP(c2ccccc2)c2ccccc2)c2ccc(C(OP(c3ccccc3)c3ccccc3)P3(=O)Oc4ccccc4-c4ccccc43)cc2)Oc2ccccc2-c2ccccc21,0.46808510638297873,0.7922077922077922,True,0.9752904704113131,1.3940731770653088,-1.3888348175241452,True,True,True,True,0.4742384606649854,0.9589882285380507,0.7979885629503263,1.0,0.19594162349570224,0.29302118284411394,0.6951393310646541,0.4271502708275556,0.0,0.01899999999999995,0.6291667904405207,1.0,True,True,15,15
16,FORM_000768,CAND_R2_263,TDCA-DOPO-3-carboxamide,designed,P-N,B,True,True,True,True,True,Candidate,,TDCA-DOPO-3-carboxamide,,DDM,DOPO-based (additive),0,1,P-N,100.00%,0.00%,NC(=O)c1ccc(OP(=O)(Oc2ccccc2)OC(c2ccc(C(OP(=O)(Oc3ccccc3)Oc3ccccc3)P3(=O)Oc4ccccc4-c4ccccc43)cc2)P2(=O)Oc3ccccc3-c3ccccc32)cc1,,NC1=CC=C(CC2=CC=C(N)C=C2)C=C1,10.0,1.1537433615710038,0.1304358757790812,0.0,0.0,0.0,0.1130544973203331,0.0,0.0,0.0,1,1,0,0,0,1,0,0,0,0,0,160.0,3.2,,24.8,,3.2,,,3.0,50.0,,1184.0,,,87.2,,,159.0,,,17.0,,,62.6,,,97.55,,,,,Virtual screening scenario,,,,,,,,,,,,,,,,,,,,,,,,,,,,,,,,34.22661051458555,27.820197722082415,40.63302330708869,12.812825585006273,True,GBDT,compact,260,604.5538064357052,74.34755023936532,1134.760062632045,1060.4125123926797,True,GBDT,compact,330,56.36508770111311,25.840334612960277,86.88984078926595,61.04950617630567,True,GBDT,descriptors,30,0.6838776712975009,1,0.8647560079928329,ExtraTrees,morgan_r3,ALL,153.82955932617188,126.63314819335938,181.02597045898438,54.392822265625,True,XGB,morgan_r3,270,72.84618690942764,48.74727122607917,96.94510259277612,48.197831366696946,True,GBDT,compact,140,765,True,NC(=O)c1ccc(OP(=O)(Oc2ccccc2)OC(c2ccc(C(OP(=O)(Oc3ccccc3)Oc3ccccc3)P3(=O)Oc4ccccc4-c4ccccc43)cc2)P2(=O)Oc3ccccc3-c3ccccc32)cc1,O=P(Oc1ccccc1)(Oc1ccccc1)OC(c1ccc(C(OP(=O)(Oc2ccccc2)Oc2ccccc2)P2(=O)Oc3ccccc3-c3ccccc32)cc1)P1(=O)Oc2ccccc2-c2ccccc21,0.8227848101265823,True,In_domain,Maximum Tanimoto >= 0.70.,TDCA-DOPO-3,O=P(Oc1ccccc1)(Oc1ccccc1)OC(c1ccc(C(OP(=O)(Oc2ccccc2)Oc2ccccc2)P2(=O)Oc3ccccc3-c3ccccc32)cc1)P1(=O)Oc2ccccc2-c2ccccc21,0.8227848101265823,TDCA-DOPO-2,O=P(OC(c1ccc(C(OP(=O)(c2ccccc2)c2ccccc2)P2(=O)Oc3ccccc3-c3ccccc32)cc1)P1(=O)Oc2ccccc2-c2ccccc21)(c1ccccc1)c1ccccc1,0.5555555555555556,TDCA-DOPO-1,O=P1(C(OP(c2ccccc2)c2ccccc2)c2ccc(C(OP(c3ccccc3)c3ccccc3)P3(=O)Oc4ccccc4-c4ccccc43)cc2)Oc2ccccc2-c2ccccc21,0.4583333333333333,0.8227848101265823,True,0.9774593346654722,1.8224012410539057,-1.079141440367237,True,True,True,True,0.4179158070038589,0.8980473893755107,0.7057042495530137,1.0,0.09439344350446803,0.7966758908555661,0.6934404226224801,0.44215172957769594,0.0,0.0,0.6271176631858257,1.0,True,True,16,16
17,FORM_000150,CAND_R2_048,PBD-boronic-acid,designed,P-N-B,B,True,True,True,True,True,Candidate,,PBD-boronic-acid,,DDM,DOPO-based (additive),0,1,P-N-B,100.00%,0.00%,N#Cc1ccc(Oc2cccc(NC(c3ccc(C(Nc4cccc(Oc5cc(C#N)c(C#N)c(B(O)O)c5)c4)P4(=O)Oc5ccccc5-c5ccccc54)cc3)P3(=O)Oc4ccccc4-c4ccccc43)c2)cc1C#N,,NC1=CC=C(CC2=CC=C(N)C=C2)C=C1,10.0,0.5929366001573556,0.8044097912834068,0.0,0.1034872880625901,0.0,1.3566539678439984,0.0,0.1745334796926455,0.0,1,1,0,1,0,1,0,0,0,0,0,160.0,3.2,,24.8,,3.2,,,3.0,50.0,,1184.0,,,87.2,,,159.0,,,17.0,,,62.6,,,97.55,,,,,Virtual screening scenario,,,,,,,,,,,,,,,,,,,,,,,,,,,,,,,,35.281607257271176,28.87519446476804,41.68802004977431,12.812825585006273,True,GBDT,compact,260,745.3212611572682,215.11500496092833,1275.527517353608,1060.4125123926797,True,GBDT,compact,330,62.29321673035809,31.768463642205255,92.81796981851093,61.04950617630567,True,GBDT,descriptors,30,0.7015068309760418,1,0.8375799882799716,ExtraTrees,morgan_r3,ALL,158.2266845703125,131.0302734375,185.423095703125,54.392822265625,True,XGB,morgan_r3,270,72.12939622257788,48.03048053922941,96.22831190592635,48.197831366696946,True,GBDT,compact,140,147,True,N#Cc1ccc(Oc2cccc(NC(c3ccc(C(Nc4cccc(Oc5cc(C#N)c(C#N)c(B(O)O)c5)c4)P4(=O)Oc5ccccc5-c5ccccc54)cc3)P3(=O)Oc4ccccc4-c4ccccc43)c2)cc1C#N,O=P1(C(Nc2cccc(Oc3ccccc3)c2)c2ccc(C(Nc3cccc(Oc4ccccc4)c3)P3(=O)Oc4ccccc4-c4ccccc43)cc2)Oc2ccccc2-c2ccccc21,0.8058252427184466,True,In_domain,Maximum Tanimoto >= 0.70.,PBD,N#Cc1ccc(Oc2cccc(NC(c3ccc(C(Nc4cccc(Oc5ccc(C#N)c(C#N)c5)c4)P4(=O)Oc5ccccc5-c5ccccc54)cc3)P3(=O)Oc4ccccc4-c4ccccc43)c2)cc1C#N,0.8058252427184466,APN-DOPO,N#Cc1ccc(Oc2cccc(NCP3(=O)Oc4ccccc4-c4ccccc43)c2)cc1C#N,0.4715447154471545,DOPO-DDE,O=P1(C(Nc2ccc(Oc3ccc(NC(c4ccc(O)cc4)P4(=O)Oc5ccccc5-c5ccccc54)cc3)cc2)c2ccc(O)cc2)Oc2ccccc2-c2ccccc21,0.4576271186440678,0.8058252427184466,True,0.9729299980466619,2.782022399844897,4.409966610424252,True,True,True,True,0.5350631987497236,1.0,0.42268751598157095,1.0,0.2173746790184205,0.7578122928759515,0.6890688401356961,0.4166666666666667,0.0,0.0,0.6265688401356961,1.0,True,True,17,17
18,FORM_000213,CAND_R2_069,PBD-NH-hydroxyethyl,designed,P-N,B,True,True,True,True,True,Candidate,,PBD-NH-hydroxyethyl,,DDM,DOPO-based (additive),0,1,P-N,100.00%,0.00%,N#Cc1ccc(Oc2cccc(NC(c3ccc(C(N(CCO)c4cccc(Oc5ccc(C#N)c(C#N)c5)c4)P4(=O)Oc5ccccc5-c5ccccc54)cc3)P3(=O)Oc4ccccc4-c4ccccc43)c2)cc1C#N,,NC1=CC=C(CC2=CC=C(N)C=C2)C=C1,10.0,0.5928032604753486,0.8042288954747409,0.0,0.0,0.0,1.3566539678439982,0.0,0.0,0.0,1,1,0,0,0,1,0,0,0,0,0,160.0,3.2,,24.8,,3.2,,,3.0,50.0,,1184.0,,,87.2,,,159.0,,,17.0,,,62.6,,,97.55,,,,,Virtual screening scenario,,,,,,,,,,,,,,,,,,,,,,,,,,,,,,,,35.308208589107004,28.901795796603867,41.714621381610144,12.812825585006273,True,GBDT,compact,260,747.2397458404936,217.03348964415375,1277.4460020368333,1060.4125123926797,True,GBDT,compact,330,62.29321673035809,31.768463642205255,92.81796981851093,61.04950617630567,True,GBDT,descriptors,30,0.6998873326237179,1,0.8401802170263006,ExtraTrees,morgan_r3,ALL,158.25563049316406,131.05921936035156,185.45204162597656,54.392822265625,True,XGB,morgan_r3,270,72.12402370576122,48.025108022412745,96.22293938910968,48.197831366696946,True,GBDT,compact,140,210,True,N#Cc1ccc(Oc2cccc(NC(c3ccc(C(N(CCO)c4cccc(Oc5ccc(C#N)c(C#N)c5)c4)P4(=O)Oc5ccccc5-c5ccccc54)cc3)P3(=O)Oc4ccccc4-c4ccccc43)c2)cc1C#N,O=P1(C(Nc2cccc(Oc3ccccc3)c2)c2ccc(C(Nc3cccc(Oc4ccccc4)c3)P3(=O)Oc4ccccc4-c4ccccc43)cc2)Oc2ccccc2-c2ccccc21,0.7345132743362832,True,In_domain,Maximum Tanimoto >= 0.70.,PBD,N#Cc1ccc(Oc2cccc(NC(c3ccc(C(Nc4cccc(Oc5ccc(C#N)c(C#N)c5)c4)P4(=O)Oc5ccccc5-c5ccccc54)cc3)P3(=O)Oc4ccccc4-c4ccccc43)c2)cc1C#N,0.7345132743362832,APN-DOPO,N#Cc1ccc(Oc2cccc(NCP3(=O)Oc4ccccc4-c4ccccc43)c2)cc1C#N,0.44696969696969696,DOPO-DDE,O=P1(C(Nc2ccc(Oc3ccc(NC(c4ccc(O)cc4)P4(=O)Oc5ccccc5-c5ccccc54)cc3)cc2)c2ccc(O)cc2)Oc2ccccc2-c2ccccc21,0.421875,0.7345132743362832,True,0.9733633695043835,2.814742669685566,4.103087306948337,True,True,True,True,0.5380170245914988,1.0,0.4188303512020608,1.0,0.2181842546292404,0.7575210009583359,0.6889400007174695,0.4166666666666667,0.0,0.0,0.6264400007174695,1.0,True,True,18,18
19,FORM_000771,CAND_R2_264,TDCA-DOPO-3-boronic-acid,designed,P-B,B,True,True,True,True,True,Candidate,,TDCA-DOPO-3-boronic-acid,,DDM,DOPO-based (additive),0,1,P-B,100.00%,0.00%,O=P(Oc1ccccc1)(Oc1ccccc1)OC(c1ccc(C(OP(=O)(Oc2ccccc2)Oc2ccc(B(O)O)cc2)P2(=O)Oc3ccccc3-c3ccccc32)cc1)P1(=O)Oc2ccccc2-c2ccccc21,,NC1=CC=C(CC2=CC=C(N)C=C2)C=C1,10.0,1.1528920005880956,0.0,0.0,0.1006091262862279,0.0,0.0,0.0,0.0872667398463227,0.0,1,0,0,1,0,1,0,0,0,0,0,160.0,3.2,,24.8,,3.2,,,3.0,50.0,,1184.0,,,87.2,,,159.0,,,17.0,,,62.6,,,97.55,,,,,Virtual screening scenario,,,,,,,,,,,,,,,,,,,,,,,,,,,,,,,,34.18872338479013,27.782310592286994,40.59513617729327,12.812825585006273,True,GBDT,compact,260,599.264433359469,69.05817716312913,1129.4706895558088,1060.4125123926797,True,GBDT,compact,330,56.36508770111311,25.840334612960277,86.88984078926595,61.04950617630567,True,GBDT,descriptors,30,0.6809099440167729,1,0.8690863686233925,ExtraTrees,morgan_r3,ALL,153.85963439941406,126.66322326660156,181.05604553222656,54.392822265625,True,XGB,morgan_r3,270,73.17728012580106,49.07836444245259,97.27619580914953,48.197831366696946,True,GBDT,compact,140,768,True,O=P(Oc1ccccc1)(Oc1ccccc1)OC(c1ccc(C(OP(=O)(Oc2ccccc2)Oc2ccc(B(O)O)cc2)P2(=O)Oc3ccccc3-c3ccccc32)cc1)P1(=O)Oc2ccccc2-c2ccccc21,O=P(Oc1ccccc1)(Oc1ccccc1)OC(c1ccc(C(OP(=O)(Oc2ccccc2)Oc2ccccc2)P2(=O)Oc3ccccc3-c3ccccc32)cc1)P1(=O)Oc2ccccc2-c2ccccc21,0.8333333333333334,True,In_domain,Maximum Tanimoto >= 0.70.,TDCA-DOPO-3,O=P(Oc1ccccc1)(Oc1ccccc1)OC(c1ccc(C(OP(=O)(Oc2ccccc2)Oc2ccccc2)P2(=O)Oc3ccccc3-c3ccccc32)cc1)P1(=O)Oc2ccccc2-c2ccccc21,0.8333333333333334,TDCA-DOPO-2,O=P(OC(c1ccc(C(OP(=O)(c2ccccc2)c2ccccc2)P2(=O)Oc3ccccc3-c3ccccc32)cc1)P1(=O)Oc2ccccc2-c2ccccc21)(c1ccccc1)c1ccccc1,0.5617977528089888,TDCA-DOPO-1,O=P1(C(OP(c2ccccc2)c2ccccc2)c2ccc(C(OP(c3ccccc3)c3ccccc3)P3(=O)Oc4ccccc4-c4ccccc43)cc2)Oc2ccccc2-c2ccccc21,0.4631578947368421,0.8333333333333334,True,0.978181061437232,1.7069657426720817,-1.2196202992473575,True,True,True,True,0.41370880023626233,0.877122809464469,0.716338675625703,1.0,0.09523459981913646,0.8146273987238749,0.692420256919588,0.44714372221839077,0.0,0.0,0.6253486985868294,1.0,True,True,19,19
20,FORM_000228,CAND_R2_076,TDCA-DOPO-2-carboxamide,designed,P-N,B,True,True,True,True,True,Candidate,,TDCA-DOPO-2-carboxamide,,DDM,DOPO-based (additive),0,1,P-N,100.00%,0.00%,NC(=O)c1ccc(P(=O)(OC(c2ccc(C(OP(=O)(c3ccccc3)c3ccccc3)P3(=O)Oc4ccccc4-c4ccccc43)cc2)P2(=O)Oc3ccccc3-c3ccccc32)c2ccccc2)cc1,,NC1=CC=C(CC2=CC=C(N)C=C2)C=C1,10.0,1.226857055150936,0.1387017076539933,0.0,0.0,0.0,0.1130544973203332,0.0,0.0,0.0,1,1,0,0,0,1,0,0,0,0,0,160.0,3.2,,24.8,,3.2,,,3.0,50.0,,1184.0,,,87.2,,,159.0,,,17.0,,,62.6,,,97.55,,,,,Virtual screening scenario,,,,,,,,,,,,,,,,,,,,,,,,,,,,,,,,34.44350862246143,28.037095829958293,40.84992141496457,12.812825585006273,True,GBDT,compact,260,603.9308921113152,73.72463591497535,1134.137148307655,1060.4125123926797,True,GBDT,compact,330,56.11359613243899,25.588843044286158,86.63834922059183,61.04950617630567,True,GBDT,descriptors,30,0.6848705951098223,1,0.8632914522549606,ExtraTrees,morgan_r3,ALL,152.50477600097656,125.30836486816406,179.70118713378906,54.392822265625,True,XGB,morgan_r3,270,71.9058523488553,47.80693666550683,96.00476803220377,48.197831366696946,True,GBDT,compact,140,225,True,NC(=O)c1ccc(P(=O)(OC(c2ccc(C(OP(=O)(c3ccccc3)c3ccccc3)P3(=O)Oc4ccccc4-c4ccccc43)cc2)P2(=O)Oc3ccccc3-c3ccccc32)c2ccccc2)cc1,O=P(OC(c1ccc(C(OP(=O)(c2ccccc2)c2ccccc2)P2(=O)Oc3ccccc3-c3ccccc32)cc1)P1(=O)Oc2ccccc2-c2ccccc21)(c1ccccc1)c1ccccc1,0.8133333333333334,True,In_domain,Maximum Tanimoto >= 0.70.,TDCA-DOPO-2,O=P(OC(c1ccc(C(OP(=O)(c2ccccc2)c2ccccc2)P2(=O)Oc3ccccc3-c3ccccc32)cc1)P1(=O)Oc2ccccc2-c2ccccc21)(c1ccccc1)c1ccccc1,0.8133333333333334,TDCA-DOPO-3,O=P(Oc1ccccc1)(Oc1ccccc1)OC(c1ccc(C(OP(=O)(Oc2ccccc2)Oc2ccccc2)P2(=O)Oc3ccccc3-c3ccccc32)cc1)P1(=O)Oc2ccccc2-c2ccccc21,0.5555555555555556,TDCA-DOPO-1,O=P1(C(OP(c2ccccc2)c2ccccc2)c2ccc(C(OP(c3ccccc3)c3ccccc3)P3(=O)Oc4ccccc4-c4ccccc43)cc2)Oc2ccccc2-c2ccccc21,0.4782608695652174,0.8133333333333334,True,0.9772152420424934,1.5737319465827524,-1.4535418218375822,True,True,True,True,0.44200028668442204,0.9050482057212089,0.706956635466593,1.0,0.05734116933103961,0.7456919913729538,0.6911043416448441,0.44046340565064207,0.0,0.0,0.6250348307972479,1.0,True,True,20,20
21,FORM_000372,CAND_R2_129,DIB-carboxamide,designed,P-N,B,True,True,True,True,True,Candidate,,DIB-carboxamide,,DDM,DOPO-based (additive),0,1,P-N,100.00%,0.00%,NC(=O)c1nc(C(Nc2ccc(NC(c3c[nH]cn3)P3(=O)Oc4ccccc4-c4ccccc43)cc2)P2(=O)Oc3ccccc3-c3ccccc32)c[nH]1,,NC1=CC=C(CC2=CC=C(N)C=C2)C=C1,10.0,0.8375097509832099,1.3255794145759787,0.0,0.0,0.0,1.5827629624846642,0.0,0.0,0.0,1,1,0,0,0,1,0,0,0,0,0,160.0,3.2,,24.8,,3.2,,,3.0,50.0,,1184.0,,,87.2,,,159.0,,,17.0,,,62.6,,,97.55,,,,,Virtual screening scenario,,,,,,,,,,,,,,,,,,,,,,,,,,,,,,,,35.35453090306682,28.94811811056368,41.76094369556995,12.812825585006273,True,GBDT,compact,260,722.7911264726453,192.58487027630542,1252.9973826689852,1060.4125123926797,True,GBDT,compact,330,62.60127152046142,32.07651843230858,93.12602460861424,61.04950617630567,True,GBDT,descriptors,30,0.6917259590332416,1,0.852964626531135,ExtraTrees,morgan_r3,ALL,153.031005859375,125.8345947265625,180.2274169921875,54.392822265625,True,XGB,morgan_r3,270,75.06808746159004,50.96917177824157,99.16700314493852,48.197831366696946,True,GBDT,compact,140,369,True,NC(=O)c1nc(C(Nc2ccc(NC(c3c[nH]cn3)P3(=O)Oc4ccccc4-c4ccccc43)cc2)P2(=O)Oc3ccccc3-c3ccccc32)c[nH]1,O=P1(C(Nc2ccc(NC(c3c[nH]cn3)P3(=O)Oc4ccccc4-c4ccccc43)cc2)c2c[nH]cn2)Oc2ccccc2-c2ccccc21,0.7682926829268293,True,In_domain,Maximum Tanimoto >= 0.70.,DIB,O=P1(C(Nc2ccc(NC(c3c[nH]cn3)P3(=O)Oc4ccccc4-c4ccccc43)cc2)c2c[nH]cn2)Oc2ccccc2-c2ccccc21,0.7682926829268293,PBI,O=P1(C(Nc2nc3ccccc3s2)c2c[nH]cn2)Oc2ccccc2-c2ccccc21,0.5384615384615384,PBO,O=P1(C(Nc2ccc(NC(c3c[nH]c4ccccc34)P3(=O)Oc4ccccc4-c4ccccc43)cc2)c2c[nH]c3ccccc23)Oc2ccccc2-c2ccccc21,0.44761904761904764,0.7682926829268293,True,0.9754941044218558,2.0513006819338897,-0.8469036959900615,True,True,True,True,0.5431606786337011,0.9533833782845286,0.46798495449801736,0.9871738715574975,0.07205905762326184,0.9171448804701338,0.6892609704040885,0.4285587532641239,0.0,0.0,0.6249771574144699,1.0,True,True,21,21
22,FORM_000561,CAND_R2_192,DSD-OH-acetyl,designed,P-N-S,B,True,True,True,True,True,Candidate,,DSD-OH-acetyl,,DDM,DOPO-based (additive),0,1,P-N-S,100.00%,0.00%,CC(=O)Oc1ccccc1C(Nc1ccc(S(=O)(=O)c2ccc(NC(c3ccccc3O)P3(=O)Oc4ccccc4-c4ccccc43)cc2)cc1)P1(=O)Oc2ccccc2-c2ccccc21,,NC1=CC=C(CC2=CC=C(N)C=C2)C=C1,10.0,0.6654549517032758,0.3009307002165617,0.3444686500979684,0.0,0.0,0.4522179892813327,0.5176438303092916,0.0,0.0,1,1,1,0,0,1,0,0,0,0,0,160.0,3.2,,24.8,,3.2,,,3.0,50.0,,1184.0,,,87.2,,,159.0,,,17.0,,,62.6,,,97.55,,,,,Virtual screening scenario,,,,,,,,,,,,,,,,,,,,,,,,,,,,,,,,34.733092342225724,28.326679549722588,41.139505134728864,12.812825585006273,True,GBDT,compact,260,704.7999600842345,174.59370388789466,1235.0062162805743,1060.4125123926797,True,GBDT,compact,330,63.73328025153899,33.20852716338616,94.25803333969182,61.04950617630567,True,GBDT,descriptors,30,0.6986542214245401,1,0.842146001240839,ExtraTrees,morgan_r3,ALL,156.11529541015625,128.91888427734375,183.31170654296875,54.392822265625,True,XGB,morgan_r3,270,74.28917835904339,50.19026267569492,98.38809404239186,48.197831366696946,True,GBDT,compact,140,558,True,CC(=O)Oc1ccccc1C(Nc1ccc(S(=O)(=O)c2ccc(NC(c3ccccc3O)P3(=O)Oc4ccccc4-c4ccccc43)cc2)cc1)P1(=O)Oc2ccccc2-c2ccccc21,O=P1(C(Nc2ccc(S(=O)(=O)c3ccc(NC(c4ccccc4)P4(=O)Oc5ccccc5-c5ccccc54)cc3)cc2)c2ccccc2)Oc2ccccc2-c2ccccc21,0.7954545454545454,True,In_domain,Maximum Tanimoto >= 0.70.,DSD,O=P1(C(Nc2ccc(S(=O)(=O)c3ccc(NC(c4ccccc4O)P4(=O)Oc5ccccc5-c5ccccc54)cc3)cc2)c2ccccc2O)Oc2ccccc2-c2ccccc21,0.7954545454545454,DOPO-DDS,O=P1(C(Nc2ccc(S(=O)(=O)c3ccc(NC(c4ccc(O)cc4)P4(=O)Oc5ccccc5-c5ccccc54)cc3)cc2)c2ccc(O)cc2)Oc2ccccc2-c2ccccc21,0.5643564356435643,TBO,O=P1(C(Nc2n[nH]c(NC(c3ccccc3O)P3(=O)Oc4ccccc4-c4ccccc43)n2)c2ccccc2O)Oc2ccccc2-c2ccccc21,0.5,0.7954545454545454,True,0.9736910002068065,2.226752571224561,-0.7056297954871823,True,True,True,True,0.474155814839035,1.0,0.5041566758270695,0.9400417059516152,0.15832217695180487,0.87491329071961,0.6869943860906854,0.4166666666666667,0.0,0.0,0.6244943860906854,1.0,True,True,22,22
23,FORM_000702,CAND_R2_241,PAD-NH-hydroxyethyl,designed,P-N-S,B,True,True,True,True,True,Candidate,,PAD-NH-hydroxyethyl,,DDM,DOPO-based (additive),0,1,P-N-S,100.00%,0.00%,O=P(Oc1ccc(C(Nc2nc3ccccc3s2)P2(=O)Oc3ccccc3-c3ccccc32)cc1)(Oc1ccc(C(N(CCO)c2nc3ccccc3s2)P2(=O)Oc3ccccc3-c3ccccc32)cc1)c1ccccc1,,NC1=CC=C(CC2=CC=C(N)C=C2)C=C1,10.0,0.8393310065251793,0.5060807734830584,0.5792993561533959,0.0,0.0,0.602957319041777,0.6901917737457223,0.0,0.0,1,1,1,0,0,1,0,0,0,0,0,160.0,3.2,,24.8,,3.2,,,3.0,50.0,,1184.0,,,87.2,,,159.0,,,17.0,,,62.6,,,97.55,,,,,Virtual screening scenario,,,,,,,,,,,,,,,,,,,,,,,,,,,,,,,,35.337118638027896,28.93070584552476,41.743531430531036,12.812825585006273,True,GBDT,compact,260,700.2968350437636,170.09057884742379,1230.5030912401035,1060.4125123926797,True,GBDT,compact,330,62.83238791698062,32.30763482882779,93.35714100513346,61.04950617630567,True,GBDT,descriptors,30,0.69095763162451,1,0.8541407316974318,ExtraTrees,morgan_r3,ALL,150.6234130859375,123.427001953125,177.81982421875,54.392822265625,True,XGB,morgan_r3,270,75.05932575748982,50.96041007414134,99.15824144083828,48.197831366696946,True,GBDT,compact,140,699,True,O=P(Oc1ccc(C(Nc2nc3ccccc3s2)P2(=O)Oc3ccccc3-c3ccccc32)cc1)(Oc1ccc(C(N(CCO)c2nc3ccccc3s2)P2(=O)Oc3ccccc3-c3ccccc32)cc1)c1ccccc1,O=P(Oc1ccc(C(Nc2nc3ccccc3s2)P2(=O)Oc3ccccc3-c3ccccc32)cc1)(Oc1ccc(C(Nc2nc3ccccc3s2)P2(=O)Oc3ccccc3-c3ccccc32)cc1)c1ccccc1,0.7627118644067796,True,In_domain,Maximum Tanimoto >= 0.70.,PAD,O=P(Oc1ccc(C(Nc2nc3ccccc3s2)P2(=O)Oc3ccccc3-c3ccccc32)cc1)(Oc1ccc(C(Nc2nc3ccccc3s2)P2(=O)Oc3ccccc3-c3ccccc32)cc1)c1ccccc1,0.7627118644067796,BPD,O=P1(C(Nc2nc3ccccc3s2)c2ccc(C(Nc3nc4ccccc4s3)P3(=O)Oc4ccccc4-c4ccccc43)cc2)Oc2ccccc2-c2ccccc21,0.5798319327731093,D-P-A,O=P1(C(Nc2nc3ccccc3s2)c2ccc(O)cc2)Oc2ccccc2-c2ccccc21,0.5645161290322581,0.7627118644067796,True,0.9756901219495719,3.3508207905605976,-2.1192458452792264,True,True,True,True,0.5412272115895236,0.9479661257066887,0.5132103291899062,0.9775511398806767,0.004722168757892509,0.9166698305678199,0.6881301612059302,0.42991455450926813,0.0,0.0,0.6236429780295399,1.0,True,True,23,23
24,FORM_000369,CAND_R2_128,DIB-hydroxymethyl,designed,P-N,B,True,True,True,True,True,Candidate,,DIB-hydroxymethyl,,DDM,DOPO-based (additive),0,1,P-N,100.00%,0.00%,O=P1(C(Nc2ccc(NC(c3c[nH]c(CO)n3)P3(=O)Oc4ccccc4-c4ccccc43)cc2)c2c[nH]cn2)Oc2ccccc2-c2ccccc21,,NC1=CC=C(CC2=CC=C(N)C=C2)C=C1,10.0,0.8524915023325579,1.156535979192756,0.0,0.0,0.0,1.3566539678439986,0.0,0.0,0.0,1,1,0,0,0,1,0,0,0,0,0,160.0,3.2,,24.8,,3.2,,,3.0,50.0,,1184.0,,,87.2,,,159.0,,,17.0,,,62.6,,,97.55,,,,,Virtual screening scenario,,,,,,,,,,,,,,,,,,,,,,,,,,,,,,,,35.60911478641947,29.20270199391633,42.0155275789226,12.812825585006273,True,GBDT,compact,260,713.3923545303717,183.18609833403184,1243.5986107267115,1060.4125123926797,True,GBDT,compact,330,62.60127152046142,32.07651843230858,93.12602460861424,61.04950617630567,True,GBDT,descriptors,30,0.687089889944584,1,0.8599894923220939,ExtraTrees,morgan_r3,ALL,151.11221313476562,123.91580200195312,178.30862426757812,54.392822265625,True,XGB,morgan_r3,270,75.17096417583433,51.072048492485855,99.2698798591828,48.197831366696946,True,GBDT,compact,140,366,True,O=P1(C(Nc2ccc(NC(c3c[nH]c(CO)n3)P3(=O)Oc4ccccc4-c4ccccc43)cc2)c2c[nH]cn2)Oc2ccccc2-c2ccccc21,O=P1(C(Nc2ccc(NC(c3c[nH]cn3)P3(=O)Oc4ccccc4-c4ccccc43)cc2)c2c[nH]cn2)Oc2ccccc2-c2ccccc21,0.7875,True,In_domain,Maximum Tanimoto >= 0.70.,DIB,O=P1(C(Nc2ccc(NC(c3c[nH]cn3)P3(=O)Oc4ccccc4-c4ccccc43)cc2)c2c[nH]cn2)Oc2ccccc2-c2ccccc21,0.7875,PBI,O=P1(C(Nc2nc3ccccc3s2)c2c[nH]cn2)Oc2ccccc2-c2ccccc21,0.5490196078431373,PBO,O=P1(C(Nc2ccc(NC(c3c[nH]c4ccccc34)P3(=O)Oc4ccccc4-c4ccccc43)cc2)c2c[nH]c3ccccc23)Oc2ccccc2-c2ccccc21,0.4563106796116505,0.7875,True,0.9766649153870156,1.9481769989944082,-0.9231028873265088,True,True,True,True,0.5714298065926902,0.9206958066371331,0.48688143692676245,0.9871738715574975,0.018393199394162604,0.9227227420930648,0.6873477784915394,0.43665694215002365,0.0,0.0,0.6218492371690358,1.0,True,True,24,24
25,FORM_000144,CAND_R2_046,PBD-hydroxymethyl,designed,P-N,B,True,True,True,True,True,Candidate,,PBD-hydroxymethyl,,DDM,DOPO-based (additive),0,1,P-N,100.00%,0.00%,N#Cc1ccc(Oc2cccc(NC(c3ccc(C(Nc4cccc(Oc5cc(C#N)c(C#N)c(CO)c5)c4)P4(=O)Oc5ccccc5-c5ccccc54)cc3)P3(=O)Oc4ccccc4-c4ccccc43)c2)cc1C#N,,NC1=CC=C(CC2=CC=C(N)C=C2)C=C1,10.0,0.6008686930999229,0.8151708966472481,0.0,0.0,0.0,1.3566539678439984,0.0,0.0,0.0,1,1,0,0,0,1,0,0,0,0,0,160.0,3.2,,24.8,,3.2,,,3.0,50.0,,1184.0,,,87.2,,,159.0,,,17.0,,,62.6,,,97.55,,,,,Virtual screening scenario,,,,,,,,,,,,,,,,,,,,,,,,,,,,,,,,35.593665265944885,29.18725247344175,42.000078058448025,12.812825585006273,True,GBDT,compact,260,744.4302196442085,214.22396344786864,1274.6364758405484,1060.4125123926797,True,GBDT,compact,330,63.667071678176974,33.14231859002414,94.1918247663298,61.04950617630567,True,GBDT,descriptors,30,0.7012125182947084,1,0.8380540899260065,ExtraTrees,morgan_r3,ALL,157.72259521484375,130.52618408203125,184.91900634765625,54.392822265625,True,XGB,morgan_r3,270,72.12939622257788,48.03048053922941,96.22831190592635,48.197831366696946,True,GBDT,compact,140,141,True,N#Cc1ccc(Oc2cccc(NC(c3ccc(C(Nc4cccc(Oc5cc(C#N)c(C#N)c(CO)c5)c4)P4(=O)Oc5ccccc5-c5ccccc54)cc3)P3(=O)Oc4ccccc4-c4ccccc43)c2)cc1C#N,O=P1(C(Nc2cccc(Oc3ccccc3)c2)c2ccc(C(Nc3cccc(Oc4ccccc4)c3)P3(=O)Oc4ccccc4-c4ccccc43)cc2)Oc2ccccc2-c2ccccc21,0.8137254901960784,True,In_domain,Maximum Tanimoto >= 0.70.,PBD,N#Cc1ccc(Oc2cccc(NC(c3ccc(C(Nc4cccc(Oc5ccc(C#N)c(C#N)c5)c4)P4(=O)Oc5ccccc5-c5ccccc54)cc3)P3(=O)Oc4ccccc4-c4ccccc43)c2)cc1C#N,0.8137254901960784,APN-DOPO,N#Cc1ccc(Oc2cccc(NCP3(=O)Oc4ccccc4-c4ccccc43)c2)cc1C#N,0.48760330578512395,DOPO-DDE,O=P1(C(Nc2ccc(Oc3ccc(NC(c4ccc(O)cc4)P4(=O)Oc5ccccc5-c5ccccc54)cc3)cc2)c2ccc(O)cc2)Oc2ccccc2-c2ccccc21,0.46153846153846156,0.8137254901960784,True,0.9730090149876678,2.8633027501806017,4.612788939442712,True,True,True,True,0.5697142837345679,1.0,0.42447897878099095,0.9427983573435682,0.20327602858139052,0.7578122928759515,0.6835071561175596,0.4166666666666667,0.0,0.0,0.6210071561175596,1.0,True,True,25,25
26,FORM_000009,CAND_003,PBD-monoamide,designed,P-N,B,True,True,True,True,True,Candidate,,PBD-monoamide,,DDM,DOPO-based (additive),0,1,P-N,100.00%,0.00%,N#Cc1ccc(Oc2cccc(NC(c3ccc(C(Nc4cccc(Oc5ccc(C(N)=O)c(C#N)c5)c4)P4(=O)Oc5ccccc5-c5ccccc54)cc3)P3(=O)Oc4ccccc4-c4ccccc43)c2)cc1C#N,,NC1=CC=C(CC2=CC=C(N)C=C2)C=C1,10.0,0.6079514172742286,0.8247797025014647,0.0,0.0,0.0,1.3566539678439986,0.0,0.0,0.0,1,1,0,0,0,1,0,0,0,0,0,160.0,3.2,,24.8,,3.2,,,3.0,50.0,,1184.0,,,87.2,,,159.0,,,17.0,,,62.6,,,97.55,,,,,Virtual screening scenario,,,,,,,,,,,,,,,,,,,,,,,,,,,,,,,,35.72034090586354,29.3139281133604,42.12675369836667,12.812825585006273,True,GBDT,compact,260,759.6852908315041,229.47903463516423,1289.891547027844,1060.4125123926797,True,GBDT,compact,330,63.667071678176974,33.14231859002414,94.1918247663298,61.04950617630567,True,GBDT,descriptors,30,0.7018523939014962,1,0.8370224443049409,ExtraTrees,morgan_r3,ALL,158.71417236328125,131.51776123046875,185.91058349609375,54.392822265625,True,XGB,morgan_r3,270,72.12939622257788,48.03048053922941,96.22831190592635,48.197831366696946,True,GBDT,compact,140,6,True,N#Cc1ccc(Oc2cccc(NC(c3ccc(C(Nc4cccc(Oc5ccc(C(N)=O)c(C#N)c5)c4)P4(=O)Oc5ccccc5-c5ccccc54)cc3)P3(=O)Oc4ccccc4-c4ccccc43)c2)cc1C#N,O=P1(C(Nc2cccc(Oc3ccccc3)c2)c2ccc(C(Nc3cccc(Oc4ccccc4)c3)P3(=O)Oc4ccccc4-c4ccccc43)cc2)Oc2ccccc2-c2ccccc21,0.8556701030927835,True,In_domain,Maximum Tanimoto >= 0.70.,PBD,N#Cc1ccc(Oc2cccc(NC(c3ccc(C(Nc4cccc(Oc5ccc(C#N)c(C#N)c5)c4)P4(=O)Oc5ccccc5-c5ccccc54)cc3)P3(=O)Oc4ccccc4-c4ccccc43)c2)cc1C#N,0.8556701030927835,APN-DOPO,N#Cc1ccc(Oc2cccc(NCP3(=O)Oc4ccccc4-c4ccccc43)c2)cc1C#N,0.49572649572649574,DOPO-DDE,O=P1(C(Nc2ccc(Oc3ccc(NC(c4ccc(O)cc4)P4(=O)Oc5ccccc5-c5ccccc54)cc3)cc2)c2ccc(O)cc2)Oc2ccccc2-c2ccccc21,0.48214285714285715,0.8556701030927835,True,0.9728370740508234,2.9402305951956422,4.180142245062899,True,True,True,True,0.5837804132435862,1.0,0.39380825005063136,0.9427983573435682,0.23100900775562339,0.7578122928759515,0.6829595341907146,0.4166666666666667,0.0,0.0,0.6204595341907146,1.0,True,True,26,26
27,FORM_000366,CAND_R2_127,DIB-hydroxy,designed,P-N,B,True,True,True,True,True,Candidate,,DIB-hydroxy,,DDM,DOPO-based (additive),0,1,P-N,100.00%,0.00%,O=P1(C(Nc2ccc(NC(c3c[nH]c(O)n3)P3(=O)Oc4ccccc4-c4ccccc43)cc2)c2c[nH]cn2)Oc2ccccc2-c2ccccc21,,NC1=CC=C(CC2=CC=C(N)C=C2)C=C1,10.0,0.8692711497902876,1.1793001544953083,0.0,0.0,0.0,1.3566539678439984,0.0,0.0,0.0,1,1,0,0,0,1,0,0,0,0,0,160.0,3.2,,24.8,,3.2,,,3.0,50.0,,1184.0,,,87.2,,,159.0,,,17.0,,,62.6,,,97.55,,,,,Virtual screening scenario,,,,,,,,,,,,,,,,,,,,,,,,,,,,,,,,35.65042693152747,29.244014139024333,42.05683972403061,12.812825585006273,True,GBDT,compact,260,736.172774012084,205.96651781574417,1266.379030208424,1060.4125123926797,True,GBDT,compact,330,62.60127152046142,32.07651843230858,93.12602460861424,61.04950617630567,True,GBDT,descriptors,30,0.6926806933096818,1,0.8514966017028013,ExtraTrees,morgan_r3,ALL,151.11221313476562,123.91580200195312,178.30862426757812,54.392822265625,True,XGB,morgan_r3,270,74.49959810243489,50.400682419086415,98.59851378578335,48.197831366696946,True,GBDT,compact,140,363,True,O=P1(C(Nc2ccc(NC(c3c[nH]c(O)n3)P3(=O)Oc4ccccc4-c4ccccc43)cc2)c2c[nH]cn2)Oc2ccccc2-c2ccccc21,O=P1(C(Nc2ccc(NC(c3c[nH]cn3)P3(=O)Oc4ccccc4-c4ccccc43)cc2)c2c[nH]cn2)Oc2ccccc2-c2ccccc21,0.8181818181818182,True,In_domain,Maximum Tanimoto >= 0.70.,DIB,O=P1(C(Nc2ccc(NC(c3c[nH]cn3)P3(=O)Oc4ccccc4-c4ccccc43)cc2)c2c[nH]cn2)Oc2ccccc2-c2ccccc21,0.8181818181818182,PBI,O=P1(C(Nc2nc3ccccc3s2)c2c[nH]cn2)Oc2ccccc2-c2ccccc21,0.5656565656565656,PBO,O=P1(C(Nc2ccc(NC(c3c[nH]c4ccccc34)P3(=O)Oc4ccccc4-c4ccccc43)cc2)c2c[nH]c3ccccc23)Oc2ccccc2-c2ccccc21,0.47,0.8181818181818182,True,0.9752494336171336,2.11140073298503,-0.9544095511151633,True,True,True,True,0.5760171288573156,0.9601149313456586,0.44108079413007284,0.9871738715574975,0.018393199394162604,0.8863220163966706,0.6833488667571922,0.4268664302073136,0.0,0.0,0.6193189022260952,1.0,True,True,27,27
28,FORM_000231,CAND_R2_077,TDCA-DOPO-2-boronic-acid,designed,P-B,B,True,True,True,True,True,Candidate,,TDCA-DOPO-2-boronic-acid,,DDM,DOPO-based (additive),0,1,P-B,100.00%,0.00%,O=P(OC(c1ccc(C(OP(=O)(c2ccccc2)c2ccc(B(O)O)cc2)P2(=O)Oc3ccccc3-c3ccccc32)cc1)P1(=O)Oc2ccccc2-c2ccccc21)(c1ccccc1)c1ccccc1,,NC1=CC=C(CC2=CC=C(N)C=C2)C=C1,10.0,1.2258944173004125,0.0,0.0,0.1069798091936144,0.0,0.0,0.0,0.0872667398463227,0.0,1,0,0,1,0,1,0,0,0,0,0,160.0,3.2,,24.8,,3.2,,,3.0,50.0,,1184.0,,,87.2,,,159.0,,,17.0,,,62.6,,,97.55,,,,,Virtual screening scenario,,,,,,,,,,,,,,,,,,,,,,,,,,,,,,,,34.05078739897599,27.644374606472855,40.45720019147913,12.812825585006273,True,GBDT,compact,260,594.6613304562045,64.45507425986466,1124.8675866525443,1060.4125123926797,True,GBDT,compact,330,56.11359613243899,25.588843044286158,86.63834922059183,61.04950617630567,True,GBDT,descriptors,30,0.6829768361328801,1,0.8660779097552046,ExtraTrees,morgan_r3,ALL,152.44711303710938,125.25070190429688,179.64352416992188,54.392822265625,True,XGB,morgan_r3,270,72.23694556522872,48.13802988188025,96.3358612485772,48.197831366696946,True,GBDT,compact,140,228,True,O=P(OC(c1ccc(C(OP(=O)(c2ccccc2)c2ccc(B(O)O)cc2)P2(=O)Oc3ccccc3-c3ccccc32)cc1)P1(=O)Oc2ccccc2-c2ccccc21)(c1ccccc1)c1ccccc1,O=P(OC(c1ccc(C(OP(=O)(c2ccccc2)c2ccccc2)P2(=O)Oc3ccccc3-c3ccccc32)cc1)P1(=O)Oc2ccccc2-c2ccccc21)(c1ccccc1)c1ccccc1,0.8243243243243243,True,In_domain,Maximum Tanimoto >= 0.70.,TDCA-DOPO-2,O=P(OC(c1ccc(C(OP(=O)(c2ccccc2)c2ccccc2)P2(=O)Oc3ccccc3-c3ccccc32)cc1)P1(=O)Oc2ccccc2-c2ccccc21)(c1ccccc1)c1ccccc1,0.8243243243243243,TDCA-DOPO-3,O=P(Oc1ccccc1)(Oc1ccccc1)OC(c1ccc(C(OP(=O)(Oc2ccccc2)Oc2ccccc2)P2(=O)Oc3ccccc3-c3ccccc32)cc1)P1(=O)Oc2ccccc2-c2ccccc21,0.5617977528089888,TDCA-DOPO-1,O=P1(C(OP(c2ccccc2)c2ccccc2)c2ccc(C(OP(c3ccccc3)c3ccccc3)P3(=O)Oc4ccccc4-c4ccccc43)cc2)Oc2ccccc2-c2ccccc21,0.4835164835164835,0.8243243243243243,True,0.9776796516258673,1.462936102073091,-1.596360221277821,True,True,True,True,0.39839231601197306,0.891695863239268,0.7255933371563243,1.0,0.05572841960342318,0.7636434992412627,0.6850734951659817,0.4436756035532055,0.0,0.0,0.6185221546330009,1.0,True,True,28,28
29,FORM_000183,CAND_R2_059,PBD-nitrile-to-amide,designed,P-N,B,True,True,True,True,True,Candidate,,PBD-nitrile-to-amide,,DDM,DOPO-based (additive),0,1,P-N,100.00%,0.00%,N#Cc1ccc(Oc2cccc(NC(c3ccc(C(Nc4cccc(Oc5ccc(C#N)c(C(N)=O)c5)c4)P4(=O)Oc5ccccc5-c5ccccc54)cc3)P3(=O)Oc4ccccc4-c4ccccc43)c2)cc1C#N,,NC1=CC=C(CC2=CC=C(N)C=C2)C=C1,10.0,0.6079514172742286,0.8247797025014647,0.0,0.0,0.0,1.3566539678439986,0.0,0.0,0.0,1,1,0,0,0,1,0,0,0,0,0,160.0,3.2,,24.8,,3.2,,,3.0,50.0,,1184.0,,,87.2,,,159.0,,,17.0,,,62.6,,,97.55,,,,,Virtual screening scenario,,,,,,,,,,,,,,,,,,,,,,,,,,,,,,,,35.66301404347844,29.256601250975304,42.069426835981574,12.812825585006273,True,GBDT,compact,260,759.6852908315041,229.47903463516423,1289.891547027844,1060.4125123926797,True,GBDT,compact,330,63.667071678176974,33.14231859002414,94.1918247663298,61.04950617630567,True,GBDT,descriptors,30,0.6988594556583614,1,0.8418196675810408,ExtraTrees,morgan_r3,ALL,158.0400390625,130.8436279296875,185.2364501953125,54.392822265625,True,XGB,morgan_r3,270,72.22901955781296,48.13010387446449,96.32793524116144,48.197831366696946,True,GBDT,compact,140,180,True,N#Cc1ccc(Oc2cccc(NC(c3ccc(C(Nc4cccc(Oc5ccc(C#N)c(C(N)=O)c5)c4)P4(=O)Oc5ccccc5-c5ccccc54)cc3)P3(=O)Oc4ccccc4-c4ccccc43)c2)cc1C#N,O=P1(C(Nc2cccc(Oc3ccccc3)c2)c2ccc(C(Nc3cccc(Oc4ccccc4)c3)P3(=O)Oc4ccccc4-c4ccccc43)cc2)Oc2ccccc2-c2ccccc21,0.8469387755102041,True,In_domain,Maximum Tanimoto >= 0.70.,PBD,N#Cc1ccc(Oc2cccc(NC(c3ccc(C(Nc4cccc(Oc5ccc(C#N)c(C#N)c5)c4)P4(=O)Oc5ccccc5-c5ccccc54)cc3)P3(=O)Oc4ccccc4-c4ccccc43)c2)cc1C#N,0.8469387755102041,APN-DOPO,N#Cc1ccc(Oc2cccc(NCP3(=O)Oc4ccccc4-c4ccccc43)c2)cc1C#N,0.5042735042735043,DOPO-DDE,O=P1(C(Nc2ccc(Oc3ccc(NC(c4ccc(O)cc4)P4(=O)Oc5ccccc5-c5ccccc54)cc3)cc2)c2ccc(O)cc2)Oc2ccccc2-c2ccccc21,0.4778761061946903,0.8469387755102041,True,0.9736366112635068,2.943488481909619,4.268146173937577,True,True,True,True,0.5774148083713925,1.0,0.39380825005063136,0.9427983573435682,0.21215447402551124,0.7632137598885608,0.6803411065445256,0.4166666666666667,0.0,0.0,0.6178411065445256,1.0,True,True,29,29
30,FORM_000675,CAND_R2_232,PAD-disiloxane,designed,P-N-Si-S,B,True,True,True,True,True,Candidate,,PAD-disiloxane,,DDM,DOPO-based (additive),0,1,P-N-Si-S,100.00%,0.00%,C[Si](C)(C)O[Si](C)(C)c1ccc2nc(NC(c3ccc(OP(=O)(Oc4ccc(C(Nc5nc6ccccc6s5)P5(=O)Oc6ccccc6-c6ccccc65)cc4)c4ccccc4)cc3)P3(=O)Oc4ccccc4-c4ccccc43)sc2c1,,NC1=CC=C(CC2=CC=C(N)C=C2)C=C1,10.0,0.7683434748850856,0.4632783217199542,0.530304345776889,0.0,0.4644690134870647,0.6029573190417771,0.6901917737457223,0.0,0.604507005875896,1,1,1,0,1,1,0,0,0,0,0,160.0,3.2,,24.8,,3.2,,,3.0,50.0,,1184.0,,,87.2,,,159.0,,,17.0,,,62.6,,,97.55,,,,,Virtual screening scenario,,,,,,,,,,,,,,,,,,,,,,,,,,,,,,,,34.781358591993836,28.3749457994907,41.18777138449697,12.812825585006273,True,GBDT,compact,260,699.387124758865,169.18086856252512,1229.5933809552048,1060.4125123926797,True,GBDT,compact,330,63.11283882454177,32.58808573638893,93.6375919126946,61.04950617630567,True,GBDT,descriptors,30,0.6908680207873725,1,0.8542775945628445,ExtraTrees,morgan_r3,ALL,151.82571411132812,124.62930297851562,179.02212524414062,54.392822265625,True,XGB,morgan_r3,270,75.62895713673247,51.530041453383994,99.72787282008093,48.197831366696946,True,GBDT,compact,140,672,True,C[Si](C)(C)O[Si](C)(C)c1ccc2nc(NC(c3ccc(OP(=O)(Oc4ccc(C(Nc5nc6ccccc6s5)P5(=O)Oc6ccccc6-c6ccccc65)cc4)c4ccccc4)cc3)P3(=O)Oc4ccccc4-c4ccccc43)sc2c1,O=P(Oc1ccc(C(Nc2nc3ccccc3s2)P2(=O)Oc3ccccc3-c3ccccc32)cc1)(Oc1ccc(C(Nc2nc3ccccc3s2)P2(=O)Oc3ccccc3-c3ccccc32)cc1)c1ccccc1,0.7964601769911505,True,In_domain,Maximum Tanimoto >= 0.70.,PAD,O=P(Oc1ccc(C(Nc2nc3ccccc3s2)P2(=O)Oc3ccccc3-c3ccccc32)cc1)(Oc1ccc(C(Nc2nc3ccccc3s2)P2(=O)Oc3ccccc3-c3ccccc32)cc1)c1ccccc1,0.7964601769911505,BPD,O=P1(C(Nc2nc3ccccc3s2)c2ccc(C(Nc3nc4ccccc4s3)P3(=O)Oc4ccccc4-c4ccccc43)cc2)Oc2ccccc2-c2ccccc21,0.6052631578947368,D-P-A,O=P1(C(Nc2nc3ccccc3s2)c2ccc(O)cc2)Oc2ccccc2-c2ccccc21,0.575,0.7964601769911505,True,0.9757129324271409,3.3487624847479176,-2.214395016793791,True,True,True,True,0.47951532453315515,0.9473343058171881,0.515039326054541,0.9658743230358903,0.038348790096291274,0.9475546137068896,0.6801429962684731,0.4300723285320835,0.0,0.0,0.6156321469886605,1.0,True,True,30,30
32,FORM_000237,CAND_R2_079,TDCA-DOPO-2-trimethoxysilyl,designed,P-Si,B,True,True,True,True,True,Candidate,,TDCA-DOPO-2-trimethoxysilyl,,DDS,DOPO-based (Additive + Secondary Crosslinking),3,1,P-Si,100.00%,0.00%,CO[Si](OC)(OC)c1ccc(P(=O)(OC(c2ccc(C(OP(=O)(c3ccccc3)c3ccccc3)P3(=O)Oc4ccccc4-c4ccccc43)cc2)P2(=O)Oc3ccccc3-c3ccccc32)c2ccccc2)cc1,,NC1=CC=C(C=C1)S(=O)(=O)C1=CC=C(N)C=C1,10.0,1.1397766370443962,0.0,0.0,0.0,0.2583761108351272,0.0,0.0,0.0,0.226690127203461,1,0,0,0,1,1,1,0,0,0,0,250.0,4.0,,22.4,,3.0,,,4.0,50.0,,867.99,,,114.145,,,180.0,,,16.9,,,52.14,,,95.65,,,,,Virtual screening scenario,,,,,,,,,,,,,,,,,,,,,,,,,,,,,,,,41.65064612882486,35.24423333632173,48.05705892132799,12.812825585006273,True,GBDT,compact,260,321.6655757395957,-208.54068045674416,851.8718319359355,1060.4125123926797,True,GBDT,compact,330,76.94077449599645,46.416021407843616,107.46552758414929,61.04950617630567,True,GBDT,descriptors,30,0.6623120402348177,1,0.8946192063792436,ExtraTrees,morgan_r3,ALL,170.0486297607422,142.8522186279297,197.2450408935547,54.392822265625,True,XGB,morgan_r3,270,52.39614759480796,28.297231911459484,76.49506327815644,48.197831366696946,True,GBDT,compact,140,234,True,CO[Si](OC)(OC)c1ccc(P(=O)(OC(c2ccc(C(OP(=O)(c3ccccc3)c3ccccc3)P3(=O)Oc4ccccc4-c4ccccc43)cc2)P2(=O)Oc3ccccc3-c3ccccc32)c2ccccc2)cc1,O=P(OC(c1ccc(C(OP(=O)(c2ccccc2)c2ccccc2)P2(=O)Oc3ccccc3-c3ccccc32)cc1)P1(=O)Oc2ccccc2-c2ccccc21)(c1ccccc1)c1ccccc1,0.7922077922077922,True,In_domain,Maximum Tanimoto >= 0.70.,TDCA-DOPO-2,O=P(OC(c1ccc(C(OP(=O)(c2ccccc2)c2ccccc2)P2(=O)Oc3ccccc3-c3ccccc32)cc1)P1(=O)Oc2ccccc2-c2ccccc21)(c1ccccc1)c1ccccc1,0.7922077922077922,TDCA-DOPO-3,O=P(Oc1ccccc1)(Oc1ccccc1)OC(c1ccc(C(OP(=O)(Oc2ccccc2)Oc2ccccc2)P2(=O)Oc3ccccc3-c3ccccc32)cc1)P1(=O)Oc2ccccc2-c2ccccc21,0.5434782608695652,TDCA-DOPO-1,O=P1(C(OP(c2ccccc2)c2ccccc2)c2ccc(C(OP(c3ccccc3)c3ccccc3)P3(=O)Oc4ccccc4-c4ccccc43)cc2)Oc2ccccc2-c2ccccc21,0.4838709677419355,0.7922077922077922,True,0.9824365343965407,1.4376833843017087,-1.682701476470246,True,True,True,True,1.0,0.7459944115181726,1.0,0.390136224766907,0.5480173932860277,0.0,0.6820278665856186,0.4765776999046311,0.0,0.0,0.610541211599924,1.0,True,True,31,31
34,FORM_000042,CAND_014,Ti-POSS-bisDOPO-methoxy,designed,P-N-Si,B,True,True,True,True,True,Candidate,,Ti-POSS-bisDOPO-methoxy,,DDM,DOPO-based (additive),0,1,P-N-Si,100.00%,0.00%,CO[Ti]12O[Si@@]3(CC(C)C)O[Si@@]4(CC(C)C)O[Si@@](CC(C)C)(O3)O[Si@]3(CC(C)C)O[Si@@](CC(C)C)(O1)O[Si@](CCCN(CP1(=O)Oc5ccccc5-c5ccccc51)CP1(=O)Oc5ccccc5-c5ccccc51)(O4)O[Si@](CC(C)C)(O2)O3,,NC1=CC=C(CC2=CC=C(N)C=C2)C=C1,10.0,0.467650311588213,0.1057399417966052,0.0,0.0,1.484163920689382,0.2261089946406663,0.0,0.0,3.1736617808484526,1,1,0,0,1,1,0,0,0,0,0,160.0,3.2,,24.8,,3.2,,,3.0,50.0,,1184.0,,,87.2,,,159.0,,,17.0,,,62.6,,,97.55,,,,,Virtual screening scenario,,,,,,,,,,,,,,,,,,,,,,,,,,,,,,,,33.59177768533997,27.185364892836834,39.99819047784311,12.812825585006273,True,GBDT,compact,260,627.067480570121,96.86122437378117,1157.2737367664608,1060.4125123926797,True,GBDT,compact,330,64.52661339594349,34.00186030779065,95.05136648409632,61.04950617630567,True,GBDT,descriptors,30,0.6930080256084368,1,0.8509916082029321,ExtraTrees,morgan_r3,ALL,162.95301818847656,135.75660705566406,190.14942932128906,54.392822265625,True,XGB,morgan_r3,270,69.29168836147603,45.19277267812756,93.3906040448245,48.197831366696946,True,GBDT,compact,140,39,True,CO[Ti]12O[Si@@]3(CC(C)C)O[Si@@]4(CC(C)C)O[Si@@](CC(C)C)(O3)O[Si@]3(CC(C)C)O[Si@@](CC(C)C)(O1)O[Si@](CCCN(CP1(=O)Oc5ccccc5-c5ccccc51)CP1(=O)Oc5ccccc5-c5ccccc51)(O4)O[Si@](CC(C)C)(O2)O3,O=P1(CN(CCC[Si]23O[SiH]4O[SiH]5O[SiH]6O[SiH](O[Ti](O[SiH](O5)O4)O[SiH](O6)O2)O3)CP2(=O)Oc3ccccc3-c3ccccc32)Oc2ccccc2-c2ccccc21,0.851063829787234,True,In_domain,Maximum Tanimoto >= 0.70.,Ti-POSS-bisDOPO,CC(C)C[Si@]12O[Si@@]3(CC(C)C)O[Si@@](CC(C)C)(O1)O[Si@]1(CC(C)C)O[Si@@]4(CC(C)C)O[Ti](OC(C)C)(O2)O[Si@@](CC(C)C)(O[Si@@](CCCN(CP2(=O)Oc5ccccc5-c5ccccc52)CP2(=O)Oc5ccccc5-c5ccccc52)(O3)O4)O1,0.851063829787234,Zr-POSS-bisDOPO,CCCCO[Zr]12O[Si]3(CCCN(CP4(=O)Oc5ccccc5-c5ccccc54)CP4(=O)Oc5ccccc5-c5ccccc54)O[Si]4(CC(C)C)O[Si]5(CC(C)C)O[Si](CC(C)C)(O3)O[Si](CC(C)C)(O[Si](CC(C)C)(O5)O[Si](CC(C)C)(O4)O1)O2,0.6036036036036037,PDB,CC(C)C[Si]12O[Si]3(CCCNC(c4ccc(B(O)O)cc4)P4(=O)Oc5ccccc5-c5ccccc54)O[Si]4(CC(C)C)O[Si](CC(C)C)(O1)O[Si]1(CC(C)C)O[Si](CC(C)C)(O2)O[Si](CC(C)C)(O3)O[Si](CC(C)C)(O4)O1,0.3870967741935484,0.851063829787234,True,0.975165268033822,-1.6995558244936975,0.41311431182709746,True,True,True,True,0.34742363661909315,0.9624228559609831,0.6604399054131163,0.9070105922188489,0.349563396769294,0.6039549123034705,0.6708112289496848,0.4262842791926486,0.0,0.0,0.6068685870707875,1.0,True,True,32,32
35,FORM_000192,CAND_R2_062,PBD-nitrile-to-acid-2,designed,P-N,B,True,True,True,True,True,Candidate,,PBD-nitrile-to-acid-2,,DDM,DOPO-based (additive),0,1,P-N,100.00%,0.00%,N#Cc1ccc(Oc2cccc(NC(c3ccc(C(Nc4cccc(Oc5ccc(C#N)c(C(=O)O)c5)c4)P4(=O)Oc5ccccc5-c5ccccc54)cc3)P3(=O)Oc4ccccc4-c4ccccc43)c2)cc1C#N,,NC1=CC=C(CC2=CC=C(N)C=C2)C=C1,10.0,0.6073648924895116,0.6866533261041995,0.0,0.0,0.0,1.130544973203332,0.0,0.0,0.0,1,1,0,0,0,1,0,0,0,0,0,160.0,3.2,,24.8,,3.2,,,3.0,50.0,,1184.0,,,87.2,,,159.0,,,17.0,,,62.6,,,97.55,,,,,Virtual screening scenario,,,,,,,,,,,,,,,,,,,,,,,,,,,,,,,,34.84276447014097,28.436351677637834,41.24917726264411,12.812825585006273,True,GBDT,compact,260,731.5922434208449,201.38598722450502,1261.7984996171847,1060.4125123926797,True,GBDT,compact,330,63.667071678176974,33.14231859002414,94.1918247663298,61.04950617630567,True,GBDT,descriptors,30,0.7021920411555931,1,0.8364735139733398,ExtraTrees,morgan_r3,ALL,157.9636993408203,130.7672882080078,185.1601104736328,54.392822265625,True,XGB,morgan_r3,270,71.50166560254492,47.402749919196445,95.60058128589338,48.197831366696946,True,GBDT,compact,140,189,True,N#Cc1ccc(Oc2cccc(NC(c3ccc(C(Nc4cccc(Oc5ccc(C#N)c(C(=O)O)c5)c4)P4(=O)Oc5ccccc5-c5ccccc54)cc3)P3(=O)Oc4ccccc4-c4ccccc43)c2)cc1C#N,O=P1(C(Nc2cccc(Oc3ccccc3)c2)c2ccc(C(Nc3cccc(Oc4ccccc4)c3)P3(=O)Oc4ccccc4-c4ccccc43)cc2)Oc2ccccc2-c2ccccc21,0.8556701030927835,True,In_domain,Maximum Tanimoto >= 0.70.,PBD,N#Cc1ccc(Oc2cccc(NC(c3ccc(C(Nc4cccc(Oc5ccc(C#N)c(C#N)c5)c4)P4(=O)Oc5ccccc5-c5ccccc54)cc3)P3(=O)Oc4ccccc4-c4ccccc43)c2)cc1C#N,0.8556701030927835,APN-DOPO,N#Cc1ccc(Oc2cccc(NCP3(=O)Oc4ccccc4-c4ccccc43)c2)cc1C#N,0.49572649572649574,DOPO-DDE,O=P1(C(Nc2ccc(Oc3ccc(NC(c4ccc(O)cc4)P4(=O)Oc5ccccc5-c5ccccc54)cc3)cc2)c2ccc(O)cc2)Oc2ccccc2-c2ccccc21,0.48214285714285715,0.8556701030927835,True,0.9727455856622234,2.965075942319077,4.094502362577949,True,True,True,True,0.48633386545536605,1.0,0.450290073423506,0.9427983573435682,0.2100193623855893,0.7237774331825686,0.6692641388013039,0.4166666666666667,0.0,0.0,0.6067641388013039,1.0,True,True,33,33
36,FORM_000243,CAND_R2_081,TDCA-DOPO-2-disiloxane,designed,P-Si,B,True,True,True,True,True,Candidate,,TDCA-DOPO-2-disiloxane,,DDM,DOPO-based (additive),0,1,P-Si,100.00%,0.00%,C[Si](C)(C)O[Si](C)(C)c1ccc(P(=O)(OC(c2ccc(C(OP(=O)(c3ccccc3)c3ccccc3)P3(=O)Oc4ccccc4-c4ccccc43)cc2)P2(=O)Oc3ccccc3-c3ccccc32)c2ccccc2)cc1,,NC1=CC=C(CC2=CC=C(N)C=C2)C=C1,10.0,1.1129936092880022,0.0,0.0,0.0,0.5046093257322727,0.0,0.0,0.0,0.4533802544069219,1,0,0,0,1,1,0,0,0,0,0,160.0,3.2,,24.8,,3.2,,,3.0,50.0,,1184.0,,,87.2,,,159.0,,,17.0,,,62.6,,,97.55,,,,,Virtual screening scenario,,,,,,,,,,,,,,,,,,,,,,,,,,,,,,,,34.393827678853725,27.98741488635059,40.80024047135686,12.812825585006273,True,GBDT,compact,260,596.1388572554335,65.93260105909371,1126.3451134517734,1060.4125123926797,True,GBDT,compact,330,56.36508770111311,25.840334612960277,86.88984078926595,61.04950617630567,True,GBDT,descriptors,30,0.6777685004372115,1,0.8735934410092205,ExtraTrees,morgan_r3,ALL,151.84149169921875,124.64508056640625,179.03790283203125,54.392822265625,True,XGB,morgan_r3,270,70.34626692936456,46.24735124601609,94.44518261271304,48.197831366696946,True,GBDT,compact,140,240,True,C[Si](C)(C)O[Si](C)(C)c1ccc(P(=O)(OC(c2ccc(C(OP(=O)(c3ccccc3)c3ccccc3)P3(=O)Oc4ccccc4-c4ccccc43)cc2)P2(=O)Oc3ccccc3-c3ccccc32)c2ccccc2)cc1,O=P(OC(c1ccc(C(OP(=O)(c2ccccc2)c2ccccc2)P2(=O)Oc3ccccc3-c3ccccc32)cc1)P1(=O)Oc2ccccc2-c2ccccc21)(c1ccccc1)c1ccccc1,0.7721518987341772,True,In_domain,Maximum Tanimoto >= 0.70.,TDCA-DOPO-2,O=P(OC(c1ccc(C(OP(=O)(c2ccccc2)c2ccccc2)P2(=O)Oc3ccccc3-c3ccccc32)cc1)P1(=O)Oc2ccccc2-c2ccccc21)(c1ccccc1)c1ccccc1,0.7721518987341772,TDCA-DOPO-3,O=P(Oc1ccccc1)(Oc1ccccc1)OC(c1ccc(C(OP(=O)(Oc2ccccc2)Oc2ccccc2)P2(=O)Oc3ccccc3-c3ccccc32)cc1)P1(=O)Oc2ccccc2-c2ccccc21,0.5319148936170213,TDCA-DOPO-1,O=P1(C(OP(c2ccccc2)c2ccccc2)c2ccc(C(OP(c3ccccc3)c3ccccc3)P3(=O)Oc4ccccc4-c4ccccc43)cc2)Oc2ccccc2-c2ccccc21,0.4583333333333333,0.7721518987341772,True,0.9789322401682035,1.492776761479084,-1.559752651636153,True,True,True,True,0.43648368864422293,0.8549734065717493,0.7226227299992283,1.0,0.03879006641763432,0.6611329954625331,0.6728082712310569,0.45233942624875584,0.0,0.0,0.6049573572937436,1.0,True,True,34,34
37,FORM_000807,CAND_R2_276,Ti-POSS-bisDOPO-hydroxy,designed,P-N-Si,B,True,True,True,True,True,Candidate,,Ti-POSS-bisDOPO-hydroxy,,DDM,DOPO-based (additive),0,1,P-N-Si,100.00%,0.00%,CC(C)C[Si@]12O[Si@@]3(CC(C)C)O[Si@@](CC(C)C)(O1)O[Si@]1(CC(C)C)O[Si@@]4(CC(C)C)O[Ti](OC(C)C)(O2)O[Si@@](CC(C)C)(O[Si@@](CCCN(CP2(=O)Oc5ccccc5-c5ccccc52)CP2(=O)Oc5ccc(O)cc5-c5ccccc52)(O3)O4)O1,,NC1=CC=C(CC2=CC=C(N)C=C2)C=C1,10.0,0.4525987091570361,0.1023366391031607,0.0,0.0,1.43639522531303,0.2261089946406663,0.0,0.0,3.173661780848452,1,1,0,0,1,1,0,0,0,0,0,160.0,3.2,,24.8,,3.2,,,3.0,50.0,,1184.0,,,87.2,,,159.0,,,17.0,,,62.6,,,97.55,,,,,Virtual screening scenario,,,,,,,,,,,,,,,,,,,,,,,,,,,,,,,,33.74396228458086,27.337549492077724,40.15037507708399,12.812825585006273,True,GBDT,compact,260,611.5434571553907,81.33720095905085,1141.7497133517304,1060.4125123926797,True,GBDT,compact,330,64.52661339594349,34.00186030779065,95.05136648409632,61.04950617630567,True,GBDT,descriptors,30,0.6836618202463769,1,0.8650733431351502,ExtraTrees,morgan_r3,ALL,162.96604919433594,135.76963806152344,190.16246032714844,54.392822265625,True,XGB,morgan_r3,270,69.81537499616053,45.716459312812056,93.91429067950901,48.197831366696946,True,GBDT,compact,140,804,True,CC(C)C[Si@]12O[Si@@]3(CC(C)C)O[Si@@](CC(C)C)(O1)O[Si@]1(CC(C)C)O[Si@@]4(CC(C)C)O[Ti](OC(C)C)(O2)O[Si@@](CC(C)C)(O[Si@@](CCCN(CP2(=O)Oc5ccccc5-c5ccccc52)CP2(=O)Oc5ccc(O)cc5-c5ccccc52)(O3)O4)O1,O=P1(CN(CCC[Si]23O[SiH]4O[SiH]5O[SiH]6O[SiH](O[Ti](O[SiH](O5)O4)O[SiH](O6)O2)O3)CP2(=O)Oc3ccccc3-c3ccccc32)Oc2ccccc2-c2ccccc21,0.8461538461538461,True,In_domain,Maximum Tanimoto >= 0.70.,Ti-POSS-bisDOPO,CC(C)C[Si@]12O[Si@@]3(CC(C)C)O[Si@@](CC(C)C)(O1)O[Si@]1(CC(C)C)O[Si@@]4(CC(C)C)O[Ti](OC(C)C)(O2)O[Si@@](CC(C)C)(O[Si@@](CCCN(CP2(=O)Oc5ccccc5-c5ccccc52)CP2(=O)Oc5ccccc5-c5ccccc52)(O3)O4)O1,0.8461538461538461,Zr-POSS-bisDOPO,CCCCO[Zr]12O[Si]3(CCCN(CP4(=O)Oc5ccccc5-c5ccccc54)CP4(=O)Oc5ccccc5-c5ccccc54)O[Si]4(CC(C)C)O[Si]5(CC(C)C)O[Si](CC(C)C)(O3)O[Si](CC(C)C)(O[Si](CC(C)C)(O5)O[Si](CC(C)C)(O4)O1)O2,0.53125,PDC,CC(C)C[Si]12O[Si]3(CCCNC(c4ccc(O)c(O)c4)P4(=O)Oc5ccccc5-c5ccccc54)O[Si]4(CC(C)C)O[Si](CC(C)C)(O1)O[Si]1(CC(C)C)O[Si](CC(C)C)(O2)O[Si](CC(C)C)(O3)O[Si](CC(C)C)(O4)O1,0.36428571428571427,0.8461538461538461,True,0.9775122238558583,-1.7735584363061974,0.40965588747864706,True,True,True,True,0.36432229435293273,0.8965254865384622,0.6916513697918252,0.9070105922188489,0.3499278551623568,0.6323486222261292,0.6701295963192624,0.44251755007862653,0.0,0.0,0.6037519638074684,1.0,True,True,35,35
38,FORM_000671,CAND_R2_231,PAD-triethoxysilyl,designed,P-N-Si-S,B,True,True,True,True,True,Candidate,,PAD-triethoxysilyl,,DDS,DOPO-based (Additive + Secondary Crosslinking),3,1,P-N-Si-S,100.00%,0.00%,CCO[Si](OCC)(OCC)c1ccc2nc(NC(c3ccc(OP(=O)(Oc4ccc(C(Nc5nc6ccccc6s5)P5(=O)Oc6ccccc6-c6ccccc65)cc4)c4ccccc4)cc3)P3(=O)Oc4ccccc4-c4ccccc43)sc2c1,,NC1=CC=C(C=C1)S(=O)(=O)C1=CC=C(N)C=C1,5.29,0.4011717745147325,0.2418894576366354,0.2768854586290422,0.0,0.1212555741269105,0.6029573190417771,0.6901917737457223,0.0,0.302253502937948,1,1,1,0,1,1,1,0,0,0,0,250.0,4.0,,22.4,,3.0,,,4.0,50.0,,867.99,,,114.145,,,180.0,,,16.9,,,52.14,,,95.65,,,,,Virtual screening scenario,,,,,,,,,,,,,,,,,,,,,,,,,,,,,,,,40.04129990598458,33.63488711348144,46.44771269848772,12.812825585006273,True,GBDT,compact,260,422.46233528985965,-107.74392090648018,952.6685914861995,1060.4125123926797,True,GBDT,compact,330,82.87469200278659,52.34993891463375,113.39944509093942,61.04950617630567,True,GBDT,descriptors,30,0.6597342132203748,1,0.8979399245074713,ExtraTrees,morgan_r3,ALL,184.15792846679688,156.96151733398438,211.35433959960938,54.392822265625,True,XGB,morgan_r3,270,59.38504643322876,35.286130749880286,83.48396211657723,48.197831366696946,True,GBDT,compact,140,669,True,CCO[Si](OCC)(OCC)c1ccc2nc(NC(c3ccc(OP(=O)(Oc4ccc(C(Nc5nc6ccccc6s5)P5(=O)Oc6ccccc6-c6ccccc65)cc4)c4ccccc4)cc3)P3(=O)Oc4ccccc4-c4ccccc43)sc2c1,O=P(Oc1ccc(C(Nc2nc3ccccc3s2)P2(=O)Oc3ccccc3-c3ccccc32)cc1)(Oc1ccc(C(Nc2nc3ccccc3s2)P2(=O)Oc3ccccc3-c3ccccc32)cc1)c1ccccc1,0.7894736842105263,True,In_domain,Maximum Tanimoto >= 0.70.,PAD,O=P(Oc1ccc(C(Nc2nc3ccccc3s2)P2(=O)Oc3ccccc3-c3ccccc32)cc1)(Oc1ccc(C(Nc2nc3ccccc3s2)P2(=O)Oc3ccccc3-c3ccccc32)cc1)c1ccccc1,0.7894736842105263,BPD,O=P1(C(Nc2nc3ccccc3s2)c2ccc(C(Nc3nc4ccccc4s3)P3(=O)Oc4ccccc4-c4ccccc43)cc2)Oc2ccccc2-c2ccccc21,0.6,D-P-A,O=P1(C(Nc2nc3ccccc3s2)c2ccc(O)cc2)Oc2ccccc2-c2ccccc21,0.5702479338842975,0.7894736842105263,True,0.9829899874179119,2.8870541268066674,-2.407551432390363,True,True,True,True,1.0,0.727818904721834,1.0,0.14307242133188713,0.9426340782254035,0.06682774772007807,0.6751244478052923,0.4804057876488595,0.0,0.0,0.6030635796579634,1.0,True,True,36,36
39,FORM_000810,CAND_R2_277,Ti-POSS-bisDOPO-boronic-acid,designed,P-N-Si-B,B,True,True,True,True,True,Candidate,,Ti-POSS-bisDOPO-boronic-acid,,DDM,DOPO-based (additive),0,1,P-N-Si-B,100.00%,0.00%,CC(C)C[Si@]12O[Si@@]3(CC(C)C)O[Si@@](CC(C)C)(O1)O[Si@]1(CC(C)C)O[Si@@]4(CC(C)C)O[Ti](OC(C)C)(O2)O[Si@@](CC(C)C)(O[Si@@](CCCN(CP2(=O)Oc5ccccc5-c5ccccc52)CP2(=O)Oc5ccc(B(O)O)cc5-c5ccccc52)(O3)O4)O1,,NC1=CC=C(CC2=CC=C(N)C=C2)C=C1,10.0,0.4435829483930609,0.1002980945008975,0.0,0.077420075515364,1.407782249951129,0.2261089946406663,0.0,0.1745334796926454,3.1736617808484526,1,1,0,1,1,1,0,0,0,0,0,160.0,3.2,,24.8,,3.2,,,3.0,50.0,,1184.0,,,87.2,,,159.0,,,17.0,,,62.6,,,97.55,,,,,Virtual screening scenario,,,,,,,,,,,,,,,,,,,,,,,,,,,,,,,,33.79990726610846,27.393494473605326,40.206320058611595,12.812825585006273,True,GBDT,compact,260,634.995185311936,104.78892911559615,1165.2014415082758,1060.4125123926797,True,GBDT,compact,330,64.52661339594349,34.00186030779065,95.05136648409632,61.04950617630567,True,GBDT,descriptors,30,0.6818023655770554,1,0.8677915994823467,ExtraTrees,morgan_r3,ALL,162.9211883544922,135.7247772216797,190.1175994873047,54.392822265625,True,XGB,morgan_r3,270,71.76637176921781,47.66745608586934,95.86528745256629,48.197831366696946,True,GBDT,compact,140,807,True,CC(C)C[Si@]12O[Si@@]3(CC(C)C)O[Si@@](CC(C)C)(O1)O[Si@]1(CC(C)C)O[Si@@]4(CC(C)C)O[Ti](OC(C)C)(O2)O[Si@@](CC(C)C)(O[Si@@](CCCN(CP2(=O)Oc5ccccc5-c5ccccc52)CP2(=O)Oc5ccc(B(O)O)cc5-c5ccccc52)(O3)O4)O1,O=P1(CN(CCC[Si]23O[SiH]4O[SiH]5O[SiH]6O[SiH](O[Ti](O[SiH](O5)O4)O[SiH](O6)O2)O3)CP2(=O)Oc3ccccc3-c3ccccc32)Oc2ccccc2-c2ccccc21,0.822429906542056,True,In_domain,Maximum Tanimoto >= 0.70.,Ti-POSS-bisDOPO,CC(C)C[Si@]12O[Si@@]3(CC(C)C)O[Si@@](CC(C)C)(O1)O[Si@]1(CC(C)C)O[Si@@]4(CC(C)C)O[Ti](OC(C)C)(O2)O[Si@@](CC(C)C)(O[Si@@](CCCN(CP2(=O)Oc5ccccc5-c5ccccc52)CP2(=O)Oc5ccccc5-c5ccccc52)(O3)O4)O1,0.822429906542056,Zr-POSS-bisDOPO,CCCCO[Zr]12O[Si]3(CCCN(CP4(=O)Oc5ccccc5-c5ccccc54)CP4(=O)Oc5ccccc5-c5ccccc54)O[Si]4(CC(C)C)O[Si]5(CC(C)C)O[Si](CC(C)C)(O3)O[Si](CC(C)C)(O[Si](CC(C)C)(O5)O[Si](CC(C)C)(O4)O1)O2,0.5190839694656488,PDB,CC(C)C[Si]12O[Si]3(CCCNC(c4ccc(B(O)O)cc4)P4(=O)Oc5ccccc5-c5ccccc54)O[Si]4(CC(C)C)O[Si](CC(C)C)(O1)O[Si]1(CC(C)C)O[Si](CC(C)C)(O2)O[Si](CC(C)C)(O3)O[Si](CC(C)C)(O4)O1,0.39855072463768115,0.822429906542056,True,0.9779652665803912,-2.2090512201220593,0.246161681134604,True,True,True,True,0.370534454449793,0.8834150137292384,0.6445010429453302,0.9070105922188489,0.3486731623337799,0.7381295086671326,0.6697724877687333,0.44565112643366883,0.0,0.0,0.602924818803683,1.0,True,True,37,37
40,FORM_000162,CAND_R2_052,PBD-disiloxane,designed,P-N-Si,B,True,True,True,True,True,Candidate,,PBD-disiloxane,,DDM,DOPO-based (additive),0,1,P-N-Si,100.00%,0.00%,C[Si](C)(C)O[Si](C)(C)c1cc(Oc2cccc(NC(c3ccc(C(Nc4cccc(Oc5ccc(C#N)c(C#N)c5)c4)P4(=O)Oc5ccccc5-c5ccccc54)cc3)P3(=O)Oc4ccccc4-c4ccccc43)c2)cc(C#N)c1C#N,,NC1=CC=C(CC2=CC=C(N)C=C2)C=C1,10.0,0.5399525488849336,0.7325287678922255,0.0,0.0,0.4896076479622344,1.3566539678439982,0.0,0.0,0.9067605088138442,1,1,0,0,1,1,0,0,0,0,0,160.0,3.2,,24.8,,3.2,,,3.0,50.0,,1184.0,,,87.2,,,159.0,,,17.0,,,62.6,,,97.55,,,,,Virtual screening scenario,,,,,,,,,,,,,,,,,,,,,,,,,,,,,,,,34.60702514628373,28.200612353780595,41.013437938786865,12.812825585006273,True,GBDT,compact,260,743.4897960354506,213.28353983911074,1273.6960522317904,1060.4125123926797,True,GBDT,compact,330,64.18538657533392,33.66063348718109,94.71013966348676,61.04950617630567,True,GBDT,descriptors,30,0.6959536238651685,1,0.8464087091764323,ExtraTrees,morgan_r3,ALL,159.1691131591797,131.9727020263672,186.3655242919922,54.392822265625,True,XGB,morgan_r3,270,72.9322420033087,48.83332631996023,97.03115768665717,48.197831366696946,True,GBDT,compact,140,159,True,C[Si](C)(C)O[Si](C)(C)c1cc(Oc2cccc(NC(c3ccc(C(Nc4cccc(Oc5ccc(C#N)c(C#N)c5)c4)P4(=O)Oc5ccccc5-c5ccccc54)cc3)P3(=O)Oc4ccccc4-c4ccccc43)c2)cc(C#N)c1C#N,O=P1(C(Nc2cccc(Oc3ccccc3)c2)c2ccc(C(Nc3cccc(Oc4ccccc4)c3)P3(=O)Oc4ccccc4-c4ccccc43)cc2)Oc2ccccc2-c2ccccc21,0.7757009345794392,True,In_domain,Maximum Tanimoto >= 0.70.,PBD,N#Cc1ccc(Oc2cccc(NC(c3ccc(C(Nc4cccc(Oc5ccc(C#N)c(C#N)c5)c4)P4(=O)Oc5ccccc5-c5ccccc54)cc3)P3(=O)Oc4ccccc4-c4ccccc43)c2)cc1C#N,0.7757009345794392,APN-DOPO,N#Cc1ccc(Oc2cccc(NCP3(=O)Oc4ccccc4-c4ccccc43)c2)cc1C#N,0.4566929133858268,DOPO-DDE,O=P1(C(Nc2ccc(Oc3ccc(NC(c4ccc(O)cc4)P4(=O)Oc5ccccc5-c5ccccc54)cc3)cc2)c2ccc(O)cc2)Oc2ccccc2-c2ccccc21,0.43089430894308944,0.7757009345794392,True,0.9744014515294054,2.933101978089519,4.537713076221303,True,True,True,True,0.4601572472683671,0.9831914105748314,0.42636972560489694,0.9212178669302632,0.24373304404270565,0.8013417028339412,0.6626947247633364,0.42100116303555885,0.0,0.0,0.5995445503080026,1.0,True,True,38,38
41,FORM_000816,CAND_R2_279,Ti-POSS-bisDOPO-disiloxane,designed,P-N-Si,B,True,True,True,True,True,Candidate,,Ti-POSS-bisDOPO-disiloxane,,DDM,DOPO-based (additive),0,1,P-N-Si,100.00%,0.00%,CC(C)C[Si@]12O[Si@@]3(CC(C)C)O[Si@@](CC(C)C)(O1)O[Si@]1(CC(C)C)O[Si@@]4(CC(C)C)O[Ti](OC(C)C)(O2)O[Si@@](CC(C)C)(O[Si@@](CCCN(CP2(=O)Oc5ccccc5-c5ccccc52)CP2(=O)Oc5ccc([Si](C)(C)O[Si](C)(C)C)cc5-c5ccccc52)(O3)O4)O1,,NC1=CC=C(CC2=CC=C(N)C=C2)C=C1,10.0,0.4132464609417789,0.093438741822359,0.0,0.0,1.686220070350895,0.2261089946406664,0.0,0.0,4.080422289662298,1,1,0,0,1,1,0,0,0,0,0,160.0,3.2,,24.8,,3.2,,,3.0,50.0,,1184.0,,,87.2,,,159.0,,,17.0,,,62.6,,,97.55,,,,,Virtual screening scenario,,,,,,,,,,,,,,,,,,,,,,,,,,,,,,,,33.68122433949452,27.274811546991383,40.08763713199765,12.812825585006273,True,GBDT,compact,260,619.7286979966024,89.52244180026253,1149.9349541929423,1060.4125123926797,True,GBDT,compact,330,64.52661339594349,34.00186030779065,95.05136648409632,61.04950617630567,True,GBDT,descriptors,30,0.6812661108508188,1,0.8685703882280748,ExtraTrees,morgan_r3,ALL,162.09205627441406,134.89564514160156,189.28846740722656,54.392822265625,True,XGB,morgan_r3,270,70.44654055641196,46.34762487306349,94.54545623976043,48.197831366696946,True,GBDT,compact,140,813,True,CC(C)C[Si@]12O[Si@@]3(CC(C)C)O[Si@@](CC(C)C)(O1)O[Si@]1(CC(C)C)O[Si@@]4(CC(C)C)O[Ti](OC(C)C)(O2)O[Si@@](CC(C)C)(O[Si@@](CCCN(CP2(=O)Oc5ccccc5-c5ccccc52)CP2(=O)Oc5ccc([Si](C)(C)O[Si](C)(C)C)cc5-c5ccccc52)(O3)O4)O1,O=P1(CN(CCC[Si]23O[SiH]4O[SiH]5O[SiH]6O[SiH](O[Ti](O[SiH](O5)O4)O[SiH](O6)O2)O3)CP2(=O)Oc3ccccc3-c3ccccc32)Oc2ccccc2-c2ccccc21,0.7927927927927928,True,In_domain,Maximum Tanimoto >= 0.70.,Ti-POSS-bisDOPO,CC(C)C[Si@]12O[Si@@]3(CC(C)C)O[Si@@](CC(C)C)(O1)O[Si@]1(CC(C)C)O[Si@@]4(CC(C)C)O[Ti](OC(C)C)(O2)O[Si@@](CC(C)C)(O[Si@@](CCCN(CP2(=O)Oc5ccccc5-c5ccccc52)CP2(=O)Oc5ccccc5-c5ccccc52)(O3)O4)O1,0.7927927927927928,Zr-POSS-bisDOPO,CCCCO[Zr]12O[Si]3(CCCN(CP4(=O)Oc5ccccc5-c5ccccc54)CP4(=O)Oc5ccccc5-c5ccccc54)O[Si]4(CC(C)C)O[Si]5(CC(C)C)O[Si](CC(C)C)(O3)O[Si](CC(C)C)(O[Si](CC(C)C)(O5)O[Si](CC(C)C)(O4)O1)O2,0.5037037037037037,PDC,CC(C)C[Si]12O[Si]3(CCCNC(c4ccc(O)c(O)c4)P4(=O)Oc5ccccc5-c5ccccc54)O[Si]4(CC(C)C)O[Si](CC(C)C)(O1)O[Si]1(CC(C)C)O[Si](CC(C)C)(O2)O[Si](CC(C)C)(O3)O[Si](CC(C)C)(O4)O1,0.3288590604026846,0.7927927927927928,True,0.9780950647046791,-1.9750029488631946,0.3788921202879967,True,True,True,True,0.3573558400190067,0.8796340379823497,0.6751947241065178,0.9070105922188489,0.32548353685105386,0.6665697205777197,0.663044364608222,0.44654890563013905,0.0,0.0,0.5960620287637012,1.0,True,True,39,39
42,FORM_000021,CAND_007,DIB-hydroxy,designed,P-N,B,True,True,True,True,True,Candidate,,DIB-hydroxy,,DDM,DOPO-based (Co-curing),2,1,P-N,100.00%,0.00%,O=P1(C(Nc2ccc(NC(c3c[nH]cn3)P3(=O)Oc4ccc(O)cc4-c4ccccc43)cc2)c2c[nH]cn2)Oc2ccccc2-c2ccccc21,,NC1=CC=C(CC2=CC=C(N)C=C2)C=C1,10.19,0.8857873016363029,1.201706857430719,0.0,0.0,0.0,1.3566539678439984,0.0,0.0,0.0,1,1,0,0,0,1,0,0,0,0,0,170.0,3.0,,24.0,,3.0,,,3.0,50.0,,1208.0,,,88.0,,,164.3,,,16.5,,,58.7,,,101.3,,,,,Virtual screening scenario,,,,,,,,,,,,,,,,,,,,,,,,,,,,,,,,36.005319796814376,29.59890700431124,42.41173258931751,12.812825585006273,True,GBDT,compact,260,691.0638882699221,160.8576320735823,1221.270144466262,1060.4125123926797,True,GBDT,compact,330,65.81283819553849,35.288085107385655,96.33759128369132,61.04950617630567,True,GBDT,descriptors,30,0.6972587777441626,1,0.8443558984115163,ExtraTrees,morgan_r3,ALL,155.26248168945312,128.06607055664062,182.45889282226562,54.392822265625,True,XGB,morgan_r3,270,66.49665617370417,42.397740490355694,90.59557185705265,48.197831366696946,True,GBDT,compact,140,18,True,O=P1(C(Nc2ccc(NC(c3c[nH]cn3)P3(=O)Oc4ccc(O)cc4-c4ccccc43)cc2)c2c[nH]cn2)Oc2ccccc2-c2ccccc21,O=P1(C(Nc2ccc(NC(c3c[nH]cn3)P3(=O)Oc4ccccc4-c4ccccc43)cc2)c2c[nH]cn2)Oc2ccccc2-c2ccccc21,0.8076923076923077,True,In_domain,Maximum Tanimoto >= 0.70.,DIB,O=P1(C(Nc2ccc(NC(c3c[nH]cn3)P3(=O)Oc4ccccc4-c4ccccc43)cc2)c2c[nH]cn2)Oc2ccccc2-c2ccccc21,0.8076923076923077,PBI,O=P1(C(Nc2nc3ccccc3s2)c2c[nH]cn2)Oc2ccccc2-c2ccccc21,0.5445544554455446,DOPO-DDM,O=P1(C(Nc2ccc(Cc3ccc(NC(c4ccc(O)cc4)P4(=O)Oc5ccccc5-c5ccccc54)cc3)cc2)c2ccc(O)cc2)Oc2ccccc2-c2ccccc21,0.4897959183673469,0.8076923076923077,True,0.9740593164019193,2.0420345344833946,-0.7174631163964896,True,True,True,True,0.6154246187911177,0.992393670100012,0.5317734156813132,0.8534575068082825,0.13447021022079605,0.45241135952232814,0.6572979992504575,0.4186347051108119,0.0,0.01899999999999995,0.5926027934838357,1.0,True,True,40,40
43,FORM_000105,CAND_R2_016,APN-DOPO-nitrile-to-amide,designed,P-N,B,True,True,True,True,True,Candidate,,APN-DOPO-nitrile-to-amide,,DDM,DOPO-based (additive),0,1,P-N,100.00%,0.00%,N#Cc1ccc(Oc2cccc(NCP3(=O)Oc4ccccc4-c4ccccc43)c2)cc1C(N)=O,,NC1=CC=C(CC2=CC=C(N)C=C2)C=C1,10.0,0.6433508914773763,0.872804539638756,0.0,0.0,0.0,1.3566539678439982,0.0,0.0,0.0,1,1,0,0,0,1,0,0,0,0,0,160.0,3.2,,24.8,,3.2,,,3.0,50.0,,1184.0,,,87.2,,,159.0,,,17.0,,,62.6,,,97.55,,,,,Virtual screening scenario,,,,,,,,,,,,,,,,,,,,,,,,,,,,,,,,34.76918808217387,28.362775289670733,41.175600874677,12.812825585006273,True,GBDT,compact,260,817.301084090325,287.0948278939852,1347.5073402866649,1060.4125123926797,True,GBDT,compact,330,61.97379211304846,31.449039024895626,92.4985452012013,61.04950617630567,True,GBDT,descriptors,30,0.6894708760096472,1,0.8564031485765476,ExtraTrees,morgan_r3,ALL,159.18533325195312,131.98892211914062,186.38174438476562,54.392822265625,True,XGB,morgan_r3,270,75.01924855255596,50.92033286920749,99.11816423590443,48.197831366696946,True,GBDT,compact,140,102,True,N#Cc1ccc(Oc2cccc(NCP3(=O)Oc4ccccc4-c4ccccc43)c2)cc1C(N)=O,O=P1(CNc2cccc(Oc3ccccc3)c2)Oc2ccccc2-c2ccccc21,0.7608695652173914,True,In_domain,Maximum Tanimoto >= 0.70.,APN-DOPO,N#Cc1ccc(Oc2cccc(NCP3(=O)Oc4ccccc4-c4ccccc43)c2)cc1C#N,0.7608695652173914,PBD,N#Cc1ccc(Oc2cccc(NC(c3ccc(C(Nc4cccc(Oc5ccc(C#N)c(C#N)c5)c4)P4(=O)Oc5ccccc5-c5ccccc54)cc3)P3(=O)Oc4ccccc4-c4ccccc43)c2)cc1C#N,0.42735042735042733,DOPO-BAPh,CC(C)(c1ccc(O)c(CN(CP2(=O)Oc3ccccc3-c3ccccc32)c2cccc(Oc3ccc(C#N)c(C#N)c3)c2)c1)c1ccc(O)c(CN(CP2(=O)Oc3ccccc3-c3ccccc32)c2cccc(Oc3ccc(C#N)c(C#N)c3)c2)c1,0.40601503759398494,0.7608695652173914,True,0.9760671914294247,-0.43971881647977223,4.488722600385227,True,True,True,True,0.47816390473824927,0.9374834452820392,0.27797015634855604,1.0,0.24418669658582717,0.9144968888579589,0.6545918598181475,0.4325226440829235,0.0,0.0,0.5897134632057089,1.0,True,True,41,41
44,FORM_000567,CAND_R2_194,DSD-OH-allyl,designed,P-N-S,B,True,True,True,True,True,Candidate,,DSD-OH-allyl,,DDM,DOPO-based (additive),0,1,P-N-S,100.00%,0.00%,C=CCOc1ccccc1C(Nc1ccc(S(=O)(=O)c2ccc(NC(c3ccccc3O)P3(=O)Oc4ccccc4-c4ccccc43)cc2)cc1)P1(=O)Oc2ccccc2-c2ccccc21,,NC1=CC=C(CC2=CC=C(N)C=C2)C=C1,10.0,0.6668676125476348,0.3015695308631343,0.3451999052683703,0.0,0.0,0.4522179892813328,0.5176438303092916,0.0,0.0,1,1,1,0,0,1,0,0,0,0,0,160.0,3.2,,24.8,,3.2,,,3.0,50.0,,1184.0,,,87.2,,,159.0,,,17.0,,,62.6,,,97.55,,,,,Virtual screening scenario,,,,,,,,,,,,,,,,,,,,,,,,,,,,,,,,34.03305808764281,27.62664529513967,40.43947088014595,12.812825585006273,True,GBDT,compact,260,764.6132291294219,234.4069729330821,1294.819485325762,1060.4125123926797,True,GBDT,compact,330,63.73328025153899,33.20852716338616,94.25803333969182,61.04950617630567,True,GBDT,descriptors,30,0.6941874662969815,1,0.8491649117326348,ExtraTrees,morgan_r3,ALL,155.7955780029297,128.5991668701172,182.9919891357422,54.392822265625,True,XGB,morgan_r3,270,78.14262371479515,54.04370803144668,102.24153939814363,48.197831366696946,True,GBDT,compact,140,564,True,C=CCOc1ccccc1C(Nc1ccc(S(=O)(=O)c2ccc(NC(c3ccccc3O)P3(=O)Oc4ccccc4-c4ccccc43)cc2)cc1)P1(=O)Oc2ccccc2-c2ccccc21,O=P1(C(Nc2ccc(S(=O)(=O)c3ccc(NC(c4ccccc4)P4(=O)Oc5ccccc5-c5ccccc54)cc3)cc2)c2ccccc2)Oc2ccccc2-c2ccccc21,0.7526881720430108,True,In_domain,Maximum Tanimoto >= 0.70.,DSD,O=P1(C(Nc2ccc(S(=O)(=O)c3ccc(NC(c4ccccc4O)P4(=O)Oc5ccccc5-c5ccccc54)cc3)cc2)c2ccccc2O)Oc2ccccc2-c2ccccc21,0.7526881720430108,DOPO-DDS,O=P1(C(Nc2ccc(S(=O)(=O)c3ccc(NC(c4ccc(O)cc4)P4(=O)Oc5ccccc5-c5ccccc54)cc3)cc2)c2ccc(O)cc2)Oc2ccccc2-c2ccccc21,0.5377358490566038,TBO,O=P1(C(Nc2n[nH]c(NC(c3ccccc3O)P3(=O)Oc4ccccc4-c4ccccc43)n2)c2ccccc2O)Oc2ccccc2-c2ccccc21,0.49107142857142855,0.7526881720430108,True,0.9748608186221057,2.3601802742078912,-0.7117547603122836,True,True,True,True,0.396423643980962,0.9707387484279396,0.3839004982689641,0.9400417059516152,0.14938014333371885,1.0,0.6531589336592681,0.42417848336766456,0.0,0.0,0.5895321611541184,1.0,True,True,42,42
45,FORM_000531,CAND_R2_182,DSD-disiloxane,designed,P-N-Si-S,B,True,True,True,True,True,Candidate,,DSD-disiloxane,,DDM,DOPO-based (additive),0,1,P-N-Si-S,100.00%,0.00%,C[Si](C)(C)O[Si](C)(C)c1ccc(C(Nc2ccc(S(=O)(=O)c3ccc(NC(c4ccccc4O)P4(=O)Oc5ccccc5-c5ccccc54)cc3)cc2)P2(=O)Oc3ccccc3-c3ccccc32)c(O)c1,,NC1=CC=C(CC2=CC=C(N)C=C2)C=C1,10.0,0.598408250282792,0.2706109757122447,0.3097623387650656,0.0,0.5426129695048264,0.4522179892813328,0.5176438303092915,0.0,0.9067605088138436,1,1,1,0,1,1,0,0,0,0,0,160.0,3.2,,24.8,,3.2,,,3.0,50.0,,1184.0,,,87.2,,,159.0,,,17.0,,,62.6,,,97.55,,,,,Virtual screening scenario,,,,,,,,,,,,,,,,,,,,,,,,,,,,,,,,33.93439613710422,27.527983344601086,40.34080892960736,12.812825585006273,True,GBDT,compact,260,727.1036244828618,196.897368286522,1257.3098806792018,1060.4125123926797,True,GBDT,compact,330,63.73328025153899,33.20852716338616,94.25803333969182,61.04950617630567,True,GBDT,descriptors,30,0.6924198226660078,1,0.8518984473807285,ExtraTrees,morgan_r3,ALL,155.58531188964844,128.38890075683594,182.78172302246094,54.392822265625,True,XGB,morgan_r3,270,74.86204126286493,50.76312557951646,98.9609569462134,48.197831366696946,True,GBDT,compact,140,528,True,C[Si](C)(C)O[Si](C)(C)c1ccc(C(Nc2ccc(S(=O)(=O)c3ccc(NC(c4ccccc4O)P4(=O)Oc5ccccc5-c5ccccc54)cc3)cc2)P2(=O)Oc3ccccc3-c3ccccc32)c(O)c1,O=P1(C(Nc2ccc(S(=O)(=O)c3ccc(NC(c4ccccc4)P4(=O)Oc5ccccc5-c5ccccc54)cc3)cc2)c2ccccc2)Oc2ccccc2-c2ccccc21,0.7526881720430108,True,In_domain,Maximum Tanimoto >= 0.70.,DSD,O=P1(C(Nc2ccc(S(=O)(=O)c3ccc(NC(c4ccccc4O)P4(=O)Oc5ccccc5-c5ccccc54)cc3)cc2)c2ccccc2O)Oc2ccccc2-c2ccccc21,0.7526881720430108,DOPO-DDS,O=P1(C(Nc2ccc(S(=O)(=O)c3ccc(NC(c4ccc(O)cc4)P4(=O)Oc5ccccc5-c5ccccc54)cc3)cc2)c2ccc(O)cc2)Oc2ccccc2-c2ccccc21,0.5377358490566038,TBO,O=P1(C(Nc2n[nH]c(NC(c3ccccc3O)P3(=O)Oc4ccccc4-c4ccccc43)n2)c2ccccc2O)Oc2ccccc2-c2ccccc21,0.49107142857142855,0.7526881720430108,True,0.9753164078967881,2.4217764141022817,-0.7839317710610221,True,True,True,True,0.38546816923633637,0.9582756084855526,0.45931456187921915,0.9400417059516152,0.14349930415759965,0.9059732835459697,0.6535672678809016,0.42732967353461326,0.0,0.0,0.5894678168507096,1.0,True,True,43,43
46,FORM_000924,CAND_R2_325,BDO-disiloxane,designed,P-N-Si-S,B,True,True,True,True,True,Candidate,,BDO-disiloxane,,DDM,DOPO-based (additive),0,1,P-N-Si-S,100.00%,0.00%,C[Si](C)(C)O[Si](C)(C)c1ccc(C(CP2(=O)Oc3ccccc3-c3ccccc32)Nc2n[nH]c(NC(c3cccs3)P3(=O)Oc4ccccc4-c4ccccc43)n2)s1,,NC1=CC=C(CC2=CC=C(N)C=C2)C=C1,10.0,0.7038825574657136,0.7957708870683678,0.7287209262689042,0.0,0.6382529059528003,1.130544973203332,1.0352876606185832,0.0,0.906760508813844,1,1,1,0,1,1,0,0,0,0,0,160.0,3.2,,24.8,,3.2,,,3.0,50.0,,1184.0,,,87.2,,,159.0,,,17.0,,,62.6,,,97.55,,,,,Virtual screening scenario,,,,,,,,,,,,,,,,,,,,,,,,,,,,,,,,35.18950254426919,28.783089751766052,41.59591533677232,12.812825585006273,True,GBDT,compact,260,787.0775479360304,256.8712917396906,1317.2838041323703,1060.4125123926797,True,GBDT,compact,330,63.667071678176974,33.14231859002414,94.1918247663298,61.04950617630567,True,GBDT,descriptors,30,0.6906351743933269,1,0.8546329211361033,ExtraTrees,morgan_r3,ALL,151.56639099121094,124.36997985839844,178.76280212402344,54.392822265625,True,XGB,morgan_r3,270,77.70546022900884,53.60654454566036,101.8043759123573,48.197831366696946,True,GBDT,compact,140,921,True,C[Si](C)(C)O[Si](C)(C)c1ccc(C(CP2(=O)Oc3ccccc3-c3ccccc32)Nc2n[nH]c(NC(c3cccs3)P3(=O)Oc4ccccc4-c4ccccc43)n2)s1,O=P1(CC(Nc2n[nH]c(NC(c3cccs3)P3(=O)Oc4ccccc4-c4ccccc43)n2)c2cccs2)Oc2ccccc2-c2ccccc21,0.7678571428571429,True,In_domain,Maximum Tanimoto >= 0.70.,BDO,O=P1(CC(Nc2n[nH]c(NC(c3cccs3)P3(=O)Oc4ccccc4-c4ccccc43)n2)c2cccs2)Oc2ccccc2-c2ccccc21,0.7678571428571429,SAD,O=P1(C(Nc2nc[nH]n2)c2cccs2)Oc2ccccc2-c2ccccc21,0.48333333333333334,FGD,O=P1(C(Nc2n[nH]c(NC(c3ccco3)P3(=O)Oc4ccccc4-c4ccccc43)n2)c2ccco2)Oc2ccccc2-c2ccccc21,0.45161290322580644,0.7678571428571429,True,0.9757721535226839,0.2136324081573354,-1.0141068511013953,True,True,True,True,0.5248358431010063,0.9456925737716443,0.33873538433599215,0.9427983573435682,0.031095897367833688,1.0,0.6535220214472256,0.4304819451414333,0.0,0.0,0.5889497296760107,1.0,True,True,44,44
47,FORM_000006,CAND_001,APN-DOPO-monoamide,designed,P-N,B,True,True,True,True,True,Candidate,,APN-DOPO-monoamide,,DDM,DOPO-based (additive),0,1,P-N,100.00%,0.00%,N#Cc1cc(Oc2cccc(NCP3(=O)Oc4ccccc4-c4ccccc43)c2)ccc1C(N)=O,,NC1=CC=C(CC2=CC=C(N)C=C2)C=C1,10.0,0.6433508914773765,0.8728045396387563,0.0,0.0,0.0,1.3566539678439982,0.0,0.0,0.0,1,1,0,0,0,1,0,0,0,0,0,160.0,3.2,,24.8,,3.2,,,3.0,50.0,,1184.0,,,87.2,,,159.0,,,17.0,,,62.6,,,97.55,,,,,Virtual screening scenario,,,,,,,,,,,,,,,,,,,,,,,,,,,,,,,,34.826514944558966,28.42010215205583,41.2329277370621,12.812825585006273,True,GBDT,compact,260,817.301084090325,287.0948278939852,1347.5073402866649,1060.4125123926797,True,GBDT,compact,330,61.97379211304846,31.449039024895626,92.4985452012013,61.04950617630567,True,GBDT,descriptors,30,0.6878092448502375,1,0.8589107501951341,ExtraTrees,morgan_r3,ALL,159.5819854736328,132.3855743408203,186.7783966064453,54.392822265625,True,XGB,morgan_r3,270,74.91962521732088,50.82070953397241,99.01854090066936,48.197831366696946,True,GBDT,compact,140,3,True,N#Cc1cc(Oc2cccc(NCP3(=O)Oc4ccccc4-c4ccccc43)c2)ccc1C(N)=O,O=P1(CNc2cccc(Oc3ccccc3)c2)Oc2ccccc2-c2ccccc21,0.7608695652173914,True,In_domain,Maximum Tanimoto >= 0.70.,APN-DOPO,N#Cc1ccc(Oc2cccc(NCP3(=O)Oc4ccccc4-c4ccccc43)c2)cc1C#N,0.7608695652173914,PBD,N#Cc1ccc(Oc2cccc(NC(c3ccc(C(Nc4cccc(Oc5ccc(C#N)c(C#N)c5)c4)P4(=O)Oc5ccccc5-c5ccccc54)cc3)P3(=O)Oc4ccccc4-c4ccccc43)c2)cc1C#N,0.42735042735042733,DOPO-BAPh,CC(C)(c1ccc(O)c(CN(CP2(=O)Oc3ccccc3-c3ccccc32)c2cccc(Oc3ccc(C#N)c(C#N)c3)c2)c1)c1ccc(O)c(CN(CP2(=O)Oc3ccccc3-c3ccccc32)c2cccc(Oc3ccc(C#N)c(C#N)c3)c2)c1,0.40601503759398494,0.7608695652173914,True,0.9764851250325224,-0.4470658032178694,4.517903064485433,True,True,True,True,0.48452950961044305,0.9257677683721263,0.27797015634855604,1.0,0.2552804857282958,0.9090954218453496,0.6540910776235896,0.43541337995776924,0.0,0.0,0.5887790706299243,1.0,True,True,45,45
48,FORM_000900,CAND_R2_317,BDO-amino,designed,P-N-S,B,True,True,True,True,True,Candidate,,BDO-amino,,DDM,DOPO-based (Co-curing),2,1,P-N-S,100.00%,0.00%,Nc1ccc(C(CP2(=O)Oc3ccccc3-c3ccccc32)Nc2n[nH]c(NC(c3cccs3)P3(=O)Oc4ccccc4-c4ccccc43)n2)s1,,NC1=CC=C(CC2=CC=C(N)C=C2)C=C1,10.19,0.8430528054788737,1.1437309336549288,0.8728021667621568,0.0,0.0,1.3566539678439986,1.0352876606185837,0.0,0.0,1,1,1,0,0,1,0,0,0,0,0,170.0,3.0,,24.0,,3.0,,,3.0,50.0,,1208.0,,,88.0,,,164.3,,,16.5,,,58.7,,,101.3,,,,,Virtual screening scenario,,,,,,,,,,,,,,,,,,,,,,,,,,,,,,,,35.78913563979566,29.382722847292523,42.19554843229879,12.812825585006273,True,GBDT,compact,260,754.6420458615228,224.43578966518294,1284.8483020578626,1060.4125123926797,True,GBDT,compact,330,65.91579589558648,35.39104280743365,96.44054898373932,61.04950617630567,True,GBDT,descriptors,30,0.695018328718563,1,0.8478714058552741,ExtraTrees,morgan_r3,ALL,155.53114318847656,128.33473205566406,182.72755432128906,54.392822265625,True,XGB,morgan_r3,270,71.38958895766925,47.290673274320774,95.48850464101773,48.197831366696946,True,GBDT,compact,140,897,True,Nc1ccc(C(CP2(=O)Oc3ccccc3-c3ccccc32)Nc2n[nH]c(NC(c3cccs3)P3(=O)Oc4ccccc4-c4ccccc43)n2)s1,O=P1(CC(Nc2n[nH]c(NC(c3cccs3)P3(=O)Oc4ccccc4-c4ccccc43)n2)c2cccs2)Oc2ccccc2-c2ccccc21,0.8431372549019608,True,In_domain,Maximum Tanimoto >= 0.70.,BDO,O=P1(CC(Nc2n[nH]c(NC(c3cccs3)P3(=O)Oc4ccccc4-c4ccccc43)n2)c2cccs2)Oc2ccccc2-c2ccccc21,0.8431372549019608,SAD,O=P1(C(Nc2nc[nH]n2)c2cccs2)Oc2ccccc2-c2ccccc21,0.5135135135135135,FGD,O=P1(C(Nc2n[nH]c(NC(c3ccco3)P3(=O)Oc4ccccc4-c4ccccc43)n2)c2ccco2)Oc2ccccc2-c2ccccc21,0.4782608695652174,0.8431372549019608,True,0.9746452343092123,0.31410447025065125,-0.8706947359960026,True,True,True,True,0.5914194165882632,0.9765969171513131,0.4039478289812013,0.8491707736446226,0.1419842839054064,0.7177007614996607,0.6501954918135867,0.42268734385958034,0.0,0.01899999999999995,0.5848923902346497,1.0,True,True,46,46
49,FORM_000759,CAND_R2_260,TDCA-DOPO-3-amino,designed,P-N,B,True,True,True,True,True,Candidate,,TDCA-DOPO-3-amino,,DDM,DOPO-based (Co-curing),2,1,P-N,100.00%,0.00%,Nc1ccc(OP(=O)(Oc2ccccc2)OC(c2ccc(C(OP(=O)(Oc3ccccc3)Oc3ccccc3)P3(=O)Oc4ccccc4-c4ccccc43)cc2)P2(=O)Oc3ccccc3-c3ccccc32)cc1,,NC1=CC=C(CC2=CC=C(N)C=C2)C=C1,10.19,1.2071511525064271,0.1364738667362749,0.0,0.0,0.0,0.1130544973203331,0.0,0.0,0.0,1,1,0,0,0,1,0,0,0,0,0,170.0,3.0,,24.0,,3.0,,,3.0,50.0,,1208.0,,,88.0,,,164.3,,,16.5,,,58.7,,,101.3,,,,,Virtual screening scenario,,,,,,,,,,,,,,,,,,,,,,,,,,,,,,,,33.5591454919601,27.152732699456966,39.96555828446324,12.812825585006273,True,GBDT,compact,260,611.0641835371746,80.85792734083475,1141.2704397335144,1060.4125123926797,True,GBDT,compact,330,61.991162474198205,31.46640938604537,92.51591556235104,61.04950617630567,True,GBDT,descriptors,30,0.690117828567182,1,0.8554208450435985,ExtraTrees,morgan_r3,ALL,158.37355041503906,131.17713928222656,185.56996154785156,54.392822265625,True,XGB,morgan_r3,270,64.29701317350484,40.198097490156364,88.39592885685332,48.197831366696946,True,GBDT,compact,140,756,True,Nc1ccc(OP(=O)(Oc2ccccc2)OC(c2ccc(C(OP(=O)(Oc3ccccc3)Oc3ccccc3)P3(=O)Oc4ccccc4-c4ccccc43)cc2)P2(=O)Oc3ccccc3-c3ccccc32)cc1,O=P(Oc1ccccc1)(Oc1ccccc1)OC(c1ccc(C(OP(=O)(Oc2ccccc2)Oc2ccccc2)P2(=O)Oc3ccccc3-c3ccccc32)cc1)P1(=O)Oc2ccccc2-c2ccccc21,0.8666666666666667,True,In_domain,Maximum Tanimoto >= 0.70.,TDCA-DOPO-3,O=P(Oc1ccccc1)(Oc1ccccc1)OC(c1ccc(C(OP(=O)(Oc2ccccc2)Oc2ccccc2)P2(=O)Oc3ccccc3-c3ccccc32)cc1)P1(=O)Oc2ccccc2-c2ccccc21,0.8666666666666667,TDCA-DOPO-2,O=P(OC(c1ccc(C(OP(=O)(c2ccccc2)c2ccccc2)P2(=O)Oc3ccccc3-c3ccccc32)cc1)P1(=O)Oc2ccccc2-c2ccccc21)(c1ccccc1)c1ccccc1,0.5813953488372093,TDCA-DOPO-1,O=P1(C(OP(c2ccccc2)c2ccccc2)c2ccc(C(OP(c3ccccc3)c3ccccc3)P3(=O)Oc4ccccc4-c4ccccc43)cc2)Oc2ccccc2-c2ccccc21,0.4782608695652174,0.8666666666666667,True,0.9759034741739331,1.8742602178770866,-1.0956728066651815,True,True,True,True,0.34380014074775345,0.942044919167021,0.6926149622229221,1.0,0.22148230435007124,0.3331491497493131,0.6511551498374778,0.4313902552530406,0.0,0.01899999999999995,0.5845466115495217,1.0,True,True,47,47
53,FORM_000219,CAND_R2_073,TDCA-DOPO-2-amino,designed,P-N,B,True,True,True,True,True,Candidate,,TDCA-DOPO-2-amino,,DDM,DOPO-based (Co-curing),2,1,P-N,100.00%,0.00%,Nc1ccc(P(=O)(OC(c2ccc(C(OP(=O)(c3ccccc3)c3ccccc3)P3(=O)Oc4ccccc4-c4ccccc43)cc2)P2(=O)Oc3ccccc3-c3ccccc32)c2ccccc2)cc1,,NC1=CC=C(CC2=CC=C(N)C=C2)C=C1,10.19,1.2858316553869966,0.1453690514383488,0.0,0.0,0.0,0.1130544973203332,0.0,0.0,0.0,1,1,0,0,0,1,0,0,0,0,0,170.0,3.0,,24.0,,3.0,,,3.0,50.0,,1208.0,,,88.0,,,164.3,,,16.5,,,58.7,,,101.3,,,,,Virtual screening scenario,,,,,,,,,,,,,,,,,,,,,,,,,,,,,,,,33.842003882695074,27.435591090191938,40.248416675198214,12.812825585006273,True,GBDT,compact,260,612.5745964966611,82.36834030032128,1142.780852693001,1060.4125123926797,True,GBDT,compact,330,61.991162474198205,31.46640938604537,92.51591556235104,61.04950617630567,True,GBDT,descriptors,30,0.6938183031256285,1,0.8497378614940079,ExtraTrees,morgan_r3,ALL,156.9732666015625,129.77685546875,184.169677734375,54.392822265625,True,XGB,morgan_r3,270,62.61656821515228,38.517652531803805,86.71548389850075,48.197831366696946,True,GBDT,compact,140,216,True,Nc1ccc(P(=O)(OC(c2ccc(C(OP(=O)(c3ccccc3)c3ccccc3)P3(=O)Oc4ccccc4-c4ccccc43)cc2)P2(=O)Oc3ccccc3-c3ccccc32)c2ccccc2)cc1,O=P(OC(c1ccc(C(OP(=O)(c2ccccc2)c2ccccc2)P2(=O)Oc3ccccc3-c3ccccc32)cc1)P1(=O)Oc2ccccc2-c2ccccc21)(c1ccccc1)c1ccccc1,0.8591549295774648,True,In_domain,Maximum Tanimoto >= 0.70.,TDCA-DOPO-2,O=P(OC(c1ccc(C(OP(=O)(c2ccccc2)c2ccccc2)P2(=O)Oc3ccccc3-c3ccccc32)cc1)P1(=O)Oc2ccccc2-c2ccccc21)(c1ccccc1)c1ccccc1,0.8591549295774648,TDCA-DOPO-3,O=P(Oc1ccccc1)(Oc1ccccc1)OC(c1ccc(C(OP(=O)(Oc2ccccc2)Oc2ccccc2)P2(=O)Oc3ccccc3-c3ccccc32)cc1)P1(=O)Oc2ccccc2-c2ccccc21,0.5813953488372093,TDCA-DOPO-1,O=P1(C(OP(c2ccccc2)c2ccccc2)c2ccc(C(OP(c3ccccc3)c3ccccc3)P3(=O)Oc4ccccc4-c4ccccc43)cc2)Oc2ccccc2-c2ccccc21,0.5,0.8591549295774648,True,0.9749563102490013,1.6423126789466587,-1.4818067377233903,True,True,True,True,0.3752088848389272,0.9681358865243711,0.6895782365608478,1.0,0.18231839068147318,0.24203728336150057,0.6490201689891266,0.42483897362154277,0.0,0.01899999999999995,0.5833943229458952,1.0,True,True,48,48
56,FORM_000765,CAND_R2_262,TDCA-DOPO-3-hydroxymethyl,designed,P-only,B,True,True,True,True,True,Candidate,,TDCA-DOPO-3-hydroxymethyl,,DDM,DOPO-based (additive),0,0,P-only,100.00%,0.00%,O=P(Oc1ccccc1)(Oc1ccccc1)OC(c1ccc(C(OP(=O)(Oc2ccccc2)Oc2ccc(CO)cc2)P2(=O)Oc3ccccc3-c3ccccc32)cc1)P1(=O)Oc2ccccc2-c2ccccc21,,NC1=CC=C(CC2=CC=C(N)C=C2)C=C1,10.0,1.1678804594754078,0.0,0.0,0.0,0.0,0.0,0.0,0.0,0.0,1,0,0,0,0,1,0,0,0,0,0,160.0,3.2,,24.8,,3.2,,,3.0,50.0,,1184.0,,,87.2,,,159.0,,,17.0,,,62.6,,,97.55,,,,,Virtual screening scenario,,,,,,,,,,,,,,,,,,,,,,,,,,,,,,,,32.551398861914805,26.14498606941167,38.95781165441794,12.812825585006273,True,GBDT,compact,260,566.9948694227581,36.788613226418306,1097.201125619098,1060.4125123926797,True,GBDT,compact,330,56.96368581327983,26.438932725126996,87.48843890143266,61.04950617630567,True,GBDT,descriptors,30,0.6793987616033957,1,0.8712643373406719,ExtraTrees,morgan_r3,ALL,153.4857635498047,126.28935241699219,180.6821746826172,54.392822265625,True,XGB,morgan_r3,270,69.60987186821374,45.51095618486527,93.70878755156221,48.197831366696946,True,GBDT,compact,140,762,True,O=P(Oc1ccccc1)(Oc1ccccc1)OC(c1ccc(C(OP(=O)(Oc2ccccc2)Oc2ccc(CO)cc2)P2(=O)Oc3ccccc3-c3ccccc32)cc1)P1(=O)Oc2ccccc2-c2ccccc21,O=P(Oc1ccccc1)(Oc1ccccc1)OC(c1ccc(C(OP(=O)(Oc2ccccc2)Oc2ccccc2)P2(=O)Oc3ccccc3-c3ccccc32)cc1)P1(=O)Oc2ccccc2-c2ccccc21,0.8333333333333334,True,In_domain,Maximum Tanimoto >= 0.70.,TDCA-DOPO-3,O=P(Oc1ccccc1)(Oc1ccccc1)OC(c1ccc(C(OP(=O)(Oc2ccccc2)Oc2ccccc2)P2(=O)Oc3ccccc3-c3ccccc32)cc1)P1(=O)Oc2ccccc2-c2ccccc21,0.8333333333333334,TDCA-DOPO-2,O=P(OC(c1ccc(C(OP(=O)(c2ccccc2)c2ccccc2)P2(=O)Oc3ccccc3-c3ccccc32)cc1)P1(=O)Oc2ccccc2-c2ccccc21)(c1ccccc1)c1ccccc1,0.5617977528089888,TDCA-DOPO-1,O=P1(C(OP(c2ccccc2)c2ccccc2)c2ccc(C(OP(c3ccccc3)c3ccccc3)P3(=O)Oc4ccccc4-c4ccccc43)cc2)Oc2ccccc2-c2ccccc21,0.4631578947368421,0.8333333333333334,True,0.9785440562234453,1.6916658143602037,-1.0513753166827908,True,True,True,True,0.2318994262962868,0.8664679028043418,0.781217497205644,1.0,0.08477797271512541,0.6212064699987091,0.646515409532638,0.44965446086948485,0.0,0.0,0.5790672404022152,1.0,True,True,49,49
59,FORM_000585,CAND_R2_202,DOPO-PPO-amino,designed,P-N,B,True,True,True,True,True,Candidate,,DOPO-PPO-amino,,DDM,DOPO-based (Co-curing),2,1,P-N,100.00%,0.00%,Nc1ccc(P(=O)(Oc2ccc(C(O)P3(=O)Oc4ccccc4-c4ccccc43)cc2)Oc2ccc(C(O)P3(=O)Oc4ccccc4-c4ccccc43)cc2)cc1,,NC1=CC=C(CC2=CC=C(N)C=C2)C=C1,10.19,1.1637005147011823,0.1754154356279403,0.0,0.0,0.0,0.1507393297604443,0.0,0.0,0.0,1,1,0,0,0,1,0,0,0,0,0,170.0,3.0,,24.0,,3.0,,,3.0,50.0,,1208.0,,,88.0,,,164.3,,,16.5,,,58.7,,,101.3,,,,,Virtual screening scenario,,,,,,,,,,,,,,,,,,,,,,,,,,,,,,,,34.43292258619911,28.026509793695976,40.839335378702245,12.812825585006273,True,GBDT,compact,260,584.0554248860662,53.84916868972641,1114.261681082406,1060.4125123926797,True,GBDT,compact,330,60.668592407332,30.143839319179165,91.19334549548483,61.04950617630567,True,GBDT,descriptors,30,0.6714754936794628,1,0.882384620269538,ExtraTrees,morgan_r3,ALL,156.49522399902344,129.29881286621094,183.69163513183594,54.392822265625,True,XGB,morgan_r3,270,64.1547046418314,40.05578895848293,88.25362032517987,48.197831366696946,True,GBDT,compact,140,582,True,Nc1ccc(P(=O)(Oc2ccc(C(O)P3(=O)Oc4ccccc4-c4ccccc43)cc2)Oc2ccc(C(O)P3(=O)Oc4ccccc4-c4ccccc43)cc2)cc1,O=P1(Cc2ccc(OP(=O)(Oc3ccc(CP4(=O)Oc5ccccc5-c5ccccc54)cc3)c3ccccc3)cc2)Oc2ccccc2-c2ccccc21,0.7974683544303798,True,In_domain,Maximum Tanimoto >= 0.70.,DOPO-PPO,O=P(Oc1ccc(C(O)P2(=O)Oc3ccccc3-c3ccccc32)cc1)(Oc1ccc(C(O)P2(=O)Oc3ccccc3-c3ccccc32)cc1)c1ccccc1,0.7974683544303798,Trif-DOPO,O=P1(C(O)c2ccc(Oc3nc(Oc4ccc(C(O)P5(=O)Oc6ccccc6-c6ccccc65)cc4)nc(Oc4ccc(C(O)P5(=O)Oc6ccccc6-c6ccccc65)cc4)n3)cc2)Oc2ccccc2-c2ccccc21,0.5813953488372093,DOPO-PHBA,O=P1(C(O)c2ccc(O)cc2)Oc2ccccc2-c2ccccc21,0.575,0.7974683544303798,True,0.9803974367115896,1.6543487066183848,-1.5720562339315833,True,True,True,True,0.4408248076645525,0.8106032504464414,0.7469167940374972,1.0,0.16894823026430061,0.3254333386129655,0.6491071273174248,0.4624738020928441,0.0,0.01899999999999995,0.5778360570034982,1.0,True,True,50,50
60,FORM_000063,CAND_R2_002,APN-DOPO-hydroxy,designed,P-N,B,True,True,True,True,True,Candidate,,APN-DOPO-hydroxy,,DDM,DOPO-based (additive),0,1,P-N,100.00%,0.00%,N#Cc1cc(Oc2cccc(NCP3(=O)Oc4ccccc4-c4ccccc43)c2)cc(O)c1C#N,,NC1=CC=C(CC2=CC=C(N)C=C2)C=C1,10.0,0.6460561664636485,0.8764746616829914,0.0,0.0,0.0,1.3566539678439982,0.0,0.0,0.0,1,1,0,0,0,1,0,0,0,0,0,160.0,3.2,,24.8,,3.2,,,3.0,50.0,,1184.0,,,87.2,,,159.0,,,17.0,,,62.6,,,97.55,,,,,Virtual screening scenario,,,,,,,,,,,,,,,,,,,,,,,,,,,,,,,,35.08523374540976,28.678820952906623,41.4916465379129,12.812825585006273,True,GBDT,compact,260,824.0069256784528,293.800669482113,1354.2131818747926,1060.4125123926797,True,GBDT,compact,330,61.97379211304846,31.449039024895626,92.4985452012013,61.04950617630567,True,GBDT,descriptors,30,0.687099539031863,1,0.8599750499762574,ExtraTrees,morgan_r3,ALL,158.89756774902344,131.70115661621094,186.09397888183594,54.392822265625,True,XGB,morgan_r3,270,72.6985775402954,48.59966185694693,96.79749322364387,48.197831366696946,True,GBDT,compact,140,60,True,N#Cc1cc(Oc2cccc(NCP3(=O)Oc4ccccc4-c4ccccc43)c2)cc(O)c1C#N,O=P1(CNc2cccc(Oc3ccccc3)c2)Oc2ccccc2-c2ccccc21,0.7052631578947368,True,In_domain,Maximum Tanimoto >= 0.70.,APN-DOPO,N#Cc1ccc(Oc2cccc(NCP3(=O)Oc4ccccc4-c4ccccc43)c2)cc1C#N,0.7052631578947368,PBD,N#Cc1ccc(Oc2cccc(NC(c3ccc(C(Nc4cccc(Oc5ccc(C#N)c(C#N)c5)c4)P4(=O)Oc5ccccc5-c5ccccc54)cc3)P3(=O)Oc4ccccc4-c4ccccc43)c2)cc1C#N,0.40336134453781514,DOPO-BAPh,CC(C)(c1ccc(O)c(CN(CP2(=O)Oc3ccccc3-c3ccccc32)c2cccc(Oc3ccc(C#N)c(C#N)c3)c2)c1)c1ccc(O)c(CN(CP2(=O)Oc3ccccc3-c3ccccc32)c2cccc(Oc3ccc(C#N)c(C#N)c3)c2)c1,0.3851851851851852,0.7052631578947368,True,0.9766625083293762,-0.3326275746199959,4.56029879417079,True,True,True,True,0.5132577809775517,0.920763839538657,0.2644878824389125,1.0,0.23613831153340106,0.7886726741770794,0.6421829991620723,0.43664029317080894,0.0,0.0,0.576686955186451,1.0,True,True,51,51
63,FORM_000188,CAND_R2_061,PBD-nitrile-to-acid,designed,P-N,B,True,True,True,True,True,Candidate,,PBD-nitrile-to-acid,,DDM,DOPO-based (additive),0,1,P-N,100.00%,0.00%,N#Cc1ccc(Oc2cccc(NC(c3ccc(C(Nc4cccc(Oc5ccc(C(=O)O)c(C#N)c5)c4)P4(=O)Oc5ccccc5-c5ccccc54)cc3)P3(=O)Oc4ccccc4-c4ccccc43)c2)cc1C#N,,NC1=CC=C(CC2=CC=C(N)C=C2)C=C1,7.0,0.4251554247426581,0.4806573282729396,0.0,0.0,0.0,1.1305449732033317,0.0,0.0,0.0,1,1,0,0,0,1,0,0,0,0,0,160.0,3.2,,24.8,,3.2,,,3.0,50.0,,1184.0,,,87.2,,,159.0,,,17.0,,,62.6,,,97.55,,,,,Virtual screening scenario,,,,,,,,,,,,,,,,,,,,,,,,,,,,,,,,34.03192382125938,27.625511028756247,40.438336613762516,12.812825585006273,True,GBDT,compact,260,772.0616884127639,241.8554322164241,1302.2679446091038,1060.4125123926797,True,GBDT,compact,330,64.71159549775518,34.18684240960235,95.23634858590802,61.04950617630567,True,GBDT,descriptors,30,0.6981686760004074,1,0.8429167034089822,ExtraTrees,morgan_r3,ALL,159.59701538085938,132.40060424804688,186.79342651367188,54.392822265625,True,XGB,morgan_r3,270,72.61793039963143,48.51901471628296,96.71684608297991,48.197831366696946,True,GBDT,compact,140,186,True,N#Cc1ccc(Oc2cccc(NC(c3ccc(C(Nc4cccc(Oc5ccc(C(=O)O)c(C#N)c5)c4)P4(=O)Oc5ccccc5-c5ccccc54)cc3)P3(=O)Oc4ccccc4-c4ccccc43)c2)cc1C#N,O=P1(C(Nc2cccc(Oc3ccccc3)c2)c2ccc(C(Nc3cccc(Oc4ccccc4)c3)P3(=O)Oc4ccccc4-c4ccccc43)cc2)Oc2ccccc2-c2ccccc21,0.8645833333333334,True,In_domain,Maximum Tanimoto >= 0.70.,PBD,N#Cc1ccc(Oc2cccc(NC(c3ccc(C(Nc4cccc(Oc5ccc(C#N)c(C#N)c5)c4)P4(=O)Oc5ccccc5-c5ccccc54)cc3)P3(=O)Oc4ccccc4-c4ccccc43)c2)cc1C#N,0.8645833333333334,APN-DOPO,N#Cc1ccc(Oc2cccc(NCP3(=O)Oc4ccccc4-c4ccccc43)c2)cc1C#N,0.5,DOPO-DDE,O=P1(C(Nc2ccc(Oc3ccc(NC(c4ccc(O)cc4)P4(=O)Oc5ccccc5-c5ccccc54)cc3)cc2)c2ccc(O)cc2)Oc2ccccc2-c2ccccc21,0.4864864864864865,0.8645833333333334,True,0.9738194505681638,2.9530891380615945,4.066855371480648,True,True,True,True,0.3962976944467247,0.9988090974532434,0.36892517161635807,0.8993087019265243,0.25570085050249597,0.7843000754387438,0.6366682256826941,0.41697561676364886,0.0,0.0,0.5741218831681467,1.0,True,True,52,52
65,FORM_000387,CAND_R2_134,DIB-disiloxane,designed,P-N-Si,B,True,True,True,True,True,Candidate,,DIB-disiloxane,,DDM,DOPO-based (additive),0,1,P-N-Si,100.00%,0.00%,C[Si](C)(C)O[Si](C)(C)c1nc(C(Nc2ccc(NC(c3c[nH]cn3)P3(=O)Oc4ccccc4-c4ccccc43)cc2)P2(=O)Oc3ccccc3-c3ccccc32)c[nH]1,,NC1=CC=C(CC2=CC=C(N)C=C2)C=C1,10.0,0.7348674111665491,0.9969607891983456,0.0,0.0,0.6663487476600922,1.3566539678439984,0.0,0.0,0.9067605088138438,1,1,0,0,1,1,0,0,0,0,0,160.0,3.2,,24.8,,3.2,,,3.0,50.0,,1184.0,,,87.2,,,159.0,,,17.0,,,62.6,,,97.55,,,,,Virtual screening scenario,,,,,,,,,,,,,,,,,,,,,,,,,,,,,,,,35.31808914267819,28.911676350175053,41.72450193518132,12.812825585006273,True,GBDT,compact,260,783.2012292992944,252.99497310295453,1313.4074854956343,1060.4125123926797,True,GBDT,compact,330,63.667071678176974,33.14231859002414,94.1918247663298,61.04950617630567,True,GBDT,descriptors,30,0.6703531615069261,1,0.8839192014583805,ExtraTrees,morgan_r3,ALL,158.3042449951172,131.1078338623047,185.5006561279297,54.392822265625,True,XGB,morgan_r3,270,75.3802105815335,51.28129489818503,99.47912626488198,48.197831366696946,True,GBDT,compact,140,384,True,C[Si](C)(C)O[Si](C)(C)c1nc(C(Nc2ccc(NC(c3c[nH]cn3)P3(=O)Oc4ccccc4-c4ccccc43)cc2)P2(=O)Oc3ccccc3-c3ccccc32)c[nH]1,O=P1(C(Nc2ccc(NC(c3c[nH]cn3)P3(=O)Oc4ccccc4-c4ccccc43)cc2)c2c[nH]cn2)Oc2ccccc2-c2ccccc21,0.7325581395348837,True,In_domain,Maximum Tanimoto >= 0.70.,DIB,O=P1(C(Nc2ccc(NC(c3c[nH]cn3)P3(=O)Oc4ccccc4-c4ccccc43)cc2)c2c[nH]cn2)Oc2ccccc2-c2ccccc21,0.7325581395348837,PBI,O=P1(C(Nc2nc3ccccc3s2)c2c[nH]cn2)Oc2ccccc2-c2ccccc21,0.5185185185185185,PBO,O=P1(C(Nc2ccc(NC(c3c[nH]c4ccccc34)P3(=O)Oc4ccccc4-c4ccccc43)cc2)c2c[nH]c3ccccc23)Oc2ccccc2-c2ccccc21,0.4444444444444444,0.7325581395348837,True,0.9806532002430633,1.9985545232690332,-0.7743044705550649,True,True,True,True,0.5391141664432577,0.8026900134777079,0.3465288266556046,0.9427983573435682,0.21954393195980032,0.9340678506986354,0.6415874510498714,0.4642428505982248,0.0,0.0,0.5719510234601376,1.0,True,True,53,53
67,FORM_000018,CAND_006,DOPT-hydroxymethyl,designed,P-N-S,B,True,True,True,True,True,Candidate,,DOPT-hydroxymethyl,,DDM,DOPO-based (additive),0,1,P-N-S,100.00%,0.00%,O=P1(NS(=O)(=O)c2ccc(CO)cc2)Oc2ccccc2-c2ccccc21,,NC1=CC=C(CC2=CC=C(N)C=C2)C=C1,10.0,0.7716876775125815,0.3489710498779211,0.7989187303801881,0.0,0.0,0.4522179892813327,1.0352876606185832,0.0,0.0,1,1,1,0,0,1,0,0,0,0,0,160.0,3.2,,24.8,,3.2,,,3.0,50.0,,1184.0,,,87.2,,,159.0,,,17.0,,,62.6,,,97.55,,,,,Virtual screening scenario,,,,,,,,,,,,,,,,,,,,,,,,,,,,,,,,34.83726902533955,28.430856232836415,41.243681817842685,12.812825585006273,True,GBDT,compact,260,654.5468681876969,124.34061199135704,1184.7531243840367,1060.4125123926797,True,GBDT,compact,330,65.9825461382468,35.45779305009397,96.50729922639964,61.04950617630567,True,GBDT,descriptors,30,0.6649859145043687,1,0.8911185920606285,ExtraTrees,morgan_r3,ALL,141.45034790039062,114.25393676757812,168.64675903320312,54.392822265625,True,XGB,morgan_r3,270,76.6991851346421,52.60026945129362,100.79810081799056,48.197831366696946,True,GBDT,compact,140,15,True,O=P1(NS(=O)(=O)c2ccc(CO)cc2)Oc2ccccc2-c2ccccc21,O=P1(NS(=O)(=O)c2ccccc2)Oc2ccccc2-c2ccccc21,0.7164179104477612,True,In_domain,Maximum Tanimoto >= 0.70.,DOPT,Cc1ccc(S(=O)(=O)NP2(=O)Oc3ccccc3-c3ccccc32)cc1,0.7164179104477612,DAP,O=P1(Nc2ncccn2)Oc2ccccc2-c2ccccc21,0.4473684210526316,DOPO-DA,O=P1(NCCc2ccc(O)c(O)c2)Oc2ccccc2-c2ccccc21,0.43529411764705883,0.7164179104477612,True,0.9818530986767714,-0.523804357779343,0.1569847654506002,True,True,True,True,0.4857236483817752,0.7648471195107928,0.6051918614710491,0.8463915693815033,0.0,1.0,0.6404308397490242,0.4725422297885591,0.0,0.0,0.5695495052807403,1.0,True,True,54,54
68,FORM_000114,CAND_R2_019,APN-DOPO-nitrile-to-acid-2,designed,P-N,B,True,True,True,True,True,Candidate,,APN-DOPO-nitrile-to-acid-2,,DDM,DOPO-based (additive),0,1,P-N,100.00%,0.00%,N#Cc1ccc(Oc2cccc(NCP3(=O)Oc4ccccc4-c4ccccc43)c2)cc1C(=O)O,,NC1=CC=C(CC2=CC=C(N)C=C2)C=C1,10.0,0.6420386707349428,0.5806828734412309,0.0,0.0,0.0,0.9044359785626654,0.0,0.0,0.0,1,1,0,0,0,1,0,0,0,0,0,160.0,3.2,,24.8,,3.2,,,3.0,50.0,,1184.0,,,87.2,,,159.0,,,17.0,,,62.6,,,97.55,,,,,Virtual screening scenario,,,,,,,,,,,,,,,,,,,,,,,,,,,,,,,,33.7813588706992,27.374946078196064,40.18777166320234,12.812825585006273,True,GBDT,compact,260,793.4520457831817,263.24578958684185,1323.6583019795216,1060.4125123926797,True,GBDT,compact,330,61.97379211304846,31.449039024895626,92.4985452012013,61.04950617630567,True,GBDT,descriptors,30,0.6879953842437997,1,0.8586309420121044,ExtraTrees,morgan_r3,ALL,158.87298583984375,131.67657470703125,186.06939697265625,54.392822265625,True,XGB,morgan_r3,270,74.08913797791746,49.99022229456899,98.18805366126594,48.197831366696946,True,GBDT,compact,140,111,True,N#Cc1ccc(Oc2cccc(NCP3(=O)Oc4ccccc4-c4ccccc43)c2)cc1C(=O)O,O=P1(CNc2cccc(Oc3ccccc3)c2)Oc2ccccc2-c2ccccc21,0.7608695652173914,True,In_domain,Maximum Tanimoto >= 0.70.,APN-DOPO,N#Cc1ccc(Oc2cccc(NCP3(=O)Oc4ccccc4-c4ccccc43)c2)cc1C#N,0.7608695652173914,PBD,N#Cc1ccc(Oc2cccc(NC(c3ccc(C(Nc4cccc(Oc5ccc(C#N)c(C#N)c5)c4)P4(=O)Oc5ccccc5-c5ccccc54)cc3)P3(=O)Oc4ccccc4-c4ccccc43)c2)cc1C#N,0.42735042735042733,DOPO-BAPh,CC(C)(c1ccc(O)c(CN(CP2(=O)Oc3ccccc3-c3ccccc32)c2cccc(Oc3ccc(C#N)c(C#N)c3)c2)c1)c1ccc(O)c(CN(CP2(=O)Oc3ccccc3-c3ccccc32)c2cccc(Oc3ccc(C#N)c(C#N)c3)c2)c1,0.40601503759398494,0.7608695652173914,True,0.9764384903353508,-0.4205263350197228,4.392218857124396,True,True,True,True,0.3684748308932931,0.9270801829731837,0.3259192858817904,1.0,0.2354507910752931,0.8640673225808017,0.6342466713152629,0.43509082012738626,0.0,0.0,0.568983048296155,1.0,True,True,55,55
72,FORM_000762,CAND_R2_261,TDCA-DOPO-3-hydroxy,designed,P-only,B,True,True,True,True,True,Candidate,,TDCA-DOPO-3-hydroxy,,DDM,DOPO-based (additive),0,0,P-only,100.00%,0.00%,O=P(Oc1ccccc1)(Oc1ccccc1)OC(c1ccc(C(OP(=O)(Oc2ccccc2)Oc2ccc(O)cc2)P2(=O)Oc3ccccc3-c3ccccc32)cc1)P1(=O)Oc2ccccc2-c2ccccc21,,NC1=CC=C(CC2=CC=C(N)C=C2)C=C1,10.0,1.183529400526348,0.0,0.0,0.0,0.0,0.0,0.0,0.0,0.0,1,0,0,0,0,1,0,0,0,0,0,160.0,3.2,,24.8,,3.2,,,3.0,50.0,,1184.0,,,87.2,,,159.0,,,17.0,,,62.6,,,97.55,,,,,Virtual screening scenario,,,,,,,,,,,,,,,,,,,,,,,,,,,,,,,,32.425064468478546,26.01865167597541,38.831477260981686,12.812825585006273,True,GBDT,compact,260,595.4214190011312,65.21516280479136,1125.627675197471,1060.4125123926797,True,GBDT,compact,330,56.96368581327983,26.438932725126996,87.48843890143266,61.04950617630567,True,GBDT,descriptors,30,0.6797620720547712,1,0.8707423898023009,ExtraTrees,morgan_r3,ALL,153.49839782714844,126.30198669433594,180.69480895996094,54.392822265625,True,XGB,morgan_r3,270,69.60987186821374,45.51095618486527,93.70878755156221,48.197831366696946,True,GBDT,compact,140,759,True,O=P(Oc1ccccc1)(Oc1ccccc1)OC(c1ccc(C(OP(=O)(Oc2ccccc2)Oc2ccc(O)cc2)P2(=O)Oc3ccccc3-c3ccccc32)cc1)P1(=O)Oc2ccccc2-c2ccccc21,O=P(Oc1ccccc1)(Oc1ccccc1)OC(c1ccc(C(OP(=O)(Oc2ccccc2)Oc2ccccc2)P2(=O)Oc3ccccc3-c3ccccc32)cc1)P1(=O)Oc2ccccc2-c2ccccc21,0.8666666666666667,True,In_domain,Maximum Tanimoto >= 0.70.,TDCA-DOPO-3,O=P(Oc1ccccc1)(Oc1ccccc1)OC(c1ccc(C(OP(=O)(Oc2ccccc2)Oc2ccccc2)P2(=O)Oc3ccccc3-c3ccccc32)cc1)P1(=O)Oc2ccccc2-c2ccccc21,0.8666666666666667,TDCA-DOPO-2,O=P(OC(c1ccc(C(OP(=O)(c2ccccc2)c2ccccc2)P2(=O)Oc3ccccc3-c3ccccc32)cc1)P1(=O)Oc2ccccc2-c2ccccc21)(c1ccccc1)c1ccccc1,0.5813953488372093,TDCA-DOPO-1,O=P1(C(OP(c2ccccc2)c2ccccc2)c2ccc(C(OP(c3ccccc3)c3ccccc3)P3(=O)Oc4ccccc4-c4ccccc43)cc2)Oc2ccccc2-c2ccccc21,0.4782608695652174,0.8666666666666667,True,0.9784570649670501,1.838366724720257,-1.1610667155664514,True,True,True,True,0.217871188975687,0.8690294988855216,0.7240651588026294,1.0,0.08513133518521443,0.6212064699987091,0.63282694985116,0.4490527654236162,0.0,0.0,0.5654690350376175,1.0,True,True,56,56
73,FORM_000222,CAND_R2_074,TDCA-DOPO-2-hydroxy,designed,P-only,B,True,True,True,True,True,Candidate,,TDCA-DOPO-2-hydroxy,,DDM,DOPO-based (additive),0,0,P-only,100.00%,0.00%,O=P(OC(c1ccc(C(OP(=O)(c2ccccc2)c2ccc(O)cc2)P2(=O)Oc3ccccc3-c3ccccc32)cc1)P1(=O)Oc2ccccc2-c2ccccc21)(c1ccccc1)c1ccccc1,,NC1=CC=C(CC2=CC=C(N)C=C2)C=C1,10.0,1.2605930371098422,0.0,0.0,0.0,0.0,0.0,0.0,0.0,0.0,1,0,0,0,0,1,0,0,0,0,0,160.0,3.2,,24.8,,3.2,,,3.0,50.0,,1184.0,,,87.2,,,159.0,,,17.0,,,62.6,,,97.55,,,,,Virtual screening scenario,,,,,,,,,,,,,,,,,,,,,,,,,,,,,,,,32.70792285921353,26.301510066710396,39.11433565171667,12.812825585006273,True,GBDT,compact,260,621.0789339937653,90.87267779742547,1151.2851901901051,1060.4125123926797,True,GBDT,compact,330,56.96368581327983,26.438932725126996,87.48843890143266,61.04950617630567,True,GBDT,descriptors,30,0.6868063103243862,1,0.8604136096919565,ExtraTrees,morgan_r3,ALL,152.0774383544922,124.88102722167969,179.2738494873047,54.392822265625,True,XGB,morgan_r3,270,68.6695373076414,44.57062162429293,92.76845299098989,48.197831366696946,True,GBDT,compact,140,219,True,O=P(OC(c1ccc(C(OP(=O)(c2ccccc2)c2ccc(O)cc2)P2(=O)Oc3ccccc3-c3ccccc32)cc1)P1(=O)Oc2ccccc2-c2ccccc21)(c1ccccc1)c1ccccc1,O=P(OC(c1ccc(C(OP(=O)(c2ccccc2)c2ccccc2)P2(=O)Oc3ccccc3-c3ccccc32)cc1)P1(=O)Oc2ccccc2-c2ccccc21)(c1ccccc1)c1ccccc1,0.8591549295774648,True,In_domain,Maximum Tanimoto >= 0.70.,TDCA-DOPO-2,O=P(OC(c1ccc(C(OP(=O)(c2ccccc2)c2ccccc2)P2(=O)Oc3ccccc3-c3ccccc32)cc1)P1(=O)Oc2ccccc2-c2ccccc21)(c1ccccc1)c1ccccc1,0.8591549295774648,TDCA-DOPO-3,O=P(Oc1ccccc1)(Oc1ccccc1)OC(c1ccc(C(OP(=O)(Oc2ccccc2)Oc2ccccc2)P2(=O)Oc3ccccc3-c3ccccc32)cc1)P1(=O)Oc2ccccc2-c2ccccc21,0.5813953488372093,DOPO-PHE,O=P1(C(c2ccc(O)cc2)c2ccc(O)cc2)Oc2ccccc2-c2ccccc21,0.5,0.8591549295774648,True,0.9767356016153261,1.719968435096399,-1.5316423331355886,True,True,True,True,0.24927993306686239,0.9186963694036299,0.6724800385122979,1.0,0.04538915322317358,0.5702225705160968,0.6296524405704851,0.4371458600415738,0.0,0.0,0.564080561564249,1.0,True,True,57,57
75,FORM_000920,CAND_R2_324,BDO-triethoxysilyl,designed,P-N-Si-S,B,True,True,True,True,True,Candidate,,BDO-triethoxysilyl,,DDS,DOPO-based (Additive + Secondary Crosslinking),3,1,P-N-Si-S,100.00%,0.00%,CCO[Si](OCC)(OCC)c1ccc(C(CP2(=O)Oc3ccccc3-c3ccccc32)Nc2n[nH]c(NC(c3cccs3)P3(=O)Oc4ccccc4-c4ccccc43)n2)s1,,NC1=CC=C(C=C1)S(=O)(=O)C1=CC=C(N)C=C1,5.29,0.365736791765298,0.4134818914457713,0.3786427875488412,0.0,0.1658178396965222,1.1305449732033317,1.035287660618583,0.0,0.4533802544069219,1,1,1,0,1,1,1,0,0,0,0,250.0,4.0,,22.4,,3.0,,,4.0,50.0,,867.99,,,114.145,,,180.0,,,16.9,,,52.14,,,95.65,,,,,Virtual screening scenario,,,,,,,,,,,,,,,,,,,,,,,,,,,,,,,,40.697963523571964,34.291550731068824,47.104376316075104,12.812825585006273,True,GBDT,compact,260,488.2839719942733,-41.92228420206652,1018.4902281906132,1060.4125123926797,True,GBDT,compact,330,81.72049363616809,51.19574054801525,112.24524672432092,61.04950617630567,True,GBDT,descriptors,30,0.6321459173792918,1,0.9301498260799416,ExtraTrees,morgan_r3,ALL,187.36312866210938,160.16671752929688,214.55953979492188,54.392822265625,True,XGB,morgan_r3,270,59.52434501826115,35.42542933491268,83.62326070160962,48.197831366696946,True,GBDT,compact,140,918,True,CCO[Si](OCC)(OCC)c1ccc(C(CP2(=O)Oc3ccccc3-c3ccccc32)Nc2n[nH]c(NC(c3cccs3)P3(=O)Oc4ccccc4-c4ccccc43)n2)s1,O=P1(CC(Nc2n[nH]c(NC(c3cccs3)P3(=O)Oc4ccccc4-c4ccccc43)n2)c2cccs2)Oc2ccccc2-c2ccccc21,0.7610619469026548,True,In_domain,Maximum Tanimoto >= 0.70.,BDO,O=P1(CC(Nc2n[nH]c(NC(c3cccs3)P3(=O)Oc4ccccc4-c4ccccc43)n2)c2cccs2)Oc2ccccc2-c2ccccc21,0.7610619469026548,SAD,O=P1(C(Nc2nc[nH]n2)c2cccs2)Oc2ccccc2-c2ccccc21,0.4793388429752066,FGD,O=P1(C(Nc2n[nH]c(NC(c3ccco3)P3(=O)Oc4ccccc4-c4ccccc43)n2)c2ccco2)Oc2ccccc2-c2ccccc21,0.4365079365079365,0.7610619469026548,True,0.988358304346657,-0.14673294551759414,-1.1320018299134451,True,True,True,True,1.0,0.5333018732260736,0.939467862183468,0.19112847166439473,1.0,0.07438036287977076,0.6402176777027643,0.517537011887451,0.0,0.0,0.5625871259196467,1.0,True,True,58,58
76,FORM_000917,CAND_R2_323,BDO-trimethoxysilyl,designed,P-N-Si-S,B,True,True,True,True,True,Candidate,,BDO-trimethoxysilyl,,DDS,DOPO-based (Additive + Secondary Crosslinking),3,1,P-N-Si-S,100.00%,0.00%,CO[Si](OC)(OC)c1ccc(C(CP2(=O)Oc3ccccc3-c3ccccc32)Nc2n[nH]c(NC(c3cccs3)P3(=O)Oc4ccccc4-c4ccccc43)n2)s1,,NC1=CC=C(C=C1)S(=O)(=O)C1=CC=C(N)C=C1,5.29,0.3837599715199804,0.4338579067185676,0.3973019631539747,0.0,0.1739891935189219,1.130544973203332,1.0352876606185832,0.0,0.4533802544069221,1,1,1,0,1,1,1,0,0,0,0,250.0,4.0,,22.4,,3.0,,,4.0,50.0,,867.99,,,114.145,,,180.0,,,16.9,,,52.14,,,95.65,,,,,Virtual screening scenario,,,,,,,,,,,,,,,,,,,,,,,,,,,,,,,,40.68133934513581,34.27492655263268,47.087752137638944,12.812825585006273,True,GBDT,compact,260,488.2839719942733,-41.92228420206652,1018.4902281906132,1060.4125123926797,True,GBDT,compact,330,81.3700498328331,50.84529674468027,111.89480292098594,61.04950617630567,True,GBDT,descriptors,30,0.6262947337539577,1,0.9361985609040677,ExtraTrees,morgan_r3,ALL,186.5196075439453,159.3231964111328,213.7160186767578,54.392822265625,True,XGB,morgan_r3,270,60.460455577992256,36.361539894643784,84.55937126134073,48.197831366696946,True,GBDT,compact,140,915,True,CO[Si](OC)(OC)c1ccc(C(CP2(=O)Oc3ccccc3-c3ccccc32)Nc2n[nH]c(NC(c3cccs3)P3(=O)Oc4ccccc4-c4ccccc43)n2)s1,O=P1(CC(Nc2n[nH]c(NC(c3cccs3)P3(=O)Oc4ccccc4-c4ccccc43)n2)c2cccs2)Oc2ccccc2-c2ccccc21,0.7818181818181819,True,In_domain,Maximum Tanimoto >= 0.70.,BDO,O=P1(CC(Nc2n[nH]c(NC(c3cccs3)P3(=O)Oc4ccccc4-c4ccccc43)n2)c2cccs2)Oc2ccccc2-c2ccccc21,0.7818181818181819,SAD,O=P1(C(Nc2nc[nH]n2)c2cccs2)Oc2ccccc2-c2ccccc21,0.4915254237288136,DOPO-SGA,COc1cc(C(Nc2n[nH]c(NC(c3cc(OC)c(O)c(OC)c3)P3(=O)Oc4ccccc4-c4ccccc43)n2)P2(=O)Oc3ccccc3-c3ccccc32)cc(OC)c1O,0.453125,0.7818181818181819,True,0.9893664268173445,0.09624680573344868,-1.124133556013134,True,True,True,True,1.0,0.49204688320810697,0.939467862183468,0.20571950344788337,1.0,0.12513524171023035,0.6399603739389148,0.5245099276105581,0.0,0.0,0.561283884797331,1.0,True,True,59,59
81,FORM_000633,CAND_R2_218,DOPO-PPO-OH-methyl,designed,P-only,B,True,True,True,True,True,Candidate,,DOPO-PPO-OH-methyl,,DDM,DOPO-based (additive),0,0,P-only,100.00%,0.00%,COC(c1ccc(OP(=O)(Oc2ccc(C(O)P3(=O)Oc4ccccc4-c4ccccc43)cc2)c2ccccc2)cc1)P1(=O)Oc2ccccc2-c2ccccc21,,NC1=CC=C(CC2=CC=C(N)C=C2)C=C1,10.0,1.143390821569901,0.0,0.0,0.0,0.0,0.0,0.0,0.0,0.0,1,0,0,0,0,1,0,0,0,0,0,160.0,3.2,,24.8,,3.2,,,3.0,50.0,,1184.0,,,87.2,,,159.0,,,17.0,,,62.6,,,97.55,,,,,Virtual screening scenario,,,,,,,,,,,,,,,,,,,,,,,,,,,,,,,,33.83807566615093,27.43166287364779,40.24448845865406,12.812825585006273,True,GBDT,compact,260,573.5548676034308,43.34861140709097,1103.7611237997708,1060.4125123926797,True,GBDT,compact,330,57.518244745483415,26.99349165733058,88.04299783363625,61.04950617630567,True,GBDT,descriptors,30,0.6426942081940821,1,0.9185534517914559,ExtraTrees,morgan_r3,ALL,156.83314514160156,129.63673400878906,184.02955627441406,54.392822265625,True,XGB,morgan_r3,270,69.52520035673051,45.426284673382035,93.62411604007897,48.197831366696946,True,GBDT,compact,140,630,True,COC(c1ccc(OP(=O)(Oc2ccc(C(O)P3(=O)Oc4ccccc4-c4ccccc43)cc2)c2ccccc2)cc1)P1(=O)Oc2ccccc2-c2ccccc21,O=P1(Cc2ccc(OP(=O)(Oc3ccc(CP4(=O)Oc5ccccc5-c5ccccc54)cc3)c3ccccc3)cc2)Oc2ccccc2-c2ccccc21,0.8414634146341463,True,In_domain,Maximum Tanimoto >= 0.70.,DOPO-PPO,O=P(Oc1ccc(C(O)P2(=O)Oc3ccccc3-c3ccccc32)cc1)(Oc1ccc(C(O)P2(=O)Oc3ccccc3-c3ccccc32)cc1)c1ccccc1,0.8414634146341463,Trif-DOPO,O=P1(C(O)c2ccc(Oc3nc(Oc4ccc(C(O)P5(=O)Oc6ccccc6-c6ccccc65)cc4)nc(Oc4ccc(C(O)P5(=O)Oc6ccccc6-c6ccccc65)cc4)n3)cc2)Oc2ccccc2-c2ccccc21,0.5263157894736842,DOPO-PHBA,O=P1(C(O)c2ccc(O)cc2)Oc2ccccc2-c2ccccc21,0.5168539325842697,0.8414634146341463,True,0.986425575298576,1.9259522654197048,-2.242167813169739,True,True,True,True,0.3747726936131721,0.6076747967464721,0.7680284453683361,1.0,0.17839939604037722,0.6166156743271402,0.6295966941823478,0.5041688377223856,0.0,0.0,0.5539713685239899,1.0,True,True,60,60
84,FORM_000357,CAND_R2_121,DOPT-aryl-methyl-to-aldehyde,designed,P-N-S,B,True,True,True,True,True,Candidate,,DOPT-aryl-methyl-to-aldehyde,,DDM,DOPO-based (additive),0,1,P-N-S,100.00%,0.00%,O=Cc1ccc(S(=O)(=O)NP2(=O)Oc3ccccc3-c3ccccc32)cc1,,NC1=CC=C(CC2=CC=C(N)C=C2)C=C1,10.0,0.7755831772518303,0.3507326649372501,0.8029516931921754,0.0,0.0,0.4522179892813325,1.0352876606185832,0.0,0.0,1,1,1,0,0,1,0,0,0,0,0,160.0,3.2,,24.8,,3.2,,,3.0,50.0,,1184.0,,,87.2,,,159.0,,,17.0,,,62.6,,,97.55,,,,,Virtual screening scenario,,,,,,,,,,,,,,,,,,,,,,,,,,,,,,,,34.639151116008556,28.23273832350542,41.045563908511696,12.812825585006273,True,GBDT,compact,260,689.5011837484356,159.29492755209571,1219.7074399447754,1060.4125123926797,True,GBDT,compact,330,65.9825461382468,35.45779305009397,96.50729922639964,61.04950617630567,True,GBDT,descriptors,30,0.6651402590339671,1,0.8909147793847769,ExtraTrees,morgan_r3,ALL,141.251953125,114.0555419921875,168.4483642578125,54.392822265625,True,XGB,morgan_r3,270,76.7972399667752,52.69832428342672,100.89615565012366,48.197831366696946,True,GBDT,compact,140,354,True,O=Cc1ccc(S(=O)(=O)NP2(=O)Oc3ccccc3-c3ccccc32)cc1,O=P1(NS(=O)(=O)c2ccccc2)Oc2ccccc2-c2ccccc21,0.7272727272727273,True,In_domain,Maximum Tanimoto >= 0.70.,DOPT,Cc1ccc(S(=O)(=O)NP2(=O)Oc3ccccc3-c3ccccc32)cc1,0.7272727272727273,DAP,O=P1(Nc2ncccn2)Oc2ccccc2-c2ccccc21,0.4342105263157895,D-ATA,O=P1(Nc2nc[nH]n2)Oc2ccccc2-c2ccccc21,0.4125,0.7272727272727273,True,0.9818191298974628,-0.5379275014583412,0.05658357317934107,True,True,True,True,0.46372453179949213,0.7659353577948111,0.5349152749277084,0.8463915693815033,0.0,1.0,0.622193346780703,0.47230727675237283,0.0,0.0,0.5513472552678471,1.0,True,True,61,61
85,FORM_000138,CAND_R2_044,PBD-amino,designed,P-N,B,True,True,True,True,True,Candidate,,PBD-amino,,DDM,DOPO-based (Co-curing),2,1,P-N,100.00%,0.00%,N#Cc1ccc(Oc2cccc(NC(c3ccc(C(Nc4cccc(Oc5cc(N)c(C#N)c(C#N)c5)c4)P4(=O)Oc5ccccc5-c5ccccc54)cc3)P3(=O)Oc4ccccc4-c4ccccc43)c2)cc1C#N,,NC1=CC=C(CC2=CC=C(N)C=C2)C=C1,10.19,0.6213318004691114,0.9834209611964216,0.0,0.0,0.0,1.582762962484665,0.0,0.0,0.0,1,1,0,0,0,1,0,0,0,0,0,170.0,3.0,,24.0,,3.0,,,3.0,50.0,,1208.0,,,88.0,,,164.3,,,16.5,,,58.7,,,101.3,,,,,Virtual screening scenario,,,,,,,,,,,,,,,,,,,,,,,,,,,,,,,,35.49039027802744,29.083977485524304,41.89680307053058,12.812825585006273,True,GBDT,compact,260,781.5593622665422,251.35310607020233,1311.765618462882,1060.4125123926797,True,GBDT,compact,330,66.98159605330206,36.45684296514922,97.50634914145489,61.04950617630567,True,GBDT,descriptors,30,0.702777829504289,1,0.835524607446118,ExtraTrees,morgan_r3,ALL,163.6604766845703,136.4640655517578,190.8568878173828,54.392822265625,True,XGB,morgan_r3,270,64.79732560912,40.69840992577152,88.89624129246846,48.197831366696946,True,GBDT,compact,140,135,True,N#Cc1ccc(Oc2cccc(NC(c3ccc(C(Nc4cccc(Oc5cc(N)c(C#N)c(C#N)c5)c4)P4(=O)Oc5ccccc5-c5ccccc54)cc3)P3(=O)Oc4ccccc4-c4ccccc43)c2)cc1C#N,O=P1(C(Nc2cccc(Oc3ccccc3)c2)c2ccc(C(Nc3cccc(Oc4ccccc4)c3)P3(=O)Oc4ccccc4-c4ccccc43)cc2)Oc2ccccc2-c2ccccc21,0.83,True,In_domain,Maximum Tanimoto >= 0.70.,PBD,N#Cc1ccc(Oc2cccc(NC(c3ccc(C(Nc4cccc(Oc5ccc(C#N)c(C#N)c5)c4)P4(=O)Oc5ccccc5-c5ccccc54)cc3)P3(=O)Oc4ccccc4-c4ccccc43)c2)cc1C#N,0.83,APN-DOPO,N#Cc1ccc(Oc2cccc(NCP3(=O)Oc4ccccc4-c4ccccc43)c2)cc1C#N,0.48333333333333334,DOPO-DDE,O=P1(C(Nc2ccc(Oc3ccc(NC(c4ccc(O)cc4)P4(=O)Oc5ccccc5-c5ccccc54)cc3)cc2)c2ccc(O)cc2)Oc2ccccc2-c2ccccc21,0.45689655172413796,0.83,True,0.9725874345743529,3.1221082452953426,4.514191337366827,True,True,True,True,0.5582465748994521,1.0,0.3498298442486788,0.8047952594306926,0.36934998802920616,0.36027553645978194,0.6155368881646635,0.4166666666666667,0.0,0.01899999999999995,0.5511368881646634,1.0,True,True,62,62
86,FORM_000201,CAND_R2_065,PBD-nitrile-to-aminomethyl-2,designed,P-N,B,True,True,True,True,True,Candidate,,PBD-nitrile-to-aminomethyl-2,,DDM,DOPO-based (Co-curing),2,1,P-N,100.00%,0.00%,N#Cc1ccc(Oc2cccc(NC(c3ccc(C(Nc4cccc(Oc5ccc(C#N)c(CN)c5)c4)P4(=O)Oc5ccccc5-c5ccccc54)cc3)P3(=O)Oc4ccccc4-c4ccccc43)c2)cc1C#N,,NC1=CC=C(CC2=CC=C(N)C=C2)C=C1,10.19,0.6281220720810363,0.852144301379132,0.0,0.0,0.0,1.3566539678439986,0.0,0.0,0.0,1,1,0,0,0,1,0,0,0,0,0,170.0,3.0,,24.0,,3.0,,,3.0,50.0,,1208.0,,,88.0,,,164.3,,,16.5,,,58.7,,,101.3,,,,,Virtual screening scenario,,,,,,,,,,,,,,,,,,,,,,,,,,,,,,,,35.497412568812784,29.090999776309648,41.903825361315924,12.812825585006273,True,GBDT,compact,260,762.1102607023478,231.90400450600794,1292.3165168986875,1060.4125123926797,True,GBDT,compact,330,66.98159605330206,36.45684296514922,97.50634914145489,61.04950617630567,True,GBDT,descriptors,30,0.7084442168851897,1,0.8262040337884801,ExtraTrees,morgan_r3,ALL,162.03187561035156,134.83546447753906,189.22828674316406,54.392822265625,True,XGB,morgan_r3,270,64.12645429384713,40.02753861049866,88.22536997719561,48.197831366696946,True,GBDT,compact,140,198,True,N#Cc1ccc(Oc2cccc(NC(c3ccc(C(Nc4cccc(Oc5ccc(C#N)c(CN)c5)c4)P4(=O)Oc5ccccc5-c5ccccc54)cc3)P3(=O)Oc4ccccc4-c4ccccc43)c2)cc1C#N,O=P1(C(Nc2cccc(Oc3ccccc3)c2)c2ccc(C(Nc3cccc(Oc4ccccc4)c3)P3(=O)Oc4ccccc4-c4ccccc43)cc2)Oc2ccccc2-c2ccccc21,0.8556701030927835,True,In_domain,Maximum Tanimoto >= 0.70.,PBD,N#Cc1ccc(Oc2cccc(NC(c3ccc(C(Nc4cccc(Oc5ccc(C#N)c(C#N)c5)c4)P4(=O)Oc5ccccc5-c5ccccc54)cc3)P3(=O)Oc4ccccc4-c4ccccc43)c2)cc1C#N,0.8556701030927835,APN-DOPO,N#Cc1ccc(Oc2cccc(NCP3(=O)Oc4ccccc4-c4ccccc43)c2)cc1C#N,0.5086206896551724,DOPO-DDE,O=P1(C(Nc2ccc(Oc3ccc(NC(c4ccc(O)cc4)P4(=O)Oc5ccccc5-c5ccccc54)cc3)cc2)c2ccc(O)cc2)Oc2ccccc2-c2ccccc21,0.4690265486725664,0.8556701030927835,True,0.9710340056314134,2.899833502475637,4.232714319887546,True,True,True,True,0.5590263337520622,1.0,0.38893278325176894,0.8047952594306926,0.3238003706891806,0.32390163600160754,0.6153210759559836,0.4166666666666667,0.0,0.01899999999999995,0.5509210759559836,1.0,True,True,63,63
92,FORM_000911,CAND_R2_321,BDO-boronic-acid,designed,P-N-B-S,B,True,True,True,True,True,Candidate,,BDO-boronic-acid,,DDM,DOPO-based (additive),0,1,P-N-B-S,100.00%,0.00%,O=P1(CC(Nc2n[nH]c(NC(c3cccs3)P3(=O)Oc4ccccc4-c4ccccc43)n2)c2ccc(B(O)O)s2)Oc2ccccc2-c2ccccc21,,NC1=CC=C(CC2=CC=C(N)C=C2)C=C1,7.0,0.5576809804905022,0.6304834291446426,0.5773602376634898,0.0973340020834136,0.0,1.130544973203332,1.0352876606185832,0.1745334796926454,0.0,1,1,1,1,0,1,0,0,0,0,0,160.0,3.2,,24.8,,3.2,,,3.0,50.0,,1184.0,,,87.2,,,159.0,,,17.0,,,62.6,,,97.55,,,,,Virtual screening scenario,,,,,,,,,,,,,,,,,,,,,,,,,,,,,,,,34.5777039283606,28.171291135857462,40.98411672086374,12.812825585006273,True,GBDT,compact,260,790.0345081892925,259.8282519929527,1320.2407643856322,1060.4125123926797,True,GBDT,compact,330,64.230385015176,33.70563192702316,94.75513810332883,61.04950617630567,True,GBDT,descriptors,30,0.6738971205884152,1,0.8790391658042327,ExtraTrees,morgan_r3,ALL,152.23016357421875,125.03375244140625,179.42657470703125,54.392822265625,True,XGB,morgan_r3,270,75.18514875839331,51.08623307504484,99.28406444174178,48.197831366696946,True,GBDT,compact,140,909,True,O=P1(CC(Nc2n[nH]c(NC(c3cccs3)P3(=O)Oc4ccccc4-c4ccccc43)n2)c2ccc(B(O)O)s2)Oc2ccccc2-c2ccccc21,O=P1(CC(Nc2n[nH]c(NC(c3cccs3)P3(=O)Oc4ccccc4-c4ccccc43)n2)c2cccs2)Oc2ccccc2-c2ccccc21,0.819047619047619,True,In_domain,Maximum Tanimoto >= 0.70.,BDO,O=P1(CC(Nc2n[nH]c(NC(c3cccs3)P3(=O)Oc4ccccc4-c4ccccc43)n2)c2cccs2)Oc2ccccc2-c2ccccc21,0.819047619047619,SAD,O=P1(C(Nc2nc[nH]n2)c2cccs2)Oc2ccccc2-c2ccccc21,0.5,TBO,O=P1(C(Nc2n[nH]c(NC(c3ccccc3O)P3(=O)Oc4ccccc4-c4ccccc43)n2)c2ccccc2O)Oc2ccccc2-c2ccccc21,0.47058823529411764,0.819047619047619,True,0.9798398609673722,0.08514655918364566,-1.2248160417097476,True,True,True,True,0.45690140384863936,0.8276774358340804,0.3327903366413092,0.9193443178485136,0.04966065680182212,0.9234918144655083,0.6046579459612416,0.458617198568249,0.0,0.0,0.5358653661760042,1.0,True,True,64,64
94,FORM_000383,CAND_R2_133,DIB-triethoxysilyl,designed,P-N-Si,B,True,True,True,True,True,Candidate,,DIB-triethoxysilyl,,DDS,DOPO-based (Additive + Secondary Crosslinking),3,1,P-N-Si,100.00%,0.00%,CCO[Si](OCC)(OCC)c1nc(C(Nc2ccc(NC(c3c[nH]cn3)P3(=O)Oc4ccccc4-c4ccccc43)cc2)P2(=O)Oc3ccccc3-c3ccccc32)c[nH]1,,NC1=CC=C(C=C1)S(=O)(=O)C1=CC=C(N)C=C1,5.29,0.3815380280706247,0.5176150796653879,0.0,0.0,0.1729818082325751,1.3566539678439984,0.0,0.0,0.4533802544069219,1,1,0,0,1,1,1,0,0,0,0,250.0,4.0,,22.4,,3.0,,,4.0,50.0,,867.99,,,114.145,,,180.0,,,16.9,,,52.14,,,95.65,,,,,Virtual screening scenario,,,,,,,,,,,,,,,,,,,,,,,,,,,,,,,,41.20002361542717,34.79361082292404,47.6064364079303,12.812825585006273,True,GBDT,compact,260,490.6294655239662,-39.57679067237365,1020.8357217203061,1060.4125123926797,True,GBDT,compact,330,81.3700498328331,50.84529674468027,111.89480292098594,61.04950617630567,True,GBDT,descriptors,30,0.6039141438782177,1,0.9568074028082283,ExtraTrees,morgan_r3,ALL,188.6428680419922,161.4464569091797,215.8392791748047,54.392822265625,True,XGB,morgan_r3,270,61.64853508483683,37.54961940148836,85.7474507681853,48.197831366696946,True,GBDT,compact,140,381,True,CCO[Si](OCC)(OCC)c1nc(C(Nc2ccc(NC(c3c[nH]cn3)P3(=O)Oc4ccccc4-c4ccccc43)cc2)P2(=O)Oc3ccccc3-c3ccccc32)c[nH]1,O=P1(C(Nc2ccc(NC(c3c[nH]cn3)P3(=O)Oc4ccccc4-c4ccccc43)cc2)c2c[nH]cn2)Oc2ccccc2-c2ccccc21,0.7159090909090909,True,In_domain,Maximum Tanimoto >= 0.70.,DIB,O=P1(C(Nc2ccc(NC(c3c[nH]cn3)P3(=O)Oc4ccccc4-c4ccccc43)cc2)c2c[nH]cn2)Oc2ccccc2-c2ccccc21,0.7159090909090909,PBI,O=P1(C(Nc2nc3ccccc3s2)c2c[nH]cn2)Oc2ccccc2-c2ccccc21,0.509090909090909,PBO,O=P1(C(Nc2ccc(NC(c3c[nH]c4ccccc34)P3(=O)Oc4ccccc4-c4ccccc43)cc2)c2c[nH]c3ccccc23)Oc2ccccc2-c2ccccc21,0.43636363636363634,0.7159090909090909,True,0.9928012338013713,1.6213904263519567,-0.9366462898541149,True,True,True,True,1.0,0.3342478683349175,0.9347521846946645,0.20571950344788337,1.0,0.18955159807327546,0.6138990711028206,0.5482675764291782,0.0,0.0,0.5316589346384438,1.0,True,True,65,65
96,FORM_000380,CAND_R2_132,DIB-trimethoxysilyl,designed,P-N-Si,B,True,True,True,True,True,Candidate,,DIB-trimethoxysilyl,,DDS,DOPO-based (Additive + Secondary Crosslinking),3,1,P-N-Si,100.00%,0.00%,CO[Si](OC)(OC)c1nc(C(Nc2ccc(NC(c3c[nH]cn3)P3(=O)Oc4ccccc4-c4ccccc43)cc2)P2(=O)Oc3ccccc3-c3ccccc32)c[nH]1,,NC1=CC=C(C=C1)S(=O)(=O)C1=CC=C(N)C=C1,5.29,0.4011940393524185,0.5442814853628198,0.0,0.0,0.1818934556281402,1.3566539678439984,0.0,0.0,0.453380254406922,1,1,0,0,1,1,1,0,0,0,0,250.0,4.0,,22.4,,3.0,,,4.0,50.0,,867.99,,,114.145,,,180.0,,,16.9,,,52.14,,,95.65,,,,,Virtual screening scenario,,,,,,,,,,,,,,,,,,,,,,,,,,,,,,,,41.03132289353573,34.6249101010326,47.43773568603886,12.812825585006273,True,GBDT,compact,260,487.1919279125412,-43.01432828379865,1017.398184108881,1060.4125123926797,True,GBDT,compact,330,81.3700498328331,50.84529674468027,111.89480292098594,61.04950617630567,True,GBDT,descriptors,30,0.600600791597966,1,0.9595179229194505,ExtraTrees,morgan_r3,ALL,188.2290496826172,161.0326385498047,215.4254608154297,54.392822265625,True,XGB,morgan_r3,270,61.64853508483683,37.54961940148836,85.7474507681853,48.197831366696946,True,GBDT,compact,140,378,True,CO[Si](OC)(OC)c1nc(C(Nc2ccc(NC(c3c[nH]cn3)P3(=O)Oc4ccccc4-c4ccccc43)cc2)P2(=O)Oc3ccccc3-c3ccccc32)c[nH]1,O=P1(C(Nc2ccc(NC(c3c[nH]cn3)P3(=O)Oc4ccccc4-c4ccccc43)cc2)c2c[nH]cn2)Oc2ccccc2-c2ccccc21,0.75,True,In_domain,Maximum Tanimoto >= 0.70.,DIB,O=P1(C(Nc2ccc(NC(c3c[nH]cn3)P3(=O)Oc4ccccc4-c4ccccc43)cc2)c2c[nH]cn2)Oc2ccccc2-c2ccccc21,0.75,PBI,O=P1(C(Nc2nc3ccccc3s2)c2c[nH]cn2)Oc2ccccc2-c2ccccc21,0.5283018867924528,PBO,O=P1(C(Nc2ccc(NC(c3c[nH]c4ccccc34)P3(=O)Oc4ccccc4-c4ccccc43)cc2)c2c[nH]c3ccccc23)Oc2ccccc2-c2ccccc21,0.4528301886792453,0.75,True,0.9932529871532417,1.9461414475342607,-0.8772736317988882,True,True,True,True,1.0,0.31088638730807855,0.9416634460244856,0.20571950344788337,1.0,0.18955159807327546,0.610609027163417,0.5513922345355236,0.0,0.0,0.5279001919830885,1.0,True,True,66,66
97,FORM_001173,PUBCHEM_68009580,"1-Butyl-3-(2-methylbutyl)-5-[3-(6-oxobenzo[c][2,1]benzoxaphosphinin-6-yl)propyl]-1,3,5-triazinane-2,4,6-trione",pubchem,P-N,PUBLIC_UNVERIFIED,False,True,True,True,True,Candidate,,"1-Butyl-3-(2-methylbutyl)-5-[3-(6-oxobenzo[c][2,1]benzoxaphosphinin-6-yl)propyl]-1,3,5-triazinane-2,4,6-trione",,DDM,DOPO-based (additive),0,1,P-N,100.00%,0.00%,CCCCn1c(=O)n(CCCP2(=O)Oc3ccccc3-c3ccccc32)c(=O)n(CC(C)CC)c1=O,,NC1=CC=C(CC2=CC=C(N)C=C2)C=C1,10.0,0.6054824565690368,0.821430177164315,0.0,0.0,0.0,1.3566539678439982,0.0,0.0,0.0,1,1,0,0,0,1,0,0,0,0,0,160.0,3.2,,24.8,,3.2,,,3.0,50.0,,1184.0,,,87.2,,,159.0,,,17.0,,,62.6,,,97.55,,,,,Virtual screening scenario,,,,,,,,,,,,,,,,,,,,,,,,,,,,,,,,34.72575690979791,28.319344117294772,41.13216970230104,12.812825585006273,True,GBDT,compact,260,711.9482884062364,181.7420322098966,1242.1545446025762,1060.4125123926797,True,GBDT,compact,330,66.88744804676479,36.362694958611954,97.41220113491762,61.04950617630567,True,GBDT,descriptors,30,0.6546820537236406,1,0.904293849023347,ExtraTrees,morgan_r3,ALL,152.68057250976562,125.48416137695312,179.87698364257812,54.392822265625,True,XGB,morgan_r3,270,77.49672531078421,53.39780962743574,101.59564099413268,48.197831366696946,True,GBDT,compact,140,1170,True,CCCCn1c(=O)n(CCCP2(=O)Oc3ccccc3-c3ccccc32)c(=O)n(CC(C)CC)c1=O,O=c1[nH]c(=O)n(CCCP2(=O)Oc3ccccc3-c3ccccc32)c(=O)[nH]1,0.7297297297297297,True,In_domain,Maximum Tanimoto >= 0.70.,TAD,O=c1n(CCCP2(=O)Oc3ccccc3-c3ccccc32)c(=O)n(CCCP2(=O)Oc3ccccc3-c3ccccc32)c(=O)n1CCCP1(=O)Oc2ccccc2-c2ccccc21,0.7297297297297297,TGIC-DOPO,O=c1n(CC(O)CP2(=O)Oc3ccccc3-c3ccccc32)c(=O)n(CC(O)CP2(=O)Oc3ccccc3-c3ccccc32)c(=O)n1CC(O)CP1(=O)Oc2ccccc2-c2ccccc21,0.4606741573033708,DOPO-VTS,CO[Si](CCP1(=O)Oc2ccccc2-c2ccccc21)(OC)OC,0.4318181818181818,0.7297297297297297,True,0.9840489748372244,-2.3864531410480474,-0.05455375146433434,True,True,True,True,0.47334128457417457,0.6921976009048573,0.4897847705014323,0.8087151933620804,0.06225794350724201,1.0,0.5990335642192332,0.48773052272956874,0.0,0.0,0.5258739858097978,1.0,True,True,67,67
99,FORM_000123,CAND_R2_022,APN-DOPO-nitrile-to-aminomethyl-2,designed,P-N,B,True,True,True,True,True,Candidate,,APN-DOPO-nitrile-to-aminomethyl-2,,DDM,DOPO-based (Co-curing),2,1,P-N,100.00%,0.00%,N#Cc1ccc(Oc2cccc(NCP3(=O)Oc4ccccc4-c4ccccc43)c2)cc1CN,,NC1=CC=C(CC2=CC=C(N)C=C2)C=C1,10.19,0.675184366744034,0.915991550169531,0.0,0.0,0.0,1.3566539678439982,0.0,0.0,0.0,1,1,0,0,0,1,0,0,0,0,0,170.0,3.0,,24.0,,3.0,,,3.0,50.0,,1208.0,,,88.0,,,164.3,,,16.5,,,58.7,,,101.3,,,,,Virtual screening scenario,,,,,,,,,,,,,,,,,,,,,,,,,,,,,,,,34.34535278486096,27.93893999235782,40.7517655773641,12.812825585006273,True,GBDT,compact,260,819.9562178469919,289.74996165065204,1350.1624740433317,1060.4125123926797,True,GBDT,compact,330,65.28831648817355,34.763563400020715,95.81306957632638,61.04950617630567,True,GBDT,descriptors,30,0.697388503253683,1,0.8441511151330832,ExtraTrees,morgan_r3,ALL,160.51075744628906,133.31434631347656,187.70716857910156,54.392822265625,True,XGB,morgan_r3,270,66.68186972698312,42.58295404363465,90.78078541033159,48.197831366696946,True,GBDT,compact,140,120,True,N#Cc1ccc(Oc2cccc(NCP3(=O)Oc4ccccc4-c4ccccc43)c2)cc1CN,O=P1(CNc2cccc(Oc3ccccc3)c2)Oc2ccccc2-c2ccccc21,0.7692307692307693,True,In_domain,Maximum Tanimoto >= 0.70.,APN-DOPO,N#Cc1ccc(Oc2cccc(NCP3(=O)Oc4ccccc4-c4ccccc43)c2)cc1C#N,0.7692307692307693,PBD,N#Cc1ccc(Oc2cccc(NC(c3ccc(C(Nc4cccc(Oc5ccc(C#N)c(C#N)c5)c4)P4(=O)Oc5ccccc5-c5ccccc54)cc3)P3(=O)Oc4ccccc4-c4ccccc43)c2)cc1C#N,0.43103448275862066,DOPO-BAPh,CC(C)(c1ccc(O)c(CN(CP2(=O)Oc3ccccc3-c3ccccc32)c2cccc(Oc3ccc(C#N)c(C#N)c3)c2)c1)c1ccc(O)c(CN(CP2(=O)Oc3ccccc3-c3ccccc32)c2cccc(Oc3ccc(C#N)c(C#N)c3)c2)c1,0.39849624060150374,0.7692307692307693,True,0.9740251858555139,-0.36683849145927566,4.482577013822867,True,True,True,True,0.43110101098594483,0.9933083268503433,0.27263193889983206,0.8752964231493883,0.281256894942521,0.4624534334597619,0.5888385728173301,0.4183986331745253,0.0,0.01899999999999995,0.5241787778411513,1.0,True,True,68,68
100,FORM_000423,CAND_R2_146,DTB-hydroxymethyl,designed,P-N-B,B,True,True,True,True,True,Candidate,,DTB-hydroxymethyl,,DDM,DOPO-based (additive),0,1,P-N-B,100.00%,0.00%,CCC(O)Cn1c(=O)n(CC(O)COB(O)OC)c(=O)n(CC(O)CP2(=O)Oc3ccc(CO)cc3-c3ccccc32)c1=O,,NC1=CC=C(CC2=CC=C(N)C=C2)C=C1,10.0,0.4874939405576573,0.6613605887574521,0.0,0.1701680275492151,0.0,1.3566539678439984,0.0,0.3490669593852908,0.0,1,1,0,1,0,1,0,0,0,0,0,160.0,3.2,,24.8,,3.2,,,3.0,50.0,,1184.0,,,87.2,,,159.0,,,17.0,,,62.6,,,97.55,,,,,Virtual screening scenario,,,,,,,,,,,,,,,,,,,,,,,,,,,,,,,,34.781655555028095,28.37524276252496,41.18806834753123,12.812825585006273,True,GBDT,compact,260,626.672206386144,96.46595018980418,1156.8784625824837,1060.4125123926797,True,GBDT,compact,330,67.43527618430716,36.91052309615432,97.96002927245999,61.04950617630567,True,GBDT,descriptors,30,0.6364299213163752,1,0.9255475062784306,ExtraTrees,morgan_r3,ALL,157.47402954101562,130.27761840820312,184.67044067382812,54.392822265625,True,XGB,morgan_r3,270,73.12186762648857,49.02295194314009,97.22078330983703,48.197831366696946,True,GBDT,compact,140,420,True,CCC(O)Cn1c(=O)n(CC(O)COB(O)OC)c(=O)n(CC(O)CP2(=O)Oc3ccc(CO)cc3-c3ccccc32)c1=O,O=c1[nH]c(=O)n(CCCP2(=O)Oc3ccccc3-c3ccccc32)c(=O)[nH]1,0.7604166666666666,True,In_domain,Maximum Tanimoto >= 0.70.,DTB,CCC(O)Cn1c(=O)n(CC(O)COB(O)OC)c(=O)n(CC(O)CP2(=O)Oc3ccccc3-c3ccccc32)c1=O,0.7604166666666666,TGIC-DOPO,O=c1n(CC(O)CP2(=O)Oc3ccccc3-c3ccccc32)c(=O)n(CC(O)CP2(=O)Oc3ccccc3-c3ccccc32)c(=O)n1CC(O)CP1(=O)Oc2ccccc2-c2ccccc21,0.5104166666666666,TDA,CCO[Si](CCCNCC(O)Cn1c(=O)n(CC(O)CNCCC[Si](OCC)(OCC)OCC)c(=O)n(CC(O)CP2(=O)Oc3ccccc3-c3ccccc32)c1=O)(OCC)OCC,0.4297520661157025,0.7604166666666666,True,0.9875912510464051,-4.785666338519851,-0.8169383984784406,True,True,True,True,0.47954829946426236,0.5635071361229825,0.6612346147344972,0.7859058935807702,0.19632400607203046,0.8116229943198625,0.5988338888196918,0.5122315076721364,0.0,0.0,0.5219991626688714,1.0,True,True,69,69
101,FORM_000804,CAND_R2_275,Ti-POSS-bisDOPO-amino,designed,P-N-Si,B,True,True,True,True,True,Candidate,,Ti-POSS-bisDOPO-amino,,DDM,DOPO-based (Co-curing),2,1,P-N-Si,100.00%,0.00%,CC(C)C[Si@]12O[Si@@]3(CC(C)C)O[Si@@](CC(C)C)(O1)O[Si@]1(CC(C)C)O[Si@@]4(CC(C)C)O[Ti](OC(C)C)(O2)O[Si@@](CC(C)C)(O[Si@@](CCCN(CP2(=O)Oc5ccccc5-c5ccccc52)CP2(=O)Oc5ccc(N)cc5-c5ccccc52)(O3)O4)O1,,NC1=CC=C(CC2=CC=C(N)C=C2)C=C1,10.19,0.4615298881215207,0.2087121179995525,0.0,0.0,1.4647397666505326,0.4522179892813328,0.0,0.0,3.173661780848453,1,1,0,0,1,1,0,0,0,0,0,170.0,3.0,,24.0,,3.0,,,3.0,50.0,,1208.0,,,88.0,,,164.3,,,16.5,,,58.7,,,101.3,,,,,Virtual screening scenario,,,,,,,,,,,,,,,,,,,,,,,,,,,,,,,,32.864984305897416,26.45857151339428,39.271397098400556,12.812825585006273,True,GBDT,compact,260,632.5287319048933,102.3224757085535,1162.7349881012333,1060.4125123926797,True,GBDT,compact,330,68.19027023260435,37.66551714445151,98.71502332075718,61.04950617630567,True,GBDT,descriptors,30,0.6874672909015309,1,0.8594240593681631,ExtraTrees,morgan_r3,ALL,166.3270263671875,139.130615234375,193.5234375,54.392822265625,True,XGB,morgan_r3,270,62.83573022067421,38.736814537325735,86.93464590402269,48.197831366696946,True,GBDT,compact,140,801,True,CC(C)C[Si@]12O[Si@@]3(CC(C)C)O[Si@@](CC(C)C)(O1)O[Si@]1(CC(C)C)O[Si@@]4(CC(C)C)O[Ti](OC(C)C)(O2)O[Si@@](CC(C)C)(O[Si@@](CCCN(CP2(=O)Oc5ccccc5-c5ccccc52)CP2(=O)Oc5ccc(N)cc5-c5ccccc52)(O3)O4)O1,O=P1(CN(CCC[Si]23O[SiH]4O[SiH]5O[SiH]6O[SiH](O[Ti](O[SiH](O5)O4)O[SiH](O6)O2)O3)CP2(=O)Oc3ccccc3-c3ccccc32)Oc2ccccc2-c2ccccc21,0.8461538461538461,True,In_domain,Maximum Tanimoto >= 0.70.,Ti-POSS-bisDOPO,CC(C)C[Si@]12O[Si@@]3(CC(C)C)O[Si@@](CC(C)C)(O1)O[Si@]1(CC(C)C)O[Si@@]4(CC(C)C)O[Ti](OC(C)C)(O2)O[Si@@](CC(C)C)(O[Si@@](CCCN(CP2(=O)Oc5ccccc5-c5ccccc52)CP2(=O)Oc5ccccc5-c5ccccc52)(O3)O4)O1,0.8461538461538461,Zr-POSS-bisDOPO,CCCCO[Zr]12O[Si]3(CCCN(CP4(=O)Oc5ccccc5-c5ccccc54)CP4(=O)Oc5ccccc5-c5ccccc54)O[Si]4(CC(C)C)O[Si]5(CC(C)C)O[Si](CC(C)C)(O3)O[Si](CC(C)C)(O[Si](CC(C)C)(O5)O[Si](CC(C)C)(O4)O1)O2,0.53125,PDC,CC(C)C[Si]12O[Si]3(CCCNC(c4ccc(O)c(O)c4)P4(=O)Oc5ccccc5-c5ccccc54)O[Si]4(CC(C)C)O[Si](CC(C)C)(O1)O[Si]1(CC(C)C)O[Si](CC(C)C)(O2)O[Si](CC(C)C)(O3)O[Si](CC(C)C)(O4)O1,0.3546099290780142,0.8461538461538461,True,0.9765706765613605,-1.9562667482507197,0.4405256521813703,True,True,True,True,0.2667201184991049,0.9233567507654638,0.6494599135035006,0.7544710613759645,0.4439295272325957,0.25392000481878363,0.5885865220339447,0.436005117190017,0.0,0.01899999999999995,0.5212857544554421,1.0,True,True,70,70
103,FORM_001128,PUBCHEM_68009578,"1,3-Bis(2-methylbutyl)-5-[3-(6-oxobenzo[c][2,1]benzoxaphosphinin-6-yl)propyl]-1,3,5-triazinane-2,4,6-trione",pubchem,P-N,PUBLIC_UNVERIFIED,False,True,True,True,True,Candidate,,"1,3-Bis(2-methylbutyl)-5-[3-(6-oxobenzo[c][2,1]benzoxaphosphinin-6-yl)propyl]-1,3,5-triazinane-2,4,6-trione",,DDM,DOPO-based (additive),0,1,P-N,100.00%,0.00%,CCC(C)Cn1c(=O)n(CCCP2(=O)Oc3ccccc3-c3ccccc32)c(=O)n(CC(C)CC)c1=O,,NC1=CC=C(CC2=CC=C(N)C=C2)C=C1,10.0,0.5893231554873986,0.7995075972343247,0.0,0.0,0.0,1.3566539678439982,0.0,0.0,0.0,1,1,0,0,0,1,0,0,0,0,0,160.0,3.2,,24.8,,3.2,,,3.0,50.0,,1184.0,,,87.2,,,159.0,,,17.0,,,62.6,,,97.55,,,,,Virtual screening scenario,,,,,,,,,,,,,,,,,,,,,,,,,,,,,,,,34.31119842038762,27.904785627884483,40.71761121289076,12.812825585006273,True,GBDT,compact,260,771.1737597275027,240.96750353116283,1301.3800159238426,1060.4125123926797,True,GBDT,compact,330,65.5135930989459,34.98884001079307,96.03834618709874,61.04950617630567,True,GBDT,descriptors,30,0.657294908881145,1,0.9010332465602893,ExtraTrees,morgan_r3,ALL,154.52320861816406,127.32679748535156,181.71961975097656,54.392822265625,True,XGB,morgan_r3,270,79.5869496639473,55.48803398059882,103.68586534729576,48.197831366696946,True,GBDT,compact,140,1125,True,CCC(C)Cn1c(=O)n(CCCP2(=O)Oc3ccccc3-c3ccccc32)c(=O)n(CC(C)CC)c1=O,O=c1[nH]c(=O)n(CCCP2(=O)Oc3ccccc3-c3ccccc32)c(=O)[nH]1,0.7571428571428571,True,In_domain,Maximum Tanimoto >= 0.70.,TAD,O=c1n(CCCP2(=O)Oc3ccccc3-c3ccccc32)c(=O)n(CCCP2(=O)Oc3ccccc3-c3ccccc32)c(=O)n1CCCP1(=O)Oc2ccccc2-c2ccccc21,0.7571428571428571,TGIC-DOPO,O=c1n(CC(O)CP2(=O)Oc3ccccc3-c3ccccc32)c(=O)n(CC(O)CP2(=O)Oc3ccccc3-c3ccccc32)c(=O)n1CC(O)CP1(=O)Oc2ccccc2-c2ccccc21,0.5060240963855421,DOPO-VTS,CO[Si](CCP1(=O)Oc2ccccc2-c2ccccc21)(OC)OC,0.4578313253012048,0.7571428571428571,True,0.9835055410933816,-2.4631625395410857,-0.10455496277421221,True,True,True,True,0.42730849243787433,0.7106200809265943,0.3707103759922139,0.8659168360185122,0.11379381129163799,1.0,0.5862905382042027,0.483971735670369,0.0,0.0,0.5136947778536474,1.0,True,True,71,71
104,FORM_000429,CAND_R2_148,DTB-boronic-acid,designed,P-N-B,B,True,True,True,True,True,Candidate,,DTB-boronic-acid,,DDM,DOPO-based (additive),0,1,P-N-B,100.00%,0.00%,CCC(O)Cn1c(=O)n(CC(O)COB(O)OC)c(=O)n(CC(O)CP2(=O)Oc3ccc(B(O)O)cc3-c3ccccc32)c1=O,,NC1=CC=C(CC2=CC=C(N)C=C2)C=C1,10.0,0.4771367481868986,0.6473094626319389,0.0,0.3331053478011718,0.0,1.3566539678439986,0.0,0.6981339187705818,0.0,1,1,0,1,0,1,0,0,0,0,0,160.0,3.2,,24.8,,3.2,,,3.0,50.0,,1184.0,,,87.2,,,159.0,,,17.0,,,62.6,,,97.55,,,,,Virtual screening scenario,,,,,,,,,,,,,,,,,,,,,,,,,,,,,,,,34.128397694479744,27.721984901976608,40.53481048698288,12.812825585006273,True,GBDT,compact,260,637.5479884441394,107.34173224779954,1167.754244640479,1060.4125123926797,True,GBDT,compact,330,67.43527618430716,36.91052309615432,97.96002927245999,61.04950617630567,True,GBDT,descriptors,30,0.6384022937782519,1,0.9233792203076738,ExtraTrees,morgan_r3,ALL,157.47402954101562,130.27761840820312,184.67044067382812,54.392822265625,True,XGB,morgan_r3,270,74.24946121703675,50.15054553368828,98.34837690038523,48.197831366696946,True,GBDT,compact,140,426,True,CCC(O)Cn1c(=O)n(CC(O)COB(O)OC)c(=O)n(CC(O)CP2(=O)Oc3ccc(B(O)O)cc3-c3ccccc32)c1=O,O=c1[nH]c(=O)n(CCCP2(=O)Oc3ccccc3-c3ccccc32)c(=O)[nH]1,0.776595744680851,True,In_domain,Maximum Tanimoto >= 0.70.,DTB,CCC(O)Cn1c(=O)n(CC(O)COB(O)OC)c(=O)n(CC(O)CP2(=O)Oc3ccccc3-c3ccccc32)c1=O,0.776595744680851,TGIC-DOPO,O=c1n(CC(O)CP2(=O)Oc3ccccc3-c3ccccc32)c(=O)n(CC(O)CP2(=O)Oc3ccccc3-c3ccccc32)c(=O)n1CC(O)CP1(=O)Oc2ccccc2-c2ccccc21,0.5212765957446809,TDA,CCO[Si](CCCNCC(O)Cn1c(=O)n(CC(O)CNCCC[Si](OCC)(OCC)OCC)c(=O)n(CC(O)CP2(=O)Oc3ccccc3-c3ccccc32)c1=O)(OCC)OCC,0.4369747899159664,0.776595744680851,True,0.987229870051279,-4.8220976183711,-0.9131400295403354,True,True,True,True,0.40701020393809695,0.5774137593699648,0.6393685639546698,0.7859058935807702,0.19632400607203046,0.8727598712232867,0.5888480718982321,0.5097319311859302,0.0,0.0,0.5123882822203425,1.0,True,True,72,72
105,FORM_000060,CAND_R2_001,APN-DOPO-amino,designed,P-N,B,True,True,True,True,True,Candidate,,APN-DOPO-amino,,DDM,DOPO-based (Co-curing),2,1,P-N,100.00%,0.00%,N#Cc1cc(Oc2cccc(NCP3(=O)Oc4ccccc4-c4ccccc43)c2)cc(N)c1C#N,,NC1=CC=C(CC2=CC=C(N)C=C2)C=C1,10.19,0.6596851904491186,1.193286041534294,0.0,0.0,0.0,1.808871957125331,0.0,0.0,0.0,1,1,0,0,0,1,0,0,0,0,0,170.0,3.0,,24.0,,3.0,,,3.0,50.0,,1208.0,,,88.0,,,164.3,,,16.5,,,58.7,,,101.3,,,,,Virtual screening scenario,,,,,,,,,,,,,,,,,,,,,,,,,,,,,,,,34.33833049407561,27.931917701572477,40.74474328657875,12.812825585006273,True,GBDT,compact,260,833.8093418171449,303.603085620805,1364.0155980134846,1060.4125123926797,True,GBDT,compact,330,65.28831648817355,34.763563400020715,95.81306957632638,61.04950617630567,True,GBDT,descriptors,30,0.6887650905645246,1,0.8574709623366673,ExtraTrees,morgan_r3,ALL,164.01104736328125,136.81463623046875,191.20745849609375,54.392822265625,True,XGB,morgan_r3,270,66.25187301096751,42.15295732761904,90.35078869431598,48.197831366696946,True,GBDT,compact,140,57,True,N#Cc1cc(Oc2cccc(NCP3(=O)Oc4ccccc4-c4ccccc43)c2)cc(N)c1C#N,O=P1(CNc2cccc(Oc3ccccc3)c2)Oc2ccccc2-c2ccccc21,0.7052631578947368,True,In_domain,Maximum Tanimoto >= 0.70.,APN-DOPO,N#Cc1ccc(Oc2cccc(NCP3(=O)Oc4ccccc4-c4ccccc43)c2)cc1C#N,0.7052631578947368,PBD,N#Cc1ccc(Oc2cccc(NC(c3ccc(C(Nc4cccc(Oc5ccc(C#N)c(C#N)c5)c4)P4(=O)Oc5ccccc5-c5ccccc54)cc3)P3(=O)Oc4ccccc4-c4ccccc43)c2)cc1C#N,0.39166666666666666,DPAK,CO[Si](CCCNCP1(=O)Oc2ccccc2-c2ccccc21)(OC)OC,0.37735849056603776,0.7052631578947368,True,0.9762451603894445,-0.38168912731582755,4.576210404418451,True,True,True,True,0.43032125213333466,0.9325071578575106,0.24477986255485584,0.8752964231493883,0.37915494304164,0.43913948726825996,0.578410382170008,0.4337536081727345,0.0,0.01899999999999995,0.5114473409440978,1.0,True,True,73,73
106,FORM_000837,CAND_R2_286,DGEBDB-carboxamide,designed,P-N,B,True,True,True,True,True,Candidate,,DGEBDB-carboxamide,,DDM,DOPO-based (additive),0,1,P-N,100.00%,0.00%,COc1cc(C(c2cc(OC)c(OCC3CO3)c(C(N)=O)c2)P2(=O)Oc3ccccc3-c3ccccc32)ccc1OCC1CO1,,NC1=CC=C(CC2=CC=C(N)C=C2)C=C1,10.0,0.491961588432057,0.2224738803243953,0.0,0.0,0.0,0.4522179892813327,0.0,0.0,0.0,1,1,0,0,0,1,0,0,0,0,0,160.0,3.2,,24.8,,3.2,,,3.0,50.0,,1184.0,,,87.2,,,159.0,,,17.0,,,62.6,,,97.55,,,,,Virtual screening scenario,,,,,,,,,,,,,,,,,,,,,,,,,,,,,,,,34.20033595384402,27.79392316134088,40.60674874634715,12.812825585006273,True,GBDT,compact,260,751.4218999526546,221.21564375631476,1281.6281561489945,1060.4125123926797,True,GBDT,compact,330,63.65630257834424,33.131549490191404,94.18105566649707,61.04950617630567,True,GBDT,descriptors,30,0.6465750959468921,1,0.9140629649926375,ExtraTrees,morgan_r3,ALL,155.8978729248047,128.7014617919922,183.0942840576172,54.392822265625,True,XGB,morgan_r3,270,74.67078061261738,50.571864929268905,98.76969629596584,48.197831366696946,True,GBDT,compact,140,834,True,COc1cc(C(c2cc(OC)c(OCC3CO3)c(C(N)=O)c2)P2(=O)Oc3ccccc3-c3ccccc32)ccc1OCC1CO1,O=P1(C(c2ccc(OCC3CO3)cc2)c2ccc(OCC3CO3)cc2)Oc2ccccc2-c2ccccc21,0.7684210526315789,True,In_domain,Maximum Tanimoto >= 0.70.,DGEBDB,COc1cc(C(c2ccc(OCC3CO3)c(OC)c2)P2(=O)Oc3ccccc3-c3ccccc32)ccc1OCC1CO1,0.7684210526315789,HBFR,COc1ccc(C(c2ccc(OCC(O)Cn3c(=O)n(CC(O)COc4cc(C(c5ccc(OC)c(O)c5)P5(=O)Oc6ccccc6-c6ccccc65)ccc4OC)c(=O)n(CC(O)COc4cc(C(c5ccc(O)c(OC)c5)P5(=O)Oc6ccccc6-c6ccccc65)ccc4OC)c3=O)c(OC)c2)P2(=O)Oc3ccccc3-c3ccccc32)cc1O,0.45588235294117646,DOPO-PHE,O=P1(C(c2ccc(O)cc2)c2ccc(O)cc2)Oc2ccccc2-c2ccccc21,0.40384615384615385,0.7684210526315789,True,0.9856771608321062,0.7309554380857571,0.04757660230788172,True,True,True,True,0.4149982659958141,0.6350378049436186,0.410422018477303,0.9432467381579631,0.15224118439588888,0.8956033427014416,0.5855254182246729,0.4989922533763511,0.0,0.0,0.5106765802182202,1.0,True,True,74,74
108,FORM_000420,CAND_R2_145,DTB-hydroxy,designed,P-N-B,B,True,True,True,True,True,Candidate,,DTB-hydroxy,,DDM,DOPO-based (additive),0,1,P-N-B,100.00%,0.00%,CCC(O)Cn1c(=O)n(CC(O)COB(O)OC)c(=O)n(CC(O)CP2(=O)Oc3ccc(O)cc3-c3ccccc32)c1=O,,NC1=CC=C(CC2=CC=C(N)C=C2)C=C1,10.0,0.4984992234587868,0.676290949472515,0.0,0.1740096081886873,0.0,1.3566539678439982,0.0,0.3490669593852908,0.0,1,1,0,1,0,1,0,0,0,0,0,160.0,3.2,,24.8,,3.2,,,3.0,50.0,,1184.0,,,87.2,,,159.0,,,17.0,,,62.6,,,97.55,,,,,Virtual screening scenario,,,,,,,,,,,,,,,,,,,,,,,,,,,,,,,,34.781655555028095,28.37524276252496,41.18806834753123,12.812825585006273,True,GBDT,compact,260,640.6259929486653,110.41973675232543,1170.832249145005,1060.4125123926797,True,GBDT,compact,330,67.43527618430716,36.91052309615432,97.96002927245999,61.04950617630567,True,GBDT,descriptors,30,0.6291693991441563,1,0.9332610652989506,ExtraTrees,morgan_r3,ALL,157.4239044189453,130.2274932861328,184.6203155517578,54.392822265625,True,XGB,morgan_r3,270,73.23512208968857,49.1362064063401,97.33403777303704,48.197831366696946,True,GBDT,compact,140,417,True,CCC(O)Cn1c(=O)n(CC(O)COB(O)OC)c(=O)n(CC(O)CP2(=O)Oc3ccc(O)cc3-c3ccccc32)c1=O,O=c1[nH]c(=O)n(CCCP2(=O)Oc3ccccc3-c3ccccc32)c(=O)[nH]1,0.7684210526315789,True,In_domain,Maximum Tanimoto >= 0.70.,DTB,CCC(O)Cn1c(=O)n(CC(O)COB(O)OC)c(=O)n(CC(O)CP2(=O)Oc3ccccc3-c3ccccc32)c1=O,0.7684210526315789,TGIC-DOPO,O=c1n(CC(O)CP2(=O)Oc3ccccc3-c3ccccc32)c(=O)n(CC(O)CP2(=O)Oc3ccccc3-c3ccccc32)c(=O)n1CC(O)CP1(=O)Oc2ccccc2-c2ccccc21,0.5157894736842106,TDA,CCO[Si](CCCNCC(O)Cn1c(=O)n(CC(O)CNCCC[Si](OCC)(OCC)OCC)c(=O)n(CC(O)CP2(=O)Oc3ccccc3-c3ccccc32)c1=O)(OCC)OCC,0.43333333333333335,0.7684210526315789,True,0.9888768442164917,-4.719460601274681,-0.8313135102619748,True,True,True,True,0.47954829946426236,0.5123153108582241,0.6331801535546082,0.7859058935807702,0.19492207888091642,0.817763526009171,0.5834584919805816,0.52112361462329,0.0,0.0,0.5052899497870882,1.0,True,True,75,75
112,FORM_001212,PUBCHEM_123394252,"1-Ethyl-3-(2-methylbutyl)-5-[3-(6-oxobenzo[c][2,1]benzoxaphosphinin-6-yl)propyl]-1,3,5-triazinane-2,4,6-trione",pubchem,P-N,PUBLIC_UNVERIFIED,False,True,True,True,True,Candidate,,"1-Ethyl-3-(2-methylbutyl)-5-[3-(6-oxobenzo[c][2,1]benzoxaphosphinin-6-yl)propyl]-1,3,5-triazinane-2,4,6-trione",,DDM,DOPO-based (additive),0,1,P-N,100.00%,0.00%,CCC(C)Cn1c(=O)n(CC)c(=O)n(CCCP2(=O)Oc3ccccc3-c3ccccc32)c1=O,,NC1=CC=C(CC2=CC=C(N)C=C2)C=C1,10.0,0.640613850942596,0.8690913227370964,0.0,0.0,0.0,1.356653967843998,0.0,0.0,0.0,1,1,0,0,0,1,0,0,0,0,0,160.0,3.2,,24.8,,3.2,,,3.0,50.0,,1184.0,,,87.2,,,159.0,,,17.0,,,62.6,,,97.55,,,,,Virtual screening scenario,,,,,,,,,,,,,,,,,,,,,,,,,,,,,,,,34.795845427478106,28.38943263497497,41.202258219981246,12.812825585006273,True,GBDT,compact,260,806.214315873346,276.00805967700614,1336.420572069686,1060.4125123926797,True,GBDT,compact,330,66.88744804676479,36.362694958611954,97.41220113491762,61.04950617630567,True,GBDT,descriptors,30,0.6575367582227232,1,0.900728679234701,ExtraTrees,morgan_r3,ALL,153.3048095703125,126.1083984375,180.501220703125,54.392822265625,True,XGB,morgan_r3,270,79.3369804138644,55.23806473051592,103.43589609721286,48.197831366696946,True,GBDT,compact,140,1209,True,CCC(C)Cn1c(=O)n(CC)c(=O)n(CCCP2(=O)Oc3ccccc3-c3ccccc32)c1=O,O=c1[nH]c(=O)n(CCCP2(=O)Oc3ccccc3-c3ccccc32)c(=O)[nH]1,0.7066666666666667,True,In_domain,Maximum Tanimoto >= 0.70.,TAD,O=c1n(CCCP2(=O)Oc3ccccc3-c3ccccc32)c(=O)n(CCCP2(=O)Oc3ccccc3-c3ccccc32)c(=O)n1CCCP1(=O)Oc2ccccc2-c2ccccc21,0.7066666666666667,TGIC-DOPO,O=c1n(CC(O)CP2(=O)Oc3ccccc3-c3ccccc32)c(=O)n(CC(O)CP2(=O)Oc3ccccc3-c3ccccc32)c(=O)n1CC(O)CP1(=O)Oc2ccccc2-c2ccccc21,0.4606741573033708,DOPO-VTS,CO[Si](CCP1(=O)Oc2ccccc2-c2ccccc21)(OC)OC,0.4318181818181818,0.7066666666666667,True,0.9834547798724502,-2.3298501019033777,-0.08692766795747688,True,True,True,True,0.4811239503449406,0.7123252901306709,0.30026040044538604,0.8087151933620804,0.07971695154026348,1.0,0.5684566620106419,0.48362063376970893,0.0,0.0,0.4959135669451856,1.0,True,True,76,76
113,FORM_000846,CAND_R2_289,DGEBDB-trimethoxysilyl,designed,P-Si,B,True,True,True,True,True,Candidate,,DGEBDB-trimethoxysilyl,,DDS,DOPO-based (Additive + Secondary Crosslinking),3,1,P-Si,100.00%,0.00%,COc1cc(C(c2cc(OC)c(OCC3CO3)c([Si](OC)(OC)OC)c2)P2(=O)Oc3ccccc3-c3ccccc32)ccc1OCC1CO1,,NC1=CC=C(C=C1)S(=O)(=O)C1=CC=C(N)C=C1,10.0,0.4382552984972204,0.0,0.0,0.0,0.3973925974557026,0.0,0.0,0.0,0.906760508813844,1,0,0,0,1,1,1,0,0,0,0,250.0,4.0,,22.4,,3.0,,,4.0,50.0,,867.99,,,114.145,,,180.0,,,16.9,,,52.14,,,95.65,,,,,Virtual screening scenario,,,,,,,,,,,,,,,,,,,,,,,,,,,,,,,,39.001484885998785,32.595072093495645,45.407897678501925,12.812825585006273,True,GBDT,compact,260,429.0437355310477,-101.16252066529216,959.2499917273875,1060.4125123926797,True,GBDT,compact,330,84.64683985355093,54.122086765398095,115.17159294170376,61.04950617630567,True,GBDT,descriptors,30,0.6110841157613687,1,0.9506412769020594,ExtraTrees,morgan_r3,ALL,177.77069091796875,150.57427978515625,204.96710205078125,54.392822265625,True,XGB,morgan_r3,270,61.736512282570246,37.63759659922177,85.83542796591871,48.197831366696946,True,GBDT,compact,140,843,True,COc1cc(C(c2cc(OC)c(OCC3CO3)c([Si](OC)(OC)OC)c2)P2(=O)Oc3ccccc3-c3ccccc32)ccc1OCC1CO1,O=P1(C(c2ccc(OCC3CO3)cc2)c2ccc(OCC3CO3)cc2)Oc2ccccc2-c2ccccc21,0.7604166666666666,True,In_domain,Maximum Tanimoto >= 0.70.,DGEBDB,COc1cc(C(c2ccc(OCC3CO3)c(OC)c2)P2(=O)Oc3ccccc3-c3ccccc32)ccc1OCC1CO1,0.7604166666666666,HBFR,COc1ccc(C(c2ccc(OCC(O)Cn3c(=O)n(CC(O)COc4cc(C(c5ccc(OC)c(O)c5)P5(=O)Oc6ccccc6-c6ccccc65)ccc4OC)c(=O)n(CC(O)COc4cc(C(c5ccc(O)c(OC)c5)P5(=O)Oc6ccccc6-c6ccccc65)ccc4OC)c3=O)c(OC)c2)P2(=O)Oc3ccccc3-c3ccccc32)cc1O,0.4316546762589928,DOPO-PHE,O=P1(C(c2ccc(O)cc2)c2ccc(O)cc2)Oc2ccccc2-c2ccccc21,0.3867924528301887,0.7604166666666666,True,0.9917735461503433,0.8000720543371147,0.026803669456839936,True,True,True,True,0.9481203620447641,0.38480124990847964,1.0,0.06928750811763629,0.7639922789446753,0.19432162439589867,0.5762732143482335,0.5411593335433622,0.0,0.0,0.4950993143167292,1.0,True,True,77,77
114,FORM_001206,PUBCHEM_122234885,"4-[[4-[4-[[(4-Hydroxy-3-methoxyphenyl)-(6-oxobenzo[c][2,1]benzoxaphosphinin-6-yl)methyl]amino]phenoxy]anilino]-(6-oxobenzo[c][2,1]benzoxaphosphinin-6-yl)methyl]-2-methoxyphenol",pubchem,P-N,PUBLIC_UNVERIFIED,False,True,True,True,True,Candidate,,"4-[[4-[4-[[(4-Hydroxy-3-methoxyphenyl)-(6-oxobenzo[c][2,1]benzoxaphosphinin-6-yl)methyl]amino]phenoxy]anilino]-(6-oxobenzo[c][2,1]benzoxaphosphinin-6-yl)methyl]-2-methoxyphenol",,DDM,DOPO-based (reactive),1,1,P-N,100.00%,0.00%,COc1cc(C(Nc2ccc(Oc3ccc(NC(c4ccc(O)c(OC)c4)P4(=O)Oc5ccccc5-c5ccccc54)cc3)cc2)P2(=O)Oc3ccccc3-c3ccccc32)ccc1O,,NC1=CC=C(CC2=CC=C(N)C=C2)C=C1,10.0,0.6876532561627152,0.3109691728246643,0.0,0.0,0.0,0.4522179892813327,0.0,0.0,0.0,1,1,0,0,0,1,0,0,0,0,0,160.0,3.2,,24.7,,3.0,,,3.0,50.0,,1149.8,,,93.5,,,164.0,,,16.0,,,59.0,,,105.1,,,,,Virtual screening scenario,,,,,,,,,,,,,,,,,,,,,,,,,,,,,,,,33.56595693785762,27.159544145354484,39.972369730360754,12.812825585006273,True,GBDT,compact,260,657.4021212282933,127.19586503195342,1187.608377424633,1060.4125123926797,True,GBDT,compact,330,74.32381184145426,43.79905875330142,104.8485649296071,61.04950617630567,True,GBDT,descriptors,30,0.7022112689530955,1,0.8364424108335156,ExtraTrees,morgan_r3,ALL,160.50198364257812,133.30557250976562,187.69839477539062,54.392822265625,True,XGB,morgan_r3,270,65.30400451579284,41.20508883244437,89.4029201991413,48.197831366696946,True,GBDT,compact,140,1203,True,COc1cc(C(Nc2ccc(Oc3ccc(NC(c4ccc(O)c(OC)c4)P4(=O)Oc5ccccc5-c5ccccc54)cc3)cc2)P2(=O)Oc3ccccc3-c3ccccc32)ccc1O,O=P1(C(Nc2ccc(Oc3ccc(NC(c4ccccc4)P4(=O)Oc5ccccc5-c5ccccc54)cc3)cc2)c2ccccc2)Oc2ccccc2-c2ccccc21,0.7093023255813954,True,In_domain,Maximum Tanimoto >= 0.70.,DOPO-DDE,O=P1(C(Nc2ccc(Oc3ccc(NC(c4ccc(O)cc4)P4(=O)Oc5ccccc5-c5ccccc54)cc3)cc2)c2ccc(O)cc2)Oc2ccccc2-c2ccccc21,0.7093023255813954,VDG,COc1cc(C(Nc2nnc(NC(c3ccc(O)c(OC)c3)P3(=O)Oc4ccccc4-c4ccccc43)[nH]2)P2(=O)Oc3ccccc3-c3ccccc32)ccc1O,0.6739130434782609,VAD,COc1cc(C(Nc2ncccn2)P2(=O)Oc3ccccc3-c3ccccc32)ccc1O,0.6739130434782609,0.7093023255813954,True,0.972740401805586,2.41749850038624,-0.03760582195734225,True,True,True,True,0.344556487273413,1.0,0.5994512988483327,0.49909573526545203,0.2810115043382925,0.3877471061870982,0.5554965653299786,0.4166666666666667,0.0,0.0,0.4929965653299786,1.0,True,True,78,78
115,FORM_000426,CAND_R2_147,DTB-carboxamide,designed,P-N-B,B,True,True,True,True,True,Candidate,,DTB-carboxamide,,DDM,DOPO-based (additive),0,1,P-N-B,100.00%,0.00%,CCC(O)Cn1c(=O)n(CC(O)COB(O)OC)c(=O)n(CC(O)CP2(=O)Oc3ccc(C(N)=O)cc3-c3ccccc32)c1=O,,NC1=CC=C(CC2=CC=C(N)C=C2)C=C1,10.0,0.4777203175342511,0.8641348857367152,0.0,0.1667563786782567,0.0,1.8088719571253309,0.0,0.3490669593852909,0.0,1,1,0,1,0,1,0,0,0,0,0,160.0,3.2,,24.8,,3.2,,,3.0,50.0,,1184.0,,,87.2,,,159.0,,,17.0,,,62.6,,,97.55,,,,,Virtual screening scenario,,,,,,,,,,,,,,,,,,,,,,,,,,,,,,,,33.96623810798026,27.559825315477124,40.37265090048339,12.812825585006273,True,GBDT,compact,260,658.0918641318974,127.88560793555757,1188.2981203282372,1060.4125123926797,True,GBDT,compact,330,67.43527618430716,36.91052309615432,97.96002927245999,61.04950617630567,True,GBDT,descriptors,30,0.6367658616282781,1,0.9251803963722988,ExtraTrees,morgan_r3,ALL,157.7195587158203,130.5231475830078,184.9159698486328,54.392822265625,True,XGB,morgan_r3,270,73.04160157038541,48.94268588703694,97.14051725373389,48.197831366696946,True,GBDT,compact,140,423,True,CCC(O)Cn1c(=O)n(CC(O)COB(O)OC)c(=O)n(CC(O)CP2(=O)Oc3ccc(C(N)=O)cc3-c3ccccc32)c1=O,O=c1[nH]c(=O)n(CCCP2(=O)Oc3ccccc3-c3ccccc32)c(=O)[nH]1,0.7373737373737373,True,In_domain,Maximum Tanimoto >= 0.70.,DTB,CCC(O)Cn1c(=O)n(CC(O)COB(O)OC)c(=O)n(CC(O)CP2(=O)Oc3ccccc3-c3ccccc32)c1=O,0.7373737373737373,TGIC-DOPO,O=c1n(CC(O)CP2(=O)Oc3ccccc3-c3ccccc32)c(=O)n(CC(O)CP2(=O)Oc3ccccc3-c3ccccc32)c(=O)n1CC(O)CP1(=O)Oc2ccccc2-c2ccccc21,0.494949494949495,TDA,CCO[Si](CCCNCC(O)Cn1c(=O)n(CC(O)CNCCC[Si](OCC)(OCC)OCC)c(=O)n(CC(O)CP2(=O)Oc3ccccc3-c3ccccc32)c1=O)(OCC)OCC,0.41935483870967744,0.7373737373737373,True,0.9875300660620497,-4.8238164853102194,-0.7922939704482115,True,True,True,True,0.38900391838630993,0.565875753329624,0.5980645522884247,0.7859058935807702,0.20319110209401406,0.8072710575647801,0.5688162394829053,0.5118083073647987,0.0,0.0,0.49204499337818547,1.0,True,True,79,79
117,FORM_000489,CAND_R2_168,DTB-OH-acetyl-3,designed,P-N-B,B,True,True,True,True,True,Candidate,,DTB-OH-acetyl-3,,DDM,DOPO-based (additive),0,1,P-N-B,100.00%,0.00%,CCC(O)Cn1c(=O)n(CC(O)COB(O)OC)c(=O)n(CC(CP2(=O)Oc3ccccc3-c3ccccc32)OC(C)=O)c1=O,,NC1=CC=C(CC2=CC=C(N)C=C2)C=C1,10.0,0.47844938776582,0.6490902603250315,0.0,0.1670108730071687,0.0,1.3566539678439984,0.0,0.3490669593852908,0.0,1,1,0,1,0,1,0,0,0,0,0,160.0,3.2,,24.8,,3.2,,,3.0,50.0,,1184.0,,,87.2,,,159.0,,,17.0,,,62.6,,,97.55,,,,,Virtual screening scenario,,,,,,,,,,,,,,,,,,,,,,,,,,,,,,,,34.26864547291364,27.862232680410504,40.67505826541678,12.812825585006273,True,GBDT,compact,260,682.0351659980075,151.8289098016677,1212.2414221943473,1060.4125123926797,True,GBDT,compact,330,67.15081570278639,36.626062614633554,97.67556879093922,61.04950617630567,True,GBDT,descriptors,30,0.6360488353635523,1,0.9259628575848842,ExtraTrees,morgan_r3,ALL,157.4555206298828,130.2591094970703,184.6519317626953,54.392822265625,True,XGB,morgan_r3,270,73.04160157038541,48.94268588703694,97.14051725373389,48.197831366696946,True,GBDT,compact,140,486,True,CCC(O)Cn1c(=O)n(CC(O)COB(O)OC)c(=O)n(CC(CP2(=O)Oc3ccccc3-c3ccccc32)OC(C)=O)c1=O,O=c1[nH]c(=O)n(CCCP2(=O)Oc3ccccc3-c3ccccc32)c(=O)[nH]1,0.7708333333333334,True,In_domain,Maximum Tanimoto >= 0.70.,DTB,CCC(O)Cn1c(=O)n(CC(O)COB(O)OC)c(=O)n(CC(O)CP2(=O)Oc3ccccc3-c3ccccc32)c1=O,0.7708333333333334,TGIC-DOPO,O=c1n(CC(O)CP2(=O)Oc3ccccc3-c3ccccc32)c(=O)n(CC(O)CP2(=O)Oc3ccccc3-c3ccccc32)c(=O)n1CC(O)CP1(=O)Oc2ccccc2-c2ccccc21,0.5208333333333334,TDA,CCO[Si](CCCNCC(O)Cn1c(=O)n(CC(O)CNCCC[Si](OCC)(OCC)OCC)c(=O)n(CC(O)CP2(=O)Oc3ccccc3-c3ccccc32)c1=O)(OCC)OCC,0.4380165289256198,0.7708333333333334,True,0.9876604762641473,-4.358079412692879,-0.47340529435047324,True,True,True,True,0.4225833908276214,0.5608202101629721,0.5499259033481204,0.7977496525159185,0.1958063385886754,0.8072710575647801,0.566523570986272,0.5127103201411226,0.0,0.0,0.4896170229651037,1.0,True,True,80,80
118,FORM_000270,CAND_R2_090,DOPO-HPM-carboxamide,designed,P-N,B,True,True,True,True,True,Candidate,,DOPO-HPM-carboxamide,,DDM,DOPO-based (additive),0,1,P-N,100.00%,0.00%,NC(=O)c1cc(N2C(=O)CC(P3(=O)Oc4ccccc4-c4ccccc43)C2=O)ccc1OCC(O)Cn1c(=O)n(CC2CO2)c(=O)n(CC2CO2)c1=O,,NC1=CC=C(CC2=CC=C(N)C=C2)C=C1,10.0,0.4154026484701692,0.9392627521666012,0.0,0.0,0.0,2.2610899464066643,0.0,0.0,0.0,1,1,0,0,0,1,0,0,0,0,0,160.0,3.2,,24.8,,3.2,,,3.0,50.0,,1184.0,,,87.2,,,159.0,,,17.0,,,62.6,,,97.55,,,,,Virtual screening scenario,,,,,,,,,,,,,,,,,,,,,,,,,,,,,,,,33.76861878722006,27.362205994716927,40.175031579723196,12.812825585006273,True,GBDT,compact,260,744.3575366301067,214.15128043376683,1274.5637928264464,1060.4125123926797,True,GBDT,compact,330,64.59151325750999,34.06676016935715,95.11626634566282,61.04950617630567,True,GBDT,descriptors,30,0.6282834432980294,1,0.934173432702405,ExtraTrees,morgan_r3,ALL,162.76620483398438,135.56979370117188,189.96261596679688,54.392822265625,True,XGB,morgan_r3,270,74.72479479767077,50.625879114322295,98.82371048101925,48.197831366696946,True,GBDT,compact,140,267,True,NC(=O)c1cc(N2C(=O)CC(P3(=O)Oc4ccccc4-c4ccccc43)C2=O)ccc1OCC(O)Cn1c(=O)n(CC2CO2)c(=O)n(CC2CO2)c1=O,O=C1CC(P2(=O)Oc3ccccc3-c3ccccc32)C(=O)N1c1ccc(OCCCn2c(=O)n(CC3CO3)c(=O)n(CC3CO3)c2=O)cc1,0.711864406779661,True,In_domain,Maximum Tanimoto >= 0.70.,DOPO-HPM,O=C1CC(P2(=O)Oc3ccccc3-c3ccccc32)C(=O)N1c1ccc(OCC(O)Cn2c(=O)n(CC3CO3)c(=O)n(CC3CO3)c2=O)cc1,0.711864406779661,DMT,O=C1CC(P2(=O)Oc3ccccc3-c3ccccc32)C(=O)N1c1ccc(OCC(O)Cn2c(=O)n(CC(O)COc3ccc(N4C(=O)CC(P5(=O)Oc6ccccc6-c6ccccc65)C4=O)cc3)c(=O)n(CC(O)COc3ccc(N4C(=O)CC(P5(=O)Oc6ccccc6-c6ccccc65)C4=O)cc3)c2=O)cc1,0.6050420168067226,BMP,O=C1CC(P2(=O)Oc3ccccc3-c3ccccc32)C(=O)N1c1ccc(Cc2ccc(N3C(=O)CC(P4(=O)Oc5ccccc5-c5ccccc54)C3=O)cc2)cc1,0.4661016949152542,0.711864406779661,True,0.9890289054504008,-2.3566854393633507,1.0019323412733787,True,True,True,True,0.36706016534048175,0.5060686944590961,0.4246251099252807,0.9043084301778906,0.34433849734743427,0.8985319320534283,0.5646995229206361,0.5221753818436718,0.0,0.0,0.4863732156440853,1.0,True,True,81,81
119,FORM_000849,CAND_R2_290,DGEBDB-triethoxysilyl,designed,P-Si,B,True,True,True,True,True,Candidate,,DGEBDB-triethoxysilyl,,DDS,DOPO-based (Additive + Secondary Crosslinking),3,1,P-Si,100.00%,0.00%,CCO[Si](OCC)(OCC)c1cc(C(c2ccc(OCC3CO3)c(OC)c2)P2(=O)Oc3ccccc3-c3ccccc32)cc(OC)c1OCC1CO1,,NC1=CC=C(C=C1)S(=O)(=O)C1=CC=C(N)C=C1,10.0,0.4136275135610105,0.0,0.0,0.0,0.3750610946559869,0.0,0.0,0.0,0.9067605088138438,1,0,0,0,1,1,1,0,0,0,0,250.0,4.0,,22.4,,3.0,,,4.0,50.0,,867.99,,,114.145,,,180.0,,,16.9,,,52.14,,,95.65,,,,,Virtual screening scenario,,,,,,,,,,,,,,,,,,,,,,,,,,,,,,,,39.001484885998785,32.595072093495645,45.407897678501925,12.812825585006273,True,GBDT,compact,260,429.0437355310477,-101.16252066529216,959.2499917273875,1060.4125123926797,True,GBDT,compact,330,87.36323320148978,56.83848011333694,117.88798628964261,61.04950617630567,True,GBDT,descriptors,30,0.6107489351310674,1,0.9509386934693385,ExtraTrees,morgan_r3,ALL,179.99911499023438,152.80270385742188,207.19552612304688,54.392822265625,True,XGB,morgan_r3,270,61.538604318047376,37.4396886346989,85.63752000139584,48.197831366696946,True,GBDT,compact,140,846,True,CCO[Si](OCC)(OCC)c1cc(C(c2ccc(OCC3CO3)c(OC)c2)P2(=O)Oc3ccccc3-c3ccccc32)cc(OC)c1OCC1CO1,O=P1(C(c2ccc(OCC3CO3)cc2)c2ccc(OCC3CO3)cc2)Oc2ccccc2-c2ccccc21,0.7227722772277227,True,In_domain,Maximum Tanimoto >= 0.70.,DGEBDB,COc1cc(C(c2ccc(OCC3CO3)c(OC)c2)P2(=O)Oc3ccccc3-c3ccccc32)ccc1OCC1CO1,0.7227722772277227,HBFR,COc1ccc(C(c2ccc(OCC(O)Cn3c(=O)n(CC(O)COc4cc(C(c5ccc(OC)c(O)c5)P5(=O)Oc6ccccc6-c6ccccc65)ccc4OC)c(=O)n(CC(O)COc4cc(C(c5ccc(O)c(OC)c5)P5(=O)Oc6ccccc6-c6ccccc65)ccc4OC)c3=O)c(OC)c2)P2(=O)Oc3ccccc3-c3ccccc32)cc1O,0.4166666666666667,Trif-D,COc1cc(C(O)P2(=O)Oc3ccccc3-c3ccccc32)ccc1Oc1nc(Oc2ccc(C(O)P3(=O)Oc4ccccc4-c4ccccc43)cc2OC)nc(Oc2ccc(C(O)P3(=O)Oc4ccccc4-c4ccccc43)cc2OC)n1,0.3709677419354839,0.7227722772277227,True,0.9918231155782231,0.5323210025262802,-0.06996924055611378,True,True,True,True,0.9481203620447641,0.3824379889953504,1.0,0.0,0.8263180782885649,0.18359127352599022,0.5671026053894784,0.5415021921276104,0.0,0.0,0.48587727657033686,1.0,True,True,82,82
120,FORM_000279,CAND_R2_093,DOPO-HPM-trimethoxysilyl,designed,P-N-Si,B,True,True,True,True,True,Candidate,,DOPO-HPM-trimethoxysilyl,,DDS,DOPO-based (Additive + Secondary Crosslinking),3,1,P-N-Si,100.00%,0.00%,CO[Si](OC)(OC)c1cc(N2C(=O)CC(P3(=O)Oc4ccccc4-c4ccccc43)C2=O)ccc1OCC(O)Cn1c(=O)n(CC2CO2)c(=O)n(CC2CO2)c1=O,,NC1=CC=C(C=C1)S(=O)(=O)C1=CC=C(N)C=C1,10.0,0.376449483648986,0.6809489142469615,0.0,0.0,0.3413495253362633,1.8088719571253309,0.0,0.0,0.9067605088138436,1,1,0,0,1,1,1,0,0,0,0,250.0,4.0,,22.4,,3.0,,,4.0,50.0,,867.99,,,114.145,,,180.0,,,16.9,,,52.14,,,95.65,,,,,Virtual screening scenario,,,,,,,,,,,,,,,,,,,,,,,,,,,,,,,,40.67161663684287,34.26520384433974,47.078029429346,12.812825585006273,True,GBDT,compact,260,430.9176236177964,-99.28863257854346,961.1238798141362,1060.4125123926797,True,GBDT,compact,330,80.59070731330156,50.06595422514873,111.1154604014544,61.04950617630567,True,GBDT,descriptors,30,0.5629992889798461,1,0.9841243583521354,ExtraTrees,morgan_r3,ALL,194.27915954589844,167.08274841308594,221.47557067871094,54.392822265625,True,XGB,morgan_r3,270,60.96390302112043,36.86498733777196,85.0628187044689,48.197831366696946,True,GBDT,compact,140,276,True,CO[Si](OC)(OC)c1cc(N2C(=O)CC(P3(=O)Oc4ccccc4-c4ccccc43)C2=O)ccc1OCC(O)Cn1c(=O)n(CC2CO2)c(=O)n(CC2CO2)c1=O,O=C1CC(P2(=O)Oc3ccccc3-c3ccccc32)C(=O)N1c1ccc(OCCCn2c(=O)n(CC3CO3)c(=O)n(CC3CO3)c2=O)cc1,0.7,True,In_domain,Maximum Tanimoto >= 0.70.,DOPO-HPM,O=C1CC(P2(=O)Oc3ccccc3-c3ccccc32)C(=O)N1c1ccc(OCC(O)Cn2c(=O)n(CC3CO3)c(=O)n(CC3CO3)c2=O)cc1,0.7,DMT,O=C1CC(P2(=O)Oc3ccccc3-c3ccccc32)C(=O)N1c1ccc(OCC(O)Cn2c(=O)n(CC(O)COc3ccc(N4C(=O)CC(P5(=O)Oc6ccccc6-c6ccccc65)C4=O)cc3)c(=O)n(CC(O)COc3ccc(N4C(=O)CC(P5(=O)Oc6ccccc6-c6ccccc65)C4=O)cc3)c2=O)cc1,0.5950413223140496,BMP,O=C1CC(P2(=O)Oc3ccccc3-c3ccccc32)C(=O)N1c1ccc(Cc2ccc(N3C(=O)CC(P4(=O)Oc5ccccc5-c5ccccc54)C3=O)cc2)cc1,0.4583333333333333,0.7,True,0.9973540597253558,-2.511885080487263,0.7480656424206595,True,True,True,True,1.0,0.045769153855589356,1.0,0.23816810537633337,1.0,0.15243160505946443,0.5720306123523311,0.579758265698573,0.0,0.0,0.48506687249754515,1.0,True,True,83,83
121,FORM_000840,CAND_R2_287,DGEBDB-boronic-acid,designed,P-B,B,True,True,True,True,True,Candidate,,DGEBDB-boronic-acid,,DDM,DOPO-based (additive),0,1,P-B,100.00%,0.00%,COc1cc(C(c2cc(OC)c(OCC3CO3)c(B(O)O)c2)P2(=O)Oc3ccccc3-c3ccccc32)ccc1OCC1CO1,,NC1=CC=C(CC2=CC=C(N)C=C2)C=C1,10.0,0.4913427295584515,0.0,0.0,0.1715115126230379,0.0,0.0,0.0,0.3490669593852909,0.0,1,0,0,1,0,1,0,0,0,0,0,160.0,3.2,,24.8,,3.2,,,3.0,50.0,,1184.0,,,87.2,,,159.0,,,17.0,,,62.6,,,97.55,,,,,Virtual screening scenario,,,,,,,,,,,,,,,,,,,,,,,,,,,,,,,,33.753075736653614,27.346662944150477,40.15948852915675,12.812825585006273,True,GBDT,compact,260,743.9330912044953,213.7268350081555,1274.139347400835,1060.4125123926797,True,GBDT,compact,330,63.591402716777736,33.0666496286249,94.11615580493057,61.04950617630567,True,GBDT,descriptors,30,0.6248377349146405,1,0.9376621597655278,ExtraTrees,morgan_r3,ALL,157.5643310546875,130.367919921875,184.7607421875,54.392822265625,True,XGB,morgan_r3,270,75.23367799691192,51.13476231356345,99.3325936802604,48.197831366696946,True,GBDT,compact,140,837,True,COc1cc(C(c2cc(OC)c(OCC3CO3)c(B(O)O)c2)P2(=O)Oc3ccccc3-c3ccccc32)ccc1OCC1CO1,O=P1(C(c2ccc(OCC3CO3)cc2)c2ccc(OCC3CO3)cc2)Oc2ccccc2-c2ccccc21,0.7684210526315789,True,In_domain,Maximum Tanimoto >= 0.70.,DGEBDB,COc1cc(C(c2ccc(OCC3CO3)c(OC)c2)P2(=O)Oc3ccccc3-c3ccccc32)ccc1OCC1CO1,0.7684210526315789,HBFR,COc1ccc(C(c2ccc(OCC(O)Cn3c(=O)n(CC(O)COc4cc(C(c5ccc(OC)c(O)c5)P5(=O)Oc6ccccc6-c6ccccc65)ccc4OC)c(=O)n(CC(O)COc4cc(C(c5ccc(O)c(OC)c5)P5(=O)Oc6ccccc6-c6ccccc65)ccc4OC)c3=O)c(OC)c2)P2(=O)Oc3ccccc3-c3ccccc32)cc1O,0.44525547445255476,DOPO-PHE,O=P1(C(c2ccc(O)cc2)c2ccc(O)cc2)Oc2ccccc2-c2ccccc21,0.40384615384615385,0.7684210526315789,True,0.9896103599609213,0.6788381881912667,-0.054116872720179524,True,True,True,True,0.36533425685189386,0.48177400913319857,0.4254784688083654,0.9459489001989214,0.19884960884737685,0.9261230160849561,0.556204389491709,0.5261971484608904,0.0,0.0,0.4772748172225755,1.0,True,True,84,84
122,FORM_000441,CAND_R2_152,DTB-disiloxane,designed,P-N-Si-B,B,True,True,True,True,True,Candidate,,DTB-disiloxane,,DDM,DOPO-based (additive),0,1,P-N-Si-B,100.00%,0.00%,CCC(O)Cn1c(=O)n(CC(O)COB(O)OC)c(=O)n(CC(O)CP2(=O)Oc3ccc([Si](C)(C)O[Si](C)(C)C)cc3-c3ccccc32)c1=O,,NC1=CC=C(CC2=CC=C(N)C=C2)C=C1,10.0,0.4120614513545585,0.5590248029757184,0.0,0.1438370379042257,0.747282102585661,1.356653967843998,0.0,0.3490669593852908,1.813521017627688,1,1,0,1,1,1,0,0,0,0,0,160.0,3.2,,24.8,,3.2,,,3.0,50.0,,1184.0,,,87.2,,,159.0,,,17.0,,,62.6,,,97.55,,,,,Virtual screening scenario,,,,,,,,,,,,,,,,,,,,,,,,,,,,,,,,33.40401767619916,26.997604883696024,39.81043046870229,12.812825585006273,True,GBDT,compact,260,645.1760225742205,114.96976637788066,1175.3822787705603,1060.4125123926797,True,GBDT,compact,330,67.58300141286023,37.05824832470739,98.10775450101306,61.04950617630567,True,GBDT,descriptors,30,0.6290267960786836,1,0.9334083435746792,ExtraTrees,morgan_r3,ALL,157.87637329101562,130.67996215820312,185.07278442382812,54.392822265625,True,XGB,morgan_r3,270,73.93315300634134,49.83423732299287,98.03206868968982,48.197831366696946,True,GBDT,compact,140,438,True,CCC(O)Cn1c(=O)n(CC(O)COB(O)OC)c(=O)n(CC(O)CP2(=O)Oc3ccc([Si](C)(C)O[Si](C)(C)C)cc3-c3ccccc32)c1=O,O=c1[nH]c(=O)n(CCCP2(=O)Oc3ccccc3-c3ccccc32)c(=O)[nH]1,0.7156862745098039,True,In_domain,Maximum Tanimoto >= 0.70.,DTB,CCC(O)Cn1c(=O)n(CC(O)COB(O)OC)c(=O)n(CC(O)CP2(=O)Oc3ccccc3-c3ccccc32)c1=O,0.7156862745098039,TGIC-DOPO,O=c1n(CC(O)CP2(=O)Oc3ccccc3-c3ccccc32)c(=O)n(CC(O)CP2(=O)Oc3ccccc3-c3ccccc32)c(=O)n1CC(O)CP1(=O)Oc2ccccc2-c2ccccc21,0.4803921568627451,TDA,CCO[Si](CCCNCC(O)Cn1c(=O)n(CC(O)CNCCC[Si](OCC)(OCC)OCC)c(=O)n(CC(O)CP2(=O)Oc3ccccc3-c3ccccc32)c1=O)(OCC)OCC,0.42063492063492064,0.7156862745098039,True,0.9889013905957799,-4.889541857920403,-0.8889541766968402,True,True,True,True,0.32657466670755286,0.5113098582149106,0.6240321972686538,0.7797552255292064,0.2075769790325465,0.8556099900046232,0.5546530864477817,0.5212933954178463,0.0,0.0,0.4764590771351047,1.0,True,True,85,85
123,FORM_000273,CAND_R2_091,DOPO-HPM-boronic-acid,designed,P-N-B,B,True,True,True,True,True,Candidate,,DOPO-HPM-boronic-acid,,DDM,DOPO-based (additive),0,1,P-N-B,100.00%,0.00%,O=C1CC(P2(=O)Oc3ccccc3-c3ccccc32)C(=O)N1c1ccc(OCC(O)Cn2c(=O)n(CC3CO3)c(=O)n(CC3CO3)c2=O)c(B(O)O)c1,,NC1=CC=C(CC2=CC=C(N)C=C2)C=C1,10.0,0.4149613293124212,0.7506119118846883,0.0,0.1448492894855652,0.0,1.8088719571253309,0.0,0.3490669593852908,0.0,1,1,0,1,0,1,0,0,0,0,0,160.0,3.2,,24.8,,3.2,,,3.0,50.0,,1184.0,,,87.2,,,159.0,,,17.0,,,62.6,,,97.55,,,,,Virtual screening scenario,,,,,,,,,,,,,,,,,,,,,,,,,,,,,,,,33.69260111535092,27.28618832284778,40.09901390785406,12.812825585006273,True,GBDT,compact,260,740.1389103963404,209.93265420000057,1270.3451665926802,1060.4125123926797,True,GBDT,compact,330,64.59151325750999,34.06676016935715,95.11626634566282,61.04950617630567,True,GBDT,descriptors,30,0.6233621485123051,1,0.9391271212577119,ExtraTrees,morgan_r3,ALL,162.68556213378906,135.48915100097656,189.88197326660156,54.392822265625,True,XGB,morgan_r3,270,74.31841719953484,50.21950151618636,98.4173328828833,48.197831366696946,True,GBDT,compact,140,270,True,O=C1CC(P2(=O)Oc3ccccc3-c3ccccc32)C(=O)N1c1ccc(OCC(O)Cn2c(=O)n(CC3CO3)c(=O)n(CC3CO3)c2=O)c(B(O)O)c1,O=C1CC(P2(=O)Oc3ccccc3-c3ccccc32)C(=O)N1c1ccc(OCCCn2c(=O)n(CC3CO3)c(=O)n(CC3CO3)c2=O)cc1,0.7241379310344828,True,In_domain,Maximum Tanimoto >= 0.70.,DOPO-HPM,O=C1CC(P2(=O)Oc3ccccc3-c3ccccc32)C(=O)N1c1ccc(OCC(O)Cn2c(=O)n(CC3CO3)c(=O)n(CC3CO3)c2=O)cc1,0.7241379310344828,DMT,O=C1CC(P2(=O)Oc3ccccc3-c3ccccc32)C(=O)N1c1ccc(OCC(O)Cn2c(=O)n(CC(O)COc3ccc(N4C(=O)CC(P5(=O)Oc6ccccc6-c6ccccc65)C4=O)cc3)c(=O)n(CC(O)COc3ccc(N4C(=O)CC(P5(=O)Oc6ccccc6-c6ccccc65)C4=O)cc3)c2=O)cc1,0.6153846153846154,BMP,O=C1CC(P2(=O)Oc3ccccc3-c3ccccc32)C(=O)N1c1ccc(Cc2ccc(N3C(=O)CC(P4(=O)Oc5ccccc5-c5ccccc54)C3=O)cc2)cc1,0.47413793103448276,0.7241379310344828,True,0.9898545202096187,-2.4793488200901628,0.800676126541015,True,True,True,True,0.35861912317821504,0.47137007957005544,0.43310677082623916,0.9043084301778906,0.3420830376198733,0.8764985883010331,0.5553390433425707,0.5278859401371022,0.0,0.0,0.47615615232200537,1.0,True,True,86,86
124,FORM_000312,CAND_R2_104,DOPO-HPM-OH-acetyl,designed,P-N,B,True,True,True,True,True,Candidate,,DOPO-HPM-OH-acetyl,,DDM,DOPO-based (additive),0,1,P-N,100.00%,0.00%,CC(=O)OC(COc1ccc(N2C(=O)CC(P3(=O)Oc4ccccc4-c4ccccc43)C2=O)cc1)Cn1c(=O)n(CC2CO2)c(=O)n(CC2CO2)c1=O,,NC1=CC=C(CC2=CC=C(N)C=C2)C=C1,10.0,0.4159538038004433,0.7524071711542336,0.0,0.0,0.0,1.8088719571253304,0.0,0.0,0.0,1,1,0,0,0,1,0,0,0,0,0,160.0,3.2,,24.8,,3.2,,,3.0,50.0,,1184.0,,,87.2,,,159.0,,,17.0,,,62.6,,,97.55,,,,,Virtual screening scenario,,,,,,,,,,,,,,,,,,,,,,,,,,,,,,,,34.579942546415204,28.173529753912067,40.986355338918344,12.812825585006273,True,GBDT,compact,260,716.6462850613701,186.44002886503029,1246.85254125771,1060.4125123926797,True,GBDT,compact,330,64.59151325750999,34.06676016935715,95.11626634566282,61.04950617630567,True,GBDT,descriptors,30,0.6175491272505336,1,0.9447288107305515,ExtraTrees,morgan_r3,ALL,158.54591369628906,131.34950256347656,185.74232482910156,54.392822265625,True,XGB,morgan_r3,270,72.70190499414728,48.60298931079881,96.80082067749575,48.197831366696946,True,GBDT,compact,140,309,True,CC(=O)OC(COc1ccc(N2C(=O)CC(P3(=O)Oc4ccccc4-c4ccccc43)C2=O)cc1)Cn1c(=O)n(CC2CO2)c(=O)n(CC2CO2)c1=O,O=C1CC(P2(=O)Oc3ccccc3-c3ccccc32)C(=O)N1c1ccc(OCCCn2c(=O)n(CC3CO3)c(=O)n(CC3CO3)c2=O)cc1,0.7699115044247787,True,In_domain,Maximum Tanimoto >= 0.70.,DOPO-HPM,O=C1CC(P2(=O)Oc3ccccc3-c3ccccc32)C(=O)N1c1ccc(OCC(O)Cn2c(=O)n(CC3CO3)c(=O)n(CC3CO3)c2=O)cc1,0.7699115044247787,DMT,O=C1CC(P2(=O)Oc3ccccc3-c3ccccc32)C(=O)N1c1ccc(OCC(O)Cn2c(=O)n(CC(O)COc3ccc(N4C(=O)CC(P5(=O)Oc6ccccc6-c6ccccc65)C4=O)cc3)c(=O)n(CC(O)COc3ccc(N4C(=O)CC(P5(=O)Oc6ccccc6-c6ccccc65)C4=O)cc3)c2=O)cc1,0.6578947368421053,DOPO-TMT,O=C1CC(P2(=O)Oc3ccccc3-c3ccccc32)C(=O)N1c1ccc(Oc2nc(Oc3ccc(N4C(=O)CC(P5(=O)Oc6ccccc6-c6ccccc65)C4=O)cc3)nc(Oc3ccc(N4C(=O)CC(P5(=O)Oc6ccccc6-c6ccccc65)C4=O)cc3)n2)cc1,0.5258620689655172,0.7699115044247787,True,0.9907881351217586,-2.061572376780593,0.8878397540459319,True,True,True,True,0.45714998117177363,0.4303841612525597,0.4803393225440513,0.9043084301778906,0.22630305611592338,0.7888530850434141,0.5559519931451888,0.5343435068410235,0.0,0.0,0.47580046711903534,1.0,True,True,87,87
125,FORM_000495,CAND_R2_170,DTB-OH-allyl,designed,P-N-B,B,True,True,True,True,True,Candidate,,DTB-OH-allyl,,DDM,DOPO-based (additive),0,1,P-N-B,100.00%,0.00%,C=CCOC(CC)Cn1c(=O)n(CC(O)COB(O)OC)c(=O)n(CC(O)CP2(=O)Oc3ccccc3-c3ccccc32)c1=O,,NC1=CC=C(CC2=CC=C(N)C=C2)C=C1,10.0,0.4799112503505517,0.6510735020010503,0.0,0.1675211609346602,0.0,1.356653967843998,0.0,0.3490669593852908,0.0,1,1,0,1,0,1,0,0,0,0,0,160.0,3.2,,24.8,,3.2,,,3.0,50.0,,1184.0,,,87.2,,,159.0,,,17.0,,,62.6,,,97.55,,,,,Virtual screening scenario,,,,,,,,,,,,,,,,,,,,,,,,,,,,,,,,33.82057520214039,27.414162409637253,40.22698799464352,12.812825585006273,True,GBDT,compact,260,727.073348823173,196.86709262683314,1257.279605019513,1060.4125123926797,True,GBDT,compact,330,67.43527618430716,36.91052309615432,97.96002927245999,61.04950617630567,True,GBDT,descriptors,30,0.6411610468900081,1,0.9202942353636677,ExtraTrees,morgan_r3,ALL,157.1439666748047,129.9475555419922,184.3403778076172,54.392822265625,True,XGB,morgan_r3,270,74.67496842923194,50.576052745883466,98.77388411258042,48.197831366696946,True,GBDT,compact,140,492,True,C=CCOC(CC)Cn1c(=O)n(CC(O)COB(O)OC)c(=O)n(CC(O)CP2(=O)Oc3ccccc3-c3ccccc32)c1=O,O=c1[nH]c(=O)n(CCCP2(=O)Oc3ccccc3-c3ccccc32)c(=O)[nH]1,0.7857142857142857,True,In_domain,Maximum Tanimoto >= 0.70.,DTB,CCC(O)Cn1c(=O)n(CC(O)COB(O)OC)c(=O)n(CC(O)CP2(=O)Oc3ccccc3-c3ccccc32)c1=O,0.7857142857142857,TGIC-DOPO,O=c1n(CC(O)CP2(=O)Oc3ccccc3-c3ccccc32)c(=O)n(CC(O)CP2(=O)Oc3ccccc3-c3ccccc32)c(=O)n1CC(O)CP1(=O)Oc2ccccc2-c2ccccc21,0.5894736842105263,TDA,CCO[Si](CCCNCC(O)Cn1c(=O)n(CC(O)CNCCC[Si](OCC)(OCC)OCC)c(=O)n(CC(O)CP2(=O)Oc3ccccc3-c3ccccc32)c1=O)(OCC)OCC,0.5042016806722689,0.7857142857142857,True,0.9867157058939445,-4.6965140260014815,-0.7630351634968054,True,True,True,True,0.37282943290891807,0.5968649233352793,0.45937543190296726,0.7859058935807702,0.18709262492408896,0.8958304014848585,0.5512874389864818,0.50617559409279,0.0,0.0,0.4753610998725633,1.0,True,True,88,88
127,FORM_000477,CAND_R2_164,DTB-OH-methyl-3,designed,P-N-B,B,True,True,True,True,True,Candidate,,DTB-OH-methyl-3,,DDM,DOPO-based (additive),0,1,P-N-B,100.00%,0.00%,CCC(O)Cn1c(=O)n(CC(O)COB(O)OC)c(=O)n(CC(CP2(=O)Oc3ccccc3-c3ccccc32)OC)c1=O,,NC1=CC=C(CC2=CC=C(N)C=C2)C=C1,10.0,0.5000863776754877,0.6784441685381828,0.0,0.1745636312851867,0.0,1.3566539678439986,0.0,0.349066959385291,0.0,1,1,0,1,0,1,0,0,0,0,0,160.0,3.2,,24.8,,3.2,,,3.0,50.0,,1184.0,,,87.2,,,159.0,,,17.0,,,62.6,,,97.55,,,,,Virtual screening scenario,,,,,,,,,,,,,,,,,,,,,,,,,,,,,,,,34.29367973498066,27.88726694247752,40.70009252748379,12.812825585006273,True,GBDT,compact,260,741.5438304967871,211.33757430044727,1271.7500866931268,1060.4125123926797,True,GBDT,compact,330,67.43527618430716,36.91052309615432,97.96002927245999,61.04950617630567,True,GBDT,descriptors,30,0.6399787447641645,1,0.9216238040569955,ExtraTrees,morgan_r3,ALL,157.303466796875,130.1070556640625,184.4998779296875,54.392822265625,True,XGB,morgan_r3,270,73.12186762648857,49.02295194314009,97.22078330983703,48.197831366696946,True,GBDT,compact,140,474,True,CCC(O)Cn1c(=O)n(CC(O)COB(O)OC)c(=O)n(CC(CP2(=O)Oc3ccccc3-c3ccccc32)OC)c1=O,O=c1[nH]c(=O)n(CCCP2(=O)Oc3ccccc3-c3ccccc32)c(=O)[nH]1,0.8131868131868132,True,In_domain,Maximum Tanimoto >= 0.70.,DTB,CCC(O)Cn1c(=O)n(CC(O)COB(O)OC)c(=O)n(CC(O)CP2(=O)Oc3ccccc3-c3ccccc32)c1=O,0.8131868131868132,TGIC-DOPO,O=c1n(CC(O)CP2(=O)Oc3ccccc3-c3ccccc32)c(=O)n(CC(O)CP2(=O)Oc3ccccc3-c3ccccc32)c(=O)n1CC(O)CP1(=O)Oc2ccccc2-c2ccccc21,0.5494505494505495,TDA,CCO[Si](CCCNCC(O)Cn1c(=O)n(CC(O)CNCCC[Si](OCC)(OCC)OCC)c(=O)n(CC(O)CP2(=O)Oc3ccccc3-c3ccccc32)c1=O)(OCC)OCC,0.45689655172413796,0.8131868131868132,True,0.9869373006761659,-4.27072017184018,-0.4365483307313355,True,True,True,True,0.42536320842020275,0.5885288557080883,0.43028214137944143,0.7859058935807702,0.19155361272582871,0.8116229943198625,0.5463336805222697,0.5077083064229252,0.0,0.0,0.47017743455883093,1.0,True,True,89,89
129,FORM_000417,CAND_R2_144,DTB-amino,designed,P-N-B,B,True,True,True,True,True,Candidate,,DTB-amino,,DDM,DOPO-based (Co-curing),2,1,P-N-B,100.00%,0.00%,CCC(O)Cn1c(=O)n(CC(O)COB(O)OC)c(=O)n(CC(O)CP2(=O)Oc3ccc(N)cc3-c3ccccc32)c1=O,,NC1=CC=C(CC2=CC=C(N)C=C2)C=C1,10.19,0.5087764382351564,0.9203114315696824,0.0,0.1775970443016243,0.0,1.8088719571253309,0.0,0.3490669593852909,0.0,1,1,0,1,0,1,0,0,0,0,0,170.0,3.0,,24.0,,3.0,,,3.0,50.0,,1208.0,,,88.0,,,164.3,,,16.5,,,58.7,,,101.3,,,,,Virtual screening scenario,,,,,,,,,,,,,,,,,,,,,,,,,,,,,,,,34.65100839921951,28.244595606716377,41.05742119172265,12.812825585006273,True,GBDT,compact,260,650.4284090873573,120.22215289101746,1180.6346652836971,1060.4125123926797,True,GBDT,compact,330,71.09893302096802,40.574179932815184,101.62368610912085,61.04950617630567,True,GBDT,descriptors,30,0.640448237336142,1,0.9210971705166829,ExtraTrees,morgan_r3,ALL,166.31312561035156,139.11671447753906,193.50953674316406,54.392822265625,True,XGB,morgan_r3,270,65.23218016095782,41.13326447760935,89.3310958443063,48.197831366696946,True,GBDT,compact,140,414,True,CCC(O)Cn1c(=O)n(CC(O)COB(O)OC)c(=O)n(CC(O)CP2(=O)Oc3ccc(N)cc3-c3ccccc32)c1=O,O=c1[nH]c(=O)n(CCCP2(=O)Oc3ccccc3-c3ccccc32)c(=O)[nH]1,0.7684210526315789,True,In_domain,Maximum Tanimoto >= 0.70.,DTB,CCC(O)Cn1c(=O)n(CC(O)COB(O)OC)c(=O)n(CC(O)CP2(=O)Oc3ccccc3-c3ccccc32)c1=O,0.7684210526315789,TGIC-DOPO,O=c1n(CC(O)CP2(=O)Oc3ccccc3-c3ccccc32)c(=O)n(CC(O)CP2(=O)Oc3ccccc3-c3ccccc32)c(=O)n1CC(O)CP1(=O)Oc2ccccc2-c2ccccc21,0.5157894736842106,TDA,CCO[Si](CCCNCC(O)Cn1c(=O)n(CC(O)CNCCC[Si](OCC)(OCC)OCC)c(=O)n(CC(O)CP2(=O)Oc3ccccc3-c3ccccc32)c1=O)(OCC)OCC,0.43333333333333335,0.7684210526315789,True,0.9868495284194472,-4.822116391183362,-0.8101029618107477,True,True,True,True,0.46504117074741885,0.591839110967653,0.6134721336705515,0.6333663627378858,0.4435407431622442,0.383852869134827,0.543483116854409,0.5071012090049801,0.0,0.01899999999999995,0.46551793550366194,1.0,True,True,90,90
131,FORM_000362,CAND_R2_126,DIB-amino,designed,P-N,B,True,True,True,True,True,Candidate,,DIB-amino,,DDM,DOPO-based (Co-curing),2,1,P-N,100.00%,0.00%,Nc1nc(C(Nc2ccc(NC(c3c[nH]cn3)P3(=O)Oc4ccccc4-c4ccccc43)cc2)P2(=O)Oc3ccccc3-c3ccccc32)c[nH]1,,NC1=CC=C(CC2=CC=C(N)C=C2)C=C1,6.78,0.5901807466778329,0.9341162270132184,0.0,0.0,0.0,1.5827629624846646,0.0,0.0,0.0,1,1,0,0,0,1,0,0,0,0,0,170.0,3.0,,24.0,,3.0,,,3.0,50.0,,1208.0,,,88.0,,,164.3,,,16.5,,,58.7,,,101.3,,,,,Virtual screening scenario,,,,,,,,,,,,,,,,,,,,,,,,,,,,,,,,34.255801604064466,27.84938881156133,40.662214396567606,12.812825585006273,True,GBDT,compact,260,816.6230526149354,286.4167964185956,1346.8293088112753,1060.4125123926797,True,GBDT,compact,330,65.72782334572837,35.20307025757553,96.2525764338812,61.04950617630567,True,GBDT,descriptors,30,0.6568395369501498,1,0.9016054385970503,ExtraTrees,morgan_r3,ALL,159.4964599609375,132.300048828125,186.69287109375,54.392822265625,True,XGB,morgan_r3,270,66.76779126940588,42.6688755860574,90.86670695275436,48.197831366696946,True,GBDT,compact,140,360,True,Nc1nc(C(Nc2ccc(NC(c3c[nH]cn3)P3(=O)Oc4ccccc4-c4ccccc43)cc2)P2(=O)Oc3ccccc3-c3ccccc32)c[nH]1,O=P1(C(Nc2ccc(NC(c3c[nH]cn3)P3(=O)Oc4ccccc4-c4ccccc43)cc2)c2c[nH]cn2)Oc2ccccc2-c2ccccc21,0.8181818181818182,True,In_domain,Maximum Tanimoto >= 0.70.,DIB,O=P1(C(Nc2ccc(NC(c3c[nH]cn3)P3(=O)Oc4ccccc4-c4ccccc43)cc2)c2c[nH]cn2)Oc2ccccc2-c2ccccc21,0.8181818181818182,PBI,O=P1(C(Nc2nc3ccccc3s2)c2c[nH]cn2)Oc2ccccc2-c2ccccc21,0.5656565656565656,PBO,O=P1(C(Nc2ccc(NC(c3c[nH]c4ccccc34)P3(=O)Oc4ccccc4-c4ccccc43)cc2)c2c[nH]c3ccccc23)Oc2ccccc2-c2ccccc21,0.47,0.8181818181818182,True,0.9836009064328417,2.1601829329519493,-0.8435798842465172,True,True,True,True,0.4211572008928767,0.7074093861901782,0.27933335676873106,0.8569971738357581,0.2528884607949034,0.46711200442582995,0.5249794700595821,0.48463135242755495,0.0,0.0,0.45228476719544886,1.0,True,True,91,91
132,FORM_001134,PUBCHEM_141501646,"(4-Aminophenyl)-(6-oxobenzo[c][2,1]benzoxaphosphinin-6-yl)methanol",pubchem,P-N,PUBLIC_UNVERIFIED,False,True,True,True,True,Candidate,,"(4-Aminophenyl)-(6-oxobenzo[c][2,1]benzoxaphosphinin-6-yl)methanol",,DDM,DOPO-based (reactive),1,1,P-N,100.00%,0.00%,Nc1ccc(C(O)P2(=O)Oc3ccccc3-c3ccccc32)cc1,,NC1=CC=C(CC2=CC=C(N)C=C2)C=C1,10.0,0.9182514859997332,0.4152498406533951,0.0,0.0,0.0,0.4522179892813327,0.0,0.0,0.0,1,1,0,0,0,1,0,0,0,0,0,160.0,3.2,,24.7,,3.0,,,3.0,50.0,,1149.8,,,93.5,,,164.0,,,16.0,,,59.0,,,105.1,,,,,Virtual screening scenario,,,,,,,,,,,,,,,,,,,,,,,,,,,,,,,,34.82321338574228,28.41680059323914,41.22962617824541,12.812825585006273,True,GBDT,compact,260,647.3054236252444,117.0991674289046,1177.5116798215843,1060.4125123926797,True,GBDT,compact,330,74.94101504254225,44.41626195438941,105.46576813069508,61.04950617630567,True,GBDT,descriptors,30,0.6792514073905545,1,0.8714757317940219,ExtraTrees,morgan_r3,ALL,150.9644012451172,123.76799011230469,178.1608123779297,54.392822265625,True,XGB,morgan_r3,270,63.62715688273412,39.52824119938565,87.72607256608259,48.197831366696946,True,GBDT,compact,140,1131,True,Nc1ccc(C(O)P2(=O)Oc3ccccc3-c3ccccc32)cc1,O=P1(Cc2ccccc2)Oc2ccccc2-c2ccccc21,0.7540983606557377,True,In_domain,Maximum Tanimoto >= 0.70.,DOPO-PHBA,O=P1(C(O)c2ccc(O)cc2)Oc2ccccc2-c2ccccc21,0.7540983606557377,Trif-DOPO,O=P1(C(O)c2ccc(Oc3nc(Oc4ccc(C(O)P5(=O)Oc6ccccc6-c6ccccc65)cc4)nc(Oc4ccc(C(O)P5(=O)Oc6ccccc6-c6ccccc65)cc4)n3)cc2)Oc2ccccc2-c2ccccc21,0.647887323943662,DOPO-PPO,O=P(Oc1ccc(C(O)P2(=O)Oc3ccccc3-c3ccccc32)cc1)(Oc1ccc(C(O)P2(=O)Oc3ccccc3-c3ccccc32)cc1)c1ccccc1,0.5974025974025974,0.7540983606557377,True,0.978579288632337,0.9895096245019784,-0.8242092458524312,True,True,True,True,0.48416290278748175,0.865428951205976,0.619750979489186,0.47339794452626904,0.014259114553882015,0.296830282796616,0.5196570953368325,0.4498981540963169,0.0,0.0,0.45217237222238493,1.0,True,True,92,92
136,FORM_000990,CAND_R2_347,TDA-triethoxysilyl,designed,P-N-Si,B,True,True,True,True,True,Candidate,,TDA-triethoxysilyl,,DDS,DOPO-based (Additive + Secondary Crosslinking),3,1,P-N-Si,100.00%,0.00%,CCO[Si](CCCNCC(O)Cn1c(=O)n(CC(O)CNCCC[Si](OCC)(OCC)OCC)c(=O)n(CC(O)CP2(=O)Oc3ccc([Si](OCC)(OCC)OCC)cc3-c3ccccc32)c1=O)(OCC)OCC,,NC1=CC=C(C=C1)S(=O)(=O)C1=CC=C(N)C=C1,10.0,0.276936832223166,0.6261790871295098,0.0,0.0,0.7533461486879163,2.261089946406664,0.0,0.0,2.7202815264415308,1,1,0,0,1,1,1,0,0,0,0,250.0,4.0,,22.4,,3.0,,,4.0,50.0,,867.99,,,114.145,,,180.0,,,16.9,,,52.14,,,95.65,,,,,Virtual screening scenario,,,,,,,,,,,,,,,,,,,,,,,,,,,,,,,,39.499182133620984,33.092769341117844,45.905594926124124,12.812825585006273,True,GBDT,compact,260,371.0005468583385,-159.20570933800133,901.2068030546784,1060.4125123926797,True,GBDT,compact,330,84.12293369263045,53.59818060447762,114.64768678078329,61.04950617630567,True,GBDT,descriptors,30,0.5531220881733704,1,0.9887121749924026,ExtraTrees,morgan_r3,ALL,184.16558837890625,156.96917724609375,211.36199951171875,54.392822265625,True,XGB,morgan_r3,270,61.369772453015,37.27085676966653,85.46868813636348,48.197831366696946,True,GBDT,compact,140,987,True,CCO[Si](CCCNCC(O)Cn1c(=O)n(CC(O)CNCCC[Si](OCC)(OCC)OCC)c(=O)n(CC(O)CP2(=O)Oc3ccc([Si](OCC)(OCC)OCC)cc3-c3ccccc32)c1=O)(OCC)OCC,O=c1[nH]c(=O)n(CCCP2(=O)Oc3ccccc3-c3ccccc32)c(=O)[nH]1,0.7549019607843137,True,In_domain,Maximum Tanimoto >= 0.70.,TDA,CCO[Si](CCCNCC(O)Cn1c(=O)n(CC(O)CNCCC[Si](OCC)(OCC)OCC)c(=O)n(CC(O)CP2(=O)Oc3ccccc3-c3ccccc32)c1=O)(OCC)OCC,0.7549019607843137,TGIC-DOPO,O=c1n(CC(O)CP2(=O)Oc3ccccc3-c3ccccc32)c(=O)n(CC(O)CP2(=O)Oc3ccccc3-c3ccccc32)c(=O)n1CC(O)CP1(=O)Oc2ccccc2-c2ccccc21,0.4803921568627451,DTB,CCC(O)Cn1c(=O)n(CC(O)COB(O)OC)c(=O)n(CC(O)CP2(=O)Oc3ccccc3-c3ccccc32)c1=O,0.4344262295081967,0.7549019607843137,True,0.998118695832067,-5.148330637807326,-1.236660124600876,True,True,True,True,1.0,0.0,1.0,0.09110079564850215,0.9428483148920516,0.1744373966004911,0.5299487302789547,0.5833333333333334,0.0,0.0,0.4424487302789547,1.0,True,True,93,93
137,FORM_001188,PUBCHEM_14686920,"4-[Hydroxy-(6-oxobenzo[c][2,1]benzoxaphosphinin-6-yl)methyl]benzonitrile",pubchem,P-N,PUBLIC_UNVERIFIED,False,True,True,True,True,Candidate,,"4-[Hydroxy-(6-oxobenzo[c][2,1]benzoxaphosphinin-6-yl)methyl]benzonitrile",,DDM,DOPO-based (reactive),1,1,P-N,100.00%,0.00%,N#Cc1ccc(C(O)P2(=O)Oc3ccccc3-c3ccccc32)cc1,,NC1=CC=C(CC2=CC=C(N)C=C2)C=C1,10.0,0.8918257464512971,0.4032996458495292,0.0,0.0,0.0,0.4522179892813327,0.0,0.0,0.0,1,1,0,0,0,1,0,0,0,0,0,160.0,3.2,,24.7,,3.0,,,3.0,50.0,,1149.8,,,93.5,,,164.0,,,16.0,,,59.0,,,105.1,,,,,Virtual screening scenario,,,,,,,,,,,,,,,,,,,,,,,,,,,,,,,,34.82321338574228,28.41680059323914,41.22962617824541,12.812825585006273,True,GBDT,compact,260,677.8651346141737,147.65887841783388,1208.0713908105135,1060.4125123926797,True,GBDT,compact,330,74.94101504254225,44.41626195438941,105.46576813069508,61.04950617630567,True,GBDT,descriptors,30,0.6817171701554273,1,0.8679154802828138,ExtraTrees,morgan_r3,ALL,151.4716796875,124.2752685546875,178.6680908203125,54.392822265625,True,XGB,morgan_r3,270,62.929758979420406,38.83084329607193,87.02867466276888,48.197831366696946,True,GBDT,compact,140,1185,True,N#Cc1ccc(C(O)P2(=O)Oc3ccccc3-c3ccccc32)cc1,O=P1(Cc2ccccc2)Oc2ccccc2-c2ccccc21,0.71875,True,In_domain,Maximum Tanimoto >= 0.70.,DOPO-PHBA,O=P1(C(O)c2ccc(O)cc2)Oc2ccccc2-c2ccccc21,0.71875,Trif-DOPO,O=P1(C(O)c2ccc(Oc3nc(Oc4ccc(C(O)P5(=O)Oc6ccccc6-c6ccccc65)cc4)nc(Oc4ccc(C(O)P5(=O)Oc6ccccc6-c6ccccc65)cc4)n3)cc2)Oc2ccccc2-c2ccccc21,0.6216216216216216,DOPO-PPO,O=P(Oc1ccc(C(O)P2(=O)Oc3ccccc3-c3ccccc32)cc1)(Oc1ccc(C(O)P2(=O)Oc3ccccc3-c3ccccc32)cc1)c1ccccc1,0.575,0.71875,True,0.9779859133804689,0.9553149325706327,-0.23794889643100645,True,True,True,True,0.48416290278748175,0.8828143256473218,0.5583098630032655,0.47339794452626904,0.028446959140970715,0.2590181400840377,0.5084835171153684,0.44579393487319946,0.0,0.0,0.4416144268843885,1.0,True,True,94,94
138,FORM_000987,CAND_R2_346,TDA-trimethoxysilyl,designed,P-N-Si,B,True,True,True,True,True,Candidate,,TDA-trimethoxysilyl,,DDS,DOPO-based (Additive + Secondary Crosslinking),3,1,P-N-Si,100.00%,0.00%,CCO[Si](CCCNCC(O)Cn1c(=O)n(CC(O)CNCCC[Si](OCC)(OCC)OCC)c(=O)n(CC(O)CP2(=O)Oc3ccc([Si](OC)(OC)OC)cc3-c3ccccc32)c1=O)(OCC)OCC,,NC1=CC=C(C=C1)S(=O)(=O)C1=CC=C(N)C=C1,10.0,0.2877637687447334,0.6506597644488088,0.0,0.0,0.7827984640954913,2.2610899464066634,0.0,0.0,2.720281526441531,1,1,0,0,1,1,1,0,0,0,0,250.0,4.0,,22.4,,3.0,,,4.0,50.0,,867.99,,,114.145,,,180.0,,,16.9,,,52.14,,,95.65,,,,,Virtual screening scenario,,,,,,,,,,,,,,,,,,,,,,,,,,,,,,,,39.32722513108974,32.9208123385866,45.73363792359288,12.812825585006273,True,GBDT,compact,260,371.0005468583385,-159.20570933800133,901.2068030546784,1060.4125123926797,True,GBDT,compact,330,83.9544957503105,53.429742662157665,114.47924883846333,61.04950617630567,True,GBDT,descriptors,30,0.5531054269552952,1,0.9887192545115833,ExtraTrees,morgan_r3,ALL,184.16558837890625,156.96917724609375,211.36199951171875,54.392822265625,True,XGB,morgan_r3,270,61.52047758330591,37.42156189995744,85.61939326665438,48.197831366696946,True,GBDT,compact,140,984,True,CCO[Si](CCCNCC(O)Cn1c(=O)n(CC(O)CNCCC[Si](OCC)(OCC)OCC)c(=O)n(CC(O)CP2(=O)Oc3ccc([Si](OC)(OC)OC)cc3-c3ccccc32)c1=O)(OCC)OCC,O=c1[nH]c(=O)n(CCCP2(=O)Oc3ccccc3-c3ccccc32)c(=O)[nH]1,0.7475728155339806,True,In_domain,Maximum Tanimoto >= 0.70.,TDA,CCO[Si](CCCNCC(O)Cn1c(=O)n(CC(O)CNCCC[Si](OCC)(OCC)OCC)c(=O)n(CC(O)CP2(=O)Oc3ccccc3-c3ccccc32)c1=O)(OCC)OCC,0.7475728155339806,TGIC-DOPO,O=c1n(CC(O)CP2(=O)Oc3ccccc3-c3ccccc32)c(=O)n(CC(O)CP2(=O)Oc3ccccc3-c3ccccc32)c(=O)n1CC(O)CP1(=O)Oc2ccccc2-c2ccccc21,0.47572815533980584,DTB,CCC(O)Cn1c(=O)n(CC(O)COB(O)OC)c(=O)n(CC(O)CP2(=O)Oc3ccccc3-c3ccccc32)c1=O,0.4426229508196721,0.7475728155339806,True,0.9981198757519305,-5.227730572298383,-1.2110677307885689,True,True,True,True,0.984290729738909,0.0,1.0,0.09811385550730822,0.9428483148920516,0.18260846202383263,0.5290265947408319,0.5833333333333334,0.0,0.0,0.4415265947408319,1.0,True,True,95,95
140,FORM_000978,CAND_R2_343,TDA-carboxamide,designed,P-N-Si,B,True,True,True,True,True,Candidate,,TDA-carboxamide,,DDM,DOPO-based (additive),0,1,P-N-Si,100.00%,0.00%,CCO[Si](CCCNCC(O)Cn1c(=O)n(CC(O)CNCCC[Si](OCC)(OCC)OCC)c(=O)n(CC(O)CP2(=O)Oc3ccc(C(N)=O)cc3-c3ccccc32)c1=O)(OCC)OCC,,NC1=CC=C(CC2=CC=C(N)C=C2)C=C1,10.0,0.3099836471466572,0.8410810897365331,0.0,0.0,0.5621618592213479,2.7133079356879968,0.0,0.0,1.8135210176276877,1,1,0,0,1,1,0,0,0,0,0,160.0,3.2,,24.8,,3.2,,,3.0,50.0,,1184.0,,,87.2,,,159.0,,,17.0,,,62.6,,,97.55,,,,,Virtual screening scenario,,,,,,,,,,,,,,,,,,,,,,,,,,,,,,,,33.288384490531925,26.88197169802879,39.69479728303506,12.812825585006273,True,GBDT,compact,260,705.5363345673438,175.330078371004,1235.7425907636837,1060.4125123926797,True,GBDT,compact,330,67.84425949175399,37.31950640360115,98.36901257990682,61.04950617630567,True,GBDT,descriptors,30,0.6228732061187039,1,0.9396087008724421,ExtraTrees,morgan_r3,ALL,156.219482421875,129.0230712890625,183.4158935546875,54.392822265625,True,XGB,morgan_r3,270,74.7587577823625,50.65984209901402,98.85767346571097,48.197831366696946,True,GBDT,compact,140,975,True,CCO[Si](CCCNCC(O)Cn1c(=O)n(CC(O)CNCCC[Si](OCC)(OCC)OCC)c(=O)n(CC(O)CP2(=O)Oc3ccc(C(N)=O)cc3-c3ccccc32)c1=O)(OCC)OCC,O=c1[nH]c(=O)n(CCCP2(=O)Oc3ccccc3-c3ccccc32)c(=O)[nH]1,0.7475728155339806,True,In_domain,Maximum Tanimoto >= 0.70.,TDA,CCO[Si](CCCNCC(O)Cn1c(=O)n(CC(O)CNCCC[Si](OCC)(OCC)OCC)c(=O)n(CC(O)CP2(=O)Oc3ccccc3-c3ccccc32)c1=O)(OCC)OCC,0.7475728155339806,TGIC-DOPO,O=c1n(CC(O)CP2(=O)Oc3ccccc3-c3ccccc32)c(=O)n(CC(O)CP2(=O)Oc3ccccc3-c3ccccc32)c(=O)n1CC(O)CP1(=O)Oc2ccccc2-c2ccccc21,0.47572815533980584,DOPO-Si,CCO[Si](CCCC(O)C(O)CP1(=O)Oc2ccccc2-c2ccccc21)(OCC)OCC,0.4260869565217391,0.7475728155339806,True,0.9899347834787404,-5.0351953502737405,-1.0917033391290383,True,True,True,True,0.31373469711134483,0.4679226892881915,0.502676175229064,0.7688775187569505,0.1612361370312346,0.9003733675065702,0.5168031665308906,0.5284410998796133,0.0,0.0,0.43753700154894865,1.0,True,True,96,96
142,FORM_000981,CAND_R2_344,TDA-boronic-acid,designed,P-N-Si-B,B,True,True,True,True,True,Candidate,,TDA-boronic-acid,,DDM,DOPO-based (additive),0,1,P-N-Si-B,100.00%,0.00%,CCO[Si](CCCNCC(O)Cn1c(=O)n(CC(O)CNCCC[Si](OCC)(OCC)OCC)c(=O)n(CC(O)CP2(=O)Oc3ccc(B(O)O)cc3-c3ccccc32)c1=O)(OCC)OCC,,NC1=CC=C(CC2=CC=C(N)C=C2)C=C1,10.0,0.309737831835177,0.7003450975843166,0.0,0.1081192431652978,0.5617160679875239,2.2610899464066634,0.0,0.3490669593852908,1.813521017627688,1,1,0,1,1,1,0,0,0,0,0,160.0,3.2,,24.8,,3.2,,,3.0,50.0,,1184.0,,,87.2,,,159.0,,,17.0,,,62.6,,,97.55,,,,,Virtual screening scenario,,,,,,,,,,,,,,,,,,,,,,,,,,,,,,,,33.00224770279829,26.595834910295157,39.40866049530143,12.812825585006273,True,GBDT,compact,260,708.7346929953109,178.52843679897103,1238.9409491916508,1060.4125123926797,True,GBDT,compact,330,67.84425949175399,37.31950640360115,98.36901257990682,61.04950617630567,True,GBDT,descriptors,30,0.625663073150745,1,0.936835168185242,ExtraTrees,morgan_r3,ALL,156.08456420898438,128.88815307617188,183.28097534179688,54.392822265625,True,XGB,morgan_r3,270,74.7587577823625,50.65984209901402,98.85767346571097,48.197831366696946,True,GBDT,compact,140,978,True,CCO[Si](CCCNCC(O)Cn1c(=O)n(CC(O)CNCCC[Si](OCC)(OCC)OCC)c(=O)n(CC(O)CP2(=O)Oc3ccc(B(O)O)cc3-c3ccccc32)c1=O)(OCC)OCC,O=c1[nH]c(=O)n(CCCP2(=O)Oc3ccccc3-c3ccccc32)c(=O)[nH]1,0.77,True,In_domain,Maximum Tanimoto >= 0.70.,TDA,CCO[Si](CCCNCC(O)Cn1c(=O)n(CC(O)CNCCC[Si](OCC)(OCC)OCC)c(=O)n(CC(O)CP2(=O)Oc3ccccc3-c3ccccc32)c1=O)(OCC)OCC,0.77,TGIC-DOPO,O=c1n(CC(O)CP2(=O)Oc3ccccc3-c3ccccc32)c(=O)n(CC(O)CP2(=O)Oc3ccccc3-c3ccccc32)c(=O)n1CC(O)CP1(=O)Oc2ccccc2-c2ccccc21,0.49,DTB,CCC(O)Cn1c(=O)n(CC(O)COB(O)OC)c(=O)n(CC(O)CP2(=O)Oc3ccccc3-c3ccccc32)c1=O,0.453781512605042,0.77,True,0.9894725280308737,-5.126059808063004,-1.2494173075212291,True,True,True,True,0.28196191809763393,0.48759322843517267,0.4962457900461795,0.7688775187569505,0.15746266968760284,0.9003733675065702,0.5127192947866046,0.525243801560965,0.0,0.0,0.43393272455245985,1.0,True,True,97,97
143,FORM_001158,PUBCHEM_57763048,"2-[[4-[[4-[[(2-Hydroxyphenyl)-(6-oxobenzo[c][2,1]benzoxaphosphinin-6-yl)methyl]amino]phenyl]methyl]anilino]-(6-oxobenzo[c][2,1]benzoxaphosphinin-6-yl)methyl]phenol",pubchem,P-N,PUBLIC_UNVERIFIED,False,True,True,True,True,Candidate,,"2-[[4-[[4-[[(2-Hydroxyphenyl)-(6-oxobenzo[c][2,1]benzoxaphosphinin-6-yl)methyl]amino]phenyl]methyl]anilino]-(6-oxobenzo[c][2,1]benzoxaphosphinin-6-yl)methyl]phenol",,DDM,DOPO-based (reactive),1,1,P-N,100.00%,0.00%,O=P1(C(Nc2ccc(Cc3ccc(NC(c4ccccc4O)P4(=O)Oc5ccccc5-c5ccccc54)cc3)cc2)c2ccccc2O)Oc2ccccc2-c2ccccc21,,NC1=CC=C(CC2=CC=C(N)C=C2)C=C1,10.0,0.7384986594535051,0.3339623788650238,0.0,0.0,0.0,0.4522179892813327,0.0,0.0,0.0,1,1,0,0,0,1,0,0,0,0,0,160.0,3.2,,24.7,,3.0,,,3.0,50.0,,1149.8,,,93.5,,,164.0,,,16.0,,,59.0,,,105.1,,,,,Virtual screening scenario,,,,,,,,,,,,,,,,,,,,,,,,,,,,,,,,34.31674743491046,27.910334642407324,40.7231602274136,12.812825585006273,True,GBDT,compact,260,693.3297312905192,163.1234750941794,1223.535987486859,1060.4125123926797,True,GBDT,compact,330,74.32381184145426,43.79905875330142,104.8485649296071,61.04950617630567,True,GBDT,descriptors,30,0.6626482869760586,1,0.8941821389750148,ExtraTrees,morgan_r3,ALL,159.48182678222656,132.28541564941406,186.67823791503906,54.392822265625,True,XGB,morgan_r3,270,64.9601348057674,40.86121912241892,89.05905048911586,48.197831366696946,True,GBDT,compact,140,1155,True,O=P1(C(Nc2ccc(Cc3ccc(NC(c4ccccc4O)P4(=O)Oc5ccccc5-c5ccccc54)cc3)cc2)c2ccccc2O)Oc2ccccc2-c2ccccc21,O=P1(C(Nc2ccc(Cc3ccc(NC(c4ccccc4)P4(=O)Oc5ccccc5-c5ccccc54)cc3)cc2)c2ccccc2)Oc2ccccc2-c2ccccc21,0.7375,True,In_domain,Maximum Tanimoto >= 0.70.,DSD,O=P1(C(Nc2ccc(S(=O)(=O)c3ccc(NC(c4ccccc4O)P4(=O)Oc5ccccc5-c5ccccc54)cc3)cc2)c2ccccc2O)Oc2ccccc2-c2ccccc21,0.7375,DOPO-DDM,O=P1(C(Nc2ccc(Cc3ccc(NC(c4ccc(O)cc4)P4(=O)Oc5ccccc5-c5ccccc54)cc3)cc2)c2ccc(O)cc2)Oc2ccccc2-c2ccccc21,0.691358024691358,DPDDM,O=P1(C(Nc2ccc(Cc3ccc(NC(c4ccc(O)c(O)c4)[P@@]4(=O)Oc5ccccc5-c5ccccc54)cc3)cc2)c2ccc(O)c(O)c2)Oc2ccccc2-c2ccccc21,0.6785714285714286,0.7375,True,0.9823636898291691,2.144978752051181,-0.6877163051120974,True,True,True,True,0.4279246579214341,0.7483651892687468,0.5272178776718814,0.49909573526545203,0.2524791919436771,0.3691028709689632,0.5026788983167669,0.4760738533542997,0.0,0.0,0.431267820313622,1.0,True,True,98,98
147,FORM_000264,CAND_R2_088,DOPO-HPM-amino,designed,P-N,B,True,True,True,True,True,Candidate,,DOPO-HPM-amino,,DDM,DOPO-based (Co-curing),2,1,P-N,100.00%,0.00%,Nc1cc(N2C(=O)CC(P3(=O)Oc4ccccc4-c4ccccc43)C2=O)ccc1OCC(O)Cn1c(=O)n(CC2CO2)c(=O)n(CC2CO2)c1=O,,NC1=CC=C(CC2=CC=C(N)C=C2)C=C1,10.19,0.4398170918637512,0.9944660046709438,0.0,0.0,0.0,2.261089946406664,0.0,0.0,0.0,1,1,0,0,0,1,0,0,0,0,0,170.0,3.0,,24.0,,3.0,,,3.0,50.0,,1208.0,,,88.0,,,164.3,,,16.5,,,58.7,,,101.3,,,,,Virtual screening scenario,,,,,,,,,,,,,,,,,,,,,,,,,,,,,,,,33.15221137215906,26.745798579655922,39.55862416466219,12.812825585006273,True,GBDT,compact,260,745.3545405350077,215.14828433866785,1275.5607967313476,1060.4125123926797,True,GBDT,compact,330,68.32137866753287,37.796625579380034,98.8461317556857,61.04950617630567,True,GBDT,descriptors,30,0.6286964591638812,1,0.9337488855947179,ExtraTrees,morgan_r3,ALL,169.76795959472656,142.57154846191406,196.96437072753906,54.392822265625,True,XGB,morgan_r3,270,67.75225501670903,43.653339333360556,91.85117070005751,48.197831366696946,True,GBDT,compact,140,261,True,Nc1cc(N2C(=O)CC(P3(=O)Oc4ccccc4-c4ccccc43)C2=O)ccc1OCC(O)Cn1c(=O)n(CC2CO2)c(=O)n(CC2CO2)c1=O,O=C1CC(P2(=O)Oc3ccccc3-c3ccccc32)C(=O)N1c1ccc(OCCCn2c(=O)n(CC3CO3)c(=O)n(CC3CO3)c2=O)cc1,0.7304347826086957,True,In_domain,Maximum Tanimoto >= 0.70.,DOPO-HPM,O=C1CC(P2(=O)Oc3ccccc3-c3ccccc32)C(=O)N1c1ccc(OCC(O)Cn2c(=O)n(CC3CO3)c(=O)n(CC3CO3)c2=O)cc1,0.7304347826086957,DMT,O=C1CC(P2(=O)Oc3ccccc3-c3ccccc32)C(=O)N1c1ccc(OCC(O)Cn2c(=O)n(CC(O)COc3ccc(N4C(=O)CC(P5(=O)Oc6ccccc6-c6ccccc65)C4=O)cc3)c(=O)n(CC(O)COc3ccc(N4C(=O)CC(P5(=O)Oc6ccccc6-c6ccccc65)C4=O)cc3)c2=O)cc1,0.6206896551724138,BMP,O=C1CC(P2(=O)Oc3ccccc3-c3ccccc32)C(=O)N1c1ccc(Cc2ccc(N3C(=O)CC(P4(=O)Oc5ccccc5-c5ccccc54)C3=O)cc2)cc1,0.4782608695652174,0.7304347826086957,True,0.9889581475991197,-2.277247402645213,0.8828644896400705,True,True,True,True,0.29861396261251255,0.508980748927734,0.4226206069023256,0.7490122479430532,0.5401674545483255,0.5204885395881983,0.5019111126907775,0.5216859685550311,0.0,0.01899999999999995,0.4217582174075228,1.0,True,True,99,99
148,FORM_000975,CAND_R2_342,TDA-hydroxymethyl,designed,P-N-Si,B,True,True,True,True,True,Candidate,,TDA-hydroxymethyl,,DDM,DOPO-based (additive),0,1,P-N-Si,100.00%,0.00%,CCO[Si](CCCNCC(O)Cn1c(=O)n(CC(O)CNCCC[Si](OCC)(OCC)OCC)c(=O)n(CC(O)CP2(=O)Oc3ccc(CO)cc3-c3ccccc32)c1=O)(OCC)OCC,,NC1=CC=C(CC2=CC=C(N)C=C2)C=C1,10.0,0.3140694473314642,0.7101392698346709,0.0,0.0,0.5695715437303224,2.261089946406664,0.0,0.0,1.813521017627688,1,1,0,0,1,1,0,0,0,0,0,160.0,3.2,,24.8,,3.2,,,3.0,50.0,,1184.0,,,87.2,,,159.0,,,17.0,,,62.6,,,97.55,,,,,Virtual screening scenario,,,,,,,,,,,,,,,,,,,,,,,,,,,,,,,,32.94630272127069,26.539889928767554,39.35271551377383,12.812825585006273,True,GBDT,compact,260,709.4707292096167,179.26447301327687,1239.6769854059567,1060.4125123926797,True,GBDT,compact,330,67.84425949175399,37.31950640360115,98.36901257990682,61.04950617630567,True,GBDT,descriptors,30,0.6205448197006885,1,0.941875785773314,ExtraTrees,morgan_r3,ALL,154.60769653320312,127.41128540039062,181.80410766601562,54.392822265625,True,XGB,morgan_r3,270,74.98283264764409,50.883916964295615,99.08174833099255,48.197831366696946,True,GBDT,compact,140,972,True,CCO[Si](CCCNCC(O)Cn1c(=O)n(CC(O)CNCCC[Si](OCC)(OCC)OCC)c(=O)n(CC(O)CP2(=O)Oc3ccc(CO)cc3-c3ccccc32)c1=O)(OCC)OCC,O=c1[nH]c(=O)n(CCCP2(=O)Oc3ccccc3-c3ccccc32)c(=O)[nH]1,0.7623762376237624,True,In_domain,Maximum Tanimoto >= 0.70.,TDA,CCO[Si](CCCNCC(O)Cn1c(=O)n(CC(O)CNCCC[Si](OCC)(OCC)OCC)c(=O)n(CC(O)CP2(=O)Oc3ccccc3-c3ccccc32)c1=O)(OCC)OCC,0.7623762376237624,TGIC-DOPO,O=c1n(CC(O)CP2(=O)Oc3ccccc3-c3ccccc32)c(=O)n(CC(O)CP2(=O)Oc3ccccc3-c3ccccc32)c(=O)n1CC(O)CP1(=O)Oc2ccccc2-c2ccccc21,0.48514851485148514,DTB,CCC(O)Cn1c(=O)n(CC(O)COB(O)OC)c(=O)n(CC(O)CP2(=O)Oc3ccccc3-c3ccccc32)c1=O,0.4380165289256198,0.7623762376237624,True,0.9903126309622191,-5.044378156161033,-1.1202326733344796,True,True,True,True,0.27574975800077367,0.45150591542088564,0.4947659695466531,0.7688775187569505,0.11615681611879125,0.9125224587844056,0.5010477598353722,0.5310545706979827,0.0,0.0,0.4213895742306748,1.0,True,True,100,100
151,FORM_001032,CAND_R2_361,TDA-OH-acetyl,designed,P-N-Si,B,True,True,True,True,True,Candidate,,TDA-OH-acetyl,,DDM,DOPO-based (additive),0,1,P-N-Si,100.00%,0.00%,CCO[Si](CCCNCC(O)Cn1c(=O)n(CC(O)CP2(=O)Oc3ccccc3-c3ccccc32)c(=O)n(CC(CNCCC[Si](OCC)(OCC)OCC)OC(C)=O)c1=O)(OCC)OCC,,NC1=CC=C(CC2=CC=C(N)C=C2)C=C1,10.0,0.310290455267645,0.7015946288716186,0.0,0.0,0.562718262197138,2.2610899464066634,0.0,0.0,1.813521017627688,1,1,0,0,1,1,0,0,0,0,0,160.0,3.2,,24.8,,3.2,,,3.0,50.0,,1184.0,,,87.2,,,159.0,,,17.0,,,62.6,,,97.55,,,,,Virtual screening scenario,,,,,,,,,,,,,,,,,,,,,,,,,,,,,,,,33.383314418863286,26.97690162636015,39.789727211366426,12.812825585006273,True,GBDT,compact,260,736.4094205853448,206.203164389005,1266.6156767816847,1060.4125123926797,True,GBDT,compact,330,68.58948211233356,38.06472902418072,99.11423520048639,61.04950617630567,True,GBDT,descriptors,30,0.6180618939645357,1,0.9442455567740269,ExtraTrees,morgan_r3,ALL,154.69955444335938,127.50314331054688,181.89596557617188,54.392822265625,True,XGB,morgan_r3,270,79.96071210119258,55.86179641784411,104.05962778454105,48.197831366696946,True,GBDT,compact,140,1029,True,CCO[Si](CCCNCC(O)Cn1c(=O)n(CC(O)CP2(=O)Oc3ccccc3-c3ccccc32)c(=O)n(CC(CNCCC[Si](OCC)(OCC)OCC)OC(C)=O)c1=O)(OCC)OCC,O=c1[nH]c(=O)n(CCCP2(=O)Oc3ccccc3-c3ccccc32)c(=O)[nH]1,0.84,True,In_domain,Maximum Tanimoto >= 0.70.,TDA,CCO[Si](CCCNCC(O)Cn1c(=O)n(CC(O)CNCCC[Si](OCC)(OCC)OCC)c(=O)n(CC(O)CP2(=O)Oc3ccccc3-c3ccccc32)c1=O)(OCC)OCC,0.84,TGIC-DOPO,O=c1n(CC(O)CP2(=O)Oc3ccccc3-c3ccccc32)c(=O)n(CC(O)CP2(=O)Oc3ccccc3-c3ccccc32)c(=O)n1CC(O)CP1(=O)Oc2ccccc2-c2ccccc21,0.56,DOPO-Si,CCO[Si](CCCC(O)C(O)CP1(=O)Oc2ccccc2-c2ccccc21)(OCC)OCC,0.5,0.84,True,0.9907075927956711,-5.013122540348291,-1.0241225208040585,True,True,True,True,0.32427576615230835,0.4339995298723568,0.4406050098636909,0.7378495284224849,0.11872594905349643,1.0,0.4992185617675178,0.5337864169355008,0.0,0.0,0.41915059922719267,1.0,True,True,101,101
155,FORM_000834,CAND_R2_285,DGEBDB-hydroxymethyl,designed,P-only,B,True,True,True,True,True,Candidate,,DGEBDB-hydroxymethyl,,DDM,DOPO-based (additive),0,0,P-only,100.00%,0.00%,COc1cc(C(c2cc(CO)c(OCC3CO3)c(OC)c2)P2(=O)Oc3ccccc3-c3ccccc32)ccc1OCC1CO1,,NC1=CC=C(CC2=CC=C(N)C=C2)C=C1,10.0,0.5023329435633624,0.0,0.0,0.0,0.0,0.0,0.0,0.0,0.0,1,0,0,0,0,1,0,0,0,0,0,160.0,3.2,,24.8,,3.2,,,3.0,50.0,,1184.0,,,87.2,,,159.0,,,17.0,,,62.6,,,97.55,,,,,Virtual screening scenario,,,,,,,,,,,,,,,,,,,,,,,,,,,,,,,,32.20278434279076,25.79637155028762,38.6091971352939,12.812825585006273,True,GBDT,compact,260,765.335673145736,235.12941694939616,1295.541929342076,1060.4125123926797,True,GBDT,compact,330,63.35027152330882,32.825518435155985,93.87502461146165,61.04950617630567,True,GBDT,descriptors,30,0.6056609655273051,1,0.9553430414553505,ExtraTrees,morgan_r3,ALL,156.92176818847656,129.72535705566406,184.11817932128906,54.392822265625,True,XGB,morgan_r3,270,77.0049094278235,52.90599374447503,101.10382511117197,48.197831366696946,True,GBDT,compact,140,831,True,COc1cc(C(c2cc(CO)c(OCC3CO3)c(OC)c2)P2(=O)Oc3ccccc3-c3ccccc32)ccc1OCC1CO1,O=P1(C(c2ccc(OCC3CO3)cc2)c2ccc(OCC3CO3)cc2)Oc2ccccc2-c2ccccc21,0.7684210526315789,True,In_domain,Maximum Tanimoto >= 0.70.,DGEBDB,COc1cc(C(c2ccc(OCC3CO3)c(OC)c2)P2(=O)Oc3ccccc3-c3ccccc32)ccc1OCC1CO1,0.7684210526315789,HBFR,COc1ccc(C(c2ccc(OCC(O)Cn3c(=O)n(CC(O)COc4cc(C(c5ccc(OC)c(O)c5)P5(=O)Oc6ccccc6-c6ccccc65)ccc4OC)c(=O)n(CC(O)COc4cc(C(c5ccc(O)c(OC)c5)P5(=O)Oc6ccccc6-c6ccccc65)ccc4OC)c3=O)c(OC)c2)P2(=O)Oc3ccccc3-c3ccccc32)cc1O,0.4666666666666667,DOPO-PHE,O=P1(C(c2ccc(O)cc2)c2ccc(O)cc2)Oc2ccccc2-c2ccccc21,0.40384615384615385,0.7684210526315789,True,0.9925571735758917,0.7200152562001157,0.031291109905046764,True,True,True,True,0.1931890872139502,0.3465641985530025,0.38244800524712275,0.9559886066351981,0.18087805452621902,1.0,0.4937257849824766,0.5465794765870321,0.0,0.0,0.4117388634944218,1.0,True,True,102,102
159,FORM_000873,CAND_R2_298,DGEBDB-methoxy-to-phenol-all,designed,P-only,B,True,True,True,True,True,Candidate,,DGEBDB-methoxy-to-phenol-all,,DDM,DOPO-based (additive),0,0,P-only,100.00%,0.00%,O=P1(C(c2ccc(OCC3CO3)c(O)c2)c2ccc(OCC3CO3)c(O)c2)Oc2ccccc2-c2ccccc21,,NC1=CC=C(CC2=CC=C(N)C=C2)C=C1,10.0,0.5545698207593955,0.0,0.0,0.0,0.0,0.0,0.0,0.0,0.0,1,0,0,0,0,1,0,0,0,0,0,160.0,3.2,,24.8,,3.2,,,3.0,50.0,,1184.0,,,87.2,,,159.0,,,17.0,,,62.6,,,97.55,,,,,Virtual screening scenario,,,,,,,,,,,,,,,,,,,,,,,,,,,,,,,,31.98650871090214,25.580095918399003,38.392921503405276,12.812825585006273,True,GBDT,compact,260,783.3439622426655,253.13770604632566,1313.5502184390052,1060.4125123926797,True,GBDT,compact,330,63.39700116233433,32.87224807418149,93.92175425048717,61.04950617630567,True,GBDT,descriptors,30,0.6205562143481532,1,0.9418647967281686,ExtraTrees,morgan_r3,ALL,156.01002502441406,128.81361389160156,183.20643615722656,54.392822265625,True,XGB,morgan_r3,270,74.39561071267727,50.296695029328795,98.49452639602575,48.197831366696946,True,GBDT,compact,140,870,True,O=P1(C(c2ccc(OCC3CO3)c(O)c2)c2ccc(OCC3CO3)c(O)c2)Oc2ccccc2-c2ccccc21,O=P1(C(c2ccc(OCC3CO3)cc2)c2ccc(OCC3CO3)cc2)Oc2ccccc2-c2ccccc21,0.7294117647058823,True,In_domain,Maximum Tanimoto >= 0.70.,DGEBDB,COc1cc(C(c2ccc(OCC3CO3)c(OC)c2)P2(=O)Oc3ccccc3-c3ccccc32)ccc1OCC1CO1,0.7294117647058823,DOPO-PHE,O=P1(C(c2ccc(O)cc2)c2ccc(O)cc2)Oc2ccccc2-c2ccccc21,0.524390243902439,HBFR,COc1ccc(C(c2ccc(OCC(O)Cn3c(=O)n(CC(O)COc4cc(C(c5ccc(OC)c(O)c5)P5(=O)Oc6ccccc6-c6ccccc65)ccc4OC)c(=O)n(CC(O)COc4cc(C(c5ccc(O)c(OC)c5)P5(=O)Oc6ccccc6-c6ccccc65)ccc4OC)c3=O)c(OC)c2)P2(=O)Oc3ccccc3-c3ccccc32)cc1O,0.48739495798319327,0.7294117647058823,True,0.9903107994546948,0.9806140085436008,0.11499101014555849,True,True,True,True,0.16917372759355548,0.45158625575841643,0.3462418582545218,0.9540429775735241,0.15537791646733126,0.8806839351762645,0.48781514900036316,0.5310419026462488,0.0,0.0,0.40815886360342585,1.0,True,True,103,103
160,FORM_000993,CAND_R2_348,TDA-disiloxane,designed,P-N-Si,B,True,True,True,True,True,Candidate,,TDA-disiloxane,,DDM,DOPO-based (additive),0,1,P-N-Si,100.00%,0.00%,CCO[Si](CCCNCC(O)Cn1c(=O)n(CC(O)CNCCC[Si](OCC)(OCC)OCC)c(=O)n(CC(O)CP2(=O)Oc3ccc([Si](C)(C)O[Si](C)(C)C)cc3-c3ccccc32)c1=O)(OCC)OCC,,NC1=CC=C(CC2=CC=C(N)C=C2)C=C1,10.0,0.2809364305817454,0.635222538767758,0.0,0.0,1.0189682429545943,2.2610899464066634,0.0,0.0,3.627042035255376,1,1,0,0,1,1,0,0,0,0,0,160.0,3.2,,24.8,,3.2,,,3.0,50.0,,1184.0,,,87.2,,,159.0,,,17.0,,,62.6,,,97.55,,,,,Virtual screening scenario,,,,,,,,,,,,,,,,,,,,,,,,,,,,,,,,32.868597747284234,26.462184954781097,39.275010539787374,12.812825585006273,True,GBDT,compact,260,710.3145207121853,180.10826451584546,1240.520776908525,1060.4125123926797,True,GBDT,compact,330,68.58948211233356,38.06472902418072,99.11423520048639,61.04950617630567,True,GBDT,descriptors,30,0.6109932793253096,1,0.9507219677784552,ExtraTrees,morgan_r3,ALL,156.81643676757812,129.62002563476562,184.01284790039062,54.392822265625,True,XGB,morgan_r3,270,75.03225551239565,50.93333982904718,99.13117119574412,48.197831366696946,True,GBDT,compact,140,990,True,CCO[Si](CCCNCC(O)Cn1c(=O)n(CC(O)CNCCC[Si](OCC)(OCC)OCC)c(=O)n(CC(O)CP2(=O)Oc3ccc([Si](C)(C)O[Si](C)(C)C)cc3-c3ccccc32)c1=O)(OCC)OCC,O=c1[nH]c(=O)n(CCCP2(=O)Oc3ccccc3-c3ccccc32)c(=O)[nH]1,0.7264150943396226,True,In_domain,Maximum Tanimoto >= 0.70.,TDA,CCO[Si](CCCNCC(O)Cn1c(=O)n(CC(O)CNCCC[Si](OCC)(OCC)OCC)c(=O)n(CC(O)CP2(=O)Oc3ccccc3-c3ccccc32)c1=O)(OCC)OCC,0.7264150943396226,TGIC-DOPO,O=c1n(CC(O)CP2(=O)Oc3ccccc3-c3ccccc32)c(=O)n(CC(O)CP2(=O)Oc3ccccc3-c3ccccc32)c(=O)n1CC(O)CP1(=O)Oc2ccccc2-c2ccccc21,0.46226415094339623,DTB,CCC(O)Cn1c(=O)n(CC(O)COB(O)OC)c(=O)n(CC(O)CP2(=O)Oc3ccccc3-c3ccccc32)c1=O,0.42063492063492064,0.7264150943396226,True,0.9917869946297425,-5.167439586223554,-1.107794718703753,True,True,True,True,0.2671213569262632,0.38416078867826614,0.49306950415737205,0.7378495284224849,0.17793208697667254,0.9152021118294907,0.4857536555174936,0.5412523531081292,0.0,0.0,0.4045658025512742,1.0,True,True,104,104
162,FORM_000015,CAND_005,DOPO-HPM-hydroxy,designed,P-N,B,True,True,True,True,True,Candidate,,DOPO-HPM-hydroxy,,DDM,DOPO-based (Co-curing),2,1,P-N,100.00%,0.00%,O=C1CC(P2(=O)Oc3ccccc3-c3ccccc32)C(=O)N1c1ccc(OCC(O)Cn2c(=O)n(CC3CO3)c(=O)n(CC3CO3)c2=O)c(O)c1,,NC1=CC=C(CC2=CC=C(N)C=C2)C=C1,10.19,0.4392148475115916,0.7944834208167966,0.0,0.0,0.0,1.808871957125331,0.0,0.0,0.0,1,1,0,0,0,1,0,0,0,0,0,170.0,3.0,,24.0,,3.0,,,3.0,50.0,,1208.0,,,88.0,,,164.3,,,16.5,,,58.7,,,101.3,,,,,Virtual screening scenario,,,,,,,,,,,,,,,,,,,,,,,,,,,,,,,,33.108342435878285,26.70192964337515,39.51475522838142,12.812825585006273,True,GBDT,compact,260,748.4830321980108,218.276776001671,1278.6892883943506,1060.4125123926797,True,GBDT,compact,330,68.32137866753287,37.796625579380034,98.8461317556857,61.04950617630567,True,GBDT,descriptors,30,0.6237224772592971,1,0.9387709944832908,ExtraTrees,morgan_r3,ALL,169.83224487304688,142.63583374023438,197.02865600585938,54.392822265625,True,XGB,morgan_r3,270,66.27858709786787,42.1796714145194,90.37750278121635,48.197831366696946,True,GBDT,compact,140,12,True,O=C1CC(P2(=O)Oc3ccccc3-c3ccccc32)C(=O)N1c1ccc(OCC(O)Cn2c(=O)n(CC3CO3)c(=O)n(CC3CO3)c2=O)c(O)c1,O=C1CC(P2(=O)Oc3ccccc3-c3ccccc32)C(=O)N1c1ccc(OCCCn2c(=O)n(CC3CO3)c(=O)n(CC3CO3)c2=O)cc1,0.7368421052631579,True,In_domain,Maximum Tanimoto >= 0.70.,DOPO-HPM,O=C1CC(P2(=O)Oc3ccccc3-c3ccccc32)C(=O)N1c1ccc(OCC(O)Cn2c(=O)n(CC3CO3)c(=O)n(CC3CO3)c2=O)cc1,0.7368421052631579,DMT,O=C1CC(P2(=O)Oc3ccccc3-c3ccccc32)C(=O)N1c1ccc(OCC(O)Cn2c(=O)n(CC(O)COc3ccc(N4C(=O)CC(P5(=O)Oc6ccccc6-c6ccccc65)C4=O)cc3)c(=O)n(CC(O)COc3ccc(N4C(=O)CC(P5(=O)Oc6ccccc6-c6ccccc65)C4=O)cc3)c2=O)cc1,0.6260869565217392,BMP,O=C1CC(P2(=O)Oc3ccccc3-c3ccccc32)C(=O)N1c1ccc(Cc2ccc(N3C(=O)CC(P4(=O)Oc5ccccc5-c5ccccc54)C3=O)cc2)cc1,0.4824561403508772,0.7368421052631579,True,0.9897951657472152,-2.223416760949202,0.8133326032280775,True,True,True,True,0.29374273291480196,0.47391065252284703,0.4163306907194978,0.7490122479430532,0.5419654208363509,0.44058789550337635,0.48485459645401274,0.5274754010645551,0.0,0.01899999999999995,0.40383328629432946,1.0,True,True,105,105
170,FORM_000831,CAND_R2_284,DGEBDB-hydroxy,designed,P-only,B,True,True,True,True,True,Candidate,,DGEBDB-hydroxy,,DDM,DOPO-based (additive),0,0,P-only,100.00%,0.00%,COc1cc(C(c2cc(O)c(OCC3CO3)c(OC)c2)P2(=O)Oc3ccccc3-c3ccccc32)ccc1OCC1CO1,,NC1=CC=C(CC2=CC=C(N)C=C2)C=C1,10.0,0.5140264464565465,0.0,0.0,0.0,0.0,0.0,0.0,0.0,0.0,1,0,0,0,0,1,0,0,0,0,0,160.0,3.2,,24.8,,3.2,,,3.0,50.0,,1184.0,,,87.2,,,159.0,,,17.0,,,62.6,,,97.55,,,,,Virtual screening scenario,,,,,,,,,,,,,,,,,,,,,,,,,,,,,,,,32.15128016550261,25.744867372999476,38.557692958005745,12.812825585006273,True,GBDT,compact,260,765.335673145736,235.12941694939616,1295.541929342076,1060.4125123926797,True,GBDT,compact,330,63.35027152330882,32.825518435155985,93.87502461146165,61.04950617630567,True,GBDT,descriptors,30,0.6097289893397368,1,0.9518381955939197,ExtraTrees,morgan_r3,ALL,156.690185546875,129.4937744140625,183.8865966796875,54.392822265625,True,XGB,morgan_r3,270,73.04294605191124,48.94403036856277,97.14186173525971,48.197831366696946,True,GBDT,compact,140,828,True,COc1cc(C(c2cc(O)c(OCC3CO3)c(OC)c2)P2(=O)Oc3ccccc3-c3ccccc32)ccc1OCC1CO1,O=P1(C(c2ccc(OCC3CO3)cc2)c2ccc(OCC3CO3)cc2)Oc2ccccc2-c2ccccc21,0.7849462365591398,True,In_domain,Maximum Tanimoto >= 0.70.,DGEBDB,COc1cc(C(c2ccc(OCC3CO3)c(OC)c2)P2(=O)Oc3ccccc3-c3ccccc32)ccc1OCC1CO1,0.7849462365591398,HBFR,COc1ccc(C(c2ccc(OCC(O)Cn3c(=O)n(CC(O)COc4cc(C(c5ccc(OC)c(O)c5)P5(=O)Oc6ccccc6-c6ccccc65)ccc4OC)c(=O)n(CC(O)COc4cc(C(c5ccc(O)c(OC)c5)P5(=O)Oc6ccccc6-c6ccccc65)ccc4OC)c3=O)c(OC)c2)P2(=O)Oc3ccccc3-c3ccccc32)cc1O,0.4961832061068702,DOPO-PHE,O=P1(C(c2ccc(O)cc2)c2ccc(O)cc2)Oc2ccccc2-c2ccccc21,0.42574257425742573,0.7849462365591398,True,0.9919730325989867,0.7355229683714519,-0.07022560828093413,True,True,True,True,0.1874700363494295,0.37524664855304674,0.38244800524712275,0.9559886066351981,0.17440102287339168,0.8073439538655687,0.4784051570308554,0.5425391283944218,0.0,0.0,0.39702428777169213,1.0,True,True,106,106
172,FORM_001215,PUBCHEM_101482827,"[3-(6-Oxobenzo[c][2,1]benzoxaphosphinin-6-yl)-4-(4-pentoxybenzoyl)oxyphenyl] 4-pentoxybenzoate",pubchem,P-only,PUBLIC_UNVERIFIED,False,True,True,True,True,Candidate,,"[3-(6-Oxobenzo[c][2,1]benzoxaphosphinin-6-yl)-4-(4-pentoxybenzoyl)oxyphenyl] 4-pentoxybenzoate",,DDM,DOPO-based (additive),0,0,P-only,100.00%,0.00%,CCCCCOc1ccc(C(=O)Oc2ccc(OC(=O)c3ccc(OCCCCC)cc3)c(P3(=O)Oc4ccccc4-c4ccccc43)c2)cc1,,NC1=CC=C(CC2=CC=C(N)C=C2)C=C1,10.0,0.4394996282401283,0.0,0.0,0.0,0.0,0.0,0.0,0.0,0.0,1,0,0,0,0,1,0,0,0,0,0,160.0,3.2,,24.8,,3.2,,,3.0,50.0,,1184.0,,,87.2,,,159.0,,,17.0,,,62.6,,,97.55,,,,,Virtual screening scenario,,,,,,,,,,,,,,,,,,,,,,,,,,,,,,,,31.343225665561814,24.936812873058678,37.74963845806495,12.812825585006273,True,GBDT,compact,260,730.4654720469445,200.25921585060462,1260.6717282432842,1060.4125123926797,True,GBDT,compact,330,63.999125378875185,33.47437229072235,94.52387846702803,61.04950617630567,True,GBDT,descriptors,30,0.6188394981443252,1,0.9435086947232197,ExtraTrees,morgan_r3,ALL,158.0628662109375,130.866455078125,185.25927734375,54.392822265625,True,XGB,morgan_r3,270,69.80735081427177,45.7084351309233,93.90626649762024,48.197831366696946,True,GBDT,compact,140,1212,True,CCCCCOc1ccc(C(=O)Oc2ccc(OC(=O)c3ccc(OCCCCC)cc3)c(P3(=O)Oc4ccccc4-c4ccccc43)c2)cc1,O=C(Oc1ccc(OC(=O)c2ccccc2)c(P2(=O)Oc3ccccc3-c3ccccc32)c1)c1ccccc1,0.7065217391304348,True,In_domain,Maximum Tanimoto >= 0.70.,DOPO-HQ-AE,O=C(Oc1ccc(OC(=O)c2ccccc2)c(P2(=O)Oc3ccccc3-c3ccccc32)c1)c1ccccc1,0.7065217391304348,CP-DOPO,N#Cc1ccc(OP2(=O)Oc3ccccc3-c3ccccc32)cc1,0.28440366972477066,Trif-D,COc1cc(C(O)P2(=O)Oc3ccccc3-c3ccccc32)ccc1Oc1nc(Oc2ccc(C(O)P3(=O)Oc4ccccc4-c4ccccc43)cc2OC)nc(Oc2ccc(C(O)P3(=O)Oc4ccccc4-c4ccccc43)cc2OC)n1,0.2786885245901639,0.7065217391304348,True,0.9905847824538699,-0.8685630512305347,0.3966576504129135,True,True,True,True,0.0977432407807521,0.439482190258581,0.4525554774144631,0.9289730134379109,0.21279291636277353,0.6319135599621223,0.468221432010831,0.5329369703769675,0.0,0.0,0.3882808864542859,1.0,True,True,107,107
182,FORM_000109,CAND_R2_018,APN-DOPO-nitrile-to-acid,designed,P-N,B,True,True,True,True,True,Candidate,,APN-DOPO-nitrile-to-acid,,DDM,DOPO-based (additive),0,1,P-N,100.00%,0.00%,N#Cc1cc(Oc2cccc(NCP3(=O)Oc4ccccc4-c4ccccc43)c2)ccc1C(=O)O,,NC1=CC=C(CC2=CC=C(N)C=C2)C=C1,3.42,0.2195772253913504,0.198593542716901,0.0,0.0,0.0,0.9044359785626658,0.0,0.0,0.0,1,1,0,0,0,1,0,0,0,0,0,160.0,3.2,,24.8,,3.2,,,3.0,50.0,,1184.0,,,87.2,,,159.0,,,17.0,,,62.6,,,97.55,,,,,Virtual screening scenario,,,,,,,,,,,,,,,,,,,,,,,,,,,,,,,,31.53159630366974,25.125183511166604,37.93800909617288,12.812825585006273,True,GBDT,compact,260,1035.6879064339635,505.4816502376236,1565.8941626303033,1060.4125123926797,True,GBDT,compact,330,66.05132435809178,35.52657126993894,96.57607744624461,61.04950617630567,True,GBDT,descriptors,30,0.6141992842510723,1,0.9478340939061711,ExtraTrees,morgan_r3,ALL,163.9222412109375,136.725830078125,191.11865234375,54.392822265625,True,XGB,morgan_r3,270,75.12270188188651,51.02378619853804,99.221617565235,48.197831366696946,True,GBDT,compact,140,108,True,N#Cc1cc(Oc2cccc(NCP3(=O)Oc4ccccc4-c4ccccc43)c2)ccc1C(=O)O,O=P1(CNc2cccc(Oc3ccccc3)c2)Oc2ccccc2-c2ccccc21,0.7692307692307693,True,In_domain,Maximum Tanimoto >= 0.70.,APN-DOPO,N#Cc1ccc(Oc2cccc(NCP3(=O)Oc4ccccc4-c4ccccc43)c2)cc1C#N,0.7692307692307693,PBD,N#Cc1ccc(Oc2cccc(NC(c3ccc(C(Nc4cccc(Oc5ccc(C#N)c(C#N)c5)c4)P4(=O)Oc5ccccc5-c5ccccc54)cc3)P3(=O)Oc4ccccc4-c4ccccc43)c2)cc1C#N,0.43103448275862066,DOPO-BAPh,CC(C)(c1ccc(O)c(CN(CP2(=O)Oc3ccccc3-c3ccccc32)c2cccc(Oc3ccc(C#N)c(C#N)c3)c2)c1)c1ccc(O)c(CN(CP2(=O)Oc3ccccc3-c3ccccc32)c2cccc(Oc3ccc(C#N)c(C#N)c3)c2)c1,0.4090909090909091,0.7692307692307693,True,0.9913056823176952,-0.43420726035191654,4.404616190903184,True,True,True,True,0.1186600152531293,0.40676539480226914,0.0,0.8435279285289057,0.37667116336057954,0.9201060139128967,0.40346838544420843,0.5379232435148172,0.0,0.0,0.32277989891698583,1.0,True,True,108,108
202,FORM_001039,CAND_R2_364,TDA-OH-allyl,designed,P-N-Si,B,True,True,True,True,True,Candidate,,TDA-OH-allyl,,DDM,DOPO-based (additive),0,1,P-N-Si,100.00%,0.00%,C=CCOC(CNCCC[Si](OCC)(OCC)OCC)Cn1c(=O)n(CC(O)CNCCC[Si](OCC)(OCC)OCC)c(=O)n(CC(O)CP2(=O)Oc3ccccc3-c3ccccc32)c1=O,,NC1=CC=C(CC2=CC=C(N)C=C2)C=C1,3.42,0.1063293898945449,0.2404203144981099,0.0,0.0,0.1928305833652863,2.261089946406664,0.0,0.0,1.8135210176276877,1,1,0,0,1,1,0,0,0,0,0,160.0,3.2,,24.8,,3.2,,,3.0,50.0,,1184.0,,,87.2,,,159.0,,,17.0,,,62.6,,,97.55,,,,,Virtual screening scenario,,,,,,,,,,,,,,,,,,,,,,,,,,,,,,,,29.68669190002897,23.280279107525832,36.09310469253211,12.812825585006273,True,GBDT,compact,260,919.9171001936005,389.71084399726067,1450.1233563899405,1060.4125123926797,True,GBDT,compact,330,71.70884554607122,41.18409245791838,102.23359863422405,61.04950617630567,True,GBDT,descriptors,30,0.5777290071596932,1,0.9758328057838734,ExtraTrees,morgan_r3,ALL,159.6535186767578,132.4571075439453,186.8499298095703,54.392822265625,True,XGB,morgan_r3,270,76.06721999841818,51.96830431506971,100.16613568176666,48.197831366696946,True,GBDT,compact,140,1038,True,C=CCOC(CNCCC[Si](OCC)(OCC)OCC)Cn1c(=O)n(CC(O)CNCCC[Si](OCC)(OCC)OCC)c(=O)n(CC(O)CP2(=O)Oc3ccccc3-c3ccccc32)c1=O,O=c1[nH]c(=O)n(CCCP2(=O)Oc3ccccc3-c3ccccc32)c(=O)[nH]1,0.8076923076923077,True,In_domain,Maximum Tanimoto >= 0.70.,TDA,CCO[Si](CCCNCC(O)Cn1c(=O)n(CC(O)CNCCC[Si](OCC)(OCC)OCC)c(=O)n(CC(O)CP2(=O)Oc3ccccc3-c3ccccc32)c1=O)(OCC)OCC,0.8076923076923077,TGIC-DOPO,O=c1n(CC(O)CP2(=O)Oc3ccccc3-c3ccccc32)c(=O)n(CC(O)CP2(=O)Oc3ccccc3-c3ccccc32)c(=O)n1CC(O)CP1(=O)Oc2ccccc2-c2ccccc21,0.5384615384615384,DOPO-Si,CCO[Si](CCCC(O)C(O)CP1(=O)Oc2ccccc2-c2ccccc21)(OCC)OCC,0.4827586206896552,0.8076923076923077,True,0.9959721342973124,-5.011156115334885,-1.0271233972556328,True,True,True,True,0.0,0.149624102766436,0.07165791075806394,0.607972125618441,0.2572811659937274,0.9713167411709132,0.28871061854505226,0.5701998540714681,0.0,0.0,0.20318064043433204,1.0,True,True,109,109
203,FORM_001021,CAND_R2_358,TDA-OH-methyl,designed,P-N-Si,B,True,True,True,True,True,Candidate,,TDA-OH-methyl,,DDM,DOPO-based (additive),0,1,P-N-Si,100.00%,0.00%,CCO[Si](CCCNCC(O)Cn1c(=O)n(CC(O)CP2(=O)Oc3ccccc3-c3ccccc32)c(=O)n(CC(CNCCC[Si](OCC)(OCC)OCC)OC)c1=O)(OCC)OCC,,NC1=CC=C(CC2=CC=C(N)C=C2)C=C1,3.42,0.1091829860567132,0.2468725520914931,0.0,0.0,0.1980056399812001,2.2610899464066634,0.0,0.0,1.8135210176276877,1,1,0,0,1,1,0,0,0,0,0,160.0,3.2,,24.8,,3.2,,,3.0,50.0,,1184.0,,,87.2,,,159.0,,,17.0,,,62.6,,,97.55,,,,,Virtual screening scenario,,,,,,,,,,,,,,,,,,,,,,,,,,,,,,,,29.34461013076773,22.938197338264594,35.75102292327087,12.812825585006273,True,GBDT,compact,260,919.9171001936005,389.71084399726067,1450.1233563899405,1060.4125123926797,True,GBDT,compact,330,70.01061423362977,39.48586114547693,100.5353673217826,61.04950617630567,True,GBDT,descriptors,30,0.5612829492190474,1,0.9849776005400627,ExtraTrees,morgan_r3,ALL,159.6535186767578,132.4571075439453,186.8499298095703,54.392822265625,True,XGB,morgan_r3,270,75.9675966631831,51.86868097983463,100.06651234653157,48.197831366696946,True,GBDT,compact,140,1020,True,CCO[Si](CCCNCC(O)Cn1c(=O)n(CC(O)CP2(=O)Oc3ccccc3-c3ccccc32)c(=O)n(CC(CNCCC[Si](OCC)(OCC)OCC)OC)c1=O)(OCC)OCC,O=c1[nH]c(=O)n(CCCP2(=O)Oc3ccccc3-c3ccccc32)c(=O)[nH]1,0.875,True,In_domain,Maximum Tanimoto >= 0.70.,TDA,CCO[Si](CCCNCC(O)Cn1c(=O)n(CC(O)CNCCC[Si](OCC)(OCC)OCC)c(=O)n(CC(O)CP2(=O)Oc3ccccc3-c3ccccc32)c1=O)(OCC)OCC,0.875,TGIC-DOPO,O=c1n(CC(O)CP2(=O)Oc3ccccc3-c3ccccc32)c(=O)n(CC(O)CP2(=O)Oc3ccccc3-c3ccccc32)c(=O)n1CC(O)CP1(=O)Oc2ccccc2-c2ccccc21,0.5833333333333334,DOPO-Si,CCO[Si](CCCC(O)C(O)CP1(=O)Oc2ccccc2-c2ccccc21)(OCC)OCC,0.5185185185185185,0.875,True,0.9974962667566771,-4.944401777391114,-1.043601801188143,True,True,True,True,0.0,0.03366774254581444,0.07165791075806394,0.6786794596324576,0.2572811659937274,0.9659152741583039,0.2791206666024703,0.580741874013503,0.0,0.0,0.19200938550044488,1.0,True,True,110,110
