source_file,task,outer_fold,split_strategy,screening_mode,row_policy,use_BDE,descriptor_mode,use_V7_formula_features,selected_view,selected_requested_k,selected_effective_k,n_features_after_variance,selected_model,inner_primary,inner_secondary,n_train,n_test,n_train_groups,n_test_groups,group_overlap,outer_R2,outer_RMSE,outer_MAE,n_test_neat,n_test_modified,outer_modified_R2,outer_modified_RMSE,outer_modified_MAE,conformal_alpha,conformal_q,conformal_n_calibration,outer_PICP,outer_MPIW,outer_modified_PICP,outer_modified_MPIW,selected_threshold,outer_Accuracy,outer_Balanced_Accuracy,outer_Macro_F1,outer_Weighted_F1,outer_Brier,outer_ECE,outer_TN,outer_FP,outer_FN,outer_TP,outer_ROC_AUC,outer_PR_AUC,outer_modified_Accuracy,outer_modified_Balanced_Accuracy,outer_modified_Macro_F1,outer_modified_Weighted_F1,outer_modified_Brier,outer_modified_ECE,outer_modified_TN,outer_modified_FP,outer_modified_FN,outer_modified_TP,outer_modified_ROC_AUC,outer_modified_PR_AUC
results\scientific_validation\FINAL_exploratory_fixed_baseline_inclusive_5x5\Char_yield\molecule\formulation\without_BDE\Char_yield_outer_fold_metrics.csv,Char_yield,1,molecule,formulation,baseline_inclusive,0,advanced,1,full_interaction,100.0,100,366,LGBM,0.4902577464096441,-3.384854387329365,156,40,41,11,0,-0.008624710328702,7.230385335616987,4.20118198949538,10,30,-0.2237028699329166,7.72318734989127,4.574364082313704,0.05,7.792650871023536,32.0,0.875,15.585301742047074,0.8666666666666667,15.585301742047076,,,,,,,,,,,,,,,,,,,,,,,,,
results\scientific_validation\FINAL_exploratory_fixed_baseline_inclusive_5x5\Char_yield\molecule\formulation\without_BDE\Char_yield_outer_fold_metrics.csv,Char_yield,2,molecule,formulation,baseline_inclusive,0,advanced,1,full_interaction,100.0,100,380,SVR,0.342879259458752,-4.56703258236286,157,39,42,10,0,-0.2617422705144867,4.157696138537777,3.19483018740009,10,29,-0.7281735079365892,4.08551778028344,3.3475174546343056,0.05,16.125472177625404,32.0,1.0,32.25094435525081,1.0,32.25094435525081,,,,,,,,,,,,,,,,,,,,,,,,,
results\scientific_validation\FINAL_exploratory_fixed_baseline_inclusive_5x5\Char_yield\molecule\formulation\without_BDE\Char_yield_outer_fold_metrics.csv,Char_yield,3,molecule,formulation,baseline_inclusive,0,advanced,1,full_interaction,100.0,100,388,SVR,0.1009986457485108,-5.175535590195476,157,39,42,10,0,0.5914422399199943,3.373889199368247,2.5720913574340134,10,29,0.4678565255006441,3.7417713721970527,2.910935483537582,0.05,13.95781359856881,32.0,1.0,27.91562719713762,1.0,27.915627197137617,,,,,,,,,,,,,,,,,,,,,,,,,
results\scientific_validation\FINAL_exploratory_fixed_baseline_inclusive_5x5\Char_yield\molecule\formulation\without_BDE\Char_yield_outer_fold_metrics.csv,Char_yield,4,molecule,formulation,baseline_inclusive,0,advanced,1,full_interaction,100.0,100,351,SVR,0.3501162394190544,-4.502687589951772,157,39,42,10,0,0.4406672086301751,3.467239840929558,2.812773470872497,9,30,0.339539955525863,3.838017156401382,3.2027695302036987,0.05,8.291034131517371,32.0,0.9743589743589745,16.58206826303475,0.9666666666666668,16.58206826303474,,,,,,,,,,,,,,,,,,,,,,,,,
results\scientific_validation\FINAL_exploratory_fixed_baseline_inclusive_5x5\Char_yield\molecule\formulation\without_BDE\Char_yield_outer_fold_metrics.csv,Char_yield,5,molecule,formulation,baseline_inclusive,0,advanced,1,full_interaction,100.0,100,362,RF,0.1033142444358348,-5.284245176177976,157,39,41,11,0,0.527083975624876,3.1534813430118875,2.318274590151983,9,30,0.295768535487687,3.427529429752311,2.495329757747548,0.05,13.721998129251691,32.0,1.0,27.443996258503383,1.0,27.443996258503383,,,,,,,,,,,,,,,,,,,,,,,,,
results\archive\FINAL_Delta_fixed_5x5_before_sign_fix\Delta_CY\molecule\formulation\without_BDE\Delta_CY_outer_fold_metrics.csv,Delta_CY,1,molecule,formulation,baseline_inclusive,0,advanced,0,descriptors,180.0,137,137,SVR,0.2630719096304379,-3.959858905464073,118,30,42,10,0,-0.6729280826966366,2.5397820073111825,2.055003456558457,0,30,-0.6729280826966366,2.5397820073111825,2.055003456558457,0.05,11.817505733109396,24.0,1.0,23.635011466218785,1.0,23.635011466218785,,,,,,,,,,,,,,,,,,,,,,,,,
results\scientific_validation\FINAL_Delta_fixed_5x5\Delta_CY\molecule\formulation\without_BDE\Delta_CY_outer_fold_metrics.csv,Delta_CY,1,molecule,formulation,baseline_inclusive,0,advanced,0,descriptors,180.0,136,136,SVR,0.264052701127146,-3.9572229026380215,118,30,42,10,0,-0.7121412229566668,2.569375616497251,2.085876914594257,0,30,-0.7121412229566668,2.569375616497251,2.085876914594257,0.05,11.869409243705364,24.0,1.0,23.73881848741073,1.0,23.73881848741073,,,,,,,,,,,,,,,,,,,,,,,,,
results\archive\FINAL_Delta_fixed_5x5_before_sign_fix\Delta_CY\molecule\formulation\without_BDE\Delta_CY_outer_fold_metrics.csv,Delta_CY,2,molecule,formulation,baseline_inclusive,0,advanced,0,descriptors,180.0,138,138,GBDT,0.1879886017204225,-3.503078549367104,118,30,41,11,0,0.512807500295382,3.6136206402627344,2.909087362881156,0,30,0.512807500295382,3.6136206402627344,2.909087362881156,0.05,4.90489694412841,24.0,0.8333333333333334,9.80979388825682,0.8333333333333334,9.80979388825682,,,,,,,,,,,,,,,,,,,,,,,,,
results\scientific_validation\FINAL_Delta_fixed_5x5\Delta_CY\molecule\formulation\without_BDE\Delta_CY_outer_fold_metrics.csv,Delta_CY,2,molecule,formulation,baseline_inclusive,0,advanced,0,descriptors,180.0,137,137,RF,0.1969177522238157,-3.483764792355722,118,30,41,11,0,0.5243994037159083,3.5703719058102537,2.811297295540437,0,30,0.5243994037159083,3.5703719058102537,2.811297295540437,0.05,6.226452290249435,24.0,0.9,12.452904580498869,0.9,12.452904580498869,,,,,,,,,,,,,,,,,,,,,,,,,
results\archive\FINAL_Delta_fixed_5x5_before_sign_fix\Delta_CY\molecule\formulation\without_BDE\Delta_CY_outer_fold_metrics.csv,Delta_CY,3,molecule,formulation,baseline_inclusive,0,advanced,0,descriptors,180.0,119,119,SoftVote,0.16029552958788,-3.915535811701996,118,30,41,11,0,0.5466807599063019,2.8224540658235284,2.1994994195029447,0,30,0.5466807599063019,2.8224540658235284,2.1994994195029447,0.05,12.815091154869716,24.0,1.0,25.630182309739432,1.0,25.630182309739432,,,,,,,,,,,,,,,,,,,,,,,,,
results\scientific_validation\FINAL_Delta_fixed_5x5\Delta_CY\molecule\formulation\without_BDE\Delta_CY_outer_fold_metrics.csv,Delta_CY,3,molecule,formulation,baseline_inclusive,0,advanced,0,descriptors,180.0,118,118,SoftVote,0.1536434600480647,-3.931014492802268,118,30,41,11,0,0.5576070044094832,2.788232131890513,2.175632941216688,0,30,0.5576070044094832,2.788232131890513,2.175632941216688,0.05,13.052276646464628,24.0,1.0,26.104553292929257,1.0,26.104553292929257,,,,,,,,,,,,,,,,,,,,,,,,,
results\archive\FINAL_Delta_fixed_5x5_before_sign_fix\Delta_CY\molecule\formulation\without_BDE\Delta_CY_outer_fold_metrics.csv,Delta_CY,4,molecule,formulation,baseline_inclusive,0,advanced,0,descriptors,180.0,140,140,ExtraTrees,0.4094033996059772,-3.0899029333569885,119,29,42,10,0,-0.2097767908926597,5.211233584567035,3.216415006385698,0,29,-0.2097767908926597,5.211233584567035,3.216415006385698,0.05,8.287355555555553,24.0,0.896551724137931,16.57471111111111,0.896551724137931,16.57471111111111,,,,,,,,,,,,,,,,,,,,,,,,,
results\scientific_validation\FINAL_Delta_fixed_5x5\Delta_CY\molecule\formulation\without_BDE\Delta_CY_outer_fold_metrics.csv,Delta_CY,4,molecule,formulation,baseline_inclusive,0,advanced,0,descriptors,180.0,139,139,ExtraTrees,0.4311385013046519,-3.032512752394195,119,29,42,10,0,-0.2157976218460446,5.224185153606026,3.235641558109836,0,29,-0.2157976218460446,5.224185153606026,3.235641558109836,0.05,8.182533333333346,24.0,0.896551724137931,16.36506666666669,0.896551724137931,16.36506666666669,,,,,,,,,,,,,,,,,,,,,,,,,
results\archive\FINAL_Delta_fixed_5x5_before_sign_fix\Delta_CY\molecule\formulation\without_BDE\Delta_CY_outer_fold_metrics.csv,Delta_CY,5,molecule,formulation,baseline_inclusive,0,advanced,0,descriptors,180.0,134,134,ExtraTrees,0.2974451823111118,-3.6994363701378217,119,29,42,10,0,-0.3742050382750239,3.640182610396197,3.0847444444444427,0,29,-0.3742050382750239,3.640182610396197,3.0847444444444427,0.05,9.9036777777778,24.0,1.0,19.807355555555606,1.0,19.807355555555606,,,,,,,,,,,,,,,,,,,,,,,,,
results\scientific_validation\FINAL_Delta_fixed_5x5\Delta_CY\molecule\formulation\without_BDE\Delta_CY_outer_fold_metrics.csv,Delta_CY,5,molecule,formulation,baseline_inclusive,0,advanced,0,descriptors,180.0,133,133,ExtraTrees,0.2895483548173325,-3.720169397858428,119,29,42,10,0,-0.3422823010946925,3.597653511444279,3.0565358876117483,0,29,-0.3422823010946925,3.597653511444279,3.0565358876117483,0.05,9.874125925925965,24.0,1.0,19.74825185185193,1.0,19.74825185185193,,,,,,,,,,,,,,,,,,,,,,,,,
results\archive\FINAL_Delta_fixed_5x5_before_sign_fix\Delta_LOI\molecule\formulation\without_BDE\Delta_LOI_outer_fold_metrics.csv,Delta_LOI,1,molecule,formulation,baseline_inclusive,0,advanced,0,descriptors,30.0,30,165,RF,0.5310146228606507,-2.782035574237166,374,94,114,29,0,0.4199207536049175,2.262427089520818,1.875791595898192,0,94,0.4199207536049175,2.262427089520818,1.875791595898192,0.05,7.0200445578231285,75.0,1.0,14.040089115646252,1.0,14.040089115646252,,,,,,,,,,,,,,,,,,,,,,,,,
results\scientific_validation\FINAL_Delta_fixed_5x5\Delta_LOI\molecule\formulation\without_BDE\Delta_LOI_outer_fold_metrics.csv,Delta_LOI,1,molecule,formulation,baseline_inclusive,0,advanced,0,descriptors,30.0,30,163,RF,0.5311515248709375,-2.7816294911478057,374,94,114,29,0,0.41769529993882,2.2667627961102284,1.8805216259314812,0,94,0.41769529993882,2.2667627961102284,1.8805216259314812,0.05,7.092049319727893,75.0,1.0,14.184098639455792,1.0,14.184098639455792,,,,,,,,,,,,,,,,,,,,,,,,,
results\archive\FINAL_Delta_fixed_5x5_before_sign_fix\Delta_LOI\molecule\formulation\without_BDE\Delta_LOI_outer_fold_metrics.csv,Delta_LOI,2,molecule,formulation,baseline_inclusive,0,advanced,0,descriptors,30.0,30,163,GBDT,0.2818421948583034,-3.0332031316592336,374,94,114,29,0,0.600854030712968,3.0813150923652524,2.357427590827871,0,94,0.600854030712968,3.0813150923652524,2.357427590827871,0.05,5.702453682098709,75.0,0.9042553191489362,11.40490736419742,0.9042553191489362,11.40490736419742,,,,,,,,,,,,,,,,,,,,,,,,,
results\scientific_validation\FINAL_Delta_fixed_5x5\Delta_LOI\molecule\formulation\without_BDE\Delta_LOI_outer_fold_metrics.csv,Delta_LOI,2,molecule,formulation,baseline_inclusive,0,advanced,0,descriptors,30.0,30,161,GBDT,0.2818251357192659,-3.033239156838034,374,94,114,29,0,0.6003375715457137,3.083307920939416,2.364330656119102,0,94,0.6003375715457137,3.083307920939416,2.364330656119102,0.05,5.650164956219957,75.0,0.9042553191489362,11.300329912439915,0.9042553191489362,11.300329912439915,,,,,,,,,,,,,,,,,,,,,,,,,
results\archive\FINAL_Delta_fixed_5x5_before_sign_fix\Delta_LOI\molecule\formulation\without_BDE\Delta_LOI_outer_fold_metrics.csv,Delta_LOI,3,molecule,formulation,baseline_inclusive,0,advanced,0,descriptors,30.0,30,162,RF,0.4939816418439339,-2.8890016782799752,374,94,114,29,0,0.53872948456545,2.0528923633163494,1.643509238542612,0,94,0.53872948456545,2.0528923633163494,1.643509238542612,0.05,7.7708836961451215,75.0,1.0,15.54176739229024,1.0,15.54176739229024,,,,,,,,,,,,,,,,,,,,,,,,,
results\scientific_validation\FINAL_Delta_fixed_5x5\Delta_LOI\molecule\formulation\without_BDE\Delta_LOI_outer_fold_metrics.csv,Delta_LOI,3,molecule,formulation,baseline_inclusive,0,advanced,0,descriptors,30.0,30,160,GBDT,0.4977721600353491,-2.87816076886022,374,94,114,29,0,0.5361027696547889,2.0587291855809884,1.7004516759696686,0,94,0.5361027696547889,2.0587291855809884,1.7004516759696686,0.05,7.840258377806015,75.0,1.0,15.680516755612024,1.0,15.680516755612024,,,,,,,,,,,,,,,,,,,,,,,,,
results\archive\FINAL_Delta_fixed_5x5_before_sign_fix\Delta_LOI\molecule\formulation\without_BDE\Delta_LOI_outer_fold_metrics.csv,Delta_LOI,4,molecule,formulation,baseline_inclusive,0,advanced,0,descriptors,30.0,30,161,RF,0.5956593278962024,-2.4938239593263947,375,93,115,28,0,0.24807855364172,3.216133620851084,2.553206111476849,0,93,0.24807855364172,3.216133620851084,2.553206111476849,0.05,7.443279251700681,75.0,0.967741935483871,14.886558503401364,0.967741935483871,14.886558503401364,,,,,,,,,,,,,,,,,,,,,,,,,
results\scientific_validation\FINAL_Delta_fixed_5x5\Delta_LOI\molecule\formulation\without_BDE\Delta_LOI_outer_fold_metrics.csv,Delta_LOI,4,molecule,formulation,baseline_inclusive,0,advanced,0,descriptors,30.0,30,159,RF,0.5936139806041403,-2.5001234763056788,375,93,115,28,0,0.2444609898579379,3.223860896340888,2.563721936946823,0,93,0.2444609898579379,3.223860896340888,2.563721936946823,0.05,7.486960430839002,75.0,0.978494623655914,14.973920861678003,0.978494623655914,14.973920861678003,,,,,,,,,,,,,,,,,,,,,,,,,
results\archive\FINAL_Delta_fixed_5x5_before_sign_fix\Delta_LOI\molecule\formulation\without_BDE\Delta_LOI_outer_fold_metrics.csv,Delta_LOI,5,molecule,formulation,baseline_inclusive,0,advanced,0,descriptors,30.0,30,165,SVR,0.256706972725552,-3.2299327697562243,375,93,115,28,0,0.5449112253369891,2.9014626767961254,2.2587641725973184,0,93,0.5449112253369891,2.9014626767961254,2.2587641725973184,0.05,4.786964450170293,75.0,0.8924731182795699,9.573928900340588,0.8924731182795699,9.573928900340588,,,,,,,,,,,,,,,,,,,,,,,,,
results\scientific_validation\FINAL_Delta_fixed_5x5\Delta_LOI\molecule\formulation\without_BDE\Delta_LOI_outer_fold_metrics.csv,Delta_LOI,5,molecule,formulation,baseline_inclusive,0,advanced,0,descriptors,30.0,30,163,SVR,0.2638821367950599,-3.21430535412232,375,93,115,28,0,0.5405374797612092,2.915371956875209,2.270211487890732,0,93,0.5405374797612092,2.915371956875209,2.270211487890732,0.05,4.608259401061536,75.0,0.8602150537634409,9.216518802123078,0.8602150537634409,9.216518802123078,,,,,,,,,,,,,,,,,,,,,,,,,
results\archive\FINAL_Delta_fixed_5x5_before_sign_fix\Delta_PHRR\molecule\formulation\without_BDE\Delta_PHRR_outer_fold_metrics.csv,Delta_PHRR,1,molecule,formulation,baseline_inclusive,0,advanced,0,maccs,240.0,240,268,RF,0.2982190612474612,-162.92755209642644,231,58,100,25,0,0.1256630137761707,191.34016236476188,157.1263508488938,0,58,0.1256630137761707,191.34016236476188,157.1263508488938,0.05,612.4708800226756,47.0,1.0,1224.9417600453507,1.0,1224.9417600453507,,,,,,,,,,,,,,,,,,,,,,,,,
results\scientific_validation\FINAL_Delta_fixed_5x5\Delta_PHRR\molecule\formulation\without_BDE\Delta_PHRR_outer_fold_metrics.csv,Delta_PHRR,1,molecule,formulation,baseline_inclusive,0,advanced,0,maccs,240.0,240,267,RF,0.3001140723876091,-162.70742768202774,231,58,100,25,0,0.1222207742915788,191.71644272625636,157.27182520359491,0,58,0.1222207742915788,191.71644272625636,157.27182520359491,0.05,614.1518091383218,47.0,1.0,1228.3036182766432,1.0,1228.3036182766432,,,,,,,,,,,,,,,,,,,,,,,,,
results\archive\FINAL_Delta_fixed_5x5_before_sign_fix\Delta_PHRR\molecule\formulation\without_BDE\Delta_PHRR_outer_fold_metrics.csv,Delta_PHRR,2,molecule,formulation,baseline_inclusive,0,advanced,0,maccs,240.0,240,257,GBDT,0.2816113417625466,-171.2343303773008,231,58,100,25,0,0.4707713815590357,130.07916924415233,103.18185989128,0,58,0.4707713815590357,130.07916924415233,103.18185989128,0.05,639.7131013404658,47.0,1.0,1279.4262026809315,1.0,1279.4262026809315,,,,,,,,,,,,,,,,,,,,,,,,,
results\scientific_validation\FINAL_Delta_fixed_5x5\Delta_PHRR\molecule\formulation\without_BDE\Delta_PHRR_outer_fold_metrics.csv,Delta_PHRR,2,molecule,formulation,baseline_inclusive,0,advanced,0,maccs,240.0,240,256,GBDT,0.2857106791742525,-170.7450746412332,231,58,100,25,0,0.4802146350025115,128.9134163491625,101.27040257991314,0,58,0.4802146350025115,128.9134163491625,101.27040257991314,0.05,638.0210127037601,47.0,1.0,1276.0420254075198,1.0,1276.0420254075198,,,,,,,,,,,,,,,,,,,,,,,,,
results\archive\FINAL_Delta_fixed_5x5_before_sign_fix\Delta_PHRR\molecule\formulation\without_BDE\Delta_PHRR_outer_fold_metrics.csv,Delta_PHRR,3,molecule,formulation,baseline_inclusive,0,advanced,0,maccs,240.0,240,271,ExtraTrees,0.3562824141246687,-155.44120382595665,231,58,100,25,0,0.0191391458290978,208.26281195019305,170.21239220945074,0,58,0.0191391458290978,208.26281195019305,170.21239220945074,0.05,343.714077777778,47.0,0.896551724137931,687.4281555555561,0.896551724137931,687.4281555555561,,,,,,,,,,,,,,,,,,,,,,,,,
results\scientific_validation\FINAL_Delta_fixed_5x5\Delta_PHRR\molecule\formulation\without_BDE\Delta_PHRR_outer_fold_metrics.csv,Delta_PHRR,3,molecule,formulation,baseline_inclusive,0,advanced,0,maccs,240.0,240,270,ExtraTrees,0.3576497351587384,-155.27602967560549,231,58,100,25,0,0.0033406929107,209.93332777517037,171.64499661558105,0,58,0.0033406929107,209.93332777517037,171.64499661558105,0.05,345.0656888888894,47.0,0.8793103448275862,690.1313777777787,0.8793103448275862,690.1313777777787,,,,,,,,,,,,,,,,,,,,,,,,,
results\archive\FINAL_Delta_fixed_5x5_before_sign_fix\Delta_PHRR\molecule\formulation\without_BDE\Delta_PHRR_outer_fold_metrics.csv,Delta_PHRR,4,molecule,formulation,baseline_inclusive,0,advanced,0,maccs,240.0,240,284,RF,0.350936336732663,-156.68590778792213,231,58,100,25,0,0.0383409217166234,204.44038797231207,152.8523677784886,0,58,0.0383409217166234,204.44038797231207,152.8523677784886,0.05,417.3388175283444,47.0,0.9482758620689656,834.6776350566887,0.9482758620689656,834.6776350566887,,,,,,,,,,,,,,,,,,,,,,,,,
results\scientific_validation\FINAL_Delta_fixed_5x5\Delta_PHRR\molecule\formulation\without_BDE\Delta_PHRR_outer_fold_metrics.csv,Delta_PHRR,4,molecule,formulation,baseline_inclusive,0,advanced,0,maccs,240.0,240,283,RF,0.3518370256899212,-156.5771555438302,231,58,100,25,0,0.0355821391063884,204.73342459891063,152.63833616445947,0,58,0.0355821391063884,204.73342459891063,152.63833616445947,0.05,413.6047575283444,47.0,0.9482758620689656,827.2095150566885,0.9482758620689656,827.2095150566885,,,,,,,,,,,,,,,,,,,,,,,,,
results\archive\FINAL_Delta_fixed_5x5_before_sign_fix\Delta_PHRR\molecule\formulation\without_BDE\Delta_PHRR_outer_fold_metrics.csv,Delta_PHRR,5,molecule,formulation,baseline_inclusive,0,advanced,0,maccs,240.0,240,278,RF,0.2957733460568145,-170.698219976972,232,57,100,25,0,0.4262544062364598,130.10241094967947,101.06475021792744,0,57,0.4262544062364598,130.10241094967947,101.06475021792744,0.05,636.7382730385488,47.0,1.0,1273.4765460770975,1.0,1273.4765460770975,,,,,,,,,,,,,,,,,,,,,,,,,
results\scientific_validation\FINAL_Delta_fixed_5x5\Delta_PHRR\molecule\formulation\without_BDE\Delta_PHRR_outer_fold_metrics.csv,Delta_PHRR,5,molecule,formulation,baseline_inclusive,0,advanced,0,maccs,240.0,240,277,RF,0.2960811716216542,-170.66090882226166,232,57,100,25,0,0.4350860146936381,129.0972009837246,100.41499769157186,0,57,0.4350860146936381,129.0972009837246,100.41499769157186,0.05,636.2751126303856,47.0,1.0,1272.5502252607712,1.0,1272.5502252607712,,,,,,,,,,,,,,,,,,,,,,,,,
results\archive\FINAL_Delta_fixed_5x5_before_sign_fix\Delta_THR\molecule\formulation\without_BDE\Delta_THR_outer_fold_metrics.csv,Delta_THR,1,molecule,formulation,baseline_inclusive,0,advanced,0,descriptors,120.0,120,148,GBDT,0.5355590378885118,-12.365843905082324,226,57,97,24,0,0.0650890353739683,14.707795921271332,8.074911662979057,0,57,0.0650890353739683,14.707795921271332,8.074911662979057,0.05,17.213034340305825,46.0,0.9473684210526316,34.42606868061165,0.9473684210526316,34.42606868061165,,,,,,,,,,,,,,,,,,,,,,,,,
results\scientific_validation\FINAL_Delta_fixed_5x5\Delta_THR\molecule\formulation\without_BDE\Delta_THR_outer_fold_metrics.csv,Delta_THR,1,molecule,formulation,baseline_inclusive,0,advanced,0,descriptors,120.0,120,146,GBDT,0.5288455916398233,-12.45489674698104,226,57,97,24,0,0.0263811541414158,15.009179600545377,8.062923164597848,0,57,0.0263811541414158,15.009179600545377,8.062923164597848,0.05,17.460223600282134,46.0,0.9298245614035088,34.92044720056427,0.9298245614035088,34.92044720056427,,,,,,,,,,,,,,,,,,,,,,,,,
results\archive\FINAL_Delta_fixed_5x5_before_sign_fix\Delta_THR\molecule\formulation\without_BDE\Delta_THR_outer_fold_metrics.csv,Delta_THR,2,molecule,formulation,baseline_inclusive,0,advanced,0,descriptors,120.0,120,159,GBDT,0.4927376355083972,-11.584762236711834,226,57,97,24,0,0.4515741000398973,16.079557213253384,10.346040747325963,0,57,0.4515741000398973,16.079557213253384,10.346040747325963,0.05,41.21150832051678,46.0,0.9473684210526316,82.42301664103356,0.9473684210526316,82.42301664103356,,,,,,,,,,,,,,,,,,,,,,,,,
results\scientific_validation\FINAL_Delta_fixed_5x5\Delta_THR\molecule\formulation\without_BDE\Delta_THR_outer_fold_metrics.csv,Delta_THR,2,molecule,formulation,baseline_inclusive,0,advanced,0,descriptors,120.0,120,157,GBDT,0.4901922499229921,-11.613791384065744,226,57,97,24,0,0.4481951876287483,16.129015113388338,10.405418325714978,0,57,0.4481951876287483,16.129015113388338,10.405418325714978,0.05,40.88260186582066,46.0,0.9473684210526316,81.76520373164134,0.9473684210526316,81.76520373164134,,,,,,,,,,,,,,,,,,,,,,,,,
results\archive\FINAL_Delta_fixed_5x5_before_sign_fix\Delta_THR\molecule\formulation\without_BDE\Delta_THR_outer_fold_metrics.csv,Delta_THR,3,molecule,formulation,baseline_inclusive,0,advanced,0,descriptors,120.0,120,158,LGBM,0.4966923185861649,-13.284882591968922,226,57,96,25,0,0.1266539893822617,9.610048673627835,7.429381594151528,0,57,0.1266539893822617,9.610048673627835,7.429381594151528,0.05,52.71941970579733,46.0,1.0,105.43883941159469,1.0,105.43883941159469,,,,,,,,,,,,,,,,,,,,,,,,,
results\scientific_validation\FINAL_Delta_fixed_5x5\Delta_THR\molecule\formulation\without_BDE\Delta_THR_outer_fold_metrics.csv,Delta_THR,3,molecule,formulation,baseline_inclusive,0,advanced,0,descriptors,120.0,120,156,LGBM,0.4836948686166613,-13.45532406452127,226,57,96,25,0,0.0723908531047384,9.904097980938078,7.594144889291985,0,57,0.0723908531047384,9.904097980938078,7.594144889291985,0.05,51.859713599605286,46.0,1.0,103.71942719921056,1.0,103.71942719921056,,,,,,,,,,,,,,,,,,,,,,,,,
results\archive\FINAL_Delta_fixed_5x5_before_sign_fix\Delta_THR\molecule\formulation\without_BDE\Delta_THR_outer_fold_metrics.csv,Delta_THR,4,molecule,formulation,baseline_inclusive,0,advanced,0,descriptors,120.0,120,157,ExtraTrees,0.5889038536533808,-11.886676857572196,227,56,97,24,0,-0.2907760629487597,14.556886771104868,9.922646924603177,0,56,-0.2907760629487597,14.556886771104868,9.922646924603177,0.05,32.831570370370414,46.0,0.9285714285714286,65.66314074074081,0.9285714285714286,65.66314074074081,,,,,,,,,,,,,,,,,,,,,,,,,
results\scientific_validation\FINAL_Delta_fixed_5x5\Delta_THR\molecule\formulation\without_BDE\Delta_THR_outer_fold_metrics.csv,Delta_THR,4,molecule,formulation,baseline_inclusive,0,advanced,0,descriptors,120.0,120,155,ExtraTrees,0.571379551968388,-12.137386914930277,227,56,97,24,0,-0.4554129207023476,15.457390032386211,10.268153736772478,0,56,-0.4554129207023476,15.457390032386211,10.268153736772478,0.05,31.643962962962988,46.0,0.9285714285714286,63.28792592592596,0.9285714285714286,63.28792592592596,,,,,,,,,,,,,,,,,,,,,,,,,
results\archive\FINAL_Delta_fixed_5x5_before_sign_fix\Delta_THR\molecule\formulation\without_BDE\Delta_THR_outer_fold_metrics.csv,Delta_THR,5,molecule,formulation,baseline_inclusive,0,advanced,0,descriptors,120.0,120,157,LGBM,0.3236588775970237,-13.135432050054586,227,56,97,24,0,0.4980870175070955,15.918863132242452,10.804346793341873,0,56,0.4980870175070955,15.918863132242452,10.804346793341873,0.05,67.94658628774494,46.0,1.0,135.89317257548987,1.0,135.89317257548987,,,,,,,,,,,,,,,,,,,,,,,,,
results\scientific_validation\FINAL_Delta_fixed_5x5\Delta_THR\molecule\formulation\without_BDE\Delta_THR_outer_fold_metrics.csv,Delta_THR,5,molecule,formulation,baseline_inclusive,0,advanced,0,descriptors,120.0,120,155,LGBM,0.3137133653462653,-13.23165704576463,227,56,97,24,0,0.4817971753878343,16.175127850012036,11.184131489994911,0,56,0.4817971753878343,16.175127850012036,11.184131489994911,0.05,66.41662255302565,46.0,0.9821428571428572,132.8332451060513,0.9821428571428572,132.8332451060513,,,,,,,,,,,,,,,,,,,,,,,,,
results\scientific_validation\FINAL_exploratory_fixed_baseline_inclusive_5x5\FS_MPa\molecule\formulation\without_BDE\FS_MPa_outer_fold_metrics.csv,FS_MPa,1,molecule,formulation,baseline_inclusive,0,advanced,1,morgan_r3,240.0,240,527,RF,0.2772656557241727,-28.991672263311955,183,45,48,11,0,0.404391822068567,20.981841682654597,16.9528818883662,11,34,0.4777224046505954,19.741310780209027,15.399176891774363,0.05,152.73353171584432,36.0,1.0,305.4670634316886,1.0,305.4670634316886,,,,,,,,,,,,,,,,,,,,,,,,,
results\scientific_validation\FINAL_exploratory_fixed_baseline_inclusive_5x5\FS_MPa\molecule\formulation\without_BDE\FS_MPa_outer_fold_metrics.csv,FS_MPa,2,molecule,formulation,baseline_inclusive,0,advanced,1,morgan_r3,240.0,240,541,SoftVote,0.1644829703593954,-31.677824787662992,182,46,47,12,0,0.6691400635077145,14.031723634087497,10.173013300190696,11,35,0.7460268246070298,13.228084179920897,9.8331006727077,0.05,33.14709289758733,36.0,0.9347826086956522,66.29418579517464,0.9428571428571428,66.29418579517466,,,,,,,,,,,,,,,,,,,,,,,,,
results\scientific_validation\FINAL_exploratory_fixed_baseline_inclusive_5x5\FS_MPa\molecule\formulation\without_BDE\FS_MPa_outer_fold_metrics.csv,FS_MPa,3,molecule,formulation,baseline_inclusive,0,advanced,1,morgan_r3,240.0,240,521,RF,0.4484166912088311,-24.624237535046152,182,46,47,12,0,0.3284850910353348,26.125225626450742,17.026494803979652,11,35,0.3113643954755639,29.10871299937983,19.05358774252288,0.05,42.48582270892774,36.0,0.8913043478260869,84.9716454178555,0.8571428571428571,84.9716454178555,,,,,,,,,,,,,,,,,,,,,,,,,
results\scientific_validation\FINAL_exploratory_fixed_baseline_inclusive_5x5\FS_MPa\molecule\formulation\without_BDE\FS_MPa_outer_fold_metrics.csv,FS_MPa,4,molecule,formulation,baseline_inclusive,0,advanced,1,morgan_r3,240.0,240,519,SoftVote,0.3185647227237456,-28.07798804587446,182,46,47,12,0,0.067157357885193,25.42008661582378,18.95557620632713,11,35,0.048641204796237,26.874170487554625,20.21653956612965,0.05,156.64019850451734,36.0,1.0,313.2803970090348,1.0,313.28039700903474,,,,,,,,,,,,,,,,,,,,,,,,,
results\scientific_validation\FINAL_exploratory_fixed_baseline_inclusive_5x5\FS_MPa\molecule\formulation\without_BDE\FS_MPa_outer_fold_metrics.csv,FS_MPa,5,molecule,formulation,baseline_inclusive,0,advanced,1,morgan_r3,240.0,240,523,RF,0.525891455296624,-19.252445333561784,183,45,47,12,0,0.2525044075211808,40.28874825477886,22.22614335225865,12,33,0.2626455483659512,43.82821843573906,23.53388551542316,0.05,107.79516136054433,38.0,0.9111111111111112,215.59032272108868,0.8787878787878788,215.59032272108865,,,,,,,,,,,,,,,,,,,,,,,,,
results\05_Shap\FINAL_core_fixed_baseline_inclusive_5x5\LOI\molecule\formulation\without_BDE\LOI_outer_fold_metrics.csv,LOI,1,molecule,formulation,baseline_inclusive,0,basic,1,compact,260.0,260,281,ExtraTrees,0.7188569823060676,-2.602479724000386,479,120,115,28,0,0.6744742949853715,2.8183387203416945,2.172766074713627,27,93,0.4191488507398669,3.021699374395692,2.3958443249701364,0.05,5.7198740740741165,96.0,0.95,11.43974814814823,0.935483870967742,11.439748148148237,,,,,,,,,,,,,,,,,,,,,,,,,
results\scientific_validation\FINAL_BDE_paired_ablation_5x5\LOI\molecule\formulation\without_BDE\LOI_outer_fold_metrics.csv,LOI,1,molecule,formulation,baseline_inclusive,0,basic,1,compact,260.0,260,281,ExtraTrees,0.7188569823060676,-2.602479724000386,479,120,115,28,0,0.6744742949853715,2.8183387203416945,2.172766074713627,27,93,0.4191488507398669,3.021699374395692,2.3958443249701364,0.05,5.7198740740741165,96.0,0.95,11.43974814814823,0.935483870967742,11.439748148148237,,,,,,,,,,,,,,,,,,,,,,,,,
results\scientific_validation\FINAL_core_fixed_baseline_inclusive_5x5\LOI\molecule\formulation\without_BDE\LOI_outer_fold_metrics.csv,LOI,1,molecule,formulation,baseline_inclusive,0,basic,1,compact,260.0,260,281,ExtraTrees,0.7188569823060676,-2.602479724000386,479,120,115,28,0,0.6744742949853715,2.8183387203416945,2.172766074713627,27,93,0.4191488507398669,3.021699374395692,2.3958443249701364,0.05,5.7198740740741165,96.0,0.95,11.43974814814823,0.935483870967742,11.439748148148237,,,,,,,,,,,,,,,,,,,,,,,,,
results\scientific_validation\FINAL_grouping_sensitivity_5x5\LOI\molecule\formulation\without_BDE\LOI_outer_fold_metrics.csv,LOI,1,molecule,formulation,baseline_inclusive,0,basic,1,compact,260.0,260,281,ExtraTrees,0.7188569823060676,-2.602479724000386,479,120,115,28,0,0.6744742949853715,2.8183387203416945,2.172766074713627,27,93,0.4191488507398669,3.021699374395692,2.3958443249701364,0.05,5.7198740740741165,96.0,0.95,11.43974814814823,0.935483870967742,11.439748148148237,,,,,,,,,,,,,,,,,,,,,,,,,
results\scientific_validation\FINAL_information_source_ablation_5x5\all\LOI\molecule\formulation\without_BDE\LOI_outer_fold_metrics.csv,LOI,1,molecule,formulation,baseline_inclusive,0,basic,1,compact,260.0,260,281,ExtraTrees,0.7188569823060676,-2.602479724000386,479,120,115,28,0,0.6744742949853715,2.8183387203416945,2.172766074713627,27,93,0.4191488507398669,3.021699374395692,2.3958443249701364,0.05,5.7198740740741165,96.0,0.95,11.43974814814823,0.935483870967742,11.439748148148237,,,,,,,,,,,,,,,,,,,,,,,,,
results\scientific_validation\FINAL_information_source_ablation_5x5\conditions_only\LOI\molecule\formulation\conditions_only\without_BDE\LOI_outer_fold_metrics.csv,LOI,1,molecule,formulation,baseline_inclusive,0,basic,1,compact,260.0,102,102,RF,0.6963367793933155,-2.704704355808741,479,120,115,28,0,0.6958335883391397,2.724307778505524,2.1259085952550856,27,93,0.495330798636486,2.816580894348104,2.218744951517171,0.05,4.9659914183699065,96.0,0.9166666666666666,9.931982836739817,0.913978494623656,9.931982836739817,,,,,,,,,,,,,,,,,,,,,,,,,
results\scientific_validation\FINAL_information_source_ablation_5x5\LOI\molecule\formulation\conditions_only\without_BDE\LOI_outer_fold_metrics.csv,LOI,1,molecule,formulation,baseline_inclusive,0,basic,1,compact,260.0,104,104,GBDT,0.7005512307326505,-2.685869885137299,479,120,115,28,0,0.7203781243986269,2.612077844235541,2.0365707342345387,27,93,0.5454533727122731,2.6730559432057786,2.0533795260314123,0.05,4.698048967433063,96.0,0.9333333333333332,9.396097934866129,0.946236559139785,9.396097934866129,,,,,,,,,,,,,,,,,,,,,,,,,
results\scientific_validation\FINAL_information_source_ablation_5x5\LOI\molecule\formulation\molecular_only\without_BDE\LOI_outer_fold_metrics.csv,LOI,1,molecule,formulation,baseline_inclusive,0,basic,1,compact,260.0,181,181,SVR,0.5143153735810515,-3.4205888988935547,479,120,115,28,0,0.3654401763327178,3.93492835318554,3.0481722335056105,27,93,-0.1067444667608641,4.17102226246188,3.3840360675183447,0.05,5.902354424946452,96.0,0.8666666666666667,11.804708849892904,0.8494623655913979,11.804708849892904,,,,,,,,,,,,,,,,,,,,,,,,,
results\scientific_validation\FINAL_information_source_ablation_5x5\LOI\molecule\formulation\without_BDE\LOI_outer_fold_metrics.csv,LOI,1,molecule,formulation,baseline_inclusive,0,basic,1,compact,260.0,260,283,RF,0.7147887412956904,-2.6212415061236407,479,120,115,28,0,0.7197979712749825,2.61478618009017,2.0285412022717124,27,93,0.514371798655089,2.762935698351732,2.1634182465707426,0.05,5.321715194795857,96.0,0.9333333333333332,10.643430389591714,0.935483870967742,10.643430389591712,,,,,,,,,,,,,,,,,,,,,,,,,
results\scientific_validation\FINAL_information_source_ablation_5x5\molecular_only\LOI\molecule\formulation\molecular_only\without_BDE\LOI_outer_fold_metrics.csv,LOI,1,molecule,formulation,baseline_inclusive,0,basic,1,compact,260.0,181,181,SVR,0.5143153735810515,-3.4205888988935547,479,120,115,28,0,0.3654401763327178,3.93492835318554,3.0481722335056105,27,93,-0.1067444667608641,4.17102226246188,3.3840360675183447,0.05,5.902354424946452,96.0,0.8666666666666667,11.804708849892904,0.8494623655913979,11.804708849892904,,,,,,,,,,,,,,,,,,,,,,,,,
results\05_Shap\FINAL_core_fixed_baseline_inclusive_5x5\LOI\molecule\formulation\without_BDE\LOI_outer_fold_metrics.csv,LOI,2,molecule,formulation,baseline_inclusive,0,basic,1,compact,260.0,260,287,GBDT,0.7300771965504067,-2.663227946370387,479,120,114,29,0,0.716373502930443,2.216335102620916,1.6160821091395932,25,95,0.3813135231113985,2.24124953601632,1.6097872898487149,0.05,6.219871091325633,96.0,0.975,12.439742182651264,0.968421052631579,12.439742182651273,,,,,,,,,,,,,,,,,,,,,,,,,
results\scientific_validation\FINAL_BDE_paired_ablation_5x5\LOI\molecule\formulation\without_BDE\LOI_outer_fold_metrics.csv,LOI,2,molecule,formulation,baseline_inclusive,0,basic,1,compact,260.0,260,287,GBDT,0.7300771965504067,-2.663227946370387,479,120,114,29,0,0.716373502930443,2.216335102620916,1.6160821091395932,25,95,0.3813135231113985,2.24124953601632,1.6097872898487149,0.05,6.219871091325633,96.0,0.975,12.439742182651264,0.968421052631579,12.439742182651273,,,,,,,,,,,,,,,,,,,,,,,,,
results\scientific_validation\FINAL_core_fixed_baseline_inclusive_5x5\LOI\molecule\formulation\without_BDE\LOI_outer_fold_metrics.csv,LOI,2,molecule,formulation,baseline_inclusive,0,basic,1,compact,260.0,260,287,GBDT,0.7300771965504067,-2.663227946370387,479,120,114,29,0,0.716373502930443,2.216335102620916,1.6160821091395932,25,95,0.3813135231113985,2.24124953601632,1.6097872898487149,0.05,6.219871091325633,96.0,0.975,12.439742182651264,0.968421052631579,12.439742182651273,,,,,,,,,,,,,,,,,,,,,,,,,
results\scientific_validation\FINAL_grouping_sensitivity_5x5\LOI\molecule\formulation\without_BDE\LOI_outer_fold_metrics.csv,LOI,2,molecule,formulation,baseline_inclusive,0,basic,1,compact,260.0,260,287,GBDT,0.7300771965504067,-2.663227946370387,479,120,114,29,0,0.716373502930443,2.216335102620916,1.6160821091395932,25,95,0.3813135231113985,2.24124953601632,1.6097872898487149,0.05,6.219871091325633,96.0,0.975,12.439742182651264,0.968421052631579,12.439742182651273,,,,,,,,,,,,,,,,,,,,,,,,,
results\scientific_validation\FINAL_information_source_ablation_5x5\all\LOI\molecule\formulation\without_BDE\LOI_outer_fold_metrics.csv,LOI,2,molecule,formulation,baseline_inclusive,0,basic,1,compact,260.0,260,287,GBDT,0.7300771965504067,-2.663227946370387,479,120,114,29,0,0.716373502930443,2.216335102620916,1.6160821091395932,25,95,0.3813135231113985,2.24124953601632,1.6097872898487149,0.05,6.219871091325633,96.0,0.975,12.439742182651264,0.968421052631579,12.439742182651273,,,,,,,,,,,,,,,,,,,,,,,,,
results\scientific_validation\FINAL_information_source_ablation_5x5\conditions_only\LOI\molecule\formulation\conditions_only\without_BDE\LOI_outer_fold_metrics.csv,LOI,2,molecule,formulation,baseline_inclusive,0,basic,1,compact,260.0,109,109,XGB,0.7418299568388581,-2.6046026323141382,479,120,114,29,0,0.6482381021107471,2.4682345215476933,1.7296315097808836,25,95,0.2009383798335963,2.547094374776587,1.7473600809197678,0.05,6.519720077514648,96.0,0.975,13.039440155029297,0.968421052631579,13.039440155029297,,,,,,,,,,,,,,,,,,,,,,,,,
results\scientific_validation\FINAL_information_source_ablation_5x5\LOI\molecule\formulation\conditions_only\without_BDE\LOI_outer_fold_metrics.csv,LOI,2,molecule,formulation,baseline_inclusive,0,basic,1,compact,260.0,111,111,XGB,0.7395525644793552,-2.61606538401305,479,120,114,29,0,0.6586360758707279,2.431480749077152,1.695965922673543,25,95,0.2298974997350029,2.500513293065995,1.703641550164474,0.05,6.662515640258789,96.0,0.975,13.325031280517578,0.968421052631579,13.325031280517578,,,,,,,,,,,,,,,,,,,,,,,,,
results\scientific_validation\FINAL_information_source_ablation_5x5\LOI\molecule\formulation\molecular_only\without_BDE\LOI_outer_fold_metrics.csv,LOI,2,molecule,formulation,baseline_inclusive,0,basic,1,compact,260.0,183,183,SVR,0.5197826674195936,-3.552282260095355,479,120,114,29,0,0.5121472617003797,2.9067414106627054,2.328029338541367,25,95,-0.2212243968157408,3.148854813977175,2.608276327922997,0.05,8.704997694871217,96.0,1.0,17.40999538974244,1.0,17.409995389742427,,,,,,,,,,,,,,,,,,,,,,,,,
results\scientific_validation\FINAL_information_source_ablation_5x5\LOI\molecule\formulation\without_BDE\LOI_outer_fold_metrics.csv,LOI,2,molecule,formulation,baseline_inclusive,0,basic,1,compact,260.0,260,288,GBDT,0.7282857230974062,-2.6720512318315484,479,120,114,29,0,0.7159800274990118,2.217871932169923,1.632654651355295,25,95,0.3803544070269565,2.2429861070384907,1.6307886477346332,0.05,5.91871577240709,96.0,0.975,11.837431544814184,0.968421052631579,11.837431544814171,,,,,,,,,,,,,,,,,,,,,,,,,
results\scientific_validation\FINAL_information_source_ablation_5x5\molecular_only\LOI\molecule\formulation\molecular_only\without_BDE\LOI_outer_fold_metrics.csv,LOI,2,molecule,formulation,baseline_inclusive,0,basic,1,compact,260.0,183,183,SVR,0.5197826674195936,-3.552282260095355,479,120,114,29,0,0.5121472617003797,2.9067414106627054,2.328029338541367,25,95,-0.2212243968157408,3.148854813977175,2.608276327922997,0.05,8.704997694871217,96.0,1.0,17.40999538974244,1.0,17.409995389742427,,,,,,,,,,,,,,,,,,,,,,,,,
results\05_Shap\FINAL_core_fixed_baseline_inclusive_5x5\LOI\molecule\formulation\without_BDE\LOI_outer_fold_metrics.csv,LOI,3,molecule,formulation,baseline_inclusive,0,basic,1,compact,260.0,260,295,GBDT,0.7197376940993883,-2.684074688414535,479,120,114,29,0,0.7239671185198906,2.307405908438923,1.8319615308334287,26,94,0.4174060250842547,2.3418409374351783,1.8605999465205496,0.05,5.288106809419691,96.0,0.9666666666666668,10.57621361883938,0.9680851063829788,10.57621361883938,,,,,,,,,,,,,,,,,,,,,,,,,
results\scientific_validation\FINAL_BDE_paired_ablation_5x5\LOI\molecule\formulation\without_BDE\LOI_outer_fold_metrics.csv,LOI,3,molecule,formulation,baseline_inclusive,0,basic,1,compact,260.0,260,295,GBDT,0.7197376940993883,-2.684074688414535,479,120,114,29,0,0.7239671185198906,2.307405908438923,1.8319615308334287,26,94,0.4174060250842547,2.3418409374351783,1.8605999465205496,0.05,5.288106809419691,96.0,0.9666666666666668,10.57621361883938,0.9680851063829788,10.57621361883938,,,,,,,,,,,,,,,,,,,,,,,,,
results\scientific_validation\FINAL_core_fixed_baseline_inclusive_5x5\LOI\molecule\formulation\without_BDE\LOI_outer_fold_metrics.csv,LOI,3,molecule,formulation,baseline_inclusive,0,basic,1,compact,260.0,260,295,GBDT,0.7197376940993883,-2.684074688414535,479,120,114,29,0,0.7239671185198906,2.307405908438923,1.8319615308334287,26,94,0.4174060250842547,2.3418409374351783,1.8605999465205496,0.05,5.288106809419691,96.0,0.9666666666666668,10.57621361883938,0.9680851063829788,10.57621361883938,,,,,,,,,,,,,,,,,,,,,,,,,
results\scientific_validation\FINAL_grouping_sensitivity_5x5\LOI\molecule\formulation\without_BDE\LOI_outer_fold_metrics.csv,LOI,3,molecule,formulation,baseline_inclusive,0,basic,1,compact,260.0,260,295,GBDT,0.7197376940993883,-2.684074688414535,479,120,114,29,0,0.7239671185198906,2.307405908438923,1.8319615308334287,26,94,0.4174060250842547,2.3418409374351783,1.8605999465205496,0.05,5.288106809419691,96.0,0.9666666666666668,10.57621361883938,0.9680851063829788,10.57621361883938,,,,,,,,,,,,,,,,,,,,,,,,,
results\scientific_validation\FINAL_information_source_ablation_5x5\all\LOI\molecule\formulation\without_BDE\LOI_outer_fold_metrics.csv,LOI,3,molecule,formulation,baseline_inclusive,0,basic,1,compact,260.0,260,295,GBDT,0.7197376940993883,-2.684074688414535,479,120,114,29,0,0.7239671185198906,2.307405908438923,1.8319615308334287,26,94,0.4174060250842547,2.3418409374351783,1.8605999465205496,0.05,5.288106809419691,96.0,0.9666666666666668,10.57621361883938,0.9680851063829788,10.57621361883938,,,,,,,,,,,,,,,,,,,,,,,,,
results\scientific_validation\FINAL_information_source_ablation_5x5\conditions_only\LOI\molecule\formulation\conditions_only\without_BDE\LOI_outer_fold_metrics.csv,LOI,3,molecule,formulation,baseline_inclusive,0,basic,1,compact,260.0,109,109,ExtraTrees,0.7286360752691823,-2.64112105252152,479,120,114,29,0,0.6944094143985076,2.4278037405988777,1.900784076706745,26,94,0.3468626115655858,2.479571704690815,1.9465590515079856,0.05,5.986259259259352,96.0,0.9583333333333334,11.972518518518708,0.946808510638298,11.972518518518704,,,,,,,,,,,,,,,,,,,,,,,,,
results\scientific_validation\FINAL_information_source_ablation_5x5\LOI\molecule\formulation\conditions_only\without_BDE\LOI_outer_fold_metrics.csv,LOI,3,molecule,formulation,baseline_inclusive,0,basic,1,compact,260.0,111,111,GBDT,0.7285936045945052,-2.6413277229633825,479,120,114,29,0,0.7027107772624339,2.3946010777812923,1.877536162503248,26,94,0.3623222429097052,2.450050485066668,1.913924841547632,0.05,5.702332216878894,96.0,0.9666666666666668,11.404664433757784,0.9680851063829788,11.404664433757784,,,,,,,,,,,,,,,,,,,,,,,,,
results\scientific_validation\FINAL_information_source_ablation_5x5\LOI\molecule\formulation\molecular_only\without_BDE\LOI_outer_fold_metrics.csv,LOI,3,molecule,formulation,baseline_inclusive,0,basic,1,compact,260.0,191,191,SVR,0.4883620919775321,-3.6265494891612686,479,120,114,29,0,0.3967414664919685,3.411106884190728,2.5883676592302494,26,94,-0.4398419724695777,3.6815594157022975,2.8662689353751807,0.05,8.571453180668243,96.0,0.9666666666666668,17.142906361336486,0.9574468085106383,17.14290636133648,,,,,,,,,,,,,,,,,,,,,,,,,
results\scientific_validation\FINAL_information_source_ablation_5x5\LOI\molecule\formulation\without_BDE\LOI_outer_fold_metrics.csv,LOI,3,molecule,formulation,baseline_inclusive,0,basic,1,compact,260.0,260,297,RF,0.7190180017097363,-2.687518729149795,479,120,114,29,0,0.719758740682492,2.3249286473146027,1.8406301643588776,26,94,0.4108875248497525,2.3549056348782478,1.8594502333170064,0.05,5.7717773015873135,96.0,0.9833333333333332,11.54355460317463,0.9787234042553192,11.54355460317463,,,,,,,,,,,,,,,,,,,,,,,,,
results\scientific_validation\FINAL_information_source_ablation_5x5\molecular_only\LOI\molecule\formulation\molecular_only\without_BDE\LOI_outer_fold_metrics.csv,LOI,3,molecule,formulation,baseline_inclusive,0,basic,1,compact,260.0,191,191,SVR,0.4883620919775321,-3.6265494891612686,479,120,114,29,0,0.3967414664919685,3.411106884190728,2.5883676592302494,26,94,-0.4398419724695777,3.6815594157022975,2.8662689353751807,0.05,8.571453180668243,96.0,0.9666666666666668,17.142906361336486,0.9574468085106383,17.14290636133648,,,,,,,,,,,,,,,,,,,,,,,,,
results\05_Shap\FINAL_core_fixed_baseline_inclusive_5x5\LOI\molecule\formulation\without_BDE\LOI_outer_fold_metrics.csv,LOI,4,molecule,formulation,baseline_inclusive,0,basic,1,compact,260.0,260,293,SoftVote,0.6573071135546796,-2.908264203176417,479,120,114,29,0,0.7706237383570309,2.323422327169184,1.7223489781219394,28,92,0.5522375623183521,2.522986201916387,1.8549703742637864,0.05,6.697790075420855,96.0,0.9833333333333332,13.39558015084171,0.9782608695652174,13.395580150841706,,,,,,,,,,,,,,,,,,,,,,,,,
results\scientific_validation\FINAL_BDE_paired_ablation_5x5\LOI\molecule\formulation\without_BDE\LOI_outer_fold_metrics.csv,LOI,4,molecule,formulation,baseline_inclusive,0,basic,1,compact,260.0,260,293,SoftVote,0.6573071135546796,-2.908264203176417,479,120,114,29,0,0.7706237383570309,2.323422327169184,1.7223489781219394,28,92,0.5522375623183521,2.522986201916387,1.8549703742637864,0.05,6.697790075420855,96.0,0.9833333333333332,13.39558015084171,0.9782608695652174,13.395580150841706,,,,,,,,,,,,,,,,,,,,,,,,,
results\scientific_validation\FINAL_core_fixed_baseline_inclusive_5x5\LOI\molecule\formulation\without_BDE\LOI_outer_fold_metrics.csv,LOI,4,molecule,formulation,baseline_inclusive,0,basic,1,compact,260.0,260,293,SoftVote,0.6573071135546796,-2.908264203176417,479,120,114,29,0,0.7706237383570309,2.323422327169184,1.7223489781219394,28,92,0.5522375623183521,2.522986201916387,1.8549703742637864,0.05,6.697790075420855,96.0,0.9833333333333332,13.39558015084171,0.9782608695652174,13.395580150841706,,,,,,,,,,,,,,,,,,,,,,,,,
results\scientific_validation\FINAL_grouping_sensitivity_5x5\LOI\molecule\formulation\without_BDE\LOI_outer_fold_metrics.csv,LOI,4,molecule,formulation,baseline_inclusive,0,basic,1,compact,260.0,260,293,SoftVote,0.6573071135546796,-2.908264203176417,479,120,114,29,0,0.7706237383570309,2.323422327169184,1.7223489781219394,28,92,0.5522375623183521,2.522986201916387,1.8549703742637864,0.05,6.697790075420855,96.0,0.9833333333333332,13.39558015084171,0.9782608695652174,13.395580150841706,,,,,,,,,,,,,,,,,,,,,,,,,
results\scientific_validation\FINAL_information_source_ablation_5x5\all\LOI\molecule\formulation\without_BDE\LOI_outer_fold_metrics.csv,LOI,4,molecule,formulation,baseline_inclusive,0,basic,1,compact,260.0,260,293,SoftVote,0.6573071135546796,-2.908264203176417,479,120,114,29,0,0.7706237383570309,2.323422327169184,1.7223489781219394,28,92,0.5522375623183521,2.522986201916387,1.8549703742637864,0.05,6.697790075420855,96.0,0.9833333333333332,13.39558015084171,0.9782608695652174,13.395580150841706,,,,,,,,,,,,,,,,,,,,,,,,,
results\scientific_validation\FINAL_information_source_ablation_5x5\conditions_only\LOI\molecule\formulation\conditions_only\without_BDE\LOI_outer_fold_metrics.csv,LOI,4,molecule,formulation,baseline_inclusive,0,basic,1,compact,260.0,109,109,GBDT,0.6507304269284215,-2.936038118108816,479,120,114,29,0,0.7807432652933897,2.2715923334867765,1.8427986551866355,28,92,0.5976838927448509,2.391524071176473,1.884964183702739,0.05,7.136712080778757,96.0,0.9833333333333332,14.27342416155751,0.9782608695652174,14.273424161557518,,,,,,,,,,,,,,,,,,,,,,,,,
results\scientific_validation\FINAL_information_source_ablation_5x5\LOI\molecule\formulation\conditions_only\without_BDE\LOI_outer_fold_metrics.csv,LOI,4,molecule,formulation,baseline_inclusive,0,basic,1,compact,260.0,111,111,GBDT,0.6533648227160307,-2.924944499888069,479,120,114,29,0,0.7828674057114446,2.260562057645253,1.832970080701164,28,92,0.6028464777861238,2.376130317044799,1.8714011960781471,0.05,7.195343370158582,96.0,0.9833333333333332,14.390686740317165,0.9782608695652174,14.390686740317166,,,,,,,,,,,,,,,,,,,,,,,,,
results\scientific_validation\FINAL_information_source_ablation_5x5\LOI\molecule\formulation\molecular_only\without_BDE\LOI_outer_fold_metrics.csv,LOI,4,molecule,formulation,baseline_inclusive,0,basic,1,compact,260.0,189,189,LGBM,0.5025964986120164,-3.503771147579154,479,120,114,29,0,0.4697168398832039,3.53270880773668,2.5267433990191903,28,92,-0.1064739840116193,3.96608164048619,2.9510612032728907,0.05,8.21946869394602,96.0,0.9416666666666668,16.438937387892047,0.9239130434782608,16.438937387892047,,,,,,,,,,,,,,,,,,,,,,,,,
results\scientific_validation\FINAL_information_source_ablation_5x5\LOI\molecule\formulation\without_BDE\LOI_outer_fold_metrics.csv,LOI,4,molecule,formulation,baseline_inclusive,0,basic,1,compact,260.0,260,295,ExtraTrees,0.6581180652259203,-2.904821093129269,479,120,114,29,0,0.780348986325727,2.2736338643793634,1.6751974355337813,28,92,0.5701242861242435,2.472079887592026,1.8111837359098264,0.05,6.429570370370385,96.0,0.9833333333333332,12.85914074074077,0.9782608695652174,12.859140740740768,,,,,,,,,,,,,,,,,,,,,,,,,
results\scientific_validation\FINAL_information_source_ablation_5x5\molecular_only\LOI\molecule\formulation\molecular_only\without_BDE\LOI_outer_fold_metrics.csv,LOI,4,molecule,formulation,baseline_inclusive,0,basic,1,compact,260.0,189,189,LGBM,0.5025964986120164,-3.503771147579154,479,120,114,29,0,0.4697168398832039,3.53270880773668,2.5267433990191903,28,92,-0.1064739840116193,3.96608164048619,2.9510612032728907,0.05,8.21946869394602,96.0,0.9416666666666668,16.438937387892047,0.9239130434782608,16.438937387892047,,,,,,,,,,,,,,,,,,,,,,,,,
results\05_Shap\FINAL_core_fixed_baseline_inclusive_5x5\LOI\molecule\formulation\without_BDE\LOI_outer_fold_metrics.csv,LOI,5,molecule,formulation,baseline_inclusive,0,basic,1,compact,260.0,260,301,GBDT,0.6694687122320414,-2.669147627991152,480,119,115,28,0,0.6970358798658709,3.311751248326965,2.61624230005239,25,94,0.4591338571642406,3.5673118053547124,2.850835725957119,0.05,8.494925298097044,96.0,0.9663865546218487,16.989850596194092,0.9574468085106383,16.989850596194096,,,,,,,,,,,,,,,,,,,,,,,,,
results\scientific_validation\FINAL_BDE_paired_ablation_5x5\LOI\molecule\formulation\without_BDE\LOI_outer_fold_metrics.csv,LOI,5,molecule,formulation,baseline_inclusive,0,basic,1,compact,260.0,260,301,GBDT,0.6694687122320414,-2.669147627991152,480,119,115,28,0,0.6970358798658709,3.311751248326965,2.61624230005239,25,94,0.4591338571642406,3.5673118053547124,2.850835725957119,0.05,8.494925298097044,96.0,0.9663865546218487,16.989850596194092,0.9574468085106383,16.989850596194096,,,,,,,,,,,,,,,,,,,,,,,,,
results\scientific_validation\FINAL_core_fixed_baseline_inclusive_5x5\LOI\molecule\formulation\without_BDE\LOI_outer_fold_metrics.csv,LOI,5,molecule,formulation,baseline_inclusive,0,basic,1,compact,260.0,260,301,GBDT,0.6694687122320414,-2.669147627991152,480,119,115,28,0,0.6970358798658709,3.311751248326965,2.61624230005239,25,94,0.4591338571642406,3.5673118053547124,2.850835725957119,0.05,8.494925298097044,96.0,0.9663865546218487,16.989850596194092,0.9574468085106383,16.989850596194096,,,,,,,,,,,,,,,,,,,,,,,,,
results\scientific_validation\FINAL_grouping_sensitivity_5x5\LOI\molecule\formulation\without_BDE\LOI_outer_fold_metrics.csv,LOI,5,molecule,formulation,baseline_inclusive,0,basic,1,compact,260.0,260,301,GBDT,0.6694687122320414,-2.669147627991152,480,119,115,28,0,0.6970358798658709,3.311751248326965,2.61624230005239,25,94,0.4591338571642406,3.5673118053547124,2.850835725957119,0.05,8.494925298097044,96.0,0.9663865546218487,16.989850596194092,0.9574468085106383,16.989850596194096,,,,,,,,,,,,,,,,,,,,,,,,,
results\scientific_validation\FINAL_information_source_ablation_5x5\all\LOI\molecule\formulation\without_BDE\LOI_outer_fold_metrics.csv,LOI,5,molecule,formulation,baseline_inclusive,0,basic,1,compact,260.0,260,301,GBDT,0.6694687122320414,-2.669147627991152,480,119,115,28,0,0.6970358798658709,3.311751248326965,2.61624230005239,25,94,0.4591338571642406,3.5673118053547124,2.850835725957119,0.05,8.494925298097044,96.0,0.9663865546218487,16.989850596194092,0.9574468085106383,16.989850596194096,,,,,,,,,,,,,,,,,,,,,,,,,
results\scientific_validation\FINAL_information_source_ablation_5x5\conditions_only\LOI\molecule\formulation\conditions_only\without_BDE\LOI_outer_fold_metrics.csv,LOI,5,molecule,formulation,baseline_inclusive,0,basic,1,compact,260.0,109,109,RF,0.6868630475799209,-2.597966025143672,480,119,115,28,0,0.6591828330126155,3.51255263331958,2.7740010167461286,25,94,0.3817693465151522,3.8139187803652073,3.0964508832634468,0.05,8.087768594104297,96.0,0.957983193277311,16.175537188208594,0.946808510638298,16.175537188208594,,,,,,,,,,,,,,,,,,,,,,,,,
results\scientific_validation\FINAL_information_source_ablation_5x5\LOI\molecule\formulation\conditions_only\without_BDE\LOI_outer_fold_metrics.csv,LOI,5,molecule,formulation,baseline_inclusive,0,basic,1,compact,260.0,111,111,RF,0.6756373671335758,-2.644123375046742,480,119,115,28,0,0.6593880176171423,3.5114951304987825,2.769758315508417,25,94,0.3822041489345219,3.812577377461987,3.0908439829153966,0.05,7.947371768707491,96.0,0.957983193277311,15.89474353741498,0.946808510638298,15.89474353741498,,,,,,,,,,,,,,,,,,,,,,,,,
results\scientific_validation\FINAL_information_source_ablation_5x5\LOI\molecule\formulation\molecular_only\without_BDE\LOI_outer_fold_metrics.csv,LOI,5,molecule,formulation,baseline_inclusive,0,basic,1,compact,260.0,197,197,SVR,0.4107878944735369,-3.563708209534873,480,119,115,28,0,0.588133814929627,3.8613589747313175,2.6833999475728776,25,94,0.2327424418289412,4.248804619077386,3.088804395002953,0.05,9.816906717840087,96.0,0.9495798319327732,19.63381343568017,0.9361702127659576,19.63381343568017,,,,,,,,,,,,,,,,,,,,,,,,,
results\scientific_validation\FINAL_information_source_ablation_5x5\LOI\molecule\formulation\without_BDE\LOI_outer_fold_metrics.csv,LOI,5,molecule,formulation,baseline_inclusive,0,basic,1,compact,260.0,260,303,RF,0.6683486899310137,-2.673666075620056,480,119,115,28,0,0.6711918511170911,3.450113604226941,2.65809186124677,25,94,0.3940689518069769,3.775789515159178,2.998318849998947,0.05,8.486687786023474,96.0,0.9663865546218487,16.97337557204695,0.9574468085106383,16.97337557204695,,,,,,,,,,,,,,,,,,,,,,,,,
results\scientific_validation\FINAL_information_source_ablation_5x5\molecular_only\LOI\molecule\formulation\molecular_only\without_BDE\LOI_outer_fold_metrics.csv,LOI,5,molecule,formulation,baseline_inclusive,0,basic,1,compact,260.0,197,197,SVR,0.4107878944735369,-3.563708209534873,480,119,115,28,0,0.588133814929627,3.8613589747313175,2.6833999475728776,25,94,0.2327424418289412,4.248804619077386,3.088804395002953,0.05,9.816906717840087,96.0,0.9495798319327732,19.63381343568017,0.9361702127659576,19.63381343568017,,,,,,,,,,,,,,,,,,,,,,,,,
results\scientific_validation\FINAL_grouping_sensitivity_5x5\LOI\reference\formulation\without_BDE\LOI_outer_fold_metrics.csv,LOI,1,reference,formulation,baseline_inclusive,0,basic,1,compact,260.0,260,295,XGB,0.7158114835407472,-2.67459757845686,479,120,104,26,0,0.7112108022761632,2.504207784186628,1.9447246837615964,26,94,0.4243412604843078,2.569583016816217,2.004591730807689,0.05,5.552174377441403,95.0,0.95,11.104348754882809,0.946808510638298,11.104348754882809,,,,,,,,,,,,,,,,,,,,,,,,,
results\scientific_validation\FINAL_grouping_sensitivity_5x5\LOI\reference\formulation\without_BDE\LOI_outer_fold_metrics.csv,LOI,2,reference,formulation,baseline_inclusive,0,basic,1,compact,260.0,260,293,XGB,0.6784828129694886,-2.787645867893358,479,120,104,26,0,0.8437599282394271,2.0040128762229057,1.61836789449056,26,94,0.6999926486933313,2.1107840510262346,1.6896693412293775,0.05,6.870405197143555,95.0,1.0,13.74081039428711,1.0,13.74081039428711,,,,,,,,,,,,,,,,,,,,,,,,,
results\scientific_validation\FINAL_grouping_sensitivity_5x5\LOI\reference\formulation\without_BDE\LOI_outer_fold_metrics.csv,LOI,3,reference,formulation,baseline_inclusive,0,basic,1,compact,260.0,260,277,GBDT,0.7220137529522325,-2.575634018035714,479,120,104,26,0,0.7042649603065825,2.8117425382298245,2.1591446784460664,27,93,0.4852193300369015,3.0307162921295774,2.336388200027132,0.05,5.542951612141081,95.0,0.9083333333333332,11.085903224282164,0.8817204301075269,11.085903224282166,,,,,,,,,,,,,,,,,,,,,,,,,
results\scientific_validation\FINAL_grouping_sensitivity_5x5\LOI\reference\formulation\without_BDE\LOI_outer_fold_metrics.csv,LOI,4,reference,formulation,baseline_inclusive,0,basic,1,compact,260.0,260,292,XGB,0.6217842682907826,-3.1275989152163217,479,120,104,26,0,0.6723306474634974,2.4755159878945907,1.8933844979604084,26,94,0.1184882936524008,2.674535151560044,2.064093821099464,0.05,6.081746673583986,95.0,0.9666666666666668,12.163493347167968,0.9574468085106383,12.163493347167975,,,,,,,,,,,,,,,,,,,,,,,,,
results\scientific_validation\FINAL_grouping_sensitivity_5x5\LOI\reference\formulation\without_BDE\LOI_outer_fold_metrics.csv,LOI,5,reference,formulation,baseline_inclusive,0,basic,1,compact,260.0,260,301,GBDT,0.7052788599455986,-2.621629766757179,480,119,104,26,0,0.6149175755026516,3.351610500693079,2.645342380980596,26,93,0.3692749520311315,3.594209628238044,2.862818421167739,0.05,4.272984501230219,97.0,0.7478991596638656,8.545969002460438,0.6989247311827957,8.545969002460438,,,,,,,,,,,,,,,,,,,,,,,,,
results\scientific_validation\FINAL_grouping_sensitivity_5x5\LOI\scaffold\formulation\without_BDE\LOI_outer_fold_metrics.csv,LOI,1,scaffold,formulation,baseline_inclusive,0,basic,1,compact,260.0,260,271,XGB,0.7349856638811655,-2.602434856983739,479,120,99,18,0,0.6868349838859172,2.512066562510543,1.9292363866170248,25,95,0.2686405737898092,2.5751363234080014,1.9390481366609271,0.05,7.686986923217773,96.0,0.9916666666666668,15.373973846435549,0.9894736842105264,15.373973846435549,,,,,,,,,,,,,,,,,,,,,,,,,
results\scientific_validation\FINAL_grouping_sensitivity_5x5\LOI\scaffold\formulation\without_BDE\LOI_outer_fold_metrics.csv,LOI,2,scaffold,formulation,baseline_inclusive,0,basic,1,compact,260.0,260,301,GBDT,0.6742868318263024,-2.829731785113774,479,120,93,24,0,0.6565873787903627,2.8322157959932936,2.1735589477659483,28,92,0.364956922074923,3.0413870062983146,2.3299905094627404,0.05,7.792136419560826,96.0,1.0,15.584272839121647,1.0,15.584272839121653,,,,,,,,,,,,,,,,,,,,,,,,,
results\scientific_validation\FINAL_grouping_sensitivity_5x5\LOI\scaffold\formulation\without_BDE\LOI_outer_fold_metrics.csv,LOI,3,scaffold,formulation,baseline_inclusive,0,basic,1,compact,260.0,260,295,GBDT,0.6693516524933842,-2.741893595174381,479,120,92,25,0,0.7244878014762307,2.9420754369191693,2.3022964627236693,24,96,0.5396184243358043,3.2047466514602894,2.547278289446396,0.05,6.673194859530035,96.0,0.9666666666666668,13.346389719060074,0.9583333333333334,13.34638971906007,,,,,,,,,,,,,,,,,,,,,,,,,
results\scientific_validation\FINAL_grouping_sensitivity_5x5\LOI\scaffold\formulation\without_BDE\LOI_outer_fold_metrics.csv,LOI,4,scaffold,formulation,baseline_inclusive,0,basic,1,compact,260.0,260,299,XGB,0.686153289954801,-2.773095457928716,479,120,92,25,0,0.7646618600740436,2.393738586943978,1.9166541067759195,28,92,0.5860343839179187,2.543456796870368,2.0856221157571544,0.05,6.09444885253906,96.0,0.9833333333333332,12.18889770507812,0.9782608695652174,12.188897705078116,,,,,,,,,,,,,,,,,,,,,,,,,
results\scientific_validation\FINAL_grouping_sensitivity_5x5\LOI\scaffold\formulation\without_BDE\LOI_outer_fold_metrics.csv,LOI,5,scaffold,formulation,baseline_inclusive,0,basic,1,compact,260.0,260,301,ExtraTrees,0.6548622032419471,-2.935431759721178,480,119,92,25,0,0.7060246938399819,2.5466042564047693,1.901724899421027,26,93,0.2827339931927245,2.7078366383980934,2.04839229390681,0.05,6.373163001268864,96.0,0.9747899159663864,12.746326002537725,0.967741935483871,12.746326002537725,,,,,,,,,,,,,,,,,,,,,,,,,
results\scientific_validation\FINAL_BDE_paired_ablation_5x5\LOI\molecule\formulation\with_BDE\LOI_outer_fold_metrics.csv,LOI,1,molecule,formulation,baseline_inclusive,1,basic,1,compact,260.0,260,303,ExtraTrees,0.7158350160292775,-2.616429181057857,479,120,115,28,0,0.6524707546147327,2.91203252865008,2.2320498985409385,27,93,0.3747299873848605,3.13510888306889,2.476796893667862,0.05,5.889985185185235,96.0,0.9083333333333332,11.779970370370473,0.8817204301075269,11.779970370370464,,,,,,,,,,,,,,,,,,,,,,,,,
results\scientific_validation\FINAL_BDE_paired_ablation_5x5\LOI\molecule\formulation\with_BDE\LOI_outer_fold_metrics.csv,LOI,2,molecule,formulation,baseline_inclusive,1,basic,1,compact,260.0,260,308,GBDT,0.7311095375599994,-2.658130205060285,479,120,114,29,0,0.7229528056777996,2.1904780342272367,1.6100078938027709,25,95,0.3958361062812492,2.2147886261961887,1.6123113771093065,0.05,5.80570749813166,96.0,0.9666666666666668,11.611414996263315,0.9578947368421052,11.611414996263326,,,,,,,,,,,,,,,,,,,,,,,,,
results\scientific_validation\FINAL_BDE_paired_ablation_5x5\LOI\molecule\formulation\with_BDE\LOI_outer_fold_metrics.csv,LOI,3,molecule,formulation,baseline_inclusive,1,basic,1,compact,260.0,260,317,GBDT,0.7136333111991315,-2.7131480951664835,479,120,114,29,0,0.717441390330966,2.334521421421331,1.8567337147228629,26,94,0.3981395023814503,2.3802486036601445,1.8966726721853115,0.05,5.541374941404413,96.0,0.9666666666666668,11.082749882808828,0.9680851063829788,11.082749882808828,,,,,,,,,,,,,,,,,,,,,,,,,
results\scientific_validation\FINAL_BDE_paired_ablation_5x5\LOI\molecule\formulation\with_BDE\LOI_outer_fold_metrics.csv,LOI,4,molecule,formulation,baseline_inclusive,1,basic,1,compact,260.0,260,313,ExtraTrees,0.6582907072995873,-2.904087568463676,479,120,114,29,0,0.7818858567561481,2.2656657372699884,1.6941181683694977,28,92,0.5717519475939858,2.467395364743377,1.844960829307572,0.05,6.952799999999996,96.0,0.9833333333333332,13.905599999999993,0.9782608695652174,13.905599999999994,,,,,,,,,,,,,,,,,,,,,,,,,
results\scientific_validation\FINAL_BDE_paired_ablation_5x5\LOI\molecule\formulation\with_BDE\LOI_outer_fold_metrics.csv,LOI,5,molecule,formulation,baseline_inclusive,1,basic,1,compact,260.0,260,323,GBDT,0.6716978083880933,-2.660132063933594,480,119,115,28,0,0.6929340258697686,3.334094899047132,2.6343200589308062,25,94,0.4512835440982485,3.593107123602982,2.871633783507419,0.05,8.402679575693732,96.0,0.957983193277311,16.805359151387457,0.946808510638298,16.805359151387457,,,,,,,,,,,,,,,,,,,,,,,,,
results\05_Shap\FINAL_core_fixed_baseline_inclusive_5x5\PHRR\molecule\formulation\without_BDE\PHRR_outer_fold_metrics.csv,PHRR,1,molecule,formulation,baseline_inclusive,0,basic,0,compact,330.0,254,254,GBDT,0.5968077214063532,-223.5461959657677,324,82,101,26,0,0.6430469331952922,201.3305452155758,153.2922174844839,24,58,0.7270914930689658,162.57265387976537,127.40294392422464,0.05,860.4331888185768,65.0,1.0,1720.8663776371534,1.0,1720.8663776371538,,,,,,,,,,,,,,,,,,,,,,,,,
results\scientific_validation\FINAL_BDE_paired_ablation_5x5\PHRR\molecule\formulation\without_BDE\PHRR_outer_fold_metrics.csv,PHRR,1,molecule,formulation,baseline_inclusive,0,basic,0,compact,330.0,254,254,GBDT,0.5968077214063532,-223.5461959657677,324,82,101,26,0,0.6430469331952922,201.3305452155758,153.2922174844839,24,58,0.7270914930689658,162.57265387976537,127.40294392422464,0.05,860.4331888185768,65.0,1.0,1720.8663776371534,1.0,1720.8663776371538,,,,,,,,,,,,,,,,,,,,,,,,,
results\scientific_validation\FINAL_core_fixed_baseline_inclusive_5x5\PHRR\molecule\formulation\without_BDE\PHRR_outer_fold_metrics.csv,PHRR,1,molecule,formulation,baseline_inclusive,0,basic,0,compact,330.0,254,254,GBDT,0.5968077214063532,-223.5461959657677,324,82,101,26,0,0.6430469331952922,201.3305452155758,153.2922174844839,24,58,0.7270914930689658,162.57265387976537,127.40294392422464,0.05,860.4331888185768,65.0,1.0,1720.8663776371534,1.0,1720.8663776371538,,,,,,,,,,,,,,,,,,,,,,,,,
results\scientific_validation\FINAL_grouping_sensitivity_5x5\PHRR\molecule\formulation\without_BDE\PHRR_outer_fold_metrics.csv,PHRR,1,molecule,formulation,baseline_inclusive,0,basic,0,compact,330.0,254,254,GBDT,0.5968077214063532,-223.5461959657677,324,82,101,26,0,0.6430469331952922,201.3305452155758,153.2922174844839,24,58,0.7270914930689658,162.57265387976537,127.40294392422464,0.05,860.4331888185768,65.0,1.0,1720.8663776371534,1.0,1720.8663776371538,,,,,,,,,,,,,,,,,,,,,,,,,
results\scientific_validation\FINAL_information_source_ablation_5x5\all\PHRR\molecule\formulation\without_BDE\PHRR_outer_fold_metrics.csv,PHRR,1,molecule,formulation,baseline_inclusive,0,basic,0,compact,330.0,254,254,GBDT,0.5968077214063532,-223.5461959657677,324,82,101,26,0,0.6430469331952922,201.3305452155758,153.2922174844839,24,58,0.7270914930689658,162.57265387976537,127.40294392422464,0.05,860.4331888185768,65.0,1.0,1720.8663776371534,1.0,1720.8663776371538,,,,,,,,,,,,,,,,,,,,,,,,,
results\scientific_validation\FINAL_information_source_ablation_5x5\conditions_only\PHRR\molecule\formulation\conditions_only\without_BDE\PHRR_outer_fold_metrics.csv,PHRR,1,molecule,formulation,baseline_inclusive,0,basic,0,compact,330.0,77,77,GBDT,0.5938490133077772,-224.3649107827647,324,82,101,26,0,0.6179668971608634,208.2833761537933,159.46217526277294,24,58,0.7033022767484072,169.51028945269425,133.8463837927907,0.05,887.6588416571403,65.0,1.0,1775.3176833142809,1.0,1775.3176833142809,,,,,,,,,,,,,,,,,,,,,,,,,
results\scientific_validation\FINAL_information_source_ablation_5x5\molecular_only\PHRR\molecule\formulation\molecular_only\without_BDE\PHRR_outer_fold_metrics.csv,PHRR,1,molecule,formulation,baseline_inclusive,0,basic,0,compact,330.0,180,180,GBDT,0.3561919277289851,-282.48109600629954,324,82,101,26,0,0.0552314753096683,327.5418660386091,258.5522415912991,24,58,-0.2389262106647502,346.3870754773652,273.2595899025585,0.05,1227.3044145186475,65.0,1.0,2454.608829037295,1.0,2454.6088290372954,,,,,,,,,,,,,,,,,,,,,,,,,
results\scientific_validation\FINAL_information_source_ablation_5x5\PHRR\molecule\formulation\conditions_only\without_BDE\PHRR_outer_fold_metrics.csv,PHRR,1,molecule,formulation,baseline_inclusive,0,basic,0,compact,330.0,79,79,GBDT,0.5915492311769246,-224.99923404734244,324,82,101,26,0,0.6212600765885354,207.38371706665708,158.21548682817874,24,58,0.7073678318328738,168.34491052928325,132.25591201324258,0.05,876.634104139057,65.0,1.0,1753.268208278114,1.0,1753.2682082781137,,,,,,,,,,,,,,,,,,,,,,,,,
results\scientific_validation\FINAL_information_source_ablation_5x5\PHRR\molecule\formulation\molecular_only\without_BDE\PHRR_outer_fold_metrics.csv,PHRR,1,molecule,formulation,baseline_inclusive,0,basic,0,compact,330.0,180,180,GBDT,0.3561919277289851,-282.48109600629954,324,82,101,26,0,0.0552314753096683,327.5418660386091,258.5522415912991,24,58,-0.2389262106647502,346.3870754773652,273.2595899025585,0.05,1227.3044145186475,65.0,1.0,2454.608829037295,1.0,2454.6088290372954,,,,,,,,,,,,,,,,,,,,,,,,,
results\scientific_validation\FINAL_information_source_ablation_5x5\PHRR\molecule\formulation\without_BDE\PHRR_outer_fold_metrics.csv,PHRR,1,molecule,formulation,baseline_inclusive,0,basic,0,compact,330.0,255,255,GBDT,0.5963390664294065,-223.67607892306796,324,82,101,26,0,0.6380254500387859,202.74172123692463,153.57558522740976,24,58,0.7183227041864491,165.16380518886916,127.90405066372544,0.05,855.5106389720486,65.0,1.0,1711.021277944097,1.0,1711.021277944097,,,,,,,,,,,,,,,,,,,,,,,,,
results\05_Shap\FINAL_core_fixed_baseline_inclusive_5x5\PHRR\molecule\formulation\without_BDE\PHRR_outer_fold_metrics.csv,PHRR,2,molecule,formulation,baseline_inclusive,0,basic,0,compact,330.0,241,241,SoftVote,0.611290283680551,-224.01398306777375,325,81,102,25,0,0.6235968101164486,197.00719652058032,145.23790006489995,22,59,0.6981695075745329,159.52541220387047,124.31697970406792,0.05,550.8024331434972,65.0,0.9753086419753086,1101.6048662869944,0.9830508474576272,1101.6048662869944,,,,,,,,,,,,,,,,,,,,,,,,,
results\scientific_validation\FINAL_BDE_paired_ablation_5x5\PHRR\molecule\formulation\without_BDE\PHRR_outer_fold_metrics.csv,PHRR,2,molecule,formulation,baseline_inclusive,0,basic,0,compact,330.0,241,241,SoftVote,0.611290283680551,-224.01398306777375,325,81,102,25,0,0.6235968101164486,197.00719652058032,145.23790006489995,22,59,0.6981695075745329,159.52541220387047,124.31697970406792,0.05,550.8024331434972,65.0,0.9753086419753086,1101.6048662869944,0.9830508474576272,1101.6048662869944,,,,,,,,,,,,,,,,,,,,,,,,,
results\scientific_validation\FINAL_core_fixed_baseline_inclusive_5x5\PHRR\molecule\formulation\without_BDE\PHRR_outer_fold_metrics.csv,PHRR,2,molecule,formulation,baseline_inclusive,0,basic,0,compact,330.0,241,241,SoftVote,0.611290283680551,-224.01398306777375,325,81,102,25,0,0.6235968101164486,197.00719652058032,145.23790006489995,22,59,0.6981695075745329,159.52541220387047,124.31697970406792,0.05,550.8024331434972,65.0,0.9753086419753086,1101.6048662869944,0.9830508474576272,1101.6048662869944,,,,,,,,,,,,,,,,,,,,,,,,,
results\scientific_validation\FINAL_grouping_sensitivity_5x5\PHRR\molecule\formulation\without_BDE\PHRR_outer_fold_metrics.csv,PHRR,2,molecule,formulation,baseline_inclusive,0,basic,0,compact,330.0,241,241,SoftVote,0.611290283680551,-224.01398306777375,325,81,102,25,0,0.6235968101164486,197.00719652058032,145.23790006489995,22,59,0.6981695075745329,159.52541220387047,124.31697970406792,0.05,550.8024331434972,65.0,0.9753086419753086,1101.6048662869944,0.9830508474576272,1101.6048662869944,,,,,,,,,,,,,,,,,,,,,,,,,
results\scientific_validation\FINAL_information_source_ablation_5x5\all\PHRR\molecule\formulation\without_BDE\PHRR_outer_fold_metrics.csv,PHRR,2,molecule,formulation,baseline_inclusive,0,basic,0,compact,330.0,241,241,SoftVote,0.611290283680551,-224.01398306777375,325,81,102,25,0,0.6235968101164486,197.00719652058032,145.23790006489995,22,59,0.6981695075745329,159.52541220387047,124.31697970406792,0.05,550.8024331434972,65.0,0.9753086419753086,1101.6048662869944,0.9830508474576272,1101.6048662869944,,,,,,,,,,,,,,,,,,,,,,,,,
results\scientific_validation\FINAL_information_source_ablation_5x5\conditions_only\PHRR\molecule\formulation\conditions_only\without_BDE\PHRR_outer_fold_metrics.csv,PHRR,2,molecule,formulation,baseline_inclusive,0,basic,0,compact,330.0,73,73,SoftVote,0.6039293705775848,-226.12508809508296,325,81,102,25,0,0.5736546240828755,209.6699645597761,160.38757595034735,22,59,0.5999236455732464,183.66219121859908,145.596441543699,0.05,497.4990249982332,65.0,0.9629629629629628,994.9980499964664,1.0,994.9980499964664,,,,,,,,,,,,,,,,,,,,,,,,,
results\scientific_validation\FINAL_information_source_ablation_5x5\molecular_only\PHRR\molecule\formulation\molecular_only\without_BDE\PHRR_outer_fold_metrics.csv,PHRR,2,molecule,formulation,baseline_inclusive,0,basic,0,compact,330.0,170,170,GBDT,0.3076056276471621,-298.9779739106793,325,81,102,25,0,0.239695436798817,279.9943332202913,221.6777078570535,22,59,-0.0232425614907909,293.72277150234163,237.82065848824564,0.05,854.3923949511486,65.0,1.0,1708.7847899022972,1.0,1708.7847899022972,,,,,,,,,,,,,,,,,,,,,,,,,
results\scientific_validation\FINAL_information_source_ablation_5x5\PHRR\molecule\formulation\conditions_only\without_BDE\PHRR_outer_fold_metrics.csv,PHRR,2,molecule,formulation,baseline_inclusive,0,basic,0,compact,330.0,75,75,SoftVote,0.6060438014436462,-225.52069375175105,325,81,102,25,0,0.5805271171615018,207.9732069226814,159.45728784555158,22,59,0.613427369962994,180.53602264744245,144.12164816978876,0.05,510.1832077960089,65.0,0.9506172839506172,1020.3664155920176,0.9830508474576272,1020.366415592018,,,,,,,,,,,,,,,,,,,,,,,,,
results\scientific_validation\FINAL_information_source_ablation_5x5\PHRR\molecule\formulation\molecular_only\without_BDE\PHRR_outer_fold_metrics.csv,PHRR,2,molecule,formulation,baseline_inclusive,0,basic,0,compact,330.0,170,170,GBDT,0.3076056276471621,-298.9779739106793,325,81,102,25,0,0.239695436798817,279.9943332202913,221.6777078570535,22,59,-0.0232425614907909,293.72277150234163,237.82065848824564,0.05,854.3923949511486,65.0,1.0,1708.7847899022972,1.0,1708.7847899022972,,,,,,,,,,,,,,,,,,,,,,,,,
results\scientific_validation\FINAL_information_source_ablation_5x5\PHRR\molecule\formulation\without_BDE\PHRR_outer_fold_metrics.csv,PHRR,2,molecule,formulation,baseline_inclusive,0,basic,0,compact,330.0,242,242,SoftVote,0.6136821805251886,-223.32369267581169,325,81,102,25,0,0.6196364877319991,198.04088925866157,147.27448074129128,22,59,0.6879698037615471,162.1984245213351,127.98189675578902,0.05,549.0922818518793,65.0,0.9753086419753086,1098.1845637037586,0.9830508474576272,1098.1845637037588,,,,,,,,,,,,,,,,,,,,,,,,,
results\05_Shap\FINAL_core_fixed_baseline_inclusive_5x5\PHRR\molecule\formulation\without_BDE\PHRR_outer_fold_metrics.csv,PHRR,3,molecule,formulation,baseline_inclusive,0,basic,0,compact,330.0,247,247,GBDT,0.6617974385126837,-193.0660351338377,325,81,102,25,0,0.5352254971909841,288.3391130587036,203.54951293900064,24,57,0.5395414848549746,264.3529429678288,193.42233459061345,0.05,312.0188789460408,65.0,0.8148148148148148,624.0377578920816,0.8070175438596491,624.0377578920816,,,,,,,,,,,,,,,,,,,,,,,,,
results\scientific_validation\FINAL_BDE_paired_ablation_5x5\PHRR\molecule\formulation\without_BDE\PHRR_outer_fold_metrics.csv,PHRR,3,molecule,formulation,baseline_inclusive,0,basic,0,compact,330.0,247,247,GBDT,0.6617974385126837,-193.0660351338377,325,81,102,25,0,0.5352254971909841,288.3391130587036,203.54951293900064,24,57,0.5395414848549746,264.3529429678288,193.42233459061345,0.05,312.0188789460408,65.0,0.8148148148148148,624.0377578920816,0.8070175438596491,624.0377578920816,,,,,,,,,,,,,,,,,,,,,,,,,
results\scientific_validation\FINAL_core_fixed_baseline_inclusive_5x5\PHRR\molecule\formulation\without_BDE\PHRR_outer_fold_metrics.csv,PHRR,3,molecule,formulation,baseline_inclusive,0,basic,0,compact,330.0,247,247,GBDT,0.6617974385126837,-193.0660351338377,325,81,102,25,0,0.5352254971909841,288.3391130587036,203.54951293900064,24,57,0.5395414848549746,264.3529429678288,193.42233459061345,0.05,312.0188789460408,65.0,0.8148148148148148,624.0377578920816,0.8070175438596491,624.0377578920816,,,,,,,,,,,,,,,,,,,,,,,,,
results\scientific_validation\FINAL_grouping_sensitivity_5x5\PHRR\molecule\formulation\without_BDE\PHRR_outer_fold_metrics.csv,PHRR,3,molecule,formulation,baseline_inclusive,0,basic,0,compact,330.0,247,247,GBDT,0.6617974385126837,-193.0660351338377,325,81,102,25,0,0.5352254971909841,288.3391130587036,203.54951293900064,24,57,0.5395414848549746,264.3529429678288,193.42233459061345,0.05,312.0188789460408,65.0,0.8148148148148148,624.0377578920816,0.8070175438596491,624.0377578920816,,,,,,,,,,,,,,,,,,,,,,,,,
results\scientific_validation\FINAL_information_source_ablation_5x5\all\PHRR\molecule\formulation\without_BDE\PHRR_outer_fold_metrics.csv,PHRR,3,molecule,formulation,baseline_inclusive,0,basic,0,compact,330.0,247,247,GBDT,0.6617974385126837,-193.0660351338377,325,81,102,25,0,0.5352254971909841,288.3391130587036,203.54951293900064,24,57,0.5395414848549746,264.3529429678288,193.42233459061345,0.05,312.0188789460408,65.0,0.8148148148148148,624.0377578920816,0.8070175438596491,624.0377578920816,,,,,,,,,,,,,,,,,,,,,,,,,
results\scientific_validation\FINAL_information_source_ablation_5x5\conditions_only\PHRR\molecule\formulation\conditions_only\without_BDE\PHRR_outer_fold_metrics.csv,PHRR,3,molecule,formulation,baseline_inclusive,0,basic,0,compact,330.0,77,77,GBDT,0.6347020358408928,-200.65087480073015,325,81,102,25,0,0.5282475948700586,290.4955421523009,205.59888149458027,24,57,0.5368731561574731,265.117791007234,194.4863464529324,0.05,325.4351651226067,65.0,0.8271604938271605,650.8703302452133,0.8245614035087719,650.8703302452133,,,,,,,,,,,,,,,,,,,,,,,,,
results\scientific_validation\FINAL_information_source_ablation_5x5\molecular_only\PHRR\molecule\formulation\molecular_only\without_BDE\PHRR_outer_fold_metrics.csv,PHRR,3,molecule,formulation,baseline_inclusive,0,basic,0,compact,330.0,173,173,RF,0.2851319669183905,-280.6922166003391,325,81,102,25,0,0.2793616611410598,359.03855919777175,253.22472304116843,24,57,0.1116161397978985,367.188630367566,261.017893896258,0.05,467.2029598350857,65.0,0.9382716049382716,934.4059196701712,0.9298245614035088,934.4059196701714,,,,,,,,,,,,,,,,,,,,,,,,,
results\scientific_validation\FINAL_information_source_ablation_5x5\PHRR\molecule\formulation\conditions_only\without_BDE\PHRR_outer_fold_metrics.csv,PHRR,3,molecule,formulation,baseline_inclusive,0,basic,0,compact,330.0,79,79,GBDT,0.6306071724043041,-201.7723540558652,325,81,102,25,0,0.5290912129166627,290.2356845039886,204.7253240703784,24,57,0.5379379045494663,264.81285708061495,193.3438507988112,0.05,314.0466857091013,65.0,0.8271604938271605,628.0933714182027,0.8245614035087719,628.0933714182027,,,,,,,,,,,,,,,,,,,,,,,,,
results\scientific_validation\FINAL_information_source_ablation_5x5\PHRR\molecule\formulation\molecular_only\without_BDE\PHRR_outer_fold_metrics.csv,PHRR,3,molecule,formulation,baseline_inclusive,0,basic,0,compact,330.0,173,173,RF,0.2851319669183905,-280.6922166003391,325,81,102,25,0,0.2793616611410598,359.03855919777175,253.22472304116843,24,57,0.1116161397978985,367.188630367566,261.017893896258,0.05,467.2029598350857,65.0,0.9382716049382716,934.4059196701712,0.9298245614035088,934.4059196701714,,,,,,,,,,,,,,,,,,,,,,,,,
results\scientific_validation\FINAL_information_source_ablation_5x5\PHRR\molecule\formulation\without_BDE\PHRR_outer_fold_metrics.csv,PHRR,3,molecule,formulation,baseline_inclusive,0,basic,0,compact,330.0,248,248,GBDT,0.665282762082381,-192.06864437520144,325,81,102,25,0,0.5397009410767093,286.9475058648196,201.3191179300452,24,57,0.5472934683228927,262.11825954265896,190.25760287198224,0.05,307.8447036125906,65.0,0.8024691358024691,615.6894072251813,0.8070175438596491,615.6894072251812,,,,,,,,,,,,,,,,,,,,,,,,,
results\05_Shap\FINAL_core_fixed_baseline_inclusive_5x5\PHRR\molecule\formulation\without_BDE\PHRR_outer_fold_metrics.csv,PHRR,4,molecule,formulation,baseline_inclusive,0,basic,0,compact,330.0,237,237,LGBM,0.6288330160660667,-218.74855879077887,325,81,102,25,0,0.6195957869303628,196.32042429841863,148.0762804371072,22,59,0.6081604187415075,164.46462592036048,125.0204649428666,0.05,493.4509230664256,65.0,0.9629629629629628,986.9018461328512,0.9661016949152542,986.9018461328512,,,,,,,,,,,,,,,,,,,,,,,,,
results\scientific_validation\FINAL_BDE_paired_ablation_5x5\PHRR\molecule\formulation\without_BDE\PHRR_outer_fold_metrics.csv,PHRR,4,molecule,formulation,baseline_inclusive,0,basic,0,compact,330.0,237,237,LGBM,0.6288330160660667,-218.74855879077887,325,81,102,25,0,0.6195957869303628,196.32042429841863,148.0762804371072,22,59,0.6081604187415075,164.46462592036048,125.0204649428666,0.05,493.4509230664256,65.0,0.9629629629629628,986.9018461328512,0.9661016949152542,986.9018461328512,,,,,,,,,,,,,,,,,,,,,,,,,
results\scientific_validation\FINAL_core_fixed_baseline_inclusive_5x5\PHRR\molecule\formulation\without_BDE\PHRR_outer_fold_metrics.csv,PHRR,4,molecule,formulation,baseline_inclusive,0,basic,0,compact,330.0,237,237,LGBM,0.6288330160660667,-218.74855879077887,325,81,102,25,0,0.6195957869303628,196.32042429841863,148.0762804371072,22,59,0.6081604187415075,164.46462592036048,125.0204649428666,0.05,493.4509230664256,65.0,0.9629629629629628,986.9018461328512,0.9661016949152542,986.9018461328512,,,,,,,,,,,,,,,,,,,,,,,,,
results\scientific_validation\FINAL_grouping_sensitivity_5x5\PHRR\molecule\formulation\without_BDE\PHRR_outer_fold_metrics.csv,PHRR,4,molecule,formulation,baseline_inclusive,0,basic,0,compact,330.0,237,237,LGBM,0.6288330160660667,-218.74855879077887,325,81,102,25,0,0.6195957869303628,196.32042429841863,148.0762804371072,22,59,0.6081604187415075,164.46462592036048,125.0204649428666,0.05,493.4509230664256,65.0,0.9629629629629628,986.9018461328512,0.9661016949152542,986.9018461328512,,,,,,,,,,,,,,,,,,,,,,,,,
results\scientific_validation\FINAL_information_source_ablation_5x5\all\PHRR\molecule\formulation\without_BDE\PHRR_outer_fold_metrics.csv,PHRR,4,molecule,formulation,baseline_inclusive,0,basic,0,compact,330.0,237,237,LGBM,0.6288330160660667,-218.74855879077887,325,81,102,25,0,0.6195957869303628,196.32042429841863,148.0762804371072,22,59,0.6081604187415075,164.46462592036048,125.0204649428666,0.05,493.4509230664256,65.0,0.9629629629629628,986.9018461328512,0.9661016949152542,986.9018461328512,,,,,,,,,,,,,,,,,,,,,,,,,
results\scientific_validation\FINAL_information_source_ablation_5x5\conditions_only\PHRR\molecule\formulation\conditions_only\without_BDE\PHRR_outer_fold_metrics.csv,PHRR,4,molecule,formulation,baseline_inclusive,0,basic,0,compact,330.0,74,74,ExtraTrees,0.6069428682267404,-225.10667429101693,325,81,102,25,0,0.5975305046611143,201.93393556209745,156.47187343115533,22,59,0.5910609871082144,168.0148319467919,133.00648891540789,0.05,406.66421884993736,65.0,0.9506172839506172,813.3284376998747,0.9661016949152542,813.3284376998749,,,,,,,,,,,,,,,,,,,,,,,,,
results\scientific_validation\FINAL_information_source_ablation_5x5\molecular_only\PHRR\molecule\formulation\molecular_only\without_BDE\PHRR_outer_fold_metrics.csv,PHRR,4,molecule,formulation,baseline_inclusive,0,basic,0,compact,330.0,166,166,GBDT,0.2728812797896539,-306.1703949732789,325,81,102,25,0,0.3942100945677278,247.7443968619376,204.7209961481144,22,59,0.0725553821042043,253.02436427583405,203.8908941306624,0.05,423.5534730175437,65.0,0.9135802469135802,847.106946035087,0.8813559322033898,847.1069460350872,,,,,,,,,,,,,,,,,,,,,,,,,
results\scientific_validation\FINAL_information_source_ablation_5x5\PHRR\molecule\formulation\conditions_only\without_BDE\PHRR_outer_fold_metrics.csv,PHRR,4,molecule,formulation,baseline_inclusive,0,basic,0,compact,330.0,76,76,ExtraTrees,0.6149489581644545,-222.8023067093055,325,81,102,25,0,0.6017468006290474,200.8734143671932,155.81750516558378,22,59,0.6036673435546285,165.40486486464297,131.73500355066375,0.05,400.41118714416064,65.0,0.9506172839506172,800.8223742883212,0.9661016949152542,800.8223742883212,,,,,,,,,,,,,,,,,,,,,,,,,
results\scientific_validation\FINAL_information_source_ablation_5x5\PHRR\molecule\formulation\molecular_only\without_BDE\PHRR_outer_fold_metrics.csv,PHRR,4,molecule,formulation,baseline_inclusive,0,basic,0,compact,330.0,166,166,GBDT,0.2728812797896539,-306.1703949732789,325,81,102,25,0,0.3942100945677278,247.7443968619376,204.7209961481144,22,59,0.0725553821042043,253.02436427583405,203.8908941306624,0.05,423.5534730175437,65.0,0.9135802469135802,847.106946035087,0.8813559322033898,847.1069460350872,,,,,,,,,,,,,,,,,,,,,,,,,
results\scientific_validation\FINAL_information_source_ablation_5x5\PHRR\molecule\formulation\without_BDE\PHRR_outer_fold_metrics.csv,PHRR,4,molecule,formulation,baseline_inclusive,0,basic,0,compact,330.0,238,238,LGBM,0.6335711221669331,-217.3478646250343,325,81,102,25,0,0.6281650939923853,194.0965889963138,146.17232653856587,22,59,0.6177354293119166,162.4427652623964,123.26491241010876,0.05,491.5856600177923,65.0,0.9629629629629628,983.1713200355844,0.9661016949152542,983.1713200355848,,,,,,,,,,,,,,,,,,,,,,,,,
results\05_Shap\FINAL_core_fixed_baseline_inclusive_5x5\PHRR\molecule\formulation\without_BDE\PHRR_outer_fold_metrics.csv,PHRR,5,molecule,formulation,baseline_inclusive,0,basic,0,compact,330.0,247,247,GBDT,0.6480074945346923,-214.57297716663732,325,81,101,26,0,0.5964415003305019,200.91882649355168,157.6869236594652,22,59,0.5426171237773747,180.33710802104872,142.1909108383458,0.05,497.5152772107272,65.0,0.9753086419753086,995.030554421454,1.0,995.0305544214544,,,,,,,,,,,,,,,,,,,,,,,,,
results\scientific_validation\FINAL_BDE_paired_ablation_5x5\PHRR\molecule\formulation\without_BDE\PHRR_outer_fold_metrics.csv,PHRR,5,molecule,formulation,baseline_inclusive,0,basic,0,compact,330.0,247,247,GBDT,0.6480074945346923,-214.57297716663732,325,81,101,26,0,0.5964415003305019,200.91882649355168,157.6869236594652,22,59,0.5426171237773747,180.33710802104872,142.1909108383458,0.05,497.5152772107272,65.0,0.9753086419753086,995.030554421454,1.0,995.0305544214544,,,,,,,,,,,,,,,,,,,,,,,,,
results\scientific_validation\FINAL_core_fixed_baseline_inclusive_5x5\PHRR\molecule\formulation\without_BDE\PHRR_outer_fold_metrics.csv,PHRR,5,molecule,formulation,baseline_inclusive,0,basic,0,compact,330.0,247,247,GBDT,0.6480074945346923,-214.57297716663732,325,81,101,26,0,0.5964415003305019,200.91882649355168,157.6869236594652,22,59,0.5426171237773747,180.33710802104872,142.1909108383458,0.05,497.5152772107272,65.0,0.9753086419753086,995.030554421454,1.0,995.0305544214544,,,,,,,,,,,,,,,,,,,,,,,,,
results\scientific_validation\FINAL_grouping_sensitivity_5x5\PHRR\molecule\formulation\without_BDE\PHRR_outer_fold_metrics.csv,PHRR,5,molecule,formulation,baseline_inclusive,0,basic,0,compact,330.0,247,247,GBDT,0.6480074945346923,-214.57297716663732,325,81,101,26,0,0.5964415003305019,200.91882649355168,157.6869236594652,22,59,0.5426171237773747,180.33710802104872,142.1909108383458,0.05,497.5152772107272,65.0,0.9753086419753086,995.030554421454,1.0,995.0305544214544,,,,,,,,,,,,,,,,,,,,,,,,,
results\scientific_validation\FINAL_information_source_ablation_5x5\all\PHRR\molecule\formulation\without_BDE\PHRR_outer_fold_metrics.csv,PHRR,5,molecule,formulation,baseline_inclusive,0,basic,0,compact,330.0,247,247,GBDT,0.6480074945346923,-214.57297716663732,325,81,101,26,0,0.5964415003305019,200.91882649355168,157.6869236594652,22,59,0.5426171237773747,180.33710802104872,142.1909108383458,0.05,497.5152772107272,65.0,0.9753086419753086,995.030554421454,1.0,995.0305544214544,,,,,,,,,,,,,,,,,,,,,,,,,
results\scientific_validation\FINAL_information_source_ablation_5x5\conditions_only\PHRR\molecule\formulation\conditions_only\without_BDE\PHRR_outer_fold_metrics.csv,PHRR,5,molecule,formulation,baseline_inclusive,0,basic,0,compact,330.0,77,77,GBDT,0.6466771389625253,-214.9780840047744,325,81,101,26,0,0.5629873724450936,209.08090757639656,163.3889825222078,22,59,0.4890818181999561,190.59909281617337,149.83749130983182,0.05,517.1032498642658,65.0,0.9753086419753086,1034.2064997285313,1.0,1034.2064997285318,,,,,,,,,,,,,,,,,,,,,,,,,
results\scientific_validation\FINAL_information_source_ablation_5x5\molecular_only\PHRR\molecule\formulation\molecular_only\without_BDE\PHRR_outer_fold_metrics.csv,PHRR,5,molecule,formulation,baseline_inclusive,0,basic,0,compact,330.0,173,173,GBDT,0.2981741139235473,-302.9863128033137,325,81,101,26,0,0.2775161086004362,268.83231242822967,228.37809559920012,22,59,-0.0554199496537934,273.9414812417189,234.36952009845916,0.05,830.9793634140686,65.0,1.0,1661.9587268281375,1.0,1661.9587268281373,,,,,,,,,,,,,,,,,,,,,,,,,
results\scientific_validation\FINAL_information_source_ablation_5x5\PHRR\molecule\formulation\conditions_only\without_BDE\PHRR_outer_fold_metrics.csv,PHRR,5,molecule,formulation,baseline_inclusive,0,basic,0,compact,330.0,79,79,XGB,0.6453555951849448,-215.37975315298092,325,81,101,26,0,0.5764736061828344,205.8295022085253,163.54912094304592,22,59,0.4803246888768976,192.22558558722525,151.91962828555347,0.05,482.20263671875,65.0,0.9629629629629628,964.4052734375,0.9661016949152542,964.4052734375,,,,,,,,,,,,,,,,,,,,,,,,,
results\scientific_validation\FINAL_information_source_ablation_5x5\PHRR\molecule\formulation\molecular_only\without_BDE\PHRR_outer_fold_metrics.csv,PHRR,5,molecule,formulation,baseline_inclusive,0,basic,0,compact,330.0,173,173,GBDT,0.2981741139235473,-302.9863128033137,325,81,101,26,0,0.2775161086004362,268.83231242822967,228.37809559920012,22,59,-0.0554199496537934,273.9414812417189,234.36952009845916,0.05,830.9793634140686,65.0,1.0,1661.9587268281375,1.0,1661.9587268281373,,,,,,,,,,,,,,,,,,,,,,,,,
results\scientific_validation\FINAL_information_source_ablation_5x5\PHRR\molecule\formulation\without_BDE\PHRR_outer_fold_metrics.csv,PHRR,5,molecule,formulation,baseline_inclusive,0,basic,0,compact,330.0,248,248,GBDT,0.6484124550116422,-214.4495106431318,325,81,101,26,0,0.590652099530881,202.3548729331616,157.8864702618484,22,59,0.5309372526478777,182.62516515734927,142.71010051163526,0.05,498.8258563468926,65.0,0.9753086419753086,997.6517126937852,1.0,997.651712693785,,,,,,,,,,,,,,,,,,,,,,,,,
results\scientific_validation\FINAL_grouping_sensitivity_5x5\PHRR\reference\formulation\without_BDE\PHRR_outer_fold_metrics.csv,PHRR,1,reference,formulation,baseline_inclusive,0,basic,0,compact,330.0,241,241,GBDT,0.6462359225367567,-218.74976797542263,324,82,92,24,0,0.4939312510717862,206.0975450509075,160.16744998575874,22,60,0.2996291985313588,194.0186376884857,147.7293198666824,0.05,510.8951879144331,66.0,0.975609756097561,1021.790375828866,0.9666666666666668,1021.7903758288664,,,,,,,,,,,,,,,,,,,,,,,,,
results\scientific_validation\FINAL_grouping_sensitivity_5x5\PHRR\reference\formulation\without_BDE\PHRR_outer_fold_metrics.csv,PHRR,2,reference,formulation,baseline_inclusive,0,basic,0,compact,330.0,250,250,RF,0.5763855066121548,-229.1728112584307,325,81,93,23,0,0.5742232766835982,229.04449878510067,176.88148165213892,23,58,0.7094624486716696,171.80638639817334,138.81460745340215,0.05,470.74324402597335,66.0,0.9753086419753086,941.4864880519468,1.0,941.4864880519468,,,,,,,,,,,,,,,,,,,,,,,,,
results\scientific_validation\FINAL_grouping_sensitivity_5x5\PHRR\reference\formulation\without_BDE\PHRR_outer_fold_metrics.csv,PHRR,3,reference,formulation,baseline_inclusive,0,basic,0,compact,330.0,248,248,GBDT,0.5981958518289441,-221.3798442667563,325,81,93,23,0,0.635956376948372,221.28123551266737,168.56216468126254,23,58,0.6122058012728983,215.15330609251063,158.57212908398864,0.05,921.646231698896,66.0,1.0,1843.292463397792,1.0,1843.2924633977923,,,,,,,,,,,,,,,,,,,,,,,,,
results\scientific_validation\FINAL_grouping_sensitivity_5x5\PHRR\reference\formulation\without_BDE\PHRR_outer_fold_metrics.csv,PHRR,4,reference,formulation,baseline_inclusive,0,basic,0,compact,330.0,230,230,GBDT,0.619350780022137,-208.5188430014753,325,81,93,23,0,0.5795265164480712,265.1077415270401,168.99657090452232,23,58,0.6420543707502296,224.60657196144277,153.15869430162144,0.05,514.0759224089877,66.0,0.9382716049382716,1028.1518448179756,0.9482758620689656,1028.1518448179756,,,,,,,,,,,,,,,,,,,,,,,,,
results\scientific_validation\FINAL_grouping_sensitivity_5x5\PHRR\reference\formulation\without_BDE\PHRR_outer_fold_metrics.csv,PHRR,5,reference,formulation,baseline_inclusive,0,basic,0,compact,330.0,248,248,GBDT,0.6341364806152832,-217.1304843536364,325,81,93,23,0,0.5985810906919149,209.22836976843573,162.4140417663605,23,58,0.5153640342895076,194.6697274581753,147.49862472373368,0.05,704.0708562464154,66.0,1.0,1408.1417124928305,1.0,1408.1417124928305,,,,,,,,,,,,,,,,,,,,,,,,,
results\scientific_validation\FINAL_grouping_sensitivity_5x5\PHRR\scaffold\formulation\without_BDE\PHRR_outer_fold_metrics.csv,PHRR,1,scaffold,formulation,baseline_inclusive,0,basic,0,compact,330.0,234,234,GBDT,0.6316274431596056,-217.0833738376089,324,82,87,20,0,0.5657604966534358,220.9424615831049,172.72185427447135,26,56,0.513136770746977,208.391148665659,160.45383926761133,0.05,338.445952413309,65.0,0.8902439024390244,676.891904826618,0.9107142857142856,676.891904826618,,,,,,,,,,,,,,,,,,,,,,,,,
results\scientific_validation\FINAL_grouping_sensitivity_5x5\PHRR\scaffold\formulation\without_BDE\PHRR_outer_fold_metrics.csv,PHRR,2,scaffold,formulation,baseline_inclusive,0,basic,0,compact,330.0,248,248,SoftVote,0.6132870307715217,-225.88942732454765,325,81,86,21,0,0.4950193567099078,210.3373386218169,162.4504643163175,23,58,0.2781274987235689,201.1671928113488,153.94429084949547,0.05,554.1839186842542,65.0,0.9876543209876544,1108.3678373685086,0.9827586206896552,1108.3678373685086,,,,,,,,,,,,,,,,,,,,,,,,,
results\scientific_validation\FINAL_grouping_sensitivity_5x5\PHRR\scaffold\formulation\without_BDE\PHRR_outer_fold_metrics.csv,PHRR,3,scaffold,formulation,baseline_inclusive,0,basic,0,compact,330.0,249,249,ExtraTrees,0.6006421027563368,-222.29201874130464,325,81,85,22,0,0.6577424171921559,210.4120655019529,156.45054558849984,21,60,0.722883612411924,167.97331938742573,123.22038692300572,0.05,501.6673029269909,65.0,0.9629629629629628,1003.334605853982,1.0,1003.334605853982,,,,,,,,,,,,,,,,,,,,,,,,,
results\scientific_validation\FINAL_grouping_sensitivity_5x5\PHRR\scaffold\formulation\without_BDE\PHRR_outer_fold_metrics.csv,PHRR,4,scaffold,formulation,baseline_inclusive,0,basic,0,compact,330.0,254,254,SoftVote,0.6020599425862302,-229.179304019097,325,81,85,22,0,0.7917676255739583,141.5923622488126,114.03822948988297,23,58,0.7634150200649379,130.56346936478084,106.88780450108504,0.05,612.624322654807,65.0,1.0,1225.2486453096135,1.0,1225.248645309614,,,,,,,,,,,,,,,,,,,,,,,,,
results\scientific_validation\FINAL_grouping_sensitivity_5x5\PHRR\scaffold\formulation\without_BDE\PHRR_outer_fold_metrics.csv,PHRR,5,scaffold,formulation,baseline_inclusive,0,basic,0,compact,330.0,244,244,GBDT,0.6383925641204369,-197.9643166267632,325,81,85,22,0,0.6049156982302504,271.7223236347172,198.83770170507736,21,60,0.701628766512282,220.19110690855592,171.4620224681307,0.05,501.6674879623015,65.0,0.9382716049382716,1003.334975924603,0.9666666666666668,1003.3349759246032,,,,,,,,,,,,,,,,,,,,,,,,,
results\scientific_validation\FINAL_BDE_paired_ablation_5x5\PHRR\molecule\formulation\with_BDE\PHRR_outer_fold_metrics.csv,PHRR,1,molecule,formulation,baseline_inclusive,1,basic,0,compact,330.0,276,276,GBDT,0.5934199962822546,-224.48337776221365,324,82,101,26,0,0.6345977596534251,203.69938308322477,153.61028213272084,24,58,0.7128862046093917,166.75005610575744,127.88087871147115,0.05,851.8644037218412,65.0,1.0,1703.7288074436826,1.0,1703.7288074436822,,,,,,,,,,,,,,,,,,,,,,,,,
results\scientific_validation\FINAL_BDE_paired_ablation_5x5\PHRR\molecule\formulation\with_BDE\PHRR_outer_fold_metrics.csv,PHRR,2,molecule,formulation,baseline_inclusive,1,basic,0,compact,330.0,263,263,SoftVote,0.604545239654365,-225.9492133673636,325,81,102,25,0,0.6111438427590229,200.2395835141519,150.6396793258494,22,59,0.6776052767211469,164.87024444526088,131.71822928868286,0.05,525.4044939276846,65.0,0.9753086419753086,1050.8089878553692,0.9830508474576272,1050.8089878553694,,,,,,,,,,,,,,,,,,,,,,,,,
results\scientific_validation\FINAL_BDE_paired_ablation_5x5\PHRR\molecule\formulation\with_BDE\PHRR_outer_fold_metrics.csv,PHRR,3,molecule,formulation,baseline_inclusive,1,basic,0,compact,330.0,269,269,GBDT,0.65973859789706,-193.65279752298716,325,81,102,25,0,0.5364625843047015,287.9551222499482,202.7507439812373,24,57,0.542775583572537,263.42294603373284,192.0825680623438,0.05,290.35997532131955,65.0,0.7777777777777778,580.719950642639,0.7719298245614035,580.7199506426391,,,,,,,,,,,,,,,,,,,,,,,,,
results\scientific_validation\FINAL_BDE_paired_ablation_5x5\PHRR\molecule\formulation\with_BDE\PHRR_outer_fold_metrics.csv,PHRR,4,molecule,formulation,baseline_inclusive,1,basic,0,compact,330.0,256,256,SoftVote,0.6143938105409958,-222.9628615551156,325,81,102,25,0,0.6598339222209255,185.6471669675724,137.1654053912156,22,59,0.6713446719948095,150.62209654260252,111.8792023050311,0.05,470.5465706674341,65.0,0.9629629629629628,941.0931413348684,0.9661016949152542,941.093141334868,,,,,,,,,,,,,,,,,,,,,,,,,
results\scientific_validation\FINAL_BDE_paired_ablation_5x5\PHRR\molecule\formulation\with_BDE\PHRR_outer_fold_metrics.csv,PHRR,5,molecule,formulation,baseline_inclusive,1,basic,0,compact,330.0,268,268,GBDT,0.6389319769159724,-217.32156943926103,325,81,101,26,0,0.5955779358134197,201.1336821442616,158.77772123248246,22,59,0.5387787911784676,181.0922167983653,144.21144058353477,0.05,501.3432662049131,65.0,0.9753086419753086,1002.686532409826,1.0,1002.686532409826,,,,,,,,,,,,,,,,,,,,,,,,,
results\05_Shap\FINAL_core_fixed_baseline_inclusive_5x5\THR\molecule\formulation\without_BDE\THR_outer_fold_metrics.csv,THR,1,molecule,formulation,baseline_inclusive,0,advanced,1,descriptors,30.0,30,183,GBDT,0.3993298003128354,-20.238343011496774,317,80,98,25,0,0.5823455926661751,14.353565051047296,10.295035757311458,22,58,0.744412031562209,8.462666770723455,6.412167824574514,0.05,75.26857045154343,64.0,1.0,150.53714090308685,1.0,150.53714090308685,,,,,,,,,,,,,,,,,,,,,,,,,
results\scientific_validation\FINAL_BDE_paired_ablation_5x5\THR\molecule\formulation\without_BDE\THR_outer_fold_metrics.csv,THR,1,molecule,formulation,baseline_inclusive,0,advanced,1,descriptors,30.0,30,183,GBDT,0.3993298003128354,-20.238343011496774,317,80,98,25,0,0.5823455926661751,14.353565051047296,10.295035757311458,22,58,0.744412031562209,8.462666770723455,6.412167824574514,0.05,75.26857045154343,64.0,1.0,150.53714090308685,1.0,150.53714090308685,,,,,,,,,,,,,,,,,,,,,,,,,
results\scientific_validation\FINAL_core_fixed_baseline_inclusive_5x5\THR\molecule\formulation\without_BDE\THR_outer_fold_metrics.csv,THR,1,molecule,formulation,baseline_inclusive,0,advanced,1,descriptors,30.0,30,183,GBDT,0.3993298003128354,-20.238343011496774,317,80,98,25,0,0.5823455926661751,14.353565051047296,10.295035757311458,22,58,0.744412031562209,8.462666770723455,6.412167824574514,0.05,75.26857045154343,64.0,1.0,150.53714090308685,1.0,150.53714090308685,,,,,,,,,,,,,,,,,,,,,,,,,
results\scientific_validation\FINAL_grouping_sensitivity_5x5\THR\molecule\formulation\without_BDE\THR_outer_fold_metrics.csv,THR,1,molecule,formulation,baseline_inclusive,0,advanced,1,descriptors,30.0,30,183,GBDT,0.3993298003128354,-20.238343011496774,317,80,98,25,0,0.5823455926661751,14.353565051047296,10.295035757311458,22,58,0.744412031562209,8.462666770723455,6.412167824574514,0.05,75.26857045154343,64.0,1.0,150.53714090308685,1.0,150.53714090308685,,,,,,,,,,,,,,,,,,,,,,,,,
results\scientific_validation\FINAL_information_source_ablation_5x5\all\THR\molecule\formulation\without_BDE\THR_outer_fold_metrics.csv,THR,1,molecule,formulation,baseline_inclusive,0,advanced,1,descriptors,30.0,30,183,GBDT,0.3993298003128354,-20.238343011496774,317,80,98,25,0,0.5823455926661751,14.353565051047296,10.295035757311458,22,58,0.744412031562209,8.462666770723455,6.412167824574514,0.05,75.26857045154343,64.0,1.0,150.53714090308685,1.0,150.53714090308685,,,,,,,,,,,,,,,,,,,,,,,,,
results\scientific_validation\FINAL_information_source_ablation_5x5\conditions_only\THR\molecule\formulation\conditions_only\without_BDE\THR_outer_fold_metrics.csv,THR,1,molecule,formulation,baseline_inclusive,0,advanced,1,descriptors,30.0,30,102,GBDT,0.3926883496937696,-20.349920426526435,317,80,98,25,0,0.5748840537906394,14.48121313089101,10.169649564480036,22,58,0.7235870512395837,8.800679986075284,6.438341583854649,0.05,75.30216071272261,64.0,1.0,150.60432142544525,1.0,150.60432142544528,,,,,,,,,,,,,,,,,,,,,,,,,
results\scientific_validation\FINAL_information_source_ablation_5x5\molecular_only\THR\molecule\formulation\molecular_only\without_BDE\THR_outer_fold_metrics.csv,THR,1,molecule,formulation,baseline_inclusive,0,advanced,1,descriptors,30.0,30,82,GBDT,0.1853485272874305,-23.569090967601717,317,80,98,25,0,0.1369201075626347,20.633682659491143,15.617186713470172,22,58,-0.2167650813174302,18.464621354780096,13.562095758846866,0.05,79.35986183543984,64.0,1.0,158.7197236708797,1.0,158.71972367087972,,,,,,,,,,,,,,,,,,,,,,,,,
results\scientific_validation\FINAL_information_source_ablation_5x5\THR\molecule\formulation\conditions_only\without_BDE\THR_outer_fold_metrics.csv,THR,1,molecule,formulation,baseline_inclusive,0,advanced,1,descriptors,30.0,30,104,GBDT,0.3926883496937696,-20.349920426526435,317,80,98,25,0,0.5748840537906394,14.48121313089101,10.169649564480036,22,58,0.7235870512395837,8.800679986075284,6.438341583854649,0.05,75.30216071272261,64.0,1.0,150.60432142544525,1.0,150.60432142544528,,,,,,,,,,,,,,,,,,,,,,,,,
results\scientific_validation\FINAL_information_source_ablation_5x5\THR\molecule\formulation\molecular_only\without_BDE\THR_outer_fold_metrics.csv,THR,1,molecule,formulation,baseline_inclusive,0,advanced,1,descriptors,30.0,30,82,GBDT,0.1853485272874305,-23.569090967601717,317,80,98,25,0,0.1369201075626347,20.633682659491143,15.617186713470172,22,58,-0.2167650813174302,18.464621354780096,13.562095758846866,0.05,79.35986183543984,64.0,1.0,158.7197236708797,1.0,158.71972367087972,,,,,,,,,,,,,,,,,,,,,,,,,
results\scientific_validation\FINAL_information_source_ablation_5x5\THR\molecule\formulation\without_BDE\THR_outer_fold_metrics.csv,THR,1,molecule,formulation,baseline_inclusive,0,advanced,1,descriptors,30.0,30,185,GBDT,0.3993298003128354,-20.238343011496774,317,80,98,25,0,0.5823455926661751,14.353565051047296,10.295035757311458,22,58,0.744412031562209,8.462666770723455,6.412167824574514,0.05,75.26857045154343,64.0,1.0,150.53714090308685,1.0,150.53714090308685,,,,,,,,,,,,,,,,,,,,,,,,,
results\05_Shap\FINAL_core_fixed_baseline_inclusive_5x5\THR\molecule\formulation\without_BDE\THR_outer_fold_metrics.csv,THR,2,molecule,formulation,baseline_inclusive,0,advanced,1,descriptors,30.0,30,187,GBDT,0.4294236823954269,-19.493588084959296,317,80,98,25,0,0.5263592453596957,16.416714701681883,11.550771821630107,21,59,0.6388563891713486,13.282860887640425,9.37814967469295,0.05,44.55400461537407,64.0,0.9625,89.10800923074814,0.9830508474576272,89.10800923074815,,,,,,,,,,,,,,,,,,,,,,,,,
results\scientific_validation\FINAL_BDE_paired_ablation_5x5\THR\molecule\formulation\without_BDE\THR_outer_fold_metrics.csv,THR,2,molecule,formulation,baseline_inclusive,0,advanced,1,descriptors,30.0,30,187,GBDT,0.4294236823954269,-19.493588084959296,317,80,98,25,0,0.5263592453596957,16.416714701681883,11.550771821630107,21,59,0.6388563891713486,13.282860887640425,9.37814967469295,0.05,44.55400461537407,64.0,0.9625,89.10800923074814,0.9830508474576272,89.10800923074815,,,,,,,,,,,,,,,,,,,,,,,,,
results\scientific_validation\FINAL_core_fixed_baseline_inclusive_5x5\THR\molecule\formulation\without_BDE\THR_outer_fold_metrics.csv,THR,2,molecule,formulation,baseline_inclusive,0,advanced,1,descriptors,30.0,30,187,GBDT,0.4294236823954269,-19.493588084959296,317,80,98,25,0,0.5263592453596957,16.416714701681883,11.550771821630107,21,59,0.6388563891713486,13.282860887640425,9.37814967469295,0.05,44.55400461537407,64.0,0.9625,89.10800923074814,0.9830508474576272,89.10800923074815,,,,,,,,,,,,,,,,,,,,,,,,,
results\scientific_validation\FINAL_grouping_sensitivity_5x5\THR\molecule\formulation\without_BDE\THR_outer_fold_metrics.csv,THR,2,molecule,formulation,baseline_inclusive,0,advanced,1,descriptors,30.0,30,187,GBDT,0.4294236823954269,-19.493588084959296,317,80,98,25,0,0.5263592453596957,16.416714701681883,11.550771821630107,21,59,0.6388563891713486,13.282860887640425,9.37814967469295,0.05,44.55400461537407,64.0,0.9625,89.10800923074814,0.9830508474576272,89.10800923074815,,,,,,,,,,,,,,,,,,,,,,,,,
results\scientific_validation\FINAL_information_source_ablation_5x5\all\THR\molecule\formulation\without_BDE\THR_outer_fold_metrics.csv,THR,2,molecule,formulation,baseline_inclusive,0,advanced,1,descriptors,30.0,30,187,GBDT,0.4294236823954269,-19.493588084959296,317,80,98,25,0,0.5263592453596957,16.416714701681883,11.550771821630107,21,59,0.6388563891713486,13.282860887640425,9.37814967469295,0.05,44.55400461537407,64.0,0.9625,89.10800923074814,0.9830508474576272,89.10800923074815,,,,,,,,,,,,,,,,,,,,,,,,,
results\scientific_validation\FINAL_information_source_ablation_5x5\conditions_only\THR\molecule\formulation\conditions_only\without_BDE\THR_outer_fold_metrics.csv,THR,2,molecule,formulation,baseline_inclusive,0,advanced,1,descriptors,30.0,30,106,SoftVote,0.4115114340121585,-19.79720720078467,317,80,98,25,0,0.5269759008638774,16.406024368785047,11.147508432808507,21,59,0.6415188955680076,13.233806819939486,8.784540044565475,0.05,44.888195016413405,64.0,0.9625,89.77639003282682,0.9830508474576272,89.7763900328268,,,,,,,,,,,,,,,,,,,,,,,,,
results\scientific_validation\FINAL_information_source_ablation_5x5\molecular_only\THR\molecule\formulation\molecular_only\without_BDE\THR_outer_fold_metrics.csv,THR,2,molecule,formulation,baseline_inclusive,0,advanced,1,descriptors,30.0,30,82,SVR,0.2034388008706215,-23.032680743654563,317,80,98,25,0,0.0567921278133911,23.16676680213702,15.257438162595813,21,59,-0.0199072558250843,22.32194311386361,14.81899665611755,0.05,35.30010774380101,64.0,0.8875,70.600215487602,0.8813559322033898,70.600215487602,,,,,,,,,,,,,,,,,,,,,,,,,
results\scientific_validation\FINAL_information_source_ablation_5x5\THR\molecule\formulation\conditions_only\without_BDE\THR_outer_fold_metrics.csv,THR,2,molecule,formulation,baseline_inclusive,0,advanced,1,descriptors,30.0,30,108,SoftVote,0.4115114340121585,-19.79720720078467,317,80,98,25,0,0.5269759008638774,16.406024368785047,11.147508432808507,21,59,0.6415188955680076,13.233806819939486,8.784540044565475,0.05,44.888195016413405,64.0,0.9625,89.77639003282682,0.9830508474576272,89.7763900328268,,,,,,,,,,,,,,,,,,,,,,,,,
results\scientific_validation\FINAL_information_source_ablation_5x5\THR\molecule\formulation\molecular_only\without_BDE\THR_outer_fold_metrics.csv,THR,2,molecule,formulation,baseline_inclusive,0,advanced,1,descriptors,30.0,30,82,SVR,0.2034388008706215,-23.032680743654563,317,80,98,25,0,0.0567921278133911,23.16676680213702,15.257438162595813,21,59,-0.0199072558250843,22.32194311386361,14.81899665611755,0.05,35.30010774380101,64.0,0.8875,70.600215487602,0.8813559322033898,70.600215487602,,,,,,,,,,,,,,,,,,,,,,,,,
results\scientific_validation\FINAL_information_source_ablation_5x5\THR\molecule\formulation\without_BDE\THR_outer_fold_metrics.csv,THR,2,molecule,formulation,baseline_inclusive,0,advanced,1,descriptors,30.0,30,189,GBDT,0.4294236823954269,-19.493588084959296,317,80,98,25,0,0.5263592453596957,16.416714701681883,11.550771821630107,21,59,0.6388563891713486,13.282860887640425,9.37814967469295,0.05,44.55400461537407,64.0,0.9625,89.10800923074814,0.9830508474576272,89.10800923074815,,,,,,,,,,,,,,,,,,,,,,,,,
results\05_Shap\FINAL_core_fixed_baseline_inclusive_5x5\THR\molecule\formulation\without_BDE\THR_outer_fold_metrics.csv,THR,3,molecule,formulation,baseline_inclusive,0,advanced,1,descriptors,30.0,30,182,GBDT,0.4569387274638467,-17.831353853592546,318,79,99,24,0,0.4226313786943589,22.68602343883219,14.150733933063878,23,56,0.6278288215032054,12.929892966896997,10.0877115710059,0.05,30.83541265783326,64.0,0.8987341772151899,61.67082531566655,0.9285714285714286,61.67082531566653,,,,,,,,,,,,,,,,,,,,,,,,,
results\scientific_validation\FINAL_BDE_paired_ablation_5x5\THR\molecule\formulation\without_BDE\THR_outer_fold_metrics.csv,THR,3,molecule,formulation,baseline_inclusive,0,advanced,1,descriptors,30.0,30,182,GBDT,0.4569387274638467,-17.831353853592546,318,79,99,24,0,0.4226313786943589,22.68602343883219,14.150733933063878,23,56,0.6278288215032054,12.929892966896997,10.0877115710059,0.05,30.83541265783326,64.0,0.8987341772151899,61.67082531566655,0.9285714285714286,61.67082531566653,,,,,,,,,,,,,,,,,,,,,,,,,
results\scientific_validation\FINAL_core_fixed_baseline_inclusive_5x5\THR\molecule\formulation\without_BDE\THR_outer_fold_metrics.csv,THR,3,molecule,formulation,baseline_inclusive,0,advanced,1,descriptors,30.0,30,182,GBDT,0.4569387274638467,-17.831353853592546,318,79,99,24,0,0.4226313786943589,22.68602343883219,14.150733933063878,23,56,0.6278288215032054,12.929892966896997,10.0877115710059,0.05,30.83541265783326,64.0,0.8987341772151899,61.67082531566655,0.9285714285714286,61.67082531566653,,,,,,,,,,,,,,,,,,,,,,,,,
results\scientific_validation\FINAL_grouping_sensitivity_5x5\THR\molecule\formulation\without_BDE\THR_outer_fold_metrics.csv,THR,3,molecule,formulation,baseline_inclusive,0,advanced,1,descriptors,30.0,30,182,GBDT,0.4569387274638467,-17.831353853592546,318,79,99,24,0,0.4226313786943589,22.68602343883219,14.150733933063878,23,56,0.6278288215032054,12.929892966896997,10.0877115710059,0.05,30.83541265783326,64.0,0.8987341772151899,61.67082531566655,0.9285714285714286,61.67082531566653,,,,,,,,,,,,,,,,,,,,,,,,,
results\scientific_validation\FINAL_information_source_ablation_5x5\all\THR\molecule\formulation\without_BDE\THR_outer_fold_metrics.csv,THR,3,molecule,formulation,baseline_inclusive,0,advanced,1,descriptors,30.0,30,182,GBDT,0.4569387274638467,-17.831353853592546,318,79,99,24,0,0.4226313786943589,22.68602343883219,14.150733933063878,23,56,0.6278288215032054,12.929892966896997,10.0877115710059,0.05,30.83541265783326,64.0,0.8987341772151899,61.67082531566655,0.9285714285714286,61.67082531566653,,,,,,,,,,,,,,,,,,,,,,,,,
results\scientific_validation\FINAL_information_source_ablation_5x5\conditions_only\THR\molecule\formulation\conditions_only\without_BDE\THR_outer_fold_metrics.csv,THR,3,molecule,formulation,baseline_inclusive,0,advanced,1,descriptors,30.0,30,103,GBDT,0.460634034625985,-17.770582805782794,318,79,99,24,0,0.4210048132801278,22.717956546531923,14.14278211996236,23,56,0.6230477076610583,13.012680159809303,10.074498292488276,0.05,30.93417810948837,64.0,0.9240506329113924,61.86835621897678,0.9642857142857144,61.86835621897673,,,,,,,,,,,,,,,,,,,,,,,,,
results\scientific_validation\FINAL_information_source_ablation_5x5\molecular_only\THR\molecule\formulation\molecular_only\without_BDE\THR_outer_fold_metrics.csv,THR,3,molecule,formulation,baseline_inclusive,0,advanced,1,descriptors,30.0,30,80,SoftVote,0.1554689547298864,-22.23656557085417,318,79,99,24,0,0.2543141057737393,25.7815932132692,15.963490309589226,23,56,0.1823014969573951,19.165500374469467,12.255848819470776,0.05,54.47636191845534,64.0,0.9493670886075948,108.95272383691066,0.9642857142857144,108.95272383691066,,,,,,,,,,,,,,,,,,,,,,,,,
results\scientific_validation\FINAL_information_source_ablation_5x5\THR\molecule\formulation\conditions_only\without_BDE\THR_outer_fold_metrics.csv,THR,3,molecule,formulation,baseline_inclusive,0,advanced,1,descriptors,30.0,30,105,GBDT,0.460634034625985,-17.770582805782794,318,79,99,24,0,0.4210048132801278,22.717956546531923,14.14278211996236,23,56,0.6230477076610583,13.012680159809303,10.074498292488276,0.05,30.93417810948837,64.0,0.9240506329113924,61.86835621897678,0.9642857142857144,61.86835621897673,,,,,,,,,,,,,,,,,,,,,,,,,
results\scientific_validation\FINAL_information_source_ablation_5x5\THR\molecule\formulation\molecular_only\without_BDE\THR_outer_fold_metrics.csv,THR,3,molecule,formulation,baseline_inclusive,0,advanced,1,descriptors,30.0,30,80,SoftVote,0.1554689547298864,-22.23656557085417,318,79,99,24,0,0.2543141057737393,25.7815932132692,15.963490309589226,23,56,0.1823014969573951,19.165500374469467,12.255848819470776,0.05,54.47636191845534,64.0,0.9493670886075948,108.95272383691066,0.9642857142857144,108.95272383691066,,,,,,,,,,,,,,,,,,,,,,,,,
results\scientific_validation\FINAL_information_source_ablation_5x5\THR\molecule\formulation\without_BDE\THR_outer_fold_metrics.csv,THR,3,molecule,formulation,baseline_inclusive,0,advanced,1,descriptors,30.0,30,184,GBDT,0.4569387274638467,-17.831353853592546,318,79,99,24,0,0.4226313786943589,22.68602343883219,14.150733933063878,23,56,0.6278288215032054,12.929892966896997,10.0877115710059,0.05,30.83541265783326,64.0,0.8987341772151899,61.67082531566655,0.9285714285714286,61.67082531566653,,,,,,,,,,,,,,,,,,,,,,,,,
results\05_Shap\FINAL_core_fixed_baseline_inclusive_5x5\THR\molecule\formulation\without_BDE\THR_outer_fold_metrics.csv,THR,4,molecule,formulation,baseline_inclusive,0,advanced,1,descriptors,30.0,30,182,ExtraTrees,0.4338098760600932,-19.69485618756156,318,79,99,24,0,0.6036418168502191,13.945882459935302,10.266105502387967,23,56,0.732138649386025,9.816846460068636,7.2757197607427955,0.05,34.01072102934023,64.0,0.9873417721518988,68.02144205868049,1.0,68.02144205868046,,,,,,,,,,,,,,,,,,,,,,,,,
results\scientific_validation\FINAL_BDE_paired_ablation_5x5\THR\molecule\formulation\without_BDE\THR_outer_fold_metrics.csv,THR,4,molecule,formulation,baseline_inclusive,0,advanced,1,descriptors,30.0,30,182,ExtraTrees,0.4338098760600932,-19.69485618756156,318,79,99,24,0,0.6036418168502191,13.945882459935302,10.266105502387967,23,56,0.732138649386025,9.816846460068636,7.2757197607427955,0.05,34.01072102934023,64.0,0.9873417721518988,68.02144205868049,1.0,68.02144205868046,,,,,,,,,,,,,,,,,,,,,,,,,
results\scientific_validation\FINAL_core_fixed_baseline_inclusive_5x5\THR\molecule\formulation\without_BDE\THR_outer_fold_metrics.csv,THR,4,molecule,formulation,baseline_inclusive,0,advanced,1,descriptors,30.0,30,182,ExtraTrees,0.4338098760600932,-19.69485618756156,318,79,99,24,0,0.6036418168502191,13.945882459935302,10.266105502387967,23,56,0.732138649386025,9.816846460068636,7.2757197607427955,0.05,34.01072102934023,64.0,0.9873417721518988,68.02144205868049,1.0,68.02144205868046,,,,,,,,,,,,,,,,,,,,,,,,,
results\scientific_validation\FINAL_grouping_sensitivity_5x5\THR\molecule\formulation\without_BDE\THR_outer_fold_metrics.csv,THR,4,molecule,formulation,baseline_inclusive,0,advanced,1,descriptors,30.0,30,182,ExtraTrees,0.4338098760600932,-19.69485618756156,318,79,99,24,0,0.6036418168502191,13.945882459935302,10.266105502387967,23,56,0.732138649386025,9.816846460068636,7.2757197607427955,0.05,34.01072102934023,64.0,0.9873417721518988,68.02144205868049,1.0,68.02144205868046,,,,,,,,,,,,,,,,,,,,,,,,,
results\scientific_validation\FINAL_information_source_ablation_5x5\all\THR\molecule\formulation\without_BDE\THR_outer_fold_metrics.csv,THR,4,molecule,formulation,baseline_inclusive,0,advanced,1,descriptors,30.0,30,182,ExtraTrees,0.4338098760600932,-19.69485618756156,318,79,99,24,0,0.6036418168502191,13.945882459935302,10.266105502387967,23,56,0.732138649386025,9.816846460068636,7.2757197607427955,0.05,34.01072102934023,64.0,0.9873417721518988,68.02144205868049,1.0,68.02144205868046,,,,,,,,,,,,,,,,,,,,,,,,,
results\scientific_validation\FINAL_information_source_ablation_5x5\conditions_only\THR\molecule\formulation\conditions_only\without_BDE\THR_outer_fold_metrics.csv,THR,4,molecule,formulation,baseline_inclusive,0,advanced,1,descriptors,30.0,30,106,ExtraTrees,0.4282957537618219,-19.790527859977715,318,79,99,24,0,0.606768887518238,13.89076045450626,10.102935274695032,23,56,0.7371808247847272,9.72401220686071,7.063546735810499,0.05,30.19015643176489,64.0,0.9620253164556962,60.3803128635298,0.9821428571428572,60.38031286352977,,,,,,,,,,,,,,,,,,,,,,,,,
results\scientific_validation\FINAL_information_source_ablation_5x5\molecular_only\THR\molecule\formulation\molecular_only\without_BDE\THR_outer_fold_metrics.csv,THR,4,molecule,formulation,baseline_inclusive,0,advanced,1,descriptors,30.0,30,77,SVR,0.1285605734757902,-24.43375818706643,318,79,99,24,0,0.2976536609309006,18.564264500199556,14.723270506049856,23,56,0.1985530494258115,16.980652001947966,13.374686911626185,0.05,44.086007191856,64.0,1.0,88.17201438371198,1.0,88.17201438371201,,,,,,,,,,,,,,,,,,,,,,,,,
results\scientific_validation\FINAL_information_source_ablation_5x5\THR\molecule\formulation\conditions_only\without_BDE\THR_outer_fold_metrics.csv,THR,4,molecule,formulation,baseline_inclusive,0,advanced,1,descriptors,30.0,30,108,ExtraTrees,0.4282957537618219,-19.790527859977715,318,79,99,24,0,0.606768887518238,13.89076045450626,10.102935274695032,23,56,0.7371808247847272,9.72401220686071,7.063546735810499,0.05,30.19015643176489,64.0,0.9620253164556962,60.3803128635298,0.9821428571428572,60.38031286352977,,,,,,,,,,,,,,,,,,,,,,,,,
results\scientific_validation\FINAL_information_source_ablation_5x5\THR\molecule\formulation\molecular_only\without_BDE\THR_outer_fold_metrics.csv,THR,4,molecule,formulation,baseline_inclusive,0,advanced,1,descriptors,30.0,30,77,SVR,0.1285605734757902,-24.43375818706643,318,79,99,24,0,0.2976536609309006,18.564264500199556,14.723270506049856,23,56,0.1985530494258115,16.980652001947966,13.374686911626185,0.05,44.086007191856,64.0,1.0,88.17201438371198,1.0,88.17201438371201,,,,,,,,,,,,,,,,,,,,,,,,,
results\scientific_validation\FINAL_information_source_ablation_5x5\THR\molecule\formulation\without_BDE\THR_outer_fold_metrics.csv,THR,4,molecule,formulation,baseline_inclusive,0,advanced,1,descriptors,30.0,30,184,ExtraTrees,0.4338098760600932,-19.69485618756156,318,79,99,24,0,0.6036418168502191,13.945882459935302,10.266105502387967,23,56,0.732138649386025,9.816846460068636,7.2757197607427955,0.05,34.01072102934023,64.0,0.9873417721518988,68.02144205868049,1.0,68.02144205868046,,,,,,,,,,,,,,,,,,,,,,,,,
results\05_Shap\FINAL_core_fixed_baseline_inclusive_5x5\THR\molecule\formulation\without_BDE\THR_outer_fold_metrics.csv,THR,5,molecule,formulation,baseline_inclusive,0,advanced,1,descriptors,30.0,30,186,LGBM,0.4886691536296991,-17.70165373885671,318,79,98,25,0,0.2813793348706696,23.425161555914134,15.892492523597465,22,57,0.269413408971623,18.750484889503856,11.694508955321284,0.05,54.41760370854844,64.0,0.9493670886075948,108.83520741709688,0.9649122807017544,108.83520741709688,,,,,,,,,,,,,,,,,,,,,,,,,
results\scientific_validation\FINAL_BDE_paired_ablation_5x5\THR\molecule\formulation\without_BDE\THR_outer_fold_metrics.csv,THR,5,molecule,formulation,baseline_inclusive,0,advanced,1,descriptors,30.0,30,186,LGBM,0.4886691536296991,-17.70165373885671,318,79,98,25,0,0.2813793348706696,23.425161555914134,15.892492523597465,22,57,0.269413408971623,18.750484889503856,11.694508955321284,0.05,54.41760370854844,64.0,0.9493670886075948,108.83520741709688,0.9649122807017544,108.83520741709688,,,,,,,,,,,,,,,,,,,,,,,,,
results\scientific_validation\FINAL_core_fixed_baseline_inclusive_5x5\THR\molecule\formulation\without_BDE\THR_outer_fold_metrics.csv,THR,5,molecule,formulation,baseline_inclusive,0,advanced,1,descriptors,30.0,30,186,LGBM,0.4886691536296991,-17.70165373885671,318,79,98,25,0,0.2813793348706696,23.425161555914134,15.892492523597465,22,57,0.269413408971623,18.750484889503856,11.694508955321284,0.05,54.41760370854844,64.0,0.9493670886075948,108.83520741709688,0.9649122807017544,108.83520741709688,,,,,,,,,,,,,,,,,,,,,,,,,
results\scientific_validation\FINAL_grouping_sensitivity_5x5\THR\molecule\formulation\without_BDE\THR_outer_fold_metrics.csv,THR,5,molecule,formulation,baseline_inclusive,0,advanced,1,descriptors,30.0,30,186,LGBM,0.4886691536296991,-17.70165373885671,318,79,98,25,0,0.2813793348706696,23.425161555914134,15.892492523597465,22,57,0.269413408971623,18.750484889503856,11.694508955321284,0.05,54.41760370854844,64.0,0.9493670886075948,108.83520741709688,0.9649122807017544,108.83520741709688,,,,,,,,,,,,,,,,,,,,,,,,,
results\scientific_validation\FINAL_information_source_ablation_5x5\all\THR\molecule\formulation\without_BDE\THR_outer_fold_metrics.csv,THR,5,molecule,formulation,baseline_inclusive,0,advanced,1,descriptors,30.0,30,186,LGBM,0.4886691536296991,-17.70165373885671,318,79,98,25,0,0.2813793348706696,23.425161555914134,15.892492523597465,22,57,0.269413408971623,18.750484889503856,11.694508955321284,0.05,54.41760370854844,64.0,0.9493670886075948,108.83520741709688,0.9649122807017544,108.83520741709688,,,,,,,,,,,,,,,,,,,,,,,,,
results\scientific_validation\FINAL_information_source_ablation_5x5\conditions_only\THR\molecule\formulation\conditions_only\without_BDE\THR_outer_fold_metrics.csv,THR,5,molecule,formulation,baseline_inclusive,0,advanced,1,descriptors,30.0,30,105,LGBM,0.484001614502026,-17.782262475037555,318,79,98,25,0,0.2948129815281399,23.20517768816362,15.615535949711928,22,57,0.298904285052901,18.36814550184255,11.310213838005051,0.05,55.606119502824285,64.0,0.9493670886075948,111.21223900564856,0.9649122807017544,111.21223900564858,,,,,,,,,,,,,,,,,,,,,,,,,
results\scientific_validation\FINAL_information_source_ablation_5x5\molecular_only\THR\molecule\formulation\molecular_only\without_BDE\THR_outer_fold_metrics.csv,THR,5,molecule,formulation,baseline_inclusive,0,advanced,1,descriptors,30.0,30,82,SVR,0.1753229928403739,-22.4804390068266,318,79,98,25,0,0.1030468037635374,26.17083833555845,20.40328709966264,22,57,-0.0228228784921713,22.18589082198889,18.10350841588576,0.05,74.5620823967987,64.0,0.9873417721518988,149.12416479359734,1.0,149.1241647935974,,,,,,,,,,,,,,,,,,,,,,,,,
results\scientific_validation\FINAL_information_source_ablation_5x5\THR\molecule\formulation\conditions_only\without_BDE\THR_outer_fold_metrics.csv,THR,5,molecule,formulation,baseline_inclusive,0,advanced,1,descriptors,30.0,30,107,LGBM,0.4849190521106982,-17.766447140300446,318,79,98,25,0,0.2948129815281399,23.20517768816362,15.615535949711928,22,57,0.298904285052901,18.36814550184255,11.310213838005051,0.05,55.606119502824285,64.0,0.9493670886075948,111.21223900564856,0.9649122807017544,111.21223900564858,,,,,,,,,,,,,,,,,,,,,,,,,
results\scientific_validation\FINAL_information_source_ablation_5x5\THR\molecule\formulation\molecular_only\without_BDE\THR_outer_fold_metrics.csv,THR,5,molecule,formulation,baseline_inclusive,0,advanced,1,descriptors,30.0,30,82,SVR,0.1753229928403739,-22.4804390068266,318,79,98,25,0,0.1030468037635374,26.17083833555845,20.40328709966264,22,57,-0.0228228784921713,22.18589082198889,18.10350841588576,0.05,74.5620823967987,64.0,0.9873417721518988,149.12416479359734,1.0,149.1241647935974,,,,,,,,,,,,,,,,,,,,,,,,,
results\scientific_validation\FINAL_information_source_ablation_5x5\THR\molecule\formulation\without_BDE\THR_outer_fold_metrics.csv,THR,5,molecule,formulation,baseline_inclusive,0,advanced,1,descriptors,30.0,30,188,LGBM,0.4886691536296991,-17.70165373885671,318,79,98,25,0,0.2813793348706696,23.425161555914134,15.892492523597465,22,57,0.269413408971623,18.750484889503856,11.694508955321284,0.05,54.41760370854844,64.0,0.9493670886075948,108.83520741709688,0.9649122807017544,108.83520741709688,,,,,,,,,,,,,,,,,,,,,,,,,
results\scientific_validation\FINAL_grouping_sensitivity_5x5\THR\reference\formulation\without_BDE\THR_outer_fold_metrics.csv,THR,1,reference,formulation,baseline_inclusive,0,advanced,1,descriptors,30.0,30,187,SVR,0.2965190286958461,-19.19620929891673,318,79,91,22,0,0.0066866565710627,31.38044407533347,18.359729492476312,22,57,0.0530595131257828,24.040281280271984,14.346207646688898,0.05,53.99987140440494,64.0,0.8734177215189873,107.99974280880988,0.8947368421052632,107.99974280880988,,,,,,,,,,,,,,,,,,,,,,,,,
results\scientific_validation\FINAL_grouping_sensitivity_5x5\THR\reference\formulation\without_BDE\THR_outer_fold_metrics.csv,THR,2,reference,formulation,baseline_inclusive,0,advanced,1,descriptors,30.0,30,184,GBDT,0.428482541105656,-19.463793996258676,318,79,91,22,0,0.5379050404143537,16.291239671909693,11.93871733215211,22,57,0.7217064591457417,10.039282012056557,7.4851759065038,0.05,64.51038977692299,64.0,1.0,129.02077955384598,1.0,129.02077955384598,,,,,,,,,,,,,,,,,,,,,,,,,
results\scientific_validation\FINAL_grouping_sensitivity_5x5\THR\reference\formulation\without_BDE\THR_outer_fold_metrics.csv,THR,3,reference,formulation,baseline_inclusive,0,advanced,1,descriptors,30.0,30,185,SoftVote,0.4148024244361773,-19.61525076981967,317,80,90,23,0,0.1972671802948786,21.444047131426583,13.944691064059274,22,58,-0.1221060803511482,18.39257926998088,11.43537422228048,0.05,44.90173541316881,64.0,0.925,89.80347082633762,0.9482758620689656,89.80347082633762,,,,,,,,,,,,,,,,,,,,,,,,,
results\scientific_validation\FINAL_grouping_sensitivity_5x5\THR\reference\formulation\without_BDE\THR_outer_fold_metrics.csv,THR,4,reference,formulation,baseline_inclusive,0,advanced,1,descriptors,30.0,30,187,XGB,0.4222499684693973,-19.863574804092025,317,80,90,23,0,0.4959869430436154,15.90551091718776,12.300233795166015,23,57,0.6056676482234713,11.476133846349017,9.352005117315995,0.05,57.85739746093751,64.0,1.0,115.71479492187498,1.0,115.714794921875,,,,,,,,,,,,,,,,,,,,,,,,,
results\scientific_validation\FINAL_grouping_sensitivity_5x5\THR\reference\formulation\without_BDE\THR_outer_fold_metrics.csv,THR,5,reference,formulation,baseline_inclusive,0,advanced,1,descriptors,30.0,30,179,XGB,0.3817528070523154,-20.74436635953794,318,79,90,23,0,0.5724922198333873,13.656332983401214,10.779519352007515,22,57,0.6684968421502806,10.68835118803676,8.16598628529331,0.05,69.5328338623047,64.0,1.0,139.06566772460943,1.0,139.0656677246094,,,,,,,,,,,,,,,,,,,,,,,,,
results\scientific_validation\FINAL_grouping_sensitivity_5x5\THR\scaffold\formulation\without_BDE\THR_outer_fold_metrics.csv,THR,1,scaffold,formulation,baseline_inclusive,0,advanced,1,descriptors,30.0,30,178,GBDT,0.4066458115845918,-20.052785758070936,317,80,85,19,0,0.1066935041424158,21.556511509726715,15.387772966777192,23,57,0.3126672958148155,15.506951261767275,10.834991863227604,0.05,53.95699269219973,64.0,0.9625,107.91398538439948,1.0,107.91398538439948,,,,,,,,,,,,,,,,,,,,,,,,,
results\scientific_validation\FINAL_grouping_sensitivity_5x5\THR\scaffold\formulation\without_BDE\THR_outer_fold_metrics.csv,THR,2,scaffold,formulation,baseline_inclusive,0,advanced,1,descriptors,30.0,30,187,ExtraTrees,0.4331533685648639,-19.219807288639554,317,80,82,22,0,0.5383540910452397,17.000699436216742,10.356921291135532,23,57,0.8019278803806672,8.256115905378442,6.061514144419019,0.05,63.15093810444047,64.0,0.9875,126.30187620888094,1.0,126.30187620888094,,,,,,,,,,,,,,,,,,,,,,,,,
results\scientific_validation\FINAL_grouping_sensitivity_5x5\THR\scaffold\formulation\without_BDE\THR_outer_fold_metrics.csv,THR,3,scaffold,formulation,baseline_inclusive,0,advanced,1,descriptors,30.0,30,185,GBDT,0.4300382485819948,-18.715666007840877,318,79,83,21,0,0.4369390990828449,20.893682567203022,12.17569789411001,21,58,0.6772030445039143,12.644797729023804,8.317650330511366,0.05,58.19858019718056,64.0,0.9873417721518988,116.39716039436112,1.0,116.39716039436112,,,,,,,,,,,,,,,,,,,,,,,,,
results\scientific_validation\FINAL_grouping_sensitivity_5x5\THR\scaffold\formulation\without_BDE\THR_outer_fold_metrics.csv,THR,4,scaffold,formulation,baseline_inclusive,0,advanced,1,descriptors,30.0,30,186,XGB,0.4148838031938137,-19.25215542768688,318,79,83,21,0,0.4290561327980868,18.440173713395467,13.82510632478738,22,57,0.500114411174654,14.722132485712043,11.260864364891722,0.05,62.06707611083985,64.0,0.9873417721518988,124.1341522216796,0.9824561403508772,124.13415222167968,,,,,,,,,,,,,,,,,,,,,,,,,
results\scientific_validation\FINAL_grouping_sensitivity_5x5\THR\scaffold\formulation\without_BDE\THR_outer_fold_metrics.csv,THR,5,scaffold,formulation,baseline_inclusive,0,advanced,1,descriptors,30.0,30,184,LGBM,0.4783472887133917,-18.365129228038224,318,79,83,21,0,0.2378149648869948,20.879796444408136,14.584680059973422,22,57,0.1072750347712658,17.089577182073615,11.01182593823906,0.05,51.71366183963234,64.0,0.9620253164556962,103.4273236792647,0.9649122807017544,103.42732367926467,,,,,,,,,,,,,,,,,,,,,,,,,
results\scientific_validation\FINAL_BDE_paired_ablation_5x5\THR\molecule\formulation\with_BDE\THR_outer_fold_metrics.csv,THR,1,molecule,formulation,baseline_inclusive,1,advanced,1,descriptors,30.0,30,205,GBDT,0.3997824472180684,-20.230716072607155,317,80,98,25,0,0.5658856010227588,14.633672894537977,10.61831149816701,22,58,0.7053764317131432,9.085959148146843,6.844113438673196,0.05,75.09181210013487,64.0,1.0,150.18362420026978,1.0,150.18362420026975,,,,,,,,,,,,,,,,,,,,,,,,,
results\scientific_validation\FINAL_BDE_paired_ablation_5x5\THR\molecule\formulation\with_BDE\THR_outer_fold_metrics.csv,THR,2,molecule,formulation,baseline_inclusive,1,advanced,1,descriptors,30.0,30,209,XGB,0.3499903424391924,-20.80629819796076,317,80,98,25,0,0.5221692713442558,16.489168509529613,11.305899435043337,21,59,0.6350355971506332,13.352940379611017,8.966203900353385,0.05,44.85690307617188,64.0,0.9625,89.71380615234375,0.9830508474576272,89.71380615234375,,,,,,,,,,,,,,,,,,,,,,,,,
results\scientific_validation\FINAL_BDE_paired_ablation_5x5\THR\molecule\formulation\with_BDE\THR_outer_fold_metrics.csv,THR,3,molecule,formulation,baseline_inclusive,1,advanced,1,descriptors,30.0,30,202,GBDT,0.4450086521560873,-18.02615114837209,318,79,99,24,0,0.4139669972630545,22.85561042851521,14.286663004543604,23,56,0.6032194091837028,13.35053811121039,10.276356554527116,0.05,30.84458253858216,64.0,0.9113924050632912,61.68916507716429,0.9464285714285714,61.68916507716432,,,,,,,,,,,,,,,,,,,,,,,,,
results\scientific_validation\FINAL_BDE_paired_ablation_5x5\THR\molecule\formulation\with_BDE\THR_outer_fold_metrics.csv,THR,4,molecule,formulation,baseline_inclusive,1,advanced,1,descriptors,30.0,30,203,GBDT,0.41818965061086,-19.964681685164717,318,79,99,24,0,0.6244112700689921,13.575579023190384,10.03654509874722,23,56,0.7702231497406262,9.092223594523194,6.98740443759896,0.05,31.106445878407698,64.0,0.9746835443037974,62.21289175681539,1.0,62.2128917568154,,,,,,,,,,,,,,,,,,,,,,,,,
results\scientific_validation\FINAL_BDE_paired_ablation_5x5\THR\molecule\formulation\with_BDE\THR_outer_fold_metrics.csv,THR,5,molecule,formulation,baseline_inclusive,1,advanced,1,descriptors,30.0,30,208,LGBM,0.4778479875827923,-17.887980923211824,318,79,98,25,0,0.2909964873363581,23.267886530678062,16.009429545725897,22,57,0.2905213267929296,18.47763258372089,11.856223446647434,0.05,56.78714697385051,64.0,0.9493670886075948,113.57429394770097,0.9649122807017544,113.57429394770102,,,,,,,,,,,,,,,,,,,,,,,,,
results\05_Shap\FINAL_aux_fixed_baseline_inclusive_5x5\TS_MPa\molecule\formulation\without_BDE\TS_MPa_outer_fold_metrics.csv,TS_MPa,1,molecule,formulation,baseline_inclusive,0,advanced,1,compact,140.0,140,303,GBDT,0.4879791556823823,-11.40253237050464,204,52,54,14,0,0.5581165386193077,10.923996695668698,9.334227417729336,13,39,0.6287916959933862,10.817670700661257,9.158227843170872,0.05,28.66924613300556,40.0,1.0,57.33849226601113,1.0,57.33849226601112,,,,,,,,,,,,,,,,,,,,,,,,,
results\scientific_validation\FINAL_aux_fixed_baseline_inclusive_5x5\TS_MPa\molecule\formulation\without_BDE\TS_MPa_outer_fold_metrics.csv,TS_MPa,1,molecule,formulation,baseline_inclusive,0,advanced,1,compact,140.0,140,303,GBDT,0.4879791556823823,-11.40253237050464,204,52,54,14,0,0.5581165386193077,10.923996695668698,9.334227417729336,13,39,0.6287916959933862,10.817670700661257,9.158227843170872,0.05,28.66924613300556,40.0,1.0,57.33849226601113,1.0,57.33849226601112,,,,,,,,,,,,,,,,,,,,,,,,,
results\scientific_validation\FINAL_BDE_paired_ablation_5x5\TS_MPa\molecule\formulation\without_BDE\TS_MPa_outer_fold_metrics.csv,TS_MPa,1,molecule,formulation,baseline_inclusive,0,advanced,1,compact,140.0,140,303,GBDT,0.4879791556823823,-11.40253237050464,204,52,54,14,0,0.5581165386193077,10.923996695668698,9.334227417729336,13,39,0.6287916959933862,10.817670700661257,9.158227843170872,0.05,28.66924613300556,40.0,1.0,57.33849226601113,1.0,57.33849226601112,,,,,,,,,,,,,,,,,,,,,,,,,
results\05_Shap\FINAL_aux_fixed_baseline_inclusive_5x5\TS_MPa\molecule\formulation\without_BDE\TS_MPa_outer_fold_metrics.csv,TS_MPa,2,molecule,formulation,baseline_inclusive,0,advanced,1,compact,140.0,140,298,GBDT,0.4473735881555839,-11.16058635894633,204,52,54,14,0,0.4985967762113538,14.04770182568164,11.293499005141747,13,39,0.5897796643470847,12.952891852508111,10.870988262418008,0.05,23.154504129364284,40.0,0.9230769230769232,46.309008258728575,0.9487179487179488,46.30900825872859,,,,,,,,,,,,,,,,,,,,,,,,,
results\scientific_validation\FINAL_aux_fixed_baseline_inclusive_5x5\TS_MPa\molecule\formulation\without_BDE\TS_MPa_outer_fold_metrics.csv,TS_MPa,2,molecule,formulation,baseline_inclusive,0,advanced,1,compact,140.0,140,298,GBDT,0.4473735881555839,-11.16058635894633,204,52,54,14,0,0.4985967762113538,14.04770182568164,11.293499005141747,13,39,0.5897796643470847,12.952891852508111,10.870988262418008,0.05,23.154504129364284,40.0,0.9230769230769232,46.309008258728575,0.9487179487179488,46.30900825872859,,,,,,,,,,,,,,,,,,,,,,,,,
results\scientific_validation\FINAL_BDE_paired_ablation_5x5\TS_MPa\molecule\formulation\without_BDE\TS_MPa_outer_fold_metrics.csv,TS_MPa,2,molecule,formulation,baseline_inclusive,0,advanced,1,compact,140.0,140,298,GBDT,0.4473735881555839,-11.16058635894633,204,52,54,14,0,0.4985967762113538,14.04770182568164,11.293499005141747,13,39,0.5897796643470847,12.952891852508111,10.870988262418008,0.05,23.154504129364284,40.0,0.9230769230769232,46.309008258728575,0.9487179487179488,46.30900825872859,,,,,,,,,,,,,,,,,,,,,,,,,
results\05_Shap\FINAL_aux_fixed_baseline_inclusive_5x5\TS_MPa\molecule\formulation\without_BDE\TS_MPa_outer_fold_metrics.csv,TS_MPa,3,molecule,formulation,baseline_inclusive,0,advanced,1,compact,140.0,140,292,XGB,0.4800633488805398,-11.81928954926367,204,52,54,14,0,0.3687965751536805,11.84841744271718,9.604699701162485,14,38,0.4022389455720905,11.862756108287812,9.570791200336656,0.05,37.6667724609375,40.0,1.0,75.33354492187497,1.0,75.33354492187496,,,,,,,,,,,,,,,,,,,,,,,,,
results\scientific_validation\FINAL_aux_fixed_baseline_inclusive_5x5\TS_MPa\molecule\formulation\without_BDE\TS_MPa_outer_fold_metrics.csv,TS_MPa,3,molecule,formulation,baseline_inclusive,0,advanced,1,compact,140.0,140,292,XGB,0.4800633488805398,-11.81928954926367,204,52,54,14,0,0.3687965751536805,11.84841744271718,9.604699701162485,14,38,0.4022389455720905,11.862756108287812,9.570791200336656,0.05,37.6667724609375,40.0,1.0,75.33354492187497,1.0,75.33354492187496,,,,,,,,,,,,,,,,,,,,,,,,,
results\scientific_validation\FINAL_BDE_paired_ablation_5x5\TS_MPa\molecule\formulation\without_BDE\TS_MPa_outer_fold_metrics.csv,TS_MPa,3,molecule,formulation,baseline_inclusive,0,advanced,1,compact,140.0,140,292,XGB,0.4800633488805398,-11.81928954926367,204,52,54,14,0,0.3687965751536805,11.84841744271718,9.604699701162485,14,38,0.4022389455720905,11.862756108287812,9.570791200336656,0.05,37.6667724609375,40.0,1.0,75.33354492187497,1.0,75.33354492187496,,,,,,,,,,,,,,,,,,,,,,,,,
results\05_Shap\FINAL_aux_fixed_baseline_inclusive_5x5\TS_MPa\molecule\formulation\without_BDE\TS_MPa_outer_fold_metrics.csv,TS_MPa,4,molecule,formulation,baseline_inclusive,0,advanced,1,compact,140.0,140,302,RF,0.4956871525672295,-11.639878276461532,206,50,55,13,0,0.3661167741090224,11.85732276977182,9.524349246230866,13,37,0.4758131476018652,10.398307319678224,8.356116813854033,0.05,33.648896802859326,42.0,1.0,67.29779360571865,1.0,67.29779360571865,,,,,,,,,,,,,,,,,,,,,,,,,
results\scientific_validation\FINAL_aux_fixed_baseline_inclusive_5x5\TS_MPa\molecule\formulation\without_BDE\TS_MPa_outer_fold_metrics.csv,TS_MPa,4,molecule,formulation,baseline_inclusive,0,advanced,1,compact,140.0,140,302,RF,0.4956871525672295,-11.639878276461532,206,50,55,13,0,0.3661167741090224,11.85732276977182,9.524349246230866,13,37,0.4758131476018652,10.398307319678224,8.356116813854033,0.05,33.648896802859326,42.0,1.0,67.29779360571865,1.0,67.29779360571865,,,,,,,,,,,,,,,,,,,,,,,,,
results\scientific_validation\FINAL_BDE_paired_ablation_5x5\TS_MPa\molecule\formulation\without_BDE\TS_MPa_outer_fold_metrics.csv,TS_MPa,4,molecule,formulation,baseline_inclusive,0,advanced,1,compact,140.0,140,302,RF,0.4956871525672295,-11.639878276461532,206,50,55,13,0,0.3661167741090224,11.85732276977182,9.524349246230866,13,37,0.4758131476018652,10.398307319678224,8.356116813854033,0.05,33.648896802859326,42.0,1.0,67.29779360571865,1.0,67.29779360571865,,,,,,,,,,,,,,,,,,,,,,,,,
results\05_Shap\FINAL_aux_fixed_baseline_inclusive_5x5\TS_MPa\molecule\formulation\without_BDE\TS_MPa_outer_fold_metrics.csv,TS_MPa,5,molecule,formulation,baseline_inclusive,0,advanced,1,compact,140.0,140,292,SoftVote,0.3694797605817195,-13.288052799041443,206,50,55,13,0,0.5191226361339438,9.110149097604724,7.005652418362237,13,37,0.6051058892265329,8.74254229540157,6.436212157800187,0.05,27.835818533936724,42.0,0.98,55.67163706787344,0.972972972972973,55.67163706787344,,,,,,,,,,,,,,,,,,,,,,,,,
results\scientific_validation\FINAL_aux_fixed_baseline_inclusive_5x5\TS_MPa\molecule\formulation\without_BDE\TS_MPa_outer_fold_metrics.csv,TS_MPa,5,molecule,formulation,baseline_inclusive,0,advanced,1,compact,140.0,140,292,SoftVote,0.3694797605817195,-13.288052799041443,206,50,55,13,0,0.5191226361339438,9.110149097604724,7.005652418362237,13,37,0.6051058892265329,8.74254229540157,6.436212157800187,0.05,27.835818533936724,42.0,0.98,55.67163706787344,0.972972972972973,55.67163706787344,,,,,,,,,,,,,,,,,,,,,,,,,
results\scientific_validation\FINAL_BDE_paired_ablation_5x5\TS_MPa\molecule\formulation\without_BDE\TS_MPa_outer_fold_metrics.csv,TS_MPa,5,molecule,formulation,baseline_inclusive,0,advanced,1,compact,140.0,140,292,SoftVote,0.3694797605817195,-13.288052799041443,206,50,55,13,0,0.5191226361339438,9.110149097604724,7.005652418362237,13,37,0.6051058892265329,8.74254229540157,6.436212157800187,0.05,27.835818533936724,42.0,0.98,55.67163706787344,0.972972972972973,55.67163706787344,,,,,,,,,,,,,,,,,,,,,,,,,
results\scientific_validation\FINAL_BDE_paired_ablation_5x5\TS_MPa\molecule\formulation\with_BDE\TS_MPa_outer_fold_metrics.csv,TS_MPa,1,molecule,formulation,baseline_inclusive,1,advanced,1,compact,140.0,140,323,GBDT,0.4863785174525599,-11.420341301259455,204,52,54,14,0,0.5456936359830511,11.076488392749562,9.525113959050287,13,39,0.615248844753191,11.01323437923101,9.399889638705364,0.05,28.692008403588886,40.0,1.0,57.38401680717778,1.0,57.384016807177794,,,,,,,,,,,,,,,,,,,,,,,,,
results\scientific_validation\FINAL_BDE_paired_ablation_5x5\TS_MPa\molecule\formulation\with_BDE\TS_MPa_outer_fold_metrics.csv,TS_MPa,2,molecule,formulation,baseline_inclusive,1,advanced,1,compact,140.0,140,315,GBDT,0.4493622144419609,-11.14048757482668,204,52,54,14,0,0.5235610602339618,13.693527685368998,11.051473355753313,13,39,0.6222388787790989,12.429875424457228,10.539222383617004,0.05,23.47190310435802,40.0,0.9230769230769232,46.94380620871604,0.9487179487179488,46.94380620871605,,,,,,,,,,,,,,,,,,,,,,,,,
results\scientific_validation\FINAL_BDE_paired_ablation_5x5\TS_MPa\molecule\formulation\with_BDE\TS_MPa_outer_fold_metrics.csv,TS_MPa,3,molecule,formulation,baseline_inclusive,1,advanced,1,compact,140.0,140,310,XGB,0.505004538872663,-11.532322109767629,204,52,54,14,0,0.384558583038859,11.699546642553702,9.436882438659667,14,38,0.4229891995390984,11.6550399008553,9.334623794555664,0.05,37.49237976074219,40.0,1.0,74.98475952148435,1.0,74.98475952148434,,,,,,,,,,,,,,,,,,,,,,,,,
results\scientific_validation\FINAL_BDE_paired_ablation_5x5\TS_MPa\molecule\formulation\with_BDE\TS_MPa_outer_fold_metrics.csv,TS_MPa,4,molecule,formulation,baseline_inclusive,1,advanced,1,compact,140.0,140,322,GBDT,0.4966619594529432,-11.628623237105549,206,50,55,13,0,0.4567270180799182,10.977187083220146,8.407200565381075,13,37,0.5933164258442232,9.158996703661966,6.989300229094051,0.05,34.00544143236395,42.0,1.0,68.01088286472792,1.0,68.01088286472792,,,,,,,,,,,,,,,,,,,,,,,,,
results\scientific_validation\FINAL_BDE_paired_ablation_5x5\TS_MPa\molecule\formulation\with_BDE\TS_MPa_outer_fold_metrics.csv,TS_MPa,5,molecule,formulation,baseline_inclusive,1,advanced,1,compact,140.0,140,312,SoftVote,0.3710202718907042,-13.271809930737446,206,50,55,13,0,0.5462434877666829,8.849520775101503,6.6361229360303335,13,37,0.6337885786817159,8.419055180484328,5.998396988136284,0.05,25.69144489709918,42.0,0.98,51.38288979419836,0.972972972972973,51.38288979419835,,,,,,,,,,,,,,,,,,,,,,,,,
results\05_Shap\FINAL_aux_fixed_baseline_inclusive_5x5\Tg\molecule\formulation\without_BDE\Tg_outer_fold_metrics.csv,Tg,1,molecule,formulation,baseline_inclusive,0,advanced,1,morgan_r3,270.0,270,614,XGB,0.475994342386683,-18.683195111231285,285,72,78,20,0,0.4787625714051408,10.883379388258945,8.738574091593424,18,54,0.6338947873839609,9.677367460309062,7.945040554470484,0.05,71.30025024414063,57.0,1.0,142.60050048828123,1.0,142.6005004882812,,,,,,,,,,,,,,,,,,,,,,,,,
results\scientific_validation\FINAL_aux_fixed_baseline_inclusive_5x5\Tg\molecule\formulation\without_BDE\Tg_outer_fold_metrics.csv,Tg,1,molecule,formulation,baseline_inclusive,0,advanced,1,morgan_r3,270.0,270,614,XGB,0.475994342386683,-18.683195111231285,285,72,78,20,0,0.4787625714051408,10.883379388258945,8.738574091593424,18,54,0.6338947873839609,9.677367460309062,7.945040554470484,0.05,71.30025024414063,57.0,1.0,142.60050048828123,1.0,142.6005004882812,,,,,,,,,,,,,,,,,,,,,,,,,
results\scientific_validation\FINAL_BDE_paired_ablation_5x5\Tg\molecule\formulation\without_BDE\Tg_outer_fold_metrics.csv,Tg,1,molecule,formulation,baseline_inclusive,0,advanced,1,morgan_r3,270.0,270,614,XGB,0.475994342386683,-18.683195111231285,285,72,78,20,0,0.4787625714051408,10.883379388258945,8.738574091593424,18,54,0.6338947873839609,9.677367460309062,7.945040554470484,0.05,71.30025024414063,57.0,1.0,142.60050048828123,1.0,142.6005004882812,,,,,,,,,,,,,,,,,,,,,,,,,
results\05_Shap\FINAL_aux_fixed_baseline_inclusive_5x5\Tg\molecule\formulation\without_BDE\Tg_outer_fold_metrics.csv,Tg,2,molecule,formulation,baseline_inclusive,0,advanced,1,morgan_r3,270.0,270,589,XGB,0.4463244663735515,-19.24420319197229,285,72,78,20,0,0.4575670731619888,11.525453527114148,9.362521150377065,17,55,0.4273642446166923,11.644435604740956,9.436089144620029,0.05,59.886260986328125,57.0,1.0,119.77252197265624,1.0,119.77252197265624,,,,,,,,,,,,,,,,,,,,,,,,,
results\scientific_validation\FINAL_aux_fixed_baseline_inclusive_5x5\Tg\molecule\formulation\without_BDE\Tg_outer_fold_metrics.csv,Tg,2,molecule,formulation,baseline_inclusive,0,advanced,1,morgan_r3,270.0,270,589,XGB,0.4463244663735515,-19.24420319197229,285,72,78,20,0,0.4575670731619888,11.525453527114148,9.362521150377065,17,55,0.4273642446166923,11.644435604740956,9.436089144620029,0.05,59.886260986328125,57.0,1.0,119.77252197265624,1.0,119.77252197265624,,,,,,,,,,,,,,,,,,,,,,,,,
results\scientific_validation\FINAL_BDE_paired_ablation_5x5\Tg\molecule\formulation\without_BDE\Tg_outer_fold_metrics.csv,Tg,2,molecule,formulation,baseline_inclusive,0,advanced,1,morgan_r3,270.0,270,589,XGB,0.4463244663735515,-19.24420319197229,285,72,78,20,0,0.4575670731619888,11.525453527114148,9.362521150377065,17,55,0.4273642446166923,11.644435604740956,9.436089144620029,0.05,59.886260986328125,57.0,1.0,119.77252197265624,1.0,119.77252197265624,,,,,,,,,,,,,,,,,,,,,,,,,
results\05_Shap\FINAL_aux_fixed_baseline_inclusive_5x5\Tg\molecule\formulation\without_BDE\Tg_outer_fold_metrics.csv,Tg,3,molecule,formulation,baseline_inclusive,0,advanced,1,morgan_r3,270.0,270,619,XGB,0.4236197924161192,-18.04444351700789,286,71,79,19,0,0.69014725145503,14.190580597979292,9.644180891010125,19,52,0.7848208034065701,12.025478242681876,8.329623225285458,0.05,60.79468688964843,58.0,0.9859154929577464,121.5893737792969,1.0,121.58937377929686,,,,,,,,,,,,,,,,,,,,,,,,,
results\scientific_validation\FINAL_aux_fixed_baseline_inclusive_5x5\Tg\molecule\formulation\without_BDE\Tg_outer_fold_metrics.csv,Tg,3,molecule,formulation,baseline_inclusive,0,advanced,1,morgan_r3,270.0,270,619,XGB,0.4236197924161192,-18.04444351700789,286,71,79,19,0,0.69014725145503,14.190580597979292,9.644180891010125,19,52,0.7848208034065701,12.025478242681876,8.329623225285458,0.05,60.79468688964843,58.0,0.9859154929577464,121.5893737792969,1.0,121.58937377929686,,,,,,,,,,,,,,,,,,,,,,,,,
results\scientific_validation\FINAL_BDE_paired_ablation_5x5\Tg\molecule\formulation\without_BDE\Tg_outer_fold_metrics.csv,Tg,3,molecule,formulation,baseline_inclusive,0,advanced,1,morgan_r3,270.0,270,619,XGB,0.4236197924161192,-18.04444351700789,286,71,79,19,0,0.69014725145503,14.190580597979292,9.644180891010125,19,52,0.7848208034065701,12.025478242681876,8.329623225285458,0.05,60.79468688964843,58.0,0.9859154929577464,121.5893737792969,1.0,121.58937377929686,,,,,,,,,,,,,,,,,,,,,,,,,
results\05_Shap\FINAL_aux_fixed_baseline_inclusive_5x5\Tg\molecule\formulation\without_BDE\Tg_outer_fold_metrics.csv,Tg,4,molecule,formulation,baseline_inclusive,0,advanced,1,morgan_r3,270.0,270,612,SoftVote,0.5521825788150115,-14.395558461077368,286,71,79,19,0,0.5183058274178801,22.602803153879,14.813324075031115,18,53,0.5218625649236753,21.76092855738432,14.581281113842516,0.05,26.98290285139913,58.0,0.8873239436619719,53.96580570279826,0.8867924528301887,53.96580570279826,,,,,,,,,,,,,,,,,,,,,,,,,
results\scientific_validation\FINAL_aux_fixed_baseline_inclusive_5x5\Tg\molecule\formulation\without_BDE\Tg_outer_fold_metrics.csv,Tg,4,molecule,formulation,baseline_inclusive,0,advanced,1,morgan_r3,270.0,270,612,SoftVote,0.5521825788150115,-14.395558461077368,286,71,79,19,0,0.5183058274178801,22.602803153879,14.813324075031115,18,53,0.5218625649236753,21.76092855738432,14.581281113842516,0.05,26.98290285139913,58.0,0.8873239436619719,53.96580570279826,0.8867924528301887,53.96580570279826,,,,,,,,,,,,,,,,,,,,,,,,,
results\scientific_validation\FINAL_BDE_paired_ablation_5x5\Tg\molecule\formulation\without_BDE\Tg_outer_fold_metrics.csv,Tg,4,molecule,formulation,baseline_inclusive,0,advanced,1,morgan_r3,270.0,270,612,SoftVote,0.5521825788150115,-14.395558461077368,286,71,79,19,0,0.5183058274178801,22.602803153879,14.813324075031115,18,53,0.5218625649236753,21.76092855738432,14.581281113842516,0.05,26.98290285139913,58.0,0.8873239436619719,53.96580570279826,0.8867924528301887,53.96580570279826,,,,,,,,,,,,,,,,,,,,,,,,,
results\05_Shap\FINAL_aux_fixed_baseline_inclusive_5x5\Tg\molecule\formulation\without_BDE\Tg_outer_fold_metrics.csv,Tg,5,molecule,formulation,baseline_inclusive,0,advanced,1,morgan_r3,270.0,270,624,SoftVote,0.4557032559303072,-17.365999017576087,286,71,78,20,0,0.4610734002890431,19.392796966112265,11.848385570726007,18,53,0.5481898299799044,17.84251272896957,10.490240703394877,0.05,37.91996044735956,58.0,0.9014084507042254,75.83992089471914,0.9245283018867924,75.8399208947191,,,,,,,,,,,,,,,,,,,,,,,,,
results\scientific_validation\FINAL_aux_fixed_baseline_inclusive_5x5\Tg\molecule\formulation\without_BDE\Tg_outer_fold_metrics.csv,Tg,5,molecule,formulation,baseline_inclusive,0,advanced,1,morgan_r3,270.0,270,624,SoftVote,0.4557032559303072,-17.365999017576087,286,71,78,20,0,0.4610734002890431,19.392796966112265,11.848385570726007,18,53,0.5481898299799044,17.84251272896957,10.490240703394877,0.05,37.91996044735956,58.0,0.9014084507042254,75.83992089471914,0.9245283018867924,75.8399208947191,,,,,,,,,,,,,,,,,,,,,,,,,
results\scientific_validation\FINAL_BDE_paired_ablation_5x5\Tg\molecule\formulation\without_BDE\Tg_outer_fold_metrics.csv,Tg,5,molecule,formulation,baseline_inclusive,0,advanced,1,morgan_r3,270.0,270,624,SoftVote,0.4557032559303072,-17.365999017576087,286,71,78,20,0,0.4610734002890431,19.392796966112265,11.848385570726007,18,53,0.5481898299799044,17.84251272896957,10.490240703394877,0.05,37.91996044735956,58.0,0.9014084507042254,75.83992089471914,0.9245283018867924,75.8399208947191,,,,,,,,,,,,,,,,,,,,,,,,,
results\scientific_validation\FINAL_BDE_paired_ablation_5x5\Tg\molecule\formulation\with_BDE\Tg_outer_fold_metrics.csv,Tg,1,molecule,formulation,baseline_inclusive,1,advanced,1,morgan_r3,270.0,270,633,XGB,0.4698355679219589,-18.79266860334929,285,72,78,20,0,0.5033438270915538,10.62365333744978,8.441264979044597,18,54,0.6604221108118298,9.32017309131409,7.587502995243778,0.05,71.14471740722657,57.0,1.0,142.2894348144531,1.0,142.28943481445307,,,,,,,,,,,,,,,,,,,,,,,,,
results\scientific_validation\FINAL_BDE_paired_ablation_5x5\Tg\molecule\formulation\with_BDE\Tg_outer_fold_metrics.csv,Tg,2,molecule,formulation,baseline_inclusive,1,advanced,1,morgan_r3,270.0,270,608,GBDT,0.4407937188237522,-19.340080961688237,285,72,78,20,0,0.4625495384275124,11.472398442794567,8.981067384039225,17,55,0.4396867484243442,11.518466391612847,8.902396502582825,0.05,39.95344795526765,57.0,1.0,79.9068959105353,1.0,79.90689591053528,,,,,,,,,,,,,,,,,,,,,,,,,
results\scientific_validation\FINAL_BDE_paired_ablation_5x5\Tg\molecule\formulation\with_BDE\Tg_outer_fold_metrics.csv,Tg,3,molecule,formulation,baseline_inclusive,1,advanced,1,morgan_r3,270.0,270,640,XGB,0.4245074867614767,-18.030542863925717,286,71,79,19,0,0.6757508004205249,14.516500873706324,9.950250708351671,19,52,0.764587142245914,12.5781655292159,8.756522181584286,0.05,62.05382385253907,58.0,0.9859154929577464,124.10764770507808,1.0,124.10764770507814,,,,,,,,,,,,,,,,,,,,,,,,,
results\scientific_validation\FINAL_BDE_paired_ablation_5x5\Tg\molecule\formulation\with_BDE\Tg_outer_fold_metrics.csv,Tg,4,molecule,formulation,baseline_inclusive,1,advanced,1,morgan_r3,270.0,270,631,SoftVote,0.5459998342846923,-14.494593193093058,286,71,79,19,0,0.5258417434702258,22.42530018923396,14.741417241889478,18,53,0.5281984677096818,21.61626833775685,14.497361573323294,0.05,27.383988098408253,58.0,0.9014084507042254,54.76797619681651,0.9056603773584906,54.76797619681651,,,,,,,,,,,,,,,,,,,,,,,,,
results\scientific_validation\FINAL_BDE_paired_ablation_5x5\Tg\molecule\formulation\with_BDE\Tg_outer_fold_metrics.csv,Tg,5,molecule,formulation,baseline_inclusive,1,advanced,1,morgan_r3,270.0,270,645,SoftVote,0.4519701068205849,-17.425451037525615,286,71,78,20,0,0.4798078164762734,19.05274486737253,11.739772217464964,18,53,0.5707593493901256,17.39115541959711,10.375712320639714,0.05,36.16953671910531,58.0,0.9014084507042254,72.33907343821066,0.9245283018867924,72.33907343821062,,,,,,,,,,,,,,,,,,,,,,,,,
results\05_Shap\FINAL_core_fixed_baseline_inclusive_5x5\UL94_V0\molecule\formulation\without_BDE\UL94_V0_outer_fold_metrics.csv,UL94_V0,1,molecule,formulation,baseline_inclusive,0,advanced,1,morgan_r3,,676,676,ExtraTrees,0.7990122570694966,0.805064935064935,485,114,117,26,0,,,,23,91,,,,,,,,,,,0.4900000000000002,0.8157894736842105,0.8221288515406162,0.8156618156618156,0.8161724477513952,0.1258410320855418,0.1232309255864103,48.0,15.0,6.0,45.0,0.9215686274509804,0.9096489380933518,0.7692307692307693,0.7536764705882353,0.7575180814617435,0.7639600597347076,0.157646970285611,0.1542819799546889,25.0,15.0,6.0,45.0,0.8764705882352941,0.9096489380933518
results\scientific_validation\FINAL_BDE_paired_ablation_5x5\UL94_V0\molecule\formulation\without_BDE\UL94_V0_outer_fold_metrics.csv,UL94_V0,1,molecule,formulation,baseline_inclusive,0,advanced,1,morgan_r3,,676,676,ExtraTrees,0.7990122570694966,0.805064935064935,485,114,117,26,0,,,,23,91,,,,,,,,,,,0.4900000000000002,0.8157894736842105,0.8221288515406162,0.8156618156618156,0.8161724477513952,0.1258410320855418,0.1232309255864103,48.0,15.0,6.0,45.0,0.9215686274509804,0.9096489380933518,0.7692307692307693,0.7536764705882353,0.7575180814617435,0.7639600597347076,0.157646970285611,0.1542819799546889,25.0,15.0,6.0,45.0,0.8764705882352941,0.9096489380933518
results\scientific_validation\FINAL_core_fixed_baseline_inclusive_5x5\UL94_V0\molecule\formulation\without_BDE\UL94_V0_outer_fold_metrics.csv,UL94_V0,1,molecule,formulation,baseline_inclusive,0,advanced,1,morgan_r3,,676,676,ExtraTrees,0.7990122570694966,0.805064935064935,485,114,117,26,0,,,,23,91,,,,,,,,,,,0.4900000000000002,0.8157894736842105,0.8221288515406162,0.8156618156618156,0.8161724477513952,0.1258410320855418,0.1232309255864103,48.0,15.0,6.0,45.0,0.9215686274509804,0.9096489380933518,0.7692307692307693,0.7536764705882353,0.7575180814617435,0.7639600597347076,0.157646970285611,0.1542819799546889,25.0,15.0,6.0,45.0,0.8764705882352941,0.9096489380933518
results\scientific_validation\FINAL_grouping_sensitivity_5x5\UL94_V0\molecule\formulation\without_BDE\UL94_V0_outer_fold_metrics.csv,UL94_V0,1,molecule,formulation,baseline_inclusive,0,advanced,1,morgan_r3,,676,676,ExtraTrees,0.7990122570694966,0.805064935064935,485,114,117,26,0,,,,23,91,,,,,,,,,,,0.4900000000000002,0.8157894736842105,0.8221288515406162,0.8156618156618156,0.8161724477513952,0.1258410320855418,0.1232309255864103,48.0,15.0,6.0,45.0,0.9215686274509804,0.9096489380933518,0.7692307692307693,0.7536764705882353,0.7575180814617435,0.7639600597347076,0.157646970285611,0.1542819799546889,25.0,15.0,6.0,45.0,0.8764705882352941,0.9096489380933518
results\scientific_validation\FINAL_information_source_ablation_5x5\all\UL94_V0\molecule\formulation\without_BDE\UL94_V0_outer_fold_metrics.csv,UL94_V0,1,molecule,formulation,baseline_inclusive,0,advanced,1,morgan_r3,,676,676,ExtraTrees,0.7990122570694966,0.805064935064935,485,114,117,26,0,,,,23,91,,,,,,,,,,,0.4900000000000002,0.8157894736842105,0.8221288515406162,0.8156618156618156,0.8161724477513952,0.1258410320855418,0.1232309255864103,48.0,15.0,6.0,45.0,0.9215686274509804,0.9096489380933518,0.7692307692307693,0.7536764705882353,0.7575180814617435,0.7639600597347076,0.157646970285611,0.1542819799546889,25.0,15.0,6.0,45.0,0.8764705882352941,0.9096489380933518
results\scientific_validation\FINAL_information_source_ablation_5x5\conditions_only\UL94_V0\molecule\formulation\conditions_only\without_BDE\UL94_V0_outer_fold_metrics.csv,UL94_V0,1,molecule,formulation,baseline_inclusive,0,advanced,1,morgan_r3,,102,102,ExtraTrees,0.7955947399117075,0.8053679653679653,485,114,117,26,0,,,,23,91,,,,,,,,,,,0.4700000000000002,0.7719298245614035,0.7787114845938375,0.7718596059113301,0.7722809178117708,0.1468098225540015,0.1138015510934687,45.0,18.0,8.0,43.0,0.8820417055711174,0.855180764658604,0.7142857142857143,0.6965686274509804,0.6982142857142857,0.7066326530612245,0.1839102863681623,0.1417552779473568,22.0,18.0,8.0,43.0,0.8142156862745098,0.8551807646586039
results\scientific_validation\FINAL_information_source_ablation_5x5\molecular_only\UL94_V0\molecule\formulation\molecular_only\without_BDE\UL94_V0_outer_fold_metrics.csv,UL94_V0,1,molecule,formulation,baseline_inclusive,0,advanced,1,morgan_r3,,579,579,ExtraTrees,0.6820836312868186,0.6901731601731602,485,114,117,26,0,,,,23,91,,,,,,,,,,,0.5200000000000002,0.7017543859649122,0.7040149393090569,0.700925925925926,0.7025828460038986,0.1821102028463729,0.0285283705877977,43.0,20.0,14.0,37.0,0.7939620292561469,0.7231396671435455,0.6263736263736264,0.6127450980392157,0.612862862862863,0.6216051216051217,0.2281380507340686,0.0357012869894831,20.0,20.0,14.0,37.0,0.6754901960784314,0.7231396671435455
results\scientific_validation\FINAL_information_source_ablation_5x5\UL94_V0\molecule\formulation\conditions_only\without_BDE\UL94_V0_outer_fold_metrics.csv,UL94_V0,1,molecule,formulation,baseline_inclusive,0,advanced,1,morgan_r3,,104,104,ExtraTrees,0.7855223322107698,0.797965367965368,485,114,117,26,0,,,,23,91,,,,,,,,,,,0.4500000000000002,0.7368421052631579,0.7469654528478058,0.7367610837438423,0.7362749546279492,0.1464216916516856,0.0767431721928587,41.0,22.0,8.0,43.0,0.8835978835978836,0.8636592044618852,0.6703296703296703,0.6465686274509804,0.6434169278996865,0.6552585345688793,0.1833938044371015,0.0932190628785976,18.0,22.0,8.0,43.0,0.8166666666666667,0.8636592044618854
results\scientific_validation\FINAL_information_source_ablation_5x5\UL94_V0\molecule\formulation\molecular_only\without_BDE\UL94_V0_outer_fold_metrics.csv,UL94_V0,1,molecule,formulation,baseline_inclusive,0,advanced,1,morgan_r3,,579,579,ExtraTrees,0.6820836312868186,0.6901731601731602,485,114,117,26,0,,,,23,91,,,,,,,,,,,0.5200000000000002,0.7017543859649122,0.7040149393090569,0.700925925925926,0.7025828460038986,0.1821102028463729,0.0285283705877977,43.0,20.0,14.0,37.0,0.7939620292561469,0.7231396671435455,0.6263736263736264,0.6127450980392157,0.612862862862863,0.6216051216051217,0.2281380507340686,0.0357012869894831,20.0,20.0,14.0,37.0,0.6754901960784314,0.7231396671435455
results\scientific_validation\FINAL_information_source_ablation_5x5\UL94_V0\molecule\formulation\without_BDE\UL94_V0_outer_fold_metrics.csv,UL94_V0,1,molecule,formulation,baseline_inclusive,0,advanced,1,morgan_r3,,677,677,ExtraTrees,0.7952879782049807,0.8031168831168831,485,114,117,26,0,,,,23,91,,,,,,,,,,,0.4900000000000002,0.8421052631578947,0.84593837535014,0.8416666666666667,0.8425438596491228,0.1245238144223325,0.1100409820278615,51.0,12.0,6.0,45.0,0.9231248054777466,0.908378487224479,0.8021978021978022,0.7911764705882353,0.795045045045045,0.7996732996732997,0.155996758244206,0.1376993368961932,28.0,12.0,6.0,45.0,0.878921568627451,0.9083784872244792
results\05_Shap\FINAL_core_fixed_baseline_inclusive_5x5\UL94_V0\molecule\formulation\without_BDE\UL94_V0_outer_fold_metrics.csv,UL94_V0,2,molecule,formulation,baseline_inclusive,0,advanced,1,morgan_r3,,678,678,GBDT,0.8168040324228595,0.8158801561704294,489,110,114,29,0,,,,26,84,,,,,,,,,,,0.5700000000000003,0.7454545454545455,0.7353940217391304,0.7367521367521368,0.7445843045843046,0.1792112223837932,0.1471506800252987,51.0,13.0,15.0,31.0,0.8199728260869565,0.6964269511866343,0.6666666666666666,0.665903890160183,0.664957264957265,0.6672364672364672,0.2344361225923639,0.1839850553657035,25.0,13.0,15.0,31.0,0.6967963386727689,0.6964269511866346
results\scientific_validation\FINAL_BDE_paired_ablation_5x5\UL94_V0\molecule\formulation\without_BDE\UL94_V0_outer_fold_metrics.csv,UL94_V0,2,molecule,formulation,baseline_inclusive,0,advanced,1,morgan_r3,,678,678,GBDT,0.8168040324228595,0.8158801561704294,489,110,114,29,0,,,,26,84,,,,,,,,,,,0.5700000000000003,0.7454545454545455,0.7353940217391304,0.7367521367521368,0.7445843045843046,0.1792112223837932,0.1471506800252987,51.0,13.0,15.0,31.0,0.8199728260869565,0.6964269511866343,0.6666666666666666,0.665903890160183,0.664957264957265,0.6672364672364672,0.2344361225923639,0.1839850553657035,25.0,13.0,15.0,31.0,0.6967963386727689,0.6964269511866346
results\scientific_validation\FINAL_core_fixed_baseline_inclusive_5x5\UL94_V0\molecule\formulation\without_BDE\UL94_V0_outer_fold_metrics.csv,UL94_V0,2,molecule,formulation,baseline_inclusive,0,advanced,1,morgan_r3,,678,678,GBDT,0.8168040324228595,0.8158801561704294,489,110,114,29,0,,,,26,84,,,,,,,,,,,0.5700000000000003,0.7454545454545455,0.7353940217391304,0.7367521367521368,0.7445843045843046,0.1792112223837932,0.1471506800252987,51.0,13.0,15.0,31.0,0.8199728260869565,0.6964269511866343,0.6666666666666666,0.665903890160183,0.664957264957265,0.6672364672364672,0.2344361225923639,0.1839850553657035,25.0,13.0,15.0,31.0,0.6967963386727689,0.6964269511866346
results\scientific_validation\FINAL_grouping_sensitivity_5x5\UL94_V0\molecule\formulation\without_BDE\UL94_V0_outer_fold_metrics.csv,UL94_V0,2,molecule,formulation,baseline_inclusive,0,advanced,1,morgan_r3,,678,678,GBDT,0.8168040324228595,0.8158801561704294,489,110,114,29,0,,,,26,84,,,,,,,,,,,0.5700000000000003,0.7454545454545455,0.7353940217391304,0.7367521367521368,0.7445843045843046,0.1792112223837932,0.1471506800252987,51.0,13.0,15.0,31.0,0.8199728260869565,0.6964269511866343,0.6666666666666666,0.665903890160183,0.664957264957265,0.6672364672364672,0.2344361225923639,0.1839850553657035,25.0,13.0,15.0,31.0,0.6967963386727689,0.6964269511866346
results\scientific_validation\FINAL_information_source_ablation_5x5\all\UL94_V0\molecule\formulation\without_BDE\UL94_V0_outer_fold_metrics.csv,UL94_V0,2,molecule,formulation,baseline_inclusive,0,advanced,1,morgan_r3,,678,678,GBDT,0.8168040324228595,0.8158801561704294,489,110,114,29,0,,,,26,84,,,,,,,,,,,0.5700000000000003,0.7454545454545455,0.7353940217391304,0.7367521367521368,0.7445843045843046,0.1792112223837932,0.1471506800252987,51.0,13.0,15.0,31.0,0.8199728260869565,0.6964269511866343,0.6666666666666666,0.665903890160183,0.664957264957265,0.6672364672364672,0.2344361225923639,0.1839850553657035,25.0,13.0,15.0,31.0,0.6967963386727689,0.6964269511866346
results\scientific_validation\FINAL_information_source_ablation_5x5\conditions_only\UL94_V0\molecule\formulation\conditions_only\without_BDE\UL94_V0_outer_fold_metrics.csv,UL94_V0,2,molecule,formulation,baseline_inclusive,0,advanced,1,morgan_r3,,102,102,GBDT,0.7816964285714285,0.7845357324732642,489,110,114,29,0,,,,26,84,,,,,,,,,,,0.4900000000000002,0.7727272727272727,0.7741168478260869,0.7695080043583942,0.7739654528691491,0.1569899606735265,0.0886016190496194,49.0,15.0,10.0,36.0,0.8440896739130435,0.75081078033262,0.7023809523809523,0.6939359267734554,0.6950776825903877,0.6995720024615044,0.205148882936947,0.1044789124962228,23.0,15.0,10.0,36.0,0.7374141876430206,0.75081078033262
results\scientific_validation\FINAL_information_source_ablation_5x5\molecular_only\UL94_V0\molecule\formulation\molecular_only\without_BDE\UL94_V0_outer_fold_metrics.csv,UL94_V0,2,molecule,formulation,baseline_inclusive,0,advanced,1,morgan_r3,,582,582,ExtraTrees,0.7032978069019195,0.7108640298760822,489,110,114,29,0,,,,26,84,,,,,,,,,,,0.5200000000000002,0.6545454545454545,0.6939538043478262,0.6488575268817205,0.6415444770283479,0.1905876109611892,0.0512508832560154,29.0,35.0,3.0,43.0,0.733016304347826,0.6099299027175635,0.5476190476190477,0.5068649885583524,0.4149560117302053,0.4414886189079737,0.2495773378259951,0.0666624058057299,3.0,35.0,3.0,43.0,0.5503432494279177,0.6099299027175635
results\scientific_validation\FINAL_information_source_ablation_5x5\UL94_V0\molecule\formulation\conditions_only\without_BDE\UL94_V0_outer_fold_metrics.csv,UL94_V0,2,molecule,formulation,baseline_inclusive,0,advanced,1,morgan_r3,,104,104,ExtraTrees,0.7847929855445344,0.7856815481242574,489,110,114,29,0,,,,26,84,,,,,,,,,,,0.5500000000000003,0.8090909090909091,0.8084239130434783,0.8054736842105263,0.8098143540669857,0.1399679651652177,0.060935854239813,52.0,12.0,9.0,37.0,0.8773777173913044,0.7770862282803671,0.75,0.744279176201373,0.7456380677721701,0.7488103821196828,0.1832886803296546,0.0792091522711341,26.0,12.0,9.0,37.0,0.7934782608695653,0.7770862282803671
results\scientific_validation\FINAL_information_source_ablation_5x5\UL94_V0\molecule\formulation\molecular_only\without_BDE\UL94_V0_outer_fold_metrics.csv,UL94_V0,2,molecule,formulation,baseline_inclusive,0,advanced,1,morgan_r3,,582,582,ExtraTrees,0.7032978069019195,0.7108640298760822,489,110,114,29,0,,,,26,84,,,,,,,,,,,0.5200000000000002,0.6545454545454545,0.6939538043478262,0.6488575268817205,0.6415444770283479,0.1905876109611892,0.0512508832560154,29.0,35.0,3.0,43.0,0.733016304347826,0.6099299027175635,0.5476190476190477,0.5068649885583524,0.4149560117302053,0.4414886189079737,0.2495773378259951,0.0666624058057299,3.0,35.0,3.0,43.0,0.5503432494279177,0.6099299027175635
results\scientific_validation\FINAL_information_source_ablation_5x5\UL94_V0\molecule\formulation\without_BDE\UL94_V0_outer_fold_metrics.csv,UL94_V0,2,molecule,formulation,baseline_inclusive,0,advanced,1,morgan_r3,,679,679,GBDT,0.8130416312659303,0.8127312850110338,489,110,114,29,0,,,,26,84,,,,,,,,,,,0.5700000000000003,0.7454545454545455,0.7353940217391304,0.7367521367521368,0.7445843045843046,0.1773605356600364,0.1434904474214388,51.0,13.0,15.0,31.0,0.8203125,0.6942646496422153,0.6666666666666666,0.665903890160183,0.664957264957265,0.6672364672364672,0.2320053442674247,0.1790638690135964,25.0,13.0,15.0,31.0,0.6973684210526316,0.6942646496422153
results\05_Shap\FINAL_core_fixed_baseline_inclusive_5x5\UL94_V0\molecule\formulation\without_BDE\UL94_V0_outer_fold_metrics.csv,UL94_V0,3,molecule,formulation,baseline_inclusive,0,advanced,1,morgan_r3,,683,683,ExtraTrees,0.8004237288135594,0.8156661274906256,471,128,114,29,0,,,,28,100,,,,,,,,,,,0.4000000000000002,0.796875,0.8039408866995074,0.796875,0.796875,0.1560436976751753,0.1201893429526479,51.0,19.0,7.0,51.0,0.8571428571428572,0.8103895075698417,0.74,0.7134646962233169,0.7178819444444444,0.7305208333333333,0.1997354967721248,0.1541691402013243,23.0,19.0,7.0,51.0,0.7619047619047619,0.810389507569842
results\scientific_validation\FINAL_BDE_paired_ablation_5x5\UL94_V0\molecule\formulation\without_BDE\UL94_V0_outer_fold_metrics.csv,UL94_V0,3,molecule,formulation,baseline_inclusive,0,advanced,1,morgan_r3,,683,683,ExtraTrees,0.8004237288135594,0.8156661274906256,471,128,114,29,0,,,,28,100,,,,,,,,,,,0.4000000000000002,0.796875,0.8039408866995074,0.796875,0.796875,0.1560436976751753,0.1201893429526479,51.0,19.0,7.0,51.0,0.8571428571428572,0.8103895075698417,0.74,0.7134646962233169,0.7178819444444444,0.7305208333333333,0.1997354967721248,0.1541691402013243,23.0,19.0,7.0,51.0,0.7619047619047619,0.810389507569842
results\scientific_validation\FINAL_core_fixed_baseline_inclusive_5x5\UL94_V0\molecule\formulation\without_BDE\UL94_V0_outer_fold_metrics.csv,UL94_V0,3,molecule,formulation,baseline_inclusive,0,advanced,1,morgan_r3,,683,683,ExtraTrees,0.8004237288135594,0.8156661274906256,471,128,114,29,0,,,,28,100,,,,,,,,,,,0.4000000000000002,0.796875,0.8039408866995074,0.796875,0.796875,0.1560436976751753,0.1201893429526479,51.0,19.0,7.0,51.0,0.8571428571428572,0.8103895075698417,0.74,0.7134646962233169,0.7178819444444444,0.7305208333333333,0.1997354967721248,0.1541691402013243,23.0,19.0,7.0,51.0,0.7619047619047619,0.810389507569842
results\scientific_validation\FINAL_grouping_sensitivity_5x5\UL94_V0\molecule\formulation\without_BDE\UL94_V0_outer_fold_metrics.csv,UL94_V0,3,molecule,formulation,baseline_inclusive,0,advanced,1,morgan_r3,,683,683,ExtraTrees,0.8004237288135594,0.8156661274906256,471,128,114,29,0,,,,28,100,,,,,,,,,,,0.4000000000000002,0.796875,0.8039408866995074,0.796875,0.796875,0.1560436976751753,0.1201893429526479,51.0,19.0,7.0,51.0,0.8571428571428572,0.8103895075698417,0.74,0.7134646962233169,0.7178819444444444,0.7305208333333333,0.1997354967721248,0.1541691402013243,23.0,19.0,7.0,51.0,0.7619047619047619,0.810389507569842
results\scientific_validation\FINAL_information_source_ablation_5x5\all\UL94_V0\molecule\formulation\without_BDE\UL94_V0_outer_fold_metrics.csv,UL94_V0,3,molecule,formulation,baseline_inclusive,0,advanced,1,morgan_r3,,683,683,ExtraTrees,0.8004237288135594,0.8156661274906256,471,128,114,29,0,,,,28,100,,,,,,,,,,,0.4000000000000002,0.796875,0.8039408866995074,0.796875,0.796875,0.1560436976751753,0.1201893429526479,51.0,19.0,7.0,51.0,0.8571428571428572,0.8103895075698417,0.74,0.7134646962233169,0.7178819444444444,0.7305208333333333,0.1997354967721248,0.1541691402013243,23.0,19.0,7.0,51.0,0.7619047619047619,0.810389507569842
results\scientific_validation\FINAL_information_source_ablation_5x5\conditions_only\UL94_V0\molecule\formulation\conditions_only\without_BDE\UL94_V0_outer_fold_metrics.csv,UL94_V0,3,molecule,formulation,baseline_inclusive,0,advanced,1,morgan_r3,,99,99,SoftVote,0.7850937625645451,0.7942430703624733,471,128,114,29,0,,,,28,100,,,,,,,,,,,0.4400000000000002,0.78125,0.7852216748768472,0.7810361681329423,0.7816776637341153,0.1658759219633567,0.0779719241493508,52.0,18.0,10.0,48.0,0.8322660098522167,0.7338871809024081,0.72,0.6995073891625616,0.7028862478777589,0.7142954159592528,0.2122713349217928,0.0960991562713264,24.0,18.0,10.0,48.0,0.7204433497536946,0.7338871809024081
results\scientific_validation\FINAL_information_source_ablation_5x5\molecular_only\UL94_V0\molecule\formulation\molecular_only\without_BDE\UL94_V0_outer_fold_metrics.csv,UL94_V0,3,molecule,formulation,baseline_inclusive,0,advanced,1,morgan_r3,,591,591,SVC,0.655788732902667,0.6649051540327917,471,128,114,29,0,,,,28,100,,,,,,,,,,,0.4500000000000002,0.703125,0.7078817733990148,0.703052503052503,0.7034874847374848,0.1907782795405105,0.1168181134705126,46.0,24.0,14.0,44.0,0.7786945812807882,0.6878897266043155,0.62,0.5935960591133005,0.5924495924495925,0.6094036894036894,0.2343401852393211,0.0970484929250803,18.0,24.0,14.0,44.0,0.6311576354679803,0.6878897266043155
results\scientific_validation\FINAL_information_source_ablation_5x5\UL94_V0\molecule\formulation\conditions_only\without_BDE\UL94_V0_outer_fold_metrics.csv,UL94_V0,3,molecule,formulation,baseline_inclusive,0,advanced,1,morgan_r3,,101,101,SoftVote,0.784802109863067,0.7924509227262702,471,128,114,29,0,,,,28,100,,,,,,,,,,,0.4500000000000002,0.78125,0.783743842364532,0.7807682896990458,0.7817317103009542,0.1664114329650755,0.0767425593209679,53.0,17.0,11.0,47.0,0.8307881773399015,0.7354938974157974,0.72,0.7027914614121511,0.7057587221521648,0.7161160151324085,0.212954050813027,0.0944261083759499,25.0,17.0,11.0,47.0,0.7179802955665024,0.7354938974157974
results\scientific_validation\FINAL_information_source_ablation_5x5\UL94_V0\molecule\formulation\molecular_only\without_BDE\UL94_V0_outer_fold_metrics.csv,UL94_V0,3,molecule,formulation,baseline_inclusive,0,advanced,1,morgan_r3,,591,591,SVC,0.655788732902667,0.6649051540327917,471,128,114,29,0,,,,28,100,,,,,,,,,,,0.4500000000000002,0.703125,0.7078817733990148,0.703052503052503,0.7034874847374848,0.1907782795405105,0.1168181134705126,46.0,24.0,14.0,44.0,0.7786945812807882,0.6878897266043155,0.62,0.5935960591133005,0.5924495924495925,0.6094036894036894,0.2343401852393211,0.0970484929250803,18.0,24.0,14.0,44.0,0.6311576354679803,0.6878897266043155
results\scientific_validation\FINAL_information_source_ablation_5x5\UL94_V0\molecule\formulation\without_BDE\UL94_V0_outer_fold_metrics.csv,UL94_V0,3,molecule,formulation,baseline_inclusive,0,advanced,1,morgan_r3,,683,683,RF,0.7973661448167487,0.8042423351224175,471,128,114,29,0,,,,28,100,,,,,,,,,,,0.5100000000000002,0.796875,0.7980295566502462,0.7960784313725491,0.7972732843137255,0.1581499598716173,0.0623633753881291,55.0,15.0,11.0,47.0,0.852463054187192,0.7977921663480502,0.74,0.7266009852216748,0.7291666666666667,0.7378333333333333,0.2024319483605905,0.0798163442612017,27.0,15.0,11.0,47.0,0.7541050903119868,0.7977921663480501
results\05_Shap\FINAL_core_fixed_baseline_inclusive_5x5\UL94_V0\molecule\formulation\without_BDE\UL94_V0_outer_fold_metrics.csv,UL94_V0,4,molecule,formulation,baseline_inclusive,0,advanced,1,morgan_r3,,672,672,ExtraTrees,0.8159107446034441,0.8212317950517635,483,116,115,28,0,,,,24,92,,,,,,,,,,,0.4900000000000002,0.7586206896551724,0.7577380952380952,0.7579731743666169,0.7584048512256539,0.1538407365665869,0.0701400572276712,47.0,13.0,15.0,41.0,0.8654761904761905,0.8201616444450137,0.6956521739130435,0.685515873015873,0.6835380835380835,0.6969981839547058,0.1939730917550209,0.0883872110756404,23.0,13.0,15.0,41.0,0.7757936507936508,0.8201616444450138
results\scientific_validation\FINAL_BDE_paired_ablation_5x5\UL94_V0\molecule\formulation\without_BDE\UL94_V0_outer_fold_metrics.csv,UL94_V0,4,molecule,formulation,baseline_inclusive,0,advanced,1,morgan_r3,,672,672,ExtraTrees,0.8159107446034441,0.8212317950517635,483,116,115,28,0,,,,24,92,,,,,,,,,,,0.4900000000000002,0.7586206896551724,0.7577380952380952,0.7579731743666169,0.7584048512256539,0.1538407365665869,0.0701400572276712,47.0,13.0,15.0,41.0,0.8654761904761905,0.8201616444450137,0.6956521739130435,0.685515873015873,0.6835380835380835,0.6969981839547058,0.1939730917550209,0.0883872110756404,23.0,13.0,15.0,41.0,0.7757936507936508,0.8201616444450138
results\scientific_validation\FINAL_core_fixed_baseline_inclusive_5x5\UL94_V0\molecule\formulation\without_BDE\UL94_V0_outer_fold_metrics.csv,UL94_V0,4,molecule,formulation,baseline_inclusive,0,advanced,1,morgan_r3,,672,672,ExtraTrees,0.8159107446034441,0.8212317950517635,483,116,115,28,0,,,,24,92,,,,,,,,,,,0.4900000000000002,0.7586206896551724,0.7577380952380952,0.7579731743666169,0.7584048512256539,0.1538407365665869,0.0701400572276712,47.0,13.0,15.0,41.0,0.8654761904761905,0.8201616444450137,0.6956521739130435,0.685515873015873,0.6835380835380835,0.6969981839547058,0.1939730917550209,0.0883872110756404,23.0,13.0,15.0,41.0,0.7757936507936508,0.8201616444450138
results\scientific_validation\FINAL_grouping_sensitivity_5x5\UL94_V0\molecule\formulation\without_BDE\UL94_V0_outer_fold_metrics.csv,UL94_V0,4,molecule,formulation,baseline_inclusive,0,advanced,1,morgan_r3,,672,672,ExtraTrees,0.8159107446034441,0.8212317950517635,483,116,115,28,0,,,,24,92,,,,,,,,,,,0.4900000000000002,0.7586206896551724,0.7577380952380952,0.7579731743666169,0.7584048512256539,0.1538407365665869,0.0701400572276712,47.0,13.0,15.0,41.0,0.8654761904761905,0.8201616444450137,0.6956521739130435,0.685515873015873,0.6835380835380835,0.6969981839547058,0.1939730917550209,0.0883872110756404,23.0,13.0,15.0,41.0,0.7757936507936508,0.8201616444450138
results\scientific_validation\FINAL_information_source_ablation_5x5\all\UL94_V0\molecule\formulation\without_BDE\UL94_V0_outer_fold_metrics.csv,UL94_V0,4,molecule,formulation,baseline_inclusive,0,advanced,1,morgan_r3,,672,672,ExtraTrees,0.8159107446034441,0.8212317950517635,483,116,115,28,0,,,,24,92,,,,,,,,,,,0.4900000000000002,0.7586206896551724,0.7577380952380952,0.7579731743666169,0.7584048512256539,0.1538407365665869,0.0701400572276712,47.0,13.0,15.0,41.0,0.8654761904761905,0.8201616444450137,0.6956521739130435,0.685515873015873,0.6835380835380835,0.6969981839547058,0.1939730917550209,0.0883872110756404,23.0,13.0,15.0,41.0,0.7757936507936508,0.8201616444450138
results\scientific_validation\FINAL_information_source_ablation_5x5\conditions_only\UL94_V0\molecule\formulation\conditions_only\without_BDE\UL94_V0_outer_fold_metrics.csv,UL94_V0,4,molecule,formulation,baseline_inclusive,0,advanced,1,morgan_r3,,102,102,GBDT,0.793154909959208,0.7988857694332339,483,116,115,28,0,,,,24,92,,,,,,,,,,,0.4800000000000002,0.7586206896551724,0.7583333333333333,0.7583333333333333,0.7586206896551724,0.1749367398930151,0.1395706946700558,46.0,14.0,14.0,42.0,0.8247023809523809,0.7419004787071175,0.6956521739130435,0.6805555555555556,0.6805555555555556,0.6956521739130435,0.2203735574293427,0.1830522500886846,22.0,14.0,14.0,42.0,0.7078373015873016,0.7419004787071176
results\scientific_validation\FINAL_information_source_ablation_5x5\molecular_only\UL94_V0\molecule\formulation\molecular_only\without_BDE\UL94_V0_outer_fold_metrics.csv,UL94_V0,4,molecule,formulation,baseline_inclusive,0,advanced,1,morgan_r3,,576,576,SoftVote,0.6953962581458902,0.7074311282681172,483,116,115,28,0,,,,24,92,,,,,,,,,,,0.5100000000000002,0.646551724137931,0.6458333333333333,0.6458938277120095,0.6464201448527468,0.189322647383152,0.0876624153039505,40.0,20.0,21.0,35.0,0.7514880952380952,0.7289646504060326,0.5543478260869565,0.5347222222222222,0.5344933975070961,0.5553927960122124,0.2386697245587027,0.1072442300919452,16.0,20.0,21.0,35.0,0.5858134920634921,0.7289646504060326
results\scientific_validation\FINAL_information_source_ablation_5x5\UL94_V0\molecule\formulation\conditions_only\without_BDE\UL94_V0_outer_fold_metrics.csv,UL94_V0,4,molecule,formulation,baseline_inclusive,0,advanced,1,morgan_r3,,104,104,GBDT,0.7918677606177607,0.8002895244779786,483,116,115,28,0,,,,24,92,,,,,,,,,,,0.4200000000000002,0.7413793103448276,0.7416666666666667,0.7413024085637823,0.7414562121258729,0.1737441153463412,0.1124285499633381,44.0,16.0,14.0,42.0,0.8276785714285715,0.7538209556269329,0.6739130434782609,0.6527777777777778,0.6541353383458646,0.6721150702844066,0.2188579090671369,0.1490856612253426,20.0,16.0,14.0,42.0,0.7127976190476191,0.753820955626933
results\scientific_validation\FINAL_information_source_ablation_5x5\UL94_V0\molecule\formulation\molecular_only\without_BDE\UL94_V0_outer_fold_metrics.csv,UL94_V0,4,molecule,formulation,baseline_inclusive,0,advanced,1,morgan_r3,,576,576,SoftVote,0.6953962581458902,0.7074311282681172,483,116,115,28,0,,,,24,92,,,,,,,,,,,0.5100000000000002,0.646551724137931,0.6458333333333333,0.6458938277120095,0.6464201448527468,0.189322647383152,0.0876624153039505,40.0,20.0,21.0,35.0,0.7514880952380952,0.7289646504060326,0.5543478260869565,0.5347222222222222,0.5344933975070961,0.5553927960122124,0.2386697245587027,0.1072442300919452,16.0,20.0,21.0,35.0,0.5858134920634921,0.7289646504060326
results\scientific_validation\FINAL_information_source_ablation_5x5\UL94_V0\molecule\formulation\without_BDE\UL94_V0_outer_fold_metrics.csv,UL94_V0,4,molecule,formulation,baseline_inclusive,0,advanced,1,morgan_r3,,673,673,ExtraTrees,0.8174214544237963,0.8211089664853484,483,116,115,28,0,,,,24,92,,,,,,,,,,,0.5100000000000002,0.7586206896551724,0.7577380952380952,0.7579731743666169,0.7584048512256539,0.1569920825785677,0.0772020316484776,47.0,13.0,15.0,41.0,0.8601190476190477,0.8160134531305566,0.6956521739130435,0.685515873015873,0.6835380835380835,0.6969981839547058,0.1979465380221105,0.0973542658731467,23.0,13.0,15.0,41.0,0.7668650793650794,0.8160134531305565
results\05_Shap\FINAL_core_fixed_baseline_inclusive_5x5\UL94_V0\molecule\formulation\without_BDE\UL94_V0_outer_fold_metrics.csv,UL94_V0,5,molecule,formulation,baseline_inclusive,0,advanced,1,morgan_r3,,688,688,ExtraTrees,0.7947780965083773,0.8005052833459347,468,131,112,31,0,,,,30,101,,,,,,,,,,,0.4500000000000002,0.7862595419847328,0.8195061728395061,0.7856474988312295,0.788357975653887,0.141866616985487,0.102654363338027,55.0,26.0,2.0,48.0,0.8802469135802469,0.7368538384593869,0.7227722772277227,0.7250980392156863,0.707609594706369,0.706950347640223,0.18400517421973,0.1330872050737444,25.0,26.0,2.0,48.0,0.8098039215686275,0.736853838459387
results\scientific_validation\FINAL_BDE_paired_ablation_5x5\UL94_V0\molecule\formulation\without_BDE\UL94_V0_outer_fold_metrics.csv,UL94_V0,5,molecule,formulation,baseline_inclusive,0,advanced,1,morgan_r3,,688,688,ExtraTrees,0.7947780965083773,0.8005052833459347,468,131,112,31,0,,,,30,101,,,,,,,,,,,0.4500000000000002,0.7862595419847328,0.8195061728395061,0.7856474988312295,0.788357975653887,0.141866616985487,0.102654363338027,55.0,26.0,2.0,48.0,0.8802469135802469,0.7368538384593869,0.7227722772277227,0.7250980392156863,0.707609594706369,0.706950347640223,0.18400517421973,0.1330872050737444,25.0,26.0,2.0,48.0,0.8098039215686275,0.736853838459387
results\scientific_validation\FINAL_core_fixed_baseline_inclusive_5x5\UL94_V0\molecule\formulation\without_BDE\UL94_V0_outer_fold_metrics.csv,UL94_V0,5,molecule,formulation,baseline_inclusive,0,advanced,1,morgan_r3,,688,688,ExtraTrees,0.7947780965083773,0.8005052833459347,468,131,112,31,0,,,,30,101,,,,,,,,,,,0.4500000000000002,0.7862595419847328,0.8195061728395061,0.7856474988312295,0.788357975653887,0.141866616985487,0.102654363338027,55.0,26.0,2.0,48.0,0.8802469135802469,0.7368538384593869,0.7227722772277227,0.7250980392156863,0.707609594706369,0.706950347640223,0.18400517421973,0.1330872050737444,25.0,26.0,2.0,48.0,0.8098039215686275,0.736853838459387
results\scientific_validation\FINAL_grouping_sensitivity_5x5\UL94_V0\molecule\formulation\without_BDE\UL94_V0_outer_fold_metrics.csv,UL94_V0,5,molecule,formulation,baseline_inclusive,0,advanced,1,morgan_r3,,688,688,ExtraTrees,0.7947780965083773,0.8005052833459347,468,131,112,31,0,,,,30,101,,,,,,,,,,,0.4500000000000002,0.7862595419847328,0.8195061728395061,0.7856474988312295,0.788357975653887,0.141866616985487,0.102654363338027,55.0,26.0,2.0,48.0,0.8802469135802469,0.7368538384593869,0.7227722772277227,0.7250980392156863,0.707609594706369,0.706950347640223,0.18400517421973,0.1330872050737444,25.0,26.0,2.0,48.0,0.8098039215686275,0.736853838459387
results\scientific_validation\FINAL_information_source_ablation_5x5\all\UL94_V0\molecule\formulation\without_BDE\UL94_V0_outer_fold_metrics.csv,UL94_V0,5,molecule,formulation,baseline_inclusive,0,advanced,1,morgan_r3,,688,688,ExtraTrees,0.7947780965083773,0.8005052833459347,468,131,112,31,0,,,,30,101,,,,,,,,,,,0.4500000000000002,0.7862595419847328,0.8195061728395061,0.7856474988312295,0.788357975653887,0.141866616985487,0.102654363338027,55.0,26.0,2.0,48.0,0.8802469135802469,0.7368538384593869,0.7227722772277227,0.7250980392156863,0.707609594706369,0.706950347640223,0.18400517421973,0.1330872050737444,25.0,26.0,2.0,48.0,0.8098039215686275,0.736853838459387
results\scientific_validation\FINAL_information_source_ablation_5x5\conditions_only\UL94_V0\molecule\formulation\conditions_only\without_BDE\UL94_V0_outer_fold_metrics.csv,UL94_V0,5,molecule,formulation,baseline_inclusive,0,advanced,1,morgan_r3,,102,102,RF,0.770225067107165,0.771894074907334,468,131,112,31,0,,,,30,101,,,,,,,,,,,0.5500000000000003,0.8244274809160306,0.8274074074074074,0.8183298160988846,0.8262059664876981,0.1537497848850476,0.0999812171152411,66.0,15.0,8.0,42.0,0.8533333333333333,0.7019830396674952,0.7722772277227723,0.7729411764705882,0.7714707329070339,0.7713363171044109,0.1994179822142232,0.1295500901525576,36.0,15.0,8.0,42.0,0.7670588235294118,0.7019830396674952
results\scientific_validation\FINAL_information_source_ablation_5x5\molecular_only\UL94_V0\molecule\formulation\molecular_only\without_BDE\UL94_V0_outer_fold_metrics.csv,UL94_V0,5,molecule,formulation,baseline_inclusive,0,advanced,1,morgan_r3,,592,592,ExtraTrees,0.6982205494299447,0.7095635015767053,468,131,112,31,0,,,,30,101,,,,,,,,,,,0.5300000000000002,0.648854961832061,0.6701234567901235,0.6471896955503513,0.6529256127429072,0.1995757420231708,0.066417798036773,47.0,34.0,12.0,38.0,0.7083950617283951,0.5254906935809903,0.5445544554455446,0.5466666666666666,0.5239754098360656,0.5229954552832332,0.2588555936445723,0.0860283863840115,17.0,34.0,12.0,38.0,0.5368627450980393,0.5254906935809902
results\scientific_validation\FINAL_information_source_ablation_5x5\UL94_V0\molecule\formulation\conditions_only\without_BDE\UL94_V0_outer_fold_metrics.csv,UL94_V0,5,molecule,formulation,baseline_inclusive,0,advanced,1,morgan_r3,,104,104,GBDT,0.7667095027508083,0.7705478820513767,468,131,112,31,0,,,,30,101,,,,,,,,,,,0.5000000000000002,0.8015267175572519,0.8088888888888889,0.7962918660287082,0.8040195039994156,0.1457476200927396,0.0964572161208818,63.0,18.0,8.0,42.0,0.8481481481481482,0.7220119389849696,0.7425742574257426,0.7435294117647059,0.7405138339920949,0.7402848980550228,0.1885504455995311,0.1130689647530062,33.0,18.0,8.0,42.0,0.7588235294117647,0.7220119389849697
results\scientific_validation\FINAL_information_source_ablation_5x5\UL94_V0\molecule\formulation\molecular_only\without_BDE\UL94_V0_outer_fold_metrics.csv,UL94_V0,5,molecule,formulation,baseline_inclusive,0,advanced,1,morgan_r3,,592,592,ExtraTrees,0.6982205494299447,0.7095635015767053,468,131,112,31,0,,,,30,101,,,,,,,,,,,0.5300000000000002,0.648854961832061,0.6701234567901235,0.6471896955503513,0.6529256127429072,0.1995757420231708,0.066417798036773,47.0,34.0,12.0,38.0,0.7083950617283951,0.5254906935809903,0.5445544554455446,0.5466666666666666,0.5239754098360656,0.5229954552832332,0.2588555936445723,0.0860283863840115,17.0,34.0,12.0,38.0,0.5368627450980393,0.5254906935809902
results\scientific_validation\FINAL_information_source_ablation_5x5\UL94_V0\molecule\formulation\without_BDE\UL94_V0_outer_fold_metrics.csv,UL94_V0,5,molecule,formulation,baseline_inclusive,0,advanced,1,morgan_r3,,689,689,ExtraTrees,0.7923168773417878,0.7960149003264056,468,131,112,31,0,,,,30,101,,,,,,,,,,,0.4300000000000002,0.7862595419847328,0.8195061728395061,0.7856474988312295,0.788357975653887,0.1380081414769147,0.082463670197928,55.0,26.0,2.0,48.0,0.8876543209876543,0.7359931548566349,0.7227722772277227,0.7250980392156863,0.707609594706369,0.706950347640223,0.1790006470700257,0.1069158167705888,25.0,26.0,2.0,48.0,0.8215686274509804,0.735993154856635
results\scientific_validation\FINAL_grouping_sensitivity_5x5\UL94_V0\reference\formulation\without_BDE\UL94_V0_outer_fold_metrics.csv,UL94_V0,1,reference,formulation,baseline_inclusive,0,advanced,1,morgan_r3,,675,675,ExtraTrees,0.8067702474690663,0.8124544209459099,478,121,105,25,0,,,,25,96,,,,,,,,,,,0.5300000000000002,0.8760330578512396,0.879459308807135,0.8748016831068497,0.8765461306614022,0.116046959876824,0.099917258498063,59.0,10.0,5.0,47.0,0.9264214046822744,0.8863128256940724,0.84375,0.8382867132867133,0.8408312147673263,0.8426273902951255,0.1462673537216425,0.1257973711982352,34.0,10.0,5.0,47.0,0.8846153846153846,0.8863128256940722
results\scientific_validation\FINAL_grouping_sensitivity_5x5\UL94_V0\reference\formulation\without_BDE\UL94_V0_outer_fold_metrics.csv,UL94_V0,2,reference,formulation,baseline_inclusive,0,advanced,1,morgan_r3,,689,689,ExtraTrees,0.7875376655864461,0.7924300953326009,481,118,104,26,0,,,,26,92,,,,,,,,,,,0.4800000000000002,0.847457627118644,0.8488505747126437,0.8467532467532467,0.8465771516618973,0.1257275774592913,0.0643107519498915,46.0,14.0,4.0,54.0,0.8899425287356321,0.8594257284089168,0.8043478260869565,0.7596348884381339,0.7733990147783252,0.7952452345255943,0.1612592773819244,0.0824419656709274,20.0,14.0,4.0,54.0,0.8057809330628803,0.8594257284089168
results\scientific_validation\FINAL_grouping_sensitivity_5x5\UL94_V0\reference\formulation\without_BDE\UL94_V0_outer_fold_metrics.csv,UL94_V0,3,reference,formulation,baseline_inclusive,0,advanced,1,morgan_r3,,694,694,ExtraTrees,0.7948681798956718,0.7981912144702843,485,114,104,26,0,,,,26,88,,,,,,,,,,,0.4900000000000002,0.8333333333333334,0.8356777493606138,0.8295427717006374,0.8344482044017734,0.1358179923244701,0.1087939065854627,56.0,12.0,7.0,39.0,0.8788363171355499,0.7718602982125217,0.7840909090909091,0.781055900621118,0.7818086911131411,0.7828230102143714,0.1759459536030875,0.1407879840303128,30.0,12.0,7.0,39.0,0.8038302277432712,0.7718602982125218
results\scientific_validation\FINAL_grouping_sensitivity_5x5\UL94_V0\reference\formulation\without_BDE\UL94_V0_outer_fold_metrics.csv,UL94_V0,4,reference,formulation,baseline_inclusive,0,advanced,1,morgan_r3,,665,665,ExtraTrees,0.8051334189497716,0.8121377861489423,475,124,104,26,0,,,,27,97,,,,,,,,,,,0.4500000000000002,0.7903225806451613,0.7925809822361547,0.7902680197762164,0.7904862632519957,0.1516309694071246,0.1063523386609755,50.0,16.0,10.0,48.0,0.862330198537095,0.7695863218904742,0.7319587628865979,0.7086648983200707,0.7128870673952641,0.7273815559686777,0.1938375202302634,0.1359208667331902,23.0,16.0,10.0,48.0,0.7670203359858532,0.769586321890474
results\scientific_validation\FINAL_grouping_sensitivity_5x5\UL94_V0\reference\formulation\without_BDE\UL94_V0_outer_fold_metrics.csv,UL94_V0,5,reference,formulation,baseline_inclusive,0,advanced,1,morgan_r3,,671,671,ExtraTrees,0.8253941652517145,0.8287107778685903,477,122,103,27,0,,,,27,95,,,,,,,,,,,0.4800000000000002,0.7459016393442623,0.7615602836879433,0.7429833503227998,0.7492688959074882,0.1642218096720689,0.1051179368521206,52.0,23.0,8.0,39.0,0.847659574468085,0.7644788493070458,0.6736842105263158,0.6753102836879432,0.6664401404462567,0.6659227068691096,0.210895367186315,0.1350433712528723,25.0,23.0,8.0,39.0,0.7619680851063831,0.7644788493070458
results\scientific_validation\FINAL_grouping_sensitivity_5x5\UL94_V0\scaffold\formulation\without_BDE\UL94_V0_outer_fold_metrics.csv,UL94_V0,1,scaffold,formulation,baseline_inclusive,0,advanced,1,morgan_r3,,700,700,ExtraTrees,0.7901219370908881,0.7968791344485932,527,72,105,12,0,,,,16,56,,,,,,,,,,,0.4500000000000002,0.8888888888888888,0.8895752895752895,0.8888888888888888,0.8888888888888888,0.1159830311463521,0.1381315238037584,32.0,5.0,3.0,32.0,0.9366795366795366,0.917907231995216,0.8571428571428571,0.838095238095238,0.8444444444444444,0.8555555555555555,0.1491210063747785,0.177534226128363,16.0,5.0,3.0,32.0,0.8884353741496599,0.917907231995216
results\scientific_validation\FINAL_grouping_sensitivity_5x5\UL94_V0\scaffold\formulation\without_BDE\UL94_V0_outer_fold_metrics.csv,UL94_V0,2,scaffold,formulation,baseline_inclusive,0,advanced,1,morgan_r3,,688,688,ExtraTrees,0.8052984501269101,0.813518234353064,499,100,92,25,0,,,,22,78,,,,,,,,,,,0.4600000000000002,0.77,0.781109751121991,0.769792813532179,0.7707596837153438,0.1590813915000573,0.07007604145561,40.0,17.0,6.0,37.0,0.8404732762137902,0.7280918014398918,0.7051282051282052,0.687375415282392,0.6865280447317841,0.6943596912144877,0.20395049755072,0.0898732405574976,18.0,17.0,6.0,37.0,0.7401993355481727,0.7280918014398918
results\scientific_validation\FINAL_grouping_sensitivity_5x5\UL94_V0\scaffold\formulation\without_BDE\UL94_V0_outer_fold_metrics.csv,UL94_V0,3,scaffold,formulation,baseline_inclusive,0,advanced,1,morgan_r3,,693,693,ExtraTrees,0.7903554727330262,0.8012507572248155,477,122,90,27,0,,,,27,95,,,,,,,,,,,0.4300000000000002,0.8114754098360656,0.825,0.8104438289535905,0.8129654711107519,0.1413340874295939,0.0750134396652747,54.0,18.0,5.0,45.0,0.8722222222222222,0.7576339920733955,0.7578947368421053,0.75,0.7488794391449258,0.7513836885052535,0.1815026913004261,0.0962404108707554,27.0,18.0,5.0,45.0,0.7955555555555556,0.7576339920733954
results\scientific_validation\FINAL_grouping_sensitivity_5x5\UL94_V0\scaffold\formulation\without_BDE\UL94_V0_outer_fold_metrics.csv,UL94_V0,4,scaffold,formulation,baseline_inclusive,0,advanced,1,morgan_r3,,640,640,ExtraTrees,0.8190816935002981,0.8251103766073971,410,189,89,28,0,,,,41,148,,,,,,,,,,,0.5000000000000002,0.7566137566137566,0.7740252293577982,0.7566069428891378,0.7568045409030851,0.1571522693567822,0.0745554192004797,72.0,37.0,9.0,71.0,0.8579128440366972,0.7766913405035965,0.6891891891891891,0.6716911764705882,0.6646966115051222,0.6720443848103422,0.2006871639377023,0.0950241746868893,31.0,37.0,9.0,71.0,0.7722426470588235,0.7766913405035965
results\scientific_validation\FINAL_grouping_sensitivity_5x5\UL94_V0\scaffold\formulation\without_BDE\UL94_V0_outer_fold_metrics.csv,UL94_V0,5,scaffold,formulation,baseline_inclusive,0,advanced,1,morgan_r3,,671,671,ExtraTrees,0.7701705726766492,0.7841258741258741,483,116,92,25,0,,,,25,91,,,,,,,,,,,0.4000000000000002,0.8275862068965517,0.8322851153039832,0.8275349390425215,0.8277912783126724,0.1294446615610829,0.0784890099745271,49.0,14.0,6.0,47.0,0.9086552860137764,0.8721625630227028,0.7802197802197802,0.7591857000993049,0.7652218782249742,0.7750031186563694,0.1650059960906919,0.0997798405961597,24.0,14.0,6.0,47.0,0.8485600794438928,0.8721625630227028
results\scientific_validation\FINAL_BDE_paired_ablation_5x5\UL94_V0\molecule\formulation\with_BDE\UL94_V0_outer_fold_metrics.csv,UL94_V0,1,molecule,formulation,baseline_inclusive,1,advanced,1,morgan_r3,,697,697,ExtraTrees,0.7971092442714203,0.8038095238095238,485,114,117,26,0,,,,23,91,,,,,,,,,,,0.4800000000000002,0.8157894736842105,0.8221288515406162,0.8156618156618156,0.8161724477513952,0.1247017343440442,0.1453561313895359,48.0,15.0,6.0,45.0,0.9268596327419856,0.9107133492883904,0.7692307692307693,0.7536764705882353,0.7575180814617435,0.7639600597347076,0.1562196476027354,0.1819333136553545,25.0,15.0,6.0,45.0,0.8848039215686274,0.9107133492883904
results\scientific_validation\FINAL_BDE_paired_ablation_5x5\UL94_V0\molecule\formulation\with_BDE\UL94_V0_outer_fold_metrics.csv,UL94_V0,2,molecule,formulation,baseline_inclusive,1,advanced,1,morgan_r3,,700,700,XGB,0.8122444674162992,0.8144118146324902,489,110,114,29,0,,,,26,84,,,,,,,,,,,0.5200000000000002,0.7636363636363637,0.7632472826086957,0.759744623655914,0.7647482893450636,0.1573262694784311,0.1129610327449328,49.0,15.0,11.0,35.0,0.8406929347826086,0.6929277533771311,0.6904761904761905,0.6830663615560641,0.6840277777777777,0.6883267195767195,0.2059756470642171,0.1441404555678202,23.0,15.0,11.0,35.0,0.7316933638443937,0.6929277533771311
results\scientific_validation\FINAL_BDE_paired_ablation_5x5\UL94_V0\molecule\formulation\with_BDE\UL94_V0_outer_fold_metrics.csv,UL94_V0,3,molecule,formulation,baseline_inclusive,1,advanced,1,morgan_r3,,702,702,ExtraTrees,0.7940217758842226,0.8076795823836482,471,128,114,29,0,,,,28,100,,,,,,,,,,,0.4200000000000002,0.796875,0.8039408866995074,0.796875,0.796875,0.1537327412360742,0.0907403239389209,51.0,19.0,7.0,51.0,0.8593596059113301,0.8183908160879539,0.74,0.7134646962233169,0.7178819444444444,0.7305208333333333,0.1967777028221069,0.1159102175056292,23.0,19.0,7.0,51.0,0.7655993431855501,0.8183908160879538
results\scientific_validation\FINAL_BDE_paired_ablation_5x5\UL94_V0\molecule\formulation\with_BDE\UL94_V0_outer_fold_metrics.csv,UL94_V0,4,molecule,formulation,baseline_inclusive,1,advanced,1,morgan_r3,,693,693,ExtraTrees,0.8124419157653158,0.8143095279873662,483,116,115,28,0,,,,24,92,,,,,,,,,,,0.5400000000000003,0.7672413793103449,0.7654761904761904,0.7658317757009345,0.7664582661940058,0.155008306144942,0.0828604354356155,49.0,11.0,16.0,40.0,0.8645833333333333,0.8236522139818909,0.7065217391304348,0.7043650793650793,0.6985071003762593,0.7091932853818266,0.1954451923783942,0.1043843715163315,25.0,11.0,16.0,40.0,0.7743055555555556,0.823652213981891
results\scientific_validation\FINAL_BDE_paired_ablation_5x5\UL94_V0\molecule\formulation\with_BDE\UL94_V0_outer_fold_metrics.csv,UL94_V0,5,molecule,formulation,baseline_inclusive,1,advanced,1,morgan_r3,,710,710,ExtraTrees,0.7916993599008879,0.7934700425987055,468,131,112,31,0,,,,30,101,,,,,,,,,,,0.5000000000000002,0.7938931297709924,0.8180246913580247,0.7921490274431451,0.7966546251234172,0.1400297008504459,0.0880176194188926,58.0,23.0,4.0,46.0,0.8869135802469136,0.7549442278516302,0.7326732673267327,0.7345098039215687,0.7239040194391009,0.7234168390008991,0.1816226563870613,0.1141047001619722,28.0,23.0,4.0,46.0,0.820392156862745,0.7549442278516303
