feature,feature_group,mean_abs_shap_all_folds,mean_abs_shap_when_selected,mean_signed_shap_all_folds,mean_signed_shap_when_selected,selected_feature_frequency,top20_frequency,direction_consistency,positive_direction_fraction_when_selected,mean_rank_all_folds,folds_present,n_shap_folds,stability_level
P_x_CuringAgent_Has_N,molecular_descriptor,0.0120358207946915,0.0120358207946915,-0.0014413189230519,-0.0014413189230519,1.0,1.0,1.0,0.0,8.2,5,5,High
P_loading_x_Synergy,formulation_loading,0.0117135353648807,0.0117135353648807,-0.0008256591700151,-0.0008256591700151,1.0,1.0,0.8,0.2,13.2,5,5,High
P_B_loading_sum,formulation_loading,0.0114161186242486,0.0114161186242486,-0.0014114809048391,-0.0014114809048391,1.0,0.4,0.6,0.4,22.2,5,5,Low
P_x_curing_LogP,molecular_descriptor,0.0110059049794027,0.0110059049794027,-0.001669943194897,-0.001669943194897,1.0,1.0,1.0,0.0,12.8,5,5,High
P_x_curing_AromaticRings,molecular_descriptor,0.010965772587001,0.010965772587001,-0.0011006305567049,-0.0011006305567049,1.0,1.0,0.8,0.2,7.2,5,5,High
P_x_curing_HBD,molecular_descriptor,0.010924584039996,0.010924584039996,-0.0014142471016913,-0.0014142471016913,1.0,1.0,0.8,0.2,7.4,5,5,High
P_N_loading_sum,formulation_loading,0.0105209260388066,0.0105209260388066,-0.0022635401447302,-0.0022635401447302,1.0,0.2,0.8,0.2,24.0,5,5,Low
main_morgan_r3_128,molecular_fingerprint,0.0091860941569908,0.0091860941569908,-0.0006566603541135,-0.0006566603541135,1.0,0.6,1.0,0.0,47.6,5,5,Medium
P_x_curing_FractionCSP3,molecular_descriptor,0.0089499485003468,0.0089499485003468,-0.0005255604651243,-0.0005255604651243,1.0,0.2,1.0,0.0,28.4,5,5,Low
Loading_total_FR_sqrt,formulation_loading,0.0086900764266418,0.0086900764266418,-0.001639947858402,-0.001639947858402,1.0,0.8,1.0,0.0,25.8,5,5,High
Loading_x_Synergy,formulation_loading,0.0084576148109187,0.0084576148109187,-0.0010847438783758,-0.0010847438783758,1.0,1.0,0.8,0.2,9.8,5,5,High
P_content_sqrt,elemental_composition,0.0078727587822943,0.0078727587822943,-0.0013043203168651,-0.0013043203168651,1.0,0.8,1.0,0.0,28.0,5,5,High
main_morgan_r3_21,molecular_fingerprint,0.0074439368602603,0.0074439368602603,-0.0010756382460723,-0.0010756382460723,1.0,0.8,1.0,0.0,43.0,5,5,High
P_loading_real_sqrt,formulation_loading,0.0072221422226208,0.0072221422226208,-0.001136226055702,-0.001136226055702,1.0,0.8,1.0,0.0,40.8,5,5,High
P_x_curing_RingCount,molecular_descriptor,0.0070126267853235,0.0070126267853235,-0.0008189186862997,-0.0008189186862997,1.0,0.8,1.0,0.0,17.8,5,5,High
P_S_loading_sum,formulation_loading,0.0069833346185811,0.0069833346185811,-0.0011073256983209,-0.0011073256983209,1.0,0.4,1.0,0.0,23.4,5,5,Low
P_x_curing_HeavyAtomCount,molecular_descriptor,0.0066282180762846,0.0066282180762846,-0.0011371647021771,-0.0011371647021771,1.0,0.8,1.0,0.0,18.0,5,5,High
Loading_total_FR wt%,formulation_loading,0.0064016149998729,0.0064016149998729,-0.0006813119356839,-0.0006813119356839,1.0,0.6,0.8,0.2,20.0,5,5,Medium
P_x_curing_MolWt,molecular_descriptor,0.0062761134057938,0.0062761134057938,-0.0008893528944385,-0.0008893528944385,1.0,0.8,1.0,0.0,23.6,5,5,High
P_x_curing_RotBonds,molecular_descriptor,0.0059323709669923,0.0059323709669923,-0.0007389953203992,-0.0007389953203992,1.0,0.8,0.75,0.25,40.2,5,5,Medium
main_LogP,molecular_descriptor,0.0058327715311505,0.0058327715311505,-0.0001323507293352,-0.0001323507293352,1.0,0.2,0.6,0.4,78.4,5,5,Low
P_content wt%,elemental_composition,0.0058150082012339,0.0058150082012339,-0.0009325584044494,-0.0009325584044494,1.0,0.6,0.75,0.25,147.0,5,5,Medium
Has_P,elemental_composition,0.005528438944398,0.005528438944398,-0.0009844140123408,-0.0009844140123408,1.0,0.6,1.0,0.0,130.8,5,5,Medium
main_morgan_r3_218,molecular_fingerprint,0.0054745847863589,0.0054745847863589,-0.0007181657823728,-0.0007181657823728,1.0,0.2,0.8,0.2,57.4,5,5,Low
main_TPSA,molecular_descriptor,0.0052674505593594,0.0052674505593594,-0.0007075059337384,-0.0007075059337384,1.0,0.2,1.0,0.0,55.2,5,5,Low
Synergy_flag(single=0&synergy=1),other,0.0050419516622448,0.0050419516622448,-0.0006278986227982,-0.0006278986227982,1.0,0.4,0.75,0.25,93.0,5,5,Low
N_content wt%,elemental_composition,0.0049696038220839,0.0049696038220839,-0.0006577062019317,-0.0006577062019317,1.0,0.2,0.8,0.2,37.8,5,5,Low
N_loading_real_sqrt,formulation_loading,0.004927585538373,0.004927585538373,-0.0009760176430841,-0.0009760176430841,1.0,0.4,1.0,0.0,29.8,5,5,Low
Main_FR_fraction,formulation_loading,0.004914928433696,0.004914928433696,-0.0008399278956175,-0.0008399278956175,1.0,0.4,1.0,0.0,90.8,5,5,Low
Main_FR_present,other,0.0048504288572968,0.006063036071621,-0.0007302285251004,-0.0009127856563755,0.8,0.2,0.6666666666666666,0.3333333333333333,177.2,4,5,Low
P_loading_real,formulation_loading,0.0045313744865563,0.0045313744865563,-0.0005307735584052,-0.0005307735584052,1.0,0.0,0.6,0.6,32.6,5,5,Low
main_morgan_r3_363,molecular_fingerprint,0.0044345188271647,0.0044345188271647,-2.8845313360724392e-05,-2.8845313360724392e-05,1.0,0.2,0.6,0.4,64.6,5,5,Low
P_Si_loading_sum,formulation_loading,0.0044307438820636,0.0044307438820636,-0.0012280463203337,-0.0012280463203337,1.0,0.0,1.0,0.0,31.8,5,5,Low
Loading_total_FR_sq,formulation_loading,0.004343900373316,0.004343900373316,-0.0007697010234098,-0.0007697010234098,1.0,0.2,1.0,0.0,33.2,5,5,Low
P_x_curing_TPSA,molecular_descriptor,0.0043318355019569,0.0043318355019569,-0.0006760159719982,-0.0006760159719982,1.0,0.2,0.8,0.2,39.2,5,5,Low
P_Si_loading_ratio,formulation_loading,0.0041463360053359,0.0041463360053359,-0.0007829632325557,-0.0007829632325557,1.0,0.0,0.8,0.2,35.8,5,5,Low
P_content_log,elemental_composition,0.0040099465323607,0.0040099465323607,-0.0001934344874583,-0.0001934344874583,1.0,0.0,0.6,0.6,41.6,5,5,Low
P_x_curing_HBA,molecular_descriptor,0.0038824354847684,0.0038824354847684,-0.0003779574207741,-0.0003779574207741,1.0,0.0,0.8,0.2,36.2,5,5,Low
main_morgan_r3_183,molecular_fingerprint,0.0038819779332562,0.0038819779332562,-5.787229222192465e-06,-5.787229222192465e-06,1.0,0.0,0.6,0.6,34.8,5,5,Low
P_B_loading_ratio,formulation_loading,0.0038585722425418,0.0038585722425418,-0.0007228032698601,-0.0007228032698601,1.0,0.0,0.8,0.2,47.6,5,5,Low
P_S_loading_ratio,formulation_loading,0.0035246384066939,0.0035246384066939,-0.000585153350039,-0.000585153350039,1.0,0.0,0.6,0.4,42.0,5,5,Low
main_BertzCT,other,0.0034607469528059,0.0034607469528059,-0.0005668460271388,-0.0005668460271388,1.0,0.2,0.8,0.2,77.6,5,5,Low
P_content_sq,elemental_composition,0.003393253552195,0.003393253552195,-0.0005320010344182,-0.0005320010344182,1.0,0.0,0.8,0.2,46.6,5,5,Low
N_content_wt%_sqrt,elemental_composition,0.0033668007269938,0.0033668007269938,-0.0006297036908988,-0.0006297036908988,1.0,0.0,0.6,0.4,43.0,5,5,Low
P_N_loading_product,formulation_loading,0.0032340854291829,0.0032340854291829,-0.000530376035358,-0.000530376035358,1.0,0.0,0.8,0.2,45.6,5,5,Low
curing_morgan_r3_39,molecular_fingerprint,0.0030172637931508,0.0030172637931508,-0.0002045236751288,-0.0002045236751288,1.0,0.0,0.5,0.5,112.8,5,5,Low
main_morgan_r3_341,molecular_fingerprint,0.0030169933679139,0.0030169933679139,-0.0002682770168612,-0.0002682770168612,1.0,0.0,0.6,0.4,54.2,5,5,Low
main_morgan_r3_133,molecular_fingerprint,0.0029642521336529,0.0029642521336529,-0.000487161702052,-0.000487161702052,1.0,0.2,1.0,0.0,91.6,5,5,Low
N_loading_real,formulation_loading,0.002933627431179,0.002933627431179,-0.0005582607241911,-0.0005582607241911,1.0,0.0,0.8,0.2,47.4,5,5,Low
N_content_wt%_sq,elemental_composition,0.0027962048583247,0.0027962048583247,-0.0003303463224979,-0.0003303463224979,1.0,0.0,0.8,0.2,62.0,5,5,Low
Preparation_Method_DOPO-based (Additive + Secondary Crosslinking),curing_and_preparation,0.0026212544473652,0.0026212544473652,-0.0012114904115364,-0.0012114904115364,1.0,0.2,1.0,0.0,130.8,5,5,Low
main_BalabanJ,other,0.0026131936654138,0.0026131936654138,-0.0002614102635141,-0.0002614102635141,1.0,0.0,0.6,0.4,53.6,5,5,Low
main_morgan_r3_1,molecular_fingerprint,0.0025954658784642,0.0025954658784642,-0.000312683764296,-0.000312683764296,1.0,0.2,0.75,0.25,73.8,5,5,Low
main_morgan_r3_80,molecular_fingerprint,0.0024817147813228,0.0024817147813228,8.346037292823651e-05,8.346037292823651e-05,1.0,0.0,0.5,0.5,95.0,5,5,Low
main_morgan_r3_219,molecular_fingerprint,0.0024802537677801,0.0024802537677801,-0.0001390238422103,-0.0001390238422103,1.0,0.0,0.8,0.2,52.0,5,5,Low
main_AromaticRings,molecular_descriptor,0.0024771522526503,0.0024771522526503,-0.00053140743335,-0.00053140743335,1.0,0.0,1.0,0.0,63.2,5,5,Low
main_RotBonds,other,0.0024311908435035,0.0024311908435035,-0.0001737549532003,-0.0001737549532003,1.0,0.2,0.8,0.2,82.6,5,5,Low
P_loading_real_sq,formulation_loading,0.0024158754553944,0.0024158754553944,-0.0002468460348508,-0.0002468460348508,1.0,0.0,0.5,0.5,71.8,5,5,Low
curing_morgan_r3_80,molecular_fingerprint,0.0023963195747369,0.0023963195747369,-0.0002075468628319,-0.0002075468628319,1.0,0.0,0.75,0.25,175.4,5,5,Low
main_morgan_r3_326,molecular_fingerprint,0.002340539949689,0.002340539949689,-0.0006043127225354,-0.0006043127225354,1.0,0.0,1.0,0.0,126.2,5,5,Low
main_NumHeteroAtoms,molecular_descriptor,0.0022133222208881,0.0022133222208881,-0.0001849208373078,-0.0001849208373078,1.0,0.0,0.8,0.2,60.6,5,5,Low
curing_morgan_r3_204,molecular_fingerprint,0.0021704868962327,0.0027131086202909,-0.0002536395330251,-0.0003170494162814,0.8,0.0,0.6666666666666666,0.3333333333333333,298.0,4,5,Low
main_HBA,other,0.0021481547454263,0.0021481547454263,-7.326714306759725e-05,-7.326714306759725e-05,1.0,0.0,0.8,0.2,88.0,5,5,Low
main_morgan_r3_79,molecular_fingerprint,0.002139772167781,0.002139772167781,0.0001754893379871,0.0001754893379871,1.0,0.0,0.8,0.8,123.2,5,5,Low
main_Kappa2,other,0.0021132263738918,0.0021132263738918,1.926847191542441e-06,1.926847191542441e-06,1.0,0.0,0.6,0.4,75.4,5,5,Low
curing_morgan_r3_138,molecular_fingerprint,0.0020269031445442,0.0020269031445442,-0.0001206236341761,-0.0001206236341761,1.0,0.0,0.75,0.25,182.8,5,5,Low
Has_N,elemental_composition,0.0020184311293593,0.0020184311293593,-0.0001456305582927,-0.0001456305582927,1.0,0.0,0.5,0.5,175.6,5,5,Low
main_morgan_r3_314,molecular_fingerprint,0.0019711265252973,0.0019711265252973,-0.000515963320092,-0.000515963320092,1.0,0.0,0.75,0.25,143.4,5,5,Low
main_MolMR,other,0.0019458679034333,0.0019458679034333,-0.0002640260151145,-0.0002640260151145,1.0,0.0,1.0,0.0,65.6,5,5,Low
curing_morgan_r3_89,molecular_fingerprint,0.0018836200098324,0.0023545250122905,-0.0002177646522111,-0.0002722058152639,0.8,0.0,0.5,0.5,190.4,4,5,Low
main_AliphaticRings,molecular_descriptor,0.0018478830555751,0.0018478830555751,-0.0002107501539416,-0.0002107501539416,1.0,0.0,0.8,0.2,78.6,5,5,Low
main_Kappa3,other,0.0018353517480915,0.0018353517480915,-9.511523107519504e-05,-9.511523107519504e-05,1.0,0.0,0.6,0.4,85.8,5,5,Low
main_morgan_r3_469,molecular_fingerprint,0.0018007300736689,0.0018007300736689,-0.0007118276217982,-0.0007118276217982,1.0,0.0,0.6,0.4,149.4,5,5,Low
main_morgan_r3_290,molecular_fingerprint,0.0017572331326651,0.0017572331326651,-0.0002404671871759,-0.0002404671871759,1.0,0.0,0.6,0.6,95.8,5,5,Low
main_NOCount,other,0.0017218049903162,0.0017218049903162,-9.816571703495504e-05,-9.816571703495504e-05,1.0,0.0,0.6,0.4,76.4,5,5,Low
main_FractionCSP3,molecular_descriptor,0.001710687143198,0.001710687143198,-0.0003125327312467,-0.0003125327312467,1.0,0.0,0.6,0.4,128.4,5,5,Low
main_morgan_r3_121,molecular_fingerprint,0.0017059133511704,0.0017059133511704,-0.0003544000082265,-0.0003544000082265,1.0,0.0,0.75,0.25,107.0,5,5,Low
main_morgan_r3_5,molecular_fingerprint,0.0016666000073465,0.0016666000073465,0.0004815433403642,0.0004815433403642,1.0,0.0,0.6,0.4,97.2,5,5,Low
main_morgan_r3_82,molecular_fingerprint,0.0016411198936862,0.0016411198936862,-0.0001752009114332,-0.0001752009114332,1.0,0.2,0.6,0.4,184.2,5,5,Low
curing_HBA,molecular_descriptor,0.0016404286830614,0.0016404286830614,-0.000190737605416,-0.000190737605416,1.0,0.0,1.0,0.0,185.6,5,5,Low
N_loading_real_sq,formulation_loading,0.0016318475667611,0.0016318475667611,-0.0003100783893099,-0.0003100783893099,1.0,0.0,0.8,0.2,79.8,5,5,Low
curing_NOCount,molecular_descriptor,0.0015978312234708,0.0015978312234708,-0.0001146986196615,-0.0001146986196615,1.0,0.0,0.75,0.25,164.2,5,5,Low
main_morgan_r3_414,molecular_fingerprint,0.0015741444563923,0.0015741444563923,-0.0003056013239252,-0.0003056013239252,1.0,0.0,0.5,0.5,163.0,5,5,Low
main_morgan_r3_322,molecular_fingerprint,0.0014969844123616,0.0014969844123616,2.282434050487007e-05,2.282434050487007e-05,1.0,0.0,0.8,0.2,81.2,5,5,Low
main_morgan_r3_182,molecular_fingerprint,0.0014910714690646,0.0014910714690646,-0.0001324111048557,-0.0001324111048557,1.0,0.0,0.5,0.5,138.8,5,5,Low
main_RingCount,molecular_descriptor,0.0014342592305917,0.0014342592305917,-0.0001045042847361,-0.0001045042847361,1.0,0.0,0.5,0.5,99.4,5,5,Low
main_AromaticCarbocycles,other,0.0014294786727336,0.0014294786727336,-0.0001925088337658,-0.0001925088337658,1.0,0.0,0.8,0.2,92.6,5,5,Low
Synergy_type_P-N,other,0.0014294267278104,0.0014294267278104,-5.81763971534378e-05,-5.81763971534378e-05,1.0,0.0,0.5,0.5,106.4,5,5,Low
main_Kappa1,other,0.0013850960898135,0.0013850960898135,-7.925805614748336e-05,-7.925805614748336e-05,1.0,0.0,0.6,0.4,101.2,5,5,Low
main_MolWt,molecular_descriptor,0.0013788414067308,0.0013788414067308,-0.0002023252106711,-0.0002023252106711,1.0,0.0,1.0,0.0,96.0,5,5,Low
curing_NumHeteroAtoms,molecular_descriptor,0.0013514024656775,0.0013514024656775,-0.0001623789387522,-0.0001623789387522,1.0,0.0,0.75,0.25,208.8,5,5,Low
main_morgan_r3_135,molecular_fingerprint,0.0013484892247281,0.0013484892247281,-0.0002105378059788,-0.0002105378059788,1.0,0.0,1.0,0.0,137.6,5,5,Low
main_NumValenceElectrons,other,0.0013433215555941,0.0013433215555941,-0.0002311022667711,-0.0002311022667711,1.0,0.0,0.75,0.25,101.4,5,5,Low
main_LabuteASA,other,0.0013246107532192,0.0013246107532192,-0.0001697550592651,-0.0001697550592651,1.0,0.0,0.75,0.25,97.0,5,5,Low
S_loading_real_sqrt,formulation_loading,0.0012708474375833,0.0012708474375833,-0.0004375193533444,-0.0004375193533444,1.0,0.0,0.8,0.2,91.4,5,5,Low
main_morgan_r3_40,molecular_fingerprint,0.0012621332613912,0.0012621332613912,0.0003524408628314,0.0003524408628314,1.0,0.0,0.8,0.8,306.2,5,5,Low
N/P_ratio_sqrt,elemental_composition,0.001261539619423,0.001261539619423,-0.0001848272996922,-0.0001848272996922,1.0,0.0,0.75,0.25,117.8,5,5,Low
curing_Kappa1,molecular_descriptor,0.0012493549360187,0.0012493549360187,-0.0001426793190891,-0.0001426793190891,1.0,0.0,1.0,0.0,212.2,5,5,Low
main_morgan_r3_320,molecular_fingerprint,0.0012432746242864,0.0012432746242864,-0.0001516744629823,-0.0001516744629823,1.0,0.0,1.0,0.0,218.6,5,5,Low
main_morgan_r3_432,molecular_fingerprint,0.0012292628465585,0.0012292628465585,-0.0001455851766837,-0.0001455851766837,1.0,0.0,0.6,0.4,116.2,5,5,Low
curing_LabuteASA,molecular_descriptor,0.0012224069970562,0.0012224069970562,3.5424968992637e-05,3.5424968992637e-05,1.0,0.0,0.75,0.25,229.4,5,5,Low
main_ExactMolWt,molecular_descriptor,0.0011734483069604,0.0011734483069604,-0.0001652600513994,-0.0001652600513994,1.0,0.0,0.75,0.25,114.0,5,5,Low
main_morgan_r3_460,molecular_fingerprint,0.001139947421462,0.001139947421462,-8.230129664024222e-07,-8.230129664024222e-07,1.0,0.0,0.75,0.75,193.6,5,5,Low
main_morgan_r3_399,molecular_fingerprint,0.0011348915554721,0.0011348915554721,-0.0005859597217027,-0.0005859597217027,1.0,0.0,0.8,0.2,122.0,5,5,Low
main_morgan_r3_204,molecular_fingerprint,0.0011010202280489,0.0011010202280489,-0.0001030908456495,-0.0001030908456495,1.0,0.0,0.75,0.25,149.0,5,5,Low
curing_LogP,molecular_descriptor,0.0010903693860552,0.0010903693860552,-9.36836689465141e-05,-9.36836689465141e-05,1.0,0.0,0.5,0.5,216.8,5,5,Low
main_HeavyAtomCount,other,0.0010789522623764,0.0010789522623764,-5.856060800855151e-05,-5.856060800855151e-05,1.0,0.0,0.5,0.5,122.8,5,5,Low
main_morgan_r3_178,molecular_fingerprint,0.001078315023248,0.001078315023248,-0.0002647911233348,-0.0002647911233348,1.0,0.0,0.75,0.25,142.0,5,5,Low
main_morgan_r3_387,molecular_fingerprint,0.0010695703014114,0.0010695703014114,3.4884192580545586e-05,3.4884192580545586e-05,1.0,0.0,0.75,0.75,177.4,5,5,Low
main_morgan_r3_63,molecular_fingerprint,0.0010682601650621,0.0010682601650621,-0.0002175112947001,-0.0002175112947001,1.0,0.0,0.6,0.4,150.8,5,5,Low
main_morgan_r3_425,molecular_fingerprint,0.0010641969552464,0.0010641969552464,8.947305573502715e-05,8.947305573502715e-05,1.0,0.0,0.5,0.5,211.6,5,5,Low
curing_HeavyAtomCount,molecular_descriptor,0.0010211975646604,0.0010211975646604,8.87117701802159e-05,8.87117701802159e-05,1.0,0.0,0.5,0.5,211.8,5,5,Low
curing_NumValenceElectrons,molecular_descriptor,0.0010042378297084,0.0010042378297084,7.887162613495328e-05,7.887162613495328e-05,1.0,0.0,0.75,0.75,179.8,5,5,Low
CuringAgent_Has_S,molecular_descriptor,0.0009918051590356,0.0009918051590356,-0.0001259744756946,-0.0001259744756946,1.0,0.0,1.0,0.0,247.8,5,5,Low
main_morgan_r3_94,molecular_fingerprint,0.0009824210451936,0.0009824210451936,-8.959745955603236e-05,-8.959745955603236e-05,1.0,0.0,0.6,0.4,140.2,5,5,Low
main_morgan_r3_295,molecular_fingerprint,0.0009659414278147,0.0009659414278147,-1.7502682581879968e-05,-1.7502682581879968e-05,1.0,0.0,0.5,0.5,166.6,5,5,Low
curing_morgan_r3_214,molecular_fingerprint,0.0009617215106632,0.0009617215106632,0.0002866665300499,0.0002866665300499,1.0,0.0,0.5,0.5,247.2,5,5,Low
B_loading_real_sqrt,formulation_loading,0.0009596135702103,0.0009596135702103,-0.0001945667546976,-0.0001945667546976,1.0,0.0,0.75,0.25,112.0,5,5,Low
UL94_Thickness_mm,test_condition,0.0009517589137002,0.0009517589137002,5.2843123961368455e-05,5.2843123961368455e-05,1.0,0.0,0.75,0.75,127.6,5,5,Low
S_content wt%,elemental_composition,0.000925979895148,0.000925979895148,-0.0003208845402181,-0.0003208845402181,1.0,0.0,0.8,0.2,127.6,5,5,Low
curing_FractionCSP3,molecular_descriptor,0.0009029043782736,0.0009029043782736,6.065402337045751e-05,6.065402337045751e-05,1.0,0.0,0.5,0.5,191.0,5,5,Low
S_content_wt%_sqrt,elemental_composition,0.0008980830998904,0.0008980830998904,-0.0005083484550565,-0.0005083484550565,1.0,0.0,1.0,0.0,132.2,5,5,Low
curing_BalabanJ,molecular_descriptor,0.0008904185128976,0.0008904185128976,-3.246492279897794e-05,-3.246492279897794e-05,1.0,0.0,0.75,0.25,244.0,5,5,Low
curing_AromaticRings,molecular_descriptor,0.0008849538220184,0.0008849538220184,0.0002370140454575,0.0002370140454575,1.0,0.0,0.5,0.5,265.2,5,5,Low
B_content_wt%_sqrt,elemental_composition,0.0008836277396893,0.0008836277396893,-0.0001899535863294,-0.0001899535863294,1.0,0.0,0.8,0.2,127.8,5,5,Low
main_morgan_r3_378,molecular_fingerprint,0.0008746324446554,0.0008746324446554,-0.0001191533441845,-0.0001191533441845,1.0,0.0,0.5,0.5,194.4,5,5,Low
curing_MolWt,molecular_descriptor,0.0008697814833196,0.0008697814833196,1.1337536412791182e-06,1.1337536412791182e-06,1.0,0.0,0.5,0.5,212.8,5,5,Low
main_AromaticHeterocycles,other,0.0008597659621996,0.0008597659621996,-9.841311264939256e-05,-9.841311264939256e-05,1.0,0.0,0.75,0.25,137.2,5,5,Low
main_morgan_r3_201,molecular_fingerprint,0.0008282514535792,0.0008282514535792,-4.926382917783271e-05,-4.926382917783271e-05,1.0,0.0,0.6,0.6,198.8,5,5,Low
B/P_ratio_sqrt,elemental_composition,0.0008227971237482,0.0008227971237482,-0.0001834366709878,-0.0001834366709878,1.0,0.0,1.0,0.0,133.8,5,5,Low
main_morgan_r3_167,molecular_fingerprint,0.0008159410831063,0.0008159410831063,6.401763863670941e-05,6.401763863670941e-05,1.0,0.0,0.6,0.6,197.4,5,5,Low
S_content_wt%_sq,elemental_composition,0.0008154364658159,0.0008154364658159,-0.0004185842306423,-0.0004185842306423,1.0,0.0,0.8,0.2,145.4,5,5,Low
main_morgan_r3_202,molecular_fingerprint,0.0008107009222015,0.0008107009222015,0.0003163571819925,0.0003163571819925,1.0,0.0,0.75,0.75,189.8,5,5,Low
main_morgan_r3_227,molecular_fingerprint,0.0008043482377375,0.0008043482377375,2.839305147475652e-05,2.839305147475652e-05,1.0,0.0,0.8,0.8,192.0,5,5,Low
main_morgan_r3_55,molecular_fingerprint,0.0007999611534174,0.0007999611534174,5.933684466570576e-06,5.933684466570576e-06,1.0,0.0,0.75,0.75,158.2,5,5,Low
main_morgan_r3_116,molecular_fingerprint,0.0007989277513478,0.0007989277513478,-0.0001511915803306,-0.0001511915803306,1.0,0.0,0.6,0.4,204.0,5,5,Low
main_morgan_r3_163,molecular_fingerprint,0.0007926187730084,0.0007926187730084,-0.0002295795252478,-0.0002295795252478,1.0,0.0,1.0,0.0,163.6,5,5,Low
main_morgan_r3_176,molecular_fingerprint,0.0007883058361612,0.0007883058361612,-0.000292832592458,-0.000292832592458,1.0,0.0,0.75,0.25,184.0,5,5,Low
P_N_loading_ratio,formulation_loading,0.000784040897408,0.000784040897408,-0.0001674809847713,-0.0001674809847713,1.0,0.0,0.6,0.6,172.2,5,5,Low
main_morgan_r3_495,molecular_fingerprint,0.0007832461847193,0.0007832461847193,-3.755028145443458e-05,-3.755028145443458e-05,1.0,0.0,0.5,0.5,228.0,5,5,Low
curing_NHOHCount,molecular_descriptor,0.000779993869991,0.000779993869991,-4.341018403093878e-05,-4.341018403093878e-05,1.0,0.0,0.75,0.25,223.2,5,5,Low
main_morgan_r3_499,molecular_fingerprint,0.0007798033534707,0.0007798033534707,-7.436979710593462e-05,-7.436979710593462e-05,1.0,0.0,0.5,0.5,225.4,5,5,Low
main_morgan_r3_90,molecular_fingerprint,0.000770866131446,0.000770866131446,7.07991216918121e-06,7.07991216918121e-06,1.0,0.0,0.5,0.5,174.2,5,5,Low
S_loading_real,formulation_loading,0.0007643553543773,0.0007643553543773,-0.000266432050704,-0.000266432050704,1.0,0.0,0.8,0.2,134.2,5,5,Low
curing_BertzCT,molecular_descriptor,0.0007588356536405,0.0007588356536405,-3.207581607463795e-05,-3.207581607463795e-05,1.0,0.0,0.75,0.25,244.8,5,5,Low
main_morgan_r3_367,molecular_fingerprint,0.0007524129345521,0.0007524129345521,-5.8155084995477766e-05,-5.8155084995477766e-05,1.0,0.0,0.5,0.5,200.4,5,5,Low
main_morgan_r3_244,molecular_fingerprint,0.0007466503311186,0.0007466503311186,-7.47478988313877e-05,-7.47478988313877e-05,1.0,0.0,0.75,0.25,190.0,5,5,Low
main_morgan_r3_310,molecular_fingerprint,0.0007447870231346,0.0007447870231346,-0.0001595606418469,-0.0001595606418469,1.0,0.0,0.8,0.2,156.8,5,5,Low
main_morgan_r3_317,molecular_fingerprint,0.0007438379050083,0.0007438379050083,8.047821712849827e-05,8.047821712849827e-05,1.0,0.0,0.75,0.75,214.6,5,5,Low
curing_ExactMolWt,molecular_descriptor,0.0007315681932221,0.0007315681932221,-2.1953978761968146e-05,-2.1953978761968146e-05,1.0,0.0,0.5,0.5,224.4,5,5,Low
curing_TPSA,molecular_descriptor,0.0007300789119199,0.0007300789119199,-0.0001078473291809,-0.0001078473291809,1.0,0.0,0.75,0.25,243.4,5,5,Low
main_morgan_r3_26,molecular_fingerprint,0.0007248889728184,0.0007248889728184,0.0002143103522272,0.0002143103522272,1.0,0.0,0.6,0.4,138.4,5,5,Low
main_morgan_r3_346,molecular_fingerprint,0.0007131184168518,0.0007131184168518,-0.0002148628941592,-0.0002148628941592,1.0,0.0,0.75,0.25,222.4,5,5,Low
main_morgan_r3_331,molecular_fingerprint,0.0007073752878815,0.0007073752878815,-0.000321939054151,-0.000321939054151,1.0,0.0,0.75,0.25,203.4,5,5,Low
curing_MolMR,molecular_descriptor,0.0006981891453885,0.0006981891453885,1.553329520064987e-05,1.553329520064987e-05,1.0,0.0,0.75,0.25,270.8,5,5,Low
main_morgan_r3_259,molecular_fingerprint,0.0006914838182587,0.0006914838182587,-0.0001137446881627,-0.0001137446881627,1.0,0.0,0.75,0.25,215.2,5,5,Low
main_morgan_r3_66,molecular_fingerprint,0.0006683790323613,0.0006683790323613,-2.2561346128992163e-05,-2.2561346128992163e-05,1.0,0.0,0.5,0.5,178.8,5,5,Low
curing_Kappa3,molecular_descriptor,0.0006537974557944,0.0006537974557944,2.002490994574562e-05,2.002490994574562e-05,1.0,0.0,0.6,0.6,182.4,5,5,Low
main_morgan_r3_33,molecular_fingerprint,0.0006520161585727,0.0006520161585727,-0.000207216706215,-0.000207216706215,1.0,0.0,0.75,0.25,159.8,5,5,Low
S/P_ratio_sqrt,elemental_composition,0.0006510442634843,0.0006510442634843,-0.0002651994546891,-0.0002651994546891,1.0,0.0,1.0,0.0,160.6,5,5,Low
main_morgan_r3_423,molecular_fingerprint,0.0006375752655101,0.0006375752655101,-6.737111864845645e-06,-6.737111864845645e-06,1.0,0.0,0.6,0.6,159.6,5,5,Low
main_morgan_r3_109,molecular_fingerprint,0.0006345569038315,0.0006345569038315,-0.0003840716706568,-0.0003840716706568,1.0,0.0,0.6,0.4,203.6,5,5,Low
curing_morgan_r3_147,molecular_fingerprint,0.0006322739291386,0.0007903424114232,0.0002342664346356,0.0002928330432945,0.8,0.0,0.6666666666666666,0.6666666666666666,382.8,4,5,Low
N/P ratio,elemental_composition,0.0006274150900498,0.0006274150900498,2.3687848406448e-05,2.3687848406448e-05,1.0,0.0,0.5,0.5,268.2,5,5,Low
main_morgan_r3_206,molecular_fingerprint,0.0006261778631844,0.0006261778631844,-2.749594662851242e-05,-2.749594662851242e-05,1.0,0.0,0.6,0.6,172.6,5,5,Low
CuringAgent_Has_N,molecular_descriptor,0.0006179184869904,0.0006179184869904,6.908360740671218e-05,6.908360740671218e-05,1.0,0.0,0.5,0.5,297.2,5,5,Low
main_morgan_r3_119,molecular_fingerprint,0.0006178384603683,0.0006178384603683,0.0001614790775937,0.0001614790775937,1.0,0.0,0.5,0.5,187.0,5,5,Low
main_HBD,other,0.0006164521970431,0.0006164521970431,-3.526884715554531e-05,-3.526884715554531e-05,1.0,0.0,0.5,0.5,159.8,5,5,Low
Synergy_type_P-only,other,0.0006162669938867,0.0006162669938867,0.0001881050104922,0.0001881050104922,1.0,0.0,0.75,0.75,224.8,5,5,Low
main_morgan_r3_22,molecular_fingerprint,0.0006161309209821,0.0006161309209821,-3.231226813506849e-05,-3.231226813506849e-05,1.0,0.0,0.5,0.5,173.6,5,5,Low
main_NHOHCount,other,0.0006139612958565,0.0006139612958565,3.415714537260882e-05,3.415714537260882e-05,1.0,0.0,0.5,0.5,176.2,5,5,Low
main_morgan_r3_479,molecular_fingerprint,0.0006079591061806,0.0006079591061806,-3.0975512379556224e-05,-3.0975512379556224e-05,1.0,0.0,0.6,0.4,174.2,5,5,Low
main_morgan_r3_473,molecular_fingerprint,0.0005838877105626,0.0005838877105626,-0.0001461988080486,-0.0001461988080486,1.0,0.0,0.75,0.25,251.8,5,5,Low
main_morgan_r3_405,molecular_fingerprint,0.0005831866552276,0.0005831866552276,0.0002398026641458,0.0002398026641458,1.0,0.0,1.0,1.0,178.2,5,5,Low
Si_loading_real_sqrt,formulation_loading,0.0005756184803817,0.0005756184803817,-3.165254604522339e-05,-3.165254604522339e-05,1.0,0.0,0.5,0.5,282.8,5,5,Low
main_morgan_r3_309,molecular_fingerprint,0.0005676343878669,0.0005676343878669,-0.0001257431546517,-0.0001257431546517,1.0,0.0,0.75,0.25,224.0,5,5,Low
main_morgan_r3_162,molecular_fingerprint,0.0005671058318552,0.0005671058318552,-0.0002459044087496,-0.0002459044087496,1.0,0.0,1.0,0.0,187.8,5,5,Low
main_morgan_r3_289,molecular_fingerprint,0.0005534081589258,0.0005534081589258,-7.606530539910772e-05,-7.606530539910772e-05,1.0,0.0,0.75,0.25,225.4,5,5,Low
main_morgan_r3_489,molecular_fingerprint,0.0005444646929786,0.0005444646929786,0.0001889352070049,0.0001889352070049,1.0,0.0,0.6,0.6,188.8,5,5,Low
P_x_CuringAgent_Has_S,molecular_descriptor,0.0005443226414442,0.0005443226414442,-0.0001583518588161,-0.0001583518588161,1.0,0.0,1.0,0.0,168.6,5,5,Low
main_morgan_r3_287,molecular_fingerprint,0.0005423466946189,0.0005423466946189,-0.0001510370899997,-0.0001510370899997,1.0,0.0,0.75,0.25,221.2,5,5,Low
main_morgan_r3_250,molecular_fingerprint,0.000541398304627,0.000541398304627,0.0002601474837181,0.0002601474837181,1.0,0.0,0.75,0.75,216.8,5,5,Low
main_morgan_r3_416,molecular_fingerprint,0.0005365357326178,0.0005365357326178,8.380355432804435e-05,8.380355432804435e-05,1.0,0.0,0.6,0.6,184.4,5,5,Low
main_morgan_r3_286,molecular_fingerprint,0.0005348576529638,0.0005348576529638,0.0001938891608345,0.0001938891608345,1.0,0.0,1.0,1.0,218.0,5,5,Low
main_morgan_r3_265,molecular_fingerprint,0.0005281668051073,0.0005281668051073,-0.0001978727897069,-0.0001978727897069,1.0,0.0,0.5,0.5,227.8,5,5,Low
main_morgan_r3_41,molecular_fingerprint,0.000525041771997,0.000525041771997,-8.846844392893399e-05,-8.846844392893399e-05,1.0,0.0,0.75,0.25,189.4,5,5,Low
main_morgan_r3_25,molecular_fingerprint,0.0005098364499704,0.0005098364499704,0.0002556053789909,0.0002556053789909,1.0,0.0,0.75,0.25,371.8,5,5,Low
main_morgan_r3_393,molecular_fingerprint,0.0005089519645518,0.0005089519645518,3.822874980613577e-05,3.822874980613577e-05,1.0,0.0,0.75,0.25,261.2,5,5,Low
main_morgan_r3_45,molecular_fingerprint,0.0005045483972927,0.0005045483972927,-0.0001422114972723,-0.0001422114972723,1.0,0.0,1.0,0.0,265.2,5,5,Low
main_morgan_r3_50,molecular_fingerprint,0.0005036336918886,0.0005036336918886,-0.0001266514624734,-0.0001266514624734,1.0,0.0,0.75,0.25,202.2,5,5,Low
main_morgan_r3_134,molecular_fingerprint,0.0005033282313807,0.0005033282313807,8.01299728588351e-05,8.01299728588351e-05,1.0,0.0,0.5,0.5,227.2,5,5,Low
Si_content_wt%_sqrt,elemental_composition,0.0005020864582952,0.0005020864582952,4.122412756678393e-06,4.122412756678393e-06,1.0,0.0,0.5,0.5,189.6,5,5,Low
Preparation_Method_DOPO-based (Co-curing),molecular_descriptor,0.0005018742302782,0.0005018742302782,5.105571064916031e-05,5.105571064916031e-05,1.0,0.0,0.75,0.75,251.8,5,5,Low
main_morgan_r3_496,molecular_fingerprint,0.0004949718515036,0.0004949718515036,-2.7176645649715995e-05,-2.7176645649715995e-05,1.0,0.0,0.75,0.25,260.8,5,5,Low
Preparation_Method_DOPO-based (additive),curing_and_preparation,0.0004929645760502,0.0004929645760502,-6.92973873394899e-05,-6.92973873394899e-05,1.0,0.0,0.75,0.25,170.8,5,5,Low
main_morgan_r3_222,molecular_fingerprint,0.0004873999042294,0.0004873999042294,-5.7469744632720056e-05,-5.7469744632720056e-05,1.0,0.0,0.5,0.5,253.2,5,5,Low
main_SaturatedHeterocycles,other,0.000485856645743,0.0006073208071788,-5.401352163066522e-05,-6.751690203833153e-05,0.8,0.0,0.6666666666666666,0.3333333333333333,256.4,4,5,Low
main_morgan_r3_243,molecular_fingerprint,0.0004810435410567,0.0004810435410567,-0.0004488412194931,-0.0004488412194931,1.0,0.0,0.8,0.2,298.6,5,5,Low
main_morgan_r3_81,molecular_fingerprint,0.0004810236983856,0.0004810236983856,-1.343087456453085e-05,-1.343087456453085e-05,1.0,0.0,0.6,0.4,216.2,5,5,Low
main_morgan_r3_278,molecular_fingerprint,0.0004788245408387,0.0004788245408387,-0.0001404715731791,-0.0001404715731791,1.0,0.0,0.5,0.5,268.2,5,5,Low
main_SaturatedRings,molecular_descriptor,0.0004775211764317,0.0004775211764317,-1.8535748324887053e-06,-1.8535748324887053e-06,1.0,0.0,0.75,0.25,182.8,5,5,Low
Preparation_Method_DOPO-based (reactive),curing_and_preparation,0.0004740281289088,0.0004740281289088,-7.844608469042117e-05,-7.844608469042117e-05,1.0,0.0,0.75,0.25,176.8,5,5,Low
Has_Si,elemental_composition,0.0004709174341111,0.0004709174341111,-0.000150664590702,-0.000150664590702,1.0,0.0,0.5,0.5,257.8,5,5,Low
main_morgan_r3_97,molecular_fingerprint,0.0004596766041437,0.0004596766041437,0.0001915145430794,0.0001915145430794,1.0,0.0,1.0,1.0,215.0,5,5,Low
main_morgan_r3_488,molecular_fingerprint,0.0004587440500601,0.0005734300625752,-0.000321749283258,-0.0004021866040725,0.8,0.0,1.0,0.0,295.2,4,5,Low
main_morgan_r3_329,molecular_fingerprint,0.0004567137423655,0.0004567137423655,-6.358163630258339e-05,-6.358163630258339e-05,1.0,0.0,0.6,0.4,221.2,5,5,Low
main_morgan_r3_194,molecular_fingerprint,0.0004561119269575,0.0005701399086969,-0.0003046307337447,-0.0003807884171809,0.8,0.0,1.0,0.0,296.6,4,5,Low
curing_morgan_r3_336,molecular_fingerprint,0.0004529703051519,0.0005662128814399,6.455379698665331e-05,8.069224623331663e-05,0.8,0.0,0.6666666666666666,0.3333333333333333,385.8,4,5,Low
curing_Kappa2,molecular_descriptor,0.0004464408537091,0.0004464408537091,6.909040014964296e-05,6.909040014964296e-05,1.0,0.0,0.75,0.75,297.6,5,5,Low
main_morgan_r3_266,molecular_fingerprint,0.0004459543870243,0.0004459543870243,5.406726840143288e-05,5.406726840143288e-05,1.0,0.0,0.8,0.8,346.2,5,5,Low
main_morgan_r3_159,molecular_fingerprint,0.0004400853437468,0.0004400853437468,-0.0001592081010156,-0.0001592081010156,1.0,0.0,0.75,0.25,251.2,5,5,Low
main_morgan_r3_319,molecular_fingerprint,0.000432282430516,0.000432282430516,-2.6663167634848635e-05,-2.6663167634848635e-05,1.0,0.0,0.5,0.5,248.4,5,5,Low
main_morgan_r3_3,molecular_fingerprint,0.0004258329543049,0.0004258329543049,-6.78706449378356e-06,-6.78706449378356e-06,1.0,0.0,0.5,0.5,259.0,5,5,Low
main_morgan_r3_468,molecular_fingerprint,0.0004228700050093,0.0004228700050093,1.73675591011013e-05,1.73675591011013e-05,1.0,0.0,0.8,0.8,239.0,5,5,Low
Cure_Temp_Max,curing_and_preparation,0.0004098215859936,0.0004098215859936,-2.564130360193616e-05,-2.564130360193616e-05,1.0,0.0,0.6,0.4,213.2,5,5,Low
main_morgan_r3_186,molecular_fingerprint,0.0004089813640404,0.0004089813640404,8.872214169154907e-06,8.872214169154907e-06,1.0,0.0,0.6,0.6,237.8,5,5,Low
Si/P_ratio_sqrt,elemental_composition,0.0004065291262387,0.0004065291262387,-9.7956823642778e-05,-9.7956823642778e-05,1.0,0.0,0.5,0.5,197.8,5,5,Low
main_morgan_r3_240,molecular_fingerprint,0.0004045555471609,0.0004045555471609,-4.071296632312896e-05,-4.071296632312896e-05,1.0,0.0,0.75,0.25,302.0,5,5,Low
main_morgan_r3_199,molecular_fingerprint,0.0003948024212098,0.0003948024212098,-2.789362692542214e-06,-2.789362692542214e-06,1.0,0.0,0.5,0.5,256.8,5,5,Low
main_morgan_r3_312,molecular_fingerprint,0.0003945935709058,0.0003945935709058,-3.201522867936099e-05,-3.201522867936099e-05,1.0,0.0,0.5,0.5,257.2,5,5,Low
main_morgan_r3_123,molecular_fingerprint,0.0003928635357492,0.0003928635357492,4.834396167853401e-05,4.834396167853401e-05,1.0,0.0,0.75,0.75,241.8,5,5,Low
main_morgan_r3_140,molecular_fingerprint,0.000390101747561,0.000390101747561,-9.931579293476693e-05,-9.931579293476693e-05,1.0,0.0,0.6,0.4,255.4,5,5,Low
main_morgan_r3_275,molecular_fingerprint,0.0003898523530803,0.0003898523530803,0.0001108964650288,0.0001108964650288,1.0,0.0,0.75,0.75,254.4,5,5,Low
curing_HBD,molecular_descriptor,0.000389598176245,0.000389598176245,3.228375762199045e-05,3.228375762199045e-05,1.0,0.0,0.5,0.5,316.2,5,5,Low
main_morgan_r3_441,molecular_fingerprint,0.0003852162429481,0.0003852162429481,-6.713987381394215e-05,-6.713987381394215e-05,1.0,0.0,0.8,0.2,244.8,5,5,Low
P_S_loading_product,formulation_loading,0.0003835353425722,0.0003835353425722,-0.0001910549391288,-0.0001910549391288,1.0,0.0,1.0,0.0,208.0,5,5,Low
main_morgan_r3_12,molecular_fingerprint,0.0003818580598524,0.0003818580598524,-0.0001798836392104,-0.0001798836392104,1.0,0.0,0.75,0.25,258.4,5,5,Low
main_morgan_r3_107,molecular_fingerprint,0.0003790396989559,0.0003790396989559,0.000100159923567,0.000100159923567,1.0,0.0,0.5,0.5,247.0,5,5,Low
S_loading_real_sq,formulation_loading,0.0003789911549537,0.0003789911549537,-0.0001315801272556,-0.0001315801272556,1.0,0.0,0.8,0.2,243.4,5,5,Low
main_morgan_r3_379,molecular_fingerprint,0.0003755687394765,0.0003755687394765,-5.798068920363166e-05,-5.798068920363166e-05,1.0,0.0,0.75,0.25,323.6,5,5,Low
main_morgan_r3_46,molecular_fingerprint,0.000374732398348,0.000374732398348,-1.6394536197473218e-05,-1.6394536197473218e-05,1.0,0.0,0.5,0.5,246.0,5,5,Low
main_morgan_r3_110,molecular_fingerprint,0.0003705863571163,0.0003705863571163,-0.0001398350843476,-0.0001398350843476,1.0,0.0,0.75,0.25,249.6,5,5,Low
main_morgan_r3_490,molecular_fingerprint,0.0003677045063616,0.0003677045063616,0.0001229524524908,0.0001229524524908,1.0,0.0,0.8,0.8,253.0,5,5,Low
main_morgan_r3_503,molecular_fingerprint,0.0003650202866041,0.0003650202866041,-2.105383825435248e-05,-2.105383825435248e-05,1.0,0.0,0.75,0.25,305.8,5,5,Low
main_morgan_r3_242,molecular_fingerprint,0.0003640194074198,0.0003640194074198,5.55074396396833e-05,5.55074396396833e-05,1.0,0.0,0.75,0.75,295.8,5,5,Low
main_morgan_r3_332,molecular_fingerprint,0.0003601582163439,0.0003601582163439,-0.0001627668390901,-0.0001627668390901,1.0,0.0,1.0,0.0,285.2,5,5,Low
S/P_ratio_sq,elemental_composition,0.0003599198377156,0.0003599198377156,-0.0001531565351918,-0.0001531565351918,1.0,0.0,0.75,0.25,236.2,5,5,Low
main_morgan_r3_71,molecular_fingerprint,0.0003568400626948,0.0003568400626948,5.0719344118291256e-05,5.0719344118291256e-05,1.0,0.0,0.75,0.75,239.8,5,5,Low
main_morgan_r3_207,molecular_fingerprint,0.0003499960993507,0.0004374951241884,0.0001830146739063,0.0002287683423828,0.8,0.0,0.6666666666666666,0.6666666666666666,322.4,4,5,Low
main_morgan_r3_255,molecular_fingerprint,0.0003499513707315,0.0003499513707315,0.0001271340434609,0.0001271340434609,1.0,0.0,0.6,0.6,272.2,5,5,Low
main_morgan_r3_228,molecular_fingerprint,0.0003493862984355,0.0004367328730444,-0.0002925904237112,-0.000365738029639,0.8,0.0,1.0,0.0,325.4,4,5,Low
main_morgan_r3_29,molecular_fingerprint,0.0003471236387024,0.0003471236387024,-1.2569852289172129e-05,-1.2569852289172129e-05,1.0,0.0,0.5,0.5,308.2,5,5,Low
main_morgan_r3_177,molecular_fingerprint,0.0003444300569586,0.0003444300569586,-0.0001376646909267,-0.0001376646909267,1.0,0.0,0.75,0.25,257.4,5,5,Low
main_morgan_r3_377,molecular_fingerprint,0.0003429740747101,0.0003429740747101,8.855711747503866e-05,8.855711747503866e-05,1.0,0.0,0.75,0.75,294.6,5,5,Low
N/P_ratio_sq,elemental_composition,0.0003423713358648,0.0003423713358648,-1.5477839955736615e-05,-1.5477839955736615e-05,1.0,0.0,0.5,0.5,214.4,5,5,Low
Si_loading_real,formulation_loading,0.0003377999143355,0.0003377999143355,3.12821184933701e-05,3.12821184933701e-05,1.0,0.0,0.5,0.5,225.0,5,5,Low
main_morgan_r3_461,molecular_fingerprint,0.0003353913621803,0.0003353913621803,-2.9966420427990576e-05,-2.9966420427990576e-05,1.0,0.0,0.6,0.4,232.6,5,5,Low
main_morgan_r3_271,molecular_fingerprint,0.0003323224901358,0.0003323224901358,-0.0001233668586921,-0.0001233668586921,1.0,0.0,0.75,0.25,345.8,5,5,Low
main_morgan_r3_236,molecular_fingerprint,0.0003309643779056,0.0003309643779056,3.443138489996363e-05,3.443138489996363e-05,1.0,0.0,0.6666666666666666,0.6666666666666666,338.2,5,5,Low
main_morgan_r3_360,molecular_fingerprint,0.0003300616254656,0.0003300616254656,-6.391367840639744e-07,-6.391367840639744e-07,1.0,0.0,0.5,0.5,289.6,5,5,Low
main_morgan_r3_233,molecular_fingerprint,0.0003298471758663,0.0003298471758663,-5.860683633089162e-05,-5.860683633089162e-05,1.0,0.0,0.75,0.25,261.2,5,5,Low
S/P ratio,elemental_composition,0.0003285899725731,0.0003285899725731,-0.000153996255137,-0.000153996255137,1.0,0.0,0.75,0.25,349.2,5,5,Low
main_morgan_r3_411,molecular_fingerprint,0.000326470101353,0.000326470101353,-5.85586364611217e-05,-5.85586364611217e-05,1.0,0.0,0.5,0.5,295.4,5,5,Low
main_morgan_r3_392,molecular_fingerprint,0.0003241986958954,0.0003241986958954,-3.602978360232911e-06,-3.602978360232911e-06,1.0,0.0,0.5,0.5,332.8,5,5,Low
curing_morgan_r3_376,molecular_fingerprint,0.0003213010089062,0.0004016262611328,1.26664279391685e-05,1.5833034923960624e-05,0.8,0.0,0.6666666666666666,0.3333333333333333,400.2,4,5,Low
main_morgan_r3_386,molecular_fingerprint,0.0003177660119853,0.0003177660119853,-1.8950243057007463e-05,-1.8950243057007463e-05,1.0,0.0,0.75,0.75,324.0,5,5,Low
main_morgan_r3_357,molecular_fingerprint,0.0003158221072947,0.0003158221072947,-7.43201132530847e-05,-7.43201132530847e-05,1.0,0.0,0.75,0.25,299.4,5,5,Low
main_morgan_r3_6,molecular_fingerprint,0.0003152996498794,0.0003152996498794,2.0939922084093217e-05,2.0939922084093217e-05,1.0,0.0,0.6,0.6,239.0,5,5,Low
main_morgan_r3_428,molecular_fingerprint,0.0003102082554461,0.0003102082554461,2.580478401506088e-05,2.580478401506088e-05,1.0,0.0,0.5,0.5,310.2,5,5,Low
main_morgan_r3_251,molecular_fingerprint,0.0003095185812115,0.0003095185812115,3.572218522600558e-05,3.572218522600558e-05,1.0,0.0,0.75,0.75,277.2,5,5,Low
main_morgan_r3_421,molecular_fingerprint,0.0003086855540745,0.0003086855540745,-4.739431690520332e-05,-4.739431690520332e-05,1.0,0.0,0.75,0.25,314.8,5,5,Low
curing_AliphaticRings,molecular_descriptor,0.0003076568184523,0.0003076568184523,6.103977461091535e-05,6.103977461091535e-05,1.0,0.0,0.75,0.25,357.6,5,5,Low
Has_S,elemental_composition,0.0003068514303957,0.0003068514303957,-0.0001486826506126,-0.0001486826506126,1.0,0.0,0.5,0.5,362.0,5,5,Low
main_morgan_r3_152,molecular_fingerprint,0.000304627289904,0.000304627289904,-8.533148836178839e-05,-8.533148836178839e-05,1.0,0.0,0.75,0.25,276.6,5,5,Low
main_morgan_r3_385,molecular_fingerprint,0.0003044026206452,0.0003044026206452,-0.0001556920020487,-0.0001556920020487,1.0,0.0,1.0,0.0,295.4,5,5,Low
main_morgan_r3_482,molecular_fingerprint,0.0003035986787123,0.0003035986787123,-8.541143674836328e-05,-8.541143674836328e-05,1.0,0.0,0.75,0.25,319.6,5,5,Low
main_morgan_r3_281,molecular_fingerprint,0.000303280732194,0.000303280732194,3.249435875514449e-05,3.249435875514449e-05,1.0,0.0,0.75,0.75,293.8,5,5,Low
main_morgan_r3_502,molecular_fingerprint,0.0002995108191266,0.0002995108191266,3.2836968172505974e-05,3.2836968172505974e-05,1.0,0.0,0.5,0.5,322.6,5,5,Low
main_morgan_r3_210,molecular_fingerprint,0.0002988577168072,0.0002988577168072,0.0001301128047356,0.0001301128047356,1.0,0.0,0.75,0.75,295.6,5,5,Low
main_morgan_r3_451,molecular_fingerprint,0.0002978669451343,0.0002978669451343,-1.7660546464570115e-05,-1.7660546464570115e-05,1.0,0.0,0.75,0.25,317.8,5,5,Low
main_morgan_r3_146,molecular_fingerprint,0.0002966005306139,0.0002966005306139,-5.465394645310755e-06,-5.465394645310755e-06,1.0,0.0,0.5,0.5,260.8,5,5,Low
main_morgan_r3_0,molecular_fingerprint,0.0002954029430995,0.0002954029430995,-5.450761463877366e-06,-5.450761463877366e-06,1.0,0.0,0.5,0.5,238.4,5,5,Low
main_morgan_r3_203,molecular_fingerprint,0.0002945474090651,0.0002945474090651,-0.0001032539661072,-0.0001032539661072,1.0,0.0,0.75,0.25,293.4,5,5,Low
main_morgan_r3_370,molecular_fingerprint,0.00029354159487,0.00029354159487,0.0001109755004604,0.0001109755004604,1.0,0.0,0.75,0.75,315.6,5,5,Low
main_morgan_r3_112,molecular_fingerprint,0.0002893947991713,0.0002893947991713,-7.130606824795253e-05,-7.130606824795253e-05,1.0,0.0,0.75,0.25,267.6,5,5,Low
curing_RotBonds,molecular_descriptor,0.0002890183445016,0.0002890183445016,2.114675193430076e-05,2.114675193430076e-05,1.0,0.0,0.5,0.5,342.2,5,5,Low
main_morgan_r3_8,molecular_fingerprint,0.0002826543421866,0.0002826543421866,-8.405644888288262e-05,-8.405644888288262e-05,1.0,0.0,0.5,0.5,250.2,5,5,Low
main_morgan_r3_507,molecular_fingerprint,0.0002819292195517,0.0002819292195517,-7.993351124147333e-05,-7.993351124147333e-05,1.0,0.0,0.75,0.25,346.8,5,5,Low
main_morgan_r3_485,molecular_fingerprint,0.0002773357013996,0.0002773357013996,0.0001100118726017,0.0001100118726017,1.0,0.0,1.0,1.0,338.8,5,5,Low
main_morgan_r3_198,molecular_fingerprint,0.000276143212345,0.000276143212345,0.0001168455850383,0.0001168455850383,1.0,0.0,0.6666666666666666,0.6666666666666666,331.8,5,5,Low
main_morgan_r3_111,molecular_fingerprint,0.0002757578847079,0.0002757578847079,-6.179292710604362e-05,-6.179292710604362e-05,1.0,0.0,0.5,0.5,296.8,5,5,Low
co_morgan_r3_356,molecular_fingerprint,0.000274540527129,0.000274540527129,-6.855850974437459e-05,-6.855850974437459e-05,1.0,0.0,0.5,0.5,343.2,5,5,Low
main_morgan_r3_188,molecular_fingerprint,0.0002738454290487,0.0002738454290487,2.5213028595283995e-05,2.5213028595283995e-05,1.0,0.0,0.5,0.5,372.4,5,5,Low
main_morgan_r3_84,molecular_fingerprint,0.0002608155919105,0.0002608155919105,5.763485301091556e-05,5.763485301091556e-05,1.0,0.0,0.6,0.6,268.6,5,5,Low
main_morgan_r3_73,molecular_fingerprint,0.0002595888867296,0.0002595888867296,-4.60257194474091e-05,-4.60257194474091e-05,1.0,0.0,0.75,0.25,287.0,5,5,Low
main_morgan_r3_114,molecular_fingerprint,0.0002594891315592,0.0002594891315592,-0.0001147281162627,-0.0001147281162627,1.0,0.0,0.5,0.5,304.6,5,5,Low
main_morgan_r3_208,molecular_fingerprint,0.0002586331867688,0.0002586331867688,-0.0001530219832623,-0.0001530219832623,1.0,0.0,0.75,0.25,314.2,5,5,Low
main_morgan_r3_486,molecular_fingerprint,0.00025837120617,0.00025837120617,-0.0001002834213189,-0.0001002834213189,1.0,0.0,0.75,0.25,334.8,5,5,Low
main_morgan_r3_467,molecular_fingerprint,0.0002553951591676,0.0002553951591676,-6.895805873563016e-05,-6.895805873563016e-05,1.0,0.0,0.75,0.75,371.0,5,5,Low
main_morgan_r3_131,molecular_fingerprint,0.0002543089143477,0.0002543089143477,-1.8923930093221345e-05,-1.8923930093221345e-05,1.0,0.0,0.75,0.25,314.6,5,5,Low
main_morgan_r3_321,molecular_fingerprint,0.0002539327780331,0.0002539327780331,3.2358457412016146e-05,3.2358457412016146e-05,1.0,0.0,0.5,0.5,335.8,5,5,Low
main_morgan_r3_389,molecular_fingerprint,0.0002535969113062,0.0002535969113062,5.1627727567433146e-05,5.1627727567433146e-05,1.0,0.0,0.75,0.75,322.4,5,5,Low
main_morgan_r3_308,molecular_fingerprint,0.0002483817123916,0.0002483817123916,5.823895121999575e-05,5.823895121999575e-05,1.0,0.0,0.75,0.75,310.8,5,5,Low
main_morgan_r3_117,molecular_fingerprint,0.0002421977024101,0.0002421977024101,8.282729743456545e-05,8.282729743456545e-05,1.0,0.0,0.5,0.5,287.4,5,5,Low
main_morgan_r3_276,molecular_fingerprint,0.0002382043423981,0.0002382043423981,8.230406592537463e-05,8.230406592537463e-05,1.0,0.0,0.6666666666666666,0.6666666666666666,360.6,5,5,Low
main_morgan_r3_381,molecular_fingerprint,0.0002362810961609,0.0002362810961609,3.6936441231404408e-06,3.6936441231404408e-06,1.0,0.0,0.6,0.4,374.0,5,5,Low
main_morgan_r3_375,molecular_fingerprint,0.000235738805564,0.000235738805564,2.4095210930661466e-05,2.4095210930661466e-05,1.0,0.0,0.75,0.75,357.8,5,5,Low
main_morgan_r3_230,molecular_fingerprint,0.0002354138328612,0.0002354138328612,-3.6125481090080144e-05,-3.6125481090080144e-05,1.0,0.0,0.5,0.5,323.0,5,5,Low
main_morgan_r3_434,molecular_fingerprint,0.0002339092065611,0.0002339092065611,-9.158552181038089e-05,-9.158552181038089e-05,1.0,0.0,0.5,0.5,354.4,5,5,Low
main_morgan_r3_102,molecular_fingerprint,0.0002317160181879,0.0002317160181879,-4.1706873962821096e-05,-4.1706873962821096e-05,1.0,0.0,0.75,0.25,306.8,5,5,Low
Si_content wt%,elemental_composition,0.0002316705200012,0.0002316705200012,-3.892959196063353e-05,-3.892959196063353e-05,1.0,0.0,0.75,0.75,400.0,5,5,Low
main_morgan_r3_408,molecular_fingerprint,0.0002308878633813,0.0002886098292266,9.859934431864933e-05,0.0001232491803983,0.8,0.0,0.5,0.5,403.4,4,5,Low
main_morgan_r3_354,molecular_fingerprint,0.0002303518731251,0.0002303518731251,-7.476794963852425e-05,-7.476794963852425e-05,1.0,0.0,0.5,0.5,330.8,5,5,Low
main_morgan_r3_361,molecular_fingerprint,0.0002299135753054,0.0002299135753054,8.274749629778294e-05,8.274749629778294e-05,1.0,0.0,0.5,0.5,351.0,5,5,Low
main_morgan_r3_407,molecular_fingerprint,0.0002283902307448,0.0002283902307448,-1.1118303394065771e-05,-1.1118303394065771e-05,1.0,0.0,0.5,0.5,336.2,5,5,Low
main_morgan_r3_476,molecular_fingerprint,0.000228380388305,0.000228380388305,4.271195239627444e-05,4.271195239627444e-05,1.0,0.0,0.5,0.5,356.2,5,5,Low
main_morgan_r3_305,molecular_fingerprint,0.0002273281448765,0.0002273281448765,-5.57520820630625e-05,-5.57520820630625e-05,1.0,0.0,0.5,0.5,318.2,5,5,Low
main_morgan_r3_36,molecular_fingerprint,0.0002259173210318,0.0002259173210318,3.47688688944126e-07,3.47688688944126e-07,1.0,0.0,0.5,0.5,304.8,5,5,Low
main_morgan_r3_37,molecular_fingerprint,0.0002232208837969,0.0002232208837969,0.000128320616037,0.000128320616037,1.0,0.0,0.5,0.5,288.0,5,5,Low
main_morgan_r3_340,molecular_fingerprint,0.0002195233323742,0.0002195233323742,1.9822971520555147e-05,1.9822971520555147e-05,1.0,0.0,0.6,0.6,284.0,5,5,Low
Co_FR_present,other,0.0002179532410472,0.0002179532410472,-9.690208131250858e-05,-9.690208131250858e-05,1.0,0.0,0.5,0.5,291.6,5,5,Low
main_morgan_r3_394,molecular_fingerprint,0.0002169475116399,0.0002711843895498,4.304806543271319e-05,5.3810081790891485e-05,0.8,0.0,0.75,0.25,405.6,4,5,Low
main_morgan_r3_221,molecular_fingerprint,0.0002168406949437,0.0002168406949437,-4.06405358048229e-05,-4.06405358048229e-05,1.0,0.0,0.75,0.25,327.0,5,5,Low
main_morgan_r3_231,molecular_fingerprint,0.0002163628474324,0.0002163628474324,-5.322046285172474e-05,-5.322046285172474e-05,1.0,0.0,1.0,0.0,319.4,5,5,Low
main_morgan_r3_191,molecular_fingerprint,0.0002156692470533,0.0002156692470533,-8.054439365088941e-05,-8.054439365088941e-05,1.0,0.0,0.75,0.25,313.2,5,5,Low
main_morgan_r3_18,molecular_fingerprint,0.0002132672969535,0.0002132672969535,-8.273396530889066e-05,-8.273396530889066e-05,1.0,0.0,1.0,0.0,288.6,5,5,Low
main_morgan_r3_171,molecular_fingerprint,0.0002091250063662,0.0002091250063662,4.163765634748194e-05,4.163765634748194e-05,1.0,0.0,0.75,0.75,334.0,5,5,Low
B_content wt%,elemental_composition,0.0002087456131701,0.0002087456131701,-0.0001109434367428,-0.0001109434367428,1.0,0.0,0.75,0.25,336.2,5,5,Low
curing_morgan_r3_144,molecular_fingerprint,0.0002082721913681,0.0002082721913681,7.865004495720883e-07,7.865004495720883e-07,1.0,0.0,0.5,0.5,415.4,5,5,Low
main_morgan_r3_212,molecular_fingerprint,0.0002065411374756,0.0002065411374756,7.941918697171089e-05,7.941918697171089e-05,1.0,0.0,0.75,0.75,314.2,5,5,Low
main_morgan_r3_429,molecular_fingerprint,0.0002060779817764,0.0002060779817764,6.165267029835458e-05,6.165267029835458e-05,1.0,0.0,0.5,0.5,399.6,5,5,Low
curing_SaturatedRings,molecular_descriptor,0.0002051030507794,0.0002051030507794,0.0001378709060168,0.0001378709060168,1.0,0.0,0.6666666666666666,0.6666666666666666,460.0,5,5,Low
co_morgan_r3_486,molecular_fingerprint,0.0002045054357551,0.0003408423929252,-0.0002045054357551,-0.0003408423929252,0.6,0.0,1.0,0.0,498.8,3,5,Low
main_morgan_r3_401,molecular_fingerprint,0.0002042636144605,0.0002042636144605,-1.6571847971735873e-05,-1.6571847971735873e-05,1.0,0.0,0.5,0.5,358.0,5,5,Low
main_morgan_r3_155,molecular_fingerprint,0.0002037986099503,0.0002037986099503,-3.2796212267693164e-05,-3.2796212267693164e-05,1.0,0.0,1.0,0.0,306.4,5,5,Low
main_morgan_r3_325,molecular_fingerprint,0.0002026495691446,0.0002026495691446,-3.425297141114372e-05,-3.425297141114372e-05,1.0,0.0,0.75,0.25,336.2,5,5,Low
main_morgan_r3_193,molecular_fingerprint,0.000201290505692,0.000201290505692,-1.0939681354009352e-05,-1.0939681354009352e-05,1.0,0.0,0.5,0.5,322.0,5,5,Low
main_morgan_r3_108,molecular_fingerprint,0.0002008708250592,0.0002008708250592,-1.6888565110987334e-05,-1.6888565110987334e-05,1.0,0.0,0.75,0.75,377.6,5,5,Low
main_morgan_r3_307,molecular_fingerprint,0.0002006391442378,0.0002006391442378,-1.8699374699636765e-05,-1.8699374699636765e-05,1.0,0.0,0.75,0.75,349.4,5,5,Low
main_morgan_r3_491,molecular_fingerprint,0.0002000746784577,0.0002000746784577,5.209067550493138e-05,5.209067550493138e-05,1.0,0.0,0.5,0.5,395.2,5,5,Low
Co_FR_fraction,formulation_loading,0.0001999116673137,0.0001999116673137,4.414983672805622e-05,4.414983672805622e-05,1.0,0.0,0.75,0.75,370.6,5,5,Low
main_morgan_r3_196,molecular_fingerprint,0.0001994716211637,0.0001994716211637,3.478599067007964e-05,3.478599067007964e-05,1.0,0.0,0.75,0.75,327.0,5,5,Low
main_morgan_r3_382,molecular_fingerprint,0.0001972483217161,0.0001972483217161,5.707485455416064e-05,5.707485455416064e-05,1.0,0.0,0.5,0.5,361.6,5,5,Low
main_morgan_r3_2,molecular_fingerprint,0.0001969046330259,0.0001969046330259,5.987330200480065e-05,5.987330200480065e-05,1.0,0.0,0.75,0.75,289.2,5,5,Low
main_morgan_r3_418,molecular_fingerprint,0.0001949820188578,0.0001949820188578,-9.277162371949368e-05,-9.277162371949368e-05,1.0,0.0,0.5,0.5,389.4,5,5,Low
main_morgan_r3_373,molecular_fingerprint,0.0001944907907677,0.0001944907907677,-4.797422934980351e-05,-4.797422934980351e-05,1.0,0.0,0.5,0.5,400.2,5,5,Low
main_co_similarity,other,0.0001933161654398,0.0001933161654398,5.547736776978558e-05,5.547736776978558e-05,1.0,0.0,0.75,0.75,307.2,5,5,Low
main_morgan_r3_7,molecular_fingerprint,0.0001926847593779,0.0001926847593779,0.0001178958064688,0.0001178958064688,1.0,0.0,1.0,1.0,328.2,5,5,Low
main_morgan_r3_60,molecular_fingerprint,0.0001920267469113,0.0001920267469113,7.841584630803234e-05,7.841584630803234e-05,1.0,0.0,0.75,0.75,296.0,5,5,Low
main_morgan_r3_85,molecular_fingerprint,0.0001914391625992,0.0001914391625992,-6.14546658708611e-05,-6.14546658708611e-05,1.0,0.0,0.75,0.25,328.8,5,5,Low
main_morgan_r3_39,molecular_fingerprint,0.0001913817032816,0.0001913817032816,-3.311448463925615e-05,-3.311448463925615e-05,1.0,0.0,0.75,0.25,301.8,5,5,Low
main_morgan_r3_371,molecular_fingerprint,0.0001899141721157,0.0001899141721157,-1.3859056474056308e-05,-1.3859056474056308e-05,1.0,0.0,0.5,0.5,349.4,5,5,Low
main_morgan_r3_103,molecular_fingerprint,0.0001887087850864,0.0001887087850864,-5.135436693737539e-05,-5.135436693737539e-05,1.0,0.0,0.5,0.5,331.6,5,5,Low
co_morgan_r3_183,molecular_fingerprint,0.0001883669577743,0.0002354586972179,-0.0001483973614782,-0.0001854967018478,0.8,0.0,1.0,0.0,466.2,4,5,Low
main_morgan_r3_466,molecular_fingerprint,0.0001882858788705,0.0001882858788705,-7.383075821978797e-05,-7.383075821978797e-05,1.0,0.0,0.75,0.25,439.0,5,5,Low
main_morgan_r3_15,molecular_fingerprint,0.0001882089043405,0.0001882089043405,-0.0001630686803371,-0.0001630686803371,1.0,0.0,1.0,0.0,302.6,5,5,Low
main_morgan_r3_293,molecular_fingerprint,0.0001865900334183,0.0001865900334183,-0.0001004363759886,-0.0001004363759886,1.0,0.0,1.0,0.0,347.2,5,5,Low
main_morgan_r3_296,molecular_fingerprint,0.0001837792756224,0.0001837792756224,-3.834251696572123e-05,-3.834251696572123e-05,1.0,0.0,0.8,0.2,365.6,5,5,Low
main_morgan_r3_487,molecular_fingerprint,0.0001832341517114,0.0001832341517114,-6.327587723431963e-05,-6.327587723431963e-05,1.0,0.0,0.75,0.25,391.8,5,5,Low
main_morgan_r3_99,molecular_fingerprint,0.0001807250151565,0.0001807250151565,5.893617430030118e-05,5.893617430030118e-05,1.0,0.0,0.75,0.75,328.4,5,5,Low
main_morgan_r3_19,molecular_fingerprint,0.0001796057414642,0.0001796057414642,-3.648081012635138e-05,-3.648081012635138e-05,1.0,0.0,0.6,0.4,315.8,5,5,Low
main_morgan_r3_147,molecular_fingerprint,0.0001796019545908,0.0001796019545908,-3.012959185254814e-05,-3.012959185254814e-05,1.0,0.0,0.75,0.25,319.8,5,5,Low
main_morgan_r3_197,molecular_fingerprint,0.0001772840275954,0.0001772840275954,-4.699769236542137e-05,-4.699769236542137e-05,1.0,0.0,0.75,0.25,337.8,5,5,Low
main_morgan_r3_362,molecular_fingerprint,0.0001767994477132,0.0001767994477132,4.538242297637081e-05,4.538242297637081e-05,1.0,0.0,0.5,0.5,384.8,5,5,Low
co_morgan_r3_507,molecular_fingerprint,0.0001763799474126,0.0002939665790211,-0.0001763799474126,-0.0002939665790211,0.6,0.0,1.0,0.0,512.4,3,5,Low
main_morgan_r3_118,molecular_fingerprint,0.0001757050508085,0.0001757050508085,-5.71963523353705e-05,-5.71963523353705e-05,1.0,0.0,1.0,0.0,315.4,5,5,Low
Si/P ratio,elemental_composition,0.000175399814961,0.000175399814961,-5.305299098863887e-05,-5.305299098863887e-05,1.0,0.0,0.5,0.5,412.6,5,5,Low
main_morgan_r3_95,molecular_fingerprint,0.0001729873292226,0.0001729873292226,5.579439156525169e-05,5.579439156525169e-05,1.0,0.0,0.75,0.75,316.0,5,5,Low
main_morgan_r3_501,molecular_fingerprint,0.0001695911242164,0.0001695911242164,-1.619243985087514e-05,-1.619243985087514e-05,1.0,0.0,0.5,0.5,390.8,5,5,Low
main_morgan_r3_422,molecular_fingerprint,0.0001683449549197,0.0001683449549197,2.0237424248793367e-08,2.0237424248793367e-08,1.0,0.0,0.5,0.5,399.0,5,5,Low
main_morgan_r3_410,molecular_fingerprint,0.0001673812564599,0.0001673812564599,-1.6701616429312723e-05,-1.6701616429312723e-05,1.0,0.0,0.75,0.25,398.8,5,5,Low
main_co_similarity_sq,other,0.0001673646915016,0.0001673646915016,8.782332803251498e-06,8.782332803251498e-06,1.0,0.0,0.5,0.5,323.8,5,5,Low
main_morgan_r3_241,molecular_fingerprint,0.0001648236894348,0.0001648236894348,-3.529722444604191e-05,-3.529722444604191e-05,1.0,0.0,0.75,0.25,355.4,5,5,Low
co_BertzCT,other,0.0001643158166712,0.0001643158166712,-7.737744663028125e-05,-7.737744663028125e-05,1.0,0.0,0.75,0.25,414.8,5,5,Low
P_Si_loading_product,formulation_loading,0.0001638502898908,0.0001638502898908,-1.36508661974363e-05,-1.36508661974363e-05,1.0,0.0,0.5,0.5,315.4,5,5,Low
main_morgan_r3_415,molecular_fingerprint,0.0001618975218445,0.0001618975218445,-3.478262484621315e-05,-3.478262484621315e-05,1.0,0.0,0.5,0.5,400.8,5,5,Low
main_morgan_r3_98,molecular_fingerprint,0.0001614450648621,0.0001614450648621,-3.889106921204821e-05,-3.889106921204821e-05,1.0,0.0,0.5,0.5,369.8,5,5,Low
main_morgan_r3_424,molecular_fingerprint,0.0001600450195098,0.0001600450195098,-1.9963199463922537e-05,-1.9963199463922537e-05,1.0,0.0,0.75,0.25,379.8,5,5,Low
main_morgan_r3_412,molecular_fingerprint,0.000159347186561,0.000159347186561,5.2867650843242914e-05,5.2867650843242914e-05,1.0,0.0,0.75,0.75,385.0,5,5,Low
main_morgan_r3_292,molecular_fingerprint,0.0001589926501298,0.0001589926501298,-5.4596487025075166e-05,-5.4596487025075166e-05,1.0,0.0,0.5,0.5,380.2,5,5,Low
main_morgan_r3_47,molecular_fingerprint,0.0001584231709028,0.0001584231709028,-1.3716734878613171e-05,-1.3716734878613171e-05,1.0,0.0,0.75,0.25,335.4,5,5,Low
main_morgan_r3_324,molecular_fingerprint,0.0001558309010276,0.0001558309010276,-5.3861333644625286e-05,-5.3861333644625286e-05,1.0,0.0,0.5,0.5,381.0,5,5,Low
main_morgan_r3_226,molecular_fingerprint,0.0001550031343322,0.0001550031343322,-0.0001386948372912,-0.0001386948372912,1.0,0.0,0.6666666666666666,0.3333333333333333,419.4,5,5,Low
Synergy_type_P-N-S,other,0.0001539931430078,0.0001924914287598,-1.0139392953399196e-05,-1.2674241191748996e-05,0.8,0.0,0.6666666666666666,0.3333333333333333,432.0,4,5,Low
main_morgan_r3_61,molecular_fingerprint,0.0001520420539122,0.0001520420539122,-8.700936839914578e-05,-8.700936839914578e-05,1.0,0.0,0.5,0.5,368.6,5,5,Low
main_morgan_r3_510,molecular_fingerprint,0.0001511665307145,0.0001511665307145,-1.860879032661463e-05,-1.860879032661463e-05,1.0,0.0,0.75,0.25,420.2,5,5,Low
main_morgan_r3_400,molecular_fingerprint,0.0001505357522013,0.0001505357522013,-3.214960656477691e-05,-3.214960656477691e-05,1.0,0.0,0.75,0.25,414.2,5,5,Low
main_morgan_r3_270,molecular_fingerprint,0.0001500188445909,0.0001500188445909,-6.470560593173029e-05,-6.470560593173029e-05,1.0,0.0,0.75,0.25,368.6,5,5,Low
main_morgan_r3_78,molecular_fingerprint,0.0001492713379626,0.0001492713379626,2.308219143883514e-05,2.308219143883514e-05,1.0,0.0,0.6,0.4,385.6,5,5,Low
Si_content_wt%_sq,elemental_composition,0.0001481191752688,0.0001481191752688,3.366570097124268e-05,3.366570097124268e-05,1.0,0.0,0.5,0.5,325.4,5,5,Low
main_morgan_r3_383,molecular_fingerprint,0.0001468348364667,0.0001468348364667,-1.1064823378766338e-05,-1.1064823378766338e-05,1.0,0.0,0.5,0.5,383.0,5,5,Low
main_morgan_r3_70,molecular_fingerprint,0.0001456999844794,0.0001456999844794,-2.453209687938816e-05,-2.453209687938816e-05,1.0,0.0,0.5,0.5,361.0,5,5,Low
main_morgan_r3_462,molecular_fingerprint,0.0001450294676773,0.0001450294676773,-5.203778692049354e-06,-5.203778692049354e-06,1.0,0.0,0.75,0.25,449.4,5,5,Low
main_morgan_r3_316,molecular_fingerprint,0.0001417462253731,0.0001417462253731,3.669780645944341e-05,3.669780645944341e-05,1.0,0.0,0.75,0.75,424.0,5,5,Low
main_morgan_r3_77,molecular_fingerprint,0.0001411598895269,0.0001411598895269,-4.86771633874561e-05,-4.86771633874561e-05,1.0,0.0,0.75,0.25,336.0,5,5,Low
main_morgan_r3_444,molecular_fingerprint,0.0001400090708023,0.0001400090708023,4.578278263862244e-05,4.578278263862244e-05,1.0,0.0,1.0,1.0,403.8,5,5,Low
main_morgan_r3_374,molecular_fingerprint,0.0001375471232675,0.0001375471232675,7.033050257346767e-06,7.033050257346767e-06,1.0,0.0,0.5,0.5,408.2,5,5,Low
main_morgan_r3_447,molecular_fingerprint,0.0001375101520723,0.0001375101520723,4.047514868449296e-05,4.047514868449296e-05,1.0,0.0,0.6666666666666666,0.6666666666666666,454.4,5,5,Low
main_morgan_r3_48,molecular_fingerprint,0.0001369583837702,0.0001369583837702,-5.361615727364703e-05,-5.361615727364703e-05,1.0,0.0,0.75,0.25,348.2,5,5,Low
co_RingCount,molecular_descriptor,0.0001361862848679,0.0001361862848679,-4.6211162103620505e-06,-4.6211162103620505e-06,1.0,0.0,0.5,0.5,451.2,5,5,Low
main_morgan_r3_180,molecular_fingerprint,0.0001347843510737,0.0001347843510737,6.154605292814116e-05,6.154605292814116e-05,1.0,0.0,0.75,0.75,371.0,5,5,Low
main_morgan_r3_366,molecular_fingerprint,0.0001340992650289,0.0001340992650289,1.1191314676220052e-05,1.1191314676220052e-05,1.0,0.0,0.75,0.75,386.8,5,5,Low
main_morgan_r3_349,molecular_fingerprint,0.0001336021575684,0.0001336021575684,-0.0001032348641624,-0.0001032348641624,1.0,0.0,1.0,0.0,390.2,5,5,Low
main_morgan_r3_263,molecular_fingerprint,0.0001332994144559,0.0001332994144559,8.477585257113656e-05,8.477585257113656e-05,1.0,0.0,0.75,0.75,393.4,5,5,Low
main_morgan_r3_126,molecular_fingerprint,0.0001331971686571,0.0001331971686571,4.815504484117305e-05,4.815504484117305e-05,1.0,0.0,1.0,1.0,350.6,5,5,Low
main_morgan_r3_223,molecular_fingerprint,0.000131928569007,0.0001649107112588,5.0918021127876666e-05,6.364752640984583e-05,0.8,0.0,0.75,0.75,449.0,4,5,Low
main_morgan_r3_20,molecular_fingerprint,0.0001310899971432,0.0001310899971432,5.014410703915e-05,5.014410703915e-05,1.0,0.0,0.5,0.5,340.2,5,5,Low
main_morgan_r3_168,molecular_fingerprint,0.0001309748587977,0.0001309748587977,4.639584281527023e-05,4.639584281527023e-05,1.0,0.0,0.75,0.75,374.6,5,5,Low
main_morgan_r3_348,molecular_fingerprint,0.0001307061400061,0.0001307061400061,1.6806670733192018e-05,1.6806670733192018e-05,1.0,0.0,0.5,0.5,405.6,5,5,Low
main_morgan_r3_67,molecular_fingerprint,0.0001302548235894,0.0001302548235894,1.2049215195190754e-05,1.2049215195190754e-05,1.0,0.0,0.5,0.5,372.4,5,5,Low
main_morgan_r3_148,molecular_fingerprint,0.0001301598470868,0.0001301598470868,-4.932312006429915e-06,-4.932312006429915e-06,1.0,0.0,0.75,0.25,397.8,5,5,Low
main_morgan_r3_333,molecular_fingerprint,0.0001298710397098,0.0001298710397098,-8.919729745173934e-05,-8.919729745173934e-05,1.0,0.0,0.5,0.5,468.2,5,5,Low
main_morgan_r3_216,molecular_fingerprint,0.0001296138219377,0.0001296138219377,-1.1923110359299618e-05,-1.1923110359299618e-05,1.0,0.0,0.5,0.5,372.4,5,5,Low
main_morgan_r3_315,molecular_fingerprint,0.0001291486878469,0.0001291486878469,-4.02660156317588e-05,-4.02660156317588e-05,1.0,0.0,0.5,0.5,384.8,5,5,Low
main_morgan_r3_433,molecular_fingerprint,0.0001284526072288,0.0001284526072288,-2.5489993275685032e-05,-2.5489993275685032e-05,1.0,0.0,0.75,0.25,413.0,5,5,Low
main_morgan_r3_258,molecular_fingerprint,0.0001280701144333,0.0001280701144333,-2.384005822257349e-05,-2.384005822257349e-05,1.0,0.0,0.5,0.5,377.6,5,5,Low
main_morgan_r3_347,molecular_fingerprint,0.0001263972201667,0.0001263972201667,-2.731289340024685e-05,-2.731289340024685e-05,1.0,0.0,0.6666666666666666,0.6666666666666666,432.0,5,5,Low
main_morgan_r3_200,molecular_fingerprint,0.0001259861613061,0.0001259861613061,-5.710783508548188e-05,-5.710783508548188e-05,1.0,0.0,0.5,0.5,383.4,5,5,Low
main_morgan_r3_339,molecular_fingerprint,0.0001257605630046,0.0001257605630046,-1.984124836036472e-05,-1.984124836036472e-05,1.0,0.0,0.75,0.25,403.8,5,5,Low
main_morgan_r3_72,molecular_fingerprint,0.0001255031288402,0.0001255031288402,4.930394490223635e-05,4.930394490223635e-05,1.0,0.0,0.75,0.75,358.6,5,5,Low
main_morgan_r3_132,molecular_fingerprint,0.0001252057303825,0.0001252057303825,-3.3707800830395895e-05,-3.3707800830395895e-05,1.0,0.0,0.75,0.75,379.6,5,5,Low
main_morgan_r3_181,molecular_fingerprint,0.0001248737837322,0.0001248737837322,-3.730541139806252e-06,-3.730541139806252e-06,1.0,0.0,0.75,0.75,368.2,5,5,Low
main_morgan_r3_28,molecular_fingerprint,0.0001246421444474,0.0001246421444474,-5.496779661727392e-05,-5.496779661727392e-05,1.0,0.0,0.6,0.4,372.0,5,5,Low
main_morgan_r3_120,molecular_fingerprint,0.0001231754393763,0.0001231754393763,-4.522106252617657e-05,-4.522106252617657e-05,1.0,0.0,0.5,0.5,394.4,5,5,Low
main_morgan_r3_442,molecular_fingerprint,0.0001231674488541,0.0001231674488541,-1.689997636481641e-05,-1.689997636481641e-05,1.0,0.0,0.75,0.75,436.8,5,5,Low
main_morgan_r3_494,molecular_fingerprint,0.0001214968400245,0.0001214968400245,-5.450169735510476e-05,-5.450169735510476e-05,1.0,0.0,1.0,0.0,454.8,5,5,Low
main_morgan_r3_246,molecular_fingerprint,0.0001203264612751,0.0001203264612751,-6.437040114693419e-05,-6.437040114693419e-05,1.0,0.0,1.0,0.0,410.2,5,5,Low
Synergy_type_P-N-Si-S,other,0.0001197285435405,0.0001496606794257,-0.0001197285435405,-0.0001496606794257,0.8,0.0,1.0,0.0,490.6,4,5,Low
main_morgan_r3_157,molecular_fingerprint,0.0001181351520796,0.0001181351520796,9.463048012884364e-06,9.463048012884364e-06,1.0,0.0,0.5,0.5,376.6,5,5,Low
main_morgan_r3_237,molecular_fingerprint,0.0001180560129553,0.0001180560129553,-1.2531975607406787e-05,-1.2531975607406787e-05,1.0,0.0,1.0,0.0,413.6,5,5,Low
main_morgan_r3_76,molecular_fingerprint,0.0001173957933938,0.0001173957933938,-3.711794174315881e-05,-3.711794174315881e-05,1.0,0.0,0.75,0.25,385.2,5,5,Low
main_morgan_r3_365,molecular_fingerprint,0.0001170856150893,0.0001170856150893,-5.0226300340373045e-06,-5.0226300340373045e-06,1.0,0.0,0.75,0.25,437.8,5,5,Low
co_MolMR,other,0.0001161551519034,0.0001161551519034,-3.104043591146264e-05,-3.104043591146264e-05,1.0,0.0,0.75,0.75,447.8,5,5,Low
main_morgan_r3_273,molecular_fingerprint,0.0001155534604311,0.0001155534604311,2.3865597913999696e-05,2.3865597913999696e-05,1.0,0.0,0.5,0.5,394.0,5,5,Low
main_morgan_r3_277,molecular_fingerprint,0.0001151961967612,0.0001151961967612,6.046397147025302e-05,6.046397147025302e-05,1.0,0.0,0.8,0.8,363.0,5,5,Low
main_morgan_r3_396,molecular_fingerprint,0.0001149611761086,0.0001149611761086,-1.951183062311184e-05,-1.951183062311184e-05,1.0,0.0,0.75,0.25,416.0,5,5,Low
co_NHOHCount,other,0.0001149281104275,0.0001436601380344,-7.565234648225466e-05,-9.456543310281833e-05,0.8,0.0,0.6666666666666666,0.3333333333333333,518.8,4,5,Low
main_morgan_r3_238,molecular_fingerprint,0.0001143336088906,0.0001429170111132,-4.999778956775141e-05,-6.249723695968926e-05,0.8,0.0,0.6666666666666666,0.3333333333333333,423.8,4,5,Low
main_morgan_r3_481,molecular_fingerprint,0.0001139931848435,0.0001139931848435,6.337815853558546e-05,6.337815853558546e-05,1.0,0.0,1.0,1.0,411.4,5,5,Low
Si_loading_real_sq,formulation_loading,0.0001119283470369,0.0001119283470369,-7.893065263434402e-06,-7.893065263434402e-06,1.0,0.0,0.5,0.5,476.6,5,5,Low
main_morgan_r3_397,molecular_fingerprint,0.0001116184526606,0.0001116184526606,-4.627050215517178e-05,-4.627050215517178e-05,1.0,0.0,1.0,0.0,439.6,5,5,Low
main_morgan_r3_239,molecular_fingerprint,0.0001110212499052,0.0001110212499052,-9.489610081199593e-05,-9.489610081199593e-05,1.0,0.0,0.6,0.4,481.0,5,5,Low
main_morgan_r3_174,molecular_fingerprint,0.0001102442009267,0.0001102442009267,-8.835726527551993e-07,-8.835726527551993e-07,1.0,0.0,0.75,0.75,402.6,5,5,Low
main_morgan_r3_477,molecular_fingerprint,0.000110175946362,0.000110175946362,3.670637199617486e-05,3.670637199617486e-05,1.0,0.0,0.75,0.75,441.8,5,5,Low
main_morgan_r3_52,molecular_fingerprint,0.0001100526372094,0.0001100526372094,1.6072963970646343e-05,1.6072963970646343e-05,1.0,0.0,0.5,0.5,372.2,5,5,Low
main_morgan_r3_330,molecular_fingerprint,0.0001096748972323,0.0001096748972323,1.4255209971813724e-05,1.4255209971813724e-05,1.0,0.0,0.5,0.5,419.0,5,5,Low
main_morgan_r3_493,molecular_fingerprint,0.0001092180833835,0.0001092180833835,2.7578735316863706e-05,2.7578735316863706e-05,1.0,0.0,0.5,0.5,459.6,5,5,Low
co_morgan_r3_175,molecular_fingerprint,0.0001091019764674,0.0001363774705843,-0.0001091019764674,-0.0001363774705843,0.8,0.0,1.0,0.0,531.4,4,5,Low
main_morgan_r3_164,molecular_fingerprint,0.0001088599139949,0.0001088599139949,4.9729536594114165e-05,4.9729536594114165e-05,1.0,0.0,0.75,0.75,382.2,5,5,Low
co_HeavyAtomCount,other,0.0001086783962502,0.0001086783962502,-5.184896906511469e-05,-5.184896906511469e-05,1.0,0.0,0.75,0.75,484.6,5,5,Low
B_content_wt%_sq,elemental_composition,0.0001086280431862,0.0001086280431862,-6.21247302236283e-05,-6.21247302236283e-05,1.0,0.0,0.75,0.25,407.8,5,5,Low
co_HBD,other,0.0001077694895911,0.0001077694895911,-4.258959831016303e-05,-4.258959831016303e-05,1.0,0.0,0.5,0.5,489.0,5,5,Low
main_morgan_r3_390,molecular_fingerprint,0.0001072089551351,0.0001072089551351,6.81296423809544e-06,6.81296423809544e-06,1.0,0.0,0.5,0.5,420.6,5,5,Low
main_morgan_r3_504,molecular_fingerprint,0.0001055141605623,0.0001055141605623,-9.904141564822703e-05,-9.904141564822703e-05,1.0,0.0,0.5,0.5,495.6,5,5,Low
co_morgan_r3_138,molecular_fingerprint,0.0001047448116913,0.0001309310146142,-3.014879706893224e-05,-3.76859963361653e-05,0.8,0.0,0.75,0.25,469.2,4,5,Low
main_morgan_r3_59,molecular_fingerprint,0.0001038963377481,0.0001038963377481,4.7135296270223776e-05,4.7135296270223776e-05,1.0,0.0,0.75,0.75,380.0,5,5,Low
main_morgan_r3_129,molecular_fingerprint,0.0001031527621667,0.0001031527621667,1.9802422778774867e-05,1.9802422778774867e-05,1.0,0.0,0.5,0.5,412.6,5,5,Low
co_NumHeteroAtoms,molecular_descriptor,0.0001027017954201,0.0001027017954201,-3.39006186340814e-05,-3.39006186340814e-05,1.0,0.0,0.75,0.75,475.4,5,5,Low
main_morgan_r3_130,molecular_fingerprint,0.0001017792789546,0.0001017792789546,5.535423065761048e-05,5.535423065761048e-05,1.0,0.0,0.75,0.75,425.6,5,5,Low
main_morgan_r3_304,molecular_fingerprint,0.0001013871887088,0.0001013871887088,3.554471673458349e-05,3.554471673458349e-05,1.0,0.0,0.6,0.6,377.0,5,5,Low
main_morgan_r3_498,molecular_fingerprint,0.0001013337498224,0.0001013337498224,-5.12404761494041e-05,-5.12404761494041e-05,1.0,0.0,0.75,0.25,456.6,5,5,Low
main_morgan_r3_13,molecular_fingerprint,0.0001006640879064,0.0001006640879064,-6.43093126453525e-06,-6.43093126453525e-06,1.0,0.0,0.5,0.5,404.8,5,5,Low
main_morgan_r3_83,molecular_fingerprint,9.989421772641234e-05,9.989421772641234e-05,7.968439148145182e-05,7.968439148145182e-05,1.0,0.0,0.75,0.75,402.2,5,5,Low
co_morgan_r3_51,molecular_fingerprint,9.97609980959832e-05,0.0001247012476199,-3.431563813396742e-05,-4.289454766745928e-05,0.8,0.0,0.5,0.5,516.2,4,5,Low
main_morgan_r3_253,molecular_fingerprint,9.954606575370424e-05,9.954606575370424e-05,1.4492870245346828e-05,1.4492870245346828e-05,1.0,0.0,0.75,0.75,411.4,5,5,Low
main_morgan_r3_49,molecular_fingerprint,9.933109552668562e-05,9.933109552668562e-05,3.744753702229294e-05,3.744753702229294e-05,1.0,0.0,1.0,1.0,392.4,5,5,Low
main_morgan_r3_395,molecular_fingerprint,9.88599634321168e-05,9.88599634321168e-05,6.62430732602342e-06,6.62430732602342e-06,1.0,0.0,0.8,0.8,435.0,5,5,Low
B_loading_real,formulation_loading,9.869191838302212e-05,9.869191838302212e-05,-3.8200398492424246e-05,-3.8200398492424246e-05,1.0,0.0,0.6666666666666666,0.3333333333333333,417.8,5,5,Low
Has_B,elemental_composition,9.735393560638764e-05,9.735393560638764e-05,-5.169172661524928e-05,-5.169172661524928e-05,1.0,0.0,0.6666666666666666,0.3333333333333333,512.0,5,5,Low
co_morgan_r3_192,molecular_fingerprint,9.734233010961668e-05,0.0001622372168493,-9.734233010961668e-05,-0.0001622372168493,0.6,0.0,1.0,0.0,586.0,3,5,Low
main_morgan_r3_31,molecular_fingerprint,9.705215037594585e-05,9.705215037594585e-05,-7.107017205034544e-06,-7.107017205034544e-06,1.0,0.0,0.5,0.5,381.8,5,5,Low
main_morgan_r3_439,molecular_fingerprint,9.563487352334552e-05,9.563487352334552e-05,-4.5036383212271215e-05,-4.5036383212271215e-05,1.0,0.0,0.75,0.25,440.4,5,5,Low
co_LabuteASA,other,9.431824723624988e-05,9.431824723624988e-05,-2.934973045379745e-05,-2.934973045379745e-05,1.0,0.0,0.75,0.75,492.2,5,5,Low
main_morgan_r3_456,molecular_fingerprint,9.429319655580314e-05,9.429319655580314e-05,3.715783829407274e-05,3.715783829407274e-05,1.0,0.0,0.75,0.75,452.6,5,5,Low
main_morgan_r3_284,molecular_fingerprint,9.398854246647816e-05,9.398854246647816e-05,9.149548305903305e-05,9.149548305903305e-05,1.0,0.0,0.5,0.5,508.4,5,5,Low
main_morgan_r3_4,molecular_fingerprint,9.340959748827988e-05,9.340959748827988e-05,4.804448270252237e-05,4.804448270252237e-05,1.0,0.0,0.75,0.75,388.0,5,5,Low
main_morgan_r3_24,molecular_fingerprint,9.236590225109683e-05,9.236590225109683e-05,-1.8585082596997442e-07,-1.8585082596997442e-07,1.0,0.0,0.5,0.5,381.6,5,5,Low
main_morgan_r3_254,molecular_fingerprint,9.217833661506348e-05,9.217833661506348e-05,2.933093566765088e-05,2.933093566765088e-05,1.0,0.0,0.75,0.75,451.0,5,5,Low
main_morgan_r3_14,molecular_fingerprint,9.157785266415018e-05,9.157785266415018e-05,3.650875344363571e-05,3.650875344363571e-05,1.0,0.0,0.75,0.75,384.6,5,5,Low
curing_morgan_r3_28,molecular_fingerprint,9.004890999489768e-05,0.0001125611374936,9.004890999489768e-05,0.0001125611374936,0.8,0.0,1.0,1.0,475.6,4,5,Low
main_morgan_r3_283,molecular_fingerprint,8.92512499037434e-05,8.92512499037434e-05,-3.421132910490362e-05,-3.421132910490362e-05,1.0,0.0,0.75,0.25,433.0,5,5,Low
main_morgan_r3_338,molecular_fingerprint,8.91490949110323e-05,0.0001114363686387,3.5416106615712475e-05,4.42701332696406e-05,0.8,0.0,0.6666666666666666,0.6666666666666666,468.8,4,5,Low
main_morgan_r3_139,molecular_fingerprint,8.910672156344803e-05,8.910672156344803e-05,-4.55177082232036e-05,-4.55177082232036e-05,1.0,0.0,0.75,0.25,417.6,5,5,Low
Si/P_ratio_sq,elemental_composition,8.889287996571542e-05,8.889287996571542e-05,-1.3295664634810586e-05,-1.3295664634810586e-05,1.0,0.0,0.5,0.5,379.4,5,5,Low
curing_morgan_r3_337,molecular_fingerprint,8.871003300287029e-05,0.0001108875412535,8.384050595612454e-05,0.0001048006324451,0.8,0.0,1.0,1.0,523.6,4,5,Low
main_morgan_r3_122,molecular_fingerprint,8.84514668781454e-05,8.84514668781454e-05,3.180115145090351e-05,3.180115145090351e-05,1.0,0.0,0.5,0.5,424.8,5,5,Low
co_morgan_r3_12,molecular_fingerprint,8.795966720895699e-05,0.0001099495840111,-8.795966720895699e-05,-0.0001099495840111,0.8,0.0,1.0,0.0,537.8,4,5,Low
main_morgan_r3_406,molecular_fingerprint,8.77111764856235e-05,8.77111764856235e-05,-1.2450820601987169e-05,-1.2450820601987169e-05,1.0,0.0,0.75,0.25,443.4,5,5,Low
main_morgan_r3_209,molecular_fingerprint,8.629143412088779e-05,8.629143412088779e-05,-3.2392687395682656e-05,-3.2392687395682656e-05,1.0,0.0,0.75,0.25,414.8,5,5,Low
main_morgan_r3_403,molecular_fingerprint,8.601251350531432e-05,0.0001075156418816,8.601251350531432e-05,0.0001075156418816,0.8,0.0,1.0,1.0,531.4,4,5,Low
main_morgan_r3_187,molecular_fingerprint,8.57364183559821e-05,8.57364183559821e-05,-1.0394219634003036e-05,-1.0394219634003036e-05,1.0,0.0,0.75,0.75,418.4,5,5,Low
main_morgan_r3_9,molecular_fingerprint,8.555029663639225e-05,8.555029663639225e-05,-3.377830047961714e-05,-3.377830047961714e-05,1.0,0.0,0.75,0.25,393.0,5,5,Low
co_Kappa3,other,8.406571454155359e-05,8.406571454155359e-05,-3.237498559354258e-05,-3.237498559354258e-05,1.0,0.0,0.5,0.5,496.4,5,5,Low
main_morgan_r3_113,molecular_fingerprint,8.346147195882419e-05,8.346147195882419e-05,-7.397584448696963e-05,-7.397584448696963e-05,1.0,0.0,1.0,0.0,413.4,5,5,Low
main_morgan_r3_42,molecular_fingerprint,8.320054355357971e-05,8.320054355357971e-05,-5.598073986133536e-05,-5.598073986133536e-05,1.0,0.0,0.75,0.25,400.2,5,5,Low
main_morgan_r3_145,molecular_fingerprint,8.297605880251602e-05,8.297605880251602e-05,-1.3046604531308974e-05,-1.3046604531308974e-05,1.0,0.0,0.75,0.25,417.0,5,5,Low
co_morgan_r3_95,molecular_fingerprint,8.274617932943644e-05,0.0001379102988823,8.274617932943644e-05,0.0001379102988823,0.6,0.0,1.0,1.0,584.8,3,5,Low
main_morgan_r3_303,molecular_fingerprint,8.270616798681218e-05,8.270616798681218e-05,2.6603677212117807e-05,2.6603677212117807e-05,1.0,0.0,0.5,0.5,436.8,5,5,Low
Synergy_type_P-N-Si-B,other,8.216483726520589e-05,0.0001027060465815,-8.216483726520589e-05,-0.0001027060465815,0.8,0.0,1.0,0.0,538.8,4,5,Low
co_morgan_r3_241,molecular_fingerprint,8.174388858128622e-05,0.0001362398143021,8.174388858128622e-05,0.0001362398143021,0.6,0.0,1.0,1.0,573.8,3,5,Low
main_morgan_r3_89,molecular_fingerprint,7.990788726583435e-05,7.990788726583435e-05,-1.0550539845749225e-05,-1.0550539845749225e-05,1.0,0.0,0.5,0.5,422.6,5,5,Low
main_morgan_r3_342,molecular_fingerprint,7.962929303202928e-05,7.962929303202928e-05,2.9398357675044437e-05,2.9398357675044437e-05,1.0,0.0,0.75,0.75,457.2,5,5,Low
co_NOCount,other,7.961332458351459e-05,7.961332458351459e-05,3.689764197594683e-06,3.689764197594683e-06,1.0,0.0,0.75,0.75,480.6,5,5,Low
co_Kappa1,other,7.928940306172825e-05,7.928940306172825e-05,-1.7568888237990306e-05,-1.7568888237990306e-05,1.0,0.0,0.75,0.75,498.0,5,5,Low
main_morgan_r3_104,molecular_fingerprint,7.89279829806825e-05,7.89279829806825e-05,2.57361772728978e-05,2.57361772728978e-05,1.0,0.0,0.5,0.5,476.6,5,5,Low
main_morgan_r3_172,molecular_fingerprint,7.697145348268147e-05,7.697145348268147e-05,1.1464441595131168e-05,1.1464441595131168e-05,1.0,0.0,0.75,0.75,425.2,5,5,Low
main_morgan_r3_11,molecular_fingerprint,7.68371555214142e-05,7.68371555214142e-05,2.834013277755629e-05,2.834013277755629e-05,1.0,0.0,0.75,0.75,396.8,5,5,Low
co_morgan_r3_216,molecular_fingerprint,7.638352860885788e-05,0.0001909588215221,-7.638352860885788e-05,-0.0001909588215221,0.4,0.0,1.0,0.0,603.6,2,5,Low
co_HBA,other,7.563570685094115e-05,7.563570685094115e-05,-1.0197431745180232e-05,-1.0197431745180232e-05,1.0,0.0,0.5,0.5,492.8,5,5,Low
main_morgan_r3_32,molecular_fingerprint,7.548941653447451e-05,7.548941653447451e-05,-5.9216904063469496e-05,-5.9216904063469496e-05,1.0,0.0,0.6666666666666666,0.3333333333333333,450.6,5,5,Low
main_morgan_r3_419,molecular_fingerprint,7.539587793669966e-05,7.539587793669966e-05,-4.8478019045638295e-05,-4.8478019045638295e-05,1.0,0.0,0.75,0.25,489.0,5,5,Low
main_morgan_r3_420,molecular_fingerprint,7.441969884296523e-05,7.441969884296523e-05,5.78961202881227e-06,5.78961202881227e-06,1.0,0.0,0.5,0.5,474.2,5,5,Low
main_morgan_r3_125,molecular_fingerprint,7.413878779011107e-05,9.267348473763883e-05,7.413878779011107e-05,9.267348473763883e-05,0.8,0.0,1.0,1.0,473.8,4,5,Low
main_morgan_r3_34,molecular_fingerprint,7.310191937059841e-05,7.310191937059841e-05,-2.653714056021724e-05,-2.653714056021724e-05,1.0,0.0,0.5,0.5,412.0,5,5,Low
main_morgan_r3_335,molecular_fingerprint,7.308280686170576e-05,7.308280686170576e-05,-1.4922629709496298e-06,-1.4922629709496298e-06,1.0,0.0,0.5,0.5,484.8,5,5,Low
main_morgan_r3_448,molecular_fingerprint,7.262667762302203e-05,7.262667762302203e-05,-4.026028326246943e-05,-4.026028326246943e-05,1.0,0.0,1.0,0.0,506.6,5,5,Low
main_morgan_r3_443,molecular_fingerprint,7.238275456424012e-05,7.238275456424012e-05,1.4367224630541754e-08,1.4367224630541754e-08,1.0,0.0,0.5,0.5,480.2,5,5,Low
main_morgan_r3_452,molecular_fingerprint,7.204282044686869e-05,7.204282044686869e-05,2.080383135790284e-05,2.080383135790284e-05,1.0,0.0,0.5,0.5,481.2,5,5,Low
co_AromaticHeterocycles,other,7.1724170597564e-05,8.9655213246955e-05,1.503785049362703e-05,1.8797313117033783e-05,0.8,0.0,0.6666666666666666,0.6666666666666666,522.4,4,5,Low
curing_morgan_r3_33,molecular_fingerprint,7.135568246594125e-05,8.919460308242655e-05,1.0707668236616677e-05,1.3384585295770843e-05,0.8,0.0,0.6666666666666666,0.6666666666666666,471.4,4,5,Low
co_BalabanJ,other,7.012070147359534e-05,7.012070147359534e-05,9.765512345362976e-06,9.765512345362976e-06,1.0,0.0,0.75,0.75,493.8,5,5,Low
main_morgan_r3_156,molecular_fingerprint,6.958202522240874e-05,6.958202522240874e-05,-2.415163401250847e-05,-2.415163401250847e-05,1.0,0.0,0.75,0.25,428.8,5,5,Low
co_morgan_r3_214,molecular_fingerprint,6.92000879377398e-05,8.650010992217476e-05,6.495866096762862e-05,8.119832620953577e-05,0.8,0.0,1.0,1.0,510.0,4,5,Low
co_Kappa2,other,6.910106607168446e-05,6.910106607168446e-05,-1.085157951399019e-05,-1.085157951399019e-05,1.0,0.0,0.75,0.75,516.6,5,5,Low
co_TPSA,molecular_descriptor,6.861325837942426e-05,6.861325837942426e-05,-1.372533092818174e-05,-1.372533092818174e-05,1.0,0.0,0.75,0.75,494.6,5,5,Low
main_morgan_r3_438,molecular_fingerprint,6.846043387539344e-05,6.846043387539344e-05,-1.87447405312737e-05,-1.87447405312737e-05,1.0,0.0,0.5,0.5,493.0,5,5,Low
main_morgan_r3_58,molecular_fingerprint,6.81525814646972e-05,6.81525814646972e-05,-5.259181120734195e-05,-5.259181120734195e-05,1.0,0.0,0.6,0.4,454.8,5,5,Low
co_RotBonds,other,6.750940239978968e-05,6.750940239978968e-05,-1.21409861946328e-05,-1.21409861946328e-05,1.0,0.0,0.5,0.5,517.8,5,5,Low
main_morgan_r3_280,molecular_fingerprint,6.74435046998067e-05,6.74435046998067e-05,-4.705054693028564e-05,-4.705054693028564e-05,1.0,0.0,0.75,0.25,459.4,5,5,Low
co_AromaticRings,molecular_descriptor,6.703199849732755e-05,6.703199849732755e-05,1.9897730392926868e-05,1.9897730392926868e-05,1.0,0.0,0.75,0.75,506.2,5,5,Low
main_morgan_r3_413,molecular_fingerprint,6.680472146904196e-05,6.680472146904196e-05,3.87500553059302e-05,3.87500553059302e-05,1.0,0.0,0.75,0.75,485.8,5,5,Low
co_MolWt,molecular_descriptor,6.67227716478591e-05,6.67227716478591e-05,2.4751053567166e-06,2.4751053567166e-06,1.0,0.0,0.75,0.75,492.8,5,5,Low
main_morgan_r3_189,molecular_fingerprint,6.65001532240126e-05,6.65001532240126e-05,-3.64390868223773e-05,-3.64390868223773e-05,1.0,0.0,0.75,0.25,444.2,5,5,Low
main_morgan_r3_256,molecular_fingerprint,6.623705733020163e-05,8.279632166275204e-05,6.623705733020163e-05,8.279632166275204e-05,0.8,0.0,1.0,1.0,547.2,4,5,Low
main_morgan_r3_93,molecular_fingerprint,6.409664344958957e-05,6.409664344958957e-05,-1.5231233292057466e-05,-1.5231233292057466e-05,1.0,0.0,0.5,0.5,425.0,5,5,Low
co_ExactMolWt,molecular_descriptor,6.409030868736762e-05,6.409030868736762e-05,-1.4467977098939226e-05,-1.4467977098939226e-05,1.0,0.0,0.75,0.75,506.6,5,5,Low
main_NumAmideBonds,other,6.382377246428128e-05,6.382377246428128e-05,-4.053212020909314e-05,-4.053212020909314e-05,1.0,0.0,0.75,0.25,429.6,5,5,Low
main_morgan_r3_376,molecular_fingerprint,6.380983332682414e-05,6.380983332682414e-05,-8.933791745461247e-06,-8.933791745461247e-06,1.0,0.0,0.75,0.25,487.6,5,5,Low
main_morgan_r3_492,molecular_fingerprint,6.362561942323925e-05,6.362561942323925e-05,1.917502933922164e-05,1.917502933922164e-05,1.0,0.0,0.5,0.5,499.4,5,5,Low
main_morgan_r3_391,molecular_fingerprint,6.348555535661685e-05,6.348555535661685e-05,-2.4830717539239276e-05,-2.4830717539239276e-05,1.0,0.0,0.6,0.4,434.0,5,5,Low
main_morgan_r3_345,molecular_fingerprint,6.312213972463748e-05,6.312213972463748e-05,-2.436611969120072e-05,-2.436611969120072e-05,1.0,0.0,0.5,0.5,473.6,5,5,Low
co_NumValenceElectrons,other,6.310744313882802e-05,6.310744313882802e-05,-3.656014793269448e-06,-3.656014793269448e-06,1.0,0.0,0.75,0.75,509.6,5,5,Low
main_morgan_r3_51,molecular_fingerprint,6.257649405119991e-05,6.257649405119991e-05,3.2847913019180746e-05,3.2847913019180746e-05,1.0,0.0,0.75,0.75,432.2,5,5,Low
main_morgan_r3_115,molecular_fingerprint,6.246783844536215e-05,6.246783844536215e-05,2.798975974174786e-05,2.798975974174786e-05,1.0,0.0,0.6666666666666666,0.6666666666666666,452.8,5,5,Low
main_morgan_r3_453,molecular_fingerprint,6.13425978361622e-05,6.13425978361622e-05,2.0440659712815227e-05,2.0440659712815227e-05,1.0,0.0,1.0,1.0,493.2,5,5,Low
main_morgan_r3_294,molecular_fingerprint,6.103099994455857e-05,6.103099994455857e-05,4.844805956688943e-07,4.844805956688943e-07,1.0,0.0,0.5,0.5,467.0,5,5,Low
B/P ratio,elemental_composition,6.062324605176806e-05,6.062324605176806e-05,-2.8409229351786463e-05,-2.8409229351786463e-05,1.0,0.0,0.6666666666666666,0.3333333333333333,534.2,5,5,Low
B/P_ratio_sq,elemental_composition,6.056754413174933e-05,6.056754413174933e-05,-2.921273571627757e-05,-2.921273571627757e-05,1.0,0.0,0.6666666666666666,0.3333333333333333,449.0,5,5,Low
curing_RingCount,molecular_descriptor,6.007513885204696e-05,6.007513885204696e-05,4.615148331597794e-05,4.615148331597794e-05,1.0,0.0,0.75,0.75,524.0,5,5,Low
main_morgan_r3_291,molecular_fingerprint,5.990303780279128e-05,5.990303780279128e-05,-6.73851464176462e-06,-6.73851464176462e-06,1.0,0.0,0.75,0.75,471.2,5,5,Low
main_morgan_r3_96,molecular_fingerprint,5.972888839005464e-05,5.972888839005464e-05,-3.931239736498861e-05,-3.931239736498861e-05,1.0,0.0,1.0,0.0,436.4,5,5,Low
main_morgan_r3_224,molecular_fingerprint,5.937638038952285e-05,5.937638038952285e-05,-2.420367965123344e-05,-2.420367965123344e-05,1.0,0.0,0.75,0.25,459.6,5,5,Low
main_morgan_r3_211,molecular_fingerprint,5.901972624480183e-05,5.901972624480183e-05,-3.4456599497648e-06,-3.4456599497648e-06,1.0,0.0,0.75,0.75,468.8,5,5,Low
co_AromaticCarbocycles,other,5.896804042822622e-05,5.896804042822622e-05,-1.7402912806371905e-05,-1.7402912806371905e-05,1.0,0.0,1.0,0.0,538.8,5,5,Low
main_morgan_r3_483,molecular_fingerprint,5.839342530328254e-05,5.839342530328254e-05,-1.216089915107293e-05,-1.216089915107293e-05,1.0,0.0,0.75,0.25,517.6,5,5,Low
main_morgan_r3_455,molecular_fingerprint,5.808838369138257e-05,5.808838369138257e-05,5.29224955213675e-06,5.29224955213675e-06,1.0,0.0,0.5,0.5,513.8,5,5,Low
main_morgan_r3_264,molecular_fingerprint,5.760206881864684e-05,5.760206881864684e-05,-2.378479575313324e-05,-2.378479575313324e-05,1.0,0.0,0.5,0.5,499.6,5,5,Low
main_morgan_r3_165,molecular_fingerprint,5.642699164622577e-05,5.642699164622577e-05,-1.7049165015931929e-06,-1.7049165015931929e-06,1.0,0.0,0.5,0.5,455.4,5,5,Low
curing_morgan_r3_277,molecular_fingerprint,5.617119935206775e-05,9.36186655867796e-05,5.617119935206775e-05,9.36186655867796e-05,0.6,0.0,1.0,1.0,572.2,3,5,Low
main_morgan_r3_247,molecular_fingerprint,5.605759379518974e-05,5.605759379518974e-05,1.9717534309064733e-05,1.9717534309064733e-05,1.0,0.0,0.5,0.5,468.4,5,5,Low
main_morgan_r3_511,molecular_fingerprint,5.593215845828404e-05,5.593215845828404e-05,-1.0842442132160258e-05,-1.0842442132160258e-05,1.0,0.0,0.75,0.75,518.2,5,5,Low
main_morgan_r3_427,molecular_fingerprint,5.547665181049174e-05,5.547665181049174e-05,-4.295052590844112e-06,-4.295052590844112e-06,1.0,0.0,0.5,0.5,497.6,5,5,Low
main_morgan_r3_508,molecular_fingerprint,5.539198430007117e-05,6.923998037508896e-05,-5.4865497956257057e-05,-6.858187244532132e-05,0.8,0.0,1.0,0.0,532.8,4,5,Low
main_morgan_r3_27,molecular_fingerprint,5.512659713302445e-05,5.512659713302445e-05,-3.536852811881156e-05,-3.536852811881156e-05,1.0,0.0,0.5,0.5,436.4,5,5,Low
main_morgan_r3_505,molecular_fingerprint,5.316768024714078e-05,5.316768024714078e-05,-3.206064296392698e-06,-3.206064296392698e-06,1.0,0.0,0.5,0.5,514.0,5,5,Low
main_morgan_r3_497,molecular_fingerprint,5.290560479296619e-05,5.290560479296619e-05,4.634466075429345e-05,4.634466075429345e-05,1.0,0.0,0.75,0.75,523.6,5,5,Low
main_morgan_r3_124,molecular_fingerprint,5.248741876077172e-05,5.248741876077172e-05,-4.292034747979626e-07,-4.292034747979626e-07,1.0,0.0,0.5,0.5,465.8,5,5,Low
main_morgan_r3_445,molecular_fingerprint,5.124845436006984e-05,5.124845436006984e-05,3.491513589829557e-07,3.491513589829557e-07,1.0,0.0,0.75,0.25,528.8,5,5,Low
main_morgan_r3_450,molecular_fingerprint,5.047219336362709e-05,6.309024170453386e-05,-5.047219336362709e-05,-6.309024170453386e-05,0.8,0.0,1.0,0.0,552.0,4,5,Low
main_morgan_r3_463,molecular_fingerprint,4.891748288273509e-05,4.891748288273509e-05,1.1450718752355571e-05,1.1450718752355571e-05,1.0,0.0,0.5,0.5,531.6,5,5,Low
main_morgan_r3_195,molecular_fingerprint,4.889555294671608e-05,4.889555294671608e-05,2.074524208314996e-05,2.074524208314996e-05,1.0,0.0,1.0,1.0,488.6,5,5,Low
main_morgan_r3_500,molecular_fingerprint,4.810462626007469e-05,4.810462626007469e-05,6.857162861346453e-06,6.857162861346453e-06,1.0,0.0,0.75,0.25,529.2,5,5,Low
main_morgan_r3_74,molecular_fingerprint,4.74044180440703e-05,4.74044180440703e-05,4.781531313843364e-06,4.781531313843364e-06,1.0,0.0,0.5,0.5,455.2,5,5,Low
main_morgan_r3_426,molecular_fingerprint,4.722302004933629e-05,4.722302004933629e-05,8.078791615995822e-06,8.078791615995822e-06,1.0,0.0,0.75,0.75,522.0,5,5,Low
curing_morgan_r3_295,molecular_fingerprint,4.593649935774617e-05,7.656083226291028e-05,4.593649935774617e-05,7.656083226291028e-05,0.6,0.0,1.0,1.0,584.2,3,5,Low
main_morgan_r3_56,molecular_fingerprint,4.476105963107103e-05,4.476105963107103e-05,-2.3184485566623104e-05,-2.3184485566623104e-05,1.0,0.0,0.75,0.25,457.4,5,5,Low
main_morgan_r3_17,molecular_fingerprint,4.4387612017582494e-05,4.4387612017582494e-05,-2.173133238672007e-05,-2.173133238672007e-05,1.0,0.0,0.5,0.5,461.8,5,5,Low
main_morgan_r3_279,molecular_fingerprint,4.2582100581051287e-05,4.2582100581051287e-05,4.786232996953761e-06,4.786232996953761e-06,1.0,0.0,0.5,0.5,501.2,5,5,Low
main_morgan_r3_458,molecular_fingerprint,4.168456997603522e-05,4.168456997603522e-05,-5.571516527620849e-06,-5.571516527620849e-06,1.0,0.0,0.5,0.5,534.8,5,5,Low
main_morgan_r3_23,molecular_fingerprint,4.140112238390733e-05,4.140112238390733e-05,3.288976197753376e-05,3.288976197753376e-05,1.0,0.0,1.0,1.0,456.4,5,5,Low
main_morgan_r3_351,molecular_fingerprint,4.096549999965444e-05,4.096549999965444e-05,-1.0436129088803782e-05,-1.0436129088803782e-05,1.0,0.0,0.5,0.5,506.8,5,5,Low
main_morgan_r3_248,molecular_fingerprint,4.052716705030928e-05,4.052716705030928e-05,-1.736295272371851e-05,-1.736295272371851e-05,1.0,0.0,1.0,0.0,497.4,5,5,Low
main_morgan_r3_288,molecular_fingerprint,4.022557847971736e-05,5.028197309964669e-05,-2.921155191427891e-05,-3.651443989284864e-05,0.8,0.0,0.6666666666666666,0.3333333333333333,531.8,4,5,Low
main_morgan_r3_257,molecular_fingerprint,4.0175055227109616e-05,4.0175055227109616e-05,2.8293937254627748e-05,2.8293937254627748e-05,1.0,0.0,0.5,0.5,511.4,5,5,Low
curing_morgan_r3_477,molecular_fingerprint,3.985688369635277e-05,4.982110462044096e-05,-7.626405519608346e-06,-9.533006899510433e-06,0.8,0.0,0.5,0.5,551.8,4,5,Low
main_morgan_r3_430,molecular_fingerprint,3.9680820886676165e-05,3.9680820886676165e-05,5.186269176811543e-06,5.186269176811543e-06,1.0,0.0,0.75,0.75,537.0,5,5,Low
main_morgan_r3_10,molecular_fingerprint,3.960891589583168e-05,3.960891589583168e-05,-2.034732043934263e-05,-2.034732043934263e-05,1.0,0.0,1.0,0.0,464.2,5,5,Low
main_morgan_r3_69,molecular_fingerprint,3.955111005670316e-05,3.955111005670316e-05,2.3187837280436464e-05,2.3187837280436464e-05,1.0,0.0,0.75,0.75,481.4,5,5,Low
main_morgan_r3_474,molecular_fingerprint,3.9505992143063725e-05,3.9505992143063725e-05,-4.552843856844884e-06,-4.552843856844884e-06,1.0,0.0,0.5,0.5,532.4,5,5,Low
main_morgan_r3_150,molecular_fingerprint,3.949834945620347e-05,4.9372936820254334e-05,-2.3927819822751582e-05,-2.990977477843948e-05,0.8,0.0,0.6666666666666666,0.3333333333333333,504.8,4,5,Low
main_morgan_r3_506,molecular_fingerprint,3.862546759704501e-05,3.862546759704501e-05,-3.256353361330693e-06,-3.256353361330693e-06,1.0,0.0,0.5,0.5,542.4,5,5,Low
main_morgan_r3_215,molecular_fingerprint,3.695042714292008e-05,3.695042714292008e-05,-8.867965611153116e-06,-8.867965611153116e-06,1.0,0.0,0.75,0.25,500.8,5,5,Low
main_morgan_r3_301,molecular_fingerprint,3.661958248508452e-05,3.661958248508452e-05,-2.6057716026735355e-05,-2.6057716026735355e-05,1.0,0.0,1.0,0.0,531.4,5,5,Low
main_morgan_r3_53,molecular_fingerprint,3.657113425704969e-05,3.657113425704969e-05,-1.9527949684061247e-05,-1.9527949684061247e-05,1.0,0.0,0.5,0.5,488.6,5,5,Low
Synergy_type_P-N-Si,other,3.5965753859489134e-05,3.5965753859489134e-05,1.303167783514425e-05,1.303167783514425e-05,1.0,0.0,0.75,0.75,531.8,5,5,Low
main_morgan_r3_235,molecular_fingerprint,3.5237298643293026e-05,3.5237298643293026e-05,1.781712241600609e-05,1.781712241600609e-05,1.0,0.0,1.0,1.0,501.6,5,5,Low
main_morgan_r3_300,molecular_fingerprint,3.520322976287894e-05,4.400403720359867e-05,-3.375068793846164e-05,-4.218835992307706e-05,0.8,0.0,1.0,0.0,543.4,4,5,Low
main_morgan_r3_192,molecular_fingerprint,3.4747905483401256e-05,3.4747905483401256e-05,1.082649741533714e-05,1.082649741533714e-05,1.0,0.0,0.5,0.5,501.8,5,5,Low
Synergy_type_P-P,other,3.46783770111835e-05,3.46783770111835e-05,2.206178490807215e-05,2.206178490807215e-05,1.0,0.0,1.0,1.0,544.8,5,5,Low
main_morgan_r3_269,molecular_fingerprint,3.428750872741186e-05,3.428750872741186e-05,1.691515085910726e-06,1.691515085910726e-06,1.0,0.0,0.75,0.25,510.2,5,5,Low
co_morgan_r3_64,molecular_fingerprint,3.3778044137963874e-05,5.6296740229939794e-05,-3.3778044137963874e-05,-5.6296740229939794e-05,0.6,0.0,1.0,0.0,610.2,3,5,Low
main_morgan_r3_173,molecular_fingerprint,3.377446027813373e-05,3.377446027813373e-05,2.9454188104763387e-05,2.9454188104763387e-05,1.0,0.0,0.5,0.5,509.4,5,5,Low
co_LogP,molecular_descriptor,3.216941315779171e-05,3.216941315779171e-05,2.2890019489902144e-05,2.2890019489902144e-05,1.0,0.0,1.0,1.0,559.2,5,5,Low
main_morgan_r3_268,molecular_fingerprint,3.187874981387199e-05,3.187874981387199e-05,1.568565791427703e-05,1.568565791427703e-05,1.0,0.0,1.0,1.0,515.6,5,5,Low
main_morgan_r3_205,molecular_fingerprint,3.177428874755369e-05,3.177428874755369e-05,2.2844102456333185e-05,2.2844102456333185e-05,1.0,0.0,0.75,0.75,511.2,5,5,Low
main_morgan_r3_260,molecular_fingerprint,3.151863010805301e-05,3.9398287635066255e-05,1.3176324517000165e-05,1.6470405646250205e-05,0.8,0.0,0.5,0.5,584.0,4,5,Low
co_FractionCSP3,molecular_descriptor,3.1394713688617534e-05,3.1394713688617534e-05,2.239815520806587e-05,2.239815520806587e-05,1.0,0.0,1.0,1.0,561.0,5,5,Low
main_morgan_r3_43,molecular_fingerprint,3.136492538093687e-05,3.136492538093687e-05,-4.084361320363113e-06,-4.084361320363113e-06,1.0,0.0,0.75,0.75,480.4,5,5,Low
main_morgan_r3_149,molecular_fingerprint,3.1100904405472344e-05,3.8876130506840434e-05,3.1100904405472344e-05,3.8876130506840434e-05,0.8,0.0,1.0,1.0,545.0,4,5,Low
main_morgan_r3_318,molecular_fingerprint,3.105258906735899e-05,3.105258906735899e-05,2.1582423918415668e-05,2.1582423918415668e-05,1.0,0.0,0.5,0.5,527.4,5,5,Low
main_morgan_r3_267,molecular_fingerprint,3.0785727645492346e-05,3.0785727645492346e-05,-7.759308705228957e-06,-7.759308705228957e-06,1.0,0.0,0.5,0.5,525.6,5,5,Low
co_morgan_r3_294,molecular_fingerprint,3.062573298828081e-05,7.656433247070202e-05,3.062573298828081e-05,7.656433247070202e-05,0.4,0.0,1.0,1.0,611.0,2,5,Low
main_morgan_r3_480,molecular_fingerprint,2.9996499992036115e-05,2.9996499992036115e-05,-1.1924607661645348e-05,-1.1924607661645348e-05,1.0,0.0,0.5,0.5,551.4,5,5,Low
main_morgan_r3_158,molecular_fingerprint,2.9253085539210127e-05,2.9253085539210127e-05,-7.493455431352281e-06,-7.493455431352281e-06,1.0,0.0,0.6666666666666666,0.3333333333333333,510.0,5,5,Low
main_morgan_r3_336,molecular_fingerprint,2.9182443858255983e-05,2.9182443858255983e-05,-1.9750875531640296e-05,-1.9750875531640296e-05,1.0,0.0,0.75,0.25,495.4,5,5,Low
main_morgan_r3_137,molecular_fingerprint,2.9078480421528885e-05,2.9078480421528885e-05,1.7826700832478715e-05,1.7826700832478715e-05,1.0,0.0,1.0,1.0,507.2,5,5,Low
main_morgan_r3_417,molecular_fingerprint,2.858812811422872e-05,2.858812811422872e-05,2.232173252372781e-05,2.232173252372781e-05,1.0,0.0,1.0,1.0,556.0,5,5,Low
main_morgan_r3_323,molecular_fingerprint,2.827357277713342e-05,2.827357277713342e-05,1.2014349112334345e-05,1.2014349112334345e-05,1.0,0.0,0.5,0.5,532.8,5,5,Low
main_morgan_r3_153,molecular_fingerprint,2.818485452434061e-05,2.818485452434061e-05,8.474455437098847e-06,8.474455437098847e-06,1.0,0.0,0.75,0.75,505.8,5,5,Low
main_morgan_r3_402,molecular_fingerprint,2.7711424994252968e-05,2.7711424994252968e-05,2.1937457827366164e-05,2.1937457827366164e-05,1.0,0.0,1.0,1.0,544.8,5,5,Low
P_B_loading_product,formulation_loading,2.7319465991088992e-05,2.7319465991088992e-05,-1.951430585525789e-05,-1.951430585525789e-05,1.0,0.0,0.6666666666666666,0.3333333333333333,492.2,5,5,Low
main_morgan_r3_160,molecular_fingerprint,2.7105179336028103e-05,2.7105179336028103e-05,1.7932857145600185e-06,1.7932857145600185e-06,1.0,0.0,0.5,0.5,505.8,5,5,Low
main_morgan_r3_328,molecular_fingerprint,2.698107486343007e-05,2.698107486343007e-05,5.99802543687626e-06,5.99802543687626e-06,1.0,0.0,0.6666666666666666,0.6666666666666666,537.4,5,5,Low
main_morgan_r3_57,molecular_fingerprint,2.6737076300075085e-05,2.6737076300075085e-05,-2.6737076300075085e-05,-2.6737076300075085e-05,1.0,0.0,1.0,0.0,501.6,5,5,Low
main_morgan_r3_475,molecular_fingerprint,2.6549408554816503e-05,2.6549408554816503e-05,1.551230093733993e-05,1.551230093733993e-05,1.0,0.0,0.6666666666666666,0.6666666666666666,568.6,5,5,Low
main_morgan_r3_232,molecular_fingerprint,2.6379421152341817e-05,2.6379421152341817e-05,1.1459260085555594e-05,1.1459260085555594e-05,1.0,0.0,0.5,0.5,523.8,5,5,Low
main_morgan_r3_68,molecular_fingerprint,2.5949951246060564e-05,2.5949951246060564e-05,-1.6873485633204324e-05,-1.6873485633204324e-05,1.0,0.0,1.0,0.0,507.4,5,5,Low
main_morgan_r3_101,molecular_fingerprint,2.588497073952567e-05,2.588497073952567e-05,-1.7454329708303678e-05,-1.7454329708303678e-05,1.0,0.0,0.75,0.25,502.6,5,5,Low
co_morgan_r3_290,molecular_fingerprint,2.5871238175669637e-05,6.467809543917408e-05,2.5871238175669637e-05,6.467809543917408e-05,0.4,0.0,1.0,1.0,618.6,2,5,Low
main_morgan_r3_100,molecular_fingerprint,2.5796339966392326e-05,2.5796339966392326e-05,8.534510254321504e-06,8.534510254321504e-06,1.0,0.0,1.0,1.0,517.0,5,5,Low
main_morgan_r3_409,molecular_fingerprint,2.5763501511710904e-05,2.5763501511710904e-05,3.0639049207397622e-06,3.0639049207397622e-06,1.0,0.0,0.5,0.5,554.0,5,5,Low
B_loading_real_sq,formulation_loading,2.459257800390131e-05,2.459257800390131e-05,-1.9586889732383704e-05,-1.9586889732383704e-05,1.0,0.0,0.6666666666666666,0.3333333333333333,490.8,5,5,Low
co_morgan_r3_14,molecular_fingerprint,2.4564197378317152e-05,4.094032896386192e-05,2.4564197378317152e-05,4.094032896386192e-05,0.6,0.0,1.0,1.0,610.6,3,5,Low
Synergy_type_P-Si,other,2.298127954730944e-05,2.298127954730944e-05,-7.696049795899604e-06,-7.696049795899604e-06,1.0,0.0,0.75,0.25,555.8,5,5,Low
main_morgan_r3_384,molecular_fingerprint,2.2391149793684743e-05,2.2391149793684743e-05,1.5852467965171655e-05,1.5852467965171655e-05,1.0,0.0,1.0,1.0,557.8,5,5,Low
main_morgan_r3_213,molecular_fingerprint,2.1969240610423583e-05,2.1969240610423583e-05,1.8582659821757088e-06,1.8582659821757088e-06,1.0,0.0,0.5,0.5,531.0,5,5,Low
main_morgan_r3_161,molecular_fingerprint,2.12964946589409e-05,2.12964946589409e-05,-8.463607070590722e-06,-8.463607070590722e-06,1.0,0.0,0.5,0.5,518.2,5,5,Low
main_morgan_r3_151,molecular_fingerprint,2.076546576240743e-05,2.076546576240743e-05,1.2181703820601795e-06,1.2181703820601795e-06,1.0,0.0,0.75,0.75,522.6,5,5,Low
co_morgan_r3_1,molecular_fingerprint,2.027979455346617e-05,3.379965758911028e-05,2.027979455346617e-05,3.379965758911028e-05,0.6,0.0,1.0,1.0,614.4,3,5,Low
main_morgan_r3_30,molecular_fingerprint,1.9935479676429204e-05,1.9935479676429204e-05,-6.920048925612343e-07,-6.920048925612343e-07,1.0,0.0,0.5,0.5,504.6,5,5,Low
main_morgan_r3_478,molecular_fingerprint,1.976803746300801e-05,1.976803746300801e-05,-1.976803746300801e-05,-1.976803746300801e-05,1.0,0.0,1.0,0.0,595.2,5,5,Low
main_morgan_r3_436,molecular_fingerprint,1.9109431727883928e-05,1.9109431727883928e-05,-1.1556595550852458e-05,-1.1556595550852458e-05,1.0,0.0,0.6666666666666666,0.3333333333333333,574.2,5,5,Low
main_morgan_r3_16,molecular_fingerprint,1.8824155746491063e-05,1.8824155746491063e-05,8.904059441192675e-07,8.904059441192675e-07,1.0,0.0,0.6666666666666666,0.3333333333333333,511.8,5,5,Low
main_morgan_r3_185,molecular_fingerprint,1.806205721893801e-05,1.806205721893801e-05,5.081458940569265e-06,5.081458940569265e-06,1.0,0.0,0.5,0.5,539.8,5,5,Low
main_morgan_r3_87,molecular_fingerprint,1.777750689153537e-05,2.2221883614419213e-05,-1.5866349201334946e-05,-1.9832936501668683e-05,0.8,0.0,0.5,0.5,540.6,4,5,Low
main_morgan_r3_75,molecular_fingerprint,1.7689085266321557e-05,1.7689085266321557e-05,-6.84229045810348e-07,-6.84229045810348e-07,1.0,0.0,0.5,0.5,512.6,5,5,Low
main_morgan_r3_449,molecular_fingerprint,1.5366051415494686e-05,1.5366051415494686e-05,-9.143731539255542e-06,-9.143731539255542e-06,1.0,0.0,0.6666666666666666,0.3333333333333333,590.6,5,5,Low
main_morgan_r3_285,molecular_fingerprint,1.512843449035649e-05,1.512843449035649e-05,5.793369927687311e-06,5.793369927687311e-06,1.0,0.0,0.75,0.75,554.4,5,5,Low
main_morgan_r3_141,molecular_fingerprint,1.5075510768737229e-05,1.8844388460921536e-05,-1.5075510768737229e-05,-1.8844388460921536e-05,0.8,0.0,1.0,0.0,550.4,4,5,Low
co_morgan_r3_15,molecular_fingerprint,1.4988411183973471e-05,1.873551397996684e-05,1.4988411183973471e-05,1.873551397996684e-05,0.8,0.0,1.0,1.0,624.2,4,5,Low
main_morgan_r3_404,molecular_fingerprint,1.487704675510473e-05,1.487704675510473e-05,-9.620450923714922e-06,-9.620450923714922e-06,1.0,0.0,0.75,0.25,571.8,5,5,Low
main_morgan_r3_313,molecular_fingerprint,1.4510426563238828e-05,1.4510426563238828e-05,-3.191304093882587e-06,-3.191304093882587e-06,1.0,0.0,0.5,0.5,560.2,5,5,Low
co_morgan_r3_33,molecular_fingerprint,1.37376457621738e-05,1.7172057202717248e-05,1.1001143195042258e-05,1.3751428993802824e-05,0.8,0.0,0.5,0.5,624.0,4,5,Low
main_morgan_r3_105,molecular_fingerprint,1.358022465481352e-05,1.69752808185169e-05,1.0076980509337676e-05,1.2596225636672094e-05,0.8,0.0,0.5,0.5,546.0,4,5,Low
main_morgan_r3_353,molecular_fingerprint,1.3323618199996822e-05,1.3323618199996822e-05,-1.308034355775413e-05,-1.308034355775413e-05,1.0,0.0,1.0,0.0,574.0,5,5,Low
main_morgan_r3_306,molecular_fingerprint,1.3199061474387645e-05,1.3199061474387645e-05,1.6758182114118537e-06,1.6758182114118537e-06,1.0,0.0,0.5,0.5,564.6,5,5,Low
Synergy_type_P-N-B,other,1.3130827584341708e-05,2.1884712640569517e-05,-1.1511797888564008e-05,-1.9186329814273344e-05,0.6,0.0,1.0,0.0,542.4,3,5,Low
co_morgan_r3_144,molecular_fingerprint,1.310118180284311e-05,2.1835303004738515e-05,1.310118180284311e-05,2.1835303004738515e-05,0.6,0.0,1.0,1.0,649.0,3,5,Low
main_morgan_r3_88,molecular_fingerprint,1.3052489417731292e-05,1.3052489417731292e-05,5.927400322305073e-06,5.927400322305073e-06,1.0,0.0,0.75,0.75,528.4,5,5,Low
main_morgan_r3_143,molecular_fingerprint,1.2760985571402567e-05,1.2760985571402567e-05,8.467633052507352e-06,8.467633052507352e-06,1.0,0.0,0.6666666666666666,0.6666666666666666,544.8,5,5,Low
main_morgan_r3_35,molecular_fingerprint,1.2588533772199325e-05,1.2588533772199325e-05,5.654975449996552e-06,5.654975449996552e-06,1.0,0.0,0.75,0.75,520.8,5,5,Low
main_morgan_r3_440,molecular_fingerprint,1.2566469804975587e-05,1.5708087256219485e-05,1.2566469804975587e-05,1.5708087256219485e-05,0.8,0.0,1.0,1.0,606.2,4,5,Low
co_morgan_r3_80,molecular_fingerprint,1.2510776849820912e-05,1.563847106227614e-05,1.198532970435432e-05,1.49816621304429e-05,0.8,0.0,1.0,1.0,616.4,4,5,Low
co_morgan_r3_311,molecular_fingerprint,1.2366604577942374e-05,2.061100762990396e-05,1.2302534589455008e-05,2.0504224315758343e-05,0.6,0.0,1.0,1.0,648.0,3,5,Low
main_morgan_r3_274,molecular_fingerprint,1.213147481737704e-05,1.5164343521721302e-05,-6.031827359846732e-06,-7.539784199808414e-06,0.8,0.0,0.6666666666666666,0.3333333333333333,575.4,4,5,Low
main_morgan_r3_398,molecular_fingerprint,1.0795210213664242e-05,1.0795210213664242e-05,3.444933804882707e-06,3.444933804882707e-06,1.0,0.0,0.5,0.5,584.0,5,5,Low
main_morgan_r3_359,molecular_fingerprint,1.0786478242683492e-05,1.0786478242683492e-05,5.129705499434246e-06,5.129705499434246e-06,1.0,0.0,0.6666666666666666,0.6666666666666666,576.6,5,5,Low
main_morgan_r3_106,molecular_fingerprint,1.040282001390046e-05,1.040282001390046e-05,-9.13442418151236e-06,-9.13442418151236e-06,1.0,0.0,0.6666666666666666,0.3333333333333333,543.8,5,5,Low
main_morgan_r3_459,molecular_fingerprint,1.0127071508659608e-05,1.0127071508659608e-05,1.0028658371968265e-07,1.0028658371968265e-07,1.0,0.0,0.6666666666666666,0.6666666666666666,600.4,5,5,Low
main_morgan_r3_344,molecular_fingerprint,9.129356535923862e-06,1.1411695669904828e-05,-8.561619808081863e-06,-1.0702024760102328e-05,0.8,0.0,1.0,0.0,593.8,4,5,Low
main_morgan_r3_91,molecular_fingerprint,8.816123342083099e-06,8.816123342083099e-06,-1.4356936891444006e-06,-1.4356936891444006e-06,1.0,0.0,0.6666666666666666,0.6666666666666666,538.8,5,5,Low
main_morgan_r3_142,molecular_fingerprint,8.745117610386741e-06,8.745117610386741e-06,-8.48268774340492e-06,-8.48268774340492e-06,1.0,0.0,0.6666666666666666,0.3333333333333333,552.4,5,5,Low
main_morgan_r3_464,molecular_fingerprint,8.484798442067486e-06,8.484798442067486e-06,-6.173276129478231e-06,-6.173276129478231e-06,1.0,0.0,0.6666666666666666,0.3333333333333333,602.6,5,5,Low
main_morgan_r3_127,molecular_fingerprint,8.224038844875597e-06,8.224038844875597e-06,8.146248520865306e-06,8.146248520865306e-06,1.0,0.0,1.0,1.0,543.4,5,5,Low
curing_morgan_r3_231,molecular_fingerprint,8.089591175424477e-06,1.3482651959040796e-05,8.089591175424477e-06,1.3482651959040796e-05,0.6,0.0,1.0,1.0,659.0,3,5,Low
main_morgan_r3_364,molecular_fingerprint,6.824032596442621e-06,6.824032596442621e-06,4.208924139877305e-07,4.208924139877305e-07,1.0,0.0,0.5,0.5,594.0,5,5,Low
Synergy_type_P-N-C,other,6.502950558216173e-06,6.502950558216173e-06,-5.216008921151014e-06,-5.216008921151014e-06,1.0,0.0,0.6666666666666666,0.3333333333333333,528.0,5,5,Low
main_SaturatedCarbocycles,other,6.227865716937229e-06,7.784832146171537e-06,6.227865716937229e-06,7.784832146171537e-06,0.8,0.0,1.0,1.0,550.0,4,5,Low
main_morgan_r3_465,molecular_fingerprint,6.065812112410639e-06,7.582265140513299e-06,4.4600284488499e-06,5.575035561062374e-06,0.8,0.0,0.6666666666666666,0.3333333333333333,620.2,4,5,Low
main_morgan_r3_437,molecular_fingerprint,5.999841695787229e-06,5.999841695787229e-06,-3.63970042952941e-06,-3.63970042952941e-06,1.0,0.0,1.0,0.0,606.2,5,5,Low
curing_morgan_r3_100,molecular_fingerprint,5.979686142381982e-06,7.474607677977477e-06,-5.979686142381982e-06,-7.474607677977477e-06,0.8,0.0,1.0,0.0,645.0,4,5,Low
main_morgan_r3_311,molecular_fingerprint,5.939591758179733e-06,7.424489697724666e-06,5.939591758179733e-06,7.424489697724666e-06,0.8,0.0,1.0,1.0,590.4,4,5,Low
co_AliphaticRings,molecular_descriptor,5.839849706616304e-06,5.839849706616304e-06,5.839849706616304e-06,5.839849706616304e-06,1.0,0.0,1.0,1.0,633.8,5,5,Low
main_morgan_r3_170,molecular_fingerprint,5.838095835416526e-06,7.297619794270657e-06,-5.838095835416526e-06,-7.297619794270657e-06,0.8,0.0,1.0,0.0,647.4,4,5,Low
main_morgan_r3_92,molecular_fingerprint,5.666098945476327e-06,5.666098945476327e-06,2.741341740892898e-06,2.741341740892898e-06,1.0,0.0,0.75,0.75,543.8,5,5,Low
main_morgan_r3_38,molecular_fingerprint,5.004658323337532e-06,6.255822904171915e-06,5.307413957780209e-07,6.634267447225262e-07,0.8,0.0,0.5,0.5,558.6,4,5,Low
CuringAgent_Has_B,molecular_descriptor,4.934968026645947e-06,6.168710033307434e-06,1.2432476400540005e-06,1.5540595500675006e-06,0.8,0.0,0.5,0.5,654.0,4,5,Low
main_morgan_r3_261,molecular_fingerprint,4.713872696331439e-06,5.892340870414299e-06,-3.040327901923471e-06,-3.800409877404339e-06,0.8,0.0,0.6666666666666666,0.3333333333333333,641.2,4,5,Low
main_morgan_r3_372,molecular_fingerprint,3.963464899041153e-06,4.954331123801441e-06,-1.4838384592318706e-06,-1.8547980740398383e-06,0.8,0.0,0.5,0.5,604.4,4,5,Low
main_morgan_r3_299,molecular_fingerprint,3.5043719043541284e-06,8.760929760885321e-06,-3.5043719043541284e-06,-8.760929760885321e-06,0.4,0.0,1.0,0.0,670.6,2,5,Low
main_morgan_r3_217,molecular_fingerprint,2.5914704875605e-06,3.239338109450625e-06,-2.5914704875605e-06,-3.239338109450625e-06,0.8,0.0,1.0,0.0,589.0,4,5,Low
main_morgan_r3_229,molecular_fingerprint,2.5115725668203794e-06,4.185954278033966e-06,-1.0589697692719506e-06,-1.7649496154532508e-06,0.6,0.0,0.5,0.5,659.4,3,5,Low
P_x_CuringAgent_Has_B,molecular_descriptor,2.222980138160183e-06,2.778725172700229e-06,-2.222980138160183e-06,-2.778725172700229e-06,0.8,0.0,1.0,0.0,554.0,4,5,Low
main_morgan_r3_179,molecular_fingerprint,2.1391842742054408e-06,2.673980342756801e-06,-1.1733472958642078e-06,-1.4666841198302598e-06,0.8,0.0,0.5,0.5,648.6,4,5,Low
main_morgan_r3_484,molecular_fingerprint,1.6348236928630893e-06,2.0435296160788616e-06,-1.6348236928630893e-06,-2.0435296160788616e-06,0.8,0.0,1.0,0.0,639.8,4,5,Low
curing_morgan_r3_1,molecular_fingerprint,1.5688536481724842e-06,1.961067060215605e-06,-1.5688536481724842e-06,-1.961067060215605e-06,0.8,0.0,1.0,0.0,622.0,4,5,Low
Synergy_type_P-N-Si-Ti,other,1.2120822846352691e-06,1.5151028557940866e-06,-1.2120822846352691e-06,-1.5151028557940866e-06,0.8,0.0,1.0,0.0,662.0,4,5,Low
curing_morgan_r3_66,molecular_fingerprint,4.894693791154877e-07,6.118367238943596e-07,-4.894693791154877e-07,-6.118367238943596e-07,0.8,0.0,1.0,0.0,659.8,4,5,Low
main_morgan_r3_169,molecular_fingerprint,3.980721865243847e-07,3.980721865243847e-07,3.980721865243847e-07,3.980721865243847e-07,1.0,0.0,1.0,1.0,579.0,5,5,Low
main_morgan_r3_190,molecular_fingerprint,3.010374115698748e-07,3.010374115698748e-07,3.010329664397832e-08,3.010329664397832e-08,1.0,0.0,0.5,0.5,582.0,5,5,Low
Synergy_type_P-N-Si-Zr,other,2.8695317167956895e-07,3.586914645994612e-07,2.3316347222943375e-07,2.914543402867922e-07,0.8,0.0,1.0,1.0,666.6,4,5,Low
CuringAgent_Has_P,molecular_descriptor,1.059338873245805e-07,1.3241735915572562e-07,5.71847983034483e-08,7.148099787931036e-08,0.8,0.0,1.0,1.0,661.4,4,5,Low
main_morgan_r3_166,molecular_fingerprint,0.0,0.0,0.0,0.0,0.8,0.0,,,594.6,4,5,Low
Synergy_type_P-Si-B,other,0.0,0.0,0.0,0.0,0.8,0.0,,,645.6,4,5,Low
co_morgan_r3_0,molecular_fingerprint,0.0,0.0,0.0,0.0,0.8,0.0,,,668.2,4,5,Low
main_morgan_r3_358,molecular_fingerprint,0.0,0.0,0.0,0.0,0.6,0.0,,,634.6,3,5,Low
co_morgan_r3_13,molecular_fingerprint,0.0,0.0,0.0,0.0,0.8,0.0,,,677.4,4,5,Low
main_morgan_r3_154,molecular_fingerprint,0.0,0.0,0.0,0.0,0.8,0.0,,,589.6,4,5,Low
main_morgan_r3_388,molecular_fingerprint,0.0,0.0,0.0,0.0,0.8,0.0,,,626.4,4,5,Low
P_x_CuringAgent_Has_P,molecular_descriptor,0.0,0.0,0.0,0.0,0.8,0.0,,,567.4,4,5,Low
Synergy_type_P-N-Al,other,0.0,0.0,0.0,0.0,0.8,0.0,,,570.0,4,5,Low
main_morgan_r3_62,molecular_fingerprint,0.0,0.0,0.0,0.0,0.8,0.0,,,668.2,4,5,Low
main_morgan_r3_44,molecular_fingerprint,0.0,0.0,0.0,0.0,0.8,0.0,,,576.8,4,5,Low
main_morgan_r3_54,molecular_fingerprint,0.0,0.0,0.0,0.0,0.8,0.0,,,583.0,4,5,Low
