Formulation_ID,Candidate_ID,Candidate_Name,Source_Type,Design_Family,Synthesis_Level,synthesis_feasible,candidate_feasible,smiles_valid,contains_DOPO,is_unique,candidate_status,Record_ID,FR_main,FR_co,Curing_Agent,Preparation_Method,Preparation_Method_num,Synergy_flag(single=0&synergy=1),Synergy_type,Main_FR_fraction,Co_FR_fraction,SMILES_main,SMILES_co,SMILES_Curing_Agent,Loading_total_FR wt%,P_content wt%,N_content wt%,S_content wt%,B_content wt%,Si_content wt%,N/P ratio,S/P ratio,B/P ratio,Si/P ratio,Has_P,Has_N,Has_S,Has_B,Has_Si,CuringAgent_Has_N,CuringAgent_Has_S,CuringAgent_Has_P,CuringAgent_Has_B,CuringAgent_Has_F,CuringAgent_Has_Cl,Cure_Temp_Max,LOI_Thickness_mm,LOI,EP_matrix_LOI,Delta_LOI,UL94_Thickness_mm,UL94,UL94_num,Cone_Thickness_mm,Cone_flux_kW_m2,PHRR_kw_㎡,EP_matrix_PHRR,Delta_PHRR,THR_MJ_㎡,EP_matrix_THR,Delta_THR,Tg_℃,EP_matrix_Tg,Delta_Tg,Char_yield_％_700C,EP_matrix_CY,Delta_CY,TS_MPa,EP_matrix_TS,Delta_TS,FS_MPa,EP_matrix_FS,Delta_FS,FR_main_BDE_Kcal/mol,FR_main_BDE_KJ/mol,BDE_Type,Reference,pred_Canonical_SMILES,pred_Bond_Type,pred_selected_model_task,pred_selected_model_name,pred_selected_target_mode,pred_selected_k_best,pred_BDE_pred_kJ_mol,pred_BDE_pred_std_kJ_mol,pred_confidence_note,pred_prediction_agreement_note,pred_pcpn_alltypes_abs_diff_kJ_mol,pred_BDE_pred_pc_pn_kJ_mol,pred_BDE_pred_pc_pn_std_kJ_mol,pred_BDE_model_pc_pn,pred_BDE_target_mode_pc_pn,pred_BDE_k_best_pc_pn,FR_main_BDE_pred_kJ_mol,FR_main_BDE_pred_std_kJ_mol,FR_main_BDE_model_task,FR_main_BDE_model_name,FR_main_BDE_target_mode,FR_main_BDE_k_best,FR_main_BDE_confidence_note,FR_main_BDE_prediction_agreement_note,FR_main_BDE_pcpn_alltypes_diff_kJ_mol,FR_main_BDE_pc_pn_pred_kJ_mol,FR_main_BDE_pc_pn_pred_std_kJ_mol,FR_main_BDE_final_kJ_mol,FR_main_BDE_available,FR_main_BDE_source,FR_main_BDE_low_confidence
FORM_000001,NEW_01,APD-2DOPO,designed,P-N,B,True,True,True,True,True,Candidate,,APD-2DOPO,,DDM,DOPO-based (additive),0,1,P-N,100.00%,0.00%,N#Cc1ccc(Oc2cccc(NC(P3(=O)Oc4ccccc4-c4ccccc43)P3(=O)Oc4ccccc4-c4ccccc43)c2)cc1C#N,,NC1=CC=C(CC2=CC=C(N)C=C2)C=C1,3.42,0.3126687554328335,0.21209165383939912,0.0,0.0,0.0,0.6783269839219991,0.0,0.0,0.0,1,1,0,0,0,1,0,0,0,0,0,160.0,3.2,,24.8,,3.2,,,3.0,35.0,,1184.0,,,87.2,,,159.0,,,17.0,,,62.6,,,97.55,,,,,Virtual screening scenario,,,,,,,,,,,,,,,,,,,,,,,,,,,,,,,
FORM_000002,NEW_01,APD-2DOPO,designed,P-N,B,True,True,True,True,True,Candidate,,APD-2DOPO,,DDM,DOPO-based (additive),0,1,P-N,100.00%,0.00%,N#Cc1ccc(Oc2cccc(NC(P3(=O)Oc4ccccc4-c4ccccc43)P3(=O)Oc4ccccc4-c4ccccc43)c2)cc1C#N,,NC1=CC=C(CC2=CC=C(N)C=C2)C=C1,7.0,0.6399652888976125,0.43410572423268834,0.0,0.0,0.0,0.6783269839219992,0.0,0.0,0.0,1,1,0,0,0,1,0,0,0,0,0,160.0,3.2,,24.8,,3.2,,,3.0,35.0,,1184.0,,,87.2,,,159.0,,,17.0,,,62.6,,,97.55,,,,,Virtual screening scenario,,,,,,,,,,,,,,,,,,,,,,,,,,,,,,,
FORM_000003,NEW_01,APD-2DOPO,designed,P-N,B,True,True,True,True,True,Candidate,,APD-2DOPO,,DDM,DOPO-based (additive),0,1,P-N,100.00%,0.00%,N#Cc1ccc(Oc2cccc(NC(P3(=O)Oc4ccccc4-c4ccccc43)P3(=O)Oc4ccccc4-c4ccccc43)c2)cc1C#N,,NC1=CC=C(CC2=CC=C(N)C=C2)C=C1,10.0,0.9142361269965892,0.6201510346181262,0.0,0.0,0.0,0.6783269839219992,0.0,0.0,0.0,1,1,0,0,0,1,0,0,0,0,0,160.0,3.2,,24.8,,3.2,,,3.0,35.0,,1184.0,,,87.2,,,159.0,,,17.0,,,62.6,,,97.55,,,,,Virtual screening scenario,,,,,,,,,,,,,,,,,,,,,,,,,,,,,,,
FORM_000004,CAND_001,APN-DOPO-monoamide,designed,P-N,B,True,True,True,True,True,Candidate,,APN-DOPO-monoamide,,DDM,DOPO-based (additive),0,1,P-N,100.00%,0.00%,N#Cc1cc(Oc2cccc(NCP3(=O)Oc4ccccc4-c4ccccc43)c2)ccc1C(N)=O,,NC1=CC=C(CC2=CC=C(N)C=C2)C=C1,3.42,0.22002600488526272,0.29849915255645465,0.0,0.0,0.0,1.3566539678439984,0.0,0.0,0.0,1,1,0,0,0,1,0,0,0,0,0,160.0,3.2,,24.8,,3.2,,,3.0,35.0,,1184.0,,,87.2,,,159.0,,,17.0,,,62.6,,,97.55,,,,,Virtual screening scenario,,,,,,,,,,,,,,,,,,,,,,,,,,,,,,,
FORM_000005,CAND_001,APN-DOPO-monoamide,designed,P-N,B,True,True,True,True,True,Candidate,,APN-DOPO-monoamide,,DDM,DOPO-based (additive),0,1,P-N,100.00%,0.00%,N#Cc1cc(Oc2cccc(NCP3(=O)Oc4ccccc4-c4ccccc43)c2)ccc1C(N)=O,,NC1=CC=C(CC2=CC=C(N)C=C2)C=C1,7.0,0.45034562403416345,0.6109631777471294,0.0,0.0,0.0,1.3566539678439984,0.0,0.0,0.0,1,1,0,0,0,1,0,0,0,0,0,160.0,3.2,,24.8,,3.2,,,3.0,35.0,,1184.0,,,87.2,,,159.0,,,17.0,,,62.6,,,97.55,,,,,Virtual screening scenario,,,,,,,,,,,,,,,,,,,,,,,,,,,,,,,
FORM_000006,CAND_001,APN-DOPO-monoamide,designed,P-N,B,True,True,True,True,True,Candidate,,APN-DOPO-monoamide,,DDM,DOPO-based (additive),0,1,P-N,100.00%,0.00%,N#Cc1cc(Oc2cccc(NCP3(=O)Oc4ccccc4-c4ccccc43)c2)ccc1C(N)=O,,NC1=CC=C(CC2=CC=C(N)C=C2)C=C1,10.0,0.6433508914773765,0.8728045396387563,0.0,0.0,0.0,1.3566539678439982,0.0,0.0,0.0,1,1,0,0,0,1,0,0,0,0,0,160.0,3.2,,24.8,,3.2,,,3.0,35.0,,1184.0,,,87.2,,,159.0,,,17.0,,,62.6,,,97.55,,,,,Virtual screening scenario,,,,,,,,,,,,,,,,,,,,,,,,,,,,,,,
FORM_000007,CAND_003,PBD-monoamide,designed,P-N,B,True,True,True,True,True,Candidate,,PBD-monoamide,,DDM,DOPO-based (additive),0,1,P-N,100.00%,0.00%,N#Cc1ccc(Oc2cccc(NC(c3ccc(C(Nc4cccc(Oc5ccc(C(N)=O)c(C#N)c5)c4)P4(=O)Oc5ccccc5-c5ccccc54)cc3)P3(=O)Oc4ccccc4-c4ccccc43)c2)cc1C#N,,NC1=CC=C(CC2=CC=C(N)C=C2)C=C1,3.42,0.2079193847077862,0.28207465825550093,0.0,0.0,0.0,1.3566539678439984,0.0,0.0,0.0,1,1,0,0,0,1,0,0,0,0,0,160.0,3.2,,24.8,,3.2,,,3.0,35.0,,1184.0,,,87.2,,,159.0,,,17.0,,,62.6,,,97.55,,,,,Virtual screening scenario,,,,,,,,,,,,,,,,,,,,,,,,,,,,,,,
FORM_000008,CAND_003,PBD-monoamide,designed,P-N,B,True,True,True,True,True,Candidate,,PBD-monoamide,,DDM,DOPO-based (additive),0,1,P-N,100.00%,0.00%,N#Cc1ccc(Oc2cccc(NC(c3ccc(C(Nc4cccc(Oc5ccc(C(N)=O)c(C#N)c5)c4)P4(=O)Oc5ccccc5-c5ccccc54)cc3)P3(=O)Oc4ccccc4-c4ccccc43)c2)cc1C#N,,NC1=CC=C(CC2=CC=C(N)C=C2)C=C1,7.0,0.4255659920919601,0.5773457917510253,0.0,0.0,0.0,1.3566539678439984,0.0,0.0,0.0,1,1,0,0,0,1,0,0,0,0,0,160.0,3.2,,24.8,,3.2,,,3.0,35.0,,1184.0,,,87.2,,,159.0,,,17.0,,,62.6,,,97.55,,,,,Virtual screening scenario,,,,,,,,,,,,,,,,,,,,,,,,,,,,,,,
FORM_000009,CAND_003,PBD-monoamide,designed,P-N,B,True,True,True,True,True,Candidate,,PBD-monoamide,,DDM,DOPO-based (additive),0,1,P-N,100.00%,0.00%,N#Cc1ccc(Oc2cccc(NC(c3ccc(C(Nc4cccc(Oc5ccc(C(N)=O)c(C#N)c5)c4)P4(=O)Oc5ccccc5-c5ccccc54)cc3)P3(=O)Oc4ccccc4-c4ccccc43)c2)cc1C#N,,NC1=CC=C(CC2=CC=C(N)C=C2)C=C1,10.0,0.6079514172742286,0.8247797025014647,0.0,0.0,0.0,1.3566539678439986,0.0,0.0,0.0,1,1,0,0,0,1,0,0,0,0,0,160.0,3.2,,24.8,,3.2,,,3.0,35.0,,1184.0,,,87.2,,,159.0,,,17.0,,,62.6,,,97.55,,,,,Virtual screening scenario,,,,,,,,,,,,,,,,,,,,,,,,,,,,,,,
FORM_000010,CAND_004,TDCA-DOPO-2-amino,designed,P-N,B,True,True,True,True,True,Candidate,,TDCA-DOPO-2-amino,,DDM,DOPO-based (Co-curing),2,1,P-N,100.00%,0.00%,Nc1ccc2c(c1)-c1ccccc1P(=O)(C(OP(=O)(c1ccccc1)c1ccccc1)c1ccc(C(OP(=O)(c3ccccc3)c3ccccc3)P3(=O)Oc4ccccc4-c4ccccc43)cc1)O2,,NC1=CC=C(CC2=CC=C(N)C=C2)C=C1,4.0,0.50474255363572,0.05706341567746764,0.0,0.0,0.0,0.1130544973203332,0.0,0.0,0.0,1,1,0,0,0,1,0,0,0,0,0,170.0,3.0,,24.0,,3.0,,,3.0,35.0,,1208.0,,,88.0,,,164.3,,,16.5,,,58.7,,,101.3,,,,,Virtual screening scenario,,,,,,,,,,,,,,,,,,,,,,,,,,,,,,,
FORM_000011,CAND_004,TDCA-DOPO-2-amino,designed,P-N,B,True,True,True,True,True,Candidate,,TDCA-DOPO-2-amino,,DDM,DOPO-based (Co-curing),2,1,P-N,100.00%,0.00%,Nc1ccc2c(c1)-c1ccccc1P(=O)(C(OP(=O)(c1ccccc1)c1ccccc1)c1ccc(C(OP(=O)(c3ccccc3)c3ccccc3)P3(=O)Oc4ccccc4-c4ccccc43)cc1)O2,,NC1=CC=C(CC2=CC=C(N)C=C2)C=C1,6.78,0.8555386284125455,0.09672248957330763,0.0,0.0,0.0,0.11305449732033317,0.0,0.0,0.0,1,1,0,0,0,1,0,0,0,0,0,170.0,3.0,,24.0,,3.0,,,3.0,35.0,,1208.0,,,88.0,,,164.3,,,16.5,,,58.7,,,101.3,,,,,Virtual screening scenario,,,,,,,,,,,,,,,,,,,,,,,,,,,,,,,
FORM_000012,CAND_004,TDCA-DOPO-2-amino,designed,P-N,B,True,True,True,True,True,Candidate,,TDCA-DOPO-2-amino,,DDM,DOPO-based (Co-curing),2,1,P-N,100.00%,0.00%,Nc1ccc2c(c1)-c1ccccc1P(=O)(C(OP(=O)(c1ccccc1)c1ccccc1)c1ccc(C(OP(=O)(c3ccccc3)c3ccccc3)P3(=O)Oc4ccccc4-c4ccccc43)cc1)O2,,NC1=CC=C(CC2=CC=C(N)C=C2)C=C1,10.19,1.2858316553869966,0.1453690514383488,0.0,0.0,0.0,0.1130544973203332,0.0,0.0,0.0,1,1,0,0,0,1,0,0,0,0,0,170.0,3.0,,24.0,,3.0,,,3.0,35.0,,1208.0,,,88.0,,,164.3,,,16.5,,,58.7,,,101.3,,,,,Virtual screening scenario,,,,,,,,,,,,,,,,,,,,,,,,,,,,,,,
FORM_000013,CAND_005,DOPO-HPM-hydroxy,designed,P-N,B,True,True,True,True,True,Candidate,,DOPO-HPM-hydroxy,,DDM,DOPO-based (Co-curing),2,1,P-N,100.00%,0.00%,O=C1CC(P2(=O)Oc3ccccc3-c3ccccc32)C(=O)N1c1ccc(OCC(O)Cn2c(=O)n(CC3CO3)c(=O)n(CC3CO3)c2=O)c(O)c1,,NC1=CC=C(CC2=CC=C(N)C=C2)C=C1,4.0,0.17241014622633627,0.3118678786326974,0.0,0.0,0.0,1.8088719571253309,0.0,0.0,0.0,1,1,0,0,0,1,0,0,0,0,0,170.0,3.0,,24.0,,3.0,,,3.0,35.0,,1208.0,,,88.0,,,164.3,,,16.5,,,58.7,,,101.3,,,,,Virtual screening scenario,,,,,,,,,,,,,,,,,,,,,,,,,,,,,,,
FORM_000014,CAND_005,DOPO-HPM-hydroxy,designed,P-N,B,True,True,True,True,True,Candidate,,DOPO-HPM-hydroxy,,DDM,DOPO-based (Co-curing),2,1,P-N,100.00%,0.00%,O=C1CC(P2(=O)Oc3ccccc3-c3ccccc32)C(=O)N1c1ccc(OCC(O)Cn2c(=O)n(CC3CO3)c(=O)n(CC3CO3)c2=O)c(O)c1,,NC1=CC=C(CC2=CC=C(N)C=C2)C=C1,6.78,0.29223519785364,0.5286160542824221,0.0,0.0,0.0,1.8088719571253309,0.0,0.0,0.0,1,1,0,0,0,1,0,0,0,0,0,170.0,3.0,,24.0,,3.0,,,3.0,35.0,,1208.0,,,88.0,,,164.3,,,16.5,,,58.7,,,101.3,,,,,Virtual screening scenario,,,,,,,,,,,,,,,,,,,,,,,,,,,,,,,
FORM_000015,CAND_005,DOPO-HPM-hydroxy,designed,P-N,B,True,True,True,True,True,Candidate,,DOPO-HPM-hydroxy,,DDM,DOPO-based (Co-curing),2,1,P-N,100.00%,0.00%,O=C1CC(P2(=O)Oc3ccccc3-c3ccccc32)C(=O)N1c1ccc(OCC(O)Cn2c(=O)n(CC3CO3)c(=O)n(CC3CO3)c2=O)c(O)c1,,NC1=CC=C(CC2=CC=C(N)C=C2)C=C1,10.19,0.4392148475115916,0.7944834208167966,0.0,0.0,0.0,1.808871957125331,0.0,0.0,0.0,1,1,0,0,0,1,0,0,0,0,0,170.0,3.0,,24.0,,3.0,,,3.0,35.0,,1208.0,,,88.0,,,164.3,,,16.5,,,58.7,,,101.3,,,,,Virtual screening scenario,,,,,,,,,,,,,,,,,,,,,,,,,,,,,,,
FORM_000016,CAND_006,DOPT-hydroxymethyl,designed,P-N-S,B,True,True,True,True,True,Candidate,,DOPT-hydroxymethyl,,DDM,DOPO-based (additive),0,1,P-N-S,100.00%,0.00%,O=P1(NS(=O)(=O)c2ccc(CO)cc2)Oc2ccccc2-c2ccccc21,,NC1=CC=C(CC2=CC=C(N)C=C2)C=C1,3.42,0.26391718570930284,0.119348099058249,0.2732302057900243,0.0,0.0,0.4522179892813327,1.0352876606185832,0.0,0.0,1,1,1,0,0,1,0,0,0,0,0,160.0,3.2,,24.8,,3.2,,,3.0,35.0,,1184.0,,,87.2,,,159.0,,,17.0,,,62.6,,,97.55,,,,,Virtual screening scenario,,,,,,,,,,,,,,,,,,,,,,,,,,,,,,,
FORM_000017,CAND_006,DOPT-hydroxymethyl,designed,P-N-S,B,True,True,True,True,True,Candidate,,DOPT-hydroxymethyl,,DDM,DOPO-based (additive),0,1,P-N-S,100.00%,0.00%,O=P1(NS(=O)(=O)c2ccc(CO)cc2)Oc2ccccc2-c2ccccc21,,NC1=CC=C(CC2=CC=C(N)C=C2)C=C1,7.0,0.5401813742588071,0.24427973491454477,0.5592431112661316,0.0,0.0,0.45221798928133267,1.0352876606185828,0.0,0.0,1,1,1,0,0,1,0,0,0,0,0,160.0,3.2,,24.8,,3.2,,,3.0,35.0,,1184.0,,,87.2,,,159.0,,,17.0,,,62.6,,,97.55,,,,,Virtual screening scenario,,,,,,,,,,,,,,,,,,,,,,,,,,,,,,,
FORM_000018,CAND_006,DOPT-hydroxymethyl,designed,P-N-S,B,True,True,True,True,True,Candidate,,DOPT-hydroxymethyl,,DDM,DOPO-based (additive),0,1,P-N-S,100.00%,0.00%,O=P1(NS(=O)(=O)c2ccc(CO)cc2)Oc2ccccc2-c2ccccc21,,NC1=CC=C(CC2=CC=C(N)C=C2)C=C1,10.0,0.7716876775125815,0.3489710498779211,0.7989187303801881,0.0,0.0,0.4522179892813327,1.0352876606185832,0.0,0.0,1,1,1,0,0,1,0,0,0,0,0,160.0,3.2,,24.8,,3.2,,,3.0,35.0,,1184.0,,,87.2,,,159.0,,,17.0,,,62.6,,,97.55,,,,,Virtual screening scenario,,,,,,,,,,,,,,,,,,,,,,,,,,,,,,,
FORM_000019,CAND_007,DIB-hydroxy,designed,P-N,B,True,True,True,True,True,Candidate,,DIB-hydroxy,,DDM,DOPO-based (Co-curing),2,1,P-N,100.00%,0.00%,O=P1(C(Nc2ccc(NC(c3c[nH]cn3)P3(=O)Oc4ccc(O)cc4-c4ccccc43)cc2)c2c[nH]cn2)Oc2ccccc2-c2ccccc21,,NC1=CC=C(CC2=CC=C(N)C=C2)C=C1,4.0,0.34770845991611504,0.47172006179812326,0.0,0.0,0.0,1.3566539678439982,0.0,0.0,0.0,1,1,0,0,0,1,0,0,0,0,0,170.0,3.0,,24.0,,3.0,,,3.0,35.0,,1208.0,,,88.0,,,164.3,,,16.5,,,58.7,,,101.3,,,,,Virtual screening scenario,,,,,,,,,,,,,,,,,,,,,,,,,,,,,,,
FORM_000020,CAND_007,DIB-hydroxy,designed,P-N,B,True,True,True,True,True,Candidate,,DIB-hydroxy,,DDM,DOPO-based (Co-curing),2,1,P-N,100.00%,0.00%,O=P1(C(Nc2ccc(NC(c3c[nH]cn3)P3(=O)Oc4ccc(O)cc4-c4ccccc43)cc2)c2c[nH]cn2)Oc2ccccc2-c2ccccc21,,NC1=CC=C(CC2=CC=C(N)C=C2)C=C1,6.78,0.589365839557815,0.7995655047478191,0.0,0.0,0.0,1.3566539678439984,0.0,0.0,0.0,1,1,0,0,0,1,0,0,0,0,0,170.0,3.0,,24.0,,3.0,,,3.0,35.0,,1208.0,,,88.0,,,164.3,,,16.5,,,58.7,,,101.3,,,,,Virtual screening scenario,,,,,,,,,,,,,,,,,,,,,,,,,,,,,,,
FORM_000021,CAND_007,DIB-hydroxy,designed,P-N,B,True,True,True,True,True,Candidate,,DIB-hydroxy,,DDM,DOPO-based (Co-curing),2,1,P-N,100.00%,0.00%,O=P1(C(Nc2ccc(NC(c3c[nH]cn3)P3(=O)Oc4ccc(O)cc4-c4ccccc43)cc2)c2c[nH]cn2)Oc2ccccc2-c2ccccc21,,NC1=CC=C(CC2=CC=C(N)C=C2)C=C1,10.19,0.8857873016363029,1.201706857430719,0.0,0.0,0.0,1.3566539678439984,0.0,0.0,0.0,1,1,0,0,0,1,0,0,0,0,0,170.0,3.0,,24.0,,3.0,,,3.0,35.0,,1208.0,,,88.0,,,164.3,,,16.5,,,58.7,,,101.3,,,,,Virtual screening scenario,,,,,,,,,,,,,,,,,,,,,,,,,,,,,,,
FORM_000022,CAND_008,DTB-glycidyl,designed,P-N-B,B,True,True,True,True,True,Candidate,,DTB-glycidyl,,DDM,DOPO-based (Co-curing),2,1,P-N-B,100.00%,0.00%,CCC(O)Cn1c(=O)n(CC(O)COB(O)OC)c(=O)n(CC(O)CP2(=O)Oc3ccc(OCC4CO4)cc3-c3ccccc32)c1=O,,NC1=CC=C(CC2=CC=C(N)C=C2)C=C1,4.0,0.18289689094771397,0.2481277928105472,0.0,0.06384326160414164,0.0,1.3566539678439982,0.0,0.3490669593852908,0.0,1,1,0,1,0,1,0,0,0,0,0,170.0,3.0,,24.0,,3.0,,,3.0,35.0,,1208.0,,,88.0,,,164.3,,,16.5,,,58.7,,,101.3,,,,,Virtual screening scenario,,,,,,,,,,,,,,,,,,,,,,,,,,,,,,,
FORM_000023,CAND_008,DTB-glycidyl,designed,P-N-B,B,True,True,True,True,True,Candidate,,DTB-glycidyl,,DDM,DOPO-based (Co-curing),2,1,P-N-B,100.00%,0.00%,CCC(O)Cn1c(=O)n(CC(O)COB(O)OC)c(=O)n(CC(O)CP2(=O)Oc3ccc(OCC4CO4)cc3-c3ccccc32)c1=O,,NC1=CC=C(CC2=CC=C(N)C=C2)C=C1,6.78,0.3100102301563752,0.42057660881387754,0.0,0.1082143284190201,0.0,1.3566539678439984,0.0,0.34906695938529086,0.0,1,1,0,1,0,1,0,0,0,0,0,170.0,3.0,,24.0,,3.0,,,3.0,35.0,,1208.0,,,88.0,,,164.3,,,16.5,,,58.7,,,101.3,,,,,Virtual screening scenario,,,,,,,,,,,,,,,,,,,,,,,,,,,,,,,
FORM_000024,CAND_008,DTB-glycidyl,designed,P-N-B,B,True,True,True,True,True,Candidate,,DTB-glycidyl,,DDM,DOPO-based (Co-curing),2,1,P-N-B,100.00%,0.00%,CCC(O)Cn1c(=O)n(CC(O)COB(O)OC)c(=O)n(CC(O)CP2(=O)Oc3ccc(OCC4CO4)cc3-c3ccccc32)c1=O,,NC1=CC=C(CC2=CC=C(N)C=C2)C=C1,10.19,0.4659298296893013,0.632105552184869,0.0,0.16264070893655083,0.0,1.3566539678439984,0.0,0.34906695938529086,0.0,1,1,0,1,0,1,0,0,0,0,0,170.0,3.0,,24.0,,3.0,,,3.0,35.0,,1208.0,,,88.0,,,164.3,,,16.5,,,58.7,,,101.3,,,,,Virtual screening scenario,,,,,,,,,,,,,,,,,,,,,,,,,,,,,,,
FORM_000025,CAND_009,DSD-mono-glycidyl,designed,P-N-S,B,True,True,True,True,True,Candidate,,DSD-mono-glycidyl,,DDM,DOPO-based (Co-curing),2,1,P-N-S,100.00%,0.00%,O=P1(C(Nc2ccc(S(=O)(=O)c3ccc(NC(c4ccccc4OCC4CO4)P4(=O)Oc5ccccc5-c5ccccc54)cc3)cc2)c2ccccc2O)Oc2ccccc2-c2ccccc21,,NC1=CC=C(CC2=CC=C(N)C=C2)C=C1,4.0,0.26223068367376096,0.11858543249881735,0.13574209552150981,0.0,0.0,0.4522179892813326,0.5176438303092915,0.0,0.0,1,1,1,0,0,1,0,0,0,0,0,170.0,3.0,,24.0,,3.0,,,3.0,35.0,,1208.0,,,88.0,,,164.3,,,16.5,,,58.7,,,101.3,,,,,Virtual screening scenario,,,,,,,,,,,,,,,,,,,,,,,,,,,,,,,
FORM_000026,CAND_009,DSD-mono-glycidyl,designed,P-N-S,B,True,True,True,True,True,Candidate,,DSD-mono-glycidyl,,DDM,DOPO-based (Co-curing),2,1,P-N-S,100.00%,0.00%,O=P1(C(Nc2ccc(S(=O)(=O)c3ccc(NC(c4ccccc4OCC4CO4)P4(=O)Oc5ccccc5-c5ccccc54)cc3)cc2)c2ccccc2O)Oc2ccccc2-c2ccccc21,,NC1=CC=C(CC2=CC=C(N)C=C2)C=C1,6.78,0.44448100882702485,0.20100230808549543,0.23008285190895916,0.0,0.0,0.4522179892813326,0.5176438303092915,0.0,0.0,1,1,1,0,0,1,0,0,0,0,0,170.0,3.0,,24.0,,3.0,,,3.0,35.0,,1208.0,,,88.0,,,164.3,,,16.5,,,58.7,,,101.3,,,,,Virtual screening scenario,,,,,,,,,,,,,,,,,,,,,,,,,,,,,,,
FORM_000027,CAND_009,DSD-mono-glycidyl,designed,P-N-S,B,True,True,True,True,True,Candidate,,DSD-mono-glycidyl,,DDM,DOPO-based (Co-curing),2,1,P-N-S,100.00%,0.00%,O=P1(C(Nc2ccc(S(=O)(=O)c3ccc(NC(c4ccccc4OCC4CO4)P4(=O)Oc5ccccc5-c5ccccc54)cc3)cc2)c2ccccc2O)Oc2ccccc2-c2ccccc21,,NC1=CC=C(CC2=CC=C(N)C=C2)C=C1,10.19,0.6680326666589059,0.3020963892907372,0.3458029883410462,0.0,0.0,0.4522179892813326,0.5176438303092915,0.0,0.0,1,1,1,0,0,1,0,0,0,0,0,170.0,3.0,,24.0,,3.0,,,3.0,35.0,,1208.0,,,88.0,,,164.3,,,16.5,,,58.7,,,101.3,,,,,Virtual screening scenario,,,,,,,,,,,,,,,,,,,,,,,,,,,,,,,
FORM_000028,CAND_010,DOPO-PPO-mono-glycidyl,designed,P-only,B,True,True,True,True,True,Candidate,,DOPO-PPO-mono-glycidyl,,DDM,DOPO-based (Co-curing),2,0,P-only,100.00%,0.00%,O=P(Oc1ccc(C(O)P2(=O)Oc3ccccc3-c3ccccc32)cc1)(Oc1ccc(C(OCC2CO2)P2(=O)Oc3ccccc3-c3ccccc32)cc1)c1ccccc1,,NC1=CC=C(CC2=CC=C(N)C=C2)C=C1,4.0,0.4348626751294274,0.0,0.0,0.0,0.0,0.0,0.0,0.0,0.0,1,0,0,0,0,1,0,0,0,0,0,170.0,3.0,,24.0,,3.0,,,3.0,35.0,,1208.0,,,88.0,,,164.3,,,16.5,,,58.7,,,101.3,,,,,Virtual screening scenario,,,,,,,,,,,,,,,,,,,,,,,,,,,,,,,
FORM_000029,CAND_010,DOPO-PPO-mono-glycidyl,designed,P-only,B,True,True,True,True,True,Candidate,,DOPO-PPO-mono-glycidyl,,DDM,DOPO-based (Co-curing),2,0,P-only,100.00%,0.00%,O=P(Oc1ccc(C(O)P2(=O)Oc3ccccc3-c3ccccc32)cc1)(Oc1ccc(C(OCC2CO2)P2(=O)Oc3ccccc3-c3ccccc32)cc1)c1ccccc1,,NC1=CC=C(CC2=CC=C(N)C=C2)C=C1,6.78,0.7370922343443794,0.0,0.0,0.0,0.0,0.0,0.0,0.0,0.0,1,0,0,0,0,1,0,0,0,0,0,170.0,3.0,,24.0,,3.0,,,3.0,35.0,,1208.0,,,88.0,,,164.3,,,16.5,,,58.7,,,101.3,,,,,Virtual screening scenario,,,,,,,,,,,,,,,,,,,,,,,,,,,,,,,
FORM_000030,CAND_010,DOPO-PPO-mono-glycidyl,designed,P-only,B,True,True,True,True,True,Candidate,,DOPO-PPO-mono-glycidyl,,DDM,DOPO-based (Co-curing),2,0,P-only,100.00%,0.00%,O=P(Oc1ccc(C(O)P2(=O)Oc3ccccc3-c3ccccc32)cc1)(Oc1ccc(C(OCC2CO2)P2(=O)Oc3ccccc3-c3ccccc32)cc1)c1ccccc1,,NC1=CC=C(CC2=CC=C(N)C=C2)C=C1,10.19,1.1078126648922162,0.0,0.0,0.0,0.0,0.0,0.0,0.0,0.0,1,0,0,0,0,1,0,0,0,0,0,170.0,3.0,,24.0,,3.0,,,3.0,35.0,,1208.0,,,88.0,,,164.3,,,16.5,,,58.7,,,101.3,,,,,Virtual screening scenario,,,,,,,,,,,,,,,,,,,,,,,,,,,,,,,
FORM_000031,CAND_011,PAD-benzoxazole-analogue,designed,P-N-S,B,True,True,True,True,True,Candidate,,PAD-benzoxazole-analogue,,DDM,DOPO-based (Co-curing),2,1,P-N-S,100.00%,0.00%,O=P(Oc1ccc(C(Nc2nc3ccccc3o2)P2(=O)Oc3ccccc3-c3ccccc32)cc1)(Oc1ccc(C(Nc2nc3ccccc3s2)P2(=O)Oc3ccccc3-c3ccccc32)cc1)c1ccccc1,,NC1=CC=C(CC2=CC=C(N)C=C2)C=C1,4.0,0.35501134220014796,0.2140566871224241,0.12251295398648486,0.0,0.0,0.6029573190417771,0.34509588687286114,0.0,0.0,1,1,1,0,0,1,0,0,0,0,0,170.0,3.0,,24.0,,3.0,,,3.0,35.0,,1208.0,,,88.0,,,164.3,,,16.5,,,58.7,,,101.3,,,,,Virtual screening scenario,,,,,,,,,,,,,,,,,,,,,,,,,,,,,,,
FORM_000032,CAND_011,PAD-benzoxazole-analogue,designed,P-N-S,B,True,True,True,True,True,Candidate,,PAD-benzoxazole-analogue,,DDM,DOPO-based (Co-curing),2,1,P-N-S,100.00%,0.00%,O=P(Oc1ccc(C(Nc2nc3ccccc3o2)P2(=O)Oc3ccccc3-c3ccccc32)cc1)(Oc1ccc(C(Nc2nc3ccccc3s2)P2(=O)Oc3ccccc3-c3ccccc32)cc1)c1ccccc1,,NC1=CC=C(CC2=CC=C(N)C=C2)C=C1,6.78,0.6017442250292508,0.3628260846725089,0.20765945700709185,0.0,0.0,0.6029573190417771,0.34509588687286114,0.0,0.0,1,1,1,0,0,1,0,0,0,0,0,170.0,3.0,,24.0,,3.0,,,3.0,35.0,,1208.0,,,88.0,,,164.3,,,16.5,,,58.7,,,101.3,,,,,Virtual screening scenario,,,,,,,,,,,,,,,,,,,,,,,,,,,,,,,
FORM_000033,CAND_011,PAD-benzoxazole-analogue,designed,P-N-S,B,True,True,True,True,True,Candidate,,PAD-benzoxazole-analogue,,DDM,DOPO-based (Co-curing),2,1,P-N-S,100.00%,0.00%,O=P(Oc1ccc(C(Nc2nc3ccccc3o2)P2(=O)Oc3ccccc3-c3ccccc32)cc1)(Oc1ccc(C(Nc2nc3ccccc3s2)P2(=O)Oc3ccccc3-c3ccccc32)cc1)c1ccccc1,,NC1=CC=C(CC2=CC=C(N)C=C2)C=C1,10.19,0.9043913942548769,0.5453094104443753,0.31210175028057013,0.0,0.0,0.602957319041777,0.34509588687286114,0.0,0.0,1,1,1,0,0,1,0,0,0,0,0,170.0,3.0,,24.0,,3.0,,,3.0,35.0,,1208.0,,,88.0,,,164.3,,,16.5,,,58.7,,,101.3,,,,,Virtual screening scenario,,,,,,,,,,,,,,,,,,,,,,,,,,,,,,,
FORM_000034,CAND_012,DOPO-PEPA-amino,designed,P-N,B,True,True,True,True,True,Candidate,,DOPO-PEPA-amino,,DDM,DOPO-based (Co-curing),2,1,P-N,100.00%,0.00%,Nc1ccc2c(c1)-c1ccccc1P(=O)(OCC13COP(=O)(OC1)OC3)O2,,NC1=CC=C(CC2=CC=C(N)C=C2)C=C1,4.0,0.6054472464455088,0.13689706820175376,0.0,0.0,0.0,0.22610899464066636,0.0,0.0,0.0,1,1,0,0,0,1,0,0,0,0,0,170.0,3.0,,24.0,,3.0,,,3.0,35.0,,1208.0,,,88.0,,,164.3,,,16.5,,,58.7,,,101.3,,,,,Virtual screening scenario,,,,,,,,,,,,,,,,,,,,,,,,,,,,,,,
FORM_000035,CAND_012,DOPO-PEPA-amino,designed,P-N,B,True,True,True,True,True,Candidate,,DOPO-PEPA-amino,,DDM,DOPO-based (Co-curing),2,1,P-N,100.00%,0.00%,Nc1ccc2c(c1)-c1ccccc1P(=O)(OCC13COP(=O)(OC1)OC3)O2,,NC1=CC=C(CC2=CC=C(N)C=C2)C=C1,6.78,1.0262330827251376,0.23204053060197263,0.0,0.0,0.0,0.22610899464066633,0.0,0.0,0.0,1,1,0,0,0,1,0,0,0,0,0,170.0,3.0,,24.0,,3.0,,,3.0,35.0,,1208.0,,,88.0,,,164.3,,,16.5,,,58.7,,,101.3,,,,,Virtual screening scenario,,,,,,,,,,,,,,,,,,,,,,,,,,,,,,,
FORM_000036,CAND_012,DOPO-PEPA-amino,designed,P-N,B,True,True,True,True,True,Candidate,,DOPO-PEPA-amino,,DDM,DOPO-based (Co-curing),2,1,P-N,100.00%,0.00%,Nc1ccc2c(c1)-c1ccccc1P(=O)(OCC13COP(=O)(OC1)OC3)O2,,NC1=CC=C(CC2=CC=C(N)C=C2)C=C1,10.19,1.5423768603199337,0.34874528124396775,0.0,0.0,0.0,0.2261089946406664,0.0,0.0,0.0,1,1,0,0,0,1,0,0,0,0,0,170.0,3.0,,24.0,,3.0,,,3.0,35.0,,1208.0,,,88.0,,,164.3,,,16.5,,,58.7,,,101.3,,,,,Virtual screening scenario,,,,,,,,,,,,,,,,,,,,,,,,,,,,,,,
FORM_000037,CAND_013,TDCA-DOPO-3-boronic-acid,designed,P-B,B,True,True,True,True,True,Candidate,,TDCA-DOPO-3-boronic-acid,,DDM,DOPO-based (additive),0,1,P-B,100.00%,0.00%,O=P(Oc1ccccc1)(Oc1ccccc1)OC(c1ccc(C(OP(=O)(Oc2ccccc2)Oc2ccccc2)P2(=O)Oc3ccc(B(O)O)cc3-c3ccccc32)cc1)P1(=O)Oc2ccccc2-c2ccccc21,,NC1=CC=C(CC2=CC=C(N)C=C2)C=C1,3.42,0.3942890642011287,0.0,0.0,0.03440832118988994,0.0,0.0,0.0,0.08726673984632274,0.0,1,0,0,1,0,1,0,0,0,0,0,160.0,3.2,,24.8,,3.2,,,3.0,35.0,,1184.0,,,87.2,,,159.0,,,17.0,,,62.6,,,97.55,,,,,Virtual screening scenario,,,,,,,,,,,,,,,,,,,,,,,,,,,,,,,
FORM_000038,CAND_013,TDCA-DOPO-3-boronic-acid,designed,P-B,B,True,True,True,True,True,Candidate,,TDCA-DOPO-3-boronic-acid,,DDM,DOPO-based (additive),0,1,P-B,100.00%,0.00%,O=P(Oc1ccccc1)(Oc1ccccc1)OC(c1ccc(C(OP(=O)(Oc2ccccc2)Oc2ccccc2)P2(=O)Oc3ccc(B(O)O)cc3-c3ccccc32)cc1)P1(=O)Oc2ccccc2-c2ccccc21,,NC1=CC=C(CC2=CC=C(N)C=C2)C=C1,7.0,0.8070244004116668,0.0,0.0,0.07042638840035954,0.0,0.0,0.0,0.08726673984632277,0.0,1,0,0,1,0,1,0,0,0,0,0,160.0,3.2,,24.8,,3.2,,,3.0,35.0,,1184.0,,,87.2,,,159.0,,,17.0,,,62.6,,,97.55,,,,,Virtual screening scenario,,,,,,,,,,,,,,,,,,,,,,,,,,,,,,,
FORM_000039,CAND_013,TDCA-DOPO-3-boronic-acid,designed,P-B,B,True,True,True,True,True,Candidate,,TDCA-DOPO-3-boronic-acid,,DDM,DOPO-based (additive),0,1,P-B,100.00%,0.00%,O=P(Oc1ccccc1)(Oc1ccccc1)OC(c1ccc(C(OP(=O)(Oc2ccccc2)Oc2ccccc2)P2(=O)Oc3ccc(B(O)O)cc3-c3ccccc32)cc1)P1(=O)Oc2ccccc2-c2ccccc21,,NC1=CC=C(CC2=CC=C(N)C=C2)C=C1,10.0,1.1528920005880956,0.0,0.0,0.10060912628622791,0.0,0.0,0.0,0.08726673984632274,0.0,1,0,0,1,0,1,0,0,0,0,0,160.0,3.2,,24.8,,3.2,,,3.0,35.0,,1184.0,,,87.2,,,159.0,,,17.0,,,62.6,,,97.55,,,,,Virtual screening scenario,,,,,,,,,,,,,,,,,,,,,,,,,,,,,,,
FORM_000040,CAND_014,Ti-POSS-bisDOPO-methoxy,designed,P-N-Si,B,True,True,True,True,True,Candidate,,Ti-POSS-bisDOPO-methoxy,,DDM,DOPO-based (additive),0,1,P-N-Si,100.00%,0.00%,CO[Ti]12O[Si@@]3(CC(C)C)O[Si@@]4(CC(C)C)O[Si@@](CC(C)C)(O3)O[Si@]3(CC(C)C)O[Si@@](CC(C)C)(O1)O[Si@](CCCN(CP1(=O)Oc5ccccc5-c5ccccc51)CP1(=O)Oc5ccccc5-c5ccccc51)(O4)O[Si@](CC(C)C)(O2)O3,,NC1=CC=C(CC2=CC=C(N)C=C2)C=C1,3.42,0.15993640656316885,0.036163060094438974,0.0,0.0,0.5075840608757686,0.2261089946406663,0.0,0.0,3.1736617808484526,1,1,0,0,1,1,0,0,0,0,0,160.0,3.2,,24.8,,3.2,,,3.0,35.0,,1184.0,,,87.2,,,159.0,,,17.0,,,62.6,,,97.55,,,,,Virtual screening scenario,,,,,,,,,,,,,,,,,,,,,,,,,,,,,,,
FORM_000041,CAND_014,Ti-POSS-bisDOPO-methoxy,designed,P-N-Si,B,True,True,True,True,True,Candidate,,Ti-POSS-bisDOPO-methoxy,,DDM,DOPO-based (additive),0,1,P-N-Si,100.00%,0.00%,CO[Ti]12O[Si@@]3(CC(C)C)O[Si@@]4(CC(C)C)O[Si@@](CC(C)C)(O3)O[Si@]3(CC(C)C)O[Si@@](CC(C)C)(O1)O[Si@](CCCN(CP1(=O)Oc5ccccc5-c5ccccc51)CP1(=O)Oc5ccccc5-c5ccccc51)(O4)O[Si@](CC(C)C)(O2)O3,,NC1=CC=C(CC2=CC=C(N)C=C2)C=C1,7.0,0.3273552181117491,0.07401795925762364,0.0,0.0,1.0389147444825673,0.22610899464066633,0.0,0.0,3.1736617808484526,1,1,0,0,1,1,0,0,0,0,0,160.0,3.2,,24.8,,3.2,,,3.0,35.0,,1184.0,,,87.2,,,159.0,,,17.0,,,62.6,,,97.55,,,,,Virtual screening scenario,,,,,,,,,,,,,,,,,,,,,,,,,,,,,,,
FORM_000042,CAND_014,Ti-POSS-bisDOPO-methoxy,designed,P-N-Si,B,True,True,True,True,True,Candidate,,Ti-POSS-bisDOPO-methoxy,,DDM,DOPO-based (additive),0,1,P-N-Si,100.00%,0.00%,CO[Ti]12O[Si@@]3(CC(C)C)O[Si@@]4(CC(C)C)O[Si@@](CC(C)C)(O3)O[Si@]3(CC(C)C)O[Si@@](CC(C)C)(O1)O[Si@](CCCN(CP1(=O)Oc5ccccc5-c5ccccc51)CP1(=O)Oc5ccccc5-c5ccccc51)(O4)O[Si@](CC(C)C)(O2)O3,,NC1=CC=C(CC2=CC=C(N)C=C2)C=C1,10.0,0.467650311588213,0.1057399417966052,0.0,0.0,1.484163920689382,0.22610899464066633,0.0,0.0,3.1736617808484526,1,1,0,0,1,1,0,0,0,0,0,160.0,3.2,,24.8,,3.2,,,3.0,35.0,,1184.0,,,87.2,,,159.0,,,17.0,,,62.6,,,97.55,,,,,Virtual screening scenario,,,,,,,,,,,,,,,,,,,,,,,,,,,,,,,
FORM_000043,CAND_015,DGEBDB-demethylated,designed,P-only,B,True,True,True,True,True,Candidate,,DGEBDB-demethylated,,DDM,DOPO-based (reactive),1,0,P-only,100.00%,0.00%,COc1cc(C(c2ccc(OCC3CO3)c(O)c2)P2(=O)Oc3ccccc3-c3ccccc32)ccc1OCC1CO1,,NC1=CC=C(CC2=CC=C(N)C=C2)C=C1,4.0,0.2163933280936163,0.0,0.0,0.0,0.0,0.0,0.0,0.0,0.0,1,0,0,0,0,1,0,0,0,0,0,160.0,3.2,,24.7,,3.0,,,3.0,35.0,,1149.8,,,93.5,,,164.0,,,16.0,,,59.0,,,105.1,,,,,Virtual screening scenario,,,,,,,,,,,,,,,,,,,,,,,,,,,,,,,
FORM_000044,CAND_015,DGEBDB-demethylated,designed,P-only,B,True,True,True,True,True,Candidate,,DGEBDB-demethylated,,DDM,DOPO-based (reactive),1,0,P-only,100.00%,0.00%,COc1cc(C(c2ccc(OCC3CO3)c(O)c2)P2(=O)Oc3ccccc3-c3ccccc32)ccc1OCC1CO1,,NC1=CC=C(CC2=CC=C(N)C=C2)C=C1,6.0,0.32458999214042444,0.0,0.0,0.0,0.0,0.0,0.0,0.0,0.0,1,0,0,0,0,1,0,0,0,0,0,160.0,3.2,,24.7,,3.0,,,3.0,35.0,,1149.8,,,93.5,,,164.0,,,16.0,,,59.0,,,105.1,,,,,Virtual screening scenario,,,,,,,,,,,,,,,,,,,,,,,,,,,,,,,
FORM_000045,CAND_015,DGEBDB-demethylated,designed,P-only,B,True,True,True,True,True,Candidate,,DGEBDB-demethylated,,DDM,DOPO-based (reactive),1,0,P-only,100.00%,0.00%,COc1cc(C(c2ccc(OCC3CO3)c(O)c2)P2(=O)Oc3ccccc3-c3ccccc32)ccc1OCC1CO1,,NC1=CC=C(CC2=CC=C(N)C=C2)C=C1,10.0,0.5409833202340407,0.0,0.0,0.0,0.0,0.0,0.0,0.0,0.0,1,0,0,0,0,1,0,0,0,0,0,160.0,3.2,,24.7,,3.0,,,3.0,35.0,,1149.8,,,93.5,,,164.0,,,16.0,,,59.0,,,105.1,,,,,Virtual screening scenario,,,,,,,,,,,,,,,,,,,,,,,,,,,,,,,
FORM_000046,CAND_016,D-AZ-oxazole-analogue,designed,P-N,B,True,True,True,True,True,Candidate,,D-AZ-oxazole-analogue,,DDM,DOPO-based (additive),0,1,P-N,100.00%,0.00%,O=P1(Nc2ncco2)Oc2ccccc2-c2ccccc21,,NC1=CC=C(CC2=CC=C(N)C=C2)C=C1,3.42,0.35518974778532586,0.3212463871136475,0.0,0.0,0.0,0.9044359785626653,0.0,0.0,0.0,1,1,0,0,0,1,0,0,0,0,0,160.0,3.2,,24.8,,3.2,,,3.0,35.0,,1184.0,,,87.2,,,159.0,,,17.0,,,62.6,,,97.55,,,,,Virtual screening scenario,,,,,,,,,,,,,,,,,,,,,,,,,,,,,,,
FORM_000047,CAND_016,D-AZ-oxazole-analogue,designed,P-N,B,True,True,True,True,True,Candidate,,D-AZ-oxazole-analogue,,DDM,DOPO-based (additive),0,1,P-N,100.00%,0.00%,O=P1(Nc2ncco2)Oc2ccccc2-c2ccccc21,,NC1=CC=C(CC2=CC=C(N)C=C2)C=C1,7.0,0.7269965597945266,0.6575218449694539,0.0,0.0,0.0,0.9044359785626653,0.0,0.0,0.0,1,1,0,0,0,1,0,0,0,0,0,160.0,3.2,,24.8,,3.2,,,3.0,35.0,,1184.0,,,87.2,,,159.0,,,17.0,,,62.6,,,97.55,,,,,Virtual screening scenario,,,,,,,,,,,,,,,,,,,,,,,,,,,,,,,
FORM_000048,CAND_016,D-AZ-oxazole-analogue,designed,P-N,B,True,True,True,True,True,Candidate,,D-AZ-oxazole-analogue,,DDM,DOPO-based (additive),0,1,P-N,100.00%,0.00%,O=P1(Nc2ncco2)Oc2ccccc2-c2ccccc21,,NC1=CC=C(CC2=CC=C(N)C=C2)C=C1,10.0,1.038566513992181,0.9393169213849342,0.0,0.0,0.0,0.9044359785626653,0.0,0.0,0.0,1,1,0,0,0,1,0,0,0,0,0,160.0,3.2,,24.8,,3.2,,,3.0,35.0,,1184.0,,,87.2,,,159.0,,,17.0,,,62.6,,,97.55,,,,,Virtual screening scenario,,,,,,,,,,,,,,,,,,,,,,,,,,,,,,,
FORM_000049,CAND_017,BDO-mono-furan-analogue,designed,P-N-S,B,True,True,True,True,True,Candidate,,BDO-mono-furan-analogue,,DDM,DOPO-based (Co-curing),2,1,P-N-S,100.00%,0.00%,O=P1(CC(Nc2n[nH]c(NC(c3cccs3)P3(=O)Oc4ccccc4-c4ccccc43)n2)c2ccco2)Oc2ccccc2-c2ccccc21,,NC1=CC=C(CC2=CC=C(N)C=C2)C=C1,4.0,0.34526616170905283,0.3903389235373784,0.1787248984232614,0.0,0.0,1.130544973203332,0.5176438303092916,0.0,0.0,1,1,1,0,0,1,0,0,0,0,0,170.0,3.0,,24.0,,3.0,,,3.0,35.0,,1208.0,,,88.0,,,164.3,,,16.5,,,58.7,,,101.3,,,,,Virtual screening scenario,,,,,,,,,,,,,,,,,,,,,,,,,,,,,,,
FORM_000050,CAND_017,BDO-mono-furan-analogue,designed,P-N-S,B,True,True,True,True,True,Candidate,,BDO-mono-furan-analogue,,DDM,DOPO-based (Co-curing),2,1,P-N-S,100.00%,0.00%,O=P1(CC(Nc2n[nH]c(NC(c3cccs3)P3(=O)Oc4ccccc4-c4ccccc43)n2)c2ccco2)Oc2ccccc2-c2ccccc21,,NC1=CC=C(CC2=CC=C(N)C=C2)C=C1,6.78,0.5852261440968446,0.6616244753958564,0.3029387028274281,0.0,0.0,1.130544973203332,0.5176438303092916,0.0,0.0,1,1,1,0,0,1,0,0,0,0,0,170.0,3.0,,24.0,,3.0,,,3.0,35.0,,1208.0,,,88.0,,,164.3,,,16.5,,,58.7,,,101.3,,,,,Virtual screening scenario,,,,,,,,,,,,,,,,,,,,,,,,,,,,,,,
FORM_000051,CAND_017,BDO-mono-furan-analogue,designed,P-N-S,B,True,True,True,True,True,Candidate,,BDO-mono-furan-analogue,,DDM,DOPO-based (Co-curing),2,1,P-N-S,100.00%,0.00%,O=P1(CC(Nc2n[nH]c(NC(c3cccs3)P3(=O)Oc4ccccc4-c4ccccc43)n2)c2ccco2)Oc2ccccc2-c2ccccc21,,NC1=CC=C(CC2=CC=C(N)C=C2)C=C1,10.19,0.8795655469538122,0.9943884077114714,0.4553016787332584,0.0,0.0,1.1305449732033317,0.5176438303092916,0.0,0.0,1,1,1,0,0,1,0,0,0,0,0,170.0,3.0,,24.0,,3.0,,,3.0,35.0,,1208.0,,,88.0,,,164.3,,,16.5,,,58.7,,,101.3,,,,,Virtual screening scenario,,,,,,,,,,,,,,,,,,,,,,,,,,,,,,,
FORM_000052,CAND_018,TDA-trimethoxy-silane,designed,P-N-Si,B,True,True,True,True,True,Candidate,,TDA-trimethoxy-silane,,DDM,DOPO-based (reactive),1,1,P-N-Si,100.00%,0.00%,CO[Si](CCCNCC(O)Cn1c(=O)n(CC(O)CNCCC[Si](OC)(OC)OC)c(=O)n(CC(O)CP2(=O)Oc3ccccc3-c3ccccc32)c1=O)(OC)OC,,NC1=CC=C(CC2=CC=C(N)C=C2)C=C1,4.0,0.14207816959795969,0.3212515208818075,0.0,0.0,0.257661746711971,2.2610899464066634,0.0,0.0,1.8135210176276875,1,1,0,0,1,1,0,0,0,0,0,160.0,3.2,,24.7,,3.0,,,3.0,35.0,,1149.8,,,93.5,,,164.0,,,16.0,,,59.0,,,105.1,,,,,Virtual screening scenario,,,,,,,,,,,,,,,,,,,,,,,,,,,,,,,
FORM_000053,CAND_018,TDA-trimethoxy-silane,designed,P-N-Si,B,True,True,True,True,True,Candidate,,TDA-trimethoxy-silane,,DDM,DOPO-based (reactive),1,1,P-N-Si,100.00%,0.00%,CO[Si](CCCNCC(O)Cn1c(=O)n(CC(O)CNCCC[Si](OC)(OC)OC)c(=O)n(CC(O)CP2(=O)Oc3ccccc3-c3ccccc32)c1=O)(OC)OC,,NC1=CC=C(CC2=CC=C(N)C=C2)C=C1,6.0,0.21311725439693952,0.4818772813227112,0.0,0.0,0.38649262006795654,2.2610899464066634,0.0,0.0,1.8135210176276877,1,1,0,0,1,1,0,0,0,0,0,160.0,3.2,,24.7,,3.0,,,3.0,35.0,,1149.8,,,93.5,,,164.0,,,16.0,,,59.0,,,105.1,,,,,Virtual screening scenario,,,,,,,,,,,,,,,,,,,,,,,,,,,,,,,
FORM_000054,CAND_018,TDA-trimethoxy-silane,designed,P-N-Si,B,True,True,True,True,True,Candidate,,TDA-trimethoxy-silane,,DDM,DOPO-based (reactive),1,1,P-N-Si,100.00%,0.00%,CO[Si](CCCNCC(O)Cn1c(=O)n(CC(O)CNCCC[Si](OC)(OC)OC)c(=O)n(CC(O)CP2(=O)Oc3ccccc3-c3ccccc32)c1=O)(OC)OC,,NC1=CC=C(CC2=CC=C(N)C=C2)C=C1,10.0,0.35519542399489923,0.8031288022045188,0.0,0.0,0.6441543667799274,2.2610899464066634,0.0,0.0,1.813521017627687,1,1,0,0,1,1,0,0,0,0,0,160.0,3.2,,24.7,,3.0,,,3.0,35.0,,1149.8,,,93.5,,,164.0,,,16.0,,,59.0,,,105.1,,,,,Virtual screening scenario,,,,,,,,,,,,,,,,,,,,,,,,,,,,,,,
FORM_000055,CAND_020,BDHDP-ethylene-glycol-boronate,designed,P-N-B,B,True,True,True,True,True,Candidate,,BDHDP-ethylene-glycol-boronate,,DDM,DOPO-based (additive),0,1,P-N-B,100.00%,0.00%,O=P1(CN(CCO)CCOB(OCCN(CCOB2OCCO2)CP2(=O)Oc3ccccc3-c3ccccc32)OCCN(CCOB(OCCN(CCOB(O)O)CP2(=O)Oc3ccccc3-c3ccccc32)OCCN(CCOB(O)O)CP2(=O)Oc3ccccc3-c3ccccc32)CP2(=O)Oc3ccccc3-c3ccccc32)Oc2ccccc2-c2ccccc21,,NC1=CC=C(CC2=CC=C(N)C=C2)C=C1,3.42,0.28790501432851656,0.13019582668365506,0.0,0.10049812794343387,0.0,0.4522179892813328,0.0,0.3490669593852908,0.0,1,1,0,1,0,1,0,0,0,0,0,160.0,3.2,,24.8,,3.2,,,3.0,35.0,,1184.0,,,87.2,,,159.0,,,17.0,,,62.6,,,97.55,,,,,Virtual screening scenario,,,,,,,,,,,,,,,,,,,,,,,,,,,,,,,
FORM_000056,CAND_020,BDHDP-ethylene-glycol-boronate,designed,P-N-B,B,True,True,True,True,True,Candidate,,BDHDP-ethylene-glycol-boronate,,DDM,DOPO-based (additive),0,1,P-N-B,100.00%,0.00%,O=P1(CN(CCO)CCOB(OCCN(CCOB2OCCO2)CP2(=O)Oc3ccccc3-c3ccccc32)OCCN(CCOB(OCCN(CCOB(O)O)CP2(=O)Oc3ccccc3-c3ccccc32)OCCN(CCOB(O)O)CP2(=O)Oc3ccccc3-c3ccccc32)CP2(=O)Oc3ccccc3-c3ccccc32)Oc2ccccc2-c2ccccc21,,NC1=CC=C(CC2=CC=C(N)C=C2)C=C1,7.0,0.589279269093455,0.2664826861946156,0.0,0.2056979226912389,0.0,0.4522179892813328,0.0,0.3490669593852908,0.0,1,1,0,1,0,1,0,0,0,0,0,160.0,3.2,,24.8,,3.2,,,3.0,35.0,,1184.0,,,87.2,,,159.0,,,17.0,,,62.6,,,97.55,,,,,Virtual screening scenario,,,,,,,,,,,,,,,,,,,,,,,,,,,,,,,
FORM_000057,CAND_020,BDHDP-ethylene-glycol-boronate,designed,P-N-B,B,True,True,True,True,True,Candidate,,BDHDP-ethylene-glycol-boronate,,DDM,DOPO-based (additive),0,1,P-N-B,100.00%,0.00%,O=P1(CN(CCO)CCOB(OCCN(CCOB2OCCO2)CP2(=O)Oc3ccccc3-c3ccccc32)OCCN(CCOB(OCCN(CCOB(O)O)CP2(=O)Oc3ccccc3-c3ccccc32)OCCN(CCOB(O)O)CP2(=O)Oc3ccccc3-c3ccccc32)CP2(=O)Oc3ccccc3-c3ccccc32)Oc2ccccc2-c2ccccc21,,NC1=CC=C(CC2=CC=C(N)C=C2)C=C1,10.0,0.8418275272763642,0.3806895517065938,0.0,0.29385417527319846,0.0,0.45221798928133283,0.0,0.34906695938529086,0.0,1,1,0,1,0,1,0,0,0,0,0,160.0,3.2,,24.8,,3.2,,,3.0,35.0,,1184.0,,,87.2,,,159.0,,,17.0,,,62.6,,,97.55,,,,,Virtual screening scenario,,,,,,,,,,,,,,,,,,,,,,,,,,,,,,,
FORM_000058,CAND_R2_001,APN-DOPO-amino,designed,P-N,B,True,True,True,True,True,Candidate,,APN-DOPO-amino,,DDM,DOPO-based (Co-curing),2,1,P-N,100.00%,0.00%,N#Cc1cc(Oc2cccc(NCP3(=O)Oc4ccccc4-c4ccccc43)c2)cc(N)c1C#N,,NC1=CC=C(CC2=CC=C(N)C=C2)C=C1,4.0,0.2589539511085843,0.4684145403471222,0.0,0.0,0.0,1.808871957125331,0.0,0.0,0.0,1,1,0,0,0,1,0,0,0,0,0,170.0,3.0,,24.0,,3.0,,,3.0,35.0,,1208.0,,,88.0,,,164.3,,,16.5,,,58.7,,,101.3,,,,,Virtual screening scenario,,,,,,,,,,,,,,,,,,,,,,,,,,,,,,,
FORM_000059,CAND_R2_001,APN-DOPO-amino,designed,P-N,B,True,True,True,True,True,Candidate,,APN-DOPO-amino,,DDM,DOPO-based (Co-curing),2,1,P-N,100.00%,0.00%,N#Cc1cc(Oc2cccc(NCP3(=O)Oc4ccccc4-c4ccccc43)c2)cc(N)c1C#N,,NC1=CC=C(CC2=CC=C(N)C=C2)C=C1,6.78,0.43892694712905045,0.7939626458883722,0.0,0.0,0.0,1.808871957125331,0.0,0.0,0.0,1,1,0,0,0,1,0,0,0,0,0,170.0,3.0,,24.0,,3.0,,,3.0,35.0,,1208.0,,,88.0,,,164.3,,,16.5,,,58.7,,,101.3,,,,,Virtual screening scenario,,,,,,,,,,,,,,,,,,,,,,,,,,,,,,,
FORM_000060,CAND_R2_001,APN-DOPO-amino,designed,P-N,B,True,True,True,True,True,Candidate,,APN-DOPO-amino,,DDM,DOPO-based (Co-curing),2,1,P-N,100.00%,0.00%,N#Cc1cc(Oc2cccc(NCP3(=O)Oc4ccccc4-c4ccccc43)c2)cc(N)c1C#N,,NC1=CC=C(CC2=CC=C(N)C=C2)C=C1,10.19,0.6596851904491186,1.1932860415342939,0.0,0.0,0.0,1.808871957125331,0.0,0.0,0.0,1,1,0,0,0,1,0,0,0,0,0,170.0,3.0,,24.0,,3.0,,,3.0,35.0,,1208.0,,,88.0,,,164.3,,,16.5,,,58.7,,,101.3,,,,,Virtual screening scenario,,,,,,,,,,,,,,,,,,,,,,,,,,,,,,,
FORM_000061,CAND_R2_002,APN-DOPO-hydroxy,designed,P-N,B,True,True,True,True,True,Candidate,,APN-DOPO-hydroxy,,DDM,DOPO-based (additive),0,1,P-N,100.00%,0.00%,N#Cc1cc(Oc2cccc(NCP3(=O)Oc4ccccc4-c4ccccc43)c2)cc(O)c1C#N,,NC1=CC=C(CC2=CC=C(N)C=C2)C=C1,3.42,0.22095120893056777,0.29975433429558307,0.0,0.0,0.0,1.3566539678439984,0.0,0.0,0.0,1,1,0,0,0,1,0,0,0,0,0,160.0,3.2,,24.8,,3.2,,,3.0,35.0,,1184.0,,,87.2,,,159.0,,,17.0,,,62.6,,,97.55,,,,,Virtual screening scenario,,,,,,,,,,,,,,,,,,,,,,,,,,,,,,,
FORM_000062,CAND_R2_002,APN-DOPO-hydroxy,designed,P-N,B,True,True,True,True,True,Candidate,,APN-DOPO-hydroxy,,DDM,DOPO-based (additive),0,1,P-N,100.00%,0.00%,N#Cc1cc(Oc2cccc(NCP3(=O)Oc4ccccc4-c4ccccc43)c2)cc(O)c1C#N,,NC1=CC=C(CC2=CC=C(N)C=C2)C=C1,7.0,0.4522393165245539,0.6135322631780941,0.0,0.0,0.0,1.3566539678439986,0.0,0.0,0.0,1,1,0,0,0,1,0,0,0,0,0,160.0,3.2,,24.8,,3.2,,,3.0,35.0,,1184.0,,,87.2,,,159.0,,,17.0,,,62.6,,,97.55,,,,,Virtual screening scenario,,,,,,,,,,,,,,,,,,,,,,,,,,,,,,,
FORM_000063,CAND_R2_002,APN-DOPO-hydroxy,designed,P-N,B,True,True,True,True,True,Candidate,,APN-DOPO-hydroxy,,DDM,DOPO-based (additive),0,1,P-N,100.00%,0.00%,N#Cc1cc(Oc2cccc(NCP3(=O)Oc4ccccc4-c4ccccc43)c2)cc(O)c1C#N,,NC1=CC=C(CC2=CC=C(N)C=C2)C=C1,10.0,0.6460561664636485,0.8764746616829914,0.0,0.0,0.0,1.3566539678439982,0.0,0.0,0.0,1,1,0,0,0,1,0,0,0,0,0,160.0,3.2,,24.8,,3.2,,,3.0,35.0,,1184.0,,,87.2,,,159.0,,,17.0,,,62.6,,,97.55,,,,,Virtual screening scenario,,,,,,,,,,,,,,,,,,,,,,,,,,,,,,,
FORM_000064,CAND_R2_003,APN-DOPO-hydroxymethyl,designed,P-N,B,True,True,True,True,True,Candidate,,APN-DOPO-hydroxymethyl,,DDM,DOPO-based (additive),0,1,P-N,100.00%,0.00%,N#Cc1cc(Oc2cccc(NCP3(=O)Oc4ccccc4-c4ccccc43)c2)cc(CO)c1C#N,,NC1=CC=C(CC2=CC=C(N)C=C2)C=C1,3.42,0.21467047920901222,0.291233557397879,0.0,0.0,0.0,1.3566539678439984,0.0,0.0,0.0,1,1,0,0,0,1,0,0,0,0,0,160.0,3.2,,24.8,,3.2,,,3.0,35.0,,1184.0,,,87.2,,,159.0,,,17.0,,,62.6,,,97.55,,,,,Virtual screening scenario,,,,,,,,,,,,,,,,,,,,,,,,,,,,,,,
FORM_000065,CAND_R2_003,APN-DOPO-hydroxymethyl,designed,P-N,B,True,True,True,True,True,Candidate,,APN-DOPO-hydroxymethyl,,DDM,DOPO-based (additive),0,1,P-N,100.00%,0.00%,N#Cc1cc(Oc2cccc(NCP3(=O)Oc4ccccc4-c4ccccc43)c2)cc(CO)c1C#N,,NC1=CC=C(CC2=CC=C(N)C=C2)C=C1,7.0,0.4393840217728321,0.5960920765453664,0.0,0.0,0.0,1.3566539678439984,0.0,0.0,0.0,1,1,0,0,0,1,0,0,0,0,0,160.0,3.2,,24.8,,3.2,,,3.0,35.0,,1184.0,,,87.2,,,159.0,,,17.0,,,62.6,,,97.55,,,,,Virtual screening scenario,,,,,,,,,,,,,,,,,,,,,,,,,,,,,,,
FORM_000066,CAND_R2_003,APN-DOPO-hydroxymethyl,designed,P-N,B,True,True,True,True,True,Candidate,,APN-DOPO-hydroxymethyl,,DDM,DOPO-based (additive),0,1,P-N,100.00%,0.00%,N#Cc1cc(Oc2cccc(NCP3(=O)Oc4ccccc4-c4ccccc43)c2)cc(CO)c1C#N,,NC1=CC=C(CC2=CC=C(N)C=C2)C=C1,10.0,0.6276914596754744,0.8515601093505234,0.0,0.0,0.0,1.3566539678439984,0.0,0.0,0.0,1,1,0,0,0,1,0,0,0,0,0,160.0,3.2,,24.8,,3.2,,,3.0,35.0,,1184.0,,,87.2,,,159.0,,,17.0,,,62.6,,,97.55,,,,,Virtual screening scenario,,,,,,,,,,,,,,,,,,,,,,,,,,,,,,,
FORM_000067,CAND_R2_004,APN-DOPO-carboxamide,designed,P-N,B,True,True,True,True,True,Candidate,,APN-DOPO-carboxamide,,DDM,DOPO-based (additive),0,1,P-N,100.00%,0.00%,N#Cc1cc(Oc2cccc(NCP3(=O)Oc4ccccc4-c4ccccc43)c2)cc(C(N)=O)c1C#N,,NC1=CC=C(CC2=CC=C(N)C=C2)C=C1,3.42,0.209160641158793,0.37834481832649486,0.0,0.0,0.0,1.8088719571253307,0.0,0.0,0.0,1,1,0,0,0,1,0,0,0,0,0,160.0,3.2,,24.8,,3.2,,,3.0,35.0,,1184.0,,,87.2,,,159.0,,,17.0,,,62.6,,,97.55,,,,,Virtual screening scenario,,,,,,,,,,,,,,,,,,,,,,,,,,,,,,,
FORM_000068,CAND_R2_004,APN-DOPO-carboxamide,designed,P-N,B,True,True,True,True,True,Candidate,,APN-DOPO-carboxamide,,DDM,DOPO-based (additive),0,1,P-N,100.00%,0.00%,N#Cc1cc(Oc2cccc(NCP3(=O)Oc4ccccc4-c4ccccc43)c2)cc(C(N)=O)c1C#N,,NC1=CC=C(CC2=CC=C(N)C=C2)C=C1,7.0,0.42810657547121367,0.7743899790308375,0.0,0.0,0.0,1.808871957125331,0.0,0.0,0.0,1,1,0,0,0,1,0,0,0,0,0,160.0,3.2,,24.8,,3.2,,,3.0,35.0,,1184.0,,,87.2,,,159.0,,,17.0,,,62.6,,,97.55,,,,,Virtual screening scenario,,,,,,,,,,,,,,,,,,,,,,,,,,,,,,,
FORM_000069,CAND_R2_004,APN-DOPO-carboxamide,designed,P-N,B,True,True,True,True,True,Candidate,,APN-DOPO-carboxamide,,DDM,DOPO-based (additive),0,1,P-N,100.00%,0.00%,N#Cc1cc(Oc2cccc(NCP3(=O)Oc4ccccc4-c4ccccc43)c2)cc(C(N)=O)c1C#N,,NC1=CC=C(CC2=CC=C(N)C=C2)C=C1,10.0,0.6115808221017338,1.106271398615482,0.0,0.0,0.0,1.8088719571253307,0.0,0.0,0.0,1,1,0,0,0,1,0,0,0,0,0,160.0,3.2,,24.8,,3.2,,,3.0,35.0,,1184.0,,,87.2,,,159.0,,,17.0,,,62.6,,,97.55,,,,,Virtual screening scenario,,,,,,,,,,,,,,,,,,,,,,,,,,,,,,,
FORM_000070,CAND_R2_005,APN-DOPO-boronic-acid,designed,P-N-B,B,True,True,True,True,True,Candidate,,APN-DOPO-boronic-acid,,DDM,DOPO-based (additive),0,1,P-N-B,100.00%,0.00%,N#Cc1cc(Oc2cccc(NCP3(=O)Oc4ccccc4-c4ccccc43)c2)cc(B(O)O)c1C#N,,NC1=CC=C(CC2=CC=C(N)C=C2)C=C1,3.42,0.2088336543446932,0.28331500578609004,0.0,0.07289692873942089,0.0,1.3566539678439982,0.0,0.3490669593852908,0.0,1,1,0,1,0,1,0,0,0,0,0,160.0,3.2,,24.8,,3.2,,,3.0,35.0,,1184.0,,,87.2,,,159.0,,,17.0,,,62.6,,,97.55,,,,,Virtual screening scenario,,,,,,,,,,,,,,,,,,,,,,,,,,,,,,,
FORM_000071,CAND_R2_005,APN-DOPO-boronic-acid,designed,P-N-B,B,True,True,True,True,True,Candidate,,APN-DOPO-boronic-acid,,DDM,DOPO-based (additive),0,1,P-N-B,100.00%,0.00%,N#Cc1cc(Oc2cccc(NCP3(=O)Oc4ccccc4-c4ccccc43)c2)cc(B(O)O)c1C#N,,NC1=CC=C(CC2=CC=C(N)C=C2)C=C1,7.0,0.4274373042142844,0.579884514766851,0.0,0.1492042401099258,0.0,1.3566539678439982,0.0,0.3490669593852908,0.0,1,1,0,1,0,1,0,0,0,0,0,160.0,3.2,,24.8,,3.2,,,3.0,35.0,,1184.0,,,87.2,,,159.0,,,17.0,,,62.6,,,97.55,,,,,Virtual screening scenario,,,,,,,,,,,,,,,,,,,,,,,,,,,,,,,
FORM_000072,CAND_R2_005,APN-DOPO-boronic-acid,designed,P-N-B,B,True,True,True,True,True,Candidate,,APN-DOPO-boronic-acid,,DDM,DOPO-based (additive),0,1,P-N-B,100.00%,0.00%,N#Cc1cc(Oc2cccc(NCP3(=O)Oc4ccccc4-c4ccccc43)c2)cc(B(O)O)c1C#N,,NC1=CC=C(CC2=CC=C(N)C=C2)C=C1,10.0,0.6106247203061205,0.8284064496669301,0.0,0.21314891444275116,0.0,1.3566539678439984,0.0,0.34906695938529086,0.0,1,1,0,1,0,1,0,0,0,0,0,160.0,3.2,,24.8,,3.2,,,3.0,35.0,,1184.0,,,87.2,,,159.0,,,17.0,,,62.6,,,97.55,,,,,Virtual screening scenario,,,,,,,,,,,,,,,,,,,,,,,,,,,,,,,
FORM_000073,CAND_R2_006,APN-DOPO-pinacol-boronate,designed,P-N-B,B,True,True,True,True,True,Candidate,,APN-DOPO-pinacol-boronate,,DDM,DOPO-based (additive),0,1,P-N-B,100.00%,0.00%,CC1(C)OB(c2cc(Oc3cccc(NCP4(=O)Oc5ccccc5-c5ccccc54)c3)cc(C#N)c2C#N)OC1(C)C,,NC1=CC=C(CC2=CC=C(N)C=C2)C=C1,3.42,0.1797278913872992,0.2438285569828146,0.0,0.06273706856329432,0.0,1.3566539678439982,0.0,0.3490669593852908,0.0,1,1,0,1,0,1,0,0,0,0,0,160.0,3.2,,24.8,,3.2,,,3.0,35.0,,1184.0,,,87.2,,,159.0,,,17.0,,,62.6,,,97.55,,,,,Virtual screening scenario,,,,,,,,,,,,,,,,,,,,,,,,,,,,,,,
FORM_000074,CAND_R2_006,APN-DOPO-pinacol-boronate,designed,P-N-B,B,True,True,True,True,True,Candidate,,APN-DOPO-pinacol-boronate,,DDM,DOPO-based (additive),0,1,P-N-B,100.00%,0.00%,CC1(C)OB(c2cc(Oc3cccc(NCP4(=O)Oc5ccccc5-c5ccccc54)c3)cc(C#N)c2C#N)OC1(C)C,,NC1=CC=C(CC2=CC=C(N)C=C2)C=C1,7.0,0.36786410517868257,0.4990642979180416,0.0,0.12840920466171352,0.0,1.3566539678439982,0.0,0.34906695938529075,0.0,1,1,0,1,0,1,0,0,0,0,0,160.0,3.2,,24.8,,3.2,,,3.0,35.0,,1184.0,,,87.2,,,159.0,,,17.0,,,62.6,,,97.55,,,,,Virtual screening scenario,,,,,,,,,,,,,,,,,,,,,,,,,,,,,,,
FORM_000075,CAND_R2_006,APN-DOPO-pinacol-boronate,designed,P-N-B,B,True,True,True,True,True,Candidate,,APN-DOPO-pinacol-boronate,,DDM,DOPO-based (additive),0,1,P-N-B,100.00%,0.00%,CC1(C)OB(c2cc(Oc3cccc(NCP4(=O)Oc5ccccc5-c5ccccc54)c3)cc(C#N)c2C#N)OC1(C)C,,NC1=CC=C(CC2=CC=C(N)C=C2)C=C1,10.0,0.5255201502552608,0.7129489970257736,0.0,0.18344172094530503,0.0,1.3566539678439982,0.0,0.3490669593852908,0.0,1,1,0,1,0,1,0,0,0,0,0,160.0,3.2,,24.8,,3.2,,,3.0,35.0,,1184.0,,,87.2,,,159.0,,,17.0,,,62.6,,,97.55,,,,,Virtual screening scenario,,,,,,,,,,,,,,,,,,,,,,,,,,,,,,,
FORM_000076,CAND_R2_007,APN-DOPO-trimethoxysilyl,designed,P-N-Si,B,True,True,True,True,True,Candidate,,APN-DOPO-trimethoxysilyl,,DDS,DOPO-based (Additive + Secondary Crosslinking),3,1,P-N-Si,100.00%,0.00%,CO[Si](OC)(OC)c1cc(Oc2cccc(NCP3(=O)Oc4ccccc4-c4ccccc43)c2)cc(C#N)c1C#N,,NC1=CC=C(C=C1)S(=O)(=O)C1=CC=C(N)C=C1,3.5,0.18575494377267127,0.25200518151583323,0.0,0.0,0.16843524732999438,1.3566539678439982,0.0,0.0,0.906760508813844,1,1,0,0,1,1,1,0,0,0,0,250.0,4.0,,22.4,,3.0,,,4.0,35.0,,867.99,,,114.14500000000001,,,180.0,,,16.9,,,52.14,,,95.65,,,,,Virtual screening scenario,,,,,,,,,,,,,,,,,,,,,,,,,,,,,,,
FORM_000077,CAND_R2_007,APN-DOPO-trimethoxysilyl,designed,P-N-Si,B,True,True,True,True,True,Candidate,,APN-DOPO-trimethoxysilyl,,DDS,DOPO-based (Additive + Secondary Crosslinking),3,1,P-N-Si,100.00%,0.00%,CO[Si](OC)(OC)c1cc(Oc2cccc(NCP3(=O)Oc4ccccc4-c4ccccc43)c2)cc(C#N)c1C#N,,NC1=CC=C(C=C1)S(=O)(=O)C1=CC=C(N)C=C1,5.29,0.28075532930212316,0.3808878314910737,0.0,0.0,0.2545778452501915,1.3566539678439982,0.0,0.0,0.906760508813844,1,1,0,0,1,1,1,0,0,0,0,250.0,4.0,,22.4,,3.0,,,4.0,35.0,,867.99,,,114.14500000000001,,,180.0,,,16.9,,,52.14,,,95.65,,,,,Virtual screening scenario,,,,,,,,,,,,,,,,,,,,,,,,,,,,,,,
FORM_000078,CAND_R2_007,APN-DOPO-trimethoxysilyl,designed,P-N-Si,B,True,True,True,True,True,Candidate,,APN-DOPO-trimethoxysilyl,,DDS,DOPO-based (Additive + Secondary Crosslinking),3,1,P-N-Si,100.00%,0.00%,CO[Si](OC)(OC)c1cc(Oc2cccc(NCP3(=O)Oc4ccccc4-c4ccccc43)c2)cc(C#N)c1C#N,,NC1=CC=C(C=C1)S(=O)(=O)C1=CC=C(N)C=C1,10.0,0.5307284107790607,0.7200148043309522,0.0,0.0,0.48124356379998395,1.3566539678439984,0.0,0.0,0.9067605088138441,1,1,0,0,1,1,1,0,0,0,0,250.0,4.0,,22.4,,3.0,,,4.0,35.0,,867.99,,,114.14500000000001,,,180.0,,,16.9,,,52.14,,,95.65,,,,,Virtual screening scenario,,,,,,,,,,,,,,,,,,,,,,,,,,,,,,,
FORM_000079,CAND_R2_008,APN-DOPO-triethoxysilyl,designed,P-N-Si,B,True,True,True,True,True,Candidate,,APN-DOPO-triethoxysilyl,,DDS,DOPO-based (Additive + Secondary Crosslinking),3,1,P-N-Si,100.00%,0.00%,CCO[Si](OCC)(OCC)c1cc(Oc2cccc(NCP3(=O)Oc4ccccc4-c4ccccc43)c2)cc(C#N)c1C#N,,NC1=CC=C(C=C1)S(=O)(=O)C1=CC=C(N)C=C1,3.5,0.17326200986424672,0.2350565931589563,0.0,0.0,0.15710714822261365,1.3566539678439984,0.0,0.0,0.9067605088138442,1,1,0,0,1,1,1,0,0,0,0,250.0,4.0,,22.4,,3.0,,,4.0,35.0,,867.99,,,114.14500000000001,,,180.0,,,16.9,,,52.14,,,95.65,,,,,Virtual screening scenario,,,,,,,,,,,,,,,,,,,,,,,,,,,,,,,
FORM_000080,CAND_R2_008,APN-DOPO-triethoxysilyl,designed,P-N-Si,B,True,True,True,True,True,Candidate,,APN-DOPO-triethoxysilyl,,DDS,DOPO-based (Additive + Secondary Crosslinking),3,1,P-N-Si,100.00%,0.00%,CCO[Si](OCC)(OCC)c1cc(Oc2cccc(NCP3(=O)Oc4ccccc4-c4ccccc43)c2)cc(C#N)c1C#N,,NC1=CC=C(C=C1)S(=O)(=O)C1=CC=C(N)C=C1,5.29,0.26187315205196154,0.35527125080310823,0.0,0.0,0.23745623259932178,1.356653967843998,0.0,0.0,0.906760508813844,1,1,0,0,1,1,1,0,0,0,0,250.0,4.0,,22.4,,3.0,,,4.0,35.0,,867.99,,,114.14500000000001,,,180.0,,,16.9,,,52.14,,,95.65,,,,,Virtual screening scenario,,,,,,,,,,,,,,,,,,,,,,,,,,,,,,,
FORM_000081,CAND_R2_008,APN-DOPO-triethoxysilyl,designed,P-N-Si,B,True,True,True,True,True,Candidate,,APN-DOPO-triethoxysilyl,,DDS,DOPO-based (Additive + Secondary Crosslinking),3,1,P-N-Si,100.00%,0.00%,CCO[Si](OCC)(OCC)c1cc(Oc2cccc(NCP3(=O)Oc4ccccc4-c4ccccc43)c2)cc(C#N)c1C#N,,NC1=CC=C(C=C1)S(=O)(=O)C1=CC=C(N)C=C1,10.0,0.49503431389784786,0.6715902661684465,0.0,0.0,0.4488775663503247,1.3566539678439982,0.0,0.0,0.9067605088138441,1,1,0,0,1,1,1,0,0,0,0,250.0,4.0,,22.4,,3.0,,,4.0,35.0,,867.99,,,114.14500000000001,,,180.0,,,16.9,,,52.14,,,95.65,,,,,Virtual screening scenario,,,,,,,,,,,,,,,,,,,,,,,,,,,,,,,
FORM_000082,CAND_R2_009,APN-DOPO-disiloxane,designed,P-N-Si,B,True,True,True,True,True,Candidate,,APN-DOPO-disiloxane,,DDM,DOPO-based (additive),0,1,P-N-Si,100.00%,0.00%,C[Si](C)(C)O[Si](C)(C)c1cc(Oc2cccc(NCP3(=O)Oc4ccccc4-c4ccccc43)c2)cc(C#N)c1C#N,,NC1=CC=C(CC2=CC=C(N)C=C2)C=C1,3.42,0.17372272541659084,0.23568162474109136,0.0,0.0,0.3150498137825512,1.3566539678439982,0.0,0.0,1.8135210176276877,1,1,0,0,1,1,0,0,0,0,0,160.0,3.2,,24.8,,3.2,,,3.0,35.0,,1184.0,,,87.2,,,159.0,,,17.0,,,62.6,,,97.55,,,,,Virtual screening scenario,,,,,,,,,,,,,,,,,,,,,,,,,,,,,,,
FORM_000083,CAND_R2_009,APN-DOPO-disiloxane,designed,P-N-Si,B,True,True,True,True,True,Candidate,,APN-DOPO-disiloxane,,DDM,DOPO-based (additive),0,1,P-N-Si,100.00%,0.00%,C[Si](C)(C)O[Si](C)(C)c1cc(Oc2cccc(NCP3(=O)Oc4ccccc4-c4ccccc43)c2)cc(C#N)c1C#N,,NC1=CC=C(CC2=CC=C(N)C=C2)C=C1,7.0,0.3555728298000397,0.4823892904057426,0.0,0.0,0.6448388001397247,1.3566539678439984,0.0,0.0,1.8135210176276881,1,1,0,0,1,1,0,0,0,0,0,160.0,3.2,,24.8,,3.2,,,3.0,35.0,,1184.0,,,87.2,,,159.0,,,17.0,,,62.6,,,97.55,,,,,Virtual screening scenario,,,,,,,,,,,,,,,,,,,,,,,,,,,,,,,
FORM_000084,CAND_R2_009,APN-DOPO-disiloxane,designed,P-N-Si,B,True,True,True,True,True,Candidate,,APN-DOPO-disiloxane,,DDM,DOPO-based (additive),0,1,P-N-Si,100.00%,0.00%,C[Si](C)(C)O[Si](C)(C)c1cc(Oc2cccc(NCP3(=O)Oc4ccccc4-c4ccccc43)c2)cc(C#N)c1C#N,,NC1=CC=C(CC2=CC=C(N)C=C2)C=C1,10.0,0.5079611854286281,0.6891275577224895,0.0,0.0,0.9211982859138925,1.3566539678439986,0.0,0.0,1.8135210176276884,1,1,0,0,1,1,0,0,0,0,0,160.0,3.2,,24.8,,3.2,,,3.0,35.0,,1184.0,,,87.2,,,159.0,,,17.0,,,62.6,,,97.55,,,,,Virtual screening scenario,,,,,,,,,,,,,,,,,,,,,,,,,,,,,,,
FORM_000085,CAND_R2_010,APN-DOPO-glycidyloxy,designed,P-N,B,True,True,True,True,True,Candidate,,APN-DOPO-glycidyloxy,,DDM,DOPO-based (Co-curing),2,1,P-N,100.00%,0.00%,N#Cc1cc(Oc2cccc(NCP3(=O)Oc4ccccc4-c4ccccc43)c2)cc(OCC2CO2)c1C#N,,NC1=CC=C(CC2=CC=C(N)C=C2)C=C1,4.0,0.23136680759520137,0.31388469755142884,0.0,0.0,0.0,1.3566539678439982,0.0,0.0,0.0,1,1,0,0,0,1,0,0,0,0,0,170.0,3.0,,24.0,,3.0,,,3.0,35.0,,1208.0,,,88.0,,,164.3,,,16.5,,,58.7,,,101.3,,,,,Virtual screening scenario,,,,,,,,,,,,,,,,,,,,,,,,,,,,,,,
FORM_000086,CAND_R2_010,APN-DOPO-glycidyloxy,designed,P-N,B,True,True,True,True,True,Candidate,,APN-DOPO-glycidyloxy,,DDM,DOPO-based (Co-curing),2,1,P-N,100.00%,0.00%,N#Cc1cc(Oc2cccc(NCP3(=O)Oc4ccccc4-c4ccccc43)c2)cc(OCC2CO2)c1C#N,,NC1=CC=C(CC2=CC=C(N)C=C2)C=C1,6.78,0.3921667388738663,0.532034562349672,0.0,0.0,0.0,1.3566539678439984,0.0,0.0,0.0,1,1,0,0,0,1,0,0,0,0,0,170.0,3.0,,24.0,,3.0,,,3.0,35.0,,1208.0,,,88.0,,,164.3,,,16.5,,,58.7,,,101.3,,,,,Virtual screening scenario,,,,,,,,,,,,,,,,,,,,,,,,,,,,,,,
FORM_000087,CAND_R2_010,APN-DOPO-glycidyloxy,designed,P-N,B,True,True,True,True,True,Candidate,,APN-DOPO-glycidyloxy,,DDM,DOPO-based (Co-curing),2,1,P-N,100.00%,0.00%,N#Cc1cc(Oc2cccc(NCP3(=O)Oc4ccccc4-c4ccccc43)c2)cc(OCC2CO2)c1C#N,,NC1=CC=C(CC2=CC=C(N)C=C2)C=C1,10.19,0.5894069423487754,0.799621267012265,0.0,0.0,0.0,1.3566539678439984,0.0,0.0,0.0,1,1,0,0,0,1,0,0,0,0,0,170.0,3.0,,24.0,,3.0,,,3.0,35.0,,1208.0,,,88.0,,,164.3,,,16.5,,,58.7,,,101.3,,,,,Virtual screening scenario,,,,,,,,,,,,,,,,,,,,,,,,,,,,,,,
FORM_000088,CAND_R2_011,APN-DOPO-diaminotriazine,designed,P-N,B,True,True,True,True,True,Candidate,,APN-DOPO-diaminotriazine,,DDM,DOPO-based (Co-curing),2,1,P-N,100.00%,0.00%,N#Cc1cc(Oc2cccc(NCP3(=O)Oc4ccccc4-c4ccccc43)c2)cc(-c2nc(N)nc(N)n2)c1C#N,,NC1=CC=C(CC2=CC=C(N)C=C2)C=C1,4.0,0.21640277717130257,0.782889830138422,0.0,0.0,0.0,3.6177439142506618,0.0,0.0,0.0,1,1,0,0,0,1,0,0,0,0,0,170.0,3.0,,24.0,,3.0,,,3.0,35.0,,1208.0,,,88.0,,,164.3,,,16.5,,,58.7,,,101.3,,,,,Virtual screening scenario,,,,,,,,,,,,,,,,,,,,,,,,,,,,,,,
FORM_000089,CAND_R2_011,APN-DOPO-diaminotriazine,designed,P-N,B,True,True,True,True,True,Candidate,,APN-DOPO-diaminotriazine,,DDM,DOPO-based (Co-curing),2,1,P-N,100.00%,0.00%,N#Cc1cc(Oc2cccc(NCP3(=O)Oc4ccccc4-c4ccccc43)c2)cc(-c2nc(N)nc(N)n2)c1C#N,,NC1=CC=C(CC2=CC=C(N)C=C2)C=C1,6.78,0.3668027073053579,1.3269982620846252,0.0,0.0,0.0,3.6177439142506613,0.0,0.0,0.0,1,1,0,0,0,1,0,0,0,0,0,170.0,3.0,,24.0,,3.0,,,3.0,35.0,,1208.0,,,88.0,,,164.3,,,16.5,,,58.7,,,101.3,,,,,Virtual screening scenario,,,,,,,,,,,,,,,,,,,,,,,,,,,,,,,
FORM_000090,CAND_R2_011,APN-DOPO-diaminotriazine,designed,P-N,B,True,True,True,True,True,Candidate,,APN-DOPO-diaminotriazine,,DDM,DOPO-based (Co-curing),2,1,P-N,100.00%,0.00%,N#Cc1cc(Oc2cccc(NCP3(=O)Oc4ccccc4-c4ccccc43)c2)cc(-c2nc(N)nc(N)n2)c1C#N,,NC1=CC=C(CC2=CC=C(N)C=C2)C=C1,10.19,0.5512860748438932,1.9944118422776298,0.0,0.0,0.0,3.617743914250662,0.0,0.0,0.0,1,1,0,0,0,1,0,0,0,0,0,170.0,3.0,,24.0,,3.0,,,3.0,35.0,,1208.0,,,88.0,,,164.3,,,16.5,,,58.7,,,101.3,,,,,Virtual screening scenario,,,,,,,,,,,,,,,,,,,,,,,,,,,,,,,
FORM_000091,CAND_R2_012,APN-DOPO-piperazine,designed,P-N,B,True,True,True,True,True,Candidate,,APN-DOPO-piperazine,,DDM,DOPO-based (Co-curing),2,1,P-N,100.00%,0.00%,N#Cc1cc(Oc2cccc(NCP3(=O)Oc4ccccc4-c4ccccc43)c2)cc(N2CCNCC2)c1C#N,,NC1=CC=C(CC2=CC=C(N)C=C2)C=C1,4.0,0.22627133347334966,0.5116198372766205,0.0,0.0,0.0,2.261089946406664,0.0,0.0,0.0,1,1,0,0,0,1,0,0,0,0,0,170.0,3.0,,24.0,,3.0,,,3.0,35.0,,1208.0,,,88.0,,,164.3,,,16.5,,,58.7,,,101.3,,,,,Virtual screening scenario,,,,,,,,,,,,,,,,,,,,,,,,,,,,,,,
FORM_000092,CAND_R2_012,APN-DOPO-piperazine,designed,P-N,B,True,True,True,True,True,Candidate,,APN-DOPO-piperazine,,DDM,DOPO-based (Co-curing),2,1,P-N,100.00%,0.00%,N#Cc1cc(Oc2cccc(NCP3(=O)Oc4ccccc4-c4ccccc43)c2)cc(N2CCNCC2)c1C#N,,NC1=CC=C(CC2=CC=C(N)C=C2)C=C1,6.78,0.3835299102373277,0.8671956241838717,0.0,0.0,0.0,2.2610899464066634,0.0,0.0,0.0,1,1,0,0,0,1,0,0,0,0,0,170.0,3.0,,24.0,,3.0,,,3.0,35.0,,1208.0,,,88.0,,,164.3,,,16.5,,,58.7,,,101.3,,,,,Virtual screening scenario,,,,,,,,,,,,,,,,,,,,,,,,,,,,,,,
FORM_000093,CAND_R2_012,APN-DOPO-piperazine,designed,P-N,B,True,True,True,True,True,Candidate,,APN-DOPO-piperazine,,DDM,DOPO-based (Co-curing),2,1,P-N,100.00%,0.00%,N#Cc1cc(Oc2cccc(NCP3(=O)Oc4ccccc4-c4ccccc43)c2)cc(N2CCNCC2)c1C#N,,NC1=CC=C(CC2=CC=C(N)C=C2)C=C1,10.19,0.5764262220233582,1.3033515354621905,0.0,0.0,0.0,2.2610899464066634,0.0,0.0,0.0,1,1,0,0,0,1,0,0,0,0,0,170.0,3.0,,24.0,,3.0,,,3.0,35.0,,1208.0,,,88.0,,,164.3,,,16.5,,,58.7,,,101.3,,,,,Virtual screening scenario,,,,,,,,,,,,,,,,,,,,,,,,,,,,,,,
FORM_000094,CAND_R2_013,APN-DOPO-benzamide-linker,designed,P-N,B,True,True,True,True,True,Candidate,,APN-DOPO-benzamide-linker,,DDM,DOPO-based (additive),0,1,P-N,100.00%,0.00%,N#Cc1cc(Oc2cccc(NCP3(=O)Oc4ccccc4-c4ccccc43)c2)cc(NC(=O)c2ccccc2)c1C#N,,NC1=CC=C(CC2=CC=C(N)C=C2)C=C1,3.42,0.18183844986576397,0.3289224726893209,0.0,0.0,0.0,1.808871957125331,0.0,0.0,0.0,1,1,0,0,0,1,0,0,0,0,0,160.0,3.2,,24.8,,3.2,,,3.0,35.0,,1184.0,,,87.2,,,159.0,,,17.0,,,62.6,,,97.55,,,,,Virtual screening scenario,,,,,,,,,,,,,,,,,,,,,,,,,,,,,,,
FORM_000095,CAND_R2_013,APN-DOPO-benzamide-linker,designed,P-N,B,True,True,True,True,True,Candidate,,APN-DOPO-benzamide-linker,,DDM,DOPO-based (additive),0,1,P-N,100.00%,0.00%,N#Cc1cc(Oc2cccc(NCP3(=O)Oc4ccccc4-c4ccccc43)c2)cc(NC(=O)c2ccccc2)c1C#N,,NC1=CC=C(CC2=CC=C(N)C=C2)C=C1,7.0,0.37218396171355195,0.673233131235452,0.0,0.0,0.0,1.808871957125331,0.0,0.0,0.0,1,1,0,0,0,1,0,0,0,0,0,160.0,3.2,,24.8,,3.2,,,3.0,35.0,,1184.0,,,87.2,,,159.0,,,17.0,,,62.6,,,97.55,,,,,Virtual screening scenario,,,,,,,,,,,,,,,,,,,,,,,,,,,,,,,
FORM_000096,CAND_R2_013,APN-DOPO-benzamide-linker,designed,P-N,B,True,True,True,True,True,Candidate,,APN-DOPO-benzamide-linker,,DDM,DOPO-based (additive),0,1,P-N,100.00%,0.00%,N#Cc1cc(Oc2cccc(NCP3(=O)Oc4ccccc4-c4ccccc43)c2)cc(NC(=O)c2ccccc2)c1C#N,,NC1=CC=C(CC2=CC=C(N)C=C2)C=C1,10.0,0.5316913738765028,0.9617616160506458,0.0,0.0,0.0,1.8088719571253313,0.0,0.0,0.0,1,1,0,0,0,1,0,0,0,0,0,160.0,3.2,,24.8,,3.2,,,3.0,35.0,,1184.0,,,87.2,,,159.0,,,17.0,,,62.6,,,97.55,,,,,Virtual screening scenario,,,,,,,,,,,,,,,,,,,,,,,,,,,,,,,
FORM_000097,CAND_R2_014,APN-DOPO-phenyl,designed,P-N,B,True,True,True,True,True,Candidate,,APN-DOPO-phenyl,,DDM,DOPO-based (additive),0,1,P-N,100.00%,0.00%,N#Cc1cc(Oc2cccc(NCP3(=O)Oc4ccccc4-c4ccccc43)c2)cc(-c2ccccc2)c1C#N,,NC1=CC=C(CC2=CC=C(N)C=C2)C=C1,3.42,0.19633919088986546,0.26636434236401607,0.0,0.0,0.0,1.3566539678439977,0.0,0.0,0.0,1,1,0,0,0,1,0,0,0,0,0,160.0,3.2,,24.8,,3.2,,,3.0,35.0,,1184.0,,,87.2,,,159.0,,,17.0,,,62.6,,,97.55,,,,,Virtual screening scenario,,,,,,,,,,,,,,,,,,,,,,,,,,,,,,,
FORM_000098,CAND_R2_014,APN-DOPO-phenyl,designed,P-N,B,True,True,True,True,True,Candidate,,APN-DOPO-phenyl,,DDM,DOPO-based (additive),0,1,P-N,100.00%,0.00%,N#Cc1cc(Oc2cccc(NCP3(=O)Oc4ccccc4-c4ccccc43)c2)cc(-c2ccccc2)c1C#N,,NC1=CC=C(CC2=CC=C(N)C=C2)C=C1,7.0,0.4018638410026486,0.5451901744292728,0.0,0.0,0.0,1.356653967843998,0.0,0.0,0.0,1,1,0,0,0,1,0,0,0,0,0,160.0,3.2,,24.8,,3.2,,,3.0,35.0,,1184.0,,,87.2,,,159.0,,,17.0,,,62.6,,,97.55,,,,,Virtual screening scenario,,,,,,,,,,,,,,,,,,,,,,,,,,,,,,,
FORM_000099,CAND_R2_014,APN-DOPO-phenyl,designed,P-N,B,True,True,True,True,True,Candidate,,APN-DOPO-phenyl,,DDM,DOPO-based (additive),0,1,P-N,100.00%,0.00%,N#Cc1cc(Oc2cccc(NCP3(=O)Oc4ccccc4-c4ccccc43)c2)cc(-c2ccccc2)c1C#N,,NC1=CC=C(CC2=CC=C(N)C=C2)C=C1,10.0,0.5740912014323551,0.7788431063275324,0.0,0.0,0.0,1.3566539678439977,0.0,0.0,0.0,1,1,0,0,0,1,0,0,0,0,0,160.0,3.2,,24.8,,3.2,,,3.0,35.0,,1184.0,,,87.2,,,159.0,,,17.0,,,62.6,,,97.55,,,,,Virtual screening scenario,,,,,,,,,,,,,,,,,,,,,,,,,,,,,,,
FORM_000100,CAND_R2_015,APN-DOPO-biphenyl,designed,P-N,B,True,True,True,True,True,Candidate,,APN-DOPO-biphenyl,,DDM,DOPO-based (additive),0,1,P-N,100.00%,0.00%,N#Cc1cc(Oc2cccc(NCP3(=O)Oc4ccccc4-c4ccccc43)c2)cc(-c2ccc(-c3ccccc3)cc2)c1C#N,,NC1=CC=C(CC2=CC=C(N)C=C2)C=C1,3.42,0.17206967183157384,0.23343900303591933,0.0,0.0,0.0,1.3566539678439984,0.0,0.0,0.0,1,1,0,0,0,1,0,0,0,0,0,160.0,3.2,,24.8,,3.2,,,3.0,35.0,,1184.0,,,87.2,,,159.0,,,17.0,,,62.6,,,97.55,,,,,Virtual screening scenario,,,,,,,,,,,,,,,,,,,,,,,,,,,,,,,
FORM_000101,CAND_R2_015,APN-DOPO-biphenyl,designed,P-N,B,True,True,True,True,True,Candidate,,APN-DOPO-biphenyl,,DDM,DOPO-based (additive),0,1,P-N,100.00%,0.00%,N#Cc1cc(Oc2cccc(NCP3(=O)Oc4ccccc4-c4ccccc43)c2)cc(-c2ccc(-c3ccccc3)cc2)c1C#N,,NC1=CC=C(CC2=CC=C(N)C=C2)C=C1,7.0,0.352189386789771,0.47779912902088756,0.0,0.0,0.0,1.3566539678439984,0.0,0.0,0.0,1,1,0,0,0,1,0,0,0,0,0,160.0,3.2,,24.8,,3.2,,,3.0,35.0,,1184.0,,,87.2,,,159.0,,,17.0,,,62.6,,,97.55,,,,,Virtual screening scenario,,,,,,,,,,,,,,,,,,,,,,,,,,,,,,,
FORM_000102,CAND_R2_015,APN-DOPO-biphenyl,designed,P-N,B,True,True,True,True,True,Candidate,,APN-DOPO-biphenyl,,DDM,DOPO-based (additive),0,1,P-N,100.00%,0.00%,N#Cc1cc(Oc2cccc(NCP3(=O)Oc4ccccc4-c4ccccc43)c2)cc(-c2ccc(-c3ccccc3)cc2)c1C#N,,NC1=CC=C(CC2=CC=C(N)C=C2)C=C1,10.0,0.5031276954139586,0.6825701843155536,0.0,0.0,0.0,1.3566539678439984,0.0,0.0,0.0,1,1,0,0,0,1,0,0,0,0,0,160.0,3.2,,24.8,,3.2,,,3.0,35.0,,1184.0,,,87.2,,,159.0,,,17.0,,,62.6,,,97.55,,,,,Virtual screening scenario,,,,,,,,,,,,,,,,,,,,,,,,,,,,,,,
FORM_000103,CAND_R2_016,APN-DOPO-nitrile-to-amide,designed,P-N,B,True,True,True,True,True,Candidate,,APN-DOPO-nitrile-to-amide,,DDM,DOPO-based (additive),0,1,P-N,100.00%,0.00%,N#Cc1ccc(Oc2cccc(NCP3(=O)Oc4ccccc4-c4ccccc43)c2)cc1C(N)=O,,NC1=CC=C(CC2=CC=C(N)C=C2)C=C1,3.42,0.2200260048852627,0.29849915255645454,0.0,0.0,0.0,1.3566539678439982,0.0,0.0,0.0,1,1,0,0,0,1,0,0,0,0,0,160.0,3.2,,24.8,,3.2,,,3.0,35.0,,1184.0,,,87.2,,,159.0,,,17.0,,,62.6,,,97.55,,,,,Virtual screening scenario,,,,,,,,,,,,,,,,,,,,,,,,,,,,,,,
FORM_000104,CAND_R2_016,APN-DOPO-nitrile-to-amide,designed,P-N,B,True,True,True,True,True,Candidate,,APN-DOPO-nitrile-to-amide,,DDM,DOPO-based (additive),0,1,P-N,100.00%,0.00%,N#Cc1ccc(Oc2cccc(NCP3(=O)Oc4ccccc4-c4ccccc43)c2)cc1C(N)=O,,NC1=CC=C(CC2=CC=C(N)C=C2)C=C1,7.0,0.45034562403416345,0.6109631777471293,0.0,0.0,0.0,1.3566539678439982,0.0,0.0,0.0,1,1,0,0,0,1,0,0,0,0,0,160.0,3.2,,24.8,,3.2,,,3.0,35.0,,1184.0,,,87.2,,,159.0,,,17.0,,,62.6,,,97.55,,,,,Virtual screening scenario,,,,,,,,,,,,,,,,,,,,,,,,,,,,,,,
FORM_000105,CAND_R2_016,APN-DOPO-nitrile-to-amide,designed,P-N,B,True,True,True,True,True,Candidate,,APN-DOPO-nitrile-to-amide,,DDM,DOPO-based (additive),0,1,P-N,100.00%,0.00%,N#Cc1ccc(Oc2cccc(NCP3(=O)Oc4ccccc4-c4ccccc43)c2)cc1C(N)=O,,NC1=CC=C(CC2=CC=C(N)C=C2)C=C1,10.0,0.6433508914773763,0.872804539638756,0.0,0.0,0.0,1.3566539678439982,0.0,0.0,0.0,1,1,0,0,0,1,0,0,0,0,0,160.0,3.2,,24.8,,3.2,,,3.0,35.0,,1184.0,,,87.2,,,159.0,,,17.0,,,62.6,,,97.55,,,,,Virtual screening scenario,,,,,,,,,,,,,,,,,,,,,,,,,,,,,,,
FORM_000106,CAND_R2_017,APN-DOPO-nitrile-to-amide-all,designed,P-N,B,True,True,True,True,True,Candidate,,APN-DOPO-nitrile-to-amide-all,,DDM,DOPO-based (additive),0,1,P-N,100.00%,0.00%,NC(=O)c1ccc(Oc2cccc(NCP3(=O)Oc4ccccc4-c4ccccc43)c2)cc1C(N)=O,,NC1=CC=C(CC2=CC=C(N)C=C2)C=C1,3.42,0.21208994460050082,0.28773266488208327,0.0,0.0,0.0,1.3566539678439986,0.0,0.0,0.0,1,1,0,0,0,1,0,0,0,0,0,160.0,3.2,,24.8,,3.2,,,3.0,35.0,,1184.0,,,87.2,,,159.0,,,17.0,,,62.6,,,97.55,,,,,Virtual screening scenario,,,,,,,,,,,,,,,,,,,,,,,,,,,,,,,
FORM_000107,CAND_R2_017,APN-DOPO-nitrile-to-amide-all,designed,P-N,B,True,True,True,True,True,Candidate,,APN-DOPO-nitrile-to-amide-all,,DDM,DOPO-based (additive),0,1,P-N,100.00%,0.00%,NC(=O)c1ccc(Oc2cccc(NCP3(=O)Oc4ccccc4-c4ccccc43)c2)cc1C(N)=O,,NC1=CC=C(CC2=CC=C(N)C=C2)C=C1,7.0,0.4341022257904988,0.5889265070685914,0.0,0.0,0.0,1.3566539678439982,0.0,0.0,0.0,1,1,0,0,0,1,0,0,0,0,0,160.0,3.2,,24.8,,3.2,,,3.0,35.0,,1184.0,,,87.2,,,159.0,,,17.0,,,62.6,,,97.55,,,,,Virtual screening scenario,,,,,,,,,,,,,,,,,,,,,,,,,,,,,,,
FORM_000108,CAND_R2_017,APN-DOPO-nitrile-to-amide-all,designed,P-N,B,True,True,True,True,True,Candidate,,APN-DOPO-nitrile-to-amide-all,,DDM,DOPO-based (additive),0,1,P-N,100.00%,0.00%,NC(=O)c1ccc(Oc2cccc(NCP3(=O)Oc4ccccc4-c4ccccc43)c2)cc1C(N)=O,,NC1=CC=C(CC2=CC=C(N)C=C2)C=C1,10.0,0.6201460368435697,0.8413235815265593,0.0,0.0,0.0,1.3566539678439984,0.0,0.0,0.0,1,1,0,0,0,1,0,0,0,0,0,160.0,3.2,,24.8,,3.2,,,3.0,35.0,,1184.0,,,87.2,,,159.0,,,17.0,,,62.6,,,97.55,,,,,Virtual screening scenario,,,,,,,,,,,,,,,,,,,,,,,,,,,,,,,
FORM_000109,CAND_R2_018,APN-DOPO-nitrile-to-acid,designed,P-N,B,True,True,True,True,True,Candidate,,APN-DOPO-nitrile-to-acid,,DDM,DOPO-based (additive),0,1,P-N,100.00%,0.00%,N#Cc1cc(Oc2cccc(NCP3(=O)Oc4ccccc4-c4ccccc43)c2)ccc1C(=O)O,,NC1=CC=C(CC2=CC=C(N)C=C2)C=C1,3.42,0.2195772253913504,0.19859354271690102,0.0,0.0,0.0,0.9044359785626658,0.0,0.0,0.0,1,1,0,0,0,1,0,0,0,0,0,160.0,3.2,,24.8,,3.2,,,3.0,35.0,,1184.0,,,87.2,,,159.0,,,17.0,,,62.6,,,97.55,,,,,Virtual screening scenario,,,,,,,,,,,,,,,,,,,,,,,,,,,,,,,
FORM_000110,CAND_R2_018,APN-DOPO-nitrile-to-acid,designed,P-N,B,True,True,True,True,True,Candidate,,APN-DOPO-nitrile-to-acid,,DDM,DOPO-based (additive),0,1,P-N,100.00%,0.00%,N#Cc1cc(Oc2cccc(NCP3(=O)Oc4ccccc4-c4ccccc43)c2)ccc1C(=O)O,,NC1=CC=C(CC2=CC=C(N)C=C2)C=C1,7.0,0.44942706951445993,0.40647801140886175,0.0,0.0,0.0,0.9044359785626657,0.0,0.0,0.0,1,1,0,0,0,1,0,0,0,0,0,160.0,3.2,,24.8,,3.2,,,3.0,35.0,,1184.0,,,87.2,,,159.0,,,17.0,,,62.6,,,97.55,,,,,Virtual screening scenario,,,,,,,,,,,,,,,,,,,,,,,,,,,,,,,
FORM_000111,CAND_R2_018,APN-DOPO-nitrile-to-acid,designed,P-N,B,True,True,True,True,True,Candidate,,APN-DOPO-nitrile-to-acid,,DDM,DOPO-based (additive),0,1,P-N,100.00%,0.00%,N#Cc1cc(Oc2cccc(NCP3(=O)Oc4ccccc4-c4ccccc43)c2)ccc1C(=O)O,,NC1=CC=C(CC2=CC=C(N)C=C2)C=C1,10.0,0.6420386707349428,0.580682873441231,0.0,0.0,0.0,0.9044359785626656,0.0,0.0,0.0,1,1,0,0,0,1,0,0,0,0,0,160.0,3.2,,24.8,,3.2,,,3.0,35.0,,1184.0,,,87.2,,,159.0,,,17.0,,,62.6,,,97.55,,,,,Virtual screening scenario,,,,,,,,,,,,,,,,,,,,,,,,,,,,,,,
FORM_000112,CAND_R2_019,APN-DOPO-nitrile-to-acid-2,designed,P-N,B,True,True,True,True,True,Candidate,,APN-DOPO-nitrile-to-acid-2,,DDM,DOPO-based (additive),0,1,P-N,100.00%,0.00%,N#Cc1ccc(Oc2cccc(NCP3(=O)Oc4ccccc4-c4ccccc43)c2)cc1C(=O)O,,NC1=CC=C(CC2=CC=C(N)C=C2)C=C1,3.42,0.2195772253913504,0.19859354271690097,0.0,0.0,0.0,0.9044359785626654,0.0,0.0,0.0,1,1,0,0,0,1,0,0,0,0,0,160.0,3.2,,24.8,,3.2,,,3.0,35.0,,1184.0,,,87.2,,,159.0,,,17.0,,,62.6,,,97.55,,,,,Virtual screening scenario,,,,,,,,,,,,,,,,,,,,,,,,,,,,,,,
FORM_000113,CAND_R2_019,APN-DOPO-nitrile-to-acid-2,designed,P-N,B,True,True,True,True,True,Candidate,,APN-DOPO-nitrile-to-acid-2,,DDM,DOPO-based (additive),0,1,P-N,100.00%,0.00%,N#Cc1ccc(Oc2cccc(NCP3(=O)Oc4ccccc4-c4ccccc43)c2)cc1C(=O)O,,NC1=CC=C(CC2=CC=C(N)C=C2)C=C1,7.0,0.44942706951445993,0.40647801140886164,0.0,0.0,0.0,0.9044359785626654,0.0,0.0,0.0,1,1,0,0,0,1,0,0,0,0,0,160.0,3.2,,24.8,,3.2,,,3.0,35.0,,1184.0,,,87.2,,,159.0,,,17.0,,,62.6,,,97.55,,,,,Virtual screening scenario,,,,,,,,,,,,,,,,,,,,,,,,,,,,,,,
FORM_000114,CAND_R2_019,APN-DOPO-nitrile-to-acid-2,designed,P-N,B,True,True,True,True,True,Candidate,,APN-DOPO-nitrile-to-acid-2,,DDM,DOPO-based (additive),0,1,P-N,100.00%,0.00%,N#Cc1ccc(Oc2cccc(NCP3(=O)Oc4ccccc4-c4ccccc43)c2)cc1C(=O)O,,NC1=CC=C(CC2=CC=C(N)C=C2)C=C1,10.0,0.6420386707349428,0.5806828734412309,0.0,0.0,0.0,0.9044359785626654,0.0,0.0,0.0,1,1,0,0,0,1,0,0,0,0,0,160.0,3.2,,24.8,,3.2,,,3.0,35.0,,1184.0,,,87.2,,,159.0,,,17.0,,,62.6,,,97.55,,,,,Virtual screening scenario,,,,,,,,,,,,,,,,,,,,,,,,,,,,,,,
FORM_000115,CAND_R2_020,APN-DOPO-nitrile-to-acid-all,designed,P-N,B,True,True,True,True,True,Candidate,,APN-DOPO-nitrile-to-acid-all,,DDM,DOPO-based (additive),0,1,P-N,100.00%,0.00%,O=C(O)c1ccc(Oc2cccc(NCP3(=O)Oc4ccccc4-c4ccccc43)c2)cc1C(=O)O,,NC1=CC=C(CC2=CC=C(N)C=C2)C=C1,3.42,0.21125754091789287,0.09553446037440841,0.0,0.0,0.0,0.45221798928133283,0.0,0.0,0.0,1,1,0,0,0,1,0,0,0,0,0,160.0,3.2,,24.8,,3.2,,,3.0,35.0,,1184.0,,,87.2,,,159.0,,,17.0,,,62.6,,,97.55,,,,,Virtual screening scenario,,,,,,,,,,,,,,,,,,,,,,,,,,,,,,,
FORM_000116,CAND_R2_020,APN-DOPO-nitrile-to-acid-all,designed,P-N,B,True,True,True,True,True,Candidate,,APN-DOPO-nitrile-to-acid-all,,DDM,DOPO-based (additive),0,1,P-N,100.00%,0.00%,O=C(O)c1ccc(Oc2cccc(NCP3(=O)Oc4ccccc4-c4ccccc43)c2)cc1C(=O)O,,NC1=CC=C(CC2=CC=C(N)C=C2)C=C1,7.0,0.4323984755629386,0.19553836918738562,0.0,0.0,0.0,0.45221798928133283,0.0,0.0,0.0,1,1,0,0,0,1,0,0,0,0,0,160.0,3.2,,24.8,,3.2,,,3.0,35.0,,1184.0,,,87.2,,,159.0,,,17.0,,,62.6,,,97.55,,,,,Virtual screening scenario,,,,,,,,,,,,,,,,,,,,,,,,,,,,,,,
FORM_000117,CAND_R2_020,APN-DOPO-nitrile-to-acid-all,designed,P-N,B,True,True,True,True,True,Candidate,,APN-DOPO-nitrile-to-acid-all,,DDM,DOPO-based (additive),0,1,P-N,100.00%,0.00%,O=C(O)c1ccc(Oc2cccc(NCP3(=O)Oc4ccccc4-c4ccccc43)c2)cc1C(=O)O,,NC1=CC=C(CC2=CC=C(N)C=C2)C=C1,10.0,0.6177121079470552,0.27934052741055093,0.0,0.0,0.0,0.45221798928133283,0.0,0.0,0.0,1,1,0,0,0,1,0,0,0,0,0,160.0,3.2,,24.8,,3.2,,,3.0,35.0,,1184.0,,,87.2,,,159.0,,,17.0,,,62.6,,,97.55,,,,,Virtual screening scenario,,,,,,,,,,,,,,,,,,,,,,,,,,,,,,,
FORM_000118,CAND_R2_021,APN-DOPO-nitrile-to-aminomethyl,designed,P-N,B,True,True,True,True,True,Candidate,,APN-DOPO-nitrile-to-aminomethyl,,DDM,DOPO-based (Co-curing),2,1,P-N,100.00%,0.00%,N#Cc1cc(Oc2cccc(NCP3(=O)Oc4ccccc4-c4ccccc43)c2)ccc1CN,,NC1=CC=C(CC2=CC=C(N)C=C2)C=C1,4.0,0.2650380242371086,0.35956488721080715,0.0,0.0,0.0,1.3566539678439982,0.0,0.0,0.0,1,1,0,0,0,1,0,0,0,0,0,170.0,3.0,,24.0,,3.0,,,3.0,35.0,,1208.0,,,88.0,,,164.3,,,16.5,,,58.7,,,101.3,,,,,Virtual screening scenario,,,,,,,,,,,,,,,,,,,,,,,,,,,,,,,
FORM_000119,CAND_R2_021,APN-DOPO-nitrile-to-aminomethyl,designed,P-N,B,True,True,True,True,True,Candidate,,APN-DOPO-nitrile-to-aminomethyl,,DDM,DOPO-based (Co-curing),2,1,P-N,100.00%,0.00%,N#Cc1cc(Oc2cccc(NCP3(=O)Oc4ccccc4-c4ccccc43)c2)ccc1CN,,NC1=CC=C(CC2=CC=C(N)C=C2)C=C1,6.78,0.44923945108189905,0.6094624838223182,0.0,0.0,0.0,1.3566539678439984,0.0,0.0,0.0,1,1,0,0,0,1,0,0,0,0,0,170.0,3.0,,24.0,,3.0,,,3.0,35.0,,1208.0,,,88.0,,,164.3,,,16.5,,,58.7,,,101.3,,,,,Virtual screening scenario,,,,,,,,,,,,,,,,,,,,,,,,,,,,,,,
FORM_000120,CAND_R2_021,APN-DOPO-nitrile-to-aminomethyl,designed,P-N,B,True,True,True,True,True,Candidate,,APN-DOPO-nitrile-to-aminomethyl,,DDM,DOPO-based (Co-curing),2,1,P-N,100.00%,0.00%,N#Cc1cc(Oc2cccc(NCP3(=O)Oc4ccccc4-c4ccccc43)c2)ccc1CN,,NC1=CC=C(CC2=CC=C(N)C=C2)C=C1,10.19,0.675184366744034,0.9159915501695312,0.0,0.0,0.0,1.3566539678439984,0.0,0.0,0.0,1,1,0,0,0,1,0,0,0,0,0,170.0,3.0,,24.0,,3.0,,,3.0,35.0,,1208.0,,,88.0,,,164.3,,,16.5,,,58.7,,,101.3,,,,,Virtual screening scenario,,,,,,,,,,,,,,,,,,,,,,,,,,,,,,,
FORM_000121,CAND_R2_022,APN-DOPO-nitrile-to-aminomethyl-2,designed,P-N,B,True,True,True,True,True,Candidate,,APN-DOPO-nitrile-to-aminomethyl-2,,DDM,DOPO-based (Co-curing),2,1,P-N,100.00%,0.00%,N#Cc1ccc(Oc2cccc(NCP3(=O)Oc4ccccc4-c4ccccc43)c2)cc1CN,,NC1=CC=C(CC2=CC=C(N)C=C2)C=C1,4.0,0.26503802423710854,0.3595648872108071,0.0,0.0,0.0,1.3566539678439984,0.0,0.0,0.0,1,1,0,0,0,1,0,0,0,0,0,170.0,3.0,,24.0,,3.0,,,3.0,35.0,,1208.0,,,88.0,,,164.3,,,16.5,,,58.7,,,101.3,,,,,Virtual screening scenario,,,,,,,,,,,,,,,,,,,,,,,,,,,,,,,
FORM_000122,CAND_R2_022,APN-DOPO-nitrile-to-aminomethyl-2,designed,P-N,B,True,True,True,True,True,Candidate,,APN-DOPO-nitrile-to-aminomethyl-2,,DDM,DOPO-based (Co-curing),2,1,P-N,100.00%,0.00%,N#Cc1ccc(Oc2cccc(NCP3(=O)Oc4ccccc4-c4ccccc43)c2)cc1CN,,NC1=CC=C(CC2=CC=C(N)C=C2)C=C1,6.78,0.449239451081899,0.609462483822318,0.0,0.0,0.0,1.3566539678439984,0.0,0.0,0.0,1,1,0,0,0,1,0,0,0,0,0,170.0,3.0,,24.0,,3.0,,,3.0,35.0,,1208.0,,,88.0,,,164.3,,,16.5,,,58.7,,,101.3,,,,,Virtual screening scenario,,,,,,,,,,,,,,,,,,,,,,,,,,,,,,,
FORM_000123,CAND_R2_022,APN-DOPO-nitrile-to-aminomethyl-2,designed,P-N,B,True,True,True,True,True,Candidate,,APN-DOPO-nitrile-to-aminomethyl-2,,DDM,DOPO-based (Co-curing),2,1,P-N,100.00%,0.00%,N#Cc1ccc(Oc2cccc(NCP3(=O)Oc4ccccc4-c4ccccc43)c2)cc1CN,,NC1=CC=C(CC2=CC=C(N)C=C2)C=C1,10.19,0.675184366744034,0.915991550169531,0.0,0.0,0.0,1.3566539678439982,0.0,0.0,0.0,1,1,0,0,0,1,0,0,0,0,0,170.0,3.0,,24.0,,3.0,,,3.0,35.0,,1208.0,,,88.0,,,164.3,,,16.5,,,58.7,,,101.3,,,,,Virtual screening scenario,,,,,,,,,,,,,,,,,,,,,,,,,,,,,,,
FORM_000124,CAND_R2_023,APN-DOPO-nitrile-to-aminomethyl-all,designed,P-N,B,True,True,True,True,True,Candidate,,APN-DOPO-nitrile-to-aminomethyl-all,,DDM,DOPO-based (Co-curing),2,1,P-N,100.00%,0.00%,NCc1ccc(Oc2cccc(NCP3(=O)Oc4ccccc4-c4ccccc43)c2)cc1CN,,NC1=CC=C(CC2=CC=C(N)C=C2)C=C1,4.0,0.2627715552803092,0.3564900731075701,0.0,0.0,0.0,1.3566539678439984,0.0,0.0,0.0,1,1,0,0,0,1,0,0,0,0,0,170.0,3.0,,24.0,,3.0,,,3.0,35.0,,1208.0,,,88.0,,,164.3,,,16.5,,,58.7,,,101.3,,,,,Virtual screening scenario,,,,,,,,,,,,,,,,,,,,,,,,,,,,,,,
FORM_000125,CAND_R2_023,APN-DOPO-nitrile-to-aminomethyl-all,designed,P-N,B,True,True,True,True,True,Candidate,,APN-DOPO-nitrile-to-aminomethyl-all,,DDM,DOPO-based (Co-curing),2,1,P-N,100.00%,0.00%,NCc1ccc(Oc2cccc(NCP3(=O)Oc4ccccc4-c4ccccc43)c2)cc1CN,,NC1=CC=C(CC2=CC=C(N)C=C2)C=C1,6.78,0.44539778620012416,0.6042506739173313,0.0,0.0,0.0,1.3566539678439984,0.0,0.0,0.0,1,1,0,0,0,1,0,0,0,0,0,170.0,3.0,,24.0,,3.0,,,3.0,35.0,,1208.0,,,88.0,,,164.3,,,16.5,,,58.7,,,101.3,,,,,Virtual screening scenario,,,,,,,,,,,,,,,,,,,,,,,,,,,,,,,
FORM_000126,CAND_R2_023,APN-DOPO-nitrile-to-aminomethyl-all,designed,P-N,B,True,True,True,True,True,Candidate,,APN-DOPO-nitrile-to-aminomethyl-all,,DDM,DOPO-based (Co-curing),2,1,P-N,100.00%,0.00%,NCc1ccc(Oc2cccc(NCP3(=O)Oc4ccccc4-c4ccccc43)c2)cc1CN,,NC1=CC=C(CC2=CC=C(N)C=C2)C=C1,10.19,0.6694105370765877,0.9081584612415347,0.0,0.0,0.0,1.3566539678439984,0.0,0.0,0.0,1,1,0,0,0,1,0,0,0,0,0,170.0,3.0,,24.0,,3.0,,,3.0,35.0,,1208.0,,,88.0,,,164.3,,,16.5,,,58.7,,,101.3,,,,,Virtual screening scenario,,,,,,,,,,,,,,,,,,,,,,,,,,,,,,,
FORM_000127,CAND_R2_024,APN-DOPO-NH-methyl,designed,P-N,B,True,True,True,True,True,Candidate,,APN-DOPO-NH-methyl,,DDM,DOPO-based (additive),0,1,P-N,100.00%,0.00%,CN(CP1(=O)Oc2ccccc2-c2ccccc21)c1cccc(Oc2ccc(C#N)c(C#N)c2)c1,,NC1=CC=C(CC2=CC=C(N)C=C2)C=C1,3.42,0.2218637791647467,0.30099237632471815,0.0,0.0,0.0,1.356653967843998,0.0,0.0,0.0,1,1,0,0,0,1,0,0,0,0,0,160.0,3.2,,24.8,,3.2,,,3.0,35.0,,1184.0,,,87.2,,,159.0,,,17.0,,,62.6,,,97.55,,,,,Virtual screening scenario,,,,,,,,,,,,,,,,,,,,,,,,,,,,,,,
FORM_000128,CAND_R2_024,APN-DOPO-NH-methyl,designed,P-N,B,True,True,True,True,True,Candidate,,APN-DOPO-NH-methyl,,DDM,DOPO-based (additive),0,1,P-N,100.00%,0.00%,CN(CP1(=O)Oc2ccccc2-c2ccccc21)c1cccc(Oc2ccc(C#N)c(C#N)c2)c1,,NC1=CC=C(CC2=CC=C(N)C=C2)C=C1,7.0,0.4541071503372008,0.6160662673312944,0.0,0.0,0.0,1.3566539678439982,0.0,0.0,0.0,1,1,0,0,0,1,0,0,0,0,0,160.0,3.2,,24.8,,3.2,,,3.0,35.0,,1184.0,,,87.2,,,159.0,,,17.0,,,62.6,,,97.55,,,,,Virtual screening scenario,,,,,,,,,,,,,,,,,,,,,,,,,,,,,,,
FORM_000129,CAND_R2_024,APN-DOPO-NH-methyl,designed,P-N,B,True,True,True,True,True,Candidate,,APN-DOPO-NH-methyl,,DDM,DOPO-based (additive),0,1,P-N,100.00%,0.00%,CN(CP1(=O)Oc2ccccc2-c2ccccc21)c1cccc(Oc2ccc(C#N)c(C#N)c2)c1,,NC1=CC=C(CC2=CC=C(N)C=C2)C=C1,10.0,0.6487245004817155,0.8800946676161349,0.0,0.0,0.0,1.356653967843998,0.0,0.0,0.0,1,1,0,0,0,1,0,0,0,0,0,160.0,3.2,,24.8,,3.2,,,3.0,35.0,,1184.0,,,87.2,,,159.0,,,17.0,,,62.6,,,97.55,,,,,Virtual screening scenario,,,,,,,,,,,,,,,,,,,,,,,,,,,,,,,
FORM_000130,CAND_R2_025,APN-DOPO-NH-hydroxyethyl,designed,P-N,B,True,True,True,True,True,Candidate,,APN-DOPO-NH-hydroxyethyl,,DDM,DOPO-based (additive),0,1,P-N,100.00%,0.00%,N#Cc1ccc(Oc2cccc(N(CCO)CP3(=O)Oc4ccccc4-c4ccccc43)c2)cc1C#N,,NC1=CC=C(CC2=CC=C(N)C=C2)C=C1,3.42,0.20873695037892662,0.2831838119672266,0.0,0.0,0.0,1.3566539678439984,0.0,0.0,0.0,1,1,0,0,0,1,0,0,0,0,0,160.0,3.2,,24.8,,3.2,,,3.0,35.0,,1184.0,,,87.2,,,159.0,,,17.0,,,62.6,,,97.55,,,,,Virtual screening scenario,,,,,,,,,,,,,,,,,,,,,,,,,,,,,,,
FORM_000131,CAND_R2_025,APN-DOPO-NH-hydroxyethyl,designed,P-N,B,True,True,True,True,True,Candidate,,APN-DOPO-NH-hydroxyethyl,,DDM,DOPO-based (additive),0,1,P-N,100.00%,0.00%,N#Cc1ccc(Oc2cccc(N(CCO)CP3(=O)Oc4ccccc4-c4ccccc43)c2)cc1C#N,,NC1=CC=C(CC2=CC=C(N)C=C2)C=C1,7.0,0.42723937212061003,0.5796159894066041,0.0,0.0,0.0,1.3566539678439982,0.0,0.0,0.0,1,1,0,0,0,1,0,0,0,0,0,160.0,3.2,,24.8,,3.2,,,3.0,35.0,,1184.0,,,87.2,,,159.0,,,17.0,,,62.6,,,97.55,,,,,Virtual screening scenario,,,,,,,,,,,,,,,,,,,,,,,,,,,,,,,
FORM_000132,CAND_R2_025,APN-DOPO-NH-hydroxyethyl,designed,P-N,B,True,True,True,True,True,Candidate,,APN-DOPO-NH-hydroxyethyl,,DDM,DOPO-based (additive),0,1,P-N,100.00%,0.00%,N#Cc1ccc(Oc2cccc(N(CCO)CP3(=O)Oc4ccccc4-c4ccccc43)c2)cc1C#N,,NC1=CC=C(CC2=CC=C(N)C=C2)C=C1,10.0,0.6103419601723001,0.8280228420094344,0.0,0.0,0.0,1.3566539678439982,0.0,0.0,0.0,1,1,0,0,0,1,0,0,0,0,0,160.0,3.2,,24.8,,3.2,,,3.0,35.0,,1184.0,,,87.2,,,159.0,,,17.0,,,62.6,,,97.55,,,,,Virtual screening scenario,,,,,,,,,,,,,,,,,,,,,,,,,,,,,,,
FORM_000133,CAND_R2_026,APN-DOPO-NH-glycidyl,designed,P-N,B,True,True,True,True,True,Candidate,,APN-DOPO-NH-glycidyl,,DDM,DOPO-based (Co-curing),2,1,P-N,100.00%,0.00%,N#Cc1ccc(Oc2cccc(N(CC3CO3)CP3(=O)Oc4ccccc4-c4ccccc43)c2)cc1C#N,,NC1=CC=C(CC2=CC=C(N)C=C2)C=C1,4.0,0.23849223383388155,0.32355143533071407,0.0,0.0,0.0,1.3566539678439984,0.0,0.0,0.0,1,1,0,0,0,1,0,0,0,0,0,170.0,3.0,,24.0,,3.0,,,3.0,35.0,,1208.0,,,88.0,,,164.3,,,16.5,,,58.7,,,101.3,,,,,Virtual screening scenario,,,,,,,,,,,,,,,,,,,,,,,,,,,,,,,
FORM_000134,CAND_R2_026,APN-DOPO-NH-glycidyl,designed,P-N,B,True,True,True,True,True,Candidate,,APN-DOPO-NH-glycidyl,,DDM,DOPO-based (Co-curing),2,1,P-N,100.00%,0.00%,N#Cc1ccc(Oc2cccc(N(CC3CO3)CP3(=O)Oc4ccccc4-c4ccccc43)c2)cc1C#N,,NC1=CC=C(CC2=CC=C(N)C=C2)C=C1,6.78,0.4042443363484292,0.5484196828855603,0.0,0.0,0.0,1.3566539678439984,0.0,0.0,0.0,1,1,0,0,0,1,0,0,0,0,0,170.0,3.0,,24.0,,3.0,,,3.0,35.0,,1208.0,,,88.0,,,164.3,,,16.5,,,58.7,,,101.3,,,,,Virtual screening scenario,,,,,,,,,,,,,,,,,,,,,,,,,,,,,,,
FORM_000135,CAND_R2_026,APN-DOPO-NH-glycidyl,designed,P-N,B,True,True,True,True,True,Candidate,,APN-DOPO-NH-glycidyl,,DDM,DOPO-based (Co-curing),2,1,P-N,100.00%,0.00%,N#Cc1ccc(Oc2cccc(N(CC3CO3)CP3(=O)Oc4ccccc4-c4ccccc43)c2)cc1C#N,,NC1=CC=C(CC2=CC=C(N)C=C2)C=C1,10.19,0.6075589656918132,0.824247281504994,0.0,0.0,0.0,1.3566539678439984,0.0,0.0,0.0,1,1,0,0,0,1,0,0,0,0,0,170.0,3.0,,24.0,,3.0,,,3.0,35.0,,1208.0,,,88.0,,,164.3,,,16.5,,,58.7,,,101.3,,,,,Virtual screening scenario,,,,,,,,,,,,,,,,,,,,,,,,,,,,,,,
FORM_000136,CAND_R2_044,PBD-amino,designed,P-N,B,True,True,True,True,True,Candidate,,PBD-amino,,DDM,DOPO-based (Co-curing),2,1,P-N,100.00%,0.00%,N#Cc1ccc(Oc2cccc(NC(c3ccc(C(Nc4cccc(Oc5cc(N)c(C#N)c(C#N)c5)c4)P4(=O)Oc5ccccc5-c5ccccc54)cc3)P3(=O)Oc4ccccc4-c4ccccc43)c2)cc1C#N,,NC1=CC=C(CC2=CC=C(N)C=C2)C=C1,4.0,0.24389864591525473,0.38603374335482693,0.0,0.0,0.0,1.582762962484665,0.0,0.0,0.0,1,1,0,0,0,1,0,0,0,0,0,170.0,3.0,,24.0,,3.0,,,3.0,35.0,,1208.0,,,88.0,,,164.3,,,16.5,,,58.7,,,101.3,,,,,Virtual screening scenario,,,,,,,,,,,,,,,,,,,,,,,,,,,,,,,
FORM_000137,CAND_R2_044,PBD-amino,designed,P-N,B,True,True,True,True,True,Candidate,,PBD-amino,,DDM,DOPO-based (Co-curing),2,1,P-N,100.00%,0.00%,N#Cc1ccc(Oc2cccc(NC(c3ccc(C(Nc4cccc(Oc5cc(N)c(C#N)c(C#N)c5)c4)P4(=O)Oc5ccccc5-c5ccccc54)cc3)P3(=O)Oc4ccccc4-c4ccccc43)c2)cc1C#N,,NC1=CC=C(CC2=CC=C(N)C=C2)C=C1,6.78,0.41340820482635676,0.6543271949864317,0.0,0.0,0.0,1.582762962484665,0.0,0.0,0.0,1,1,0,0,0,1,0,0,0,0,0,170.0,3.0,,24.0,,3.0,,,3.0,35.0,,1208.0,,,88.0,,,164.3,,,16.5,,,58.7,,,101.3,,,,,Virtual screening scenario,,,,,,,,,,,,,,,,,,,,,,,,,,,,,,,
FORM_000138,CAND_R2_044,PBD-amino,designed,P-N,B,True,True,True,True,True,Candidate,,PBD-amino,,DDM,DOPO-based (Co-curing),2,1,P-N,100.00%,0.00%,N#Cc1ccc(Oc2cccc(NC(c3ccc(C(Nc4cccc(Oc5cc(N)c(C#N)c(C#N)c5)c4)P4(=O)Oc5ccccc5-c5ccccc54)cc3)P3(=O)Oc4ccccc4-c4ccccc43)c2)cc1C#N,,NC1=CC=C(CC2=CC=C(N)C=C2)C=C1,10.19,0.6213318004691114,0.9834209611964215,0.0,0.0,0.0,1.582762962484665,0.0,0.0,0.0,1,1,0,0,0,1,0,0,0,0,0,170.0,3.0,,24.0,,3.0,,,3.0,35.0,,1208.0,,,88.0,,,164.3,,,16.5,,,58.7,,,101.3,,,,,Virtual screening scenario,,,,,,,,,,,,,,,,,,,,,,,,,,,,,,,
FORM_000139,CAND_R2_045,PBD-hydroxy,designed,P-N,B,True,True,True,True,True,Candidate,,PBD-hydroxy,,DDM,DOPO-based (additive),0,1,P-N,100.00%,0.00%,N#Cc1ccc(Oc2cccc(NC(c3ccc(C(Nc4cccc(Oc5cc(O)c(C#N)c(C#N)c5)c4)P4(=O)Oc5ccccc5-c5ccccc54)cc3)P3(=O)Oc4ccccc4-c4ccccc43)c2)cc1C#N,,NC1=CC=C(CC2=CC=C(N)C=C2)C=C1,3.42,0.20833156496847915,0.28263384424163696,0.0,0.0,0.0,1.3566539678439982,0.0,0.0,0.0,1,1,0,0,0,1,0,0,0,0,0,160.0,3.2,,24.8,,3.2,,,3.0,35.0,,1184.0,,,87.2,,,159.0,,,17.0,,,62.6,,,97.55,,,,,Virtual screening scenario,,,,,,,,,,,,,,,,,,,,,,,,,,,,,,,
FORM_000140,CAND_R2_045,PBD-hydroxy,designed,P-N,B,True,True,True,True,True,Candidate,,PBD-hydroxy,,DDM,DOPO-based (additive),0,1,P-N,100.00%,0.00%,N#Cc1ccc(Oc2cccc(NC(c3ccc(C(Nc4cccc(Oc5cc(O)c(C#N)c(C#N)c5)c4)P4(=O)Oc5ccccc5-c5ccccc54)cc3)P3(=O)Oc4ccccc4-c4ccccc43)c2)cc1C#N,,NC1=CC=C(CC2=CC=C(N)C=C2)C=C1,7.0,0.426409635900396,0.5784903244711868,0.0,0.0,0.0,1.3566539678439982,0.0,0.0,0.0,1,1,0,0,0,1,0,0,0,0,0,160.0,3.2,,24.8,,3.2,,,3.0,35.0,,1184.0,,,87.2,,,159.0,,,17.0,,,62.6,,,97.55,,,,,Virtual screening scenario,,,,,,,,,,,,,,,,,,,,,,,,,,,,,,,
FORM_000141,CAND_R2_045,PBD-hydroxy,designed,P-N,B,True,True,True,True,True,Candidate,,PBD-hydroxy,,DDM,DOPO-based (additive),0,1,P-N,100.00%,0.00%,N#Cc1ccc(Oc2cccc(NC(c3ccc(C(Nc4cccc(Oc5cc(O)c(C#N)c(C#N)c5)c4)P4(=O)Oc5ccccc5-c5ccccc54)cc3)P3(=O)Oc4ccccc4-c4ccccc43)c2)cc1C#N,,NC1=CC=C(CC2=CC=C(N)C=C2)C=C1,10.0,0.6091566227148513,0.8264147492445525,0.0,0.0,0.0,1.3566539678439984,0.0,0.0,0.0,1,1,0,0,0,1,0,0,0,0,0,160.0,3.2,,24.8,,3.2,,,3.0,35.0,,1184.0,,,87.2,,,159.0,,,17.0,,,62.6,,,97.55,,,,,Virtual screening scenario,,,,,,,,,,,,,,,,,,,,,,,,,,,,,,,
FORM_000142,CAND_R2_046,PBD-hydroxymethyl,designed,P-N,B,True,True,True,True,True,Candidate,,PBD-hydroxymethyl,,DDM,DOPO-based (additive),0,1,P-N,100.00%,0.00%,N#Cc1ccc(Oc2cccc(NC(c3ccc(C(Nc4cccc(Oc5cc(C#N)c(C#N)c(CO)c5)c4)P4(=O)Oc5ccccc5-c5ccccc54)cc3)P3(=O)Oc4ccccc4-c4ccccc43)c2)cc1C#N,,NC1=CC=C(CC2=CC=C(N)C=C2)C=C1,3.42,0.20549709304017363,0.2787884466533588,0.0,0.0,0.0,1.356653967843998,0.0,0.0,0.0,1,1,0,0,0,1,0,0,0,0,0,160.0,3.2,,24.8,,3.2,,,3.0,35.0,,1184.0,,,87.2,,,159.0,,,17.0,,,62.6,,,97.55,,,,,Virtual screening scenario,,,,,,,,,,,,,,,,,,,,,,,,,,,,,,,
FORM_000143,CAND_R2_046,PBD-hydroxymethyl,designed,P-N,B,True,True,True,True,True,Candidate,,PBD-hydroxymethyl,,DDM,DOPO-based (additive),0,1,P-N,100.00%,0.00%,N#Cc1ccc(Oc2cccc(NC(c3ccc(C(Nc4cccc(Oc5cc(C#N)c(C#N)c(CO)c5)c4)P4(=O)Oc5ccccc5-c5ccccc54)cc3)P3(=O)Oc4ccccc4-c4ccccc43)c2)cc1C#N,,NC1=CC=C(CC2=CC=C(N)C=C2)C=C1,7.0,0.42060808516994597,0.5706196276530736,0.0,0.0,0.0,1.3566539678439984,0.0,0.0,0.0,1,1,0,0,0,1,0,0,0,0,0,160.0,3.2,,24.8,,3.2,,,3.0,35.0,,1184.0,,,87.2,,,159.0,,,17.0,,,62.6,,,97.55,,,,,Virtual screening scenario,,,,,,,,,,,,,,,,,,,,,,,,,,,,,,,
FORM_000144,CAND_R2_046,PBD-hydroxymethyl,designed,P-N,B,True,True,True,True,True,Candidate,,PBD-hydroxymethyl,,DDM,DOPO-based (additive),0,1,P-N,100.00%,0.00%,N#Cc1ccc(Oc2cccc(NC(c3ccc(C(Nc4cccc(Oc5cc(C#N)c(C#N)c(CO)c5)c4)P4(=O)Oc5ccccc5-c5ccccc54)cc3)P3(=O)Oc4ccccc4-c4ccccc43)c2)cc1C#N,,NC1=CC=C(CC2=CC=C(N)C=C2)C=C1,10.0,0.6008686930999229,0.8151708966472481,0.0,0.0,0.0,1.3566539678439984,0.0,0.0,0.0,1,1,0,0,0,1,0,0,0,0,0,160.0,3.2,,24.8,,3.2,,,3.0,35.0,,1184.0,,,87.2,,,159.0,,,17.0,,,62.6,,,97.55,,,,,Virtual screening scenario,,,,,,,,,,,,,,,,,,,,,,,,,,,,,,,
FORM_000145,CAND_R2_047,PBD-carboxamide,designed,P-N,B,True,True,True,True,True,Candidate,,PBD-carboxamide,,DDM,DOPO-based (additive),0,1,P-N,100.00%,0.00%,N#Cc1ccc(Oc2cccc(NC(c3ccc(C(Nc4cccc(Oc5cc(C#N)c(C#N)c(C(N)=O)c5)c4)P4(=O)Oc5ccccc5-c5ccccc54)cc3)P3(=O)Oc4ccccc4-c4ccccc43)c2)cc1C#N,,NC1=CC=C(CC2=CC=C(N)C=C2)C=C1,3.42,0.2029383518539272,0.32120330698207694,0.0,0.0,0.0,1.5827629624846642,0.0,0.0,0.0,1,1,0,0,0,1,0,0,0,0,0,160.0,3.2,,24.8,,3.2,,,3.0,35.0,,1184.0,,,87.2,,,159.0,,,17.0,,,62.6,,,97.55,,,,,Virtual screening scenario,,,,,,,,,,,,,,,,,,,,,,,,,,,,,,,
FORM_000146,CAND_R2_047,PBD-carboxamide,designed,P-N,B,True,True,True,True,True,Candidate,,PBD-carboxamide,,DDM,DOPO-based (additive),0,1,P-N,100.00%,0.00%,N#Cc1ccc(Oc2cccc(NC(c3ccc(C(Nc4cccc(Oc5cc(C#N)c(C#N)c(C(N)=O)c5)c4)P4(=O)Oc5ccccc5-c5ccccc54)cc3)P3(=O)Oc4ccccc4-c4ccccc43)c2)cc1C#N,,NC1=CC=C(CC2=CC=C(N)C=C2)C=C1,7.0,0.41537089560745327,0.6574336692615611,0.0,0.0,0.0,1.5827629624846646,0.0,0.0,0.0,1,1,0,0,0,1,0,0,0,0,0,160.0,3.2,,24.8,,3.2,,,3.0,35.0,,1184.0,,,87.2,,,159.0,,,17.0,,,62.6,,,97.55,,,,,Virtual screening scenario,,,,,,,,,,,,,,,,,,,,,,,,,,,,,,,
FORM_000147,CAND_R2_047,PBD-carboxamide,designed,P-N,B,True,True,True,True,True,Candidate,,PBD-carboxamide,,DDM,DOPO-based (additive),0,1,P-N,100.00%,0.00%,N#Cc1ccc(Oc2cccc(NC(c3ccc(C(Nc4cccc(Oc5cc(C#N)c(C#N)c(C(N)=O)c5)c4)P4(=O)Oc5ccccc5-c5ccccc54)cc3)P3(=O)Oc4ccccc4-c4ccccc43)c2)cc1C#N,,NC1=CC=C(CC2=CC=C(N)C=C2)C=C1,10.0,0.5933869937249333,0.9391909560879443,0.0,0.0,0.0,1.5827629624846642,0.0,0.0,0.0,1,1,0,0,0,1,0,0,0,0,0,160.0,3.2,,24.8,,3.2,,,3.0,35.0,,1184.0,,,87.2,,,159.0,,,17.0,,,62.6,,,97.55,,,,,Virtual screening scenario,,,,,,,,,,,,,,,,,,,,,,,,,,,,,,,
FORM_000148,CAND_R2_048,PBD-boronic-acid,designed,P-N-B,B,True,True,True,True,True,Candidate,,PBD-boronic-acid,,DDM,DOPO-based (additive),0,1,P-N-B,100.00%,0.00%,N#Cc1ccc(Oc2cccc(NC(c3ccc(C(Nc4cccc(Oc5cc(C#N)c(C#N)c(B(O)O)c5)c4)P4(=O)Oc5ccccc5-c5ccccc54)cc3)P3(=O)Oc4ccccc4-c4ccccc43)c2)cc1C#N,,NC1=CC=C(CC2=CC=C(N)C=C2)C=C1,3.42,0.20278431725381563,0.27510814861892513,0.0,0.03539265251740581,0.0,1.3566539678439982,0.0,0.1745334796926455,0.0,1,1,0,1,0,1,0,0,0,0,0,160.0,3.2,,24.8,,3.2,,,3.0,35.0,,1184.0,,,87.2,,,159.0,,,17.0,,,62.6,,,97.55,,,,,Virtual screening scenario,,,,,,,,,,,,,,,,,,,,,,,,,,,,,,,
FORM_000149,CAND_R2_048,PBD-boronic-acid,designed,P-N-B,B,True,True,True,True,True,Candidate,,PBD-boronic-acid,,DDM,DOPO-based (additive),0,1,P-N-B,100.00%,0.00%,N#Cc1ccc(Oc2cccc(NC(c3ccc(C(Nc4cccc(Oc5cc(C#N)c(C#N)c(B(O)O)c5)c4)P4(=O)Oc5ccccc5-c5ccccc54)cc3)P3(=O)Oc4ccccc4-c4ccccc43)c2)cc1C#N,,NC1=CC=C(CC2=CC=C(N)C=C2)C=C1,7.0,0.41505562011014896,0.5630868538983848,0.0,0.07244110164381307,0.0,1.3566539678439982,0.0,0.1745334796926455,0.0,1,1,0,1,0,1,0,0,0,0,0,160.0,3.2,,24.8,,3.2,,,3.0,35.0,,1184.0,,,87.2,,,159.0,,,17.0,,,62.6,,,97.55,,,,,Virtual screening scenario,,,,,,,,,,,,,,,,,,,,,,,,,,,,,,,
FORM_000150,CAND_R2_048,PBD-boronic-acid,designed,P-N-B,B,True,True,True,True,True,Candidate,,PBD-boronic-acid,,DDM,DOPO-based (additive),0,1,P-N-B,100.00%,0.00%,N#Cc1ccc(Oc2cccc(NC(c3ccc(C(Nc4cccc(Oc5cc(C#N)c(C#N)c(B(O)O)c5)c4)P4(=O)Oc5ccccc5-c5ccccc54)cc3)P3(=O)Oc4ccccc4-c4ccccc43)c2)cc1C#N,,NC1=CC=C(CC2=CC=C(N)C=C2)C=C1,10.0,0.5929366001573556,0.8044097912834068,0.0,0.1034872880625901,0.0,1.3566539678439984,0.0,0.17453347969264552,0.0,1,1,0,1,0,1,0,0,0,0,0,160.0,3.2,,24.8,,3.2,,,3.0,35.0,,1184.0,,,87.2,,,159.0,,,17.0,,,62.6,,,97.55,,,,,Virtual screening scenario,,,,,,,,,,,,,,,,,,,,,,,,,,,,,,,
FORM_000151,CAND_R2_049,PBD-pinacol-boronate,designed,P-N-B,B,True,True,True,True,True,Candidate,,PBD-pinacol-boronate,,DDM,DOPO-based (additive),0,1,P-N-B,100.00%,0.00%,CC1(C)OB(c2cc(Oc3cccc(NC(c4ccc(C(Nc5cccc(Oc6ccc(C#N)c(C#N)c6)c5)P5(=O)Oc6ccccc6-c6ccccc65)cc4)P4(=O)Oc5ccccc5-c5ccccc54)c3)cc(C#N)c2C#N)OC1(C)C,,NC1=CC=C(CC2=CC=C(N)C=C2)C=C1,3.42,0.18800239947751027,0.2550542012153567,0.0,0.032812712971376654,0.0,1.3566539678439982,0.0,0.17453347969264543,0.0,1,1,0,1,0,1,0,0,0,0,0,160.0,3.2,,24.8,,3.2,,,3.0,35.0,,1184.0,,,87.2,,,159.0,,,17.0,,,62.6,,,97.55,,,,,Virtual screening scenario,,,,,,,,,,,,,,,,,,,,,,,,,,,,,,,
FORM_000152,CAND_R2_049,PBD-pinacol-boronate,designed,P-N-B,B,True,True,True,True,True,Candidate,,PBD-pinacol-boronate,,DDM,DOPO-based (additive),0,1,P-N-B,100.00%,0.00%,CC1(C)OB(c2cc(Oc3cccc(NC(c4ccc(C(Nc5cccc(Oc6ccc(C#N)c(C#N)c6)c5)P5(=O)Oc6ccccc6-c6ccccc65)cc4)P4(=O)Oc5ccccc5-c5ccccc54)c3)cc(C#N)c2C#N)OC1(C)C,,NC1=CC=C(CC2=CC=C(N)C=C2)C=C1,7.0,0.38480023284870524,0.5220407627214904,0.0,0.06716052362562473,0.0,1.3566539678439982,0.0,0.17453347969264543,0.0,1,1,0,1,0,1,0,0,0,0,0,160.0,3.2,,24.8,,3.2,,,3.0,35.0,,1184.0,,,87.2,,,159.0,,,17.0,,,62.6,,,97.55,,,,,Virtual screening scenario,,,,,,,,,,,,,,,,,,,,,,,,,,,,,,,
FORM_000153,CAND_R2_049,PBD-pinacol-boronate,designed,P-N-B,B,True,True,True,True,True,Candidate,,PBD-pinacol-boronate,,DDM,DOPO-based (additive),0,1,P-N-B,100.00%,0.00%,CC1(C)OB(c2cc(Oc3cccc(NC(c4ccc(C(Nc5cccc(Oc6ccc(C#N)c(C#N)c6)c5)P5(=O)Oc6ccccc6-c6ccccc65)cc4)P4(=O)Oc5ccccc5-c5ccccc54)c3)cc(C#N)c2C#N)OC1(C)C,,NC1=CC=C(CC2=CC=C(N)C=C2)C=C1,10.0,0.5497146183552932,0.7457725181735577,0.0,0.0959436051794639,0.0,1.3566539678439982,0.0,0.17453347969264543,0.0,1,1,0,1,0,1,0,0,0,0,0,160.0,3.2,,24.8,,3.2,,,3.0,35.0,,1184.0,,,87.2,,,159.0,,,17.0,,,62.6,,,97.55,,,,,Virtual screening scenario,,,,,,,,,,,,,,,,,,,,,,,,,,,,,,,
FORM_000154,CAND_R2_050,PBD-trimethoxysilyl,designed,P-N-Si,B,True,True,True,True,True,Candidate,,PBD-trimethoxysilyl,,DDS,DOPO-based (Additive + Secondary Crosslinking),3,1,P-N-Si,100.00%,0.00%,CO[Si](OC)(OC)c1cc(Oc2cccc(NC(c3ccc(C(Nc4cccc(Oc5ccc(C#N)c(C#N)c5)c4)P4(=O)Oc5ccccc5-c5ccccc54)cc3)P3(=O)Oc4ccccc4-c4ccccc43)c2)cc(C#N)c1C#N,,NC1=CC=C(C=C1)S(=O)(=O)C1=CC=C(N)C=C1,3.5,0.1933927258974889,0.2623670089409951,0.0,0.0,0.08768044326785163,1.3566539678439982,0.0,0.0,0.45338025440692187,1,1,0,0,1,1,1,0,0,0,0,250.0,4.0,,22.4,,3.0,,,4.0,35.0,,867.99,,,114.14500000000001,,,180.0,,,16.9,,,52.14,,,95.65,,,,,Virtual screening scenario,,,,,,,,,,,,,,,,,,,,,,,,,,,,,,,
FORM_000155,CAND_R2_050,PBD-trimethoxysilyl,designed,P-N-Si,B,True,True,True,True,True,Candidate,,PBD-trimethoxysilyl,,DDS,DOPO-based (Additive + Secondary Crosslinking),3,1,P-N-Si,100.00%,0.00%,CO[Si](OC)(OC)c1cc(Oc2cccc(NC(c3ccc(C(Nc4cccc(Oc5ccc(C#N)c(C#N)c5)c4)P4(=O)Oc5ccccc5-c5ccccc54)cc3)P3(=O)Oc4ccccc4-c4ccccc43)c2)cc(C#N)c1C#N,,NC1=CC=C(C=C1)S(=O)(=O)C1=CC=C(N)C=C1,5.29,0.29229929142791894,0.3965489935136754,0.0,0.0,0.13252272711055288,1.3566539678439982,0.0,0.0,0.45338025440692187,1,1,0,0,1,1,1,0,0,0,0,250.0,4.0,,22.4,,3.0,,,4.0,35.0,,867.99,,,114.14500000000001,,,180.0,,,16.9,,,52.14,,,95.65,,,,,Virtual screening scenario,,,,,,,,,,,,,,,,,,,,,,,,,,,,,,,
FORM_000156,CAND_R2_050,PBD-trimethoxysilyl,designed,P-N-Si,B,True,True,True,True,True,Candidate,,PBD-trimethoxysilyl,,DDS,DOPO-based (Additive + Secondary Crosslinking),3,1,P-N-Si,100.00%,0.00%,CO[Si](OC)(OC)c1cc(Oc2cccc(NC(c3ccc(C(Nc4cccc(Oc5ccc(C#N)c(C#N)c5)c4)P4(=O)Oc5ccccc5-c5ccccc54)cc3)P3(=O)Oc4ccccc4-c4ccccc43)c2)cc(C#N)c1C#N,,NC1=CC=C(C=C1)S(=O)(=O)C1=CC=C(N)C=C1,10.0,0.5525506454213969,0.7496200255457002,0.0,0.0,0.2505155521938618,1.3566539678439982,0.0,0.0,0.45338025440692187,1,1,0,0,1,1,1,0,0,0,0,250.0,4.0,,22.4,,3.0,,,4.0,35.0,,867.99,,,114.14500000000001,,,180.0,,,16.9,,,52.14,,,95.65,,,,,Virtual screening scenario,,,,,,,,,,,,,,,,,,,,,,,,,,,,,,,
FORM_000157,CAND_R2_051,PBD-triethoxysilyl,designed,P-N-Si,B,True,True,True,True,True,Candidate,,PBD-triethoxysilyl,,DDS,DOPO-based (Additive + Secondary Crosslinking),3,1,P-N-Si,100.00%,0.00%,CCO[Si](OCC)(OCC)c1cc(Oc2cccc(NC(c3ccc(C(Nc4cccc(Oc5ccc(C#N)c(C#N)c5)c4)P4(=O)Oc5ccccc5-c5ccccc54)cc3)P3(=O)Oc4ccccc4-c4ccccc43)c2)cc(C#N)c1C#N,,NC1=CC=C(C=C1)S(=O)(=O)C1=CC=C(N)C=C1,3.5,0.18639642574980075,0.2528754505854064,0.0,0.0,0.0845084589269856,1.3566539678439982,0.0,0.0,0.4533802544069219,1,1,0,0,1,1,1,0,0,0,0,250.0,4.0,,22.4,,3.0,,,4.0,35.0,,867.99,,,114.14500000000001,,,180.0,,,16.9,,,52.14,,,95.65,,,,,Virtual screening scenario,,,,,,,,,,,,,,,,,,,,,,,,,,,,,,,
FORM_000158,CAND_R2_051,PBD-triethoxysilyl,designed,P-N-Si,B,True,True,True,True,True,Candidate,,PBD-triethoxysilyl,,DDS,DOPO-based (Additive + Secondary Crosslinking),3,1,P-N-Si,100.00%,0.00%,CCO[Si](OCC)(OCC)c1cc(Oc2cccc(NC(c3ccc(C(Nc4cccc(Oc5ccc(C#N)c(C#N)c5)c4)P4(=O)Oc5ccccc5-c5ccccc54)cc3)P3(=O)Oc4ccccc4-c4ccccc43)c2)cc(C#N)c1C#N,,NC1=CC=C(C=C1)S(=O)(=O)C1=CC=C(N)C=C1,5.29,0.28172488349041314,0.3822031810276571,0.0,0.0,0.12772849934964398,1.3566539678439982,0.0,0.0,0.45338025440692203,1,1,0,0,1,1,1,0,0,0,0,250.0,4.0,,22.4,,3.0,,,4.0,35.0,,867.99,,,114.14500000000001,,,180.0,,,16.9,,,52.14,,,95.65,,,,,Virtual screening scenario,,,,,,,,,,,,,,,,,,,,,,,,,,,,,,,
FORM_000159,CAND_R2_051,PBD-triethoxysilyl,designed,P-N-Si,B,True,True,True,True,True,Candidate,,PBD-triethoxysilyl,,DDS,DOPO-based (Additive + Secondary Crosslinking),3,1,P-N-Si,100.00%,0.00%,CCO[Si](OCC)(OCC)c1cc(Oc2cccc(NC(c3ccc(C(Nc4cccc(Oc5ccc(C#N)c(C#N)c5)c4)P4(=O)Oc5ccccc5-c5ccccc54)cc3)P3(=O)Oc4ccccc4-c4ccccc43)c2)cc(C#N)c1C#N,,NC1=CC=C(C=C1)S(=O)(=O)C1=CC=C(N)C=C1,10.0,0.5325612164280022,0.7225012873868755,0.0,0.0,0.24145273979138743,1.3566539678439982,0.0,0.0,0.45338025440692187,1,1,0,0,1,1,1,0,0,0,0,250.0,4.0,,22.4,,3.0,,,4.0,35.0,,867.99,,,114.14500000000001,,,180.0,,,16.9,,,52.14,,,95.65,,,,,Virtual screening scenario,,,,,,,,,,,,,,,,,,,,,,,,,,,,,,,
FORM_000160,CAND_R2_052,PBD-disiloxane,designed,P-N-Si,B,True,True,True,True,True,Candidate,,PBD-disiloxane,,DDM,DOPO-based (additive),0,1,P-N-Si,100.00%,0.00%,C[Si](C)(C)O[Si](C)(C)c1cc(Oc2cccc(NC(c3ccc(C(Nc4cccc(Oc5ccc(C#N)c(C#N)c5)c4)P4(=O)Oc5ccccc5-c5ccccc54)cc3)P3(=O)Oc4ccccc4-c4ccccc43)c2)cc(C#N)c1C#N,,NC1=CC=C(CC2=CC=C(N)C=C2)C=C1,3.42,0.1846637717186473,0.2505248386191411,0.0,0.0,0.1674458156030842,1.3566539678439977,0.0,0.0,0.9067605088138441,1,1,0,0,1,1,0,0,0,0,0,160.0,3.2,,24.8,,3.2,,,3.0,35.0,,1184.0,,,87.2,,,159.0,,,17.0,,,62.6,,,97.55,,,,,Virtual screening scenario,,,,,,,,,,,,,,,,,,,,,,,,,,,,,,,
FORM_000161,CAND_R2_052,PBD-disiloxane,designed,P-N-Si,B,True,True,True,True,True,Candidate,,PBD-disiloxane,,DDM,DOPO-based (additive),0,1,P-N-Si,100.00%,0.00%,C[Si](C)(C)O[Si](C)(C)c1cc(Oc2cccc(NC(c3ccc(C(Nc4cccc(Oc5ccc(C#N)c(C#N)c5)c4)P4(=O)Oc5ccccc5-c5ccccc54)cc3)P3(=O)Oc4ccccc4-c4ccccc43)c2)cc(C#N)c1C#N,,NC1=CC=C(CC2=CC=C(N)C=C2)C=C1,7.0,0.37796678421945357,0.5127701375245579,0.0,0.0,0.3427253535735641,1.3566539678439982,0.0,0.0,0.906760508813844,1,1,0,0,1,1,0,0,0,0,0,160.0,3.2,,24.8,,3.2,,,3.0,35.0,,1184.0,,,87.2,,,159.0,,,17.0,,,62.6,,,97.55,,,,,Virtual screening scenario,,,,,,,,,,,,,,,,,,,,,,,,,,,,,,,
FORM_000162,CAND_R2_052,PBD-disiloxane,designed,P-N-Si,B,True,True,True,True,True,Candidate,,PBD-disiloxane,,DDM,DOPO-based (additive),0,1,P-N-Si,100.00%,0.00%,C[Si](C)(C)O[Si](C)(C)c1cc(Oc2cccc(NC(c3ccc(C(Nc4cccc(Oc5ccc(C#N)c(C#N)c5)c4)P4(=O)Oc5ccccc5-c5ccccc54)cc3)P3(=O)Oc4ccccc4-c4ccccc43)c2)cc(C#N)c1C#N,,NC1=CC=C(CC2=CC=C(N)C=C2)C=C1,10.0,0.5399525488849336,0.7325287678922255,0.0,0.0,0.48960764796223444,1.3566539678439982,0.0,0.0,0.9067605088138442,1,1,0,0,1,1,0,0,0,0,0,160.0,3.2,,24.8,,3.2,,,3.0,35.0,,1184.0,,,87.2,,,159.0,,,17.0,,,62.6,,,97.55,,,,,Virtual screening scenario,,,,,,,,,,,,,,,,,,,,,,,,,,,,,,,
FORM_000163,CAND_R2_053,PBD-glycidyloxy,designed,P-N,B,True,True,True,True,True,Candidate,,PBD-glycidyloxy,,DDM,DOPO-based (Co-curing),2,1,P-N,100.00%,0.00%,N#Cc1ccc(Oc2cccc(NC(c3ccc(C(Nc4cccc(Oc5cc(C#N)c(C#N)c(OCC6CO6)c5)c4)P4(=O)Oc5ccccc5-c5ccccc54)cc3)P3(=O)Oc4ccccc4-c4ccccc43)c2)cc1C#N,,NC1=CC=C(CC2=CC=C(N)C=C2)C=C1,4.0,0.23093146295797518,0.31329408552195637,0.0,0.0,0.0,1.3566539678439984,0.0,0.0,0.0,1,1,0,0,0,1,0,0,0,0,0,170.0,3.0,,24.0,,3.0,,,3.0,35.0,,1208.0,,,88.0,,,164.3,,,16.5,,,58.7,,,101.3,,,,,Virtual screening scenario,,,,,,,,,,,,,,,,,,,,,,,,,,,,,,,
FORM_000164,CAND_R2_053,PBD-glycidyloxy,designed,P-N,B,True,True,True,True,True,Candidate,,PBD-glycidyloxy,,DDM,DOPO-based (Co-curing),2,1,P-N,100.00%,0.00%,N#Cc1ccc(Oc2cccc(NC(c3ccc(C(Nc4cccc(Oc5cc(C#N)c(C#N)c(OCC6CO6)c5)c4)P4(=O)Oc5ccccc5-c5ccccc54)cc3)P3(=O)Oc4ccccc4-c4ccccc43)c2)cc1C#N,,NC1=CC=C(CC2=CC=C(N)C=C2)C=C1,6.78,0.3914288297137679,0.5310334749597161,0.0,0.0,0.0,1.3566539678439986,0.0,0.0,0.0,1,1,0,0,0,1,0,0,0,0,0,170.0,3.0,,24.0,,3.0,,,3.0,35.0,,1208.0,,,88.0,,,164.3,,,16.5,,,58.7,,,101.3,,,,,Virtual screening scenario,,,,,,,,,,,,,,,,,,,,,,,,,,,,,,,
FORM_000165,CAND_R2_053,PBD-glycidyloxy,designed,P-N,B,True,True,True,True,True,Candidate,,PBD-glycidyloxy,,DDM,DOPO-based (Co-curing),2,1,P-N,100.00%,0.00%,N#Cc1ccc(Oc2cccc(NC(c3ccc(C(Nc4cccc(Oc5cc(C#N)c(C#N)c(OCC6CO6)c5)c4)P4(=O)Oc5ccccc5-c5ccccc54)cc3)P3(=O)Oc4ccccc4-c4ccccc43)c2)cc1C#N,,NC1=CC=C(CC2=CC=C(N)C=C2)C=C1,10.19,0.5882979018854417,0.7981166828671837,0.0,0.0,0.0,1.3566539678439984,0.0,0.0,0.0,1,1,0,0,0,1,0,0,0,0,0,170.0,3.0,,24.0,,3.0,,,3.0,35.0,,1208.0,,,88.0,,,164.3,,,16.5,,,58.7,,,101.3,,,,,Virtual screening scenario,,,,,,,,,,,,,,,,,,,,,,,,,,,,,,,
FORM_000166,CAND_R2_054,PBD-diaminotriazine,designed,P-N,B,True,True,True,True,True,Candidate,,PBD-diaminotriazine,,DDM,DOPO-based (Co-curing),2,1,P-N,100.00%,0.00%,N#Cc1ccc(Oc2cccc(NC(c3ccc(C(Nc4cccc(Oc5cc(C#N)c(C#N)c(-c6nc(N)nc(N)n6)c5)c4)P4(=O)Oc5ccccc5-c5ccccc54)cc3)P3(=O)Oc4ccccc4-c4ccccc43)c2)cc1C#N,,NC1=CC=C(CC2=CC=C(N)C=C2)C=C1,4.0,0.22322799178407984,0.5552124247774854,0.0,0.0,0.0,2.48719894104733,0.0,0.0,0.0,1,1,0,0,0,1,0,0,0,0,0,170.0,3.0,,24.0,,3.0,,,3.0,35.0,,1208.0,,,88.0,,,164.3,,,16.5,,,58.7,,,101.3,,,,,Virtual screening scenario,,,,,,,,,,,,,,,,,,,,,,,,,,,,,,,
FORM_000167,CAND_R2_054,PBD-diaminotriazine,designed,P-N,B,True,True,True,True,True,Candidate,,PBD-diaminotriazine,,DDM,DOPO-based (Co-curing),2,1,P-N,100.00%,0.00%,N#Cc1ccc(Oc2cccc(NC(c3ccc(C(Nc4cccc(Oc5cc(C#N)c(C#N)c(-c6nc(N)nc(N)n6)c5)c4)P4(=O)Oc5ccccc5-c5ccccc54)cc3)P3(=O)Oc4ccccc4-c4ccccc43)c2)cc1C#N,,NC1=CC=C(CC2=CC=C(N)C=C2)C=C1,6.78,0.37837144607401535,0.9410850599978379,0.0,0.0,0.0,2.48719894104733,0.0,0.0,0.0,1,1,0,0,0,1,0,0,0,0,0,170.0,3.0,,24.0,,3.0,,,3.0,35.0,,1208.0,,,88.0,,,164.3,,,16.5,,,58.7,,,101.3,,,,,Virtual screening scenario,,,,,,,,,,,,,,,,,,,,,,,,,,,,,,,
FORM_000168,CAND_R2_054,PBD-diaminotriazine,designed,P-N,B,True,True,True,True,True,Candidate,,PBD-diaminotriazine,,DDM,DOPO-based (Co-curing),2,1,P-N,100.00%,0.00%,N#Cc1ccc(Oc2cccc(NC(c3ccc(C(Nc4cccc(Oc5cc(C#N)c(C#N)c(-c6nc(N)nc(N)n6)c5)c4)P4(=O)Oc5ccccc5-c5ccccc54)cc3)P3(=O)Oc4ccccc4-c4ccccc43)c2)cc1C#N,,NC1=CC=C(CC2=CC=C(N)C=C2)C=C1,10.19,0.5686733090699433,1.4144036521206442,0.0,0.0,0.0,2.4871989410473305,0.0,0.0,0.0,1,1,0,0,0,1,0,0,0,0,0,170.0,3.0,,24.0,,3.0,,,3.0,35.0,,1208.0,,,88.0,,,164.3,,,16.5,,,58.7,,,101.3,,,,,Virtual screening scenario,,,,,,,,,,,,,,,,,,,,,,,,,,,,,,,
FORM_000169,CAND_R2_055,PBD-piperazine,designed,P-N,B,True,True,True,True,True,Candidate,,PBD-piperazine,,DDM,DOPO-based (Co-curing),2,1,P-N,100.00%,0.00%,N#Cc1ccc(Oc2cccc(NC(c3ccc(C(Nc4cccc(Oc5cc(C#N)c(C#N)c(N6CCNCC6)c5)c4)P4(=O)Oc5ccccc5-c5ccccc54)cc3)P3(=O)Oc4ccccc4-c4ccccc43)c2)cc1C#N,,NC1=CC=C(CC2=CC=C(N)C=C2)C=C1,4.0,0.22836499027712492,0.41308302690149007,0.0,0.0,0.0,1.8088719571253307,0.0,0.0,0.0,1,1,0,0,0,1,0,0,0,0,0,170.0,3.0,,24.0,,3.0,,,3.0,35.0,,1208.0,,,88.0,,,164.3,,,16.5,,,58.7,,,101.3,,,,,Virtual screening scenario,,,,,,,,,,,,,,,,,,,,,,,,,,,,,,,
FORM_000170,CAND_R2_055,PBD-piperazine,designed,P-N,B,True,True,True,True,True,Candidate,,PBD-piperazine,,DDM,DOPO-based (Co-curing),2,1,P-N,100.00%,0.00%,N#Cc1ccc(Oc2cccc(NC(c3ccc(C(Nc4cccc(Oc5cc(C#N)c(C#N)c(N6CCNCC6)c5)c4)P4(=O)Oc5ccccc5-c5ccccc54)cc3)P3(=O)Oc4ccccc4-c4ccccc43)c2)cc1C#N,,NC1=CC=C(CC2=CC=C(N)C=C2)C=C1,6.78,0.3870786585197268,0.7001757305980257,0.0,0.0,0.0,1.8088719571253307,0.0,0.0,0.0,1,1,0,0,0,1,0,0,0,0,0,170.0,3.0,,24.0,,3.0,,,3.0,35.0,,1208.0,,,88.0,,,164.3,,,16.5,,,58.7,,,101.3,,,,,Virtual screening scenario,,,,,,,,,,,,,,,,,,,,,,,,,,,,,,,
FORM_000171,CAND_R2_055,PBD-piperazine,designed,P-N,B,True,True,True,True,True,Candidate,,PBD-piperazine,,DDM,DOPO-based (Co-curing),2,1,P-N,100.00%,0.00%,N#Cc1ccc(Oc2cccc(NC(c3ccc(C(Nc4cccc(Oc5cc(C#N)c(C#N)c(N6CCNCC6)c5)c4)P4(=O)Oc5ccccc5-c5ccccc54)cc3)P3(=O)Oc4ccccc4-c4ccccc43)c2)cc1C#N,,NC1=CC=C(CC2=CC=C(N)C=C2)C=C1,10.19,0.5817598127309757,1.052329011031546,0.0,0.0,0.0,1.8088719571253309,0.0,0.0,0.0,1,1,0,0,0,1,0,0,0,0,0,170.0,3.0,,24.0,,3.0,,,3.0,35.0,,1208.0,,,88.0,,,164.3,,,16.5,,,58.7,,,101.3,,,,,Virtual screening scenario,,,,,,,,,,,,,,,,,,,,,,,,,,,,,,,
FORM_000172,CAND_R2_056,PBD-benzamide-linker,designed,P-N,B,True,True,True,True,True,Candidate,,PBD-benzamide-linker,,DDM,DOPO-based (additive),0,1,P-N,100.00%,0.00%,N#Cc1ccc(Oc2cccc(NC(c3ccc(C(Nc4cccc(Oc5cc(C#N)c(C#N)c(NC(=O)c6ccccc6)c5)c4)P4(=O)Oc5ccccc5-c5ccccc54)cc3)P3(=O)Oc4ccccc4-c4ccccc43)c2)cc1C#N,,NC1=CC=C(CC2=CC=C(N)C=C2)C=C1,3.42,0.18915065205687845,0.299380646405451,0.0,0.0,0.0,1.5827629624846646,0.0,0.0,0.0,1,1,0,0,0,1,0,0,0,0,0,160.0,3.2,,24.8,,3.2,,,3.0,35.0,,1184.0,,,87.2,,,159.0,,,17.0,,,62.6,,,97.55,,,,,Virtual screening scenario,,,,,,,,,,,,,,,,,,,,,,,,,,,,,,,
FORM_000173,CAND_R2_056,PBD-benzamide-linker,designed,P-N,B,True,True,True,True,True,Candidate,,PBD-benzamide-linker,,DDM,DOPO-based (additive),0,1,P-N,100.00%,0.00%,N#Cc1ccc(Oc2cccc(NC(c3ccc(C(Nc4cccc(Oc5cc(C#N)c(C#N)c(NC(=O)c6ccccc6)c5)c4)P4(=O)Oc5ccccc5-c5ccccc54)cc3)P3(=O)Oc4ccccc4-c4ccccc43)c2)cc1C#N,,NC1=CC=C(CC2=CC=C(N)C=C2)C=C1,7.0,0.38715045742635945,0.6127674049234376,0.0,0.0,0.0,1.5827629624846644,0.0,0.0,0.0,1,1,0,0,0,1,0,0,0,0,0,160.0,3.2,,24.8,,3.2,,,3.0,35.0,,1184.0,,,87.2,,,159.0,,,17.0,,,62.6,,,97.55,,,,,Virtual screening scenario,,,,,,,,,,,,,,,,,,,,,,,,,,,,,,,
FORM_000174,CAND_R2_056,PBD-benzamide-linker,designed,P-N,B,True,True,True,True,True,Candidate,,PBD-benzamide-linker,,DDM,DOPO-based (additive),0,1,P-N,100.00%,0.00%,N#Cc1ccc(Oc2cccc(NC(c3ccc(C(Nc4cccc(Oc5cc(C#N)c(C#N)c(NC(=O)c6ccccc6)c5)c4)P4(=O)Oc5ccccc5-c5ccccc54)cc3)P3(=O)Oc4ccccc4-c4ccccc43)c2)cc1C#N,,NC1=CC=C(CC2=CC=C(N)C=C2)C=C1,10.0,0.5530720820376565,0.8753820070334823,0.0,0.0,0.0,1.5827629624846642,0.0,0.0,0.0,1,1,0,0,0,1,0,0,0,0,0,160.0,3.2,,24.8,,3.2,,,3.0,35.0,,1184.0,,,87.2,,,159.0,,,17.0,,,62.6,,,97.55,,,,,Virtual screening scenario,,,,,,,,,,,,,,,,,,,,,,,,,,,,,,,
FORM_000175,CAND_R2_057,PBD-phenyl,designed,P-N,B,True,True,True,True,True,Candidate,,PBD-phenyl,,DDM,DOPO-based (additive),0,1,P-N,100.00%,0.00%,N#Cc1ccc(Oc2cccc(NC(c3ccc(C(Nc4cccc(Oc5cc(C#N)c(C#N)c(-c6ccccc6)c5)c4)P4(=O)Oc5ccccc5-c5ccccc54)cc3)P3(=O)Oc4ccccc4-c4ccccc43)c2)cc1C#N,,NC1=CC=C(CC2=CC=C(N)C=C2)C=C1,3.42,0.1967066959071385,0.26686291950390223,0.0,0.0,0.0,1.3566539678439984,0.0,0.0,0.0,1,1,0,0,0,1,0,0,0,0,0,160.0,3.2,,24.8,,3.2,,,3.0,35.0,,1184.0,,,87.2,,,159.0,,,17.0,,,62.6,,,97.55,,,,,Virtual screening scenario,,,,,,,,,,,,,,,,,,,,,,,,,,,,,,,
FORM_000176,CAND_R2_057,PBD-phenyl,designed,P-N,B,True,True,True,True,True,Candidate,,PBD-phenyl,,DDM,DOPO-based (additive),0,1,P-N,100.00%,0.00%,N#Cc1ccc(Oc2cccc(NC(c3ccc(C(Nc4cccc(Oc5cc(C#N)c(C#N)c(-c6ccccc6)c5)c4)P4(=O)Oc5ccccc5-c5ccccc54)cc3)P3(=O)Oc4ccccc4-c4ccccc43)c2)cc1C#N,,NC1=CC=C(CC2=CC=C(N)C=C2)C=C1,7.0,0.4026160442543771,0.5462106539553555,0.0,0.0,0.0,1.3566539678439984,0.0,0.0,0.0,1,1,0,0,0,1,0,0,0,0,0,160.0,3.2,,24.8,,3.2,,,3.0,35.0,,1184.0,,,87.2,,,159.0,,,17.0,,,62.6,,,97.55,,,,,Virtual screening scenario,,,,,,,,,,,,,,,,,,,,,,,,,,,,,,,
FORM_000177,CAND_R2_057,PBD-phenyl,designed,P-N,B,True,True,True,True,True,Candidate,,PBD-phenyl,,DDM,DOPO-based (additive),0,1,P-N,100.00%,0.00%,N#Cc1ccc(Oc2cccc(NC(c3ccc(C(Nc4cccc(Oc5cc(C#N)c(C#N)c(-c6ccccc6)c5)c4)P4(=O)Oc5ccccc5-c5ccccc54)cc3)P3(=O)Oc4ccccc4-c4ccccc43)c2)cc1C#N,,NC1=CC=C(CC2=CC=C(N)C=C2)C=C1,10.0,0.575165777506253,0.7803009342219362,0.0,0.0,0.0,1.356653967843998,0.0,0.0,0.0,1,1,0,0,0,1,0,0,0,0,0,160.0,3.2,,24.8,,3.2,,,3.0,35.0,,1184.0,,,87.2,,,159.0,,,17.0,,,62.6,,,97.55,,,,,Virtual screening scenario,,,,,,,,,,,,,,,,,,,,,,,,,,,,,,,
FORM_000178,CAND_R2_058,PBD-biphenyl,designed,P-N,B,True,True,True,True,True,Candidate,,PBD-biphenyl,,DDM,DOPO-based (additive),0,1,P-N,100.00%,0.00%,N#Cc1ccc(Oc2cccc(NC(c3ccc(C(Nc4cccc(Oc5cc(C#N)c(C#N)c(-c6ccc(-c7ccccc7)cc6)c5)c4)P4(=O)Oc5ccccc5-c5ccccc54)cc3)P3(=O)Oc4ccccc4-c4ccccc43)c2)cc1C#N,,NC1=CC=C(CC2=CC=C(N)C=C2)C=C1,3.42,0.1837256751975468,0.24925216625156954,0.0,0.0,0.0,1.3566539678439984,0.0,0.0,0.0,1,1,0,0,0,1,0,0,0,0,0,160.0,3.2,,24.8,,3.2,,,3.0,35.0,,1184.0,,,87.2,,,159.0,,,17.0,,,62.6,,,97.55,,,,,Virtual screening scenario,,,,,,,,,,,,,,,,,,,,,,,,,,,,,,,
FORM_000179,CAND_R2_058,PBD-biphenyl,designed,P-N,B,True,True,True,True,True,Candidate,,PBD-biphenyl,,DDM,DOPO-based (additive),0,1,P-N,100.00%,0.00%,N#Cc1ccc(Oc2cccc(NC(c3ccc(C(Nc4cccc(Oc5cc(C#N)c(C#N)c(-c6ccc(-c7ccccc7)cc6)c5)c4)P4(=O)Oc5ccccc5-c5ccccc54)cc3)P3(=O)Oc4ccccc4-c4ccccc43)c2)cc1C#N,,NC1=CC=C(CC2=CC=C(N)C=C2)C=C1,7.0,0.37604670362070985,0.510165252561692,0.0,0.0,0.0,1.3566539678439982,0.0,0.0,0.0,1,1,0,0,0,1,0,0,0,0,0,160.0,3.2,,24.8,,3.2,,,3.0,35.0,,1184.0,,,87.2,,,159.0,,,17.0,,,62.6,,,97.55,,,,,Virtual screening scenario,,,,,,,,,,,,,,,,,,,,,,,,,,,,,,,
FORM_000180,CAND_R2_058,PBD-biphenyl,designed,P-N,B,True,True,True,True,True,Candidate,,PBD-biphenyl,,DDM,DOPO-based (additive),0,1,P-N,100.00%,0.00%,N#Cc1ccc(Oc2cccc(NC(c3ccc(C(Nc4cccc(Oc5cc(C#N)c(C#N)c(-c6ccc(-c7ccccc7)cc6)c5)c4)P4(=O)Oc5ccccc5-c5ccccc54)cc3)P3(=O)Oc4ccccc4-c4ccccc43)c2)cc1C#N,,NC1=CC=C(CC2=CC=C(N)C=C2)C=C1,10.0,0.5372095766010141,0.72880750365956,0.0,0.0,0.0,1.3566539678439982,0.0,0.0,0.0,1,1,0,0,0,1,0,0,0,0,0,160.0,3.2,,24.8,,3.2,,,3.0,35.0,,1184.0,,,87.2,,,159.0,,,17.0,,,62.6,,,97.55,,,,,Virtual screening scenario,,,,,,,,,,,,,,,,,,,,,,,,,,,,,,,
FORM_000181,CAND_R2_059,PBD-nitrile-to-amide,designed,P-N,B,True,True,True,True,True,Candidate,,PBD-nitrile-to-amide,,DDM,DOPO-based (additive),0,1,P-N,100.00%,0.00%,N#Cc1ccc(Oc2cccc(NC(c3ccc(C(Nc4cccc(Oc5ccc(C#N)c(C(N)=O)c5)c4)P4(=O)Oc5ccccc5-c5ccccc54)cc3)P3(=O)Oc4ccccc4-c4ccccc43)c2)cc1C#N,,NC1=CC=C(CC2=CC=C(N)C=C2)C=C1,3.42,0.2079193847077862,0.28207465825550093,0.0,0.0,0.0,1.3566539678439984,0.0,0.0,0.0,1,1,0,0,0,1,0,0,0,0,0,160.0,3.2,,24.8,,3.2,,,3.0,35.0,,1184.0,,,87.2,,,159.0,,,17.0,,,62.6,,,97.55,,,,,Virtual screening scenario,,,,,,,,,,,,,,,,,,,,,,,,,,,,,,,
FORM_000182,CAND_R2_059,PBD-nitrile-to-amide,designed,P-N,B,True,True,True,True,True,Candidate,,PBD-nitrile-to-amide,,DDM,DOPO-based (additive),0,1,P-N,100.00%,0.00%,N#Cc1ccc(Oc2cccc(NC(c3ccc(C(Nc4cccc(Oc5ccc(C#N)c(C(N)=O)c5)c4)P4(=O)Oc5ccccc5-c5ccccc54)cc3)P3(=O)Oc4ccccc4-c4ccccc43)c2)cc1C#N,,NC1=CC=C(CC2=CC=C(N)C=C2)C=C1,7.0,0.4255659920919601,0.5773457917510253,0.0,0.0,0.0,1.3566539678439984,0.0,0.0,0.0,1,1,0,0,0,1,0,0,0,0,0,160.0,3.2,,24.8,,3.2,,,3.0,35.0,,1184.0,,,87.2,,,159.0,,,17.0,,,62.6,,,97.55,,,,,Virtual screening scenario,,,,,,,,,,,,,,,,,,,,,,,,,,,,,,,
FORM_000183,CAND_R2_059,PBD-nitrile-to-amide,designed,P-N,B,True,True,True,True,True,Candidate,,PBD-nitrile-to-amide,,DDM,DOPO-based (additive),0,1,P-N,100.00%,0.00%,N#Cc1ccc(Oc2cccc(NC(c3ccc(C(Nc4cccc(Oc5ccc(C#N)c(C(N)=O)c5)c4)P4(=O)Oc5ccccc5-c5ccccc54)cc3)P3(=O)Oc4ccccc4-c4ccccc43)c2)cc1C#N,,NC1=CC=C(CC2=CC=C(N)C=C2)C=C1,10.0,0.6079514172742286,0.8247797025014647,0.0,0.0,0.0,1.3566539678439986,0.0,0.0,0.0,1,1,0,0,0,1,0,0,0,0,0,160.0,3.2,,24.8,,3.2,,,3.0,35.0,,1184.0,,,87.2,,,159.0,,,17.0,,,62.6,,,97.55,,,,,Virtual screening scenario,,,,,,,,,,,,,,,,,,,,,,,,,,,,,,,
FORM_000184,CAND_R2_060,PBD-nitrile-to-amide-all,designed,P-N,B,True,True,True,True,True,Candidate,,PBD-nitrile-to-amide-all,,DDM,DOPO-based (additive),0,1,P-N,100.00%,0.00%,NC(=O)c1ccc(Oc2cccc(NC(c3ccc(C(Nc4cccc(Oc5ccc(C(N)=O)c(C(N)=O)c5)c4)P4(=O)Oc5ccccc5-c5ccccc54)cc3)P3(=O)Oc4ccccc4-c4ccccc43)c2)cc1C(N)=O,,NC1=CC=C(CC2=CC=C(N)C=C2)C=C1,3.42,0.1974469528652162,0.26786719204330245,0.0,0.0,0.0,1.3566539678439982,0.0,0.0,0.0,1,1,0,0,0,1,0,0,0,0,0,160.0,3.2,,24.8,,3.2,,,3.0,35.0,,1184.0,,,87.2,,,159.0,,,17.0,,,62.6,,,97.55,,,,,Virtual screening scenario,,,,,,,,,,,,,,,,,,,,,,,,,,,,,,,
FORM_000185,CAND_R2_060,PBD-nitrile-to-amide-all,designed,P-N,B,True,True,True,True,True,Candidate,,PBD-nitrile-to-amide-all,,DDM,DOPO-based (additive),0,1,P-N,100.00%,0.00%,NC(=O)c1ccc(Oc2cccc(NC(c3ccc(C(Nc4cccc(Oc5ccc(C(N)=O)c(C(N)=O)c5)c4)P4(=O)Oc5ccccc5-c5ccccc54)cc3)P3(=O)Oc4ccccc4-c4ccccc43)c2)cc1C(N)=O,,NC1=CC=C(CC2=CC=C(N)C=C2)C=C1,7.0,0.404131190075004,0.5482661825447711,0.0,0.0,0.0,1.356653967843998,0.0,0.0,0.0,1,1,0,0,0,1,0,0,0,0,0,160.0,3.2,,24.8,,3.2,,,3.0,35.0,,1184.0,,,87.2,,,159.0,,,17.0,,,62.6,,,97.55,,,,,Virtual screening scenario,,,,,,,,,,,,,,,,,,,,,,,,,,,,,,,
FORM_000186,CAND_R2_060,PBD-nitrile-to-amide-all,designed,P-N,B,True,True,True,True,True,Candidate,,PBD-nitrile-to-amide-all,,DDM,DOPO-based (additive),0,1,P-N,100.00%,0.00%,NC(=O)c1ccc(Oc2cccc(NC(c3ccc(C(Nc4cccc(Oc5ccc(C(N)=O)c(C(N)=O)c5)c4)P4(=O)Oc5ccccc5-c5ccccc54)cc3)P3(=O)Oc4ccccc4-c4ccccc43)c2)cc1C(N)=O,,NC1=CC=C(CC2=CC=C(N)C=C2)C=C1,10.0,0.5773302715357199,0.7832374036353873,0.0,0.0,0.0,1.3566539678439982,0.0,0.0,0.0,1,1,0,0,0,1,0,0,0,0,0,160.0,3.2,,24.8,,3.2,,,3.0,35.0,,1184.0,,,87.2,,,159.0,,,17.0,,,62.6,,,97.55,,,,,Virtual screening scenario,,,,,,,,,,,,,,,,,,,,,,,,,,,,,,,
FORM_000187,CAND_R2_061,PBD-nitrile-to-acid,designed,P-N,B,True,True,True,True,True,Candidate,,PBD-nitrile-to-acid,,DDM,DOPO-based (additive),0,1,P-N,100.00%,0.00%,N#Cc1ccc(Oc2cccc(NC(c3ccc(C(Nc4cccc(Oc5ccc(C(=O)O)c(C#N)c5)c4)P4(=O)Oc5ccccc5-c5ccccc54)cc3)P3(=O)Oc4ccccc4-c4ccccc43)c2)cc1C#N,,NC1=CC=C(CC2=CC=C(N)C=C2)C=C1,3.42,0.20771879323141298,0.23483543752763622,0.0,0.0,0.0,1.130544973203332,0.0,0.0,0.0,1,1,0,0,0,1,0,0,0,0,0,160.0,3.2,,24.8,,3.2,,,3.0,35.0,,1184.0,,,87.2,,,159.0,,,17.0,,,62.6,,,97.55,,,,,Virtual screening scenario,,,,,,,,,,,,,,,,,,,,,,,,,,,,,,,
FORM_000188,CAND_R2_061,PBD-nitrile-to-acid,designed,P-N,B,True,True,True,True,True,Candidate,,PBD-nitrile-to-acid,,DDM,DOPO-based (additive),0,1,P-N,100.00%,0.00%,N#Cc1ccc(Oc2cccc(NC(c3ccc(C(Nc4cccc(Oc5ccc(C(=O)O)c(C#N)c5)c4)P4(=O)Oc5ccccc5-c5ccccc54)cc3)P3(=O)Oc4ccccc4-c4ccccc43)c2)cc1C#N,,NC1=CC=C(CC2=CC=C(N)C=C2)C=C1,7.0,0.42515542474265816,0.4806573282729396,0.0,0.0,0.0,1.1305449732033317,0.0,0.0,0.0,1,1,0,0,0,1,0,0,0,0,0,160.0,3.2,,24.8,,3.2,,,3.0,35.0,,1184.0,,,87.2,,,159.0,,,17.0,,,62.6,,,97.55,,,,,Virtual screening scenario,,,,,,,,,,,,,,,,,,,,,,,,,,,,,,,
FORM_000189,CAND_R2_061,PBD-nitrile-to-acid,designed,P-N,B,True,True,True,True,True,Candidate,,PBD-nitrile-to-acid,,DDM,DOPO-based (additive),0,1,P-N,100.00%,0.00%,N#Cc1ccc(Oc2cccc(NC(c3ccc(C(Nc4cccc(Oc5ccc(C(=O)O)c(C#N)c5)c4)P4(=O)Oc5ccccc5-c5ccccc54)cc3)P3(=O)Oc4ccccc4-c4ccccc43)c2)cc1C#N,,NC1=CC=C(CC2=CC=C(N)C=C2)C=C1,10.0,0.6073648924895116,0.6866533261041995,0.0,0.0,0.0,1.130544973203332,0.0,0.0,0.0,1,1,0,0,0,1,0,0,0,0,0,160.0,3.2,,24.8,,3.2,,,3.0,35.0,,1184.0,,,87.2,,,159.0,,,17.0,,,62.6,,,97.55,,,,,Virtual screening scenario,,,,,,,,,,,,,,,,,,,,,,,,,,,,,,,
FORM_000190,CAND_R2_062,PBD-nitrile-to-acid-2,designed,P-N,B,True,True,True,True,True,Candidate,,PBD-nitrile-to-acid-2,,DDM,DOPO-based (additive),0,1,P-N,100.00%,0.00%,N#Cc1ccc(Oc2cccc(NC(c3ccc(C(Nc4cccc(Oc5ccc(C#N)c(C(=O)O)c5)c4)P4(=O)Oc5ccccc5-c5ccccc54)cc3)P3(=O)Oc4ccccc4-c4ccccc43)c2)cc1C#N,,NC1=CC=C(CC2=CC=C(N)C=C2)C=C1,3.42,0.20771879323141298,0.23483543752763622,0.0,0.0,0.0,1.130544973203332,0.0,0.0,0.0,1,1,0,0,0,1,0,0,0,0,0,160.0,3.2,,24.8,,3.2,,,3.0,35.0,,1184.0,,,87.2,,,159.0,,,17.0,,,62.6,,,97.55,,,,,Virtual screening scenario,,,,,,,,,,,,,,,,,,,,,,,,,,,,,,,
FORM_000191,CAND_R2_062,PBD-nitrile-to-acid-2,designed,P-N,B,True,True,True,True,True,Candidate,,PBD-nitrile-to-acid-2,,DDM,DOPO-based (additive),0,1,P-N,100.00%,0.00%,N#Cc1ccc(Oc2cccc(NC(c3ccc(C(Nc4cccc(Oc5ccc(C#N)c(C(=O)O)c5)c4)P4(=O)Oc5ccccc5-c5ccccc54)cc3)P3(=O)Oc4ccccc4-c4ccccc43)c2)cc1C#N,,NC1=CC=C(CC2=CC=C(N)C=C2)C=C1,7.0,0.42515542474265816,0.4806573282729396,0.0,0.0,0.0,1.1305449732033317,0.0,0.0,0.0,1,1,0,0,0,1,0,0,0,0,0,160.0,3.2,,24.8,,3.2,,,3.0,35.0,,1184.0,,,87.2,,,159.0,,,17.0,,,62.6,,,97.55,,,,,Virtual screening scenario,,,,,,,,,,,,,,,,,,,,,,,,,,,,,,,
FORM_000192,CAND_R2_062,PBD-nitrile-to-acid-2,designed,P-N,B,True,True,True,True,True,Candidate,,PBD-nitrile-to-acid-2,,DDM,DOPO-based (additive),0,1,P-N,100.00%,0.00%,N#Cc1ccc(Oc2cccc(NC(c3ccc(C(Nc4cccc(Oc5ccc(C#N)c(C(=O)O)c5)c4)P4(=O)Oc5ccccc5-c5ccccc54)cc3)P3(=O)Oc4ccccc4-c4ccccc43)c2)cc1C#N,,NC1=CC=C(CC2=CC=C(N)C=C2)C=C1,10.0,0.6073648924895116,0.6866533261041995,0.0,0.0,0.0,1.130544973203332,0.0,0.0,0.0,1,1,0,0,0,1,0,0,0,0,0,160.0,3.2,,24.8,,3.2,,,3.0,35.0,,1184.0,,,87.2,,,159.0,,,17.0,,,62.6,,,97.55,,,,,Virtual screening scenario,,,,,,,,,,,,,,,,,,,,,,,,,,,,,,,
FORM_000193,CAND_R2_063,PBD-nitrile-to-acid-all,designed,P-N,B,True,True,True,True,True,Candidate,,PBD-nitrile-to-acid-all,,DDM,DOPO-based (additive),0,1,P-N,100.00%,0.00%,O=C(O)c1ccc(Oc2cccc(NC(c3ccc(C(Nc4cccc(Oc5ccc(C(=O)O)c(C(=O)O)c5)c4)P4(=O)Oc5ccccc5-c5ccccc54)cc3)P3(=O)Oc4ccccc4-c4ccccc43)c2)cc1C(=O)O,,NC1=CC=C(CC2=CC=C(N)C=C2)C=C1,3.42,0.19672532647937122,0.08896273158121495,0.0,0.0,0.0,0.4522179892813326,0.0,0.0,0.0,1,1,0,0,0,1,0,0,0,0,0,160.0,3.2,,24.8,,3.2,,,3.0,35.0,,1184.0,,,87.2,,,159.0,,,17.0,,,62.6,,,97.55,,,,,Virtual screening scenario,,,,,,,,,,,,,,,,,,,,,,,,,,,,,,,
FORM_000194,CAND_R2_063,PBD-nitrile-to-acid-all,designed,P-N,B,True,True,True,True,True,Candidate,,PBD-nitrile-to-acid-all,,DDM,DOPO-based (additive),0,1,P-N,100.00%,0.00%,O=C(O)c1ccc(Oc2cccc(NC(c3ccc(C(Nc4cccc(Oc5ccc(C(=O)O)c(C(=O)O)c5)c4)P4(=O)Oc5ccccc5-c5ccccc54)cc3)P3(=O)Oc4ccccc4-c4ccccc43)c2)cc1C(=O)O,,NC1=CC=C(CC2=CC=C(N)C=C2)C=C1,7.0,0.4026541770045609,0.1820874623007324,0.0,0.0,0.0,0.4522179892813328,0.0,0.0,0.0,1,1,0,0,0,1,0,0,0,0,0,160.0,3.2,,24.8,,3.2,,,3.0,35.0,,1184.0,,,87.2,,,159.0,,,17.0,,,62.6,,,97.55,,,,,Virtual screening scenario,,,,,,,,,,,,,,,,,,,,,,,,,,,,,,,
FORM_000195,CAND_R2_063,PBD-nitrile-to-acid-all,designed,P-N,B,True,True,True,True,True,Candidate,,PBD-nitrile-to-acid-all,,DDM,DOPO-based (additive),0,1,P-N,100.00%,0.00%,O=C(O)c1ccc(Oc2cccc(NC(c3ccc(C(Nc4cccc(Oc5ccc(C(=O)O)c(C(=O)O)c5)c4)P4(=O)Oc5ccccc5-c5ccccc54)cc3)P3(=O)Oc4ccccc4-c4ccccc43)c2)cc1C(=O)O,,NC1=CC=C(CC2=CC=C(N)C=C2)C=C1,10.0,0.5752202528636584,0.26012494614390336,0.0,0.0,0.0,0.45221798928133267,0.0,0.0,0.0,1,1,0,0,0,1,0,0,0,0,0,160.0,3.2,,24.8,,3.2,,,3.0,35.0,,1184.0,,,87.2,,,159.0,,,17.0,,,62.6,,,97.55,,,,,Virtual screening scenario,,,,,,,,,,,,,,,,,,,,,,,,,,,,,,,
FORM_000196,CAND_R2_064,PBD-nitrile-to-aminomethyl,designed,P-N,B,True,True,True,True,True,Candidate,,PBD-nitrile-to-aminomethyl,,DDM,DOPO-based (Co-curing),2,1,P-N,100.00%,0.00%,N#Cc1ccc(Oc2cccc(NC(c3ccc(C(Nc4cccc(Oc5ccc(CN)c(C#N)c5)c4)P4(=O)Oc5ccccc5-c5ccccc54)cc3)P3(=O)Oc4ccccc4-c4ccccc43)c2)cc1C#N,,NC1=CC=C(CC2=CC=C(N)C=C2)C=C1,4.0,0.24656411072857168,0.33450217914784375,0.0,0.0,0.0,1.3566539678439984,0.0,0.0,0.0,1,1,0,0,0,1,0,0,0,0,0,170.0,3.0,,24.0,,3.0,,,3.0,35.0,,1208.0,,,88.0,,,164.3,,,16.5,,,58.7,,,101.3,,,,,Virtual screening scenario,,,,,,,,,,,,,,,,,,,,,,,,,,,,,,,
FORM_000197,CAND_R2_064,PBD-nitrile-to-aminomethyl,designed,P-N,B,True,True,True,True,True,Candidate,,PBD-nitrile-to-aminomethyl,,DDM,DOPO-based (Co-curing),2,1,P-N,100.00%,0.00%,N#Cc1ccc(Oc2cccc(NC(c3ccc(C(Nc4cccc(Oc5ccc(CN)c(C#N)c5)c4)P4(=O)Oc5ccccc5-c5ccccc54)cc3)P3(=O)Oc4ccccc4-c4ccccc43)c2)cc1C#N,,NC1=CC=C(CC2=CC=C(N)C=C2)C=C1,6.78,0.41792616768492896,0.5669811936555952,0.0,0.0,0.0,1.3566539678439986,0.0,0.0,0.0,1,1,0,0,0,1,0,0,0,0,0,170.0,3.0,,24.0,,3.0,,,3.0,35.0,,1208.0,,,88.0,,,164.3,,,16.5,,,58.7,,,101.3,,,,,Virtual screening scenario,,,,,,,,,,,,,,,,,,,,,,,,,,,,,,,
FORM_000198,CAND_R2_064,PBD-nitrile-to-aminomethyl,designed,P-N,B,True,True,True,True,True,Candidate,,PBD-nitrile-to-aminomethyl,,DDM,DOPO-based (Co-curing),2,1,P-N,100.00%,0.00%,N#Cc1ccc(Oc2cccc(NC(c3ccc(C(Nc4cccc(Oc5ccc(CN)c(C#N)c5)c4)P4(=O)Oc5ccccc5-c5ccccc54)cc3)P3(=O)Oc4ccccc4-c4ccccc43)c2)cc1C#N,,NC1=CC=C(CC2=CC=C(N)C=C2)C=C1,10.19,0.6281220720810363,0.852144301379132,0.0,0.0,0.0,1.3566539678439986,0.0,0.0,0.0,1,1,0,0,0,1,0,0,0,0,0,170.0,3.0,,24.0,,3.0,,,3.0,35.0,,1208.0,,,88.0,,,164.3,,,16.5,,,58.7,,,101.3,,,,,Virtual screening scenario,,,,,,,,,,,,,,,,,,,,,,,,,,,,,,,
FORM_000199,CAND_R2_065,PBD-nitrile-to-aminomethyl-2,designed,P-N,B,True,True,True,True,True,Candidate,,PBD-nitrile-to-aminomethyl-2,,DDM,DOPO-based (Co-curing),2,1,P-N,100.00%,0.00%,N#Cc1ccc(Oc2cccc(NC(c3ccc(C(Nc4cccc(Oc5ccc(C#N)c(CN)c5)c4)P4(=O)Oc5ccccc5-c5ccccc54)cc3)P3(=O)Oc4ccccc4-c4ccccc43)c2)cc1C#N,,NC1=CC=C(CC2=CC=C(N)C=C2)C=C1,4.0,0.24656411072857168,0.33450217914784375,0.0,0.0,0.0,1.3566539678439984,0.0,0.0,0.0,1,1,0,0,0,1,0,0,0,0,0,170.0,3.0,,24.0,,3.0,,,3.0,35.0,,1208.0,,,88.0,,,164.3,,,16.5,,,58.7,,,101.3,,,,,Virtual screening scenario,,,,,,,,,,,,,,,,,,,,,,,,,,,,,,,
FORM_000200,CAND_R2_065,PBD-nitrile-to-aminomethyl-2,designed,P-N,B,True,True,True,True,True,Candidate,,PBD-nitrile-to-aminomethyl-2,,DDM,DOPO-based (Co-curing),2,1,P-N,100.00%,0.00%,N#Cc1ccc(Oc2cccc(NC(c3ccc(C(Nc4cccc(Oc5ccc(C#N)c(CN)c5)c4)P4(=O)Oc5ccccc5-c5ccccc54)cc3)P3(=O)Oc4ccccc4-c4ccccc43)c2)cc1C#N,,NC1=CC=C(CC2=CC=C(N)C=C2)C=C1,6.78,0.41792616768492896,0.5669811936555952,0.0,0.0,0.0,1.3566539678439986,0.0,0.0,0.0,1,1,0,0,0,1,0,0,0,0,0,170.0,3.0,,24.0,,3.0,,,3.0,35.0,,1208.0,,,88.0,,,164.3,,,16.5,,,58.7,,,101.3,,,,,Virtual screening scenario,,,,,,,,,,,,,,,,,,,,,,,,,,,,,,,
FORM_000201,CAND_R2_065,PBD-nitrile-to-aminomethyl-2,designed,P-N,B,True,True,True,True,True,Candidate,,PBD-nitrile-to-aminomethyl-2,,DDM,DOPO-based (Co-curing),2,1,P-N,100.00%,0.00%,N#Cc1ccc(Oc2cccc(NC(c3ccc(C(Nc4cccc(Oc5ccc(C#N)c(CN)c5)c4)P4(=O)Oc5ccccc5-c5ccccc54)cc3)P3(=O)Oc4ccccc4-c4ccccc43)c2)cc1C#N,,NC1=CC=C(CC2=CC=C(N)C=C2)C=C1,10.19,0.6281220720810363,0.852144301379132,0.0,0.0,0.0,1.3566539678439986,0.0,0.0,0.0,1,1,0,0,0,1,0,0,0,0,0,170.0,3.0,,24.0,,3.0,,,3.0,35.0,,1208.0,,,88.0,,,164.3,,,16.5,,,58.7,,,101.3,,,,,Virtual screening scenario,,,,,,,,,,,,,,,,,,,,,,,,,,,,,,,
FORM_000202,CAND_R2_066,PBD-nitrile-to-aminomethyl-all,designed,P-N,B,True,True,True,True,True,Candidate,,PBD-nitrile-to-aminomethyl-all,,DDM,DOPO-based (Co-curing),2,1,P-N,100.00%,0.00%,NCc1ccc(Oc2cccc(NC(c3ccc(C(Nc4cccc(Oc5ccc(CN)c(CN)c5)c4)P4(=O)Oc5ccccc5-c5ccccc54)cc3)P3(=O)Oc4ccccc4-c4ccccc43)c2)cc1CN,,NC1=CC=C(CC2=CC=C(N)C=C2)C=C1,4.0,0.24363174433375676,0.33052397264314565,0.0,0.0,0.0,1.3566539678439984,0.0,0.0,0.0,1,1,0,0,0,1,0,0,0,0,0,170.0,3.0,,24.0,,3.0,,,3.0,35.0,,1208.0,,,88.0,,,164.3,,,16.5,,,58.7,,,101.3,,,,,Virtual screening scenario,,,,,,,,,,,,,,,,,,,,,,,,,,,,,,,
FORM_000203,CAND_R2_066,PBD-nitrile-to-aminomethyl-all,designed,P-N,B,True,True,True,True,True,Candidate,,PBD-nitrile-to-aminomethyl-all,,DDM,DOPO-based (Co-curing),2,1,P-N,100.00%,0.00%,NCc1ccc(Oc2cccc(NC(c3ccc(C(Nc4cccc(Oc5ccc(CN)c(CN)c5)c4)P4(=O)Oc5ccccc5-c5ccccc54)cc3)P3(=O)Oc4ccccc4-c4ccccc43)c2)cc1CN,,NC1=CC=C(CC2=CC=C(N)C=C2)C=C1,6.78,0.41295580664571774,0.5602381336301319,0.0,0.0,0.0,1.3566539678439982,0.0,0.0,0.0,1,1,0,0,0,1,0,0,0,0,0,170.0,3.0,,24.0,,3.0,,,3.0,35.0,,1208.0,,,88.0,,,164.3,,,16.5,,,58.7,,,101.3,,,,,Virtual screening scenario,,,,,,,,,,,,,,,,,,,,,,,,,,,,,,,
FORM_000204,CAND_R2_066,PBD-nitrile-to-aminomethyl-all,designed,P-N,B,True,True,True,True,True,Candidate,,PBD-nitrile-to-aminomethyl-all,,DDM,DOPO-based (Co-curing),2,1,P-N,100.00%,0.00%,NCc1ccc(Oc2cccc(NC(c3ccc(C(Nc4cccc(Oc5ccc(CN)c(CN)c5)c4)P4(=O)Oc5ccccc5-c5ccccc54)cc3)P3(=O)Oc4ccccc4-c4ccccc43)c2)cc1CN,,NC1=CC=C(CC2=CC=C(N)C=C2)C=C1,10.19,0.6206518686902452,0.8420098203084134,0.0,0.0,0.0,1.3566539678439984,0.0,0.0,0.0,1,1,0,0,0,1,0,0,0,0,0,170.0,3.0,,24.0,,3.0,,,3.0,35.0,,1208.0,,,88.0,,,164.3,,,16.5,,,58.7,,,101.3,,,,,Virtual screening scenario,,,,,,,,,,,,,,,,,,,,,,,,,,,,,,,
FORM_000205,CAND_R2_067,PBD-NH-methyl,designed,P-N,B,True,True,True,True,True,Candidate,,PBD-NH-methyl,,DDM,DOPO-based (additive),0,1,P-N,100.00%,0.00%,CN(c1cccc(Oc2ccc(C#N)c(C#N)c2)c1)C(c1ccc(C(Nc2cccc(Oc3ccc(C#N)c(C#N)c3)c2)P2(=O)Oc3ccccc3-c3ccccc32)cc1)P1(=O)Oc2ccccc2-c2ccccc21,,NC1=CC=C(CC2=CC=C(N)C=C2)C=C1,3.42,0.20873633340722672,0.28318297495012185,0.0,0.0,0.0,1.3566539678439982,0.0,0.0,0.0,1,1,0,0,0,1,0,0,0,0,0,160.0,3.2,,24.8,,3.2,,,3.0,35.0,,1184.0,,,87.2,,,159.0,,,17.0,,,62.6,,,97.55,,,,,Virtual screening scenario,,,,,,,,,,,,,,,,,,,,,,,,,,,,,,,
FORM_000206,CAND_R2_067,PBD-NH-methyl,designed,P-N,B,True,True,True,True,True,Candidate,,PBD-NH-methyl,,DDM,DOPO-based (additive),0,1,P-N,100.00%,0.00%,CN(c1cccc(Oc2ccc(C#N)c(C#N)c2)c1)C(c1ccc(C(Nc2cccc(Oc3ccc(C#N)c(C#N)c3)c2)P2(=O)Oc3ccccc3-c3ccccc32)cc1)P1(=O)Oc2ccccc2-c2ccccc21,,NC1=CC=C(CC2=CC=C(N)C=C2)C=C1,7.0,0.4272381093130372,0.5796142762136998,0.0,0.0,0.0,1.3566539678439982,0.0,0.0,0.0,1,1,0,0,0,1,0,0,0,0,0,160.0,3.2,,24.8,,3.2,,,3.0,35.0,,1184.0,,,87.2,,,159.0,,,17.0,,,62.6,,,97.55,,,,,Virtual screening scenario,,,,,,,,,,,,,,,,,,,,,,,,,,,,,,,
FORM_000207,CAND_R2_067,PBD-NH-methyl,designed,P-N,B,True,True,True,True,True,Candidate,,PBD-NH-methyl,,DDM,DOPO-based (additive),0,1,P-N,100.00%,0.00%,CN(c1cccc(Oc2ccc(C#N)c(C#N)c2)c1)C(c1ccc(C(Nc2cccc(Oc3ccc(C#N)c(C#N)c3)c2)P2(=O)Oc3ccccc3-c3ccccc32)cc1)P1(=O)Oc2ccccc2-c2ccccc21,,NC1=CC=C(CC2=CC=C(N)C=C2)C=C1,10.0,0.6103401561614816,0.8280203945909996,0.0,0.0,0.0,1.3566539678439984,0.0,0.0,0.0,1,1,0,0,0,1,0,0,0,0,0,160.0,3.2,,24.8,,3.2,,,3.0,35.0,,1184.0,,,87.2,,,159.0,,,17.0,,,62.6,,,97.55,,,,,Virtual screening scenario,,,,,,,,,,,,,,,,,,,,,,,,,,,,,,,
FORM_000208,CAND_R2_068,PBD-NH-methyl-all,designed,P-N,B,True,True,True,True,True,Candidate,,PBD-NH-methyl-all,,DDM,DOPO-based (additive),0,1,P-N,100.00%,0.00%,CN(c1cccc(Oc2ccc(C#N)c(C#N)c2)c1)C(c1ccc(C(N(C)c2cccc(Oc3ccc(C#N)c(C#N)c3)c2)P2(=O)Oc3ccccc3-c3ccccc32)cc1)P1(=O)Oc2ccccc2-c2ccccc21,,NC1=CC=C(CC2=CC=C(N)C=C2)C=C1,3.42,0.20589091177665345,0.2793227224048155,0.0,0.0,0.0,1.3566539678439982,0.0,0.0,0.0,1,1,0,0,0,1,0,0,0,0,0,160.0,3.2,,24.8,,3.2,,,3.0,35.0,,1184.0,,,87.2,,,159.0,,,17.0,,,62.6,,,97.55,,,,,Virtual screening scenario,,,,,,,,,,,,,,,,,,,,,,,,,,,,,,,
FORM_000209,CAND_R2_068,PBD-NH-methyl-all,designed,P-N,B,True,True,True,True,True,Candidate,,PBD-NH-methyl-all,,DDM,DOPO-based (additive),0,1,P-N,100.00%,0.00%,CN(c1cccc(Oc2ccc(C#N)c(C#N)c2)c1)C(c1ccc(C(N(C)c2cccc(Oc3ccc(C#N)c(C#N)c3)c2)P2(=O)Oc3ccccc3-c3ccccc32)cc1)P1(=O)Oc2ccccc2-c2ccccc21,,NC1=CC=C(CC2=CC=C(N)C=C2)C=C1,7.0,0.42141414691127904,0.5717131745127803,0.0,0.0,0.0,1.3566539678439982,0.0,0.0,0.0,1,1,0,0,0,1,0,0,0,0,0,160.0,3.2,,24.8,,3.2,,,3.0,35.0,,1184.0,,,87.2,,,159.0,,,17.0,,,62.6,,,97.55,,,,,Virtual screening scenario,,,,,,,,,,,,,,,,,,,,,,,,,,,,,,,
FORM_000210,CAND_R2_068,PBD-NH-methyl-all,designed,P-N,B,True,True,True,True,True,Candidate,,PBD-NH-methyl-all,,DDM,DOPO-based (additive),0,1,P-N,100.00%,0.00%,CN(c1cccc(Oc2ccc(C#N)c(C#N)c2)c1)C(c1ccc(C(N(C)c2cccc(Oc3ccc(C#N)c(C#N)c3)c2)P2(=O)Oc3ccccc3-c3ccccc32)cc1)P1(=O)Oc2ccccc2-c2ccccc21,,NC1=CC=C(CC2=CC=C(N)C=C2)C=C1,10.0,0.6020202098732558,0.8167331064468288,0.0,0.0,0.0,1.356653967843998,0.0,0.0,0.0,1,1,0,0,0,1,0,0,0,0,0,160.0,3.2,,24.8,,3.2,,,3.0,35.0,,1184.0,,,87.2,,,159.0,,,17.0,,,62.6,,,97.55,,,,,Virtual screening scenario,,,,,,,,,,,,,,,,,,,,,,,,,,,,,,,
FORM_000211,CAND_R2_069,PBD-NH-hydroxyethyl,designed,P-N,B,True,True,True,True,True,Candidate,,PBD-NH-hydroxyethyl,,DDM,DOPO-based (additive),0,1,P-N,100.00%,0.00%,N#Cc1ccc(Oc2cccc(NC(c3ccc(C(N(CCO)c4cccc(Oc5ccc(C#N)c(C#N)c5)c4)P4(=O)Oc5ccccc5-c5ccccc54)cc3)P3(=O)Oc4ccccc4-c4ccccc43)c2)cc1C#N,,NC1=CC=C(CC2=CC=C(N)C=C2)C=C1,3.42,0.20273871508256924,0.2750462822523614,0.0,0.0,0.0,1.3566539678439982,0.0,0.0,0.0,1,1,0,0,0,1,0,0,0,0,0,160.0,3.2,,24.8,,3.2,,,3.0,35.0,,1184.0,,,87.2,,,159.0,,,17.0,,,62.6,,,97.55,,,,,Virtual screening scenario,,,,,,,,,,,,,,,,,,,,,,,,,,,,,,,
FORM_000212,CAND_R2_069,PBD-NH-hydroxyethyl,designed,P-N,B,True,True,True,True,True,Candidate,,PBD-NH-hydroxyethyl,,DDM,DOPO-based (additive),0,1,P-N,100.00%,0.00%,N#Cc1ccc(Oc2cccc(NC(c3ccc(C(N(CCO)c4cccc(Oc5ccc(C#N)c(C#N)c5)c4)P4(=O)Oc5ccccc5-c5ccccc54)cc3)P3(=O)Oc4ccccc4-c4ccccc43)c2)cc1C#N,,NC1=CC=C(CC2=CC=C(N)C=C2)C=C1,7.0,0.41496228233274407,0.5629602268323187,0.0,0.0,0.0,1.3566539678439984,0.0,0.0,0.0,1,1,0,0,0,1,0,0,0,0,0,160.0,3.2,,24.8,,3.2,,,3.0,35.0,,1184.0,,,87.2,,,159.0,,,17.0,,,62.6,,,97.55,,,,,Virtual screening scenario,,,,,,,,,,,,,,,,,,,,,,,,,,,,,,,
FORM_000213,CAND_R2_069,PBD-NH-hydroxyethyl,designed,P-N,B,True,True,True,True,True,Candidate,,PBD-NH-hydroxyethyl,,DDM,DOPO-based (additive),0,1,P-N,100.00%,0.00%,N#Cc1ccc(Oc2cccc(NC(c3ccc(C(N(CCO)c4cccc(Oc5ccc(C#N)c(C#N)c5)c4)P4(=O)Oc5ccccc5-c5ccccc54)cc3)P3(=O)Oc4ccccc4-c4ccccc43)c2)cc1C#N,,NC1=CC=C(CC2=CC=C(N)C=C2)C=C1,10.0,0.5928032604753486,0.8042288954747409,0.0,0.0,0.0,1.3566539678439982,0.0,0.0,0.0,1,1,0,0,0,1,0,0,0,0,0,160.0,3.2,,24.8,,3.2,,,3.0,35.0,,1184.0,,,87.2,,,159.0,,,17.0,,,62.6,,,97.55,,,,,Virtual screening scenario,,,,,,,,,,,,,,,,,,,,,,,,,,,,,,,
FORM_000214,CAND_R2_071,PBD-NH-glycidyl,designed,P-N,B,True,True,True,True,True,Candidate,,PBD-NH-glycidyl,,DDM,DOPO-based (Co-curing),2,1,P-N,100.00%,0.00%,N#Cc1ccc(Oc2cccc(NC(c3ccc(C(N(CC4CO4)c4cccc(Oc5ccc(C#N)c(C#N)c5)c4)P4(=O)Oc5ccccc5-c5ccccc54)cc3)P3(=O)Oc4ccccc4-c4ccccc43)c2)cc1C#N,,NC1=CC=C(CC2=CC=C(N)C=C2)C=C1,4.0,0.23442685608110403,0.31803612447162366,0.0,0.0,0.0,1.356653967843998,0.0,0.0,0.0,1,1,0,0,0,1,0,0,0,0,0,170.0,3.0,,24.0,,3.0,,,3.0,35.0,,1208.0,,,88.0,,,164.3,,,16.5,,,58.7,,,101.3,,,,,Virtual screening scenario,,,,,,,,,,,,,,,,,,,,,,,,,,,,,,,
FORM_000215,CAND_R2_071,PBD-NH-glycidyl,designed,P-N,B,True,True,True,True,True,Candidate,,PBD-NH-glycidyl,,DDM,DOPO-based (Co-curing),2,1,P-N,100.00%,0.00%,N#Cc1ccc(Oc2cccc(NC(c3ccc(C(N(CC4CO4)c4cccc(Oc5ccc(C#N)c(C#N)c5)c4)P4(=O)Oc5ccccc5-c5ccccc54)cc3)P3(=O)Oc4ccccc4-c4ccccc43)c2)cc1C#N,,NC1=CC=C(CC2=CC=C(N)C=C2)C=C1,6.78,0.39735352105747135,0.5390712309794021,0.0,0.0,0.0,1.356653967843998,0.0,0.0,0.0,1,1,0,0,0,1,0,0,0,0,0,170.0,3.0,,24.0,,3.0,,,3.0,35.0,,1208.0,,,88.0,,,164.3,,,16.5,,,58.7,,,101.3,,,,,Virtual screening scenario,,,,,,,,,,,,,,,,,,,,,,,,,,,,,,,
FORM_000216,CAND_R2_071,PBD-NH-glycidyl,designed,P-N,B,True,True,True,True,True,Candidate,,PBD-NH-glycidyl,,DDM,DOPO-based (Co-curing),2,1,P-N,100.00%,0.00%,N#Cc1ccc(Oc2cccc(NC(c3ccc(C(N(CC4CO4)c4cccc(Oc5ccc(C#N)c(C#N)c5)c4)P4(=O)Oc5ccccc5-c5ccccc54)cc3)P3(=O)Oc4ccccc4-c4ccccc43)c2)cc1C#N,,NC1=CC=C(CC2=CC=C(N)C=C2)C=C1,10.19,0.5972024158666125,0.8101970270914614,0.0,0.0,0.0,1.3566539678439982,0.0,0.0,0.0,1,1,0,0,0,1,0,0,0,0,0,170.0,3.0,,24.0,,3.0,,,3.0,35.0,,1208.0,,,88.0,,,164.3,,,16.5,,,58.7,,,101.3,,,,,Virtual screening scenario,,,,,,,,,,,,,,,,,,,,,,,,,,,,,,,
FORM_000217,CAND_R2_073,TDCA-DOPO-2-amino,designed,P-N,B,True,True,True,True,True,Candidate,,TDCA-DOPO-2-amino,,DDM,DOPO-based (Co-curing),2,1,P-N,100.00%,0.00%,Nc1ccc(P(=O)(OC(c2ccc(C(OP(=O)(c3ccccc3)c3ccccc3)P3(=O)Oc4ccccc4-c4ccccc43)cc2)P2(=O)Oc3ccccc3-c3ccccc32)c2ccccc2)cc1,,NC1=CC=C(CC2=CC=C(N)C=C2)C=C1,4.0,0.50474255363572,0.057063415677467644,0.0,0.0,0.0,0.11305449732033321,0.0,0.0,0.0,1,1,0,0,0,1,0,0,0,0,0,170.0,3.0,,24.0,,3.0,,,3.0,35.0,,1208.0,,,88.0,,,164.3,,,16.5,,,58.7,,,101.3,,,,,Virtual screening scenario,,,,,,,,,,,,,,,,,,,,,,,,,,,,,,,
FORM_000218,CAND_R2_073,TDCA-DOPO-2-amino,designed,P-N,B,True,True,True,True,True,Candidate,,TDCA-DOPO-2-amino,,DDM,DOPO-based (Co-curing),2,1,P-N,100.00%,0.00%,Nc1ccc(P(=O)(OC(c2ccc(C(OP(=O)(c3ccccc3)c3ccccc3)P3(=O)Oc4ccccc4-c4ccccc43)cc2)P2(=O)Oc3ccccc3-c3ccccc32)c2ccccc2)cc1,,NC1=CC=C(CC2=CC=C(N)C=C2)C=C1,6.78,0.8555386284125455,0.09672248957330766,0.0,0.0,0.0,0.1130544973203332,0.0,0.0,0.0,1,1,0,0,0,1,0,0,0,0,0,170.0,3.0,,24.0,,3.0,,,3.0,35.0,,1208.0,,,88.0,,,164.3,,,16.5,,,58.7,,,101.3,,,,,Virtual screening scenario,,,,,,,,,,,,,,,,,,,,,,,,,,,,,,,
FORM_000219,CAND_R2_073,TDCA-DOPO-2-amino,designed,P-N,B,True,True,True,True,True,Candidate,,TDCA-DOPO-2-amino,,DDM,DOPO-based (Co-curing),2,1,P-N,100.00%,0.00%,Nc1ccc(P(=O)(OC(c2ccc(C(OP(=O)(c3ccccc3)c3ccccc3)P3(=O)Oc4ccccc4-c4ccccc43)cc2)P2(=O)Oc3ccccc3-c3ccccc32)c2ccccc2)cc1,,NC1=CC=C(CC2=CC=C(N)C=C2)C=C1,10.19,1.2858316553869966,0.1453690514383488,0.0,0.0,0.0,0.1130544973203332,0.0,0.0,0.0,1,1,0,0,0,1,0,0,0,0,0,170.0,3.0,,24.0,,3.0,,,3.0,35.0,,1208.0,,,88.0,,,164.3,,,16.5,,,58.7,,,101.3,,,,,Virtual screening scenario,,,,,,,,,,,,,,,,,,,,,,,,,,,,,,,
FORM_000220,CAND_R2_074,TDCA-DOPO-2-hydroxy,designed,P-only,B,True,True,True,True,True,Candidate,,TDCA-DOPO-2-hydroxy,,DDM,DOPO-based (additive),0,0,P-only,100.00%,0.00%,O=P(OC(c1ccc(C(OP(=O)(c2ccccc2)c2ccc(O)cc2)P2(=O)Oc3ccccc3-c3ccccc32)cc1)P1(=O)Oc2ccccc2-c2ccccc21)(c1ccccc1)c1ccccc1,,NC1=CC=C(CC2=CC=C(N)C=C2)C=C1,3.42,0.431122818691566,0.0,0.0,0.0,0.0,0.0,0.0,0.0,0.0,1,0,0,0,0,1,0,0,0,0,0,160.0,3.2,,24.8,,3.2,,,3.0,35.0,,1184.0,,,87.2,,,159.0,,,17.0,,,62.6,,,97.55,,,,,Virtual screening scenario,,,,,,,,,,,,,,,,,,,,,,,,,,,,,,,
FORM_000221,CAND_R2_074,TDCA-DOPO-2-hydroxy,designed,P-only,B,True,True,True,True,True,Candidate,,TDCA-DOPO-2-hydroxy,,DDM,DOPO-based (additive),0,0,P-only,100.00%,0.00%,O=P(OC(c1ccc(C(OP(=O)(c2ccccc2)c2ccc(O)cc2)P2(=O)Oc3ccccc3-c3ccccc32)cc1)P1(=O)Oc2ccccc2-c2ccccc21)(c1ccccc1)c1ccccc1,,NC1=CC=C(CC2=CC=C(N)C=C2)C=C1,7.0,0.8824151259768894,0.0,0.0,0.0,0.0,0.0,0.0,0.0,0.0,1,0,0,0,0,1,0,0,0,0,0,160.0,3.2,,24.8,,3.2,,,3.0,35.0,,1184.0,,,87.2,,,159.0,,,17.0,,,62.6,,,97.55,,,,,Virtual screening scenario,,,,,,,,,,,,,,,,,,,,,,,,,,,,,,,
FORM_000222,CAND_R2_074,TDCA-DOPO-2-hydroxy,designed,P-only,B,True,True,True,True,True,Candidate,,TDCA-DOPO-2-hydroxy,,DDM,DOPO-based (additive),0,0,P-only,100.00%,0.00%,O=P(OC(c1ccc(C(OP(=O)(c2ccccc2)c2ccc(O)cc2)P2(=O)Oc3ccccc3-c3ccccc32)cc1)P1(=O)Oc2ccccc2-c2ccccc21)(c1ccccc1)c1ccccc1,,NC1=CC=C(CC2=CC=C(N)C=C2)C=C1,10.0,1.2605930371098422,0.0,0.0,0.0,0.0,0.0,0.0,0.0,0.0,1,0,0,0,0,1,0,0,0,0,0,160.0,3.2,,24.8,,3.2,,,3.0,35.0,,1184.0,,,87.2,,,159.0,,,17.0,,,62.6,,,97.55,,,,,Virtual screening scenario,,,,,,,,,,,,,,,,,,,,,,,,,,,,,,,
FORM_000223,CAND_R2_075,TDCA-DOPO-2-hydroxymethyl,designed,P-only,B,True,True,True,True,True,Candidate,,TDCA-DOPO-2-hydroxymethyl,,DDM,DOPO-based (additive),0,0,P-only,100.00%,0.00%,O=P(OC(c1ccc(C(OP(=O)(c2ccccc2)c2ccc(CO)cc2)P2(=O)Oc3ccccc3-c3ccccc32)cc1)P1(=O)Oc2ccccc2-c2ccccc21)(c1ccccc1)c1ccccc1,,NC1=CC=C(CC2=CC=C(N)C=C2)C=C1,3.42,0.425056446904599,0.0,0.0,0.0,0.0,0.0,0.0,0.0,0.0,1,0,0,0,0,1,0,0,0,0,0,160.0,3.2,,24.8,,3.2,,,3.0,35.0,,1184.0,,,87.2,,,159.0,,,17.0,,,62.6,,,97.55,,,,,Virtual screening scenario,,,,,,,,,,,,,,,,,,,,,,,,,,,,,,,
FORM_000224,CAND_R2_075,TDCA-DOPO-2-hydroxymethyl,designed,P-only,B,True,True,True,True,True,Candidate,,TDCA-DOPO-2-hydroxymethyl,,DDM,DOPO-based (additive),0,0,P-only,100.00%,0.00%,O=P(OC(c1ccc(C(OP(=O)(c2ccccc2)c2ccc(CO)cc2)P2(=O)Oc3ccccc3-c3ccccc32)cc1)P1(=O)Oc2ccccc2-c2ccccc21)(c1ccccc1)c1ccccc1,,NC1=CC=C(CC2=CC=C(N)C=C2)C=C1,7.0,0.8699985755357289,0.0,0.0,0.0,0.0,0.0,0.0,0.0,0.0,1,0,0,0,0,1,0,0,0,0,0,160.0,3.2,,24.8,,3.2,,,3.0,35.0,,1184.0,,,87.2,,,159.0,,,17.0,,,62.6,,,97.55,,,,,Virtual screening scenario,,,,,,,,,,,,,,,,,,,,,,,,,,,,,,,
FORM_000225,CAND_R2_075,TDCA-DOPO-2-hydroxymethyl,designed,P-only,B,True,True,True,True,True,Candidate,,TDCA-DOPO-2-hydroxymethyl,,DDM,DOPO-based (additive),0,0,P-only,100.00%,0.00%,O=P(OC(c1ccc(C(OP(=O)(c2ccccc2)c2ccc(CO)cc2)P2(=O)Oc3ccccc3-c3ccccc32)cc1)P1(=O)Oc2ccccc2-c2ccccc21)(c1ccccc1)c1ccccc1,,NC1=CC=C(CC2=CC=C(N)C=C2)C=C1,10.0,1.2428551079081842,0.0,0.0,0.0,0.0,0.0,0.0,0.0,0.0,1,0,0,0,0,1,0,0,0,0,0,160.0,3.2,,24.8,,3.2,,,3.0,35.0,,1184.0,,,87.2,,,159.0,,,17.0,,,62.6,,,97.55,,,,,Virtual screening scenario,,,,,,,,,,,,,,,,,,,,,,,,,,,,,,,
FORM_000226,CAND_R2_076,TDCA-DOPO-2-carboxamide,designed,P-N,B,True,True,True,True,True,Candidate,,TDCA-DOPO-2-carboxamide,,DDM,DOPO-based (additive),0,1,P-N,100.00%,0.00%,NC(=O)c1ccc(P(=O)(OC(c2ccc(C(OP(=O)(c3ccccc3)c3ccccc3)P3(=O)Oc4ccccc4-c4ccccc43)cc2)P2(=O)Oc3ccccc3-c3ccccc32)c2ccccc2)cc1,,NC1=CC=C(CC2=CC=C(N)C=C2)C=C1,3.42,0.4195851128616201,0.04743598401766573,0.0,0.0,0.0,0.1130544973203332,0.0,0.0,0.0,1,1,0,0,0,1,0,0,0,0,0,160.0,3.2,,24.8,,3.2,,,3.0,35.0,,1184.0,,,87.2,,,159.0,,,17.0,,,62.6,,,97.55,,,,,Virtual screening scenario,,,,,,,,,,,,,,,,,,,,,,,,,,,,,,,
FORM_000227,CAND_R2_076,TDCA-DOPO-2-carboxamide,designed,P-N,B,True,True,True,True,True,Candidate,,TDCA-DOPO-2-carboxamide,,DDM,DOPO-based (additive),0,1,P-N,100.00%,0.00%,NC(=O)c1ccc(P(=O)(OC(c2ccc(C(OP(=O)(c3ccccc3)c3ccccc3)P3(=O)Oc4ccccc4-c4ccccc43)cc2)P2(=O)Oc3ccccc3-c3ccccc32)c2ccccc2)cc1,,NC1=CC=C(CC2=CC=C(N)C=C2)C=C1,7.0,0.8587999386056552,0.09709119535779535,0.0,0.0,0.0,0.1130544973203332,0.0,0.0,0.0,1,1,0,0,0,1,0,0,0,0,0,160.0,3.2,,24.8,,3.2,,,3.0,35.0,,1184.0,,,87.2,,,159.0,,,17.0,,,62.6,,,97.55,,,,,Virtual screening scenario,,,,,,,,,,,,,,,,,,,,,,,,,,,,,,,
FORM_000228,CAND_R2_076,TDCA-DOPO-2-carboxamide,designed,P-N,B,True,True,True,True,True,Candidate,,TDCA-DOPO-2-carboxamide,,DDM,DOPO-based (additive),0,1,P-N,100.00%,0.00%,NC(=O)c1ccc(P(=O)(OC(c2ccc(C(OP(=O)(c3ccccc3)c3ccccc3)P3(=O)Oc4ccccc4-c4ccccc43)cc2)P2(=O)Oc3ccccc3-c3ccccc32)c2ccccc2)cc1,,NC1=CC=C(CC2=CC=C(N)C=C2)C=C1,10.0,1.226857055150936,0.13870170765399337,0.0,0.0,0.0,0.11305449732033321,0.0,0.0,0.0,1,1,0,0,0,1,0,0,0,0,0,160.0,3.2,,24.8,,3.2,,,3.0,35.0,,1184.0,,,87.2,,,159.0,,,17.0,,,62.6,,,97.55,,,,,Virtual screening scenario,,,,,,,,,,,,,,,,,,,,,,,,,,,,,,,
FORM_000229,CAND_R2_077,TDCA-DOPO-2-boronic-acid,designed,P-B,B,True,True,True,True,True,Candidate,,TDCA-DOPO-2-boronic-acid,,DDM,DOPO-based (additive),0,1,P-B,100.00%,0.00%,O=P(OC(c1ccc(C(OP(=O)(c2ccccc2)c2ccc(B(O)O)cc2)P2(=O)Oc3ccccc3-c3ccccc32)cc1)P1(=O)Oc2ccccc2-c2ccccc21)(c1ccccc1)c1ccccc1,,NC1=CC=C(CC2=CC=C(N)C=C2)C=C1,3.42,0.4192558907167409,0.0,0.0,0.03658709474421614,0.0,0.0,0.0,0.08726673984632273,0.0,1,0,0,1,0,1,0,0,0,0,0,160.0,3.2,,24.8,,3.2,,,3.0,35.0,,1184.0,,,87.2,,,159.0,,,17.0,,,62.6,,,97.55,,,,,Virtual screening scenario,,,,,,,,,,,,,,,,,,,,,,,,,,,,,,,
FORM_000230,CAND_R2_077,TDCA-DOPO-2-boronic-acid,designed,P-B,B,True,True,True,True,True,Candidate,,TDCA-DOPO-2-boronic-acid,,DDM,DOPO-based (additive),0,1,P-B,100.00%,0.00%,O=P(OC(c1ccc(C(OP(=O)(c2ccccc2)c2ccc(B(O)O)cc2)P2(=O)Oc3ccccc3-c3ccccc32)cc1)P1(=O)Oc2ccccc2-c2ccccc21)(c1ccccc1)c1ccccc1,,NC1=CC=C(CC2=CC=C(N)C=C2)C=C1,7.0,0.8581260921102885,0.0,0.0,0.07488586643553012,0.0,0.0,0.0,0.08726673984632273,0.0,1,0,0,1,0,1,0,0,0,0,0,160.0,3.2,,24.8,,3.2,,,3.0,35.0,,1184.0,,,87.2,,,159.0,,,17.0,,,62.6,,,97.55,,,,,Virtual screening scenario,,,,,,,,,,,,,,,,,,,,,,,,,,,,,,,
FORM_000231,CAND_R2_077,TDCA-DOPO-2-boronic-acid,designed,P-B,B,True,True,True,True,True,Candidate,,TDCA-DOPO-2-boronic-acid,,DDM,DOPO-based (additive),0,1,P-B,100.00%,0.00%,O=P(OC(c1ccc(C(OP(=O)(c2ccccc2)c2ccc(B(O)O)cc2)P2(=O)Oc3ccccc3-c3ccccc32)cc1)P1(=O)Oc2ccccc2-c2ccccc21)(c1ccccc1)c1ccccc1,,NC1=CC=C(CC2=CC=C(N)C=C2)C=C1,10.0,1.2258944173004123,0.0,0.0,0.10697980919361445,0.0,0.0,0.0,0.08726673984632272,0.0,1,0,0,1,0,1,0,0,0,0,0,160.0,3.2,,24.8,,3.2,,,3.0,35.0,,1184.0,,,87.2,,,159.0,,,17.0,,,62.6,,,97.55,,,,,Virtual screening scenario,,,,,,,,,,,,,,,,,,,,,,,,,,,,,,,
FORM_000232,CAND_R2_078,TDCA-DOPO-2-pinacol-boronate,designed,P-B,B,True,True,True,True,True,Candidate,,TDCA-DOPO-2-pinacol-boronate,,DDM,DOPO-based (additive),0,1,P-B,100.00%,0.00%,CC1(C)OB(c2ccc(P(=O)(OC(c3ccc(C(OP(=O)(c4ccccc4)c4ccccc4)P4(=O)Oc5ccccc5-c5ccccc54)cc3)P3(=O)Oc4ccccc4-c4ccccc43)c3ccccc3)cc2)OC1(C)C,,NC1=CC=C(CC2=CC=C(N)C=C2)C=C1,3.42,0.3877404548299604,0.0,0.0,0.03383684539954101,0.0,0.0,0.0,0.08726673984632274,0.0,1,0,0,1,0,1,0,0,0,0,0,160.0,3.2,,24.8,,3.2,,,3.0,35.0,,1184.0,,,87.2,,,159.0,,,17.0,,,62.6,,,97.55,,,,,Virtual screening scenario,,,,,,,,,,,,,,,,,,,,,,,,,,,,,,,
FORM_000233,CAND_R2_078,TDCA-DOPO-2-pinacol-boronate,designed,P-B,B,True,True,True,True,True,Candidate,,TDCA-DOPO-2-pinacol-boronate,,DDM,DOPO-based (additive),0,1,P-B,100.00%,0.00%,CC1(C)OB(c2ccc(P(=O)(OC(c3ccc(C(OP(=O)(c4ccccc4)c4ccccc4)P4(=O)Oc5ccccc5-c5ccccc54)cc3)P3(=O)Oc4ccccc4-c4ccccc43)c3ccccc3)cc2)OC1(C)C,,NC1=CC=C(CC2=CC=C(N)C=C2)C=C1,7.0,0.7936208139794511,0.0,0.0,0.06925670111017165,0.0,0.0,0.0,0.08726673984632274,0.0,1,0,0,1,0,1,0,0,0,0,0,160.0,3.2,,24.8,,3.2,,,3.0,35.0,,1184.0,,,87.2,,,159.0,,,17.0,,,62.6,,,97.55,,,,,Virtual screening scenario,,,,,,,,,,,,,,,,,,,,,,,,,,,,,,,
FORM_000234,CAND_R2_078,TDCA-DOPO-2-pinacol-boronate,designed,P-B,B,True,True,True,True,True,Candidate,,TDCA-DOPO-2-pinacol-boronate,,DDM,DOPO-based (additive),0,1,P-B,100.00%,0.00%,CC1(C)OB(c2ccc(P(=O)(OC(c3ccc(C(OP(=O)(c4ccccc4)c4ccccc4)P4(=O)Oc5ccccc5-c5ccccc54)cc3)P3(=O)Oc4ccccc4-c4ccccc43)c3ccccc3)cc2)OC1(C)C,,NC1=CC=C(CC2=CC=C(N)C=C2)C=C1,10.0,1.1337440199706443,0.0,0.0,0.09893814444310235,0.0,0.0,0.0,0.08726673984632274,0.0,1,0,0,1,0,1,0,0,0,0,0,160.0,3.2,,24.8,,3.2,,,3.0,35.0,,1184.0,,,87.2,,,159.0,,,17.0,,,62.6,,,97.55,,,,,Virtual screening scenario,,,,,,,,,,,,,,,,,,,,,,,,,,,,,,,
FORM_000235,CAND_R2_079,TDCA-DOPO-2-trimethoxysilyl,designed,P-Si,B,True,True,True,True,True,Candidate,,TDCA-DOPO-2-trimethoxysilyl,,DDS,DOPO-based (Additive + Secondary Crosslinking),3,1,P-Si,100.00%,0.00%,CO[Si](OC)(OC)c1ccc(P(=O)(OC(c2ccc(C(OP(=O)(c3ccccc3)c3ccccc3)P3(=O)Oc4ccccc4-c4ccccc43)cc2)P2(=O)Oc3ccccc3-c3ccccc32)c2ccccc2)cc1,,NC1=CC=C(C=C1)S(=O)(=O)C1=CC=C(N)C=C1,3.5,0.39892182296553874,0.0,0.0,0.0,0.0904316387922945,0.0,0.0,0.0,0.22669012720346093,1,0,0,0,1,1,1,0,0,0,0,250.0,4.0,,22.4,,3.0,,,4.0,35.0,,867.99,,,114.14500000000001,,,180.0,,,16.9,,,52.14,,,95.65,,,,,Virtual screening scenario,,,,,,,,,,,,,,,,,,,,,,,,,,,,,,,
FORM_000236,CAND_R2_079,TDCA-DOPO-2-trimethoxysilyl,designed,P-Si,B,True,True,True,True,True,Candidate,,TDCA-DOPO-2-trimethoxysilyl,,DDS,DOPO-based (Additive + Secondary Crosslinking),3,1,P-Si,100.00%,0.00%,CO[Si](OC)(OC)c1ccc(P(=O)(OC(c2ccc(C(OP(=O)(c3ccccc3)c3ccccc3)P3(=O)Oc4ccccc4-c4ccccc43)cc2)P2(=O)Oc3ccccc3-c3ccccc32)c2ccccc2)cc1,,NC1=CC=C(C=C1)S(=O)(=O)C1=CC=C(N)C=C1,5.29,0.6029418409964857,0.0,0.0,0.0,0.13668096263178225,0.0,0.0,0.0,0.2266901272034609,1,0,0,0,1,1,1,0,0,0,0,250.0,4.0,,22.4,,3.0,,,4.0,35.0,,867.99,,,114.14500000000001,,,180.0,,,16.9,,,52.14,,,95.65,,,,,Virtual screening scenario,,,,,,,,,,,,,,,,,,,,,,,,,,,,,,,
FORM_000237,CAND_R2_079,TDCA-DOPO-2-trimethoxysilyl,designed,P-Si,B,True,True,True,True,True,Candidate,,TDCA-DOPO-2-trimethoxysilyl,,DDS,DOPO-based (Additive + Secondary Crosslinking),3,1,P-Si,100.00%,0.00%,CO[Si](OC)(OC)c1ccc(P(=O)(OC(c2ccc(C(OP(=O)(c3ccccc3)c3ccccc3)P3(=O)Oc4ccccc4-c4ccccc43)cc2)P2(=O)Oc3ccccc3-c3ccccc32)c2ccccc2)cc1,,NC1=CC=C(C=C1)S(=O)(=O)C1=CC=C(N)C=C1,10.0,1.1397766370443962,0.0,0.0,0.0,0.2583761108351272,0.0,0.0,0.0,0.226690127203461,1,0,0,0,1,1,1,0,0,0,0,250.0,4.0,,22.4,,3.0,,,4.0,35.0,,867.99,,,114.14500000000001,,,180.0,,,16.9,,,52.14,,,95.65,,,,,Virtual screening scenario,,,,,,,,,,,,,,,,,,,,,,,,,,,,,,,
FORM_000238,CAND_R2_080,TDCA-DOPO-2-triethoxysilyl,designed,P-Si,B,True,True,True,True,True,Candidate,,TDCA-DOPO-2-triethoxysilyl,,DDS,DOPO-based (Additive + Secondary Crosslinking),3,1,P-Si,100.00%,0.00%,CCO[Si](OCC)(OCC)c1ccc(P(=O)(OC(c2ccc(C(OP(=O)(c3ccccc3)c3ccccc3)P3(=O)Oc4ccccc4-c4ccccc43)cc2)P2(=O)Oc3ccccc3-c3ccccc32)c2ccccc2)cc1,,NC1=CC=C(C=C1)S(=O)(=O)C1=CC=C(N)C=C1,3.5,0.3840542165846986,0.0,0.0,0.0,0.08706129921061091,0.0,0.0,0.0,0.22669012720346104,1,0,0,0,1,1,1,0,0,0,0,250.0,4.0,,22.4,,3.0,,,4.0,35.0,,867.99,,,114.14500000000001,,,180.0,,,16.9,,,52.14,,,95.65,,,,,Virtual screening scenario,,,,,,,,,,,,,,,,,,,,,,,,,,,,,,,
FORM_000239,CAND_R2_080,TDCA-DOPO-2-triethoxysilyl,designed,P-Si,B,True,True,True,True,True,Candidate,,TDCA-DOPO-2-triethoxysilyl,,DDS,DOPO-based (Additive + Secondary Crosslinking),3,1,P-Si,100.00%,0.00%,CCO[Si](OCC)(OCC)c1ccc(P(=O)(OC(c2ccc(C(OP(=O)(c3ccccc3)c3ccccc3)P3(=O)Oc4ccccc4-c4ccccc43)cc2)P2(=O)Oc3ccccc3-c3ccccc32)c2ccccc2)cc1,,NC1=CC=C(C=C1)S(=O)(=O)C1=CC=C(N)C=C1,5.29,0.5804705159237302,0.0,0.0,0.0,0.13158693509260905,0.0,0.0,0.0,0.22669012720346102,1,0,0,0,1,1,1,0,0,0,0,250.0,4.0,,22.4,,3.0,,,4.0,35.0,,867.99,,,114.14500000000001,,,180.0,,,16.9,,,52.14,,,95.65,,,,,Virtual screening scenario,,,,,,,,,,,,,,,,,,,,,,,,,,,,,,,
FORM_000240,CAND_R2_080,TDCA-DOPO-2-triethoxysilyl,designed,P-Si,B,True,True,True,True,True,Candidate,,TDCA-DOPO-2-triethoxysilyl,,DDS,DOPO-based (Additive + Secondary Crosslinking),3,1,P-Si,100.00%,0.00%,CCO[Si](OCC)(OCC)c1ccc(P(=O)(OC(c2ccc(C(OP(=O)(c3ccccc3)c3ccccc3)P3(=O)Oc4ccccc4-c4ccccc43)cc2)P2(=O)Oc3ccccc3-c3ccccc32)c2ccccc2)cc1,,NC1=CC=C(C=C1)S(=O)(=O)C1=CC=C(N)C=C1,10.0,1.0972977616705675,0.0,0.0,0.0,0.24874656917317403,0.0,0.0,0.0,0.22669012720346104,1,0,0,0,1,1,1,0,0,0,0,250.0,4.0,,22.4,,3.0,,,4.0,35.0,,867.99,,,114.14500000000001,,,180.0,,,16.9,,,52.14,,,95.65,,,,,Virtual screening scenario,,,,,,,,,,,,,,,,,,,,,,,,,,,,,,,
FORM_000241,CAND_R2_081,TDCA-DOPO-2-disiloxane,designed,P-Si,B,True,True,True,True,True,Candidate,,TDCA-DOPO-2-disiloxane,,DDM,DOPO-based (additive),0,1,P-Si,100.00%,0.00%,C[Si](C)(C)O[Si](C)(C)c1ccc(P(=O)(OC(c2ccc(C(OP(=O)(c3ccccc3)c3ccccc3)P3(=O)Oc4ccccc4-c4ccccc43)cc2)P2(=O)Oc3ccccc3-c3ccccc32)c2ccccc2)cc1,,NC1=CC=C(CC2=CC=C(N)C=C2)C=C1,3.42,0.38064381437649675,0.0,0.0,0.0,0.17257638940043726,0.0,0.0,0.0,0.4533802544069219,1,0,0,0,1,1,0,0,0,0,0,160.0,3.2,,24.8,,3.2,,,3.0,35.0,,1184.0,,,87.2,,,159.0,,,17.0,,,62.6,,,97.55,,,,,Virtual screening scenario,,,,,,,,,,,,,,,,,,,,,,,,,,,,,,,
FORM_000242,CAND_R2_081,TDCA-DOPO-2-disiloxane,designed,P-Si,B,True,True,True,True,True,Candidate,,TDCA-DOPO-2-disiloxane,,DDM,DOPO-based (additive),0,1,P-Si,100.00%,0.00%,C[Si](C)(C)O[Si](C)(C)c1ccc(P(=O)(OC(c2ccc(C(OP(=O)(c3ccccc3)c3ccccc3)P3(=O)Oc4ccccc4-c4ccccc43)cc2)P2(=O)Oc3ccccc3-c3ccccc32)c2ccccc2)cc1,,NC1=CC=C(CC2=CC=C(N)C=C2)C=C1,7.0,0.7790955265016015,0.0,0.0,0.0,0.3532265280125909,0.0,0.0,0.0,0.453380254406922,1,0,0,0,1,1,0,0,0,0,0,160.0,3.2,,24.8,,3.2,,,3.0,35.0,,1184.0,,,87.2,,,159.0,,,17.0,,,62.6,,,97.55,,,,,Virtual screening scenario,,,,,,,,,,,,,,,,,,,,,,,,,,,,,,,
FORM_000243,CAND_R2_081,TDCA-DOPO-2-disiloxane,designed,P-Si,B,True,True,True,True,True,Candidate,,TDCA-DOPO-2-disiloxane,,DDM,DOPO-based (additive),0,1,P-Si,100.00%,0.00%,C[Si](C)(C)O[Si](C)(C)c1ccc(P(=O)(OC(c2ccc(C(OP(=O)(c3ccccc3)c3ccccc3)P3(=O)Oc4ccccc4-c4ccccc43)cc2)P2(=O)Oc3ccccc3-c3ccccc32)c2ccccc2)cc1,,NC1=CC=C(CC2=CC=C(N)C=C2)C=C1,10.0,1.1129936092880022,0.0,0.0,0.0,0.5046093257322727,0.0,0.0,0.0,0.4533802544069219,1,0,0,0,1,1,0,0,0,0,0,160.0,3.2,,24.8,,3.2,,,3.0,35.0,,1184.0,,,87.2,,,159.0,,,17.0,,,62.6,,,97.55,,,,,Virtual screening scenario,,,,,,,,,,,,,,,,,,,,,,,,,,,,,,,
FORM_000244,CAND_R2_082,TDCA-DOPO-2-glycidyloxy,designed,P-only,B,True,True,True,True,True,Candidate,,TDCA-DOPO-2-glycidyloxy,,DDM,DOPO-based (Co-curing),2,0,P-only,100.00%,0.00%,O=P(OC(c1ccc(C(OP(=O)(c2ccccc2)c2ccc(OCC3CO3)cc2)P2(=O)Oc3ccccc3-c3ccccc32)cc1)P1(=O)Oc2ccccc2-c2ccccc21)(c1ccccc1)c1ccccc1,,NC1=CC=C(CC2=CC=C(N)C=C2)C=C1,4.0,0.47702624787877196,0.0,0.0,0.0,0.0,0.0,0.0,0.0,0.0,1,0,0,0,0,1,0,0,0,0,0,170.0,3.0,,24.0,,3.0,,,3.0,35.0,,1208.0,,,88.0,,,164.3,,,16.5,,,58.7,,,101.3,,,,,Virtual screening scenario,,,,,,,,,,,,,,,,,,,,,,,,,,,,,,,
FORM_000245,CAND_R2_082,TDCA-DOPO-2-glycidyloxy,designed,P-only,B,True,True,True,True,True,Candidate,,TDCA-DOPO-2-glycidyloxy,,DDM,DOPO-based (Co-curing),2,0,P-only,100.00%,0.00%,O=P(OC(c1ccc(C(OP(=O)(c2ccccc2)c2ccc(OCC3CO3)cc2)P2(=O)Oc3ccccc3-c3ccccc32)cc1)P1(=O)Oc2ccccc2-c2ccccc21)(c1ccccc1)c1ccccc1,,NC1=CC=C(CC2=CC=C(N)C=C2)C=C1,6.78,0.8085594901545186,0.0,0.0,0.0,0.0,0.0,0.0,0.0,0.0,1,0,0,0,0,1,0,0,0,0,0,170.0,3.0,,24.0,,3.0,,,3.0,35.0,,1208.0,,,88.0,,,164.3,,,16.5,,,58.7,,,101.3,,,,,Virtual screening scenario,,,,,,,,,,,,,,,,,,,,,,,,,,,,,,,
FORM_000246,CAND_R2_082,TDCA-DOPO-2-glycidyloxy,designed,P-only,B,True,True,True,True,True,Candidate,,TDCA-DOPO-2-glycidyloxy,,DDM,DOPO-based (Co-curing),2,0,P-only,100.00%,0.00%,O=P(OC(c1ccc(C(OP(=O)(c2ccccc2)c2ccc(OCC3CO3)cc2)P2(=O)Oc3ccccc3-c3ccccc32)cc1)P1(=O)Oc2ccccc2-c2ccccc21)(c1ccccc1)c1ccccc1,,NC1=CC=C(CC2=CC=C(N)C=C2)C=C1,10.19,1.2152243664711717,0.0,0.0,0.0,0.0,0.0,0.0,0.0,0.0,1,0,0,0,0,1,0,0,0,0,0,170.0,3.0,,24.0,,3.0,,,3.0,35.0,,1208.0,,,88.0,,,164.3,,,16.5,,,58.7,,,101.3,,,,,Virtual screening scenario,,,,,,,,,,,,,,,,,,,,,,,,,,,,,,,
FORM_000247,CAND_R2_083,TDCA-DOPO-2-diaminotriazine,designed,P-N,B,True,True,True,True,True,Candidate,,TDCA-DOPO-2-diaminotriazine,,DDM,DOPO-based (Co-curing),2,1,P-N,100.00%,0.00%,Nc1nc(N)nc(-c2ccc(P(=O)(OC(c3ccc(C(OP(=O)(c4ccccc4)c4ccccc4)P4(=O)Oc5ccccc5-c5ccccc54)cc3)P3(=O)Oc4ccccc4-c4ccccc43)c3ccccc3)cc2)n1,,NC1=CC=C(CC2=CC=C(N)C=C2)C=C1,4.0,0.46060903477171405,0.2603696144366,0.0,0.0,0.0,0.565272486601666,0.0,0.0,0.0,1,1,0,0,0,1,0,0,0,0,0,170.0,3.0,,24.0,,3.0,,,3.0,35.0,,1208.0,,,88.0,,,164.3,,,16.5,,,58.7,,,101.3,,,,,Virtual screening scenario,,,,,,,,,,,,,,,,,,,,,,,,,,,,,,,
FORM_000248,CAND_R2_083,TDCA-DOPO-2-diaminotriazine,designed,P-N,B,True,True,True,True,True,Candidate,,TDCA-DOPO-2-diaminotriazine,,DDM,DOPO-based (Co-curing),2,1,P-N,100.00%,0.00%,Nc1nc(N)nc(-c2ccc(P(=O)(OC(c3ccc(C(OP(=O)(c4ccccc4)c4ccccc4)P4(=O)Oc5ccccc5-c5ccccc54)cc3)P3(=O)Oc4ccccc4-c4ccccc43)c3ccccc3)cc2)n1,,NC1=CC=C(CC2=CC=C(N)C=C2)C=C1,6.78,0.7807323139380554,0.441326496470037,0.0,0.0,0.0,0.5652724866016658,0.0,0.0,0.0,1,1,0,0,0,1,0,0,0,0,0,170.0,3.0,,24.0,,3.0,,,3.0,35.0,,1208.0,,,88.0,,,164.3,,,16.5,,,58.7,,,101.3,,,,,Virtual screening scenario,,,,,,,,,,,,,,,,,,,,,,,,,,,,,,,
FORM_000249,CAND_R2_083,TDCA-DOPO-2-diaminotriazine,designed,P-N,B,True,True,True,True,True,Candidate,,TDCA-DOPO-2-diaminotriazine,,DDM,DOPO-based (Co-curing),2,1,P-N,100.00%,0.00%,Nc1nc(N)nc(-c2ccc(P(=O)(OC(c3ccc(C(OP(=O)(c4ccccc4)c4ccccc4)P4(=O)Oc5ccccc5-c5ccccc54)cc3)P3(=O)Oc4ccccc4-c4ccccc43)c3ccccc3)cc2)n1,,NC1=CC=C(CC2=CC=C(N)C=C2)C=C1,10.19,1.1734015160809417,0.6632915927772385,0.0,0.0,0.0,0.5652724866016658,0.0,0.0,0.0,1,1,0,0,0,1,0,0,0,0,0,170.0,3.0,,24.0,,3.0,,,3.0,35.0,,1208.0,,,88.0,,,164.3,,,16.5,,,58.7,,,101.3,,,,,Virtual screening scenario,,,,,,,,,,,,,,,,,,,,,,,,,,,,,,,
FORM_000250,CAND_R2_084,TDCA-DOPO-2-piperazine,designed,P-N,B,True,True,True,True,True,Candidate,,TDCA-DOPO-2-piperazine,,DDM,DOPO-based (Co-curing),2,1,P-N,100.00%,0.00%,O=P(OC(c1ccc(C(OP(=O)(c2ccccc2)c2ccc(N3CCNCC3)cc2)P2(=O)Oc3ccccc3-c3ccccc32)cc1)P1(=O)Oc2ccccc2-c2ccccc21)(c1ccccc1)c1ccccc1,,NC1=CC=C(CC2=CC=C(N)C=C2)C=C1,4.0,0.47155272978471147,0.10662231365168293,0.0,0.0,0.0,0.2261089946406664,0.0,0.0,0.0,1,1,0,0,0,1,0,0,0,0,0,170.0,3.0,,24.0,,3.0,,,3.0,35.0,,1208.0,,,88.0,,,164.3,,,16.5,,,58.7,,,101.3,,,,,Virtual screening scenario,,,,,,,,,,,,,,,,,,,,,,,,,,,,,,,
FORM_000251,CAND_R2_084,TDCA-DOPO-2-piperazine,designed,P-N,B,True,True,True,True,True,Candidate,,TDCA-DOPO-2-piperazine,,DDM,DOPO-based (Co-curing),2,1,P-N,100.00%,0.00%,O=P(OC(c1ccc(C(OP(=O)(c2ccccc2)c2ccc(N3CCNCC3)cc2)P2(=O)Oc3ccccc3-c3ccccc32)cc1)P1(=O)Oc2ccccc2-c2ccccc21)(c1ccccc1)c1ccccc1,,NC1=CC=C(CC2=CC=C(N)C=C2)C=C1,6.78,0.7992818769850859,0.18072482163960257,0.0,0.0,0.0,0.22610899464066642,0.0,0.0,0.0,1,1,0,0,0,1,0,0,0,0,0,170.0,3.0,,24.0,,3.0,,,3.0,35.0,,1208.0,,,88.0,,,164.3,,,16.5,,,58.7,,,101.3,,,,,Virtual screening scenario,,,,,,,,,,,,,,,,,,,,,,,,,,,,,,,
FORM_000252,CAND_R2_084,TDCA-DOPO-2-piperazine,designed,P-N,B,True,True,True,True,True,Candidate,,TDCA-DOPO-2-piperazine,,DDM,DOPO-based (Co-curing),2,1,P-N,100.00%,0.00%,O=P(OC(c1ccc(C(OP(=O)(c2ccccc2)c2ccc(N3CCNCC3)cc2)P2(=O)Oc3ccccc3-c3ccccc32)cc1)P1(=O)Oc2ccccc2-c2ccccc21)(c1ccccc1)c1ccccc1,,NC1=CC=C(CC2=CC=C(N)C=C2)C=C1,10.19,1.2012805791265524,0.2716203440276622,0.0,0.0,0.0,0.22610899464066636,0.0,0.0,0.0,1,1,0,0,0,1,0,0,0,0,0,170.0,3.0,,24.0,,3.0,,,3.0,35.0,,1208.0,,,88.0,,,164.3,,,16.5,,,58.7,,,101.3,,,,,Virtual screening scenario,,,,,,,,,,,,,,,,,,,,,,,,,,,,,,,
FORM_000253,CAND_R2_085,TDCA-DOPO-2-benzamide-linker,designed,P-N,B,True,True,True,True,True,Candidate,,TDCA-DOPO-2-benzamide-linker,,DDM,DOPO-based (additive),0,1,P-N,100.00%,0.00%,O=C(Nc1ccc(P(=O)(OC(c2ccc(C(OP(=O)(c3ccccc3)c3ccccc3)P3(=O)Oc4ccccc4-c4ccccc43)cc2)P2(=O)Oc3ccccc3-c3ccccc32)c2ccccc2)cc1)c1ccccc1,,NC1=CC=C(CC2=CC=C(N)C=C2)C=C1,3.42,0.3901830172851192,0.044111944882100025,0.0,0.0,0.0,0.11305449732033318,0.0,0.0,0.0,1,1,0,0,0,1,0,0,0,0,0,160.0,3.2,,24.8,,3.2,,,3.0,35.0,,1184.0,,,87.2,,,159.0,,,17.0,,,62.6,,,97.55,,,,,Virtual screening scenario,,,,,,,,,,,,,,,,,,,,,,,,,,,,,,,
FORM_000254,CAND_R2_085,TDCA-DOPO-2-benzamide-linker,designed,P-N,B,True,True,True,True,True,Candidate,,TDCA-DOPO-2-benzamide-linker,,DDM,DOPO-based (additive),0,1,P-N,100.00%,0.00%,O=C(Nc1ccc(P(=O)(OC(c2ccc(C(OP(=O)(c3ccccc3)c3ccccc3)P3(=O)Oc4ccccc4-c4ccccc43)cc2)P2(=O)Oc3ccccc3-c3ccccc32)c2ccccc2)cc1)c1ccccc1,,NC1=CC=C(CC2=CC=C(N)C=C2)C=C1,7.0,0.7986202108174956,0.09028760648383045,0.0,0.0,0.0,0.11305449732033315,0.0,0.0,0.0,1,1,0,0,0,1,0,0,0,0,0,160.0,3.2,,24.8,,3.2,,,3.0,35.0,,1184.0,,,87.2,,,159.0,,,17.0,,,62.6,,,97.55,,,,,Virtual screening scenario,,,,,,,,,,,,,,,,,,,,,,,,,,,,,,,
FORM_000255,CAND_R2_085,TDCA-DOPO-2-benzamide-linker,designed,P-N,B,True,True,True,True,True,Candidate,,TDCA-DOPO-2-benzamide-linker,,DDM,DOPO-based (additive),0,1,P-N,100.00%,0.00%,O=C(Nc1ccc(P(=O)(OC(c2ccc(C(OP(=O)(c3ccccc3)c3ccccc3)P3(=O)Oc4ccccc4-c4ccccc43)cc2)P2(=O)Oc3ccccc3-c3ccccc32)c2ccccc2)cc1)c1ccccc1,,NC1=CC=C(CC2=CC=C(N)C=C2)C=C1,10.0,1.1408860154535652,0.12898229497690067,0.0,0.0,0.0,0.11305449732033317,0.0,0.0,0.0,1,1,0,0,0,1,0,0,0,0,0,160.0,3.2,,24.8,,3.2,,,3.0,35.0,,1184.0,,,87.2,,,159.0,,,17.0,,,62.6,,,97.55,,,,,Virtual screening scenario,,,,,,,,,,,,,,,,,,,,,,,,,,,,,,,
FORM_000256,CAND_R2_086,TDCA-DOPO-2-phenyl,designed,P-only,B,True,True,True,True,True,Candidate,,TDCA-DOPO-2-phenyl,,DDM,DOPO-based (additive),0,0,P-only,100.00%,0.00%,O=P(OC(c1ccc(C(OP(=O)(c2ccccc2)c2ccc(-c3ccccc3)cc2)P2(=O)Oc3ccccc3-c3ccccc32)cc1)P1(=O)Oc2ccccc2-c2ccccc21)(c1ccccc1)c1ccccc1,,NC1=CC=C(CC2=CC=C(N)C=C2)C=C1,3.42,0.40627949120657214,0.0,0.0,0.0,0.0,0.0,0.0,0.0,0.0,1,0,0,0,0,1,0,0,0,0,0,160.0,3.2,,24.8,,3.2,,,3.0,35.0,,1184.0,,,87.2,,,159.0,,,17.0,,,62.6,,,97.55,,,,,Virtual screening scenario,,,,,,,,,,,,,,,,,,,,,,,,,,,,,,,
FORM_000257,CAND_R2_086,TDCA-DOPO-2-phenyl,designed,P-only,B,True,True,True,True,True,Candidate,,TDCA-DOPO-2-phenyl,,DDM,DOPO-based (additive),0,0,P-only,100.00%,0.00%,O=P(OC(c1ccc(C(OP(=O)(c2ccccc2)c2ccc(-c3ccccc3)cc2)P2(=O)Oc3ccccc3-c3ccccc32)cc1)P1(=O)Oc2ccccc2-c2ccccc21)(c1ccccc1)c1ccccc1,,NC1=CC=C(CC2=CC=C(N)C=C2)C=C1,7.0,0.8315662100719314,0.0,0.0,0.0,0.0,0.0,0.0,0.0,0.0,1,0,0,0,0,1,0,0,0,0,0,160.0,3.2,,24.8,,3.2,,,3.0,35.0,,1184.0,,,87.2,,,159.0,,,17.0,,,62.6,,,97.55,,,,,Virtual screening scenario,,,,,,,,,,,,,,,,,,,,,,,,,,,,,,,
FORM_000258,CAND_R2_086,TDCA-DOPO-2-phenyl,designed,P-only,B,True,True,True,True,True,Candidate,,TDCA-DOPO-2-phenyl,,DDM,DOPO-based (additive),0,0,P-only,100.00%,0.00%,O=P(OC(c1ccc(C(OP(=O)(c2ccccc2)c2ccc(-c3ccccc3)cc2)P2(=O)Oc3ccccc3-c3ccccc32)cc1)P1(=O)Oc2ccccc2-c2ccccc21)(c1ccccc1)c1ccccc1,,NC1=CC=C(CC2=CC=C(N)C=C2)C=C1,10.0,1.1879517286741876,0.0,0.0,0.0,0.0,0.0,0.0,0.0,0.0,1,0,0,0,0,1,0,0,0,0,0,160.0,3.2,,24.8,,3.2,,,3.0,35.0,,1184.0,,,87.2,,,159.0,,,17.0,,,62.6,,,97.55,,,,,Virtual screening scenario,,,,,,,,,,,,,,,,,,,,,,,,,,,,,,,
FORM_000259,CAND_R2_087,TDCA-DOPO-2-biphenyl,designed,P-only,B,True,True,True,True,True,Candidate,,TDCA-DOPO-2-biphenyl,,DDM,DOPO-based (additive),0,0,P-only,100.00%,0.00%,O=P(OC(c1ccc(C(OP(=O)(c2ccccc2)c2ccc(-c3ccc(-c4ccccc4)cc3)cc2)P2(=O)Oc3ccccc3-c3ccccc32)cc1)P1(=O)Oc2ccccc2-c2ccccc21)(c1ccccc1)c1ccccc1,,NC1=CC=C(CC2=CC=C(N)C=C2)C=C1,3.42,0.3786511962081648,0.0,0.0,0.0,0.0,0.0,0.0,0.0,0.0,1,0,0,0,0,1,0,0,0,0,0,160.0,3.2,,24.8,,3.2,,,3.0,35.0,,1184.0,,,87.2,,,159.0,,,17.0,,,62.6,,,97.55,,,,,Virtual screening scenario,,,,,,,,,,,,,,,,,,,,,,,,,,,,,,,
FORM_000260,CAND_R2_087,TDCA-DOPO-2-biphenyl,designed,P-only,B,True,True,True,True,True,Candidate,,TDCA-DOPO-2-biphenyl,,DDM,DOPO-based (additive),0,0,P-only,100.00%,0.00%,O=P(OC(c1ccc(C(OP(=O)(c2ccccc2)c2ccc(-c3ccc(-c4ccccc4)cc3)cc2)P2(=O)Oc3ccccc3-c3ccccc32)cc1)P1(=O)Oc2ccccc2-c2ccccc21)(c1ccccc1)c1ccccc1,,NC1=CC=C(CC2=CC=C(N)C=C2)C=C1,7.0,0.7750170682623256,0.0,0.0,0.0,0.0,0.0,0.0,0.0,0.0,1,0,0,0,0,1,0,0,0,0,0,160.0,3.2,,24.8,,3.2,,,3.0,35.0,,1184.0,,,87.2,,,159.0,,,17.0,,,62.6,,,97.55,,,,,Virtual screening scenario,,,,,,,,,,,,,,,,,,,,,,,,,,,,,,,
FORM_000261,CAND_R2_087,TDCA-DOPO-2-biphenyl,designed,P-only,B,True,True,True,True,True,Candidate,,TDCA-DOPO-2-biphenyl,,DDM,DOPO-based (additive),0,0,P-only,100.00%,0.00%,O=P(OC(c1ccc(C(OP(=O)(c2ccccc2)c2ccc(-c3ccc(-c4ccccc4)cc3)cc2)P2(=O)Oc3ccccc3-c3ccccc32)cc1)P1(=O)Oc2ccccc2-c2ccccc21)(c1ccccc1)c1ccccc1,,NC1=CC=C(CC2=CC=C(N)C=C2)C=C1,10.0,1.107167240374751,0.0,0.0,0.0,0.0,0.0,0.0,0.0,0.0,1,0,0,0,0,1,0,0,0,0,0,160.0,3.2,,24.8,,3.2,,,3.0,35.0,,1184.0,,,87.2,,,159.0,,,17.0,,,62.6,,,97.55,,,,,Virtual screening scenario,,,,,,,,,,,,,,,,,,,,,,,,,,,,,,,
FORM_000262,CAND_R2_088,DOPO-HPM-amino,designed,P-N,B,True,True,True,True,True,Candidate,,DOPO-HPM-amino,,DDM,DOPO-based (Co-curing),2,1,P-N,100.00%,0.00%,Nc1cc(N2C(=O)CC(P3(=O)Oc4ccccc4-c4ccccc43)C2=O)ccc1OCC(O)Cn1c(=O)n(CC2CO2)c(=O)n(CC2CO2)c1=O,,NC1=CC=C(CC2=CC=C(N)C=C2)C=C1,4.0,0.1726465522526992,0.3903693835803509,0.0,0.0,0.0,2.261089946406664,0.0,0.0,0.0,1,1,0,0,0,1,0,0,0,0,0,170.0,3.0,,24.0,,3.0,,,3.0,35.0,,1208.0,,,88.0,,,164.3,,,16.5,,,58.7,,,101.3,,,,,Virtual screening scenario,,,,,,,,,,,,,,,,,,,,,,,,,,,,,,,
FORM_000263,CAND_R2_088,DOPO-HPM-amino,designed,P-N,B,True,True,True,True,True,Candidate,,DOPO-HPM-amino,,DDM,DOPO-based (Co-curing),2,1,P-N,100.00%,0.00%,Nc1cc(N2C(=O)CC(P3(=O)Oc4ccccc4-c4ccccc43)C2=O)ccc1OCC(O)Cn1c(=O)n(CC2CO2)c(=O)n(CC2CO2)c1=O,,NC1=CC=C(CC2=CC=C(N)C=C2)C=C1,6.78,0.2926359060683252,0.6616761051686947,0.0,0.0,0.0,2.261089946406663,0.0,0.0,0.0,1,1,0,0,0,1,0,0,0,0,0,170.0,3.0,,24.0,,3.0,,,3.0,35.0,,1208.0,,,88.0,,,164.3,,,16.5,,,58.7,,,101.3,,,,,Virtual screening scenario,,,,,,,,,,,,,,,,,,,,,,,,,,,,,,,
FORM_000264,CAND_R2_088,DOPO-HPM-amino,designed,P-N,B,True,True,True,True,True,Candidate,,DOPO-HPM-amino,,DDM,DOPO-based (Co-curing),2,1,P-N,100.00%,0.00%,Nc1cc(N2C(=O)CC(P3(=O)Oc4ccccc4-c4ccccc43)C2=O)ccc1OCC(O)Cn1c(=O)n(CC2CO2)c(=O)n(CC2CO2)c1=O,,NC1=CC=C(CC2=CC=C(N)C=C2)C=C1,10.19,0.4398170918637512,0.9944660046709438,0.0,0.0,0.0,2.261089946406664,0.0,0.0,0.0,1,1,0,0,0,1,0,0,0,0,0,170.0,3.0,,24.0,,3.0,,,3.0,35.0,,1208.0,,,88.0,,,164.3,,,16.5,,,58.7,,,101.3,,,,,Virtual screening scenario,,,,,,,,,,,,,,,,,,,,,,,,,,,,,,,
FORM_000265,CAND_R2_089,DOPO-HPM-hydroxymethyl,designed,P-N,B,True,True,True,True,True,Candidate,,DOPO-HPM-hydroxymethyl,,DDM,DOPO-based (additive),0,1,P-N,100.00%,0.00%,O=C1CC(P2(=O)Oc3ccccc3-c3ccccc32)C(=O)N1c1ccc(OCC(O)Cn2c(=O)n(CC3CO3)c(=O)n(CC3CO3)c2=O)c(CO)c1,,NC1=CC=C(CC2=CC=C(N)C=C2)C=C1,3.42,0.14458837162640809,0.26154185076142544,0.0,0.0,0.0,1.8088719571253309,0.0,0.0,0.0,1,1,0,0,0,1,0,0,0,0,0,160.0,3.2,,24.8,,3.2,,,3.0,35.0,,1184.0,,,87.2,,,159.0,,,17.0,,,62.6,,,97.55,,,,,Virtual screening scenario,,,,,,,,,,,,,,,,,,,,,,,,,,,,,,,
FORM_000266,CAND_R2_089,DOPO-HPM-hydroxymethyl,designed,P-N,B,True,True,True,True,True,Candidate,,DOPO-HPM-hydroxymethyl,,DDM,DOPO-based (additive),0,1,P-N,100.00%,0.00%,O=C1CC(P2(=O)Oc3ccccc3-c3ccccc32)C(=O)N1c1ccc(OCC(O)Cn2c(=O)n(CC3CO3)c(=O)n(CC3CO3)c2=O)c(CO)c1,,NC1=CC=C(CC2=CC=C(N)C=C2)C=C1,7.0,0.2959411115160399,0.5353195775818649,0.0,0.0,0.0,1.8088719571253307,0.0,0.0,0.0,1,1,0,0,0,1,0,0,0,0,0,160.0,3.2,,24.8,,3.2,,,3.0,35.0,,1184.0,,,87.2,,,159.0,,,17.0,,,62.6,,,97.55,,,,,Virtual screening scenario,,,,,,,,,,,,,,,,,,,,,,,,,,,,,,,
FORM_000267,CAND_R2_089,DOPO-HPM-hydroxymethyl,designed,P-N,B,True,True,True,True,True,Candidate,,DOPO-HPM-hydroxymethyl,,DDM,DOPO-based (additive),0,1,P-N,100.00%,0.00%,O=C1CC(P2(=O)Oc3ccccc3-c3ccccc32)C(=O)N1c1ccc(OCC(O)Cn2c(=O)n(CC3CO3)c(=O)n(CC3CO3)c2=O)c(CO)c1,,NC1=CC=C(CC2=CC=C(N)C=C2)C=C1,10.0,0.42277301645148563,0.7647422536883784,0.0,0.0,0.0,1.8088719571253307,0.0,0.0,0.0,1,1,0,0,0,1,0,0,0,0,0,160.0,3.2,,24.8,,3.2,,,3.0,35.0,,1184.0,,,87.2,,,159.0,,,17.0,,,62.6,,,97.55,,,,,Virtual screening scenario,,,,,,,,,,,,,,,,,,,,,,,,,,,,,,,
FORM_000268,CAND_R2_090,DOPO-HPM-carboxamide,designed,P-N,B,True,True,True,True,True,Candidate,,DOPO-HPM-carboxamide,,DDM,DOPO-based (additive),0,1,P-N,100.00%,0.00%,NC(=O)c1cc(N2C(=O)CC(P3(=O)Oc4ccccc4-c4ccccc43)C2=O)ccc1OCC(O)Cn1c(=O)n(CC2CO2)c(=O)n(CC2CO2)c1=O,,NC1=CC=C(CC2=CC=C(N)C=C2)C=C1,3.42,0.14206770577679786,0.32122786124097763,0.0,0.0,0.0,2.2610899464066643,0.0,0.0,0.0,1,1,0,0,0,1,0,0,0,0,0,160.0,3.2,,24.8,,3.2,,,3.0,35.0,,1184.0,,,87.2,,,159.0,,,17.0,,,62.6,,,97.55,,,,,Virtual screening scenario,,,,,,,,,,,,,,,,,,,,,,,,,,,,,,,
FORM_000269,CAND_R2_090,DOPO-HPM-carboxamide,designed,P-N,B,True,True,True,True,True,Candidate,,DOPO-HPM-carboxamide,,DDM,DOPO-based (additive),0,1,P-N,100.00%,0.00%,NC(=O)c1cc(N2C(=O)CC(P3(=O)Oc4ccccc4-c4ccccc43)C2=O)ccc1OCC(O)Cn1c(=O)n(CC2CO2)c(=O)n(CC2CO2)c1=O,,NC1=CC=C(CC2=CC=C(N)C=C2)C=C1,7.0,0.29078185392911843,0.6574839265166209,0.0,0.0,0.0,2.2610899464066643,0.0,0.0,0.0,1,1,0,0,0,1,0,0,0,0,0,160.0,3.2,,24.8,,3.2,,,3.0,35.0,,1184.0,,,87.2,,,159.0,,,17.0,,,62.6,,,97.55,,,,,Virtual screening scenario,,,,,,,,,,,,,,,,,,,,,,,,,,,,,,,
FORM_000270,CAND_R2_090,DOPO-HPM-carboxamide,designed,P-N,B,True,True,True,True,True,Candidate,,DOPO-HPM-carboxamide,,DDM,DOPO-based (additive),0,1,P-N,100.00%,0.00%,NC(=O)c1cc(N2C(=O)CC(P3(=O)Oc4ccccc4-c4ccccc43)C2=O)ccc1OCC(O)Cn1c(=O)n(CC2CO2)c(=O)n(CC2CO2)c1=O,,NC1=CC=C(CC2=CC=C(N)C=C2)C=C1,10.0,0.4154026484701692,0.9392627521666013,0.0,0.0,0.0,2.2610899464066643,0.0,0.0,0.0,1,1,0,0,0,1,0,0,0,0,0,160.0,3.2,,24.8,,3.2,,,3.0,35.0,,1184.0,,,87.2,,,159.0,,,17.0,,,62.6,,,97.55,,,,,Virtual screening scenario,,,,,,,,,,,,,,,,,,,,,,,,,,,,,,,
FORM_000271,CAND_R2_091,DOPO-HPM-boronic-acid,designed,P-N-B,B,True,True,True,True,True,Candidate,,DOPO-HPM-boronic-acid,,DDM,DOPO-based (additive),0,1,P-N-B,100.00%,0.00%,O=C1CC(P2(=O)Oc3ccccc3-c3ccccc32)C(=O)N1c1ccc(OCC(O)Cn2c(=O)n(CC3CO3)c(=O)n(CC3CO3)c2=O)c(B(O)O)c1,,NC1=CC=C(CC2=CC=C(N)C=C2)C=C1,3.42,0.14191677462484806,0.25670927386456344,0.0,0.04953845700406331,0.0,1.808871957125331,0.0,0.34906695938529086,0.0,1,1,0,1,0,1,0,0,0,0,0,160.0,3.2,,24.8,,3.2,,,3.0,35.0,,1184.0,,,87.2,,,159.0,,,17.0,,,62.6,,,97.55,,,,,Virtual screening scenario,,,,,,,,,,,,,,,,,,,,,,,,,,,,,,,
FORM_000272,CAND_R2_091,DOPO-HPM-boronic-acid,designed,P-N-B,B,True,True,True,True,True,Candidate,,DOPO-HPM-boronic-acid,,DDM,DOPO-based (additive),0,1,P-N-B,100.00%,0.00%,O=C1CC(P2(=O)Oc3ccccc3-c3ccccc32)C(=O)N1c1ccc(OCC(O)Cn2c(=O)n(CC3CO3)c(=O)n(CC3CO3)c2=O)c(B(O)O)c1,,NC1=CC=C(CC2=CC=C(N)C=C2)C=C1,7.0,0.2904729305186949,0.5254283383192818,0.0,0.10139450263989568,0.0,1.8088719571253307,0.0,0.34906695938529086,0.0,1,1,0,1,0,1,0,0,0,0,0,160.0,3.2,,24.8,,3.2,,,3.0,35.0,,1184.0,,,87.2,,,159.0,,,17.0,,,62.6,,,97.55,,,,,Virtual screening scenario,,,,,,,,,,,,,,,,,,,,,,,,,,,,,,,
FORM_000273,CAND_R2_091,DOPO-HPM-boronic-acid,designed,P-N-B,B,True,True,True,True,True,Candidate,,DOPO-HPM-boronic-acid,,DDM,DOPO-based (additive),0,1,P-N-B,100.00%,0.00%,O=C1CC(P2(=O)Oc3ccccc3-c3ccccc32)C(=O)N1c1ccc(OCC(O)Cn2c(=O)n(CC3CO3)c(=O)n(CC3CO3)c2=O)c(B(O)O)c1,,NC1=CC=C(CC2=CC=C(N)C=C2)C=C1,10.0,0.41496132931242125,0.7506119118846883,0.0,0.14484928948556525,0.0,1.8088719571253309,0.0,0.34906695938529086,0.0,1,1,0,1,0,1,0,0,0,0,0,160.0,3.2,,24.8,,3.2,,,3.0,35.0,,1184.0,,,87.2,,,159.0,,,17.0,,,62.6,,,97.55,,,,,Virtual screening scenario,,,,,,,,,,,,,,,,,,,,,,,,,,,,,,,
FORM_000274,CAND_R2_092,DOPO-HPM-pinacol-boronate,designed,P-N-B,B,True,True,True,True,True,Candidate,,DOPO-HPM-pinacol-boronate,,DDM,DOPO-based (additive),0,1,P-N-B,100.00%,0.00%,CC1(C)OB(c2cc(N3C(=O)CC(P4(=O)Oc5ccccc5-c5ccccc54)C3=O)ccc2OCC(O)Cn2c(=O)n(CC3CO3)c(=O)n(CC3CO3)c2=O)OC1(C)C,,NC1=CC=C(CC2=CC=C(N)C=C2)C=C1,3.42,0.12784699551158193,0.23125884498362864,0.0,0.044627161989772846,0.0,1.808871957125331,0.0,0.349066959385291,0.0,1,1,0,1,0,1,0,0,0,0,0,160.0,3.2,,24.8,,3.2,,,3.0,35.0,,1184.0,,,87.2,,,159.0,,,17.0,,,62.6,,,97.55,,,,,Virtual screening scenario,,,,,,,,,,,,,,,,,,,,,,,,,,,,,,,
FORM_000275,CAND_R2_092,DOPO-HPM-pinacol-boronate,designed,P-N-B,B,True,True,True,True,True,Candidate,,DOPO-HPM-pinacol-boronate,,DDM,DOPO-based (additive),0,1,P-N-B,100.00%,0.00%,CC1(C)OB(c2cc(N3C(=O)CC(P4(=O)Oc5ccccc5-c5ccccc54)C3=O)ccc2OCC(O)Cn2c(=O)n(CC3CO3)c(=O)n(CC3CO3)c2=O)OC1(C)C,,NC1=CC=C(CC2=CC=C(N)C=C2)C=C1,7.0,0.26167513701200984,0.47333681721795334,0.0,0.09134214442351167,0.0,1.8088719571253309,0.0,0.3490669593852909,0.0,1,1,0,1,0,1,0,0,0,0,0,160.0,3.2,,24.8,,3.2,,,3.0,35.0,,1184.0,,,87.2,,,159.0,,,17.0,,,62.6,,,97.55,,,,,Virtual screening scenario,,,,,,,,,,,,,,,,,,,,,,,,,,,,,,,
FORM_000276,CAND_R2_092,DOPO-HPM-pinacol-boronate,designed,P-N-B,B,True,True,True,True,True,Candidate,,DOPO-HPM-pinacol-boronate,,DDM,DOPO-based (additive),0,1,P-N-B,100.00%,0.00%,CC1(C)OB(c2cc(N3C(=O)CC(P4(=O)Oc5ccccc5-c5ccccc54)C3=O)ccc2OCC(O)Cn2c(=O)n(CC3CO3)c(=O)n(CC3CO3)c2=O)OC1(C)C,,NC1=CC=C(CC2=CC=C(N)C=C2)C=C1,10.0,0.3738216243028712,0.6761954531685048,0.0,0.13048877774787382,0.0,1.808871957125331,0.0,0.3490669593852909,0.0,1,1,0,1,0,1,0,0,0,0,0,160.0,3.2,,24.8,,3.2,,,3.0,35.0,,1184.0,,,87.2,,,159.0,,,17.0,,,62.6,,,97.55,,,,,Virtual screening scenario,,,,,,,,,,,,,,,,,,,,,,,,,,,,,,,
FORM_000277,CAND_R2_093,DOPO-HPM-trimethoxysilyl,designed,P-N-Si,B,True,True,True,True,True,Candidate,,DOPO-HPM-trimethoxysilyl,,DDS,DOPO-based (Additive + Secondary Crosslinking),3,1,P-N-Si,100.00%,0.00%,CO[Si](OC)(OC)c1cc(N2C(=O)CC(P3(=O)Oc4ccccc4-c4ccccc43)C2=O)ccc1OCC(O)Cn1c(=O)n(CC2CO2)c(=O)n(CC2CO2)c1=O,,NC1=CC=C(C=C1)S(=O)(=O)C1=CC=C(N)C=C1,3.5,0.1317573192771451,0.23833211998643652,0.0,0.0,0.11947233386769214,1.8088719571253309,0.0,0.0,0.9067605088138436,1,1,0,0,1,1,1,0,0,0,0,250.0,4.0,,22.4,,3.0,,,4.0,35.0,,867.99,,,114.14500000000001,,,180.0,,,16.9,,,52.14,,,95.65,,,,,Virtual screening scenario,,,,,,,,,,,,,,,,,,,,,,,,,,,,,,,
FORM_000278,CAND_R2_093,DOPO-HPM-trimethoxysilyl,designed,P-N-Si,B,True,True,True,True,True,Candidate,,DOPO-HPM-trimethoxysilyl,,DDS,DOPO-based (Additive + Secondary Crosslinking),3,1,P-N-Si,100.00%,0.00%,CO[Si](OC)(OC)c1cc(N2C(=O)CC(P3(=O)Oc4ccccc4-c4ccccc43)C2=O)ccc1OCC(O)Cn1c(=O)n(CC2CO2)c(=O)n(CC2CO2)c1=O,,NC1=CC=C(C=C1)S(=O)(=O)C1=CC=C(N)C=C1,5.29,0.1991417768503136,0.36022197563664266,0.0,0.0,0.18057389890288328,1.8088719571253309,0.0,0.0,0.9067605088138437,1,1,0,0,1,1,1,0,0,0,0,250.0,4.0,,22.4,,3.0,,,4.0,35.0,,867.99,,,114.14500000000001,,,180.0,,,16.9,,,52.14,,,95.65,,,,,Virtual screening scenario,,,,,,,,,,,,,,,,,,,,,,,,,,,,,,,
FORM_000279,CAND_R2_093,DOPO-HPM-trimethoxysilyl,designed,P-N-Si,B,True,True,True,True,True,Candidate,,DOPO-HPM-trimethoxysilyl,,DDS,DOPO-based (Additive + Secondary Crosslinking),3,1,P-N-Si,100.00%,0.00%,CO[Si](OC)(OC)c1cc(N2C(=O)CC(P3(=O)Oc4ccccc4-c4ccccc43)C2=O)ccc1OCC(O)Cn1c(=O)n(CC2CO2)c(=O)n(CC2CO2)c1=O,,NC1=CC=C(C=C1)S(=O)(=O)C1=CC=C(N)C=C1,10.0,0.376449483648986,0.6809489142469615,0.0,0.0,0.3413495253362633,1.8088719571253307,0.0,0.0,0.9067605088138437,1,1,0,0,1,1,1,0,0,0,0,250.0,4.0,,22.4,,3.0,,,4.0,35.0,,867.99,,,114.14500000000001,,,180.0,,,16.9,,,52.14,,,95.65,,,,,Virtual screening scenario,,,,,,,,,,,,,,,,,,,,,,,,,,,,,,,
FORM_000280,CAND_R2_094,DOPO-HPM-triethoxysilyl,designed,P-N-Si,B,True,True,True,True,True,Candidate,,DOPO-HPM-triethoxysilyl,,DDS,DOPO-based (Additive + Secondary Crosslinking),3,1,P-N-Si,100.00%,0.00%,CCO[Si](OCC)(OCC)c1cc(N2C(=O)CC(P3(=O)Oc4ccccc4-c4ccccc43)C2=O)ccc1OCC(O)Cn1c(=O)n(CC2CO2)c(=O)n(CC2CO2)c1=O,,NC1=CC=C(C=C1)S(=O)(=O)C1=CC=C(N)C=C1,3.5,0.12534658227672474,0.2267359176018704,0.0,0.0,0.11365933072331925,1.8088719571253309,0.0,0.0,0.9067605088138437,1,1,0,0,1,1,1,0,0,0,0,250.0,4.0,,22.4,,3.0,,,4.0,35.0,,867.99,,,114.14500000000001,,,180.0,,,16.9,,,52.14,,,95.65,,,,,Virtual screening scenario,,,,,,,,,,,,,,,,,,,,,,,,,,,,,,,
FORM_000281,CAND_R2_094,DOPO-HPM-triethoxysilyl,designed,P-N-Si,B,True,True,True,True,True,Candidate,,DOPO-HPM-triethoxysilyl,,DDS,DOPO-based (Additive + Secondary Crosslinking),3,1,P-N-Si,100.00%,0.00%,CCO[Si](OCC)(OCC)c1cc(N2C(=O)CC(P3(=O)Oc4ccccc4-c4ccccc43)C2=O)ccc1OCC(O)Cn1c(=O)n(CC2CO2)c(=O)n(CC2CO2)c1=O,,NC1=CC=C(C=C1)S(=O)(=O)C1=CC=C(N)C=C1,5.29,0.18945240578396397,0.34269514403254125,0.0,0.0,0.17178795986467396,1.8088719571253309,0.0,0.0,0.9067605088138437,1,1,0,0,1,1,1,0,0,0,0,250.0,4.0,,22.4,,3.0,,,4.0,35.0,,867.99,,,114.14500000000001,,,180.0,,,16.9,,,52.14,,,95.65,,,,,Virtual screening scenario,,,,,,,,,,,,,,,,,,,,,,,,,,,,,,,
FORM_000282,CAND_R2_094,DOPO-HPM-triethoxysilyl,designed,P-N-Si,B,True,True,True,True,True,Candidate,,DOPO-HPM-triethoxysilyl,,DDS,DOPO-based (Additive + Secondary Crosslinking),3,1,P-N-Si,100.00%,0.00%,CCO[Si](OCC)(OCC)c1cc(N2C(=O)CC(P3(=O)Oc4ccccc4-c4ccccc43)C2=O)ccc1OCC(O)Cn1c(=O)n(CC2CO2)c(=O)n(CC2CO2)c1=O,,NC1=CC=C(C=C1)S(=O)(=O)C1=CC=C(N)C=C1,10.0,0.3581330922192136,0.6478169074339155,0.0,0.0,0.32474094492376926,1.8088719571253309,0.0,0.0,0.9067605088138435,1,1,0,0,1,1,1,0,0,0,0,250.0,4.0,,22.4,,3.0,,,4.0,35.0,,867.99,,,114.14500000000001,,,180.0,,,16.9,,,52.14,,,95.65,,,,,Virtual screening scenario,,,,,,,,,,,,,,,,,,,,,,,,,,,,,,,
FORM_000283,CAND_R2_095,DOPO-HPM-disiloxane,designed,P-N-Si,B,True,True,True,True,True,Candidate,,DOPO-HPM-disiloxane,,DDM,DOPO-based (additive),0,1,P-N-Si,100.00%,0.00%,C[Si](C)(C)O[Si](C)(C)c1cc(N2C(=O)CC(P3(=O)Oc4ccccc4-c4ccccc43)C2=O)ccc1OCC(O)Cn1c(=O)n(CC2CO2)c(=O)n(CC2CO2)c1=O,,NC1=CC=C(CC2=CC=C(N)C=C2)C=C1,3.42,0.12477879170882657,0.22570885716607914,0.0,0.0,0.22628896131814444,1.8088719571253309,0.0,0.0,1.8135210176276877,1,1,0,0,1,1,0,0,0,0,0,160.0,3.2,,24.8,,3.2,,,3.0,35.0,,1184.0,,,87.2,,,159.0,,,17.0,,,62.6,,,97.55,,,,,Virtual screening scenario,,,,,,,,,,,,,,,,,,,,,,,,,,,,,,,
FORM_000284,CAND_R2_095,DOPO-HPM-disiloxane,designed,P-N-Si,B,True,True,True,True,True,Candidate,,DOPO-HPM-disiloxane,,DDM,DOPO-based (additive),0,1,P-N-Si,100.00%,0.00%,C[Si](C)(C)O[Si](C)(C)c1cc(N2C(=O)CC(P3(=O)Oc4ccccc4-c4ccccc43)C2=O)ccc1OCC(O)Cn1c(=O)n(CC2CO2)c(=O)n(CC2CO2)c1=O,,NC1=CC=C(CC2=CC=C(N)C=C2)C=C1,7.0,0.2553951877081246,0.4619771930299866,0.0,0.0,0.46316454070965235,1.8088719571253309,0.0,0.0,1.8135210176276875,1,1,0,0,1,1,0,0,0,0,0,160.0,3.2,,24.8,,3.2,,,3.0,35.0,,1184.0,,,87.2,,,159.0,,,17.0,,,62.6,,,97.55,,,,,Virtual screening scenario,,,,,,,,,,,,,,,,,,,,,,,,,,,,,,,
FORM_000285,CAND_R2_095,DOPO-HPM-disiloxane,designed,P-N-Si,B,True,True,True,True,True,Candidate,,DOPO-HPM-disiloxane,,DDM,DOPO-based (additive),0,1,P-N-Si,100.00%,0.00%,C[Si](C)(C)O[Si](C)(C)c1cc(N2C(=O)CC(P3(=O)Oc4ccccc4-c4ccccc43)C2=O)ccc1OCC(O)Cn1c(=O)n(CC2CO2)c(=O)n(CC2CO2)c1=O,,NC1=CC=C(CC2=CC=C(N)C=C2)C=C1,10.0,0.3648502681544637,0.6599674186142666,0.0,0.0,0.6616636295852176,1.8088719571253309,0.0,0.0,1.8135210176276875,1,1,0,0,1,1,0,0,0,0,0,160.0,3.2,,24.8,,3.2,,,3.0,35.0,,1184.0,,,87.2,,,159.0,,,17.0,,,62.6,,,97.55,,,,,Virtual screening scenario,,,,,,,,,,,,,,,,,,,,,,,,,,,,,,,
FORM_000286,CAND_R2_096,DOPO-HPM-glycidyloxy,designed,P-N,B,True,True,True,True,True,Candidate,,DOPO-HPM-glycidyloxy,,DDM,DOPO-based (Co-curing),2,1,P-N,100.00%,0.00%,O=C1CC(P2(=O)Oc3ccccc3-c3ccccc32)C(=O)N1c1ccc(OCC(O)Cn2c(=O)n(CC3CO3)c(=O)n(CC3CO3)c2=O)c(OCC2CO2)c1,,NC1=CC=C(CC2=CC=C(N)C=C2)C=C1,4.0,0.15993266862533498,0.2892977193045867,0.0,0.0,0.0,1.8088719571253309,0.0,0.0,0.0,1,1,0,0,0,1,0,0,0,0,0,170.0,3.0,,24.0,,3.0,,,3.0,35.0,,1208.0,,,88.0,,,164.3,,,16.5,,,58.7,,,101.3,,,,,Virtual screening scenario,,,,,,,,,,,,,,,,,,,,,,,,,,,,,,,
FORM_000287,CAND_R2_096,DOPO-HPM-glycidyloxy,designed,P-N,B,True,True,True,True,True,Candidate,,DOPO-HPM-glycidyloxy,,DDM,DOPO-based (Co-curing),2,1,P-N,100.00%,0.00%,O=C1CC(P2(=O)Oc3ccccc3-c3ccccc32)C(=O)N1c1ccc(OCC(O)Cn2c(=O)n(CC3CO3)c(=O)n(CC3CO3)c2=O)c(OCC2CO2)c1,,NC1=CC=C(CC2=CC=C(N)C=C2)C=C1,6.78,0.27108587331994277,0.49035963422127443,0.0,0.0,0.0,1.808871957125331,0.0,0.0,0.0,1,1,0,0,0,1,0,0,0,0,0,170.0,3.0,,24.0,,3.0,,,3.0,35.0,,1208.0,,,88.0,,,164.3,,,16.5,,,58.7,,,101.3,,,,,Virtual screening scenario,,,,,,,,,,,,,,,,,,,,,,,,,,,,,,,
FORM_000288,CAND_R2_096,DOPO-HPM-glycidyloxy,designed,P-N,B,True,True,True,True,True,Candidate,,DOPO-HPM-glycidyloxy,,DDM,DOPO-based (Co-curing),2,1,P-N,100.00%,0.00%,O=C1CC(P2(=O)Oc3ccccc3-c3ccccc32)C(=O)N1c1ccc(OCC(O)Cn2c(=O)n(CC3CO3)c(=O)n(CC3CO3)c2=O)c(OCC2CO2)c1,,NC1=CC=C(CC2=CC=C(N)C=C2)C=C1,10.19,0.40742847332304083,0.7369859399284345,0.0,0.0,0.0,1.8088719571253309,0.0,0.0,0.0,1,1,0,0,0,1,0,0,0,0,0,170.0,3.0,,24.0,,3.0,,,3.0,35.0,,1208.0,,,88.0,,,164.3,,,16.5,,,58.7,,,101.3,,,,,Virtual screening scenario,,,,,,,,,,,,,,,,,,,,,,,,,,,,,,,
FORM_000289,CAND_R2_097,DOPO-HPM-diaminotriazine,designed,P-N,B,True,True,True,True,True,Candidate,,DOPO-HPM-diaminotriazine,,DDM,DOPO-based (Co-curing),2,1,P-N,100.00%,0.00%,Nc1nc(N)nc(-c2cc(N3C(=O)CC(P4(=O)Oc5ccccc5-c5ccccc54)C3=O)ccc2OCC(O)Cn2c(=O)n(CC3CO3)c(=O)n(CC3CO3)c2=O)n1,,NC1=CC=C(CC2=CC=C(N)C=C2)C=C1,4.0,0.15263673378875334,0.621225691599781,0.0,0.0,0.0,4.069961903531996,0.0,0.0,0.0,1,1,0,0,0,1,0,0,0,0,0,170.0,3.0,,24.0,,3.0,,,3.0,35.0,,1208.0,,,88.0,,,164.3,,,16.5,,,58.7,,,101.3,,,,,Virtual screening scenario,,,,,,,,,,,,,,,,,,,,,,,,,,,,,,,
FORM_000290,CAND_R2_097,DOPO-HPM-diaminotriazine,designed,P-N,B,True,True,True,True,True,Candidate,,DOPO-HPM-diaminotriazine,,DDM,DOPO-based (Co-curing),2,1,P-N,100.00%,0.00%,Nc1nc(N)nc(-c2cc(N3C(=O)CC(P4(=O)Oc5ccccc5-c5ccccc54)C3=O)ccc2OCC(O)Cn2c(=O)n(CC3CO3)c(=O)n(CC3CO3)c2=O)n1,,NC1=CC=C(CC2=CC=C(N)C=C2)C=C1,6.78,0.25871926377193694,1.0529775472616287,0.0,0.0,0.0,4.069961903531995,0.0,0.0,0.0,1,1,0,0,0,1,0,0,0,0,0,170.0,3.0,,24.0,,3.0,,,3.0,35.0,,1208.0,,,88.0,,,164.3,,,16.5,,,58.7,,,101.3,,,,,Virtual screening scenario,,,,,,,,,,,,,,,,,,,,,,,,,,,,,,,
FORM_000291,CAND_R2_097,DOPO-HPM-diaminotriazine,designed,P-N,B,True,True,True,True,True,Candidate,,DOPO-HPM-diaminotriazine,,DDM,DOPO-based (Co-curing),2,1,P-N,100.00%,0.00%,Nc1nc(N)nc(-c2cc(N3C(=O)CC(P4(=O)Oc5ccccc5-c5ccccc54)C3=O)ccc2OCC(O)Cn2c(=O)n(CC3CO3)c(=O)n(CC3CO3)c2=O)n1,,NC1=CC=C(CC2=CC=C(N)C=C2)C=C1,10.19,0.3888420793268491,1.582572449350442,0.0,0.0,0.0,4.069961903531996,0.0,0.0,0.0,1,1,0,0,0,1,0,0,0,0,0,170.0,3.0,,24.0,,3.0,,,3.0,35.0,,1208.0,,,88.0,,,164.3,,,16.5,,,58.7,,,101.3,,,,,Virtual screening scenario,,,,,,,,,,,,,,,,,,,,,,,,,,,,,,,
FORM_000292,CAND_R2_098,DOPO-HPM-piperazine,designed,P-N,B,True,True,True,True,True,Candidate,,DOPO-HPM-piperazine,,DDM,DOPO-based (Co-curing),2,1,P-N,100.00%,0.00%,O=C1CC(P2(=O)Oc3ccccc3-c3ccccc32)C(=O)N1c1ccc(OCC(O)Cn2c(=O)n(CC3CO3)c(=O)n(CC3CO3)c2=O)c(N2CCNCC2)c1,,NC1=CC=C(CC2=CC=C(N)C=C2)C=C1,4.0,0.15748123574011585,0.42729508665560845,0.0,0.0,0.0,2.7133079356879963,0.0,0.0,0.0,1,1,0,0,0,1,0,0,0,0,0,170.0,3.0,,24.0,,3.0,,,3.0,35.0,,1208.0,,,88.0,,,164.3,,,16.5,,,58.7,,,101.3,,,,,Virtual screening scenario,,,,,,,,,,,,,,,,,,,,,,,,,,,,,,,
FORM_000293,CAND_R2_098,DOPO-HPM-piperazine,designed,P-N,B,True,True,True,True,True,Candidate,,DOPO-HPM-piperazine,,DDM,DOPO-based (Co-curing),2,1,P-N,100.00%,0.00%,O=C1CC(P2(=O)Oc3ccccc3-c3ccccc32)C(=O)N1c1ccc(OCC(O)Cn2c(=O)n(CC3CO3)c(=O)n(CC3CO3)c2=O)c(N2CCNCC2)c1,,NC1=CC=C(CC2=CC=C(N)C=C2)C=C1,6.78,0.26693069457949636,0.7242651718812563,0.0,0.0,0.0,2.7133079356879963,0.0,0.0,0.0,1,1,0,0,0,1,0,0,0,0,0,170.0,3.0,,24.0,,3.0,,,3.0,35.0,,1208.0,,,88.0,,,164.3,,,16.5,,,58.7,,,101.3,,,,,Virtual screening scenario,,,,,,,,,,,,,,,,,,,,,,,,,,,,,,,
FORM_000294,CAND_R2_098,DOPO-HPM-piperazine,designed,P-N,B,True,True,True,True,True,Candidate,,DOPO-HPM-piperazine,,DDM,DOPO-based (Co-curing),2,1,P-N,100.00%,0.00%,O=C1CC(P2(=O)Oc3ccccc3-c3ccccc32)C(=O)N1c1ccc(OCC(O)Cn2c(=O)n(CC3CO3)c(=O)n(CC3CO3)c2=O)c(N2CCNCC2)c1,,NC1=CC=C(CC2=CC=C(N)C=C2)C=C1,10.19,0.4011834480479451,1.0885342332551624,0.0,0.0,0.0,2.7133079356879963,0.0,0.0,0.0,1,1,0,0,0,1,0,0,0,0,0,170.0,3.0,,24.0,,3.0,,,3.0,35.0,,1208.0,,,88.0,,,164.3,,,16.5,,,58.7,,,101.3,,,,,Virtual screening scenario,,,,,,,,,,,,,,,,,,,,,,,,,,,,,,,
FORM_000295,CAND_R2_099,DOPO-HPM-benzamide-linker,designed,P-N,B,True,True,True,True,True,Candidate,,DOPO-HPM-benzamide-linker,,DDM,DOPO-based (additive),0,1,P-N,100.00%,0.00%,O=C(Nc1cc(N2C(=O)CC(P3(=O)Oc4ccccc4-c4ccccc43)C2=O)ccc1OCC(O)Cn1c(=O)n(CC2CO2)c(=O)n(CC2CO2)c1=O)c1ccccc1,,NC1=CC=C(CC2=CC=C(N)C=C2)C=C1,3.42,0.12891132918601594,0.2914801104004206,0.0,0.0,0.0,2.261089946406664,0.0,0.0,0.0,1,1,0,0,0,1,0,0,0,0,0,160.0,3.2,,24.8,,3.2,,,3.0,35.0,,1184.0,,,87.2,,,159.0,,,17.0,,,62.6,,,97.55,,,,,Virtual screening scenario,,,,,,,,,,,,,,,,,,,,,,,,,,,,,,,
FORM_000296,CAND_R2_099,DOPO-HPM-benzamide-linker,designed,P-N,B,True,True,True,True,True,Candidate,,DOPO-HPM-benzamide-linker,,DDM,DOPO-based (additive),0,1,P-N,100.00%,0.00%,O=C(Nc1cc(N2C(=O)CC(P3(=O)Oc4ccccc4-c4ccccc43)C2=O)ccc1OCC(O)Cn1c(=O)n(CC2CO2)c(=O)n(CC2CO2)c1=O)c1ccccc1,,NC1=CC=C(CC2=CC=C(N)C=C2)C=C1,7.0,0.26385359774915546,0.5965967171938433,0.0,0.0,0.0,2.261089946406664,0.0,0.0,0.0,1,1,0,0,0,1,0,0,0,0,0,160.0,3.2,,24.8,,3.2,,,3.0,35.0,,1184.0,,,87.2,,,159.0,,,17.0,,,62.6,,,97.55,,,,,Virtual screening scenario,,,,,,,,,,,,,,,,,,,,,,,,,,,,,,,
FORM_000297,CAND_R2_099,DOPO-HPM-benzamide-linker,designed,P-N,B,True,True,True,True,True,Candidate,,DOPO-HPM-benzamide-linker,,DDM,DOPO-based (additive),0,1,P-N,100.00%,0.00%,O=C(Nc1cc(N2C(=O)CC(P3(=O)Oc4ccccc4-c4ccccc43)C2=O)ccc1OCC(O)Cn1c(=O)n(CC2CO2)c(=O)n(CC2CO2)c1=O)c1ccccc1,,NC1=CC=C(CC2=CC=C(N)C=C2)C=C1,10.0,0.3769337110702221,0.8522810245626333,0.0,0.0,0.0,2.2610899464066634,0.0,0.0,0.0,1,1,0,0,0,1,0,0,0,0,0,160.0,3.2,,24.8,,3.2,,,3.0,35.0,,1184.0,,,87.2,,,159.0,,,17.0,,,62.6,,,97.55,,,,,Virtual screening scenario,,,,,,,,,,,,,,,,,,,,,,,,,,,,,,,
FORM_000298,CAND_R2_100,DOPO-HPM-phenyl,designed,P-N,B,True,True,True,True,True,Candidate,,DOPO-HPM-phenyl,,DDM,DOPO-based (additive),0,1,P-N,100.00%,0.00%,O=C1CC(P2(=O)Oc3ccccc3-c3ccccc32)C(=O)N1c1ccc(OCC(O)Cn2c(=O)n(CC3CO3)c(=O)n(CC3CO3)c2=O)c(-c2ccccc2)c1,,NC1=CC=C(CC2=CC=C(N)C=C2)C=C1,3.42,0.1360338816325954,0.24606787370410843,0.0,0.0,0.0,1.8088719571253309,0.0,0.0,0.0,1,1,0,0,0,1,0,0,0,0,0,160.0,3.2,,24.8,,3.2,,,3.0,35.0,,1184.0,,,87.2,,,159.0,,,17.0,,,62.6,,,97.55,,,,,Virtual screening scenario,,,,,,,,,,,,,,,,,,,,,,,,,,,,,,,
FORM_000299,CAND_R2_100,DOPO-HPM-phenyl,designed,P-N,B,True,True,True,True,True,Candidate,,DOPO-HPM-phenyl,,DDM,DOPO-based (additive),0,1,P-N,100.00%,0.00%,O=C1CC(P2(=O)Oc3ccccc3-c3ccccc32)C(=O)N1c1ccc(OCC(O)Cn2c(=O)n(CC3CO3)c(=O)n(CC3CO3)c2=O)c(-c2ccccc2)c1,,NC1=CC=C(CC2=CC=C(N)C=C2)C=C1,7.0,0.27843192147022444,0.5036476947160113,0.0,0.0,0.0,1.8088719571253309,0.0,0.0,0.0,1,1,0,0,0,1,0,0,0,0,0,160.0,3.2,,24.8,,3.2,,,3.0,35.0,,1184.0,,,87.2,,,159.0,,,17.0,,,62.6,,,97.55,,,,,Virtual screening scenario,,,,,,,,,,,,,,,,,,,,,,,,,,,,,,,
FORM_000300,CAND_R2_100,DOPO-HPM-phenyl,designed,P-N,B,True,True,True,True,True,Candidate,,DOPO-HPM-phenyl,,DDM,DOPO-based (additive),0,1,P-N,100.00%,0.00%,O=C1CC(P2(=O)Oc3ccccc3-c3ccccc32)C(=O)N1c1ccc(OCC(O)Cn2c(=O)n(CC3CO3)c(=O)n(CC3CO3)c2=O)c(-c2ccccc2)c1,,NC1=CC=C(CC2=CC=C(N)C=C2)C=C1,10.0,0.3977598878146064,0.7194967067371592,0.0,0.0,0.0,1.8088719571253309,0.0,0.0,0.0,1,1,0,0,0,1,0,0,0,0,0,160.0,3.2,,24.8,,3.2,,,3.0,35.0,,1184.0,,,87.2,,,159.0,,,17.0,,,62.6,,,97.55,,,,,Virtual screening scenario,,,,,,,,,,,,,,,,,,,,,,,,,,,,,,,
FORM_000301,CAND_R2_101,DOPO-HPM-biphenyl,designed,P-N,B,True,True,True,True,True,Candidate,,DOPO-HPM-biphenyl,,DDM,DOPO-based (additive),0,1,P-N,100.00%,0.00%,O=C1CC(P2(=O)Oc3ccccc3-c3ccccc32)C(=O)N1c1ccc(OCC(O)Cn2c(=O)n(CC3CO3)c(=O)n(CC3CO3)c2=O)c(-c2ccc(-c3ccccc3)cc2)c1,,NC1=CC=C(CC2=CC=C(N)C=C2)C=C1,3.42,0.12392368353632217,0.22416207597252719,0.0,0.0,0.0,1.8088719571253304,0.0,0.0,0.0,1,1,0,0,0,1,0,0,0,0,0,160.0,3.2,,24.8,,3.2,,,3.0,35.0,,1184.0,,,87.2,,,159.0,,,17.0,,,62.6,,,97.55,,,,,Virtual screening scenario,,,,,,,,,,,,,,,,,,,,,,,,,,,,,,,
FORM_000302,CAND_R2_101,DOPO-HPM-biphenyl,designed,P-N,B,True,True,True,True,True,Candidate,,DOPO-HPM-biphenyl,,DDM,DOPO-based (additive),0,1,P-N,100.00%,0.00%,O=C1CC(P2(=O)Oc3ccccc3-c3ccccc32)C(=O)N1c1ccc(OCC(O)Cn2c(=O)n(CC3CO3)c(=O)n(CC3CO3)c2=O)c(-c2ccc(-c3ccccc3)cc2)c1,,NC1=CC=C(CC2=CC=C(N)C=C2)C=C1,7.0,0.25364496630241384,0.4588112666104358,0.0,0.0,0.0,1.8088719571253304,0.0,0.0,0.0,1,1,0,0,0,1,0,0,0,0,0,160.0,3.2,,24.8,,3.2,,,3.0,35.0,,1184.0,,,87.2,,,159.0,,,17.0,,,62.6,,,97.55,,,,,Virtual screening scenario,,,,,,,,,,,,,,,,,,,,,,,,,,,,,,,
FORM_000303,CAND_R2_101,DOPO-HPM-biphenyl,designed,P-N,B,True,True,True,True,True,Candidate,,DOPO-HPM-biphenyl,,DDM,DOPO-based (additive),0,1,P-N,100.00%,0.00%,O=C1CC(P2(=O)Oc3ccccc3-c3ccccc32)C(=O)N1c1ccc(OCC(O)Cn2c(=O)n(CC3CO3)c(=O)n(CC3CO3)c2=O)c(-c2ccc(-c3ccccc3)cc2)c1,,NC1=CC=C(CC2=CC=C(N)C=C2)C=C1,10.0,0.36234995186059116,0.6554446665863368,0.0,0.0,0.0,1.8088719571253304,0.0,0.0,0.0,1,1,0,0,0,1,0,0,0,0,0,160.0,3.2,,24.8,,3.2,,,3.0,35.0,,1184.0,,,87.2,,,159.0,,,17.0,,,62.6,,,97.55,,,,,Virtual screening scenario,,,,,,,,,,,,,,,,,,,,,,,,,,,,,,,
FORM_000304,CAND_R2_102,DOPO-HPM-OH-glycidyl,designed,P-N,B,True,True,True,True,True,Candidate,,DOPO-HPM-OH-glycidyl,,DDM,DOPO-based (Co-curing),2,1,P-N,100.00%,0.00%,O=C1CC(P2(=O)Oc3ccccc3-c3ccccc32)C(=O)N1c1ccc(OCC(Cn2c(=O)n(CC3CO3)c(=O)n(CC3CO3)c2=O)OCC2CO2)cc1,,NC1=CC=C(CC2=CC=C(N)C=C2)C=C1,4.0,0.16330533283597629,0.29539843701601604,0.0,0.0,0.0,1.808871957125331,0.0,0.0,0.0,1,1,0,0,0,1,0,0,0,0,0,170.0,3.0,,24.0,,3.0,,,3.0,35.0,,1208.0,,,88.0,,,164.3,,,16.5,,,58.7,,,101.3,,,,,Virtual screening scenario,,,,,,,,,,,,,,,,,,,,,,,,,,,,,,,
FORM_000305,CAND_R2_102,DOPO-HPM-OH-glycidyl,designed,P-N,B,True,True,True,True,True,Candidate,,DOPO-HPM-OH-glycidyl,,DDM,DOPO-based (Co-curing),2,1,P-N,100.00%,0.00%,O=C1CC(P2(=O)Oc3ccccc3-c3ccccc32)C(=O)N1c1ccc(OCC(Cn2c(=O)n(CC3CO3)c(=O)n(CC3CO3)c2=O)OCC2CO2)cc1,,NC1=CC=C(CC2=CC=C(N)C=C2)C=C1,6.78,0.27680253915697983,0.5007003507421471,0.0,0.0,0.0,1.8088719571253309,0.0,0.0,0.0,1,1,0,0,0,1,0,0,0,0,0,170.0,3.0,,24.0,,3.0,,,3.0,35.0,,1208.0,,,88.0,,,164.3,,,16.5,,,58.7,,,101.3,,,,,Virtual screening scenario,,,,,,,,,,,,,,,,,,,,,,,,,,,,,,,
FORM_000306,CAND_R2_102,DOPO-HPM-OH-glycidyl,designed,P-N,B,True,True,True,True,True,Candidate,,DOPO-HPM-OH-glycidyl,,DDM,DOPO-based (Co-curing),2,1,P-N,100.00%,0.00%,O=C1CC(P2(=O)Oc3ccccc3-c3ccccc32)C(=O)N1c1ccc(OCC(Cn2c(=O)n(CC3CO3)c(=O)n(CC3CO3)c2=O)OCC2CO2)cc1,,NC1=CC=C(CC2=CC=C(N)C=C2)C=C1,10.19,0.41602033539964955,0.7525275182983008,0.0,0.0,0.0,1.808871957125331,0.0,0.0,0.0,1,1,0,0,0,1,0,0,0,0,0,170.0,3.0,,24.0,,3.0,,,3.0,35.0,,1208.0,,,88.0,,,164.3,,,16.5,,,58.7,,,101.3,,,,,Virtual screening scenario,,,,,,,,,,,,,,,,,,,,,,,,,,,,,,,
FORM_000307,CAND_R2_103,DOPO-HPM-OH-methyl,designed,P-N,B,True,True,True,True,True,Candidate,,DOPO-HPM-OH-methyl,,DDM,DOPO-based (additive),0,1,P-N,100.00%,0.00%,COC(COc1ccc(N2C(=O)CC(P3(=O)Oc4ccccc4-c4ccccc43)C2=O)cc1)Cn1c(=O)n(CC2CO2)c(=O)n(CC2CO2)c1=O,,NC1=CC=C(CC2=CC=C(N)C=C2)C=C1,3.42,0.1478163094440724,0.2673807769591427,0.0,0.0,0.0,1.8088719571253304,0.0,0.0,0.0,1,1,0,0,0,1,0,0,0,0,0,160.0,3.2,,24.8,,3.2,,,3.0,35.0,,1184.0,,,87.2,,,159.0,,,17.0,,,62.6,,,97.55,,,,,Virtual screening scenario,,,,,,,,,,,,,,,,,,,,,,,,,,,,,,,
FORM_000308,CAND_R2_103,DOPO-HPM-OH-methyl,designed,P-N,B,True,True,True,True,True,Candidate,,DOPO-HPM-OH-methyl,,DDM,DOPO-based (additive),0,1,P-N,100.00%,0.00%,COC(COc1ccc(N2C(=O)CC(P3(=O)Oc4ccccc4-c4ccccc43)C2=O)cc1)Cn1c(=O)n(CC2CO2)c(=O)n(CC2CO2)c1=O,,NC1=CC=C(CC2=CC=C(N)C=C2)C=C1,7.0,0.3025480017861131,0.5472705961152043,0.0,0.0,0.0,1.8088719571253304,0.0,0.0,0.0,1,1,0,0,0,1,0,0,0,0,0,160.0,3.2,,24.8,,3.2,,,3.0,35.0,,1184.0,,,87.2,,,159.0,,,17.0,,,62.6,,,97.55,,,,,Virtual screening scenario,,,,,,,,,,,,,,,,,,,,,,,,,,,,,,,
FORM_000309,CAND_R2_103,DOPO-HPM-OH-methyl,designed,P-N,B,True,True,True,True,True,Candidate,,DOPO-HPM-OH-methyl,,DDM,DOPO-based (additive),0,1,P-N,100.00%,0.00%,COC(COc1ccc(N2C(=O)CC(P3(=O)Oc4ccccc4-c4ccccc43)C2=O)cc1)Cn1c(=O)n(CC2CO2)c(=O)n(CC2CO2)c1=O,,NC1=CC=C(CC2=CC=C(N)C=C2)C=C1,10.0,0.4322114311230187,0.7818151373074349,0.0,0.0,0.0,1.8088719571253307,0.0,0.0,0.0,1,1,0,0,0,1,0,0,0,0,0,160.0,3.2,,24.8,,3.2,,,3.0,35.0,,1184.0,,,87.2,,,159.0,,,17.0,,,62.6,,,97.55,,,,,Virtual screening scenario,,,,,,,,,,,,,,,,,,,,,,,,,,,,,,,
FORM_000310,CAND_R2_104,DOPO-HPM-OH-acetyl,designed,P-N,B,True,True,True,True,True,Candidate,,DOPO-HPM-OH-acetyl,,DDM,DOPO-based (additive),0,1,P-N,100.00%,0.00%,CC(=O)OC(COc1ccc(N2C(=O)CC(P3(=O)Oc4ccccc4-c4ccccc43)C2=O)cc1)Cn1c(=O)n(CC2CO2)c(=O)n(CC2CO2)c1=O,,NC1=CC=C(CC2=CC=C(N)C=C2)C=C1,3.42,0.1422562008997516,0.25732325253474797,0.0,0.0,0.0,1.808871957125331,0.0,0.0,0.0,1,1,0,0,0,1,0,0,0,0,0,160.0,3.2,,24.8,,3.2,,,3.0,35.0,,1184.0,,,87.2,,,159.0,,,17.0,,,62.6,,,97.55,,,,,Virtual screening scenario,,,,,,,,,,,,,,,,,,,,,,,,,,,,,,,
FORM_000311,CAND_R2_104,DOPO-HPM-OH-acetyl,designed,P-N,B,True,True,True,True,True,Candidate,,DOPO-HPM-OH-acetyl,,DDM,DOPO-based (additive),0,1,P-N,100.00%,0.00%,CC(=O)OC(COc1ccc(N2C(=O)CC(P3(=O)Oc4ccccc4-c4ccccc43)C2=O)cc1)Cn1c(=O)n(CC2CO2)c(=O)n(CC2CO2)c1=O,,NC1=CC=C(CC2=CC=C(N)C=C2)C=C1,7.0,0.2911676626603103,0.5266850198079637,0.0,0.0,0.0,1.808871957125331,0.0,0.0,0.0,1,1,0,0,0,1,0,0,0,0,0,160.0,3.2,,24.8,,3.2,,,3.0,35.0,,1184.0,,,87.2,,,159.0,,,17.0,,,62.6,,,97.55,,,,,Virtual screening scenario,,,,,,,,,,,,,,,,,,,,,,,,,,,,,,,
FORM_000312,CAND_R2_104,DOPO-HPM-OH-acetyl,designed,P-N,B,True,True,True,True,True,Candidate,,DOPO-HPM-OH-acetyl,,DDM,DOPO-based (additive),0,1,P-N,100.00%,0.00%,CC(=O)OC(COc1ccc(N2C(=O)CC(P3(=O)Oc4ccccc4-c4ccccc43)C2=O)cc1)Cn1c(=O)n(CC2CO2)c(=O)n(CC2CO2)c1=O,,NC1=CC=C(CC2=CC=C(N)C=C2)C=C1,10.0,0.41595380380044333,0.7524071711542336,0.0,0.0,0.0,1.8088719571253304,0.0,0.0,0.0,1,1,0,0,0,1,0,0,0,0,0,160.0,3.2,,24.8,,3.2,,,3.0,35.0,,1184.0,,,87.2,,,159.0,,,17.0,,,62.6,,,97.55,,,,,Virtual screening scenario,,,,,,,,,,,,,,,,,,,,,,,,,,,,,,,
FORM_000313,CAND_R2_105,DOPO-HPM-OH-allyl,designed,P-N,B,True,True,True,True,True,Candidate,,DOPO-HPM-OH-allyl,,DDM,DOPO-based (additive),0,1,P-N,100.00%,0.00%,C=CCOC(COc1ccc(N2C(=O)CC(P3(=O)Oc4ccccc4-c4ccccc43)C2=O)cc1)Cn1c(=O)n(CC2CO2)c(=O)n(CC2CO2)c1=O,,NC1=CC=C(CC2=CC=C(N)C=C2)C=C1,3.42,0.1426339274894369,0.25800651157029025,0.0,0.0,0.0,1.8088719571253309,0.0,0.0,0.0,1,1,0,0,0,1,0,0,0,0,0,160.0,3.2,,24.8,,3.2,,,3.0,35.0,,1184.0,,,87.2,,,159.0,,,17.0,,,62.6,,,97.55,,,,,Virtual screening scenario,,,,,,,,,,,,,,,,,,,,,,,,,,,,,,,
FORM_000314,CAND_R2_105,DOPO-HPM-OH-allyl,designed,P-N,B,True,True,True,True,True,Candidate,,DOPO-HPM-OH-allyl,,DDM,DOPO-based (additive),0,1,P-N,100.00%,0.00%,C=CCOC(COc1ccc(N2C(=O)CC(P3(=O)Oc4ccccc4-c4ccccc43)C2=O)cc1)Cn1c(=O)n(CC2CO2)c(=O)n(CC2CO2)c1=O,,NC1=CC=C(CC2=CC=C(N)C=C2)C=C1,7.0,0.2919407872590814,0.5280835032140444,0.0,0.0,0.0,1.8088719571253307,0.0,0.0,0.0,1,1,0,0,0,1,0,0,0,0,0,160.0,3.2,,24.8,,3.2,,,3.0,35.0,,1184.0,,,87.2,,,159.0,,,17.0,,,62.6,,,97.55,,,,,Virtual screening scenario,,,,,,,,,,,,,,,,,,,,,,,,,,,,,,,
FORM_000315,CAND_R2_105,DOPO-HPM-OH-allyl,designed,P-N,B,True,True,True,True,True,Candidate,,DOPO-HPM-OH-allyl,,DDM,DOPO-based (additive),0,1,P-N,100.00%,0.00%,C=CCOC(COc1ccc(N2C(=O)CC(P3(=O)Oc4ccccc4-c4ccccc43)C2=O)cc1)Cn1c(=O)n(CC2CO2)c(=O)n(CC2CO2)c1=O,,NC1=CC=C(CC2=CC=C(N)C=C2)C=C1,10.0,0.41705826751297337,0.7544050045914921,0.0,0.0,0.0,1.808871957125331,0.0,0.0,0.0,1,1,0,0,0,1,0,0,0,0,0,160.0,3.2,,24.8,,3.2,,,3.0,35.0,,1184.0,,,87.2,,,159.0,,,17.0,,,62.6,,,97.55,,,,,Virtual screening scenario,,,,,,,,,,,,,,,,,,,,,,,,,,,,,,,
FORM_000316,CAND_R2_106,DOPT-amino,designed,P-N-S,B,True,True,True,True,True,Candidate,,DOPT-amino,,DDM,DOPO-based (Co-curing),2,1,P-N-S,100.00%,0.00%,Cc1ccc(S(=O)(=O)NP2(=O)Oc3ccccc3-c3ccccc32)cc1N,,NC1=CC=C(CC2=CC=C(N)C=C2)C=C1,4.0,0.30943366067593076,0.27986293569366316,0.3203528506778288,0.0,0.0,0.9044359785626653,1.0352876606185832,0.0,0.0,1,1,1,0,0,1,0,0,0,0,0,170.0,3.0,,24.0,,3.0,,,3.0,35.0,,1208.0,,,88.0,,,164.3,,,16.5,,,58.7,,,101.3,,,,,Virtual screening scenario,,,,,,,,,,,,,,,,,,,,,,,,,,,,,,,
FORM_000317,CAND_R2_106,DOPT-amino,designed,P-N-S,B,True,True,True,True,True,Candidate,,DOPT-amino,,DDM,DOPO-based (Co-curing),2,1,P-N-S,100.00%,0.00%,Cc1ccc(S(=O)(=O)NP2(=O)Oc3ccccc3-c3ccccc32)cc1N,,NC1=CC=C(CC2=CC=C(N)C=C2)C=C1,6.78,0.5244900548457027,0.47436767600075913,0.5429980818989198,0.0,0.0,0.9044359785626654,1.035287660618583,0.0,0.0,1,1,1,0,0,1,0,0,0,0,0,170.0,3.0,,24.0,,3.0,,,3.0,35.0,,1208.0,,,88.0,,,164.3,,,16.5,,,58.7,,,101.3,,,,,Virtual screening scenario,,,,,,,,,,,,,,,,,,,,,,,,,,,,,,,
FORM_000318,CAND_R2_106,DOPT-amino,designed,P-N-S,B,True,True,True,True,True,Candidate,,DOPT-amino,,DDM,DOPO-based (Co-curing),2,1,P-N-S,100.00%,0.00%,Cc1ccc(S(=O)(=O)NP2(=O)Oc3ccccc3-c3ccccc32)cc1N,,NC1=CC=C(CC2=CC=C(N)C=C2)C=C1,10.19,0.7882822505719335,0.7129508286796069,0.8160988871017687,0.0,0.0,0.9044359785626654,1.035287660618583,0.0,0.0,1,1,1,0,0,1,0,0,0,0,0,170.0,3.0,,24.0,,3.0,,,3.0,35.0,,1208.0,,,88.0,,,164.3,,,16.5,,,58.7,,,101.3,,,,,Virtual screening scenario,,,,,,,,,,,,,,,,,,,,,,,,,,,,,,,
FORM_000319,CAND_R2_107,DOPT-hydroxy,designed,P-N-S,B,True,True,True,True,True,Candidate,,DOPT-hydroxy,,DDM,DOPO-based (additive),0,1,P-N-S,100.00%,0.00%,Cc1ccc(S(=O)(=O)NP2(=O)Oc3ccccc3-c3ccccc32)cc1O,,NC1=CC=C(CC2=CC=C(N)C=C2)C=C1,3.42,0.26391718570930284,0.119348099058249,0.2732302057900243,0.0,0.0,0.4522179892813327,1.0352876606185832,0.0,0.0,1,1,1,0,0,1,0,0,0,0,0,160.0,3.2,,24.8,,3.2,,,3.0,35.0,,1184.0,,,87.2,,,159.0,,,17.0,,,62.6,,,97.55,,,,,Virtual screening scenario,,,,,,,,,,,,,,,,,,,,,,,,,,,,,,,
FORM_000320,CAND_R2_107,DOPT-hydroxy,designed,P-N-S,B,True,True,True,True,True,Candidate,,DOPT-hydroxy,,DDM,DOPO-based (additive),0,1,P-N-S,100.00%,0.00%,Cc1ccc(S(=O)(=O)NP2(=O)Oc3ccccc3-c3ccccc32)cc1O,,NC1=CC=C(CC2=CC=C(N)C=C2)C=C1,7.0,0.5401813742588071,0.24427973491454477,0.5592431112661316,0.0,0.0,0.45221798928133267,1.0352876606185828,0.0,0.0,1,1,1,0,0,1,0,0,0,0,0,160.0,3.2,,24.8,,3.2,,,3.0,35.0,,1184.0,,,87.2,,,159.0,,,17.0,,,62.6,,,97.55,,,,,Virtual screening scenario,,,,,,,,,,,,,,,,,,,,,,,,,,,,,,,
FORM_000321,CAND_R2_107,DOPT-hydroxy,designed,P-N-S,B,True,True,True,True,True,Candidate,,DOPT-hydroxy,,DDM,DOPO-based (additive),0,1,P-N-S,100.00%,0.00%,Cc1ccc(S(=O)(=O)NP2(=O)Oc3ccccc3-c3ccccc32)cc1O,,NC1=CC=C(CC2=CC=C(N)C=C2)C=C1,10.0,0.7716876775125815,0.3489710498779211,0.7989187303801881,0.0,0.0,0.4522179892813327,1.0352876606185832,0.0,0.0,1,1,1,0,0,1,0,0,0,0,0,160.0,3.2,,24.8,,3.2,,,3.0,35.0,,1184.0,,,87.2,,,159.0,,,17.0,,,62.6,,,97.55,,,,,Virtual screening scenario,,,,,,,,,,,,,,,,,,,,,,,,,,,,,,,
FORM_000322,CAND_R2_108,DOPT-hydroxymethyl,designed,P-N-S,B,True,True,True,True,True,Candidate,,DOPT-hydroxymethyl,,DDM,DOPO-based (additive),0,1,P-N-S,100.00%,0.00%,Cc1ccc(S(=O)(=O)NP2(=O)Oc3ccccc3-c3ccccc32)cc1CO,,NC1=CC=C(CC2=CC=C(N)C=C2)C=C1,3.42,0.25500552470227983,0.1153180856364962,0.26400407311383767,0.0,0.0,0.4522179892813327,1.0352876606185835,0.0,0.0,1,1,1,0,0,1,0,0,0,0,0,160.0,3.2,,24.8,,3.2,,,3.0,35.0,,1184.0,,,87.2,,,159.0,,,17.0,,,62.6,,,97.55,,,,,Virtual screening scenario,,,,,,,,,,,,,,,,,,,,,,,,,,,,,,,
FORM_000323,CAND_R2_108,DOPT-hydroxymethyl,designed,P-N-S,B,True,True,True,True,True,Candidate,,DOPT-hydroxymethyl,,DDM,DOPO-based (additive),0,1,P-N-S,100.00%,0.00%,Cc1ccc(S(=O)(=O)NP2(=O)Oc3ccccc3-c3ccccc32)cc1CO,,NC1=CC=C(CC2=CC=C(N)C=C2)C=C1,7.0,0.5219411324315669,0.236031169431425,0.5403592139756911,0.0,0.0,0.4522179892813327,1.0352876606185832,0.0,0.0,1,1,1,0,0,1,0,0,0,0,0,160.0,3.2,,24.8,,3.2,,,3.0,35.0,,1184.0,,,87.2,,,159.0,,,17.0,,,62.6,,,97.55,,,,,Virtual screening scenario,,,,,,,,,,,,,,,,,,,,,,,,,,,,,,,
FORM_000324,CAND_R2_108,DOPT-hydroxymethyl,designed,P-N-S,B,True,True,True,True,True,Candidate,,DOPT-hydroxymethyl,,DDM,DOPO-based (additive),0,1,P-N-S,100.00%,0.00%,Cc1ccc(S(=O)(=O)NP2(=O)Oc3ccccc3-c3ccccc32)cc1CO,,NC1=CC=C(CC2=CC=C(N)C=C2)C=C1,10.0,0.7456301891879528,0.3371873849020357,0.7719417342509872,0.0,0.0,0.4522179892813327,1.0352876606185832,0.0,0.0,1,1,1,0,0,1,0,0,0,0,0,160.0,3.2,,24.8,,3.2,,,3.0,35.0,,1184.0,,,87.2,,,159.0,,,17.0,,,62.6,,,97.55,,,,,Virtual screening scenario,,,,,,,,,,,,,,,,,,,,,,,,,,,,,,,
FORM_000325,CAND_R2_109,DOPT-carboxamide,designed,P-N-S,B,True,True,True,True,True,Candidate,,DOPT-carboxamide,,DDM,DOPO-based (additive),0,1,P-N-S,100.00%,0.00%,Cc1ccc(S(=O)(=O)NP2(=O)Oc3ccccc3-c3ccccc32)cc1C(N)=O,,NC1=CC=C(CC2=CC=C(N)C=C2)C=C1,3.42,0.24726796543465762,0.22363804428509396,0.25599347348076346,0.0,0.0,0.9044359785626657,1.0352876606185835,0.0,0.0,1,1,1,0,0,1,0,0,0,0,0,160.0,3.2,,24.8,,3.2,,,3.0,35.0,,1184.0,,,87.2,,,159.0,,,17.0,,,62.6,,,97.55,,,,,Virtual screening scenario,,,,,,,,,,,,,,,,,,,,,,,,,,,,,,,
FORM_000326,CAND_R2_109,DOPT-carboxamide,designed,P-N-S,B,True,True,True,True,True,Candidate,,DOPT-carboxamide,,DDM,DOPO-based (additive),0,1,P-N-S,100.00%,0.00%,Cc1ccc(S(=O)(=O)NP2(=O)Oc3ccccc3-c3ccccc32)cc1C(N)=O,,NC1=CC=C(CC2=CC=C(N)C=C2)C=C1,7.0,0.5061040228194748,0.45773868713323324,0.5239632498144282,0.0,0.0,0.9044359785626654,1.0352876606185835,0.0,0.0,1,1,1,0,0,1,0,0,0,0,0,160.0,3.2,,24.8,,3.2,,,3.0,35.0,,1184.0,,,87.2,,,159.0,,,17.0,,,62.6,,,97.55,,,,,Virtual screening scenario,,,,,,,,,,,,,,,,,,,,,,,,,,,,,,,
FORM_000327,CAND_R2_109,DOPT-carboxamide,designed,P-N-S,B,True,True,True,True,True,Candidate,,DOPT-carboxamide,,DDM,DOPO-based (additive),0,1,P-N-S,100.00%,0.00%,Cc1ccc(S(=O)(=O)NP2(=O)Oc3ccccc3-c3ccccc32)cc1C(N)=O,,NC1=CC=C(CC2=CC=C(N)C=C2)C=C1,10.0,0.7230057468849638,0.6539124101903332,0.7485189283063259,0.0,0.0,0.9044359785626657,1.0352876606185837,0.0,0.0,1,1,1,0,0,1,0,0,0,0,0,160.0,3.2,,24.8,,3.2,,,3.0,35.0,,1184.0,,,87.2,,,159.0,,,17.0,,,62.6,,,97.55,,,,,Virtual screening scenario,,,,,,,,,,,,,,,,,,,,,,,,,,,,,,,
FORM_000328,CAND_R2_110,DOPT-boronic-acid,designed,P-N-B-S,B,True,True,True,True,True,Candidate,,DOPT-boronic-acid,,DDM,DOPO-based (additive),0,1,P-N-B-S,100.00%,0.00%,Cc1ccc(S(=O)(=O)NP2(=O)Oc3ccccc3-c3ccccc32)cc1B(O)O,,NC1=CC=C(CC2=CC=C(N)C=C2)C=C1,3.42,0.24681110627005182,0.11161242220974416,0.2555204928250065,0.08615360240820688,0.0,0.45221798928133267,1.0352876606185832,0.34906695938529086,0.0,1,1,1,1,0,1,0,0,0,0,0,160.0,3.2,,24.8,,3.2,,,3.0,35.0,,1184.0,,,87.2,,,159.0,,,17.0,,,62.6,,,97.55,,,,,Virtual screening scenario,,,,,,,,,,,,,,,,,,,,,,,,,,,,,,,
FORM_000329,CAND_R2_110,DOPT-boronic-acid,designed,P-N-B-S,B,True,True,True,True,True,Candidate,,DOPT-boronic-acid,,DDM,DOPO-based (additive),0,1,P-N-B-S,100.00%,0.00%,Cc1ccc(S(=O)(=O)NP2(=O)Oc3ccccc3-c3ccccc32)cc1B(O)O,,NC1=CC=C(CC2=CC=C(N)C=C2)C=C1,7.0,0.5051689309620944,0.22844647820707867,0.5229951607529373,0.17633778270685618,0.0,0.45221798928133267,1.0352876606185832,0.3490669593852908,0.0,1,1,1,1,0,1,0,0,0,0,0,160.0,3.2,,24.8,,3.2,,,3.0,35.0,,1184.0,,,87.2,,,159.0,,,17.0,,,62.6,,,97.55,,,,,Virtual screening scenario,,,,,,,,,,,,,,,,,,,,,,,,,,,,,,,
FORM_000330,CAND_R2_110,DOPT-boronic-acid,designed,P-N-B-S,B,True,True,True,True,True,Candidate,,DOPT-boronic-acid,,DDM,DOPO-based (additive),0,1,P-N-B-S,100.00%,0.00%,Cc1ccc(S(=O)(=O)NP2(=O)Oc3ccccc3-c3ccccc32)cc1B(O)O,,NC1=CC=C(CC2=CC=C(N)C=C2)C=C1,10.0,0.7216699013744206,0.3263521117243981,0.7471359439327675,0.2519111181526517,0.0,0.45221798928133267,1.0352876606185832,0.34906695938529086,0.0,1,1,1,1,0,1,0,0,0,0,0,160.0,3.2,,24.8,,3.2,,,3.0,35.0,,1184.0,,,87.2,,,159.0,,,17.0,,,62.6,,,97.55,,,,,Virtual screening scenario,,,,,,,,,,,,,,,,,,,,,,,,,,,,,,,
FORM_000331,CAND_R2_111,DOPT-pinacol-boronate,designed,P-N-B-S,B,True,True,True,True,True,Candidate,,DOPT-pinacol-boronate,,DDM,DOPO-based (additive),0,1,P-N-B-S,100.00%,0.00%,Cc1ccc(S(=O)(=O)NP2(=O)Oc3ccccc3-c3ccccc32)cc1B1OC(C)(C)C(C)(C)O1,,NC1=CC=C(CC2=CC=C(N)C=C2)C=C1,3.42,0.2071616618916777,0.09368223019683378,0.21447191230969292,0.07231329141773163,0.0,0.4522179892813327,1.0352876606185832,0.3490669593852909,0.0,1,1,1,1,0,1,0,0,0,0,0,160.0,3.2,,24.8,,3.2,,,3.0,35.0,,1184.0,,,87.2,,,159.0,,,17.0,,,62.6,,,97.55,,,,,Virtual screening scenario,,,,,,,,,,,,,,,,,,,,,,,,,,,,,,,
FORM_000332,CAND_R2_111,DOPT-pinacol-boronate,designed,P-N-B-S,B,True,True,True,True,True,Candidate,,DOPT-pinacol-boronate,,DDM,DOPO-based (additive),0,1,P-N-B-S,100.00%,0.00%,Cc1ccc(S(=O)(=O)NP2(=O)Oc3ccccc3-c3ccccc32)cc1B1OC(C)(C)C(C)(C)O1,,NC1=CC=C(CC2=CC=C(N)C=C2)C=C1,7.0,0.4240150974391064,0.19174725478884105,0.4389775982946931,0.14800966079652672,0.0,0.45221798928133267,1.0352876606185832,0.34906695938529086,0.0,1,1,1,1,0,1,0,0,0,0,0,160.0,3.2,,24.8,,3.2,,,3.0,35.0,,1184.0,,,87.2,,,159.0,,,17.0,,,62.6,,,97.55,,,,,Virtual screening scenario,,,,,,,,,,,,,,,,,,,,,,,,,,,,,,,
FORM_000333,CAND_R2_111,DOPT-pinacol-boronate,designed,P-N-B-S,B,True,True,True,True,True,Candidate,,DOPT-pinacol-boronate,,DDM,DOPO-based (additive),0,1,P-N-B-S,100.00%,0.00%,Cc1ccc(S(=O)(=O)NP2(=O)Oc3ccccc3-c3ccccc32)cc1B1OC(C)(C)C(C)(C)O1,,NC1=CC=C(CC2=CC=C(N)C=C2)C=C1,10.0,0.6057358534844377,0.2739246496983444,0.6271108547067045,0.21144237256646675,0.0,0.4522179892813328,1.0352876606185832,0.3490669593852909,0.0,1,1,1,1,0,1,0,0,0,0,0,160.0,3.2,,24.8,,3.2,,,3.0,35.0,,1184.0,,,87.2,,,159.0,,,17.0,,,62.6,,,97.55,,,,,Virtual screening scenario,,,,,,,,,,,,,,,,,,,,,,,,,,,,,,,
FORM_000334,CAND_R2_112,DOPT-trimethoxysilyl,designed,P-N-Si-S,B,True,True,True,True,True,Candidate,,DOPT-trimethoxysilyl,,DDS,DOPO-based (Additive + Secondary Crosslinking),3,1,P-N-Si-S,100.00%,0.00%,CO[Si](OC)(OC)c1cc(S(=O)(=O)NP2(=O)Oc3ccccc3-c3ccccc32)ccc1C,,NC1=CC=C(C=C1)S(=O)(=O)C1=CC=C(N)C=C1,3.5,0.2144330753361117,0.09697049416390895,0.22199991692397145,0.0,0.1944394444982899,0.4522179892813326,1.035287660618583,0.0,0.9067605088138436,1,1,1,0,1,1,1,0,0,0,0,250.0,4.0,,22.4,,3.0,,,4.0,35.0,,867.99,,,114.14500000000001,,,180.0,,,16.9,,,52.14,,,95.65,,,,,Virtual screening scenario,,,,,,,,,,,,,,,,,,,,,,,,,,,,,,,
FORM_000335,CAND_R2_112,DOPT-trimethoxysilyl,designed,P-N-Si-S,B,True,True,True,True,True,Candidate,,DOPT-trimethoxysilyl,,DDS,DOPO-based (Additive + Secondary Crosslinking),3,1,P-N-Si-S,100.00%,0.00%,CO[Si](OC)(OC)c1cc(S(=O)(=O)NP2(=O)Oc3ccccc3-c3ccccc32)ccc1C,,NC1=CC=C(C=C1)S(=O)(=O)C1=CC=C(N)C=C1,5.29,0.32410027672229447,0.14656397546487954,0.3355370172936597,0.0,0.2938813318274153,0.4522179892813327,1.0352876606185832,0.0,0.9067605088138438,1,1,1,0,1,1,1,0,0,0,0,250.0,4.0,,22.4,,3.0,,,4.0,35.0,,867.99,,,114.14500000000001,,,180.0,,,16.9,,,52.14,,,95.65,,,,,Virtual screening scenario,,,,,,,,,,,,,,,,,,,,,,,,,,,,,,,
FORM_000336,CAND_R2_112,DOPT-trimethoxysilyl,designed,P-N-Si-S,B,True,True,True,True,True,Candidate,,DOPT-trimethoxysilyl,,DDS,DOPO-based (Additive + Secondary Crosslinking),3,1,P-N-Si-S,100.00%,0.00%,CO[Si](OC)(OC)c1cc(S(=O)(=O)NP2(=O)Oc3ccccc3-c3ccccc32)ccc1C,,NC1=CC=C(C=C1)S(=O)(=O)C1=CC=C(N)C=C1,10.0,0.6126659295317477,0.2770585547540256,0.6342854769256328,0.0,0.555541269995114,0.4522179892813326,1.035287660618583,0.0,0.9067605088138436,1,1,1,0,1,1,1,0,0,0,0,250.0,4.0,,22.4,,3.0,,,4.0,35.0,,867.99,,,114.14500000000001,,,180.0,,,16.9,,,52.14,,,95.65,,,,,Virtual screening scenario,,,,,,,,,,,,,,,,,,,,,,,,,,,,,,,
FORM_000337,CAND_R2_113,DOPT-triethoxysilyl,designed,P-N-Si-S,B,True,True,True,True,True,Candidate,,DOPT-triethoxysilyl,,DDS,DOPO-based (Additive + Secondary Crosslinking),3,1,P-N-Si-S,100.00%,0.00%,CCO[Si](OCC)(OCC)c1cc(S(=O)(=O)NP2(=O)Oc3ccccc3-c3ccccc32)ccc1C,,NC1=CC=C(C=C1)S(=O)(=O)C1=CC=C(N)C=C1,3.5,0.1979559639326421,0.08951924797586741,0.20494136680532166,0.0,0.17949865057829745,0.45221798928133267,1.0352876606185832,0.0,0.9067605088138437,1,1,1,0,1,1,1,0,0,0,0,250.0,4.0,,22.4,,3.0,,,4.0,35.0,,867.99,,,114.14500000000001,,,180.0,,,16.9,,,52.14,,,95.65,,,,,Virtual screening scenario,,,,,,,,,,,,,,,,,,,,,,,,,,,,,,,
FORM_000338,CAND_R2_113,DOPT-triethoxysilyl,designed,P-N-Si-S,B,True,True,True,True,True,Candidate,,DOPT-triethoxysilyl,,DDS,DOPO-based (Additive + Secondary Crosslinking),3,1,P-N-Si-S,100.00%,0.00%,CCO[Si](OCC)(OCC)c1cc(S(=O)(=O)NP2(=O)Oc3ccccc3-c3ccccc32)ccc1C,,NC1=CC=C(C=C1)S(=O)(=O)C1=CC=C(N)C=C1,5.29,0.299196299772479,0.13530194908352533,0.30975423725718615,0.0,0.2712993890169124,0.4522179892813327,1.0352876606185832,0.0,0.9067605088138438,1,1,1,0,1,1,1,0,0,0,0,250.0,4.0,,22.4,,3.0,,,4.0,35.0,,867.99,,,114.14500000000001,,,180.0,,,16.9,,,52.14,,,95.65,,,,,Virtual screening scenario,,,,,,,,,,,,,,,,,,,,,,,,,,,,,,,
FORM_000339,CAND_R2_113,DOPT-triethoxysilyl,designed,P-N-Si-S,B,True,True,True,True,True,Candidate,,DOPT-triethoxysilyl,,DDS,DOPO-based (Additive + Secondary Crosslinking),3,1,P-N-Si-S,100.00%,0.00%,CCO[Si](OCC)(OCC)c1cc(S(=O)(=O)NP2(=O)Oc3ccccc3-c3ccccc32)ccc1C,,NC1=CC=C(C=C1)S(=O)(=O)C1=CC=C(N)C=C1,10.0,0.5655884683789774,0.25576927993104975,0.585546762300919,0.0,0.5128532873665641,0.45221798928133267,1.0352876606185832,0.0,0.9067605088138437,1,1,1,0,1,1,1,0,0,0,0,250.0,4.0,,22.4,,3.0,,,4.0,35.0,,867.99,,,114.14500000000001,,,180.0,,,16.9,,,52.14,,,95.65,,,,,Virtual screening scenario,,,,,,,,,,,,,,,,,,,,,,,,,,,,,,,
FORM_000340,CAND_R2_114,DOPT-disiloxane,designed,P-N-Si-S,B,True,True,True,True,True,Candidate,,DOPT-disiloxane,,DDM,DOPO-based (additive),0,1,P-N-Si-S,100.00%,0.00%,Cc1ccc(S(=O)(=O)NP2(=O)Oc3ccccc3-c3ccccc32)cc1[Si](C)(C)O[Si](C)(C)C,,NC1=CC=C(CC2=CC=C(N)C=C2)C=C1,3.42,0.1992238005412633,0.09009258649775537,0.20625394240190772,0.0,0.3612965494932473,0.4522179892813327,1.0352876606185832,0.0,1.8135210176276877,1,1,1,0,1,1,0,0,0,0,0,160.0,3.2,,24.8,,3.2,,,3.0,35.0,,1184.0,,,87.2,,,159.0,,,17.0,,,62.6,,,97.55,,,,,Virtual screening scenario,,,,,,,,,,,,,,,,,,,,,,,,,,,,,,,
FORM_000341,CAND_R2_114,DOPT-disiloxane,designed,P-N-Si-S,B,True,True,True,True,True,Candidate,,DOPT-disiloxane,,DDM,DOPO-based (additive),0,1,P-N-Si-S,100.00%,0.00%,Cc1ccc(S(=O)(=O)NP2(=O)Oc3ccccc3-c3ccccc32)cc1[Si](C)(C)O[Si](C)(C)C,,NC1=CC=C(CC2=CC=C(N)C=C2)C=C1,7.0,0.40776801280375524,0.184400030843359,0.4221571920506883,0.0,0.7394958615358863,0.45221798928133283,1.0352876606185832,0.0,1.813521017627688,1,1,1,0,1,1,0,0,0,0,0,160.0,3.2,,24.8,,3.2,,,3.0,35.0,,1184.0,,,87.2,,,159.0,,,17.0,,,62.6,,,97.55,,,,,Virtual screening scenario,,,,,,,,,,,,,,,,,,,,,,,,,,,,,,,
FORM_000342,CAND_R2_114,DOPT-disiloxane,designed,P-N-Si-S,B,True,True,True,True,True,Candidate,,DOPT-disiloxane,,DDM,DOPO-based (additive),0,1,P-N-Si-S,100.00%,0.00%,Cc1ccc(S(=O)(=O)NP2(=O)Oc3ccccc3-c3ccccc32)cc1[Si](C)(C)O[Si](C)(C)C,,NC1=CC=C(CC2=CC=C(N)C=C2)C=C1,10.0,0.5825257325767932,0.26342861549051283,0.6030817029295548,0.0,1.0564226593369803,0.45221798928133283,1.0352876606185835,0.0,1.813521017627688,1,1,1,0,1,1,0,0,0,0,0,160.0,3.2,,24.8,,3.2,,,3.0,35.0,,1184.0,,,87.2,,,159.0,,,17.0,,,62.6,,,97.55,,,,,Virtual screening scenario,,,,,,,,,,,,,,,,,,,,,,,,,,,,,,,
FORM_000343,CAND_R2_116,DOPT-diaminotriazine,designed,P-N-S,B,True,True,True,True,True,Candidate,,DOPT-diaminotriazine,,DDM,DOPO-based (Co-curing),2,1,P-N-S,100.00%,0.00%,Cc1ccc(S(=O)(=O)NP2(=O)Oc3ccccc3-c3ccccc32)cc1-c1nc(N)nc(N)n1,,NC1=CC=C(CC2=CC=C(N)C=C2)C=C1,4.0,0.25056170913275333,0.6798510737694472,0.2594034456886421,0.0,0.0,2.7133079356879968,1.0352876606185832,0.0,0.0,1,1,1,0,0,1,0,0,0,0,0,170.0,3.0,,24.0,,3.0,,,3.0,35.0,,1208.0,,,88.0,,,164.3,,,16.5,,,58.7,,,101.3,,,,,Virtual screening scenario,,,,,,,,,,,,,,,,,,,,,,,,,,,,,,,
FORM_000344,CAND_R2_116,DOPT-diaminotriazine,designed,P-N-S,B,True,True,True,True,True,Candidate,,DOPT-diaminotriazine,,DDM,DOPO-based (Co-curing),2,1,P-N-S,100.00%,0.00%,Cc1ccc(S(=O)(=O)NP2(=O)Oc3ccccc3-c3ccccc32)cc1-c1nc(N)nc(N)n1,,NC1=CC=C(CC2=CC=C(N)C=C2)C=C1,6.78,0.424702096980017,1.1523475700392132,0.43968884044224843,0.0,0.0,2.7133079356879963,1.0352876606185832,0.0,0.0,1,1,1,0,0,1,0,0,0,0,0,170.0,3.0,,24.0,,3.0,,,3.0,35.0,,1208.0,,,88.0,,,164.3,,,16.5,,,58.7,,,101.3,,,,,Virtual screening scenario,,,,,,,,,,,,,,,,,,,,,,,,,,,,,,,
FORM_000345,CAND_R2_116,DOPT-diaminotriazine,designed,P-N-S,B,True,True,True,True,True,Candidate,,DOPT-diaminotriazine,,DDM,DOPO-based (Co-curing),2,1,P-N-S,100.00%,0.00%,Cc1ccc(S(=O)(=O)NP2(=O)Oc3ccccc3-c3ccccc32)cc1-c1nc(N)nc(N)n1,,NC1=CC=C(CC2=CC=C(N)C=C2)C=C1,10.19,0.6383059540156891,1.7319206104276668,0.6608302778918157,0.0,0.0,2.7133079356879968,1.0352876606185832,0.0,0.0,1,1,1,0,0,1,0,0,0,0,0,170.0,3.0,,24.0,,3.0,,,3.0,35.0,,1208.0,,,88.0,,,164.3,,,16.5,,,58.7,,,101.3,,,,,Virtual screening scenario,,,,,,,,,,,,,,,,,,,,,,,,,,,,,,,
FORM_000346,CAND_R2_117,DOPT-piperazine,designed,P-N-S,B,True,True,True,True,True,Candidate,,DOPT-piperazine,,DDM,DOPO-based (Co-curing),2,1,P-N-S,100.00%,0.00%,Cc1ccc(S(=O)(=O)NP2(=O)Oc3ccccc3-c3ccccc32)cc1N1CCNCC1,,NC1=CC=C(CC2=CC=C(N)C=C2)C=C1,4.0,0.26388755769398686,0.35800410221020934,0.2731995322713591,0.0,0.0,1.3566539678439984,1.0352876606185835,0.0,0.0,1,1,1,0,0,1,0,0,0,0,0,170.0,3.0,,24.0,,3.0,,,3.0,35.0,,1208.0,,,88.0,,,164.3,,,16.5,,,58.7,,,101.3,,,,,Virtual screening scenario,,,,,,,,,,,,,,,,,,,,,,,,,,,,,,,
FORM_000347,CAND_R2_117,DOPT-piperazine,designed,P-N-S,B,True,True,True,True,True,Candidate,,DOPT-piperazine,,DDM,DOPO-based (Co-curing),2,1,P-N-S,100.00%,0.00%,Cc1ccc(S(=O)(=O)NP2(=O)Oc3ccccc3-c3ccccc32)cc1N1CCNCC1,,NC1=CC=C(CC2=CC=C(N)C=C2)C=C1,6.78,0.4472894102913078,0.6068169532463048,0.46307320719995376,0.0,0.0,1.3566539678439982,1.0352876606185835,0.0,0.0,1,1,1,0,0,1,0,0,0,0,0,170.0,3.0,,24.0,,3.0,,,3.0,35.0,,1208.0,,,88.0,,,164.3,,,16.5,,,58.7,,,101.3,,,,,Virtual screening scenario,,,,,,,,,,,,,,,,,,,,,,,,,,,,,,,
FORM_000348,CAND_R2_117,DOPT-piperazine,designed,P-N-S,B,True,True,True,True,True,Candidate,,DOPT-piperazine,,DDM,DOPO-based (Co-curing),2,1,P-N-S,100.00%,0.00%,Cc1ccc(S(=O)(=O)NP2(=O)Oc3ccccc3-c3ccccc32)cc1N1CCNCC1,,NC1=CC=C(CC2=CC=C(N)C=C2)C=C1,10.19,0.6722535532254316,0.9120154503805082,0.6959758084612874,0.0,0.0,1.3566539678439984,1.0352876606185835,0.0,0.0,1,1,1,0,0,1,0,0,0,0,0,170.0,3.0,,24.0,,3.0,,,3.0,35.0,,1208.0,,,88.0,,,164.3,,,16.5,,,58.7,,,101.3,,,,,Virtual screening scenario,,,,,,,,,,,,,,,,,,,,,,,,,,,,,,,
FORM_000349,CAND_R2_119,DOPT-phenyl,designed,P-N-S,B,True,True,True,True,True,Candidate,,DOPT-phenyl,,DDM,DOPO-based (additive),0,1,P-N-S,100.00%,0.00%,Cc1ccc(S(=O)(=O)NP2(=O)Oc3ccccc3-c3ccccc32)cc1-c1ccccc1,,NC1=CC=C(CC2=CC=C(N)C=C2)C=C1,3.42,0.22954691329399593,0.10380524357554728,0.23764708686635785,0.0,0.0,0.4522179892813328,1.0352876606185835,0.0,0.0,1,1,1,0,0,1,0,0,0,0,0,160.0,3.2,,24.8,,3.2,,,3.0,35.0,,1184.0,,,87.2,,,159.0,,,17.0,,,62.6,,,97.55,,,,,Virtual screening scenario,,,,,,,,,,,,,,,,,,,,,,,,,,,,,,,
FORM_000350,CAND_R2_119,DOPT-phenyl,designed,P-N-S,B,True,True,True,True,True,Candidate,,DOPT-phenyl,,DDM,DOPO-based (additive),0,1,P-N-S,100.00%,0.00%,Cc1ccc(S(=O)(=O)NP2(=O)Oc3ccccc3-c3ccccc32)cc1-c1ccccc1,,NC1=CC=C(CC2=CC=C(N)C=C2)C=C1,7.0,0.4698328634672432,0.21246687281544765,0.48641216610073246,0.0,0.0,0.4522179892813328,1.0352876606185832,0.0,0.0,1,1,1,0,0,1,0,0,0,0,0,160.0,3.2,,24.8,,3.2,,,3.0,35.0,,1184.0,,,87.2,,,159.0,,,17.0,,,62.6,,,97.55,,,,,Virtual screening scenario,,,,,,,,,,,,,,,,,,,,,,,,,,,,,,,
FORM_000351,CAND_R2_119,DOPT-phenyl,designed,P-N-S,B,True,True,True,True,True,Candidate,,DOPT-phenyl,,DDM,DOPO-based (additive),0,1,P-N-S,100.00%,0.00%,Cc1ccc(S(=O)(=O)NP2(=O)Oc3ccccc3-c3ccccc32)cc1-c1ccccc1,,NC1=CC=C(CC2=CC=C(N)C=C2)C=C1,10.0,0.6711898049532046,0.3035241040220681,0.6948745230010464,0.0,0.0,0.4522179892813328,1.0352876606185832,0.0,0.0,1,1,1,0,0,1,0,0,0,0,0,160.0,3.2,,24.8,,3.2,,,3.0,35.0,,1184.0,,,87.2,,,159.0,,,17.0,,,62.6,,,97.55,,,,,Virtual screening scenario,,,,,,,,,,,,,,,,,,,,,,,,,,,,,,,
FORM_000352,CAND_R2_120,DOPT-biphenyl,designed,P-N-S,B,True,True,True,True,True,Candidate,,DOPT-biphenyl,,DDM,DOPO-based (additive),0,1,P-N-S,100.00%,0.00%,Cc1ccc(S(=O)(=O)NP2(=O)Oc3ccccc3-c3ccccc32)cc1-c1ccc(-c2ccccc2)cc1,,NC1=CC=C(CC2=CC=C(N)C=C2)C=C1,3.42,0.19705285010333395,0.08911084365588554,0.20400638420170494,0.0,0.0,0.4522179892813327,1.0352876606185832,0.0,0.0,1,1,1,0,0,1,0,0,0,0,0,160.0,3.2,,24.8,,3.2,,,3.0,35.0,,1184.0,,,87.2,,,159.0,,,17.0,,,62.6,,,97.55,,,,,Virtual screening scenario,,,,,,,,,,,,,,,,,,,,,,,,,,,,,,,
FORM_000353,CAND_R2_120,DOPT-biphenyl,designed,P-N-S,B,True,True,True,True,True,Candidate,,DOPT-biphenyl,,DDM,DOPO-based (additive),0,1,P-N-S,100.00%,0.00%,Cc1ccc(S(=O)(=O)NP2(=O)Oc3ccccc3-c3ccccc32)cc1-c1ccc(-c2ccccc2)cc1,,NC1=CC=C(CC2=CC=C(N)C=C2)C=C1,7.0,0.40332454699512804,0.18239061566994116,0.41755692672863587,0.0,0.0,0.45221798928133267,1.035287660618583,0.0,0.0,1,1,1,0,0,1,0,0,0,0,0,160.0,3.2,,24.8,,3.2,,,3.0,35.0,,1184.0,,,87.2,,,159.0,,,17.0,,,62.6,,,97.55,,,,,Virtual screening scenario,,,,,,,,,,,,,,,,,,,,,,,,,,,,,,,
FORM_000354,CAND_R2_120,DOPT-biphenyl,designed,P-N-S,B,True,True,True,True,True,Candidate,,DOPT-biphenyl,,DDM,DOPO-based (additive),0,1,P-N-S,100.00%,0.00%,Cc1ccc(S(=O)(=O)NP2(=O)Oc3ccccc3-c3ccccc32)cc1-c1ccc(-c2ccccc2)cc1,,NC1=CC=C(CC2=CC=C(N)C=C2)C=C1,10.0,0.5761779242787542,0.2605580223856302,0.5965098953266227,0.0,0.0,0.45221798928133267,1.0352876606185832,0.0,0.0,1,1,1,0,0,1,0,0,0,0,0,160.0,3.2,,24.8,,3.2,,,3.0,35.0,,1184.0,,,87.2,,,159.0,,,17.0,,,62.6,,,97.55,,,,,Virtual screening scenario,,,,,,,,,,,,,,,,,,,,,,,,,,,,,,,
FORM_000355,CAND_R2_121,DOPT-aryl-methyl-to-aldehyde,designed,P-N-S,B,True,True,True,True,True,Candidate,,DOPT-aryl-methyl-to-aldehyde,,DDM,DOPO-based (additive),0,1,P-N-S,100.00%,0.00%,O=Cc1ccc(S(=O)(=O)NP2(=O)Oc3ccccc3-c3ccccc32)cc1,,NC1=CC=C(CC2=CC=C(N)C=C2)C=C1,3.42,0.26524944662012595,0.11995057140853954,0.27460947907172395,0.0,0.0,0.45221798928133267,1.0352876606185832,0.0,0.0,1,1,1,0,0,1,0,0,0,0,0,160.0,3.2,,24.8,,3.2,,,3.0,35.0,,1184.0,,,87.2,,,159.0,,,17.0,,,62.6,,,97.55,,,,,Virtual screening scenario,,,,,,,,,,,,,,,,,,,,,,,,,,,,,,,
FORM_000356,CAND_R2_121,DOPT-aryl-methyl-to-aldehyde,designed,P-N-S,B,True,True,True,True,True,Candidate,,DOPT-aryl-methyl-to-aldehyde,,DDM,DOPO-based (additive),0,1,P-N-S,100.00%,0.00%,O=Cc1ccc(S(=O)(=O)NP2(=O)Oc3ccccc3-c3ccccc32)cc1,,NC1=CC=C(CC2=CC=C(N)C=C2)C=C1,7.0,0.5429082240762811,0.24551286545607506,0.5620661852345227,0.0,0.0,0.45221798928133267,1.0352876606185832,0.0,0.0,1,1,1,0,0,1,0,0,0,0,0,160.0,3.2,,24.8,,3.2,,,3.0,35.0,,1184.0,,,87.2,,,159.0,,,17.0,,,62.6,,,97.55,,,,,Virtual screening scenario,,,,,,,,,,,,,,,,,,,,,,,,,,,,,,,
FORM_000357,CAND_R2_121,DOPT-aryl-methyl-to-aldehyde,designed,P-N-S,B,True,True,True,True,True,Candidate,,DOPT-aryl-methyl-to-aldehyde,,DDM,DOPO-based (additive),0,1,P-N-S,100.00%,0.00%,O=Cc1ccc(S(=O)(=O)NP2(=O)Oc3ccccc3-c3ccccc32)cc1,,NC1=CC=C(CC2=CC=C(N)C=C2)C=C1,10.0,0.7755831772518303,0.3507326649372501,0.8029516931921754,0.0,0.0,0.45221798928133256,1.0352876606185832,0.0,0.0,1,1,1,0,0,1,0,0,0,0,0,160.0,3.2,,24.8,,3.2,,,3.0,35.0,,1184.0,,,87.2,,,159.0,,,17.0,,,62.6,,,97.55,,,,,Virtual screening scenario,,,,,,,,,,,,,,,,,,,,,,,,,,,,,,,
FORM_000358,CAND_R2_122,DOPT-aryl-methyl-to-acid,designed,P-N-S,B,True,True,True,True,True,Candidate,,DOPT-aryl-methyl-to-acid,,DDM,DOPO-based (additive),0,1,P-N-S,100.00%,0.00%,O=C(O)c1ccc(S(=O)(=O)NP2(=O)Oc3ccccc3-c3ccccc32)cc1,,NC1=CC=C(CC2=CC=C(N)C=C2)C=C1,3.42,0.25503253780428203,0.11533030144716788,0.2640320394450155,0.0,0.0,0.45221798928133267,1.0352876606185832,0.0,0.0,1,1,1,0,0,1,0,0,0,0,0,160.0,3.2,,24.8,,3.2,,,3.0,35.0,,1184.0,,,87.2,,,159.0,,,17.0,,,62.6,,,97.55,,,,,Virtual screening scenario,,,,,,,,,,,,,,,,,,,,,,,,,,,,,,,
FORM_000359,CAND_R2_122,DOPT-aryl-methyl-to-acid,designed,P-N-S,B,True,True,True,True,True,Candidate,,DOPT-aryl-methyl-to-acid,,DDM,DOPO-based (additive),0,1,P-N-S,100.00%,0.00%,O=C(O)c1ccc(S(=O)(=O)NP2(=O)Oc3ccccc3-c3ccccc32)cc1,,NC1=CC=C(CC2=CC=C(N)C=C2)C=C1,7.0,0.5219964224064252,0.23605617255268282,0.5404164550044177,0.0,0.0,0.4522179892813327,1.0352876606185832,0.0,0.0,1,1,1,0,0,1,0,0,0,0,0,160.0,3.2,,24.8,,3.2,,,3.0,35.0,,1184.0,,,87.2,,,159.0,,,17.0,,,62.6,,,97.55,,,,,Virtual screening scenario,,,,,,,,,,,,,,,,,,,,,,,,,,,,,,,
FORM_000360,CAND_R2_122,DOPT-aryl-methyl-to-acid,designed,P-N-S,B,True,True,True,True,True,Candidate,,DOPT-aryl-methyl-to-acid,,DDM,DOPO-based (additive),0,1,P-N-S,100.00%,0.00%,O=C(O)c1ccc(S(=O)(=O)NP2(=O)Oc3ccccc3-c3ccccc32)cc1,,NC1=CC=C(CC2=CC=C(N)C=C2)C=C1,10.0,0.7457091748663217,0.3372231036466897,0.7720235071491682,0.0,0.0,0.4522179892813327,1.0352876606185832,0.0,0.0,1,1,1,0,0,1,0,0,0,0,0,160.0,3.2,,24.8,,3.2,,,3.0,35.0,,1184.0,,,87.2,,,159.0,,,17.0,,,62.6,,,97.55,,,,,Virtual screening scenario,,,,,,,,,,,,,,,,,,,,,,,,,,,,,,,
FORM_000361,CAND_R2_126,DIB-amino,designed,P-N,B,True,True,True,True,True,Candidate,,DIB-amino,,DDM,DOPO-based (Co-curing),2,1,P-N,100.00%,0.00%,Nc1nc(C(Nc2ccc(NC(c3c[nH]cn3)P3(=O)Oc4ccccc4-c4ccccc43)cc2)P2(=O)Oc3ccccc3-c3ccccc32)c[nH]1,,NC1=CC=C(CC2=CC=C(N)C=C2)C=C1,4.0,0.3481892310783675,0.5511010188868544,0.0,0.0,0.0,1.5827629624846644,0.0,0.0,0.0,1,1,0,0,0,1,0,0,0,0,0,170.0,3.0,,24.0,,3.0,,,3.0,35.0,,1208.0,,,88.0,,,164.3,,,16.5,,,58.7,,,101.3,,,,,Virtual screening scenario,,,,,,,,,,,,,,,,,,,,,,,,,,,,,,,
FORM_000362,CAND_R2_126,DIB-amino,designed,P-N,B,True,True,True,True,True,Candidate,,DIB-amino,,DDM,DOPO-based (Co-curing),2,1,P-N,100.00%,0.00%,Nc1nc(C(Nc2ccc(NC(c3c[nH]cn3)P3(=O)Oc4ccccc4-c4ccccc43)cc2)P2(=O)Oc3ccccc3-c3ccccc32)c[nH]1,,NC1=CC=C(CC2=CC=C(N)C=C2)C=C1,6.78,0.5901807466778329,0.9341162270132183,0.0,0.0,0.0,1.5827629624846646,0.0,0.0,0.0,1,1,0,0,0,1,0,0,0,0,0,170.0,3.0,,24.0,,3.0,,,3.0,35.0,,1208.0,,,88.0,,,164.3,,,16.5,,,58.7,,,101.3,,,,,Virtual screening scenario,,,,,,,,,,,,,,,,,,,,,,,,,,,,,,,
FORM_000363,CAND_R2_126,DIB-amino,designed,P-N,B,True,True,True,True,True,Candidate,,DIB-amino,,DDM,DOPO-based (Co-curing),2,1,P-N,100.00%,0.00%,Nc1nc(C(Nc2ccc(NC(c3c[nH]cn3)P3(=O)Oc4ccccc4-c4ccccc43)cc2)P2(=O)Oc3ccccc3-c3ccccc32)c[nH]1,,NC1=CC=C(CC2=CC=C(N)C=C2)C=C1,10.19,0.8870120661721412,1.4039298456142615,0.0,0.0,0.0,1.5827629624846644,0.0,0.0,0.0,1,1,0,0,0,1,0,0,0,0,0,170.0,3.0,,24.0,,3.0,,,3.0,35.0,,1208.0,,,88.0,,,164.3,,,16.5,,,58.7,,,101.3,,,,,Virtual screening scenario,,,,,,,,,,,,,,,,,,,,,,,,,,,,,,,
FORM_000364,CAND_R2_127,DIB-hydroxy,designed,P-N,B,True,True,True,True,True,Candidate,,DIB-hydroxy,,DDM,DOPO-based (additive),0,1,P-N,100.00%,0.00%,O=P1(C(Nc2ccc(NC(c3c[nH]c(O)n3)P3(=O)Oc4ccccc4-c4ccccc43)cc2)c2c[nH]cn2)Oc2ccccc2-c2ccccc21,,NC1=CC=C(CC2=CC=C(N)C=C2)C=C1,3.42,0.2972907332282783,0.4033206528373954,0.0,0.0,0.0,1.3566539678439984,0.0,0.0,0.0,1,1,0,0,0,1,0,0,0,0,0,160.0,3.2,,24.8,,3.2,,,3.0,35.0,,1184.0,,,87.2,,,159.0,,,17.0,,,62.6,,,97.55,,,,,Virtual screening scenario,,,,,,,,,,,,,,,,,,,,,,,,,,,,,,,
FORM_000365,CAND_R2_127,DIB-hydroxy,designed,P-N,B,True,True,True,True,True,Candidate,,DIB-hydroxy,,DDM,DOPO-based (additive),0,1,P-N,100.00%,0.00%,O=P1(C(Nc2ccc(NC(c3c[nH]c(O)n3)P3(=O)Oc4ccccc4-c4ccccc43)cc2)c2c[nH]cn2)Oc2ccccc2-c2ccccc21,,NC1=CC=C(CC2=CC=C(N)C=C2)C=C1,7.0,0.6084898048532013,0.8255101081467157,0.0,0.0,0.0,1.3566539678439982,0.0,0.0,0.0,1,1,0,0,0,1,0,0,0,0,0,160.0,3.2,,24.8,,3.2,,,3.0,35.0,,1184.0,,,87.2,,,159.0,,,17.0,,,62.6,,,97.55,,,,,Virtual screening scenario,,,,,,,,,,,,,,,,,,,,,,,,,,,,,,,
FORM_000366,CAND_R2_127,DIB-hydroxy,designed,P-N,B,True,True,True,True,True,Candidate,,DIB-hydroxy,,DDM,DOPO-based (additive),0,1,P-N,100.00%,0.00%,O=P1(C(Nc2ccc(NC(c3c[nH]c(O)n3)P3(=O)Oc4ccccc4-c4ccccc43)cc2)c2c[nH]cn2)Oc2ccccc2-c2ccccc21,,NC1=CC=C(CC2=CC=C(N)C=C2)C=C1,10.0,0.8692711497902876,1.1793001544953083,0.0,0.0,0.0,1.3566539678439984,0.0,0.0,0.0,1,1,0,0,0,1,0,0,0,0,0,160.0,3.2,,24.8,,3.2,,,3.0,35.0,,1184.0,,,87.2,,,159.0,,,17.0,,,62.6,,,97.55,,,,,Virtual screening scenario,,,,,,,,,,,,,,,,,,,,,,,,,,,,,,,
FORM_000367,CAND_R2_128,DIB-hydroxymethyl,designed,P-N,B,True,True,True,True,True,Candidate,,DIB-hydroxymethyl,,DDM,DOPO-based (additive),0,1,P-N,100.00%,0.00%,O=P1(C(Nc2ccc(NC(c3c[nH]c(CO)n3)P3(=O)Oc4ccccc4-c4ccccc43)cc2)c2c[nH]cn2)Oc2ccccc2-c2ccccc21,,NC1=CC=C(CC2=CC=C(N)C=C2)C=C1,3.42,0.29155209379773483,0.3955353048839225,0.0,0.0,0.0,1.3566539678439982,0.0,0.0,0.0,1,1,0,0,0,1,0,0,0,0,0,160.0,3.2,,24.8,,3.2,,,3.0,35.0,,1184.0,,,87.2,,,159.0,,,17.0,,,62.6,,,97.55,,,,,Virtual screening scenario,,,,,,,,,,,,,,,,,,,,,,,,,,,,,,,
FORM_000368,CAND_R2_128,DIB-hydroxymethyl,designed,P-N,B,True,True,True,True,True,Candidate,,DIB-hydroxymethyl,,DDM,DOPO-based (additive),0,1,P-N,100.00%,0.00%,O=P1(C(Nc2ccc(NC(c3c[nH]c(CO)n3)P3(=O)Oc4ccccc4-c4ccccc43)cc2)c2c[nH]cn2)Oc2ccccc2-c2ccccc21,,NC1=CC=C(CC2=CC=C(N)C=C2)C=C1,7.0,0.5967440516327907,0.8095751854349292,0.0,0.0,0.0,1.3566539678439984,0.0,0.0,0.0,1,1,0,0,0,1,0,0,0,0,0,160.0,3.2,,24.8,,3.2,,,3.0,35.0,,1184.0,,,87.2,,,159.0,,,17.0,,,62.6,,,97.55,,,,,Virtual screening scenario,,,,,,,,,,,,,,,,,,,,,,,,,,,,,,,
FORM_000369,CAND_R2_128,DIB-hydroxymethyl,designed,P-N,B,True,True,True,True,True,Candidate,,DIB-hydroxymethyl,,DDM,DOPO-based (additive),0,1,P-N,100.00%,0.00%,O=P1(C(Nc2ccc(NC(c3c[nH]c(CO)n3)P3(=O)Oc4ccccc4-c4ccccc43)cc2)c2c[nH]cn2)Oc2ccccc2-c2ccccc21,,NC1=CC=C(CC2=CC=C(N)C=C2)C=C1,10.0,0.8524915023325579,1.156535979192756,0.0,0.0,0.0,1.3566539678439986,0.0,0.0,0.0,1,1,0,0,0,1,0,0,0,0,0,160.0,3.2,,24.8,,3.2,,,3.0,35.0,,1184.0,,,87.2,,,159.0,,,17.0,,,62.6,,,97.55,,,,,Virtual screening scenario,,,,,,,,,,,,,,,,,,,,,,,,,,,,,,,
FORM_000370,CAND_R2_129,DIB-carboxamide,designed,P-N,B,True,True,True,True,True,Candidate,,DIB-carboxamide,,DDM,DOPO-based (additive),0,1,P-N,100.00%,0.00%,NC(=O)c1nc(C(Nc2ccc(NC(c3c[nH]cn3)P3(=O)Oc4ccccc4-c4ccccc43)cc2)P2(=O)Oc3ccccc3-c3ccccc32)c[nH]1,,NC1=CC=C(CC2=CC=C(N)C=C2)C=C1,3.42,0.28642833483625774,0.45334815978498477,0.0,0.0,0.0,1.5827629624846646,0.0,0.0,0.0,1,1,0,0,0,1,0,0,0,0,0,160.0,3.2,,24.8,,3.2,,,3.0,35.0,,1184.0,,,87.2,,,159.0,,,17.0,,,62.6,,,97.55,,,,,Virtual screening scenario,,,,,,,,,,,,,,,,,,,,,,,,,,,,,,,
FORM_000371,CAND_R2_129,DIB-carboxamide,designed,P-N,B,True,True,True,True,True,Candidate,,DIB-carboxamide,,DDM,DOPO-based (additive),0,1,P-N,100.00%,0.00%,NC(=O)c1nc(C(Nc2ccc(NC(c3c[nH]cn3)P3(=O)Oc4ccccc4-c4ccccc43)cc2)P2(=O)Oc3ccccc3-c3ccccc32)c[nH]1,,NC1=CC=C(CC2=CC=C(N)C=C2)C=C1,7.0,0.5862568256882469,0.9279055902031851,0.0,0.0,0.0,1.5827629624846642,0.0,0.0,0.0,1,1,0,0,0,1,0,0,0,0,0,160.0,3.2,,24.8,,3.2,,,3.0,35.0,,1184.0,,,87.2,,,159.0,,,17.0,,,62.6,,,97.55,,,,,Virtual screening scenario,,,,,,,,,,,,,,,,,,,,,,,,,,,,,,,
FORM_000372,CAND_R2_129,DIB-carboxamide,designed,P-N,B,True,True,True,True,True,Candidate,,DIB-carboxamide,,DDM,DOPO-based (additive),0,1,P-N,100.00%,0.00%,NC(=O)c1nc(C(Nc2ccc(NC(c3c[nH]cn3)P3(=O)Oc4ccccc4-c4ccccc43)cc2)P2(=O)Oc3ccccc3-c3ccccc32)c[nH]1,,NC1=CC=C(CC2=CC=C(N)C=C2)C=C1,10.0,0.8375097509832099,1.3255794145759787,0.0,0.0,0.0,1.5827629624846642,0.0,0.0,0.0,1,1,0,0,0,1,0,0,0,0,0,160.0,3.2,,24.8,,3.2,,,3.0,35.0,,1184.0,,,87.2,,,159.0,,,17.0,,,62.6,,,97.55,,,,,Virtual screening scenario,,,,,,,,,,,,,,,,,,,,,,,,,,,,,,,
FORM_000373,CAND_R2_130,DIB-boronic-acid,designed,P-N-B,B,True,True,True,True,True,Candidate,,DIB-boronic-acid,,DDM,DOPO-based (additive),0,1,P-N-B,100.00%,0.00%,O=P1(C(Nc2ccc(NC(c3c[nH]c(B(O)O)n3)P3(=O)Oc4ccccc4-c4ccccc43)cc2)c2c[nH]cn2)Oc2ccccc2-c2ccccc21,,NC1=CC=C(CC2=CC=C(N)C=C2)C=C1,3.42,0.28612158355189055,0.38816798161148036,0.0,0.049937795592481446,0.0,1.3566539678439982,0.0,0.17453347969264546,0.0,1,1,0,1,0,1,0,0,0,0,0,160.0,3.2,,24.8,,3.2,,,3.0,35.0,,1184.0,,,87.2,,,159.0,,,17.0,,,62.6,,,97.55,,,,,Virtual screening scenario,,,,,,,,,,,,,,,,,,,,,,,,,,,,,,,
FORM_000374,CAND_R2_130,DIB-boronic-acid,designed,P-N-B,B,True,True,True,True,True,Candidate,,DIB-boronic-acid,,DDM,DOPO-based (additive),0,1,P-N-B,100.00%,0.00%,O=P1(C(Nc2ccc(NC(c3c[nH]c(B(O)O)n3)P3(=O)Oc4ccccc4-c4ccccc43)cc2)c2c[nH]cn2)Oc2ccccc2-c2ccccc21,,NC1=CC=C(CC2=CC=C(N)C=C2)C=C1,7.0,0.5856289721822321,0.7944958687954277,0.0,0.10221186232379242,0.0,1.3566539678439984,0.0,0.17453347969264543,0.0,1,1,0,1,0,1,0,0,0,0,0,160.0,3.2,,24.8,,3.2,,,3.0,35.0,,1184.0,,,87.2,,,159.0,,,17.0,,,62.6,,,97.55,,,,,Virtual screening scenario,,,,,,,,,,,,,,,,,,,,,,,,,,,,,,,
FORM_000375,CAND_R2_130,DIB-boronic-acid,designed,P-N-B,B,True,True,True,True,True,Candidate,,DIB-boronic-acid,,DDM,DOPO-based (additive),0,1,P-N-B,100.00%,0.00%,O=P1(C(Nc2ccc(NC(c3c[nH]c(B(O)O)n3)P3(=O)Oc4ccccc4-c4ccccc43)cc2)c2c[nH]cn2)Oc2ccccc2-c2ccccc21,,NC1=CC=C(CC2=CC=C(N)C=C2)C=C1,10.0,0.8366128174031887,1.1349940982791822,0.0,0.14601694617684632,0.0,1.356653967843998,0.0,0.17453347969264543,0.0,1,1,0,1,0,1,0,0,0,0,0,160.0,3.2,,24.8,,3.2,,,3.0,35.0,,1184.0,,,87.2,,,159.0,,,17.0,,,62.6,,,97.55,,,,,Virtual screening scenario,,,,,,,,,,,,,,,,,,,,,,,,,,,,,,,
FORM_000376,CAND_R2_131,DIB-pinacol-boronate,designed,P-N-B,B,True,True,True,True,True,Candidate,,DIB-pinacol-boronate,,DDM,DOPO-based (additive),0,1,P-N-B,100.00%,0.00%,CC1(C)OB(c2nc(C(Nc3ccc(NC(c4c[nH]cn4)P4(=O)Oc5ccccc5-c5ccccc54)cc3)P3(=O)Oc4ccccc4-c4ccccc43)c[nH]2)OC1(C)C,,NC1=CC=C(CC2=CC=C(N)C=C2)C=C1,3.42,0.257549355221442,0.3494053546768326,0.0,0.044950985159395475,0.0,1.356653967843998,0.0,0.17453347969264543,0.0,1,1,0,1,0,1,0,0,0,0,0,160.0,3.2,,24.8,,3.2,,,3.0,35.0,,1184.0,,,87.2,,,159.0,,,17.0,,,62.6,,,97.55,,,,,Virtual screening scenario,,,,,,,,,,,,,,,,,,,,,,,,,,,,,,,
FORM_000377,CAND_R2_131,DIB-pinacol-boronate,designed,P-N-B,B,True,True,True,True,True,Candidate,,DIB-pinacol-boronate,,DDM,DOPO-based (additive),0,1,P-N-B,100.00%,0.00%,CC1(C)OB(c2nc(C(Nc3ccc(NC(c4c[nH]cn4)P4(=O)Oc5ccccc5-c5ccccc54)cc3)P3(=O)Oc4ccccc4-c4ccccc43)c[nH]2)OC1(C)C,,NC1=CC=C(CC2=CC=C(N)C=C2)C=C1,7.0,0.5271478030848228,0.7151571586952715,0.0,0.09200494038472758,0.0,1.3566539678439984,0.0,0.17453347969264543,0.0,1,1,0,1,0,1,0,0,0,0,0,160.0,3.2,,24.8,,3.2,,,3.0,35.0,,1184.0,,,87.2,,,159.0,,,17.0,,,62.6,,,97.55,,,,,Virtual screening scenario,,,,,,,,,,,,,,,,,,,,,,,,,,,,,,,
FORM_000378,CAND_R2_131,DIB-pinacol-boronate,designed,P-N-B,B,True,True,True,True,True,Candidate,,DIB-pinacol-boronate,,DDM,DOPO-based (additive),0,1,P-N-B,100.00%,0.00%,CC1(C)OB(c2nc(C(Nc3ccc(NC(c4c[nH]cn4)P4(=O)Oc5ccccc5-c5ccccc54)cc3)P3(=O)Oc4ccccc4-c4ccccc43)c[nH]2)OC1(C)C,,NC1=CC=C(CC2=CC=C(N)C=C2)C=C1,10.0,0.7530682901211755,1.0216530838503879,0.0,0.13143562912103943,0.0,1.3566539678439982,0.0,0.17453347969264546,0.0,1,1,0,1,0,1,0,0,0,0,0,160.0,3.2,,24.8,,3.2,,,3.0,35.0,,1184.0,,,87.2,,,159.0,,,17.0,,,62.6,,,97.55,,,,,Virtual screening scenario,,,,,,,,,,,,,,,,,,,,,,,,,,,,,,,
FORM_000379,CAND_R2_132,DIB-trimethoxysilyl,designed,P-N-Si,B,True,True,True,True,True,Candidate,,DIB-trimethoxysilyl,,DDS,DOPO-based (Additive + Secondary Crosslinking),3,1,P-N-Si,100.00%,0.00%,CO[Si](OC)(OC)c1nc(C(Nc2ccc(NC(c3c[nH]cn3)P3(=O)Oc4ccccc4-c4ccccc43)cc2)P2(=O)Oc3ccccc3-c3ccccc32)c[nH]1,,NC1=CC=C(C=C1)S(=O)(=O)C1=CC=C(N)C=C1,3.5,0.2654402906868554,0.36011062358598667,0.0,0.0,0.12034538652145381,1.3566539678439984,0.0,0.0,0.453380254406922,1,1,0,0,1,1,1,0,0,0,0,250.0,4.0,,22.4,,3.0,,,4.0,35.0,,867.99,,,114.14500000000001,,,180.0,,,16.9,,,52.14,,,95.65,,,,,Virtual screening scenario,,,,,,,,,,,,,,,,,,,,,,,,,,,,,,,
FORM_000380,CAND_R2_132,DIB-trimethoxysilyl,designed,P-N-Si,B,True,True,True,True,True,Candidate,,DIB-trimethoxysilyl,,DDS,DOPO-based (Additive + Secondary Crosslinking),3,1,P-N-Si,100.00%,0.00%,CO[Si](OC)(OC)c1nc(C(Nc2ccc(NC(c3c[nH]cn3)P3(=O)Oc4ccccc4-c4ccccc43)cc2)P2(=O)Oc3ccccc3-c3ccccc32)c[nH]1,,NC1=CC=C(C=C1)S(=O)(=O)C1=CC=C(N)C=C1,5.29,0.40119403935241854,0.5442814853628198,0.0,0.0,0.1818934556281402,1.3566539678439984,0.0,0.0,0.453380254406922,1,1,0,0,1,1,1,0,0,0,0,250.0,4.0,,22.4,,3.0,,,4.0,35.0,,867.99,,,114.14500000000001,,,180.0,,,16.9,,,52.14,,,95.65,,,,,Virtual screening scenario,,,,,,,,,,,,,,,,,,,,,,,,,,,,,,,
FORM_000381,CAND_R2_132,DIB-trimethoxysilyl,designed,P-N-Si,B,True,True,True,True,True,Candidate,,DIB-trimethoxysilyl,,DDS,DOPO-based (Additive + Secondary Crosslinking),3,1,P-N-Si,100.00%,0.00%,CO[Si](OC)(OC)c1nc(C(Nc2ccc(NC(c3c[nH]cn3)P3(=O)Oc4ccccc4-c4ccccc43)cc2)P2(=O)Oc3ccccc3-c3ccccc32)c[nH]1,,NC1=CC=C(C=C1)S(=O)(=O)C1=CC=C(N)C=C1,10.0,0.7584008305338724,1.0288874959599619,0.0,0.0,0.343843961489868,1.3566539678439984,0.0,0.0,0.453380254406922,1,1,0,0,1,1,1,0,0,0,0,250.0,4.0,,22.4,,3.0,,,4.0,35.0,,867.99,,,114.14500000000001,,,180.0,,,16.9,,,52.14,,,95.65,,,,,Virtual screening scenario,,,,,,,,,,,,,,,,,,,,,,,,,,,,,,,
FORM_000382,CAND_R2_133,DIB-triethoxysilyl,designed,P-N-Si,B,True,True,True,True,True,Candidate,,DIB-triethoxysilyl,,DDS,DOPO-based (Additive + Secondary Crosslinking),3,1,P-N-Si,100.00%,0.00%,CCO[Si](OCC)(OCC)c1nc(C(Nc2ccc(NC(c3c[nH]cn3)P3(=O)Oc4ccccc4-c4ccccc43)cc2)P2(=O)Oc3ccccc3-c3ccccc32)c[nH]1,,NC1=CC=C(C=C1)S(=O)(=O)C1=CC=C(N)C=C1,3.5,0.2524353682886931,0.3424674440130166,0.0,0.0,0.11444921149603271,1.3566539678439986,0.0,0.0,0.4533802544069219,1,1,0,0,1,1,1,0,0,0,0,250.0,4.0,,22.4,,3.0,,,4.0,35.0,,867.99,,,114.14500000000001,,,180.0,,,16.9,,,52.14,,,95.65,,,,,Virtual screening scenario,,,,,,,,,,,,,,,,,,,,,,,,,,,,,,,
FORM_000383,CAND_R2_133,DIB-triethoxysilyl,designed,P-N-Si,B,True,True,True,True,True,Candidate,,DIB-triethoxysilyl,,DDS,DOPO-based (Additive + Secondary Crosslinking),3,1,P-N-Si,100.00%,0.00%,CCO[Si](OCC)(OCC)c1nc(C(Nc2ccc(NC(c3c[nH]cn3)P3(=O)Oc4ccccc4-c4ccccc43)cc2)P2(=O)Oc3ccccc3-c3ccccc32)c[nH]1,,NC1=CC=C(C=C1)S(=O)(=O)C1=CC=C(N)C=C1,5.29,0.38153802807062476,0.5176150796653879,0.0,0.0,0.17298180823257517,1.3566539678439984,0.0,0.0,0.4533802544069219,1,1,0,0,1,1,1,0,0,0,0,250.0,4.0,,22.4,,3.0,,,4.0,35.0,,867.99,,,114.14500000000001,,,180.0,,,16.9,,,52.14,,,95.65,,,,,Virtual screening scenario,,,,,,,,,,,,,,,,,,,,,,,,,,,,,,,
FORM_000384,CAND_R2_133,DIB-triethoxysilyl,designed,P-N-Si,B,True,True,True,True,True,Candidate,,DIB-triethoxysilyl,,DDS,DOPO-based (Additive + Secondary Crosslinking),3,1,P-N-Si,100.00%,0.00%,CCO[Si](OCC)(OCC)c1nc(C(Nc2ccc(NC(c3c[nH]cn3)P3(=O)Oc4ccccc4-c4ccccc43)cc2)P2(=O)Oc3ccccc3-c3ccccc32)c[nH]1,,NC1=CC=C(C=C1)S(=O)(=O)C1=CC=C(N)C=C1,10.0,0.721243909396266,0.9784784114657618,0.0,0.0,0.3269977471315221,1.3566539678439986,0.0,0.0,0.453380254406922,1,1,0,0,1,1,1,0,0,0,0,250.0,4.0,,22.4,,3.0,,,4.0,35.0,,867.99,,,114.14500000000001,,,180.0,,,16.9,,,52.14,,,95.65,,,,,Virtual screening scenario,,,,,,,,,,,,,,,,,,,,,,,,,,,,,,,
FORM_000385,CAND_R2_134,DIB-disiloxane,designed,P-N-Si,B,True,True,True,True,True,Candidate,,DIB-disiloxane,,DDM,DOPO-based (additive),0,1,P-N-Si,100.00%,0.00%,C[Si](C)(C)O[Si](C)(C)c1nc(C(Nc2ccc(NC(c3c[nH]cn3)P3(=O)Oc4ccccc4-c4ccccc43)cc2)P2(=O)Oc3ccccc3-c3ccccc32)c[nH]1,,NC1=CC=C(CC2=CC=C(N)C=C2)C=C1,3.42,0.2513246546189598,0.3409605899058342,0.0,0.0,0.22789127169975154,1.3566539678439982,0.0,0.0,0.9067605088138437,1,1,0,0,1,1,0,0,0,0,0,160.0,3.2,,24.8,,3.2,,,3.0,35.0,,1184.0,,,87.2,,,159.0,,,17.0,,,62.6,,,97.55,,,,,Virtual screening scenario,,,,,,,,,,,,,,,,,,,,,,,,,,,,,,,
FORM_000386,CAND_R2_134,DIB-disiloxane,designed,P-N-Si,B,True,True,True,True,True,Candidate,,DIB-disiloxane,,DDM,DOPO-based (additive),0,1,P-N-Si,100.00%,0.00%,C[Si](C)(C)O[Si](C)(C)c1nc(C(Nc2ccc(NC(c3c[nH]cn3)P3(=O)Oc4ccccc4-c4ccccc43)cc2)P2(=O)Oc3ccccc3-c3ccccc32)c[nH]1,,NC1=CC=C(CC2=CC=C(N)C=C2)C=C1,7.0,0.5144071878165843,0.697872552438842,0.0,0.0,0.4664441233620646,1.3566539678439984,0.0,0.0,0.906760508813844,1,1,0,0,1,1,0,0,0,0,0,160.0,3.2,,24.8,,3.2,,,3.0,35.0,,1184.0,,,87.2,,,159.0,,,17.0,,,62.6,,,97.55,,,,,Virtual screening scenario,,,,,,,,,,,,,,,,,,,,,,,,,,,,,,,
FORM_000387,CAND_R2_134,DIB-disiloxane,designed,P-N-Si,B,True,True,True,True,True,Candidate,,DIB-disiloxane,,DDM,DOPO-based (additive),0,1,P-N-Si,100.00%,0.00%,C[Si](C)(C)O[Si](C)(C)c1nc(C(Nc2ccc(NC(c3c[nH]cn3)P3(=O)Oc4ccccc4-c4ccccc43)cc2)P2(=O)Oc3ccccc3-c3ccccc32)c[nH]1,,NC1=CC=C(CC2=CC=C(N)C=C2)C=C1,10.0,0.7348674111665491,0.9969607891983457,0.0,0.0,0.6663487476600922,1.3566539678439984,0.0,0.0,0.9067605088138438,1,1,0,0,1,1,0,0,0,0,0,160.0,3.2,,24.8,,3.2,,,3.0,35.0,,1184.0,,,87.2,,,159.0,,,17.0,,,62.6,,,97.55,,,,,Virtual screening scenario,,,,,,,,,,,,,,,,,,,,,,,,,,,,,,,
FORM_000388,CAND_R2_135,DIB-glycidyloxy,designed,P-N,B,True,True,True,True,True,Candidate,,DIB-glycidyloxy,,DDM,DOPO-based (Co-curing),2,1,P-N,100.00%,0.00%,O=P1(C(Nc2ccc(NC(c3c[nH]c(OCC4CO4)n3)P3(=O)Oc4ccccc4-c4ccccc43)cc2)c2c[nH]cn2)Oc2ccccc2-c2ccccc21,,NC1=CC=C(CC2=CC=C(N)C=C2)C=C1,4.0,0.3223490874936744,0.43731616857918554,0.0,0.0,0.0,1.3566539678439982,0.0,0.0,0.0,1,1,0,0,0,1,0,0,0,0,0,170.0,3.0,,24.0,,3.0,,,3.0,35.0,,1208.0,,,88.0,,,164.3,,,16.5,,,58.7,,,101.3,,,,,Virtual screening scenario,,,,,,,,,,,,,,,,,,,,,,,,,,,,,,,
FORM_000389,CAND_R2_135,DIB-glycidyloxy,designed,P-N,B,True,True,True,True,True,Candidate,,DIB-glycidyloxy,,DDM,DOPO-based (Co-curing),2,1,P-N,100.00%,0.00%,O=P1(C(Nc2ccc(NC(c3c[nH]c(OCC4CO4)n3)P3(=O)Oc4ccccc4-c4ccccc43)cc2)c2c[nH]cn2)Oc2ccccc2-c2ccccc21,,NC1=CC=C(CC2=CC=C(N)C=C2)C=C1,6.78,0.5463817033017782,0.7412509057417195,0.0,0.0,0.0,1.3566539678439982,0.0,0.0,0.0,1,1,0,0,0,1,0,0,0,0,0,170.0,3.0,,24.0,,3.0,,,3.0,35.0,,1208.0,,,88.0,,,164.3,,,16.5,,,58.7,,,101.3,,,,,Virtual screening scenario,,,,,,,,,,,,,,,,,,,,,,,,,,,,,,,
FORM_000390,CAND_R2_135,DIB-glycidyloxy,designed,P-N,B,True,True,True,True,True,Candidate,,DIB-glycidyloxy,,DDM,DOPO-based (Co-curing),2,1,P-N,100.00%,0.00%,O=P1(C(Nc2ccc(NC(c3c[nH]c(OCC4CO4)n3)P3(=O)Oc4ccccc4-c4ccccc43)cc2)c2c[nH]cn2)Oc2ccccc2-c2ccccc21,,NC1=CC=C(CC2=CC=C(N)C=C2)C=C1,10.19,0.8211843003901356,1.114062939455475,0.0,0.0,0.0,1.3566539678439982,0.0,0.0,0.0,1,1,0,0,0,1,0,0,0,0,0,170.0,3.0,,24.0,,3.0,,,3.0,35.0,,1208.0,,,88.0,,,164.3,,,16.5,,,58.7,,,101.3,,,,,Virtual screening scenario,,,,,,,,,,,,,,,,,,,,,,,,,,,,,,,
FORM_000391,CAND_R2_136,DIB-diaminotriazine,designed,P-N,B,True,True,True,True,True,Candidate,,DIB-diaminotriazine,,DDM,DOPO-based (Co-curing),2,1,P-N,100.00%,0.00%,Nc1nc(N)nc(-c2nc(C(Nc3ccc(NC(c4c[nH]cn4)P4(=O)Oc5ccccc5-c5ccccc54)cc3)P3(=O)Oc4ccccc4-c4ccccc43)c[nH]2)n1,,NC1=CC=C(CC2=CC=C(N)C=C2)C=C1,4.0,0.3075349742347369,0.7649006622516556,0.0,0.0,0.0,2.48719894104733,0.0,0.0,0.0,1,1,0,0,0,1,0,0,0,0,0,170.0,3.0,,24.0,,3.0,,,3.0,35.0,,1208.0,,,88.0,,,164.3,,,16.5,,,58.7,,,101.3,,,,,Virtual screening scenario,,,,,,,,,,,,,,,,,,,,,,,,,,,,,,,
FORM_000392,CAND_R2_136,DIB-diaminotriazine,designed,P-N,B,True,True,True,True,True,Candidate,,DIB-diaminotriazine,,DDM,DOPO-based (Co-curing),2,1,P-N,100.00%,0.00%,Nc1nc(N)nc(-c2nc(C(Nc3ccc(NC(c4c[nH]cn4)P4(=O)Oc5ccccc5-c5ccccc54)cc3)P3(=O)Oc4ccccc4-c4ccccc43)c[nH]2)n1,,NC1=CC=C(CC2=CC=C(N)C=C2)C=C1,6.78,0.521271781327879,1.2965066225165562,0.0,0.0,0.0,2.4871989410473305,0.0,0.0,0.0,1,1,0,0,0,1,0,0,0,0,0,170.0,3.0,,24.0,,3.0,,,3.0,35.0,,1208.0,,,88.0,,,164.3,,,16.5,,,58.7,,,101.3,,,,,Virtual screening scenario,,,,,,,,,,,,,,,,,,,,,,,,,,,,,,,
FORM_000393,CAND_R2_136,DIB-diaminotriazine,designed,P-N,B,True,True,True,True,True,Candidate,,DIB-diaminotriazine,,DDM,DOPO-based (Co-curing),2,1,P-N,100.00%,0.00%,Nc1nc(N)nc(-c2nc(C(Nc3ccc(NC(c4c[nH]cn4)P4(=O)Oc5ccccc5-c5ccccc54)cc3)P3(=O)Oc4ccccc4-c4ccccc43)c[nH]2)n1,,NC1=CC=C(CC2=CC=C(N)C=C2)C=C1,10.19,0.7834453468629923,1.9485844370860925,0.0,0.0,0.0,2.48719894104733,0.0,0.0,0.0,1,1,0,0,0,1,0,0,0,0,0,170.0,3.0,,24.0,,3.0,,,3.0,35.0,,1208.0,,,88.0,,,164.3,,,16.5,,,58.7,,,101.3,,,,,Virtual screening scenario,,,,,,,,,,,,,,,,,,,,,,,,,,,,,,,
FORM_000394,CAND_R2_137,DIB-piperazine,designed,P-N,B,True,True,True,True,True,Candidate,,DIB-piperazine,,DDM,DOPO-based (Co-curing),2,1,P-N,100.00%,0.00%,O=P1(C(Nc2ccc(NC(c3c[nH]c(N4CCNCC4)n3)P3(=O)Oc4ccccc4-c4ccccc43)cc2)c2c[nH]cn2)Oc2ccccc2-c2ccccc21,,NC1=CC=C(CC2=CC=C(N)C=C2)C=C1,4.0,0.3173703772961425,0.5740823755132779,0.0,0.0,0.0,1.8088719571253309,0.0,0.0,0.0,1,1,0,0,0,1,0,0,0,0,0,170.0,3.0,,24.0,,3.0,,,3.0,35.0,,1208.0,,,88.0,,,164.3,,,16.5,,,58.7,,,101.3,,,,,Virtual screening scenario,,,,,,,,,,,,,,,,,,,,,,,,,,,,,,,
FORM_000395,CAND_R2_137,DIB-piperazine,designed,P-N,B,True,True,True,True,True,Candidate,,DIB-piperazine,,DDM,DOPO-based (Co-curing),2,1,P-N,100.00%,0.00%,O=P1(C(Nc2ccc(NC(c3c[nH]c(N4CCNCC4)n3)P3(=O)Oc4ccccc4-c4ccccc43)cc2)c2c[nH]cn2)Oc2ccccc2-c2ccccc21,,NC1=CC=C(CC2=CC=C(N)C=C2)C=C1,6.78,0.5379427895169615,0.9730696264950062,0.0,0.0,0.0,1.808871957125331,0.0,0.0,0.0,1,1,0,0,0,1,0,0,0,0,0,170.0,3.0,,24.0,,3.0,,,3.0,35.0,,1208.0,,,88.0,,,164.3,,,16.5,,,58.7,,,101.3,,,,,Virtual screening scenario,,,,,,,,,,,,,,,,,,,,,,,,,,,,,,,
FORM_000396,CAND_R2_137,DIB-piperazine,designed,P-N,B,True,True,True,True,True,Candidate,,DIB-piperazine,,DDM,DOPO-based (Co-curing),2,1,P-N,100.00%,0.00%,O=P1(C(Nc2ccc(NC(c3c[nH]c(N4CCNCC4)n3)P3(=O)Oc4ccccc4-c4ccccc43)cc2)c2c[nH]cn2)Oc2ccccc2-c2ccccc21,,NC1=CC=C(CC2=CC=C(N)C=C2)C=C1,10.19,0.8085010361619228,1.4624748516200754,0.0,0.0,0.0,1.808871957125331,0.0,0.0,0.0,1,1,0,0,0,1,0,0,0,0,0,170.0,3.0,,24.0,,3.0,,,3.0,35.0,,1208.0,,,88.0,,,164.3,,,16.5,,,58.7,,,101.3,,,,,Virtual screening scenario,,,,,,,,,,,,,,,,,,,,,,,,,,,,,,,
FORM_000397,CAND_R2_138,DIB-benzamide-linker,designed,P-N,B,True,True,True,True,True,Candidate,,DIB-benzamide-linker,,DDM,DOPO-based (additive),0,1,P-N,100.00%,0.00%,O=C(Nc1nc(C(Nc2ccc(NC(c3c[nH]cn3)P3(=O)Oc4ccccc4-c4ccccc43)cc2)P2(=O)Oc3ccccc3-c3ccccc32)c[nH]1)c1ccccc1,,NC1=CC=C(CC2=CC=C(N)C=C2)C=C1,3.42,0.25970915714903886,0.41105803495360793,0.0,0.0,0.0,1.5827629624846642,0.0,0.0,0.0,1,1,0,0,0,1,0,0,0,0,0,160.0,3.2,,24.8,,3.2,,,3.0,35.0,,1184.0,,,87.2,,,159.0,,,17.0,,,62.6,,,97.55,,,,,Virtual screening scenario,,,,,,,,,,,,,,,,,,,,,,,,,,,,,,,
FORM_000398,CAND_R2_138,DIB-benzamide-linker,designed,P-N,B,True,True,True,True,True,Candidate,,DIB-benzamide-linker,,DDM,DOPO-based (additive),0,1,P-N,100.00%,0.00%,O=C(Nc1nc(C(Nc2ccc(NC(c3c[nH]cn3)P3(=O)Oc4ccccc4-c4ccccc43)cc2)P2(=O)Oc3ccccc3-c3ccccc32)c[nH]1)c1ccccc1,,NC1=CC=C(CC2=CC=C(N)C=C2)C=C1,7.0,0.5315684503050503,0.8413468551682035,0.0,0.0,0.0,1.5827629624846644,0.0,0.0,0.0,1,1,0,0,0,1,0,0,0,0,0,160.0,3.2,,24.8,,3.2,,,3.0,35.0,,1184.0,,,87.2,,,159.0,,,17.0,,,62.6,,,97.55,,,,,Virtual screening scenario,,,,,,,,,,,,,,,,,,,,,,,,,,,,,,,
FORM_000399,CAND_R2_138,DIB-benzamide-linker,designed,P-N,B,True,True,True,True,True,Candidate,,DIB-benzamide-linker,,DDM,DOPO-based (additive),0,1,P-N,100.00%,0.00%,O=C(Nc1nc(C(Nc2ccc(NC(c3c[nH]cn3)P3(=O)Oc4ccccc4-c4ccccc43)cc2)P2(=O)Oc3ccccc3-c3ccccc32)c[nH]1)c1ccccc1,,NC1=CC=C(CC2=CC=C(N)C=C2)C=C1,10.0,0.7593835004357861,1.2019240788117194,0.0,0.0,0.0,1.5827629624846646,0.0,0.0,0.0,1,1,0,0,0,1,0,0,0,0,0,160.0,3.2,,24.8,,3.2,,,3.0,35.0,,1184.0,,,87.2,,,159.0,,,17.0,,,62.6,,,97.55,,,,,Virtual screening scenario,,,,,,,,,,,,,,,,,,,,,,,,,,,,,,,
FORM_000400,CAND_R2_139,DIB-phenyl,designed,P-N,B,True,True,True,True,True,Candidate,,DIB-phenyl,,DDM,DOPO-based (additive),0,1,P-N,100.00%,0.00%,O=P1(C(Nc2ccc(NC(c3c[nH]c(-c4ccccc4)n3)P3(=O)Oc4ccccc4-c4ccccc43)cc2)c2c[nH]cn2)Oc2ccccc2-c2ccccc21,,NC1=CC=C(CC2=CC=C(N)C=C2)C=C1,3.42,0.27416933465503357,0.37195291572090033,0.0,0.0,0.0,1.3566539678439984,0.0,0.0,0.0,1,1,0,0,0,1,0,0,0,0,0,160.0,3.2,,24.8,,3.2,,,3.0,35.0,,1184.0,,,87.2,,,159.0,,,17.0,,,62.6,,,97.55,,,,,Virtual screening scenario,,,,,,,,,,,,,,,,,,,,,,,,,,,,,,,
FORM_000401,CAND_R2_139,DIB-phenyl,designed,P-N,B,True,True,True,True,True,Candidate,,DIB-phenyl,,DDM,DOPO-based (additive),0,1,P-N,100.00%,0.00%,O=P1(C(Nc2ccc(NC(c3c[nH]c(-c4ccccc4)n3)P3(=O)Oc4ccccc4-c4ccccc43)cc2)c2c[nH]cn2)Oc2ccccc2-c2ccccc21,,NC1=CC=C(CC2=CC=C(N)C=C2)C=C1,7.0,0.561165304849484,0.7613071374404393,0.0,0.0,0.0,1.3566539678439982,0.0,0.0,0.0,1,1,0,0,0,1,0,0,0,0,0,160.0,3.2,,24.8,,3.2,,,3.0,35.0,,1184.0,,,87.2,,,159.0,,,17.0,,,62.6,,,97.55,,,,,Virtual screening scenario,,,,,,,,,,,,,,,,,,,,,,,,,,,,,,,
FORM_000402,CAND_R2_139,DIB-phenyl,designed,P-N,B,True,True,True,True,True,Candidate,,DIB-phenyl,,DDM,DOPO-based (additive),0,1,P-N,100.00%,0.00%,O=P1(C(Nc2ccc(NC(c3c[nH]c(-c4ccccc4)n3)P3(=O)Oc4ccccc4-c4ccccc43)cc2)c2c[nH]cn2)Oc2ccccc2-c2ccccc21,,NC1=CC=C(CC2=CC=C(N)C=C2)C=C1,10.0,0.8016647212135485,1.0875816249149133,0.0,0.0,0.0,1.3566539678439984,0.0,0.0,0.0,1,1,0,0,0,1,0,0,0,0,0,160.0,3.2,,24.8,,3.2,,,3.0,35.0,,1184.0,,,87.2,,,159.0,,,17.0,,,62.6,,,97.55,,,,,Virtual screening scenario,,,,,,,,,,,,,,,,,,,,,,,,,,,,,,,
FORM_000403,CAND_R2_140,DIB-biphenyl,designed,P-N,B,True,True,True,True,True,Candidate,,DIB-biphenyl,,DDM,DOPO-based (additive),0,1,P-N,100.00%,0.00%,O=P1(C(Nc2ccc(NC(c3c[nH]c(-c4ccc(-c5ccccc5)cc4)n3)P3(=O)Oc4ccccc4-c4ccccc43)cc2)c2c[nH]cn2)Oc2ccccc2-c2ccccc21,,NC1=CC=C(CC2=CC=C(N)C=C2)C=C1,3.42,0.24959021723764196,0.3386075585504924,0.0,0.0,0.0,1.356653967843998,0.0,0.0,0.0,1,1,0,0,0,1,0,0,0,0,0,160.0,3.2,,24.8,,3.2,,,3.0,35.0,,1184.0,,,87.2,,,159.0,,,17.0,,,62.6,,,97.55,,,,,Virtual screening scenario,,,,,,,,,,,,,,,,,,,,,,,,,,,,,,,
FORM_000404,CAND_R2_140,DIB-biphenyl,designed,P-N,B,True,True,True,True,True,Candidate,,DIB-biphenyl,,DDM,DOPO-based (additive),0,1,P-N,100.00%,0.00%,O=P1(C(Nc2ccc(NC(c3c[nH]c(-c4ccc(-c5ccccc5)cc4)n3)P3(=O)Oc4ccccc4-c4ccccc43)cc2)c2c[nH]cn2)Oc2ccccc2-c2ccccc21,,NC1=CC=C(CC2=CC=C(N)C=C2)C=C1,7.0,0.5108571697846472,0.6930564063898967,0.0,0.0,0.0,1.3566539678439982,0.0,0.0,0.0,1,1,0,0,0,1,0,0,0,0,0,160.0,3.2,,24.8,,3.2,,,3.0,35.0,,1184.0,,,87.2,,,159.0,,,17.0,,,62.6,,,97.55,,,,,Virtual screening scenario,,,,,,,,,,,,,,,,,,,,,,,,,,,,,,,
FORM_000405,CAND_R2_140,DIB-biphenyl,designed,P-N,B,True,True,True,True,True,Candidate,,DIB-biphenyl,,DDM,DOPO-based (additive),0,1,P-N,100.00%,0.00%,O=P1(C(Nc2ccc(NC(c3c[nH]c(-c4ccc(-c5ccccc5)cc4)n3)P3(=O)Oc4ccccc4-c4ccccc43)cc2)c2c[nH]cn2)Oc2ccccc2-c2ccccc21,,NC1=CC=C(CC2=CC=C(N)C=C2)C=C1,10.0,0.7297959568352104,0.9900805805569953,0.0,0.0,0.0,1.3566539678439982,0.0,0.0,0.0,1,1,0,0,0,1,0,0,0,0,0,160.0,3.2,,24.8,,3.2,,,3.0,35.0,,1184.0,,,87.2,,,159.0,,,17.0,,,62.6,,,97.55,,,,,Virtual screening scenario,,,,,,,,,,,,,,,,,,,,,,,,,,,,,,,
FORM_000406,CAND_R2_141,DIB-NH-methyl,designed,P-N,B,True,True,True,True,True,Candidate,,DIB-NH-methyl,,DDM,DOPO-based (additive),0,1,P-N,100.00%,0.00%,CN(c1ccc(NC(c2c[nH]cn2)P2(=O)Oc3ccccc3-c3ccccc32)cc1)C(c1c[nH]cn1)P1(=O)Oc2ccccc2-c2ccccc21,,NC1=CC=C(CC2=CC=C(N)C=C2)C=C1,3.42,0.29811566815024104,0.40443980407248914,0.0,0.0,0.0,1.3566539678439982,0.0,0.0,0.0,1,1,0,0,0,1,0,0,0,0,0,160.0,3.2,,24.8,,3.2,,,3.0,35.0,,1184.0,,,87.2,,,159.0,,,17.0,,,62.6,,,97.55,,,,,Virtual screening scenario,,,,,,,,,,,,,,,,,,,,,,,,,,,,,,,
FORM_000407,CAND_R2_141,DIB-NH-methyl,designed,P-N,B,True,True,True,True,True,Candidate,,DIB-NH-methyl,,DDM,DOPO-based (additive),0,1,P-N,100.00%,0.00%,CN(c1ccc(NC(c2c[nH]cn2)P2(=O)Oc3ccccc3-c3ccccc32)cc1)C(c1c[nH]cn1)P1(=O)Oc2ccccc2-c2ccccc21,,NC1=CC=C(CC2=CC=C(N)C=C2)C=C1,7.0,0.6101782681437683,0.8278007685694223,0.0,0.0,0.0,1.3566539678439982,0.0,0.0,0.0,1,1,0,0,0,1,0,0,0,0,0,160.0,3.2,,24.8,,3.2,,,3.0,35.0,,1184.0,,,87.2,,,159.0,,,17.0,,,62.6,,,97.55,,,,,Virtual screening scenario,,,,,,,,,,,,,,,,,,,,,,,,,,,,,,,
FORM_000408,CAND_R2_141,DIB-NH-methyl,designed,P-N,B,True,True,True,True,True,Candidate,,DIB-NH-methyl,,DDM,DOPO-based (additive),0,1,P-N,100.00%,0.00%,CN(c1ccc(NC(c2c[nH]cn2)P2(=O)Oc3ccccc3-c3ccccc32)cc1)C(c1c[nH]cn1)P1(=O)Oc2ccccc2-c2ccccc21,,NC1=CC=C(CC2=CC=C(N)C=C2)C=C1,10.0,0.8716832402053832,1.182572526527746,0.0,0.0,0.0,1.3566539678439982,0.0,0.0,0.0,1,1,0,0,0,1,0,0,0,0,0,160.0,3.2,,24.8,,3.2,,,3.0,35.0,,1184.0,,,87.2,,,159.0,,,17.0,,,62.6,,,97.55,,,,,Virtual screening scenario,,,,,,,,,,,,,,,,,,,,,,,,,,,,,,,
FORM_000409,CAND_R2_142,DIB-NH-hydroxyethyl,designed,P-N,B,True,True,True,True,True,Candidate,,DIB-NH-hydroxyethyl,,DDM,DOPO-based (additive),0,1,P-N,100.00%,0.00%,O=P1(C(Nc2ccc(N(CCO)C(c3c[nH]cn3)P3(=O)Oc4ccccc4-c4ccccc43)cc2)c2c[nH]cn2)Oc2ccccc2-c2ccccc21,,NC1=CC=C(CC2=CC=C(N)C=C2)C=C1,3.42,0.2860308061191013,0.3880448280470963,0.0,0.0,0.0,1.3566539678439986,0.0,0.0,0.0,1,1,0,0,0,1,0,0,0,0,0,160.0,3.2,,24.8,,3.2,,,3.0,35.0,,1184.0,,,87.2,,,159.0,,,17.0,,,62.6,,,97.55,,,,,Virtual screening scenario,,,,,,,,,,,,,,,,,,,,,,,,,,,,,,,
FORM_000410,CAND_R2_142,DIB-NH-hydroxyethyl,designed,P-N,B,True,True,True,True,True,Candidate,,DIB-NH-hydroxyethyl,,DDM,DOPO-based (additive),0,1,P-N,100.00%,0.00%,O=P1(C(Nc2ccc(N(CCO)C(c3c[nH]cn3)P3(=O)Oc4ccccc4-c4ccccc43)cc2)c2c[nH]cn2)Oc2ccccc2-c2ccccc21,,NC1=CC=C(CC2=CC=C(N)C=C2)C=C1,7.0,0.5854431704192133,0.794243800096396,0.0,0.0,0.0,1.3566539678439984,0.0,0.0,0.0,1,1,0,0,0,1,0,0,0,0,0,160.0,3.2,,24.8,,3.2,,,3.0,35.0,,1184.0,,,87.2,,,159.0,,,17.0,,,62.6,,,97.55,,,,,Virtual screening scenario,,,,,,,,,,,,,,,,,,,,,,,,,,,,,,,
FORM_000411,CAND_R2_142,DIB-NH-hydroxyethyl,designed,P-N,B,True,True,True,True,True,Candidate,,DIB-NH-hydroxyethyl,,DDM,DOPO-based (additive),0,1,P-N,100.00%,0.00%,O=P1(C(Nc2ccc(N(CCO)C(c3c[nH]cn3)P3(=O)Oc4ccccc4-c4ccccc43)cc2)c2c[nH]cn2)Oc2ccccc2-c2ccccc21,,NC1=CC=C(CC2=CC=C(N)C=C2)C=C1,10.0,0.8363473863131619,1.1346340001377084,0.0,0.0,0.0,1.3566539678439984,0.0,0.0,0.0,1,1,0,0,0,1,0,0,0,0,0,160.0,3.2,,24.8,,3.2,,,3.0,35.0,,1184.0,,,87.2,,,159.0,,,17.0,,,62.6,,,97.55,,,,,Virtual screening scenario,,,,,,,,,,,,,,,,,,,,,,,,,,,,,,,
FORM_000412,CAND_R2_143,DIB-NH-glycidyl,designed,P-N,B,True,True,True,True,True,Candidate,,DIB-NH-glycidyl,,DDM,DOPO-based (Co-curing),2,1,P-N,100.00%,0.00%,O=P1(C(Nc2ccc(N(CC3CO3)C(c3c[nH]cn3)P3(=O)Oc4ccccc4-c4ccccc43)cc2)c2c[nH]cn2)Oc2ccccc2-c2ccccc21,,NC1=CC=C(CC2=CC=C(N)C=C2)C=C1,4.0,0.32920069934157736,0.44661143497877004,0.0,0.0,0.0,1.3566539678439982,0.0,0.0,0.0,1,1,0,0,0,1,0,0,0,0,0,170.0,3.0,,24.0,,3.0,,,3.0,35.0,,1208.0,,,88.0,,,164.3,,,16.5,,,58.7,,,101.3,,,,,Virtual screening scenario,,,,,,,,,,,,,,,,,,,,,,,,,,,,,,,
FORM_000413,CAND_R2_143,DIB-NH-glycidyl,designed,P-N,B,True,True,True,True,True,Candidate,,DIB-NH-glycidyl,,DDM,DOPO-based (Co-curing),2,1,P-N,100.00%,0.00%,O=P1(C(Nc2ccc(N(CC3CO3)C(c3c[nH]cn3)P3(=O)Oc4ccccc4-c4ccccc43)cc2)c2c[nH]cn2)Oc2ccccc2-c2ccccc21,,NC1=CC=C(CC2=CC=C(N)C=C2)C=C1,6.78,0.5579951853839736,0.7570063822890153,0.0,0.0,0.0,1.3566539678439984,0.0,0.0,0.0,1,1,0,0,0,1,0,0,0,0,0,170.0,3.0,,24.0,,3.0,,,3.0,35.0,,1208.0,,,88.0,,,164.3,,,16.5,,,58.7,,,101.3,,,,,Virtual screening scenario,,,,,,,,,,,,,,,,,,,,,,,,,,,,,,,
FORM_000414,CAND_R2_143,DIB-NH-glycidyl,designed,P-N,B,True,True,True,True,True,Candidate,,DIB-NH-glycidyl,,DDM,DOPO-based (Co-curing),2,1,P-N,100.00%,0.00%,O=P1(C(Nc2ccc(N(CC3CO3)C(c3c[nH]cn3)P3(=O)Oc4ccccc4-c4ccccc43)cc2)c2c[nH]cn2)Oc2ccccc2-c2ccccc21,,NC1=CC=C(CC2=CC=C(N)C=C2)C=C1,10.19,0.8386387815726684,1.1377426306084166,0.0,0.0,0.0,1.3566539678439982,0.0,0.0,0.0,1,1,0,0,0,1,0,0,0,0,0,170.0,3.0,,24.0,,3.0,,,3.0,35.0,,1208.0,,,88.0,,,164.3,,,16.5,,,58.7,,,101.3,,,,,Virtual screening scenario,,,,,,,,,,,,,,,,,,,,,,,,,,,,,,,
FORM_000415,CAND_R2_144,DTB-amino,designed,P-N-B,B,True,True,True,True,True,Candidate,,DTB-amino,,DDM,DOPO-based (Co-curing),2,1,P-N-B,100.00%,0.00%,CCC(O)Cn1c(=O)n(CC(O)COB(O)OC)c(=O)n(CC(O)CP2(=O)Oc3ccc(N)cc3-c3ccccc32)c1=O,,NC1=CC=C(CC2=CC=C(N)C=C2)C=C1,4.0,0.19971597182930576,0.3612606208320638,0.0,0.06971424702713418,0.0,1.808871957125331,0.0,0.3490669593852909,0.0,1,1,0,1,0,1,0,0,0,0,0,170.0,3.0,,24.0,,3.0,,,3.0,35.0,,1208.0,,,88.0,,,164.3,,,16.5,,,58.7,,,101.3,,,,,Virtual screening scenario,,,,,,,,,,,,,,,,,,,,,,,,,,,,,,,
FORM_000416,CAND_R2_144,DTB-amino,designed,P-N-B,B,True,True,True,True,True,Candidate,,DTB-amino,,DDM,DOPO-based (Co-curing),2,1,P-N-B,100.00%,0.00%,CCC(O)Cn1c(=O)n(CC(O)COB(O)OC)c(=O)n(CC(O)CP2(=O)Oc3ccc(N)cc3-c3ccccc32)c1=O,,NC1=CC=C(CC2=CC=C(N)C=C2)C=C1,6.78,0.3385185722506733,0.6123367523103481,0.0,0.11816564871099244,0.0,1.8088719571253309,0.0,0.3490669593852909,0.0,1,1,0,1,0,1,0,0,0,0,0,170.0,3.0,,24.0,,3.0,,,3.0,35.0,,1208.0,,,88.0,,,164.3,,,16.5,,,58.7,,,101.3,,,,,Virtual screening scenario,,,,,,,,,,,,,,,,,,,,,,,,,,,,,,,
FORM_000417,CAND_R2_144,DTB-amino,designed,P-N-B,B,True,True,True,True,True,Candidate,,DTB-amino,,DDM,DOPO-based (Co-curing),2,1,P-N-B,100.00%,0.00%,CCC(O)Cn1c(=O)n(CC(O)COB(O)OC)c(=O)n(CC(O)CP2(=O)Oc3ccc(N)cc3-c3ccccc32)c1=O,,NC1=CC=C(CC2=CC=C(N)C=C2)C=C1,10.19,0.5087764382351564,0.9203114315696824,0.0,0.17759704430162432,0.0,1.8088719571253309,0.0,0.3490669593852909,0.0,1,1,0,1,0,1,0,0,0,0,0,170.0,3.0,,24.0,,3.0,,,3.0,35.0,,1208.0,,,88.0,,,164.3,,,16.5,,,58.7,,,101.3,,,,,Virtual screening scenario,,,,,,,,,,,,,,,,,,,,,,,,,,,,,,,
FORM_000418,CAND_R2_145,DTB-hydroxy,designed,P-N-B,B,True,True,True,True,True,Candidate,,DTB-hydroxy,,DDM,DOPO-based (additive),0,1,P-N-B,100.00%,0.00%,CCC(O)Cn1c(=O)n(CC(O)COB(O)OC)c(=O)n(CC(O)CP2(=O)Oc3ccc(O)cc3-c3ccccc32)c1=O,,NC1=CC=C(CC2=CC=C(N)C=C2)C=C1,3.42,0.1704867344229051,0.23129150471960014,0.0,0.059511286000531086,0.0,1.3566539678439982,0.0,0.34906695938529086,0.0,1,1,0,1,0,1,0,0,0,0,0,160.0,3.2,,24.8,,3.2,,,3.0,35.0,,1184.0,,,87.2,,,159.0,,,17.0,,,62.6,,,97.55,,,,,Virtual screening scenario,,,,,,,,,,,,,,,,,,,,,,,,,,,,,,,
FORM_000419,CAND_R2_145,DTB-hydroxy,designed,P-N-B,B,True,True,True,True,True,Candidate,,DTB-hydroxy,,DDM,DOPO-based (additive),0,1,P-N-B,100.00%,0.00%,CCC(O)Cn1c(=O)n(CC(O)COB(O)OC)c(=O)n(CC(O)CP2(=O)Oc3ccc(O)cc3-c3ccccc32)c1=O,,NC1=CC=C(CC2=CC=C(N)C=C2)C=C1,7.0,0.34894945642115077,0.4734036646307605,0.0,0.12180672573208116,0.0,1.3566539678439982,0.0,0.34906695938529086,0.0,1,1,0,1,0,1,0,0,0,0,0,160.0,3.2,,24.8,,3.2,,,3.0,35.0,,1184.0,,,87.2,,,159.0,,,17.0,,,62.6,,,97.55,,,,,Virtual screening scenario,,,,,,,,,,,,,,,,,,,,,,,,,,,,,,,
FORM_000420,CAND_R2_145,DTB-hydroxy,designed,P-N-B,B,True,True,True,True,True,Candidate,,DTB-hydroxy,,DDM,DOPO-based (additive),0,1,P-N-B,100.00%,0.00%,CCC(O)Cn1c(=O)n(CC(O)COB(O)OC)c(=O)n(CC(O)CP2(=O)Oc3ccc(O)cc3-c3ccccc32)c1=O,,NC1=CC=C(CC2=CC=C(N)C=C2)C=C1,10.0,0.49849922345878683,0.676290949472515,0.0,0.17400960818868738,0.0,1.3566539678439982,0.0,0.34906695938529086,0.0,1,1,0,1,0,1,0,0,0,0,0,160.0,3.2,,24.8,,3.2,,,3.0,35.0,,1184.0,,,87.2,,,159.0,,,17.0,,,62.6,,,97.55,,,,,Virtual screening scenario,,,,,,,,,,,,,,,,,,,,,,,,,,,,,,,
FORM_000421,CAND_R2_146,DTB-hydroxymethyl,designed,P-N-B,B,True,True,True,True,True,Candidate,,DTB-hydroxymethyl,,DDM,DOPO-based (additive),0,1,P-N-B,100.00%,0.00%,CCC(O)Cn1c(=O)n(CC(O)COB(O)OC)c(=O)n(CC(O)CP2(=O)Oc3ccc(CO)cc3-c3ccccc32)c1=O,,NC1=CC=C(CC2=CC=C(N)C=C2)C=C1,3.42,0.1667229276707188,0.2261853213550486,0.0,0.058197465421831594,0.0,1.3566539678439982,0.0,0.3490669593852909,0.0,1,1,0,1,0,1,0,0,0,0,0,160.0,3.2,,24.8,,3.2,,,3.0,35.0,,1184.0,,,87.2,,,159.0,,,17.0,,,62.6,,,97.55,,,,,Virtual screening scenario,,,,,,,,,,,,,,,,,,,,,,,,,,,,,,,
FORM_000422,CAND_R2_146,DTB-hydroxymethyl,designed,P-N-B,B,True,True,True,True,True,Candidate,,DTB-hydroxymethyl,,DDM,DOPO-based (additive),0,1,P-N-B,100.00%,0.00%,CCC(O)Cn1c(=O)n(CC(O)COB(O)OC)c(=O)n(CC(O)CP2(=O)Oc3ccc(CO)cc3-c3ccccc32)c1=O,,NC1=CC=C(CC2=CC=C(N)C=C2)C=C1,7.0,0.34124575839036014,0.4629524121302165,0.0,0.11911761928445064,0.0,1.3566539678439984,0.0,0.3490669593852909,0.0,1,1,0,1,0,1,0,0,0,0,0,160.0,3.2,,24.8,,3.2,,,3.0,35.0,,1184.0,,,87.2,,,159.0,,,17.0,,,62.6,,,97.55,,,,,Virtual screening scenario,,,,,,,,,,,,,,,,,,,,,,,,,,,,,,,
FORM_000423,CAND_R2_146,DTB-hydroxymethyl,designed,P-N-B,B,True,True,True,True,True,Candidate,,DTB-hydroxymethyl,,DDM,DOPO-based (additive),0,1,P-N-B,100.00%,0.00%,CCC(O)Cn1c(=O)n(CC(O)COB(O)OC)c(=O)n(CC(O)CP2(=O)Oc3ccc(CO)cc3-c3ccccc32)c1=O,,NC1=CC=C(CC2=CC=C(N)C=C2)C=C1,10.0,0.4874939405576573,0.6613605887574521,0.0,0.17016802754921517,0.0,1.3566539678439984,0.0,0.34906695938529086,0.0,1,1,0,1,0,1,0,0,0,0,0,160.0,3.2,,24.8,,3.2,,,3.0,35.0,,1184.0,,,87.2,,,159.0,,,17.0,,,62.6,,,97.55,,,,,Virtual screening scenario,,,,,,,,,,,,,,,,,,,,,,,,,,,,,,,
FORM_000424,CAND_R2_147,DTB-carboxamide,designed,P-N-B,B,True,True,True,True,True,Candidate,,DTB-carboxamide,,DDM,DOPO-based (additive),0,1,P-N-B,100.00%,0.00%,CCC(O)Cn1c(=O)n(CC(O)COB(O)OC)c(=O)n(CC(O)CP2(=O)Oc3ccc(C(N)=O)cc3-c3ccccc32)c1=O,,NC1=CC=C(CC2=CC=C(N)C=C2)C=C1,3.42,0.16338034859671388,0.2955341309219566,0.0,0.05703068150796379,0.0,1.8088719571253304,0.0,0.34906695938529086,0.0,1,1,0,1,0,1,0,0,0,0,0,160.0,3.2,,24.8,,3.2,,,3.0,35.0,,1184.0,,,87.2,,,159.0,,,17.0,,,62.6,,,97.55,,,,,Virtual screening scenario,,,,,,,,,,,,,,,,,,,,,,,,,,,,,,,
FORM_000425,CAND_R2_147,DTB-carboxamide,designed,P-N-B,B,True,True,True,True,True,Candidate,,DTB-carboxamide,,DDM,DOPO-based (additive),0,1,P-N-B,100.00%,0.00%,CCC(O)Cn1c(=O)n(CC(O)COB(O)OC)c(=O)n(CC(O)CP2(=O)Oc3ccc(C(N)=O)cc3-c3ccccc32)c1=O,,NC1=CC=C(CC2=CC=C(N)C=C2)C=C1,7.0,0.33440422227397576,0.6048944200157007,0.0,0.11672946507477969,0.0,1.8088719571253309,0.0,0.3490669593852909,0.0,1,1,0,1,0,1,0,0,0,0,0,160.0,3.2,,24.8,,3.2,,,3.0,35.0,,1184.0,,,87.2,,,159.0,,,17.0,,,62.6,,,97.55,,,,,Virtual screening scenario,,,,,,,,,,,,,,,,,,,,,,,,,,,,,,,
FORM_000426,CAND_R2_147,DTB-carboxamide,designed,P-N-B,B,True,True,True,True,True,Candidate,,DTB-carboxamide,,DDM,DOPO-based (additive),0,1,P-N-B,100.00%,0.00%,CCC(O)Cn1c(=O)n(CC(O)COB(O)OC)c(=O)n(CC(O)CP2(=O)Oc3ccc(C(N)=O)cc3-c3ccccc32)c1=O,,NC1=CC=C(CC2=CC=C(N)C=C2)C=C1,10.0,0.4777203175342511,0.8641348857367152,0.0,0.1667563786782567,0.0,1.8088719571253307,0.0,0.3490669593852909,0.0,1,1,0,1,0,1,0,0,0,0,0,160.0,3.2,,24.8,,3.2,,,3.0,35.0,,1184.0,,,87.2,,,159.0,,,17.0,,,62.6,,,97.55,,,,,Virtual screening scenario,,,,,,,,,,,,,,,,,,,,,,,,,,,,,,,
FORM_000427,CAND_R2_148,DTB-boronic-acid,designed,P-N-B,B,True,True,True,True,True,Candidate,,DTB-boronic-acid,,DDM,DOPO-based (additive),0,1,P-N-B,100.00%,0.00%,CCC(O)Cn1c(=O)n(CC(O)COB(O)OC)c(=O)n(CC(O)CP2(=O)Oc3ccc(B(O)O)cc3-c3ccccc32)c1=O,,NC1=CC=C(CC2=CC=C(N)C=C2)C=C1,3.42,0.16318076787991934,0.22137983622012306,0.0,0.11392202894800078,0.0,1.3566539678439984,0.0,0.6981339187705818,0.0,1,1,0,1,0,1,0,0,0,0,0,160.0,3.2,,24.8,,3.2,,,3.0,35.0,,1184.0,,,87.2,,,159.0,,,17.0,,,62.6,,,97.55,,,,,Virtual screening scenario,,,,,,,,,,,,,,,,,,,,,,,,,,,,,,,
FORM_000428,CAND_R2_148,DTB-boronic-acid,designed,P-N-B,B,True,True,True,True,True,Candidate,,DTB-boronic-acid,,DDM,DOPO-based (additive),0,1,P-N-B,100.00%,0.00%,CCC(O)Cn1c(=O)n(CC(O)COB(O)OC)c(=O)n(CC(O)CP2(=O)Oc3ccc(B(O)O)cc3-c3ccccc32)c1=O,,NC1=CC=C(CC2=CC=C(N)C=C2)C=C1,7.0,0.3339957237308291,0.4531166238423572,0.0,0.23317374346082034,0.0,1.3566539678439984,0.0,0.6981339187705818,0.0,1,1,0,1,0,1,0,0,0,0,0,160.0,3.2,,24.8,,3.2,,,3.0,35.0,,1184.0,,,87.2,,,159.0,,,17.0,,,62.6,,,97.55,,,,,Virtual screening scenario,,,,,,,,,,,,,,,,,,,,,,,,,,,,,,,
FORM_000429,CAND_R2_148,DTB-boronic-acid,designed,P-N-B,B,True,True,True,True,True,Candidate,,DTB-boronic-acid,,DDM,DOPO-based (additive),0,1,P-N-B,100.00%,0.00%,CCC(O)Cn1c(=O)n(CC(O)COB(O)OC)c(=O)n(CC(O)CP2(=O)Oc3ccc(B(O)O)cc3-c3ccccc32)c1=O,,NC1=CC=C(CC2=CC=C(N)C=C2)C=C1,10.0,0.47713674818689866,0.6473094626319389,0.0,0.33310534780117185,0.0,1.3566539678439986,0.0,0.6981339187705818,0.0,1,1,0,1,0,1,0,0,0,0,0,160.0,3.2,,24.8,,3.2,,,3.0,35.0,,1184.0,,,87.2,,,159.0,,,17.0,,,62.6,,,97.55,,,,,Virtual screening scenario,,,,,,,,,,,,,,,,,,,,,,,,,,,,,,,
FORM_000430,CAND_R2_149,DTB-pinacol-boronate,designed,P-N-B,B,True,True,True,True,True,Candidate,,DTB-pinacol-boronate,,DDM,DOPO-based (additive),0,1,P-N-B,100.00%,0.00%,CCC(O)Cn1c(=O)n(CC(O)COB(O)OC)c(=O)n(CC(O)CP2(=O)Oc3ccc(B4OC(C)(C)C(C)(C)O4)cc3-c3ccccc32)c1=O,,NC1=CC=C(CC2=CC=C(N)C=C2)C=C1,3.42,0.14485113016367884,0.19651286048324237,0.0,0.10112548713951675,0.0,1.3566539678439984,0.0,0.6981339187705818,0.0,1,1,0,1,0,1,0,0,0,0,0,160.0,3.2,,24.8,,3.2,,,3.0,35.0,,1184.0,,,87.2,,,159.0,,,17.0,,,62.6,,,97.55,,,,,Virtual screening scenario,,,,,,,,,,,,,,,,,,,,,,,,,,,,,,,
FORM_000431,CAND_R2_149,DTB-pinacol-boronate,designed,P-N-B,B,True,True,True,True,True,Candidate,,DTB-pinacol-boronate,,DDM,DOPO-based (additive),0,1,P-N-B,100.00%,0.00%,CCC(O)Cn1c(=O)n(CC(O)COB(O)OC)c(=O)n(CC(O)CP2(=O)Oc3ccc(B4OC(C)(C)C(C)(C)O4)cc3-c3ccccc32)c1=O,,NC1=CC=C(CC2=CC=C(N)C=C2)C=C1,7.0,0.2964789213876468,0.40221930508265985,0.0,0.20698199122123312,0.0,1.3566539678439982,0.0,0.6981339187705817,0.0,1,1,0,1,0,1,0,0,0,0,0,160.0,3.2,,24.8,,3.2,,,3.0,35.0,,1184.0,,,87.2,,,159.0,,,17.0,,,62.6,,,97.55,,,,,Virtual screening scenario,,,,,,,,,,,,,,,,,,,,,,,,,,,,,,,
FORM_000432,CAND_R2_149,DTB-pinacol-boronate,designed,P-N-B,B,True,True,True,True,True,Candidate,,DTB-pinacol-boronate,,DDM,DOPO-based (additive),0,1,P-N-B,100.00%,0.00%,CCC(O)Cn1c(=O)n(CC(O)COB(O)OC)c(=O)n(CC(O)CP2(=O)Oc3ccc(B4OC(C)(C)C(C)(C)O4)cc3-c3ccccc32)c1=O,,NC1=CC=C(CC2=CC=C(N)C=C2)C=C1,10.0,0.42354131626806685,0.5745990072609427,0.0,0.29568855888747586,0.0,1.3566539678439984,0.0,0.6981339187705817,0.0,1,1,0,1,0,1,0,0,0,0,0,160.0,3.2,,24.8,,3.2,,,3.0,35.0,,1184.0,,,87.2,,,159.0,,,17.0,,,62.6,,,97.55,,,,,Virtual screening scenario,,,,,,,,,,,,,,,,,,,,,,,,,,,,,,,
FORM_000433,CAND_R2_150,DTB-trimethoxysilyl,designed,P-N-Si-B,B,True,True,True,True,True,Candidate,,DTB-trimethoxysilyl,,DDS,DOPO-based (Additive + Secondary Crosslinking),3,1,P-N-Si-B,100.00%,0.00%,CCC(O)Cn1c(=O)n(CC(O)COB(O)OC)c(=O)n(CC(O)CP2(=O)Oc3ccc([Si](OC)(OC)OC)cc3-c3ccccc32)c1=O,,NC1=CC=C(C=C1)S(=O)(=O)C1=CC=C(N)C=C1,3.5,0.14942124748113778,0.2027129282754856,0.0,0.05215802052579782,0.13548928639359578,1.3566539678439982,0.0,0.3490669593852909,0.906760508813844,1,1,0,1,1,1,1,0,0,0,0,250.0,4.0,,22.4,,3.0,,,4.0,35.0,,867.99,,,114.14500000000001,,,180.0,,,16.9,,,52.14,,,95.65,,,,,Virtual screening scenario,,,,,,,,,,,,,,,,,,,,,,,,,,,,,,,
FORM_000434,CAND_R2_150,DTB-trimethoxysilyl,designed,P-N-Si-B,B,True,True,True,True,True,Candidate,,DTB-trimethoxysilyl,,DDS,DOPO-based (Additive + Secondary Crosslinking),3,1,P-N-Si-B,100.00%,0.00%,CCC(O)Cn1c(=O)n(CC(O)COB(O)OC)c(=O)n(CC(O)CP2(=O)Oc3ccc([Si](OC)(OC)OC)cc3-c3ccccc32)c1=O,,NC1=CC=C(C=C1)S(=O)(=O)C1=CC=C(N)C=C1,5.29,0.22583954262149114,0.3063861115935197,0.0,0.0788331224518487,0.20478237857774903,1.3566539678439982,0.0,0.3490669593852908,0.9067605088138436,1,1,0,1,1,1,1,0,0,0,0,250.0,4.0,,22.4,,3.0,,,4.0,35.0,,867.99,,,114.14500000000001,,,180.0,,,16.9,,,52.14,,,95.65,,,,,Virtual screening scenario,,,,,,,,,,,,,,,,,,,,,,,,,,,,,,,
FORM_000435,CAND_R2_150,DTB-trimethoxysilyl,designed,P-N-Si-B,B,True,True,True,True,True,Candidate,,DTB-trimethoxysilyl,,DDS,DOPO-based (Additive + Secondary Crosslinking),3,1,P-N-Si-B,100.00%,0.00%,CCC(O)Cn1c(=O)n(CC(O)COB(O)OC)c(=O)n(CC(O)CP2(=O)Oc3ccc([Si](OC)(OC)OC)cc3-c3ccccc32)c1=O,,NC1=CC=C(C=C1)S(=O)(=O)C1=CC=C(N)C=C1,10.0,0.426917849946108,0.579179795072816,0.0,0.1490229157879938,0.3871122468388451,1.3566539678439982,0.0,0.34906695938529086,0.9067605088138438,1,1,0,1,1,1,1,0,0,0,0,250.0,4.0,,22.4,,3.0,,,4.0,35.0,,867.99,,,114.14500000000001,,,180.0,,,16.9,,,52.14,,,95.65,,,,,Virtual screening scenario,,,,,,,,,,,,,,,,,,,,,,,,,,,,,,,
FORM_000436,CAND_R2_151,DTB-triethoxysilyl,designed,P-N-Si-B,B,True,True,True,True,True,Candidate,,DTB-triethoxysilyl,,DDS,DOPO-based (Additive + Secondary Crosslinking),3,1,P-N-Si-B,100.00%,0.00%,CCO[Si](OCC)(OCC)c1ccc2c(c1)-c1ccccc1P(=O)(CC(O)Cn1c(=O)n(CC(O)CC)c(=O)n(CC(O)COB(O)OC)c1=O)O2,,NC1=CC=C(C=C1)S(=O)(=O)C1=CC=C(N)C=C1,3.5,0.14122982203132592,0.1915999984367,0.0,0.04929866455100071,0.12806162528481368,1.3566539678439982,0.0,0.3490669593852909,0.9067605088138437,1,1,0,1,1,1,1,0,0,0,0,250.0,4.0,,22.4,,3.0,,,4.0,35.0,,867.99,,,114.14500000000001,,,180.0,,,16.9,,,52.14,,,95.65,,,,,Virtual screening scenario,,,,,,,,,,,,,,,,,,,,,,,,,,,,,,,
FORM_000437,CAND_R2_151,DTB-triethoxysilyl,designed,P-N-Si-B,B,True,True,True,True,True,Candidate,,DTB-triethoxysilyl,,DDS,DOPO-based (Additive + Secondary Crosslinking),3,1,P-N-Si-B,100.00%,0.00%,CCO[Si](OCC)(OCC)c1ccc2c(c1)-c1ccccc1P(=O)(CC(O)Cn1c(=O)n(CC(O)CC)c(=O)n(CC(O)COB(O)OC)c1=O)O2,,NC1=CC=C(C=C1)S(=O)(=O)C1=CC=C(N)C=C1,5.29,0.21345878815591832,0.289589711922898,0.0,0.07451141013565535,0.193555999359047,1.3566539678439982,0.0,0.34906695938529086,0.9067605088138438,1,1,0,1,1,1,1,0,0,0,0,250.0,4.0,,22.4,,3.0,,,4.0,35.0,,867.99,,,114.14500000000001,,,180.0,,,16.9,,,52.14,,,95.65,,,,,Virtual screening scenario,,,,,,,,,,,,,,,,,,,,,,,,,,,,,,,
FORM_000438,CAND_R2_151,DTB-triethoxysilyl,designed,P-N-Si-B,B,True,True,True,True,True,Candidate,,DTB-triethoxysilyl,,DDS,DOPO-based (Additive + Secondary Crosslinking),3,1,P-N-Si-B,100.00%,0.00%,CCO[Si](OCC)(OCC)c1ccc2c(c1)-c1ccccc1P(=O)(CC(O)Cn1c(=O)n(CC(O)CC)c(=O)n(CC(O)COB(O)OC)c1=O)O2,,NC1=CC=C(C=C1)S(=O)(=O)C1=CC=C(N)C=C1,10.0,0.40351377723235976,0.547428566962,0.0,0.14085332728857344,0.3658903579566106,1.3566539678439982,0.0,0.3490669593852909,0.906760508813844,1,1,0,1,1,1,1,0,0,0,0,250.0,4.0,,22.4,,3.0,,,4.0,35.0,,867.99,,,114.14500000000001,,,180.0,,,16.9,,,52.14,,,95.65,,,,,Virtual screening scenario,,,,,,,,,,,,,,,,,,,,,,,,,,,,,,,
FORM_000439,CAND_R2_152,DTB-disiloxane,designed,P-N-Si-B,B,True,True,True,True,True,Candidate,,DTB-disiloxane,,DDM,DOPO-based (additive),0,1,P-N-Si-B,100.00%,0.00%,CCC(O)Cn1c(=O)n(CC(O)COB(O)OC)c(=O)n(CC(O)CP2(=O)Oc3ccc([Si](C)(C)O[Si](C)(C)C)cc3-c3ccccc32)c1=O,,NC1=CC=C(CC2=CC=C(N)C=C2)C=C1,3.42,0.14092501636325902,0.19118648261769572,0.0,0.04919226696324519,0.25557047908429603,1.3566539678439982,0.0,0.34906695938529086,1.8135210176276877,1,1,0,1,1,1,0,0,0,0,0,160.0,3.2,,24.8,,3.2,,,3.0,35.0,,1184.0,,,87.2,,,159.0,,,17.0,,,62.6,,,97.55,,,,,Virtual screening scenario,,,,,,,,,,,,,,,,,,,,,,,,,,,,,,,
FORM_000440,CAND_R2_152,DTB-disiloxane,designed,P-N-Si-B,B,True,True,True,True,True,Candidate,,DTB-disiloxane,,DDM,DOPO-based (additive),0,1,P-N-Si-B,100.00%,0.00%,CCC(O)Cn1c(=O)n(CC(O)COB(O)OC)c(=O)n(CC(O)CP2(=O)Oc3ccc([Si](C)(C)O[Si](C)(C)C)cc3-c3ccccc32)c1=O,,NC1=CC=C(CC2=CC=C(N)C=C2)C=C1,7.0,0.288443015948191,0.39131736208300294,0.0,0.10068592653295799,0.5230974718099626,1.3566539678439982,0.0,0.34906695938529086,1.8135210176276872,1,1,0,1,1,1,0,0,0,0,0,160.0,3.2,,24.8,,3.2,,,3.0,35.0,,1184.0,,,87.2,,,159.0,,,17.0,,,62.6,,,97.55,,,,,Virtual screening scenario,,,,,,,,,,,,,,,,,,,,,,,,,,,,,,,
FORM_000441,CAND_R2_152,DTB-disiloxane,designed,P-N-Si-B,B,True,True,True,True,True,Candidate,,DTB-disiloxane,,DDM,DOPO-based (additive),0,1,P-N-Si-B,100.00%,0.00%,CCC(O)Cn1c(=O)n(CC(O)COB(O)OC)c(=O)n(CC(O)CP2(=O)Oc3ccc([Si](C)(C)O[Si](C)(C)C)cc3-c3ccccc32)c1=O,,NC1=CC=C(CC2=CC=C(N)C=C2)C=C1,10.0,0.41206145135455857,0.5590248029757184,0.0,0.1438370379042257,0.747282102585661,1.356653967843998,0.0,0.34906695938529086,1.8135210176276877,1,1,0,1,1,1,0,0,0,0,0,160.0,3.2,,24.8,,3.2,,,3.0,35.0,,1184.0,,,87.2,,,159.0,,,17.0,,,62.6,,,97.55,,,,,Virtual screening scenario,,,,,,,,,,,,,,,,,,,,,,,,,,,,,,,
FORM_000442,CAND_R2_153,DTB-diaminotriazine,designed,P-N-B,B,True,True,True,True,True,Candidate,,DTB-diaminotriazine,,DDM,DOPO-based (Co-curing),2,1,P-N-B,100.00%,0.00%,CCC(O)Cn1c(=O)n(CC(O)COB(O)OC)c(=O)n(CC(O)CP2(=O)Oc3ccc(-c4nc(N)nc(N)n4)cc3-c3ccccc32)c1=O,,NC1=CC=C(CC2=CC=C(N)C=C2)C=C1,4.0,0.17341742740447738,0.6273798426175541,0.0,0.06053429408850034,0.0,3.617743914250662,0.0,0.3490669593852909,0.0,1,1,0,1,0,1,0,0,0,0,0,170.0,3.0,,24.0,,3.0,,,3.0,35.0,,1208.0,,,88.0,,,164.3,,,16.5,,,58.7,,,101.3,,,,,Virtual screening scenario,,,,,,,,,,,,,,,,,,,,,,,,,,,,,,,
FORM_000443,CAND_R2_153,DTB-diaminotriazine,designed,P-N-B,B,True,True,True,True,True,Candidate,,DTB-diaminotriazine,,DDM,DOPO-based (Co-curing),2,1,P-N-B,100.00%,0.00%,CCC(O)Cn1c(=O)n(CC(O)COB(O)OC)c(=O)n(CC(O)CP2(=O)Oc3ccc(-c4nc(N)nc(N)n4)cc3-c3ccccc32)c1=O,,NC1=CC=C(CC2=CC=C(N)C=C2)C=C1,6.78,0.2939425394505892,1.0634088332367542,0.0,0.10260562848000808,0.0,3.617743914250662,0.0,0.3490669593852909,0.0,1,1,0,1,0,1,0,0,0,0,0,170.0,3.0,,24.0,,3.0,,,3.0,35.0,,1208.0,,,88.0,,,164.3,,,16.5,,,58.7,,,101.3,,,,,Virtual screening scenario,,,,,,,,,,,,,,,,,,,,,,,,,,,,,,,
FORM_000444,CAND_R2_153,DTB-diaminotriazine,designed,P-N-B,B,True,True,True,True,True,Candidate,,DTB-diaminotriazine,,DDM,DOPO-based (Co-curing),2,1,P-N-B,100.00%,0.00%,CCC(O)Cn1c(=O)n(CC(O)COB(O)OC)c(=O)n(CC(O)CP2(=O)Oc3ccc(-c4nc(N)nc(N)n4)cc3-c3ccccc32)c1=O,,NC1=CC=C(CC2=CC=C(N)C=C2)C=C1,10.19,0.4417808963129061,1.598250149068219,0.0,0.1542111141904546,0.0,3.6177439142506627,0.0,0.34906695938529086,0.0,1,1,0,1,0,1,0,0,0,0,0,170.0,3.0,,24.0,,3.0,,,3.0,35.0,,1208.0,,,88.0,,,164.3,,,16.5,,,58.7,,,101.3,,,,,Virtual screening scenario,,,,,,,,,,,,,,,,,,,,,,,,,,,,,,,
FORM_000445,CAND_R2_154,DTB-piperazine,designed,P-N-B,B,True,True,True,True,True,Candidate,,DTB-piperazine,,DDM,DOPO-based (Co-curing),2,1,P-N-B,100.00%,0.00%,CCC(O)Cn1c(=O)n(CC(O)COB(O)OC)c(=O)n(CC(O)CP2(=O)Oc3ccc(N4CCNCC4)cc3-c3ccccc32)c1=O,,NC1=CC=C(CC2=CC=C(N)C=C2)C=C1,4.0,0.17969797002906587,0.4063132734224068,0.0,0.06272662400575515,0.0,2.261089946406664,0.0,0.34906695938529086,0.0,1,1,0,1,0,1,0,0,0,0,0,170.0,3.0,,24.0,,3.0,,,3.0,35.0,,1208.0,,,88.0,,,164.3,,,16.5,,,58.7,,,101.3,,,,,Virtual screening scenario,,,,,,,,,,,,,,,,,,,,,,,,,,,,,,,
FORM_000446,CAND_R2_154,DTB-piperazine,designed,P-N-B,B,True,True,True,True,True,Candidate,,DTB-piperazine,,DDM,DOPO-based (Co-curing),2,1,P-N-B,100.00%,0.00%,CCC(O)Cn1c(=O)n(CC(O)COB(O)OC)c(=O)n(CC(O)CP2(=O)Oc3ccc(N4CCNCC4)cc3-c3ccccc32)c1=O,,NC1=CC=C(CC2=CC=C(N)C=C2)C=C1,6.78,0.3045880591992667,0.6887009984509795,0.0,0.10632162768975499,0.0,2.2610899464066634,0.0,0.34906695938529086,0.0,1,1,0,1,0,1,0,0,0,0,0,170.0,3.0,,24.0,,3.0,,,3.0,35.0,,1208.0,,,88.0,,,164.3,,,16.5,,,58.7,,,101.3,,,,,Virtual screening scenario,,,,,,,,,,,,,,,,,,,,,,,,,,,,,,,
FORM_000447,CAND_R2_154,DTB-piperazine,designed,P-N-B,B,True,True,True,True,True,Candidate,,DTB-piperazine,,DDM,DOPO-based (Co-curing),2,1,P-N-B,100.00%,0.00%,CCC(O)Cn1c(=O)n(CC(O)COB(O)OC)c(=O)n(CC(O)CP2(=O)Oc3ccc(N4CCNCC4)cc3-c3ccccc32)c1=O,,NC1=CC=C(CC2=CC=C(N)C=C2)C=C1,10.19,0.4577805786490453,1.0350830640435813,0.0,0.15979607465466125,0.0,2.2610899464066634,0.0,0.34906695938529086,0.0,1,1,0,1,0,1,0,0,0,0,0,170.0,3.0,,24.0,,3.0,,,3.0,35.0,,1208.0,,,88.0,,,164.3,,,16.5,,,58.7,,,101.3,,,,,Virtual screening scenario,,,,,,,,,,,,,,,,,,,,,,,,,,,,,,,
FORM_000448,CAND_R2_155,DTB-benzamide-linker,designed,P-N-B,B,True,True,True,True,True,Candidate,,DTB-benzamide-linker,,DDM,DOPO-based (additive),0,1,P-N-B,100.00%,0.00%,CCC(O)Cn1c(=O)n(CC(O)COB(O)OC)c(=O)n(CC(O)CP2(=O)Oc3ccc(NC(=O)c4ccccc4)cc3-c3ccccc32)c1=O,,NC1=CC=C(CC2=CC=C(N)C=C2)C=C1,3.42,0.14621892724188335,0.26449131708879187,0.0,0.05104019633690329,0.0,1.8088719571253307,0.0,0.34906695938529086,0.0,1,1,0,1,0,1,0,0,0,0,0,160.0,3.2,,24.8,,3.2,,,3.0,35.0,,1184.0,,,87.2,,,159.0,,,17.0,,,62.6,,,97.55,,,,,Virtual screening scenario,,,,,,,,,,,,,,,,,,,,,,,,,,,,,,,
FORM_000449,CAND_R2_155,DTB-benzamide-linker,designed,P-N-B,B,True,True,True,True,True,Candidate,,DTB-benzamide-linker,,DDM,DOPO-based (additive),0,1,P-N-B,100.00%,0.00%,CCC(O)Cn1c(=O)n(CC(O)COB(O)OC)c(=O)n(CC(O)CP2(=O)Oc3ccc(NC(=O)c4ccccc4)cc3-c3ccccc32)c1=O,,NC1=CC=C(CC2=CC=C(N)C=C2)C=C1,7.0,0.2992785060506384,0.5413564969653635,0.0,0.10446823811646873,0.0,1.808871957125331,0.0,0.3490669593852909,0.0,1,1,0,1,0,1,0,0,0,0,0,160.0,3.2,,24.8,,3.2,,,3.0,35.0,,1184.0,,,87.2,,,159.0,,,17.0,,,62.6,,,97.55,,,,,Virtual screening scenario,,,,,,,,,,,,,,,,,,,,,,,,,,,,,,,
FORM_000450,CAND_R2_155,DTB-benzamide-linker,designed,P-N-B,B,True,True,True,True,True,Candidate,,DTB-benzamide-linker,,DDM,DOPO-based (additive),0,1,P-N-B,100.00%,0.00%,CCC(O)Cn1c(=O)n(CC(O)COB(O)OC)c(=O)n(CC(O)CP2(=O)Oc3ccc(NC(=O)c4ccccc4)cc3-c3ccccc32)c1=O,,NC1=CC=C(CC2=CC=C(N)C=C2)C=C1,10.0,0.4275407229294834,0.7733664242362336,0.0,0.1492403401663839,0.0,1.808871957125331,0.0,0.3490669593852909,0.0,1,1,0,1,0,1,0,0,0,0,0,160.0,3.2,,24.8,,3.2,,,3.0,35.0,,1184.0,,,87.2,,,159.0,,,17.0,,,62.6,,,97.55,,,,,Virtual screening scenario,,,,,,,,,,,,,,,,,,,,,,,,,,,,,,,
FORM_000451,CAND_R2_156,DTB-phenyl,designed,P-N-B,B,True,True,True,True,True,Candidate,,DTB-phenyl,,DDM,DOPO-based (additive),0,1,P-N-B,100.00%,0.00%,CCC(O)Cn1c(=O)n(CC(O)COB(O)OC)c(=O)n(CC(O)CP2(=O)Oc3ccc(-c4ccccc4)cc3-c3ccccc32)c1=O,,NC1=CC=C(CC2=CC=C(N)C=C2)C=C1,3.42,0.15545089545142365,0.21089307411907648,0.0,0.0542627714089492,0.0,1.3566539678439986,0.0,0.3490669593852909,0.0,1,1,0,1,0,1,0,0,0,0,0,160.0,3.2,,24.8,,3.2,,,3.0,35.0,,1184.0,,,87.2,,,159.0,,,17.0,,,62.6,,,97.55,,,,,Virtual screening scenario,,,,,,,,,,,,,,,,,,,,,,,,,,,,,,,
FORM_000452,CAND_R2_156,DTB-phenyl,designed,P-N-B,B,True,True,True,True,True,Candidate,,DTB-phenyl,,DDM,DOPO-based (additive),0,1,P-N-B,100.00%,0.00%,CCC(O)Cn1c(=O)n(CC(O)COB(O)OC)c(=O)n(CC(O)CP2(=O)Oc3ccc(-c4ccccc4)cc3-c3ccccc32)c1=O,,NC1=CC=C(CC2=CC=C(N)C=C2)C=C1,7.0,0.3181743474151946,0.43165249088699864,0.0,0.11106415200662118,0.0,1.3566539678439984,0.0,0.34906695938529086,0.0,1,1,0,1,0,1,0,0,0,0,0,160.0,3.2,,24.8,,3.2,,,3.0,35.0,,1184.0,,,87.2,,,159.0,,,17.0,,,62.6,,,97.55,,,,,Virtual screening scenario,,,,,,,,,,,,,,,,,,,,,,,,,,,,,,,
FORM_000453,CAND_R2_156,DTB-phenyl,designed,P-N-B,B,True,True,True,True,True,Candidate,,DTB-phenyl,,DDM,DOPO-based (additive),0,1,P-N-B,100.00%,0.00%,CCC(O)Cn1c(=O)n(CC(O)COB(O)OC)c(=O)n(CC(O)CP2(=O)Oc3ccc(-c4ccccc4)cc3-c3ccccc32)c1=O,,NC1=CC=C(CC2=CC=C(N)C=C2)C=C1,10.0,0.45453478202170666,0.6166464155528552,0.0,0.15866307429517312,0.0,1.3566539678439982,0.0,0.34906695938529086,0.0,1,1,0,1,0,1,0,0,0,0,0,160.0,3.2,,24.8,,3.2,,,3.0,35.0,,1184.0,,,87.2,,,159.0,,,17.0,,,62.6,,,97.55,,,,,Virtual screening scenario,,,,,,,,,,,,,,,,,,,,,,,,,,,,,,,
FORM_000454,CAND_R2_157,DTB-biphenyl,designed,P-N-B,B,True,True,True,True,True,Candidate,,DTB-biphenyl,,DDM,DOPO-based (additive),0,1,P-N-B,100.00%,0.00%,CCC(O)Cn1c(=O)n(CC(O)COB(O)OC)c(=O)n(CC(O)CP2(=O)Oc3ccc(-c4ccc(-c5ccccc5)cc4)cc3-c3ccccc32)c1=O,,NC1=CC=C(CC2=CC=C(N)C=C2)C=C1,3.42,0.13983525665903668,0.18970805579096597,0.0,0.04881186785683169,0.0,1.3566539678439982,0.0,0.3490669593852909,0.0,1,1,0,1,0,1,0,0,0,0,0,160.0,3.2,,24.8,,3.2,,,3.0,35.0,,1184.0,,,87.2,,,159.0,,,17.0,,,62.6,,,97.55,,,,,Virtual screening scenario,,,,,,,,,,,,,,,,,,,,,,,,,,,,,,,
FORM_000455,CAND_R2_157,DTB-biphenyl,designed,P-N-B,B,True,True,True,True,True,Candidate,,DTB-biphenyl,,DDM,DOPO-based (additive),0,1,P-N-B,100.00%,0.00%,CCC(O)Cn1c(=O)n(CC(O)COB(O)OC)c(=O)n(CC(O)CP2(=O)Oc3ccc(-c4ccc(-c5ccccc5)cc4)cc3-c3ccccc32)c1=O,,NC1=CC=C(CC2=CC=C(N)C=C2)C=C1,7.0,0.28621251362960726,0.3882913422622111,0.0,0.09990733187070813,0.0,1.3566539678439984,0.0,0.3490669593852909,0.0,1,1,0,1,0,1,0,0,0,0,0,160.0,3.2,,24.8,,3.2,,,3.0,35.0,,1184.0,,,87.2,,,159.0,,,17.0,,,62.6,,,97.55,,,,,Virtual screening scenario,,,,,,,,,,,,,,,,,,,,,,,,,,,,,,,
FORM_000456,CAND_R2_157,DTB-biphenyl,designed,P-N-B,B,True,True,True,True,True,Candidate,,DTB-biphenyl,,DDM,DOPO-based (additive),0,1,P-N-B,100.00%,0.00%,CCC(O)Cn1c(=O)n(CC(O)COB(O)OC)c(=O)n(CC(O)CP2(=O)Oc3ccc(-c4ccc(-c5ccccc5)cc4)cc3-c3ccccc32)c1=O,,NC1=CC=C(CC2=CC=C(N)C=C2)C=C1,10.0,0.40887501947086746,0.5547019175174445,0.0,0.14272475981529734,0.0,1.3566539678439984,0.0,0.3490669593852909,0.0,1,1,0,1,0,1,0,0,0,0,0,160.0,3.2,,24.8,,3.2,,,3.0,35.0,,1184.0,,,87.2,,,159.0,,,17.0,,,62.6,,,97.55,,,,,Virtual screening scenario,,,,,,,,,,,,,,,,,,,,,,,,,,,,,,,
FORM_000457,CAND_R2_158,DTB-OH-glycidyl,designed,P-N-B,B,True,True,True,True,True,Candidate,,DTB-OH-glycidyl,,DDM,DOPO-based (Co-curing),2,1,P-N-B,100.00%,0.00%,CCC(Cn1c(=O)n(CC(O)COB(O)OC)c(=O)n(CC(O)CP2(=O)Oc3ccccc3-c3ccccc32)c1=O)OCC1CO1,,NC1=CC=C(CC2=CC=C(N)C=C2)C=C1,4.0,0.18732102629231484,0.25412981358007886,0.0,0.06538758107679049,0.0,1.3566539678439984,0.0,0.349066959385291,0.0,1,1,0,1,0,1,0,0,0,0,0,170.0,3.0,,24.0,,3.0,,,3.0,35.0,,1208.0,,,88.0,,,164.3,,,16.5,,,58.7,,,101.3,,,,,Virtual screening scenario,,,,,,,,,,,,,,,,,,,,,,,,,,,,,,,
FORM_000458,CAND_R2_158,DTB-OH-glycidyl,designed,P-N-B,B,True,True,True,True,True,Candidate,,DTB-OH-glycidyl,,DDM,DOPO-based (Co-curing),2,1,P-N-B,100.00%,0.00%,CCC(Cn1c(=O)n(CC(O)COB(O)OC)c(=O)n(CC(O)CP2(=O)Oc3ccccc3-c3ccccc32)c1=O)OCC1CO1,,NC1=CC=C(CC2=CC=C(N)C=C2)C=C1,6.78,0.31750913956547366,0.43075003401823364,0.0,0.11083194992515988,0.0,1.3566539678439982,0.0,0.349066959385291,0.0,1,1,0,1,0,1,0,0,0,0,0,170.0,3.0,,24.0,,3.0,,,3.0,35.0,,1208.0,,,88.0,,,164.3,,,16.5,,,58.7,,,101.3,,,,,Virtual screening scenario,,,,,,,,,,,,,,,,,,,,,,,,,,,,,,,
FORM_000459,CAND_R2_158,DTB-OH-glycidyl,designed,P-N-B,B,True,True,True,True,True,Candidate,,DTB-OH-glycidyl,,DDM,DOPO-based (Co-curing),2,1,P-N-B,100.00%,0.00%,CCC(Cn1c(=O)n(CC(O)COB(O)OC)c(=O)n(CC(O)CP2(=O)Oc3ccccc3-c3ccccc32)c1=O)OCC1CO1,,NC1=CC=C(CC2=CC=C(N)C=C2)C=C1,10.19,0.47720031447967204,0.6473957000952508,0.0,0.16657486279312375,0.0,1.3566539678439982,0.0,0.349066959385291,0.0,1,1,0,1,0,1,0,0,0,0,0,170.0,3.0,,24.0,,3.0,,,3.0,35.0,,1208.0,,,88.0,,,164.3,,,16.5,,,58.7,,,101.3,,,,,Virtual screening scenario,,,,,,,,,,,,,,,,,,,,,,,,,,,,,,,
FORM_000460,CAND_R2_159,DTB-OH-glycidyl-2,designed,P-N-B,B,True,True,True,True,True,Candidate,,DTB-OH-glycidyl-2,,DDM,DOPO-based (Co-curing),2,1,P-N-B,100.00%,0.00%,CCC(O)Cn1c(=O)n(CC(O)CP2(=O)Oc3ccccc3-c3ccccc32)c(=O)n(CC(COB(O)OC)OCC2CO2)c1=O,,NC1=CC=C(CC2=CC=C(N)C=C2)C=C1,4.0,0.18732102629231484,0.25412981358007886,0.0,0.06538758107679049,0.0,1.3566539678439984,0.0,0.349066959385291,0.0,1,1,0,1,0,1,0,0,0,0,0,170.0,3.0,,24.0,,3.0,,,3.0,35.0,,1208.0,,,88.0,,,164.3,,,16.5,,,58.7,,,101.3,,,,,Virtual screening scenario,,,,,,,,,,,,,,,,,,,,,,,,,,,,,,,
FORM_000461,CAND_R2_159,DTB-OH-glycidyl-2,designed,P-N-B,B,True,True,True,True,True,Candidate,,DTB-OH-glycidyl-2,,DDM,DOPO-based (Co-curing),2,1,P-N-B,100.00%,0.00%,CCC(O)Cn1c(=O)n(CC(O)CP2(=O)Oc3ccccc3-c3ccccc32)c(=O)n(CC(COB(O)OC)OCC2CO2)c1=O,,NC1=CC=C(CC2=CC=C(N)C=C2)C=C1,6.78,0.31750913956547366,0.43075003401823364,0.0,0.11083194992515988,0.0,1.3566539678439982,0.0,0.349066959385291,0.0,1,1,0,1,0,1,0,0,0,0,0,170.0,3.0,,24.0,,3.0,,,3.0,35.0,,1208.0,,,88.0,,,164.3,,,16.5,,,58.7,,,101.3,,,,,Virtual screening scenario,,,,,,,,,,,,,,,,,,,,,,,,,,,,,,,
FORM_000462,CAND_R2_159,DTB-OH-glycidyl-2,designed,P-N-B,B,True,True,True,True,True,Candidate,,DTB-OH-glycidyl-2,,DDM,DOPO-based (Co-curing),2,1,P-N-B,100.00%,0.00%,CCC(O)Cn1c(=O)n(CC(O)CP2(=O)Oc3ccccc3-c3ccccc32)c(=O)n(CC(COB(O)OC)OCC2CO2)c1=O,,NC1=CC=C(CC2=CC=C(N)C=C2)C=C1,10.19,0.47720031447967204,0.6473957000952508,0.0,0.16657486279312375,0.0,1.3566539678439982,0.0,0.349066959385291,0.0,1,1,0,1,0,1,0,0,0,0,0,170.0,3.0,,24.0,,3.0,,,3.0,35.0,,1208.0,,,88.0,,,164.3,,,16.5,,,58.7,,,101.3,,,,,Virtual screening scenario,,,,,,,,,,,,,,,,,,,,,,,,,,,,,,,
FORM_000463,CAND_R2_160,DTB-OH-glycidyl-3,designed,P-N-B,B,True,True,True,True,True,Candidate,,DTB-OH-glycidyl-3,,DDM,DOPO-based (Co-curing),2,1,P-N-B,100.00%,0.00%,CCC(O)Cn1c(=O)n(CC(O)COB(O)OC)c(=O)n(CC(CP2(=O)Oc3ccccc3-c3ccccc32)OCC2CO2)c1=O,,NC1=CC=C(CC2=CC=C(N)C=C2)C=C1,4.0,0.18732102629231484,0.25412981358007886,0.0,0.06538758107679049,0.0,1.3566539678439984,0.0,0.349066959385291,0.0,1,1,0,1,0,1,0,0,0,0,0,170.0,3.0,,24.0,,3.0,,,3.0,35.0,,1208.0,,,88.0,,,164.3,,,16.5,,,58.7,,,101.3,,,,,Virtual screening scenario,,,,,,,,,,,,,,,,,,,,,,,,,,,,,,,
FORM_000464,CAND_R2_160,DTB-OH-glycidyl-3,designed,P-N-B,B,True,True,True,True,True,Candidate,,DTB-OH-glycidyl-3,,DDM,DOPO-based (Co-curing),2,1,P-N-B,100.00%,0.00%,CCC(O)Cn1c(=O)n(CC(O)COB(O)OC)c(=O)n(CC(CP2(=O)Oc3ccccc3-c3ccccc32)OCC2CO2)c1=O,,NC1=CC=C(CC2=CC=C(N)C=C2)C=C1,6.78,0.31750913956547366,0.43075003401823364,0.0,0.11083194992515988,0.0,1.3566539678439982,0.0,0.349066959385291,0.0,1,1,0,1,0,1,0,0,0,0,0,170.0,3.0,,24.0,,3.0,,,3.0,35.0,,1208.0,,,88.0,,,164.3,,,16.5,,,58.7,,,101.3,,,,,Virtual screening scenario,,,,,,,,,,,,,,,,,,,,,,,,,,,,,,,
FORM_000465,CAND_R2_160,DTB-OH-glycidyl-3,designed,P-N-B,B,True,True,True,True,True,Candidate,,DTB-OH-glycidyl-3,,DDM,DOPO-based (Co-curing),2,1,P-N-B,100.00%,0.00%,CCC(O)Cn1c(=O)n(CC(O)COB(O)OC)c(=O)n(CC(CP2(=O)Oc3ccccc3-c3ccccc32)OCC2CO2)c1=O,,NC1=CC=C(CC2=CC=C(N)C=C2)C=C1,10.19,0.47720031447967204,0.6473957000952508,0.0,0.16657486279312375,0.0,1.3566539678439982,0.0,0.349066959385291,0.0,1,1,0,1,0,1,0,0,0,0,0,170.0,3.0,,24.0,,3.0,,,3.0,35.0,,1208.0,,,88.0,,,164.3,,,16.5,,,58.7,,,101.3,,,,,Virtual screening scenario,,,,,,,,,,,,,,,,,,,,,,,,,,,,,,,
FORM_000466,CAND_R2_161,DTB-OH-glycidyl-all,designed,P-N-B,B,True,True,True,True,True,Candidate,,DTB-OH-glycidyl-all,,DDM,DOPO-based (Co-curing),2,1,P-N-B,100.00%,0.00%,CCC(Cn1c(=O)n(CC(COB(O)OC)OCC2CO2)c(=O)n(CC(CP2(=O)Oc3ccccc3-c3ccccc32)OCC2CO2)c1=O)OCC1CO1,,NC1=CC=C(CC2=CC=C(N)C=C2)C=C1,4.0,0.160167955549695,0.2172924924179549,0.0,0.05590934123469046,0.0,1.3566539678439984,0.0,0.34906695938529086,0.0,1,1,0,1,0,1,0,0,0,0,0,170.0,3.0,,24.0,,3.0,,,3.0,35.0,,1208.0,,,88.0,,,164.3,,,16.5,,,58.7,,,101.3,,,,,Virtual screening scenario,,,,,,,,,,,,,,,,,,,,,,,,,,,,,,,
FORM_000467,CAND_R2_161,DTB-OH-glycidyl-all,designed,P-N-B,B,True,True,True,True,True,Candidate,,DTB-OH-glycidyl-all,,DDM,DOPO-based (Co-curing),2,1,P-N-B,100.00%,0.00%,CCC(Cn1c(=O)n(CC(COB(O)OC)OCC2CO2)c(=O)n(CC(CP2(=O)Oc3ccccc3-c3ccccc32)OCC2CO2)c1=O)OCC1CO1,,NC1=CC=C(CC2=CC=C(N)C=C2)C=C1,6.78,0.2714846846567331,0.36831077464843354,0.0,0.09476633339280034,0.0,1.3566539678439982,0.0,0.34906695938529086,0.0,1,1,0,1,0,1,0,0,0,0,0,170.0,3.0,,24.0,,3.0,,,3.0,35.0,,1208.0,,,88.0,,,164.3,,,16.5,,,58.7,,,101.3,,,,,Virtual screening scenario,,,,,,,,,,,,,,,,,,,,,,,,,,,,,,,
FORM_000468,CAND_R2_161,DTB-OH-glycidyl-all,designed,P-N-B,B,True,True,True,True,True,Candidate,,DTB-OH-glycidyl-all,,DDM,DOPO-based (Co-curing),2,1,P-N-B,100.00%,0.00%,CCC(Cn1c(=O)n(CC(COB(O)OC)OCC2CO2)c(=O)n(CC(CP2(=O)Oc3ccccc3-c3ccccc32)OCC2CO2)c1=O)OCC1CO1,,NC1=CC=C(CC2=CC=C(N)C=C2)C=C1,10.19,0.408027866762848,0.5535526244347401,0.0,0.14242904679537394,0.0,1.3566539678439984,0.0,0.34906695938529086,0.0,1,1,0,1,0,1,0,0,0,0,0,170.0,3.0,,24.0,,3.0,,,3.0,35.0,,1208.0,,,88.0,,,164.3,,,16.5,,,58.7,,,101.3,,,,,Virtual screening scenario,,,,,,,,,,,,,,,,,,,,,,,,,,,,,,,
FORM_000469,CAND_R2_162,DTB-OH-methyl,designed,P-N-B,B,True,True,True,True,True,Candidate,,DTB-OH-methyl,,DDM,DOPO-based (additive),0,1,P-N-B,100.00%,0.00%,CCC(Cn1c(=O)n(CC(O)COB(O)OC)c(=O)n(CC(O)CP2(=O)Oc3ccccc3-c3ccccc32)c1=O)OC,,NC1=CC=C(CC2=CC=C(N)C=C2)C=C1,3.42,0.17102954116501679,0.23202790564005848,0.0,0.05970076189953386,0.0,1.3566539678439984,0.0,0.349066959385291,0.0,1,1,0,1,0,1,0,0,0,0,0,160.0,3.2,,24.8,,3.2,,,3.0,35.0,,1184.0,,,87.2,,,159.0,,,17.0,,,62.6,,,97.55,,,,,Virtual screening scenario,,,,,,,,,,,,,,,,,,,,,,,,,,,,,,,
FORM_000470,CAND_R2_162,DTB-OH-methyl,designed,P-N-B,B,True,True,True,True,True,Candidate,,DTB-OH-methyl,,DDM,DOPO-based (additive),0,1,P-N-B,100.00%,0.00%,CCC(Cn1c(=O)n(CC(O)COB(O)OC)c(=O)n(CC(O)CP2(=O)Oc3ccccc3-c3ccccc32)c1=O)OC,,NC1=CC=C(CC2=CC=C(N)C=C2)C=C1,7.0,0.3500604643728414,0.47491091797672785,0.0,0.1221945418996307,0.0,1.3566539678439982,0.0,0.3490669593852909,0.0,1,1,0,1,0,1,0,0,0,0,0,160.0,3.2,,24.8,,3.2,,,3.0,35.0,,1184.0,,,87.2,,,159.0,,,17.0,,,62.6,,,97.55,,,,,Virtual screening scenario,,,,,,,,,,,,,,,,,,,,,,,,,,,,,,,
FORM_000471,CAND_R2_162,DTB-OH-methyl,designed,P-N-B,B,True,True,True,True,True,Candidate,,DTB-OH-methyl,,DDM,DOPO-based (additive),0,1,P-N-B,100.00%,0.00%,CCC(Cn1c(=O)n(CC(O)COB(O)OC)c(=O)n(CC(O)CP2(=O)Oc3ccccc3-c3ccccc32)c1=O)OC,,NC1=CC=C(CC2=CC=C(N)C=C2)C=C1,10.0,0.5000863776754877,0.6784441685381828,0.0,0.17456363128518673,0.0,1.3566539678439986,0.0,0.349066959385291,0.0,1,1,0,1,0,1,0,0,0,0,0,160.0,3.2,,24.8,,3.2,,,3.0,35.0,,1184.0,,,87.2,,,159.0,,,17.0,,,62.6,,,97.55,,,,,Virtual screening scenario,,,,,,,,,,,,,,,,,,,,,,,,,,,,,,,
FORM_000472,CAND_R2_163,DTB-OH-methyl-2,designed,P-N-B,B,True,True,True,True,True,Candidate,,DTB-OH-methyl-2,,DDM,DOPO-based (additive),0,1,P-N-B,100.00%,0.00%,CCC(O)Cn1c(=O)n(CC(O)CP2(=O)Oc3ccccc3-c3ccccc32)c(=O)n(CC(COB(O)OC)OC)c1=O,,NC1=CC=C(CC2=CC=C(N)C=C2)C=C1,3.42,0.17102954116501679,0.23202790564005848,0.0,0.05970076189953386,0.0,1.3566539678439984,0.0,0.349066959385291,0.0,1,1,0,1,0,1,0,0,0,0,0,160.0,3.2,,24.8,,3.2,,,3.0,35.0,,1184.0,,,87.2,,,159.0,,,17.0,,,62.6,,,97.55,,,,,Virtual screening scenario,,,,,,,,,,,,,,,,,,,,,,,,,,,,,,,
FORM_000473,CAND_R2_163,DTB-OH-methyl-2,designed,P-N-B,B,True,True,True,True,True,Candidate,,DTB-OH-methyl-2,,DDM,DOPO-based (additive),0,1,P-N-B,100.00%,0.00%,CCC(O)Cn1c(=O)n(CC(O)CP2(=O)Oc3ccccc3-c3ccccc32)c(=O)n(CC(COB(O)OC)OC)c1=O,,NC1=CC=C(CC2=CC=C(N)C=C2)C=C1,7.0,0.3500604643728414,0.47491091797672785,0.0,0.1221945418996307,0.0,1.3566539678439982,0.0,0.3490669593852909,0.0,1,1,0,1,0,1,0,0,0,0,0,160.0,3.2,,24.8,,3.2,,,3.0,35.0,,1184.0,,,87.2,,,159.0,,,17.0,,,62.6,,,97.55,,,,,Virtual screening scenario,,,,,,,,,,,,,,,,,,,,,,,,,,,,,,,
FORM_000474,CAND_R2_163,DTB-OH-methyl-2,designed,P-N-B,B,True,True,True,True,True,Candidate,,DTB-OH-methyl-2,,DDM,DOPO-based (additive),0,1,P-N-B,100.00%,0.00%,CCC(O)Cn1c(=O)n(CC(O)CP2(=O)Oc3ccccc3-c3ccccc32)c(=O)n(CC(COB(O)OC)OC)c1=O,,NC1=CC=C(CC2=CC=C(N)C=C2)C=C1,10.0,0.5000863776754877,0.6784441685381828,0.0,0.17456363128518673,0.0,1.3566539678439986,0.0,0.349066959385291,0.0,1,1,0,1,0,1,0,0,0,0,0,160.0,3.2,,24.8,,3.2,,,3.0,35.0,,1184.0,,,87.2,,,159.0,,,17.0,,,62.6,,,97.55,,,,,Virtual screening scenario,,,,,,,,,,,,,,,,,,,,,,,,,,,,,,,
FORM_000475,CAND_R2_164,DTB-OH-methyl-3,designed,P-N-B,B,True,True,True,True,True,Candidate,,DTB-OH-methyl-3,,DDM,DOPO-based (additive),0,1,P-N-B,100.00%,0.00%,CCC(O)Cn1c(=O)n(CC(O)COB(O)OC)c(=O)n(CC(CP2(=O)Oc3ccccc3-c3ccccc32)OC)c1=O,,NC1=CC=C(CC2=CC=C(N)C=C2)C=C1,3.42,0.17102954116501679,0.23202790564005848,0.0,0.05970076189953386,0.0,1.3566539678439984,0.0,0.349066959385291,0.0,1,1,0,1,0,1,0,0,0,0,0,160.0,3.2,,24.8,,3.2,,,3.0,35.0,,1184.0,,,87.2,,,159.0,,,17.0,,,62.6,,,97.55,,,,,Virtual screening scenario,,,,,,,,,,,,,,,,,,,,,,,,,,,,,,,
FORM_000476,CAND_R2_164,DTB-OH-methyl-3,designed,P-N-B,B,True,True,True,True,True,Candidate,,DTB-OH-methyl-3,,DDM,DOPO-based (additive),0,1,P-N-B,100.00%,0.00%,CCC(O)Cn1c(=O)n(CC(O)COB(O)OC)c(=O)n(CC(CP2(=O)Oc3ccccc3-c3ccccc32)OC)c1=O,,NC1=CC=C(CC2=CC=C(N)C=C2)C=C1,7.0,0.3500604643728414,0.47491091797672785,0.0,0.1221945418996307,0.0,1.3566539678439982,0.0,0.3490669593852909,0.0,1,1,0,1,0,1,0,0,0,0,0,160.0,3.2,,24.8,,3.2,,,3.0,35.0,,1184.0,,,87.2,,,159.0,,,17.0,,,62.6,,,97.55,,,,,Virtual screening scenario,,,,,,,,,,,,,,,,,,,,,,,,,,,,,,,
FORM_000477,CAND_R2_164,DTB-OH-methyl-3,designed,P-N-B,B,True,True,True,True,True,Candidate,,DTB-OH-methyl-3,,DDM,DOPO-based (additive),0,1,P-N-B,100.00%,0.00%,CCC(O)Cn1c(=O)n(CC(O)COB(O)OC)c(=O)n(CC(CP2(=O)Oc3ccccc3-c3ccccc32)OC)c1=O,,NC1=CC=C(CC2=CC=C(N)C=C2)C=C1,10.0,0.5000863776754877,0.6784441685381828,0.0,0.17456363128518673,0.0,1.3566539678439986,0.0,0.349066959385291,0.0,1,1,0,1,0,1,0,0,0,0,0,160.0,3.2,,24.8,,3.2,,,3.0,35.0,,1184.0,,,87.2,,,159.0,,,17.0,,,62.6,,,97.55,,,,,Virtual screening scenario,,,,,,,,,,,,,,,,,,,,,,,,,,,,,,,
FORM_000478,CAND_R2_165,DTB-OH-methyl-all,designed,P-N-B,B,True,True,True,True,True,Candidate,,DTB-OH-methyl-all,,DDM,DOPO-based (additive),0,1,P-N-B,100.00%,0.00%,CCC(Cn1c(=O)n(CC(COB(O)OC)OC)c(=O)n(CC(CP2(=O)Oc3ccccc3-c3ccccc32)OC)c1=O)OC,,NC1=CC=C(CC2=CC=C(N)C=C2)C=C1,3.42,0.1636185701245082,0.22197378237237547,0.0,0.057113836772331075,0.0,1.356653967843998,0.0,0.3490669593852909,0.0,1,1,0,1,0,1,0,0,0,0,0,160.0,3.2,,24.8,,3.2,,,3.0,35.0,,1184.0,,,87.2,,,159.0,,,17.0,,,62.6,,,97.55,,,,,Virtual screening scenario,,,,,,,,,,,,,,,,,,,,,,,,,,,,,,,
FORM_000479,CAND_R2_165,DTB-OH-methyl-all,designed,P-N-B,B,True,True,True,True,True,Candidate,,DTB-OH-methyl-all,,DDM,DOPO-based (additive),0,1,P-N-B,100.00%,0.00%,CCC(Cn1c(=O)n(CC(COB(O)OC)OC)c(=O)n(CC(CP2(=O)Oc3ccccc3-c3ccccc32)OC)c1=O)OC,,NC1=CC=C(CC2=CC=C(N)C=C2)C=C1,7.0,0.33489181019636177,0.45433230310135336,0.0,0.11689966590827996,0.0,1.3566539678439984,0.0,0.3490669593852909,0.0,1,1,0,1,0,1,0,0,0,0,0,160.0,3.2,,24.8,,3.2,,,3.0,35.0,,1184.0,,,87.2,,,159.0,,,17.0,,,62.6,,,97.55,,,,,Virtual screening scenario,,,,,,,,,,,,,,,,,,,,,,,,,,,,,,,
FORM_000480,CAND_R2_165,DTB-OH-methyl-all,designed,P-N-B,B,True,True,True,True,True,Candidate,,DTB-OH-methyl-all,,DDM,DOPO-based (additive),0,1,P-N-B,100.00%,0.00%,CCC(Cn1c(=O)n(CC(COB(O)OC)OC)c(=O)n(CC(CP2(=O)Oc3ccccc3-c3ccccc32)OC)c1=O)OC,,NC1=CC=C(CC2=CC=C(N)C=C2)C=C1,10.0,0.47841687170908825,0.6490461472876476,0.0,0.16699952272611426,0.0,1.3566539678439982,0.0,0.349066959385291,0.0,1,1,0,1,0,1,0,0,0,0,0,160.0,3.2,,24.8,,3.2,,,3.0,35.0,,1184.0,,,87.2,,,159.0,,,17.0,,,62.6,,,97.55,,,,,Virtual screening scenario,,,,,,,,,,,,,,,,,,,,,,,,,,,,,,,
FORM_000481,CAND_R2_166,DTB-OH-acetyl,designed,P-N-B,B,True,True,True,True,True,Candidate,,DTB-OH-acetyl,,DDM,DOPO-based (additive),0,1,P-N-B,100.00%,0.00%,CCC(Cn1c(=O)n(CC(O)COB(O)OC)c(=O)n(CC(O)CP2(=O)Oc3ccccc3-c3ccccc32)c1=O)OC(C)=O,,NC1=CC=C(CC2=CC=C(N)C=C2)C=C1,3.42,0.16362969061591046,0.22198886903116077,0.0,0.05711771856845172,0.0,1.3566539678439984,0.0,0.34906695938529086,0.0,1,1,0,1,0,1,0,0,0,0,0,160.0,3.2,,24.8,,3.2,,,3.0,35.0,,1184.0,,,87.2,,,159.0,,,17.0,,,62.6,,,97.55,,,,,Virtual screening scenario,,,,,,,,,,,,,,,,,,,,,,,,,,,,,,,
FORM_000482,CAND_R2_166,DTB-OH-acetyl,designed,P-N-B,B,True,True,True,True,True,Candidate,,DTB-OH-acetyl,,DDM,DOPO-based (additive),0,1,P-N-B,100.00%,0.00%,CCC(Cn1c(=O)n(CC(O)COB(O)OC)c(=O)n(CC(O)CP2(=O)Oc3ccccc3-c3ccccc32)c1=O)OC(C)=O,,NC1=CC=C(CC2=CC=C(N)C=C2)C=C1,7.0,0.33491457143607406,0.45436318222752203,0.0,0.11690761110501816,0.0,1.3566539678439982,0.0,0.34906695938529086,0.0,1,1,0,1,0,1,0,0,0,0,0,160.0,3.2,,24.8,,3.2,,,3.0,35.0,,1184.0,,,87.2,,,159.0,,,17.0,,,62.6,,,97.55,,,,,Virtual screening scenario,,,,,,,,,,,,,,,,,,,,,,,,,,,,,,,
FORM_000483,CAND_R2_166,DTB-OH-acetyl,designed,P-N-B,B,True,True,True,True,True,Candidate,,DTB-OH-acetyl,,DDM,DOPO-based (additive),0,1,P-N-B,100.00%,0.00%,CCC(Cn1c(=O)n(CC(O)COB(O)OC)c(=O)n(CC(O)CP2(=O)Oc3ccccc3-c3ccccc32)c1=O)OC(C)=O,,NC1=CC=C(CC2=CC=C(N)C=C2)C=C1,10.0,0.47844938776582,0.6490902603250315,0.0,0.16701087300716877,0.0,1.3566539678439984,0.0,0.34906695938529086,0.0,1,1,0,1,0,1,0,0,0,0,0,160.0,3.2,,24.8,,3.2,,,3.0,35.0,,1184.0,,,87.2,,,159.0,,,17.0,,,62.6,,,97.55,,,,,Virtual screening scenario,,,,,,,,,,,,,,,,,,,,,,,,,,,,,,,
FORM_000484,CAND_R2_167,DTB-OH-acetyl-2,designed,P-N-B,B,True,True,True,True,True,Candidate,,DTB-OH-acetyl-2,,DDM,DOPO-based (additive),0,1,P-N-B,100.00%,0.00%,CCC(O)Cn1c(=O)n(CC(O)CP2(=O)Oc3ccccc3-c3ccccc32)c(=O)n(CC(COB(O)OC)OC(C)=O)c1=O,,NC1=CC=C(CC2=CC=C(N)C=C2)C=C1,3.42,0.16362969061591046,0.22198886903116077,0.0,0.05711771856845172,0.0,1.3566539678439984,0.0,0.34906695938529086,0.0,1,1,0,1,0,1,0,0,0,0,0,160.0,3.2,,24.8,,3.2,,,3.0,35.0,,1184.0,,,87.2,,,159.0,,,17.0,,,62.6,,,97.55,,,,,Virtual screening scenario,,,,,,,,,,,,,,,,,,,,,,,,,,,,,,,
FORM_000485,CAND_R2_167,DTB-OH-acetyl-2,designed,P-N-B,B,True,True,True,True,True,Candidate,,DTB-OH-acetyl-2,,DDM,DOPO-based (additive),0,1,P-N-B,100.00%,0.00%,CCC(O)Cn1c(=O)n(CC(O)CP2(=O)Oc3ccccc3-c3ccccc32)c(=O)n(CC(COB(O)OC)OC(C)=O)c1=O,,NC1=CC=C(CC2=CC=C(N)C=C2)C=C1,7.0,0.33491457143607406,0.45436318222752203,0.0,0.11690761110501816,0.0,1.3566539678439982,0.0,0.34906695938529086,0.0,1,1,0,1,0,1,0,0,0,0,0,160.0,3.2,,24.8,,3.2,,,3.0,35.0,,1184.0,,,87.2,,,159.0,,,17.0,,,62.6,,,97.55,,,,,Virtual screening scenario,,,,,,,,,,,,,,,,,,,,,,,,,,,,,,,
FORM_000486,CAND_R2_167,DTB-OH-acetyl-2,designed,P-N-B,B,True,True,True,True,True,Candidate,,DTB-OH-acetyl-2,,DDM,DOPO-based (additive),0,1,P-N-B,100.00%,0.00%,CCC(O)Cn1c(=O)n(CC(O)CP2(=O)Oc3ccccc3-c3ccccc32)c(=O)n(CC(COB(O)OC)OC(C)=O)c1=O,,NC1=CC=C(CC2=CC=C(N)C=C2)C=C1,10.0,0.47844938776582,0.6490902603250315,0.0,0.16701087300716877,0.0,1.3566539678439984,0.0,0.34906695938529086,0.0,1,1,0,1,0,1,0,0,0,0,0,160.0,3.2,,24.8,,3.2,,,3.0,35.0,,1184.0,,,87.2,,,159.0,,,17.0,,,62.6,,,97.55,,,,,Virtual screening scenario,,,,,,,,,,,,,,,,,,,,,,,,,,,,,,,
FORM_000487,CAND_R2_168,DTB-OH-acetyl-3,designed,P-N-B,B,True,True,True,True,True,Candidate,,DTB-OH-acetyl-3,,DDM,DOPO-based (additive),0,1,P-N-B,100.00%,0.00%,CCC(O)Cn1c(=O)n(CC(O)COB(O)OC)c(=O)n(CC(CP2(=O)Oc3ccccc3-c3ccccc32)OC(C)=O)c1=O,,NC1=CC=C(CC2=CC=C(N)C=C2)C=C1,3.42,0.16362969061591046,0.22198886903116077,0.0,0.05711771856845172,0.0,1.3566539678439984,0.0,0.34906695938529086,0.0,1,1,0,1,0,1,0,0,0,0,0,160.0,3.2,,24.8,,3.2,,,3.0,35.0,,1184.0,,,87.2,,,159.0,,,17.0,,,62.6,,,97.55,,,,,Virtual screening scenario,,,,,,,,,,,,,,,,,,,,,,,,,,,,,,,
FORM_000488,CAND_R2_168,DTB-OH-acetyl-3,designed,P-N-B,B,True,True,True,True,True,Candidate,,DTB-OH-acetyl-3,,DDM,DOPO-based (additive),0,1,P-N-B,100.00%,0.00%,CCC(O)Cn1c(=O)n(CC(O)COB(O)OC)c(=O)n(CC(CP2(=O)Oc3ccccc3-c3ccccc32)OC(C)=O)c1=O,,NC1=CC=C(CC2=CC=C(N)C=C2)C=C1,7.0,0.33491457143607406,0.45436318222752203,0.0,0.11690761110501816,0.0,1.3566539678439982,0.0,0.34906695938529086,0.0,1,1,0,1,0,1,0,0,0,0,0,160.0,3.2,,24.8,,3.2,,,3.0,35.0,,1184.0,,,87.2,,,159.0,,,17.0,,,62.6,,,97.55,,,,,Virtual screening scenario,,,,,,,,,,,,,,,,,,,,,,,,,,,,,,,
FORM_000489,CAND_R2_168,DTB-OH-acetyl-3,designed,P-N-B,B,True,True,True,True,True,Candidate,,DTB-OH-acetyl-3,,DDM,DOPO-based (additive),0,1,P-N-B,100.00%,0.00%,CCC(O)Cn1c(=O)n(CC(O)COB(O)OC)c(=O)n(CC(CP2(=O)Oc3ccccc3-c3ccccc32)OC(C)=O)c1=O,,NC1=CC=C(CC2=CC=C(N)C=C2)C=C1,10.0,0.47844938776582,0.6490902603250315,0.0,0.16701087300716877,0.0,1.3566539678439984,0.0,0.34906695938529086,0.0,1,1,0,1,0,1,0,0,0,0,0,160.0,3.2,,24.8,,3.2,,,3.0,35.0,,1184.0,,,87.2,,,159.0,,,17.0,,,62.6,,,97.55,,,,,Virtual screening scenario,,,,,,,,,,,,,,,,,,,,,,,,,,,,,,,
FORM_000490,CAND_R2_169,DTB-OH-acetyl-all,designed,P-N-B,B,True,True,True,True,True,Candidate,,DTB-OH-acetyl-all,,DDM,DOPO-based (additive),0,1,P-N-B,100.00%,0.00%,CCC(Cn1c(=O)n(CC(COB(O)OC)OC(C)=O)c(=O)n(CC(CP2(=O)Oc3ccccc3-c3ccccc32)OC(C)=O)c1=O)OC(C)=O,,NC1=CC=C(CC2=CC=C(N)C=C2)C=C1,3.42,0.14482201961290952,0.19647336753903505,0.0,0.05055258203831529,0.0,1.3566539678439984,0.0,0.34906695938529086,0.0,1,1,0,1,0,1,0,0,0,0,0,160.0,3.2,,24.8,,3.2,,,3.0,35.0,,1184.0,,,87.2,,,159.0,,,17.0,,,62.6,,,97.55,,,,,Virtual screening scenario,,,,,,,,,,,,,,,,,,,,,,,,,,,,,,,
FORM_000491,CAND_R2_169,DTB-OH-acetyl-all,designed,P-N-B,B,True,True,True,True,True,Candidate,,DTB-OH-acetyl-all,,DDM,DOPO-based (additive),0,1,P-N-B,100.00%,0.00%,CCC(Cn1c(=O)n(CC(COB(O)OC)OC(C)=O)c(=O)n(CC(CP2(=O)Oc3ccccc3-c3ccccc32)OC(C)=O)c1=O)OC(C)=O,,NC1=CC=C(CC2=CC=C(N)C=C2)C=C1,7.0,0.2964193383889961,0.4021384715711244,0.0,0.10347019715444651,0.0,1.3566539678439986,0.0,0.3490669593852909,0.0,1,1,0,1,0,1,0,0,0,0,0,160.0,3.2,,24.8,,3.2,,,3.0,35.0,,1184.0,,,87.2,,,159.0,,,17.0,,,62.6,,,97.55,,,,,Virtual screening scenario,,,,,,,,,,,,,,,,,,,,,,,,,,,,,,,
FORM_000492,CAND_R2_169,DTB-OH-acetyl-all,designed,P-N-B,B,True,True,True,True,True,Candidate,,DTB-OH-acetyl-all,,DDM,DOPO-based (additive),0,1,P-N-B,100.00%,0.00%,CCC(Cn1c(=O)n(CC(COB(O)OC)OC(C)=O)c(=O)n(CC(CP2(=O)Oc3ccccc3-c3ccccc32)OC(C)=O)c1=O)OC(C)=O,,NC1=CC=C(CC2=CC=C(N)C=C2)C=C1,10.0,0.4234561976985659,0.574483530815892,0.0,0.14781456736349502,0.0,1.3566539678439982,0.0,0.3490669593852909,0.0,1,1,0,1,0,1,0,0,0,0,0,160.0,3.2,,24.8,,3.2,,,3.0,35.0,,1184.0,,,87.2,,,159.0,,,17.0,,,62.6,,,97.55,,,,,Virtual screening scenario,,,,,,,,,,,,,,,,,,,,,,,,,,,,,,,
FORM_000493,CAND_R2_170,DTB-OH-allyl,designed,P-N-B,B,True,True,True,True,True,Candidate,,DTB-OH-allyl,,DDM,DOPO-based (additive),0,1,P-N-B,100.00%,0.00%,C=CCOC(CC)Cn1c(=O)n(CC(O)COB(O)OC)c(=O)n(CC(O)CP2(=O)Oc3ccccc3-c3ccccc32)c1=O,,NC1=CC=C(CC2=CC=C(N)C=C2)C=C1,3.42,0.16412964761988869,0.22266713768435925,0.0,0.05729223703965378,0.0,1.3566539678439984,0.0,0.34906695938529086,0.0,1,1,0,1,0,1,0,0,0,0,0,160.0,3.2,,24.8,,3.2,,,3.0,35.0,,1184.0,,,87.2,,,159.0,,,17.0,,,62.6,,,97.55,,,,,Virtual screening scenario,,,,,,,,,,,,,,,,,,,,,,,,,,,,,,,
FORM_000494,CAND_R2_170,DTB-OH-allyl,designed,P-N-B,B,True,True,True,True,True,Candidate,,DTB-OH-allyl,,DDM,DOPO-based (additive),0,1,P-N-B,100.00%,0.00%,C=CCOC(CC)Cn1c(=O)n(CC(O)COB(O)OC)c(=O)n(CC(O)CP2(=O)Oc3ccccc3-c3ccccc32)c1=O,,NC1=CC=C(CC2=CC=C(N)C=C2)C=C1,7.0,0.3359378752453862,0.4557514514007353,0.0,0.11726481265426214,0.0,1.3566539678439984,0.0,0.34906695938529086,0.0,1,1,0,1,0,1,0,0,0,0,0,160.0,3.2,,24.8,,3.2,,,3.0,35.0,,1184.0,,,87.2,,,159.0,,,17.0,,,62.6,,,97.55,,,,,Virtual screening scenario,,,,,,,,,,,,,,,,,,,,,,,,,,,,,,,
FORM_000495,CAND_R2_170,DTB-OH-allyl,designed,P-N-B,B,True,True,True,True,True,Candidate,,DTB-OH-allyl,,DDM,DOPO-based (additive),0,1,P-N-B,100.00%,0.00%,C=CCOC(CC)Cn1c(=O)n(CC(O)COB(O)OC)c(=O)n(CC(O)CP2(=O)Oc3ccccc3-c3ccccc32)c1=O,,NC1=CC=C(CC2=CC=C(N)C=C2)C=C1,10.0,0.47991125035055177,0.6510735020010503,0.0,0.1675211609346602,0.0,1.356653967843998,0.0,0.34906695938529086,0.0,1,1,0,1,0,1,0,0,0,0,0,160.0,3.2,,24.8,,3.2,,,3.0,35.0,,1184.0,,,87.2,,,159.0,,,17.0,,,62.6,,,97.55,,,,,Virtual screening scenario,,,,,,,,,,,,,,,,,,,,,,,,,,,,,,,
FORM_000496,CAND_R2_171,DTB-OH-allyl-2,designed,P-N-B,B,True,True,True,True,True,Candidate,,DTB-OH-allyl-2,,DDM,DOPO-based (additive),0,1,P-N-B,100.00%,0.00%,C=CCOC(COB(O)OC)Cn1c(=O)n(CC(O)CC)c(=O)n(CC(O)CP2(=O)Oc3ccccc3-c3ccccc32)c1=O,,NC1=CC=C(CC2=CC=C(N)C=C2)C=C1,3.42,0.16412964761988869,0.22266713768435925,0.0,0.05729223703965378,0.0,1.3566539678439984,0.0,0.34906695938529086,0.0,1,1,0,1,0,1,0,0,0,0,0,160.0,3.2,,24.8,,3.2,,,3.0,35.0,,1184.0,,,87.2,,,159.0,,,17.0,,,62.6,,,97.55,,,,,Virtual screening scenario,,,,,,,,,,,,,,,,,,,,,,,,,,,,,,,
FORM_000497,CAND_R2_171,DTB-OH-allyl-2,designed,P-N-B,B,True,True,True,True,True,Candidate,,DTB-OH-allyl-2,,DDM,DOPO-based (additive),0,1,P-N-B,100.00%,0.00%,C=CCOC(COB(O)OC)Cn1c(=O)n(CC(O)CC)c(=O)n(CC(O)CP2(=O)Oc3ccccc3-c3ccccc32)c1=O,,NC1=CC=C(CC2=CC=C(N)C=C2)C=C1,7.0,0.3359378752453862,0.4557514514007353,0.0,0.11726481265426214,0.0,1.3566539678439984,0.0,0.34906695938529086,0.0,1,1,0,1,0,1,0,0,0,0,0,160.0,3.2,,24.8,,3.2,,,3.0,35.0,,1184.0,,,87.2,,,159.0,,,17.0,,,62.6,,,97.55,,,,,Virtual screening scenario,,,,,,,,,,,,,,,,,,,,,,,,,,,,,,,
FORM_000498,CAND_R2_171,DTB-OH-allyl-2,designed,P-N-B,B,True,True,True,True,True,Candidate,,DTB-OH-allyl-2,,DDM,DOPO-based (additive),0,1,P-N-B,100.00%,0.00%,C=CCOC(COB(O)OC)Cn1c(=O)n(CC(O)CC)c(=O)n(CC(O)CP2(=O)Oc3ccccc3-c3ccccc32)c1=O,,NC1=CC=C(CC2=CC=C(N)C=C2)C=C1,10.0,0.47991125035055177,0.6510735020010503,0.0,0.1675211609346602,0.0,1.356653967843998,0.0,0.34906695938529086,0.0,1,1,0,1,0,1,0,0,0,0,0,160.0,3.2,,24.8,,3.2,,,3.0,35.0,,1184.0,,,87.2,,,159.0,,,17.0,,,62.6,,,97.55,,,,,Virtual screening scenario,,,,,,,,,,,,,,,,,,,,,,,,,,,,,,,
FORM_000499,CAND_R2_172,DTB-OH-allyl-3,designed,P-N-B,B,True,True,True,True,True,Candidate,,DTB-OH-allyl-3,,DDM,DOPO-based (additive),0,1,P-N-B,100.00%,0.00%,C=CCOC(Cn1c(=O)n(CC(O)CC)c(=O)n(CC(O)COB(O)OC)c1=O)CP1(=O)Oc2ccccc2-c2ccccc21,,NC1=CC=C(CC2=CC=C(N)C=C2)C=C1,3.42,0.16412964761988869,0.2226671376843592,0.0,0.057292237039653776,0.0,1.356653967843998,0.0,0.3490669593852908,0.0,1,1,0,1,0,1,0,0,0,0,0,160.0,3.2,,24.8,,3.2,,,3.0,35.0,,1184.0,,,87.2,,,159.0,,,17.0,,,62.6,,,97.55,,,,,Virtual screening scenario,,,,,,,,,,,,,,,,,,,,,,,,,,,,,,,
FORM_000500,CAND_R2_172,DTB-OH-allyl-3,designed,P-N-B,B,True,True,True,True,True,Candidate,,DTB-OH-allyl-3,,DDM,DOPO-based (additive),0,1,P-N-B,100.00%,0.00%,C=CCOC(Cn1c(=O)n(CC(O)CC)c(=O)n(CC(O)COB(O)OC)c1=O)CP1(=O)Oc2ccccc2-c2ccccc21,,NC1=CC=C(CC2=CC=C(N)C=C2)C=C1,7.0,0.3359378752453861,0.45575145140073525,0.0,0.11726481265426213,0.0,1.3566539678439986,0.0,0.349066959385291,0.0,1,1,0,1,0,1,0,0,0,0,0,160.0,3.2,,24.8,,3.2,,,3.0,35.0,,1184.0,,,87.2,,,159.0,,,17.0,,,62.6,,,97.55,,,,,Virtual screening scenario,,,,,,,,,,,,,,,,,,,,,,,,,,,,,,,
FORM_000501,CAND_R2_172,DTB-OH-allyl-3,designed,P-N-B,B,True,True,True,True,True,Candidate,,DTB-OH-allyl-3,,DDM,DOPO-based (additive),0,1,P-N-B,100.00%,0.00%,C=CCOC(Cn1c(=O)n(CC(O)CC)c(=O)n(CC(O)COB(O)OC)c1=O)CP1(=O)Oc2ccccc2-c2ccccc21,,NC1=CC=C(CC2=CC=C(N)C=C2)C=C1,10.0,0.4799112503505516,0.6510735020010503,0.0,0.16752116093466016,0.0,1.3566539678439984,0.0,0.34906695938529086,0.0,1,1,0,1,0,1,0,0,0,0,0,160.0,3.2,,24.8,,3.2,,,3.0,35.0,,1184.0,,,87.2,,,159.0,,,17.0,,,62.6,,,97.55,,,,,Virtual screening scenario,,,,,,,,,,,,,,,,,,,,,,,,,,,,,,,
FORM_000502,CAND_R2_173,DTB-OH-allyl-all,designed,P-N-B,B,True,True,True,True,True,Candidate,,DTB-OH-allyl-all,,DDM,DOPO-based (additive),0,1,P-N-B,100.00%,0.00%,C=CCOC(CC)Cn1c(=O)n(CC(COB(O)OC)OCC=C)c(=O)n(CC(CP2(=O)Oc3ccccc3-c3ccccc32)OCC=C)c1=O,,NC1=CC=C(CC2=CC=C(N)C=C2)C=C1,3.42,0.14600288612221773,0.19807539477438213,0.0,0.05096478352015943,0.0,1.3566539678439984,0.0,0.34906695938529086,0.0,1,1,0,1,0,1,0,0,0,0,0,160.0,3.2,,24.8,,3.2,,,3.0,35.0,,1184.0,,,87.2,,,159.0,,,17.0,,,62.6,,,97.55,,,,,Virtual screening scenario,,,,,,,,,,,,,,,,,,,,,,,,,,,,,,,
FORM_000503,CAND_R2_173,DTB-OH-allyl-all,designed,P-N-B,B,True,True,True,True,True,Candidate,,DTB-OH-allyl-all,,DDM,DOPO-based (additive),0,1,P-N-B,100.00%,0.00%,C=CCOC(CC)Cn1c(=O)n(CC(COB(O)OC)OCC=C)c(=O)n(CC(CP2(=O)Oc3ccccc3-c3ccccc32)OCC=C)c1=O,,NC1=CC=C(CC2=CC=C(N)C=C2)C=C1,7.0,0.2988363166244223,0.4054174746844079,0.0,0.10431388439798712,0.0,1.3566539678439984,0.0,0.3490669593852908,0.0,1,1,0,1,0,1,0,0,0,0,0,160.0,3.2,,24.8,,3.2,,,3.0,35.0,,1184.0,,,87.2,,,159.0,,,17.0,,,62.6,,,97.55,,,,,Virtual screening scenario,,,,,,,,,,,,,,,,,,,,,,,,,,,,,,,
FORM_000504,CAND_R2_173,DTB-OH-allyl-all,designed,P-N-B,B,True,True,True,True,True,Candidate,,DTB-OH-allyl-all,,DDM,DOPO-based (additive),0,1,P-N-B,100.00%,0.00%,C=CCOC(CC)Cn1c(=O)n(CC(COB(O)OC)OCC=C)c(=O)n(CC(CP2(=O)Oc3ccccc3-c3ccccc32)OCC=C)c1=O,,NC1=CC=C(CC2=CC=C(N)C=C2)C=C1,10.0,0.4269090237491746,0.5791678209777256,0.0,0.14901983485426734,0.0,1.3566539678439986,0.0,0.3490669593852909,0.0,1,1,0,1,0,1,0,0,0,0,0,160.0,3.2,,24.8,,3.2,,,3.0,35.0,,1184.0,,,87.2,,,159.0,,,17.0,,,62.6,,,97.55,,,,,Virtual screening scenario,,,,,,,,,,,,,,,,,,,,,,,,,,,,,,,
FORM_000505,CAND_R2_174,DSD-amino,designed,P-N-S,B,True,True,True,True,True,Candidate,,DSD-amino,,DDM,DOPO-based (Co-curing),2,1,P-N-S,100.00%,0.00%,Nc1ccc(C(Nc2ccc(S(=O)(=O)c3ccc(NC(c4ccccc4O)P4(=O)Oc5ccccc5-c5ccccc54)cc3)cc2)P2(=O)Oc3ccccc3-c3ccccc32)c(O)c1,,NC1=CC=C(CC2=CC=C(N)C=C2)C=C1,4.0,0.27413955237916116,0.18595625573908325,0.14190664793282365,0.0,0.0,0.678326983921999,0.5176438303092916,0.0,0.0,1,1,1,0,0,1,0,0,0,0,0,170.0,3.0,,24.0,,3.0,,,3.0,35.0,,1208.0,,,88.0,,,164.3,,,16.5,,,58.7,,,101.3,,,,,Virtual screening scenario,,,,,,,,,,,,,,,,,,,,,,,,,,,,,,,
FORM_000506,CAND_R2_174,DSD-amino,designed,P-N-S,B,True,True,True,True,True,Candidate,,DSD-amino,,DDM,DOPO-based (Co-curing),2,1,P-N-S,100.00%,0.00%,Nc1ccc(C(Nc2ccc(S(=O)(=O)c3ccc(NC(c4ccccc4O)P4(=O)Oc5ccccc5-c5ccccc54)cc3)cc2)P2(=O)Oc3ccccc3-c3ccccc32)c(O)c1,,NC1=CC=C(CC2=CC=C(N)C=C2)C=C1,6.78,0.46466654128267815,0.31519585347774615,0.2405317682461361,0.0,0.0,0.6783269839219991,0.5176438303092916,0.0,0.0,1,1,1,0,0,1,0,0,0,0,0,170.0,3.0,,24.0,,3.0,,,3.0,35.0,,1208.0,,,88.0,,,164.3,,,16.5,,,58.7,,,101.3,,,,,Virtual screening scenario,,,,,,,,,,,,,,,,,,,,,,,,,,,,,,,
FORM_000507,CAND_R2_174,DSD-amino,designed,P-N-S,B,True,True,True,True,True,Candidate,,DSD-amino,,DDM,DOPO-based (Co-curing),2,1,P-N-S,100.00%,0.00%,Nc1ccc(C(Nc2ccc(S(=O)(=O)c3ccc(NC(c4ccccc4O)P4(=O)Oc5ccccc5-c5ccccc54)cc3)cc2)P2(=O)Oc3ccccc3-c3ccccc32)c(O)c1,,NC1=CC=C(CC2=CC=C(N)C=C2)C=C1,10.19,0.698370509685913,0.4737235614953146,0.36150718560886824,0.0,0.0,0.6783269839219991,0.5176438303092916,0.0,0.0,1,1,1,0,0,1,0,0,0,0,0,170.0,3.0,,24.0,,3.0,,,3.0,35.0,,1208.0,,,88.0,,,164.3,,,16.5,,,58.7,,,101.3,,,,,Virtual screening scenario,,,,,,,,,,,,,,,,,,,,,,,,,,,,,,,
FORM_000508,CAND_R2_175,DSD-hydroxy,designed,P-N-S,B,True,True,True,True,True,Candidate,,DSD-hydroxy,,DDM,DOPO-based (additive),0,1,P-N-S,100.00%,0.00%,O=P1(C(Nc2ccc(S(=O)(=O)c3ccc(NC(c4ccc(O)cc4O)P4(=O)Oc5ccccc5-c5ccccc54)cc3)cc2)c2ccccc2O)Oc2ccccc2-c2ccccc21,,NC1=CC=C(CC2=CC=C(N)C=C2)C=C1,3.42,0.23413443197616463,0.10587980204978814,0.12119824417543215,0.0,0.0,0.4522179892813327,0.5176438303092916,0.0,0.0,1,1,1,0,0,1,0,0,0,0,0,160.0,3.2,,24.8,,3.2,,,3.0,35.0,,1184.0,,,87.2,,,159.0,,,17.0,,,62.6,,,97.55,,,,,Virtual screening scenario,,,,,,,,,,,,,,,,,,,,,,,,,,,,,,,
FORM_000509,CAND_R2_175,DSD-hydroxy,designed,P-N-S,B,True,True,True,True,True,Candidate,,DSD-hydroxy,,DDM,DOPO-based (additive),0,1,P-N-S,100.00%,0.00%,O=P1(C(Nc2ccc(S(=O)(=O)c3ccc(NC(c4ccc(O)cc4O)P4(=O)Oc5ccccc5-c5ccccc54)cc3)cc2)c2ccccc2O)Oc2ccccc2-c2ccccc21,,NC1=CC=C(CC2=CC=C(N)C=C2)C=C1,7.0,0.47922252158864104,0.2167130451311453,0.24806658164562137,0.0,0.0,0.4522179892813327,0.5176438303092917,0.0,0.0,1,1,1,0,0,1,0,0,0,0,0,160.0,3.2,,24.8,,3.2,,,3.0,35.0,,1184.0,,,87.2,,,159.0,,,17.0,,,62.6,,,97.55,,,,,Virtual screening scenario,,,,,,,,,,,,,,,,,,,,,,,,,,,,,,,
FORM_000510,CAND_R2_175,DSD-hydroxy,designed,P-N-S,B,True,True,True,True,True,Candidate,,DSD-hydroxy,,DDM,DOPO-based (additive),0,1,P-N-S,100.00%,0.00%,O=P1(C(Nc2ccc(S(=O)(=O)c3ccc(NC(c4ccc(O)cc4O)P4(=O)Oc5ccccc5-c5ccccc54)cc3)cc2)c2ccccc2O)Oc2ccccc2-c2ccccc21,,NC1=CC=C(CC2=CC=C(N)C=C2)C=C1,10.0,0.6846036022694872,0.30959006447306475,0.3543808309223162,0.0,0.0,0.4522179892813327,0.5176438303092916,0.0,0.0,1,1,1,0,0,1,0,0,0,0,0,160.0,3.2,,24.8,,3.2,,,3.0,35.0,,1184.0,,,87.2,,,159.0,,,17.0,,,62.6,,,97.55,,,,,Virtual screening scenario,,,,,,,,,,,,,,,,,,,,,,,,,,,,,,,
FORM_000511,CAND_R2_176,DSD-hydroxymethyl,designed,P-N-S,B,True,True,True,True,True,Candidate,,DSD-hydroxymethyl,,DDM,DOPO-based (additive),0,1,P-N-S,100.00%,0.00%,O=P1(C(Nc2ccc(S(=O)(=O)c3ccc(NC(c4ccc(CO)cc4O)P4(=O)Oc5ccccc5-c5ccccc54)cc3)cc2)c2ccccc2O)Oc2ccccc2-c2ccccc21,,NC1=CC=C(CC2=CC=C(N)C=C2)C=C1,3.42,0.2305603759273306,0.10426354960980562,0.11934815611257361,0.0,0.0,0.45221798928133267,0.5176438303092916,0.0,0.0,1,1,1,0,0,1,0,0,0,0,0,160.0,3.2,,24.8,,3.2,,,3.0,35.0,,1184.0,,,87.2,,,159.0,,,17.0,,,62.6,,,97.55,,,,,Virtual screening scenario,,,,,,,,,,,,,,,,,,,,,,,,,,,,,,,
FORM_000512,CAND_R2_176,DSD-hydroxymethyl,designed,P-N-S,B,True,True,True,True,True,Candidate,,DSD-hydroxymethyl,,DDM,DOPO-based (additive),0,1,P-N-S,100.00%,0.00%,O=P1(C(Nc2ccc(S(=O)(=O)c3ccc(NC(c4ccc(CO)cc4O)P4(=O)Oc5ccccc5-c5ccccc54)cc3)cc2)c2ccccc2O)Oc2ccccc2-c2ccccc21,,NC1=CC=C(CC2=CC=C(N)C=C2)C=C1,7.0,0.4719072021904428,0.21340492610194134,0.24427985169240213,0.0,0.0,0.45221798928133267,0.5176438303092916,0.0,0.0,1,1,1,0,0,1,0,0,0,0,0,160.0,3.2,,24.8,,3.2,,,3.0,35.0,,1184.0,,,87.2,,,159.0,,,17.0,,,62.6,,,97.55,,,,,Virtual screening scenario,,,,,,,,,,,,,,,,,,,,,,,,,,,,,,,
FORM_000513,CAND_R2_176,DSD-hydroxymethyl,designed,P-N-S,B,True,True,True,True,True,Candidate,,DSD-hydroxymethyl,,DDM,DOPO-based (additive),0,1,P-N-S,100.00%,0.00%,O=P1(C(Nc2ccc(S(=O)(=O)c3ccc(NC(c4ccc(CO)cc4O)P4(=O)Oc5ccccc5-c5ccccc54)cc3)cc2)c2ccccc2O)Oc2ccccc2-c2ccccc21,,NC1=CC=C(CC2=CC=C(N)C=C2)C=C1,10.0,0.6741531459863468,0.3048641801456305,0.3489712167034316,0.0,0.0,0.4522179892813327,0.5176438303092916,0.0,0.0,1,1,1,0,0,1,0,0,0,0,0,160.0,3.2,,24.8,,3.2,,,3.0,35.0,,1184.0,,,87.2,,,159.0,,,17.0,,,62.6,,,97.55,,,,,Virtual screening scenario,,,,,,,,,,,,,,,,,,,,,,,,,,,,,,,
FORM_000514,CAND_R2_177,DSD-carboxamide,designed,P-N-S,B,True,True,True,True,True,Candidate,,DSD-carboxamide,,DDM,DOPO-based (additive),0,1,P-N-S,100.00%,0.00%,NC(=O)c1ccc(C(Nc2ccc(S(=O)(=O)c3ccc(NC(c4ccccc4O)P4(=O)Oc5ccccc5-c5ccccc54)cc3)cc2)P2(=O)Oc3ccccc3-c3ccccc32)c(O)c1,,NC1=CC=C(CC2=CC=C(N)C=C2)C=C1,3.42,0.22734430732911254,0.15421377830239294,0.11768337804485457,0.0,0.0,0.6783269839219991,0.5176438303092916,0.0,0.0,1,1,1,0,0,1,0,0,0,0,0,160.0,3.2,,24.8,,3.2,,,3.0,35.0,,1184.0,,,87.2,,,159.0,,,17.0,,,62.6,,,97.55,,,,,Virtual screening scenario,,,,,,,,,,,,,,,,,,,,,,,,,,,,,,,
FORM_000515,CAND_R2_177,DSD-carboxamide,designed,P-N-S,B,True,True,True,True,True,Candidate,,DSD-carboxamide,,DDM,DOPO-based (additive),0,1,P-N-S,100.00%,0.00%,NC(=O)c1ccc(C(Nc2ccc(S(=O)(=O)c3ccc(NC(c4ccccc4O)P4(=O)Oc5ccccc5-c5ccccc54)cc3)cc2)P2(=O)Oc3ccccc3-c3ccccc32)c(O)c1,,NC1=CC=C(CC2=CC=C(N)C=C2)C=C1,7.0,0.4653246056443824,0.31564223629144755,0.24087241120291872,0.0,0.0,0.6783269839219991,0.5176438303092916,0.0,0.0,1,1,1,0,0,1,0,0,0,0,0,160.0,3.2,,24.8,,3.2,,,3.0,35.0,,1184.0,,,87.2,,,159.0,,,17.0,,,62.6,,,97.55,,,,,Virtual screening scenario,,,,,,,,,,,,,,,,,,,,,,,,,,,,,,,
FORM_000516,CAND_R2_177,DSD-carboxamide,designed,P-N-S,B,True,True,True,True,True,Candidate,,DSD-carboxamide,,DDM,DOPO-based (additive),0,1,P-N-S,100.00%,0.00%,NC(=O)c1ccc(C(Nc2ccc(S(=O)(=O)c3ccc(NC(c4ccccc4O)P4(=O)Oc5ccccc5-c5ccccc54)cc3)cc2)P2(=O)Oc3ccccc3-c3ccccc32)c(O)c1,,NC1=CC=C(CC2=CC=C(N)C=C2)C=C1,10.0,0.664749436634832,0.4509174804163536,0.34410344457559816,0.0,0.0,0.6783269839219991,0.5176438303092916,0.0,0.0,1,1,1,0,0,1,0,0,0,0,0,160.0,3.2,,24.8,,3.2,,,3.0,35.0,,1184.0,,,87.2,,,159.0,,,17.0,,,62.6,,,97.55,,,,,Virtual screening scenario,,,,,,,,,,,,,,,,,,,,,,,,,,,,,,,
FORM_000517,CAND_R2_178,DSD-boronic-acid,designed,P-N-B-S,B,True,True,True,True,True,Candidate,,DSD-boronic-acid,,DDM,DOPO-based (additive),0,1,P-N-B-S,100.00%,0.00%,O=P1(C(Nc2ccc(S(=O)(=O)c3ccc(NC(c4ccc(B(O)O)cc4O)P4(=O)Oc5ccccc5-c5ccccc54)cc3)cc2)c2ccccc2O)Oc2ccccc2-c2ccccc21,,NC1=CC=C(CC2=CC=C(N)C=C2)C=C1,3.42,0.2271510132487324,0.10272177447455916,0.11758332055671049,0.039645456758011476,0.0,0.4522179892813328,0.5176438303092916,0.17453347969264546,0.0,1,1,1,1,0,1,0,0,0,0,0,160.0,3.2,,24.8,,3.2,,,3.0,35.0,,1184.0,,,87.2,,,159.0,,,17.0,,,62.6,,,97.55,,,,,Virtual screening scenario,,,,,,,,,,,,,,,,,,,,,,,,,,,,,,,
FORM_000518,CAND_R2_178,DSD-boronic-acid,designed,P-N-B-S,B,True,True,True,True,True,Candidate,,DSD-boronic-acid,,DDM,DOPO-based (additive),0,1,P-N-B-S,100.00%,0.00%,O=P1(C(Nc2ccc(S(=O)(=O)c3ccc(NC(c4ccc(B(O)O)cc4O)P4(=O)Oc5ccccc5-c5ccccc54)cc3)cc2)c2ccccc2O)Oc2ccccc2-c2ccccc21,,NC1=CC=C(CC2=CC=C(N)C=C2)C=C1,7.0,0.4649289744857096,0.21024924600055964,0.24066761517455365,0.08114567172692407,0.0,0.4522179892813327,0.5176438303092917,0.17453347969264543,0.0,1,1,1,1,0,1,0,0,0,0,0,160.0,3.2,,24.8,,3.2,,,3.0,35.0,,1184.0,,,87.2,,,159.0,,,17.0,,,62.6,,,97.55,,,,,Virtual screening scenario,,,,,,,,,,,,,,,,,,,,,,,,,,,,,,,
FORM_000519,CAND_R2_178,DSD-boronic-acid,designed,P-N-B-S,B,True,True,True,True,True,Candidate,,DSD-boronic-acid,,DDM,DOPO-based (additive),0,1,P-N-B-S,100.00%,0.00%,O=P1(C(Nc2ccc(S(=O)(=O)c3ccc(NC(c4ccc(B(O)O)cc4O)P4(=O)Oc5ccccc5-c5ccccc54)cc3)cc2)c2ccccc2O)Oc2ccccc2-c2ccccc21,,NC1=CC=C(CC2=CC=C(N)C=C2)C=C1,10.0,0.6641842492652995,0.3003560657150852,0.3438108788207909,0.1159223881813201,0.0,0.4522179892813327,0.5176438303092916,0.17453347969264543,0.0,1,1,1,1,0,1,0,0,0,0,0,160.0,3.2,,24.8,,3.2,,,3.0,35.0,,1184.0,,,87.2,,,159.0,,,17.0,,,62.6,,,97.55,,,,,Virtual screening scenario,,,,,,,,,,,,,,,,,,,,,,,,,,,,,,,
FORM_000520,CAND_R2_179,DSD-pinacol-boronate,designed,P-N-B-S,B,True,True,True,True,True,Candidate,,DSD-pinacol-boronate,,DDM,DOPO-based (additive),0,1,P-N-B-S,100.00%,0.00%,CC1(C)OB(c2ccc(C(Nc3ccc(S(=O)(=O)c4ccc(NC(c5ccccc5O)P5(=O)Oc6ccccc6-c6ccccc65)cc4)cc3)P3(=O)Oc4ccccc4-c4ccccc43)c(O)c2)OC1(C)C,,NC1=CC=C(CC2=CC=C(N)C=C2)C=C1,3.42,0.20876430645649208,0.09440697489946681,0.10806555522600135,0.03643636084147337,0.0,0.45221798928133283,0.5176438303092917,0.17453347969264546,0.0,1,1,1,1,0,1,0,0,0,0,0,160.0,3.2,,24.8,,3.2,,,3.0,35.0,,1184.0,,,87.2,,,159.0,,,17.0,,,62.6,,,97.55,,,,,Virtual screening scenario,,,,,,,,,,,,,,,,,,,,,,,,,,,,,,,
FORM_000521,CAND_R2_179,DSD-pinacol-boronate,designed,P-N-B-S,B,True,True,True,True,True,Candidate,,DSD-pinacol-boronate,,DDM,DOPO-based (additive),0,1,P-N-B-S,100.00%,0.00%,CC1(C)OB(c2ccc(C(Nc3ccc(S(=O)(=O)c4ccc(NC(c5ccccc5O)P5(=O)Oc6ccccc6-c6ccccc65)cc4)cc3)P3(=O)Oc4ccccc4-c4ccccc43)c(O)c2)OC1(C)C,,NC1=CC=C(CC2=CC=C(N)C=C2)C=C1,7.0,0.4272953640922353,0.19323065037902562,0.22118680894210802,0.07457734675155368,0.0,0.4522179892813327,0.5176438303092916,0.17453347969264543,0.0,1,1,1,1,0,1,0,0,0,0,0,160.0,3.2,,24.8,,3.2,,,3.0,35.0,,1184.0,,,87.2,,,159.0,,,17.0,,,62.6,,,97.55,,,,,Virtual screening scenario,,,,,,,,,,,,,,,,,,,,,,,,,,,,,,,
FORM_000522,CAND_R2_179,DSD-pinacol-boronate,designed,P-N-B-S,B,True,True,True,True,True,Candidate,,DSD-pinacol-boronate,,DDM,DOPO-based (additive),0,1,P-N-B-S,100.00%,0.00%,CC1(C)OB(c2ccc(C(Nc3ccc(S(=O)(=O)c4ccc(NC(c5ccccc5O)P5(=O)Oc6ccccc6-c6ccccc65)cc4)cc3)P3(=O)Oc4ccccc4-c4ccccc43)c(O)c2)OC1(C)C,,NC1=CC=C(CC2=CC=C(N)C=C2)C=C1,10.0,0.6104219487031933,0.27604378625575093,0.31598115563158286,0.10653906678793383,0.0,0.4522179892813328,0.5176438303092915,0.1745334796926454,0.0,1,1,1,1,0,1,0,0,0,0,0,160.0,3.2,,24.8,,3.2,,,3.0,35.0,,1184.0,,,87.2,,,159.0,,,17.0,,,62.6,,,97.55,,,,,Virtual screening scenario,,,,,,,,,,,,,,,,,,,,,,,,,,,,,,,
FORM_000523,CAND_R2_180,DSD-trimethoxysilyl,designed,P-N-Si-S,B,True,True,True,True,True,Candidate,,DSD-trimethoxysilyl,,DDS,DOPO-based (Additive + Secondary Crosslinking),3,1,P-N-Si-S,100.00%,0.00%,CO[Si](OC)(OC)c1ccc(C(Nc2ccc(S(=O)(=O)c3ccc(NC(c4ccccc4O)P4(=O)Oc5ccccc5-c5ccccc54)cc3)cc2)P2(=O)Oc3ccccc3-c3ccccc32)c(O)c1,,NC1=CC=C(C=C1)S(=O)(=O)C1=CC=C(N)C=C1,3.5,0.2148723310424109,0.09716913349619198,0.11122733646827968,0.0,0.09741887211301661,0.45221798928133283,0.5176438303092916,0.0,0.453380254406922,1,1,1,0,1,1,1,0,0,0,0,250.0,4.0,,22.4,,3.0,,,4.0,35.0,,867.99,,,114.14500000000001,,,180.0,,,16.9,,,52.14,,,95.65,,,,,Virtual screening scenario,,,,,,,,,,,,,,,,,,,,,,,,,,,,,,,
FORM_000524,CAND_R2_180,DSD-trimethoxysilyl,designed,P-N-Si-S,B,True,True,True,True,True,Candidate,,DSD-trimethoxysilyl,,DDS,DOPO-based (Additive + Secondary Crosslinking),3,1,P-N-Si-S,100.00%,0.00%,CO[Si](OC)(OC)c1ccc(C(Nc2ccc(S(=O)(=O)c3ccc(NC(c4ccccc4O)P4(=O)Oc5ccccc5-c5ccccc54)cc3)cc2)P2(=O)Oc3ccccc3-c3ccccc32)c(O)c1,,NC1=CC=C(C=C1)S(=O)(=O)C1=CC=C(N)C=C1,5.29,0.32476418034695825,0.14686420462710156,0.16811217426205702,0.0,0.14724166670795938,0.45221798928133267,0.5176438303092915,0.0,0.45338025440692187,1,1,1,0,1,1,1,0,0,0,0,250.0,4.0,,22.4,,3.0,,,4.0,35.0,,867.99,,,114.14500000000001,,,180.0,,,16.9,,,52.14,,,95.65,,,,,Virtual screening scenario,,,,,,,,,,,,,,,,,,,,,,,,,,,,,,,
FORM_000525,CAND_R2_180,DSD-trimethoxysilyl,designed,P-N-Si-S,B,True,True,True,True,True,Candidate,,DSD-trimethoxysilyl,,DDS,DOPO-based (Additive + Secondary Crosslinking),3,1,P-N-Si-S,100.00%,0.00%,CO[Si](OC)(OC)c1ccc(C(Nc2ccc(S(=O)(=O)c3ccc(NC(c4ccccc4O)P4(=O)Oc5ccccc5-c5ccccc54)cc3)cc2)P2(=O)Oc3ccccc3-c3ccccc32)c(O)c1,,NC1=CC=C(C=C1)S(=O)(=O)C1=CC=C(N)C=C1,10.0,0.6139209458354599,0.27762609570340563,0.31779238990937053,0.0,0.2783396346086189,0.4522179892813327,0.5176438303092915,0.0,0.45338025440692187,1,1,1,0,1,1,1,0,0,0,0,250.0,4.0,,22.4,,3.0,,,4.0,35.0,,867.99,,,114.14500000000001,,,180.0,,,16.9,,,52.14,,,95.65,,,,,Virtual screening scenario,,,,,,,,,,,,,,,,,,,,,,,,,,,,,,,
FORM_000526,CAND_R2_181,DSD-triethoxysilyl,designed,P-N-Si-S,B,True,True,True,True,True,Candidate,,DSD-triethoxysilyl,,DDS,DOPO-based (Additive + Secondary Crosslinking),3,1,P-N-Si-S,100.00%,0.00%,CCO[Si](OCC)(OCC)c1ccc(C(Nc2ccc(S(=O)(=O)c3ccc(NC(c4ccccc4O)P4(=O)Oc5ccccc5-c5ccccc54)cc3)cc2)P2(=O)Oc3ccccc3-c3ccccc32)c(O)c1,,NC1=CC=C(C=C1)S(=O)(=O)C1=CC=C(N)C=C1,3.5,0.2062701686556259,0.0932790809181685,0.10677448018144176,0.0,0.09351882154164634,0.4522179892813326,0.5176438303092915,0.0,0.4533802544069218,1,1,1,0,1,1,1,0,0,0,0,250.0,4.0,,22.4,,3.0,,,4.0,35.0,,867.99,,,114.14500000000001,,,180.0,,,16.9,,,52.14,,,95.65,,,,,Virtual screening scenario,,,,,,,,,,,,,,,,,,,,,,,,,,,,,,,
FORM_000527,CAND_R2_181,DSD-triethoxysilyl,designed,P-N-Si-S,B,True,True,True,True,True,Candidate,,DSD-triethoxysilyl,,DDS,DOPO-based (Additive + Secondary Crosslinking),3,1,P-N-Si-S,100.00%,0.00%,CCO[Si](OCC)(OCC)c1ccc(C(Nc2ccc(S(=O)(=O)c3ccc(NC(c4ccccc4O)P4(=O)Oc5ccccc5-c5ccccc54)cc3)cc2)P2(=O)Oc3ccccc3-c3ccccc32)c(O)c1,,NC1=CC=C(C=C1)S(=O)(=O)C1=CC=C(N)C=C1,5.29,0.31176262633950313,0.14098466801631754,0.16138200004566486,0.0,0.14134701884437406,0.4522179892813326,0.5176438303092916,0.0,0.4533802544069219,1,1,1,0,1,1,1,0,0,0,0,250.0,4.0,,22.4,,3.0,,,4.0,35.0,,867.99,,,114.14500000000001,,,180.0,,,16.9,,,52.14,,,95.65,,,,,Virtual screening scenario,,,,,,,,,,,,,,,,,,,,,,,,,,,,,,,
FORM_000528,CAND_R2_181,DSD-triethoxysilyl,designed,P-N-Si-S,B,True,True,True,True,True,Candidate,,DSD-triethoxysilyl,,DDS,DOPO-based (Additive + Secondary Crosslinking),3,1,P-N-Si-S,100.00%,0.00%,CCO[Si](OCC)(OCC)c1ccc(C(Nc2ccc(S(=O)(=O)c3ccc(NC(c4ccccc4O)P4(=O)Oc5ccccc5-c5ccccc54)cc3)cc2)P2(=O)Oc3ccccc3-c3ccccc32)c(O)c1,,NC1=CC=C(C=C1)S(=O)(=O)C1=CC=C(N)C=C1,10.0,0.5893433390160738,0.2665116597661957,0.3050699433755479,0.0,0.26719663297613244,0.45221798928133267,0.5176438303092917,0.0,0.45338025440692203,1,1,1,0,1,1,1,0,0,0,0,250.0,4.0,,22.4,,3.0,,,4.0,35.0,,867.99,,,114.14500000000001,,,180.0,,,16.9,,,52.14,,,95.65,,,,,Virtual screening scenario,,,,,,,,,,,,,,,,,,,,,,,,,,,,,,,
FORM_000529,CAND_R2_182,DSD-disiloxane,designed,P-N-Si-S,B,True,True,True,True,True,Candidate,,DSD-disiloxane,,DDM,DOPO-based (additive),0,1,P-N-Si-S,100.00%,0.00%,C[Si](C)(C)O[Si](C)(C)c1ccc(C(Nc2ccc(S(=O)(=O)c3ccc(NC(c4ccccc4O)P4(=O)Oc5ccccc5-c5ccccc54)cc3)cc2)P2(=O)Oc3ccccc3-c3ccccc32)c(O)c1,,NC1=CC=C(CC2=CC=C(N)C=C2)C=C1,3.42,0.20465562159671485,0.09254895369358769,0.10593871985765245,0.0,0.18557363557065062,0.4522179892813328,0.5176438303092916,0.0,0.9067605088138437,1,1,1,0,1,1,0,0,0,0,0,160.0,3.2,,24.8,,3.2,,,3.0,35.0,,1184.0,,,87.2,,,159.0,,,17.0,,,62.6,,,97.55,,,,,Virtual screening scenario,,,,,,,,,,,,,,,,,,,,,,,,,,,,,,,
FORM_000530,CAND_R2_182,DSD-disiloxane,designed,P-N-Si-S,B,True,True,True,True,True,Candidate,,DSD-disiloxane,,DDM,DOPO-based (additive),0,1,P-N-Si-S,100.00%,0.00%,C[Si](C)(C)O[Si](C)(C)c1ccc(C(Nc2ccc(S(=O)(=O)c3ccc(NC(c4ccccc4O)P4(=O)Oc5ccccc5-c5ccccc54)cc3)cc2)P2(=O)Oc3ccccc3-c3ccccc32)c(O)c1,,NC1=CC=C(CC2=CC=C(N)C=C2)C=C1,7.0,0.4188857751979544,0.1894276829985713,0.21683363713554596,0.0,0.3798290786533785,0.4522179892813327,0.5176438303092916,0.0,0.9067605088138437,1,1,1,0,1,1,0,0,0,0,0,160.0,3.2,,24.8,,3.2,,,3.0,35.0,,1184.0,,,87.2,,,159.0,,,17.0,,,62.6,,,97.55,,,,,Virtual screening scenario,,,,,,,,,,,,,,,,,,,,,,,,,,,,,,,
FORM_000531,CAND_R2_182,DSD-disiloxane,designed,P-N-Si-S,B,True,True,True,True,True,Candidate,,DSD-disiloxane,,DDM,DOPO-based (additive),0,1,P-N-Si-S,100.00%,0.00%,C[Si](C)(C)O[Si](C)(C)c1ccc(C(Nc2ccc(S(=O)(=O)c3ccc(NC(c4ccccc4O)P4(=O)Oc5ccccc5-c5ccccc54)cc3)cc2)P2(=O)Oc3ccccc3-c3ccccc32)c(O)c1,,NC1=CC=C(CC2=CC=C(N)C=C2)C=C1,10.0,0.598408250282792,0.27061097571224474,0.30976233876506565,0.0,0.5426129695048264,0.4522179892813328,0.5176438303092915,0.0,0.9067605088138437,1,1,1,0,1,1,0,0,0,0,0,160.0,3.2,,24.8,,3.2,,,3.0,35.0,,1184.0,,,87.2,,,159.0,,,17.0,,,62.6,,,97.55,,,,,Virtual screening scenario,,,,,,,,,,,,,,,,,,,,,,,,,,,,,,,
FORM_000532,CAND_R2_183,DSD-glycidyloxy,designed,P-N-S,B,True,True,True,True,True,Candidate,,DSD-glycidyloxy,,DDM,DOPO-based (Co-curing),2,1,P-N-S,100.00%,0.00%,O=P1(C(Nc2ccc(S(=O)(=O)c3ccc(NC(c4ccc(OCC5CO5)cc4O)P4(=O)Oc5ccccc5-c5ccccc54)cc3)cc2)c2ccccc2O)Oc2ccccc2-c2ccccc21,,NC1=CC=C(CC2=CC=C(N)C=C2)C=C1,4.0,0.2578647113549469,0.11661106127554532,0.1334820768873746,0.0,0.0,0.4522179892813327,0.5176438303092916,0.0,0.0,1,1,1,0,0,1,0,0,0,0,0,170.0,3.0,,24.0,,3.0,,,3.0,35.0,,1208.0,,,88.0,,,164.3,,,16.5,,,58.7,,,101.3,,,,,Virtual screening scenario,,,,,,,,,,,,,,,,,,,,,,,,,,,,,,,
FORM_000533,CAND_R2_183,DSD-glycidyloxy,designed,P-N-S,B,True,True,True,True,True,Candidate,,DSD-glycidyloxy,,DDM,DOPO-based (Co-curing),2,1,P-N-S,100.00%,0.00%,O=P1(C(Nc2ccc(S(=O)(=O)c3ccc(NC(c4ccc(OCC5CO5)cc4O)P4(=O)Oc5ccccc5-c5ccccc54)cc3)cc2)c2ccccc2O)Oc2ccccc2-c2ccccc21,,NC1=CC=C(CC2=CC=C(N)C=C2)C=C1,6.78,0.437080685746635,0.19765574886204934,0.22625212032409994,0.0,0.0,0.4522179892813327,0.5176438303092916,0.0,0.0,1,1,1,0,0,1,0,0,0,0,0,170.0,3.0,,24.0,,3.0,,,3.0,35.0,,1208.0,,,88.0,,,164.3,,,16.5,,,58.7,,,101.3,,,,,Virtual screening scenario,,,,,,,,,,,,,,,,,,,,,,,,,,,,,,,
FORM_000534,CAND_R2_183,DSD-glycidyloxy,designed,P-N-S,B,True,True,True,True,True,Candidate,,DSD-glycidyloxy,,DDM,DOPO-based (Co-curing),2,1,P-N-S,100.00%,0.00%,O=P1(C(Nc2ccc(S(=O)(=O)c3ccc(NC(c4ccc(OCC5CO5)cc4O)P4(=O)Oc5ccccc5-c5ccccc54)cc3)cc2)c2ccccc2O)Oc2ccccc2-c2ccccc21,,NC1=CC=C(CC2=CC=C(N)C=C2)C=C1,10.19,0.6569103521767272,0.2970666785994517,0.3400455908705867,0.0,0.0,0.45221798928133267,0.5176438303092915,0.0,0.0,1,1,1,0,0,1,0,0,0,0,0,170.0,3.0,,24.0,,3.0,,,3.0,35.0,,1208.0,,,88.0,,,164.3,,,16.5,,,58.7,,,101.3,,,,,Virtual screening scenario,,,,,,,,,,,,,,,,,,,,,,,,,,,,,,,
FORM_000535,CAND_R2_184,DSD-diaminotriazine,designed,P-N-S,B,True,True,True,True,True,Candidate,,DSD-diaminotriazine,,DDM,DOPO-based (Co-curing),2,1,P-N-S,100.00%,0.00%,Nc1nc(N)nc(-c2ccc(C(Nc3ccc(S(=O)(=O)c4ccc(NC(c5ccccc5O)P5(=O)Oc6ccccc6-c6ccccc65)cc4)cc3)P3(=O)Oc4ccccc4-c4ccccc43)c(O)c2)n1,,NC1=CC=C(CC2=CC=C(N)C=C2)C=C1,4.0,0.24829678736872063,0.39299495875114104,0.12852930006703628,0.0,0.0,1.5827629624846644,0.5176438303092916,0.0,0.0,1,1,1,0,0,1,0,0,0,0,0,170.0,3.0,,24.0,,3.0,,,3.0,35.0,,1208.0,,,88.0,,,164.3,,,16.5,,,58.7,,,101.3,,,,,Virtual screening scenario,,,,,,,,,,,,,,,,,,,,,,,,,,,,,,,
FORM_000536,CAND_R2_184,DSD-diaminotriazine,designed,P-N-S,B,True,True,True,True,True,Candidate,,DSD-diaminotriazine,,DDM,DOPO-based (Co-curing),2,1,P-N-S,100.00%,0.00%,Nc1nc(N)nc(-c2ccc(C(Nc3ccc(S(=O)(=O)c4ccc(NC(c5ccccc5O)P5(=O)Oc6ccccc6-c6ccccc65)cc4)cc3)P3(=O)Oc4ccccc4-c4ccccc43)c(O)c2)n1,,NC1=CC=C(CC2=CC=C(N)C=C2)C=C1,6.78,0.42086305458998147,0.6661264550831841,0.2178571636136265,0.0,0.0,1.5827629624846644,0.5176438303092916,0.0,0.0,1,1,1,0,0,1,0,0,0,0,0,170.0,3.0,,24.0,,3.0,,,3.0,35.0,,1208.0,,,88.0,,,164.3,,,16.5,,,58.7,,,101.3,,,,,Virtual screening scenario,,,,,,,,,,,,,,,,,,,,,,,,,,,,,,,
FORM_000537,CAND_R2_184,DSD-diaminotriazine,designed,P-N-S,B,True,True,True,True,True,Candidate,,DSD-diaminotriazine,,DDM,DOPO-based (Co-curing),2,1,P-N-S,100.00%,0.00%,Nc1nc(N)nc(-c2ccc(C(Nc3ccc(S(=O)(=O)c4ccc(NC(c5ccccc5O)P5(=O)Oc6ccccc6-c6ccccc65)cc4)cc3)P3(=O)Oc4ccccc4-c4ccccc43)c(O)c2)n1,,NC1=CC=C(CC2=CC=C(N)C=C2)C=C1,10.19,0.6325360658218158,1.0011546574185317,0.3274283919207749,0.0,0.0,1.5827629624846642,0.5176438303092916,0.0,0.0,1,1,1,0,0,1,0,0,0,0,0,170.0,3.0,,24.0,,3.0,,,3.0,35.0,,1208.0,,,88.0,,,164.3,,,16.5,,,58.7,,,101.3,,,,,Virtual screening scenario,,,,,,,,,,,,,,,,,,,,,,,,,,,,,,,
FORM_000538,CAND_R2_185,DSD-piperazine,designed,P-N-S,B,True,True,True,True,True,Candidate,,DSD-piperazine,,DDM,DOPO-based (Co-curing),2,1,P-N-S,100.00%,0.00%,O=P1(C(Nc2ccc(S(=O)(=O)c3ccc(NC(c4ccc(N5CCNCC5)cc4O)P4(=O)Oc5ccccc5-c5ccccc54)cc3)cc2)c2ccccc2O)Oc2ccccc2-c2ccccc21,,NC1=CC=C(CC2=CC=C(N)C=C2)C=C1,4.0,0.2546688222060294,0.23033164542131165,0.13182774458708502,0.0,0.0,0.9044359785626654,0.5176438303092916,0.0,0.0,1,1,1,0,0,1,0,0,0,0,0,170.0,3.0,,24.0,,3.0,,,3.0,35.0,,1208.0,,,88.0,,,164.3,,,16.5,,,58.7,,,101.3,,,,,Virtual screening scenario,,,,,,,,,,,,,,,,,,,,,,,,,,,,,,,
FORM_000539,CAND_R2_185,DSD-piperazine,designed,P-N-S,B,True,True,True,True,True,Candidate,,DSD-piperazine,,DDM,DOPO-based (Co-curing),2,1,P-N-S,100.00%,0.00%,O=P1(C(Nc2ccc(S(=O)(=O)c3ccc(NC(c4ccc(N5CCNCC5)cc4O)P4(=O)Oc5ccccc5-c5ccccc54)cc3)cc2)c2ccccc2O)Oc2ccccc2-c2ccccc21,,NC1=CC=C(CC2=CC=C(N)C=C2)C=C1,6.78,0.43166365363921977,0.39041213898912325,0.2234480270751091,0.0,0.0,0.9044359785626656,0.5176438303092916,0.0,0.0,1,1,1,0,0,1,0,0,0,0,0,170.0,3.0,,24.0,,3.0,,,3.0,35.0,,1208.0,,,88.0,,,164.3,,,16.5,,,58.7,,,101.3,,,,,Virtual screening scenario,,,,,,,,,,,,,,,,,,,,,,,,,,,,,,,
FORM_000540,CAND_R2_185,DSD-piperazine,designed,P-N-S,B,True,True,True,True,True,Candidate,,DSD-piperazine,,DDM,DOPO-based (Co-curing),2,1,P-N-S,100.00%,0.00%,O=P1(C(Nc2ccc(S(=O)(=O)c3ccc(NC(c4ccc(N5CCNCC5)cc4O)P4(=O)Oc5ccccc5-c5ccccc54)cc3)cc2)c2ccccc2O)Oc2ccccc2-c2ccccc21,,NC1=CC=C(CC2=CC=C(N)C=C2)C=C1,10.19,0.6487688245698598,0.5867698667107913,0.33583117933559914,0.0,0.0,0.9044359785626653,0.5176438303092916,0.0,0.0,1,1,1,0,0,1,0,0,0,0,0,170.0,3.0,,24.0,,3.0,,,3.0,35.0,,1208.0,,,88.0,,,164.3,,,16.5,,,58.7,,,101.3,,,,,Virtual screening scenario,,,,,,,,,,,,,,,,,,,,,,,,,,,,,,,
FORM_000541,CAND_R2_186,DSD-benzamide-linker,designed,P-N-S,B,True,True,True,True,True,Candidate,,DSD-benzamide-linker,,DDM,DOPO-based (additive),0,1,P-N-S,100.00%,0.00%,O=C(Nc1ccc(C(Nc2ccc(S(=O)(=O)c3ccc(NC(c4ccccc4O)P4(=O)Oc5ccccc5-c5ccccc54)cc3)cc2)P2(=O)Oc3ccccc3-c3ccccc32)c(O)c1)c1ccccc1,,NC1=CC=C(CC2=CC=C(N)C=C2)C=C1,3.42,0.21018113131176844,0.14257153288002555,0.10879896587096402,0.0,0.0,0.6783269839219992,0.5176438303092917,0.0,0.0,1,1,1,0,0,1,0,0,0,0,0,160.0,3.2,,24.8,,3.2,,,3.0,35.0,,1184.0,,,87.2,,,159.0,,,17.0,,,62.6,,,97.55,,,,,Virtual screening scenario,,,,,,,,,,,,,,,,,,,,,,,,,,,,,,,
FORM_000542,CAND_R2_186,DSD-benzamide-linker,designed,P-N-S,B,True,True,True,True,True,Candidate,,DSD-benzamide-linker,,DDM,DOPO-based (additive),0,1,P-N-S,100.00%,0.00%,O=C(Nc1ccc(C(Nc2ccc(S(=O)(=O)c3ccc(NC(c4ccccc4O)P4(=O)Oc5ccccc5-c5ccccc54)cc3)cc2)P2(=O)Oc3ccccc3-c3ccccc32)c(O)c1)c1ccccc1,,NC1=CC=C(CC2=CC=C(N)C=C2)C=C1,7.0,0.4301952980065436,0.29181307899420433,0.22268794184115442,0.0,0.0,0.6783269839219992,0.5176438303092917,0.0,0.0,1,1,1,0,0,1,0,0,0,0,0,160.0,3.2,,24.8,,3.2,,,3.0,35.0,,1184.0,,,87.2,,,159.0,,,17.0,,,62.6,,,97.55,,,,,Virtual screening scenario,,,,,,,,,,,,,,,,,,,,,,,,,,,,,,,
FORM_000543,CAND_R2_186,DSD-benzamide-linker,designed,P-N-S,B,True,True,True,True,True,Candidate,,DSD-benzamide-linker,,DDM,DOPO-based (additive),0,1,P-N-S,100.00%,0.00%,O=C(Nc1ccc(C(Nc2ccc(S(=O)(=O)c3ccc(NC(c4ccccc4O)P4(=O)Oc5ccccc5-c5ccccc54)cc3)cc2)P2(=O)Oc3ccccc3-c3ccccc32)c(O)c1)c1ccccc1,,NC1=CC=C(CC2=CC=C(N)C=C2)C=C1,10.0,0.6145647114379195,0.41687582713457766,0.3181256312016492,0.0,0.0,0.6783269839219992,0.5176438303092917,0.0,0.0,1,1,1,0,0,1,0,0,0,0,0,160.0,3.2,,24.8,,3.2,,,3.0,35.0,,1184.0,,,87.2,,,159.0,,,17.0,,,62.6,,,97.55,,,,,Virtual screening scenario,,,,,,,,,,,,,,,,,,,,,,,,,,,,,,,
FORM_000544,CAND_R2_187,DSD-phenyl,designed,P-N-S,B,True,True,True,True,True,Candidate,,DSD-phenyl,,DDM,DOPO-based (additive),0,1,P-N-S,100.00%,0.00%,O=P1(C(Nc2ccc(S(=O)(=O)c3ccc(NC(c4ccc(-c5ccccc5)cc4O)P4(=O)Oc5ccccc5-c5ccccc54)cc3)cc2)c2ccccc2O)Oc2ccccc2-c2ccccc21,,NC1=CC=C(CC2=CC=C(N)C=C2)C=C1,3.42,0.2195524227102727,0.09928555513988473,0.11364995704543027,0.0,0.0,0.4522179892813327,0.5176438303092916,0.0,0.0,1,1,1,0,0,1,0,0,0,0,0,160.0,3.2,,24.8,,3.2,,,3.0,35.0,,1184.0,,,87.2,,,159.0,,,17.0,,,62.6,,,97.55,,,,,Virtual screening scenario,,,,,,,,,,,,,,,,,,,,,,,,,,,,,,,
FORM_000545,CAND_R2_187,DSD-phenyl,designed,P-N-S,B,True,True,True,True,True,Candidate,,DSD-phenyl,,DDM,DOPO-based (additive),0,1,P-N-S,100.00%,0.00%,O=P1(C(Nc2ccc(S(=O)(=O)c3ccc(NC(c4ccc(-c5ccccc5)cc4O)P4(=O)Oc5ccccc5-c5ccccc54)cc3)cc2)c2ccccc2O)Oc2ccccc2-c2ccccc21,,NC1=CC=C(CC2=CC=C(N)C=C2)C=C1,7.0,0.44937630379295584,0.20321604853192782,0.23261687114561752,0.0,0.0,0.4522179892813327,0.5176438303092916,0.0,0.0,1,1,1,0,0,1,0,0,0,0,0,160.0,3.2,,24.8,,3.2,,,3.0,35.0,,1184.0,,,87.2,,,159.0,,,17.0,,,62.6,,,97.55,,,,,Virtual screening scenario,,,,,,,,,,,,,,,,,,,,,,,,,,,,,,,
FORM_000546,CAND_R2_187,DSD-phenyl,designed,P-N-S,B,True,True,True,True,True,Candidate,,DSD-phenyl,,DDM,DOPO-based (additive),0,1,P-N-S,100.00%,0.00%,O=P1(C(Nc2ccc(S(=O)(=O)c3ccc(NC(c4ccc(-c5ccccc5)cc4O)P4(=O)Oc5ccccc5-c5ccccc54)cc3)cc2)c2ccccc2O)Oc2ccccc2-c2ccccc21,,NC1=CC=C(CC2=CC=C(N)C=C2)C=C1,10.0,0.6419661482756511,0.29030864075989693,0.33230981592231074,0.0,0.0,0.45221798928133283,0.5176438303092917,0.0,0.0,1,1,1,0,0,1,0,0,0,0,0,160.0,3.2,,24.8,,3.2,,,3.0,35.0,,1184.0,,,87.2,,,159.0,,,17.0,,,62.6,,,97.55,,,,,Virtual screening scenario,,,,,,,,,,,,,,,,,,,,,,,,,,,,,,,
FORM_000547,CAND_R2_188,DSD-biphenyl,designed,P-N-S,B,True,True,True,True,True,Candidate,,DSD-biphenyl,,DDM,DOPO-based (additive),0,1,P-N-S,100.00%,0.00%,O=P1(C(Nc2ccc(S(=O)(=O)c3ccc(NC(c4ccc(-c5ccc(-c6ccccc6)cc5)cc4O)P4(=O)Oc5ccccc5-c5ccccc54)cc3)cc2)c2ccccc2O)Oc2ccccc2-c2ccccc21,,NC1=CC=C(CC2=CC=C(N)C=C2)C=C1,3.42,0.2035040453532948,0.09202819020028413,0.10534261352011531,0.0,0.0,0.4522179892813328,0.5176438303092916,0.0,0.0,1,1,1,0,0,1,0,0,0,0,0,160.0,3.2,,24.8,,3.2,,,3.0,35.0,,1184.0,,,87.2,,,159.0,,,17.0,,,62.6,,,97.55,,,,,Virtual screening scenario,,,,,,,,,,,,,,,,,,,,,,,,,,,,,,,
FORM_000548,CAND_R2_188,DSD-biphenyl,designed,P-N-S,B,True,True,True,True,True,Candidate,,DSD-biphenyl,,DDM,DOPO-based (additive),0,1,P-N-S,100.00%,0.00%,O=P1(C(Nc2ccc(S(=O)(=O)c3ccc(NC(c4ccc(-c5ccc(-c6ccccc6)cc5)cc4O)P4(=O)Oc5ccccc5-c5ccccc54)cc3)cc2)c2ccccc2O)Oc2ccccc2-c2ccccc21,,NC1=CC=C(CC2=CC=C(N)C=C2)C=C1,7.0,0.41652874779914145,0.18836179280759907,0.21561353644468048,0.0,0.0,0.45221798928133267,0.5176438303092916,0.0,0.0,1,1,1,0,0,1,0,0,0,0,0,160.0,3.2,,24.8,,3.2,,,3.0,35.0,,1184.0,,,87.2,,,159.0,,,17.0,,,62.6,,,97.55,,,,,Virtual screening scenario,,,,,,,,,,,,,,,,,,,,,,,,,,,,,,,
FORM_000549,CAND_R2_188,DSD-biphenyl,designed,P-N-S,B,True,True,True,True,True,Candidate,,DSD-biphenyl,,DDM,DOPO-based (additive),0,1,P-N-S,100.00%,0.00%,O=P1(C(Nc2ccc(S(=O)(=O)c3ccc(NC(c4ccc(-c5ccc(-c6ccccc6)cc5)cc4O)P4(=O)Oc5ccccc5-c5ccccc54)cc3)cc2)c2ccccc2O)Oc2ccccc2-c2ccccc21,,NC1=CC=C(CC2=CC=C(N)C=C2)C=C1,10.0,0.5950410682844877,0.26908827543942726,0.30801933777811497,0.0,0.0,0.4522179892813328,0.5176438303092916,0.0,0.0,1,1,1,0,0,1,0,0,0,0,0,160.0,3.2,,24.8,,3.2,,,3.0,35.0,,1184.0,,,87.2,,,159.0,,,17.0,,,62.6,,,97.55,,,,,Virtual screening scenario,,,,,,,,,,,,,,,,,,,,,,,,,,,,,,,
FORM_000550,CAND_R2_189,DSD-OH-glycidyl-all,designed,P-N-S,B,True,True,True,True,True,Candidate,,DSD-OH-glycidyl-all,,DDM,DOPO-based (Co-curing),2,1,P-N-S,100.00%,0.00%,O=P1(C(Nc2ccc(S(=O)(=O)c3ccc(NC(c4ccccc4OCC4CO4)P4(=O)Oc5ccccc5-c5ccccc54)cc3)cc2)c2ccccc2OCC2CO2)Oc2ccccc2-c2ccccc21,,NC1=CC=C(CC2=CC=C(N)C=C2)C=C1,4.0,0.2475437136552038,0.11194372044839028,0.1281394761054662,0.0,0.0,0.45221798928133283,0.5176438303092916,0.0,0.0,1,1,1,0,0,1,0,0,0,0,0,170.0,3.0,,24.0,,3.0,,,3.0,35.0,,1208.0,,,88.0,,,164.3,,,16.5,,,58.7,,,101.3,,,,,Virtual screening scenario,,,,,,,,,,,,,,,,,,,,,,,,,,,,,,,
FORM_000551,CAND_R2_189,DSD-OH-glycidyl-all,designed,P-N-S,B,True,True,True,True,True,Candidate,,DSD-OH-glycidyl-all,,DDM,DOPO-based (Co-curing),2,1,P-N-S,100.00%,0.00%,O=P1(C(Nc2ccc(S(=O)(=O)c3ccc(NC(c4ccccc4OCC4CO4)P4(=O)Oc5ccccc5-c5ccccc54)cc3)cc2)c2ccccc2OCC2CO2)Oc2ccccc2-c2ccccc21,,NC1=CC=C(CC2=CC=C(N)C=C2)C=C1,6.78,0.41958659464557047,0.18974460616002153,0.21719641199876524,0.0,0.0,0.45221798928133283,0.5176438303092917,0.0,0.0,1,1,1,0,0,1,0,0,0,0,0,170.0,3.0,,24.0,,3.0,,,3.0,35.0,,1208.0,,,88.0,,,164.3,,,16.5,,,58.7,,,101.3,,,,,Virtual screening scenario,,,,,,,,,,,,,,,,,,,,,,,,,,,,,,,
FORM_000552,CAND_R2_189,DSD-OH-glycidyl-all,designed,P-N-S,B,True,True,True,True,True,Candidate,,DSD-OH-glycidyl-all,,DDM,DOPO-based (Co-curing),2,1,P-N-S,100.00%,0.00%,O=P1(C(Nc2ccc(S(=O)(=O)c3ccc(NC(c4ccccc4OCC4CO4)P4(=O)Oc5ccccc5-c5ccccc54)cc3)cc2)c2ccccc2OCC2CO2)Oc2ccccc2-c2ccccc21,,NC1=CC=C(CC2=CC=C(N)C=C2)C=C1,10.19,0.6306176105366317,0.2851766278422742,0.3264353153786751,0.0,0.0,0.45221798928133283,0.5176438303092916,0.0,0.0,1,1,1,0,0,1,0,0,0,0,0,170.0,3.0,,24.0,,3.0,,,3.0,35.0,,1208.0,,,88.0,,,164.3,,,16.5,,,58.7,,,101.3,,,,,Virtual screening scenario,,,,,,,,,,,,,,,,,,,,,,,,,,,,,,,
FORM_000553,CAND_R2_190,DSD-OH-methyl,designed,P-N-S,B,True,True,True,True,True,Candidate,,DSD-OH-methyl,,DDM,DOPO-based (additive),0,1,P-N-S,100.00%,0.00%,COc1ccccc1C(Nc1ccc(S(=O)(=O)c2ccc(NC(c3ccccc3O)P3(=O)Oc4ccccc4-c4ccccc43)cc2)cc1)P1(=O)Oc2ccccc2-c2ccccc21,,NC1=CC=C(CC2=CC=C(N)C=C2)C=C1,3.42,0.23464579766131868,0.10611105081171597,0.12146294946738402,0.0,0.0,0.45221798928133267,0.5176438303092916,0.0,0.0,1,1,1,0,0,1,0,0,0,0,0,160.0,3.2,,24.8,,3.2,,,3.0,35.0,,1184.0,,,87.2,,,159.0,,,17.0,,,62.6,,,97.55,,,,,Virtual screening scenario,,,,,,,,,,,,,,,,,,,,,,,,,,,,,,,
FORM_000554,CAND_R2_190,DSD-OH-methyl,designed,P-N-S,B,True,True,True,True,True,Candidate,,DSD-OH-methyl,,DDM,DOPO-based (additive),0,1,P-N-S,100.00%,0.00%,COc1ccccc1C(Nc1ccc(S(=O)(=O)c2ccc(NC(c3ccccc3O)P3(=O)Oc4ccccc4-c4ccccc43)cc2)cc1)P1(=O)Oc2ccccc2-c2ccccc21,,NC1=CC=C(CC2=CC=C(N)C=C2)C=C1,7.0,0.4802691764997751,0.2171863613105298,0.24860837610283285,0.0,0.0,0.4522179892813327,0.5176438303092917,0.0,0.0,1,1,1,0,0,1,0,0,0,0,0,160.0,3.2,,24.8,,3.2,,,3.0,35.0,,1184.0,,,87.2,,,159.0,,,17.0,,,62.6,,,97.55,,,,,Virtual screening scenario,,,,,,,,,,,,,,,,,,,,,,,,,,,,,,,
FORM_000555,CAND_R2_190,DSD-OH-methyl,designed,P-N-S,B,True,True,True,True,True,Candidate,,DSD-OH-methyl,,DDM,DOPO-based (additive),0,1,P-N-S,100.00%,0.00%,COc1ccccc1C(Nc1ccc(S(=O)(=O)c2ccc(NC(c3ccccc3O)P3(=O)Oc4ccccc4-c4ccccc43)cc2)cc1)P1(=O)Oc2ccccc2-c2ccccc21,,NC1=CC=C(CC2=CC=C(N)C=C2)C=C1,10.0,0.6860988235711073,0.310266230443614,0.3551548230040468,0.0,0.0,0.4522179892813328,0.5176438303092915,0.0,0.0,1,1,1,0,0,1,0,0,0,0,0,160.0,3.2,,24.8,,3.2,,,3.0,35.0,,1184.0,,,87.2,,,159.0,,,17.0,,,62.6,,,97.55,,,,,Virtual screening scenario,,,,,,,,,,,,,,,,,,,,,,,,,,,,,,,
FORM_000556,CAND_R2_191,DSD-OH-methyl-all,designed,P-N-S,B,True,True,True,True,True,Candidate,,DSD-OH-methyl-all,,DDM,DOPO-based (additive),0,1,P-N-S,100.00%,0.00%,COc1ccccc1C(Nc1ccc(S(=O)(=O)c2ccc(NC(c3ccccc3OC)P3(=O)Oc4ccccc4-c4ccccc43)cc2)cc1)P1(=O)Oc2ccccc2-c2ccccc21,,NC1=CC=C(CC2=CC=C(N)C=C2)C=C1,3.42,0.23105623227098276,0.10448778476850443,0.1196048330895849,0.0,0.0,0.45221798928133283,0.5176438303092917,0.0,0.0,1,1,1,0,0,1,0,0,0,0,0,160.0,3.2,,24.8,,3.2,,,3.0,35.0,,1184.0,,,87.2,,,159.0,,,17.0,,,62.6,,,97.55,,,,,Virtual screening scenario,,,,,,,,,,,,,,,,,,,,,,,,,,,,,,,
FORM_000557,CAND_R2_191,DSD-OH-methyl-all,designed,P-N-S,B,True,True,True,True,True,Candidate,,DSD-OH-methyl-all,,DDM,DOPO-based (additive),0,1,P-N-S,100.00%,0.00%,COc1ccccc1C(Nc1ccc(S(=O)(=O)c2ccc(NC(c3ccccc3OC)P3(=O)Oc4ccccc4-c4ccccc43)cc2)cc1)P1(=O)Oc2ccccc2-c2ccccc21,,NC1=CC=C(CC2=CC=C(N)C=C2)C=C1,7.0,0.47292211283534485,0.21386388695307923,0.24480521392605098,0.0,0.0,0.4522179892813328,0.5176438303092917,0.0,0.0,1,1,1,0,0,1,0,0,0,0,0,160.0,3.2,,24.8,,3.2,,,3.0,35.0,,1184.0,,,87.2,,,159.0,,,17.0,,,62.6,,,97.55,,,,,Virtual screening scenario,,,,,,,,,,,,,,,,,,,,,,,,,,,,,,,
FORM_000558,CAND_R2_191,DSD-OH-methyl-all,designed,P-N-S,B,True,True,True,True,True,Candidate,,DSD-OH-methyl-all,,DDM,DOPO-based (additive),0,1,P-N-S,100.00%,0.00%,COc1ccccc1C(Nc1ccc(S(=O)(=O)c2ccc(NC(c3ccccc3OC)P3(=O)Oc4ccccc4-c4ccccc43)cc2)cc1)P1(=O)Oc2ccccc2-c2ccccc21,,NC1=CC=C(CC2=CC=C(N)C=C2)C=C1,10.0,0.675603018336207,0.3055198385043989,0.3497217341800728,0.0,0.0,0.4522179892813328,0.5176438303092917,0.0,0.0,1,1,1,0,0,1,0,0,0,0,0,160.0,3.2,,24.8,,3.2,,,3.0,35.0,,1184.0,,,87.2,,,159.0,,,17.0,,,62.6,,,97.55,,,,,Virtual screening scenario,,,,,,,,,,,,,,,,,,,,,,,,,,,,,,,
FORM_000559,CAND_R2_192,DSD-OH-acetyl,designed,P-N-S,B,True,True,True,True,True,Candidate,,DSD-OH-acetyl,,DDM,DOPO-based (additive),0,1,P-N-S,100.00%,0.00%,CC(=O)Oc1ccccc1C(Nc1ccc(S(=O)(=O)c2ccc(NC(c3ccccc3O)P3(=O)Oc4ccccc4-c4ccccc43)cc2)cc1)P1(=O)Oc2ccccc2-c2ccccc21,,NC1=CC=C(CC2=CC=C(N)C=C2)C=C1,3.42,0.2275855934825203,0.10291829947406413,0.11780827833350518,0.0,0.0,0.4522179892813328,0.5176438303092917,0.0,0.0,1,1,1,0,0,1,0,0,0,0,0,160.0,3.2,,24.8,,3.2,,,3.0,35.0,,1184.0,,,87.2,,,159.0,,,17.0,,,62.6,,,97.55,,,,,Virtual screening scenario,,,,,,,,,,,,,,,,,,,,,,,,,,,,,,,
FORM_000560,CAND_R2_192,DSD-OH-acetyl,designed,P-N-S,B,True,True,True,True,True,Candidate,,DSD-OH-acetyl,,DDM,DOPO-based (additive),0,1,P-N-S,100.00%,0.00%,CC(=O)Oc1ccccc1C(Nc1ccc(S(=O)(=O)c2ccc(NC(c3ccccc3O)P3(=O)Oc4ccccc4-c4ccccc43)cc2)cc1)P1(=O)Oc2ccccc2-c2ccccc21,,NC1=CC=C(CC2=CC=C(N)C=C2)C=C1,7.0,0.4658184661922931,0.21065149015159323,0.24112805506857785,0.0,0.0,0.45221798928133267,0.5176438303092916,0.0,0.0,1,1,1,0,0,1,0,0,0,0,0,160.0,3.2,,24.8,,3.2,,,3.0,35.0,,1184.0,,,87.2,,,159.0,,,17.0,,,62.6,,,97.55,,,,,Virtual screening scenario,,,,,,,,,,,,,,,,,,,,,,,,,,,,,,,
FORM_000561,CAND_R2_192,DSD-OH-acetyl,designed,P-N-S,B,True,True,True,True,True,Candidate,,DSD-OH-acetyl,,DDM,DOPO-based (additive),0,1,P-N-S,100.00%,0.00%,CC(=O)Oc1ccccc1C(Nc1ccc(S(=O)(=O)c2ccc(NC(c3ccccc3O)P3(=O)Oc4ccccc4-c4ccccc43)cc2)cc1)P1(=O)Oc2ccccc2-c2ccccc21,,NC1=CC=C(CC2=CC=C(N)C=C2)C=C1,10.0,0.6654549517032758,0.30093070021656176,0.3444686500979684,0.0,0.0,0.4522179892813327,0.5176438303092916,0.0,0.0,1,1,1,0,0,1,0,0,0,0,0,160.0,3.2,,24.8,,3.2,,,3.0,35.0,,1184.0,,,87.2,,,159.0,,,17.0,,,62.6,,,97.55,,,,,Virtual screening scenario,,,,,,,,,,,,,,,,,,,,,,,,,,,,,,,
FORM_000562,CAND_R2_193,DSD-OH-acetyl-all,designed,P-N-S,B,True,True,True,True,True,Candidate,,DSD-OH-acetyl-all,,DDM,DOPO-based (additive),0,1,P-N-S,100.00%,0.00%,CC(=O)Oc1ccccc1C(Nc1ccc(S(=O)(=O)c2ccc(NC(c3ccccc3OC(C)=O)P3(=O)Oc4ccccc4-c4ccccc43)cc2)cc1)P1(=O)Oc2ccccc2-c2ccccc21,,NC1=CC=C(CC2=CC=C(N)C=C2)C=C1,3.42,0.2177525851817515,0.0984716362317038,0.11271828225323216,0.0,0.0,0.4522179892813327,0.5176438303092917,0.0,0.0,1,1,1,0,0,1,0,0,0,0,0,160.0,3.2,,24.8,,3.2,,,3.0,35.0,,1184.0,,,87.2,,,159.0,,,17.0,,,62.6,,,97.55,,,,,Virtual screening scenario,,,,,,,,,,,,,,,,,,,,,,,,,,,,,,,
FORM_000563,CAND_R2_193,DSD-OH-acetyl-all,designed,P-N-S,B,True,True,True,True,True,Candidate,,DSD-OH-acetyl-all,,DDM,DOPO-based (additive),0,1,P-N-S,100.00%,0.00%,CC(=O)Oc1ccccc1C(Nc1ccc(S(=O)(=O)c2ccc(NC(c3ccccc3OC(C)=O)P3(=O)Oc4ccccc4-c4ccccc43)cc2)cc1)P1(=O)Oc2ccccc2-c2ccccc21,,NC1=CC=C(CC2=CC=C(N)C=C2)C=C1,7.0,0.44569242581060253,0.2015501326379902,0.23070993443644006,0.0,0.0,0.45221798928133267,0.5176438303092915,0.0,0.0,1,1,1,0,0,1,0,0,0,0,0,160.0,3.2,,24.8,,3.2,,,3.0,35.0,,1184.0,,,87.2,,,159.0,,,17.0,,,62.6,,,97.55,,,,,Virtual screening scenario,,,,,,,,,,,,,,,,,,,,,,,,,,,,,,,
FORM_000564,CAND_R2_193,DSD-OH-acetyl-all,designed,P-N-S,B,True,True,True,True,True,Candidate,,DSD-OH-acetyl-all,,DDM,DOPO-based (additive),0,1,P-N-S,100.00%,0.00%,CC(=O)Oc1ccccc1C(Nc1ccc(S(=O)(=O)c2ccc(NC(c3ccccc3OC(C)=O)P3(=O)Oc4ccccc4-c4ccccc43)cc2)cc1)P1(=O)Oc2ccccc2-c2ccccc21,,NC1=CC=C(CC2=CC=C(N)C=C2)C=C1,10.0,0.6367034654437178,0.28792876091141456,0.32958562062348584,0.0,0.0,0.45221798928133267,0.5176438303092917,0.0,0.0,1,1,1,0,0,1,0,0,0,0,0,160.0,3.2,,24.8,,3.2,,,3.0,35.0,,1184.0,,,87.2,,,159.0,,,17.0,,,62.6,,,97.55,,,,,Virtual screening scenario,,,,,,,,,,,,,,,,,,,,,,,,,,,,,,,
FORM_000565,CAND_R2_194,DSD-OH-allyl,designed,P-N-S,B,True,True,True,True,True,Candidate,,DSD-OH-allyl,,DDM,DOPO-based (additive),0,1,P-N-S,100.00%,0.00%,C=CCOc1ccccc1C(Nc1ccc(S(=O)(=O)c2ccc(NC(c3ccccc3O)P3(=O)Oc4ccccc4-c4ccccc43)cc2)cc1)P1(=O)Oc2ccccc2-c2ccccc21,,NC1=CC=C(CC2=CC=C(N)C=C2)C=C1,3.42,0.2280687234912911,0.1031367795551919,0.11805836760178265,0.0,0.0,0.45221798928133267,0.5176438303092916,0.0,0.0,1,1,1,0,0,1,0,0,0,0,0,160.0,3.2,,24.8,,3.2,,,3.0,35.0,,1184.0,,,87.2,,,159.0,,,17.0,,,62.6,,,97.55,,,,,Virtual screening scenario,,,,,,,,,,,,,,,,,,,,,,,,,,,,,,,
FORM_000566,CAND_R2_194,DSD-OH-allyl,designed,P-N-S,B,True,True,True,True,True,Candidate,,DSD-OH-allyl,,DDM,DOPO-based (additive),0,1,P-N-S,100.00%,0.00%,C=CCOc1ccccc1C(Nc1ccc(S(=O)(=O)c2ccc(NC(c3ccccc3O)P3(=O)Oc4ccccc4-c4ccccc43)cc2)cc1)P1(=O)Oc2ccccc2-c2ccccc21,,NC1=CC=C(CC2=CC=C(N)C=C2)C=C1,7.0,0.4668073287833444,0.211098671604194,0.24163993368785922,0.0,0.0,0.45221798928133267,0.5176438303092916,0.0,0.0,1,1,1,0,0,1,0,0,0,0,0,160.0,3.2,,24.8,,3.2,,,3.0,35.0,,1184.0,,,87.2,,,159.0,,,17.0,,,62.6,,,97.55,,,,,Virtual screening scenario,,,,,,,,,,,,,,,,,,,,,,,,,,,,,,,
FORM_000567,CAND_R2_194,DSD-OH-allyl,designed,P-N-S,B,True,True,True,True,True,Candidate,,DSD-OH-allyl,,DDM,DOPO-based (additive),0,1,P-N-S,100.00%,0.00%,C=CCOc1ccccc1C(Nc1ccc(S(=O)(=O)c2ccc(NC(c3ccccc3O)P3(=O)Oc4ccccc4-c4ccccc43)cc2)cc1)P1(=O)Oc2ccccc2-c2ccccc21,,NC1=CC=C(CC2=CC=C(N)C=C2)C=C1,10.0,0.6668676125476348,0.3015695308631343,0.3451999052683703,0.0,0.0,0.4522179892813328,0.5176438303092916,0.0,0.0,1,1,1,0,0,1,0,0,0,0,0,160.0,3.2,,24.8,,3.2,,,3.0,35.0,,1184.0,,,87.2,,,159.0,,,17.0,,,62.6,,,97.55,,,,,Virtual screening scenario,,,,,,,,,,,,,,,,,,,,,,,,,,,,,,,
FORM_000568,CAND_R2_195,DSD-OH-allyl-all,designed,P-N-S,B,True,True,True,True,True,Candidate,,DSD-OH-allyl-all,,DDM,DOPO-based (additive),0,1,P-N-S,100.00%,0.00%,C=CCOc1ccccc1C(Nc1ccc(S(=O)(=O)c2ccc(NC(c3ccccc3OCC=C)P3(=O)Oc4ccccc4-c4ccccc43)cc2)cc1)P1(=O)Oc2ccccc2-c2ccccc21,,NC1=CC=C(CC2=CC=C(N)C=C2)C=C1,3.42,0.21863887183244665,0.09887243099880803,0.11317706306984997,0.0,0.0,0.4522179892813327,0.5176438303092916,0.0,0.0,1,1,1,0,0,1,0,0,0,0,0,160.0,3.2,,24.8,,3.2,,,3.0,35.0,,1184.0,,,87.2,,,159.0,,,17.0,,,62.6,,,97.55,,,,,Virtual screening scenario,,,,,,,,,,,,,,,,,,,,,,,,,,,,,,,
FORM_000569,CAND_R2_195,DSD-OH-allyl-all,designed,P-N-S,B,True,True,True,True,True,Candidate,,DSD-OH-allyl-all,,DDM,DOPO-based (additive),0,1,P-N-S,100.00%,0.00%,C=CCOc1ccccc1C(Nc1ccc(S(=O)(=O)c2ccc(NC(c3ccccc3OCC=C)P3(=O)Oc4ccccc4-c4ccccc43)cc2)cc1)P1(=O)Oc2ccccc2-c2ccccc21,,NC1=CC=C(CC2=CC=C(N)C=C2)C=C1,7.0,0.4475064628149492,0.20237047280457787,0.2316489594996929,0.0,0.0,0.45221798928133283,0.5176438303092916,0.0,0.0,1,1,1,0,0,1,0,0,0,0,0,160.0,3.2,,24.8,,3.2,,,3.0,35.0,,1184.0,,,87.2,,,159.0,,,17.0,,,62.6,,,97.55,,,,,Virtual screening scenario,,,,,,,,,,,,,,,,,,,,,,,,,,,,,,,
FORM_000570,CAND_R2_195,DSD-OH-allyl-all,designed,P-N-S,B,True,True,True,True,True,Candidate,,DSD-OH-allyl-all,,DDM,DOPO-based (additive),0,1,P-N-S,100.00%,0.00%,C=CCOc1ccccc1C(Nc1ccc(S(=O)(=O)c2ccc(NC(c3ccccc3OCC=C)P3(=O)Oc4ccccc4-c4ccccc43)cc2)cc1)P1(=O)Oc2ccccc2-c2ccccc21,,NC1=CC=C(CC2=CC=C(N)C=C2)C=C1,10.0,0.639294946878499,0.2891006754351112,0.3309270849995613,0.0,0.0,0.45221798928133267,0.5176438303092916,0.0,0.0,1,1,1,0,0,1,0,0,0,0,0,160.0,3.2,,24.8,,3.2,,,3.0,35.0,,1184.0,,,87.2,,,159.0,,,17.0,,,62.6,,,97.55,,,,,Virtual screening scenario,,,,,,,,,,,,,,,,,,,,,,,,,,,,,,,
FORM_000571,CAND_R2_196,DSD-NH-methyl,designed,P-N-S,B,True,True,True,True,True,Candidate,,DSD-NH-methyl,,DDM,DOPO-based (additive),0,1,P-N-S,100.00%,0.00%,CN(c1ccc(S(=O)(=O)c2ccc(NC(c3ccccc3O)P3(=O)Oc4ccccc4-c4ccccc43)cc2)cc1)C(c1ccccc1O)P1(=O)Oc2ccccc2-c2ccccc21,,NC1=CC=C(CC2=CC=C(N)C=C2)C=C1,3.42,0.23464579766131866,0.10611105081171596,0.12146294946738402,0.0,0.0,0.45221798928133267,0.5176438303092916,0.0,0.0,1,1,1,0,0,1,0,0,0,0,0,160.0,3.2,,24.8,,3.2,,,3.0,35.0,,1184.0,,,87.2,,,159.0,,,17.0,,,62.6,,,97.55,,,,,Virtual screening scenario,,,,,,,,,,,,,,,,,,,,,,,,,,,,,,,
FORM_000572,CAND_R2_196,DSD-NH-methyl,designed,P-N-S,B,True,True,True,True,True,Candidate,,DSD-NH-methyl,,DDM,DOPO-based (additive),0,1,P-N-S,100.00%,0.00%,CN(c1ccc(S(=O)(=O)c2ccc(NC(c3ccccc3O)P3(=O)Oc4ccccc4-c4ccccc43)cc2)cc1)C(c1ccccc1O)P1(=O)Oc2ccccc2-c2ccccc21,,NC1=CC=C(CC2=CC=C(N)C=C2)C=C1,7.0,0.4802691764997751,0.21718636131052974,0.2486083761028328,0.0,0.0,0.4522179892813326,0.5176438303092916,0.0,0.0,1,1,1,0,0,1,0,0,0,0,0,160.0,3.2,,24.8,,3.2,,,3.0,35.0,,1184.0,,,87.2,,,159.0,,,17.0,,,62.6,,,97.55,,,,,Virtual screening scenario,,,,,,,,,,,,,,,,,,,,,,,,,,,,,,,
FORM_000573,CAND_R2_196,DSD-NH-methyl,designed,P-N-S,B,True,True,True,True,True,Candidate,,DSD-NH-methyl,,DDM,DOPO-based (additive),0,1,P-N-S,100.00%,0.00%,CN(c1ccc(S(=O)(=O)c2ccc(NC(c3ccccc3O)P3(=O)Oc4ccccc4-c4ccccc43)cc2)cc1)C(c1ccccc1O)P1(=O)Oc2ccccc2-c2ccccc21,,NC1=CC=C(CC2=CC=C(N)C=C2)C=C1,10.0,0.6860988235711072,0.31026623044361396,0.3551548230040468,0.0,0.0,0.4522179892813327,0.5176438303092916,0.0,0.0,1,1,1,0,0,1,0,0,0,0,0,160.0,3.2,,24.8,,3.2,,,3.0,35.0,,1184.0,,,87.2,,,159.0,,,17.0,,,62.6,,,97.55,,,,,Virtual screening scenario,,,,,,,,,,,,,,,,,,,,,,,,,,,,,,,
FORM_000574,CAND_R2_197,DSD-NH-methyl-all,designed,P-N-S,B,True,True,True,True,True,Candidate,,DSD-NH-methyl-all,,DDM,DOPO-based (additive),0,1,P-N-S,100.00%,0.00%,CN(c1ccc(S(=O)(=O)c2ccc(N(C)C(c3ccccc3O)P3(=O)Oc4ccccc4-c4ccccc43)cc2)cc1)C(c1ccccc1O)P1(=O)Oc2ccccc2-c2ccccc21,,NC1=CC=C(CC2=CC=C(N)C=C2)C=C1,3.42,0.23105623227098276,0.10448778476850443,0.1196048330895849,0.0,0.0,0.45221798928133283,0.5176438303092917,0.0,0.0,1,1,1,0,0,1,0,0,0,0,0,160.0,3.2,,24.8,,3.2,,,3.0,35.0,,1184.0,,,87.2,,,159.0,,,17.0,,,62.6,,,97.55,,,,,Virtual screening scenario,,,,,,,,,,,,,,,,,,,,,,,,,,,,,,,
FORM_000575,CAND_R2_197,DSD-NH-methyl-all,designed,P-N-S,B,True,True,True,True,True,Candidate,,DSD-NH-methyl-all,,DDM,DOPO-based (additive),0,1,P-N-S,100.00%,0.00%,CN(c1ccc(S(=O)(=O)c2ccc(N(C)C(c3ccccc3O)P3(=O)Oc4ccccc4-c4ccccc43)cc2)cc1)C(c1ccccc1O)P1(=O)Oc2ccccc2-c2ccccc21,,NC1=CC=C(CC2=CC=C(N)C=C2)C=C1,7.0,0.47292211283534485,0.21386388695307923,0.24480521392605098,0.0,0.0,0.4522179892813328,0.5176438303092917,0.0,0.0,1,1,1,0,0,1,0,0,0,0,0,160.0,3.2,,24.8,,3.2,,,3.0,35.0,,1184.0,,,87.2,,,159.0,,,17.0,,,62.6,,,97.55,,,,,Virtual screening scenario,,,,,,,,,,,,,,,,,,,,,,,,,,,,,,,
FORM_000576,CAND_R2_197,DSD-NH-methyl-all,designed,P-N-S,B,True,True,True,True,True,Candidate,,DSD-NH-methyl-all,,DDM,DOPO-based (additive),0,1,P-N-S,100.00%,0.00%,CN(c1ccc(S(=O)(=O)c2ccc(N(C)C(c3ccccc3O)P3(=O)Oc4ccccc4-c4ccccc43)cc2)cc1)C(c1ccccc1O)P1(=O)Oc2ccccc2-c2ccccc21,,NC1=CC=C(CC2=CC=C(N)C=C2)C=C1,10.0,0.675603018336207,0.3055198385043989,0.3497217341800728,0.0,0.0,0.4522179892813328,0.5176438303092917,0.0,0.0,1,1,1,0,0,1,0,0,0,0,0,160.0,3.2,,24.8,,3.2,,,3.0,35.0,,1184.0,,,87.2,,,159.0,,,17.0,,,62.6,,,97.55,,,,,Virtual screening scenario,,,,,,,,,,,,,,,,,,,,,,,,,,,,,,,
FORM_000577,CAND_R2_198,DSD-NH-hydroxyethyl,designed,P-N-S,B,True,True,True,True,True,Candidate,,DSD-NH-hydroxyethyl,,DDM,DOPO-based (additive),0,1,P-N-S,100.00%,0.00%,O=P1(C(Nc2ccc(S(=O)(=O)c3ccc(N(CCO)C(c4ccccc4O)P4(=O)Oc5ccccc5-c5ccccc54)cc3)cc2)c2ccccc2O)Oc2ccccc2-c2ccccc21,,NC1=CC=C(CC2=CC=C(N)C=C2)C=C1,3.42,0.22709379501955135,0.10269589936200864,0.11755370189339369,0.0,0.0,0.4522179892813327,0.5176438303092916,0.0,0.0,1,1,1,0,0,1,0,0,0,0,0,160.0,3.2,,24.8,,3.2,,,3.0,35.0,,1184.0,,,87.2,,,159.0,,,17.0,,,62.6,,,97.55,,,,,Virtual screening scenario,,,,,,,,,,,,,,,,,,,,,,,,,,,,,,,
FORM_000578,CAND_R2_198,DSD-NH-hydroxyethyl,designed,P-N-S,B,True,True,True,True,True,Candidate,,DSD-NH-hydroxyethyl,,DDM,DOPO-based (additive),0,1,P-N-S,100.00%,0.00%,O=P1(C(Nc2ccc(S(=O)(=O)c3ccc(N(CCO)C(c4ccccc4O)P4(=O)Oc5ccccc5-c5ccccc54)cc3)cc2)c2ccccc2O)Oc2ccccc2-c2ccccc21,,NC1=CC=C(CC2=CC=C(N)C=C2)C=C1,7.0,0.4648118611511285,0.21019628524387735,0.24060699217946077,0.0,0.0,0.4522179892813327,0.5176438303092916,0.0,0.0,1,1,1,0,0,1,0,0,0,0,0,160.0,3.2,,24.8,,3.2,,,3.0,35.0,,1184.0,,,87.2,,,159.0,,,17.0,,,62.6,,,97.55,,,,,Virtual screening scenario,,,,,,,,,,,,,,,,,,,,,,,,,,,,,,,
FORM_000579,CAND_R2_198,DSD-NH-hydroxyethyl,designed,P-N-S,B,True,True,True,True,True,Candidate,,DSD-NH-hydroxyethyl,,DDM,DOPO-based (additive),0,1,P-N-S,100.00%,0.00%,O=P1(C(Nc2ccc(S(=O)(=O)c3ccc(N(CCO)C(c4ccccc4O)P4(=O)Oc5ccccc5-c5ccccc54)cc3)cc2)c2ccccc2O)Oc2ccccc2-c2ccccc21,,NC1=CC=C(CC2=CC=C(N)C=C2)C=C1,10.0,0.6640169445016122,0.3002804074912533,0.3437242745420868,0.0,0.0,0.4522179892813326,0.5176438303092915,0.0,0.0,1,1,1,0,0,1,0,0,0,0,0,160.0,3.2,,24.8,,3.2,,,3.0,35.0,,1184.0,,,87.2,,,159.0,,,17.0,,,62.6,,,97.55,,,,,Virtual screening scenario,,,,,,,,,,,,,,,,,,,,,,,,,,,,,,,
FORM_000580,CAND_R2_200,DSD-NH-glycidyl,designed,P-N-S,B,True,True,True,True,True,Candidate,,DSD-NH-glycidyl,,DDM,DOPO-based (Co-curing),2,1,P-N-S,100.00%,0.00%,O=P1(C(Nc2ccc(S(=O)(=O)c3ccc(N(CC4CO4)C(c4ccccc4O)P4(=O)Oc5ccccc5-c5ccccc54)cc3)cc2)c2ccccc2O)Oc2ccccc2-c2ccccc21,,NC1=CC=C(CC2=CC=C(N)C=C2)C=C1,4.0,0.26223068367376096,0.11858543249881735,0.13574209552150981,0.0,0.0,0.4522179892813326,0.5176438303092915,0.0,0.0,1,1,1,0,0,1,0,0,0,0,0,170.0,3.0,,24.0,,3.0,,,3.0,35.0,,1208.0,,,88.0,,,164.3,,,16.5,,,58.7,,,101.3,,,,,Virtual screening scenario,,,,,,,,,,,,,,,,,,,,,,,,,,,,,,,
FORM_000581,CAND_R2_200,DSD-NH-glycidyl,designed,P-N-S,B,True,True,True,True,True,Candidate,,DSD-NH-glycidyl,,DDM,DOPO-based (Co-curing),2,1,P-N-S,100.00%,0.00%,O=P1(C(Nc2ccc(S(=O)(=O)c3ccc(N(CC4CO4)C(c4ccccc4O)P4(=O)Oc5ccccc5-c5ccccc54)cc3)cc2)c2ccccc2O)Oc2ccccc2-c2ccccc21,,NC1=CC=C(CC2=CC=C(N)C=C2)C=C1,6.78,0.44448100882702485,0.20100230808549543,0.23008285190895916,0.0,0.0,0.4522179892813326,0.5176438303092915,0.0,0.0,1,1,1,0,0,1,0,0,0,0,0,170.0,3.0,,24.0,,3.0,,,3.0,35.0,,1208.0,,,88.0,,,164.3,,,16.5,,,58.7,,,101.3,,,,,Virtual screening scenario,,,,,,,,,,,,,,,,,,,,,,,,,,,,,,,
FORM_000582,CAND_R2_200,DSD-NH-glycidyl,designed,P-N-S,B,True,True,True,True,True,Candidate,,DSD-NH-glycidyl,,DDM,DOPO-based (Co-curing),2,1,P-N-S,100.00%,0.00%,O=P1(C(Nc2ccc(S(=O)(=O)c3ccc(N(CC4CO4)C(c4ccccc4O)P4(=O)Oc5ccccc5-c5ccccc54)cc3)cc2)c2ccccc2O)Oc2ccccc2-c2ccccc21,,NC1=CC=C(CC2=CC=C(N)C=C2)C=C1,10.19,0.6680326666589059,0.3020963892907372,0.3458029883410462,0.0,0.0,0.4522179892813326,0.5176438303092915,0.0,0.0,1,1,1,0,0,1,0,0,0,0,0,170.0,3.0,,24.0,,3.0,,,3.0,35.0,,1208.0,,,88.0,,,164.3,,,16.5,,,58.7,,,101.3,,,,,Virtual screening scenario,,,,,,,,,,,,,,,,,,,,,,,,,,,,,,,
FORM_000583,CAND_R2_202,DOPO-PPO-amino,designed,P-N,B,True,True,True,True,True,Candidate,,DOPO-PPO-amino,,DDM,DOPO-based (Co-curing),2,1,P-N,100.00%,0.00%,Nc1ccc(P(=O)(Oc2ccc(C(O)P3(=O)Oc4ccccc4-c4ccccc43)cc2)Oc2ccc(C(O)P3(=O)Oc4ccccc4-c4ccccc43)cc2)cc1,,NC1=CC=C(CC2=CC=C(N)C=C2)C=C1,4.0,0.4568009871250962,0.06885787463314634,0.0,0.0,0.0,0.1507393297604443,0.0,0.0,0.0,1,1,0,0,0,1,0,0,0,0,0,170.0,3.0,,24.0,,3.0,,,3.0,35.0,,1208.0,,,88.0,,,164.3,,,16.5,,,58.7,,,101.3,,,,,Virtual screening scenario,,,,,,,,,,,,,,,,,,,,,,,,,,,,,,,
FORM_000584,CAND_R2_202,DOPO-PPO-amino,designed,P-N,B,True,True,True,True,True,Candidate,,DOPO-PPO-amino,,DDM,DOPO-based (Co-curing),2,1,P-N,100.00%,0.00%,Nc1ccc(P(=O)(Oc2ccc(C(O)P3(=O)Oc4ccccc4-c4ccccc43)cc2)Oc2ccc(C(O)P3(=O)Oc4ccccc4-c4ccccc43)cc2)cc1,,NC1=CC=C(CC2=CC=C(N)C=C2)C=C1,6.78,0.7742776731770381,0.11671409750318304,0.0,0.0,0.0,0.15073932976044427,0.0,0.0,0.0,1,1,0,0,0,1,0,0,0,0,0,170.0,3.0,,24.0,,3.0,,,3.0,35.0,,1208.0,,,88.0,,,164.3,,,16.5,,,58.7,,,101.3,,,,,Virtual screening scenario,,,,,,,,,,,,,,,,,,,,,,,,,,,,,,,
FORM_000585,CAND_R2_202,DOPO-PPO-amino,designed,P-N,B,True,True,True,True,True,Candidate,,DOPO-PPO-amino,,DDM,DOPO-based (Co-curing),2,1,P-N,100.00%,0.00%,Nc1ccc(P(=O)(Oc2ccc(C(O)P3(=O)Oc4ccccc4-c4ccccc43)cc2)Oc2ccc(C(O)P3(=O)Oc4ccccc4-c4ccccc43)cc2)cc1,,NC1=CC=C(CC2=CC=C(N)C=C2)C=C1,10.19,1.1637005147011825,0.1754154356279403,0.0,0.0,0.0,0.1507393297604443,0.0,0.0,0.0,1,1,0,0,0,1,0,0,0,0,0,170.0,3.0,,24.0,,3.0,,,3.0,35.0,,1208.0,,,88.0,,,164.3,,,16.5,,,58.7,,,101.3,,,,,Virtual screening scenario,,,,,,,,,,,,,,,,,,,,,,,,,,,,,,,
FORM_000586,CAND_R2_203,DOPO-PPO-hydroxy,designed,P-only,B,True,True,True,True,True,Candidate,,DOPO-PPO-hydroxy,,DDM,DOPO-based (additive),0,0,P-only,100.00%,0.00%,O=P(Oc1ccc(C(O)P2(=O)Oc3ccccc3-c3ccccc32)cc1)(Oc1ccc(C(O)P2(=O)Oc3ccccc3-c3ccccc32)cc1)c1ccc(O)cc1,,NC1=CC=C(CC2=CC=C(N)C=C2)C=C1,3.42,0.39009309405150605,0.0,0.0,0.0,0.0,0.0,0.0,0.0,0.0,1,0,0,0,0,1,0,0,0,0,0,160.0,3.2,,24.8,,3.2,,,3.0,35.0,,1184.0,,,87.2,,,159.0,,,17.0,,,62.6,,,97.55,,,,,Virtual screening scenario,,,,,,,,,,,,,,,,,,,,,,,,,,,,,,,
FORM_000587,CAND_R2_203,DOPO-PPO-hydroxy,designed,P-only,B,True,True,True,True,True,Candidate,,DOPO-PPO-hydroxy,,DDM,DOPO-based (additive),0,0,P-only,100.00%,0.00%,O=P(Oc1ccc(C(O)P2(=O)Oc3ccccc3-c3ccccc32)cc1)(Oc1ccc(C(O)P2(=O)Oc3ccccc3-c3ccccc32)cc1)c1ccc(O)cc1,,NC1=CC=C(CC2=CC=C(N)C=C2)C=C1,7.0,0.7984361574153632,0.0,0.0,0.0,0.0,0.0,0.0,0.0,0.0,1,0,0,0,0,1,0,0,0,0,0,160.0,3.2,,24.8,,3.2,,,3.0,35.0,,1184.0,,,87.2,,,159.0,,,17.0,,,62.6,,,97.55,,,,,Virtual screening scenario,,,,,,,,,,,,,,,,,,,,,,,,,,,,,,,
FORM_000588,CAND_R2_203,DOPO-PPO-hydroxy,designed,P-only,B,True,True,True,True,True,Candidate,,DOPO-PPO-hydroxy,,DDM,DOPO-based (additive),0,0,P-only,100.00%,0.00%,O=P(Oc1ccc(C(O)P2(=O)Oc3ccccc3-c3ccccc32)cc1)(Oc1ccc(C(O)P2(=O)Oc3ccccc3-c3ccccc32)cc1)c1ccc(O)cc1,,NC1=CC=C(CC2=CC=C(N)C=C2)C=C1,10.0,1.1406230820219476,0.0,0.0,0.0,0.0,0.0,0.0,0.0,0.0,1,0,0,0,0,1,0,0,0,0,0,160.0,3.2,,24.8,,3.2,,,3.0,35.0,,1184.0,,,87.2,,,159.0,,,17.0,,,62.6,,,97.55,,,,,Virtual screening scenario,,,,,,,,,,,,,,,,,,,,,,,,,,,,,,,
FORM_000589,CAND_R2_204,DOPO-PPO-hydroxymethyl,designed,P-only,B,True,True,True,True,True,Candidate,,DOPO-PPO-hydroxymethyl,,DDM,DOPO-based (additive),0,0,P-only,100.00%,0.00%,O=P(Oc1ccc(C(O)P2(=O)Oc3ccccc3-c3ccccc32)cc1)(Oc1ccc(C(O)P2(=O)Oc3ccccc3-c3ccccc32)cc1)c1ccc(CO)cc1,,NC1=CC=C(CC2=CC=C(N)C=C2)C=C1,3.42,0.38349007526363993,0.0,0.0,0.0,0.0,0.0,0.0,0.0,0.0,1,0,0,0,0,1,0,0,0,0,0,160.0,3.2,,24.8,,3.2,,,3.0,35.0,,1184.0,,,87.2,,,159.0,,,17.0,,,62.6,,,97.55,,,,,Virtual screening scenario,,,,,,,,,,,,,,,,,,,,,,,,,,,,,,,
FORM_000590,CAND_R2_204,DOPO-PPO-hydroxymethyl,designed,P-only,B,True,True,True,True,True,Candidate,,DOPO-PPO-hydroxymethyl,,DDM,DOPO-based (additive),0,0,P-only,100.00%,0.00%,O=P(Oc1ccc(C(O)P2(=O)Oc3ccccc3-c3ccccc32)cc1)(Oc1ccc(C(O)P2(=O)Oc3ccccc3-c3ccccc32)cc1)c1ccc(CO)cc1,,NC1=CC=C(CC2=CC=C(N)C=C2)C=C1,7.0,0.7849212066799648,0.0,0.0,0.0,0.0,0.0,0.0,0.0,0.0,1,0,0,0,0,1,0,0,0,0,0,160.0,3.2,,24.8,,3.2,,,3.0,35.0,,1184.0,,,87.2,,,159.0,,,17.0,,,62.6,,,97.55,,,,,Virtual screening scenario,,,,,,,,,,,,,,,,,,,,,,,,,,,,,,,
FORM_000591,CAND_R2_204,DOPO-PPO-hydroxymethyl,designed,P-only,B,True,True,True,True,True,Candidate,,DOPO-PPO-hydroxymethyl,,DDM,DOPO-based (additive),0,0,P-only,100.00%,0.00%,O=P(Oc1ccc(C(O)P2(=O)Oc3ccccc3-c3ccccc32)cc1)(Oc1ccc(C(O)P2(=O)Oc3ccccc3-c3ccccc32)cc1)c1ccc(CO)cc1,,NC1=CC=C(CC2=CC=C(N)C=C2)C=C1,10.0,1.1213160095428067,0.0,0.0,0.0,0.0,0.0,0.0,0.0,0.0,1,0,0,0,0,1,0,0,0,0,0,160.0,3.2,,24.8,,3.2,,,3.0,35.0,,1184.0,,,87.2,,,159.0,,,17.0,,,62.6,,,97.55,,,,,Virtual screening scenario,,,,,,,,,,,,,,,,,,,,,,,,,,,,,,,
FORM_000592,CAND_R2_205,DOPO-PPO-carboxamide,designed,P-N,B,True,True,True,True,True,Candidate,,DOPO-PPO-carboxamide,,DDM,DOPO-based (additive),0,1,P-N,100.00%,0.00%,NC(=O)c1ccc(P(=O)(Oc2ccc(C(O)P3(=O)Oc4ccccc4-c4ccccc43)cc2)Oc2ccc(C(O)P3(=O)Oc4ccccc4-c4ccccc43)cc2)cc1,,NC1=CC=C(CC2=CC=C(N)C=C2)C=C1,3.42,0.3775674538961083,0.056914264939656796,0.0,0.0,0.0,0.15073932976044424,0.0,0.0,0.0,1,1,0,0,0,1,0,0,0,0,0,160.0,3.2,,24.8,,3.2,,,3.0,35.0,,1184.0,,,87.2,,,159.0,,,17.0,,,62.6,,,97.55,,,,,Virtual screening scenario,,,,,,,,,,,,,,,,,,,,,,,,,,,,,,,
FORM_000593,CAND_R2_205,DOPO-PPO-carboxamide,designed,P-N,B,True,True,True,True,True,Candidate,,DOPO-PPO-carboxamide,,DDM,DOPO-based (additive),0,1,P-N,100.00%,0.00%,NC(=O)c1ccc(P(=O)(Oc2ccc(C(O)P3(=O)Oc4ccccc4-c4ccccc43)cc2)Oc2ccc(C(O)P3(=O)Oc4ccccc4-c4ccccc43)cc2)cc1,,NC1=CC=C(CC2=CC=C(N)C=C2)C=C1,7.0,0.7727988822434966,0.11649118554900514,0.0,0.0,0.0,0.15073932976044424,0.0,0.0,0.0,1,1,0,0,0,1,0,0,0,0,0,160.0,3.2,,24.8,,3.2,,,3.0,35.0,,1184.0,,,87.2,,,159.0,,,17.0,,,62.6,,,97.55,,,,,Virtual screening scenario,,,,,,,,,,,,,,,,,,,,,,,,,,,,,,,
FORM_000594,CAND_R2_205,DOPO-PPO-carboxamide,designed,P-N,B,True,True,True,True,True,Candidate,,DOPO-PPO-carboxamide,,DDM,DOPO-based (additive),0,1,P-N,100.00%,0.00%,NC(=O)c1ccc(P(=O)(Oc2ccc(C(O)P3(=O)Oc4ccccc4-c4ccccc43)cc2)Oc2ccc(C(O)P3(=O)Oc4ccccc4-c4ccccc43)cc2)cc1,,NC1=CC=C(CC2=CC=C(N)C=C2)C=C1,10.0,1.103998403204995,0.16641597935572164,0.0,0.0,0.0,0.15073932976044427,0.0,0.0,0.0,1,1,0,0,0,1,0,0,0,0,0,160.0,3.2,,24.8,,3.2,,,3.0,35.0,,1184.0,,,87.2,,,159.0,,,17.0,,,62.6,,,97.55,,,,,Virtual screening scenario,,,,,,,,,,,,,,,,,,,,,,,,,,,,,,,
FORM_000595,CAND_R2_206,DOPO-PPO-boronic-acid,designed,P-B,B,True,True,True,True,True,Candidate,,DOPO-PPO-boronic-acid,,DDM,DOPO-based (additive),0,1,P-B,100.00%,0.00%,O=P(Oc1ccc(C(O)P2(=O)Oc3ccccc3-c3ccccc32)cc1)(Oc1ccc(C(O)P2(=O)Oc3ccccc3-c3ccccc32)cc1)c1ccc(B(O)O)cc1,,NC1=CC=C(CC2=CC=C(N)C=C2)C=C1,3.42,0.3772120610721453,0.0,0.0,0.04389075573397081,0.0,0.0,0.0,0.11635565312843033,0.0,1,0,0,1,0,1,0,0,0,0,0,160.0,3.2,,24.8,,3.2,,,3.0,35.0,,1184.0,,,87.2,,,159.0,,,17.0,,,62.6,,,97.55,,,,,Virtual screening scenario,,,,,,,,,,,,,,,,,,,,,,,,,,,,,,,
FORM_000596,CAND_R2_206,DOPO-PPO-boronic-acid,designed,P-B,B,True,True,True,True,True,Candidate,,DOPO-PPO-boronic-acid,,DDM,DOPO-based (additive),0,1,P-B,100.00%,0.00%,O=P(Oc1ccc(C(O)P2(=O)Oc3ccccc3-c3ccccc32)cc1)(Oc1ccc(C(O)P2(=O)Oc3ccccc3-c3ccccc32)cc1)c1ccc(B(O)O)cc1,,NC1=CC=C(CC2=CC=C(N)C=C2)C=C1,7.0,0.7720714700307068,0.0,0.0,0.0898348801572502,0.0,0.0,0.0,0.11635565312843033,0.0,1,0,0,1,0,1,0,0,0,0,0,160.0,3.2,,24.8,,3.2,,,3.0,35.0,,1184.0,,,87.2,,,159.0,,,17.0,,,62.6,,,97.55,,,,,Virtual screening scenario,,,,,,,,,,,,,,,,,,,,,,,,,,,,,,,
FORM_000597,CAND_R2_206,DOPO-PPO-boronic-acid,designed,P-B,B,True,True,True,True,True,Candidate,,DOPO-PPO-boronic-acid,,DDM,DOPO-based (additive),0,1,P-B,100.00%,0.00%,O=P(Oc1ccc(C(O)P2(=O)Oc3ccccc3-c3ccccc32)cc1)(Oc1ccc(C(O)P2(=O)Oc3ccccc3-c3ccccc32)cc1)c1ccc(B(O)O)cc1,,NC1=CC=C(CC2=CC=C(N)C=C2)C=C1,10.0,1.1029592429010096,0.0,0.0,0.128335543081786,0.0,0.0,0.0,0.11635565312843033,0.0,1,0,0,1,0,1,0,0,0,0,0,160.0,3.2,,24.8,,3.2,,,3.0,35.0,,1184.0,,,87.2,,,159.0,,,17.0,,,62.6,,,97.55,,,,,Virtual screening scenario,,,,,,,,,,,,,,,,,,,,,,,,,,,,,,,
FORM_000598,CAND_R2_207,DOPO-PPO-pinacol-boronate,designed,P-B,B,True,True,True,True,True,Candidate,,DOPO-PPO-pinacol-boronate,,DDM,DOPO-based (additive),0,1,P-B,100.00%,0.00%,CC1(C)OB(c2ccc(P(=O)(Oc3ccc(C(O)P4(=O)Oc5ccccc5-c5ccccc54)cc3)Oc3ccc(C(O)P4(=O)Oc5ccccc5-c5ccccc54)cc3)cc2)OC1(C)C,,NC1=CC=C(CC2=CC=C(N)C=C2)C=C1,3.42,0.34369959713397313,0.0,0.0,0.03999139110450181,0.0,0.0,0.0,0.11635565312843028,0.0,1,0,0,1,0,1,0,0,0,0,0,160.0,3.2,,24.8,,3.2,,,3.0,35.0,,1184.0,,,87.2,,,159.0,,,17.0,,,62.6,,,97.55,,,,,Virtual screening scenario,,,,,,,,,,,,,,,,,,,,,,,,,,,,,,,
FORM_000599,CAND_R2_207,DOPO-PPO-pinacol-boronate,designed,P-B,B,True,True,True,True,True,Candidate,,DOPO-PPO-pinacol-boronate,,DDM,DOPO-based (additive),0,1,P-B,100.00%,0.00%,CC1(C)OB(c2ccc(P(=O)(Oc3ccc(C(O)P4(=O)Oc5ccccc5-c5ccccc54)cc3)Oc3ccc(C(O)P4(=O)Oc5ccccc5-c5ccccc54)cc3)cc2)OC1(C)C,,NC1=CC=C(CC2=CC=C(N)C=C2)C=C1,7.0,0.7034787075841555,0.0,0.0,0.08185372448289846,0.0,0.0,0.0,0.11635565312843031,0.0,1,0,0,1,0,1,0,0,0,0,0,160.0,3.2,,24.8,,3.2,,,3.0,35.0,,1184.0,,,87.2,,,159.0,,,17.0,,,62.6,,,97.55,,,,,Virtual screening scenario,,,,,,,,,,,,,,,,,,,,,,,,,,,,,,,
FORM_000600,CAND_R2_207,DOPO-PPO-pinacol-boronate,designed,P-B,B,True,True,True,True,True,Candidate,,DOPO-PPO-pinacol-boronate,,DDM,DOPO-based (additive),0,1,P-B,100.00%,0.00%,CC1(C)OB(c2ccc(P(=O)(Oc3ccc(C(O)P4(=O)Oc5ccccc5-c5ccccc54)cc3)Oc3ccc(C(O)P4(=O)Oc5ccccc5-c5ccccc54)cc3)cc2)OC1(C)C,,NC1=CC=C(CC2=CC=C(N)C=C2)C=C1,10.0,1.0049695822630793,0.0,0.0,0.11693389211842636,0.0,0.0,0.0,0.11635565312843031,0.0,1,0,0,1,0,1,0,0,0,0,0,160.0,3.2,,24.8,,3.2,,,3.0,35.0,,1184.0,,,87.2,,,159.0,,,17.0,,,62.6,,,97.55,,,,,Virtual screening scenario,,,,,,,,,,,,,,,,,,,,,,,,,,,,,,,
FORM_000601,CAND_R2_208,DOPO-PPO-trimethoxysilyl,designed,P-Si,B,True,True,True,True,True,Candidate,,DOPO-PPO-trimethoxysilyl,,DDS,DOPO-based (Additive + Secondary Crosslinking),3,1,P-Si,100.00%,0.00%,CO[Si](OC)(OC)c1ccc(P(=O)(Oc2ccc(C(O)P3(=O)Oc4ccccc4-c4ccccc43)cc2)Oc2ccc(C(O)P3(=O)Oc4ccccc4-c4ccccc43)cc2)cc1,,NC1=CC=C(C=C1)S(=O)(=O)C1=CC=C(N)C=C1,3.5,0.3539535131758377,0.0,0.0,0.0,0.10698368923459008,0.0,0.0,0.0,0.302253502937948,1,0,0,0,1,1,1,0,0,0,0,250.0,4.0,,22.4,,3.0,,,4.0,35.0,,867.99,,,114.14500000000001,,,180.0,,,16.9,,,52.14,,,95.65,,,,,Virtual screening scenario,,,,,,,,,,,,,,,,,,,,,,,,,,,,,,,
FORM_000602,CAND_R2_208,DOPO-PPO-trimethoxysilyl,designed,P-Si,B,True,True,True,True,True,Candidate,,DOPO-PPO-trimethoxysilyl,,DDS,DOPO-based (Additive + Secondary Crosslinking),3,1,P-Si,100.00%,0.00%,CO[Si](OC)(OC)c1ccc(P(=O)(Oc2ccc(C(O)P3(=O)Oc4ccccc4-c4ccccc43)cc2)Oc2ccc(C(O)P3(=O)Oc4ccccc4-c4ccccc43)cc2)cc1,,NC1=CC=C(C=C1)S(=O)(=O)C1=CC=C(N)C=C1,5.29,0.5349754527714804,0.0,0.0,0.0,0.1616982045859947,0.0,0.0,0.0,0.302253502937948,1,0,0,0,1,1,1,0,0,0,0,250.0,4.0,,22.4,,3.0,,,4.0,35.0,,867.99,,,114.14500000000001,,,180.0,,,16.9,,,52.14,,,95.65,,,,,Virtual screening scenario,,,,,,,,,,,,,,,,,,,,,,,,,,,,,,,
FORM_000603,CAND_R2_208,DOPO-PPO-trimethoxysilyl,designed,P-Si,B,True,True,True,True,True,Candidate,,DOPO-PPO-trimethoxysilyl,,DDS,DOPO-based (Additive + Secondary Crosslinking),3,1,P-Si,100.00%,0.00%,CO[Si](OC)(OC)c1ccc(P(=O)(Oc2ccc(C(O)P3(=O)Oc4ccccc4-c4ccccc43)cc2)Oc2ccc(C(O)P3(=O)Oc4ccccc4-c4ccccc43)cc2)cc1,,NC1=CC=C(C=C1)S(=O)(=O)C1=CC=C(N)C=C1,10.0,1.0112957519309647,0.0,0.0,0.0,0.3056676835274002,0.0,0.0,0.0,0.30225350293794806,1,0,0,0,1,1,1,0,0,0,0,250.0,4.0,,22.4,,3.0,,,4.0,35.0,,867.99,,,114.14500000000001,,,180.0,,,16.9,,,52.14,,,95.65,,,,,Virtual screening scenario,,,,,,,,,,,,,,,,,,,,,,,,,,,,,,,
FORM_000604,CAND_R2_209,DOPO-PPO-triethoxysilyl,designed,P-Si,B,True,True,True,True,True,Candidate,,DOPO-PPO-triethoxysilyl,,DDS,DOPO-based (Additive + Secondary Crosslinking),3,1,P-Si,100.00%,0.00%,CCO[Si](OCC)(OCC)c1ccc(P(=O)(Oc2ccc(C(O)P3(=O)Oc4ccccc4-c4ccccc43)cc2)Oc2ccc(C(O)P3(=O)Oc4ccccc4-c4ccccc43)cc2)cc1,,NC1=CC=C(C=C1)S(=O)(=O)C1=CC=C(N)C=C1,3.5,0.3384530690316174,0.0,0.0,0.0,0.10229862569490548,0.0,0.0,0.0,0.30225350293794795,1,0,0,0,1,1,1,0,0,0,0,250.0,4.0,,22.4,,3.0,,,4.0,35.0,,867.99,,,114.14500000000001,,,180.0,,,16.9,,,52.14,,,95.65,,,,,Virtual screening scenario,,,,,,,,,,,,,,,,,,,,,,,,,,,,,,,
FORM_000605,CAND_R2_209,DOPO-PPO-triethoxysilyl,designed,P-Si,B,True,True,True,True,True,Candidate,,DOPO-PPO-triethoxysilyl,,DDS,DOPO-based (Additive + Secondary Crosslinking),3,1,P-Si,100.00%,0.00%,CCO[Si](OCC)(OCC)c1ccc(P(=O)(Oc2ccc(C(O)P3(=O)Oc4ccccc4-c4ccccc43)cc2)Oc2ccc(C(O)P3(=O)Oc4ccccc4-c4ccccc43)cc2)cc1,,NC1=CC=C(C=C1)S(=O)(=O)C1=CC=C(N)C=C1,5.29,0.5115476386220732,0.0,0.0,0.0,0.15461706569315714,0.0,0.0,0.0,0.30225350293794795,1,0,0,0,1,1,1,0,0,0,0,250.0,4.0,,22.4,,3.0,,,4.0,35.0,,867.99,,,114.14500000000001,,,180.0,,,16.9,,,52.14,,,95.65,,,,,Virtual screening scenario,,,,,,,,,,,,,,,,,,,,,,,,,,,,,,,
FORM_000606,CAND_R2_209,DOPO-PPO-triethoxysilyl,designed,P-Si,B,True,True,True,True,True,Candidate,,DOPO-PPO-triethoxysilyl,,DDS,DOPO-based (Additive + Secondary Crosslinking),3,1,P-Si,100.00%,0.00%,CCO[Si](OCC)(OCC)c1ccc(P(=O)(Oc2ccc(C(O)P3(=O)Oc4ccccc4-c4ccccc43)cc2)Oc2ccc(C(O)P3(=O)Oc4ccccc4-c4ccccc43)cc2)cc1,,NC1=CC=C(C=C1)S(=O)(=O)C1=CC=C(N)C=C1,10.0,0.9670087686617641,0.0,0.0,0.0,0.29228178769972996,0.0,0.0,0.0,0.30225350293794795,1,0,0,0,1,1,1,0,0,0,0,250.0,4.0,,22.4,,3.0,,,4.0,35.0,,867.99,,,114.14500000000001,,,180.0,,,16.9,,,52.14,,,95.65,,,,,Virtual screening scenario,,,,,,,,,,,,,,,,,,,,,,,,,,,,,,,
FORM_000607,CAND_R2_210,DOPO-PPO-disiloxane,designed,P-Si,B,True,True,True,True,True,Candidate,,DOPO-PPO-disiloxane,,DDM,DOPO-based (additive),0,1,P-Si,100.00%,0.00%,C[Si](C)(C)O[Si](C)(C)c1ccc(P(=O)(Oc2ccc(C(O)P3(=O)Oc4ccccc4-c4ccccc43)cc2)Oc2ccc(C(O)P3(=O)Oc4ccccc4-c4ccccc43)cc2)cc1,,NC1=CC=C(CC2=CC=C(N)C=C2)C=C1,3.42,0.3362894987190461,0.0,0.0,0.0,0.20328935797815653,0.0,0.0,0.0,0.604507005875896,1,0,0,0,1,1,0,0,0,0,0,160.0,3.2,,24.8,,3.2,,,3.0,35.0,,1184.0,,,87.2,,,159.0,,,17.0,,,62.6,,,97.55,,,,,Virtual screening scenario,,,,,,,,,,,,,,,,,,,,,,,,,,,,,,,
FORM_000608,CAND_R2_210,DOPO-PPO-disiloxane,designed,P-Si,B,True,True,True,True,True,Candidate,,DOPO-PPO-disiloxane,,DDM,DOPO-based (additive),0,1,P-Si,100.00%,0.00%,C[Si](C)(C)O[Si](C)(C)c1ccc(P(=O)(Oc2ccc(C(O)P3(=O)Oc4ccccc4-c4ccccc43)cc2)Oc2ccc(C(O)P3(=O)Oc4ccccc4-c4ccccc43)cc2)cc1,,NC1=CC=C(CC2=CC=C(N)C=C2)C=C1,7.0,0.6883118394834277,0.0,0.0,0.0,0.4160893291950572,0.0,0.0,0.0,0.604507005875896,1,0,0,0,1,1,0,0,0,0,0,160.0,3.2,,24.8,,3.2,,,3.0,35.0,,1184.0,,,87.2,,,159.0,,,17.0,,,62.6,,,97.55,,,,,Virtual screening scenario,,,,,,,,,,,,,,,,,,,,,,,,,,,,,,,
FORM_000609,CAND_R2_210,DOPO-PPO-disiloxane,designed,P-Si,B,True,True,True,True,True,Candidate,,DOPO-PPO-disiloxane,,DDM,DOPO-based (additive),0,1,P-Si,100.00%,0.00%,C[Si](C)(C)O[Si](C)(C)c1ccc(P(=O)(Oc2ccc(C(O)P3(=O)Oc4ccccc4-c4ccccc43)cc2)Oc2ccc(C(O)P3(=O)Oc4ccccc4-c4ccccc43)cc2)cc1,,NC1=CC=C(CC2=CC=C(N)C=C2)C=C1,10.0,0.9833026278334682,0.0,0.0,0.0,0.5944133274215103,0.0,0.0,0.0,0.604507005875896,1,0,0,0,1,1,0,0,0,0,0,160.0,3.2,,24.8,,3.2,,,3.0,35.0,,1184.0,,,87.2,,,159.0,,,17.0,,,62.6,,,97.55,,,,,Virtual screening scenario,,,,,,,,,,,,,,,,,,,,,,,,,,,,,,,
FORM_000610,CAND_R2_211,DOPO-PPO-glycidyloxy,designed,P-only,B,True,True,True,True,True,Candidate,,DOPO-PPO-glycidyloxy,,DDM,DOPO-based (Co-curing),2,0,P-only,100.00%,0.00%,O=P(Oc1ccc(C(O)P2(=O)Oc3ccccc3-c3ccccc32)cc1)(Oc1ccc(C(O)P2(=O)Oc3ccccc3-c3ccccc32)cc1)c1ccc(OCC2CO2)cc1,,NC1=CC=C(CC2=CC=C(N)C=C2)C=C1,4.0,0.42687234990651457,0.0,0.0,0.0,0.0,0.0,0.0,0.0,0.0,1,0,0,0,0,1,0,0,0,0,0,170.0,3.0,,24.0,,3.0,,,3.0,35.0,,1208.0,,,88.0,,,164.3,,,16.5,,,58.7,,,101.3,,,,,Virtual screening scenario,,,,,,,,,,,,,,,,,,,,,,,,,,,,,,,
FORM_000611,CAND_R2_211,DOPO-PPO-glycidyloxy,designed,P-only,B,True,True,True,True,True,Candidate,,DOPO-PPO-glycidyloxy,,DDM,DOPO-based (Co-curing),2,0,P-only,100.00%,0.00%,O=P(Oc1ccc(C(O)P2(=O)Oc3ccccc3-c3ccccc32)cc1)(Oc1ccc(C(O)P2(=O)Oc3ccccc3-c3ccccc32)cc1)c1ccc(OCC2CO2)cc1,,NC1=CC=C(CC2=CC=C(N)C=C2)C=C1,6.78,0.7235486330915422,0.0,0.0,0.0,0.0,0.0,0.0,0.0,0.0,1,0,0,0,0,1,0,0,0,0,0,170.0,3.0,,24.0,,3.0,,,3.0,35.0,,1208.0,,,88.0,,,164.3,,,16.5,,,58.7,,,101.3,,,,,Virtual screening scenario,,,,,,,,,,,,,,,,,,,,,,,,,,,,,,,
FORM_000612,CAND_R2_211,DOPO-PPO-glycidyloxy,designed,P-only,B,True,True,True,True,True,Candidate,,DOPO-PPO-glycidyloxy,,DDM,DOPO-based (Co-curing),2,0,P-only,100.00%,0.00%,O=P(Oc1ccc(C(O)P2(=O)Oc3ccccc3-c3ccccc32)cc1)(Oc1ccc(C(O)P2(=O)Oc3ccccc3-c3ccccc32)cc1)c1ccc(OCC2CO2)cc1,,NC1=CC=C(CC2=CC=C(N)C=C2)C=C1,10.19,1.0874573113868458,0.0,0.0,0.0,0.0,0.0,0.0,0.0,0.0,1,0,0,0,0,1,0,0,0,0,0,170.0,3.0,,24.0,,3.0,,,3.0,35.0,,1208.0,,,88.0,,,164.3,,,16.5,,,58.7,,,101.3,,,,,Virtual screening scenario,,,,,,,,,,,,,,,,,,,,,,,,,,,,,,,
FORM_000613,CAND_R2_212,DOPO-PPO-diaminotriazine,designed,P-N,B,True,True,True,True,True,Candidate,,DOPO-PPO-diaminotriazine,,DDM,DOPO-based (Co-curing),2,1,P-N,100.00%,0.00%,Nc1nc(N)nc(-c2ccc(P(=O)(Oc3ccc(C(O)P4(=O)Oc5ccccc5-c5ccccc54)cc3)Oc3ccc(C(O)P4(=O)Oc5ccccc5-c5ccccc54)cc3)cc2)n1,,NC1=CC=C(CC2=CC=C(N)C=C2)C=C1,4.0,0.40945940140104176,0.30860817865652873,0.0,0.0,0.0,0.7536966488022213,0.0,0.0,0.0,1,1,0,0,0,1,0,0,0,0,0,170.0,3.0,,24.0,,3.0,,,3.0,35.0,,1208.0,,,88.0,,,164.3,,,16.5,,,58.7,,,101.3,,,,,Virtual screening scenario,,,,,,,,,,,,,,,,,,,,,,,,,,,,,,,
FORM_000614,CAND_R2_212,DOPO-PPO-diaminotriazine,designed,P-N,B,True,True,True,True,True,Candidate,,DOPO-PPO-diaminotriazine,,DDM,DOPO-based (Co-curing),2,1,P-N,100.00%,0.00%,Nc1nc(N)nc(-c2ccc(P(=O)(Oc3ccc(C(O)P4(=O)Oc5ccccc5-c5ccccc54)cc3)Oc3ccc(C(O)P4(=O)Oc5ccccc5-c5ccccc54)cc3)cc2)n1,,NC1=CC=C(CC2=CC=C(N)C=C2)C=C1,6.78,0.6940336853747658,0.5230908628228161,0.0,0.0,0.0,0.7536966488022212,0.0,0.0,0.0,1,1,0,0,0,1,0,0,0,0,0,170.0,3.0,,24.0,,3.0,,,3.0,35.0,,1208.0,,,88.0,,,164.3,,,16.5,,,58.7,,,101.3,,,,,Virtual screening scenario,,,,,,,,,,,,,,,,,,,,,,,,,,,,,,,
FORM_000615,CAND_R2_212,DOPO-PPO-diaminotriazine,designed,P-N,B,True,True,True,True,True,Candidate,,DOPO-PPO-diaminotriazine,,DDM,DOPO-based (Co-curing),2,1,P-N,100.00%,0.00%,Nc1nc(N)nc(-c2ccc(P(=O)(Oc3ccc(C(O)P4(=O)Oc5ccccc5-c5ccccc54)cc3)Oc3ccc(C(O)P4(=O)Oc5ccccc5-c5ccccc54)cc3)cc2)n1,,NC1=CC=C(CC2=CC=C(N)C=C2)C=C1,10.19,1.0430978250691538,0.7861793351275069,0.0,0.0,0.0,0.7536966488022213,0.0,0.0,0.0,1,1,0,0,0,1,0,0,0,0,0,170.0,3.0,,24.0,,3.0,,,3.0,35.0,,1208.0,,,88.0,,,164.3,,,16.5,,,58.7,,,101.3,,,,,Virtual screening scenario,,,,,,,,,,,,,,,,,,,,,,,,,,,,,,,
FORM_000616,CAND_R2_213,DOPO-PPO-piperazine,designed,P-N,B,True,True,True,True,True,Candidate,,DOPO-PPO-piperazine,,DDM,DOPO-based (Co-curing),2,1,P-N,100.00%,0.00%,O=P(Oc1ccc(C(O)P2(=O)Oc3ccccc3-c3ccccc32)cc1)(Oc1ccc(C(O)P2(=O)Oc3ccccc3-c3ccccc32)cc1)c1ccc(N2CCNCC2)cc1,,NC1=CC=C(CC2=CC=C(N)C=C2)C=C1,4.0,0.4210411845266618,0.1269349319141851,0.0,0.0,0.0,0.3014786595208886,0.0,0.0,0.0,1,1,0,0,0,1,0,0,0,0,0,170.0,3.0,,24.0,,3.0,,,3.0,35.0,,1208.0,,,88.0,,,164.3,,,16.5,,,58.7,,,101.3,,,,,Virtual screening scenario,,,,,,,,,,,,,,,,,,,,,,,,,,,,,,,
FORM_000617,CAND_R2_213,DOPO-PPO-piperazine,designed,P-N,B,True,True,True,True,True,Candidate,,DOPO-PPO-piperazine,,DDM,DOPO-based (Co-curing),2,1,P-N,100.00%,0.00%,O=P(Oc1ccc(C(O)P2(=O)Oc3ccccc3-c3ccccc32)cc1)(Oc1ccc(C(O)P2(=O)Oc3ccccc3-c3ccccc32)cc1)c1ccc(N2CCNCC2)cc1,,NC1=CC=C(CC2=CC=C(N)C=C2)C=C1,6.78,0.7136648077726917,0.21515470959454372,0.0,0.0,0.0,0.3014786595208886,0.0,0.0,0.0,1,1,0,0,0,1,0,0,0,0,0,170.0,3.0,,24.0,,3.0,,,3.0,35.0,,1208.0,,,88.0,,,164.3,,,16.5,,,58.7,,,101.3,,,,,Virtual screening scenario,,,,,,,,,,,,,,,,,,,,,,,,,,,,,,,
FORM_000618,CAND_R2_213,DOPO-PPO-piperazine,designed,P-N,B,True,True,True,True,True,Candidate,,DOPO-PPO-piperazine,,DDM,DOPO-based (Co-curing),2,1,P-N,100.00%,0.00%,O=P(Oc1ccc(C(O)P2(=O)Oc3ccccc3-c3ccccc32)cc1)(Oc1ccc(C(O)P2(=O)Oc3ccccc3-c3ccccc32)cc1)c1ccc(N2CCNCC2)cc1,,NC1=CC=C(CC2=CC=C(N)C=C2)C=C1,10.19,1.0726024175816709,0.32336673905138646,0.0,0.0,0.0,0.30147865952088854,0.0,0.0,0.0,1,1,0,0,0,1,0,0,0,0,0,170.0,3.0,,24.0,,3.0,,,3.0,35.0,,1208.0,,,88.0,,,164.3,,,16.5,,,58.7,,,101.3,,,,,Virtual screening scenario,,,,,,,,,,,,,,,,,,,,,,,,,,,,,,,
FORM_000619,CAND_R2_214,DOPO-PPO-benzamide-linker,designed,P-N,B,True,True,True,True,True,Candidate,,DOPO-PPO-benzamide-linker,,DDM,DOPO-based (additive),0,1,P-N,100.00%,0.00%,O=C(Nc1ccc(P(=O)(Oc2ccc(C(O)P3(=O)Oc4ccccc4-c4ccccc43)cc2)Oc2ccc(C(O)P3(=O)Oc4ccccc4-c4ccccc43)cc2)cc1)c1ccccc1,,NC1=CC=C(CC2=CC=C(N)C=C2)C=C1,3.42,0.34626147328783224,0.05219522240527181,0.0,0.0,0.0,0.15073932976044427,0.0,0.0,0.0,1,1,0,0,0,1,0,0,0,0,0,160.0,3.2,,24.8,,3.2,,,3.0,35.0,,1184.0,,,87.2,,,159.0,,,17.0,,,62.6,,,97.55,,,,,Virtual screening scenario,,,,,,,,,,,,,,,,,,,,,,,,,,,,,,,
FORM_000620,CAND_R2_214,DOPO-PPO-benzamide-linker,designed,P-N,B,True,True,True,True,True,Candidate,,DOPO-PPO-benzamide-linker,,DDM,DOPO-based (additive),0,1,P-N,100.00%,0.00%,O=C(Nc1ccc(P(=O)(Oc2ccc(C(O)P3(=O)Oc4ccccc4-c4ccccc43)cc2)Oc2ccc(C(O)P3(=O)Oc4ccccc4-c4ccccc43)cc2)cc1)c1ccccc1,,NC1=CC=C(CC2=CC=C(N)C=C2)C=C1,7.0,0.7087223137470252,0.10683232656049785,0.0,0.0,0.0,0.1507393297604442,0.0,0.0,0.0,1,1,0,0,0,1,0,0,0,0,0,160.0,3.2,,24.8,,3.2,,,3.0,35.0,,1184.0,,,87.2,,,159.0,,,17.0,,,62.6,,,97.55,,,,,Virtual screening scenario,,,,,,,,,,,,,,,,,,,,,,,,,,,,,,,
FORM_000621,CAND_R2_214,DOPO-PPO-benzamide-linker,designed,P-N,B,True,True,True,True,True,Candidate,,DOPO-PPO-benzamide-linker,,DDM,DOPO-based (additive),0,1,P-N,100.00%,0.00%,O=C(Nc1ccc(P(=O)(Oc2ccc(C(O)P3(=O)Oc4ccccc4-c4ccccc43)cc2)Oc2ccc(C(O)P3(=O)Oc4ccccc4-c4ccccc43)cc2)cc1)c1ccccc1,,NC1=CC=C(CC2=CC=C(N)C=C2)C=C1,10.0,1.012460448210036,0.1526176093721398,0.0,0.0,0.0,0.15073932976044427,0.0,0.0,0.0,1,1,0,0,0,1,0,0,0,0,0,160.0,3.2,,24.8,,3.2,,,3.0,35.0,,1184.0,,,87.2,,,159.0,,,17.0,,,62.6,,,97.55,,,,,Virtual screening scenario,,,,,,,,,,,,,,,,,,,,,,,,,,,,,,,
FORM_000622,CAND_R2_215,DOPO-PPO-phenyl,designed,P-only,B,True,True,True,True,True,Candidate,,DOPO-PPO-phenyl,,DDM,DOPO-based (additive),0,0,P-only,100.00%,0.00%,O=P(Oc1ccc(C(O)P2(=O)Oc3ccccc3-c3ccccc32)cc1)(Oc1ccc(C(O)P2(=O)Oc3ccccc3-c3ccccc32)cc1)c1ccc(-c2ccccc2)cc1,,NC1=CC=C(CC2=CC=C(N)C=C2)C=C1,3.42,0.3632923353746574,0.0,0.0,0.0,0.0,0.0,0.0,0.0,0.0,1,0,0,0,0,1,0,0,0,0,0,160.0,3.2,,24.8,,3.2,,,3.0,35.0,,1184.0,,,87.2,,,159.0,,,17.0,,,62.6,,,97.55,,,,,Virtual screening scenario,,,,,,,,,,,,,,,,,,,,,,,,,,,,,,,
FORM_000623,CAND_R2_215,DOPO-PPO-phenyl,designed,P-only,B,True,True,True,True,True,Candidate,,DOPO-PPO-phenyl,,DDM,DOPO-based (additive),0,0,P-only,100.00%,0.00%,O=P(Oc1ccc(C(O)P2(=O)Oc3ccccc3-c3ccccc32)cc1)(Oc1ccc(C(O)P2(=O)Oc3ccccc3-c3ccccc32)cc1)c1ccc(-c2ccccc2)cc1,,NC1=CC=C(CC2=CC=C(N)C=C2)C=C1,7.0,0.7435808033984216,0.0,0.0,0.0,0.0,0.0,0.0,0.0,0.0,1,0,0,0,0,1,0,0,0,0,0,160.0,3.2,,24.8,,3.2,,,3.0,35.0,,1184.0,,,87.2,,,159.0,,,17.0,,,62.6,,,97.55,,,,,Virtual screening scenario,,,,,,,,,,,,,,,,,,,,,,,,,,,,,,,
FORM_000624,CAND_R2_215,DOPO-PPO-phenyl,designed,P-only,B,True,True,True,True,True,Candidate,,DOPO-PPO-phenyl,,DDM,DOPO-based (additive),0,0,P-only,100.00%,0.00%,O=P(Oc1ccc(C(O)P2(=O)Oc3ccccc3-c3ccccc32)cc1)(Oc1ccc(C(O)P2(=O)Oc3ccccc3-c3ccccc32)cc1)c1ccc(-c2ccccc2)cc1,,NC1=CC=C(CC2=CC=C(N)C=C2)C=C1,10.0,1.0622582905691738,0.0,0.0,0.0,0.0,0.0,0.0,0.0,0.0,1,0,0,0,0,1,0,0,0,0,0,160.0,3.2,,24.8,,3.2,,,3.0,35.0,,1184.0,,,87.2,,,159.0,,,17.0,,,62.6,,,97.55,,,,,Virtual screening scenario,,,,,,,,,,,,,,,,,,,,,,,,,,,,,,,
FORM_000625,CAND_R2_216,DOPO-PPO-biphenyl,designed,P-only,B,True,True,True,True,True,Candidate,,DOPO-PPO-biphenyl,,DDM,DOPO-based (additive),0,0,P-only,100.00%,0.00%,O=P(Oc1ccc(C(O)P2(=O)Oc3ccccc3-c3ccccc32)cc1)(Oc1ccc(C(O)P2(=O)Oc3ccccc3-c3ccccc32)cc1)c1ccc(-c2ccc(-c3ccccc3)cc2)cc1,,NC1=CC=C(CC2=CC=C(N)C=C2)C=C1,3.42,0.33421770045338045,0.0,0.0,0.0,0.0,0.0,0.0,0.0,0.0,1,0,0,0,0,1,0,0,0,0,0,160.0,3.2,,24.8,,3.2,,,3.0,35.0,,1184.0,,,87.2,,,159.0,,,17.0,,,62.6,,,97.55,,,,,Virtual screening scenario,,,,,,,,,,,,,,,,,,,,,,,,,,,,,,,
FORM_000626,CAND_R2_216,DOPO-PPO-biphenyl,designed,P-only,B,True,True,True,True,True,Candidate,,DOPO-PPO-biphenyl,,DDM,DOPO-based (additive),0,0,P-only,100.00%,0.00%,O=P(Oc1ccc(C(O)P2(=O)Oc3ccccc3-c3ccccc32)cc1)(Oc1ccc(C(O)P2(=O)Oc3ccccc3-c3ccccc32)cc1)c1ccc(-c2ccc(-c3ccccc3)cc2)cc1,,NC1=CC=C(CC2=CC=C(N)C=C2)C=C1,7.0,0.6840713167174454,0.0,0.0,0.0,0.0,0.0,0.0,0.0,0.0,1,0,0,0,0,1,0,0,0,0,0,160.0,3.2,,24.8,,3.2,,,3.0,35.0,,1184.0,,,87.2,,,159.0,,,17.0,,,62.6,,,97.55,,,,,Virtual screening scenario,,,,,,,,,,,,,,,,,,,,,,,,,,,,,,,
FORM_000627,CAND_R2_216,DOPO-PPO-biphenyl,designed,P-only,B,True,True,True,True,True,Candidate,,DOPO-PPO-biphenyl,,DDM,DOPO-based (additive),0,0,P-only,100.00%,0.00%,O=P(Oc1ccc(C(O)P2(=O)Oc3ccccc3-c3ccccc32)cc1)(Oc1ccc(C(O)P2(=O)Oc3ccccc3-c3ccccc32)cc1)c1ccc(-c2ccc(-c3ccccc3)cc2)cc1,,NC1=CC=C(CC2=CC=C(N)C=C2)C=C1,10.0,0.9772447381677791,0.0,0.0,0.0,0.0,0.0,0.0,0.0,0.0,1,0,0,0,0,1,0,0,0,0,0,160.0,3.2,,24.8,,3.2,,,3.0,35.0,,1184.0,,,87.2,,,159.0,,,17.0,,,62.6,,,97.55,,,,,Virtual screening scenario,,,,,,,,,,,,,,,,,,,,,,,,,,,,,,,
FORM_000628,CAND_R2_217,DOPO-PPO-OH-glycidyl-all,designed,P-only,B,True,True,True,True,True,Candidate,,DOPO-PPO-OH-glycidyl-all,,DDM,DOPO-based (Co-curing),2,0,P-only,100.00%,0.00%,O=P(Oc1ccc(C(OCC2CO2)P2(=O)Oc3ccccc3-c3ccccc32)cc1)(Oc1ccc(C(OCC2CO2)P2(=O)Oc3ccccc3-c3ccccc32)cc1)c1ccccc1,,NC1=CC=C(CC2=CC=C(N)C=C2)C=C1,4.0,0.40809452024563314,0.0,0.0,0.0,0.0,0.0,0.0,0.0,0.0,1,0,0,0,0,1,0,0,0,0,0,170.0,3.0,,24.0,,3.0,,,3.0,35.0,,1208.0,,,88.0,,,164.3,,,16.5,,,58.7,,,101.3,,,,,Virtual screening scenario,,,,,,,,,,,,,,,,,,,,,,,,,,,,,,,
FORM_000629,CAND_R2_217,DOPO-PPO-OH-glycidyl-all,designed,P-only,B,True,True,True,True,True,Candidate,,DOPO-PPO-OH-glycidyl-all,,DDM,DOPO-based (Co-curing),2,0,P-only,100.00%,0.00%,O=P(Oc1ccc(C(OCC2CO2)P2(=O)Oc3ccccc3-c3ccccc32)cc1)(Oc1ccc(C(OCC2CO2)P2(=O)Oc3ccccc3-c3ccccc32)cc1)c1ccccc1,,NC1=CC=C(CC2=CC=C(N)C=C2)C=C1,6.78,0.6917202118163481,0.0,0.0,0.0,0.0,0.0,0.0,0.0,0.0,1,0,0,0,0,1,0,0,0,0,0,170.0,3.0,,24.0,,3.0,,,3.0,35.0,,1208.0,,,88.0,,,164.3,,,16.5,,,58.7,,,101.3,,,,,Virtual screening scenario,,,,,,,,,,,,,,,,,,,,,,,,,,,,,,,
FORM_000630,CAND_R2_217,DOPO-PPO-OH-glycidyl-all,designed,P-only,B,True,True,True,True,True,Candidate,,DOPO-PPO-OH-glycidyl-all,,DDM,DOPO-based (Co-curing),2,0,P-only,100.00%,0.00%,O=P(Oc1ccc(C(OCC2CO2)P2(=O)Oc3ccccc3-c3ccccc32)cc1)(Oc1ccc(C(OCC2CO2)P2(=O)Oc3ccccc3-c3ccccc32)cc1)c1ccccc1,,NC1=CC=C(CC2=CC=C(N)C=C2)C=C1,10.19,1.0396207903257504,0.0,0.0,0.0,0.0,0.0,0.0,0.0,0.0,1,0,0,0,0,1,0,0,0,0,0,170.0,3.0,,24.0,,3.0,,,3.0,35.0,,1208.0,,,88.0,,,164.3,,,16.5,,,58.7,,,101.3,,,,,Virtual screening scenario,,,,,,,,,,,,,,,,,,,,,,,,,,,,,,,
FORM_000631,CAND_R2_218,DOPO-PPO-OH-methyl,designed,P-only,B,True,True,True,True,True,Candidate,,DOPO-PPO-OH-methyl,,DDM,DOPO-based (additive),0,0,P-only,100.00%,0.00%,COC(c1ccc(OP(=O)(Oc2ccc(C(O)P3(=O)Oc4ccccc4-c4ccccc43)cc2)c2ccccc2)cc1)P1(=O)Oc2ccccc2-c2ccccc21,,NC1=CC=C(CC2=CC=C(N)C=C2)C=C1,3.42,0.39103966097690607,0.0,0.0,0.0,0.0,0.0,0.0,0.0,0.0,1,0,0,0,0,1,0,0,0,0,0,160.0,3.2,,24.8,,3.2,,,3.0,35.0,,1184.0,,,87.2,,,159.0,,,17.0,,,62.6,,,97.55,,,,,Virtual screening scenario,,,,,,,,,,,,,,,,,,,,,,,,,,,,,,,
FORM_000632,CAND_R2_218,DOPO-PPO-OH-methyl,designed,P-only,B,True,True,True,True,True,Candidate,,DOPO-PPO-OH-methyl,,DDM,DOPO-based (additive),0,0,P-only,100.00%,0.00%,COC(c1ccc(OP(=O)(Oc2ccc(C(O)P3(=O)Oc4ccccc4-c4ccccc43)cc2)c2ccccc2)cc1)P1(=O)Oc2ccccc2-c2ccccc21,,NC1=CC=C(CC2=CC=C(N)C=C2)C=C1,7.0,0.8003735750989306,0.0,0.0,0.0,0.0,0.0,0.0,0.0,0.0,1,0,0,0,0,1,0,0,0,0,0,160.0,3.2,,24.8,,3.2,,,3.0,35.0,,1184.0,,,87.2,,,159.0,,,17.0,,,62.6,,,97.55,,,,,Virtual screening scenario,,,,,,,,,,,,,,,,,,,,,,,,,,,,,,,
FORM_000633,CAND_R2_218,DOPO-PPO-OH-methyl,designed,P-only,B,True,True,True,True,True,Candidate,,DOPO-PPO-OH-methyl,,DDM,DOPO-based (additive),0,0,P-only,100.00%,0.00%,COC(c1ccc(OP(=O)(Oc2ccc(C(O)P3(=O)Oc4ccccc4-c4ccccc43)cc2)c2ccccc2)cc1)P1(=O)Oc2ccccc2-c2ccccc21,,NC1=CC=C(CC2=CC=C(N)C=C2)C=C1,10.0,1.1433908215699007,0.0,0.0,0.0,0.0,0.0,0.0,0.0,0.0,1,0,0,0,0,1,0,0,0,0,0,160.0,3.2,,24.8,,3.2,,,3.0,35.0,,1184.0,,,87.2,,,159.0,,,17.0,,,62.6,,,97.55,,,,,Virtual screening scenario,,,,,,,,,,,,,,,,,,,,,,,,,,,,,,,
FORM_000634,CAND_R2_219,DOPO-PPO-OH-methyl-all,designed,P-only,B,True,True,True,True,True,Candidate,,DOPO-PPO-OH-methyl-all,,DDM,DOPO-based (additive),0,0,P-only,100.00%,0.00%,COC(c1ccc(OP(=O)(Oc2ccc(C(OC)P3(=O)Oc4ccccc4-c4ccccc43)cc2)c2ccccc2)cc1)P1(=O)Oc2ccccc2-c2ccccc21,,NC1=CC=C(CC2=CC=C(N)C=C2)C=C1,3.42,0.3844048311691452,0.0,0.0,0.0,0.0,0.0,0.0,0.0,0.0,1,0,0,0,0,1,0,0,0,0,0,160.0,3.2,,24.8,,3.2,,,3.0,35.0,,1184.0,,,87.2,,,159.0,,,17.0,,,62.6,,,97.55,,,,,Virtual screening scenario,,,,,,,,,,,,,,,,,,,,,,,,,,,,,,,
FORM_000635,CAND_R2_219,DOPO-PPO-OH-methyl-all,designed,P-only,B,True,True,True,True,True,Candidate,,DOPO-PPO-OH-methyl-all,,DDM,DOPO-based (additive),0,0,P-only,100.00%,0.00%,COC(c1ccc(OP(=O)(Oc2ccc(C(OC)P3(=O)Oc4ccccc4-c4ccccc43)cc2)c2ccccc2)cc1)P1(=O)Oc2ccccc2-c2ccccc21,,NC1=CC=C(CC2=CC=C(N)C=C2)C=C1,7.0,0.7867935140888938,0.0,0.0,0.0,0.0,0.0,0.0,0.0,0.0,1,0,0,0,0,1,0,0,0,0,0,160.0,3.2,,24.8,,3.2,,,3.0,35.0,,1184.0,,,87.2,,,159.0,,,17.0,,,62.6,,,97.55,,,,,Virtual screening scenario,,,,,,,,,,,,,,,,,,,,,,,,,,,,,,,
FORM_000636,CAND_R2_219,DOPO-PPO-OH-methyl-all,designed,P-only,B,True,True,True,True,True,Candidate,,DOPO-PPO-OH-methyl-all,,DDM,DOPO-based (additive),0,0,P-only,100.00%,0.00%,COC(c1ccc(OP(=O)(Oc2ccc(C(OC)P3(=O)Oc4ccccc4-c4ccccc43)cc2)c2ccccc2)cc1)P1(=O)Oc2ccccc2-c2ccccc21,,NC1=CC=C(CC2=CC=C(N)C=C2)C=C1,10.0,1.1239907344127054,0.0,0.0,0.0,0.0,0.0,0.0,0.0,0.0,1,0,0,0,0,1,0,0,0,0,0,160.0,3.2,,24.8,,3.2,,,3.0,35.0,,1184.0,,,87.2,,,159.0,,,17.0,,,62.6,,,97.55,,,,,Virtual screening scenario,,,,,,,,,,,,,,,,,,,,,,,,,,,,,,,
FORM_000637,CAND_R2_220,DOPO-PPO-OH-acetyl,designed,P-only,B,True,True,True,True,True,Candidate,,DOPO-PPO-OH-acetyl,,DDM,DOPO-based (additive),0,0,P-only,100.00%,0.00%,CC(=O)OC(c1ccc(OP(=O)(Oc2ccc(C(O)P3(=O)Oc4ccccc4-c4ccccc43)cc2)c2ccccc2)cc1)P1(=O)Oc2ccccc2-c2ccccc21,,NC1=CC=C(CC2=CC=C(N)C=C2)C=C1,3.42,0.3780111764272067,0.0,0.0,0.0,0.0,0.0,0.0,0.0,0.0,1,0,0,0,0,1,0,0,0,0,0,160.0,3.2,,24.8,,3.2,,,3.0,35.0,,1184.0,,,87.2,,,159.0,,,17.0,,,62.6,,,97.55,,,,,Virtual screening scenario,,,,,,,,,,,,,,,,,,,,,,,,,,,,,,,
FORM_000638,CAND_R2_220,DOPO-PPO-OH-acetyl,designed,P-only,B,True,True,True,True,True,Candidate,,DOPO-PPO-OH-acetyl,,DDM,DOPO-based (additive),0,0,P-only,100.00%,0.00%,CC(=O)OC(c1ccc(OP(=O)(Oc2ccc(C(O)P3(=O)Oc4ccccc4-c4ccccc43)cc2)c2ccccc2)cc1)P1(=O)Oc2ccccc2-c2ccccc21,,NC1=CC=C(CC2=CC=C(N)C=C2)C=C1,7.0,0.7737070862545167,0.0,0.0,0.0,0.0,0.0,0.0,0.0,0.0,1,0,0,0,0,1,0,0,0,0,0,160.0,3.2,,24.8,,3.2,,,3.0,35.0,,1184.0,,,87.2,,,159.0,,,17.0,,,62.6,,,97.55,,,,,Virtual screening scenario,,,,,,,,,,,,,,,,,,,,,,,,,,,,,,,
FORM_000639,CAND_R2_220,DOPO-PPO-OH-acetyl,designed,P-only,B,True,True,True,True,True,Candidate,,DOPO-PPO-OH-acetyl,,DDM,DOPO-based (additive),0,0,P-only,100.00%,0.00%,CC(=O)OC(c1ccc(OP(=O)(Oc2ccc(C(O)P3(=O)Oc4ccccc4-c4ccccc43)cc2)c2ccccc2)cc1)P1(=O)Oc2ccccc2-c2ccccc21,,NC1=CC=C(CC2=CC=C(N)C=C2)C=C1,10.0,1.1052958375064523,0.0,0.0,0.0,0.0,0.0,0.0,0.0,0.0,1,0,0,0,0,1,0,0,0,0,0,160.0,3.2,,24.8,,3.2,,,3.0,35.0,,1184.0,,,87.2,,,159.0,,,17.0,,,62.6,,,97.55,,,,,Virtual screening scenario,,,,,,,,,,,,,,,,,,,,,,,,,,,,,,,
FORM_000640,CAND_R2_221,DOPO-PPO-OH-acetyl-all,designed,P-only,B,True,True,True,True,True,Candidate,,DOPO-PPO-OH-acetyl-all,,DDM,DOPO-based (additive),0,0,P-only,100.00%,0.00%,CC(=O)OC(c1ccc(OP(=O)(Oc2ccc(C(OC(C)=O)P3(=O)Oc4ccccc4-c4ccccc43)cc2)c2ccccc2)cc1)P1(=O)Oc2ccccc2-c2ccccc21,,NC1=CC=C(CC2=CC=C(N)C=C2)C=C1,3.42,0.36000978776189896,0.0,0.0,0.0,0.0,0.0,0.0,0.0,0.0,1,0,0,0,0,1,0,0,0,0,0,160.0,3.2,,24.8,,3.2,,,3.0,35.0,,1184.0,,,87.2,,,159.0,,,17.0,,,62.6,,,97.55,,,,,Virtual screening scenario,,,,,,,,,,,,,,,,,,,,,,,,,,,,,,,
FORM_000641,CAND_R2_221,DOPO-PPO-OH-acetyl-all,designed,P-only,B,True,True,True,True,True,Candidate,,DOPO-PPO-OH-acetyl-all,,DDM,DOPO-based (additive),0,0,P-only,100.00%,0.00%,CC(=O)OC(c1ccc(OP(=O)(Oc2ccc(C(OC(C)=O)P3(=O)Oc4ccccc4-c4ccccc43)cc2)c2ccccc2)cc1)P1(=O)Oc2ccccc2-c2ccccc21,,NC1=CC=C(CC2=CC=C(N)C=C2)C=C1,7.0,0.7368621386939452,0.0,0.0,0.0,0.0,0.0,0.0,0.0,0.0,1,0,0,0,0,1,0,0,0,0,0,160.0,3.2,,24.8,,3.2,,,3.0,35.0,,1184.0,,,87.2,,,159.0,,,17.0,,,62.6,,,97.55,,,,,Virtual screening scenario,,,,,,,,,,,,,,,,,,,,,,,,,,,,,,,
FORM_000642,CAND_R2_221,DOPO-PPO-OH-acetyl-all,designed,P-only,B,True,True,True,True,True,Candidate,,DOPO-PPO-OH-acetyl-all,,DDM,DOPO-based (additive),0,0,P-only,100.00%,0.00%,CC(=O)OC(c1ccc(OP(=O)(Oc2ccc(C(OC(C)=O)P3(=O)Oc4ccccc4-c4ccccc43)cc2)c2ccccc2)cc1)P1(=O)Oc2ccccc2-c2ccccc21,,NC1=CC=C(CC2=CC=C(N)C=C2)C=C1,10.0,1.0526601981342076,0.0,0.0,0.0,0.0,0.0,0.0,0.0,0.0,1,0,0,0,0,1,0,0,0,0,0,160.0,3.2,,24.8,,3.2,,,3.0,35.0,,1184.0,,,87.2,,,159.0,,,17.0,,,62.6,,,97.55,,,,,Virtual screening scenario,,,,,,,,,,,,,,,,,,,,,,,,,,,,,,,
FORM_000643,CAND_R2_222,DOPO-PPO-OH-allyl,designed,P-only,B,True,True,True,True,True,Candidate,,DOPO-PPO-OH-allyl,,DDM,DOPO-based (additive),0,0,P-only,100.00%,0.00%,C=CCOC(c1ccc(OP(=O)(Oc2ccc(C(O)P3(=O)Oc4ccccc4-c4ccccc43)cc2)c2ccccc2)cc1)P1(=O)Oc2ccccc2-c2ccccc21,,NC1=CC=C(CC2=CC=C(N)C=C2)C=C1,3.42,0.3788999506394221,0.0,0.0,0.0,0.0,0.0,0.0,0.0,0.0,1,0,0,0,0,1,0,0,0,0,0,160.0,3.2,,24.8,,3.2,,,3.0,35.0,,1184.0,,,87.2,,,159.0,,,17.0,,,62.6,,,97.55,,,,,Virtual screening scenario,,,,,,,,,,,,,,,,,,,,,,,,,,,,,,,
FORM_000644,CAND_R2_222,DOPO-PPO-OH-allyl,designed,P-only,B,True,True,True,True,True,Candidate,,DOPO-PPO-OH-allyl,,DDM,DOPO-based (additive),0,0,P-only,100.00%,0.00%,C=CCOC(c1ccc(OP(=O)(Oc2ccc(C(O)P3(=O)Oc4ccccc4-c4ccccc43)cc2)c2ccccc2)cc1)P1(=O)Oc2ccccc2-c2ccccc21,,NC1=CC=C(CC2=CC=C(N)C=C2)C=C1,7.0,0.775526214759051,0.0,0.0,0.0,0.0,0.0,0.0,0.0,0.0,1,0,0,0,0,1,0,0,0,0,0,160.0,3.2,,24.8,,3.2,,,3.0,35.0,,1184.0,,,87.2,,,159.0,,,17.0,,,62.6,,,97.55,,,,,Virtual screening scenario,,,,,,,,,,,,,,,,,,,,,,,,,,,,,,,
FORM_000645,CAND_R2_222,DOPO-PPO-OH-allyl,designed,P-only,B,True,True,True,True,True,Candidate,,DOPO-PPO-OH-allyl,,DDM,DOPO-based (additive),0,0,P-only,100.00%,0.00%,C=CCOC(c1ccc(OP(=O)(Oc2ccc(C(O)P3(=O)Oc4ccccc4-c4ccccc43)cc2)c2ccccc2)cc1)P1(=O)Oc2ccccc2-c2ccccc21,,NC1=CC=C(CC2=CC=C(N)C=C2)C=C1,10.0,1.1078945925129302,0.0,0.0,0.0,0.0,0.0,0.0,0.0,0.0,1,0,0,0,0,1,0,0,0,0,0,160.0,3.2,,24.8,,3.2,,,3.0,35.0,,1184.0,,,87.2,,,159.0,,,17.0,,,62.6,,,97.55,,,,,Virtual screening scenario,,,,,,,,,,,,,,,,,,,,,,,,,,,,,,,
FORM_000646,CAND_R2_223,DOPO-PPO-OH-allyl-all,designed,P-only,B,True,True,True,True,True,Candidate,,DOPO-PPO-OH-allyl-all,,DDM,DOPO-based (additive),0,0,P-only,100.00%,0.00%,C=CCOC(c1ccc(OP(=O)(Oc2ccc(C(OCC=C)P3(=O)Oc4ccccc4-c4ccccc43)cc2)c2ccccc2)cc1)P1(=O)Oc2ccccc2-c2ccccc21,,NC1=CC=C(CC2=CC=C(N)C=C2)C=C1,3.42,0.36162550595078896,0.0,0.0,0.0,0.0,0.0,0.0,0.0,0.0,1,0,0,0,0,1,0,0,0,0,0,160.0,3.2,,24.8,,3.2,,,3.0,35.0,,1184.0,,,87.2,,,159.0,,,17.0,,,62.6,,,97.55,,,,,Virtual screening scenario,,,,,,,,,,,,,,,,,,,,,,,,,,,,,,,
FORM_000647,CAND_R2_223,DOPO-PPO-OH-allyl-all,designed,P-only,B,True,True,True,True,True,Candidate,,DOPO-PPO-OH-allyl-all,,DDM,DOPO-based (additive),0,0,P-only,100.00%,0.00%,C=CCOC(c1ccc(OP(=O)(Oc2ccc(C(OCC=C)P3(=O)Oc4ccccc4-c4ccccc43)cc2)c2ccccc2)cc1)P1(=O)Oc2ccccc2-c2ccccc21,,NC1=CC=C(CC2=CC=C(N)C=C2)C=C1,7.0,0.740169164226761,0.0,0.0,0.0,0.0,0.0,0.0,0.0,0.0,1,0,0,0,0,1,0,0,0,0,0,160.0,3.2,,24.8,,3.2,,,3.0,35.0,,1184.0,,,87.2,,,159.0,,,17.0,,,62.6,,,97.55,,,,,Virtual screening scenario,,,,,,,,,,,,,,,,,,,,,,,,,,,,,,,
FORM_000648,CAND_R2_223,DOPO-PPO-OH-allyl-all,designed,P-only,B,True,True,True,True,True,Candidate,,DOPO-PPO-OH-allyl-all,,DDM,DOPO-based (additive),0,0,P-only,100.00%,0.00%,C=CCOC(c1ccc(OP(=O)(Oc2ccc(C(OCC=C)P3(=O)Oc4ccccc4-c4ccccc43)cc2)c2ccccc2)cc1)P1(=O)Oc2ccccc2-c2ccccc21,,NC1=CC=C(CC2=CC=C(N)C=C2)C=C1,10.0,1.0573845203239443,0.0,0.0,0.0,0.0,0.0,0.0,0.0,0.0,1,0,0,0,0,1,0,0,0,0,0,160.0,3.2,,24.8,,3.2,,,3.0,35.0,,1184.0,,,87.2,,,159.0,,,17.0,,,62.6,,,97.55,,,,,Virtual screening scenario,,,,,,,,,,,,,,,,,,,,,,,,,,,,,,,
FORM_000649,CAND_R2_224,PAD-amino,designed,P-N-S,B,True,True,True,True,True,Candidate,,PAD-amino,,DDM,DOPO-based (Co-curing),2,1,P-N-S,100.00%,0.00%,Nc1ccc2nc(NC(c3ccc(OP(=O)(Oc4ccc(C(Nc5nc6ccccc6s5)P5(=O)Oc6ccccc6-c6ccccc65)cc4)c4ccccc4)cc3)P3(=O)Oc4ccccc4-c4ccccc43)sc2c1,,NC1=CC=C(CC2=CC=C(N)C=C2)C=C1,4.0,0.34477551300579373,0.2598561487415334,0.2379612228655601,0.0,0.0,0.7536966488022213,0.6901917737457223,0.0,0.0,1,1,1,0,0,1,0,0,0,0,0,170.0,3.0,,24.0,,3.0,,,3.0,35.0,,1208.0,,,88.0,,,164.3,,,16.5,,,58.7,,,101.3,,,,,Virtual screening scenario,,,,,,,,,,,,,,,,,,,,,,,,,,,,,,,
FORM_000650,CAND_R2_224,PAD-amino,designed,P-N-S,B,True,True,True,True,True,Candidate,,PAD-amino,,DDM,DOPO-based (Co-curing),2,1,P-N-S,100.00%,0.00%,Nc1ccc2nc(NC(c3ccc(OP(=O)(Oc4ccc(C(Nc5nc6ccccc6s5)P5(=O)Oc6ccccc6-c6ccccc65)cc4)c4ccccc4)cc3)P3(=O)Oc4ccccc4-c4ccccc43)sc2c1,,NC1=CC=C(CC2=CC=C(N)C=C2)C=C1,6.78,0.5843944945448204,0.44045617211689914,0.40334427275712437,0.0,0.0,0.7536966488022213,0.6901917737457222,0.0,0.0,1,1,1,0,0,1,0,0,0,0,0,170.0,3.0,,24.0,,3.0,,,3.0,35.0,,1208.0,,,88.0,,,164.3,,,16.5,,,58.7,,,101.3,,,,,Virtual screening scenario,,,,,,,,,,,,,,,,,,,,,,,,,,,,,,,
FORM_000651,CAND_R2_224,PAD-amino,designed,P-N-S,B,True,True,True,True,True,Candidate,,PAD-amino,,DDM,DOPO-based (Co-curing),2,1,P-N-S,100.00%,0.00%,Nc1ccc2nc(NC(c3ccc(OP(=O)(Oc4ccc(C(Nc5nc6ccccc6s5)P5(=O)Oc6ccccc6-c6ccccc65)cc4)c4ccccc4)cc3)P3(=O)Oc4ccccc4-c4ccccc43)sc2c1,,NC1=CC=C(CC2=CC=C(N)C=C2)C=C1,10.19,0.8783156193822594,0.6619835389190564,0.6062062152500143,0.0,0.0,0.7536966488022214,0.6901917737457223,0.0,0.0,1,1,1,0,0,1,0,0,0,0,0,170.0,3.0,,24.0,,3.0,,,3.0,35.0,,1208.0,,,88.0,,,164.3,,,16.5,,,58.7,,,101.3,,,,,Virtual screening scenario,,,,,,,,,,,,,,,,,,,,,,,,,,,,,,,
FORM_000652,CAND_R2_225,PAD-hydroxy,designed,P-N-S,B,True,True,True,True,True,Candidate,,PAD-hydroxy,,DDM,DOPO-based (additive),0,1,P-N-S,100.00%,0.00%,O=P(Oc1ccc(C(Nc2nc3ccccc3s2)P2(=O)Oc3ccccc3-c3ccccc32)cc1)(Oc1ccc(C(Nc2nc3ccc(O)cc3s2)P2(=O)Oc3ccccc3-c3ccccc32)cc1)c1ccccc1,,NC1=CC=C(CC2=CC=C(N)C=C2)C=C1,3.42,0.2945142450432883,0.1775795196109141,0.20327130917980946,0.0,0.0,0.602957319041777,0.6901917737457223,0.0,0.0,1,1,1,0,0,1,0,0,0,0,0,160.0,3.2,,24.8,,3.2,,,3.0,35.0,,1184.0,,,87.2,,,159.0,,,17.0,,,62.6,,,97.55,,,,,Virtual screening scenario,,,,,,,,,,,,,,,,,,,,,,,,,,,,,,,
FORM_000653,CAND_R2_225,PAD-hydroxy,designed,P-N-S,B,True,True,True,True,True,Candidate,,PAD-hydroxy,,DDM,DOPO-based (additive),0,1,P-N-S,100.00%,0.00%,O=P(Oc1ccc(C(Nc2nc3ccccc3s2)P2(=O)Oc3ccccc3-c3ccccc32)cc1)(Oc1ccc(C(Nc2nc3ccc(O)cc3s2)P2(=O)Oc3ccccc3-c3ccccc32)cc1)c1ccccc1,,NC1=CC=C(CC2=CC=C(N)C=C2)C=C1,7.0,0.6028069342991281,0.3634668530047949,0.4160523872101363,0.0,0.0,0.6029573190417771,0.6901917737457223,0.0,0.0,1,1,1,0,0,1,0,0,0,0,0,160.0,3.2,,24.8,,3.2,,,3.0,35.0,,1184.0,,,87.2,,,159.0,,,17.0,,,62.6,,,97.55,,,,,Virtual screening scenario,,,,,,,,,,,,,,,,,,,,,,,,,,,,,,,
FORM_000654,CAND_R2_225,PAD-hydroxy,designed,P-N-S,B,True,True,True,True,True,Candidate,,PAD-hydroxy,,DDM,DOPO-based (additive),0,1,P-N-S,100.00%,0.00%,O=P(Oc1ccc(C(Nc2nc3ccccc3s2)P2(=O)Oc3ccccc3-c3ccccc32)cc1)(Oc1ccc(C(Nc2nc3ccc(O)cc3s2)P2(=O)Oc3ccccc3-c3ccccc32)cc1)c1ccccc1,,NC1=CC=C(CC2=CC=C(N)C=C2)C=C1,10.0,0.8611527632844687,0.5192383614354213,0.5943605531573376,0.0,0.0,0.6029573190417772,0.6901917737457224,0.0,0.0,1,1,1,0,0,1,0,0,0,0,0,160.0,3.2,,24.8,,3.2,,,3.0,35.0,,1184.0,,,87.2,,,159.0,,,17.0,,,62.6,,,97.55,,,,,Virtual screening scenario,,,,,,,,,,,,,,,,,,,,,,,,,,,,,,,
FORM_000655,CAND_R2_226,PAD-hydroxymethyl,designed,P-N-S,B,True,True,True,True,True,Candidate,,PAD-hydroxymethyl,,DDM,DOPO-based (additive),0,1,P-N-S,100.00%,0.00%,O=P(Oc1ccc(C(Nc2nc3ccccc3s2)P2(=O)Oc3ccccc3-c3ccccc32)cc1)(Oc1ccc(C(Nc2nc3ccc(CO)cc3s2)P2(=O)Oc3ccccc3-c3ccccc32)cc1)c1ccccc1,,NC1=CC=C(CC2=CC=C(N)C=C2)C=C1,3.42,0.2907348392461958,0.1753006992239282,0.20066279438900927,0.0,0.0,0.602957319041777,0.6901917737457222,0.0,0.0,1,1,1,0,0,1,0,0,0,0,0,160.0,3.2,,24.8,,3.2,,,3.0,35.0,,1184.0,,,87.2,,,159.0,,,17.0,,,62.6,,,97.55,,,,,Virtual screening scenario,,,,,,,,,,,,,,,,,,,,,,,,,,,,,,,
FORM_000656,CAND_R2_226,PAD-hydroxymethyl,designed,P-N-S,B,True,True,True,True,True,Candidate,,PAD-hydroxymethyl,,DDM,DOPO-based (additive),0,1,P-N-S,100.00%,0.00%,O=P(Oc1ccc(C(Nc2nc3ccccc3s2)P2(=O)Oc3ccccc3-c3ccccc32)cc1)(Oc1ccc(C(Nc2nc3ccc(CO)cc3s2)P2(=O)Oc3ccccc3-c3ccccc32)cc1)c1ccccc1,,NC1=CC=C(CC2=CC=C(N)C=C2)C=C1,7.0,0.5950713083986464,0.35880260075073034,0.4107133218488494,0.0,0.0,0.6029573190417771,0.6901917737457222,0.0,0.0,1,1,1,0,0,1,0,0,0,0,0,160.0,3.2,,24.8,,3.2,,,3.0,35.0,,1184.0,,,87.2,,,159.0,,,17.0,,,62.6,,,97.55,,,,,Virtual screening scenario,,,,,,,,,,,,,,,,,,,,,,,,,,,,,,,
FORM_000657,CAND_R2_226,PAD-hydroxymethyl,designed,P-N-S,B,True,True,True,True,True,Candidate,,PAD-hydroxymethyl,,DDM,DOPO-based (additive),0,1,P-N-S,100.00%,0.00%,O=P(Oc1ccc(C(Nc2nc3ccccc3s2)P2(=O)Oc3ccccc3-c3ccccc32)cc1)(Oc1ccc(C(Nc2nc3ccc(CO)cc3s2)P2(=O)Oc3ccccc3-c3ccccc32)cc1)c1ccccc1,,NC1=CC=C(CC2=CC=C(N)C=C2)C=C1,10.0,0.8501018691409234,0.5125751439296147,0.5867333169269277,0.0,0.0,0.602957319041777,0.690191773745722,0.0,0.0,1,1,1,0,0,1,0,0,0,0,0,160.0,3.2,,24.8,,3.2,,,3.0,35.0,,1184.0,,,87.2,,,159.0,,,17.0,,,62.6,,,97.55,,,,,Virtual screening scenario,,,,,,,,,,,,,,,,,,,,,,,,,,,,,,,
FORM_000658,CAND_R2_227,PAD-carboxamide,designed,P-N-S,B,True,True,True,True,True,Candidate,,PAD-carboxamide,,DDM,DOPO-based (additive),0,1,P-N-S,100.00%,0.00%,NC(=O)c1ccc2nc(NC(c3ccc(OP(=O)(Oc4ccc(C(Nc5nc6ccccc6s5)P5(=O)Oc6ccccc6-c6ccccc65)cc4)c4ccccc4)cc3)P3(=O)Oc4ccccc4-c4ccccc43)sc2c1,,NC1=CC=C(CC2=CC=C(N)C=C2)C=C1,3.42,0.28731799491532156,0.21655060990825153,0.19830451653967018,0.0,0.0,0.7536966488022213,0.6901917737457222,0.0,0.0,1,1,1,0,0,1,0,0,0,0,0,160.0,3.2,,24.8,,3.2,,,3.0,35.0,,1184.0,,,87.2,,,159.0,,,17.0,,,62.6,,,97.55,,,,,Virtual screening scenario,,,,,,,,,,,,,,,,,,,,,,,,,,,,,,,
FORM_000659,CAND_R2_227,PAD-carboxamide,designed,P-N-S,B,True,True,True,True,True,Candidate,,PAD-carboxamide,,DDM,DOPO-based (additive),0,1,P-N-S,100.00%,0.00%,NC(=O)c1ccc2nc(NC(c3ccc(OP(=O)(Oc4ccc(C(Nc5nc6ccccc6s5)P5(=O)Oc6ccccc6-c6ccccc65)cc4)c4ccccc4)cc3)P3(=O)Oc4ccccc4-c4ccccc43)sc2c1,,NC1=CC=C(CC2=CC=C(N)C=C2)C=C1,7.0,0.5880777673705413,0.4432322425022692,0.4058864373618981,0.0,0.0,0.7536966488022212,0.6901917737457223,0.0,0.0,1,1,1,0,0,1,0,0,0,0,0,160.0,3.2,,24.8,,3.2,,,3.0,35.0,,1184.0,,,87.2,,,159.0,,,17.0,,,62.6,,,97.55,,,,,Virtual screening scenario,,,,,,,,,,,,,,,,,,,,,,,,,,,,,,,
FORM_000660,CAND_R2_227,PAD-carboxamide,designed,P-N-S,B,True,True,True,True,True,Candidate,,PAD-carboxamide,,DDM,DOPO-based (additive),0,1,P-N-S,100.00%,0.00%,NC(=O)c1ccc2nc(NC(c3ccc(OP(=O)(Oc4ccc(C(Nc5nc6ccccc6s5)P5(=O)Oc6ccccc6-c6ccccc65)cc4)c4ccccc4)cc3)P3(=O)Oc4ccccc4-c4ccccc43)sc2c1,,NC1=CC=C(CC2=CC=C(N)C=C2)C=C1,10.0,0.8401110962436305,0.6331889178603846,0.5798377676598544,0.0,0.0,0.7536966488022212,0.6901917737457222,0.0,0.0,1,1,1,0,0,1,0,0,0,0,0,160.0,3.2,,24.8,,3.2,,,3.0,35.0,,1184.0,,,87.2,,,159.0,,,17.0,,,62.6,,,97.55,,,,,Virtual screening scenario,,,,,,,,,,,,,,,,,,,,,,,,,,,,,,,
FORM_000661,CAND_R2_228,PAD-boronic-acid,designed,P-N-B-S,B,True,True,True,True,True,Candidate,,PAD-boronic-acid,,DDM,DOPO-based (additive),0,1,P-N-B-S,100.00%,0.00%,O=P(Oc1ccc(C(Nc2nc3ccccc3s2)P2(=O)Oc3ccccc3-c3ccccc32)cc1)(Oc1ccc(C(Nc2nc3ccc(B(O)O)cc3s2)P2(=O)Oc3ccccc3-c3ccccc32)cc1)c1ccccc1,,NC1=CC=C(CC2=CC=C(N)C=C2)C=C1,3.42,0.2871121486799155,0.1731163714323659,0.19816244316133638,0.03340712158075856,0.0,0.602957319041777,0.6901917737457222,0.1163556531284303,0.0,1,1,1,1,0,1,0,0,0,0,0,160.0,3.2,,24.8,,3.2,,,3.0,35.0,,1184.0,,,87.2,,,159.0,,,17.0,,,62.6,,,97.55,,,,,Virtual screening scenario,,,,,,,,,,,,,,,,,,,,,,,,,,,,,,,
FORM_000662,CAND_R2_228,PAD-boronic-acid,designed,P-N-B-S,B,True,True,True,True,True,Candidate,,PAD-boronic-acid,,DDM,DOPO-based (additive),0,1,P-N-B-S,100.00%,0.00%,O=P(Oc1ccc(C(Nc2nc3ccccc3s2)P2(=O)Oc3ccccc3-c3ccccc32)cc1)(Oc1ccc(C(Nc2nc3ccc(B(O)O)cc3s2)P2(=O)Oc3ccccc3-c3ccccc32)cc1)c1ccccc1,,NC1=CC=C(CC2=CC=C(N)C=C2)C=C1,7.0,0.5876564446664937,0.35433175439373144,0.40559564389747216,0.06837714943430115,0.0,0.6029573190417771,0.6901917737457223,0.11635565312843033,0.0,1,1,1,1,0,1,0,0,0,0,0,160.0,3.2,,24.8,,3.2,,,3.0,35.0,,1184.0,,,87.2,,,159.0,,,17.0,,,62.6,,,97.55,,,,,Virtual screening scenario,,,,,,,,,,,,,,,,,,,,,,,,,,,,,,,
FORM_000663,CAND_R2_228,PAD-boronic-acid,designed,P-N-B-S,B,True,True,True,True,True,Candidate,,PAD-boronic-acid,,DDM,DOPO-based (additive),0,1,P-N-B-S,100.00%,0.00%,O=P(Oc1ccc(C(Nc2nc3ccccc3s2)P2(=O)Oc3ccccc3-c3ccccc32)cc1)(Oc1ccc(C(Nc2nc3ccc(B(O)O)cc3s2)P2(=O)Oc3ccccc3-c3ccccc32)cc1)c1ccccc1,,NC1=CC=C(CC2=CC=C(N)C=C2)C=C1,10.0,0.8395092066664196,0.5061882205624735,0.5794223484249602,0.09768164204900164,0.0,0.6029573190417771,0.6901917737457222,0.11635565312843031,0.0,1,1,1,1,0,1,0,0,0,0,0,160.0,3.2,,24.8,,3.2,,,3.0,35.0,,1184.0,,,87.2,,,159.0,,,17.0,,,62.6,,,97.55,,,,,Virtual screening scenario,,,,,,,,,,,,,,,,,,,,,,,,,,,,,,,
FORM_000664,CAND_R2_229,PAD-pinacol-boronate,designed,P-N-B-S,B,True,True,True,True,True,Candidate,,PAD-pinacol-boronate,,DDM,DOPO-based (additive),0,1,P-N-B-S,100.00%,0.00%,CC1(C)OB(c2ccc3nc(NC(c4ccc(OP(=O)(Oc5ccc(C(Nc6nc7ccccc7s6)P6(=O)Oc7ccccc7-c7ccccc76)cc5)c5ccccc5)cc4)P4(=O)Oc5ccccc5-c5ccccc54)sc3c2)OC1(C)C,,NC1=CC=C(CC2=CC=C(N)C=C2)C=C1,3.42,0.26727617246996865,0.1611561243962399,0.18447181555701522,0.03109909361341018,0.0,0.6029573190417771,0.6901917737457222,0.11635565312843028,0.0,1,1,1,1,0,1,0,0,0,0,0,160.0,3.2,,24.8,,3.2,,,3.0,35.0,,1184.0,,,87.2,,,159.0,,,17.0,,,62.6,,,97.55,,,,,Virtual screening scenario,,,,,,,,,,,,,,,,,,,,,,,,,,,,,,,
FORM_000665,CAND_R2_229,PAD-pinacol-boronate,designed,P-N-B-S,B,True,True,True,True,True,Candidate,,PAD-pinacol-boronate,,DDM,DOPO-based (additive),0,1,P-N-B-S,100.00%,0.00%,CC1(C)OB(c2ccc3nc(NC(c4ccc(OP(=O)(Oc5ccc(C(Nc6nc7ccccc7s6)P6(=O)Oc7ccccc7-c7ccccc76)cc5)c5ccccc5)cc4)P4(=O)Oc5ccccc5-c5ccccc54)sc3c2)OC1(C)C,,NC1=CC=C(CC2=CC=C(N)C=C2)C=C1,7.0,0.547056493359585,0.32985171660049106,0.3775738914909669,0.0636531155830033,0.0,0.6029573190417771,0.6901917737457223,0.11635565312843028,0.0,1,1,1,1,0,1,0,0,0,0,0,160.0,3.2,,24.8,,3.2,,,3.0,35.0,,1184.0,,,87.2,,,159.0,,,17.0,,,62.6,,,97.55,,,,,Virtual screening scenario,,,,,,,,,,,,,,,,,,,,,,,,,,,,,,,
FORM_000666,CAND_R2_229,PAD-pinacol-boronate,designed,P-N-B-S,B,True,True,True,True,True,Candidate,,PAD-pinacol-boronate,,DDM,DOPO-based (additive),0,1,P-N-B-S,100.00%,0.00%,CC1(C)OB(c2ccc3nc(NC(c4ccc(OP(=O)(Oc5ccc(C(Nc6nc7ccccc7s6)P6(=O)Oc7ccccc7-c7ccccc76)cc5)c5ccccc5)cc4)P4(=O)Oc5ccccc5-c5ccccc54)sc3c2)OC1(C)C,,NC1=CC=C(CC2=CC=C(N)C=C2)C=C1,10.0,0.7815092762279785,0.4712167380007016,0.539391273558524,0.09093302226143328,0.0,0.6029573190417772,0.6901917737457222,0.1163556531284303,0.0,1,1,1,1,0,1,0,0,0,0,0,160.0,3.2,,24.8,,3.2,,,3.0,35.0,,1184.0,,,87.2,,,159.0,,,17.0,,,62.6,,,97.55,,,,,Virtual screening scenario,,,,,,,,,,,,,,,,,,,,,,,,,,,,,,,
FORM_000667,CAND_R2_230,PAD-trimethoxysilyl,designed,P-N-Si-S,B,True,True,True,True,True,Candidate,,PAD-trimethoxysilyl,,DDS,DOPO-based (Additive + Secondary Crosslinking),3,1,P-N-Si-S,100.00%,0.00%,CO[Si](OC)(OC)c1ccc2nc(NC(c3ccc(OP(=O)(Oc4ccc(C(Nc5nc6ccccc6s5)P5(=O)Oc6ccccc6-c6ccccc65)cc4)c4ccccc4)cc3)P3(=O)Oc4ccccc4-c4ccccc43)sc2c1,,NC1=CC=C(C=C1)S(=O)(=O)C1=CC=C(N)C=C1,3.5,0.27486534659992234,0.165732072483378,0.18970980111103317,0.0,0.08307901384607971,0.6029573190417771,0.6901917737457224,0.0,0.30225350293794795,1,1,1,0,1,1,1,0,0,0,0,250.0,4.0,,22.4,,3.0,,,4.0,35.0,,867.99,,,114.14500000000001,,,180.0,,,16.9,,,52.14,,,95.65,,,,,Virtual screening scenario,,,,,,,,,,,,,,,,,,,,,,,,,,,,,,,
FORM_000668,CAND_R2_230,PAD-trimethoxysilyl,designed,P-N-Si-S,B,True,True,True,True,True,Candidate,,PAD-trimethoxysilyl,,DDS,DOPO-based (Additive + Secondary Crosslinking),3,1,P-N-Si-S,100.00%,0.00%,CO[Si](OC)(OC)c1ccc2nc(NC(c3ccc(OP(=O)(Oc4ccc(C(Nc5nc6ccccc6s5)P5(=O)Oc6ccccc6-c6ccccc65)cc4)c4ccccc4)cc3)P3(=O)Oc4ccccc4-c4ccccc43)sc2c1,,NC1=CC=C(C=C1)S(=O)(=O)C1=CC=C(N)C=C1,5.29,0.4154393381467398,0.2504921895534485,0.28673281367924724,0.0,0.12556799521307477,0.6029573190417771,0.6901917737457223,0.0,0.30225350293794795,1,1,1,0,1,1,1,0,0,0,0,250.0,4.0,,22.4,,3.0,,,4.0,35.0,,867.99,,,114.14500000000001,,,180.0,,,16.9,,,52.14,,,95.65,,,,,Virtual screening scenario,,,,,,,,,,,,,,,,,,,,,,,,,,,,,,,
FORM_000669,CAND_R2_230,PAD-trimethoxysilyl,designed,P-N-Si-S,B,True,True,True,True,True,Candidate,,PAD-trimethoxysilyl,,DDS,DOPO-based (Additive + Secondary Crosslinking),3,1,P-N-Si-S,100.00%,0.00%,CO[Si](OC)(OC)c1ccc2nc(NC(c3ccc(OP(=O)(Oc4ccc(C(Nc5nc6ccccc6s5)P5(=O)Oc6ccccc6-c6ccccc65)cc4)c4ccccc4)cc3)P3(=O)Oc4ccccc4-c4ccccc43)sc2c1,,NC1=CC=C(C=C1)S(=O)(=O)C1=CC=C(N)C=C1,10.0,0.7853295617140639,0.47352020709536574,0.5420280031743804,0.0,0.23736861098879916,0.6029573190417771,0.6901917737457223,0.0,0.30225350293794795,1,1,1,0,1,1,1,0,0,0,0,250.0,4.0,,22.4,,3.0,,,4.0,35.0,,867.99,,,114.14500000000001,,,180.0,,,16.9,,,52.14,,,95.65,,,,,Virtual screening scenario,,,,,,,,,,,,,,,,,,,,,,,,,,,,,,,
FORM_000670,CAND_R2_231,PAD-triethoxysilyl,designed,P-N-Si-S,B,True,True,True,True,True,Candidate,,PAD-triethoxysilyl,,DDS,DOPO-based (Additive + Secondary Crosslinking),3,1,P-N-Si-S,100.00%,0.00%,CCO[Si](OCC)(OCC)c1ccc2nc(NC(c3ccc(OP(=O)(Oc4ccc(C(Nc5nc6ccccc6s5)P5(=O)Oc6ccccc6-c6ccccc65)cc4)c4ccccc4)cc3)P3(=O)Oc4ccccc4-c4ccccc43)sc2c1,,NC1=CC=C(C=C1)S(=O)(=O)C1=CC=C(N)C=C1,3.5,0.26542555969783815,0.16004028388057165,0.183194537845302,0.0,0.08022580518793701,0.6029573190417771,0.6901917737457223,0.0,0.302253502937948,1,1,1,0,1,1,1,0,0,0,0,250.0,4.0,,22.4,,3.0,,,4.0,35.0,,867.99,,,114.14500000000001,,,180.0,,,16.9,,,52.14,,,95.65,,,,,Virtual screening scenario,,,,,,,,,,,,,,,,,,,,,,,,,,,,,,,
FORM_000671,CAND_R2_231,PAD-triethoxysilyl,designed,P-N-Si-S,B,True,True,True,True,True,Candidate,,PAD-triethoxysilyl,,DDS,DOPO-based (Additive + Secondary Crosslinking),3,1,P-N-Si-S,100.00%,0.00%,CCO[Si](OCC)(OCC)c1ccc2nc(NC(c3ccc(OP(=O)(Oc4ccc(C(Nc5nc6ccccc6s5)P5(=O)Oc6ccccc6-c6ccccc65)cc4)c4ccccc4)cc3)P3(=O)Oc4ccccc4-c4ccccc43)sc2c1,,NC1=CC=C(C=C1)S(=O)(=O)C1=CC=C(N)C=C1,5.29,0.4011717745147325,0.24188945763663544,0.2768854586290422,0.0,0.12125557412691051,0.6029573190417771,0.6901917737457223,0.0,0.302253502937948,1,1,1,0,1,1,1,0,0,0,0,250.0,4.0,,22.4,,3.0,,,4.0,35.0,,867.99,,,114.14500000000001,,,180.0,,,16.9,,,52.14,,,95.65,,,,,Virtual screening scenario,,,,,,,,,,,,,,,,,,,,,,,,,,,,,,,
FORM_000672,CAND_R2_231,PAD-triethoxysilyl,designed,P-N-Si-S,B,True,True,True,True,True,Candidate,,PAD-triethoxysilyl,,DDS,DOPO-based (Additive + Secondary Crosslinking),3,1,P-N-Si-S,100.00%,0.00%,CCO[Si](OCC)(OCC)c1ccc2nc(NC(c3ccc(OP(=O)(Oc4ccc(C(Nc5nc6ccccc6s5)P5(=O)Oc6ccccc6-c6ccccc65)cc4)c4ccccc4)cc3)P3(=O)Oc4ccccc4-c4ccccc43)sc2c1,,NC1=CC=C(C=C1)S(=O)(=O)C1=CC=C(N)C=C1,10.0,0.7583587419938234,0.45725795394449037,0.5234129652722914,0.0,0.22921658625124863,0.602957319041777,0.6901917737457222,0.0,0.302253502937948,1,1,1,0,1,1,1,0,0,0,0,250.0,4.0,,22.4,,3.0,,,4.0,35.0,,867.99,,,114.14500000000001,,,180.0,,,16.9,,,52.14,,,95.65,,,,,Virtual screening scenario,,,,,,,,,,,,,,,,,,,,,,,,,,,,,,,
FORM_000673,CAND_R2_232,PAD-disiloxane,designed,P-N-Si-S,B,True,True,True,True,True,Candidate,,PAD-disiloxane,,DDM,DOPO-based (additive),0,1,P-N-Si-S,100.00%,0.00%,C[Si](C)(C)O[Si](C)(C)c1ccc2nc(NC(c3ccc(OP(=O)(Oc4ccc(C(Nc5nc6ccccc6s5)P5(=O)Oc6ccccc6-c6ccccc65)cc4)c4ccccc4)cc3)P3(=O)Oc4ccccc4-c4ccccc43)sc2c1,,NC1=CC=C(CC2=CC=C(N)C=C2)C=C1,3.42,0.26277346841069926,0.15844118602822432,0.18136408625569606,0.0,0.15884840261257616,0.6029573190417771,0.6901917737457223,0.0,0.604507005875896,1,1,1,0,1,1,0,0,0,0,0,160.0,3.2,,24.8,,3.2,,,3.0,35.0,,1184.0,,,87.2,,,159.0,,,17.0,,,62.6,,,97.55,,,,,Virtual screening scenario,,,,,,,,,,,,,,,,,,,,,,,,,,,,,,,
FORM_000674,CAND_R2_232,PAD-disiloxane,designed,P-N-Si-S,B,True,True,True,True,True,Candidate,,PAD-disiloxane,,DDM,DOPO-based (additive),0,1,P-N-Si-S,100.00%,0.00%,C[Si](C)(C)O[Si](C)(C)c1ccc2nc(NC(c3ccc(OP(=O)(Oc4ccc(C(Nc5nc6ccccc6s5)P5(=O)Oc6ccccc6-c6ccccc65)cc4)c4ccccc4)cc3)P3(=O)Oc4ccccc4-c4ccccc43)sc2c1,,NC1=CC=C(CC2=CC=C(N)C=C2)C=C1,7.0,0.5378404324195598,0.3242948252039679,0.37121304204382227,0.0,0.32512830944094534,0.6029573190417772,0.6901917737457223,0.0,0.6045070058758961,1,1,1,0,1,1,0,0,0,0,0,160.0,3.2,,24.8,,3.2,,,3.0,35.0,,1184.0,,,87.2,,,159.0,,,17.0,,,62.6,,,97.55,,,,,Virtual screening scenario,,,,,,,,,,,,,,,,,,,,,,,,,,,,,,,
FORM_000675,CAND_R2_232,PAD-disiloxane,designed,P-N-Si-S,B,True,True,True,True,True,Candidate,,PAD-disiloxane,,DDM,DOPO-based (additive),0,1,P-N-Si-S,100.00%,0.00%,C[Si](C)(C)O[Si](C)(C)c1ccc2nc(NC(c3ccc(OP(=O)(Oc4ccc(C(Nc5nc6ccccc6s5)P5(=O)Oc6ccccc6-c6ccccc65)cc4)c4ccccc4)cc3)P3(=O)Oc4ccccc4-c4ccccc43)sc2c1,,NC1=CC=C(CC2=CC=C(N)C=C2)C=C1,10.0,0.7683434748850856,0.4632783217199542,0.530304345776889,0.0,0.46446901348706476,0.6029573190417771,0.6901917737457223,0.0,0.604507005875896,1,1,1,0,1,1,0,0,0,0,0,160.0,3.2,,24.8,,3.2,,,3.0,35.0,,1184.0,,,87.2,,,159.0,,,17.0,,,62.6,,,97.55,,,,,Virtual screening scenario,,,,,,,,,,,,,,,,,,,,,,,,,,,,,,,
FORM_000676,CAND_R2_233,PAD-glycidyloxy,designed,P-N-S,B,True,True,True,True,True,Candidate,,PAD-glycidyloxy,,DDM,DOPO-based (Co-curing),2,1,P-N-S,100.00%,0.00%,O=P(Oc1ccc(C(Nc2nc3ccccc3s2)P2(=O)Oc3ccccc3-c3ccccc32)cc1)(Oc1ccc(C(Nc2nc3ccc(OCC4CO4)cc3s2)P2(=O)Oc3ccccc3-c3ccccc32)cc1)c1ccccc1,,NC1=CC=C(CC2=CC=C(N)C=C2)C=C1,4.0,0.32744783306581055,0.1974370675514005,0.22600180071288495,0.0,0.0,0.6029573190417771,0.6901917737457223,0.0,0.0,1,1,1,0,0,1,0,0,0,0,0,170.0,3.0,,24.0,,3.0,,,3.0,35.0,,1208.0,,,88.0,,,164.3,,,16.5,,,58.7,,,101.3,,,,,Virtual screening scenario,,,,,,,,,,,,,,,,,,,,,,,,,,,,,,,
FORM_000677,CAND_R2_233,PAD-glycidyloxy,designed,P-N-S,B,True,True,True,True,True,Candidate,,PAD-glycidyloxy,,DDM,DOPO-based (Co-curing),2,1,P-N-S,100.00%,0.00%,O=P(Oc1ccc(C(Nc2nc3ccccc3s2)P2(=O)Oc3ccccc3-c3ccccc32)cc1)(Oc1ccc(C(Nc2nc3ccc(OCC4CO4)cc3s2)P2(=O)Oc3ccccc3-c3ccccc32)cc1)c1ccccc1,,NC1=CC=C(CC2=CC=C(N)C=C2)C=C1,6.78,0.5550240770465489,0.3346558294996238,0.38307305220834004,0.0,0.0,0.6029573190417771,0.6901917737457224,0.0,0.0,1,1,1,0,0,1,0,0,0,0,0,170.0,3.0,,24.0,,3.0,,,3.0,35.0,,1208.0,,,88.0,,,164.3,,,16.5,,,58.7,,,101.3,,,,,Virtual screening scenario,,,,,,,,,,,,,,,,,,,,,,,,,,,,,,,
FORM_000678,CAND_R2_233,PAD-glycidyloxy,designed,P-N-S,B,True,True,True,True,True,Candidate,,PAD-glycidyloxy,,DDM,DOPO-based (Co-curing),2,1,P-N-S,100.00%,0.00%,O=P(Oc1ccc(C(Nc2nc3ccccc3s2)P2(=O)Oc3ccccc3-c3ccccc32)cc1)(Oc1ccc(C(Nc2nc3ccc(OCC4CO4)cc3s2)P2(=O)Oc3ccccc3-c3ccccc32)cc1)c1ccccc1,,NC1=CC=C(CC2=CC=C(N)C=C2)C=C1,10.19,0.8341733547351524,0.5029709295871928,0.5757395873160744,0.0,0.0,0.6029573190417771,0.6901917737457223,0.0,0.0,1,1,1,0,0,1,0,0,0,0,0,170.0,3.0,,24.0,,3.0,,,3.0,35.0,,1208.0,,,88.0,,,164.3,,,16.5,,,58.7,,,101.3,,,,,Virtual screening scenario,,,,,,,,,,,,,,,,,,,,,,,,,,,,,,,
FORM_000679,CAND_R2_234,PAD-diaminotriazine,designed,P-N-S,B,True,True,True,True,True,Candidate,,PAD-diaminotriazine,,DDM,DOPO-based (Co-curing),2,1,P-N-S,100.00%,0.00%,Nc1nc(N)nc(-c2ccc3nc(NC(c4ccc(OP(=O)(Oc5ccc(C(Nc6nc7ccccc7s6)P6(=O)Oc7ccccc7-c7ccccc76)cc5)c5ccccc5)cc4)P4(=O)Oc5ccccc5-c5ccccc54)sc3c2)n1,,NC1=CC=C(CC2=CC=C(N)C=C2)C=C1,4.0,0.3171034053244719,0.43019959305028854,0.218862161781706,0.0,0.0,1.3566539678439986,0.6901917737457224,0.0,0.0,1,1,1,0,0,1,0,0,0,0,0,170.0,3.0,,24.0,,3.0,,,3.0,35.0,,1208.0,,,88.0,,,164.3,,,16.5,,,58.7,,,101.3,,,,,Virtual screening scenario,,,,,,,,,,,,,,,,,,,,,,,,,,,,,,,
FORM_000680,CAND_R2_234,PAD-diaminotriazine,designed,P-N-S,B,True,True,True,True,True,Candidate,,PAD-diaminotriazine,,DDM,DOPO-based (Co-curing),2,1,P-N-S,100.00%,0.00%,Nc1nc(N)nc(-c2ccc3nc(NC(c4ccc(OP(=O)(Oc5ccc(C(Nc6nc7ccccc7s6)P6(=O)Oc7ccccc7-c7ccccc76)cc5)c5ccccc5)cc4)P4(=O)Oc5ccccc5-c5ccccc54)sc3c2)n1,,NC1=CC=C(CC2=CC=C(N)C=C2)C=C1,6.78,0.5374902720249799,0.7291883102202391,0.37097136421999166,0.0,0.0,1.3566539678439986,0.6901917737457223,0.0,0.0,1,1,1,0,0,1,0,0,0,0,0,170.0,3.0,,24.0,,3.0,,,3.0,35.0,,1208.0,,,88.0,,,164.3,,,16.5,,,58.7,,,101.3,,,,,Virtual screening scenario,,,,,,,,,,,,,,,,,,,,,,,,,,,,,,,
FORM_000681,CAND_R2_234,PAD-diaminotriazine,designed,P-N-S,B,True,True,True,True,True,Candidate,,PAD-diaminotriazine,,DDM,DOPO-based (Co-curing),2,1,P-N-S,100.00%,0.00%,Nc1nc(N)nc(-c2ccc3nc(NC(c4ccc(OP(=O)(Oc5ccc(C(Nc6nc7ccccc7s6)P6(=O)Oc7ccccc7-c7ccccc76)cc5)c5ccccc5)cc4)P4(=O)Oc5ccccc5-c5ccccc54)sc3c2)n1,,NC1=CC=C(CC2=CC=C(N)C=C2)C=C1,10.19,0.8078209250640921,1.09593346329561,0.557551357138896,0.0,0.0,1.3566539678439986,0.6901917737457224,0.0,0.0,1,1,1,0,0,1,0,0,0,0,0,170.0,3.0,,24.0,,3.0,,,3.0,35.0,,1208.0,,,88.0,,,164.3,,,16.5,,,58.7,,,101.3,,,,,Virtual screening scenario,,,,,,,,,,,,,,,,,,,,,,,,,,,,,,,
FORM_000682,CAND_R2_235,PAD-piperazine,designed,P-N-S,B,True,True,True,True,True,Candidate,,PAD-piperazine,,DDM,DOPO-based (Co-curing),2,1,P-N-S,100.00%,0.00%,O=P(Oc1ccc(C(Nc2nc3ccccc3s2)P2(=O)Oc3ccccc3-c3ccccc32)cc1)(Oc1ccc(C(Nc2nc3ccc(N4CCNCC4)cc3s2)P2(=O)Oc3ccccc3-c3ccccc32)cc1)c1ccccc1,,NC1=CC=C(CC2=CC=C(N)C=C2)C=C1,4.0,0.3240057010107526,0.2930424132535425,0.2236260694843375,0.0,0.0,0.9044359785626658,0.6901917737457223,0.0,0.0,1,1,1,0,0,1,0,0,0,0,0,170.0,3.0,,24.0,,3.0,,,3.0,35.0,,1208.0,,,88.0,,,164.3,,,16.5,,,58.7,,,101.3,,,,,Virtual screening scenario,,,,,,,,,,,,,,,,,,,,,,,,,,,,,,,
FORM_000683,CAND_R2_235,PAD-piperazine,designed,P-N-S,B,True,True,True,True,True,Candidate,,PAD-piperazine,,DDM,DOPO-based (Co-curing),2,1,P-N-S,100.00%,0.00%,O=P(Oc1ccc(C(Nc2nc3ccccc3s2)P2(=O)Oc3ccccc3-c3ccccc32)cc1)(Oc1ccc(C(Nc2nc3ccc(N4CCNCC4)cc3s2)P2(=O)Oc3ccccc3-c3ccccc32)cc1)c1ccccc1,,NC1=CC=C(CC2=CC=C(N)C=C2)C=C1,6.78,0.5491896632132257,0.4967068904647546,0.3790461877759521,0.0,0.0,0.9044359785626657,0.6901917737457223,0.0,0.0,1,1,1,0,0,1,0,0,0,0,0,170.0,3.0,,24.0,,3.0,,,3.0,35.0,,1208.0,,,88.0,,,164.3,,,16.5,,,58.7,,,101.3,,,,,Virtual screening scenario,,,,,,,,,,,,,,,,,,,,,,,,,,,,,,,
FORM_000684,CAND_R2_235,PAD-piperazine,designed,P-N-S,B,True,True,True,True,True,Candidate,,PAD-piperazine,,DDM,DOPO-based (Co-curing),2,1,P-N-S,100.00%,0.00%,O=P(Oc1ccc(C(Nc2nc3ccccc3s2)P2(=O)Oc3ccccc3-c3ccccc32)cc1)(Oc1ccc(C(Nc2nc3ccc(N4CCNCC4)cc3s2)P2(=O)Oc3ccccc3-c3ccccc32)cc1)c1ccccc1,,NC1=CC=C(CC2=CC=C(N)C=C2)C=C1,10.19,0.8254045233248922,0.7465255477633995,0.5696874120113498,0.0,0.0,0.9044359785626657,0.6901917737457223,0.0,0.0,1,1,1,0,0,1,0,0,0,0,0,170.0,3.0,,24.0,,3.0,,,3.0,35.0,,1208.0,,,88.0,,,164.3,,,16.5,,,58.7,,,101.3,,,,,Virtual screening scenario,,,,,,,,,,,,,,,,,,,,,,,,,,,,,,,
FORM_000685,CAND_R2_236,PAD-benzamide-linker,designed,P-N-S,B,True,True,True,True,True,Candidate,,PAD-benzamide-linker,,DDM,DOPO-based (additive),0,1,P-N-S,100.00%,0.00%,O=C(Nc1ccc2nc(NC(c3ccc(OP(=O)(Oc4ccc(C(Nc5nc6ccccc6s5)P5(=O)Oc6ccccc6-c6ccccc65)cc4)c4ccccc4)cc3)P3(=O)Oc4ccccc4-c4ccccc43)sc2c1)c1ccccc1,,NC1=CC=C(CC2=CC=C(N)C=C2)C=C1,3.42,0.2688228556733994,0.20261088544248435,0.18553932358061384,0.0,0.0,0.7536966488022213,0.6901917737457223,0.0,0.0,1,1,1,0,0,1,0,0,0,0,0,160.0,3.2,,24.8,,3.2,,,3.0,35.0,,1184.0,,,87.2,,,159.0,,,17.0,,,62.6,,,97.55,,,,,Virtual screening scenario,,,,,,,,,,,,,,,,,,,,,,,,,,,,,,,
FORM_000686,CAND_R2_236,PAD-benzamide-linker,designed,P-N-S,B,True,True,True,True,True,Candidate,,PAD-benzamide-linker,,DDM,DOPO-based (additive),0,1,P-N-S,100.00%,0.00%,O=C(Nc1ccc2nc(NC(c3ccc(OP(=O)(Oc4ccc(C(Nc5nc6ccccc6s5)P5(=O)Oc6ccccc6-c6ccccc65)cc4)c4ccccc4)cc3)P3(=O)Oc4ccccc4-c4ccccc43)sc2c1)c1ccccc1,,NC1=CC=C(CC2=CC=C(N)C=C2)C=C1,7.0,0.5502222192145603,0.41470064271853524,0.379758849434005,0.0,0.0,0.7536966488022213,0.6901917737457223,0.0,0.0,1,1,1,0,0,1,0,0,0,0,0,160.0,3.2,,24.8,,3.2,,,3.0,35.0,,1184.0,,,87.2,,,159.0,,,17.0,,,62.6,,,97.55,,,,,Virtual screening scenario,,,,,,,,,,,,,,,,,,,,,,,,,,,,,,,
FORM_000687,CAND_R2_236,PAD-benzamide-linker,designed,P-N-S,B,True,True,True,True,True,Candidate,,PAD-benzamide-linker,,DDM,DOPO-based (additive),0,1,P-N-S,100.00%,0.00%,O=C(Nc1ccc2nc(NC(c3ccc(OP(=O)(Oc4ccc(C(Nc5nc6ccccc6s5)P5(=O)Oc6ccccc6-c6ccccc65)cc4)c4ccccc4)cc3)P3(=O)Oc4ccccc4-c4ccccc43)sc2c1)c1ccccc1,,NC1=CC=C(CC2=CC=C(N)C=C2)C=C1,10.0,0.786031741735086,0.5924294895979074,0.5425126420485785,0.0,0.0,0.7536966488022212,0.6901917737457223,0.0,0.0,1,1,1,0,0,1,0,0,0,0,0,160.0,3.2,,24.8,,3.2,,,3.0,35.0,,1184.0,,,87.2,,,159.0,,,17.0,,,62.6,,,97.55,,,,,Virtual screening scenario,,,,,,,,,,,,,,,,,,,,,,,,,,,,,,,
FORM_000688,CAND_R2_237,PAD-phenyl,designed,P-N-S,B,True,True,True,True,True,Candidate,,PAD-phenyl,,DDM,DOPO-based (additive),0,1,P-N-S,100.00%,0.00%,O=P(Oc1ccc(C(Nc2nc3ccccc3s2)P2(=O)Oc3ccccc3-c3ccccc32)cc1)(Oc1ccc(C(Nc2nc3ccc(-c4ccccc4)cc3s2)P2(=O)Oc3ccccc3-c3ccccc32)cc1)c1ccccc1,,NC1=CC=C(CC2=CC=C(N)C=C2)C=C1,3.42,0.27897621102216486,0.1682107482743576,0.1925470859182489,0.0,0.0,0.6029573190417772,0.6901917737457224,0.0,0.0,1,1,1,0,0,1,0,0,0,0,0,160.0,3.2,,24.8,,3.2,,,3.0,35.0,,1184.0,,,87.2,,,159.0,,,17.0,,,62.6,,,97.55,,,,,Virtual screening scenario,,,,,,,,,,,,,,,,,,,,,,,,,,,,,,,
FORM_000689,CAND_R2_237,PAD-phenyl,designed,P-N-S,B,True,True,True,True,True,Candidate,,PAD-phenyl,,DDM,DOPO-based (additive),0,1,P-N-S,100.00%,0.00%,O=P(Oc1ccc(C(Nc2nc3ccccc3s2)P2(=O)Oc3ccccc3-c3ccccc32)cc1)(Oc1ccc(C(Nc2nc3ccc(-c4ccccc4)cc3s2)P2(=O)Oc3ccccc3-c3ccccc32)cc1)c1ccccc1,,NC1=CC=C(CC2=CC=C(N)C=C2)C=C1,7.0,0.5710039406886416,0.34429100523991324,0.39410222263969075,0.0,0.0,0.6029573190417771,0.6901917737457223,0.0,0.0,1,1,1,0,0,1,0,0,0,0,0,160.0,3.2,,24.8,,3.2,,,3.0,35.0,,1184.0,,,87.2,,,159.0,,,17.0,,,62.6,,,97.55,,,,,Virtual screening scenario,,,,,,,,,,,,,,,,,,,,,,,,,,,,,,,
FORM_000690,CAND_R2_237,PAD-phenyl,designed,P-N-S,B,True,True,True,True,True,Candidate,,PAD-phenyl,,DDM,DOPO-based (additive),0,1,P-N-S,100.00%,0.00%,O=P(Oc1ccc(C(Nc2nc3ccccc3s2)P2(=O)Oc3ccccc3-c3ccccc32)cc1)(Oc1ccc(C(Nc2nc3ccc(-c4ccccc4)cc3s2)P2(=O)Oc3ccccc3-c3ccccc32)cc1)c1ccccc1,,NC1=CC=C(CC2=CC=C(N)C=C2)C=C1,10.0,0.815719915269488,0.4918442931998761,0.5630031751995582,0.0,0.0,0.6029573190417772,0.6901917737457224,0.0,0.0,1,1,1,0,0,1,0,0,0,0,0,160.0,3.2,,24.8,,3.2,,,3.0,35.0,,1184.0,,,87.2,,,159.0,,,17.0,,,62.6,,,97.55,,,,,Virtual screening scenario,,,,,,,,,,,,,,,,,,,,,,,,,,,,,,,
FORM_000691,CAND_R2_238,PAD-biphenyl,designed,P-N-S,B,True,True,True,True,True,Candidate,,PAD-biphenyl,,DDM,DOPO-based (additive),0,1,P-N-S,100.00%,0.00%,O=P(Oc1ccc(C(Nc2nc3ccccc3s2)P2(=O)Oc3ccccc3-c3ccccc32)cc1)(Oc1ccc(C(Nc2nc3ccc(-c4ccc(-c5ccccc5)cc4)cc3s2)P2(=O)Oc3ccccc3-c3ccccc32)cc1)c1ccccc1,,NC1=CC=C(CC2=CC=C(N)C=C2)C=C1,3.42,0.26150678179354014,0.15767742806147597,0.18048982957261903,0.0,0.0,0.6029573190417771,0.6901917737457223,0.0,0.0,1,1,1,0,0,1,0,0,0,0,0,160.0,3.2,,24.8,,3.2,,,3.0,35.0,,1184.0,,,87.2,,,159.0,,,17.0,,,62.6,,,97.55,,,,,Virtual screening scenario,,,,,,,,,,,,,,,,,,,,,,,,,,,,,,,
FORM_000692,CAND_R2_238,PAD-biphenyl,designed,P-N-S,B,True,True,True,True,True,Candidate,,PAD-biphenyl,,DDM,DOPO-based (additive),0,1,P-N-S,100.00%,0.00%,O=P(Oc1ccc(C(Nc2nc3ccccc3s2)P2(=O)Oc3ccccc3-c3ccccc32)cc1)(Oc1ccc(C(Nc2nc3ccc(-c4ccc(-c5ccccc5)cc4)cc3s2)P2(=O)Oc3ccccc3-c3ccccc32)cc1)c1ccccc1,,NC1=CC=C(CC2=CC=C(N)C=C2)C=C1,7.0,0.5352477989926261,0.3227315779036058,0.3694236277802144,0.0,0.0,0.6029573190417771,0.6901917737457223,0.0,0.0,1,1,1,0,0,1,0,0,0,0,0,160.0,3.2,,24.8,,3.2,,,3.0,35.0,,1184.0,,,87.2,,,159.0,,,17.0,,,62.6,,,97.55,,,,,Virtual screening scenario,,,,,,,,,,,,,,,,,,,,,,,,,,,,,,,
FORM_000693,CAND_R2_238,PAD-biphenyl,designed,P-N-S,B,True,True,True,True,True,Candidate,,PAD-biphenyl,,DDM,DOPO-based (additive),0,1,P-N-S,100.00%,0.00%,O=P(Oc1ccc(C(Nc2nc3ccccc3s2)P2(=O)Oc3ccccc3-c3ccccc32)cc1)(Oc1ccc(C(Nc2nc3ccc(-c4ccc(-c5ccccc5)cc4)cc3s2)P2(=O)Oc3ccccc3-c3ccccc32)cc1)c1ccccc1,,NC1=CC=C(CC2=CC=C(N)C=C2)C=C1,10.0,0.7646397128466087,0.46104511129086545,0.5277480396860206,0.0,0.0,0.6029573190417771,0.6901917737457223,0.0,0.0,1,1,1,0,0,1,0,0,0,0,0,160.0,3.2,,24.8,,3.2,,,3.0,35.0,,1184.0,,,87.2,,,159.0,,,17.0,,,62.6,,,97.55,,,,,Virtual screening scenario,,,,,,,,,,,,,,,,,,,,,,,,,,,,,,,
FORM_000694,CAND_R2_239,PAD-NH-methyl,designed,P-N-S,B,True,True,True,True,True,Candidate,,PAD-NH-methyl,,DDM,DOPO-based (additive),0,1,P-N-S,100.00%,0.00%,CN(c1nc2ccccc2s1)C(c1ccc(OP(=O)(Oc2ccc(C(Nc3nc4ccccc4s3)P3(=O)Oc4ccccc4-c4ccccc43)cc2)c2ccccc2)cc1)P1(=O)Oc2ccccc2-c2ccccc21,,NC1=CC=C(CC2=CC=C(N)C=C2)C=C1,3.42,0.29505346913385383,0.1779046487229242,0.20364347721132328,0.0,0.0,0.602957319041777,0.6901917737457223,0.0,0.0,1,1,1,0,0,1,0,0,0,0,0,160.0,3.2,,24.8,,3.2,,,3.0,35.0,,1184.0,,,87.2,,,159.0,,,17.0,,,62.6,,,97.55,,,,,Virtual screening scenario,,,,,,,,,,,,,,,,,,,,,,,,,,,,,,,
FORM_000695,CAND_R2_239,PAD-NH-methyl,designed,P-N-S,B,True,True,True,True,True,Candidate,,PAD-NH-methyl,,DDM,DOPO-based (additive),0,1,P-N-S,100.00%,0.00%,CN(c1nc2ccccc2s1)C(c1ccc(OP(=O)(Oc2ccc(C(Nc3nc4ccccc4s3)P3(=O)Oc4ccccc4-c4ccccc43)cc2)c2ccccc2)cc1)P1(=O)Oc2ccccc2-c2ccccc21,,NC1=CC=C(CC2=CC=C(N)C=C2)C=C1,7.0,0.6039106093382973,0.3641323219475056,0.41681413464305933,0.0,0.0,0.6029573190417769,0.6901917737457222,0.0,0.0,1,1,1,0,0,1,0,0,0,0,0,160.0,3.2,,24.8,,3.2,,,3.0,35.0,,1184.0,,,87.2,,,159.0,,,17.0,,,62.6,,,97.55,,,,,Virtual screening scenario,,,,,,,,,,,,,,,,,,,,,,,,,,,,,,,
FORM_000696,CAND_R2_239,PAD-NH-methyl,designed,P-N-S,B,True,True,True,True,True,Candidate,,PAD-NH-methyl,,DDM,DOPO-based (additive),0,1,P-N-S,100.00%,0.00%,CN(c1nc2ccccc2s1)C(c1ccc(OP(=O)(Oc2ccc(C(Nc3nc4ccccc4s3)P3(=O)Oc4ccccc4-c4ccccc43)cc2)c2ccccc2)cc1)P1(=O)Oc2ccccc2-c2ccccc21,,NC1=CC=C(CC2=CC=C(N)C=C2)C=C1,10.0,0.8627294419118533,0.5201890313535795,0.5954487637757991,0.0,0.0,0.602957319041777,0.6901917737457223,0.0,0.0,1,1,1,0,0,1,0,0,0,0,0,160.0,3.2,,24.8,,3.2,,,3.0,35.0,,1184.0,,,87.2,,,159.0,,,17.0,,,62.6,,,97.55,,,,,Virtual screening scenario,,,,,,,,,,,,,,,,,,,,,,,,,,,,,,,
FORM_000697,CAND_R2_240,PAD-NH-methyl-all,designed,P-N-S,B,True,True,True,True,True,Candidate,,PAD-NH-methyl-all,,DDM,DOPO-based (additive),0,1,P-N-S,100.00%,0.00%,CN(c1nc2ccccc2s1)C(c1ccc(OP(=O)(Oc2ccc(C(N(C)c3nc4ccccc4s3)P3(=O)Oc4ccccc4-c4ccccc43)cc2)c2ccccc2)cc1)P1(=O)Oc2ccccc2-c2ccccc21,,NC1=CC=C(CC2=CC=C(N)C=C2)C=C1,3.42,0.29126030041325374,0.17561752988047807,0.2010254633639355,0.0,0.0,0.6029573190417771,0.6901917737457223,0.0,0.0,1,1,1,0,0,1,0,0,0,0,0,160.0,3.2,,24.8,,3.2,,,3.0,35.0,,1184.0,,,87.2,,,159.0,,,17.0,,,62.6,,,97.55,,,,,Virtual screening scenario,,,,,,,,,,,,,,,,,,,,,,,,,,,,,,,
FORM_000698,CAND_R2_240,PAD-NH-methyl-all,designed,P-N-S,B,True,True,True,True,True,Candidate,,PAD-NH-methyl-all,,DDM,DOPO-based (additive),0,1,P-N-S,100.00%,0.00%,CN(c1nc2ccccc2s1)C(c1ccc(OP(=O)(Oc2ccc(C(N(C)c3nc4ccccc4s3)P3(=O)Oc4ccccc4-c4ccccc43)cc2)c2ccccc2)cc1)P1(=O)Oc2ccccc2-c2ccccc21,,NC1=CC=C(CC2=CC=C(N)C=C2)C=C1,7.0,0.5961468137113382,0.35945108455068614,0.411455626768289,0.0,0.0,0.6029573190417771,0.690191773745722,0.0,0.0,1,1,1,0,0,1,0,0,0,0,0,160.0,3.2,,24.8,,3.2,,,3.0,35.0,,1184.0,,,87.2,,,159.0,,,17.0,,,62.6,,,97.55,,,,,Virtual screening scenario,,,,,,,,,,,,,,,,,,,,,,,,,,,,,,,
FORM_000699,CAND_R2_240,PAD-NH-methyl-all,designed,P-N-S,B,True,True,True,True,True,Candidate,,PAD-NH-methyl-all,,DDM,DOPO-based (additive),0,1,P-N-S,100.00%,0.00%,CN(c1nc2ccccc2s1)C(c1ccc(OP(=O)(Oc2ccc(C(N(C)c3nc4ccccc4s3)P3(=O)Oc4ccccc4-c4ccccc43)cc2)c2ccccc2)cc1)P1(=O)Oc2ccccc2-c2ccccc21,,NC1=CC=C(CC2=CC=C(N)C=C2)C=C1,10.0,0.8516383053019115,0.513501549358123,0.5877937525261272,0.0,0.0,0.6029573190417771,0.6901917737457222,0.0,0.0,1,1,1,0,0,1,0,0,0,0,0,160.0,3.2,,24.8,,3.2,,,3.0,35.0,,1184.0,,,87.2,,,159.0,,,17.0,,,62.6,,,97.55,,,,,Virtual screening scenario,,,,,,,,,,,,,,,,,,,,,,,,,,,,,,,
FORM_000700,CAND_R2_241,PAD-NH-hydroxyethyl,designed,P-N-S,B,True,True,True,True,True,Candidate,,PAD-NH-hydroxyethyl,,DDM,DOPO-based (additive),0,1,P-N-S,100.00%,0.00%,O=P(Oc1ccc(C(Nc2nc3ccccc3s2)P2(=O)Oc3ccccc3-c3ccccc32)cc1)(Oc1ccc(C(N(CCO)c2nc3ccccc3s2)P2(=O)Oc3ccccc3-c3ccccc32)cc1)c1ccccc1,,NC1=CC=C(CC2=CC=C(N)C=C2)C=C1,3.42,0.2870512042316113,0.17307962453120598,0.1981203798044614,0.0,0.0,0.6029573190417772,0.6901917737457224,0.0,0.0,1,1,1,0,0,1,0,0,0,0,0,160.0,3.2,,24.8,,3.2,,,3.0,35.0,,1184.0,,,87.2,,,159.0,,,17.0,,,62.6,,,97.55,,,,,Virtual screening scenario,,,,,,,,,,,,,,,,,,,,,,,,,,,,,,,
FORM_000701,CAND_R2_241,PAD-NH-hydroxyethyl,designed,P-N-S,B,True,True,True,True,True,Candidate,,PAD-NH-hydroxyethyl,,DDM,DOPO-based (additive),0,1,P-N-S,100.00%,0.00%,O=P(Oc1ccc(C(Nc2nc3ccccc3s2)P2(=O)Oc3ccccc3-c3ccccc32)cc1)(Oc1ccc(C(N(CCO)c2nc3ccccc3s2)P2(=O)Oc3ccccc3-c3ccccc32)cc1)c1ccccc1,,NC1=CC=C(CC2=CC=C(N)C=C2)C=C1,7.0,0.5875317045676255,0.35425654143814095,0.4055095493073771,0.0,0.0,0.6029573190417772,0.6901917737457223,0.0,0.0,1,1,1,0,0,1,0,0,0,0,0,160.0,3.2,,24.8,,3.2,,,3.0,35.0,,1184.0,,,87.2,,,159.0,,,17.0,,,62.6,,,97.55,,,,,Virtual screening scenario,,,,,,,,,,,,,,,,,,,,,,,,,,,,,,,
FORM_000702,CAND_R2_241,PAD-NH-hydroxyethyl,designed,P-N-S,B,True,True,True,True,True,Candidate,,PAD-NH-hydroxyethyl,,DDM,DOPO-based (additive),0,1,P-N-S,100.00%,0.00%,O=P(Oc1ccc(C(Nc2nc3ccccc3s2)P2(=O)Oc3ccccc3-c3ccccc32)cc1)(Oc1ccc(C(N(CCO)c2nc3ccccc3s2)P2(=O)Oc3ccccc3-c3ccccc32)cc1)c1ccccc1,,NC1=CC=C(CC2=CC=C(N)C=C2)C=C1,10.0,0.8393310065251793,0.5060807734830584,0.5792993561533959,0.0,0.0,0.602957319041777,0.6901917737457223,0.0,0.0,1,1,1,0,0,1,0,0,0,0,0,160.0,3.2,,24.8,,3.2,,,3.0,35.0,,1184.0,,,87.2,,,159.0,,,17.0,,,62.6,,,97.55,,,,,Virtual screening scenario,,,,,,,,,,,,,,,,,,,,,,,,,,,,,,,
FORM_000703,CAND_R2_242,PAD-NH-hydroxyethyl-all,designed,P-N-S,B,True,True,True,True,True,Candidate,,PAD-NH-hydroxyethyl-all,,DDM,DOPO-based (additive),0,1,P-N-S,100.00%,0.00%,O=P(Oc1ccc(C(N(CCO)c2nc3ccccc3s2)P2(=O)Oc3ccccc3-c3ccccc32)cc1)(Oc1ccc(C(N(CCO)c2nc3ccccc3s2)P2(=O)Oc3ccccc3-c3ccccc32)cc1)c1ccccc1,,NC1=CC=C(CC2=CC=C(N)C=C2)C=C1,3.42,0.2760661217618223,0.1664560886557692,0.19053856624989465,0.0,0.0,0.6029573190417771,0.6901917737457222,0.0,0.0,1,1,1,0,0,1,0,0,0,0,0,160.0,3.2,,24.8,,3.2,,,3.0,35.0,,1184.0,,,87.2,,,159.0,,,17.0,,,62.6,,,97.55,,,,,Virtual screening scenario,,,,,,,,,,,,,,,,,,,,,,,,,,,,,,,
FORM_000704,CAND_R2_242,PAD-NH-hydroxyethyl-all,designed,P-N-S,B,True,True,True,True,True,Candidate,,PAD-NH-hydroxyethyl-all,,DDM,DOPO-based (additive),0,1,P-N-S,100.00%,0.00%,O=P(Oc1ccc(C(N(CCO)c2nc3ccccc3s2)P2(=O)Oc3ccccc3-c3ccccc32)cc1)(Oc1ccc(C(N(CCO)c2nc3ccccc3s2)P2(=O)Oc3ccccc3-c3ccccc32)cc1)c1ccccc1,,NC1=CC=C(CC2=CC=C(N)C=C2)C=C1,7.0,0.5650476176411567,0.340699596663855,0.3899912174705446,0.0,0.0,0.6029573190417771,0.6901917737457222,0.0,0.0,1,1,1,0,0,1,0,0,0,0,0,160.0,3.2,,24.8,,3.2,,,3.0,35.0,,1184.0,,,87.2,,,159.0,,,17.0,,,62.6,,,97.55,,,,,Virtual screening scenario,,,,,,,,,,,,,,,,,,,,,,,,,,,,,,,
FORM_000705,CAND_R2_242,PAD-NH-hydroxyethyl-all,designed,P-N-S,B,True,True,True,True,True,Candidate,,PAD-NH-hydroxyethyl-all,,DDM,DOPO-based (additive),0,1,P-N-S,100.00%,0.00%,O=P(Oc1ccc(C(N(CCO)c2nc3ccccc3s2)P2(=O)Oc3ccccc3-c3ccccc32)cc1)(Oc1ccc(C(N(CCO)c2nc3ccccc3s2)P2(=O)Oc3ccccc3-c3ccccc32)cc1)c1ccccc1,,NC1=CC=C(CC2=CC=C(N)C=C2)C=C1,10.0,0.8072108823445098,0.4867137095197929,0.5571303106722066,0.0,0.0,0.6029573190417771,0.6901917737457222,0.0,0.0,1,1,1,0,0,1,0,0,0,0,0,160.0,3.2,,24.8,,3.2,,,3.0,35.0,,1184.0,,,87.2,,,159.0,,,17.0,,,62.6,,,97.55,,,,,Virtual screening scenario,,,,,,,,,,,,,,,,,,,,,,,,,,,,,,,
FORM_000706,CAND_R2_243,PAD-NH-glycidyl,designed,P-N-S,B,True,True,True,True,True,Candidate,,PAD-NH-glycidyl,,DDM,DOPO-based (Co-curing),2,1,P-N-S,100.00%,0.00%,O=P(Oc1ccc(C(Nc2nc3ccccc3s2)P2(=O)Oc3ccccc3-c3ccccc32)cc1)(Oc1ccc(C(N(CC2CO2)c2nc3ccccc3s2)P2(=O)Oc3ccccc3-c3ccccc32)cc1)c1ccccc1,,NC1=CC=C(CC2=CC=C(N)C=C2)C=C1,4.0,0.3321290993622593,0.20025967132722788,0.229232772201407,0.0,0.0,0.6029573190417771,0.6901917737457223,0.0,0.0,1,1,1,0,0,1,0,0,0,0,0,170.0,3.0,,24.0,,3.0,,,3.0,35.0,,1208.0,,,88.0,,,164.3,,,16.5,,,58.7,,,101.3,,,,,Virtual screening scenario,,,,,,,,,,,,,,,,,,,,,,,,,,,,,,,
FORM_000707,CAND_R2_243,PAD-NH-glycidyl,designed,P-N-S,B,True,True,True,True,True,Candidate,,PAD-NH-glycidyl,,DDM,DOPO-based (Co-curing),2,1,P-N-S,100.00%,0.00%,O=P(Oc1ccc(C(Nc2nc3ccccc3s2)P2(=O)Oc3ccccc3-c3ccccc32)cc1)(Oc1ccc(C(N(CC2CO2)c2nc3ccccc3s2)P2(=O)Oc3ccccc3-c3ccccc32)cc1)c1ccccc1,,NC1=CC=C(CC2=CC=C(N)C=C2)C=C1,6.78,0.5629588234190296,0.33944014289965124,0.3885495488813849,0.0,0.0,0.6029573190417771,0.6901917737457223,0.0,0.0,1,1,1,0,0,1,0,0,0,0,0,170.0,3.0,,24.0,,3.0,,,3.0,35.0,,1208.0,,,88.0,,,164.3,,,16.5,,,58.7,,,101.3,,,,,Virtual screening scenario,,,,,,,,,,,,,,,,,,,,,,,,,,,,,,,
FORM_000708,CAND_R2_243,PAD-NH-glycidyl,designed,P-N-S,B,True,True,True,True,True,Candidate,,PAD-NH-glycidyl,,DDM,DOPO-based (Co-curing),2,1,P-N-S,100.00%,0.00%,O=P(Oc1ccc(C(Nc2nc3ccccc3s2)P2(=O)Oc3ccccc3-c3ccccc32)cc1)(Oc1ccc(C(N(CC2CO2)c2nc3ccccc3s2)P2(=O)Oc3ccccc3-c3ccccc32)cc1)c1ccccc1,,NC1=CC=C(CC2=CC=C(N)C=C2)C=C1,10.19,0.8460988806253557,0.510161512706113,0.5839704871830843,0.0,0.0,0.6029573190417771,0.6901917737457223,0.0,0.0,1,1,1,0,0,1,0,0,0,0,0,170.0,3.0,,24.0,,3.0,,,3.0,35.0,,1208.0,,,88.0,,,164.3,,,16.5,,,58.7,,,101.3,,,,,Virtual screening scenario,,,,,,,,,,,,,,,,,,,,,,,,,,,,,,,
FORM_000709,CAND_R2_244,PAD-NH-glycidyl-all,designed,P-N-S,B,True,True,True,True,True,Candidate,,PAD-NH-glycidyl-all,,DDM,DOPO-based (Co-curing),2,1,P-N-S,100.00%,0.00%,O=P(Oc1ccc(C(N(CC2CO2)c2nc3ccccc3s2)P2(=O)Oc3ccccc3-c3ccccc32)cc1)(Oc1ccc(C(N(CC2CO2)c2nc3ccccc3s2)P2(=O)Oc3ccccc3-c3ccccc32)cc1)c1ccccc1,,NC1=CC=C(CC2=CC=C(N)C=C2)C=C1,4.0,0.31628418332310787,0.19070586323181907,0.21829674149549302,0.0,0.0,0.6029573190417771,0.6901917737457223,0.0,0.0,1,1,1,0,0,1,0,0,0,0,0,170.0,3.0,,24.0,,3.0,,,3.0,35.0,,1208.0,,,88.0,,,164.3,,,16.5,,,58.7,,,101.3,,,,,Virtual screening scenario,,,,,,,,,,,,,,,,,,,,,,,,,,,,,,,
FORM_000710,CAND_R2_244,PAD-NH-glycidyl-all,designed,P-N-S,B,True,True,True,True,True,Candidate,,PAD-NH-glycidyl-all,,DDM,DOPO-based (Co-curing),2,1,P-N-S,100.00%,0.00%,O=P(Oc1ccc(C(N(CC2CO2)c2nc3ccccc3s2)P2(=O)Oc3ccccc3-c3ccccc32)cc1)(Oc1ccc(C(N(CC2CO2)c2nc3ccccc3s2)P2(=O)Oc3ccccc3-c3ccccc32)cc1)c1ccccc1,,NC1=CC=C(CC2=CC=C(N)C=C2)C=C1,6.78,0.5361016907326679,0.3232464381779333,0.3700129768348607,0.0,0.0,0.602957319041777,0.6901917737457223,0.0,0.0,1,1,1,0,0,1,0,0,0,0,0,170.0,3.0,,24.0,,3.0,,,3.0,35.0,,1208.0,,,88.0,,,164.3,,,16.5,,,58.7,,,101.3,,,,,Virtual screening scenario,,,,,,,,,,,,,,,,,,,,,,,,,,,,,,,
FORM_000711,CAND_R2_244,PAD-NH-glycidyl-all,designed,P-N-S,B,True,True,True,True,True,Candidate,,PAD-NH-glycidyl-all,,DDM,DOPO-based (Co-curing),2,1,P-N-S,100.00%,0.00%,O=P(Oc1ccc(C(N(CC2CO2)c2nc3ccccc3s2)P2(=O)Oc3ccccc3-c3ccccc32)cc1)(Oc1ccc(C(N(CC2CO2)c2nc3ccccc3s2)P2(=O)Oc3ccccc3-c3ccccc32)cc1)c1ccccc1,,NC1=CC=C(CC2=CC=C(N)C=C2)C=C1,10.19,0.8057339570156172,0.485823186583059,0.5561109489597684,0.0,0.0,0.6029573190417771,0.6901917737457223,0.0,0.0,1,1,1,0,0,1,0,0,0,0,0,170.0,3.0,,24.0,,3.0,,,3.0,35.0,,1208.0,,,88.0,,,164.3,,,16.5,,,58.7,,,101.3,,,,,Virtual screening scenario,,,,,,,,,,,,,,,,,,,,,,,,,,,,,,,
FORM_000712,CAND_R2_245,PAD-aromatic-S-to-O-all,designed,P-N,B,True,True,True,True,True,Candidate,,PAD-aromatic-S-to-O-all,,DDM,DOPO-based (additive),0,1,P-N,100.00%,0.00%,O=P(Oc1ccc(C(Nc2nc3ccccc3o2)P2(=O)Oc3ccccc3-c3ccccc32)cc1)(Oc1ccc(C(Nc2nc3ccccc3o2)P2(=O)Oc3ccccc3-c3ccccc32)cc1)c1ccccc1,,NC1=CC=C(CC2=CC=C(N)C=C2)C=C1,3.42,0.3082656728492482,0.18587104365379223,0.0,0.0,0.0,0.6029573190417771,0.0,0.0,0.0,1,1,0,0,0,1,0,0,0,0,0,160.0,3.2,,24.8,,3.2,,,3.0,35.0,,1184.0,,,87.2,,,159.0,,,17.0,,,62.6,,,97.55,,,,,Virtual screening scenario,,,,,,,,,,,,,,,,,,,,,,,,,,,,,,,
FORM_000713,CAND_R2_245,PAD-aromatic-S-to-O-all,designed,P-N,B,True,True,True,True,True,Candidate,,PAD-aromatic-S-to-O-all,,DDM,DOPO-based (additive),0,1,P-N,100.00%,0.00%,O=P(Oc1ccc(C(Nc2nc3ccccc3o2)P2(=O)Oc3ccccc3-c3ccccc32)cc1)(Oc1ccc(C(Nc2nc3ccccc3o2)P2(=O)Oc3ccccc3-c3ccccc32)cc1)c1ccccc1,,NC1=CC=C(CC2=CC=C(N)C=C2)C=C1,7.0,0.6309531315627888,0.3804378086481128,0.0,0.0,0.0,0.6029573190417771,0.0,0.0,0.0,1,1,0,0,0,1,0,0,0,0,0,160.0,3.2,,24.8,,3.2,,,3.0,35.0,,1184.0,,,87.2,,,159.0,,,17.0,,,62.6,,,97.55,,,,,Virtual screening scenario,,,,,,,,,,,,,,,,,,,,,,,,,,,,,,,
FORM_000714,CAND_R2_245,PAD-aromatic-S-to-O-all,designed,P-N,B,True,True,True,True,True,Candidate,,PAD-aromatic-S-to-O-all,,DDM,DOPO-based (additive),0,1,P-N,100.00%,0.00%,O=P(Oc1ccc(C(Nc2nc3ccccc3o2)P2(=O)Oc3ccccc3-c3ccccc32)cc1)(Oc1ccc(C(Nc2nc3ccccc3o2)P2(=O)Oc3ccccc3-c3ccccc32)cc1)c1ccccc1,,NC1=CC=C(CC2=CC=C(N)C=C2)C=C1,10.0,0.9013616165182696,0.5434825837830182,0.0,0.0,0.0,0.6029573190417771,0.0,0.0,0.0,1,1,0,0,0,1,0,0,0,0,0,160.0,3.2,,24.8,,3.2,,,3.0,35.0,,1184.0,,,87.2,,,159.0,,,17.0,,,62.6,,,97.55,,,,,Virtual screening scenario,,,,,,,,,,,,,,,,,,,,,,,,,,,,,,,
FORM_000715,CAND_R2_246,DOPO-PEPA-hydroxy,designed,P-only,B,True,True,True,True,True,Candidate,,DOPO-PEPA-hydroxy,,DDM,DOPO-based (additive),0,0,P-only,100.00%,0.00%,O=P12OCC(COP3(=O)Oc4ccc(O)cc4-c4ccccc43)(CO1)CO2,,NC1=CC=C(CC2=CC=C(N)C=C2)C=C1,3.42,0.5164157901792784,0.0,0.0,0.0,0.0,0.0,0.0,0.0,0.0,1,0,0,0,0,1,0,0,0,0,0,160.0,3.2,,24.8,,3.2,,,3.0,35.0,,1184.0,,,87.2,,,159.0,,,17.0,,,62.6,,,97.55,,,,,Virtual screening scenario,,,,,,,,,,,,,,,,,,,,,,,,,,,,,,,
FORM_000716,CAND_R2_246,DOPO-PEPA-hydroxy,designed,P-only,B,True,True,True,True,True,Candidate,,DOPO-PEPA-hydroxy,,DDM,DOPO-based (additive),0,0,P-only,100.00%,0.00%,O=P12OCC(COP3(=O)Oc4ccc(O)cc4-c4ccccc43)(CO1)CO2,,NC1=CC=C(CC2=CC=C(N)C=C2)C=C1,7.0,1.05699138340788,0.0,0.0,0.0,0.0,0.0,0.0,0.0,0.0,1,0,0,0,0,1,0,0,0,0,0,160.0,3.2,,24.8,,3.2,,,3.0,35.0,,1184.0,,,87.2,,,159.0,,,17.0,,,62.6,,,97.55,,,,,Virtual screening scenario,,,,,,,,,,,,,,,,,,,,,,,,,,,,,,,
FORM_000717,CAND_R2_246,DOPO-PEPA-hydroxy,designed,P-only,B,True,True,True,True,True,Candidate,,DOPO-PEPA-hydroxy,,DDM,DOPO-based (additive),0,0,P-only,100.00%,0.00%,O=P12OCC(COP3(=O)Oc4ccc(O)cc4-c4ccccc43)(CO1)CO2,,NC1=CC=C(CC2=CC=C(N)C=C2)C=C1,10.0,1.5099876905826854,0.0,0.0,0.0,0.0,0.0,0.0,0.0,0.0,1,0,0,0,0,1,0,0,0,0,0,160.0,3.2,,24.8,,3.2,,,3.0,35.0,,1184.0,,,87.2,,,159.0,,,17.0,,,62.6,,,97.55,,,,,Virtual screening scenario,,,,,,,,,,,,,,,,,,,,,,,,,,,,,,,
FORM_000718,CAND_R2_247,DOPO-PEPA-hydroxymethyl,designed,P-only,B,True,True,True,True,True,Candidate,,DOPO-PEPA-hydroxymethyl,,DDM,DOPO-based (additive),0,0,P-only,100.00%,0.00%,O=P12OCC(COP3(=O)Oc4ccc(CO)cc4-c4ccccc43)(CO1)CO2,,NC1=CC=C(CC2=CC=C(N)C=C2)C=C1,3.42,0.4993427955934965,0.0,0.0,0.0,0.0,0.0,0.0,0.0,0.0,1,0,0,0,0,1,0,0,0,0,0,160.0,3.2,,24.8,,3.2,,,3.0,35.0,,1184.0,,,87.2,,,159.0,,,17.0,,,62.6,,,97.55,,,,,Virtual screening scenario,,,,,,,,,,,,,,,,,,,,,,,,,,,,,,,
FORM_000719,CAND_R2_247,DOPO-PEPA-hydroxymethyl,designed,P-only,B,True,True,True,True,True,Candidate,,DOPO-PEPA-hydroxymethyl,,DDM,DOPO-based (additive),0,0,P-only,100.00%,0.00%,O=P12OCC(COP3(=O)Oc4ccc(CO)cc4-c4ccccc43)(CO1)CO2,,NC1=CC=C(CC2=CC=C(N)C=C2)C=C1,7.0,1.0220466576475074,0.0,0.0,0.0,0.0,0.0,0.0,0.0,0.0,1,0,0,0,0,1,0,0,0,0,0,160.0,3.2,,24.8,,3.2,,,3.0,35.0,,1184.0,,,87.2,,,159.0,,,17.0,,,62.6,,,97.55,,,,,Virtual screening scenario,,,,,,,,,,,,,,,,,,,,,,,,,,,,,,,
FORM_000720,CAND_R2_247,DOPO-PEPA-hydroxymethyl,designed,P-only,B,True,True,True,True,True,Candidate,,DOPO-PEPA-hydroxymethyl,,DDM,DOPO-based (additive),0,0,P-only,100.00%,0.00%,O=P12OCC(COP3(=O)Oc4ccc(CO)cc4-c4ccccc43)(CO1)CO2,,NC1=CC=C(CC2=CC=C(N)C=C2)C=C1,10.0,1.4600666537821536,0.0,0.0,0.0,0.0,0.0,0.0,0.0,0.0,1,0,0,0,0,1,0,0,0,0,0,160.0,3.2,,24.8,,3.2,,,3.0,35.0,,1184.0,,,87.2,,,159.0,,,17.0,,,62.6,,,97.55,,,,,Virtual screening scenario,,,,,,,,,,,,,,,,,,,,,,,,,,,,,,,
FORM_000721,CAND_R2_248,DOPO-PEPA-carboxamide,designed,P-N,B,True,True,True,True,True,Candidate,,DOPO-PEPA-carboxamide,,DDM,DOPO-based (additive),0,1,P-N,100.00%,0.00%,NC(=O)c1ccc2c(c1)-c1ccccc1P(=O)(OCC13COP(=O)(OC1)OC3)O2,,NC1=CC=C(CC2=CC=C(N)C=C2)C=C1,3.42,0.4844988920168036,0.1095495573784362,0.0,0.0,0.0,0.2261089946406663,0.0,0.0,0.0,1,1,0,0,0,1,0,0,0,0,0,160.0,3.2,,24.8,,3.2,,,3.0,35.0,,1184.0,,,87.2,,,159.0,,,17.0,,,62.6,,,97.55,,,,,Virtual screening scenario,,,,,,,,,,,,,,,,,,,,,,,,,,,,,,,
FORM_000722,CAND_R2_248,DOPO-PEPA-carboxamide,designed,P-N,B,True,True,True,True,True,Candidate,,DOPO-PEPA-carboxamide,,DDM,DOPO-based (additive),0,1,P-N,100.00%,0.00%,NC(=O)c1ccc2c(c1)-c1ccccc1P(=O)(OCC13COP(=O)(OC1)OC3)O2,,NC1=CC=C(CC2=CC=C(N)C=C2)C=C1,7.0,0.9916643988648026,0.2242242402482613,0.0,0.0,0.0,0.22610899464066636,0.0,0.0,0.0,1,1,0,0,0,1,0,0,0,0,0,160.0,3.2,,24.8,,3.2,,,3.0,35.0,,1184.0,,,87.2,,,159.0,,,17.0,,,62.6,,,97.55,,,,,Virtual screening scenario,,,,,,,,,,,,,,,,,,,,,,,,,,,,,,,
FORM_000723,CAND_R2_248,DOPO-PEPA-carboxamide,designed,P-N,B,True,True,True,True,True,Candidate,,DOPO-PEPA-carboxamide,,DDM,DOPO-based (additive),0,1,P-N,100.00%,0.00%,NC(=O)c1ccc2c(c1)-c1ccccc1P(=O)(OCC13COP(=O)(OC1)OC3)O2,,NC1=CC=C(CC2=CC=C(N)C=C2)C=C1,10.0,1.416663426949718,0.32032034321180175,0.0,0.0,0.0,0.2261089946406663,0.0,0.0,0.0,1,1,0,0,0,1,0,0,0,0,0,160.0,3.2,,24.8,,3.2,,,3.0,35.0,,1184.0,,,87.2,,,159.0,,,17.0,,,62.6,,,97.55,,,,,Virtual screening scenario,,,,,,,,,,,,,,,,,,,,,,,,,,,,,,,
FORM_000724,CAND_R2_249,DOPO-PEPA-boronic-acid,designed,P-B,B,True,True,True,True,True,Candidate,,DOPO-PEPA-boronic-acid,,DDM,DOPO-based (additive),0,1,P-B,100.00%,0.00%,O=P12OCC(COP3(=O)Oc4ccc(B(O)O)cc4-c4ccccc43)(CO1)CO2,,NC1=CC=C(CC2=CC=C(N)C=C2)C=C1,3.42,0.4836218538420447,0.0,0.0,0.08440820500646005,0.0,0.0,0.0,0.17453347969264546,0.0,1,0,0,1,0,1,0,0,0,0,0,160.0,3.2,,24.8,,3.2,,,3.0,35.0,,1184.0,,,87.2,,,159.0,,,17.0,,,62.6,,,97.55,,,,,Virtual screening scenario,,,,,,,,,,,,,,,,,,,,,,,,,,,,,,,
FORM_000725,CAND_R2_249,DOPO-PEPA-boronic-acid,designed,P-B,B,True,True,True,True,True,Candidate,,DOPO-PEPA-boronic-acid,,DDM,DOPO-based (additive),0,1,P-B,100.00%,0.00%,O=P12OCC(COP3(=O)Oc4ccc(B(O)O)cc4-c4ccccc43)(CO1)CO2,,NC1=CC=C(CC2=CC=C(N)C=C2)C=C1,7.0,0.9898692914895652,0.0,0.0,0.17276533188456739,0.0,0.0,0.0,0.1745334796926455,0.0,1,0,0,1,0,1,0,0,0,0,0,160.0,3.2,,24.8,,3.2,,,3.0,35.0,,1184.0,,,87.2,,,159.0,,,17.0,,,62.6,,,97.55,,,,,Virtual screening scenario,,,,,,,,,,,,,,,,,,,,,,,,,,,,,,,
FORM_000726,CAND_R2_249,DOPO-PEPA-boronic-acid,designed,P-B,B,True,True,True,True,True,Candidate,,DOPO-PEPA-boronic-acid,,DDM,DOPO-based (additive),0,1,P-B,100.00%,0.00%,O=P12OCC(COP3(=O)Oc4ccc(B(O)O)cc4-c4ccccc43)(CO1)CO2,,NC1=CC=C(CC2=CC=C(N)C=C2)C=C1,10.0,1.414098987842236,0.0,0.0,0.2468076169779534,0.0,0.0,0.0,0.17453347969264546,0.0,1,0,0,1,0,1,0,0,0,0,0,160.0,3.2,,24.8,,3.2,,,3.0,35.0,,1184.0,,,87.2,,,159.0,,,17.0,,,62.6,,,97.55,,,,,Virtual screening scenario,,,,,,,,,,,,,,,,,,,,,,,,,,,,,,,
FORM_000727,CAND_R2_250,DOPO-PEPA-pinacol-boronate,designed,P-B,B,True,True,True,True,True,Candidate,,DOPO-PEPA-pinacol-boronate,,DDM,DOPO-based (additive),0,1,P-B,100.00%,0.00%,CC1(C)OB(c2ccc3c(c2)-c2ccccc2P(=O)(OCC24COP(=O)(OC2)OC4)O3)OC1(C)C,,NC1=CC=C(CC2=CC=C(N)C=C2)C=C1,3.42,0.40725493060628165,0.0,0.0,0.07107962016070118,0.0,0.0,0.0,0.17453347969264543,0.0,1,0,0,1,0,1,0,0,0,0,0,160.0,3.2,,24.8,,3.2,,,3.0,35.0,,1184.0,,,87.2,,,159.0,,,17.0,,,62.6,,,97.55,,,,,Virtual screening scenario,,,,,,,,,,,,,,,,,,,,,,,,,,,,,,,
FORM_000728,CAND_R2_250,DOPO-PEPA-pinacol-boronate,designed,P-B,B,True,True,True,True,True,Candidate,,DOPO-PEPA-pinacol-boronate,,DDM,DOPO-based (additive),0,1,P-B,100.00%,0.00%,CC1(C)OB(c2ccc3c(c2)-c2ccccc2P(=O)(OCC24COP(=O)(OC2)OC4)O3)OC1(C)C,,NC1=CC=C(CC2=CC=C(N)C=C2)C=C1,7.0,0.8335627234631496,0.0,0.0,0.14548460266810184,0.0,0.0,0.0,0.17453347969264543,0.0,1,0,0,1,0,1,0,0,0,0,0,160.0,3.2,,24.8,,3.2,,,3.0,35.0,,1184.0,,,87.2,,,159.0,,,17.0,,,62.6,,,97.55,,,,,Virtual screening scenario,,,,,,,,,,,,,,,,,,,,,,,,,,,,,,,
FORM_000729,CAND_R2_250,DOPO-PEPA-pinacol-boronate,designed,P-B,B,True,True,True,True,True,Candidate,,DOPO-PEPA-pinacol-boronate,,DDM,DOPO-based (additive),0,1,P-B,100.00%,0.00%,CC1(C)OB(c2ccc3c(c2)-c2ccccc2P(=O)(OCC24COP(=O)(OC2)OC4)O3)OC1(C)C,,NC1=CC=C(CC2=CC=C(N)C=C2)C=C1,10.0,1.1908038906616425,0.0,0.0,0.20783514666871697,0.0,0.0,0.0,0.17453347969264546,0.0,1,0,0,1,0,1,0,0,0,0,0,160.0,3.2,,24.8,,3.2,,,3.0,35.0,,1184.0,,,87.2,,,159.0,,,17.0,,,62.6,,,97.55,,,,,Virtual screening scenario,,,,,,,,,,,,,,,,,,,,,,,,,,,,,,,
FORM_000730,CAND_R2_251,DOPO-PEPA-trimethoxysilyl,designed,P-Si,B,True,True,True,True,True,Candidate,,DOPO-PEPA-trimethoxysilyl,,DDS,DOPO-based (Additive + Secondary Crosslinking),3,1,P-Si,100.00%,0.00%,CO[Si](OC)(OC)c1ccc2c(c1)-c1ccccc1P(=O)(OCC13COP(=O)(OC1)OC3)O2,,NC1=CC=C(C=C1)S(=O)(=O)C1=CC=C(N)C=C1,3.5,0.42146739341725664,0.0,0.0,0.0,0.19108499405173807,0.0,0.0,0.0,0.4533802544069219,1,0,0,0,1,1,1,0,0,0,0,250.0,4.0,,22.4,,3.0,,,4.0,35.0,,867.99,,,114.14500000000001,,,180.0,,,16.9,,,52.14,,,95.65,,,,,Virtual screening scenario,,,,,,,,,,,,,,,,,,,,,,,,,,,,,,,
FORM_000731,CAND_R2_251,DOPO-PEPA-trimethoxysilyl,designed,P-Si,B,True,True,True,True,True,Candidate,,DOPO-PEPA-trimethoxysilyl,,DDS,DOPO-based (Additive + Secondary Crosslinking),3,1,P-Si,100.00%,0.00%,CO[Si](OC)(OC)c1ccc2c(c1)-c1ccccc1P(=O)(OCC13COP(=O)(OC1)OC3)O2,,NC1=CC=C(C=C1)S(=O)(=O)C1=CC=C(N)C=C1,5.29,0.637017860336368,0.0,0.0,0.0,0.28881131958105555,0.0,0.0,0.0,0.45338025440692187,1,0,0,0,1,1,1,0,0,0,0,250.0,4.0,,22.4,,3.0,,,4.0,35.0,,867.99,,,114.14500000000001,,,180.0,,,16.9,,,52.14,,,95.65,,,,,Virtual screening scenario,,,,,,,,,,,,,,,,,,,,,,,,,,,,,,,
FORM_000732,CAND_R2_251,DOPO-PEPA-trimethoxysilyl,designed,P-Si,B,True,True,True,True,True,Candidate,,DOPO-PEPA-trimethoxysilyl,,DDS,DOPO-based (Additive + Secondary Crosslinking),3,1,P-Si,100.00%,0.00%,CO[Si](OC)(OC)c1ccc2c(c1)-c1ccccc1P(=O)(OCC13COP(=O)(OC1)OC3)O2,,NC1=CC=C(C=C1)S(=O)(=O)C1=CC=C(N)C=C1,10.0,1.2041925526207333,0.0,0.0,0.0,0.5459571258621088,0.0,0.0,0.0,0.4533802544069219,1,0,0,0,1,1,1,0,0,0,0,250.0,4.0,,22.4,,3.0,,,4.0,35.0,,867.99,,,114.14500000000001,,,180.0,,,16.9,,,52.14,,,95.65,,,,,Virtual screening scenario,,,,,,,,,,,,,,,,,,,,,,,,,,,,,,,
FORM_000733,CAND_R2_252,DOPO-PEPA-triethoxysilyl,designed,P-Si,B,True,True,True,True,True,Candidate,,DOPO-PEPA-triethoxysilyl,,DDS,DOPO-based (Additive + Secondary Crosslinking),3,1,P-Si,100.00%,0.00%,CCO[Si](OCC)(OCC)c1ccc2c(c1)-c1ccccc1P(=O)(OCC13COP(=O)(OC1)OC3)O2,,NC1=CC=C(C=C1)S(=O)(=O)C1=CC=C(N)C=C1,3.5,0.3895981614218433,0.0,0.0,0.0,0.17663611354190434,0.0,0.0,0.0,0.4533802544069219,1,0,0,0,1,1,1,0,0,0,0,250.0,4.0,,22.4,,3.0,,,4.0,35.0,,867.99,,,114.14500000000001,,,180.0,,,16.9,,,52.14,,,95.65,,,,,Virtual screening scenario,,,,,,,,,,,,,,,,,,,,,,,,,,,,,,,
FORM_000734,CAND_R2_252,DOPO-PEPA-triethoxysilyl,designed,P-Si,B,True,True,True,True,True,Candidate,,DOPO-PEPA-triethoxysilyl,,DDS,DOPO-based (Additive + Secondary Crosslinking),3,1,P-Si,100.00%,0.00%,CCO[Si](OCC)(OCC)c1ccc2c(c1)-c1ccccc1P(=O)(OCC13COP(=O)(OC1)OC3)O2,,NC1=CC=C(C=C1)S(=O)(=O)C1=CC=C(N)C=C1,5.29,0.5888497925490146,0.0,0.0,0.0,0.26697286875333537,0.0,0.0,0.0,0.4533802544069218,1,0,0,0,1,1,1,0,0,0,0,250.0,4.0,,22.4,,3.0,,,4.0,35.0,,867.99,,,114.14500000000001,,,180.0,,,16.9,,,52.14,,,95.65,,,,,Virtual screening scenario,,,,,,,,,,,,,,,,,,,,,,,,,,,,,,,
FORM_000735,CAND_R2_252,DOPO-PEPA-triethoxysilyl,designed,P-Si,B,True,True,True,True,True,Candidate,,DOPO-PEPA-triethoxysilyl,,DDS,DOPO-based (Additive + Secondary Crosslinking),3,1,P-Si,100.00%,0.00%,CCO[Si](OCC)(OCC)c1ccc2c(c1)-c1ccccc1P(=O)(OCC13COP(=O)(OC1)OC3)O2,,NC1=CC=C(C=C1)S(=O)(=O)C1=CC=C(N)C=C1,10.0,1.1131376040624092,0.0,0.0,0.0,0.5046746101197266,0.0,0.0,0.0,0.45338025440692187,1,0,0,0,1,1,1,0,0,0,0,250.0,4.0,,22.4,,3.0,,,4.0,35.0,,867.99,,,114.14500000000001,,,180.0,,,16.9,,,52.14,,,95.65,,,,,Virtual screening scenario,,,,,,,,,,,,,,,,,,,,,,,,,,,,,,,
FORM_000736,CAND_R2_253,DOPO-PEPA-disiloxane,designed,P-Si,B,True,True,True,True,True,Candidate,,DOPO-PEPA-disiloxane,,DDM,DOPO-based (additive),0,1,P-Si,100.00%,0.00%,C[Si](C)(C)O[Si](C)(C)c1ccc2c(c1)-c1ccccc1P(=O)(OCC13COP(=O)(OC1)OC3)O2,,NC1=CC=C(CC2=CC=C(N)C=C2)C=C1,3.42,0.39190623647321254,0.0,0.0,0.0,0.3553650983917689,0.0,0.0,0.0,0.9067605088138441,1,0,0,0,1,1,0,0,0,0,0,160.0,3.2,,24.8,,3.2,,,3.0,35.0,,1184.0,,,87.2,,,159.0,,,17.0,,,62.6,,,97.55,,,,,Virtual screening scenario,,,,,,,,,,,,,,,,,,,,,,,,,,,,,,,
FORM_000737,CAND_R2_253,DOPO-PEPA-disiloxane,designed,P-Si,B,True,True,True,True,True,Candidate,,DOPO-PEPA-disiloxane,,DDM,DOPO-based (additive),0,1,P-Si,100.00%,0.00%,C[Si](C)(C)O[Si](C)(C)c1ccc2c(c1)-c1ccccc1P(=O)(OCC13COP(=O)(OC1)OC3)O2,,NC1=CC=C(CC2=CC=C(N)C=C2)C=C1,7.0,0.8021472676352304,0.0,0.0,0.0,0.7273554645445561,0.0,0.0,0.0,0.906760508813844,1,0,0,0,1,1,0,0,0,0,0,160.0,3.2,,24.8,,3.2,,,3.0,35.0,,1184.0,,,87.2,,,159.0,,,17.0,,,62.6,,,97.55,,,,,Virtual screening scenario,,,,,,,,,,,,,,,,,,,,,,,,,,,,,,,
FORM_000738,CAND_R2_253,DOPO-PEPA-disiloxane,designed,P-Si,B,True,True,True,True,True,Candidate,,DOPO-PEPA-disiloxane,,DDM,DOPO-based (additive),0,1,P-Si,100.00%,0.00%,C[Si](C)(C)O[Si](C)(C)c1ccc2c(c1)-c1ccccc1P(=O)(OCC13COP(=O)(OC1)OC3)O2,,NC1=CC=C(CC2=CC=C(N)C=C2)C=C1,10.0,1.1459246680503292,0.0,0.0,0.0,1.0390792350636517,0.0,0.0,0.0,0.906760508813844,1,0,0,0,1,1,0,0,0,0,0,160.0,3.2,,24.8,,3.2,,,3.0,35.0,,1184.0,,,87.2,,,159.0,,,17.0,,,62.6,,,97.55,,,,,Virtual screening scenario,,,,,,,,,,,,,,,,,,,,,,,,,,,,,,,
FORM_000739,CAND_R2_254,DOPO-PEPA-glycidyloxy,designed,P-only,B,True,True,True,True,True,Candidate,,DOPO-PEPA-glycidyloxy,,DDM,DOPO-based (Co-curing),2,0,P-only,100.00%,0.00%,O=P12OCC(COP3(=O)Oc4ccc(OCC5CO5)cc4-c4ccccc43)(CO1)CO2,,NC1=CC=C(CC2=CC=C(N)C=C2)C=C1,4.0,0.5313787342999102,0.0,0.0,0.0,0.0,0.0,0.0,0.0,0.0,1,0,0,0,0,1,0,0,0,0,0,170.0,3.0,,24.0,,3.0,,,3.0,35.0,,1208.0,,,88.0,,,164.3,,,16.5,,,58.7,,,101.3,,,,,Virtual screening scenario,,,,,,,,,,,,,,,,,,,,,,,,,,,,,,,
FORM_000740,CAND_R2_254,DOPO-PEPA-glycidyloxy,designed,P-only,B,True,True,True,True,True,Candidate,,DOPO-PEPA-glycidyloxy,,DDM,DOPO-based (Co-curing),2,0,P-only,100.00%,0.00%,O=P12OCC(COP3(=O)Oc4ccc(OCC5CO5)cc4-c4ccccc43)(CO1)CO2,,NC1=CC=C(CC2=CC=C(N)C=C2)C=C1,6.78,0.9006869546383478,0.0,0.0,0.0,0.0,0.0,0.0,0.0,0.0,1,0,0,0,0,1,0,0,0,0,0,170.0,3.0,,24.0,,3.0,,,3.0,35.0,,1208.0,,,88.0,,,164.3,,,16.5,,,58.7,,,101.3,,,,,Virtual screening scenario,,,,,,,,,,,,,,,,,,,,,,,,,,,,,,,
FORM_000741,CAND_R2_254,DOPO-PEPA-glycidyloxy,designed,P-only,B,True,True,True,True,True,Candidate,,DOPO-PEPA-glycidyloxy,,DDM,DOPO-based (Co-curing),2,0,P-only,100.00%,0.00%,O=P12OCC(COP3(=O)Oc4ccc(OCC5CO5)cc4-c4ccccc43)(CO1)CO2,,NC1=CC=C(CC2=CC=C(N)C=C2)C=C1,10.19,1.3536873256290212,0.0,0.0,0.0,0.0,0.0,0.0,0.0,0.0,1,0,0,0,0,1,0,0,0,0,0,170.0,3.0,,24.0,,3.0,,,3.0,35.0,,1208.0,,,88.0,,,164.3,,,16.5,,,58.7,,,101.3,,,,,Virtual screening scenario,,,,,,,,,,,,,,,,,,,,,,,,,,,,,,,
FORM_000742,CAND_R2_255,DOPO-PEPA-diaminotriazine,designed,P-N,B,True,True,True,True,True,Candidate,,DOPO-PEPA-diaminotriazine,,DDM,DOPO-based (Co-curing),2,1,P-N,100.00%,0.00%,Nc1nc(N)nc(-c2ccc3c(c2)-c2ccccc2P(=O)(OCC24COP(=O)(OC2)OC4)O3)n1,,NC1=CC=C(CC2=CC=C(N)C=C2)C=C1,4.0,0.4922876419495058,0.5565533189761355,0.0,0.0,0.0,1.130544973203332,0.0,0.0,0.0,1,1,0,0,0,1,0,0,0,0,0,170.0,3.0,,24.0,,3.0,,,3.0,35.0,,1208.0,,,88.0,,,164.3,,,16.5,,,58.7,,,101.3,,,,,Virtual screening scenario,,,,,,,,,,,,,,,,,,,,,,,,,,,,,,,
FORM_000743,CAND_R2_255,DOPO-PEPA-diaminotriazine,designed,P-N,B,True,True,True,True,True,Candidate,,DOPO-PEPA-diaminotriazine,,DDM,DOPO-based (Co-curing),2,1,P-N,100.00%,0.00%,Nc1nc(N)nc(-c2ccc3c(c2)-c2ccccc2P(=O)(OCC24COP(=O)(OC2)OC4)O3)n1,,NC1=CC=C(CC2=CC=C(N)C=C2)C=C1,6.78,0.8344275531044123,0.9433578756645495,0.0,0.0,0.0,1.130544973203332,0.0,0.0,0.0,1,1,0,0,0,1,0,0,0,0,0,170.0,3.0,,24.0,,3.0,,,3.0,35.0,,1208.0,,,88.0,,,164.3,,,16.5,,,58.7,,,101.3,,,,,Virtual screening scenario,,,,,,,,,,,,,,,,,,,,,,,,,,,,,,,
FORM_000744,CAND_R2_255,DOPO-PEPA-diaminotriazine,designed,P-N,B,True,True,True,True,True,Candidate,,DOPO-PEPA-diaminotriazine,,DDM,DOPO-based (Co-curing),2,1,P-N,100.00%,0.00%,Nc1nc(N)nc(-c2ccc3c(c2)-c2ccccc2P(=O)(OCC24COP(=O)(OC2)OC4)O3)n1,,NC1=CC=C(CC2=CC=C(N)C=C2)C=C1,10.19,1.2541027678663659,1.417819580091705,0.0,0.0,0.0,1.130544973203332,0.0,0.0,0.0,1,1,0,0,0,1,0,0,0,0,0,170.0,3.0,,24.0,,3.0,,,3.0,35.0,,1208.0,,,88.0,,,164.3,,,16.5,,,58.7,,,101.3,,,,,Virtual screening scenario,,,,,,,,,,,,,,,,,,,,,,,,,,,,,,,
FORM_000745,CAND_R2_256,DOPO-PEPA-piperazine,designed,P-N,B,True,True,True,True,True,Candidate,,DOPO-PEPA-piperazine,,DDM,DOPO-based (Co-curing),2,1,P-N,100.00%,0.00%,O=P12OCC(COP3(=O)Oc4ccc(N5CCNCC5)cc4-c4ccccc43)(CO1)CO2,,NC1=CC=C(CC2=CC=C(N)C=C2)C=C1,4.0,0.5179836865407687,0.2342415412079985,0.0,0.0,0.0,0.45221798928133267,0.0,0.0,0.0,1,1,0,0,0,1,0,0,0,0,0,170.0,3.0,,24.0,,3.0,,,3.0,35.0,,1208.0,,,88.0,,,164.3,,,16.5,,,58.7,,,101.3,,,,,Virtual screening scenario,,,,,,,,,,,,,,,,,,,,,,,,,,,,,,,
FORM_000746,CAND_R2_256,DOPO-PEPA-piperazine,designed,P-N,B,True,True,True,True,True,Candidate,,DOPO-PEPA-piperazine,,DDM,DOPO-based (Co-curing),2,1,P-N,100.00%,0.00%,O=P12OCC(COP3(=O)Oc4ccc(N5CCNCC5)cc4-c4ccccc43)(CO1)CO2,,NC1=CC=C(CC2=CC=C(N)C=C2)C=C1,6.78,0.8779823486866029,0.3970394123475575,0.0,0.0,0.0,0.4522179892813327,0.0,0.0,0.0,1,1,0,0,0,1,0,0,0,0,0,170.0,3.0,,24.0,,3.0,,,3.0,35.0,,1208.0,,,88.0,,,164.3,,,16.5,,,58.7,,,101.3,,,,,Virtual screening scenario,,,,,,,,,,,,,,,,,,,,,,,,,,,,,,,
FORM_000747,CAND_R2_256,DOPO-PEPA-piperazine,designed,P-N,B,True,True,True,True,True,Candidate,,DOPO-PEPA-piperazine,,DDM,DOPO-based (Co-curing),2,1,P-N,100.00%,0.00%,O=P12OCC(COP3(=O)Oc4ccc(N5CCNCC5)cc4-c4ccccc43)(CO1)CO2,,NC1=CC=C(CC2=CC=C(N)C=C2)C=C1,10.19,1.3195634414626083,0.5967303262273762,0.0,0.0,0.0,0.45221798928133267,0.0,0.0,0.0,1,1,0,0,0,1,0,0,0,0,0,170.0,3.0,,24.0,,3.0,,,3.0,35.0,,1208.0,,,88.0,,,164.3,,,16.5,,,58.7,,,101.3,,,,,Virtual screening scenario,,,,,,,,,,,,,,,,,,,,,,,,,,,,,,,
FORM_000748,CAND_R2_257,DOPO-PEPA-benzamide-linker,designed,P-N,B,True,True,True,True,True,Candidate,,DOPO-PEPA-benzamide-linker,,DDM,DOPO-based (additive),0,1,P-N,100.00%,0.00%,O=C(Nc1ccc2c(c1)-c1ccccc1P(=O)(OCC13COP(=O)(OC1)OC3)O2)c1ccccc1,,NC1=CC=C(CC2=CC=C(N)C=C2)C=C1,3.42,0.4126817809065034,0.09331106258728925,0.0,0.0,0.0,0.2261089946406664,0.0,0.0,0.0,1,1,0,0,0,1,0,0,0,0,0,160.0,3.2,,24.8,,3.2,,,3.0,35.0,,1184.0,,,87.2,,,159.0,,,17.0,,,62.6,,,97.55,,,,,Virtual screening scenario,,,,,,,,,,,,,,,,,,,,,,,,,,,,,,,
FORM_000749,CAND_R2_257,DOPO-PEPA-benzamide-linker,designed,P-N,B,True,True,True,True,True,Candidate,,DOPO-PEPA-benzamide-linker,,DDM,DOPO-based (additive),0,1,P-N,100.00%,0.00%,O=C(Nc1ccc2c(c1)-c1ccccc1P(=O)(OCC13COP(=O)(OC1)OC3)O2)c1ccccc1,,NC1=CC=C(CC2=CC=C(N)C=C2)C=C1,7.0,0.844670311796937,0.19098755500322362,0.0,0.0,0.0,0.2261089946406664,0.0,0.0,0.0,1,1,0,0,0,1,0,0,0,0,0,160.0,3.2,,24.8,,3.2,,,3.0,35.0,,1184.0,,,87.2,,,159.0,,,17.0,,,62.6,,,97.55,,,,,Virtual screening scenario,,,,,,,,,,,,,,,,,,,,,,,,,,,,,,,
FORM_000750,CAND_R2_257,DOPO-PEPA-benzamide-linker,designed,P-N,B,True,True,True,True,True,Candidate,,DOPO-PEPA-benzamide-linker,,DDM,DOPO-based (additive),0,1,P-N,100.00%,0.00%,O=C(Nc1ccc2c(c1)-c1ccccc1P(=O)(OCC13COP(=O)(OC1)OC3)O2)c1ccccc1,,NC1=CC=C(CC2=CC=C(N)C=C2)C=C1,10.0,1.2066718739956241,0.2728393642903194,0.0,0.0,0.0,0.22610899464066636,0.0,0.0,0.0,1,1,0,0,0,1,0,0,0,0,0,160.0,3.2,,24.8,,3.2,,,3.0,35.0,,1184.0,,,87.2,,,159.0,,,17.0,,,62.6,,,97.55,,,,,Virtual screening scenario,,,,,,,,,,,,,,,,,,,,,,,,,,,,,,,
FORM_000751,CAND_R2_258,DOPO-PEPA-phenyl,designed,P-only,B,True,True,True,True,True,Candidate,,DOPO-PEPA-phenyl,,DDM,DOPO-based (additive),0,0,P-only,100.00%,0.00%,O=P12OCC(COP3(=O)Oc4ccc(-c5ccccc5)cc4-c4ccccc43)(CO1)CO2,,NC1=CC=C(CC2=CC=C(N)C=C2)C=C1,3.42,0.4504312921756802,0.0,0.0,0.0,0.0,0.0,0.0,0.0,0.0,1,0,0,0,0,1,0,0,0,0,0,160.0,3.2,,24.8,,3.2,,,3.0,35.0,,1184.0,,,87.2,,,159.0,,,17.0,,,62.6,,,97.55,,,,,Virtual screening scenario,,,,,,,,,,,,,,,,,,,,,,,,,,,,,,,
FORM_000752,CAND_R2_258,DOPO-PEPA-phenyl,designed,P-only,B,True,True,True,True,True,Candidate,,DOPO-PEPA-phenyl,,DDM,DOPO-based (additive),0,0,P-only,100.00%,0.00%,O=P12OCC(COP3(=O)Oc4ccc(-c5ccccc5)cc4-c4ccccc43)(CO1)CO2,,NC1=CC=C(CC2=CC=C(N)C=C2)C=C1,7.0,0.9219353933420354,0.0,0.0,0.0,0.0,0.0,0.0,0.0,0.0,1,0,0,0,0,1,0,0,0,0,0,160.0,3.2,,24.8,,3.2,,,3.0,35.0,,1184.0,,,87.2,,,159.0,,,17.0,,,62.6,,,97.55,,,,,Virtual screening scenario,,,,,,,,,,,,,,,,,,,,,,,,,,,,,,,
FORM_000753,CAND_R2_258,DOPO-PEPA-phenyl,designed,P-only,B,True,True,True,True,True,Candidate,,DOPO-PEPA-phenyl,,DDM,DOPO-based (additive),0,0,P-only,100.00%,0.00%,O=P12OCC(COP3(=O)Oc4ccc(-c5ccccc5)cc4-c4ccccc43)(CO1)CO2,,NC1=CC=C(CC2=CC=C(N)C=C2)C=C1,10.0,1.3170505619171937,0.0,0.0,0.0,0.0,0.0,0.0,0.0,0.0,1,0,0,0,0,1,0,0,0,0,0,160.0,3.2,,24.8,,3.2,,,3.0,35.0,,1184.0,,,87.2,,,159.0,,,17.0,,,62.6,,,97.55,,,,,Virtual screening scenario,,,,,,,,,,,,,,,,,,,,,,,,,,,,,,,
FORM_000754,CAND_R2_259,DOPO-PEPA-biphenyl,designed,P-only,B,True,True,True,True,True,Candidate,,DOPO-PEPA-biphenyl,,DDM,DOPO-based (additive),0,0,P-only,100.00%,0.00%,O=P12OCC(COP3(=O)Oc4ccc(-c5ccc(-c6ccccc6)cc5)cc4-c4ccccc43)(CO1)CO2,,NC1=CC=C(CC2=CC=C(N)C=C2)C=C1,3.42,0.3877049768323657,0.0,0.0,0.0,0.0,0.0,0.0,0.0,0.0,1,0,0,0,0,1,0,0,0,0,0,160.0,3.2,,24.8,,3.2,,,3.0,35.0,,1184.0,,,87.2,,,159.0,,,17.0,,,62.6,,,97.55,,,,,Virtual screening scenario,,,,,,,,,,,,,,,,,,,,,,,,,,,,,,,
FORM_000755,CAND_R2_259,DOPO-PEPA-biphenyl,designed,P-only,B,True,True,True,True,True,Candidate,,DOPO-PEPA-biphenyl,,DDM,DOPO-based (additive),0,0,P-only,100.00%,0.00%,O=P12OCC(COP3(=O)Oc4ccc(-c5ccc(-c6ccccc6)cc5)cc4-c4ccccc43)(CO1)CO2,,NC1=CC=C(CC2=CC=C(N)C=C2)C=C1,7.0,0.7935481981949006,0.0,0.0,0.0,0.0,0.0,0.0,0.0,0.0,1,0,0,0,0,1,0,0,0,0,0,160.0,3.2,,24.8,,3.2,,,3.0,35.0,,1184.0,,,87.2,,,159.0,,,17.0,,,62.6,,,97.55,,,,,Virtual screening scenario,,,,,,,,,,,,,,,,,,,,,,,,,,,,,,,
FORM_000756,CAND_R2_259,DOPO-PEPA-biphenyl,designed,P-only,B,True,True,True,True,True,Candidate,,DOPO-PEPA-biphenyl,,DDM,DOPO-based (additive),0,0,P-only,100.00%,0.00%,O=P12OCC(COP3(=O)Oc4ccc(-c5ccc(-c6ccccc6)cc5)cc4-c4ccccc43)(CO1)CO2,,NC1=CC=C(CC2=CC=C(N)C=C2)C=C1,10.0,1.1336402831355725,0.0,0.0,0.0,0.0,0.0,0.0,0.0,0.0,1,0,0,0,0,1,0,0,0,0,0,160.0,3.2,,24.8,,3.2,,,3.0,35.0,,1184.0,,,87.2,,,159.0,,,17.0,,,62.6,,,97.55,,,,,Virtual screening scenario,,,,,,,,,,,,,,,,,,,,,,,,,,,,,,,
FORM_000757,CAND_R2_260,TDCA-DOPO-3-amino,designed,P-N,B,True,True,True,True,True,Candidate,,TDCA-DOPO-3-amino,,DDM,DOPO-based (Co-curing),2,1,P-N,100.00%,0.00%,Nc1ccc(OP(=O)(Oc2ccccc2)OC(c2ccc(C(OP(=O)(Oc3ccccc3)Oc3ccccc3)P3(=O)Oc4ccccc4-c4ccccc43)cc2)P2(=O)Oc3ccccc3-c3ccccc32)cc1,,NC1=CC=C(CC2=CC=C(N)C=C2)C=C1,4.0,0.47385717468358285,0.053571684685485774,0.0,0.0,0.0,0.1130544973203332,0.0,0.0,0.0,1,1,0,0,0,1,0,0,0,0,0,170.0,3.0,,24.0,,3.0,,,3.0,35.0,,1208.0,,,88.0,,,164.3,,,16.5,,,58.7,,,101.3,,,,,Virtual screening scenario,,,,,,,,,,,,,,,,,,,,,,,,,,,,,,,
FORM_000758,CAND_R2_260,TDCA-DOPO-3-amino,designed,P-N,B,True,True,True,True,True,Candidate,,TDCA-DOPO-3-amino,,DDM,DOPO-based (Co-curing),2,1,P-N,100.00%,0.00%,Nc1ccc(OP(=O)(Oc2ccccc2)OC(c2ccc(C(OP(=O)(Oc3ccccc3)Oc3ccccc3)P3(=O)Oc4ccccc4-c4ccccc43)cc2)P2(=O)Oc3ccccc3-c3ccccc32)cc1,,NC1=CC=C(CC2=CC=C(N)C=C2)C=C1,6.78,0.803187911088673,0.0908040055418984,0.0,0.0,0.0,0.11305449732033318,0.0,0.0,0.0,1,1,0,0,0,1,0,0,0,0,0,170.0,3.0,,24.0,,3.0,,,3.0,35.0,,1208.0,,,88.0,,,164.3,,,16.5,,,58.7,,,101.3,,,,,Virtual screening scenario,,,,,,,,,,,,,,,,,,,,,,,,,,,,,,,
FORM_000759,CAND_R2_260,TDCA-DOPO-3-amino,designed,P-N,B,True,True,True,True,True,Candidate,,TDCA-DOPO-3-amino,,DDM,DOPO-based (Co-curing),2,1,P-N,100.00%,0.00%,Nc1ccc(OP(=O)(Oc2ccccc2)OC(c2ccc(C(OP(=O)(Oc3ccccc3)Oc3ccccc3)P3(=O)Oc4ccccc4-c4ccccc43)cc2)P2(=O)Oc3ccccc3-c3ccccc32)cc1,,NC1=CC=C(CC2=CC=C(N)C=C2)C=C1,10.19,1.2071511525064273,0.13647386673627498,0.0,0.0,0.0,0.11305449732033317,0.0,0.0,0.0,1,1,0,0,0,1,0,0,0,0,0,170.0,3.0,,24.0,,3.0,,,3.0,35.0,,1208.0,,,88.0,,,164.3,,,16.5,,,58.7,,,101.3,,,,,Virtual screening scenario,,,,,,,,,,,,,,,,,,,,,,,,,,,,,,,
FORM_000760,CAND_R2_261,TDCA-DOPO-3-hydroxy,designed,P-only,B,True,True,True,True,True,Candidate,,TDCA-DOPO-3-hydroxy,,DDM,DOPO-based (additive),0,0,P-only,100.00%,0.00%,O=P(Oc1ccccc1)(Oc1ccccc1)OC(c1ccc(C(OP(=O)(Oc2ccccc2)Oc2ccc(O)cc2)P2(=O)Oc3ccccc3-c3ccccc32)cc1)P1(=O)Oc2ccccc2-c2ccccc21,,NC1=CC=C(CC2=CC=C(N)C=C2)C=C1,3.42,0.40476705498001103,0.0,0.0,0.0,0.0,0.0,0.0,0.0,0.0,1,0,0,0,0,1,0,0,0,0,0,160.0,3.2,,24.8,,3.2,,,3.0,35.0,,1184.0,,,87.2,,,159.0,,,17.0,,,62.6,,,97.55,,,,,Virtual screening scenario,,,,,,,,,,,,,,,,,,,,,,,,,,,,,,,
FORM_000761,CAND_R2_261,TDCA-DOPO-3-hydroxy,designed,P-only,B,True,True,True,True,True,Candidate,,TDCA-DOPO-3-hydroxy,,DDM,DOPO-based (additive),0,0,P-only,100.00%,0.00%,O=P(Oc1ccccc1)(Oc1ccccc1)OC(c1ccc(C(OP(=O)(Oc2ccccc2)Oc2ccc(O)cc2)P2(=O)Oc3ccccc3-c3ccccc32)cc1)P1(=O)Oc2ccccc2-c2ccccc21,,NC1=CC=C(CC2=CC=C(N)C=C2)C=C1,7.0,0.8284705803684436,0.0,0.0,0.0,0.0,0.0,0.0,0.0,0.0,1,0,0,0,0,1,0,0,0,0,0,160.0,3.2,,24.8,,3.2,,,3.0,35.0,,1184.0,,,87.2,,,159.0,,,17.0,,,62.6,,,97.55,,,,,Virtual screening scenario,,,,,,,,,,,,,,,,,,,,,,,,,,,,,,,
FORM_000762,CAND_R2_261,TDCA-DOPO-3-hydroxy,designed,P-only,B,True,True,True,True,True,Candidate,,TDCA-DOPO-3-hydroxy,,DDM,DOPO-based (additive),0,0,P-only,100.00%,0.00%,O=P(Oc1ccccc1)(Oc1ccccc1)OC(c1ccc(C(OP(=O)(Oc2ccccc2)Oc2ccc(O)cc2)P2(=O)Oc3ccccc3-c3ccccc32)cc1)P1(=O)Oc2ccccc2-c2ccccc21,,NC1=CC=C(CC2=CC=C(N)C=C2)C=C1,10.0,1.183529400526348,0.0,0.0,0.0,0.0,0.0,0.0,0.0,0.0,1,0,0,0,0,1,0,0,0,0,0,160.0,3.2,,24.8,,3.2,,,3.0,35.0,,1184.0,,,87.2,,,159.0,,,17.0,,,62.6,,,97.55,,,,,Virtual screening scenario,,,,,,,,,,,,,,,,,,,,,,,,,,,,,,,
FORM_000763,CAND_R2_262,TDCA-DOPO-3-hydroxymethyl,designed,P-only,B,True,True,True,True,True,Candidate,,TDCA-DOPO-3-hydroxymethyl,,DDM,DOPO-based (additive),0,0,P-only,100.00%,0.00%,O=P(Oc1ccccc1)(Oc1ccccc1)OC(c1ccc(C(OP(=O)(Oc2ccccc2)Oc2ccc(CO)cc2)P2(=O)Oc3ccccc3-c3ccccc32)cc1)P1(=O)Oc2ccccc2-c2ccccc21,,NC1=CC=C(CC2=CC=C(N)C=C2)C=C1,3.42,0.3994151171405894,0.0,0.0,0.0,0.0,0.0,0.0,0.0,0.0,1,0,0,0,0,1,0,0,0,0,0,160.0,3.2,,24.8,,3.2,,,3.0,35.0,,1184.0,,,87.2,,,159.0,,,17.0,,,62.6,,,97.55,,,,,Virtual screening scenario,,,,,,,,,,,,,,,,,,,,,,,,,,,,,,,
FORM_000764,CAND_R2_262,TDCA-DOPO-3-hydroxymethyl,designed,P-only,B,True,True,True,True,True,Candidate,,TDCA-DOPO-3-hydroxymethyl,,DDM,DOPO-based (additive),0,0,P-only,100.00%,0.00%,O=P(Oc1ccccc1)(Oc1ccccc1)OC(c1ccc(C(OP(=O)(Oc2ccccc2)Oc2ccc(CO)cc2)P2(=O)Oc3ccccc3-c3ccccc32)cc1)P1(=O)Oc2ccccc2-c2ccccc21,,NC1=CC=C(CC2=CC=C(N)C=C2)C=C1,7.0,0.8175163216327854,0.0,0.0,0.0,0.0,0.0,0.0,0.0,0.0,1,0,0,0,0,1,0,0,0,0,0,160.0,3.2,,24.8,,3.2,,,3.0,35.0,,1184.0,,,87.2,,,159.0,,,17.0,,,62.6,,,97.55,,,,,Virtual screening scenario,,,,,,,,,,,,,,,,,,,,,,,,,,,,,,,
FORM_000765,CAND_R2_262,TDCA-DOPO-3-hydroxymethyl,designed,P-only,B,True,True,True,True,True,Candidate,,TDCA-DOPO-3-hydroxymethyl,,DDM,DOPO-based (additive),0,0,P-only,100.00%,0.00%,O=P(Oc1ccccc1)(Oc1ccccc1)OC(c1ccc(C(OP(=O)(Oc2ccccc2)Oc2ccc(CO)cc2)P2(=O)Oc3ccccc3-c3ccccc32)cc1)P1(=O)Oc2ccccc2-c2ccccc21,,NC1=CC=C(CC2=CC=C(N)C=C2)C=C1,10.0,1.1678804594754078,0.0,0.0,0.0,0.0,0.0,0.0,0.0,0.0,1,0,0,0,0,1,0,0,0,0,0,160.0,3.2,,24.8,,3.2,,,3.0,35.0,,1184.0,,,87.2,,,159.0,,,17.0,,,62.6,,,97.55,,,,,Virtual screening scenario,,,,,,,,,,,,,,,,,,,,,,,,,,,,,,,
FORM_000766,CAND_R2_263,TDCA-DOPO-3-carboxamide,designed,P-N,B,True,True,True,True,True,Candidate,,TDCA-DOPO-3-carboxamide,,DDM,DOPO-based (additive),0,1,P-N,100.00%,0.00%,NC(=O)c1ccc(OP(=O)(Oc2ccccc2)OC(c2ccc(C(OP(=O)(Oc3ccccc3)Oc3ccccc3)P3(=O)Oc4ccccc4-c4ccccc43)cc2)P2(=O)Oc3ccccc3-c3ccccc32)cc1,,NC1=CC=C(CC2=CC=C(N)C=C2)C=C1,3.42,0.39458022965728323,0.04460906951644579,0.0,0.0,0.0,0.11305449732033321,0.0,0.0,0.0,1,1,0,0,0,1,0,0,0,0,0,160.0,3.2,,24.8,,3.2,,,3.0,35.0,,1184.0,,,87.2,,,159.0,,,17.0,,,62.6,,,97.55,,,,,Virtual screening scenario,,,,,,,,,,,,,,,,,,,,,,,,,,,,,,,
FORM_000767,CAND_R2_263,TDCA-DOPO-3-carboxamide,designed,P-N,B,True,True,True,True,True,Candidate,,TDCA-DOPO-3-carboxamide,,DDM,DOPO-based (additive),0,1,P-N,100.00%,0.00%,NC(=O)c1ccc(OP(=O)(Oc2ccccc2)OC(c2ccc(C(OP(=O)(Oc3ccccc3)Oc3ccccc3)P3(=O)Oc4ccccc4-c4ccccc43)cc2)P2(=O)Oc3ccccc3-c3ccccc32)cc1,,NC1=CC=C(CC2=CC=C(N)C=C2)C=C1,7.0,0.8076203530997026,0.09130511304535688,0.0,0.0,0.0,0.1130544973203332,0.0,0.0,0.0,1,1,0,0,0,1,0,0,0,0,0,160.0,3.2,,24.8,,3.2,,,3.0,35.0,,1184.0,,,87.2,,,159.0,,,17.0,,,62.6,,,97.55,,,,,Virtual screening scenario,,,,,,,,,,,,,,,,,,,,,,,,,,,,,,,
FORM_000768,CAND_R2_263,TDCA-DOPO-3-carboxamide,designed,P-N,B,True,True,True,True,True,Candidate,,TDCA-DOPO-3-carboxamide,,DDM,DOPO-based (additive),0,1,P-N,100.00%,0.00%,NC(=O)c1ccc(OP(=O)(Oc2ccccc2)OC(c2ccc(C(OP(=O)(Oc3ccccc3)Oc3ccccc3)P3(=O)Oc4ccccc4-c4ccccc43)cc2)P2(=O)Oc3ccccc3-c3ccccc32)cc1,,NC1=CC=C(CC2=CC=C(N)C=C2)C=C1,10.0,1.1537433615710038,0.13043587577908122,0.0,0.0,0.0,0.11305449732033317,0.0,0.0,0.0,1,1,0,0,0,1,0,0,0,0,0,160.0,3.2,,24.8,,3.2,,,3.0,35.0,,1184.0,,,87.2,,,159.0,,,17.0,,,62.6,,,97.55,,,,,Virtual screening scenario,,,,,,,,,,,,,,,,,,,,,,,,,,,,,,,
FORM_000769,CAND_R2_264,TDCA-DOPO-3-boronic-acid,designed,P-B,B,True,True,True,True,True,Candidate,,TDCA-DOPO-3-boronic-acid,,DDM,DOPO-based (additive),0,1,P-B,100.00%,0.00%,O=P(Oc1ccccc1)(Oc1ccccc1)OC(c1ccc(C(OP(=O)(Oc2ccccc2)Oc2ccc(B(O)O)cc2)P2(=O)Oc3ccccc3-c3ccccc32)cc1)P1(=O)Oc2ccccc2-c2ccccc21,,NC1=CC=C(CC2=CC=C(N)C=C2)C=C1,3.42,0.3942890642011287,0.0,0.0,0.03440832118988994,0.0,0.0,0.0,0.08726673984632274,0.0,1,0,0,1,0,1,0,0,0,0,0,160.0,3.2,,24.8,,3.2,,,3.0,35.0,,1184.0,,,87.2,,,159.0,,,17.0,,,62.6,,,97.55,,,,,Virtual screening scenario,,,,,,,,,,,,,,,,,,,,,,,,,,,,,,,
FORM_000770,CAND_R2_264,TDCA-DOPO-3-boronic-acid,designed,P-B,B,True,True,True,True,True,Candidate,,TDCA-DOPO-3-boronic-acid,,DDM,DOPO-based (additive),0,1,P-B,100.00%,0.00%,O=P(Oc1ccccc1)(Oc1ccccc1)OC(c1ccc(C(OP(=O)(Oc2ccccc2)Oc2ccc(B(O)O)cc2)P2(=O)Oc3ccccc3-c3ccccc32)cc1)P1(=O)Oc2ccccc2-c2ccccc21,,NC1=CC=C(CC2=CC=C(N)C=C2)C=C1,7.0,0.8070244004116668,0.0,0.0,0.07042638840035954,0.0,0.0,0.0,0.08726673984632277,0.0,1,0,0,1,0,1,0,0,0,0,0,160.0,3.2,,24.8,,3.2,,,3.0,35.0,,1184.0,,,87.2,,,159.0,,,17.0,,,62.6,,,97.55,,,,,Virtual screening scenario,,,,,,,,,,,,,,,,,,,,,,,,,,,,,,,
FORM_000771,CAND_R2_264,TDCA-DOPO-3-boronic-acid,designed,P-B,B,True,True,True,True,True,Candidate,,TDCA-DOPO-3-boronic-acid,,DDM,DOPO-based (additive),0,1,P-B,100.00%,0.00%,O=P(Oc1ccccc1)(Oc1ccccc1)OC(c1ccc(C(OP(=O)(Oc2ccccc2)Oc2ccc(B(O)O)cc2)P2(=O)Oc3ccccc3-c3ccccc32)cc1)P1(=O)Oc2ccccc2-c2ccccc21,,NC1=CC=C(CC2=CC=C(N)C=C2)C=C1,10.0,1.1528920005880956,0.0,0.0,0.10060912628622791,0.0,0.0,0.0,0.08726673984632274,0.0,1,0,0,1,0,1,0,0,0,0,0,160.0,3.2,,24.8,,3.2,,,3.0,35.0,,1184.0,,,87.2,,,159.0,,,17.0,,,62.6,,,97.55,,,,,Virtual screening scenario,,,,,,,,,,,,,,,,,,,,,,,,,,,,,,,
FORM_000772,CAND_R2_265,TDCA-DOPO-3-pinacol-boronate,designed,P-B,B,True,True,True,True,True,Candidate,,TDCA-DOPO-3-pinacol-boronate,,DDM,DOPO-based (additive),0,1,P-B,100.00%,0.00%,CC1(C)OB(c2ccc(OP(=O)(Oc3ccccc3)OC(c3ccc(C(OP(=O)(Oc4ccccc4)Oc4ccccc4)P4(=O)Oc5ccccc5-c5ccccc54)cc3)P3(=O)Oc4ccccc4-c4ccccc43)cc2)OC1(C)C,,NC1=CC=C(CC2=CC=C(N)C=C2)C=C1,3.42,0.3662900414937759,0.0,0.0,0.03196493775933611,0.0,0.0,0.0,0.08726673984632274,0.0,1,0,0,1,0,1,0,0,0,0,0,160.0,3.2,,24.8,,3.2,,,3.0,35.0,,1184.0,,,87.2,,,159.0,,,17.0,,,62.6,,,97.55,,,,,Virtual screening scenario,,,,,,,,,,,,,,,,,,,,,,,,,,,,,,,
FORM_000773,CAND_R2_265,TDCA-DOPO-3-pinacol-boronate,designed,P-B,B,True,True,True,True,True,Candidate,,TDCA-DOPO-3-pinacol-boronate,,DDM,DOPO-based (additive),0,1,P-B,100.00%,0.00%,CC1(C)OB(c2ccc(OP(=O)(Oc3ccccc3)OC(c3ccc(C(OP(=O)(Oc4ccccc4)Oc4ccccc4)P4(=O)Oc5ccccc5-c5ccccc54)cc3)P3(=O)Oc4ccccc4-c4ccccc43)cc2)OC1(C)C,,NC1=CC=C(CC2=CC=C(N)C=C2)C=C1,7.0,0.7497164591977871,0.0,0.0,0.06542531120331951,0.0,0.0,0.0,0.08726673984632273,0.0,1,0,0,1,0,1,0,0,0,0,0,160.0,3.2,,24.8,,3.2,,,3.0,35.0,,1184.0,,,87.2,,,159.0,,,17.0,,,62.6,,,97.55,,,,,Virtual screening scenario,,,,,,,,,,,,,,,,,,,,,,,,,,,,,,,
FORM_000774,CAND_R2_265,TDCA-DOPO-3-pinacol-boronate,designed,P-B,B,True,True,True,True,True,Candidate,,TDCA-DOPO-3-pinacol-boronate,,DDM,DOPO-based (additive),0,1,P-B,100.00%,0.00%,CC1(C)OB(c2ccc(OP(=O)(Oc3ccccc3)OC(c3ccc(C(OP(=O)(Oc4ccccc4)Oc4ccccc4)P4(=O)Oc5ccccc5-c5ccccc54)cc3)P3(=O)Oc4ccccc4-c4ccccc43)cc2)OC1(C)C,,NC1=CC=C(CC2=CC=C(N)C=C2)C=C1,10.0,1.0710235131396957,0.0,0.0,0.09346473029045643,0.0,0.0,0.0,0.08726673984632273,0.0,1,0,0,1,0,1,0,0,0,0,0,160.0,3.2,,24.8,,3.2,,,3.0,35.0,,1184.0,,,87.2,,,159.0,,,17.0,,,62.6,,,97.55,,,,,Virtual screening scenario,,,,,,,,,,,,,,,,,,,,,,,,,,,,,,,
FORM_000775,CAND_R2_266,TDCA-DOPO-3-trimethoxysilyl,designed,P-Si,B,True,True,True,True,True,Candidate,,TDCA-DOPO-3-trimethoxysilyl,,DDS,DOPO-based (Additive + Secondary Crosslinking),3,1,P-Si,100.00%,0.00%,CO[Si](OC)(OC)c1ccc(OP(=O)(Oc2ccccc2)OC(c2ccc(C(OP(=O)(Oc3ccccc3)Oc3ccccc3)P3(=O)Oc4ccccc4-c4ccccc43)cc2)P2(=O)Oc3ccccc3-c3ccccc32)cc1,,NC1=CC=C(C=C1)S(=O)(=O)C1=CC=C(N)C=C1,3.5,0.37674193929537025,0.0,0.0,0.0,0.08540367814174604,0.0,0.0,0.0,0.22669012720346093,1,0,0,0,1,1,1,0,0,0,0,250.0,4.0,,22.4,,3.0,,,4.0,35.0,,867.99,,,114.14500000000001,,,180.0,,,16.9,,,52.14,,,95.65,,,,,Virtual screening scenario,,,,,,,,,,,,,,,,,,,,,,,,,,,,,,,
FORM_000776,CAND_R2_266,TDCA-DOPO-3-trimethoxysilyl,designed,P-Si,B,True,True,True,True,True,Candidate,,TDCA-DOPO-3-trimethoxysilyl,,DDS,DOPO-based (Additive + Secondary Crosslinking),3,1,P-Si,100.00%,0.00%,CO[Si](OC)(OC)c1ccc(OP(=O)(Oc2ccccc2)OC(c2ccc(C(OP(=O)(Oc3ccccc3)Oc3ccccc3)P3(=O)Oc4ccccc4-c4ccccc43)cc2)P2(=O)Oc3ccccc3-c3ccccc32)cc1,,NC1=CC=C(C=C1)S(=O)(=O)C1=CC=C(N)C=C1,5.29,0.569418531106431,0.0,0.0,0.0,0.12908155924852474,0.0,0.0,0.0,0.22669012720346096,1,0,0,0,1,1,1,0,0,0,0,250.0,4.0,,22.4,,3.0,,,4.0,35.0,,867.99,,,114.14500000000001,,,180.0,,,16.9,,,52.14,,,95.65,,,,,Virtual screening scenario,,,,,,,,,,,,,,,,,,,,,,,,,,,,,,,
FORM_000777,CAND_R2_266,TDCA-DOPO-3-trimethoxysilyl,designed,P-Si,B,True,True,True,True,True,Candidate,,TDCA-DOPO-3-trimethoxysilyl,,DDS,DOPO-based (Additive + Secondary Crosslinking),3,1,P-Si,100.00%,0.00%,CO[Si](OC)(OC)c1ccc(OP(=O)(Oc2ccccc2)OC(c2ccc(C(OP(=O)(Oc3ccccc3)Oc3ccccc3)P3(=O)Oc4ccccc4-c4ccccc43)cc2)P2(=O)Oc3ccccc3-c3ccccc32)cc1,,NC1=CC=C(C=C1)S(=O)(=O)C1=CC=C(N)C=C1,10.0,1.076405540843915,0.0,0.0,0.0,0.24401050897641732,0.0,0.0,0.0,0.226690127203461,1,0,0,0,1,1,1,0,0,0,0,250.0,4.0,,22.4,,3.0,,,4.0,35.0,,867.99,,,114.14500000000001,,,180.0,,,16.9,,,52.14,,,95.65,,,,,Virtual screening scenario,,,,,,,,,,,,,,,,,,,,,,,,,,,,,,,
FORM_000778,CAND_R2_267,TDCA-DOPO-3-triethoxysilyl,designed,P-Si,B,True,True,True,True,True,Candidate,,TDCA-DOPO-3-triethoxysilyl,,DDS,DOPO-based (Additive + Secondary Crosslinking),3,1,P-Si,100.00%,0.00%,CCO[Si](OCC)(OCC)c1ccc(OP(=O)(Oc2ccccc2)OC(c2ccc(C(OP(=O)(Oc3ccccc3)Oc3ccccc3)P3(=O)Oc4ccccc4-c4ccccc43)cc2)P2(=O)Oc3ccccc3-c3ccccc32)cc1,,NC1=CC=C(C=C1)S(=O)(=O)C1=CC=C(N)C=C1,3.5,0.36345410306119275,0.0,0.0,0.0,0.0823914568555616,0.0,0.0,0.0,0.22669012720346096,1,0,0,0,1,1,1,0,0,0,0,250.0,4.0,,22.4,,3.0,,,4.0,35.0,,867.99,,,114.14500000000001,,,180.0,,,16.9,,,52.14,,,95.65,,,,,Virtual screening scenario,,,,,,,,,,,,,,,,,,,,,,,,,,,,,,,
FORM_000779,CAND_R2_267,TDCA-DOPO-3-triethoxysilyl,designed,P-Si,B,True,True,True,True,True,Candidate,,TDCA-DOPO-3-triethoxysilyl,,DDS,DOPO-based (Additive + Secondary Crosslinking),3,1,P-Si,100.00%,0.00%,CCO[Si](OCC)(OCC)c1ccc(OP(=O)(Oc2ccccc2)OC(c2ccc(C(OP(=O)(Oc3ccccc3)Oc3ccccc3)P3(=O)Oc4ccccc4-c4ccccc43)cc2)P2(=O)Oc3ccccc3-c3ccccc32)cc1,,NC1=CC=C(C=C1)S(=O)(=O)C1=CC=C(N)C=C1,5.29,0.5493349157696313,0.0,0.0,0.0,0.12452880193312027,0.0,0.0,0.0,0.22669012720346102,1,0,0,0,1,1,1,0,0,0,0,250.0,4.0,,22.4,,3.0,,,4.0,35.0,,867.99,,,114.14500000000001,,,180.0,,,16.9,,,52.14,,,95.65,,,,,Virtual screening scenario,,,,,,,,,,,,,,,,,,,,,,,,,,,,,,,
FORM_000780,CAND_R2_267,TDCA-DOPO-3-triethoxysilyl,designed,P-Si,B,True,True,True,True,True,Candidate,,TDCA-DOPO-3-triethoxysilyl,,DDS,DOPO-based (Additive + Secondary Crosslinking),3,1,P-Si,100.00%,0.00%,CCO[Si](OCC)(OCC)c1ccc(OP(=O)(Oc2ccccc2)OC(c2ccc(C(OP(=O)(Oc3ccccc3)Oc3ccccc3)P3(=O)Oc4ccccc4-c4ccccc43)cc2)P2(=O)Oc3ccccc3-c3ccccc32)cc1,,NC1=CC=C(C=C1)S(=O)(=O)C1=CC=C(N)C=C1,10.0,1.0384402944605509,0.0,0.0,0.0,0.23540416244446175,0.0,0.0,0.0,0.22669012720346096,1,0,0,0,1,1,1,0,0,0,0,250.0,4.0,,22.4,,3.0,,,4.0,35.0,,867.99,,,114.14500000000001,,,180.0,,,16.9,,,52.14,,,95.65,,,,,Virtual screening scenario,,,,,,,,,,,,,,,,,,,,,,,,,,,,,,,
FORM_000781,CAND_R2_268,TDCA-DOPO-3-disiloxane,designed,P-Si,B,True,True,True,True,True,Candidate,,TDCA-DOPO-3-disiloxane,,DDM,DOPO-based (additive),0,1,P-Si,100.00%,0.00%,C[Si](C)(C)O[Si](C)(C)c1ccc(OP(=O)(Oc2ccccc2)OC(c2ccc(C(OP(=O)(Oc3ccccc3)Oc3ccccc3)P3(=O)Oc4ccccc4-c4ccccc43)cc2)P2(=O)Oc3ccccc3-c3ccccc32)cc1,,NC1=CC=C(CC2=CC=C(N)C=C2)C=C1,3.42,0.359950457621388,0.0,0.0,0.0,0.1631944300502729,0.0,0.0,0.0,0.45338025440692203,1,0,0,0,1,1,0,0,0,0,0,160.0,3.2,,24.8,,3.2,,,3.0,35.0,,1184.0,,,87.2,,,159.0,,,17.0,,,62.6,,,97.55,,,,,Virtual screening scenario,,,,,,,,,,,,,,,,,,,,,,,,,,,,,,,
FORM_000782,CAND_R2_268,TDCA-DOPO-3-disiloxane,designed,P-Si,B,True,True,True,True,True,Candidate,,TDCA-DOPO-3-disiloxane,,DDM,DOPO-based (additive),0,1,P-Si,100.00%,0.00%,C[Si](C)(C)O[Si](C)(C)c1ccc(OP(=O)(Oc2ccccc2)OC(c2ccc(C(OP(=O)(Oc3ccccc3)Oc3ccccc3)P3(=O)Oc4ccccc4-c4ccccc43)cc2)P2(=O)Oc3ccccc3-c3ccccc32)cc1,,NC1=CC=C(CC2=CC=C(N)C=C2)C=C1,7.0,0.7367407027338352,0.0,0.0,0.0,0.33402368723740067,0.0,0.0,0.0,0.453380254406922,1,0,0,0,1,1,0,0,0,0,0,160.0,3.2,,24.8,,3.2,,,3.0,35.0,,1184.0,,,87.2,,,159.0,,,17.0,,,62.6,,,97.55,,,,,Virtual screening scenario,,,,,,,,,,,,,,,,,,,,,,,,,,,,,,,
FORM_000783,CAND_R2_268,TDCA-DOPO-3-disiloxane,designed,P-Si,B,True,True,True,True,True,Candidate,,TDCA-DOPO-3-disiloxane,,DDM,DOPO-based (additive),0,1,P-Si,100.00%,0.00%,C[Si](C)(C)O[Si](C)(C)c1ccc(OP(=O)(Oc2ccccc2)OC(c2ccc(C(OP(=O)(Oc3ccccc3)Oc3ccccc3)P3(=O)Oc4ccccc4-c4ccccc43)cc2)P2(=O)Oc3ccccc3-c3ccccc32)cc1,,NC1=CC=C(CC2=CC=C(N)C=C2)C=C1,10.0,1.052486718191193,0.0,0.0,0.0,0.4771766960534295,0.0,0.0,0.0,0.453380254406922,1,0,0,0,1,1,0,0,0,0,0,160.0,3.2,,24.8,,3.2,,,3.0,35.0,,1184.0,,,87.2,,,159.0,,,17.0,,,62.6,,,97.55,,,,,Virtual screening scenario,,,,,,,,,,,,,,,,,,,,,,,,,,,,,,,
FORM_000784,CAND_R2_269,TDCA-DOPO-3-glycidyloxy,designed,P-only,B,True,True,True,True,True,Candidate,,TDCA-DOPO-3-glycidyloxy,,DDM,DOPO-based (Co-curing),2,0,P-only,100.00%,0.00%,O=P(Oc1ccccc1)(Oc1ccccc1)OC(c1ccc(C(OP(=O)(Oc2ccccc2)Oc2ccc(OCC3CO3)cc2)P2(=O)Oc3ccccc3-c3ccccc32)cc1)P1(=O)Oc2ccccc2-c2ccccc21,,NC1=CC=C(CC2=CC=C(N)C=C2)C=C1,4.0,0.44934667635023695,0.0,0.0,0.0,0.0,0.0,0.0,0.0,0.0,1,0,0,0,0,1,0,0,0,0,0,170.0,3.0,,24.0,,3.0,,,3.0,35.0,,1208.0,,,88.0,,,164.3,,,16.5,,,58.7,,,101.3,,,,,Virtual screening scenario,,,,,,,,,,,,,,,,,,,,,,,,,,,,,,,
FORM_000785,CAND_R2_269,TDCA-DOPO-3-glycidyloxy,designed,P-only,B,True,True,True,True,True,Candidate,,TDCA-DOPO-3-glycidyloxy,,DDM,DOPO-based (Co-curing),2,0,P-only,100.00%,0.00%,O=P(Oc1ccccc1)(Oc1ccccc1)OC(c1ccc(C(OP(=O)(Oc2ccccc2)Oc2ccc(OCC3CO3)cc2)P2(=O)Oc3ccccc3-c3ccccc32)cc1)P1(=O)Oc2ccccc2-c2ccccc21,,NC1=CC=C(CC2=CC=C(N)C=C2)C=C1,6.78,0.7616426164136516,0.0,0.0,0.0,0.0,0.0,0.0,0.0,0.0,1,0,0,0,0,1,0,0,0,0,0,170.0,3.0,,24.0,,3.0,,,3.0,35.0,,1208.0,,,88.0,,,164.3,,,16.5,,,58.7,,,101.3,,,,,Virtual screening scenario,,,,,,,,,,,,,,,,,,,,,,,,,,,,,,,
FORM_000786,CAND_R2_269,TDCA-DOPO-3-glycidyloxy,designed,P-only,B,True,True,True,True,True,Candidate,,TDCA-DOPO-3-glycidyloxy,,DDM,DOPO-based (Co-curing),2,0,P-only,100.00%,0.00%,O=P(Oc1ccccc1)(Oc1ccccc1)OC(c1ccc(C(OP(=O)(Oc2ccccc2)Oc2ccc(OCC3CO3)cc2)P2(=O)Oc3ccccc3-c3ccccc32)cc1)P1(=O)Oc2ccccc2-c2ccccc21,,NC1=CC=C(CC2=CC=C(N)C=C2)C=C1,10.19,1.1447106580022286,0.0,0.0,0.0,0.0,0.0,0.0,0.0,0.0,1,0,0,0,0,1,0,0,0,0,0,170.0,3.0,,24.0,,3.0,,,3.0,35.0,,1208.0,,,88.0,,,164.3,,,16.5,,,58.7,,,101.3,,,,,Virtual screening scenario,,,,,,,,,,,,,,,,,,,,,,,,,,,,,,,
FORM_000787,CAND_R2_270,TDCA-DOPO-3-diaminotriazine,designed,P-N,B,True,True,True,True,True,Candidate,,TDCA-DOPO-3-diaminotriazine,,DDM,DOPO-based (Co-curing),2,1,P-N,100.00%,0.00%,Nc1nc(N)nc(-c2ccc(OP(=O)(Oc3ccccc3)OC(c3ccc(C(OP(=O)(Oc4ccccc4)Oc4ccccc4)P4(=O)Oc5ccccc5-c5ccccc54)cc3)P3(=O)Oc4ccccc4-c4ccccc43)cc2)n1,,NC1=CC=C(CC2=CC=C(N)C=C2)C=C1,4.0,0.4347502649290129,0.24575236330715616,0.0,0.0,0.0,0.565272486601666,0.0,0.0,0.0,1,1,0,0,0,1,0,0,0,0,0,170.0,3.0,,24.0,,3.0,,,3.0,35.0,,1208.0,,,88.0,,,164.3,,,16.5,,,58.7,,,101.3,,,,,Virtual screening scenario,,,,,,,,,,,,,,,,,,,,,,,,,,,,,,,
FORM_000788,CAND_R2_270,TDCA-DOPO-3-diaminotriazine,designed,P-N,B,True,True,True,True,True,Candidate,,TDCA-DOPO-3-diaminotriazine,,DDM,DOPO-based (Co-curing),2,1,P-N,100.00%,0.00%,Nc1nc(N)nc(-c2ccc(OP(=O)(Oc3ccccc3)OC(c3ccc(C(OP(=O)(Oc4ccccc4)Oc4ccccc4)P4(=O)Oc5ccccc5-c5ccccc54)cc3)P3(=O)Oc4ccccc4-c4ccccc43)cc2)n1,,NC1=CC=C(CC2=CC=C(N)C=C2)C=C1,6.78,0.736901699054677,0.4165502558056297,0.0,0.0,0.0,0.5652724866016658,0.0,0.0,0.0,1,1,0,0,0,1,0,0,0,0,0,170.0,3.0,,24.0,,3.0,,,3.0,35.0,,1208.0,,,88.0,,,164.3,,,16.5,,,58.7,,,101.3,,,,,Virtual screening scenario,,,,,,,,,,,,,,,,,,,,,,,,,,,,,,,
FORM_000789,CAND_R2_270,TDCA-DOPO-3-diaminotriazine,designed,P-N,B,True,True,True,True,True,Candidate,,TDCA-DOPO-3-diaminotriazine,,DDM,DOPO-based (Co-curing),2,1,P-N,100.00%,0.00%,Nc1nc(N)nc(-c2ccc(OP(=O)(Oc3ccccc3)OC(c3ccc(C(OP(=O)(Oc4ccccc4)Oc4ccccc4)P4(=O)Oc5ccccc5-c5ccccc54)cc3)P3(=O)Oc4ccccc4-c4ccccc43)cc2)n1,,NC1=CC=C(CC2=CC=C(N)C=C2)C=C1,10.19,1.1075262999066604,0.6260541455249803,0.0,0.0,0.0,0.5652724866016658,0.0,0.0,0.0,1,1,0,0,0,1,0,0,0,0,0,170.0,3.0,,24.0,,3.0,,,3.0,35.0,,1208.0,,,88.0,,,164.3,,,16.5,,,58.7,,,101.3,,,,,Virtual screening scenario,,,,,,,,,,,,,,,,,,,,,,,,,,,,,,,
FORM_000790,CAND_R2_271,TDCA-DOPO-3-piperazine,designed,P-N,B,True,True,True,True,True,Candidate,,TDCA-DOPO-3-piperazine,,DDM,DOPO-based (Co-curing),2,1,P-N,100.00%,0.00%,O=P(Oc1ccccc1)(Oc1ccccc1)OC(c1ccc(C(OP(=O)(Oc2ccccc2)Oc2ccc(N3CCNCC3)cc2)P2(=O)Oc3ccccc3-c3ccccc32)cc1)P1(=O)Oc2ccccc2-c2ccccc21,,NC1=CC=C(CC2=CC=C(N)C=C2)C=C1,4.0,0.4444866981536525,0.1005024404506717,0.0,0.0,0.0,0.2261089946406664,0.0,0.0,0.0,1,1,0,0,0,1,0,0,0,0,0,170.0,3.0,,24.0,,3.0,,,3.0,35.0,,1208.0,,,88.0,,,164.3,,,16.5,,,58.7,,,101.3,,,,,Virtual screening scenario,,,,,,,,,,,,,,,,,,,,,,,,,,,,,,,
FORM_000791,CAND_R2_271,TDCA-DOPO-3-piperazine,designed,P-N,B,True,True,True,True,True,Candidate,,TDCA-DOPO-3-piperazine,,DDM,DOPO-based (Co-curing),2,1,P-N,100.00%,0.00%,O=P(Oc1ccccc1)(Oc1ccccc1)OC(c1ccc(C(OP(=O)(Oc2ccccc2)Oc2ccc(N3CCNCC3)cc2)P2(=O)Oc3ccccc3-c3ccccc32)cc1)P1(=O)Oc2ccccc2-c2ccccc21,,NC1=CC=C(CC2=CC=C(N)C=C2)C=C1,6.78,0.753404953370441,0.17035163656388852,0.0,0.0,0.0,0.22610899464066633,0.0,0.0,0.0,1,1,0,0,0,1,0,0,0,0,0,170.0,3.0,,24.0,,3.0,,,3.0,35.0,,1208.0,,,88.0,,,164.3,,,16.5,,,58.7,,,101.3,,,,,Virtual screening scenario,,,,,,,,,,,,,,,,,,,,,,,,,,,,,,,
FORM_000792,CAND_R2_271,TDCA-DOPO-3-piperazine,designed,P-N,B,True,True,True,True,True,Candidate,,TDCA-DOPO-3-piperazine,,DDM,DOPO-based (Co-curing),2,1,P-N,100.00%,0.00%,O=P(Oc1ccccc1)(Oc1ccccc1)OC(c1ccc(C(OP(=O)(Oc2ccccc2)Oc2ccc(N3CCNCC3)cc2)P2(=O)Oc3ccccc3-c3ccccc32)cc1)P1(=O)Oc2ccccc2-c2ccccc21,,NC1=CC=C(CC2=CC=C(N)C=C2)C=C1,10.19,1.1323298635464298,0.2560299670480861,0.0,0.0,0.0,0.2261089946406663,0.0,0.0,0.0,1,1,0,0,0,1,0,0,0,0,0,170.0,3.0,,24.0,,3.0,,,3.0,35.0,,1208.0,,,88.0,,,164.3,,,16.5,,,58.7,,,101.3,,,,,Virtual screening scenario,,,,,,,,,,,,,,,,,,,,,,,,,,,,,,,
FORM_000793,CAND_R2_272,TDCA-DOPO-3-benzamide-linker,designed,P-N,B,True,True,True,True,True,Candidate,,TDCA-DOPO-3-benzamide-linker,,DDM,DOPO-based (additive),0,1,P-N,100.00%,0.00%,O=C(Nc1ccc(OP(=O)(Oc2ccccc2)OC(c2ccc(C(OP(=O)(Oc3ccccc3)Oc3ccccc3)P3(=O)Oc4ccccc4-c4ccccc43)cc2)P2(=O)Oc3ccccc3-c3ccccc32)cc1)c1ccccc1,,NC1=CC=C(CC2=CC=C(N)C=C2)C=C1,3.42,0.36846906715804634,0.04165708516564503,0.0,0.0,0.0,0.11305449732033321,0.0,0.0,0.0,1,1,0,0,0,1,0,0,0,0,0,160.0,3.2,,24.8,,3.2,,,3.0,35.0,,1184.0,,,87.2,,,159.0,,,17.0,,,62.6,,,97.55,,,,,Virtual screening scenario,,,,,,,,,,,,,,,,,,,,,,,,,,,,,,,
FORM_000794,CAND_R2_272,TDCA-DOPO-3-benzamide-linker,designed,P-N,B,True,True,True,True,True,Candidate,,TDCA-DOPO-3-benzamide-linker,,DDM,DOPO-based (additive),0,1,P-N,100.00%,0.00%,O=C(Nc1ccc(OP(=O)(Oc2ccccc2)OC(c2ccc(C(OP(=O)(Oc3ccccc3)Oc3ccccc3)P3(=O)Oc4ccccc4-c4ccccc43)cc2)P2(=O)Oc3ccccc3-c3ccccc32)cc1)c1ccccc1,,NC1=CC=C(CC2=CC=C(N)C=C2)C=C1,7.0,0.7541764532474633,0.08526303981272373,0.0,0.0,0.0,0.1130544973203332,0.0,0.0,0.0,1,1,0,0,0,1,0,0,0,0,0,160.0,3.2,,24.8,,3.2,,,3.0,35.0,,1184.0,,,87.2,,,159.0,,,17.0,,,62.6,,,97.55,,,,,Virtual screening scenario,,,,,,,,,,,,,,,,,,,,,,,,,,,,,,,
FORM_000795,CAND_R2_272,TDCA-DOPO-3-benzamide-linker,designed,P-N,B,True,True,True,True,True,Candidate,,TDCA-DOPO-3-benzamide-linker,,DDM,DOPO-based (additive),0,1,P-N,100.00%,0.00%,O=C(Nc1ccc(OP(=O)(Oc2ccccc2)OC(c2ccc(C(OP(=O)(Oc3ccccc3)Oc3ccccc3)P3(=O)Oc4ccccc4-c4ccccc43)cc2)P2(=O)Oc3ccccc3-c3ccccc32)cc1)c1ccccc1,,NC1=CC=C(CC2=CC=C(N)C=C2)C=C1,10.0,1.0773949332106618,0.12180434258960535,0.0,0.0,0.0,0.11305449732033321,0.0,0.0,0.0,1,1,0,0,0,1,0,0,0,0,0,160.0,3.2,,24.8,,3.2,,,3.0,35.0,,1184.0,,,87.2,,,159.0,,,17.0,,,62.6,,,97.55,,,,,Virtual screening scenario,,,,,,,,,,,,,,,,,,,,,,,,,,,,,,,
FORM_000796,CAND_R2_273,TDCA-DOPO-3-phenyl,designed,P-only,B,True,True,True,True,True,Candidate,,TDCA-DOPO-3-phenyl,,DDM,DOPO-based (additive),0,0,P-only,100.00%,0.00%,O=P(Oc1ccccc1)(Oc1ccccc1)OC(c1ccc(C(OP(=O)(Oc2ccccc2)Oc2ccc(-c3ccccc3)cc2)P2(=O)Oc3ccccc3-c3ccccc32)cc1)P1(=O)Oc2ccccc2-c2ccccc21,,NC1=CC=C(CC2=CC=C(N)C=C2)C=C1,3.42,0.3827909523060995,0.0,0.0,0.0,0.0,0.0,0.0,0.0,0.0,1,0,0,0,0,1,0,0,0,0,0,160.0,3.2,,24.8,,3.2,,,3.0,35.0,,1184.0,,,87.2,,,159.0,,,17.0,,,62.6,,,97.55,,,,,Virtual screening scenario,,,,,,,,,,,,,,,,,,,,,,,,,,,,,,,
FORM_000797,CAND_R2_273,TDCA-DOPO-3-phenyl,designed,P-only,B,True,True,True,True,True,Candidate,,TDCA-DOPO-3-phenyl,,DDM,DOPO-based (additive),0,0,P-only,100.00%,0.00%,O=P(Oc1ccccc1)(Oc1ccccc1)OC(c1ccc(C(OP(=O)(Oc2ccccc2)Oc2ccc(-c3ccccc3)cc2)P2(=O)Oc3ccccc3-c3ccccc32)cc1)P1(=O)Oc2ccccc2-c2ccccc21,,NC1=CC=C(CC2=CC=C(N)C=C2)C=C1,7.0,0.7834902532580983,0.0,0.0,0.0,0.0,0.0,0.0,0.0,0.0,1,0,0,0,0,1,0,0,0,0,0,160.0,3.2,,24.8,,3.2,,,3.0,35.0,,1184.0,,,87.2,,,159.0,,,17.0,,,62.6,,,97.55,,,,,Virtual screening scenario,,,,,,,,,,,,,,,,,,,,,,,,,,,,,,,
FORM_000798,CAND_R2_273,TDCA-DOPO-3-phenyl,designed,P-only,B,True,True,True,True,True,Candidate,,TDCA-DOPO-3-phenyl,,DDM,DOPO-based (additive),0,0,P-only,100.00%,0.00%,O=P(Oc1ccccc1)(Oc1ccccc1)OC(c1ccc(C(OP(=O)(Oc2ccccc2)Oc2ccc(-c3ccccc3)cc2)P2(=O)Oc3ccccc3-c3ccccc32)cc1)P1(=O)Oc2ccccc2-c2ccccc21,,NC1=CC=C(CC2=CC=C(N)C=C2)C=C1,10.0,1.119271790368712,0.0,0.0,0.0,0.0,0.0,0.0,0.0,0.0,1,0,0,0,0,1,0,0,0,0,0,160.0,3.2,,24.8,,3.2,,,3.0,35.0,,1184.0,,,87.2,,,159.0,,,17.0,,,62.6,,,97.55,,,,,Virtual screening scenario,,,,,,,,,,,,,,,,,,,,,,,,,,,,,,,
FORM_000799,CAND_R2_274,TDCA-DOPO-3-biphenyl,designed,P-only,B,True,True,True,True,True,Candidate,,TDCA-DOPO-3-biphenyl,,DDM,DOPO-based (additive),0,0,P-only,100.00%,0.00%,O=P(Oc1ccccc1)(Oc1ccccc1)OC(c1ccc(C(OP(=O)(Oc2ccccc2)Oc2ccc(-c3ccc(-c4ccccc4)cc3)cc2)P2(=O)Oc3ccccc3-c3ccccc32)cc1)P1(=O)Oc2ccccc2-c2ccccc21,,NC1=CC=C(CC2=CC=C(N)C=C2)C=C1,3.42,0.3581680968900249,0.0,0.0,0.0,0.0,0.0,0.0,0.0,0.0,1,0,0,0,0,1,0,0,0,0,0,160.0,3.2,,24.8,,3.2,,,3.0,35.0,,1184.0,,,87.2,,,159.0,,,17.0,,,62.6,,,97.55,,,,,Virtual screening scenario,,,,,,,,,,,,,,,,,,,,,,,,,,,,,,,
FORM_000800,CAND_R2_274,TDCA-DOPO-3-biphenyl,designed,P-only,B,True,True,True,True,True,Candidate,,TDCA-DOPO-3-biphenyl,,DDM,DOPO-based (additive),0,0,P-only,100.00%,0.00%,O=P(Oc1ccccc1)(Oc1ccccc1)OC(c1ccc(C(OP(=O)(Oc2ccccc2)Oc2ccc(-c3ccc(-c4ccccc4)cc3)cc2)P2(=O)Oc3ccccc3-c3ccccc32)cc1)P1(=O)Oc2ccccc2-c2ccccc21,,NC1=CC=C(CC2=CC=C(N)C=C2)C=C1,7.0,0.7330925959737351,0.0,0.0,0.0,0.0,0.0,0.0,0.0,0.0,1,0,0,0,0,1,0,0,0,0,0,160.0,3.2,,24.8,,3.2,,,3.0,35.0,,1184.0,,,87.2,,,159.0,,,17.0,,,62.6,,,97.55,,,,,Virtual screening scenario,,,,,,,,,,,,,,,,,,,,,,,,,,,,,,,
FORM_000801,CAND_R2_274,TDCA-DOPO-3-biphenyl,designed,P-only,B,True,True,True,True,True,Candidate,,TDCA-DOPO-3-biphenyl,,DDM,DOPO-based (additive),0,0,P-only,100.00%,0.00%,O=P(Oc1ccccc1)(Oc1ccccc1)OC(c1ccc(C(OP(=O)(Oc2ccccc2)Oc2ccc(-c3ccc(-c4ccccc4)cc3)cc2)P2(=O)Oc3ccccc3-c3ccccc32)cc1)P1(=O)Oc2ccccc2-c2ccccc21,,NC1=CC=C(CC2=CC=C(N)C=C2)C=C1,10.0,1.047275137105336,0.0,0.0,0.0,0.0,0.0,0.0,0.0,0.0,1,0,0,0,0,1,0,0,0,0,0,160.0,3.2,,24.8,,3.2,,,3.0,35.0,,1184.0,,,87.2,,,159.0,,,17.0,,,62.6,,,97.55,,,,,Virtual screening scenario,,,,,,,,,,,,,,,,,,,,,,,,,,,,,,,
FORM_000802,CAND_R2_275,Ti-POSS-bisDOPO-amino,designed,P-N-Si,B,True,True,True,True,True,Candidate,,Ti-POSS-bisDOPO-amino,,DDM,DOPO-based (Co-curing),2,1,P-N-Si,100.00%,0.00%,CC(C)C[Si@]12O[Si@@]3(CC(C)C)O[Si@@](CC(C)C)(O1)O[Si@]1(CC(C)C)O[Si@@]4(CC(C)C)O[Ti](OC(C)C)(O2)O[Si@@](CC(C)C)(O[Si@@](CCCN(CP2(=O)Oc5ccccc5-c5ccccc52)CP2(=O)Oc5ccc(N)cc5-c5ccccc52)(O3)O4)O1,,NC1=CC=C(CC2=CC=C(N)C=C2)C=C1,4.0,0.18116973037154885,0.08192821118726303,0.0,0.0,0.5749714491268039,0.4522179892813328,0.0,0.0,3.1736617808484535,1,1,0,0,1,1,0,0,0,0,0,170.0,3.0,,24.0,,3.0,,,3.0,35.0,,1208.0,,,88.0,,,164.3,,,16.5,,,58.7,,,101.3,,,,,Virtual screening scenario,,,,,,,,,,,,,,,,,,,,,,,,,,,,,,,
FORM_000803,CAND_R2_275,Ti-POSS-bisDOPO-amino,designed,P-N-Si,B,True,True,True,True,True,Candidate,,Ti-POSS-bisDOPO-amino,,DDM,DOPO-based (Co-curing),2,1,P-N-Si,100.00%,0.00%,CC(C)C[Si@]12O[Si@@]3(CC(C)C)O[Si@@](CC(C)C)(O1)O[Si@]1(CC(C)C)O[Si@@]4(CC(C)C)O[Ti](OC(C)C)(O2)O[Si@@](CC(C)C)(O[Si@@](CCCN(CP2(=O)Oc5ccccc5-c5ccccc52)CP2(=O)Oc5ccc(N)cc5-c5ccccc52)(O3)O4)O1,,NC1=CC=C(CC2=CC=C(N)C=C2)C=C1,6.78,0.3070826929797753,0.13886831796241084,0.0,0.0,0.9745766062699326,0.4522179892813328,0.0,0.0,3.1736617808484535,1,1,0,0,1,1,0,0,0,0,0,170.0,3.0,,24.0,,3.0,,,3.0,35.0,,1208.0,,,88.0,,,164.3,,,16.5,,,58.7,,,101.3,,,,,Virtual screening scenario,,,,,,,,,,,,,,,,,,,,,,,,,,,,,,,
FORM_000804,CAND_R2_275,Ti-POSS-bisDOPO-amino,designed,P-N-Si,B,True,True,True,True,True,Candidate,,Ti-POSS-bisDOPO-amino,,DDM,DOPO-based (Co-curing),2,1,P-N-Si,100.00%,0.00%,CC(C)C[Si@]12O[Si@@]3(CC(C)C)O[Si@@](CC(C)C)(O1)O[Si@]1(CC(C)C)O[Si@@]4(CC(C)C)O[Ti](OC(C)C)(O2)O[Si@@](CC(C)C)(O[Si@@](CCCN(CP2(=O)Oc5ccccc5-c5ccccc52)CP2(=O)Oc5ccc(N)cc5-c5ccccc52)(O3)O4)O1,,NC1=CC=C(CC2=CC=C(N)C=C2)C=C1,10.19,0.4615298881215207,0.20871211799955255,0.0,0.0,1.4647397666505326,0.4522179892813328,0.0,0.0,3.173661780848453,1,1,0,0,1,1,0,0,0,0,0,170.0,3.0,,24.0,,3.0,,,3.0,35.0,,1208.0,,,88.0,,,164.3,,,16.5,,,58.7,,,101.3,,,,,Virtual screening scenario,,,,,,,,,,,,,,,,,,,,,,,,,,,,,,,
FORM_000805,CAND_R2_276,Ti-POSS-bisDOPO-hydroxy,designed,P-N-Si,B,True,True,True,True,True,Candidate,,Ti-POSS-bisDOPO-hydroxy,,DDM,DOPO-based (additive),0,1,P-N-Si,100.00%,0.00%,CC(C)C[Si@]12O[Si@@]3(CC(C)C)O[Si@@](CC(C)C)(O1)O[Si@]1(CC(C)C)O[Si@@]4(CC(C)C)O[Ti](OC(C)C)(O2)O[Si@@](CC(C)C)(O[Si@@](CCCN(CP2(=O)Oc5ccccc5-c5ccccc52)CP2(=O)Oc5ccc(O)cc5-c5ccccc52)(O3)O4)O1,,NC1=CC=C(CC2=CC=C(N)C=C2)C=C1,3.42,0.15478875853170634,0.03499913057328099,0.0,0.0,0.49124716705705623,0.22610899464066636,0.0,0.0,3.173661780848452,1,1,0,0,1,1,0,0,0,0,0,160.0,3.2,,24.8,,3.2,,,3.0,35.0,,1184.0,,,87.2,,,159.0,,,17.0,,,62.6,,,97.55,,,,,Virtual screening scenario,,,,,,,,,,,,,,,,,,,,,,,,,,,,,,,
FORM_000806,CAND_R2_276,Ti-POSS-bisDOPO-hydroxy,designed,P-N-Si,B,True,True,True,True,True,Candidate,,Ti-POSS-bisDOPO-hydroxy,,DDM,DOPO-based (additive),0,1,P-N-Si,100.00%,0.00%,CC(C)C[Si@]12O[Si@@]3(CC(C)C)O[Si@@](CC(C)C)(O1)O[Si@]1(CC(C)C)O[Si@@]4(CC(C)C)O[Ti](OC(C)C)(O2)O[Si@@](CC(C)C)(O[Si@@](CCCN(CP2(=O)Oc5ccccc5-c5ccccc52)CP2(=O)Oc5ccc(O)cc5-c5ccccc52)(O3)O4)O1,,NC1=CC=C(CC2=CC=C(N)C=C2)C=C1,7.0,0.3168190964099253,0.07163564737221254,0.0,0.0,1.005476657719121,0.2261089946406663,0.0,0.0,3.173661780848452,1,1,0,0,1,1,0,0,0,0,0,160.0,3.2,,24.8,,3.2,,,3.0,35.0,,1184.0,,,87.2,,,159.0,,,17.0,,,62.6,,,97.55,,,,,Virtual screening scenario,,,,,,,,,,,,,,,,,,,,,,,,,,,,,,,
FORM_000807,CAND_R2_276,Ti-POSS-bisDOPO-hydroxy,designed,P-N-Si,B,True,True,True,True,True,Candidate,,Ti-POSS-bisDOPO-hydroxy,,DDM,DOPO-based (additive),0,1,P-N-Si,100.00%,0.00%,CC(C)C[Si@]12O[Si@@]3(CC(C)C)O[Si@@](CC(C)C)(O1)O[Si@]1(CC(C)C)O[Si@@]4(CC(C)C)O[Ti](OC(C)C)(O2)O[Si@@](CC(C)C)(O[Si@@](CCCN(CP2(=O)Oc5ccccc5-c5ccccc52)CP2(=O)Oc5ccc(O)cc5-c5ccccc52)(O3)O4)O1,,NC1=CC=C(CC2=CC=C(N)C=C2)C=C1,10.0,0.4525987091570361,0.10233663910316078,0.0,0.0,1.4363952253130299,0.22610899464066633,0.0,0.0,3.173661780848452,1,1,0,0,1,1,0,0,0,0,0,160.0,3.2,,24.8,,3.2,,,3.0,35.0,,1184.0,,,87.2,,,159.0,,,17.0,,,62.6,,,97.55,,,,,Virtual screening scenario,,,,,,,,,,,,,,,,,,,,,,,,,,,,,,,
FORM_000808,CAND_R2_277,Ti-POSS-bisDOPO-boronic-acid,designed,P-N-Si-B,B,True,True,True,True,True,Candidate,,Ti-POSS-bisDOPO-boronic-acid,,DDM,DOPO-based (additive),0,1,P-N-Si-B,100.00%,0.00%,CC(C)C[Si@]12O[Si@@]3(CC(C)C)O[Si@@](CC(C)C)(O1)O[Si@]1(CC(C)C)O[Si@@]4(CC(C)C)O[Ti](OC(C)C)(O2)O[Si@@](CC(C)C)(O[Si@@](CCCN(CP2(=O)Oc5ccccc5-c5ccccc52)CP2(=O)Oc5ccc(B(O)O)cc5-c5ccccc52)(O3)O4)O1,,NC1=CC=C(CC2=CC=C(N)C=C2)C=C1,3.42,0.15170536835042683,0.034301948319306975,0.0,0.026477665826254517,0.48146152948328613,0.22610899464066636,0.0,0.17453347969264543,3.1736617808484526,1,1,0,1,1,1,0,0,0,0,0,160.0,3.2,,24.8,,3.2,,,3.0,35.0,,1184.0,,,87.2,,,159.0,,,17.0,,,62.6,,,97.55,,,,,Virtual screening scenario,,,,,,,,,,,,,,,,,,,,,,,,,,,,,,,
FORM_000809,CAND_R2_277,Ti-POSS-bisDOPO-boronic-acid,designed,P-N-Si-B,B,True,True,True,True,True,Candidate,,Ti-POSS-bisDOPO-boronic-acid,,DDM,DOPO-based (additive),0,1,P-N-Si-B,100.00%,0.00%,CC(C)C[Si@]12O[Si@@]3(CC(C)C)O[Si@@](CC(C)C)(O1)O[Si@]1(CC(C)C)O[Si@@]4(CC(C)C)O[Ti](OC(C)C)(O2)O[Si@@](CC(C)C)(O[Si@@](CCCN(CP2(=O)Oc5ccccc5-c5ccccc52)CP2(=O)Oc5ccc(B(O)O)cc5-c5ccccc52)(O3)O4)O1,,NC1=CC=C(CC2=CC=C(N)C=C2)C=C1,7.0,0.3105080638751426,0.07020866615062832,0.0,0.05419405286075486,0.9854475749657904,0.2261089946406664,0.0,0.17453347969264546,3.173661780848453,1,1,0,1,1,1,0,0,0,0,0,160.0,3.2,,24.8,,3.2,,,3.0,35.0,,1184.0,,,87.2,,,159.0,,,17.0,,,62.6,,,97.55,,,,,Virtual screening scenario,,,,,,,,,,,,,,,,,,,,,,,,,,,,,,,
FORM_000810,CAND_R2_277,Ti-POSS-bisDOPO-boronic-acid,designed,P-N-Si-B,B,True,True,True,True,True,Candidate,,Ti-POSS-bisDOPO-boronic-acid,,DDM,DOPO-based (additive),0,1,P-N-Si-B,100.00%,0.00%,CC(C)C[Si@]12O[Si@@]3(CC(C)C)O[Si@@](CC(C)C)(O1)O[Si@]1(CC(C)C)O[Si@@]4(CC(C)C)O[Ti](OC(C)C)(O2)O[Si@@](CC(C)C)(O[Si@@](CCCN(CP2(=O)Oc5ccccc5-c5ccccc52)CP2(=O)Oc5ccc(B(O)O)cc5-c5ccccc52)(O3)O4)O1,,NC1=CC=C(CC2=CC=C(N)C=C2)C=C1,10.0,0.44358294839306095,0.10029809450089759,0.0,0.07742007551536409,1.407782249951129,0.22610899464066633,0.0,0.17453347969264543,3.1736617808484526,1,1,0,1,1,1,0,0,0,0,0,160.0,3.2,,24.8,,3.2,,,3.0,35.0,,1184.0,,,87.2,,,159.0,,,17.0,,,62.6,,,97.55,,,,,Virtual screening scenario,,,,,,,,,,,,,,,,,,,,,,,,,,,,,,,
FORM_000811,CAND_R2_278,Ti-POSS-bisDOPO-trimethoxysilyl,designed,P-N-Si,B,True,True,True,True,True,Candidate,,Ti-POSS-bisDOPO-trimethoxysilyl,,DDS,DOPO-based (Additive + Secondary Crosslinking),3,1,P-N-Si,100.00%,0.00%,CO[Si](OC)(OC)c1ccc2c(c1)-c1ccccc1P(=O)(CN(CCC[Si@]13O[Si@@]4(CC(C)C)O[Si@@]5(CC(C)C)O[Si@](CC(C)C)(O4)O[Si@@]4(CC(C)C)O[Si@@](CC(C)C)(O[Ti](OC(C)C)(O5)O[Si@@](CC(C)C)(O1)O4)O3)CP1(=O)Oc3ccccc3-c3ccccc31)O2,,NC1=CC=C(C=C1)S(=O)(=O)C1=CC=C(N)C=C1,3.5,0.14720493394319642,0.033284359620041844,0.0,0.0,0.5339184832089642,0.22610899464066636,0.0,0.0,3.627042035255375,1,1,0,0,1,1,1,0,0,0,0,250.0,4.0,,22.4,,3.0,,,4.0,35.0,,867.99,,,114.14500000000001,,,180.0,,,16.9,,,52.14,,,95.65,,,,,Virtual screening scenario,,,,,,,,,,,,,,,,,,,,,,,,,,,,,,,
FORM_000812,CAND_R2_278,Ti-POSS-bisDOPO-trimethoxysilyl,designed,P-N-Si,B,True,True,True,True,True,Candidate,,Ti-POSS-bisDOPO-trimethoxysilyl,,DDS,DOPO-based (Additive + Secondary Crosslinking),3,1,P-N-Si,100.00%,0.00%,CO[Si](OC)(OC)c1ccc2c(c1)-c1ccccc1P(=O)(CN(CCC[Si@]13O[Si@@]4(CC(C)C)O[Si@@]5(CC(C)C)O[Si@](CC(C)C)(O4)O[Si@@]4(CC(C)C)O[Si@@](CC(C)C)(O[Ti](OC(C)C)(O5)O[Si@@](CC(C)C)(O1)O4)O3)CP1(=O)Oc3ccccc3-c3ccccc31)O2,,NC1=CC=C(C=C1)S(=O)(=O)C1=CC=C(N)C=C1,5.29,0.22248974301700258,0.05030693211143467,0.0,0.0,0.8069796503358343,0.22610899464066636,0.0,0.0,3.6270420352553745,1,1,0,0,1,1,1,0,0,0,0,250.0,4.0,,22.4,,3.0,,,4.0,35.0,,867.99,,,114.14500000000001,,,180.0,,,16.9,,,52.14,,,95.65,,,,,Virtual screening scenario,,,,,,,,,,,,,,,,,,,,,,,,,,,,,,,
FORM_000813,CAND_R2_278,Ti-POSS-bisDOPO-trimethoxysilyl,designed,P-N-Si,B,True,True,True,True,True,Candidate,,Ti-POSS-bisDOPO-trimethoxysilyl,,DDS,DOPO-based (Additive + Secondary Crosslinking),3,1,P-N-Si,100.00%,0.00%,CO[Si](OC)(OC)c1ccc2c(c1)-c1ccccc1P(=O)(CN(CCC[Si@]13O[Si@@]4(CC(C)C)O[Si@@]5(CC(C)C)O[Si@](CC(C)C)(O4)O[Si@@]4(CC(C)C)O[Si@@](CC(C)C)(O[Ti](OC(C)C)(O5)O[Si@@](CC(C)C)(O1)O4)O3)CP1(=O)Oc3ccccc3-c3ccccc31)O2,,NC1=CC=C(C=C1)S(=O)(=O)C1=CC=C(N)C=C1,10.0,0.4205855255519897,0.09509817034297668,0.0,0.0,1.5254813805970402,0.22610899464066636,0.0,0.0,3.627042035255375,1,1,0,0,1,1,1,0,0,0,0,250.0,4.0,,22.4,,3.0,,,4.0,35.0,,867.99,,,114.14500000000001,,,180.0,,,16.9,,,52.14,,,95.65,,,,,Virtual screening scenario,,,,,,,,,,,,,,,,,,,,,,,,,,,,,,,
FORM_000814,CAND_R2_279,Ti-POSS-bisDOPO-disiloxane,designed,P-N-Si,B,True,True,True,True,True,Candidate,,Ti-POSS-bisDOPO-disiloxane,,DDM,DOPO-based (additive),0,1,P-N-Si,100.00%,0.00%,CC(C)C[Si@]12O[Si@@]3(CC(C)C)O[Si@@](CC(C)C)(O1)O[Si@]1(CC(C)C)O[Si@@]4(CC(C)C)O[Ti](OC(C)C)(O2)O[Si@@](CC(C)C)(O[Si@@](CCCN(CP2(=O)Oc5ccccc5-c5ccccc52)CP2(=O)Oc5ccc([Si](C)(C)O[Si](C)(C)C)cc5-c5ccccc52)(O3)O4)O1,,NC1=CC=C(CC2=CC=C(N)C=C2)C=C1,3.42,0.1413302896420884,0.031956049703246794,0.0,0.0,0.576687264060006,0.2261089946406664,0.0,0.0,4.080422289662297,1,1,0,0,1,1,0,0,0,0,0,160.0,3.2,,24.8,,3.2,,,3.0,35.0,,1184.0,,,87.2,,,159.0,,,17.0,,,62.6,,,97.55,,,,,Virtual screening scenario,,,,,,,,,,,,,,,,,,,,,,,,,,,,,,,
FORM_000815,CAND_R2_279,Ti-POSS-bisDOPO-disiloxane,designed,P-N-Si,B,True,True,True,True,True,Candidate,,Ti-POSS-bisDOPO-disiloxane,,DDM,DOPO-based (additive),0,1,P-N-Si,100.00%,0.00%,CC(C)C[Si@]12O[Si@@]3(CC(C)C)O[Si@@](CC(C)C)(O1)O[Si@]1(CC(C)C)O[Si@@]4(CC(C)C)O[Ti](OC(C)C)(O2)O[Si@@](CC(C)C)(O[Si@@](CCCN(CP2(=O)Oc5ccccc5-c5ccccc52)CP2(=O)Oc5ccc([Si](C)(C)O[Si](C)(C)C)cc5-c5ccccc52)(O3)O4)O1,,NC1=CC=C(CC2=CC=C(N)C=C2)C=C1,7.0,0.2892725226592453,0.06540711927565133,0.0,0.0,1.1803540492456266,0.22610899464066636,0.0,0.0,4.080422289662297,1,1,0,0,1,1,0,0,0,0,0,160.0,3.2,,24.8,,3.2,,,3.0,35.0,,1184.0,,,87.2,,,159.0,,,17.0,,,62.6,,,97.55,,,,,Virtual screening scenario,,,,,,,,,,,,,,,,,,,,,,,,,,,,,,,
FORM_000816,CAND_R2_279,Ti-POSS-bisDOPO-disiloxane,designed,P-N-Si,B,True,True,True,True,True,Candidate,,Ti-POSS-bisDOPO-disiloxane,,DDM,DOPO-based (additive),0,1,P-N-Si,100.00%,0.00%,CC(C)C[Si@]12O[Si@@]3(CC(C)C)O[Si@@](CC(C)C)(O1)O[Si@]1(CC(C)C)O[Si@@]4(CC(C)C)O[Ti](OC(C)C)(O2)O[Si@@](CC(C)C)(O[Si@@](CCCN(CP2(=O)Oc5ccccc5-c5ccccc52)CP2(=O)Oc5ccc([Si](C)(C)O[Si](C)(C)C)cc5-c5ccccc52)(O3)O4)O1,,NC1=CC=C(CC2=CC=C(N)C=C2)C=C1,10.0,0.4132464609417789,0.09343874182235905,0.0,0.0,1.686220070350895,0.22610899464066642,0.0,0.0,4.080422289662298,1,1,0,0,1,1,0,0,0,0,0,160.0,3.2,,24.8,,3.2,,,3.0,35.0,,1184.0,,,87.2,,,159.0,,,17.0,,,62.6,,,97.55,,,,,Virtual screening scenario,,,,,,,,,,,,,,,,,,,,,,,,,,,,,,,
FORM_000817,CAND_R2_280,Ti-POSS-bisDOPO-glycidyloxy,designed,P-N-Si,B,True,True,True,True,True,Candidate,,Ti-POSS-bisDOPO-glycidyloxy,,DDM,DOPO-based (Co-curing),2,1,P-N-Si,100.00%,0.00%,CC(C)C[Si@]12O[Si@@]3(CC(C)C)O[Si@@](CC(C)C)(O1)O[Si@]1(CC(C)C)O[Si@@]4(CC(C)C)O[Ti](OC(C)C)(O2)O[Si@@](CC(C)C)(O[Si@@](CCCN(CP2(=O)Oc5ccccc5-c5ccccc52)CP2(=O)Oc5ccc(OCC6CO6)cc5-c5ccccc52)(O3)O4)O1,,NC1=CC=C(CC2=CC=C(N)C=C2)C=C1,4.0,0.17391572886238038,0.03932391060527155,0.0,0.0,0.5519497017789388,0.22610899464066636,0.0,0.0,3.1736617808484526,1,1,0,0,1,1,0,0,0,0,0,170.0,3.0,,24.0,,3.0,,,3.0,35.0,,1208.0,,,88.0,,,164.3,,,16.5,,,58.7,,,101.3,,,,,Virtual screening scenario,,,,,,,,,,,,,,,,,,,,,,,,,,,,,,,
FORM_000818,CAND_R2_280,Ti-POSS-bisDOPO-glycidyloxy,designed,P-N-Si,B,True,True,True,True,True,Candidate,,Ti-POSS-bisDOPO-glycidyloxy,,DDM,DOPO-based (Co-curing),2,1,P-N-Si,100.00%,0.00%,CC(C)C[Si@]12O[Si@@]3(CC(C)C)O[Si@@](CC(C)C)(O1)O[Si@]1(CC(C)C)O[Si@@]4(CC(C)C)O[Ti](OC(C)C)(O2)O[Si@@](CC(C)C)(O[Si@@](CCCN(CP2(=O)Oc5ccccc5-c5ccccc52)CP2(=O)Oc5ccc(OCC6CO6)cc5-c5ccccc52)(O3)O4)O1,,NC1=CC=C(CC2=CC=C(N)C=C2)C=C1,6.78,0.29478716042173475,0.06665402847593528,0.0,0.0,0.9355547445153013,0.22610899464066636,0.0,0.0,3.173661780848453,1,1,0,0,1,1,0,0,0,0,0,170.0,3.0,,24.0,,3.0,,,3.0,35.0,,1208.0,,,88.0,,,164.3,,,16.5,,,58.7,,,101.3,,,,,Virtual screening scenario,,,,,,,,,,,,,,,,,,,,,,,,,,,,,,,
FORM_000819,CAND_R2_280,Ti-POSS-bisDOPO-glycidyloxy,designed,P-N-Si,B,True,True,True,True,True,Candidate,,Ti-POSS-bisDOPO-glycidyloxy,,DDM,DOPO-based (Co-curing),2,1,P-N-Si,100.00%,0.00%,CC(C)C[Si@]12O[Si@@]3(CC(C)C)O[Si@@](CC(C)C)(O1)O[Si@]1(CC(C)C)O[Si@@]4(CC(C)C)O[Ti](OC(C)C)(O2)O[Si@@](CC(C)C)(O[Si@@](CCCN(CP2(=O)Oc5ccccc5-c5ccccc52)CP2(=O)Oc5ccc(OCC6CO6)cc5-c5ccccc52)(O3)O4)O1,,NC1=CC=C(CC2=CC=C(N)C=C2)C=C1,10.19,0.44305031927691396,0.10017766226692927,0.0,0.0,1.4060918652818464,0.2261089946406664,0.0,0.0,3.1736617808484526,1,1,0,0,1,1,0,0,0,0,0,170.0,3.0,,24.0,,3.0,,,3.0,35.0,,1208.0,,,88.0,,,164.3,,,16.5,,,58.7,,,101.3,,,,,Virtual screening scenario,,,,,,,,,,,,,,,,,,,,,,,,,,,,,,,
FORM_000820,CAND_R2_281,Ti-POSS-bisDOPO-diaminotriazine,designed,P-N-Si,B,True,True,True,True,True,Candidate,,Ti-POSS-bisDOPO-diaminotriazine,,DDM,DOPO-based (Co-curing),2,1,P-N-Si,100.00%,0.00%,CC(C)C[Si@]12O[Si@@]3(CC(C)C)O[Si@@](CC(C)C)(O1)O[Si@]1(CC(C)C)O[Si@@]4(CC(C)C)O[Ti](OC(C)C)(O2)O[Si@@](CC(C)C)(O[Si@@](CCCN(CP2(=O)Oc5ccccc5-c5ccccc52)CP2(=O)Oc5ccc(-c6nc(N)nc(N)n6)cc5-c5ccccc52)(O3)O4)O1,,NC1=CC=C(CC2=CC=C(N)C=C2)C=C1,4.0,0.16951028552938785,0.22996680145381312,0.0,0.0,0.5379683146453268,1.3566539678439984,0.0,0.0,3.173661780848453,1,1,0,0,1,1,0,0,0,0,0,170.0,3.0,,24.0,,3.0,,,3.0,35.0,,1208.0,,,88.0,,,164.3,,,16.5,,,58.7,,,101.3,,,,,Virtual screening scenario,,,,,,,,,,,,,,,,,,,,,,,,,,,,,,,
FORM_000821,CAND_R2_281,Ti-POSS-bisDOPO-diaminotriazine,designed,P-N-Si,B,True,True,True,True,True,Candidate,,Ti-POSS-bisDOPO-diaminotriazine,,DDM,DOPO-based (Co-curing),2,1,P-N-Si,100.00%,0.00%,CC(C)C[Si@]12O[Si@@]3(CC(C)C)O[Si@@](CC(C)C)(O1)O[Si@]1(CC(C)C)O[Si@@]4(CC(C)C)O[Ti](OC(C)C)(O2)O[Si@@](CC(C)C)(O[Si@@](CCCN(CP2(=O)Oc5ccccc5-c5ccccc52)CP2(=O)Oc5ccc(-c6nc(N)nc(N)n6)cc5-c5ccccc52)(O3)O4)O1,,NC1=CC=C(CC2=CC=C(N)C=C2)C=C1,6.78,0.28731993397231237,0.3897937284642133,0.0,0.0,0.911856293323829,1.3566539678439986,0.0,0.0,3.1736617808484535,1,1,0,0,1,1,0,0,0,0,0,170.0,3.0,,24.0,,3.0,,,3.0,35.0,,1208.0,,,88.0,,,164.3,,,16.5,,,58.7,,,101.3,,,,,Virtual screening scenario,,,,,,,,,,,,,,,,,,,,,,,,,,,,,,,
FORM_000822,CAND_R2_281,Ti-POSS-bisDOPO-diaminotriazine,designed,P-N-Si,B,True,True,True,True,True,Candidate,,Ti-POSS-bisDOPO-diaminotriazine,,DDM,DOPO-based (Co-curing),2,1,P-N-Si,100.00%,0.00%,CC(C)C[Si@]12O[Si@@]3(CC(C)C)O[Si@@](CC(C)C)(O1)O[Si@]1(CC(C)C)O[Si@@]4(CC(C)C)O[Ti](OC(C)C)(O2)O[Si@@](CC(C)C)(O[Si@@](CCCN(CP2(=O)Oc5ccccc5-c5ccccc52)CP2(=O)Oc5ccc(-c6nc(N)nc(N)n6)cc5-c5ccccc52)(O3)O4)O1,,NC1=CC=C(CC2=CC=C(N)C=C2)C=C1,10.19,0.43182745238611553,0.5858404267035889,0.0,0.0,1.3704742815589699,1.3566539678439984,0.0,0.0,3.1736617808484526,1,1,0,0,1,1,0,0,0,0,0,170.0,3.0,,24.0,,3.0,,,3.0,35.0,,1208.0,,,88.0,,,164.3,,,16.5,,,58.7,,,101.3,,,,,Virtual screening scenario,,,,,,,,,,,,,,,,,,,,,,,,,,,,,,,
FORM_000823,CAND_R2_282,Ti-POSS-bisDOPO-piperazine,designed,P-N-Si,B,True,True,True,True,True,Candidate,,Ti-POSS-bisDOPO-piperazine,,DDM,DOPO-based (Co-curing),2,1,P-N-Si,100.00%,0.00%,CC(C)C[Si@]12O[Si@@]3(CC(C)C)O[Si@@](CC(C)C)(O1)O[Si@]1(CC(C)C)O[Si@@]4(CC(C)C)O[Ti](OC(C)C)(O2)O[Si@@](CC(C)C)(O[Si@@](CCCN(CP2(=O)Oc5ccccc5-c5ccccc52)CP2(=O)Oc5ccc(N6CCNCC6)cc5-c5ccccc52)(O3)O4)O1,,NC1=CC=C(CC2=CC=C(N)C=C2)C=C1,4.0,0.17245610335451173,0.11698162844740649,0.0,0.0,0.5473173440902647,0.6783269839219991,0.0,0.0,3.1736617808484535,1,1,0,0,1,1,0,0,0,0,0,170.0,3.0,,24.0,,3.0,,,3.0,35.0,,1208.0,,,88.0,,,164.3,,,16.5,,,58.7,,,101.3,,,,,Virtual screening scenario,,,,,,,,,,,,,,,,,,,,,,,,,,,,,,,
FORM_000824,CAND_R2_282,Ti-POSS-bisDOPO-piperazine,designed,P-N-Si,B,True,True,True,True,True,Candidate,,Ti-POSS-bisDOPO-piperazine,,DDM,DOPO-based (Co-curing),2,1,P-N-Si,100.00%,0.00%,CC(C)C[Si@]12O[Si@@]3(CC(C)C)O[Si@@](CC(C)C)(O1)O[Si@]1(CC(C)C)O[Si@@]4(CC(C)C)O[Ti](OC(C)C)(O2)O[Si@@](CC(C)C)(O[Si@@](CCCN(CP2(=O)Oc5ccccc5-c5ccccc52)CP2(=O)Oc5ccc(N6CCNCC6)cc5-c5ccccc52)(O3)O4)O1,,NC1=CC=C(CC2=CC=C(N)C=C2)C=C1,6.78,0.2923130951858974,0.19828386021835398,0.0,0.0,0.9277028982329987,0.678326983921999,0.0,0.0,3.173661780848454,1,1,0,0,1,1,0,0,0,0,0,170.0,3.0,,24.0,,3.0,,,3.0,35.0,,1208.0,,,88.0,,,164.3,,,16.5,,,58.7,,,101.3,,,,,Virtual screening scenario,,,,,,,,,,,,,,,,,,,,,,,,,,,,,,,
FORM_000825,CAND_R2_282,Ti-POSS-bisDOPO-piperazine,designed,P-N-Si,B,True,True,True,True,True,Candidate,,Ti-POSS-bisDOPO-piperazine,,DDM,DOPO-based (Co-curing),2,1,P-N-Si,100.00%,0.00%,CC(C)C[Si@]12O[Si@@]3(CC(C)C)O[Si@@](CC(C)C)(O1)O[Si@]1(CC(C)C)O[Si@@]4(CC(C)C)O[Ti](OC(C)C)(O2)O[Si@@](CC(C)C)(O[Si@@](CCCN(CP2(=O)Oc5ccccc5-c5ccccc52)CP2(=O)Oc5ccc(N6CCNCC6)cc5-c5ccccc52)(O3)O4)O1,,NC1=CC=C(CC2=CC=C(N)C=C2)C=C1,10.19,0.43933192329561854,0.298010698469768,0.0,0.0,1.3942909340699492,0.6783269839219992,0.0,0.0,3.173661780848454,1,1,0,0,1,1,0,0,0,0,0,170.0,3.0,,24.0,,3.0,,,3.0,35.0,,1208.0,,,88.0,,,164.3,,,16.5,,,58.7,,,101.3,,,,,Virtual screening scenario,,,,,,,,,,,,,,,,,,,,,,,,,,,,,,,
FORM_000826,CAND_R2_283,DGEBDB-amino,designed,P-N,B,True,True,True,True,True,Candidate,,DGEBDB-amino,,DDM,DOPO-based (Co-curing),2,1,P-N,100.00%,0.00%,COc1cc(C(c2cc(N)c(OCC3CO3)c(OC)c2)P2(=O)Oc3ccccc3-c3ccccc32)ccc1OCC1CO1,,NC1=CC=C(CC2=CC=C(N)C=C2)C=C1,4.0,0.20594688759159038,0.09313288740541763,0.0,0.0,0.0,0.4522179892813326,0.0,0.0,0.0,1,1,0,0,0,1,0,0,0,0,0,170.0,3.0,,24.0,,3.0,,,3.0,35.0,,1208.0,,,88.0,,,164.3,,,16.5,,,58.7,,,101.3,,,,,Virtual screening scenario,,,,,,,,,,,,,,,,,,,,,,,,,,,,,,,
FORM_000827,CAND_R2_283,DGEBDB-amino,designed,P-N,B,True,True,True,True,True,Candidate,,DGEBDB-amino,,DDM,DOPO-based (Co-curing),2,1,P-N,100.00%,0.00%,COc1cc(C(c2cc(N)c(OCC3CO3)c(OC)c2)P2(=O)Oc3ccccc3-c3ccccc32)ccc1OCC1CO1,,NC1=CC=C(CC2=CC=C(N)C=C2)C=C1,6.78,0.34907997446774575,0.1578602441521829,0.0,0.0,0.0,0.45221798928133256,0.0,0.0,0.0,1,1,0,0,0,1,0,0,0,0,0,170.0,3.0,,24.0,,3.0,,,3.0,35.0,,1208.0,,,88.0,,,164.3,,,16.5,,,58.7,,,101.3,,,,,Virtual screening scenario,,,,,,,,,,,,,,,,,,,,,,,,,,,,,,,
FORM_000828,CAND_R2_283,DGEBDB-amino,designed,P-N,B,True,True,True,True,True,Candidate,,DGEBDB-amino,,DDM,DOPO-based (Co-curing),2,1,P-N,100.00%,0.00%,COc1cc(C(c2cc(N)c(OCC3CO3)c(OC)c2)P2(=O)Oc3ccccc3-c3ccccc32)ccc1OCC1CO1,,NC1=CC=C(CC2=CC=C(N)C=C2)C=C1,10.19,0.5246496961395765,0.2372560306653014,0.0,0.0,0.0,0.4522179892813326,0.0,0.0,0.0,1,1,0,0,0,1,0,0,0,0,0,170.0,3.0,,24.0,,3.0,,,3.0,35.0,,1208.0,,,88.0,,,164.3,,,16.5,,,58.7,,,101.3,,,,,Virtual screening scenario,,,,,,,,,,,,,,,,,,,,,,,,,,,,,,,
FORM_000829,CAND_R2_284,DGEBDB-hydroxy,designed,P-only,B,True,True,True,True,True,Candidate,,DGEBDB-hydroxy,,DDM,DOPO-based (additive),0,0,P-only,100.00%,0.00%,COc1cc(C(c2cc(O)c(OCC3CO3)c(OC)c2)P2(=O)Oc3ccccc3-c3ccccc32)ccc1OCC1CO1,,NC1=CC=C(CC2=CC=C(N)C=C2)C=C1,3.42,0.1757970446881389,0.0,0.0,0.0,0.0,0.0,0.0,0.0,0.0,1,0,0,0,0,1,0,0,0,0,0,160.0,3.2,,24.8,,3.2,,,3.0,35.0,,1184.0,,,87.2,,,159.0,,,17.0,,,62.6,,,97.55,,,,,Virtual screening scenario,,,,,,,,,,,,,,,,,,,,,,,,,,,,,,,
FORM_000830,CAND_R2_284,DGEBDB-hydroxy,designed,P-only,B,True,True,True,True,True,Candidate,,DGEBDB-hydroxy,,DDM,DOPO-based (additive),0,0,P-only,100.00%,0.00%,COc1cc(C(c2cc(O)c(OCC3CO3)c(OC)c2)P2(=O)Oc3ccccc3-c3ccccc32)ccc1OCC1CO1,,NC1=CC=C(CC2=CC=C(N)C=C2)C=C1,7.0,0.35981851251958263,0.0,0.0,0.0,0.0,0.0,0.0,0.0,0.0,1,0,0,0,0,1,0,0,0,0,0,160.0,3.2,,24.8,,3.2,,,3.0,35.0,,1184.0,,,87.2,,,159.0,,,17.0,,,62.6,,,97.55,,,,,Virtual screening scenario,,,,,,,,,,,,,,,,,,,,,,,,,,,,,,,
FORM_000831,CAND_R2_284,DGEBDB-hydroxy,designed,P-only,B,True,True,True,True,True,Candidate,,DGEBDB-hydroxy,,DDM,DOPO-based (additive),0,0,P-only,100.00%,0.00%,COc1cc(C(c2cc(O)c(OCC3CO3)c(OC)c2)P2(=O)Oc3ccccc3-c3ccccc32)ccc1OCC1CO1,,NC1=CC=C(CC2=CC=C(N)C=C2)C=C1,10.0,0.5140264464565465,0.0,0.0,0.0,0.0,0.0,0.0,0.0,0.0,1,0,0,0,0,1,0,0,0,0,0,160.0,3.2,,24.8,,3.2,,,3.0,35.0,,1184.0,,,87.2,,,159.0,,,17.0,,,62.6,,,97.55,,,,,Virtual screening scenario,,,,,,,,,,,,,,,,,,,,,,,,,,,,,,,
FORM_000832,CAND_R2_285,DGEBDB-hydroxymethyl,designed,P-only,B,True,True,True,True,True,Candidate,,DGEBDB-hydroxymethyl,,DDM,DOPO-based (additive),0,0,P-only,100.00%,0.00%,COc1cc(C(c2cc(CO)c(OCC3CO3)c(OC)c2)P2(=O)Oc3ccccc3-c3ccccc32)ccc1OCC1CO1,,NC1=CC=C(CC2=CC=C(N)C=C2)C=C1,3.42,0.17179786669866995,0.0,0.0,0.0,0.0,0.0,0.0,0.0,0.0,1,0,0,0,0,1,0,0,0,0,0,160.0,3.2,,24.8,,3.2,,,3.0,35.0,,1184.0,,,87.2,,,159.0,,,17.0,,,62.6,,,97.55,,,,,Virtual screening scenario,,,,,,,,,,,,,,,,,,,,,,,,,,,,,,,
FORM_000833,CAND_R2_285,DGEBDB-hydroxymethyl,designed,P-only,B,True,True,True,True,True,Candidate,,DGEBDB-hydroxymethyl,,DDM,DOPO-based (additive),0,0,P-only,100.00%,0.00%,COc1cc(C(c2cc(CO)c(OCC3CO3)c(OC)c2)P2(=O)Oc3ccccc3-c3ccccc32)ccc1OCC1CO1,,NC1=CC=C(CC2=CC=C(N)C=C2)C=C1,7.0,0.3516330604943537,0.0,0.0,0.0,0.0,0.0,0.0,0.0,0.0,1,0,0,0,0,1,0,0,0,0,0,160.0,3.2,,24.8,,3.2,,,3.0,35.0,,1184.0,,,87.2,,,159.0,,,17.0,,,62.6,,,97.55,,,,,Virtual screening scenario,,,,,,,,,,,,,,,,,,,,,,,,,,,,,,,
FORM_000834,CAND_R2_285,DGEBDB-hydroxymethyl,designed,P-only,B,True,True,True,True,True,Candidate,,DGEBDB-hydroxymethyl,,DDM,DOPO-based (additive),0,0,P-only,100.00%,0.00%,COc1cc(C(c2cc(CO)c(OCC3CO3)c(OC)c2)P2(=O)Oc3ccccc3-c3ccccc32)ccc1OCC1CO1,,NC1=CC=C(CC2=CC=C(N)C=C2)C=C1,10.0,0.5023329435633624,0.0,0.0,0.0,0.0,0.0,0.0,0.0,0.0,1,0,0,0,0,1,0,0,0,0,0,160.0,3.2,,24.8,,3.2,,,3.0,35.0,,1184.0,,,87.2,,,159.0,,,17.0,,,62.6,,,97.55,,,,,Virtual screening scenario,,,,,,,,,,,,,,,,,,,,,,,,,,,,,,,
FORM_000835,CAND_R2_286,DGEBDB-carboxamide,designed,P-N,B,True,True,True,True,True,Candidate,,DGEBDB-carboxamide,,DDM,DOPO-based (additive),0,1,P-N,100.00%,0.00%,COc1cc(C(c2cc(OC)c(OCC3CO3)c(C(N)=O)c2)P2(=O)Oc3ccccc3-c3ccccc32)ccc1OCC1CO1,,NC1=CC=C(CC2=CC=C(N)C=C2)C=C1,3.42,0.1682508632437635,0.07608606707094322,0.0,0.0,0.0,0.45221798928133267,0.0,0.0,0.0,1,1,0,0,0,1,0,0,0,0,0,160.0,3.2,,24.8,,3.2,,,3.0,35.0,,1184.0,,,87.2,,,159.0,,,17.0,,,62.6,,,97.55,,,,,Virtual screening scenario,,,,,,,,,,,,,,,,,,,,,,,,,,,,,,,
FORM_000836,CAND_R2_286,DGEBDB-carboxamide,designed,P-N,B,True,True,True,True,True,Candidate,,DGEBDB-carboxamide,,DDM,DOPO-based (additive),0,1,P-N,100.00%,0.00%,COc1cc(C(c2cc(OC)c(OCC3CO3)c(C(N)=O)c2)P2(=O)Oc3ccccc3-c3ccccc32)ccc1OCC1CO1,,NC1=CC=C(CC2=CC=C(N)C=C2)C=C1,7.0,0.3443731119024399,0.15573171622707677,0.0,0.0,0.0,0.4522179892813327,0.0,0.0,0.0,1,1,0,0,0,1,0,0,0,0,0,160.0,3.2,,24.8,,3.2,,,3.0,35.0,,1184.0,,,87.2,,,159.0,,,17.0,,,62.6,,,97.55,,,,,Virtual screening scenario,,,,,,,,,,,,,,,,,,,,,,,,,,,,,,,
FORM_000837,CAND_R2_286,DGEBDB-carboxamide,designed,P-N,B,True,True,True,True,True,Candidate,,DGEBDB-carboxamide,,DDM,DOPO-based (additive),0,1,P-N,100.00%,0.00%,COc1cc(C(c2cc(OC)c(OCC3CO3)c(C(N)=O)c2)P2(=O)Oc3ccccc3-c3ccccc32)ccc1OCC1CO1,,NC1=CC=C(CC2=CC=C(N)C=C2)C=C1,10.0,0.491961588432057,0.22247388032439538,0.0,0.0,0.0,0.4522179892813327,0.0,0.0,0.0,1,1,0,0,0,1,0,0,0,0,0,160.0,3.2,,24.8,,3.2,,,3.0,35.0,,1184.0,,,87.2,,,159.0,,,17.0,,,62.6,,,97.55,,,,,Virtual screening scenario,,,,,,,,,,,,,,,,,,,,,,,,,,,,,,,
FORM_000838,CAND_R2_287,DGEBDB-boronic-acid,designed,P-B,B,True,True,True,True,True,Candidate,,DGEBDB-boronic-acid,,DDM,DOPO-based (additive),0,1,P-B,100.00%,0.00%,COc1cc(C(c2cc(OC)c(OCC3CO3)c(B(O)O)c2)P2(=O)Oc3ccccc3-c3ccccc32)ccc1OCC1CO1,,NC1=CC=C(CC2=CC=C(N)C=C2)C=C1,3.42,0.1680392135089904,0.0,0.0,0.05865693731707897,0.0,0.0,0.0,0.34906695938529086,0.0,1,0,0,1,0,1,0,0,0,0,0,160.0,3.2,,24.8,,3.2,,,3.0,35.0,,1184.0,,,87.2,,,159.0,,,17.0,,,62.6,,,97.55,,,,,Virtual screening scenario,,,,,,,,,,,,,,,,,,,,,,,,,,,,,,,
FORM_000839,CAND_R2_287,DGEBDB-boronic-acid,designed,P-B,B,True,True,True,True,True,Candidate,,DGEBDB-boronic-acid,,DDM,DOPO-based (additive),0,1,P-B,100.00%,0.00%,COc1cc(C(c2cc(OC)c(OCC3CO3)c(B(O)O)c2)P2(=O)Oc3ccccc3-c3ccccc32)ccc1OCC1CO1,,NC1=CC=C(CC2=CC=C(N)C=C2)C=C1,7.0,0.34393991069091606,0.0,0.0,0.12005805883612655,0.0,0.0,0.0,0.3490669593852908,0.0,1,0,0,1,0,1,0,0,0,0,0,160.0,3.2,,24.8,,3.2,,,3.0,35.0,,1184.0,,,87.2,,,159.0,,,17.0,,,62.6,,,97.55,,,,,Virtual screening scenario,,,,,,,,,,,,,,,,,,,,,,,,,,,,,,,
FORM_000840,CAND_R2_287,DGEBDB-boronic-acid,designed,P-B,B,True,True,True,True,True,Candidate,,DGEBDB-boronic-acid,,DDM,DOPO-based (additive),0,1,P-B,100.00%,0.00%,COc1cc(C(c2cc(OC)c(OCC3CO3)c(B(O)O)c2)P2(=O)Oc3ccccc3-c3ccccc32)ccc1OCC1CO1,,NC1=CC=C(CC2=CC=C(N)C=C2)C=C1,10.0,0.4913427295584515,0.0,0.0,0.17151151262303796,0.0,0.0,0.0,0.3490669593852909,0.0,1,0,0,1,0,1,0,0,0,0,0,160.0,3.2,,24.8,,3.2,,,3.0,35.0,,1184.0,,,87.2,,,159.0,,,17.0,,,62.6,,,97.55,,,,,Virtual screening scenario,,,,,,,,,,,,,,,,,,,,,,,,,,,,,,,
FORM_000841,CAND_R2_288,DGEBDB-pinacol-boronate,designed,P-B,B,True,True,True,True,True,Candidate,,DGEBDB-pinacol-boronate,,DDM,DOPO-based (additive),0,1,P-B,100.00%,0.00%,COc1cc(C(c2cc(OC)c(OCC3CO3)c(B3OC(C)(C)C(C)(C)O3)c2)P2(=O)Oc3ccccc3-c3ccccc32)ccc1OCC1CO1,,NC1=CC=C(CC2=CC=C(N)C=C2)C=C1,3.42,0.1486666451474371,0.0,0.0,0.05189461378362789,0.0,0.0,0.0,0.349066959385291,0.0,1,0,0,1,0,1,0,0,0,0,0,160.0,3.2,,24.8,,3.2,,,3.0,35.0,,1184.0,,,87.2,,,159.0,,,17.0,,,62.6,,,97.55,,,,,Virtual screening scenario,,,,,,,,,,,,,,,,,,,,,,,,,,,,,,,
FORM_000842,CAND_R2_288,DGEBDB-pinacol-boronate,designed,P-B,B,True,True,True,True,True,Candidate,,DGEBDB-pinacol-boronate,,DDM,DOPO-based (additive),0,1,P-B,100.00%,0.00%,COc1cc(C(c2cc(OC)c(OCC3CO3)c(B3OC(C)(C)C(C)(C)O3)c2)P2(=O)Oc3ccccc3-c3ccccc32)ccc1OCC1CO1,,NC1=CC=C(CC2=CC=C(N)C=C2)C=C1,7.0,0.30428845498013446,0.0,0.0,0.10621704575596351,0.0,0.0,0.0,0.34906695938529086,0.0,1,0,0,1,0,1,0,0,0,0,0,160.0,3.2,,24.8,,3.2,,,3.0,35.0,,1184.0,,,87.2,,,159.0,,,17.0,,,62.6,,,97.55,,,,,Virtual screening scenario,,,,,,,,,,,,,,,,,,,,,,,,,,,,,,,
FORM_000843,CAND_R2_288,DGEBDB-pinacol-boronate,designed,P-B,B,True,True,True,True,True,Candidate,,DGEBDB-pinacol-boronate,,DDM,DOPO-based (additive),0,1,P-B,100.00%,0.00%,COc1cc(C(c2cc(OC)c(OCC3CO3)c(B3OC(C)(C)C(C)(C)O3)c2)P2(=O)Oc3ccccc3-c3ccccc32)ccc1OCC1CO1,,NC1=CC=C(CC2=CC=C(N)C=C2)C=C1,10.0,0.43469779282876353,0.0,0.0,0.1517386367942336,0.0,0.0,0.0,0.3490669593852909,0.0,1,0,0,1,0,1,0,0,0,0,0,160.0,3.2,,24.8,,3.2,,,3.0,35.0,,1184.0,,,87.2,,,159.0,,,17.0,,,62.6,,,97.55,,,,,Virtual screening scenario,,,,,,,,,,,,,,,,,,,,,,,,,,,,,,,
FORM_000844,CAND_R2_289,DGEBDB-trimethoxysilyl,designed,P-Si,B,True,True,True,True,True,Candidate,,DGEBDB-trimethoxysilyl,,DDS,DOPO-based (Additive + Secondary Crosslinking),3,1,P-Si,100.00%,0.00%,COc1cc(C(c2cc(OC)c(OCC3CO3)c([Si](OC)(OC)OC)c2)P2(=O)Oc3ccccc3-c3ccccc32)ccc1OCC1CO1,,NC1=CC=C(C=C1)S(=O)(=O)C1=CC=C(N)C=C1,3.5,0.15338935447402713,0.0,0.0,0.0,0.1390874091094959,0.0,0.0,0.0,0.906760508813844,1,0,0,0,1,1,1,0,0,0,0,250.0,4.0,,22.4,,3.0,,,4.0,35.0,,867.99,,,114.14500000000001,,,180.0,,,16.9,,,52.14,,,95.65,,,,,Virtual screening scenario,,,,,,,,,,,,,,,,,,,,,,,,,,,,,,,
FORM_000845,CAND_R2_289,DGEBDB-trimethoxysilyl,designed,P-Si,B,True,True,True,True,True,Candidate,,DGEBDB-trimethoxysilyl,,DDS,DOPO-based (Additive + Secondary Crosslinking),3,1,P-Si,100.00%,0.00%,COc1cc(C(c2cc(OC)c(OCC3CO3)c([Si](OC)(OC)OC)c2)P2(=O)Oc3ccccc3-c3ccccc32)ccc1OCC1CO1,,NC1=CC=C(C=C1)S(=O)(=O)C1=CC=C(N)C=C1,5.29,0.23183705290502957,0.0,0.0,0.0,0.2102206840540667,0.0,0.0,0.0,0.9067605088138441,1,0,0,0,1,1,1,0,0,0,0,250.0,4.0,,22.4,,3.0,,,4.0,35.0,,867.99,,,114.14500000000001,,,180.0,,,16.9,,,52.14,,,95.65,,,,,Virtual screening scenario,,,,,,,,,,,,,,,,,,,,,,,,,,,,,,,
FORM_000846,CAND_R2_289,DGEBDB-trimethoxysilyl,designed,P-Si,B,True,True,True,True,True,Candidate,,DGEBDB-trimethoxysilyl,,DDS,DOPO-based (Additive + Secondary Crosslinking),3,1,P-Si,100.00%,0.00%,COc1cc(C(c2cc(OC)c(OCC3CO3)c([Si](OC)(OC)OC)c2)P2(=O)Oc3ccccc3-c3ccccc32)ccc1OCC1CO1,,NC1=CC=C(C=C1)S(=O)(=O)C1=CC=C(N)C=C1,10.0,0.4382552984972204,0.0,0.0,0.0,0.3973925974557026,0.0,0.0,0.0,0.906760508813844,1,0,0,0,1,1,1,0,0,0,0,250.0,4.0,,22.4,,3.0,,,4.0,35.0,,867.99,,,114.14500000000001,,,180.0,,,16.9,,,52.14,,,95.65,,,,,Virtual screening scenario,,,,,,,,,,,,,,,,,,,,,,,,,,,,,,,
FORM_000847,CAND_R2_290,DGEBDB-triethoxysilyl,designed,P-Si,B,True,True,True,True,True,Candidate,,DGEBDB-triethoxysilyl,,DDS,DOPO-based (Additive + Secondary Crosslinking),3,1,P-Si,100.00%,0.00%,CCO[Si](OCC)(OCC)c1cc(C(c2ccc(OCC3CO3)c(OC)c2)P2(=O)Oc3ccccc3-c3ccccc32)cc(OC)c1OCC1CO1,,NC1=CC=C(C=C1)S(=O)(=O)C1=CC=C(N)C=C1,3.5,0.14476962974635366,0.0,0.0,0.0,0.13127138312959544,0.0,0.0,0.0,0.906760508813844,1,0,0,0,1,1,1,0,0,0,0,250.0,4.0,,22.4,,3.0,,,4.0,35.0,,867.99,,,114.14500000000001,,,180.0,,,16.9,,,52.14,,,95.65,,,,,Virtual screening scenario,,,,,,,,,,,,,,,,,,,,,,,,,,,,,,,
FORM_000848,CAND_R2_290,DGEBDB-triethoxysilyl,designed,P-Si,B,True,True,True,True,True,Candidate,,DGEBDB-triethoxysilyl,,DDS,DOPO-based (Additive + Secondary Crosslinking),3,1,P-Si,100.00%,0.00%,CCO[Si](OCC)(OCC)c1cc(C(c2ccc(OCC3CO3)c(OC)c2)P2(=O)Oc3ccccc3-c3ccccc32)cc(OC)c1OCC1CO1,,NC1=CC=C(C=C1)S(=O)(=O)C1=CC=C(N)C=C1,5.29,0.21880895467377456,0.0,0.0,0.0,0.1984073190730171,0.0,0.0,0.0,0.9067605088138437,1,0,0,0,1,1,1,0,0,0,0,250.0,4.0,,22.4,,3.0,,,4.0,35.0,,867.99,,,114.14500000000001,,,180.0,,,16.9,,,52.14,,,95.65,,,,,Virtual screening scenario,,,,,,,,,,,,,,,,,,,,,,,,,,,,,,,
FORM_000849,CAND_R2_290,DGEBDB-triethoxysilyl,designed,P-Si,B,True,True,True,True,True,Candidate,,DGEBDB-triethoxysilyl,,DDS,DOPO-based (Additive + Secondary Crosslinking),3,1,P-Si,100.00%,0.00%,CCO[Si](OCC)(OCC)c1cc(C(c2ccc(OCC3CO3)c(OC)c2)P2(=O)Oc3ccccc3-c3ccccc32)cc(OC)c1OCC1CO1,,NC1=CC=C(C=C1)S(=O)(=O)C1=CC=C(N)C=C1,10.0,0.4136275135610105,0.0,0.0,0.0,0.37506109465598697,0.0,0.0,0.0,0.9067605088138438,1,0,0,0,1,1,1,0,0,0,0,250.0,4.0,,22.4,,3.0,,,4.0,35.0,,867.99,,,114.14500000000001,,,180.0,,,16.9,,,52.14,,,95.65,,,,,Virtual screening scenario,,,,,,,,,,,,,,,,,,,,,,,,,,,,,,,
FORM_000850,CAND_R2_291,DGEBDB-disiloxane,designed,P-Si,B,True,True,True,True,True,Candidate,,DGEBDB-disiloxane,,DDM,DOPO-based (additive),0,1,P-Si,100.00%,0.00%,COc1cc(C(c2cc(OC)c(OCC3CO3)c([Si](C)(C)O[Si](C)(C)C)c2)P2(=O)Oc3ccccc3-c3ccccc32)ccc1OCC1CO1,,NC1=CC=C(CC2=CC=C(N)C=C2)C=C1,3.42,0.14453392276048382,0.0,0.0,0.0,0.2621153066863142,0.0,0.0,0.0,1.8135210176276875,1,0,0,0,1,1,0,0,0,0,0,160.0,3.2,,24.8,,3.2,,,3.0,35.0,,1184.0,,,87.2,,,159.0,,,17.0,,,62.6,,,97.55,,,,,Virtual screening scenario,,,,,,,,,,,,,,,,,,,,,,,,,,,,,,,
FORM_000851,CAND_R2_291,DGEBDB-disiloxane,designed,P-Si,B,True,True,True,True,True,Candidate,,DGEBDB-disiloxane,,DDM,DOPO-based (additive),0,1,P-Si,100.00%,0.00%,COc1cc(C(c2cc(OC)c(OCC3CO3)c([Si](C)(C)O[Si](C)(C)C)c2)P2(=O)Oc3ccccc3-c3ccccc32)ccc1OCC1CO1,,NC1=CC=C(CC2=CC=C(N)C=C2)C=C1,7.0,0.2958296664688265,0.0,0.0,0.0,0.5364933177790057,0.0,0.0,0.0,1.8135210176276875,1,0,0,0,1,1,0,0,0,0,0,160.0,3.2,,24.8,,3.2,,,3.0,35.0,,1184.0,,,87.2,,,159.0,,,17.0,,,62.6,,,97.55,,,,,Virtual screening scenario,,,,,,,,,,,,,,,,,,,,,,,,,,,,,,,
FORM_000852,CAND_R2_291,DGEBDB-disiloxane,designed,P-Si,B,True,True,True,True,True,Candidate,,DGEBDB-disiloxane,,DDM,DOPO-based (additive),0,1,P-Si,100.00%,0.00%,COc1cc(C(c2cc(OC)c(OCC3CO3)c([Si](C)(C)O[Si](C)(C)C)c2)P2(=O)Oc3ccccc3-c3ccccc32)ccc1OCC1CO1,,NC1=CC=C(CC2=CC=C(N)C=C2)C=C1,10.0,0.4226138092411808,0.0,0.0,0.0,0.7664190253985795,0.0,0.0,0.0,1.8135210176276872,1,0,0,0,1,1,0,0,0,0,0,160.0,3.2,,24.8,,3.2,,,3.0,35.0,,1184.0,,,87.2,,,159.0,,,17.0,,,62.6,,,97.55,,,,,Virtual screening scenario,,,,,,,,,,,,,,,,,,,,,,,,,,,,,,,
FORM_000853,CAND_R2_292,DGEBDB-glycidyloxy,designed,P-only,B,True,True,True,True,True,Candidate,,DGEBDB-glycidyloxy,,DDM,DOPO-based (Co-curing),2,0,P-only,100.00%,0.00%,COc1cc(C(c2cc(OC)c(OCC3CO3)c(OCC3CO3)c2)P2(=O)Oc3ccccc3-c3ccccc32)ccc1OCC1CO1,,NC1=CC=C(CC2=CC=C(N)C=C2)C=C1,4.0,0.18810883031701686,0.0,0.0,0.0,0.0,0.0,0.0,0.0,0.0,1,0,0,0,0,1,0,0,0,0,0,170.0,3.0,,24.0,,3.0,,,3.0,35.0,,1208.0,,,88.0,,,164.3,,,16.5,,,58.7,,,101.3,,,,,Virtual screening scenario,,,,,,,,,,,,,,,,,,,,,,,,,,,,,,,
FORM_000854,CAND_R2_292,DGEBDB-glycidyloxy,designed,P-only,B,True,True,True,True,True,Candidate,,DGEBDB-glycidyloxy,,DDM,DOPO-based (Co-curing),2,0,P-only,100.00%,0.00%,COc1cc(C(c2cc(OC)c(OCC3CO3)c(OCC3CO3)c2)P2(=O)Oc3ccccc3-c3ccccc32)ccc1OCC1CO1,,NC1=CC=C(CC2=CC=C(N)C=C2)C=C1,6.78,0.31884446738734357,0.0,0.0,0.0,0.0,0.0,0.0,0.0,0.0,1,0,0,0,0,1,0,0,0,0,0,170.0,3.0,,24.0,,3.0,,,3.0,35.0,,1208.0,,,88.0,,,164.3,,,16.5,,,58.7,,,101.3,,,,,Virtual screening scenario,,,,,,,,,,,,,,,,,,,,,,,,,,,,,,,
FORM_000855,CAND_R2_292,DGEBDB-glycidyloxy,designed,P-only,B,True,True,True,True,True,Candidate,,DGEBDB-glycidyloxy,,DDM,DOPO-based (Co-curing),2,0,P-only,100.00%,0.00%,COc1cc(C(c2cc(OC)c(OCC3CO3)c(OCC3CO3)c2)P2(=O)Oc3ccccc3-c3ccccc32)ccc1OCC1CO1,,NC1=CC=C(CC2=CC=C(N)C=C2)C=C1,10.19,0.4792072452326004,0.0,0.0,0.0,0.0,0.0,0.0,0.0,0.0,1,0,0,0,0,1,0,0,0,0,0,170.0,3.0,,24.0,,3.0,,,3.0,35.0,,1208.0,,,88.0,,,164.3,,,16.5,,,58.7,,,101.3,,,,,Virtual screening scenario,,,,,,,,,,,,,,,,,,,,,,,,,,,,,,,
FORM_000856,CAND_R2_293,DGEBDB-diaminotriazine,designed,P-N,B,True,True,True,True,True,Candidate,,DGEBDB-diaminotriazine,,DDM,DOPO-based (Co-curing),2,1,P-N,100.00%,0.00%,COc1cc(C(c2cc(OC)c(OCC3CO3)c(-c3nc(N)nc(N)n3)c2)P2(=O)Oc3ccccc3-c3ccccc32)ccc1OCC1CO1,,NC1=CC=C(CC2=CC=C(N)C=C2)C=C1,4.0,0.17809619229834875,0.4026915098991043,0.0,0.0,0.0,2.261089946406664,0.0,0.0,0.0,1,1,0,0,0,1,0,0,0,0,0,170.0,3.0,,24.0,,3.0,,,3.0,35.0,,1208.0,,,88.0,,,164.3,,,16.5,,,58.7,,,101.3,,,,,Virtual screening scenario,,,,,,,,,,,,,,,,,,,,,,,,,,,,,,,
FORM_000857,CAND_R2_293,DGEBDB-diaminotriazine,designed,P-N,B,True,True,True,True,True,Candidate,,DGEBDB-diaminotriazine,,DDM,DOPO-based (Co-curing),2,1,P-N,100.00%,0.00%,COc1cc(C(c2cc(OC)c(OCC3CO3)c(-c3nc(N)nc(N)n3)c2)P2(=O)Oc3ccccc3-c3ccccc32)ccc1OCC1CO1,,NC1=CC=C(CC2=CC=C(N)C=C2)C=C1,6.78,0.30187304594570114,0.6825621092789818,0.0,0.0,0.0,2.261089946406664,0.0,0.0,0.0,1,1,0,0,0,1,0,0,0,0,0,170.0,3.0,,24.0,,3.0,,,3.0,35.0,,1208.0,,,88.0,,,164.3,,,16.5,,,58.7,,,101.3,,,,,Virtual screening scenario,,,,,,,,,,,,,,,,,,,,,,,,,,,,,,,
FORM_000858,CAND_R2_293,DGEBDB-diaminotriazine,designed,P-N,B,True,True,True,True,True,Candidate,,DGEBDB-diaminotriazine,,DDM,DOPO-based (Co-curing),2,1,P-N,100.00%,0.00%,COc1cc(C(c2cc(OC)c(OCC3CO3)c(-c3nc(N)nc(N)n3)c2)P2(=O)Oc3ccccc3-c3ccccc32)ccc1OCC1CO1,,NC1=CC=C(CC2=CC=C(N)C=C2)C=C1,10.19,0.4537000498800435,1.025856621467968,0.0,0.0,0.0,2.2610899464066634,0.0,0.0,0.0,1,1,0,0,0,1,0,0,0,0,0,170.0,3.0,,24.0,,3.0,,,3.0,35.0,,1208.0,,,88.0,,,164.3,,,16.5,,,58.7,,,101.3,,,,,Virtual screening scenario,,,,,,,,,,,,,,,,,,,,,,,,,,,,,,,
FORM_000859,CAND_R2_294,DGEBDB-piperazine,designed,P-N,B,True,True,True,True,True,Candidate,,DGEBDB-piperazine,,DDM,DOPO-based (Co-curing),2,1,P-N,100.00%,0.00%,COc1cc(C(c2cc(OC)c(OCC3CO3)c(N3CCNCC3)c2)P2(=O)Oc3ccccc3-c3ccccc32)ccc1OCC1CO1,,NC1=CC=C(CC2=CC=C(N)C=C2)C=C1,4.0,0.18472668067195563,0.16707345620017322,0.0,0.0,0.0,0.9044359785626654,0.0,0.0,0.0,1,1,0,0,0,1,0,0,0,0,0,170.0,3.0,,24.0,,3.0,,,3.0,35.0,,1208.0,,,88.0,,,164.3,,,16.5,,,58.7,,,101.3,,,,,Virtual screening scenario,,,,,,,,,,,,,,,,,,,,,,,,,,,,,,,
FORM_000860,CAND_R2_294,DGEBDB-piperazine,designed,P-N,B,True,True,True,True,True,Candidate,,DGEBDB-piperazine,,DDM,DOPO-based (Co-curing),2,1,P-N,100.00%,0.00%,COc1cc(C(c2cc(OC)c(OCC3CO3)c(N3CCNCC3)c2)P2(=O)Oc3ccccc3-c3ccccc32)ccc1OCC1CO1,,NC1=CC=C(CC2=CC=C(N)C=C2)C=C1,6.78,0.31311172373896484,0.2831895082592936,0.0,0.0,0.0,0.9044359785626654,0.0,0.0,0.0,1,1,0,0,0,1,0,0,0,0,0,170.0,3.0,,24.0,,3.0,,,3.0,35.0,,1208.0,,,88.0,,,164.3,,,16.5,,,58.7,,,101.3,,,,,Virtual screening scenario,,,,,,,,,,,,,,,,,,,,,,,,,,,,,,,
FORM_000861,CAND_R2_294,DGEBDB-piperazine,designed,P-N,B,True,True,True,True,True,Candidate,,DGEBDB-piperazine,,DDM,DOPO-based (Co-curing),2,1,P-N,100.00%,0.00%,COc1cc(C(c2cc(OC)c(OCC3CO3)c(N3CCNCC3)c2)P2(=O)Oc3ccccc3-c3ccccc32)ccc1OCC1CO1,,NC1=CC=C(CC2=CC=C(N)C=C2)C=C1,10.19,0.47059121901180695,0.4256196296699412,0.0,0.0,0.0,0.9044359785626654,0.0,0.0,0.0,1,1,0,0,0,1,0,0,0,0,0,170.0,3.0,,24.0,,3.0,,,3.0,35.0,,1208.0,,,88.0,,,164.3,,,16.5,,,58.7,,,101.3,,,,,Virtual screening scenario,,,,,,,,,,,,,,,,,,,,,,,,,,,,,,,
FORM_000862,CAND_R2_295,DGEBDB-benzamide-linker,designed,P-N,B,True,True,True,True,True,Candidate,,DGEBDB-benzamide-linker,,DDM,DOPO-based (additive),0,1,P-N,100.00%,0.00%,COc1cc(C(c2cc(NC(=O)c3ccccc3)c(OCC3CO3)c(OC)c2)P2(=O)Oc3ccccc3-c3ccccc32)ccc1OCC1CO1,,NC1=CC=C(CC2=CC=C(N)C=C2)C=C1,3.42,0.15010780785036132,0.06788145104151905,0.0,0.0,0.0,0.4522179892813327,0.0,0.0,0.0,1,1,0,0,0,1,0,0,0,0,0,160.0,3.2,,24.8,,3.2,,,3.0,35.0,,1184.0,,,87.2,,,159.0,,,17.0,,,62.6,,,97.55,,,,,Virtual screening scenario,,,,,,,,,,,,,,,,,,,,,,,,,,,,,,,
FORM_000863,CAND_R2_295,DGEBDB-benzamide-linker,designed,P-N,B,True,True,True,True,True,Candidate,,DGEBDB-benzamide-linker,,DDM,DOPO-based (additive),0,1,P-N,100.00%,0.00%,COc1cc(C(c2cc(NC(=O)c3ccccc3)c(OCC3CO3)c(OC)c2)P2(=O)Oc3ccccc3-c3ccccc32)ccc1OCC1CO1,,NC1=CC=C(CC2=CC=C(N)C=C2)C=C1,7.0,0.3072382032024939,0.13893864248264132,0.0,0.0,0.0,0.4522179892813327,0.0,0.0,0.0,1,1,0,0,0,1,0,0,0,0,0,160.0,3.2,,24.8,,3.2,,,3.0,35.0,,1184.0,,,87.2,,,159.0,,,17.0,,,62.6,,,97.55,,,,,Virtual screening scenario,,,,,,,,,,,,,,,,,,,,,,,,,,,,,,,
FORM_000864,CAND_R2_295,DGEBDB-benzamide-linker,designed,P-N,B,True,True,True,True,True,Candidate,,DGEBDB-benzamide-linker,,DDM,DOPO-based (additive),0,1,P-N,100.00%,0.00%,COc1cc(C(c2cc(NC(=O)c3ccccc3)c(OCC3CO3)c(OC)c2)P2(=O)Oc3ccccc3-c3ccccc32)ccc1OCC1CO1,,NC1=CC=C(CC2=CC=C(N)C=C2)C=C1,10.0,0.43891171886070557,0.1984837749752019,0.0,0.0,0.0,0.4522179892813328,0.0,0.0,0.0,1,1,0,0,0,1,0,0,0,0,0,160.0,3.2,,24.8,,3.2,,,3.0,35.0,,1184.0,,,87.2,,,159.0,,,17.0,,,62.6,,,97.55,,,,,Virtual screening scenario,,,,,,,,,,,,,,,,,,,,,,,,,,,,,,,
FORM_000865,CAND_R2_296,DGEBDB-phenyl,designed,P-only,B,True,True,True,True,True,Candidate,,DGEBDB-phenyl,,DDM,DOPO-based (additive),0,0,P-only,100.00%,0.00%,COc1cc(C(c2cc(OC)c(OCC3CO3)c(-c3ccccc3)c2)P2(=O)Oc3ccccc3-c3ccccc32)ccc1OCC1CO1,,NC1=CC=C(CC2=CC=C(N)C=C2)C=C1,3.42,0.15985374429396007,0.0,0.0,0.0,0.0,0.0,0.0,0.0,0.0,1,0,0,0,0,1,0,0,0,0,0,160.0,3.2,,24.8,,3.2,,,3.0,35.0,,1184.0,,,87.2,,,159.0,,,17.0,,,62.6,,,97.55,,,,,Virtual screening scenario,,,,,,,,,,,,,,,,,,,,,,,,,,,,,,,
FORM_000866,CAND_R2_296,DGEBDB-phenyl,designed,P-only,B,True,True,True,True,True,Candidate,,DGEBDB-phenyl,,DDM,DOPO-based (additive),0,0,P-only,100.00%,0.00%,COc1cc(C(c2cc(OC)c(OCC3CO3)c(-c3ccccc3)c2)P2(=O)Oc3ccccc3-c3ccccc32)ccc1OCC1CO1,,NC1=CC=C(CC2=CC=C(N)C=C2)C=C1,7.0,0.32718602633266686,0.0,0.0,0.0,0.0,0.0,0.0,0.0,0.0,1,0,0,0,0,1,0,0,0,0,0,160.0,3.2,,24.8,,3.2,,,3.0,35.0,,1184.0,,,87.2,,,159.0,,,17.0,,,62.6,,,97.55,,,,,Virtual screening scenario,,,,,,,,,,,,,,,,,,,,,,,,,,,,,,,
FORM_000867,CAND_R2_296,DGEBDB-phenyl,designed,P-only,B,True,True,True,True,True,Candidate,,DGEBDB-phenyl,,DDM,DOPO-based (additive),0,0,P-only,100.00%,0.00%,COc1cc(C(c2cc(OC)c(OCC3CO3)c(-c3ccccc3)c2)P2(=O)Oc3ccccc3-c3ccccc32)ccc1OCC1CO1,,NC1=CC=C(CC2=CC=C(N)C=C2)C=C1,10.0,0.4674086090466669,0.0,0.0,0.0,0.0,0.0,0.0,0.0,0.0,1,0,0,0,0,1,0,0,0,0,0,160.0,3.2,,24.8,,3.2,,,3.0,35.0,,1184.0,,,87.2,,,159.0,,,17.0,,,62.6,,,97.55,,,,,Virtual screening scenario,,,,,,,,,,,,,,,,,,,,,,,,,,,,,,,
FORM_000868,CAND_R2_297,DGEBDB-biphenyl,designed,P-only,B,True,True,True,True,True,Candidate,,DGEBDB-biphenyl,,DDM,DOPO-based (additive),0,0,P-only,100.00%,0.00%,COc1cc(C(c2cc(OC)c(OCC3CO3)c(-c3ccc(-c4ccccc4)cc3)c2)P2(=O)Oc3ccccc3-c3ccccc32)ccc1OCC1CO1,,NC1=CC=C(CC2=CC=C(N)C=C2)C=C1,3.42,0.14338786068251003,0.0,0.0,0.0,0.0,0.0,0.0,0.0,0.0,1,0,0,0,0,1,0,0,0,0,0,160.0,3.2,,24.8,,3.2,,,3.0,35.0,,1184.0,,,87.2,,,159.0,,,17.0,,,62.6,,,97.55,,,,,Virtual screening scenario,,,,,,,,,,,,,,,,,,,,,,,,,,,,,,,
FORM_000869,CAND_R2_297,DGEBDB-biphenyl,designed,P-only,B,True,True,True,True,True,Candidate,,DGEBDB-biphenyl,,DDM,DOPO-based (additive),0,0,P-only,100.00%,0.00%,COc1cc(C(c2cc(OC)c(OCC3CO3)c(-c3ccc(-c4ccccc4)cc3)c2)P2(=O)Oc3ccccc3-c3ccccc32)ccc1OCC1CO1,,NC1=CC=C(CC2=CC=C(N)C=C2)C=C1,7.0,0.29348392537355855,0.0,0.0,0.0,0.0,0.0,0.0,0.0,0.0,1,0,0,0,0,1,0,0,0,0,0,160.0,3.2,,24.8,,3.2,,,3.0,35.0,,1184.0,,,87.2,,,159.0,,,17.0,,,62.6,,,97.55,,,,,Virtual screening scenario,,,,,,,,,,,,,,,,,,,,,,,,,,,,,,,
FORM_000870,CAND_R2_297,DGEBDB-biphenyl,designed,P-only,B,True,True,True,True,True,Candidate,,DGEBDB-biphenyl,,DDM,DOPO-based (additive),0,0,P-only,100.00%,0.00%,COc1cc(C(c2cc(OC)c(OCC3CO3)c(-c3ccc(-c4ccccc4)cc3)c2)P2(=O)Oc3ccccc3-c3ccccc32)ccc1OCC1CO1,,NC1=CC=C(CC2=CC=C(N)C=C2)C=C1,10.0,0.41926275053365514,0.0,0.0,0.0,0.0,0.0,0.0,0.0,0.0,1,0,0,0,0,1,0,0,0,0,0,160.0,3.2,,24.8,,3.2,,,3.0,35.0,,1184.0,,,87.2,,,159.0,,,17.0,,,62.6,,,97.55,,,,,Virtual screening scenario,,,,,,,,,,,,,,,,,,,,,,,,,,,,,,,
FORM_000871,CAND_R2_298,DGEBDB-methoxy-to-phenol-all,designed,P-only,B,True,True,True,True,True,Candidate,,DGEBDB-methoxy-to-phenol-all,,DDM,DOPO-based (additive),0,0,P-only,100.00%,0.00%,O=P1(C(c2ccc(OCC3CO3)c(O)c2)c2ccc(OCC3CO3)c(O)c2)Oc2ccccc2-c2ccccc21,,NC1=CC=C(CC2=CC=C(N)C=C2)C=C1,3.42,0.18966287869971324,0.0,0.0,0.0,0.0,0.0,0.0,0.0,0.0,1,0,0,0,0,1,0,0,0,0,0,160.0,3.2,,24.8,,3.2,,,3.0,35.0,,1184.0,,,87.2,,,159.0,,,17.0,,,62.6,,,97.55,,,,,Virtual screening scenario,,,,,,,,,,,,,,,,,,,,,,,,,,,,,,,
FORM_000872,CAND_R2_298,DGEBDB-methoxy-to-phenol-all,designed,P-only,B,True,True,True,True,True,Candidate,,DGEBDB-methoxy-to-phenol-all,,DDM,DOPO-based (additive),0,0,P-only,100.00%,0.00%,O=P1(C(c2ccc(OCC3CO3)c(O)c2)c2ccc(OCC3CO3)c(O)c2)Oc2ccccc2-c2ccccc21,,NC1=CC=C(CC2=CC=C(N)C=C2)C=C1,7.0,0.3881988745315768,0.0,0.0,0.0,0.0,0.0,0.0,0.0,0.0,1,0,0,0,0,1,0,0,0,0,0,160.0,3.2,,24.8,,3.2,,,3.0,35.0,,1184.0,,,87.2,,,159.0,,,17.0,,,62.6,,,97.55,,,,,Virtual screening scenario,,,,,,,,,,,,,,,,,,,,,,,,,,,,,,,
FORM_000873,CAND_R2_298,DGEBDB-methoxy-to-phenol-all,designed,P-only,B,True,True,True,True,True,Candidate,,DGEBDB-methoxy-to-phenol-all,,DDM,DOPO-based (additive),0,0,P-only,100.00%,0.00%,O=P1(C(c2ccc(OCC3CO3)c(O)c2)c2ccc(OCC3CO3)c(O)c2)Oc2ccccc2-c2ccccc21,,NC1=CC=C(CC2=CC=C(N)C=C2)C=C1,10.0,0.5545698207593955,0.0,0.0,0.0,0.0,0.0,0.0,0.0,0.0,1,0,0,0,0,1,0,0,0,0,0,160.0,3.2,,24.8,,3.2,,,3.0,35.0,,1184.0,,,87.2,,,159.0,,,17.0,,,62.6,,,97.55,,,,,Virtual screening scenario,,,,,,,,,,,,,,,,,,,,,,,,,,,,,,,
FORM_000874,CAND_R2_299,D-AZ-amino,designed,P-N-S,B,True,True,True,True,True,Candidate,,D-AZ-amino,,DDM,DOPO-based (Co-curing),2,1,P-N-S,100.00%,0.00%,Nc1cnc(NP2(=O)Oc3ccccc3-c3ccccc32)s1,,NC1=CC=C(CC2=CC=C(N)C=C2)C=C1,4.0,0.3762165182299338,0.5103956322250934,0.3894923190443367,0.0,0.0,1.356653967843998,1.035287660618583,0.0,0.0,1,1,1,0,0,1,0,0,0,0,0,170.0,3.0,,24.0,,3.0,,,3.0,35.0,,1208.0,,,88.0,,,164.3,,,16.5,,,58.7,,,101.3,,,,,Virtual screening scenario,,,,,,,,,,,,,,,,,,,,,,,,,,,,,,,
FORM_000875,CAND_R2_299,D-AZ-amino,designed,P-N-S,B,True,True,True,True,True,Candidate,,D-AZ-amino,,DDM,DOPO-based (Co-curing),2,1,P-N-S,100.00%,0.00%,Nc1cnc(NP2(=O)Oc3ccccc3-c3ccccc32)s1,,NC1=CC=C(CC2=CC=C(N)C=C2)C=C1,6.78,0.6376869983997377,0.8651205966215333,0.6601894807801507,0.0,0.0,1.3566539678439977,1.0352876606185832,0.0,0.0,1,1,1,0,0,1,0,0,0,0,0,170.0,3.0,,24.0,,3.0,,,3.0,35.0,,1208.0,,,88.0,,,164.3,,,16.5,,,58.7,,,101.3,,,,,Virtual screening scenario,,,,,,,,,,,,,,,,,,,,,,,,,,,,,,,
FORM_000876,CAND_R2_299,D-AZ-amino,designed,P-N-S,B,True,True,True,True,True,Candidate,,D-AZ-amino,,DDM,DOPO-based (Co-curing),2,1,P-N-S,100.00%,0.00%,Nc1cnc(NP2(=O)Oc3ccccc3-c3ccccc32)s1,,NC1=CC=C(CC2=CC=C(N)C=C2)C=C1,10.19,0.9584115801907562,1.3002328730934254,0.9922316827654476,0.0,0.0,1.356653967843998,1.035287660618583,0.0,0.0,1,1,1,0,0,1,0,0,0,0,0,170.0,3.0,,24.0,,3.0,,,3.0,35.0,,1208.0,,,88.0,,,164.3,,,16.5,,,58.7,,,101.3,,,,,Virtual screening scenario,,,,,,,,,,,,,,,,,,,,,,,,,,,,,,,
FORM_000877,CAND_R2_300,D-AZ-hydroxy,designed,P-N-S,B,True,True,True,True,True,Candidate,,D-AZ-hydroxy,,DDM,DOPO-based (additive),0,1,P-N-S,100.00%,0.00%,O=P1(Nc2ncc(O)s2)Oc2ccccc2-c2ccccc21,,NC1=CC=C(CC2=CC=C(N)C=C2)C=C1,3.42,0.32070686183981467,0.29005882441985437,0.33202385673846885,0.0,0.0,0.9044359785626656,1.035287660618583,0.0,0.0,1,1,1,0,0,1,0,0,0,0,0,160.0,3.2,,24.8,,3.2,,,3.0,35.0,,1184.0,,,87.2,,,159.0,,,17.0,,,62.6,,,97.55,,,,,Virtual screening scenario,,,,,,,,,,,,,,,,,,,,,,,,,,,,,,,
FORM_000878,CAND_R2_300,D-AZ-hydroxy,designed,P-N-S,B,True,True,True,True,True,Candidate,,D-AZ-hydroxy,,DDM,DOPO-based (additive),0,1,P-N-S,100.00%,0.00%,O=P1(Nc2ncc(O)s2)Oc2ccccc2-c2ccccc21,,NC1=CC=C(CC2=CC=C(N)C=C2)C=C1,7.0,0.6564175534733048,0.5936876523213394,0.6795809933243514,0.0,0.0,0.9044359785626658,1.0352876606185832,0.0,0.0,1,1,1,0,0,1,0,0,0,0,0,160.0,3.2,,24.8,,3.2,,,3.0,35.0,,1184.0,,,87.2,,,159.0,,,17.0,,,62.6,,,97.55,,,,,Virtual screening scenario,,,,,,,,,,,,,,,,,,,,,,,,,,,,,,,
FORM_000879,CAND_R2_300,D-AZ-hydroxy,designed,P-N-S,B,True,True,True,True,True,Candidate,,D-AZ-hydroxy,,DDM,DOPO-based (additive),0,1,P-N-S,100.00%,0.00%,O=P1(Nc2ncc(O)s2)Oc2ccccc2-c2ccccc21,,NC1=CC=C(CC2=CC=C(N)C=C2)C=C1,10.0,0.9377393621047212,0.8481252176019133,0.9708299904633592,0.0,0.0,0.9044359785626656,1.035287660618583,0.0,0.0,1,1,1,0,0,1,0,0,0,0,0,160.0,3.2,,24.8,,3.2,,,3.0,35.0,,1184.0,,,87.2,,,159.0,,,17.0,,,62.6,,,97.55,,,,,Virtual screening scenario,,,,,,,,,,,,,,,,,,,,,,,,,,,,,,,
FORM_000880,CAND_R2_301,D-AZ-hydroxymethyl,designed,P-N-S,B,True,True,True,True,True,Candidate,,D-AZ-hydroxymethyl,,DDM,DOPO-based (additive),0,1,P-N-S,100.00%,0.00%,O=P1(Nc2ncc(CO)s2)Oc2ccccc2-c2ccccc21,,NC1=CC=C(CC2=CC=C(N)C=C2)C=C1,3.42,0.30764227547831735,0.27824274246947706,0.3184982516873249,0.0,0.0,0.9044359785626654,1.0352876606185832,0.0,0.0,1,1,1,0,0,1,0,0,0,0,0,160.0,3.2,,24.8,,3.2,,,3.0,35.0,,1184.0,,,87.2,,,159.0,,,17.0,,,62.6,,,97.55,,,,,Virtual screening scenario,,,,,,,,,,,,,,,,,,,,,,,,,,,,,,,
FORM_000881,CAND_R2_301,D-AZ-hydroxymethyl,designed,P-N-S,B,True,True,True,True,True,Candidate,,D-AZ-hydroxymethyl,,DDM,DOPO-based (additive),0,1,P-N-S,100.00%,0.00%,O=P1(Nc2ncc(CO)s2)Oc2ccccc2-c2ccccc21,,NC1=CC=C(CC2=CC=C(N)C=C2)C=C1,7.0,0.6296771720316436,0.5695026892650116,0.6518970063775655,0.0,0.0,0.9044359785626657,1.0352876606185832,0.0,0.0,1,1,1,0,0,1,0,0,0,0,0,160.0,3.2,,24.8,,3.2,,,3.0,35.0,,1184.0,,,87.2,,,159.0,,,17.0,,,62.6,,,97.55,,,,,Virtual screening scenario,,,,,,,,,,,,,,,,,,,,,,,,,,,,,,,
FORM_000882,CAND_R2_301,D-AZ-hydroxymethyl,designed,P-N-S,B,True,True,True,True,True,Candidate,,D-AZ-hydroxymethyl,,DDM,DOPO-based (additive),0,1,P-N-S,100.00%,0.00%,O=P1(Nc2ncc(CO)s2)Oc2ccccc2-c2ccccc21,,NC1=CC=C(CC2=CC=C(N)C=C2)C=C1,10.0,0.8995388171880623,0.813575270378588,0.9312814376822365,0.0,0.0,0.9044359785626658,1.0352876606185832,0.0,0.0,1,1,1,0,0,1,0,0,0,0,0,160.0,3.2,,24.8,,3.2,,,3.0,35.0,,1184.0,,,87.2,,,159.0,,,17.0,,,62.6,,,97.55,,,,,Virtual screening scenario,,,,,,,,,,,,,,,,,,,,,,,,,,,,,,,
FORM_000883,CAND_R2_302,D-AZ-carboxamide,designed,P-N-S,B,True,True,True,True,True,Candidate,,D-AZ-carboxamide,,DDM,DOPO-based (additive),0,1,P-N-S,100.00%,0.00%,NC(=O)c1cnc(NP2(=O)Oc3ccccc3-c3ccccc32)s1,,NC1=CC=C(CC2=CC=C(N)C=C2)C=C1,3.42,0.2964508536902759,0.4021812269296535,0.30691191080538766,0.0,0.0,1.3566539678439986,1.0352876606185832,0.0,0.0,1,1,1,0,0,1,0,0,0,0,0,160.0,3.2,,24.8,,3.2,,,3.0,35.0,,1184.0,,,87.2,,,159.0,,,17.0,,,62.6,,,97.55,,,,,Virtual screening scenario,,,,,,,,,,,,,,,,,,,,,,,,,,,,,,,
FORM_000884,CAND_R2_302,D-AZ-carboxamide,designed,P-N-S,B,True,True,True,True,True,Candidate,,D-AZ-carboxamide,,DDM,DOPO-based (additive),0,1,P-N-S,100.00%,0.00%,NC(=O)c1cnc(NP2(=O)Oc3ccccc3-c3ccccc32)s1,,NC1=CC=C(CC2=CC=C(N)C=C2)C=C1,7.0,0.6067707531672314,0.8231779498560159,0.6281822735782788,0.0,0.0,1.3566539678439986,1.0352876606185832,0.0,0.0,1,1,1,0,0,1,0,0,0,0,0,160.0,3.2,,24.8,,3.2,,,3.0,35.0,,1184.0,,,87.2,,,159.0,,,17.0,,,62.6,,,97.55,,,,,Virtual screening scenario,,,,,,,,,,,,,,,,,,,,,,,,,,,,,,,
FORM_000885,CAND_R2_302,D-AZ-carboxamide,designed,P-N-S,B,True,True,True,True,True,Candidate,,D-AZ-carboxamide,,DDM,DOPO-based (additive),0,1,P-N-S,100.00%,0.00%,NC(=O)c1cnc(NP2(=O)Oc3ccccc3-c3ccccc32)s1,,NC1=CC=C(CC2=CC=C(N)C=C2)C=C1,10.0,0.8668153616674735,1.1759684997943085,0.8974032479689698,0.0,0.0,1.3566539678439984,1.0352876606185832,0.0,0.0,1,1,1,0,0,1,0,0,0,0,0,160.0,3.2,,24.8,,3.2,,,3.0,35.0,,1184.0,,,87.2,,,159.0,,,17.0,,,62.6,,,97.55,,,,,Virtual screening scenario,,,,,,,,,,,,,,,,,,,,,,,,,,,,,,,
FORM_000886,CAND_R2_303,D-AZ-boronic-acid,designed,P-N-B-S,B,True,True,True,True,True,Candidate,,D-AZ-boronic-acid,,DDM,DOPO-based (additive),0,1,P-N-B-S,100.00%,0.00%,O=P1(Nc2ncc(B(O)O)s2)Oc2ccccc2-c2ccccc21,,NC1=CC=C(CC2=CC=C(N)C=C2)C=C1,3.42,0.2957944175760351,0.26752711351375497,0.30623231059632966,0.10325205794640961,0.0,0.9044359785626654,1.035287660618583,0.34906695938529086,0.0,1,1,1,1,0,1,0,0,0,0,0,160.0,3.2,,24.8,,3.2,,,3.0,35.0,,1184.0,,,87.2,,,159.0,,,17.0,,,62.6,,,97.55,,,,,Virtual screening scenario,,,,,,,,,,,,,,,,,,,,,,,,,,,,,,,
FORM_000887,CAND_R2_303,D-AZ-boronic-acid,designed,P-N-B-S,B,True,True,True,True,True,Candidate,,D-AZ-boronic-acid,,DDM,DOPO-based (additive),0,1,P-N-B-S,100.00%,0.00%,O=P1(Nc2ncc(B(O)O)s2)Oc2ccccc2-c2ccccc21,,NC1=CC=C(CC2=CC=C(N)C=C2)C=C1,7.0,0.6054271704772648,0.5475701153790307,0.6267912789983356,0.211334621527739,0.0,0.9044359785626654,1.0352876606185832,0.3490669593852909,0.0,1,1,1,1,0,1,0,0,0,0,0,160.0,3.2,,24.8,,3.2,,,3.0,35.0,,1184.0,,,87.2,,,159.0,,,17.0,,,62.6,,,97.55,,,,,Virtual screening scenario,,,,,,,,,,,,,,,,,,,,,,,,,,,,,,,
FORM_000888,CAND_R2_303,D-AZ-boronic-acid,designed,P-N-B-S,B,True,True,True,True,True,Candidate,,D-AZ-boronic-acid,,DDM,DOPO-based (additive),0,1,P-N-B-S,100.00%,0.00%,O=P1(Nc2ncc(B(O)O)s2)Oc2ccccc2-c2ccccc21,,NC1=CC=C(CC2=CC=C(N)C=C2)C=C1,10.0,0.864895957824664,0.7822430219700438,0.8954161128547652,0.3019066021824843,0.0,0.9044359785626654,1.0352876606185832,0.3490669593852909,0.0,1,1,1,1,0,1,0,0,0,0,0,160.0,3.2,,24.8,,3.2,,,3.0,35.0,,1184.0,,,87.2,,,159.0,,,17.0,,,62.6,,,97.55,,,,,Virtual screening scenario,,,,,,,,,,,,,,,,,,,,,,,,,,,,,,,
FORM_000889,CAND_R2_305,D-AZ-trimethoxysilyl,designed,P-N-Si-S,B,True,True,True,True,True,Candidate,,D-AZ-trimethoxysilyl,,DDS,DOPO-based (Additive + Secondary Crosslinking),3,1,P-N-Si-S,100.00%,0.00%,CO[Si](OC)(OC)c1cnc(NP2(=O)Oc3ccccc3-c3ccccc32)s1,,NC1=CC=C(C=C1)S(=O)(=O)C1=CC=C(N)C=C1,3.5,0.24951091634713196,0.22566664978848563,0.25831557288382123,0.0,0.2262466454615338,0.9044359785626653,1.035287660618583,0.0,0.9067605088138438,1,1,1,0,1,1,1,0,0,0,0,250.0,4.0,,22.4,,3.0,,,4.0,35.0,,867.99,,,114.14500000000001,,,180.0,,,16.9,,,52.14,,,95.65,,,,,Virtual screening scenario,,,,,,,,,,,,,,,,,,,,,,,,,,,,,,,
FORM_000890,CAND_R2_305,D-AZ-trimethoxysilyl,designed,P-N-Si-S,B,True,True,True,True,True,Candidate,,D-AZ-trimethoxysilyl,,DDS,DOPO-based (Additive + Secondary Crosslinking),3,1,P-N-Si-S,100.00%,0.00%,CO[Si](OC)(OC)c1cnc(NP2(=O)Oc3ccccc3-c3ccccc32)s1,,NC1=CC=C(C=C1)S(=O)(=O)C1=CC=C(N)C=C1,5.29,0.37711792785037945,0.34107902210888263,0.390425537301547,0.0,0.34195564414043245,0.9044359785626656,1.0352876606185832,0.0,0.9067605088138436,1,1,1,0,1,1,1,0,0,0,0,250.0,4.0,,22.4,,3.0,,,4.0,35.0,,867.99,,,114.14500000000001,,,180.0,,,16.9,,,52.14,,,95.65,,,,,Virtual screening scenario,,,,,,,,,,,,,,,,,,,,,,,,,,,,,,,
FORM_000891,CAND_R2_305,D-AZ-trimethoxysilyl,designed,P-N-Si-S,B,True,True,True,True,True,Candidate,,D-AZ-trimethoxysilyl,,DDS,DOPO-based (Additive + Secondary Crosslinking),3,1,P-N-Si-S,100.00%,0.00%,CO[Si](OC)(OC)c1cnc(NP2(=O)Oc3ccccc3-c3ccccc32)s1,,NC1=CC=C(C=C1)S(=O)(=O)C1=CC=C(N)C=C1,10.0,0.7128883324203771,0.6447618565385304,0.738044493953775,0.0,0.6464189870329536,0.9044359785626652,1.0352876606185832,0.0,0.9067605088138436,1,1,1,0,1,1,1,0,0,0,0,250.0,4.0,,22.4,,3.0,,,4.0,35.0,,867.99,,,114.14500000000001,,,180.0,,,16.9,,,52.14,,,95.65,,,,,Virtual screening scenario,,,,,,,,,,,,,,,,,,,,,,,,,,,,,,,
FORM_000892,CAND_R2_307,D-AZ-disiloxane,designed,P-N-Si-S,B,True,True,True,True,True,Candidate,,D-AZ-disiloxane,,DDM,DOPO-based (additive),0,1,P-N-Si-S,100.00%,0.00%,C[Si](C)(C)O[Si](C)(C)c1cnc(NP2(=O)Oc3ccccc3-c3ccccc32)s1,,NC1=CC=C(CC2=CC=C(N)C=C2)C=C1,3.42,0.2299630083101049,0.20798681845416409,0.2380778649021803,0.0,0.4170427488472657,0.9044359785626653,1.035287660618583,0.0,1.813521017627687,1,1,1,0,1,1,0,0,0,0,0,160.0,3.2,,24.8,,3.2,,,3.0,35.0,,1184.0,,,87.2,,,159.0,,,17.0,,,62.6,,,97.55,,,,,Virtual screening scenario,,,,,,,,,,,,,,,,,,,,,,,,,,,,,,,
FORM_000893,CAND_R2_307,D-AZ-disiloxane,designed,P-N-Si-S,B,True,True,True,True,True,Candidate,,D-AZ-disiloxane,,DDM,DOPO-based (additive),0,1,P-N-Si-S,100.00%,0.00%,C[Si](C)(C)O[Si](C)(C)c1cnc(NP2(=O)Oc3ccccc3-c3ccccc32)s1,,NC1=CC=C(CC2=CC=C(N)C=C2)C=C1,7.0,0.4706845199329633,0.42570401437986805,0.4872938755307784,0.0,0.8535962695704271,0.9044359785626654,1.035287660618583,0.0,1.8135210176276875,1,1,1,0,1,1,0,0,0,0,0,160.0,3.2,,24.8,,3.2,,,3.0,35.0,,1184.0,,,87.2,,,159.0,,,17.0,,,62.6,,,97.55,,,,,Virtual screening scenario,,,,,,,,,,,,,,,,,,,,,,,,,,,,,,,
FORM_000894,CAND_R2_307,D-AZ-disiloxane,designed,P-N-Si-S,B,True,True,True,True,True,Candidate,,D-AZ-disiloxane,,DDM,DOPO-based (additive),0,1,P-N-Si-S,100.00%,0.00%,C[Si](C)(C)O[Si](C)(C)c1cnc(NP2(=O)Oc3ccccc3-c3ccccc32)s1,,NC1=CC=C(CC2=CC=C(N)C=C2)C=C1,10.0,0.6724064570470903,0.60814859197124,0.6961341079011121,0.0,1.2194232422434672,0.9044359785626654,1.0352876606185832,0.0,1.8135210176276875,1,1,1,0,1,1,0,0,0,0,0,160.0,3.2,,24.8,,3.2,,,3.0,35.0,,1184.0,,,87.2,,,159.0,,,17.0,,,62.6,,,97.55,,,,,Virtual screening scenario,,,,,,,,,,,,,,,,,,,,,,,,,,,,,,,
FORM_000895,CAND_R2_312,D-AZ-phenyl,designed,P-N-S,B,True,True,True,True,True,Candidate,,D-AZ-phenyl,,DDM,DOPO-based (additive),0,1,P-N-S,100.00%,0.00%,O=P1(Nc2ncc(-c3ccccc3)s2)Oc2ccccc2-c2ccccc21,,NC1=CC=C(CC2=CC=C(N)C=C2)C=C1,3.42,0.2713370764643804,0.2454070142723947,0.28091192713189406,0.0,0.0,0.9044359785626657,1.0352876606185835,0.0,0.0,1,1,1,0,0,1,0,0,0,0,0,160.0,3.2,,24.8,,3.2,,,3.0,35.0,,1184.0,,,87.2,,,159.0,,,17.0,,,62.6,,,97.55,,,,,Virtual screening scenario,,,,,,,,,,,,,,,,,,,,,,,,,,,,,,,
FORM_000896,CAND_R2_312,D-AZ-phenyl,designed,P-N-S,B,True,True,True,True,True,Candidate,,D-AZ-phenyl,,DDM,DOPO-based (additive),0,1,P-N-S,100.00%,0.00%,O=P1(Nc2ncc(-c3ccccc3)s2)Oc2ccccc2-c2ccccc21,,NC1=CC=C(CC2=CC=C(N)C=C2)C=C1,7.0,0.5553682851610126,0.5022950584522698,0.5749659327260989,0.0,0.0,0.9044359785626654,1.035287660618583,0.0,0.0,1,1,1,0,0,1,0,0,0,0,0,160.0,3.2,,24.8,,3.2,,,3.0,35.0,,1184.0,,,87.2,,,159.0,,,17.0,,,62.6,,,97.55,,,,,Virtual screening scenario,,,,,,,,,,,,,,,,,,,,,,,,,,,,,,,
FORM_000897,CAND_R2_312,D-AZ-phenyl,designed,P-N-S,B,True,True,True,True,True,Candidate,,D-AZ-phenyl,,DDM,DOPO-based (additive),0,1,P-N-S,100.00%,0.00%,O=P1(Nc2ncc(-c3ccccc3)s2)Oc2ccccc2-c2ccccc21,,NC1=CC=C(CC2=CC=C(N)C=C2)C=C1,10.0,0.7933832645157323,0.7175643692175284,0.821379903894427,0.0,0.0,0.9044359785626656,1.0352876606185832,0.0,0.0,1,1,1,0,0,1,0,0,0,0,0,160.0,3.2,,24.8,,3.2,,,3.0,35.0,,1184.0,,,87.2,,,159.0,,,17.0,,,62.6,,,97.55,,,,,Virtual screening scenario,,,,,,,,,,,,,,,,,,,,,,,,,,,,,,,
FORM_000898,CAND_R2_317,BDO-amino,designed,P-N-S,B,True,True,True,True,True,Candidate,,BDO-amino,,DDM,DOPO-based (Co-curing),2,1,P-N-S,100.00%,0.00%,Nc1ccc(C(CP2(=O)Oc3ccccc3-c3ccccc32)Nc2n[nH]c(NC(c3cccs3)P3(=O)Oc4ccccc4-c4ccccc43)n2)s1,,NC1=CC=C(CC2=CC=C(N)C=C2)C=C1,4.0,0.3309333878229142,0.4489620936820133,0.3426112528997672,0.0,0.0,1.3566539678439984,1.0352876606185832,0.0,0.0,1,1,1,0,0,1,0,0,0,0,0,170.0,3.0,,24.0,,3.0,,,3.0,35.0,,1208.0,,,88.0,,,164.3,,,16.5,,,58.7,,,101.3,,,,,Virtual screening scenario,,,,,,,,,,,,,,,,,,,,,,,,,,,,,,,
FORM_000899,CAND_R2_317,BDO-amino,designed,P-N-S,B,True,True,True,True,True,Candidate,,BDO-amino,,DDM,DOPO-based (Co-curing),2,1,P-N-S,100.00%,0.00%,Nc1ccc(C(CP2(=O)Oc3ccccc3-c3ccccc32)Nc2n[nH]c(NC(c3cccs3)P3(=O)Oc4ccccc4-c4ccccc43)n2)s1,,NC1=CC=C(CC2=CC=C(N)C=C2)C=C1,6.78,0.5609320923598395,0.7609907487910125,0.5807260736651054,0.0,0.0,1.3566539678439984,1.0352876606185835,0.0,0.0,1,1,1,0,0,1,0,0,0,0,0,170.0,3.0,,24.0,,3.0,,,3.0,35.0,,1208.0,,,88.0,,,164.3,,,16.5,,,58.7,,,101.3,,,,,Virtual screening scenario,,,,,,,,,,,,,,,,,,,,,,,,,,,,,,,
FORM_000900,CAND_R2_317,BDO-amino,designed,P-N-S,B,True,True,True,True,True,Candidate,,BDO-amino,,DDM,DOPO-based (Co-curing),2,1,P-N-S,100.00%,0.00%,Nc1ccc(C(CP2(=O)Oc3ccccc3-c3ccccc32)Nc2n[nH]c(NC(c3cccs3)P3(=O)Oc4ccccc4-c4ccccc43)n2)s1,,NC1=CC=C(CC2=CC=C(N)C=C2)C=C1,10.19,0.8430528054788737,1.1437309336549288,0.8728021667621568,0.0,0.0,1.3566539678439986,1.0352876606185835,0.0,0.0,1,1,1,0,0,1,0,0,0,0,0,170.0,3.0,,24.0,,3.0,,,3.0,35.0,,1208.0,,,88.0,,,164.3,,,16.5,,,58.7,,,101.3,,,,,Virtual screening scenario,,,,,,,,,,,,,,,,,,,,,,,,,,,,,,,
FORM_000901,CAND_R2_318,BDO-hydroxy,designed,P-N-S,B,True,True,True,True,True,Candidate,,BDO-hydroxy,,DDM,DOPO-based (additive),0,1,P-N-S,100.00%,0.00%,O=P1(CC(Nc2n[nH]c(NC(c3cccs3)P3(=O)Oc4ccccc4-c4ccccc43)n2)c2ccc(O)s2)Oc2ccccc2-c2ccccc21,,NC1=CC=C(CC2=CC=C(N)C=C2)C=C1,3.42,0.28257669546289355,0.31946566259998305,0.29254816599110894,0.0,0.0,1.130544973203332,1.0352876606185835,0.0,0.0,1,1,1,0,0,1,0,0,0,0,0,160.0,3.2,,24.8,,3.2,,,3.0,35.0,,1184.0,,,87.2,,,159.0,,,17.0,,,62.6,,,97.55,,,,,Virtual screening scenario,,,,,,,,,,,,,,,,,,,,,,,,,,,,,,,
FORM_000902,CAND_R2_318,BDO-hydroxy,designed,P-N-S,B,True,True,True,True,True,Candidate,,BDO-hydroxy,,DDM,DOPO-based (additive),0,1,P-N-S,100.00%,0.00%,O=P1(CC(Nc2n[nH]c(NC(c3cccs3)P3(=O)Oc4ccccc4-c4ccccc43)n2)c2ccc(O)s2)Oc2ccccc2-c2ccccc21,,NC1=CC=C(CC2=CC=C(N)C=C2)C=C1,7.0,0.5783733532866243,0.6538770871929478,0.5987827958882346,0.0,0.0,1.1305449732033317,1.035287660618583,0.0,0.0,1,1,1,0,0,1,0,0,0,0,0,160.0,3.2,,24.8,,3.2,,,3.0,35.0,,1184.0,,,87.2,,,159.0,,,17.0,,,62.6,,,97.55,,,,,Virtual screening scenario,,,,,,,,,,,,,,,,,,,,,,,,,,,,,,,
FORM_000903,CAND_R2_318,BDO-hydroxy,designed,P-N-S,B,True,True,True,True,True,Candidate,,BDO-hydroxy,,DDM,DOPO-based (additive),0,1,P-N-S,100.00%,0.00%,O=P1(CC(Nc2n[nH]c(NC(c3cccs3)P3(=O)Oc4ccccc4-c4ccccc43)n2)c2ccc(O)s2)Oc2ccccc2-c2ccccc21,,NC1=CC=C(CC2=CC=C(N)C=C2)C=C1,10.0,0.8262476475523204,0.9341101245613541,0.8554039941260495,0.0,0.0,1.130544973203332,1.0352876606185832,0.0,0.0,1,1,1,0,0,1,0,0,0,0,0,160.0,3.2,,24.8,,3.2,,,3.0,35.0,,1184.0,,,87.2,,,159.0,,,17.0,,,62.6,,,97.55,,,,,Virtual screening scenario,,,,,,,,,,,,,,,,,,,,,,,,,,,,,,,
FORM_000904,CAND_R2_319,BDO-hydroxymethyl,designed,P-N-S,B,True,True,True,True,True,Candidate,,BDO-hydroxymethyl,,DDM,DOPO-based (additive),0,1,P-N-S,100.00%,0.00%,O=P1(CC(Nc2n[nH]c(NC(c3cccs3)P3(=O)Oc4ccccc4-c4ccccc43)n2)c2ccc(CO)s2)Oc2ccccc2-c2ccccc21,,NC1=CC=C(CC2=CC=C(N)C=C2)C=C1,3.42,0.27738709415563156,0.3135985849291286,0.28717543579417043,0.0,0.0,1.130544973203332,1.035287660618583,0.0,0.0,1,1,1,0,0,1,0,0,0,0,0,160.0,3.2,,24.8,,3.2,,,3.0,35.0,,1184.0,,,87.2,,,159.0,,,17.0,,,62.6,,,97.55,,,,,Virtual screening scenario,,,,,,,,,,,,,,,,,,,,,,,,,,,,,,,
FORM_000905,CAND_R2_319,BDO-hydroxymethyl,designed,P-N-S,B,True,True,True,True,True,Candidate,,BDO-hydroxymethyl,,DDM,DOPO-based (additive),0,1,P-N-S,100.00%,0.00%,O=P1(CC(Nc2n[nH]c(NC(c3cccs3)P3(=O)Oc4ccccc4-c4ccccc43)n2)c2ccc(CO)s2)Oc2ccccc2-c2ccccc21,,NC1=CC=C(CC2=CC=C(N)C=C2)C=C1,7.0,0.5677513623068482,0.6418684486853509,0.5877859796956705,0.0,0.0,1.130544973203332,1.035287660618583,0.0,0.0,1,1,1,0,0,1,0,0,0,0,0,160.0,3.2,,24.8,,3.2,,,3.0,35.0,,1184.0,,,87.2,,,159.0,,,17.0,,,62.6,,,97.55,,,,,Virtual screening scenario,,,,,,,,,,,,,,,,,,,,,,,,,,,,,,,
FORM_000906,CAND_R2_319,BDO-hydroxymethyl,designed,P-N-S,B,True,True,True,True,True,Candidate,,BDO-hydroxymethyl,,DDM,DOPO-based (additive),0,1,P-N-S,100.00%,0.00%,O=P1(CC(Nc2n[nH]c(NC(c3cccs3)P3(=O)Oc4ccccc4-c4ccccc43)n2)c2ccc(CO)s2)Oc2ccccc2-c2ccccc21,,NC1=CC=C(CC2=CC=C(N)C=C2)C=C1,10.0,0.8110733747240688,0.9169549266933585,0.8396942567081007,0.0,0.0,1.1305449732033321,1.0352876606185832,0.0,0.0,1,1,1,0,0,1,0,0,0,0,0,160.0,3.2,,24.8,,3.2,,,3.0,35.0,,1184.0,,,87.2,,,159.0,,,17.0,,,62.6,,,97.55,,,,,Virtual screening scenario,,,,,,,,,,,,,,,,,,,,,,,,,,,,,,,
FORM_000907,CAND_R2_320,BDO-carboxamide,designed,P-N-S,B,True,True,True,True,True,Candidate,,BDO-carboxamide,,DDM,DOPO-based (additive),0,1,P-N-S,100.00%,0.00%,NC(=O)c1ccc(C(CP2(=O)Oc3ccccc3-c3ccccc32)Nc2n[nH]c(NC(c3cccs3)P3(=O)Oc4ccccc4-c4ccccc43)n2)s1,,NC1=CC=C(CC2=CC=C(N)C=C2)C=C1,3.42,0.27274515079617445,0.3700207910378397,0.2823696891128341,0.0,0.0,1.3566539678439982,1.035287660618583,0.0,0.0,1,1,1,0,0,1,0,0,0,0,0,160.0,3.2,,24.8,,3.2,,,3.0,35.0,,1184.0,,,87.2,,,159.0,,,17.0,,,62.6,,,97.55,,,,,Virtual screening scenario,,,,,,,,,,,,,,,,,,,,,,,,,,,,,,,
FORM_000908,CAND_R2_320,BDO-carboxamide,designed,P-N-S,B,True,True,True,True,True,Candidate,,BDO-carboxamide,,DDM,DOPO-based (additive),0,1,P-N-S,100.00%,0.00%,NC(=O)c1ccc(C(CP2(=O)Oc3ccccc3-c3ccccc32)Nc2n[nH]c(NC(c3cccs3)P3(=O)Oc4ccccc4-c4ccccc43)n2)s1,,NC1=CC=C(CC2=CC=C(N)C=C2)C=C1,7.0,0.5582503086471406,0.7573524962762801,0.5779496560789003,0.0,0.0,1.3566539678439984,1.0352876606185832,0.0,0.0,1,1,1,0,0,1,0,0,0,0,0,160.0,3.2,,24.8,,3.2,,,3.0,35.0,,1184.0,,,87.2,,,159.0,,,17.0,,,62.6,,,97.55,,,,,Virtual screening scenario,,,,,,,,,,,,,,,,,,,,,,,,,,,,,,,
FORM_000909,CAND_R2_320,BDO-carboxamide,designed,P-N-S,B,True,True,True,True,True,Candidate,,BDO-carboxamide,,DDM,DOPO-based (additive),0,1,P-N-S,100.00%,0.00%,NC(=O)c1ccc(C(CP2(=O)Oc3ccccc3-c3ccccc32)Nc2n[nH]c(NC(c3cccs3)P3(=O)Oc4ccccc4-c4ccccc43)n2)s1,,NC1=CC=C(CC2=CC=C(N)C=C2)C=C1,10.0,0.7975004409244866,1.081932137537543,0.8256423658270003,0.0,0.0,1.3566539678439984,1.0352876606185832,0.0,0.0,1,1,1,0,0,1,0,0,0,0,0,160.0,3.2,,24.8,,3.2,,,3.0,35.0,,1184.0,,,87.2,,,159.0,,,17.0,,,62.6,,,97.55,,,,,Virtual screening scenario,,,,,,,,,,,,,,,,,,,,,,,,,,,,,,,
FORM_000910,CAND_R2_321,BDO-boronic-acid,designed,P-N-B-S,B,True,True,True,True,True,Candidate,,BDO-boronic-acid,,DDM,DOPO-based (additive),0,1,P-N-B-S,100.00%,0.00%,O=P1(CC(Nc2n[nH]c(NC(c3cccs3)P3(=O)Oc4ccccc4-c4ccccc43)n2)c2ccc(B(O)O)s2)Oc2ccccc2-c2ccccc21,,NC1=CC=C(CC2=CC=C(N)C=C2)C=C1,3.42,0.2724669933253596,0.3080361896678111,0.2820817161155907,0.04755461244646782,0.0,1.130544973203332,1.0352876606185832,0.17453347969264546,0.0,1,1,1,1,0,1,0,0,0,0,0,160.0,3.2,,24.8,,3.2,,,3.0,35.0,,1184.0,,,87.2,,,159.0,,,17.0,,,62.6,,,97.55,,,,,Virtual screening scenario,,,,,,,,,,,,,,,,,,,,,,,,,,,,,,,
FORM_000911,CAND_R2_321,BDO-boronic-acid,designed,P-N-B-S,B,True,True,True,True,True,Candidate,,BDO-boronic-acid,,DDM,DOPO-based (additive),0,1,P-N-B-S,100.00%,0.00%,O=P1(CC(Nc2n[nH]c(NC(c3cccs3)P3(=O)Oc4ccccc4-c4ccccc43)n2)c2ccc(B(O)O)s2)Oc2ccccc2-c2ccccc21,,NC1=CC=C(CC2=CC=C(N)C=C2)C=C1,7.0,0.5576809804905022,0.6304834291446426,0.5773602376634898,0.09733400208341365,0.0,1.130544973203332,1.0352876606185832,0.17453347969264543,0.0,1,1,1,1,0,1,0,0,0,0,0,160.0,3.2,,24.8,,3.2,,,3.0,35.0,,1184.0,,,87.2,,,159.0,,,17.0,,,62.6,,,97.55,,,,,Virtual screening scenario,,,,,,,,,,,,,,,,,,,,,,,,,,,,,,,
FORM_000912,CAND_R2_321,BDO-boronic-acid,designed,P-N-B-S,B,True,True,True,True,True,Candidate,,BDO-boronic-acid,,DDM,DOPO-based (additive),0,1,P-N-B-S,100.00%,0.00%,O=P1(CC(Nc2n[nH]c(NC(c3cccs3)P3(=O)Oc4ccccc4-c4ccccc43)n2)c2ccc(B(O)O)s2)Oc2ccccc2-c2ccccc21,,NC1=CC=C(CC2=CC=C(N)C=C2)C=C1,10.0,0.7966871149864316,0.9006906130637752,0.8248003395192711,0.13904857440487667,0.0,1.130544973203332,1.0352876606185832,0.17453347969264546,0.0,1,1,1,1,0,1,0,0,0,0,0,160.0,3.2,,24.8,,3.2,,,3.0,35.0,,1184.0,,,87.2,,,159.0,,,17.0,,,62.6,,,97.55,,,,,Virtual screening scenario,,,,,,,,,,,,,,,,,,,,,,,,,,,,,,,
FORM_000913,CAND_R2_322,BDO-pinacol-boronate,designed,P-N-B-S,B,True,True,True,True,True,Candidate,,BDO-pinacol-boronate,,DDM,DOPO-based (additive),0,1,P-N-B-S,100.00%,0.00%,CC1(C)OB(c2ccc(C(CP3(=O)Oc4ccccc4-c4ccccc43)Nc3n[nH]c(NC(c4cccs4)P4(=O)Oc5ccccc5-c5ccccc54)n3)s2)OC1(C)C,,NC1=CC=C(CC2=CC=C(N)C=C2)C=C1,3.42,0.246432728947699,0.2786032829446003,0.2551287634521167,0.04301076169339642,0.0,1.130544973203332,1.0352876606185832,0.17453347969264543,0.0,1,1,1,1,0,1,0,0,0,0,0,160.0,3.2,,24.8,,3.2,,,3.0,35.0,,1184.0,,,87.2,,,159.0,,,17.0,,,62.6,,,97.55,,,,,Virtual screening scenario,,,,,,,,,,,,,,,,,,,,,,,,,,,,,,,
FORM_000914,CAND_R2_322,BDO-pinacol-boronate,designed,P-N-B-S,B,True,True,True,True,True,Candidate,,BDO-pinacol-boronate,,DDM,DOPO-based (additive),0,1,P-N-B-S,100.00%,0.00%,CC1(C)OB(c2ccc(C(CP3(=O)Oc4ccccc4-c4ccccc43)Nc3n[nH]c(NC(c4cccs4)P4(=O)Oc5ccccc5-c5ccccc54)n3)s2)OC1(C)C,,NC1=CC=C(CC2=CC=C(N)C=C2)C=C1,7.0,0.5043944744543547,0.570240637605907,0.5221933754867886,0.08803372276426169,0.0,1.1305449732033317,1.0352876606185832,0.17453347969264546,0.0,1,1,1,1,0,1,0,0,0,0,0,160.0,3.2,,24.8,,3.2,,,3.0,35.0,,1184.0,,,87.2,,,159.0,,,17.0,,,62.6,,,97.55,,,,,Virtual screening scenario,,,,,,,,,,,,,,,,,,,,,,,,,,,,,,,
FORM_000915,CAND_R2_322,BDO-pinacol-boronate,designed,P-N-B-S,B,True,True,True,True,True,Candidate,,BDO-pinacol-boronate,,DDM,DOPO-based (additive),0,1,P-N-B-S,100.00%,0.00%,CC1(C)OB(c2ccc(C(CP3(=O)Oc4ccccc4-c4ccccc43)Nc3n[nH]c(NC(c4cccs4)P4(=O)Oc5ccccc5-c5ccccc54)n3)s2)OC1(C)C,,NC1=CC=C(CC2=CC=C(N)C=C2)C=C1,10.0,0.7205635349347923,0.8146294822941529,0.745990536409698,0.1257624610918024,0.0,1.130544973203332,1.0352876606185835,0.17453347969264546,0.0,1,1,1,1,0,1,0,0,0,0,0,160.0,3.2,,24.8,,3.2,,,3.0,35.0,,1184.0,,,87.2,,,159.0,,,17.0,,,62.6,,,97.55,,,,,Virtual screening scenario,,,,,,,,,,,,,,,,,,,,,,,,,,,,,,,
FORM_000916,CAND_R2_323,BDO-trimethoxysilyl,designed,P-N-Si-S,B,True,True,True,True,True,Candidate,,BDO-trimethoxysilyl,,DDS,DOPO-based (Additive + Secondary Crosslinking),3,1,P-N-Si-S,100.00%,0.00%,CO[Si](OC)(OC)c1ccc(C(CP2(=O)Oc3ccccc3-c3ccccc32)Nc2n[nH]c(NC(c3cccs3)P3(=O)Oc4ccccc4-c4ccccc43)n2)s1,,NC1=CC=C(C=C1)S(=O)(=O)C1=CC=C(N)C=C1,3.5,0.2539054631984748,0.2870515450878992,0.26286519301302674,0.0,0.11511572350023186,1.1305449732033317,1.0352876606185832,0.0,0.4533802544069219,1,1,1,0,1,1,1,0,0,0,0,250.0,4.0,,22.4,,3.0,,,4.0,35.0,,867.99,,,114.14500000000001,,,180.0,,,16.9,,,52.14,,,95.65,,,,,Virtual screening scenario,,,,,,,,,,,,,,,,,,,,,,,,,,,,,,,
FORM_000917,CAND_R2_323,BDO-trimethoxysilyl,designed,P-N-Si-S,B,True,True,True,True,True,Candidate,,BDO-trimethoxysilyl,,DDS,DOPO-based (Additive + Secondary Crosslinking),3,1,P-N-Si-S,100.00%,0.00%,CO[Si](OC)(OC)c1ccc(C(CP2(=O)Oc3ccccc3-c3ccccc32)Nc2n[nH]c(NC(c3cccs3)P3(=O)Oc4ccccc4-c4ccccc43)n2)s1,,NC1=CC=C(C=C1)S(=O)(=O)C1=CC=C(N)C=C1,5.29,0.3837599715199804,0.43385790671856767,0.3973019631539747,0.0,0.1739891935189219,1.130544973203332,1.0352876606185832,0.0,0.4533802544069221,1,1,1,0,1,1,1,0,0,0,0,250.0,4.0,,22.4,,3.0,,,4.0,35.0,,867.99,,,114.14500000000001,,,180.0,,,16.9,,,52.14,,,95.65,,,,,Virtual screening scenario,,,,,,,,,,,,,,,,,,,,,,,,,,,,,,,
FORM_000918,CAND_R2_323,BDO-trimethoxysilyl,designed,P-N-Si-S,B,True,True,True,True,True,Candidate,,BDO-trimethoxysilyl,,DDS,DOPO-based (Additive + Secondary Crosslinking),3,1,P-N-Si-S,100.00%,0.00%,CO[Si](OC)(OC)c1ccc(C(CP2(=O)Oc3ccccc3-c3ccccc32)Nc2n[nH]c(NC(c3cccs3)P3(=O)Oc4ccccc4-c4ccccc43)n2)s1,,NC1=CC=C(C=C1)S(=O)(=O)C1=CC=C(N)C=C1,10.0,0.7254441805670707,0.820147271679712,0.7510434086086478,0.0,0.3289020671435196,1.130544973203332,1.0352876606185835,0.0,0.45338025440692203,1,1,1,0,1,1,1,0,0,0,0,250.0,4.0,,22.4,,3.0,,,4.0,35.0,,867.99,,,114.14500000000001,,,180.0,,,16.9,,,52.14,,,95.65,,,,,Virtual screening scenario,,,,,,,,,,,,,,,,,,,,,,,,,,,,,,,
FORM_000919,CAND_R2_324,BDO-triethoxysilyl,designed,P-N-Si-S,B,True,True,True,True,True,Candidate,,BDO-triethoxysilyl,,DDS,DOPO-based (Additive + Secondary Crosslinking),3,1,P-N-Si-S,100.00%,0.00%,CCO[Si](OCC)(OCC)c1ccc(C(CP2(=O)Oc3ccccc3-c3ccccc32)Nc2n[nH]c(NC(c3cccs3)P3(=O)Oc4ccccc4-c4ccccc43)n2)s1,,NC1=CC=C(C=C1)S(=O)(=O)C1=CC=C(N)C=C1,3.5,0.24198086411692685,0.2735702495387901,0.2505198027260765,0.0,0.10970934573493908,1.1305449732033317,1.0352876606185832,0.0,0.45338025440692187,1,1,1,0,1,1,1,0,0,0,0,250.0,4.0,,22.4,,3.0,,,4.0,35.0,,867.99,,,114.14500000000001,,,180.0,,,16.9,,,52.14,,,95.65,,,,,Virtual screening scenario,,,,,,,,,,,,,,,,,,,,,,,,,,,,,,,
FORM_000920,CAND_R2_324,BDO-triethoxysilyl,designed,P-N-Si-S,B,True,True,True,True,True,Candidate,,BDO-triethoxysilyl,,DDS,DOPO-based (Additive + Secondary Crosslinking),3,1,P-N-Si-S,100.00%,0.00%,CCO[Si](OCC)(OCC)c1ccc(C(CP2(=O)Oc3ccccc3-c3ccccc32)Nc2n[nH]c(NC(c3cccs3)P3(=O)Oc4ccccc4-c4ccccc43)n2)s1,,NC1=CC=C(C=C1)S(=O)(=O)C1=CC=C(N)C=C1,5.29,0.365736791765298,0.41348189144577135,0.37864278754884123,0.0,0.16581783969652222,1.1305449732033317,1.035287660618583,0.0,0.4533802544069219,1,1,1,0,1,1,1,0,0,0,0,250.0,4.0,,22.4,,3.0,,,4.0,35.0,,867.99,,,114.14500000000001,,,180.0,,,16.9,,,52.14,,,95.65,,,,,Virtual screening scenario,,,,,,,,,,,,,,,,,,,,,,,,,,,,,,,
FORM_000921,CAND_R2_324,BDO-triethoxysilyl,designed,P-N-Si-S,B,True,True,True,True,True,Candidate,,BDO-triethoxysilyl,,DDS,DOPO-based (Additive + Secondary Crosslinking),3,1,P-N-Si-S,100.00%,0.00%,CCO[Si](OCC)(OCC)c1ccc(C(CP2(=O)Oc3ccccc3-c3ccccc32)Nc2n[nH]c(NC(c3cccs3)P3(=O)Oc4ccccc4-c4ccccc43)n2)s1,,NC1=CC=C(C=C1)S(=O)(=O)C1=CC=C(N)C=C1,10.0,0.6913738974769339,0.7816292843965431,0.715770864931647,0.0,0.31345527352839736,1.1305449732033315,1.035287660618583,0.0,0.4533802544069218,1,1,1,0,1,1,1,0,0,0,0,250.0,4.0,,22.4,,3.0,,,4.0,35.0,,867.99,,,114.14500000000001,,,180.0,,,16.9,,,52.14,,,95.65,,,,,Virtual screening scenario,,,,,,,,,,,,,,,,,,,,,,,,,,,,,,,
FORM_000922,CAND_R2_325,BDO-disiloxane,designed,P-N-Si-S,B,True,True,True,True,True,Candidate,,BDO-disiloxane,,DDM,DOPO-based (additive),0,1,P-N-Si-S,100.00%,0.00%,C[Si](C)(C)O[Si](C)(C)c1ccc(C(CP2(=O)Oc3ccccc3-c3ccccc32)Nc2n[nH]c(NC(c3cccs3)P3(=O)Oc4ccccc4-c4ccccc43)n2)s1,,NC1=CC=C(CC2=CC=C(N)C=C2)C=C1,3.42,0.24072783465327405,0.27215364337738185,0.2492225567839652,0.0,0.21828249383585768,1.130544973203332,1.0352876606185832,0.0,0.906760508813844,1,1,1,0,1,1,0,0,0,0,0,160.0,3.2,,24.8,,3.2,,,3.0,35.0,,1184.0,,,87.2,,,159.0,,,17.0,,,62.6,,,97.55,,,,,Virtual screening scenario,,,,,,,,,,,,,,,,,,,,,,,,,,,,,,,
FORM_000923,CAND_R2_325,BDO-disiloxane,designed,P-N-Si-S,B,True,True,True,True,True,Candidate,,BDO-disiloxane,,DDM,DOPO-based (additive),0,1,P-N-Si-S,100.00%,0.00%,C[Si](C)(C)O[Si](C)(C)c1ccc(C(CP2(=O)Oc3ccccc3-c3ccccc32)Nc2n[nH]c(NC(c3cccs3)P3(=O)Oc4ccccc4-c4ccccc43)n2)s1,,NC1=CC=C(CC2=CC=C(N)C=C2)C=C1,7.0,0.4927177902259995,0.5570396209478575,0.510104648388233,0.0,0.44677703416696013,1.130544973203332,1.0352876606185835,0.0,0.906760508813844,1,1,1,0,1,1,0,0,0,0,0,160.0,3.2,,24.8,,3.2,,,3.0,35.0,,1184.0,,,87.2,,,159.0,,,17.0,,,62.6,,,97.55,,,,,Virtual screening scenario,,,,,,,,,,,,,,,,,,,,,,,,,,,,,,,
FORM_000924,CAND_R2_325,BDO-disiloxane,designed,P-N-Si-S,B,True,True,True,True,True,Candidate,,BDO-disiloxane,,DDM,DOPO-based (additive),0,1,P-N-Si-S,100.00%,0.00%,C[Si](C)(C)O[Si](C)(C)c1ccc(C(CP2(=O)Oc3ccccc3-c3ccccc32)Nc2n[nH]c(NC(c3cccs3)P3(=O)Oc4ccccc4-c4ccccc43)n2)s1,,NC1=CC=C(CC2=CC=C(N)C=C2)C=C1,10.0,0.7038825574657136,0.7957708870683678,0.7287209262689042,0.0,0.6382529059528003,1.130544973203332,1.0352876606185832,0.0,0.9067605088138441,1,1,1,0,1,1,0,0,0,0,0,160.0,3.2,,24.8,,3.2,,,3.0,35.0,,1184.0,,,87.2,,,159.0,,,17.0,,,62.6,,,97.55,,,,,Virtual screening scenario,,,,,,,,,,,,,,,,,,,,,,,,,,,,,,,
FORM_000925,CAND_R2_326,BDO-glycidyloxy,designed,P-N-S,B,True,True,True,True,True,Candidate,,BDO-glycidyloxy,,DDM,DOPO-based (Co-curing),2,1,P-N-S,100.00%,0.00%,O=P1(CC(Nc2n[nH]c(NC(c3cccs3)P3(=O)Oc4ccccc4-c4ccccc43)n2)c2ccc(OCC3CO3)s2)Oc2ccccc2-c2ccccc21,,NC1=CC=C(CC2=CC=C(N)C=C2)C=C1,4.0,0.30750482430830894,0.34764803335753236,0.31835595018707763,0.0,0.0,1.1305449732033317,1.0352876606185832,0.0,0.0,1,1,1,0,0,1,0,0,0,0,0,170.0,3.0,,24.0,,3.0,,,3.0,35.0,,1208.0,,,88.0,,,164.3,,,16.5,,,58.7,,,101.3,,,,,Virtual screening scenario,,,,,,,,,,,,,,,,,,,,,,,,,,,,,,,
FORM_000926,CAND_R2_326,BDO-glycidyloxy,designed,P-N-S,B,True,True,True,True,True,Candidate,,BDO-glycidyloxy,,DDM,DOPO-based (Co-curing),2,1,P-N-S,100.00%,0.00%,O=P1(CC(Nc2n[nH]c(NC(c3cccs3)P3(=O)Oc4ccccc4-c4ccccc43)n2)c2ccc(OCC3CO3)s2)Oc2ccccc2-c2ccccc21,,NC1=CC=C(CC2=CC=C(N)C=C2)C=C1,6.78,0.5212206772025837,0.5892634165410173,0.5396133355670966,0.0,0.0,1.1305449732033317,1.0352876606185832,0.0,0.0,1,1,1,0,0,1,0,0,0,0,0,170.0,3.0,,24.0,,3.0,,,3.0,35.0,,1208.0,,,88.0,,,164.3,,,16.5,,,58.7,,,101.3,,,,,Virtual screening scenario,,,,,,,,,,,,,,,,,,,,,,,,,,,,,,,
FORM_000927,CAND_R2_326,BDO-glycidyloxy,designed,P-N-S,B,True,True,True,True,True,Candidate,,BDO-glycidyloxy,,DDM,DOPO-based (Co-curing),2,1,P-N-S,100.00%,0.00%,O=P1(CC(Nc2n[nH]c(NC(c3cccs3)P3(=O)Oc4ccccc4-c4ccccc43)n2)c2ccc(OCC3CO3)s2)Oc2ccccc2-c2ccccc21,,NC1=CC=C(CC2=CC=C(N)C=C2)C=C1,10.19,0.7833685399254169,0.8856333649783136,0.8110117831015802,0.0,0.0,1.1305449732033317,1.0352876606185835,0.0,0.0,1,1,1,0,0,1,0,0,0,0,0,170.0,3.0,,24.0,,3.0,,,3.0,35.0,,1208.0,,,88.0,,,164.3,,,16.5,,,58.7,,,101.3,,,,,Virtual screening scenario,,,,,,,,,,,,,,,,,,,,,,,,,,,,,,,
FORM_000928,CAND_R2_327,BDO-diaminotriazine,designed,P-N-S,B,True,True,True,True,True,Candidate,,BDO-diaminotriazine,,DDM,DOPO-based (Co-curing),2,1,P-N-S,100.00%,0.00%,Nc1nc(N)nc(-c2ccc(C(CP3(=O)Oc4ccccc4-c4ccccc43)Nc3n[nH]c(NC(c4cccs4)P4(=O)Oc5ccccc5-c5ccccc54)n3)s2)n1,,NC1=CC=C(CC2=CC=C(N)C=C2)C=C1,4.0,0.29399509280483693,0.6647493486339109,0.3043694918632629,0.0,0.0,2.261089946406664,1.0352876606185832,0.0,0.0,1,1,1,0,0,1,0,0,0,0,0,170.0,3.0,,24.0,,3.0,,,3.0,35.0,,1208.0,,,88.0,,,164.3,,,16.5,,,58.7,,,101.3,,,,,Virtual screening scenario,,,,,,,,,,,,,,,,,,,,,,,,,,,,,,,
FORM_000929,CAND_R2_327,BDO-diaminotriazine,designed,P-N-S,B,True,True,True,True,True,Candidate,,BDO-diaminotriazine,,DDM,DOPO-based (Co-curing),2,1,P-N-S,100.00%,0.00%,Nc1nc(N)nc(-c2ccc(C(CP3(=O)Oc4ccccc4-c4ccccc43)Nc3n[nH]c(NC(c4cccs4)P4(=O)Oc5ccccc5-c5ccccc54)n3)s2)n1,,NC1=CC=C(CC2=CC=C(N)C=C2)C=C1,6.78,0.49832168230419865,1.126750145934479,0.5159062887082306,0.0,0.0,2.261089946406664,1.0352876606185832,0.0,0.0,1,1,1,0,0,1,0,0,0,0,0,170.0,3.0,,24.0,,3.0,,,3.0,35.0,,1208.0,,,88.0,,,164.3,,,16.5,,,58.7,,,101.3,,,,,Virtual screening scenario,,,,,,,,,,,,,,,,,,,,,,,,,,,,,,,
FORM_000930,CAND_R2_327,BDO-diaminotriazine,designed,P-N-S,B,True,True,True,True,True,Candidate,,BDO-diaminotriazine,,DDM,DOPO-based (Co-curing),2,1,P-N-S,100.00%,0.00%,Nc1nc(N)nc(-c2ccc(C(CP3(=O)Oc4ccccc4-c4ccccc43)Nc3n[nH]c(NC(c4cccs4)P4(=O)Oc5ccccc5-c5ccccc54)n3)s2)n1,,NC1=CC=C(CC2=CC=C(N)C=C2)C=C1,10.19,0.7489524989203221,1.6934489656448877,0.7753812805216623,0.0,0.0,2.2610899464066634,1.0352876606185832,0.0,0.0,1,1,1,0,0,1,0,0,0,0,0,170.0,3.0,,24.0,,3.0,,,3.0,35.0,,1208.0,,,88.0,,,164.3,,,16.5,,,58.7,,,101.3,,,,,Virtual screening scenario,,,,,,,,,,,,,,,,,,,,,,,,,,,,,,,
FORM_000931,CAND_R2_328,BDO-piperazine,designed,P-N-S,B,True,True,True,True,True,Candidate,,BDO-piperazine,,DDM,DOPO-based (Co-curing),2,1,P-N-S,100.00%,0.00%,O=P1(CC(Nc2n[nH]c(NC(c3cccs3)P3(=O)Oc4ccccc4-c4ccccc43)n2)c2ccc(N3CCNCC3)s2)Oc2ccccc2-c2ccccc21,,NC1=CC=C(CC2=CC=C(N)C=C2)C=C1,4.0,0.30297087326409694,0.47953107691404784,0.3136620066171562,0.0,0.0,1.5827629624846642,1.0352876606185832,0.0,0.0,1,1,1,0,0,1,0,0,0,0,0,170.0,3.0,,24.0,,3.0,,,3.0,35.0,,1208.0,,,88.0,,,164.3,,,16.5,,,58.7,,,101.3,,,,,Virtual screening scenario,,,,,,,,,,,,,,,,,,,,,,,,,,,,,,,
FORM_000932,CAND_R2_328,BDO-piperazine,designed,P-N-S,B,True,True,True,True,True,Candidate,,BDO-piperazine,,DDM,DOPO-based (Co-curing),2,1,P-N-S,100.00%,0.00%,O=P1(CC(Nc2n[nH]c(NC(c3cccs3)P3(=O)Oc4ccccc4-c4ccccc43)n2)c2ccc(N3CCNCC3)s2)Oc2ccccc2-c2ccccc21,,NC1=CC=C(CC2=CC=C(N)C=C2)C=C1,6.78,0.5135356301826444,0.8128051753693112,0.5316571012160798,0.0,0.0,1.5827629624846642,1.0352876606185832,0.0,0.0,1,1,1,0,0,1,0,0,0,0,0,170.0,3.0,,24.0,,3.0,,,3.0,35.0,,1208.0,,,88.0,,,164.3,,,16.5,,,58.7,,,101.3,,,,,Virtual screening scenario,,,,,,,,,,,,,,,,,,,,,,,,,,,,,,,
FORM_000933,CAND_R2_328,BDO-piperazine,designed,P-N-S,B,True,True,True,True,True,Candidate,,BDO-piperazine,,DDM,DOPO-based (Co-curing),2,1,P-N-S,100.00%,0.00%,O=P1(CC(Nc2n[nH]c(NC(c3cccs3)P3(=O)Oc4ccccc4-c4ccccc43)n2)c2ccc(N3CCNCC3)s2)Oc2ccccc2-c2ccccc21,,NC1=CC=C(CC2=CC=C(N)C=C2)C=C1,10.19,0.7718182996402869,1.2216054184385368,0.7990539618572053,0.0,0.0,1.5827629624846642,1.0352876606185832,0.0,0.0,1,1,1,0,0,1,0,0,0,0,0,170.0,3.0,,24.0,,3.0,,,3.0,35.0,,1208.0,,,88.0,,,164.3,,,16.5,,,58.7,,,101.3,,,,,Virtual screening scenario,,,,,,,,,,,,,,,,,,,,,,,,,,,,,,,
FORM_000934,CAND_R2_329,BDO-benzamide-linker,designed,P-N-S,B,True,True,True,True,True,Candidate,,BDO-benzamide-linker,,DDM,DOPO-based (additive),0,1,P-N-S,100.00%,0.00%,O=C(Nc1ccc(C(CP2(=O)Oc3ccccc3-c3ccccc32)Nc2n[nH]c(NC(c3cccs3)P3(=O)Oc4ccccc4-c4ccccc43)n2)s1)c1ccccc1,,NC1=CC=C(CC2=CC=C(N)C=C2)C=C1,3.42,0.24840939176315405,0.3370055869851971,0.2571751780741609,0.0,0.0,1.3566539678439982,1.0352876606185832,0.0,0.0,1,1,1,0,0,1,0,0,0,0,0,160.0,3.2,,24.8,,3.2,,,3.0,35.0,,1184.0,,,87.2,,,159.0,,,17.0,,,62.6,,,97.55,,,,,Virtual screening scenario,,,,,,,,,,,,,,,,,,,,,,,,,,,,,,,
FORM_000935,CAND_R2_329,BDO-benzamide-linker,designed,P-N-S,B,True,True,True,True,True,Candidate,,BDO-benzamide-linker,,DDM,DOPO-based (additive),0,1,P-N-S,100.00%,0.00%,O=C(Nc1ccc(C(CP2(=O)Oc3ccccc3-c3ccccc32)Nc2n[nH]c(NC(c3cccs3)P3(=O)Oc4ccccc4-c4ccccc43)n2)s1)c1ccccc1,,NC1=CC=C(CC2=CC=C(N)C=C2)C=C1,7.0,0.5084402755386194,0.6897775172211638,0.5263819434266451,0.0,0.0,1.3566539678439984,1.0352876606185832,0.0,0.0,1,1,1,0,0,1,0,0,0,0,0,160.0,3.2,,24.8,,3.2,,,3.0,35.0,,1184.0,,,87.2,,,159.0,,,17.0,,,62.6,,,97.55,,,,,Virtual screening scenario,,,,,,,,,,,,,,,,,,,,,,,,,,,,,,,
FORM_000936,CAND_R2_329,BDO-benzamide-linker,designed,P-N-S,B,True,True,True,True,True,Candidate,,BDO-benzamide-linker,,DDM,DOPO-based (additive),0,1,P-N-S,100.00%,0.00%,O=C(Nc1ccc(C(CP2(=O)Oc3ccccc3-c3ccccc32)Nc2n[nH]c(NC(c3cccs3)P3(=O)Oc4ccccc4-c4ccccc43)n2)s1)c1ccccc1,,NC1=CC=C(CC2=CC=C(N)C=C2)C=C1,10.0,0.7263432507694563,0.9853964531730911,0.7519742048952074,0.0,0.0,1.3566539678439982,1.0352876606185832,0.0,0.0,1,1,1,0,0,1,0,0,0,0,0,160.0,3.2,,24.8,,3.2,,,3.0,35.0,,1184.0,,,87.2,,,159.0,,,17.0,,,62.6,,,97.55,,,,,Virtual screening scenario,,,,,,,,,,,,,,,,,,,,,,,,,,,,,,,
FORM_000937,CAND_R2_330,BDO-phenyl,designed,P-N-S,B,True,True,True,True,True,Candidate,,BDO-phenyl,,DDM,DOPO-based (additive),0,1,P-N-S,100.00%,0.00%,O=P1(CC(Nc2n[nH]c(NC(c3cccs3)P3(=O)Oc4ccccc4-c4ccccc43)n2)c2ccc(-c3ccccc3)s2)Oc2ccccc2-c2ccccc21,,NC1=CC=C(CC2=CC=C(N)C=C2)C=C1,3.42,0.26160666790146314,0.29575810335247255,0.2708381552139284,0.0,0.0,1.1305449732033317,1.0352876606185832,0.0,0.0,1,1,1,0,0,1,0,0,0,0,0,160.0,3.2,,24.8,,3.2,,,3.0,35.0,,1184.0,,,87.2,,,159.0,,,17.0,,,62.6,,,97.55,,,,,Virtual screening scenario,,,,,,,,,,,,,,,,,,,,,,,,,,,,,,,
FORM_000938,CAND_R2_330,BDO-phenyl,designed,P-N-S,B,True,True,True,True,True,Candidate,,BDO-phenyl,,DDM,DOPO-based (additive),0,1,P-N-S,100.00%,0.00%,O=P1(CC(Nc2n[nH]c(NC(c3cccs3)P3(=O)Oc4ccccc4-c4ccccc43)n2)c2ccc(-c3ccccc3)s2)Oc2ccccc2-c2ccccc21,,NC1=CC=C(CC2=CC=C(N)C=C2)C=C1,7.0,0.5354522442427608,0.6053528431190959,0.5543471013150582,0.0,0.0,1.1305449732033317,1.0352876606185832,0.0,0.0,1,1,1,0,0,1,0,0,0,0,0,160.0,3.2,,24.8,,3.2,,,3.0,35.0,,1184.0,,,87.2,,,159.0,,,17.0,,,62.6,,,97.55,,,,,Virtual screening scenario,,,,,,,,,,,,,,,,,,,,,,,,,,,,,,,
FORM_000939,CAND_R2_330,BDO-phenyl,designed,P-N-S,B,True,True,True,True,True,Candidate,,BDO-phenyl,,DDM,DOPO-based (additive),0,1,P-N-S,100.00%,0.00%,O=P1(CC(Nc2n[nH]c(NC(c3cccs3)P3(=O)Oc4ccccc4-c4ccccc43)n2)c2ccc(-c3ccccc3)s2)Oc2ccccc2-c2ccccc21,,NC1=CC=C(CC2=CC=C(N)C=C2)C=C1,10.0,0.7649317774896583,0.8647897758844226,0.791924430450083,0.0,0.0,1.1305449732033317,1.0352876606185832,0.0,0.0,1,1,1,0,0,1,0,0,0,0,0,160.0,3.2,,24.8,,3.2,,,3.0,35.0,,1184.0,,,87.2,,,159.0,,,17.0,,,62.6,,,97.55,,,,,Virtual screening scenario,,,,,,,,,,,,,,,,,,,,,,,,,,,,,,,
FORM_000940,CAND_R2_331,BDO-biphenyl,designed,P-N-S,B,True,True,True,True,True,Candidate,,BDO-biphenyl,,DDM,DOPO-based (additive),0,1,P-N-S,100.00%,0.00%,O=P1(CC(Nc2n[nH]c(NC(c3cccs3)P3(=O)Oc4ccccc4-c4ccccc43)n2)c2ccc(-c3ccc(-c4ccccc4)cc3)s2)Oc2ccccc2-c2ccccc21,,NC1=CC=C(CC2=CC=C(N)C=C2)C=C1,3.42,0.2391361118259762,0.27035412913624723,0.24757466578173884,0.0,0.0,1.130544973203332,1.0352876606185835,0.0,0.0,1,1,1,0,0,1,0,0,0,0,0,160.0,3.2,,24.8,,3.2,,,3.0,35.0,,1184.0,,,87.2,,,159.0,,,17.0,,,62.6,,,97.55,,,,,Virtual screening scenario,,,,,,,,,,,,,,,,,,,,,,,,,,,,,,,
FORM_000941,CAND_R2_331,BDO-biphenyl,designed,P-N-S,B,True,True,True,True,True,Candidate,,BDO-biphenyl,,DDM,DOPO-based (additive),0,1,P-N-S,100.00%,0.00%,O=P1(CC(Nc2n[nH]c(NC(c3cccs3)P3(=O)Oc4ccccc4-c4ccccc43)n2)c2ccc(-c3ccc(-c4ccccc4)cc3)s2)Oc2ccccc2-c2ccccc21,,NC1=CC=C(CC2=CC=C(N)C=C2)C=C1,7.0,0.4894598780063841,0.5533564046648335,0.5067317720678866,0.0,0.0,1.1305449732033317,1.0352876606185832,0.0,0.0,1,1,1,0,0,1,0,0,0,0,0,160.0,3.2,,24.8,,3.2,,,3.0,35.0,,1184.0,,,87.2,,,159.0,,,17.0,,,62.6,,,97.55,,,,,Virtual screening scenario,,,,,,,,,,,,,,,,,,,,,,,,,,,,,,,
FORM_000942,CAND_R2_331,BDO-biphenyl,designed,P-N-S,B,True,True,True,True,True,Candidate,,BDO-biphenyl,,DDM,DOPO-based (additive),0,1,P-N-S,100.00%,0.00%,O=P1(CC(Nc2n[nH]c(NC(c3cccs3)P3(=O)Oc4ccccc4-c4ccccc43)n2)c2ccc(-c3ccc(-c4ccccc4)cc3)s2)Oc2ccccc2-c2ccccc21,,NC1=CC=C(CC2=CC=C(N)C=C2)C=C1,10.0,0.6992283971519772,0.7905091495211907,0.7239025315255521,0.0,0.0,1.130544973203332,1.0352876606185832,0.0,0.0,1,1,1,0,0,1,0,0,0,0,0,160.0,3.2,,24.8,,3.2,,,3.0,35.0,,1184.0,,,87.2,,,159.0,,,17.0,,,62.6,,,97.55,,,,,Virtual screening scenario,,,,,,,,,,,,,,,,,,,,,,,,,,,,,,,
FORM_000943,CAND_R2_332,BDO-NH-methyl,designed,P-N-S,B,True,True,True,True,True,Candidate,,BDO-NH-methyl,,DDM,DOPO-based (additive),0,1,P-N-S,100.00%,0.00%,CN(c1n[nH]c(NC(c2cccs2)P2(=O)Oc3ccccc3-c3ccccc32)n1)C(CP1(=O)Oc2ccccc2-c2ccccc21)c1cccs1,,NC1=CC=C(CC2=CC=C(N)C=C2)C=C1,3.42,0.2833218905585741,0.32030813916946044,0.2933196572784204,0.0,0.0,1.1305449732033317,1.035287660618583,0.0,0.0,1,1,1,0,0,1,0,0,0,0,0,160.0,3.2,,24.8,,3.2,,,3.0,35.0,,1184.0,,,87.2,,,159.0,,,17.0,,,62.6,,,97.55,,,,,Virtual screening scenario,,,,,,,,,,,,,,,,,,,,,,,,,,,,,,,
FORM_000944,CAND_R2_332,BDO-NH-methyl,designed,P-N-S,B,True,True,True,True,True,Candidate,,BDO-NH-methyl,,DDM,DOPO-based (additive),0,1,P-N-S,100.00%,0.00%,CN(c1n[nH]c(NC(c2cccs2)P2(=O)Oc3ccccc3-c3ccccc32)n1)C(CP1(=O)Oc2ccccc2-c2ccccc21)c1cccs1,,NC1=CC=C(CC2=CC=C(N)C=C2)C=C1,7.0,0.5798986064064383,0.6556014544404161,0.600361871622498,0.0,0.0,1.1305449732033315,1.035287660618583,0.0,0.0,1,1,1,0,0,1,0,0,0,0,0,160.0,3.2,,24.8,,3.2,,,3.0,35.0,,1184.0,,,87.2,,,159.0,,,17.0,,,62.6,,,97.55,,,,,Virtual screening scenario,,,,,,,,,,,,,,,,,,,,,,,,,,,,,,,
FORM_000945,CAND_R2_332,BDO-NH-methyl,designed,P-N-S,B,True,True,True,True,True,Candidate,,BDO-NH-methyl,,DDM,DOPO-based (additive),0,1,P-N-S,100.00%,0.00%,CN(c1n[nH]c(NC(c2cccs2)P2(=O)Oc3ccccc3-c3ccccc32)n1)C(CP1(=O)Oc2ccccc2-c2ccccc21)c1cccs1,,NC1=CC=C(CC2=CC=C(N)C=C2)C=C1,10.0,0.828426580580626,0.9365735063434515,0.8576598166035686,0.0,0.0,1.1305449732033317,1.0352876606185832,0.0,0.0,1,1,1,0,0,1,0,0,0,0,0,160.0,3.2,,24.8,,3.2,,,3.0,35.0,,1184.0,,,87.2,,,159.0,,,17.0,,,62.6,,,97.55,,,,,Virtual screening scenario,,,,,,,,,,,,,,,,,,,,,,,,,,,,,,,
FORM_000946,CAND_R2_333,BDO-NH-methyl-2,designed,P-N-S,B,True,True,True,True,True,Candidate,,BDO-NH-methyl-2,,DDM,DOPO-based (additive),0,1,P-N-S,100.00%,0.00%,CN(c1nc(NC(CP2(=O)Oc3ccccc3-c3ccccc32)c2cccs2)n[nH]1)C(c1cccs1)P1(=O)Oc2ccccc2-c2ccccc21,,NC1=CC=C(CC2=CC=C(N)C=C2)C=C1,3.42,0.2833218905585741,0.32030813916946044,0.2933196572784204,0.0,0.0,1.1305449732033317,1.035287660618583,0.0,0.0,1,1,1,0,0,1,0,0,0,0,0,160.0,3.2,,24.8,,3.2,,,3.0,35.0,,1184.0,,,87.2,,,159.0,,,17.0,,,62.6,,,97.55,,,,,Virtual screening scenario,,,,,,,,,,,,,,,,,,,,,,,,,,,,,,,
FORM_000947,CAND_R2_333,BDO-NH-methyl-2,designed,P-N-S,B,True,True,True,True,True,Candidate,,BDO-NH-methyl-2,,DDM,DOPO-based (additive),0,1,P-N-S,100.00%,0.00%,CN(c1nc(NC(CP2(=O)Oc3ccccc3-c3ccccc32)c2cccs2)n[nH]1)C(c1cccs1)P1(=O)Oc2ccccc2-c2ccccc21,,NC1=CC=C(CC2=CC=C(N)C=C2)C=C1,7.0,0.5798986064064383,0.6556014544404161,0.600361871622498,0.0,0.0,1.1305449732033315,1.035287660618583,0.0,0.0,1,1,1,0,0,1,0,0,0,0,0,160.0,3.2,,24.8,,3.2,,,3.0,35.0,,1184.0,,,87.2,,,159.0,,,17.0,,,62.6,,,97.55,,,,,Virtual screening scenario,,,,,,,,,,,,,,,,,,,,,,,,,,,,,,,
FORM_000948,CAND_R2_333,BDO-NH-methyl-2,designed,P-N-S,B,True,True,True,True,True,Candidate,,BDO-NH-methyl-2,,DDM,DOPO-based (additive),0,1,P-N-S,100.00%,0.00%,CN(c1nc(NC(CP2(=O)Oc3ccccc3-c3ccccc32)c2cccs2)n[nH]1)C(c1cccs1)P1(=O)Oc2ccccc2-c2ccccc21,,NC1=CC=C(CC2=CC=C(N)C=C2)C=C1,10.0,0.828426580580626,0.9365735063434515,0.8576598166035686,0.0,0.0,1.1305449732033317,1.0352876606185832,0.0,0.0,1,1,1,0,0,1,0,0,0,0,0,160.0,3.2,,24.8,,3.2,,,3.0,35.0,,1184.0,,,87.2,,,159.0,,,17.0,,,62.6,,,97.55,,,,,Virtual screening scenario,,,,,,,,,,,,,,,,,,,,,,,,,,,,,,,
FORM_000949,CAND_R2_334,BDO-NH-hydroxyethyl,designed,P-N-S,B,True,True,True,True,True,Candidate,,BDO-NH-hydroxyethyl,,DDM,DOPO-based (additive),0,1,P-N-S,100.00%,0.00%,O=P1(CC(c2cccs2)N(CCO)c2n[nH]c(NC(c3cccs3)P3(=O)Oc4ccccc4-c4ccccc43)n2)Oc2ccccc2-c2ccccc21,,NC1=CC=C(CC2=CC=C(N)C=C2)C=C1,3.42,0.27238467225075697,0.3079431219907303,0.2819964901228457,0.0,0.0,1.1305449732033317,1.0352876606185832,0.0,0.0,1,1,1,0,0,1,0,0,0,0,0,160.0,3.2,,24.8,,3.2,,,3.0,35.0,,1184.0,,,87.2,,,159.0,,,17.0,,,62.6,,,97.55,,,,,Virtual screening scenario,,,,,,,,,,,,,,,,,,,,,,,,,,,,,,,
FORM_000950,CAND_R2_334,BDO-NH-hydroxyethyl,designed,P-N-S,B,True,True,True,True,True,Candidate,,BDO-NH-hydroxyethyl,,DDM,DOPO-based (additive),0,1,P-N-S,100.00%,0.00%,O=P1(CC(c2cccs2)N(CCO)c2n[nH]c(NC(c3cccs3)P3(=O)Oc4ccccc4-c4ccccc43)n2)Oc2ccccc2-c2ccccc21,,NC1=CC=C(CC2=CC=C(N)C=C2)C=C1,7.0,0.5575124870629529,0.6302929397471089,0.5771857984970526,0.0,0.0,1.1305449732033317,1.0352876606185832,0.0,0.0,1,1,1,0,0,1,0,0,0,0,0,160.0,3.2,,24.8,,3.2,,,3.0,35.0,,1184.0,,,87.2,,,159.0,,,17.0,,,62.6,,,97.55,,,,,Virtual screening scenario,,,,,,,,,,,,,,,,,,,,,,,,,,,,,,,
FORM_000951,CAND_R2_334,BDO-NH-hydroxyethyl,designed,P-N-S,B,True,True,True,True,True,Candidate,,BDO-NH-hydroxyethyl,,DDM,DOPO-based (additive),0,1,P-N-S,100.00%,0.00%,O=P1(CC(c2cccs2)N(CCO)c2n[nH]c(NC(c3cccs3)P3(=O)Oc4ccccc4-c4ccccc43)n2)Oc2ccccc2-c2ccccc21,,NC1=CC=C(CC2=CC=C(N)C=C2)C=C1,10.0,0.7964464100899327,0.9004184853530127,0.8245511407100752,0.0,0.0,1.1305449732033317,1.0352876606185832,0.0,0.0,1,1,1,0,0,1,0,0,0,0,0,160.0,3.2,,24.8,,3.2,,,3.0,35.0,,1184.0,,,87.2,,,159.0,,,17.0,,,62.6,,,97.55,,,,,Virtual screening scenario,,,,,,,,,,,,,,,,,,,,,,,,,,,,,,,
FORM_000952,CAND_R2_335,BDO-NH-hydroxyethyl-2,designed,P-N-S,B,True,True,True,True,True,Candidate,,BDO-NH-hydroxyethyl-2,,DDM,DOPO-based (additive),0,1,P-N-S,100.00%,0.00%,O=P1(CC(Nc2n[nH]c(N(CCO)C(c3cccs3)P3(=O)Oc4ccccc4-c4ccccc43)n2)c2cccs2)Oc2ccccc2-c2ccccc21,,NC1=CC=C(CC2=CC=C(N)C=C2)C=C1,3.42,0.2723846722507569,0.30794312199073026,0.2819964901228456,0.0,0.0,1.1305449732033317,1.035287660618583,0.0,0.0,1,1,1,0,0,1,0,0,0,0,0,160.0,3.2,,24.8,,3.2,,,3.0,35.0,,1184.0,,,87.2,,,159.0,,,17.0,,,62.6,,,97.55,,,,,Virtual screening scenario,,,,,,,,,,,,,,,,,,,,,,,,,,,,,,,
FORM_000953,CAND_R2_335,BDO-NH-hydroxyethyl-2,designed,P-N-S,B,True,True,True,True,True,Candidate,,BDO-NH-hydroxyethyl-2,,DDM,DOPO-based (additive),0,1,P-N-S,100.00%,0.00%,O=P1(CC(Nc2n[nH]c(N(CCO)C(c3cccs3)P3(=O)Oc4ccccc4-c4ccccc43)n2)c2cccs2)Oc2ccccc2-c2ccccc21,,NC1=CC=C(CC2=CC=C(N)C=C2)C=C1,7.0,0.5575124870629528,0.6302929397471088,0.5771857984970525,0.0,0.0,1.1305449732033317,1.0352876606185832,0.0,0.0,1,1,1,0,0,1,0,0,0,0,0,160.0,3.2,,24.8,,3.2,,,3.0,35.0,,1184.0,,,87.2,,,159.0,,,17.0,,,62.6,,,97.55,,,,,Virtual screening scenario,,,,,,,,,,,,,,,,,,,,,,,,,,,,,,,
FORM_000954,CAND_R2_335,BDO-NH-hydroxyethyl-2,designed,P-N-S,B,True,True,True,True,True,Candidate,,BDO-NH-hydroxyethyl-2,,DDM,DOPO-based (additive),0,1,P-N-S,100.00%,0.00%,O=P1(CC(Nc2n[nH]c(N(CCO)C(c3cccs3)P3(=O)Oc4ccccc4-c4ccccc43)n2)c2cccs2)Oc2ccccc2-c2ccccc21,,NC1=CC=C(CC2=CC=C(N)C=C2)C=C1,10.0,0.7964464100899324,0.9004184853530126,0.824551140710075,0.0,0.0,1.130544973203332,1.0352876606185832,0.0,0.0,1,1,1,0,0,1,0,0,0,0,0,160.0,3.2,,24.8,,3.2,,,3.0,35.0,,1184.0,,,87.2,,,159.0,,,17.0,,,62.6,,,97.55,,,,,Virtual screening scenario,,,,,,,,,,,,,,,,,,,,,,,,,,,,,,,
FORM_000955,CAND_R2_336,BDO-NH-glycidyl,designed,P-N-S,B,True,True,True,True,True,Candidate,,BDO-NH-glycidyl,,DDM,DOPO-based (Co-curing),2,1,P-N-S,100.00%,0.00%,O=P1(CC(c2cccs2)N(CC2CO2)c2n[nH]c(NC(c3cccs3)P3(=O)Oc4ccccc4-c4ccccc43)n2)Oc2ccccc2-c2ccccc21,,NC1=CC=C(CC2=CC=C(N)C=C2)C=C1,4.0,0.31373383167725144,0.35469020632653686,0.324804764654046,0.0,0.0,1.130544973203332,1.0352876606185832,0.0,0.0,1,1,1,0,0,1,0,0,0,0,0,170.0,3.0,,24.0,,3.0,,,3.0,35.0,,1208.0,,,88.0,,,164.3,,,16.5,,,58.7,,,101.3,,,,,Virtual screening scenario,,,,,,,,,,,,,,,,,,,,,,,,,,,,,,,
FORM_000956,CAND_R2_336,BDO-NH-glycidyl,designed,P-N-S,B,True,True,True,True,True,Candidate,,BDO-NH-glycidyl,,DDM,DOPO-based (Co-curing),2,1,P-N-S,100.00%,0.00%,O=P1(CC(c2cccs2)N(CC2CO2)c2n[nH]c(NC(c3cccs3)P3(=O)Oc4ccccc4-c4ccccc43)n2)Oc2ccccc2-c2ccccc21,,NC1=CC=C(CC2=CC=C(N)C=C2)C=C1,6.78,0.5317788446929412,0.60119989972348,0.550544076088608,0.0,0.0,1.1305449732033317,1.0352876606185832,0.0,0.0,1,1,1,0,0,1,0,0,0,0,0,170.0,3.0,,24.0,,3.0,,,3.0,35.0,,1208.0,,,88.0,,,164.3,,,16.5,,,58.7,,,101.3,,,,,Virtual screening scenario,,,,,,,,,,,,,,,,,,,,,,,,,,,,,,,
FORM_000957,CAND_R2_336,BDO-NH-glycidyl,designed,P-N-S,B,True,True,True,True,True,Candidate,,BDO-NH-glycidyl,,DDM,DOPO-based (Co-curing),2,1,P-N-S,100.00%,0.00%,O=P1(CC(c2cccs2)N(CC2CO2)c2n[nH]c(NC(c3cccs3)P3(=O)Oc4ccccc4-c4ccccc43)n2)Oc2ccccc2-c2ccccc21,,NC1=CC=C(CC2=CC=C(N)C=C2)C=C1,10.19,0.799236936197798,0.9035733006168526,0.8274401379561822,0.0,0.0,1.130544973203332,1.0352876606185832,0.0,0.0,1,1,1,0,0,1,0,0,0,0,0,170.0,3.0,,24.0,,3.0,,,3.0,35.0,,1208.0,,,88.0,,,164.3,,,16.5,,,58.7,,,101.3,,,,,Virtual screening scenario,,,,,,,,,,,,,,,,,,,,,,,,,,,,,,,
FORM_000958,CAND_R2_337,BDO-NH-glycidyl-2,designed,P-N-S,B,True,True,True,True,True,Candidate,,BDO-NH-glycidyl-2,,DDM,DOPO-based (Co-curing),2,1,P-N-S,100.00%,0.00%,O=P1(CC(Nc2n[nH]c(N(CC3CO3)C(c3cccs3)P3(=O)Oc4ccccc4-c4ccccc43)n2)c2cccs2)Oc2ccccc2-c2ccccc21,,NC1=CC=C(CC2=CC=C(N)C=C2)C=C1,4.0,0.3137338316772514,0.3546902063265368,0.324804764654046,0.0,0.0,1.130544973203332,1.0352876606185835,0.0,0.0,1,1,1,0,0,1,0,0,0,0,0,170.0,3.0,,24.0,,3.0,,,3.0,35.0,,1208.0,,,88.0,,,164.3,,,16.5,,,58.7,,,101.3,,,,,Virtual screening scenario,,,,,,,,,,,,,,,,,,,,,,,,,,,,,,,
FORM_000959,CAND_R2_337,BDO-NH-glycidyl-2,designed,P-N-S,B,True,True,True,True,True,Candidate,,BDO-NH-glycidyl-2,,DDM,DOPO-based (Co-curing),2,1,P-N-S,100.00%,0.00%,O=P1(CC(Nc2n[nH]c(N(CC3CO3)C(c3cccs3)P3(=O)Oc4ccccc4-c4ccccc43)n2)c2cccs2)Oc2ccccc2-c2ccccc21,,NC1=CC=C(CC2=CC=C(N)C=C2)C=C1,6.78,0.5317788446929411,0.60119989972348,0.550544076088608,0.0,0.0,1.130544973203332,1.0352876606185835,0.0,0.0,1,1,1,0,0,1,0,0,0,0,0,170.0,3.0,,24.0,,3.0,,,3.0,35.0,,1208.0,,,88.0,,,164.3,,,16.5,,,58.7,,,101.3,,,,,Virtual screening scenario,,,,,,,,,,,,,,,,,,,,,,,,,,,,,,,
FORM_000960,CAND_R2_337,BDO-NH-glycidyl-2,designed,P-N-S,B,True,True,True,True,True,Candidate,,BDO-NH-glycidyl-2,,DDM,DOPO-based (Co-curing),2,1,P-N-S,100.00%,0.00%,O=P1(CC(Nc2n[nH]c(N(CC3CO3)C(c3cccs3)P3(=O)Oc4ccccc4-c4ccccc43)n2)c2cccs2)Oc2ccccc2-c2ccccc21,,NC1=CC=C(CC2=CC=C(N)C=C2)C=C1,10.19,0.799236936197798,0.9035733006168525,0.8274401379561822,0.0,0.0,1.1305449732033317,1.0352876606185832,0.0,0.0,1,1,1,0,0,1,0,0,0,0,0,170.0,3.0,,24.0,,3.0,,,3.0,35.0,,1208.0,,,88.0,,,164.3,,,16.5,,,58.7,,,101.3,,,,,Virtual screening scenario,,,,,,,,,,,,,,,,,,,,,,,,,,,,,,,
FORM_000961,CAND_R2_338,BDO-aromatic-S-to-O,designed,P-N-S,B,True,True,True,True,True,Candidate,,BDO-aromatic-S-to-O,,DDM,DOPO-based (Co-curing),2,1,P-N-S,100.00%,0.00%,O=P1(CC(Nc2n[nH]c(NC(c3ccco3)P3(=O)Oc4ccccc4-c4ccccc43)n2)c2cccs2)Oc2ccccc2-c2ccccc21,,NC1=CC=C(CC2=CC=C(N)C=C2)C=C1,4.0,0.34526616170905294,0.3903389235373785,0.17872489842326142,0.0,0.0,1.1305449732033317,0.5176438303092915,0.0,0.0,1,1,1,0,0,1,0,0,0,0,0,170.0,3.0,,24.0,,3.0,,,3.0,35.0,,1208.0,,,88.0,,,164.3,,,16.5,,,58.7,,,101.3,,,,,Virtual screening scenario,,,,,,,,,,,,,,,,,,,,,,,,,,,,,,,
FORM_000962,CAND_R2_338,BDO-aromatic-S-to-O,designed,P-N-S,B,True,True,True,True,True,Candidate,,BDO-aromatic-S-to-O,,DDM,DOPO-based (Co-curing),2,1,P-N-S,100.00%,0.00%,O=P1(CC(Nc2n[nH]c(NC(c3ccco3)P3(=O)Oc4ccccc4-c4ccccc43)n2)c2cccs2)Oc2ccccc2-c2ccccc21,,NC1=CC=C(CC2=CC=C(N)C=C2)C=C1,6.78,0.5852261440968447,0.6616244753958566,0.30293870282742813,0.0,0.0,1.130544973203332,0.5176438303092916,0.0,0.0,1,1,1,0,0,1,0,0,0,0,0,170.0,3.0,,24.0,,3.0,,,3.0,35.0,,1208.0,,,88.0,,,164.3,,,16.5,,,58.7,,,101.3,,,,,Virtual screening scenario,,,,,,,,,,,,,,,,,,,,,,,,,,,,,,,
FORM_000963,CAND_R2_338,BDO-aromatic-S-to-O,designed,P-N-S,B,True,True,True,True,True,Candidate,,BDO-aromatic-S-to-O,,DDM,DOPO-based (Co-curing),2,1,P-N-S,100.00%,0.00%,O=P1(CC(Nc2n[nH]c(NC(c3ccco3)P3(=O)Oc4ccccc4-c4ccccc43)n2)c2cccs2)Oc2ccccc2-c2ccccc21,,NC1=CC=C(CC2=CC=C(N)C=C2)C=C1,10.19,0.8795655469538123,0.9943884077114715,0.45530167873325844,0.0,0.0,1.1305449732033317,0.5176438303092916,0.0,0.0,1,1,1,0,0,1,0,0,0,0,0,170.0,3.0,,24.0,,3.0,,,3.0,35.0,,1208.0,,,88.0,,,164.3,,,16.5,,,58.7,,,101.3,,,,,Virtual screening scenario,,,,,,,,,,,,,,,,,,,,,,,,,,,,,,,
FORM_000964,CAND_R2_339,BDO-aromatic-S-to-O-all,designed,P-N,B,True,True,True,True,True,Candidate,,BDO-aromatic-S-to-O-all,,DDM,DOPO-based (additive),0,1,P-N,100.00%,0.00%,O=P1(CC(Nc2n[nH]c(NC(c3ccco3)P3(=O)Oc4ccccc4-c4ccccc43)n2)c2ccco2)Oc2ccccc2-c2ccccc21,,NC1=CC=C(CC2=CC=C(N)C=C2)C=C1,3.42,0.30196312512827517,0.3413828932065402,0.0,0.0,0.0,1.130544973203332,0.0,0.0,0.0,1,1,0,0,0,1,0,0,0,0,0,160.0,3.2,,24.8,,3.2,,,3.0,35.0,,1184.0,,,87.2,,,159.0,,,17.0,,,62.6,,,97.55,,,,,Virtual screening scenario,,,,,,,,,,,,,,,,,,,,,,,,,,,,,,,
FORM_000965,CAND_R2_339,BDO-aromatic-S-to-O-all,designed,P-N,B,True,True,True,True,True,Candidate,,BDO-aromatic-S-to-O-all,,DDM,DOPO-based (additive),0,1,P-N,100.00%,0.00%,O=P1(CC(Nc2n[nH]c(NC(c3ccco3)P3(=O)Oc4ccccc4-c4ccccc43)n2)c2ccco2)Oc2ccccc2-c2ccccc21,,NC1=CC=C(CC2=CC=C(N)C=C2)C=C1,7.0,0.618053180087113,0.6987369159198191,0.0,0.0,0.0,1.1305449732033317,0.0,0.0,0.0,1,1,0,0,0,1,0,0,0,0,0,160.0,3.2,,24.8,,3.2,,,3.0,35.0,,1184.0,,,87.2,,,159.0,,,17.0,,,62.6,,,97.55,,,,,Virtual screening scenario,,,,,,,,,,,,,,,,,,,,,,,,,,,,,,,
FORM_000966,CAND_R2_339,BDO-aromatic-S-to-O-all,designed,P-N,B,True,True,True,True,True,Candidate,,BDO-aromatic-S-to-O-all,,DDM,DOPO-based (additive),0,1,P-N,100.00%,0.00%,O=P1(CC(Nc2n[nH]c(NC(c3ccco3)P3(=O)Oc4ccccc4-c4ccccc43)n2)c2ccco2)Oc2ccccc2-c2ccccc21,,NC1=CC=C(CC2=CC=C(N)C=C2)C=C1,10.0,0.8829331144101614,0.9981955941711702,0.0,0.0,0.0,1.1305449732033317,0.0,0.0,0.0,1,1,0,0,0,1,0,0,0,0,0,160.0,3.2,,24.8,,3.2,,,3.0,35.0,,1184.0,,,87.2,,,159.0,,,17.0,,,62.6,,,97.55,,,,,Virtual screening scenario,,,,,,,,,,,,,,,,,,,,,,,,,,,,,,,
FORM_000967,CAND_R2_340,TDA-amino,designed,P-N-Si,B,True,True,True,True,True,Candidate,,TDA-amino,,DDM,DOPO-based (Co-curing),2,1,P-N-Si,100.00%,0.00%,CCO[Si](CCCNCC(O)Cn1c(=O)n(CC(O)CNCCC[Si](OCC)(OCC)OCC)c(=O)n(CC(O)CP2(=O)Oc3ccc(N)cc3-c3ccccc32)c1=O)(OCC)OCC,,NC1=CC=C(CC2=CC=C(N)C=C2)C=C1,4.0,0.12756949106469906,0.346135312457527,0.0,0.0,0.23134995325389926,2.713307935687997,0.0,0.0,1.8135210176276877,1,1,0,0,1,1,0,0,0,0,0,170.0,3.0,,24.0,,3.0,,,3.0,35.0,,1208.0,,,88.0,,,164.3,,,16.5,,,58.7,,,101.3,,,,,Virtual screening scenario,,,,,,,,,,,,,,,,,,,,,,,,,,,,,,,
FORM_000968,CAND_R2_340,TDA-amino,designed,P-N-Si,B,True,True,True,True,True,Candidate,,TDA-amino,,DDM,DOPO-based (Co-curing),2,1,P-N-Si,100.00%,0.00%,CCO[Si](CCCNCC(O)Cn1c(=O)n(CC(O)CNCCC[Si](OCC)(OCC)OCC)c(=O)n(CC(O)CP2(=O)Oc3ccc(N)cc3-c3ccccc32)c1=O)(OCC)OCC,,NC1=CC=C(CC2=CC=C(N)C=C2)C=C1,6.78,0.21623028735466496,0.5866993546155083,0.0,0.0,0.39213817076535923,2.7133079356879963,0.0,0.0,1.8135210176276872,1,1,0,0,1,1,0,0,0,0,0,170.0,3.0,,24.0,,3.0,,,3.0,35.0,,1208.0,,,88.0,,,164.3,,,16.5,,,58.7,,,101.3,,,,,Virtual screening scenario,,,,,,,,,,,,,,,,,,,,,,,,,,,,,,,
FORM_000969,CAND_R2_340,TDA-amino,designed,P-N-Si,B,True,True,True,True,True,Candidate,,TDA-amino,,DDM,DOPO-based (Co-curing),2,1,P-N-Si,100.00%,0.00%,CCO[Si](CCCNCC(O)Cn1c(=O)n(CC(O)CNCCC[Si](OCC)(OCC)OCC)c(=O)n(CC(O)CP2(=O)Oc3ccc(N)cc3-c3ccccc32)c1=O)(OCC)OCC,,NC1=CC=C(CC2=CC=C(N)C=C2)C=C1,10.19,0.3249832784873209,0.8817797084855499,0.0,0.0,0.5893640059143084,2.7133079356879963,0.0,0.0,1.8135210176276877,1,1,0,0,1,1,0,0,0,0,0,170.0,3.0,,24.0,,3.0,,,3.0,35.0,,1208.0,,,88.0,,,164.3,,,16.5,,,58.7,,,101.3,,,,,Virtual screening scenario,,,,,,,,,,,,,,,,,,,,,,,,,,,,,,,
FORM_000970,CAND_R2_341,TDA-hydroxy,designed,P-N-Si,B,True,True,True,True,True,Candidate,,TDA-hydroxy,,DDM,DOPO-based (additive),0,1,P-N-Si,100.00%,0.00%,CCO[Si](CCCNCC(O)Cn1c(=O)n(CC(O)CNCCC[Si](OCC)(OCC)OCC)c(=O)n(CC(O)CP2(=O)Oc3ccc(O)cc3-c3ccccc32)c1=O)(OCC)OCC,,NC1=CC=C(CC2=CC=C(N)C=C2)C=C1,3.42,0.10896151773113841,0.24637179228708844,0.0,0.0,0.19760400251803145,2.2610899464066634,0.0,0.0,1.8135210176276877,1,1,0,0,1,1,0,0,0,0,0,160.0,3.2,,24.8,,3.2,,,3.0,35.0,,1184.0,,,87.2,,,159.0,,,17.0,,,62.6,,,97.55,,,,,Virtual screening scenario,,,,,,,,,,,,,,,,,,,,,,,,,,,,,,,
FORM_000971,CAND_R2_341,TDA-hydroxy,designed,P-N-Si,B,True,True,True,True,True,Candidate,,TDA-hydroxy,,DDM,DOPO-based (additive),0,1,P-N-Si,100.00%,0.00%,CCO[Si](CCCNCC(O)Cn1c(=O)n(CC(O)CNCCC[Si](OCC)(OCC)OCC)c(=O)n(CC(O)CP2(=O)Oc3ccc(O)cc3-c3ccccc32)c1=O)(OCC)OCC,,NC1=CC=C(CC2=CC=C(N)C=C2)C=C1,7.0,0.2230206503268915,0.5042697502952103,0.0,0.0,0.4044526367328129,2.261089946406663,0.0,0.0,1.8135210176276872,1,1,0,0,1,1,0,0,0,0,0,160.0,3.2,,24.8,,3.2,,,3.0,35.0,,1184.0,,,87.2,,,159.0,,,17.0,,,62.6,,,97.55,,,,,Virtual screening scenario,,,,,,,,,,,,,,,,,,,,,,,,,,,,,,,
FORM_000972,CAND_R2_341,TDA-hydroxy,designed,P-N-Si,B,True,True,True,True,True,Candidate,,TDA-hydroxy,,DDM,DOPO-based (additive),0,1,P-N-Si,100.00%,0.00%,CCO[Si](CCCNCC(O)Cn1c(=O)n(CC(O)CNCCC[Si](OCC)(OCC)OCC)c(=O)n(CC(O)CP2(=O)Oc3ccc(O)cc3-c3ccccc32)c1=O)(OCC)OCC,,NC1=CC=C(CC2=CC=C(N)C=C2)C=C1,10.0,0.3186009290384164,0.7203853575645861,0.0,0.0,0.5777894810468756,2.2610899464066634,0.0,0.0,1.8135210176276875,1,1,0,0,1,1,0,0,0,0,0,160.0,3.2,,24.8,,3.2,,,3.0,35.0,,1184.0,,,87.2,,,159.0,,,17.0,,,62.6,,,97.55,,,,,Virtual screening scenario,,,,,,,,,,,,,,,,,,,,,,,,,,,,,,,
FORM_000973,CAND_R2_342,TDA-hydroxymethyl,designed,P-N-Si,B,True,True,True,True,True,Candidate,,TDA-hydroxymethyl,,DDM,DOPO-based (additive),0,1,P-N-Si,100.00%,0.00%,CCO[Si](CCCNCC(O)Cn1c(=O)n(CC(O)CNCCC[Si](OCC)(OCC)OCC)c(=O)n(CC(O)CP2(=O)Oc3ccc(CO)cc3-c3ccccc32)c1=O)(OCC)OCC,,NC1=CC=C(CC2=CC=C(N)C=C2)C=C1,3.42,0.10741175098736075,0.24286763028345743,0.0,0.0,0.19479346795577027,2.261089946406664,0.0,0.0,1.813521017627688,1,1,0,0,1,1,0,0,0,0,0,160.0,3.2,,24.8,,3.2,,,3.0,35.0,,1184.0,,,87.2,,,159.0,,,17.0,,,62.6,,,97.55,,,,,Virtual screening scenario,,,,,,,,,,,,,,,,,,,,,,,,,,,,,,,
FORM_000974,CAND_R2_342,TDA-hydroxymethyl,designed,P-N-Si,B,True,True,True,True,True,Candidate,,TDA-hydroxymethyl,,DDM,DOPO-based (additive),0,1,P-N-Si,100.00%,0.00%,CCO[Si](CCCNCC(O)Cn1c(=O)n(CC(O)CNCCC[Si](OCC)(OCC)OCC)c(=O)n(CC(O)CP2(=O)Oc3ccc(CO)cc3-c3ccccc32)c1=O)(OCC)OCC,,NC1=CC=C(CC2=CC=C(N)C=C2)C=C1,7.0,0.21984861313202494,0.4970974888842696,0.0,0.0,0.3987000806112257,2.2610899464066634,0.0,0.0,1.8135210176276877,1,1,0,0,1,1,0,0,0,0,0,160.0,3.2,,24.8,,3.2,,,3.0,35.0,,1184.0,,,87.2,,,159.0,,,17.0,,,62.6,,,97.55,,,,,Virtual screening scenario,,,,,,,,,,,,,,,,,,,,,,,,,,,,,,,
FORM_000975,CAND_R2_342,TDA-hydroxymethyl,designed,P-N-Si,B,True,True,True,True,True,Candidate,,TDA-hydroxymethyl,,DDM,DOPO-based (additive),0,1,P-N-Si,100.00%,0.00%,CCO[Si](CCCNCC(O)Cn1c(=O)n(CC(O)CNCCC[Si](OCC)(OCC)OCC)c(=O)n(CC(O)CP2(=O)Oc3ccc(CO)cc3-c3ccccc32)c1=O)(OCC)OCC,,NC1=CC=C(CC2=CC=C(N)C=C2)C=C1,10.0,0.3140694473314642,0.7101392698346709,0.0,0.0,0.5695715437303224,2.261089946406664,0.0,0.0,1.8135210176276877,1,1,0,0,1,1,0,0,0,0,0,160.0,3.2,,24.8,,3.2,,,3.0,35.0,,1184.0,,,87.2,,,159.0,,,17.0,,,62.6,,,97.55,,,,,Virtual screening scenario,,,,,,,,,,,,,,,,,,,,,,,,,,,,,,,
FORM_000976,CAND_R2_343,TDA-carboxamide,designed,P-N-Si,B,True,True,True,True,True,Candidate,,TDA-carboxamide,,DDM,DOPO-based (additive),0,1,P-N-Si,100.00%,0.00%,CCO[Si](CCCNCC(O)Cn1c(=O)n(CC(O)CNCCC[Si](OCC)(OCC)OCC)c(=O)n(CC(O)CP2(=O)Oc3ccc(C(N)=O)cc3-c3ccccc32)c1=O)(OCC)OCC,,NC1=CC=C(CC2=CC=C(N)C=C2)C=C1,3.42,0.10601440732415679,0.2876497326898943,0.0,0.0,0.192259355853701,2.7133079356879968,0.0,0.0,1.8135210176276875,1,1,0,0,1,1,0,0,0,0,0,160.0,3.2,,24.8,,3.2,,,3.0,35.0,,1184.0,,,87.2,,,159.0,,,17.0,,,62.6,,,97.55,,,,,Virtual screening scenario,,,,,,,,,,,,,,,,,,,,,,,,,,,,,,,
FORM_000977,CAND_R2_343,TDA-carboxamide,designed,P-N-Si,B,True,True,True,True,True,Candidate,,TDA-carboxamide,,DDM,DOPO-based (additive),0,1,P-N-Si,100.00%,0.00%,CCO[Si](CCCNCC(O)Cn1c(=O)n(CC(O)CNCCC[Si](OCC)(OCC)OCC)c(=O)n(CC(O)CP2(=O)Oc3ccc(C(N)=O)cc3-c3ccccc32)c1=O)(OCC)OCC,,NC1=CC=C(CC2=CC=C(N)C=C2)C=C1,7.0,0.21698855300266007,0.5887567628155731,0.0,0.0,0.3935133014549435,2.7133079356879968,0.0,0.0,1.8135210176276877,1,1,0,0,1,1,0,0,0,0,0,160.0,3.2,,24.8,,3.2,,,3.0,35.0,,1184.0,,,87.2,,,159.0,,,17.0,,,62.6,,,97.55,,,,,Virtual screening scenario,,,,,,,,,,,,,,,,,,,,,,,,,,,,,,,
FORM_000978,CAND_R2_343,TDA-carboxamide,designed,P-N-Si,B,True,True,True,True,True,Candidate,,TDA-carboxamide,,DDM,DOPO-based (additive),0,1,P-N-Si,100.00%,0.00%,CCO[Si](CCCNCC(O)Cn1c(=O)n(CC(O)CNCCC[Si](OCC)(OCC)OCC)c(=O)n(CC(O)CP2(=O)Oc3ccc(C(N)=O)cc3-c3ccccc32)c1=O)(OCC)OCC,,NC1=CC=C(CC2=CC=C(N)C=C2)C=C1,10.0,0.30998364714665727,0.8410810897365331,0.0,0.0,0.5621618592213479,2.7133079356879968,0.0,0.0,1.8135210176276875,1,1,0,0,1,1,0,0,0,0,0,160.0,3.2,,24.8,,3.2,,,3.0,35.0,,1184.0,,,87.2,,,159.0,,,17.0,,,62.6,,,97.55,,,,,Virtual screening scenario,,,,,,,,,,,,,,,,,,,,,,,,,,,,,,,
FORM_000979,CAND_R2_344,TDA-boronic-acid,designed,P-N-Si-B,B,True,True,True,True,True,Candidate,,TDA-boronic-acid,,DDM,DOPO-based (additive),0,1,P-N-Si-B,100.00%,0.00%,CCO[Si](CCCNCC(O)Cn1c(=O)n(CC(O)CNCCC[Si](OCC)(OCC)OCC)c(=O)n(CC(O)CP2(=O)Oc3ccc(B(O)O)cc3-c3ccccc32)c1=O)(OCC)OCC,,NC1=CC=C(CC2=CC=C(N)C=C2)C=C1,3.42,0.10593033848763055,0.2395180233738363,0.0,0.03697678116253185,0.19210689525173316,2.261089946406664,0.0,0.3490669593852909,1.8135210176276877,1,1,0,1,1,1,0,0,0,0,0,160.0,3.2,,24.8,,3.2,,,3.0,35.0,,1184.0,,,87.2,,,159.0,,,17.0,,,62.6,,,97.55,,,,,Virtual screening scenario,,,,,,,,,,,,,,,,,,,,,,,,,,,,,,,
FORM_000980,CAND_R2_344,TDA-boronic-acid,designed,P-N-Si-B,B,True,True,True,True,True,Candidate,,TDA-boronic-acid,,DDM,DOPO-based (additive),0,1,P-N-Si-B,100.00%,0.00%,CCO[Si](CCCNCC(O)Cn1c(=O)n(CC(O)CNCCC[Si](OCC)(OCC)OCC)c(=O)n(CC(O)CP2(=O)Oc3ccc(B(O)O)cc3-c3ccccc32)c1=O)(OCC)OCC,,NC1=CC=C(CC2=CC=C(N)C=C2)C=C1,7.0,0.21681648228462394,0.4902415683090217,0.0,0.07568347021570848,0.39320124759126673,2.261089946406664,0.0,0.349066959385291,1.8135210176276877,1,1,0,1,1,1,0,0,0,0,0,160.0,3.2,,24.8,,3.2,,,3.0,35.0,,1184.0,,,87.2,,,159.0,,,17.0,,,62.6,,,97.55,,,,,Virtual screening scenario,,,,,,,,,,,,,,,,,,,,,,,,,,,,,,,
FORM_000981,CAND_R2_344,TDA-boronic-acid,designed,P-N-Si-B,B,True,True,True,True,True,Candidate,,TDA-boronic-acid,,DDM,DOPO-based (additive),0,1,P-N-Si-B,100.00%,0.00%,CCO[Si](CCCNCC(O)Cn1c(=O)n(CC(O)CNCCC[Si](OCC)(OCC)OCC)c(=O)n(CC(O)CP2(=O)Oc3ccc(B(O)O)cc3-c3ccccc32)c1=O)(OCC)OCC,,NC1=CC=C(CC2=CC=C(N)C=C2)C=C1,10.0,0.30973783183517706,0.7003450975843166,0.0,0.10811924316529781,0.5617160679875239,2.2610899464066634,0.0,0.34906695938529086,1.813521017627688,1,1,0,1,1,1,0,0,0,0,0,160.0,3.2,,24.8,,3.2,,,3.0,35.0,,1184.0,,,87.2,,,159.0,,,17.0,,,62.6,,,97.55,,,,,Virtual screening scenario,,,,,,,,,,,,,,,,,,,,,,,,,,,,,,,
FORM_000982,CAND_R2_345,TDA-pinacol-boronate,designed,P-N-Si-B,B,True,True,True,True,True,Candidate,,TDA-pinacol-boronate,,DDM,DOPO-based (additive),0,1,P-N-Si-B,100.00%,0.00%,CCO[Si](CCCNCC(O)Cn1c(=O)n(CC(O)CNCCC[Si](OCC)(OCC)OCC)c(=O)n(CC(O)CP2(=O)Oc3ccc(B4OC(C)(C)C(C)(C)O4)cc3-c3ccccc32)c1=O)(OCC)OCC,,NC1=CC=C(CC2=CC=C(N)C=C2)C=C1,3.42,0.0978891894214589,0.22133626206275822,0.0,0.03416988170803944,0.1775241024143536,2.2610899464066634,0.0,0.34906695938529086,1.8135210176276875,1,1,0,1,1,1,0,0,0,0,0,160.0,3.2,,24.8,,3.2,,,3.0,35.0,,1184.0,,,87.2,,,159.0,,,17.0,,,62.6,,,97.55,,,,,Virtual screening scenario,,,,,,,,,,,,,,,,,,,,,,,,,,,,,,,
FORM_000983,CAND_R2_345,TDA-pinacol-boronate,designed,P-N-Si-B,B,True,True,True,True,True,Candidate,,TDA-pinacol-boronate,,DDM,DOPO-based (additive),0,1,P-N-Si-B,100.00%,0.00%,CCO[Si](CCCNCC(O)Cn1c(=O)n(CC(O)CNCCC[Si](OCC)(OCC)OCC)c(=O)n(CC(O)CP2(=O)Oc3ccc(B4OC(C)(C)C(C)(C)O4)cc3-c3ccccc32)c1=O)(OCC)OCC,,NC1=CC=C(CC2=CC=C(N)C=C2)C=C1,7.0,0.2003579900439217,0.45302743697055775,0.0,0.06993835437318013,0.363353425994291,2.2610899464066634,0.0,0.34906695938529086,1.8135210176276875,1,1,0,1,1,1,0,0,0,0,0,160.0,3.2,,24.8,,3.2,,,3.0,35.0,,1184.0,,,87.2,,,159.0,,,17.0,,,62.6,,,97.55,,,,,Virtual screening scenario,,,,,,,,,,,,,,,,,,,,,,,,,,,,,,,
FORM_000984,CAND_R2_345,TDA-pinacol-boronate,designed,P-N-Si-B,B,True,True,True,True,True,Candidate,,TDA-pinacol-boronate,,DDM,DOPO-based (additive),0,1,P-N-Si-B,100.00%,0.00%,CCO[Si](CCCNCC(O)Cn1c(=O)n(CC(O)CNCCC[Si](OCC)(OCC)OCC)c(=O)n(CC(O)CP2(=O)Oc3ccc(B4OC(C)(C)C(C)(C)O4)cc3-c3ccccc32)c1=O)(OCC)OCC,,NC1=CC=C(CC2=CC=C(N)C=C2)C=C1,10.0,0.2862257000627453,0.6471820528150826,0.0,0.09991193481882876,0.5190763228489871,2.261089946406664,0.0,0.3490669593852909,1.8135210176276875,1,1,0,1,1,1,0,0,0,0,0,160.0,3.2,,24.8,,3.2,,,3.0,35.0,,1184.0,,,87.2,,,159.0,,,17.0,,,62.6,,,97.55,,,,,Virtual screening scenario,,,,,,,,,,,,,,,,,,,,,,,,,,,,,,,
FORM_000985,CAND_R2_346,TDA-trimethoxysilyl,designed,P-N-Si,B,True,True,True,True,True,Candidate,,TDA-trimethoxysilyl,,DDS,DOPO-based (Additive + Secondary Crosslinking),3,1,P-N-Si,100.00%,0.00%,CCO[Si](CCCNCC(O)Cn1c(=O)n(CC(O)CNCCC[Si](OCC)(OCC)OCC)c(=O)n(CC(O)CP2(=O)Oc3ccc([Si](OC)(OC)OC)cc3-c3ccccc32)c1=O)(OCC)OCC,,NC1=CC=C(C=C1)S(=O)(=O)C1=CC=C(N)C=C1,3.5,0.1007173190606567,0.22773091755708308,0.0,0.0,0.2739794624334219,2.2610899464066634,0.0,0.0,2.720281526441531,1,1,0,0,1,1,1,0,0,0,0,250.0,4.0,,22.4,,3.0,,,4.0,35.0,,867.99,,,114.14500000000001,,,180.0,,,16.9,,,52.14,,,95.65,,,,,Virtual screening scenario,,,,,,,,,,,,,,,,,,,,,,,,,,,,,,,
FORM_000986,CAND_R2_346,TDA-trimethoxysilyl,designed,P-N-Si,B,True,True,True,True,True,Candidate,,TDA-trimethoxysilyl,,DDS,DOPO-based (Additive + Secondary Crosslinking),3,1,P-N-Si,100.00%,0.00%,CCO[Si](CCCNCC(O)Cn1c(=O)n(CC(O)CNCCC[Si](OCC)(OCC)OCC)c(=O)n(CC(O)CP2(=O)Oc3ccc([Si](OC)(OC)OC)cc3-c3ccccc32)c1=O)(OCC)OCC,,NC1=CC=C(C=C1)S(=O)(=O)C1=CC=C(N)C=C1,5.29,0.152227033665964,0.34419901539341985,0.0,0.0,0.4141003875065149,2.2610899464066634,0.0,0.0,2.720281526441531,1,1,0,0,1,1,1,0,0,0,0,250.0,4.0,,22.4,,3.0,,,4.0,35.0,,867.99,,,114.14500000000001,,,180.0,,,16.9,,,52.14,,,95.65,,,,,Virtual screening scenario,,,,,,,,,,,,,,,,,,,,,,,,,,,,,,,
FORM_000987,CAND_R2_346,TDA-trimethoxysilyl,designed,P-N-Si,B,True,True,True,True,True,Candidate,,TDA-trimethoxysilyl,,DDS,DOPO-based (Additive + Secondary Crosslinking),3,1,P-N-Si,100.00%,0.00%,CCO[Si](CCCNCC(O)Cn1c(=O)n(CC(O)CNCCC[Si](OCC)(OCC)OCC)c(=O)n(CC(O)CP2(=O)Oc3ccc([Si](OC)(OC)OC)cc3-c3ccccc32)c1=O)(OCC)OCC,,NC1=CC=C(C=C1)S(=O)(=O)C1=CC=C(N)C=C1,10.0,0.2877637687447334,0.6506597644488088,0.0,0.0,0.7827984640954913,2.2610899464066634,0.0,0.0,2.720281526441531,1,1,0,0,1,1,1,0,0,0,0,250.0,4.0,,22.4,,3.0,,,4.0,35.0,,867.99,,,114.14500000000001,,,180.0,,,16.9,,,52.14,,,95.65,,,,,Virtual screening scenario,,,,,,,,,,,,,,,,,,,,,,,,,,,,,,,
FORM_000988,CAND_R2_347,TDA-triethoxysilyl,designed,P-N-Si,B,True,True,True,True,True,Candidate,,TDA-triethoxysilyl,,DDS,DOPO-based (Additive + Secondary Crosslinking),3,1,P-N-Si,100.00%,0.00%,CCO[Si](CCCNCC(O)Cn1c(=O)n(CC(O)CNCCC[Si](OCC)(OCC)OCC)c(=O)n(CC(O)CP2(=O)Oc3ccc([Si](OCC)(OCC)OCC)cc3-c3ccccc32)c1=O)(OCC)OCC,,NC1=CC=C(C=C1)S(=O)(=O)C1=CC=C(N)C=C1,3.5,0.09692789127810812,0.2191626804953284,0.0,0.0,0.26367115204077074,2.2610899464066634,0.0,0.0,2.720281526441531,1,1,0,0,1,1,1,0,0,0,0,250.0,4.0,,22.4,,3.0,,,4.0,35.0,,867.99,,,114.14500000000001,,,180.0,,,16.9,,,52.14,,,95.65,,,,,Virtual screening scenario,,,,,,,,,,,,,,,,,,,,,,,,,,,,,,,
FORM_000989,CAND_R2_347,TDA-triethoxysilyl,designed,P-N-Si,B,True,True,True,True,True,Candidate,,TDA-triethoxysilyl,,DDS,DOPO-based (Additive + Secondary Crosslinking),3,1,P-N-Si,100.00%,0.00%,CCO[Si](CCCNCC(O)Cn1c(=O)n(CC(O)CNCCC[Si](OCC)(OCC)OCC)c(=O)n(CC(O)CP2(=O)Oc3ccc([Si](OCC)(OCC)OCC)cc3-c3ccccc32)c1=O)(OCC)OCC,,NC1=CC=C(C=C1)S(=O)(=O)C1=CC=C(N)C=C1,5.29,0.14649958424605486,0.3312487370915106,0.0,0.0,0.39852011265590775,2.261089946406663,0.0,0.0,2.7202815264415308,1,1,0,0,1,1,1,0,0,0,0,250.0,4.0,,22.4,,3.0,,,4.0,35.0,,867.99,,,114.14500000000001,,,180.0,,,16.9,,,52.14,,,95.65,,,,,Virtual screening scenario,,,,,,,,,,,,,,,,,,,,,,,,,,,,,,,
FORM_000990,CAND_R2_347,TDA-triethoxysilyl,designed,P-N-Si,B,True,True,True,True,True,Candidate,,TDA-triethoxysilyl,,DDS,DOPO-based (Additive + Secondary Crosslinking),3,1,P-N-Si,100.00%,0.00%,CCO[Si](CCCNCC(O)Cn1c(=O)n(CC(O)CNCCC[Si](OCC)(OCC)OCC)c(=O)n(CC(O)CP2(=O)Oc3ccc([Si](OCC)(OCC)OCC)cc3-c3ccccc32)c1=O)(OCC)OCC,,NC1=CC=C(C=C1)S(=O)(=O)C1=CC=C(N)C=C1,10.0,0.27693683222316606,0.6261790871295098,0.0,0.0,0.7533461486879163,2.261089946406664,0.0,0.0,2.7202815264415308,1,1,0,0,1,1,1,0,0,0,0,250.0,4.0,,22.4,,3.0,,,4.0,35.0,,867.99,,,114.14500000000001,,,180.0,,,16.9,,,52.14,,,95.65,,,,,Virtual screening scenario,,,,,,,,,,,,,,,,,,,,,,,,,,,,,,,
FORM_000991,CAND_R2_348,TDA-disiloxane,designed,P-N-Si,B,True,True,True,True,True,Candidate,,TDA-disiloxane,,DDM,DOPO-based (additive),0,1,P-N-Si,100.00%,0.00%,CCO[Si](CCCNCC(O)Cn1c(=O)n(CC(O)CNCCC[Si](OCC)(OCC)OCC)c(=O)n(CC(O)CP2(=O)Oc3ccc([Si](C)(C)O[Si](C)(C)C)cc3-c3ccccc32)c1=O)(OCC)OCC,,NC1=CC=C(CC2=CC=C(N)C=C2)C=C1,3.42,0.09608025925895693,0.21724610825857327,0.0,0.0,0.3484871390904713,2.261089946406664,0.0,0.0,3.627042035255376,1,1,0,0,1,1,0,0,0,0,0,160.0,3.2,,24.8,,3.2,,,3.0,35.0,,1184.0,,,87.2,,,159.0,,,17.0,,,62.6,,,97.55,,,,,Virtual screening scenario,,,,,,,,,,,,,,,,,,,,,,,,,,,,,,,
FORM_000992,CAND_R2_348,TDA-disiloxane,designed,P-N-Si,B,True,True,True,True,True,Candidate,,TDA-disiloxane,,DDM,DOPO-based (additive),0,1,P-N-Si,100.00%,0.00%,CCO[Si](CCCNCC(O)Cn1c(=O)n(CC(O)CNCCC[Si](OCC)(OCC)OCC)c(=O)n(CC(O)CP2(=O)Oc3ccc([Si](C)(C)O[Si](C)(C)C)cc3-c3ccccc32)c1=O)(OCC)OCC,,NC1=CC=C(CC2=CC=C(N)C=C2)C=C1,7.0,0.1966555014072218,0.44465577713743065,0.0,0.0,0.713277770068216,2.2610899464066634,0.0,0.0,3.627042035255375,1,1,0,0,1,1,0,0,0,0,0,160.0,3.2,,24.8,,3.2,,,3.0,35.0,,1184.0,,,87.2,,,159.0,,,17.0,,,62.6,,,97.55,,,,,Virtual screening scenario,,,,,,,,,,,,,,,,,,,,,,,,,,,,,,,
FORM_000993,CAND_R2_348,TDA-disiloxane,designed,P-N-Si,B,True,True,True,True,True,Candidate,,TDA-disiloxane,,DDM,DOPO-based (additive),0,1,P-N-Si,100.00%,0.00%,CCO[Si](CCCNCC(O)Cn1c(=O)n(CC(O)CNCCC[Si](OCC)(OCC)OCC)c(=O)n(CC(O)CP2(=O)Oc3ccc([Si](C)(C)O[Si](C)(C)C)cc3-c3ccccc32)c1=O)(OCC)OCC,,NC1=CC=C(CC2=CC=C(N)C=C2)C=C1,10.0,0.2809364305817454,0.635222538767758,0.0,0.0,1.0189682429545943,2.2610899464066634,0.0,0.0,3.6270420352553754,1,1,0,0,1,1,0,0,0,0,0,160.0,3.2,,24.8,,3.2,,,3.0,35.0,,1184.0,,,87.2,,,159.0,,,17.0,,,62.6,,,97.55,,,,,Virtual screening scenario,,,,,,,,,,,,,,,,,,,,,,,,,,,,,,,
FORM_000994,CAND_R2_349,TDA-glycidyloxy,designed,P-N-Si,B,True,True,True,True,True,Candidate,,TDA-glycidyloxy,,DDM,DOPO-based (Co-curing),2,1,P-N-Si,100.00%,0.00%,CCO[Si](CCCNCC(O)Cn1c(=O)n(CC(O)CNCCC[Si](OCC)(OCC)OCC)c(=O)n(CC(O)CP2(=O)Oc3ccc(OCC4CO4)cc3-c3ccccc32)c1=O)(OCC)OCC,,NC1=CC=C(CC2=CC=C(N)C=C2)C=C1,4.0,0.1204918638621661,0.2724429420025441,0.0,0.0,0.21851452756717227,2.2610899464066634,0.0,0.0,1.8135210176276877,1,1,0,0,1,1,0,0,0,0,0,170.0,3.0,,24.0,,3.0,,,3.0,35.0,,1208.0,,,88.0,,,164.3,,,16.5,,,58.7,,,101.3,,,,,Virtual screening scenario,,,,,,,,,,,,,,,,,,,,,,,,,,,,,,,
FORM_000995,CAND_R2_349,TDA-glycidyloxy,designed,P-N-Si,B,True,True,True,True,True,Candidate,,TDA-glycidyloxy,,DDM,DOPO-based (Co-curing),2,1,P-N-Si,100.00%,0.00%,CCO[Si](CCCNCC(O)Cn1c(=O)n(CC(O)CNCCC[Si](OCC)(OCC)OCC)c(=O)n(CC(O)CP2(=O)Oc3ccc(OCC4CO4)cc3-c3ccccc32)c1=O)(OCC)OCC,,NC1=CC=C(CC2=CC=C(N)C=C2)C=C1,6.78,0.20423370924637155,0.4617907866943123,0.0,0.0,0.370382124226357,2.2610899464066634,0.0,0.0,1.8135210176276877,1,1,0,0,1,1,0,0,0,0,0,170.0,3.0,,24.0,,3.0,,,3.0,35.0,,1208.0,,,88.0,,,164.3,,,16.5,,,58.7,,,101.3,,,,,Virtual screening scenario,,,,,,,,,,,,,,,,,,,,,,,,,,,,,,,
FORM_000996,CAND_R2_349,TDA-glycidyloxy,designed,P-N-Si,B,True,True,True,True,True,Candidate,,TDA-glycidyloxy,,DDM,DOPO-based (Co-curing),2,1,P-N-Si,100.00%,0.00%,CCO[Si](CCCNCC(O)Cn1c(=O)n(CC(O)CNCCC[Si](OCC)(OCC)OCC)c(=O)n(CC(O)CP2(=O)Oc3ccc(OCC4CO4)cc3-c3ccccc32)c1=O)(OCC)OCC,,NC1=CC=C(CC2=CC=C(N)C=C2)C=C1,10.19,0.3069530231888681,0.6940483947514811,0.0,0.0,0.5566657589773714,2.2610899464066634,0.0,0.0,1.8135210176276881,1,1,0,0,1,1,0,0,0,0,0,170.0,3.0,,24.0,,3.0,,,3.0,35.0,,1208.0,,,88.0,,,164.3,,,16.5,,,58.7,,,101.3,,,,,Virtual screening scenario,,,,,,,,,,,,,,,,,,,,,,,,,,,,,,,
FORM_000997,CAND_R2_350,TDA-diaminotriazine,designed,P-N-Si,B,True,True,True,True,True,Candidate,,TDA-diaminotriazine,,DDM,DOPO-based (Co-curing),2,1,P-N-Si,100.00%,0.00%,CCO[Si](CCCNCC(O)Cn1c(=O)n(CC(O)CNCCC[Si](OCC)(OCC)OCC)c(=O)n(CC(O)CP2(=O)Oc3ccc(-c4nc(N)nc(N)n4)cc3-c3ccccc32)c1=O)(OCC)OCC,,NC1=CC=C(CC2=CC=C(N)C=C2)C=C1,4.0,0.11630358562670322,0.5259457363831703,0.0,0.0,0.2109189969594877,4.522179892813327,0.0,0.0,1.8135210176276875,1,1,0,0,1,1,0,0,0,0,0,170.0,3.0,,24.0,,3.0,,,3.0,35.0,,1208.0,,,88.0,,,164.3,,,16.5,,,58.7,,,101.3,,,,,Virtual screening scenario,,,,,,,,,,,,,,,,,,,,,,,,,,,,,,,
FORM_000998,CAND_R2_350,TDA-diaminotriazine,designed,P-N-Si,B,True,True,True,True,True,Candidate,,TDA-diaminotriazine,,DDM,DOPO-based (Co-curing),2,1,P-N-Si,100.00%,0.00%,CCO[Si](CCCNCC(O)Cn1c(=O)n(CC(O)CNCCC[Si](OCC)(OCC)OCC)c(=O)n(CC(O)CP2(=O)Oc3ccc(-c4nc(N)nc(N)n4)cc3-c3ccccc32)c1=O)(OCC)OCC,,NC1=CC=C(CC2=CC=C(N)C=C2)C=C1,6.78,0.19713457763726197,0.8914780231694738,0.0,0.0,0.35750769984633174,4.522179892813327,0.0,0.0,1.8135210176276877,1,1,0,0,1,1,0,0,0,0,0,170.0,3.0,,24.0,,3.0,,,3.0,35.0,,1208.0,,,88.0,,,164.3,,,16.5,,,58.7,,,101.3,,,,,Virtual screening scenario,,,,,,,,,,,,,,,,,,,,,,,,,,,,,,,
FORM_000999,CAND_R2_350,TDA-diaminotriazine,designed,P-N-Si,B,True,True,True,True,True,Candidate,,TDA-diaminotriazine,,DDM,DOPO-based (Co-curing),2,1,P-N-Si,100.00%,0.00%,CCO[Si](CCCNCC(O)Cn1c(=O)n(CC(O)CNCCC[Si](OCC)(OCC)OCC)c(=O)n(CC(O)CP2(=O)Oc3ccc(-c4nc(N)nc(N)n4)cc3-c3ccccc32)c1=O)(OCC)OCC,,NC1=CC=C(CC2=CC=C(N)C=C2)C=C1,10.19,0.29628338438402646,1.3398467634361264,0.0,0.0,0.5373161447542949,4.522179892813327,0.0,0.0,1.8135210176276872,1,1,0,0,1,1,0,0,0,0,0,170.0,3.0,,24.0,,3.0,,,3.0,35.0,,1208.0,,,88.0,,,164.3,,,16.5,,,58.7,,,101.3,,,,,Virtual screening scenario,,,,,,,,,,,,,,,,,,,,,,,,,,,,,,,
FORM_001000,CAND_R2_351,TDA-piperazine,designed,P-N-Si,B,True,True,True,True,True,Candidate,,TDA-piperazine,,DDM,DOPO-based (Co-curing),2,1,P-N-Si,100.00%,0.00%,CCO[Si](CCCNCC(O)Cn1c(=O)n(CC(O)CNCCC[Si](OCC)(OCC)OCC)c(=O)n(CC(O)CP2(=O)Oc3ccc(N4CCNCC4)cc3-c3ccccc32)c1=O)(OCC)OCC,,NC1=CC=C(CC2=CC=C(N)C=C2)C=C1,4.0,0.11909515519878194,0.37699880131999,0.0,0.0,0.2159815670506224,3.165525924969329,0.0,0.0,1.8135210176276875,1,1,0,0,1,1,0,0,0,0,0,170.0,3.0,,24.0,,3.0,,,3.0,35.0,,1208.0,,,88.0,,,164.3,,,16.5,,,58.7,,,101.3,,,,,Virtual screening scenario,,,,,,,,,,,,,,,,,,,,,,,,,,,,,,,
FORM_001001,CAND_R2_351,TDA-piperazine,designed,P-N-Si,B,True,True,True,True,True,Candidate,,TDA-piperazine,,DDM,DOPO-based (Co-curing),2,1,P-N-Si,100.00%,0.00%,CCO[Si](CCCNCC(O)Cn1c(=O)n(CC(O)CNCCC[Si](OCC)(OCC)OCC)c(=O)n(CC(O)CP2(=O)Oc3ccc(N4CCNCC4)cc3-c3ccccc32)c1=O)(OCC)OCC,,NC1=CC=C(CC2=CC=C(N)C=C2)C=C1,6.78,0.2018662880619354,0.639012968237383,0.0,0.0,0.366088756150805,3.1655259249693284,0.0,0.0,1.8135210176276875,1,1,0,0,1,1,0,0,0,0,0,170.0,3.0,,24.0,,3.0,,,3.0,35.0,,1208.0,,,88.0,,,164.3,,,16.5,,,58.7,,,101.3,,,,,Virtual screening scenario,,,,,,,,,,,,,,,,,,,,,,,,,,,,,,,
FORM_001002,CAND_R2_351,TDA-piperazine,designed,P-N-Si,B,True,True,True,True,True,Candidate,,TDA-piperazine,,DDM,DOPO-based (Co-curing),2,1,P-N-Si,100.00%,0.00%,CCO[Si](CCCNCC(O)Cn1c(=O)n(CC(O)CNCCC[Si](OCC)(OCC)OCC)c(=O)n(CC(O)CP2(=O)Oc3ccc(N4CCNCC4)cc3-c3ccccc32)c1=O)(OCC)OCC,,NC1=CC=C(CC2=CC=C(N)C=C2)C=C1,10.19,0.303394907868897,0.9604044463626744,0.0,0.0,0.5502130420614606,3.1655259249693284,0.0,0.0,1.8135210176276875,1,1,0,0,1,1,0,0,0,0,0,170.0,3.0,,24.0,,3.0,,,3.0,35.0,,1208.0,,,88.0,,,164.3,,,16.5,,,58.7,,,101.3,,,,,Virtual screening scenario,,,,,,,,,,,,,,,,,,,,,,,,,,,,,,,
FORM_001003,CAND_R2_352,TDA-benzamide-linker,designed,P-N-Si,B,True,True,True,True,True,Candidate,,TDA-benzamide-linker,,DDM,DOPO-based (additive),0,1,P-N-Si,100.00%,0.00%,CCO[Si](CCCNCC(O)Cn1c(=O)n(CC(O)CNCCC[Si](OCC)(OCC)OCC)c(=O)n(CC(O)CP2(=O)Oc3ccc(NC(=O)c4ccccc4)cc3-c3ccccc32)c1=O)(OCC)OCC,,NC1=CC=C(CC2=CC=C(N)C=C2)C=C1,3.42,0.09851194816016187,0.26729325070305177,0.0,0.0,0.17865348847590276,2.7133079356879968,0.0,0.0,1.8135210176276875,1,1,0,0,1,1,0,0,0,0,0,160.0,3.2,,24.8,,3.2,,,3.0,35.0,,1184.0,,,87.2,,,159.0,,,17.0,,,62.6,,,97.55,,,,,Virtual screening scenario,,,,,,,,,,,,,,,,,,,,,,,,,,,,,,,
FORM_001004,CAND_R2_352,TDA-benzamide-linker,designed,P-N-Si,B,True,True,True,True,True,Candidate,,TDA-benzamide-linker,,DDM,DOPO-based (additive),0,1,P-N-Si,100.00%,0.00%,CCO[Si](CCCNCC(O)Cn1c(=O)n(CC(O)CNCCC[Si](OCC)(OCC)OCC)c(=O)n(CC(O)CP2(=O)Oc3ccc(NC(=O)c4ccccc4)cc3-c3ccccc32)c1=O)(OCC)OCC,,NC1=CC=C(CC2=CC=C(N)C=C2)C=C1,7.0,0.20163264243307985,0.5470914488074159,0.0,0.0,0.3656650348921987,2.7133079356879968,0.0,0.0,1.813521017627688,1,1,0,0,1,1,0,0,0,0,0,160.0,3.2,,24.8,,3.2,,,3.0,35.0,,1184.0,,,87.2,,,159.0,,,17.0,,,62.6,,,97.55,,,,,Virtual screening scenario,,,,,,,,,,,,,,,,,,,,,,,,,,,,,,,
FORM_001005,CAND_R2_352,TDA-benzamide-linker,designed,P-N-Si,B,True,True,True,True,True,Candidate,,TDA-benzamide-linker,,DDM,DOPO-based (additive),0,1,P-N-Si,100.00%,0.00%,CCO[Si](CCCNCC(O)Cn1c(=O)n(CC(O)CNCCC[Si](OCC)(OCC)OCC)c(=O)n(CC(O)CP2(=O)Oc3ccc(NC(=O)c4ccccc4)cc3-c3ccccc32)c1=O)(OCC)OCC,,NC1=CC=C(CC2=CC=C(N)C=C2)C=C1,10.0,0.28804663204725695,0.7815592125820227,0.0,0.0,0.5223786212745695,2.7133079356879968,0.0,0.0,1.8135210176276875,1,1,0,0,1,1,0,0,0,0,0,160.0,3.2,,24.8,,3.2,,,3.0,35.0,,1184.0,,,87.2,,,159.0,,,17.0,,,62.6,,,97.55,,,,,Virtual screening scenario,,,,,,,,,,,,,,,,,,,,,,,,,,,,,,,
FORM_001006,CAND_R2_353,TDA-phenyl,designed,P-N-Si,B,True,True,True,True,True,Candidate,,TDA-phenyl,,DDM,DOPO-based (additive),0,1,P-N-Si,100.00%,0.00%,CCO[Si](CCCNCC(O)Cn1c(=O)n(CC(O)CNCCC[Si](OCC)(OCC)OCC)c(=O)n(CC(O)CP2(=O)Oc3ccc(-c4ccccc4)cc3-c3ccccc32)c1=O)(OCC)OCC,,NC1=CC=C(CC2=CC=C(N)C=C2)C=C1,3.42,0.10261785724318914,0.23202820533436921,0.0,0.0,0.18609964089444117,2.261089946406664,0.0,0.0,1.813521017627688,1,1,0,0,1,1,0,0,0,0,0,160.0,3.2,,24.8,,3.2,,,3.0,35.0,,1184.0,,,87.2,,,159.0,,,17.0,,,62.6,,,97.55,,,,,Virtual screening scenario,,,,,,,,,,,,,,,,,,,,,,,,,,,,,,,
FORM_001007,CAND_R2_353,TDA-phenyl,designed,P-N-Si,B,True,True,True,True,True,Candidate,,TDA-phenyl,,DDM,DOPO-based (additive),0,1,P-N-Si,100.00%,0.00%,CCO[Si](CCCNCC(O)Cn1c(=O)n(CC(O)CNCCC[Si](OCC)(OCC)OCC)c(=O)n(CC(O)CP2(=O)Oc3ccc(-c4ccccc4)cc3-c3ccccc32)c1=O)(OCC)OCC,,NC1=CC=C(CC2=CC=C(N)C=C2)C=C1,7.0,0.21003654991296025,0.47491153138613584,0.0,0.0,0.38090569773716026,2.261089946406664,0.0,0.0,1.8135210176276875,1,1,0,0,1,1,0,0,0,0,0,160.0,3.2,,24.8,,3.2,,,3.0,35.0,,1184.0,,,87.2,,,159.0,,,17.0,,,62.6,,,97.55,,,,,Virtual screening scenario,,,,,,,,,,,,,,,,,,,,,,,,,,,,,,,
FORM_001008,CAND_R2_353,TDA-phenyl,designed,P-N-Si,B,True,True,True,True,True,Candidate,,TDA-phenyl,,DDM,DOPO-based (additive),0,1,P-N-Si,100.00%,0.00%,CCO[Si](CCCNCC(O)Cn1c(=O)n(CC(O)CNCCC[Si](OCC)(OCC)OCC)c(=O)n(CC(O)CP2(=O)Oc3ccc(-c4ccccc4)cc3-c3ccccc32)c1=O)(OCC)OCC,,NC1=CC=C(CC2=CC=C(N)C=C2)C=C1,10.0,0.3000522141613718,0.6784450448373369,0.0,0.0,0.5441509967673718,2.261089946406664,0.0,0.0,1.8135210176276875,1,1,0,0,1,1,0,0,0,0,0,160.0,3.2,,24.8,,3.2,,,3.0,35.0,,1184.0,,,87.2,,,159.0,,,17.0,,,62.6,,,97.55,,,,,Virtual screening scenario,,,,,,,,,,,,,,,,,,,,,,,,,,,,,,,
FORM_001009,CAND_R2_354,TDA-biphenyl,designed,P-N-Si,B,True,True,True,True,True,Candidate,,TDA-biphenyl,,DDM,DOPO-based (additive),0,1,P-N-Si,100.00%,0.00%,CCO[Si](CCCNCC(O)Cn1c(=O)n(CC(O)CNCCC[Si](OCC)(OCC)OCC)c(=O)n(CC(O)CP2(=O)Oc3ccc(-c4ccc(-c5ccccc5)cc4)cc3-c3ccccc32)c1=O)(OCC)OCC,,NC1=CC=C(CC2=CC=C(N)C=C2)C=C1,3.42,0.09557245902822574,0.21609792626208402,0.0,0.0,0.17332266315404843,2.261089946406664,0.0,0.0,1.8135210176276877,1,1,0,0,1,1,0,0,0,0,0,160.0,3.2,,24.8,,3.2,,,3.0,35.0,,1184.0,,,87.2,,,159.0,,,17.0,,,62.6,,,97.55,,,,,Virtual screening scenario,,,,,,,,,,,,,,,,,,,,,,,,,,,,,,,
FORM_001010,CAND_R2_354,TDA-biphenyl,designed,P-N-Si,B,True,True,True,True,True,Candidate,,TDA-biphenyl,,DDM,DOPO-based (additive),0,1,P-N-Si,100.00%,0.00%,CCO[Si](CCCNCC(O)Cn1c(=O)n(CC(O)CNCCC[Si](OCC)(OCC)OCC)c(=O)n(CC(O)CP2(=O)Oc3ccc(-c4ccc(-c5ccccc5)cc4)cc3-c3ccccc32)c1=O)(OCC)OCC,,NC1=CC=C(CC2=CC=C(N)C=C2)C=C1,7.0,0.1956161442098188,0.44230569702765743,0.0,0.0,0.3547539889117951,2.261089946406664,0.0,0.0,1.8135210176276877,1,1,0,0,1,1,0,0,0,0,0,160.0,3.2,,24.8,,3.2,,,3.0,35.0,,1184.0,,,87.2,,,159.0,,,17.0,,,62.6,,,97.55,,,,,Virtual screening scenario,,,,,,,,,,,,,,,,,,,,,,,,,,,,,,,
FORM_001011,CAND_R2_354,TDA-biphenyl,designed,P-N-Si,B,True,True,True,True,True,Candidate,,TDA-biphenyl,,DDM,DOPO-based (additive),0,1,P-N-Si,100.00%,0.00%,CCO[Si](CCCNCC(O)Cn1c(=O)n(CC(O)CNCCC[Si](OCC)(OCC)OCC)c(=O)n(CC(O)CP2(=O)Oc3ccc(-c4ccc(-c5ccccc5)cc4)cc3-c3ccccc32)c1=O)(OCC)OCC,,NC1=CC=C(CC2=CC=C(N)C=C2)C=C1,10.0,0.2794516345854554,0.631865281468082,0.0,0.0,0.5067914127311358,2.261089946406664,0.0,0.0,1.8135210176276877,1,1,0,0,1,1,0,0,0,0,0,160.0,3.2,,24.8,,3.2,,,3.0,35.0,,1184.0,,,87.2,,,159.0,,,17.0,,,62.6,,,97.55,,,,,Virtual screening scenario,,,,,,,,,,,,,,,,,,,,,,,,,,,,,,,
FORM_001012,CAND_R2_355,TDA-OH-glycidyl,designed,P-N-Si,B,True,True,True,True,True,Candidate,,TDA-OH-glycidyl,,DDM,DOPO-based (Co-curing),2,1,P-N-Si,100.00%,0.00%,CCO[Si](CCCNCC(O)Cn1c(=O)n(CC(O)CP2(=O)Oc3ccccc3-c3ccccc32)c(=O)n(CC(CNCCC[Si](OCC)(OCC)OCC)OCC2CO2)c1=O)(OCC)OCC,,NC1=CC=C(CC2=CC=C(N)C=C2)C=C1,4.0,0.12239627840075562,0.2767489945695396,0.0,0.0,0.2219682233591801,2.261089946406664,0.0,0.0,1.8135210176276877,1,1,0,0,1,1,0,0,0,0,0,170.0,3.0,,24.0,,3.0,,,3.0,35.0,,1208.0,,,88.0,,,164.3,,,16.5,,,58.7,,,101.3,,,,,Virtual screening scenario,,,,,,,,,,,,,,,,,,,,,,,,,,,,,,,
FORM_001013,CAND_R2_355,TDA-OH-glycidyl,designed,P-N-Si,B,True,True,True,True,True,Candidate,,TDA-OH-glycidyl,,DDM,DOPO-based (Co-curing),2,1,P-N-Si,100.00%,0.00%,CCO[Si](CCCNCC(O)Cn1c(=O)n(CC(O)CP2(=O)Oc3ccccc3-c3ccccc32)c(=O)n(CC(CNCCC[Si](OCC)(OCC)OCC)OCC2CO2)c1=O)(OCC)OCC,,NC1=CC=C(CC2=CC=C(N)C=C2)C=C1,6.78,0.2074616918892808,0.46908954579536966,0.0,0.0,0.37623613859381033,2.2610899464066634,0.0,0.0,1.813521017627688,1,1,0,0,1,1,0,0,0,0,0,170.0,3.0,,24.0,,3.0,,,3.0,35.0,,1208.0,,,88.0,,,164.3,,,16.5,,,58.7,,,101.3,,,,,Virtual screening scenario,,,,,,,,,,,,,,,,,,,,,,,,,,,,,,,
FORM_001014,CAND_R2_355,TDA-OH-glycidyl,designed,P-N-Si,B,True,True,True,True,True,Candidate,,TDA-OH-glycidyl,,DDM,DOPO-based (Co-curing),2,1,P-N-Si,100.00%,0.00%,CCO[Si](CCCNCC(O)Cn1c(=O)n(CC(O)CP2(=O)Oc3ccccc3-c3ccccc32)c(=O)n(CC(CNCCC[Si](OCC)(OCC)OCC)OCC2CO2)c1=O)(OCC)OCC,,NC1=CC=C(CC2=CC=C(N)C=C2)C=C1,10.19,0.31180451922592495,0.7050180636659021,0.0,0.0,0.5654640490075112,2.2610899464066634,0.0,0.0,1.8135210176276875,1,1,0,0,1,1,0,0,0,0,0,170.0,3.0,,24.0,,3.0,,,3.0,35.0,,1208.0,,,88.0,,,164.3,,,16.5,,,58.7,,,101.3,,,,,Virtual screening scenario,,,,,,,,,,,,,,,,,,,,,,,,,,,,,,,
FORM_001015,CAND_R2_356,TDA-OH-glycidyl-2,designed,P-N-Si,B,True,True,True,True,True,Candidate,,TDA-OH-glycidyl-2,,DDM,DOPO-based (Co-curing),2,1,P-N-Si,100.00%,0.00%,CCO[Si](CCCNCC(O)Cn1c(=O)n(CC(O)CNCCC[Si](OCC)(OCC)OCC)c(=O)n(CC(CP2(=O)Oc3ccccc3-c3ccccc32)OCC2CO2)c1=O)(OCC)OCC,,NC1=CC=C(CC2=CC=C(N)C=C2)C=C1,4.0,0.12239627840075555,0.2767489945695394,0.0,0.0,0.22196822335917996,2.261089946406663,0.0,0.0,1.8135210176276875,1,1,0,0,1,1,0,0,0,0,0,170.0,3.0,,24.0,,3.0,,,3.0,35.0,,1208.0,,,88.0,,,164.3,,,16.5,,,58.7,,,101.3,,,,,Virtual screening scenario,,,,,,,,,,,,,,,,,,,,,,,,,,,,,,,
FORM_001016,CAND_R2_356,TDA-OH-glycidyl-2,designed,P-N-Si,B,True,True,True,True,True,Candidate,,TDA-OH-glycidyl-2,,DDM,DOPO-based (Co-curing),2,1,P-N-Si,100.00%,0.00%,CCO[Si](CCCNCC(O)Cn1c(=O)n(CC(O)CNCCC[Si](OCC)(OCC)OCC)c(=O)n(CC(CP2(=O)Oc3ccccc3-c3ccccc32)OCC2CO2)c1=O)(OCC)OCC,,NC1=CC=C(CC2=CC=C(N)C=C2)C=C1,6.78,0.20746169188928065,0.4690895457953693,0.0,0.0,0.37623613859381,2.2610899464066634,0.0,0.0,1.8135210176276875,1,1,0,0,1,1,0,0,0,0,0,170.0,3.0,,24.0,,3.0,,,3.0,35.0,,1208.0,,,88.0,,,164.3,,,16.5,,,58.7,,,101.3,,,,,Virtual screening scenario,,,,,,,,,,,,,,,,,,,,,,,,,,,,,,,
FORM_001017,CAND_R2_356,TDA-OH-glycidyl-2,designed,P-N-Si,B,True,True,True,True,True,Candidate,,TDA-OH-glycidyl-2,,DDM,DOPO-based (Co-curing),2,1,P-N-Si,100.00%,0.00%,CCO[Si](CCCNCC(O)Cn1c(=O)n(CC(O)CNCCC[Si](OCC)(OCC)OCC)c(=O)n(CC(CP2(=O)Oc3ccccc3-c3ccccc32)OCC2CO2)c1=O)(OCC)OCC,,NC1=CC=C(CC2=CC=C(N)C=C2)C=C1,10.19,0.3118045192259247,0.7050180636659016,0.0,0.0,0.5654640490075109,2.2610899464066634,0.0,0.0,1.8135210176276877,1,1,0,0,1,1,0,0,0,0,0,170.0,3.0,,24.0,,3.0,,,3.0,35.0,,1208.0,,,88.0,,,164.3,,,16.5,,,58.7,,,101.3,,,,,Virtual screening scenario,,,,,,,,,,,,,,,,,,,,,,,,,,,,,,,
FORM_001018,CAND_R2_357,TDA-OH-glycidyl-all,designed,P-N-Si,B,True,True,True,True,True,Candidate,,TDA-OH-glycidyl-all,,DDM,DOPO-based (Co-curing),2,1,P-N-Si,100.00%,0.00%,CCO[Si](CCCNCC(Cn1c(=O)n(CC(CNCCC[Si](OCC)(OCC)OCC)OCC2CO2)c(=O)n(CC(CP2(=O)Oc3ccccc3-c3ccccc32)OCC2CO2)c1=O)OCC1CO1)(OCC)OCC,,NC1=CC=C(CC2=CC=C(N)C=C2)C=C1,4.0,0.11019040698837852,0.2491504214318812,0.0,0.0,0.19983261901437327,2.2610899464066634,0.0,0.0,1.8135210176276875,1,1,0,0,1,1,0,0,0,0,0,170.0,3.0,,24.0,,3.0,,,3.0,35.0,,1208.0,,,88.0,,,164.3,,,16.5,,,58.7,,,101.3,,,,,Virtual screening scenario,,,,,,,,,,,,,,,,,,,,,,,,,,,,,,,
FORM_001019,CAND_R2_357,TDA-OH-glycidyl-all,designed,P-N-Si,B,True,True,True,True,True,Candidate,,TDA-OH-glycidyl-all,,DDM,DOPO-based (Co-curing),2,1,P-N-Si,100.00%,0.00%,CCO[Si](CCCNCC(Cn1c(=O)n(CC(CNCCC[Si](OCC)(OCC)OCC)OCC2CO2)c(=O)n(CC(CP2(=O)Oc3ccccc3-c3ccccc32)OCC2CO2)c1=O)OCC1CO1)(OCC)OCC,,NC1=CC=C(CC2=CC=C(N)C=C2)C=C1,6.78,0.1867727398453016,0.4223099643270387,0.0,0.0,0.3387162892293627,2.2610899464066634,0.0,0.0,1.8135210176276875,1,1,0,0,1,1,0,0,0,0,0,170.0,3.0,,24.0,,3.0,,,3.0,35.0,,1208.0,,,88.0,,,164.3,,,16.5,,,58.7,,,101.3,,,,,Virtual screening scenario,,,,,,,,,,,,,,,,,,,,,,,,,,,,,,,
FORM_001020,CAND_R2_357,TDA-OH-glycidyl-all,designed,P-N-Si,B,True,True,True,True,True,Candidate,,TDA-OH-glycidyl-all,,DDM,DOPO-based (Co-curing),2,1,P-N-Si,100.00%,0.00%,CCO[Si](CCCNCC(Cn1c(=O)n(CC(CNCCC[Si](OCC)(OCC)OCC)OCC2CO2)c(=O)n(CC(CP2(=O)Oc3ccccc3-c3ccccc32)OCC2CO2)c1=O)OCC1CO1)(OCC)OCC,,NC1=CC=C(CC2=CC=C(N)C=C2)C=C1,10.19,0.28071006180289426,0.6347106985977173,0.0,0.0,0.5090735969391159,2.2610899464066634,0.0,0.0,1.8135210176276877,1,1,0,0,1,1,0,0,0,0,0,170.0,3.0,,24.0,,3.0,,,3.0,35.0,,1208.0,,,88.0,,,164.3,,,16.5,,,58.7,,,101.3,,,,,Virtual screening scenario,,,,,,,,,,,,,,,,,,,,,,,,,,,,,,,
FORM_001021,CAND_R2_358,TDA-OH-methyl,designed,P-N-Si,B,True,True,True,True,True,Candidate,,TDA-OH-methyl,,DDM,DOPO-based (additive),0,1,P-N-Si,100.00%,0.00%,CCO[Si](CCCNCC(O)Cn1c(=O)n(CC(O)CP2(=O)Oc3ccccc3-c3ccccc32)c(=O)n(CC(CNCCC[Si](OCC)(OCC)OCC)OC)c1=O)(OCC)OCC,,NC1=CC=C(CC2=CC=C(N)C=C2)C=C1,3.42,0.10918298605671321,0.24687255209149317,0.0,0.0,0.19800563998120016,2.2610899464066634,0.0,0.0,1.8135210176276875,1,1,0,0,1,1,0,0,0,0,0,160.0,3.2,,24.8,,3.2,,,3.0,35.0,,1184.0,,,87.2,,,159.0,,,17.0,,,62.6,,,97.55,,,,,Virtual screening scenario,,,,,,,,,,,,,,,,,,,,,,,,,,,,,,,
FORM_001022,CAND_R2_358,TDA-OH-methyl,designed,P-N-Si,B,True,True,True,True,True,Candidate,,TDA-OH-methyl,,DDM,DOPO-based (additive),0,1,P-N-Si,100.00%,0.00%,CCO[Si](CCCNCC(O)Cn1c(=O)n(CC(O)CP2(=O)Oc3ccccc3-c3ccccc32)c(=O)n(CC(CNCCC[Si](OCC)(OCC)OCC)OC)c1=O)(OCC)OCC,,NC1=CC=C(CC2=CC=C(N)C=C2)C=C1,7.0,0.22347394806929605,0.5052946972632901,0.0,0.0,0.4052747017159068,2.261089946406664,0.0,0.0,1.8135210176276877,1,1,0,0,1,1,0,0,0,0,0,160.0,3.2,,24.8,,3.2,,,3.0,35.0,,1184.0,,,87.2,,,159.0,,,17.0,,,62.6,,,97.55,,,,,Virtual screening scenario,,,,,,,,,,,,,,,,,,,,,,,,,,,,,,,
FORM_001023,CAND_R2_358,TDA-OH-methyl,designed,P-N-Si,B,True,True,True,True,True,Candidate,,TDA-OH-methyl,,DDM,DOPO-based (additive),0,1,P-N-Si,100.00%,0.00%,CCO[Si](CCCNCC(O)Cn1c(=O)n(CC(O)CP2(=O)Oc3ccccc3-c3ccccc32)c(=O)n(CC(CNCCC[Si](OCC)(OCC)OCC)OC)c1=O)(OCC)OCC,,NC1=CC=C(CC2=CC=C(N)C=C2)C=C1,10.0,0.3192484972418515,0.7218495675189858,0.0,0.0,0.5789638595941525,2.261089946406663,0.0,0.0,1.8135210176276875,1,1,0,0,1,1,0,0,0,0,0,160.0,3.2,,24.8,,3.2,,,3.0,35.0,,1184.0,,,87.2,,,159.0,,,17.0,,,62.6,,,97.55,,,,,Virtual screening scenario,,,,,,,,,,,,,,,,,,,,,,,,,,,,,,,
FORM_001024,CAND_R2_359,TDA-OH-methyl-2,designed,P-N-Si,B,True,True,True,True,True,Candidate,,TDA-OH-methyl-2,,DDM,DOPO-based (additive),0,1,P-N-Si,100.00%,0.00%,CCO[Si](CCCNCC(O)Cn1c(=O)n(CC(O)CNCCC[Si](OCC)(OCC)OCC)c(=O)n(CC(CP2(=O)Oc3ccccc3-c3ccccc32)OC)c1=O)(OCC)OCC,,NC1=CC=C(CC2=CC=C(N)C=C2)C=C1,3.42,0.10918298605671314,0.246872552091493,0.0,0.0,0.19800563998120002,2.2610899464066634,0.0,0.0,1.8135210176276875,1,1,0,0,1,1,0,0,0,0,0,160.0,3.2,,24.8,,3.2,,,3.0,35.0,,1184.0,,,87.2,,,159.0,,,17.0,,,62.6,,,97.55,,,,,Virtual screening scenario,,,,,,,,,,,,,,,,,,,,,,,,,,,,,,,
FORM_001025,CAND_R2_359,TDA-OH-methyl-2,designed,P-N-Si,B,True,True,True,True,True,Candidate,,TDA-OH-methyl-2,,DDM,DOPO-based (additive),0,1,P-N-Si,100.00%,0.00%,CCO[Si](CCCNCC(O)Cn1c(=O)n(CC(O)CNCCC[Si](OCC)(OCC)OCC)c(=O)n(CC(CP2(=O)Oc3ccccc3-c3ccccc32)OC)c1=O)(OCC)OCC,,NC1=CC=C(CC2=CC=C(N)C=C2)C=C1,7.0,0.22347394806929588,0.5052946972632898,0.0,0.0,0.4052747017159065,2.261089946406664,0.0,0.0,1.8135210176276877,1,1,0,0,1,1,0,0,0,0,0,160.0,3.2,,24.8,,3.2,,,3.0,35.0,,1184.0,,,87.2,,,159.0,,,17.0,,,62.6,,,97.55,,,,,Virtual screening scenario,,,,,,,,,,,,,,,,,,,,,,,,,,,,,,,
FORM_001026,CAND_R2_359,TDA-OH-methyl-2,designed,P-N-Si,B,True,True,True,True,True,Candidate,,TDA-OH-methyl-2,,DDM,DOPO-based (additive),0,1,P-N-Si,100.00%,0.00%,CCO[Si](CCCNCC(O)Cn1c(=O)n(CC(O)CNCCC[Si](OCC)(OCC)OCC)c(=O)n(CC(CP2(=O)Oc3ccccc3-c3ccccc32)OC)c1=O)(OCC)OCC,,NC1=CC=C(CC2=CC=C(N)C=C2)C=C1,10.0,0.3192484972418513,0.7218495675189854,0.0,0.0,0.5789638595941521,2.261089946406664,0.0,0.0,1.8135210176276875,1,1,0,0,1,1,0,0,0,0,0,160.0,3.2,,24.8,,3.2,,,3.0,35.0,,1184.0,,,87.2,,,159.0,,,17.0,,,62.6,,,97.55,,,,,Virtual screening scenario,,,,,,,,,,,,,,,,,,,,,,,,,,,,,,,
FORM_001027,CAND_R2_360,TDA-OH-methyl-all,designed,P-N-Si,B,True,True,True,True,True,Candidate,,TDA-OH-methyl-all,,DDM,DOPO-based (additive),0,1,P-N-Si,100.00%,0.00%,CCO[Si](CCCNCC(Cn1c(=O)n(CC(CNCCC[Si](OCC)(OCC)OCC)OC)c(=O)n(CC(CP2(=O)Oc3ccccc3-c3ccccc32)OC)c1=O)OC)(OCC)OCC,,NC1=CC=C(CC2=CC=C(N)C=C2)C=C1,3.42,0.10611465835896099,0.23993478718182457,0.0,0.0,0.19244116321235738,2.2610899464066643,0.0,0.0,1.8135210176276881,1,1,0,0,1,1,0,0,0,0,0,160.0,3.2,,24.8,,3.2,,,3.0,35.0,,1184.0,,,87.2,,,159.0,,,17.0,,,62.6,,,97.55,,,,,Virtual screening scenario,,,,,,,,,,,,,,,,,,,,,,,,,,,,,,,
FORM_001028,CAND_R2_360,TDA-OH-methyl-all,designed,P-N-Si,B,True,True,True,True,True,Candidate,,TDA-OH-methyl-all,,DDM,DOPO-based (additive),0,1,P-N-Si,100.00%,0.00%,CCO[Si](CCCNCC(Cn1c(=O)n(CC(CNCCC[Si](OCC)(OCC)OCC)OC)c(=O)n(CC(CP2(=O)Oc3ccccc3-c3ccccc32)OC)c1=O)OC)(OCC)OCC,,NC1=CC=C(CC2=CC=C(N)C=C2)C=C1,7.0,0.2171937451791599,0.4910945936470093,0.0,0.0,0.3938854217796788,2.261089946406664,0.0,0.0,1.813521017627688,1,1,0,0,1,1,0,0,0,0,0,160.0,3.2,,24.8,,3.2,,,3.0,35.0,,1184.0,,,87.2,,,159.0,,,17.0,,,62.6,,,97.55,,,,,Virtual screening scenario,,,,,,,,,,,,,,,,,,,,,,,,,,,,,,,
FORM_001029,CAND_R2_360,TDA-OH-methyl-all,designed,P-N-Si,B,True,True,True,True,True,Candidate,,TDA-OH-methyl-all,,DDM,DOPO-based (additive),0,1,P-N-Si,100.00%,0.00%,CCO[Si](CCCNCC(Cn1c(=O)n(CC(CNCCC[Si](OCC)(OCC)OCC)OC)c(=O)n(CC(CP2(=O)Oc3ccccc3-c3ccccc32)OC)c1=O)OC)(OCC)OCC,,NC1=CC=C(CC2=CC=C(N)C=C2)C=C1,10.0,0.3102767788273713,0.7015637052100133,0.0,0.0,0.5626934596852554,2.261089946406664,0.0,0.0,1.8135210176276877,1,1,0,0,1,1,0,0,0,0,0,160.0,3.2,,24.8,,3.2,,,3.0,35.0,,1184.0,,,87.2,,,159.0,,,17.0,,,62.6,,,97.55,,,,,Virtual screening scenario,,,,,,,,,,,,,,,,,,,,,,,,,,,,,,,
FORM_001030,CAND_R2_361,TDA-OH-acetyl,designed,P-N-Si,B,True,True,True,True,True,Candidate,,TDA-OH-acetyl,,DDM,DOPO-based (additive),0,1,P-N-Si,100.00%,0.00%,CCO[Si](CCCNCC(O)Cn1c(=O)n(CC(O)CP2(=O)Oc3ccccc3-c3ccccc32)c(=O)n(CC(CNCCC[Si](OCC)(OCC)OCC)OC(C)=O)c1=O)(OCC)OCC,,NC1=CC=C(CC2=CC=C(N)C=C2)C=C1,3.42,0.10611933570153459,0.2399453630740936,0.0,0.0,0.1924496456714212,2.2610899464066634,0.0,0.0,1.8135210176276875,1,1,0,0,1,1,0,0,0,0,0,160.0,3.2,,24.8,,3.2,,,3.0,35.0,,1184.0,,,87.2,,,159.0,,,17.0,,,62.6,,,97.55,,,,,Virtual screening scenario,,,,,,,,,,,,,,,,,,,,,,,,,,,,,,,
FORM_001031,CAND_R2_361,TDA-OH-acetyl,designed,P-N-Si,B,True,True,True,True,True,Candidate,,TDA-OH-acetyl,,DDM,DOPO-based (additive),0,1,P-N-Si,100.00%,0.00%,CCO[Si](CCCNCC(O)Cn1c(=O)n(CC(O)CP2(=O)Oc3ccccc3-c3ccccc32)c(=O)n(CC(CNCCC[Si](OCC)(OCC)OCC)OC(C)=O)c1=O)(OCC)OCC,,NC1=CC=C(CC2=CC=C(N)C=C2)C=C1,7.0,0.21720331868735152,0.49111624021013306,0.0,0.0,0.3939027835379967,2.2610899464066634,0.0,0.0,1.8135210176276877,1,1,0,0,1,1,0,0,0,0,0,160.0,3.2,,24.8,,3.2,,,3.0,35.0,,1184.0,,,87.2,,,159.0,,,17.0,,,62.6,,,97.55,,,,,Virtual screening scenario,,,,,,,,,,,,,,,,,,,,,,,,,,,,,,,
FORM_001032,CAND_R2_361,TDA-OH-acetyl,designed,P-N-Si,B,True,True,True,True,True,Candidate,,TDA-OH-acetyl,,DDM,DOPO-based (additive),0,1,P-N-Si,100.00%,0.00%,CCO[Si](CCCNCC(O)Cn1c(=O)n(CC(O)CP2(=O)Oc3ccccc3-c3ccccc32)c(=O)n(CC(CNCCC[Si](OCC)(OCC)OCC)OC(C)=O)c1=O)(OCC)OCC,,NC1=CC=C(CC2=CC=C(N)C=C2)C=C1,10.0,0.310290455267645,0.7015946288716186,0.0,0.0,0.562718262197138,2.2610899464066634,0.0,0.0,1.8135210176276877,1,1,0,0,1,1,0,0,0,0,0,160.0,3.2,,24.8,,3.2,,,3.0,35.0,,1184.0,,,87.2,,,159.0,,,17.0,,,62.6,,,97.55,,,,,Virtual screening scenario,,,,,,,,,,,,,,,,,,,,,,,,,,,,,,,
FORM_001033,CAND_R2_362,TDA-OH-acetyl-2,designed,P-N-Si,B,True,True,True,True,True,Candidate,,TDA-OH-acetyl-2,,DDM,DOPO-based (additive),0,1,P-N-Si,100.00%,0.00%,CCO[Si](CCCNCC(O)Cn1c(=O)n(CC(O)CNCCC[Si](OCC)(OCC)OCC)c(=O)n(CC(CP2(=O)Oc3ccccc3-c3ccccc32)OC(C)=O)c1=O)(OCC)OCC,,NC1=CC=C(CC2=CC=C(N)C=C2)C=C1,3.42,0.10611933570153452,0.23994536307409342,0.0,0.0,0.19244964567142106,2.2610899464066634,0.0,0.0,1.8135210176276875,1,1,0,0,1,1,0,0,0,0,0,160.0,3.2,,24.8,,3.2,,,3.0,35.0,,1184.0,,,87.2,,,159.0,,,17.0,,,62.6,,,97.55,,,,,Virtual screening scenario,,,,,,,,,,,,,,,,,,,,,,,,,,,,,,,
FORM_001034,CAND_R2_362,TDA-OH-acetyl-2,designed,P-N-Si,B,True,True,True,True,True,Candidate,,TDA-OH-acetyl-2,,DDM,DOPO-based (additive),0,1,P-N-Si,100.00%,0.00%,CCO[Si](CCCNCC(O)Cn1c(=O)n(CC(O)CNCCC[Si](OCC)(OCC)OCC)c(=O)n(CC(CP2(=O)Oc3ccccc3-c3ccccc32)OC(C)=O)c1=O)(OCC)OCC,,NC1=CC=C(CC2=CC=C(N)C=C2)C=C1,7.0,0.21720331868735132,0.4911162402101328,0.0,0.0,0.3939027835379963,2.2610899464066643,0.0,0.0,1.8135210176276875,1,1,0,0,1,1,0,0,0,0,0,160.0,3.2,,24.8,,3.2,,,3.0,35.0,,1184.0,,,87.2,,,159.0,,,17.0,,,62.6,,,97.55,,,,,Virtual screening scenario,,,,,,,,,,,,,,,,,,,,,,,,,,,,,,,
FORM_001035,CAND_R2_362,TDA-OH-acetyl-2,designed,P-N-Si,B,True,True,True,True,True,Candidate,,TDA-OH-acetyl-2,,DDM,DOPO-based (additive),0,1,P-N-Si,100.00%,0.00%,CCO[Si](CCCNCC(O)Cn1c(=O)n(CC(O)CNCCC[Si](OCC)(OCC)OCC)c(=O)n(CC(CP2(=O)Oc3ccccc3-c3ccccc32)OC(C)=O)c1=O)(OCC)OCC,,NC1=CC=C(CC2=CC=C(N)C=C2)C=C1,10.0,0.31029045526764476,0.7015946288716183,0.0,0.0,0.5627182621971376,2.261089946406664,0.0,0.0,1.8135210176276877,1,1,0,0,1,1,0,0,0,0,0,160.0,3.2,,24.8,,3.2,,,3.0,35.0,,1184.0,,,87.2,,,159.0,,,17.0,,,62.6,,,97.55,,,,,Virtual screening scenario,,,,,,,,,,,,,,,,,,,,,,,,,,,,,,,
FORM_001036,CAND_R2_363,TDA-OH-acetyl-all,designed,P-N-Si,B,True,True,True,True,True,Candidate,,TDA-OH-acetyl-all,,DDM,DOPO-based (additive),0,1,P-N-Si,100.00%,0.00%,CCO[Si](CCCNCC(Cn1c(=O)n(CC(CNCCC[Si](OCC)(OCC)OCC)OC(C)=O)c(=O)n(CC(CP2(=O)Oc3ccccc3-c3ccccc32)OC(C)=O)c1=O)OC(C)=O)(OCC)OCC,,NC1=CC=C(CC2=CC=C(N)C=C2)C=C1,3.42,0.09787589392959442,0.22130619975977087,0.0,0.0,0.17749999076041764,2.261089946406663,0.0,0.0,1.8135210176276872,1,1,0,0,1,1,0,0,0,0,0,160.0,3.2,,24.8,,3.2,,,3.0,35.0,,1184.0,,,87.2,,,159.0,,,17.0,,,62.6,,,97.55,,,,,Virtual screening scenario,,,,,,,,,,,,,,,,,,,,,,,,,,,,,,,
FORM_001037,CAND_R2_363,TDA-OH-acetyl-all,designed,P-N-Si,B,True,True,True,True,True,Candidate,,TDA-OH-acetyl-all,,DDM,DOPO-based (additive),0,1,P-N-Si,100.00%,0.00%,CCO[Si](CCCNCC(Cn1c(=O)n(CC(CNCCC[Si](OCC)(OCC)OCC)OC(C)=O)c(=O)n(CC(CP2(=O)Oc3ccccc3-c3ccccc32)OC(C)=O)c1=O)OC(C)=O)(OCC)OCC,,NC1=CC=C(CC2=CC=C(N)C=C2)C=C1,7.0,0.20033077704887745,0.45296590594105146,0.0,0.0,0.3633040746558256,2.261089946406663,0.0,0.0,1.8135210176276875,1,1,0,0,1,1,0,0,0,0,0,160.0,3.2,,24.8,,3.2,,,3.0,35.0,,1184.0,,,87.2,,,159.0,,,17.0,,,62.6,,,97.55,,,,,Virtual screening scenario,,,,,,,,,,,,,,,,,,,,,,,,,,,,,,,
FORM_001038,CAND_R2_363,TDA-OH-acetyl-all,designed,P-N-Si,B,True,True,True,True,True,Candidate,,TDA-OH-acetyl-all,,DDM,DOPO-based (additive),0,1,P-N-Si,100.00%,0.00%,CCO[Si](CCCNCC(Cn1c(=O)n(CC(CNCCC[Si](OCC)(OCC)OCC)OC(C)=O)c(=O)n(CC(CP2(=O)Oc3ccccc3-c3ccccc32)OC(C)=O)c1=O)OC(C)=O)(OCC)OCC,,NC1=CC=C(CC2=CC=C(N)C=C2)C=C1,10.0,0.2861868243555392,0.6470941513443593,0.0,0.0,0.5190058209368936,2.2610899464066634,0.0,0.0,1.813521017627687,1,1,0,0,1,1,0,0,0,0,0,160.0,3.2,,24.8,,3.2,,,3.0,35.0,,1184.0,,,87.2,,,159.0,,,17.0,,,62.6,,,97.55,,,,,Virtual screening scenario,,,,,,,,,,,,,,,,,,,,,,,,,,,,,,,
FORM_001039,CAND_R2_364,TDA-OH-allyl,designed,P-N-Si,B,True,True,True,True,True,Candidate,,TDA-OH-allyl,,DDM,DOPO-based (additive),0,1,P-N-Si,100.00%,0.00%,C=CCOC(CNCCC[Si](OCC)(OCC)OCC)Cn1c(=O)n(CC(O)CNCCC[Si](OCC)(OCC)OCC)c(=O)n(CC(O)CP2(=O)Oc3ccccc3-c3ccccc32)c1=O,,NC1=CC=C(CC2=CC=C(N)C=C2)C=C1,3.42,0.10632938989454496,0.2404203144981099,0.0,0.0,0.19283058336528633,2.261089946406664,0.0,0.0,1.8135210176276875,1,1,0,0,1,1,0,0,0,0,0,160.0,3.2,,24.8,,3.2,,,3.0,35.0,,1184.0,,,87.2,,,159.0,,,17.0,,,62.6,,,97.55,,,,,Virtual screening scenario,,,,,,,,,,,,,,,,,,,,,,,,,,,,,,,
FORM_001040,CAND_R2_364,TDA-OH-allyl,designed,P-N-Si,B,True,True,True,True,True,Candidate,,TDA-OH-allyl,,DDM,DOPO-based (additive),0,1,P-N-Si,100.00%,0.00%,C=CCOC(CNCCC[Si](OCC)(OCC)OCC)Cn1c(=O)n(CC(O)CNCCC[Si](OCC)(OCC)OCC)c(=O)n(CC(O)CP2(=O)Oc3ccccc3-c3ccccc32)c1=O,,NC1=CC=C(CC2=CC=C(N)C=C2)C=C1,7.0,0.2176332541701213,0.49208836300782727,0.0,0.0,0.39468248057222355,2.261089946406663,0.0,0.0,1.8135210176276875,1,1,0,0,1,1,0,0,0,0,0,160.0,3.2,,24.8,,3.2,,,3.0,35.0,,1184.0,,,87.2,,,159.0,,,17.0,,,62.6,,,97.55,,,,,Virtual screening scenario,,,,,,,,,,,,,,,,,,,,,,,,,,,,,,,
FORM_001041,CAND_R2_364,TDA-OH-allyl,designed,P-N-Si,B,True,True,True,True,True,Candidate,,TDA-OH-allyl,,DDM,DOPO-based (additive),0,1,P-N-Si,100.00%,0.00%,C=CCOC(CNCCC[Si](OCC)(OCC)OCC)Cn1c(=O)n(CC(O)CNCCC[Si](OCC)(OCC)OCC)c(=O)n(CC(O)CP2(=O)Oc3ccccc3-c3ccccc32)c1=O,,NC1=CC=C(CC2=CC=C(N)C=C2)C=C1,10.0,0.31090464881445895,0.7029833757254675,0.0,0.0,0.5638321151031764,2.2610899464066634,0.0,0.0,1.8135210176276877,1,1,0,0,1,1,0,0,0,0,0,160.0,3.2,,24.8,,3.2,,,3.0,35.0,,1184.0,,,87.2,,,159.0,,,17.0,,,62.6,,,97.55,,,,,Virtual screening scenario,,,,,,,,,,,,,,,,,,,,,,,,,,,,,,,
FORM_001042,CAND_R2_365,TDA-OH-allyl-2,designed,P-N-Si,B,True,True,True,True,True,Candidate,,TDA-OH-allyl-2,,DDM,DOPO-based (additive),0,1,P-N-Si,100.00%,0.00%,C=CCOC(Cn1c(=O)n(CC(O)CNCCC[Si](OCC)(OCC)OCC)c(=O)n(CC(O)CNCCC[Si](OCC)(OCC)OCC)c1=O)CP1(=O)Oc2ccccc2-c2ccccc21,,NC1=CC=C(CC2=CC=C(N)C=C2)C=C1,3.42,0.10632938989454498,0.24042031449810997,0.0,0.0,0.1928305833652864,2.261089946406664,0.0,0.0,1.813521017627688,1,1,0,0,1,1,0,0,0,0,0,160.0,3.2,,24.8,,3.2,,,3.0,35.0,,1184.0,,,87.2,,,159.0,,,17.0,,,62.6,,,97.55,,,,,Virtual screening scenario,,,,,,,,,,,,,,,,,,,,,,,,,,,,,,,
FORM_001043,CAND_R2_365,TDA-OH-allyl-2,designed,P-N-Si,B,True,True,True,True,True,Candidate,,TDA-OH-allyl-2,,DDM,DOPO-based (additive),0,1,P-N-Si,100.00%,0.00%,C=CCOC(Cn1c(=O)n(CC(O)CNCCC[Si](OCC)(OCC)OCC)c(=O)n(CC(O)CNCCC[Si](OCC)(OCC)OCC)c1=O)CP1(=O)Oc2ccccc2-c2ccccc21,,NC1=CC=C(CC2=CC=C(N)C=C2)C=C1,7.0,0.21763325417012133,0.49208836300782743,0.0,0.0,0.3946824805722236,2.2610899464066634,0.0,0.0,1.8135210176276875,1,1,0,0,1,1,0,0,0,0,0,160.0,3.2,,24.8,,3.2,,,3.0,35.0,,1184.0,,,87.2,,,159.0,,,17.0,,,62.6,,,97.55,,,,,Virtual screening scenario,,,,,,,,,,,,,,,,,,,,,,,,,,,,,,,
FORM_001044,CAND_R2_365,TDA-OH-allyl-2,designed,P-N-Si,B,True,True,True,True,True,Candidate,,TDA-OH-allyl-2,,DDM,DOPO-based (additive),0,1,P-N-Si,100.00%,0.00%,C=CCOC(Cn1c(=O)n(CC(O)CNCCC[Si](OCC)(OCC)OCC)c(=O)n(CC(O)CNCCC[Si](OCC)(OCC)OCC)c1=O)CP1(=O)Oc2ccccc2-c2ccccc21,,NC1=CC=C(CC2=CC=C(N)C=C2)C=C1,10.0,0.31090464881445906,0.7029833757254678,0.0,0.0,0.5638321151031767,2.2610899464066634,0.0,0.0,1.8135210176276877,1,1,0,0,1,1,0,0,0,0,0,160.0,3.2,,24.8,,3.2,,,3.0,35.0,,1184.0,,,87.2,,,159.0,,,17.0,,,62.6,,,97.55,,,,,Virtual screening scenario,,,,,,,,,,,,,,,,,,,,,,,,,,,,,,,
FORM_001045,CAND_R2_366,TDA-OH-allyl-all,designed,P-N-Si,B,True,True,True,True,True,Candidate,,TDA-OH-allyl-all,,DDM,DOPO-based (additive),0,1,P-N-Si,100.00%,0.00%,C=CCOC(CNCCC[Si](OCC)(OCC)OCC)Cn1c(=O)n(CC(CNCCC[Si](OCC)(OCC)OCC)OCC=C)c(=O)n(CC(CP2(=O)Oc3ccccc3-c3ccccc32)OCC=C)c1=O,,NC1=CC=C(CC2=CC=C(N)C=C2)C=C1,3.42,0.09841383744091331,0.22252253842494873,0.0,0.0,0.17847556262449094,2.261089946406663,0.0,0.0,1.8135210176276877,1,1,0,0,1,1,0,0,0,0,0,160.0,3.2,,24.8,,3.2,,,3.0,35.0,,1184.0,,,87.2,,,159.0,,,17.0,,,62.6,,,97.55,,,,,Virtual screening scenario,,,,,,,,,,,,,,,,,,,,,,,,,,,,,,,
FORM_001046,CAND_R2_366,TDA-OH-allyl-all,designed,P-N-Si,B,True,True,True,True,True,Candidate,,TDA-OH-allyl-all,,DDM,DOPO-based (additive),0,1,P-N-Si,100.00%,0.00%,C=CCOC(CNCCC[Si](OCC)(OCC)OCC)Cn1c(=O)n(CC(CNCCC[Si](OCC)(OCC)OCC)OCC=C)c(=O)n(CC(CP2(=O)Oc3ccccc3-c3ccccc32)OCC=C)c1=O,,NC1=CC=C(CC2=CC=C(N)C=C2)C=C1,7.0,0.20143183101941323,0.4554554880042811,0.0,0.0,0.36530085917293464,2.2610899464066634,0.0,0.0,1.8135210176276875,1,1,0,0,1,1,0,0,0,0,0,160.0,3.2,,24.8,,3.2,,,3.0,35.0,,1184.0,,,87.2,,,159.0,,,17.0,,,62.6,,,97.55,,,,,Virtual screening scenario,,,,,,,,,,,,,,,,,,,,,,,,,,,,,,,
FORM_001047,CAND_R2_366,TDA-OH-allyl-all,designed,P-N-Si,B,True,True,True,True,True,Candidate,,TDA-OH-allyl-all,,DDM,DOPO-based (additive),0,1,P-N-Si,100.00%,0.00%,C=CCOC(CNCCC[Si](OCC)(OCC)OCC)Cn1c(=O)n(CC(CNCCC[Si](OCC)(OCC)OCC)OCC=C)c(=O)n(CC(CP2(=O)Oc3ccccc3-c3ccccc32)OCC=C)c1=O,,NC1=CC=C(CC2=CC=C(N)C=C2)C=C1,10.0,0.28775975859916175,0.650650697148973,0.0,0.0,0.5218583702470495,2.261089946406663,0.0,0.0,1.8135210176276875,1,1,0,0,1,1,0,0,0,0,0,160.0,3.2,,24.8,,3.2,,,3.0,35.0,,1184.0,,,87.2,,,159.0,,,17.0,,,62.6,,,97.55,,,,,Virtual screening scenario,,,,,,,,,,,,,,,,,,,,,,,,,,,,,,,
FORM_001048,CAND_R2_367,TDA-NH-methyl,designed,P-N-Si,B,True,True,True,True,True,Candidate,,TDA-NH-methyl,,DDM,DOPO-based (additive),0,1,P-N-Si,100.00%,0.00%,CCO[Si](CCCNCC(O)Cn1c(=O)n(CC(O)CN(C)CCC[Si](OCC)(OCC)OCC)c(=O)n(CC(O)CP2(=O)Oc3ccccc3-c3ccccc32)c1=O)(OCC)OCC,,NC1=CC=C(CC2=CC=C(N)C=C2)C=C1,3.42,0.10918298605671314,0.246872552091493,0.0,0.0,0.19800563998120002,2.2610899464066634,0.0,0.0,1.8135210176276875,1,1,0,0,1,1,0,0,0,0,0,160.0,3.2,,24.8,,3.2,,,3.0,35.0,,1184.0,,,87.2,,,159.0,,,17.0,,,62.6,,,97.55,,,,,Virtual screening scenario,,,,,,,,,,,,,,,,,,,,,,,,,,,,,,,
FORM_001049,CAND_R2_367,TDA-NH-methyl,designed,P-N-Si,B,True,True,True,True,True,Candidate,,TDA-NH-methyl,,DDM,DOPO-based (additive),0,1,P-N-Si,100.00%,0.00%,CCO[Si](CCCNCC(O)Cn1c(=O)n(CC(O)CN(C)CCC[Si](OCC)(OCC)OCC)c(=O)n(CC(O)CP2(=O)Oc3ccccc3-c3ccccc32)c1=O)(OCC)OCC,,NC1=CC=C(CC2=CC=C(N)C=C2)C=C1,7.0,0.22347394806929588,0.5052946972632898,0.0,0.0,0.4052747017159065,2.261089946406664,0.0,0.0,1.8135210176276877,1,1,0,0,1,1,0,0,0,0,0,160.0,3.2,,24.8,,3.2,,,3.0,35.0,,1184.0,,,87.2,,,159.0,,,17.0,,,62.6,,,97.55,,,,,Virtual screening scenario,,,,,,,,,,,,,,,,,,,,,,,,,,,,,,,
FORM_001050,CAND_R2_367,TDA-NH-methyl,designed,P-N-Si,B,True,True,True,True,True,Candidate,,TDA-NH-methyl,,DDM,DOPO-based (additive),0,1,P-N-Si,100.00%,0.00%,CCO[Si](CCCNCC(O)Cn1c(=O)n(CC(O)CN(C)CCC[Si](OCC)(OCC)OCC)c(=O)n(CC(O)CP2(=O)Oc3ccccc3-c3ccccc32)c1=O)(OCC)OCC,,NC1=CC=C(CC2=CC=C(N)C=C2)C=C1,10.0,0.3192484972418513,0.7218495675189854,0.0,0.0,0.5789638595941521,2.261089946406664,0.0,0.0,1.8135210176276875,1,1,0,0,1,1,0,0,0,0,0,160.0,3.2,,24.8,,3.2,,,3.0,35.0,,1184.0,,,87.2,,,159.0,,,17.0,,,62.6,,,97.55,,,,,Virtual screening scenario,,,,,,,,,,,,,,,,,,,,,,,,,,,,,,,
FORM_001051,CAND_R2_368,TDA-NH-methyl-all,designed,P-N-Si,B,True,True,True,True,True,Candidate,,TDA-NH-methyl-all,,DDM,DOPO-based (additive),0,1,P-N-Si,100.00%,0.00%,CCO[Si](CCCN(C)CC(O)Cn1c(=O)n(CC(O)CN(C)CCC[Si](OCC)(OCC)OCC)c(=O)n(CC(O)CP2(=O)Oc3ccccc3-c3ccccc32)c1=O)(OCC)OCC,,NC1=CC=C(CC2=CC=C(N)C=C2)C=C1,3.42,0.10762695797684108,0.24335423264376785,0.0,0.0,0.19518375035433322,2.261089946406664,0.0,0.0,1.8135210176276877,1,1,0,0,1,1,0,0,0,0,0,160.0,3.2,,24.8,,3.2,,,3.0,35.0,,1184.0,,,87.2,,,159.0,,,17.0,,,62.6,,,97.55,,,,,Virtual screening scenario,,,,,,,,,,,,,,,,,,,,,,,,,,,,,,,
FORM_001052,CAND_R2_368,TDA-NH-methyl-all,designed,P-N-Si,B,True,True,True,True,True,Candidate,,TDA-NH-methyl-all,,DDM,DOPO-based (additive),0,1,P-N-Si,100.00%,0.00%,CCO[Si](CCCN(C)CC(O)Cn1c(=O)n(CC(O)CN(C)CCC[Si](OCC)(OCC)OCC)c(=O)n(CC(O)CP2(=O)Oc3ccccc3-c3ccccc32)c1=O)(OCC)OCC,,NC1=CC=C(CC2=CC=C(N)C=C2)C=C1,7.0,0.22028909527423612,0.4980934586275951,0.0,0.0,0.39949890423401535,2.2610899464066643,0.0,0.0,1.8135210176276877,1,1,0,0,1,1,0,0,0,0,0,160.0,3.2,,24.8,,3.2,,,3.0,35.0,,1184.0,,,87.2,,,159.0,,,17.0,,,62.6,,,97.55,,,,,Virtual screening scenario,,,,,,,,,,,,,,,,,,,,,,,,,,,,,,,
FORM_001053,CAND_R2_368,TDA-NH-methyl-all,designed,P-N-Si,B,True,True,True,True,True,Candidate,,TDA-NH-methyl-all,,DDM,DOPO-based (additive),0,1,P-N-Si,100.00%,0.00%,CCO[Si](CCCN(C)CC(O)Cn1c(=O)n(CC(O)CN(C)CCC[Si](OCC)(OCC)OCC)c(=O)n(CC(O)CP2(=O)Oc3ccccc3-c3ccccc32)c1=O)(OCC)OCC,,NC1=CC=C(CC2=CC=C(N)C=C2)C=C1,10.0,0.31469870753462303,0.7115620837537072,0.0,0.0,0.5707127203343076,2.261089946406664,0.0,0.0,1.8135210176276877,1,1,0,0,1,1,0,0,0,0,0,160.0,3.2,,24.8,,3.2,,,3.0,35.0,,1184.0,,,87.2,,,159.0,,,17.0,,,62.6,,,97.55,,,,,Virtual screening scenario,,,,,,,,,,,,,,,,,,,,,,,,,,,,,,,
FORM_001054,CAND_R2_369,TDA-NH-hydroxyethyl,designed,P-N-Si,B,True,True,True,True,True,Candidate,,TDA-NH-hydroxyethyl,,DDM,DOPO-based (additive),0,1,P-N-Si,100.00%,0.00%,CCO[Si](CCCNCC(O)Cn1c(=O)n(CC(O)CN(CCO)CCC[Si](OCC)(OCC)OCC)c(=O)n(CC(O)CP2(=O)Oc3ccccc3-c3ccccc32)c1=O)(OCC)OCC,,NC1=CC=C(CC2=CC=C(N)C=C2)C=C1,3.42,0.10590545088088682,0.23946175025643793,0.0,0.0,0.19206176105382497,2.261089946406664,0.0,0.0,1.8135210176276877,1,1,0,0,1,1,0,0,0,0,0,160.0,3.2,,24.8,,3.2,,,3.0,35.0,,1184.0,,,87.2,,,159.0,,,17.0,,,62.6,,,97.55,,,,,Virtual screening scenario,,,,,,,,,,,,,,,,,,,,,,,,,,,,,,,
FORM_001055,CAND_R2_369,TDA-NH-hydroxyethyl,designed,P-N-Si,B,True,True,True,True,True,Candidate,,TDA-NH-hydroxyethyl,,DDM,DOPO-based (additive),0,1,P-N-Si,100.00%,0.00%,CCO[Si](CCCNCC(O)Cn1c(=O)n(CC(O)CN(CCO)CCC[Si](OCC)(OCC)OCC)c(=O)n(CC(O)CP2(=O)Oc3ccccc3-c3ccccc32)c1=O)(OCC)OCC,,NC1=CC=C(CC2=CC=C(N)C=C2)C=C1,7.0,0.21676554273865722,0.4901263894137618,0.0,0.0,0.3931088676540277,2.2610899464066634,0.0,0.0,1.8135210176276877,1,1,0,0,1,1,0,0,0,0,0,160.0,3.2,,24.8,,3.2,,,3.0,35.0,,1184.0,,,87.2,,,159.0,,,17.0,,,62.6,,,97.55,,,,,Virtual screening scenario,,,,,,,,,,,,,,,,,,,,,,,,,,,,,,,
FORM_001056,CAND_R2_369,TDA-NH-hydroxyethyl,designed,P-N-Si,B,True,True,True,True,True,Candidate,,TDA-NH-hydroxyethyl,,DDM,DOPO-based (additive),0,1,P-N-Si,100.00%,0.00%,CCO[Si](CCCNCC(O)Cn1c(=O)n(CC(O)CN(CCO)CCC[Si](OCC)(OCC)OCC)c(=O)n(CC(O)CP2(=O)Oc3ccccc3-c3ccccc32)c1=O)(OCC)OCC,,NC1=CC=C(CC2=CC=C(N)C=C2)C=C1,10.0,0.30966506105522457,0.700180556305374,0.0,0.0,0.5615840966486111,2.261089946406664,0.0,0.0,1.8135210176276884,1,1,0,0,1,1,0,0,0,0,0,160.0,3.2,,24.8,,3.2,,,3.0,35.0,,1184.0,,,87.2,,,159.0,,,17.0,,,62.6,,,97.55,,,,,Virtual screening scenario,,,,,,,,,,,,,,,,,,,,,,,,,,,,,,,
FORM_001057,CAND_R2_370,TDA-NH-hydroxyethyl-all,designed,P-N-Si,B,True,True,True,True,True,Candidate,,TDA-NH-hydroxyethyl-all,,DDM,DOPO-based (additive),0,1,P-N-Si,100.00%,0.00%,CCO[Si](CCCN(CCO)CC(O)Cn1c(=O)n(CC(O)CN(CCO)CCC[Si](OCC)(OCC)OCC)c(=O)n(CC(O)CP2(=O)Oc3ccccc3-c3ccccc32)c1=O)(OCC)OCC,,NC1=CC=C(CC2=CC=C(N)C=C2)C=C1,3.42,0.10143788871918374,0.22936019036766428,0.0,0.0,0.18395974317601824,2.261089946406664,0.0,0.0,1.8135210176276877,1,1,0,0,1,1,0,0,0,0,0,160.0,3.2,,24.8,,3.2,,,3.0,35.0,,1184.0,,,87.2,,,159.0,,,17.0,,,62.6,,,97.55,,,,,Virtual screening scenario,,,,,,,,,,,,,,,,,,,,,,,,,,,,,,,
FORM_001058,CAND_R2_370,TDA-NH-hydroxyethyl-all,designed,P-N-Si,B,True,True,True,True,True,Candidate,,TDA-NH-hydroxyethyl-all,,DDM,DOPO-based (additive),0,1,P-N-Si,100.00%,0.00%,CCO[Si](CCCN(CCO)CC(O)Cn1c(=O)n(CC(O)CN(CCO)CCC[Si](OCC)(OCC)OCC)c(=O)n(CC(O)CP2(=O)Oc3ccccc3-c3ccccc32)c1=O)(OCC)OCC,,NC1=CC=C(CC2=CC=C(N)C=C2)C=C1,7.0,0.20762140965914802,0.4694506820390789,0.0,0.0,0.3765257901263531,2.2610899464066634,0.0,0.0,1.8135210176276875,1,1,0,0,1,1,0,0,0,0,0,160.0,3.2,,24.8,,3.2,,,3.0,35.0,,1184.0,,,87.2,,,159.0,,,17.0,,,62.6,,,97.55,,,,,Virtual screening scenario,,,,,,,,,,,,,,,,,,,,,,,,,,,,,,,
FORM_001059,CAND_R2_370,TDA-NH-hydroxyethyl-all,designed,P-N-Si,B,True,True,True,True,True,Candidate,,TDA-NH-hydroxyethyl-all,,DDM,DOPO-based (additive),0,1,P-N-Si,100.00%,0.00%,CCO[Si](CCCN(CCO)CC(O)Cn1c(=O)n(CC(O)CN(CCO)CCC[Si](OCC)(OCC)OCC)c(=O)n(CC(O)CP2(=O)Oc3ccccc3-c3ccccc32)c1=O)(OCC)OCC,,NC1=CC=C(CC2=CC=C(N)C=C2)C=C1,10.0,0.2966020137987829,0.6706438314843984,0.0,0.0,0.5378939858947902,2.261089946406663,0.0,0.0,1.8135210176276875,1,1,0,0,1,1,0,0,0,0,0,160.0,3.2,,24.8,,3.2,,,3.0,35.0,,1184.0,,,87.2,,,159.0,,,17.0,,,62.6,,,97.55,,,,,Virtual screening scenario,,,,,,,,,,,,,,,,,,,,,,,,,,,,,,,
FORM_001060,CAND_R2_371,TDA-NH-glycidyl,designed,P-N-Si,B,True,True,True,True,True,Candidate,,TDA-NH-glycidyl,,DDM,DOPO-based (Co-curing),2,1,P-N-Si,100.00%,0.00%,CCO[Si](CCCNCC(O)Cn1c(=O)n(CC(O)CN(CCC[Si](OCC)(OCC)OCC)CC2CO2)c(=O)n(CC(O)CP2(=O)Oc3ccccc3-c3ccccc32)c1=O)(OCC)OCC,,NC1=CC=C(CC2=CC=C(N)C=C2)C=C1,4.0,0.12239627840075555,0.2767489945695394,0.0,0.0,0.22196822335917996,2.261089946406663,0.0,0.0,1.8135210176276875,1,1,0,0,1,1,0,0,0,0,0,170.0,3.0,,24.0,,3.0,,,3.0,35.0,,1208.0,,,88.0,,,164.3,,,16.5,,,58.7,,,101.3,,,,,Virtual screening scenario,,,,,,,,,,,,,,,,,,,,,,,,,,,,,,,
FORM_001061,CAND_R2_371,TDA-NH-glycidyl,designed,P-N-Si,B,True,True,True,True,True,Candidate,,TDA-NH-glycidyl,,DDM,DOPO-based (Co-curing),2,1,P-N-Si,100.00%,0.00%,CCO[Si](CCCNCC(O)Cn1c(=O)n(CC(O)CN(CCC[Si](OCC)(OCC)OCC)CC2CO2)c(=O)n(CC(O)CP2(=O)Oc3ccccc3-c3ccccc32)c1=O)(OCC)OCC,,NC1=CC=C(CC2=CC=C(N)C=C2)C=C1,6.78,0.20746169188928065,0.4690895457953693,0.0,0.0,0.37623613859381,2.2610899464066634,0.0,0.0,1.8135210176276875,1,1,0,0,1,1,0,0,0,0,0,170.0,3.0,,24.0,,3.0,,,3.0,35.0,,1208.0,,,88.0,,,164.3,,,16.5,,,58.7,,,101.3,,,,,Virtual screening scenario,,,,,,,,,,,,,,,,,,,,,,,,,,,,,,,
FORM_001062,CAND_R2_371,TDA-NH-glycidyl,designed,P-N-Si,B,True,True,True,True,True,Candidate,,TDA-NH-glycidyl,,DDM,DOPO-based (Co-curing),2,1,P-N-Si,100.00%,0.00%,CCO[Si](CCCNCC(O)Cn1c(=O)n(CC(O)CN(CCC[Si](OCC)(OCC)OCC)CC2CO2)c(=O)n(CC(O)CP2(=O)Oc3ccccc3-c3ccccc32)c1=O)(OCC)OCC,,NC1=CC=C(CC2=CC=C(N)C=C2)C=C1,10.19,0.3118045192259247,0.7050180636659016,0.0,0.0,0.5654640490075109,2.2610899464066634,0.0,0.0,1.8135210176276877,1,1,0,0,1,1,0,0,0,0,0,170.0,3.0,,24.0,,3.0,,,3.0,35.0,,1208.0,,,88.0,,,164.3,,,16.5,,,58.7,,,101.3,,,,,Virtual screening scenario,,,,,,,,,,,,,,,,,,,,,,,,,,,,,,,
FORM_001063,CAND_R2_372,TDA-NH-glycidyl-all,designed,P-N-Si,B,True,True,True,True,True,Candidate,,TDA-NH-glycidyl-all,,DDM,DOPO-based (Co-curing),2,1,P-N-Si,100.00%,0.00%,CCO[Si](CCCN(CC(O)Cn1c(=O)n(CC(O)CN(CCC[Si](OCC)(OCC)OCC)CC2CO2)c(=O)n(CC(O)CP2(=O)Oc3ccccc3-c3ccccc32)c1=O)CC1CO1)(OCC)OCC,,NC1=CC=C(CC2=CC=C(N)C=C2)C=C1,4.0,0.11597306791897914,0.2622255379255409,0.0,0.0,0.21031959614983198,2.2610899464066634,0.0,0.0,1.8135210176276875,1,1,0,0,1,1,0,0,0,0,0,170.0,3.0,,24.0,,3.0,,,3.0,35.0,,1208.0,,,88.0,,,164.3,,,16.5,,,58.7,,,101.3,,,,,Virtual screening scenario,,,,,,,,,,,,,,,,,,,,,,,,,,,,,,,
FORM_001064,CAND_R2_372,TDA-NH-glycidyl-all,designed,P-N-Si,B,True,True,True,True,True,Candidate,,TDA-NH-glycidyl-all,,DDM,DOPO-based (Co-curing),2,1,P-N-Si,100.00%,0.00%,CCO[Si](CCCN(CC(O)Cn1c(=O)n(CC(O)CN(CCC[Si](OCC)(OCC)OCC)CC2CO2)c(=O)n(CC(O)CP2(=O)Oc3ccccc3-c3ccccc32)c1=O)CC1CO1)(OCC)OCC,,NC1=CC=C(CC2=CC=C(N)C=C2)C=C1,6.78,0.19657435012266966,0.4444722867837918,0.0,0.0,0.3564917154739652,2.2610899464066634,0.0,0.0,1.8135210176276872,1,1,0,0,1,1,0,0,0,0,0,170.0,3.0,,24.0,,3.0,,,3.0,35.0,,1208.0,,,88.0,,,164.3,,,16.5,,,58.7,,,101.3,,,,,Virtual screening scenario,,,,,,,,,,,,,,,,,,,,,,,,,,,,,,,
FORM_001065,CAND_R2_372,TDA-NH-glycidyl-all,designed,P-N-Si,B,True,True,True,True,True,Candidate,,TDA-NH-glycidyl-all,,DDM,DOPO-based (Co-curing),2,1,P-N-Si,100.00%,0.00%,CCO[Si](CCCN(CC(O)Cn1c(=O)n(CC(O)CN(CCC[Si](OCC)(OCC)OCC)CC2CO2)c(=O)n(CC(O)CP2(=O)Oc3ccccc3-c3ccccc32)c1=O)CC1CO1)(OCC)OCC,,NC1=CC=C(CC2=CC=C(N)C=C2)C=C1,10.19,0.29544139052359936,0.6680195578653154,0.0,0.0,0.535789171191697,2.2610899464066634,0.0,0.0,1.8135210176276877,1,1,0,0,1,1,0,0,0,0,0,170.0,3.0,,24.0,,3.0,,,3.0,35.0,,1208.0,,,88.0,,,164.3,,,16.5,,,58.7,,,101.3,,,,,Virtual screening scenario,,,,,,,,,,,,,,,,,,,,,,,,,,,,,,,
FORM_001066,PUBCHEM_158341820,"4-[(4-Methylphenyl)-(6-oxobenzo[c][2,1]benzoxaphosphinin-6-yl)methyl]phenol",pubchem,P-only,PUBLIC_UNVERIFIED,False,True,True,True,True,Candidate,,"4-[(4-Methylphenyl)-(6-oxobenzo[c][2,1]benzoxaphosphinin-6-yl)methyl]phenol",,DDM,DOPO-based (reactive),1,0,P-only,100.00%,0.00%,Cc1ccc(C(c2ccc(O)cc2)P2(=O)Oc3ccccc3-c3ccccc32)cc1,,NC1=CC=C(CC2=CC=C(N)C=C2)C=C1,4.0,0.3004085591319633,0.0,0.0,0.0,0.0,0.0,0.0,0.0,0.0,1,0,0,0,0,1,0,0,0,0,0,160.0,3.2,,24.7,,3.0,,,3.0,35.0,,1149.8,,,93.5,,,164.0,,,16.0,,,59.0,,,105.1,,,,,Virtual screening scenario,,,,,,,,,,,,,,,,,,,,,,,,,,,,,,,
FORM_001067,PUBCHEM_158341820,"4-[(4-Methylphenyl)-(6-oxobenzo[c][2,1]benzoxaphosphinin-6-yl)methyl]phenol",pubchem,P-only,PUBLIC_UNVERIFIED,False,True,True,True,True,Candidate,,"4-[(4-Methylphenyl)-(6-oxobenzo[c][2,1]benzoxaphosphinin-6-yl)methyl]phenol",,DDM,DOPO-based (reactive),1,0,P-only,100.00%,0.00%,Cc1ccc(C(c2ccc(O)cc2)P2(=O)Oc3ccccc3-c3ccccc32)cc1,,NC1=CC=C(CC2=CC=C(N)C=C2)C=C1,6.0,0.45061283869794494,0.0,0.0,0.0,0.0,0.0,0.0,0.0,0.0,1,0,0,0,0,1,0,0,0,0,0,160.0,3.2,,24.7,,3.0,,,3.0,35.0,,1149.8,,,93.5,,,164.0,,,16.0,,,59.0,,,105.1,,,,,Virtual screening scenario,,,,,,,,,,,,,,,,,,,,,,,,,,,,,,,
FORM_001068,PUBCHEM_158341820,"4-[(4-Methylphenyl)-(6-oxobenzo[c][2,1]benzoxaphosphinin-6-yl)methyl]phenol",pubchem,P-only,PUBLIC_UNVERIFIED,False,True,True,True,True,Candidate,,"4-[(4-Methylphenyl)-(6-oxobenzo[c][2,1]benzoxaphosphinin-6-yl)methyl]phenol",,DDM,DOPO-based (reactive),1,0,P-only,100.00%,0.00%,Cc1ccc(C(c2ccc(O)cc2)P2(=O)Oc3ccccc3-c3ccccc32)cc1,,NC1=CC=C(CC2=CC=C(N)C=C2)C=C1,10.0,0.7510213978299083,0.0,0.0,0.0,0.0,0.0,0.0,0.0,0.0,1,0,0,0,0,1,0,0,0,0,0,160.0,3.2,,24.7,,3.0,,,3.0,35.0,,1149.8,,,93.5,,,164.0,,,16.0,,,59.0,,,105.1,,,,,Virtual screening scenario,,,,,,,,,,,,,,,,,,,,,,,,,,,,,,,
FORM_001069,PUBCHEM_90377172,"4-[(4-Hydroxyanilino)-(6-oxobenzo[c][2,1]benzoxaphosphinin-6-yl)methyl]phenol",pubchem,P-N,PUBLIC_UNVERIFIED,False,True,True,True,True,Candidate,,"4-[(4-Hydroxyanilino)-(6-oxobenzo[c][2,1]benzoxaphosphinin-6-yl)methyl]phenol",,DDM,DOPO-based (reactive),1,1,P-N,100.00%,0.00%,O=P1(C(Nc2ccc(O)cc2)c2ccc(O)cc2)Oc2ccccc2-c2ccccc21,,NC1=CC=C(CC2=CC=C(N)C=C2)C=C1,4.0,0.28852477341108307,0.1304760928898121,0.0,0.0,0.0,0.45221798928133267,0.0,0.0,0.0,1,1,0,0,0,1,0,0,0,0,0,160.0,3.2,,24.7,,3.0,,,3.0,35.0,,1149.8,,,93.5,,,164.0,,,16.0,,,59.0,,,105.1,,,,,Virtual screening scenario,,,,,,,,,,,,,,,,,,,,,,,,,,,,,,,
FORM_001070,PUBCHEM_90377172,"4-[(4-Hydroxyanilino)-(6-oxobenzo[c][2,1]benzoxaphosphinin-6-yl)methyl]phenol",pubchem,P-N,PUBLIC_UNVERIFIED,False,True,True,True,True,Candidate,,"4-[(4-Hydroxyanilino)-(6-oxobenzo[c][2,1]benzoxaphosphinin-6-yl)methyl]phenol",,DDM,DOPO-based (reactive),1,1,P-N,100.00%,0.00%,O=P1(C(Nc2ccc(O)cc2)c2ccc(O)cc2)Oc2ccccc2-c2ccccc21,,NC1=CC=C(CC2=CC=C(N)C=C2)C=C1,6.0,0.43278716011662455,0.19571413933471818,0.0,0.0,0.0,0.4522179892813328,0.0,0.0,0.0,1,1,0,0,0,1,0,0,0,0,0,160.0,3.2,,24.7,,3.0,,,3.0,35.0,,1149.8,,,93.5,,,164.0,,,16.0,,,59.0,,,105.1,,,,,Virtual screening scenario,,,,,,,,,,,,,,,,,,,,,,,,,,,,,,,
FORM_001071,PUBCHEM_90377172,"4-[(4-Hydroxyanilino)-(6-oxobenzo[c][2,1]benzoxaphosphinin-6-yl)methyl]phenol",pubchem,P-N,PUBLIC_UNVERIFIED,False,True,True,True,True,Candidate,,"4-[(4-Hydroxyanilino)-(6-oxobenzo[c][2,1]benzoxaphosphinin-6-yl)methyl]phenol",,DDM,DOPO-based (reactive),1,1,P-N,100.00%,0.00%,O=P1(C(Nc2ccc(O)cc2)c2ccc(O)cc2)Oc2ccccc2-c2ccccc21,,NC1=CC=C(CC2=CC=C(N)C=C2)C=C1,10.0,0.7213119335277076,0.32619023222453025,0.0,0.0,0.0,0.4522179892813327,0.0,0.0,0.0,1,1,0,0,0,1,0,0,0,0,0,160.0,3.2,,24.7,,3.0,,,3.0,35.0,,1149.8,,,93.5,,,164.0,,,16.0,,,59.0,,,105.1,,,,,Virtual screening scenario,,,,,,,,,,,,,,,,,,,,,,,,,,,,,,,
FORM_001072,PUBCHEM_118445309,"4-Hydroxy-2-[(6-oxobenzo[c][2,1]benzoxaphosphinin-6-yl)methyl]pent-4-enoic acid",pubchem,P-only,PUBLIC_UNVERIFIED,False,True,True,True,True,Candidate,,"4-Hydroxy-2-[(6-oxobenzo[c][2,1]benzoxaphosphinin-6-yl)methyl]pent-4-enoic acid",,DDM,DOPO-based (reactive),1,0,P-only,100.00%,0.00%,C=C(O)CC(CP1(=O)Oc2ccccc2-c2ccccc21)C(=O)O,,NC1=CC=C(CC2=CC=C(N)C=C2)C=C1,4.0,0.3598458334664524,0.0,0.0,0.0,0.0,0.0,0.0,0.0,0.0,1,0,0,0,0,1,0,0,0,0,0,160.0,3.2,,24.7,,3.0,,,3.0,35.0,,1149.8,,,93.5,,,164.0,,,16.0,,,59.0,,,105.1,,,,,Virtual screening scenario,,,,,,,,,,,,,,,,,,,,,,,,,,,,,,,
FORM_001073,PUBCHEM_118445309,"4-Hydroxy-2-[(6-oxobenzo[c][2,1]benzoxaphosphinin-6-yl)methyl]pent-4-enoic acid",pubchem,P-only,PUBLIC_UNVERIFIED,False,True,True,True,True,Candidate,,"4-Hydroxy-2-[(6-oxobenzo[c][2,1]benzoxaphosphinin-6-yl)methyl]pent-4-enoic acid",,DDM,DOPO-based (reactive),1,0,P-only,100.00%,0.00%,C=C(O)CC(CP1(=O)Oc2ccccc2-c2ccccc21)C(=O)O,,NC1=CC=C(CC2=CC=C(N)C=C2)C=C1,6.0,0.5397687501996785,0.0,0.0,0.0,0.0,0.0,0.0,0.0,0.0,1,0,0,0,0,1,0,0,0,0,0,160.0,3.2,,24.7,,3.0,,,3.0,35.0,,1149.8,,,93.5,,,164.0,,,16.0,,,59.0,,,105.1,,,,,Virtual screening scenario,,,,,,,,,,,,,,,,,,,,,,,,,,,,,,,
FORM_001074,PUBCHEM_118445309,"4-Hydroxy-2-[(6-oxobenzo[c][2,1]benzoxaphosphinin-6-yl)methyl]pent-4-enoic acid",pubchem,P-only,PUBLIC_UNVERIFIED,False,True,True,True,True,Candidate,,"4-Hydroxy-2-[(6-oxobenzo[c][2,1]benzoxaphosphinin-6-yl)methyl]pent-4-enoic acid",,DDM,DOPO-based (reactive),1,0,P-only,100.00%,0.00%,C=C(O)CC(CP1(=O)Oc2ccccc2-c2ccccc21)C(=O)O,,NC1=CC=C(CC2=CC=C(N)C=C2)C=C1,10.0,0.899614583666131,0.0,0.0,0.0,0.0,0.0,0.0,0.0,0.0,1,0,0,0,0,1,0,0,0,0,0,160.0,3.2,,24.7,,3.0,,,3.0,35.0,,1149.8,,,93.5,,,164.0,,,16.0,,,59.0,,,105.1,,,,,Virtual screening scenario,,,,,,,,,,,,,,,,,,,,,,,,,,,,,,,
FORM_001075,PUBCHEM_163940695,"4-[(4-Methoxyphenyl)-(6-oxobenzo[c][2,1]benzoxaphosphinin-6-yl)methyl]phenol",pubchem,P-only,PUBLIC_UNVERIFIED,False,True,True,True,True,Candidate,,"4-[(4-Methoxyphenyl)-(6-oxobenzo[c][2,1]benzoxaphosphinin-6-yl)methyl]phenol",,DDM,DOPO-based (reactive),1,0,P-only,100.00%,0.00%,COc1ccc(C(c2ccc(O)cc2)P2(=O)Oc3ccccc3-c3ccccc32)cc1,,NC1=CC=C(CC2=CC=C(N)C=C2)C=C1,4.0,0.28919014807760524,0.0,0.0,0.0,0.0,0.0,0.0,0.0,0.0,1,0,0,0,0,1,0,0,0,0,0,160.0,3.2,,24.7,,3.0,,,3.0,35.0,,1149.8,,,93.5,,,164.0,,,16.0,,,59.0,,,105.1,,,,,Virtual screening scenario,,,,,,,,,,,,,,,,,,,,,,,,,,,,,,,
FORM_001076,PUBCHEM_163940695,"4-[(4-Methoxyphenyl)-(6-oxobenzo[c][2,1]benzoxaphosphinin-6-yl)methyl]phenol",pubchem,P-only,PUBLIC_UNVERIFIED,False,True,True,True,True,Candidate,,"4-[(4-Methoxyphenyl)-(6-oxobenzo[c][2,1]benzoxaphosphinin-6-yl)methyl]phenol",,DDM,DOPO-based (reactive),1,0,P-only,100.00%,0.00%,COc1ccc(C(c2ccc(O)cc2)P2(=O)Oc3ccccc3-c3ccccc32)cc1,,NC1=CC=C(CC2=CC=C(N)C=C2)C=C1,6.0,0.43378522211640785,0.0,0.0,0.0,0.0,0.0,0.0,0.0,0.0,1,0,0,0,0,1,0,0,0,0,0,160.0,3.2,,24.7,,3.0,,,3.0,35.0,,1149.8,,,93.5,,,164.0,,,16.0,,,59.0,,,105.1,,,,,Virtual screening scenario,,,,,,,,,,,,,,,,,,,,,,,,,,,,,,,
FORM_001077,PUBCHEM_163940695,"4-[(4-Methoxyphenyl)-(6-oxobenzo[c][2,1]benzoxaphosphinin-6-yl)methyl]phenol",pubchem,P-only,PUBLIC_UNVERIFIED,False,True,True,True,True,Candidate,,"4-[(4-Methoxyphenyl)-(6-oxobenzo[c][2,1]benzoxaphosphinin-6-yl)methyl]phenol",,DDM,DOPO-based (reactive),1,0,P-only,100.00%,0.00%,COc1ccc(C(c2ccc(O)cc2)P2(=O)Oc3ccccc3-c3ccccc32)cc1,,NC1=CC=C(CC2=CC=C(N)C=C2)C=C1,10.0,0.7229753701940131,0.0,0.0,0.0,0.0,0.0,0.0,0.0,0.0,1,0,0,0,0,1,0,0,0,0,0,160.0,3.2,,24.7,,3.0,,,3.0,35.0,,1149.8,,,93.5,,,164.0,,,16.0,,,59.0,,,105.1,,,,,Virtual screening scenario,,,,,,,,,,,,,,,,,,,,,,,,,,,,,,,
FORM_001078,PUBCHEM_146838766,"1-[2-Hydroxy-3-(6-oxobenzo[c][2,1]benzoxaphosphinin-6-yl)propyl]-3,5-dimethyl-1,3,5-triazinane-2,4,6-trione",pubchem,P-N,PUBLIC_UNVERIFIED,False,True,True,True,True,Candidate,,"1-[2-Hydroxy-3-(6-oxobenzo[c][2,1]benzoxaphosphinin-6-yl)propyl]-3,5-dimethyl-1,3,5-triazinane-2,4,6-trione",,DDM,DOPO-based (reactive),1,1,P-N,100.00%,0.00%,Cn1c(=O)n(C)c(=O)n(CC(O)CP2(=O)Oc3ccccc3-c3ccccc32)c1=O,,NC1=CC=C(CC2=CC=C(N)C=C2)C=C1,4.0,0.28855366828997897,0.3914674790215409,0.0,0.0,0.0,1.3566539678439984,0.0,0.0,0.0,1,1,0,0,0,1,0,0,0,0,0,160.0,3.2,,24.7,,3.0,,,3.0,35.0,,1149.8,,,93.5,,,164.0,,,16.0,,,59.0,,,105.1,,,,,Virtual screening scenario,,,,,,,,,,,,,,,,,,,,,,,,,,,,,,,
FORM_001079,PUBCHEM_146838766,"1-[2-Hydroxy-3-(6-oxobenzo[c][2,1]benzoxaphosphinin-6-yl)propyl]-3,5-dimethyl-1,3,5-triazinane-2,4,6-trione",pubchem,P-N,PUBLIC_UNVERIFIED,False,True,True,True,True,Candidate,,"1-[2-Hydroxy-3-(6-oxobenzo[c][2,1]benzoxaphosphinin-6-yl)propyl]-3,5-dimethyl-1,3,5-triazinane-2,4,6-trione",,DDM,DOPO-based (reactive),1,1,P-N,100.00%,0.00%,Cn1c(=O)n(C)c(=O)n(CC(O)CP2(=O)Oc3ccccc3-c3ccccc32)c1=O,,NC1=CC=C(CC2=CC=C(N)C=C2)C=C1,6.0,0.43283050243496846,0.5872012185323113,0.0,0.0,0.0,1.3566539678439984,0.0,0.0,0.0,1,1,0,0,0,1,0,0,0,0,0,160.0,3.2,,24.7,,3.0,,,3.0,35.0,,1149.8,,,93.5,,,164.0,,,16.0,,,59.0,,,105.1,,,,,Virtual screening scenario,,,,,,,,,,,,,,,,,,,,,,,,,,,,,,,
FORM_001080,PUBCHEM_146838766,"1-[2-Hydroxy-3-(6-oxobenzo[c][2,1]benzoxaphosphinin-6-yl)propyl]-3,5-dimethyl-1,3,5-triazinane-2,4,6-trione",pubchem,P-N,PUBLIC_UNVERIFIED,False,True,True,True,True,Candidate,,"1-[2-Hydroxy-3-(6-oxobenzo[c][2,1]benzoxaphosphinin-6-yl)propyl]-3,5-dimethyl-1,3,5-triazinane-2,4,6-trione",,DDM,DOPO-based (reactive),1,1,P-N,100.00%,0.00%,Cn1c(=O)n(C)c(=O)n(CC(O)CP2(=O)Oc3ccccc3-c3ccccc32)c1=O,,NC1=CC=C(CC2=CC=C(N)C=C2)C=C1,10.0,0.7213841707249473,0.9786686975538522,0.0,0.0,0.0,1.3566539678439986,0.0,0.0,0.0,1,1,0,0,0,1,0,0,0,0,0,160.0,3.2,,24.7,,3.0,,,3.0,35.0,,1149.8,,,93.5,,,164.0,,,16.0,,,59.0,,,105.1,,,,,Virtual screening scenario,,,,,,,,,,,,,,,,,,,,,,,,,,,,,,,
FORM_001081,PUBCHEM_68009574,"1-[3-(6-Oxobenzo[c][2,1]benzoxaphosphinin-6-yl)propyl]-3,5-bis(prop-2-enyl)-1,3,5-triazinane-2,4,6-trione",pubchem,P-N,PUBLIC_UNVERIFIED,False,True,True,True,True,Candidate,,"1-[3-(6-Oxobenzo[c][2,1]benzoxaphosphinin-6-yl)propyl]-3,5-bis(prop-2-enyl)-1,3,5-triazinane-2,4,6-trione",,DDM,DOPO-based (reactive),1,1,P-N,100.00%,0.00%,C=CCn1c(=O)n(CC=C)c(=O)n(CCCP2(=O)Oc3ccccc3-c3ccccc32)c1=O,,NC1=CC=C(CC2=CC=C(N)C=C2)C=C1,4.0,0.2661876995397962,0.36112459877193054,0.0,0.0,0.0,1.3566539678439982,0.0,0.0,0.0,1,1,0,0,0,1,0,0,0,0,0,160.0,3.2,,24.7,,3.0,,,3.0,35.0,,1149.8,,,93.5,,,164.0,,,16.0,,,59.0,,,105.1,,,,,Virtual screening scenario,,,,,,,,,,,,,,,,,,,,,,,,,,,,,,,
FORM_001082,PUBCHEM_68009574,"1-[3-(6-Oxobenzo[c][2,1]benzoxaphosphinin-6-yl)propyl]-3,5-bis(prop-2-enyl)-1,3,5-triazinane-2,4,6-trione",pubchem,P-N,PUBLIC_UNVERIFIED,False,True,True,True,True,Candidate,,"1-[3-(6-Oxobenzo[c][2,1]benzoxaphosphinin-6-yl)propyl]-3,5-bis(prop-2-enyl)-1,3,5-triazinane-2,4,6-trione",,DDM,DOPO-based (reactive),1,1,P-N,100.00%,0.00%,C=CCn1c(=O)n(CC=C)c(=O)n(CCCP2(=O)Oc3ccccc3-c3ccccc32)c1=O,,NC1=CC=C(CC2=CC=C(N)C=C2)C=C1,6.0,0.3992815493096943,0.5416868981578957,0.0,0.0,0.0,1.3566539678439982,0.0,0.0,0.0,1,1,0,0,0,1,0,0,0,0,0,160.0,3.2,,24.7,,3.0,,,3.0,35.0,,1149.8,,,93.5,,,164.0,,,16.0,,,59.0,,,105.1,,,,,Virtual screening scenario,,,,,,,,,,,,,,,,,,,,,,,,,,,,,,,
FORM_001083,PUBCHEM_68009574,"1-[3-(6-Oxobenzo[c][2,1]benzoxaphosphinin-6-yl)propyl]-3,5-bis(prop-2-enyl)-1,3,5-triazinane-2,4,6-trione",pubchem,P-N,PUBLIC_UNVERIFIED,False,True,True,True,True,Candidate,,"1-[3-(6-Oxobenzo[c][2,1]benzoxaphosphinin-6-yl)propyl]-3,5-bis(prop-2-enyl)-1,3,5-triazinane-2,4,6-trione",,DDM,DOPO-based (reactive),1,1,P-N,100.00%,0.00%,C=CCn1c(=O)n(CC=C)c(=O)n(CCCP2(=O)Oc3ccccc3-c3ccccc32)c1=O,,NC1=CC=C(CC2=CC=C(N)C=C2)C=C1,10.0,0.6654692488494905,0.9028114969298264,0.0,0.0,0.0,1.3566539678439982,0.0,0.0,0.0,1,1,0,0,0,1,0,0,0,0,0,160.0,3.2,,24.7,,3.0,,,3.0,35.0,,1149.8,,,93.5,,,164.0,,,16.0,,,59.0,,,105.1,,,,,Virtual screening scenario,,,,,,,,,,,,,,,,,,,,,,,,,,,,,,,
FORM_001084,PUBCHEM_58526060,"4-Oxo-2-[(6-oxobenzo[c][2,1]benzoxaphosphinin-6-yl)methyl]pentanoic acid",pubchem,P-only,PUBLIC_UNVERIFIED,False,True,True,True,True,Candidate,,"4-Oxo-2-[(6-oxobenzo[c][2,1]benzoxaphosphinin-6-yl)methyl]pentanoic acid",,DDM,DOPO-based (reactive),1,0,P-only,100.00%,0.00%,CC(=O)CC(CP1(=O)Oc2ccccc2-c2ccccc21)C(=O)O,,NC1=CC=C(CC2=CC=C(N)C=C2)C=C1,4.0,0.3598458334664524,0.0,0.0,0.0,0.0,0.0,0.0,0.0,0.0,1,0,0,0,0,1,0,0,0,0,0,160.0,3.2,,24.7,,3.0,,,3.0,35.0,,1149.8,,,93.5,,,164.0,,,16.0,,,59.0,,,105.1,,,,,Virtual screening scenario,,,,,,,,,,,,,,,,,,,,,,,,,,,,,,,
FORM_001085,PUBCHEM_58526060,"4-Oxo-2-[(6-oxobenzo[c][2,1]benzoxaphosphinin-6-yl)methyl]pentanoic acid",pubchem,P-only,PUBLIC_UNVERIFIED,False,True,True,True,True,Candidate,,"4-Oxo-2-[(6-oxobenzo[c][2,1]benzoxaphosphinin-6-yl)methyl]pentanoic acid",,DDM,DOPO-based (reactive),1,0,P-only,100.00%,0.00%,CC(=O)CC(CP1(=O)Oc2ccccc2-c2ccccc21)C(=O)O,,NC1=CC=C(CC2=CC=C(N)C=C2)C=C1,6.0,0.5397687501996785,0.0,0.0,0.0,0.0,0.0,0.0,0.0,0.0,1,0,0,0,0,1,0,0,0,0,0,160.0,3.2,,24.7,,3.0,,,3.0,35.0,,1149.8,,,93.5,,,164.0,,,16.0,,,59.0,,,105.1,,,,,Virtual screening scenario,,,,,,,,,,,,,,,,,,,,,,,,,,,,,,,
FORM_001086,PUBCHEM_58526060,"4-Oxo-2-[(6-oxobenzo[c][2,1]benzoxaphosphinin-6-yl)methyl]pentanoic acid",pubchem,P-only,PUBLIC_UNVERIFIED,False,True,True,True,True,Candidate,,"4-Oxo-2-[(6-oxobenzo[c][2,1]benzoxaphosphinin-6-yl)methyl]pentanoic acid",,DDM,DOPO-based (reactive),1,0,P-only,100.00%,0.00%,CC(=O)CC(CP1(=O)Oc2ccccc2-c2ccccc21)C(=O)O,,NC1=CC=C(CC2=CC=C(N)C=C2)C=C1,10.0,0.899614583666131,0.0,0.0,0.0,0.0,0.0,0.0,0.0,0.0,1,0,0,0,0,1,0,0,0,0,0,160.0,3.2,,24.7,,3.0,,,3.0,35.0,,1149.8,,,93.5,,,164.0,,,16.0,,,59.0,,,105.1,,,,,Virtual screening scenario,,,,,,,,,,,,,,,,,,,,,,,,,,,,,,,
FORM_001087,PUBCHEM_101805184,"2-(6-Oxido-6H-dibenzo[c,e][1,2]oxaphosphinin-6-yl)-1,4-phenylene bis(4-aminobenzoate)",pubchem,P-N,PUBLIC_UNVERIFIED,False,True,True,True,True,Candidate,,"2-(6-Oxido-6H-dibenzo[c,e][1,2]oxaphosphinin-6-yl)-1,4-phenylene bis(4-aminobenzoate)",,DDM,DOPO-based (reactive),1,1,P-N,100.00%,0.00%,Nc1ccc(C(=O)Oc2ccc(OC(=O)c3ccc(N)cc3)c(P3(=O)Oc4ccccc4-c4ccccc43)c2)cc1,,NC1=CC=C(CC2=CC=C(N)C=C2)C=C1,4.0,0.2202525074753163,0.19920429212931848,0.0,0.0,0.0,0.9044359785626654,0.0,0.0,0.0,1,1,0,0,0,1,0,0,0,0,0,160.0,3.2,,24.7,,3.0,,,3.0,35.0,,1149.8,,,93.5,,,164.0,,,16.0,,,59.0,,,105.1,,,,,Virtual screening scenario,,,,,,,,,,,,,,,,,,,,,,,,,,,,,,,
FORM_001088,PUBCHEM_101805184,"2-(6-Oxido-6H-dibenzo[c,e][1,2]oxaphosphinin-6-yl)-1,4-phenylene bis(4-aminobenzoate)",pubchem,P-N,PUBLIC_UNVERIFIED,False,True,True,True,True,Candidate,,"2-(6-Oxido-6H-dibenzo[c,e][1,2]oxaphosphinin-6-yl)-1,4-phenylene bis(4-aminobenzoate)",,DDM,DOPO-based (reactive),1,1,P-N,100.00%,0.00%,Nc1ccc(C(=O)Oc2ccc(OC(=O)c3ccc(N)cc3)c(P3(=O)Oc4ccccc4-c4ccccc43)c2)cc1,,NC1=CC=C(CC2=CC=C(N)C=C2)C=C1,6.0,0.33037876121297444,0.2988064381939777,0.0,0.0,0.0,0.9044359785626653,0.0,0.0,0.0,1,1,0,0,0,1,0,0,0,0,0,160.0,3.2,,24.7,,3.0,,,3.0,35.0,,1149.8,,,93.5,,,164.0,,,16.0,,,59.0,,,105.1,,,,,Virtual screening scenario,,,,,,,,,,,,,,,,,,,,,,,,,,,,,,,
FORM_001089,PUBCHEM_101805184,"2-(6-Oxido-6H-dibenzo[c,e][1,2]oxaphosphinin-6-yl)-1,4-phenylene bis(4-aminobenzoate)",pubchem,P-N,PUBLIC_UNVERIFIED,False,True,True,True,True,Candidate,,"2-(6-Oxido-6H-dibenzo[c,e][1,2]oxaphosphinin-6-yl)-1,4-phenylene bis(4-aminobenzoate)",,DDM,DOPO-based (reactive),1,1,P-N,100.00%,0.00%,Nc1ccc(C(=O)Oc2ccc(OC(=O)c3ccc(N)cc3)c(P3(=O)Oc4ccccc4-c4ccccc43)c2)cc1,,NC1=CC=C(CC2=CC=C(N)C=C2)C=C1,10.0,0.5506312686882907,0.4980107303232962,0.0,0.0,0.0,0.9044359785626654,0.0,0.0,0.0,1,1,0,0,0,1,0,0,0,0,0,160.0,3.2,,24.7,,3.0,,,3.0,35.0,,1149.8,,,93.5,,,164.0,,,16.0,,,59.0,,,105.1,,,,,Virtual screening scenario,,,,,,,,,,,,,,,,,,,,,,,,,,,,,,,
FORM_001090,PUBCHEM_102113411,"6-[3-(4-Fluorophenyl)-2,4-dihydro-1,3-benzoxazin-4-yl]benzo[c][2,1]benzoxaphosphinine 6-oxide",pubchem,P-N,PUBLIC_UNVERIFIED,False,True,True,True,True,Candidate,,"6-[3-(4-Fluorophenyl)-2,4-dihydro-1,3-benzoxazin-4-yl]benzo[c][2,1]benzoxaphosphinine 6-oxide",,DDM,DOPO-based (additive),0,1,P-N,100.00%,0.00%,O=P1(C2c3ccccc3OCN2c2ccc(F)cc2)Oc2ccccc2-c2ccccc21,,NC1=CC=C(CC2=CC=C(N)C=C2)C=C1,3.42,0.2388988169069988,0.10803434262337226,0.0,0.0,0.0,0.4522179892813328,0.0,0.0,0.0,1,1,0,0,0,1,0,0,0,0,0,160.0,3.2,,24.8,,3.2,,,3.0,35.0,,1184.0,,,87.2,,,159.0,,,17.0,,,62.6,,,97.55,,,,,Virtual screening scenario,,,,,,,,,,,,,,,,,,,,,,,,,,,,,,,
FORM_001091,PUBCHEM_102113411,"6-[3-(4-Fluorophenyl)-2,4-dihydro-1,3-benzoxazin-4-yl]benzo[c][2,1]benzoxaphosphinine 6-oxide",pubchem,P-N,PUBLIC_UNVERIFIED,False,True,True,True,True,Candidate,,"6-[3-(4-Fluorophenyl)-2,4-dihydro-1,3-benzoxazin-4-yl]benzo[c][2,1]benzoxaphosphinine 6-oxide",,DDM,DOPO-based (additive),0,1,P-N,100.00%,0.00%,O=P1(C2c3ccccc3OCN2c2ccc(F)cc2)Oc2ccccc2-c2ccccc21,,NC1=CC=C(CC2=CC=C(N)C=C2)C=C1,7.0,0.48897418665175196,0.2211229234981304,0.0,0.0,0.0,0.45221798928133283,0.0,0.0,0.0,1,1,0,0,0,1,0,0,0,0,0,160.0,3.2,,24.8,,3.2,,,3.0,35.0,,1184.0,,,87.2,,,159.0,,,17.0,,,62.6,,,97.55,,,,,Virtual screening scenario,,,,,,,,,,,,,,,,,,,,,,,,,,,,,,,
FORM_001092,PUBCHEM_102113411,"6-[3-(4-Fluorophenyl)-2,4-dihydro-1,3-benzoxazin-4-yl]benzo[c][2,1]benzoxaphosphinine 6-oxide",pubchem,P-N,PUBLIC_UNVERIFIED,False,True,True,True,True,Candidate,,"6-[3-(4-Fluorophenyl)-2,4-dihydro-1,3-benzoxazin-4-yl]benzo[c][2,1]benzoxaphosphinine 6-oxide",,DDM,DOPO-based (additive),0,1,P-N,100.00%,0.00%,O=P1(C2c3ccccc3OCN2c2ccc(F)cc2)Oc2ccccc2-c2ccccc21,,NC1=CC=C(CC2=CC=C(N)C=C2)C=C1,10.0,0.6985345523596456,0.31588989071161483,0.0,0.0,0.0,0.45221798928133283,0.0,0.0,0.0,1,1,0,0,0,1,0,0,0,0,0,160.0,3.2,,24.8,,3.2,,,3.0,35.0,,1184.0,,,87.2,,,159.0,,,17.0,,,62.6,,,97.55,,,,,Virtual screening scenario,,,,,,,,,,,,,,,,,,,,,,,,,,,,,,,
FORM_001093,PUBCHEM_57831609,"6-[3-(4-Methylphenyl)-2,4-dihydro-1,3-benzoxazin-4-yl]benzo[c][2,1]benzoxaphosphinine 6-oxide",pubchem,P-N,PUBLIC_UNVERIFIED,False,True,True,True,True,Candidate,,"6-[3-(4-Methylphenyl)-2,4-dihydro-1,3-benzoxazin-4-yl]benzo[c][2,1]benzoxaphosphinine 6-oxide",,DDM,DOPO-based (additive),0,1,P-N,100.00%,0.00%,Cc1ccc(N2COc3ccccc3C2P2(=O)Oc3ccccc3-c3ccccc32)cc1,,NC1=CC=C(CC2=CC=C(N)C=C2)C=C1,3.42,0.24105322322625267,0.10900860391716023,0.0,0.0,0.0,0.4522179892813327,0.0,0.0,0.0,1,1,0,0,0,1,0,0,0,0,0,160.0,3.2,,24.8,,3.2,,,3.0,35.0,,1184.0,,,87.2,,,159.0,,,17.0,,,62.6,,,97.55,,,,,Virtual screening scenario,,,,,,,,,,,,,,,,,,,,,,,,,,,,,,,
FORM_001094,PUBCHEM_57831609,"6-[3-(4-Methylphenyl)-2,4-dihydro-1,3-benzoxazin-4-yl]benzo[c][2,1]benzoxaphosphinine 6-oxide",pubchem,P-N,PUBLIC_UNVERIFIED,False,True,True,True,True,Candidate,,"6-[3-(4-Methylphenyl)-2,4-dihydro-1,3-benzoxazin-4-yl]benzo[c][2,1]benzoxaphosphinine 6-oxide",,DDM,DOPO-based (additive),0,1,P-N,100.00%,0.00%,Cc1ccc(N2COc3ccccc3C2P2(=O)Oc3ccccc3-c3ccccc32)cc1,,NC1=CC=C(CC2=CC=C(N)C=C2)C=C1,7.0,0.4933837902291721,0.22311702556143906,0.0,0.0,0.0,0.4522179892813327,0.0,0.0,0.0,1,1,0,0,0,1,0,0,0,0,0,160.0,3.2,,24.8,,3.2,,,3.0,35.0,,1184.0,,,87.2,,,159.0,,,17.0,,,62.6,,,97.55,,,,,Virtual screening scenario,,,,,,,,,,,,,,,,,,,,,,,,,,,,,,,
FORM_001095,PUBCHEM_57831609,"6-[3-(4-Methylphenyl)-2,4-dihydro-1,3-benzoxazin-4-yl]benzo[c][2,1]benzoxaphosphinine 6-oxide",pubchem,P-N,PUBLIC_UNVERIFIED,False,True,True,True,True,Candidate,,"6-[3-(4-Methylphenyl)-2,4-dihydro-1,3-benzoxazin-4-yl]benzo[c][2,1]benzoxaphosphinine 6-oxide",,DDM,DOPO-based (additive),0,1,P-N,100.00%,0.00%,Cc1ccc(N2COc3ccccc3C2P2(=O)Oc3ccccc3-c3ccccc32)cc1,,NC1=CC=C(CC2=CC=C(N)C=C2)C=C1,10.0,0.7048339860416745,0.318738607944913,0.0,0.0,0.0,0.4522179892813328,0.0,0.0,0.0,1,1,0,0,0,1,0,0,0,0,0,160.0,3.2,,24.8,,3.2,,,3.0,35.0,,1184.0,,,87.2,,,159.0,,,17.0,,,62.6,,,97.55,,,,,Virtual screening scenario,,,,,,,,,,,,,,,,,,,,,,,,,,,,,,,
FORM_001096,PUBCHEM_23578053,"6-(3-Phenyl-2,4-dihydro-1,3-benzoxazin-4-yl)benzo[c][2,1]benzoxaphosphinine 6-oxide",pubchem,P-N,PUBLIC_UNVERIFIED,False,True,True,True,True,Candidate,,"6-(3-Phenyl-2,4-dihydro-1,3-benzoxazin-4-yl)benzo[c][2,1]benzoxaphosphinine 6-oxide",,DDM,DOPO-based (additive),0,1,P-N,100.00%,0.00%,O=P1(C2c3ccccc3OCN2c2ccccc2)Oc2ccccc2-c2ccccc21,,NC1=CC=C(CC2=CC=C(N)C=C2)C=C1,3.42,0.24900118470043991,0.11260281507390271,0.0,0.0,0.0,0.45221798928133283,0.0,0.0,0.0,1,1,0,0,0,1,0,0,0,0,0,160.0,3.2,,24.8,,3.2,,,3.0,35.0,,1184.0,,,87.2,,,159.0,,,17.0,,,62.6,,,97.55,,,,,Virtual screening scenario,,,,,,,,,,,,,,,,,,,,,,,,,,,,,,,
FORM_001097,PUBCHEM_23578053,"6-(3-Phenyl-2,4-dihydro-1,3-benzoxazin-4-yl)benzo[c][2,1]benzoxaphosphinine 6-oxide",pubchem,P-N,PUBLIC_UNVERIFIED,False,True,True,True,True,Candidate,,"6-(3-Phenyl-2,4-dihydro-1,3-benzoxazin-4-yl)benzo[c][2,1]benzoxaphosphinine 6-oxide",,DDM,DOPO-based (additive),0,1,P-N,100.00%,0.00%,O=P1(C2c3ccccc3OCN2c2ccccc2)Oc2ccccc2-c2ccccc21,,NC1=CC=C(CC2=CC=C(N)C=C2)C=C1,7.0,0.5096515476324793,0.23047359810447923,0.0,0.0,0.0,0.45221798928133283,0.0,0.0,0.0,1,1,0,0,0,1,0,0,0,0,0,160.0,3.2,,24.8,,3.2,,,3.0,35.0,,1184.0,,,87.2,,,159.0,,,17.0,,,62.6,,,97.55,,,,,Virtual screening scenario,,,,,,,,,,,,,,,,,,,,,,,,,,,,,,,
FORM_001098,PUBCHEM_23578053,"6-(3-Phenyl-2,4-dihydro-1,3-benzoxazin-4-yl)benzo[c][2,1]benzoxaphosphinine 6-oxide",pubchem,P-N,PUBLIC_UNVERIFIED,False,True,True,True,True,Candidate,,"6-(3-Phenyl-2,4-dihydro-1,3-benzoxazin-4-yl)benzo[c][2,1]benzoxaphosphinine 6-oxide",,DDM,DOPO-based (additive),0,1,P-N,100.00%,0.00%,O=P1(C2c3ccccc3OCN2c2ccccc2)Oc2ccccc2-c2ccccc21,,NC1=CC=C(CC2=CC=C(N)C=C2)C=C1,10.0,0.7280736394749706,0.3292479972921132,0.0,0.0,0.0,0.4522179892813327,0.0,0.0,0.0,1,1,0,0,0,1,0,0,0,0,0,160.0,3.2,,24.8,,3.2,,,3.0,35.0,,1184.0,,,87.2,,,159.0,,,17.0,,,62.6,,,97.55,,,,,Virtual screening scenario,,,,,,,,,,,,,,,,,,,,,,,,,,,,,,,
FORM_001099,PUBCHEM_102300993,"4-[4-(6-Oxobenzo[c][2,1]benzoxaphosphinin-6-yl)-2,4-dihydro-1,3-benzoxazin-3-yl]benzoic acid",pubchem,P-N,PUBLIC_UNVERIFIED,False,True,True,True,True,Candidate,,"4-[4-(6-Oxobenzo[c][2,1]benzoxaphosphinin-6-yl)-2,4-dihydro-1,3-benzoxazin-3-yl]benzoic acid",,DDM,DOPO-based (reactive),1,1,P-N,100.00%,0.00%,O=C(O)c1ccc(N2COc3ccccc3C2P2(=O)Oc3ccccc3-c3ccccc32)cc1,,NC1=CC=C(CC2=CC=C(N)C=C2)C=C1,4.0,0.263926907567214,0.11935249545728566,0.0,0.0,0.0,0.45221798928133267,0.0,0.0,0.0,1,1,0,0,0,1,0,0,0,0,0,160.0,3.2,,24.7,,3.0,,,3.0,35.0,,1149.8,,,93.5,,,164.0,,,16.0,,,59.0,,,105.1,,,,,Virtual screening scenario,,,,,,,,,,,,,,,,,,,,,,,,,,,,,,,
FORM_001100,PUBCHEM_102300993,"4-[4-(6-Oxobenzo[c][2,1]benzoxaphosphinin-6-yl)-2,4-dihydro-1,3-benzoxazin-3-yl]benzoic acid",pubchem,P-N,PUBLIC_UNVERIFIED,False,True,True,True,True,Candidate,,"4-[4-(6-Oxobenzo[c][2,1]benzoxaphosphinin-6-yl)-2,4-dihydro-1,3-benzoxazin-3-yl]benzoic acid",,DDM,DOPO-based (reactive),1,1,P-N,100.00%,0.00%,O=C(O)c1ccc(N2COc3ccccc3C2P2(=O)Oc3ccccc3-c3ccccc32)cc1,,NC1=CC=C(CC2=CC=C(N)C=C2)C=C1,6.0,0.39589036135082095,0.17902874318592846,0.0,0.0,0.0,0.45221798928133267,0.0,0.0,0.0,1,1,0,0,0,1,0,0,0,0,0,160.0,3.2,,24.7,,3.0,,,3.0,35.0,,1149.8,,,93.5,,,164.0,,,16.0,,,59.0,,,105.1,,,,,Virtual screening scenario,,,,,,,,,,,,,,,,,,,,,,,,,,,,,,,
FORM_001101,PUBCHEM_102300993,"4-[4-(6-Oxobenzo[c][2,1]benzoxaphosphinin-6-yl)-2,4-dihydro-1,3-benzoxazin-3-yl]benzoic acid",pubchem,P-N,PUBLIC_UNVERIFIED,False,True,True,True,True,Candidate,,"4-[4-(6-Oxobenzo[c][2,1]benzoxaphosphinin-6-yl)-2,4-dihydro-1,3-benzoxazin-3-yl]benzoic acid",,DDM,DOPO-based (reactive),1,1,P-N,100.00%,0.00%,O=C(O)c1ccc(N2COc3ccccc3C2P2(=O)Oc3ccccc3-c3ccccc32)cc1,,NC1=CC=C(CC2=CC=C(N)C=C2)C=C1,10.0,0.6598172689180349,0.29838123864321414,0.0,0.0,0.0,0.4522179892813327,0.0,0.0,0.0,1,1,0,0,0,1,0,0,0,0,0,160.0,3.2,,24.7,,3.0,,,3.0,35.0,,1149.8,,,93.5,,,164.0,,,16.0,,,59.0,,,105.1,,,,,Virtual screening scenario,,,,,,,,,,,,,,,,,,,,,,,,,,,,,,,
FORM_001102,PUBCHEM_58489283,"4-Oxo-3-[(6-oxobenzo[c][2,1]benzoxaphosphinin-6-yl)methyl]pentanoic acid",pubchem,P-only,PUBLIC_UNVERIFIED,False,True,True,True,True,Candidate,,"4-Oxo-3-[(6-oxobenzo[c][2,1]benzoxaphosphinin-6-yl)methyl]pentanoic acid",,DDM,DOPO-based (reactive),1,0,P-only,100.00%,0.00%,CC(=O)C(CC(=O)O)CP1(=O)Oc2ccccc2-c2ccccc21,,NC1=CC=C(CC2=CC=C(N)C=C2)C=C1,4.0,0.35984583346645244,0.0,0.0,0.0,0.0,0.0,0.0,0.0,0.0,1,0,0,0,0,1,0,0,0,0,0,160.0,3.2,,24.7,,3.0,,,3.0,35.0,,1149.8,,,93.5,,,164.0,,,16.0,,,59.0,,,105.1,,,,,Virtual screening scenario,,,,,,,,,,,,,,,,,,,,,,,,,,,,,,,
FORM_001103,PUBCHEM_58489283,"4-Oxo-3-[(6-oxobenzo[c][2,1]benzoxaphosphinin-6-yl)methyl]pentanoic acid",pubchem,P-only,PUBLIC_UNVERIFIED,False,True,True,True,True,Candidate,,"4-Oxo-3-[(6-oxobenzo[c][2,1]benzoxaphosphinin-6-yl)methyl]pentanoic acid",,DDM,DOPO-based (reactive),1,0,P-only,100.00%,0.00%,CC(=O)C(CC(=O)O)CP1(=O)Oc2ccccc2-c2ccccc21,,NC1=CC=C(CC2=CC=C(N)C=C2)C=C1,6.0,0.5397687501996786,0.0,0.0,0.0,0.0,0.0,0.0,0.0,0.0,1,0,0,0,0,1,0,0,0,0,0,160.0,3.2,,24.7,,3.0,,,3.0,35.0,,1149.8,,,93.5,,,164.0,,,16.0,,,59.0,,,105.1,,,,,Virtual screening scenario,,,,,,,,,,,,,,,,,,,,,,,,,,,,,,,
FORM_001104,PUBCHEM_58489283,"4-Oxo-3-[(6-oxobenzo[c][2,1]benzoxaphosphinin-6-yl)methyl]pentanoic acid",pubchem,P-only,PUBLIC_UNVERIFIED,False,True,True,True,True,Candidate,,"4-Oxo-3-[(6-oxobenzo[c][2,1]benzoxaphosphinin-6-yl)methyl]pentanoic acid",,DDM,DOPO-based (reactive),1,0,P-only,100.00%,0.00%,CC(=O)C(CC(=O)O)CP1(=O)Oc2ccccc2-c2ccccc21,,NC1=CC=C(CC2=CC=C(N)C=C2)C=C1,10.0,0.8996145836661311,0.0,0.0,0.0,0.0,0.0,0.0,0.0,0.0,1,0,0,0,0,1,0,0,0,0,0,160.0,3.2,,24.7,,3.0,,,3.0,35.0,,1149.8,,,93.5,,,164.0,,,16.0,,,59.0,,,105.1,,,,,Virtual screening scenario,,,,,,,,,,,,,,,,,,,,,,,,,,,,,,,
FORM_001105,PUBCHEM_102113412,"6-[3-(4-Methoxyphenyl)-2,4-dihydro-1,3-benzoxazin-4-yl]benzo[c][2,1]benzoxaphosphinine 6-oxide",pubchem,P-N,PUBLIC_UNVERIFIED,False,True,True,True,True,Candidate,,"6-[3-(4-Methoxyphenyl)-2,4-dihydro-1,3-benzoxazin-4-yl]benzo[c][2,1]benzoxaphosphinine 6-oxide",,DDM,DOPO-based (additive),0,1,P-N,100.00%,0.00%,COc1ccc(N2COc3ccccc3C2P2(=O)Oc3ccccc3-c3ccccc32)cc1,,NC1=CC=C(CC2=CC=C(N)C=C2)C=C1,3.42,0.23258553079372044,0.10517936107146773,0.0,0.0,0.0,0.45221798928133267,0.0,0.0,0.0,1,1,0,0,0,1,0,0,0,0,0,160.0,3.2,,24.8,,3.2,,,3.0,35.0,,1184.0,,,87.2,,,159.0,,,17.0,,,62.6,,,97.55,,,,,Virtual screening scenario,,,,,,,,,,,,,,,,,,,,,,,,,,,,,,,
FORM_001106,PUBCHEM_102113412,"6-[3-(4-Methoxyphenyl)-2,4-dihydro-1,3-benzoxazin-4-yl]benzo[c][2,1]benzoxaphosphinine 6-oxide",pubchem,P-N,PUBLIC_UNVERIFIED,False,True,True,True,True,Candidate,,"6-[3-(4-Methoxyphenyl)-2,4-dihydro-1,3-benzoxazin-4-yl]benzo[c][2,1]benzoxaphosphinine 6-oxide",,DDM,DOPO-based (additive),0,1,P-N,100.00%,0.00%,COc1ccc(N2COc3ccccc3C2P2(=O)Oc3ccccc3-c3ccccc32)cc1,,NC1=CC=C(CC2=CC=C(N)C=C2)C=C1,7.0,0.4760522560105389,0.21527939400592813,0.0,0.0,0.0,0.45221798928133267,0.0,0.0,0.0,1,1,0,0,0,1,0,0,0,0,0,160.0,3.2,,24.8,,3.2,,,3.0,35.0,,1184.0,,,87.2,,,159.0,,,17.0,,,62.6,,,97.55,,,,,Virtual screening scenario,,,,,,,,,,,,,,,,,,,,,,,,,,,,,,,
FORM_001107,PUBCHEM_102113412,"6-[3-(4-Methoxyphenyl)-2,4-dihydro-1,3-benzoxazin-4-yl]benzo[c][2,1]benzoxaphosphinine 6-oxide",pubchem,P-N,PUBLIC_UNVERIFIED,False,True,True,True,True,Candidate,,"6-[3-(4-Methoxyphenyl)-2,4-dihydro-1,3-benzoxazin-4-yl]benzo[c][2,1]benzoxaphosphinine 6-oxide",,DDM,DOPO-based (additive),0,1,P-N,100.00%,0.00%,COc1ccc(N2COc3ccccc3C2P2(=O)Oc3ccccc3-c3ccccc32)cc1,,NC1=CC=C(CC2=CC=C(N)C=C2)C=C1,10.0,0.680074651443627,0.3075419914370402,0.0,0.0,0.0,0.4522179892813327,0.0,0.0,0.0,1,1,0,0,0,1,0,0,0,0,0,160.0,3.2,,24.8,,3.2,,,3.0,35.0,,1184.0,,,87.2,,,159.0,,,17.0,,,62.6,,,97.55,,,,,Virtual screening scenario,,,,,,,,,,,,,,,,,,,,,,,,,,,,,,,
FORM_001108,PUBCHEM_67680094,"2-[(4-Hydroxyanilino)-(6-oxobenzo[c][2,1]benzoxaphosphinin-6-yl)methyl]phenol",pubchem,P-N,PUBLIC_UNVERIFIED,False,True,True,True,True,Candidate,,"2-[(4-Hydroxyanilino)-(6-oxobenzo[c][2,1]benzoxaphosphinin-6-yl)methyl]phenol",,DDM,DOPO-based (reactive),1,1,P-N,100.00%,0.00%,O=P1(C(Nc2ccc(O)cc2)c2ccccc2O)Oc2ccccc2-c2ccccc21,,NC1=CC=C(CC2=CC=C(N)C=C2)C=C1,4.0,0.28852477341108307,0.1304760928898121,0.0,0.0,0.0,0.45221798928133267,0.0,0.0,0.0,1,1,0,0,0,1,0,0,0,0,0,160.0,3.2,,24.7,,3.0,,,3.0,35.0,,1149.8,,,93.5,,,164.0,,,16.0,,,59.0,,,105.1,,,,,Virtual screening scenario,,,,,,,,,,,,,,,,,,,,,,,,,,,,,,,
FORM_001109,PUBCHEM_67680094,"2-[(4-Hydroxyanilino)-(6-oxobenzo[c][2,1]benzoxaphosphinin-6-yl)methyl]phenol",pubchem,P-N,PUBLIC_UNVERIFIED,False,True,True,True,True,Candidate,,"2-[(4-Hydroxyanilino)-(6-oxobenzo[c][2,1]benzoxaphosphinin-6-yl)methyl]phenol",,DDM,DOPO-based (reactive),1,1,P-N,100.00%,0.00%,O=P1(C(Nc2ccc(O)cc2)c2ccccc2O)Oc2ccccc2-c2ccccc21,,NC1=CC=C(CC2=CC=C(N)C=C2)C=C1,6.0,0.43278716011662455,0.19571413933471818,0.0,0.0,0.0,0.4522179892813328,0.0,0.0,0.0,1,1,0,0,0,1,0,0,0,0,0,160.0,3.2,,24.7,,3.0,,,3.0,35.0,,1149.8,,,93.5,,,164.0,,,16.0,,,59.0,,,105.1,,,,,Virtual screening scenario,,,,,,,,,,,,,,,,,,,,,,,,,,,,,,,
FORM_001110,PUBCHEM_67680094,"2-[(4-Hydroxyanilino)-(6-oxobenzo[c][2,1]benzoxaphosphinin-6-yl)methyl]phenol",pubchem,P-N,PUBLIC_UNVERIFIED,False,True,True,True,True,Candidate,,"2-[(4-Hydroxyanilino)-(6-oxobenzo[c][2,1]benzoxaphosphinin-6-yl)methyl]phenol",,DDM,DOPO-based (reactive),1,1,P-N,100.00%,0.00%,O=P1(C(Nc2ccc(O)cc2)c2ccccc2O)Oc2ccccc2-c2ccccc21,,NC1=CC=C(CC2=CC=C(N)C=C2)C=C1,10.0,0.7213119335277076,0.32619023222453025,0.0,0.0,0.0,0.4522179892813327,0.0,0.0,0.0,1,1,0,0,0,1,0,0,0,0,0,160.0,3.2,,24.7,,3.0,,,3.0,35.0,,1149.8,,,93.5,,,164.0,,,16.0,,,59.0,,,105.1,,,,,Virtual screening scenario,,,,,,,,,,,,,,,,,,,,,,,,,,,,,,,
FORM_001111,PUBCHEM_67680096,"4-[(4-Methylanilino)-(6-oxobenzo[c][2,1]benzoxaphosphinin-6-yl)methyl]phenol",pubchem,P-N,PUBLIC_UNVERIFIED,False,True,True,True,True,Candidate,,"4-[(4-Methylanilino)-(6-oxobenzo[c][2,1]benzoxaphosphinin-6-yl)methyl]phenol",,DDM,DOPO-based (reactive),1,1,P-N,100.00%,0.00%,Cc1ccc(NC(c2ccc(O)cc2)P2(=O)Oc3ccccc3-c3ccccc32)cc1,,NC1=CC=C(CC2=CC=C(N)C=C2)C=C1,4.0,0.289855886206251,0.13107804604154963,0.0,0.0,0.0,0.4522179892813327,0.0,0.0,0.0,1,1,0,0,0,1,0,0,0,0,0,160.0,3.2,,24.7,,3.0,,,3.0,35.0,,1149.8,,,93.5,,,164.0,,,16.0,,,59.0,,,105.1,,,,,Virtual screening scenario,,,,,,,,,,,,,,,,,,,,,,,,,,,,,,,
FORM_001112,PUBCHEM_67680096,"4-[(4-Methylanilino)-(6-oxobenzo[c][2,1]benzoxaphosphinin-6-yl)methyl]phenol",pubchem,P-N,PUBLIC_UNVERIFIED,False,True,True,True,True,Candidate,,"4-[(4-Methylanilino)-(6-oxobenzo[c][2,1]benzoxaphosphinin-6-yl)methyl]phenol",,DDM,DOPO-based (reactive),1,1,P-N,100.00%,0.00%,Cc1ccc(NC(c2ccc(O)cc2)P2(=O)Oc3ccccc3-c3ccccc32)cc1,,NC1=CC=C(CC2=CC=C(N)C=C2)C=C1,6.0,0.43478382930937653,0.19661706906232446,0.0,0.0,0.0,0.4522179892813328,0.0,0.0,0.0,1,1,0,0,0,1,0,0,0,0,0,160.0,3.2,,24.7,,3.0,,,3.0,35.0,,1149.8,,,93.5,,,164.0,,,16.0,,,59.0,,,105.1,,,,,Virtual screening scenario,,,,,,,,,,,,,,,,,,,,,,,,,,,,,,,
FORM_001113,PUBCHEM_67680096,"4-[(4-Methylanilino)-(6-oxobenzo[c][2,1]benzoxaphosphinin-6-yl)methyl]phenol",pubchem,P-N,PUBLIC_UNVERIFIED,False,True,True,True,True,Candidate,,"4-[(4-Methylanilino)-(6-oxobenzo[c][2,1]benzoxaphosphinin-6-yl)methyl]phenol",,DDM,DOPO-based (reactive),1,1,P-N,100.00%,0.00%,Cc1ccc(NC(c2ccc(O)cc2)P2(=O)Oc3ccccc3-c3ccccc32)cc1,,NC1=CC=C(CC2=CC=C(N)C=C2)C=C1,10.0,0.7246397155156277,0.3276951151038741,0.0,0.0,0.0,0.4522179892813327,0.0,0.0,0.0,1,1,0,0,0,1,0,0,0,0,0,160.0,3.2,,24.7,,3.0,,,3.0,35.0,,1149.8,,,93.5,,,164.0,,,16.0,,,59.0,,,105.1,,,,,Virtual screening scenario,,,,,,,,,,,,,,,,,,,,,,,,,,,,,,,
FORM_001114,PUBCHEM_102234466,"4-[Anilino-(6-oxobenzo[c][2,1]benzoxaphosphinin-6-yl)methyl]phenol",pubchem,P-N,PUBLIC_UNVERIFIED,False,True,True,True,True,Candidate,,"4-[Anilino-(6-oxobenzo[c][2,1]benzoxaphosphinin-6-yl)methyl]phenol",,DDM,DOPO-based (reactive),1,1,P-N,100.00%,0.00%,O=P1(C(Nc2ccccc2)c2ccc(O)cc2)Oc2ccccc2-c2ccccc21,,NC1=CC=C(CC2=CC=C(N)C=C2)C=C1,4.0,0.2996906241458298,0.1355254914576948,0.0,0.0,0.0,0.4522179892813328,0.0,0.0,0.0,1,1,0,0,0,1,0,0,0,0,0,160.0,3.2,,24.7,,3.0,,,3.0,35.0,,1149.8,,,93.5,,,164.0,,,16.0,,,59.0,,,105.1,,,,,Virtual screening scenario,,,,,,,,,,,,,,,,,,,,,,,,,,,,,,,
FORM_001115,PUBCHEM_102234466,"4-[Anilino-(6-oxobenzo[c][2,1]benzoxaphosphinin-6-yl)methyl]phenol",pubchem,P-N,PUBLIC_UNVERIFIED,False,True,True,True,True,Candidate,,"4-[Anilino-(6-oxobenzo[c][2,1]benzoxaphosphinin-6-yl)methyl]phenol",,DDM,DOPO-based (reactive),1,1,P-N,100.00%,0.00%,O=P1(C(Nc2ccccc2)c2ccc(O)cc2)Oc2ccccc2-c2ccccc21,,NC1=CC=C(CC2=CC=C(N)C=C2)C=C1,6.0,0.44953593621874477,0.2032882371865422,0.0,0.0,0.0,0.4522179892813328,0.0,0.0,0.0,1,1,0,0,0,1,0,0,0,0,0,160.0,3.2,,24.7,,3.0,,,3.0,35.0,,1149.8,,,93.5,,,164.0,,,16.0,,,59.0,,,105.1,,,,,Virtual screening scenario,,,,,,,,,,,,,,,,,,,,,,,,,,,,,,,
FORM_001116,PUBCHEM_102234466,"4-[Anilino-(6-oxobenzo[c][2,1]benzoxaphosphinin-6-yl)methyl]phenol",pubchem,P-N,PUBLIC_UNVERIFIED,False,True,True,True,True,Candidate,,"4-[Anilino-(6-oxobenzo[c][2,1]benzoxaphosphinin-6-yl)methyl]phenol",,DDM,DOPO-based (reactive),1,1,P-N,100.00%,0.00%,O=P1(C(Nc2ccccc2)c2ccc(O)cc2)Oc2ccccc2-c2ccccc21,,NC1=CC=C(CC2=CC=C(N)C=C2)C=C1,10.0,0.7492265603645746,0.33881372864423703,0.0,0.0,0.0,0.45221798928133283,0.0,0.0,0.0,1,1,0,0,0,1,0,0,0,0,0,160.0,3.2,,24.7,,3.0,,,3.0,35.0,,1149.8,,,93.5,,,164.0,,,16.0,,,59.0,,,105.1,,,,,Virtual screening scenario,,,,,,,,,,,,,,,,,,,,,,,,,,,,,,,
FORM_001117,PUBCHEM_57831606,"2-[(4-Methylanilino)-(6-oxobenzo[c][2,1]benzoxaphosphinin-6-yl)methyl]phenol",pubchem,P-N,PUBLIC_UNVERIFIED,False,True,True,True,True,Candidate,,"2-[(4-Methylanilino)-(6-oxobenzo[c][2,1]benzoxaphosphinin-6-yl)methyl]phenol",,DDM,DOPO-based (reactive),1,1,P-N,100.00%,0.00%,Cc1ccc(NC(c2ccccc2O)P2(=O)Oc3ccccc3-c3ccccc32)cc1,,NC1=CC=C(CC2=CC=C(N)C=C2)C=C1,4.0,0.289855886206251,0.13107804604154963,0.0,0.0,0.0,0.4522179892813327,0.0,0.0,0.0,1,1,0,0,0,1,0,0,0,0,0,160.0,3.2,,24.7,,3.0,,,3.0,35.0,,1149.8,,,93.5,,,164.0,,,16.0,,,59.0,,,105.1,,,,,Virtual screening scenario,,,,,,,,,,,,,,,,,,,,,,,,,,,,,,,
FORM_001118,PUBCHEM_57831606,"2-[(4-Methylanilino)-(6-oxobenzo[c][2,1]benzoxaphosphinin-6-yl)methyl]phenol",pubchem,P-N,PUBLIC_UNVERIFIED,False,True,True,True,True,Candidate,,"2-[(4-Methylanilino)-(6-oxobenzo[c][2,1]benzoxaphosphinin-6-yl)methyl]phenol",,DDM,DOPO-based (reactive),1,1,P-N,100.00%,0.00%,Cc1ccc(NC(c2ccccc2O)P2(=O)Oc3ccccc3-c3ccccc32)cc1,,NC1=CC=C(CC2=CC=C(N)C=C2)C=C1,6.0,0.43478382930937653,0.19661706906232446,0.0,0.0,0.0,0.4522179892813328,0.0,0.0,0.0,1,1,0,0,0,1,0,0,0,0,0,160.0,3.2,,24.7,,3.0,,,3.0,35.0,,1149.8,,,93.5,,,164.0,,,16.0,,,59.0,,,105.1,,,,,Virtual screening scenario,,,,,,,,,,,,,,,,,,,,,,,,,,,,,,,
FORM_001119,PUBCHEM_57831606,"2-[(4-Methylanilino)-(6-oxobenzo[c][2,1]benzoxaphosphinin-6-yl)methyl]phenol",pubchem,P-N,PUBLIC_UNVERIFIED,False,True,True,True,True,Candidate,,"2-[(4-Methylanilino)-(6-oxobenzo[c][2,1]benzoxaphosphinin-6-yl)methyl]phenol",,DDM,DOPO-based (reactive),1,1,P-N,100.00%,0.00%,Cc1ccc(NC(c2ccccc2O)P2(=O)Oc3ccccc3-c3ccccc32)cc1,,NC1=CC=C(CC2=CC=C(N)C=C2)C=C1,10.0,0.7246397155156277,0.3276951151038741,0.0,0.0,0.0,0.4522179892813327,0.0,0.0,0.0,1,1,0,0,0,1,0,0,0,0,0,160.0,3.2,,24.7,,3.0,,,3.0,35.0,,1149.8,,,93.5,,,164.0,,,16.0,,,59.0,,,105.1,,,,,Virtual screening scenario,,,,,,,,,,,,,,,,,,,,,,,,,,,,,,,
FORM_001120,PUBCHEM_23578054,"2-[Anilino-(6-oxobenzo[c][2,1]benzoxaphosphinin-6-yl)methyl]phenol",pubchem,P-N,PUBLIC_UNVERIFIED,False,True,True,True,True,Candidate,,"2-[Anilino-(6-oxobenzo[c][2,1]benzoxaphosphinin-6-yl)methyl]phenol",,DDM,DOPO-based (reactive),1,1,P-N,100.00%,0.00%,O=P1(C(Nc2ccccc2)c2ccccc2O)Oc2ccccc2-c2ccccc21,,NC1=CC=C(CC2=CC=C(N)C=C2)C=C1,4.0,0.2996906241458298,0.1355254914576948,0.0,0.0,0.0,0.4522179892813328,0.0,0.0,0.0,1,1,0,0,0,1,0,0,0,0,0,160.0,3.2,,24.7,,3.0,,,3.0,35.0,,1149.8,,,93.5,,,164.0,,,16.0,,,59.0,,,105.1,,,,,Virtual screening scenario,,,,,,,,,,,,,,,,,,,,,,,,,,,,,,,
FORM_001121,PUBCHEM_23578054,"2-[Anilino-(6-oxobenzo[c][2,1]benzoxaphosphinin-6-yl)methyl]phenol",pubchem,P-N,PUBLIC_UNVERIFIED,False,True,True,True,True,Candidate,,"2-[Anilino-(6-oxobenzo[c][2,1]benzoxaphosphinin-6-yl)methyl]phenol",,DDM,DOPO-based (reactive),1,1,P-N,100.00%,0.00%,O=P1(C(Nc2ccccc2)c2ccccc2O)Oc2ccccc2-c2ccccc21,,NC1=CC=C(CC2=CC=C(N)C=C2)C=C1,6.0,0.44953593621874477,0.2032882371865422,0.0,0.0,0.0,0.4522179892813328,0.0,0.0,0.0,1,1,0,0,0,1,0,0,0,0,0,160.0,3.2,,24.7,,3.0,,,3.0,35.0,,1149.8,,,93.5,,,164.0,,,16.0,,,59.0,,,105.1,,,,,Virtual screening scenario,,,,,,,,,,,,,,,,,,,,,,,,,,,,,,,
FORM_001122,PUBCHEM_23578054,"2-[Anilino-(6-oxobenzo[c][2,1]benzoxaphosphinin-6-yl)methyl]phenol",pubchem,P-N,PUBLIC_UNVERIFIED,False,True,True,True,True,Candidate,,"2-[Anilino-(6-oxobenzo[c][2,1]benzoxaphosphinin-6-yl)methyl]phenol",,DDM,DOPO-based (reactive),1,1,P-N,100.00%,0.00%,O=P1(C(Nc2ccccc2)c2ccccc2O)Oc2ccccc2-c2ccccc21,,NC1=CC=C(CC2=CC=C(N)C=C2)C=C1,10.0,0.7492265603645746,0.33881372864423703,0.0,0.0,0.0,0.45221798928133283,0.0,0.0,0.0,1,1,0,0,0,1,0,0,0,0,0,160.0,3.2,,24.7,,3.0,,,3.0,35.0,,1149.8,,,93.5,,,164.0,,,16.0,,,59.0,,,105.1,,,,,Virtual screening scenario,,,,,,,,,,,,,,,,,,,,,,,,,,,,,,,
FORM_001123,PUBCHEM_102416127,"Dimethoxy-methyl-[2-(6-oxobenzo[c][2,1]benzoxaphosphinin-6-yl)ethyl]silane",pubchem,P-Si,PUBLIC_UNVERIFIED,False,True,True,True,True,Candidate,,"Dimethoxy-methyl-[2-(6-oxobenzo[c][2,1]benzoxaphosphinin-6-yl)ethyl]silane",,DDM,DOPO-based (additive),0,1,P-Si,100.00%,0.00%,CO[Si](C)(CCP1(=O)Oc2ccccc2-c2ccccc21)OC,,NC1=CC=C(CC2=CC=C(N)C=C2)C=C1,3.42,0.3040405727718125,0.0,0.0,0.0,0.2756919844666212,0.0,0.0,0.0,0.9067605088138437,1,0,0,0,1,1,0,0,0,0,0,160.0,3.2,,24.8,,3.2,,,3.0,35.0,,1184.0,,,87.2,,,159.0,,,17.0,,,62.6,,,97.55,,,,,Virtual screening scenario,,,,,,,,,,,,,,,,,,,,,,,,,,,,,,,
FORM_001124,PUBCHEM_102416127,"Dimethoxy-methyl-[2-(6-oxobenzo[c][2,1]benzoxaphosphinin-6-yl)ethyl]silane",pubchem,P-Si,PUBLIC_UNVERIFIED,False,True,True,True,True,Candidate,,"Dimethoxy-methyl-[2-(6-oxobenzo[c][2,1]benzoxaphosphinin-6-yl)ethyl]silane",,DDM,DOPO-based (additive),0,1,P-Si,100.00%,0.00%,CO[Si](C)(CCP1(=O)Oc2ccccc2-c2ccccc21)OC,,NC1=CC=C(CC2=CC=C(N)C=C2)C=C1,7.0,0.6223052659072186,0.0,0.0,0.0,0.5642818395515639,0.0,0.0,0.0,0.9067605088138437,1,0,0,0,1,1,0,0,0,0,0,160.0,3.2,,24.8,,3.2,,,3.0,35.0,,1184.0,,,87.2,,,159.0,,,17.0,,,62.6,,,97.55,,,,,Virtual screening scenario,,,,,,,,,,,,,,,,,,,,,,,,,,,,,,,
FORM_001125,PUBCHEM_102416127,"Dimethoxy-methyl-[2-(6-oxobenzo[c][2,1]benzoxaphosphinin-6-yl)ethyl]silane",pubchem,P-Si,PUBLIC_UNVERIFIED,False,True,True,True,True,Candidate,,"Dimethoxy-methyl-[2-(6-oxobenzo[c][2,1]benzoxaphosphinin-6-yl)ethyl]silane",,DDM,DOPO-based (additive),0,1,P-Si,100.00%,0.00%,CO[Si](C)(CCP1(=O)Oc2ccccc2-c2ccccc21)OC,,NC1=CC=C(CC2=CC=C(N)C=C2)C=C1,10.0,0.8890075227245979,0.0,0.0,0.0,0.8061169136450913,0.0,0.0,0.0,0.9067605088138438,1,0,0,0,1,1,0,0,0,0,0,160.0,3.2,,24.8,,3.2,,,3.0,35.0,,1184.0,,,87.2,,,159.0,,,17.0,,,62.6,,,97.55,,,,,Virtual screening scenario,,,,,,,,,,,,,,,,,,,,,,,,,,,,,,,
FORM_001126,PUBCHEM_68009578,"1,3-Bis(2-methylbutyl)-5-[3-(6-oxobenzo[c][2,1]benzoxaphosphinin-6-yl)propyl]-1,3,5-triazinane-2,4,6-trione",pubchem,P-N,PUBLIC_UNVERIFIED,False,True,True,True,True,Candidate,,"1,3-Bis(2-methylbutyl)-5-[3-(6-oxobenzo[c][2,1]benzoxaphosphinin-6-yl)propyl]-1,3,5-triazinane-2,4,6-trione",,DDM,DOPO-based (additive),0,1,P-N,100.00%,0.00%,CCC(C)Cn1c(=O)n(CCCP2(=O)Oc3ccccc3-c3ccccc32)c(=O)n(CC(C)CC)c1=O,,NC1=CC=C(CC2=CC=C(N)C=C2)C=C1,3.42,0.2015485191766903,0.27343159825413904,0.0,0.0,0.0,1.356653967843998,0.0,0.0,0.0,1,1,0,0,0,1,0,0,0,0,0,160.0,3.2,,24.8,,3.2,,,3.0,35.0,,1184.0,,,87.2,,,159.0,,,17.0,,,62.6,,,97.55,,,,,Virtual screening scenario,,,,,,,,,,,,,,,,,,,,,,,,,,,,,,,
FORM_001127,PUBCHEM_68009578,"1,3-Bis(2-methylbutyl)-5-[3-(6-oxobenzo[c][2,1]benzoxaphosphinin-6-yl)propyl]-1,3,5-triazinane-2,4,6-trione",pubchem,P-N,PUBLIC_UNVERIFIED,False,True,True,True,True,Candidate,,"1,3-Bis(2-methylbutyl)-5-[3-(6-oxobenzo[c][2,1]benzoxaphosphinin-6-yl)propyl]-1,3,5-triazinane-2,4,6-trione",,DDM,DOPO-based (additive),0,1,P-N,100.00%,0.00%,CCC(C)Cn1c(=O)n(CCCP2(=O)Oc3ccccc3-c3ccccc32)c(=O)n(CC(C)CC)c1=O,,NC1=CC=C(CC2=CC=C(N)C=C2)C=C1,7.0,0.412526208841179,0.5596553180640274,0.0,0.0,0.0,1.3566539678439982,0.0,0.0,0.0,1,1,0,0,0,1,0,0,0,0,0,160.0,3.2,,24.8,,3.2,,,3.0,35.0,,1184.0,,,87.2,,,159.0,,,17.0,,,62.6,,,97.55,,,,,Virtual screening scenario,,,,,,,,,,,,,,,,,,,,,,,,,,,,,,,
FORM_001128,PUBCHEM_68009578,"1,3-Bis(2-methylbutyl)-5-[3-(6-oxobenzo[c][2,1]benzoxaphosphinin-6-yl)propyl]-1,3,5-triazinane-2,4,6-trione",pubchem,P-N,PUBLIC_UNVERIFIED,False,True,True,True,True,Candidate,,"1,3-Bis(2-methylbutyl)-5-[3-(6-oxobenzo[c][2,1]benzoxaphosphinin-6-yl)propyl]-1,3,5-triazinane-2,4,6-trione",,DDM,DOPO-based (additive),0,1,P-N,100.00%,0.00%,CCC(C)Cn1c(=O)n(CCCP2(=O)Oc3ccccc3-c3ccccc32)c(=O)n(CC(C)CC)c1=O,,NC1=CC=C(CC2=CC=C(N)C=C2)C=C1,10.0,0.5893231554873986,0.7995075972343247,0.0,0.0,0.0,1.3566539678439982,0.0,0.0,0.0,1,1,0,0,0,1,0,0,0,0,0,160.0,3.2,,24.8,,3.2,,,3.0,35.0,,1184.0,,,87.2,,,159.0,,,17.0,,,62.6,,,97.55,,,,,Virtual screening scenario,,,,,,,,,,,,,,,,,,,,,,,,,,,,,,,
FORM_001129,PUBCHEM_57954013,"[4-[4-(6-Oxobenzo[c][2,1]benzoxaphosphinin-6-yl)-2,4-dihydro-1,3-benzoxazin-3-yl]phenyl] acetate",pubchem,P-N,PUBLIC_UNVERIFIED,False,True,True,True,True,Candidate,,"[4-[4-(6-Oxobenzo[c][2,1]benzoxaphosphinin-6-yl)-2,4-dihydro-1,3-benzoxazin-3-yl]phenyl] acetate",,DDM,DOPO-based (additive),0,1,P-N,100.00%,0.00%,CC(=O)Oc1ccc(N2COc3ccccc3C2P2(=O)Oc3ccccc3-c3ccccc32)cc1,,NC1=CC=C(CC2=CC=C(N)C=C2)C=C1,3.42,0.21911032970669747,0.0990856327307326,0.0,0.0,0.0,0.4522179892813328,0.0,0.0,0.0,1,1,0,0,0,1,0,0,0,0,0,160.0,3.2,,24.8,,3.2,,,3.0,35.0,,1184.0,,,87.2,,,159.0,,,17.0,,,62.6,,,97.55,,,,,Virtual screening scenario,,,,,,,,,,,,,,,,,,,,,,,,,,,,,,,
FORM_001130,PUBCHEM_57954013,"[4-[4-(6-Oxobenzo[c][2,1]benzoxaphosphinin-6-yl)-2,4-dihydro-1,3-benzoxazin-3-yl]phenyl] acetate",pubchem,P-N,PUBLIC_UNVERIFIED,False,True,True,True,True,Candidate,,"[4-[4-(6-Oxobenzo[c][2,1]benzoxaphosphinin-6-yl)-2,4-dihydro-1,3-benzoxazin-3-yl]phenyl] acetate",,DDM,DOPO-based (additive),0,1,P-N,100.00%,0.00%,CC(=O)Oc1ccc(N2COc3ccccc3C2P2(=O)Oc3ccccc3-c3ccccc32)cc1,,NC1=CC=C(CC2=CC=C(N)C=C2)C=C1,7.0,0.4484714350721879,0.20280685061845855,0.0,0.0,0.0,0.45221798928133267,0.0,0.0,0.0,1,1,0,0,0,1,0,0,0,0,0,160.0,3.2,,24.8,,3.2,,,3.0,35.0,,1184.0,,,87.2,,,159.0,,,17.0,,,62.6,,,97.55,,,,,Virtual screening scenario,,,,,,,,,,,,,,,,,,,,,,,,,,,,,,,
FORM_001131,PUBCHEM_57954013,"[4-[4-(6-Oxobenzo[c][2,1]benzoxaphosphinin-6-yl)-2,4-dihydro-1,3-benzoxazin-3-yl]phenyl] acetate",pubchem,P-N,PUBLIC_UNVERIFIED,False,True,True,True,True,Candidate,,"[4-[4-(6-Oxobenzo[c][2,1]benzoxaphosphinin-6-yl)-2,4-dihydro-1,3-benzoxazin-3-yl]phenyl] acetate",,DDM,DOPO-based (additive),0,1,P-N,100.00%,0.00%,CC(=O)Oc1ccc(N2COc3ccccc3C2P2(=O)Oc3ccccc3-c3ccccc32)cc1,,NC1=CC=C(CC2=CC=C(N)C=C2)C=C1,10.0,0.6406734786745542,0.28972407231208364,0.0,0.0,0.0,0.45221798928133267,0.0,0.0,0.0,1,1,0,0,0,1,0,0,0,0,0,160.0,3.2,,24.8,,3.2,,,3.0,35.0,,1184.0,,,87.2,,,159.0,,,17.0,,,62.6,,,97.55,,,,,Virtual screening scenario,,,,,,,,,,,,,,,,,,,,,,,,,,,,,,,
FORM_001132,PUBCHEM_141501646,"(4-Aminophenyl)-(6-oxobenzo[c][2,1]benzoxaphosphinin-6-yl)methanol",pubchem,P-N,PUBLIC_UNVERIFIED,False,True,True,True,True,Candidate,,"(4-Aminophenyl)-(6-oxobenzo[c][2,1]benzoxaphosphinin-6-yl)methanol",,DDM,DOPO-based (reactive),1,1,P-N,100.00%,0.00%,Nc1ccc(C(O)P2(=O)Oc3ccccc3-c3ccccc32)cc1,,NC1=CC=C(CC2=CC=C(N)C=C2)C=C1,4.0,0.36730059439989327,0.16609993626135808,0.0,0.0,0.0,0.4522179892813327,0.0,0.0,0.0,1,1,0,0,0,1,0,0,0,0,0,160.0,3.2,,24.7,,3.0,,,3.0,35.0,,1149.8,,,93.5,,,164.0,,,16.0,,,59.0,,,105.1,,,,,Virtual screening scenario,,,,,,,,,,,,,,,,,,,,,,,,,,,,,,,
FORM_001133,PUBCHEM_141501646,"(4-Aminophenyl)-(6-oxobenzo[c][2,1]benzoxaphosphinin-6-yl)methanol",pubchem,P-N,PUBLIC_UNVERIFIED,False,True,True,True,True,Candidate,,"(4-Aminophenyl)-(6-oxobenzo[c][2,1]benzoxaphosphinin-6-yl)methanol",,DDM,DOPO-based (reactive),1,1,P-N,100.00%,0.00%,Nc1ccc(C(O)P2(=O)Oc3ccccc3-c3ccccc32)cc1,,NC1=CC=C(CC2=CC=C(N)C=C2)C=C1,6.0,0.5509508915998399,0.24914990439203713,0.0,0.0,0.0,0.4522179892813328,0.0,0.0,0.0,1,1,0,0,0,1,0,0,0,0,0,160.0,3.2,,24.7,,3.0,,,3.0,35.0,,1149.8,,,93.5,,,164.0,,,16.0,,,59.0,,,105.1,,,,,Virtual screening scenario,,,,,,,,,,,,,,,,,,,,,,,,,,,,,,,
FORM_001134,PUBCHEM_141501646,"(4-Aminophenyl)-(6-oxobenzo[c][2,1]benzoxaphosphinin-6-yl)methanol",pubchem,P-N,PUBLIC_UNVERIFIED,False,True,True,True,True,Candidate,,"(4-Aminophenyl)-(6-oxobenzo[c][2,1]benzoxaphosphinin-6-yl)methanol",,DDM,DOPO-based (reactive),1,1,P-N,100.00%,0.00%,Nc1ccc(C(O)P2(=O)Oc3ccccc3-c3ccccc32)cc1,,NC1=CC=C(CC2=CC=C(N)C=C2)C=C1,10.0,0.9182514859997332,0.41524984065339515,0.0,0.0,0.0,0.4522179892813327,0.0,0.0,0.0,1,1,0,0,0,1,0,0,0,0,0,160.0,3.2,,24.7,,3.0,,,3.0,35.0,,1149.8,,,93.5,,,164.0,,,16.0,,,59.0,,,105.1,,,,,Virtual screening scenario,,,,,,,,,,,,,,,,,,,,,,,,,,,,,,,
FORM_001135,PUBCHEM_14686909,"(4-Methylphenyl)-(6-oxobenzo[c][2,1]benzoxaphosphinin-6-yl)methanol",pubchem,P-only,PUBLIC_UNVERIFIED,False,True,True,True,True,Candidate,,"(4-Methylphenyl)-(6-oxobenzo[c][2,1]benzoxaphosphinin-6-yl)methanol",,DDM,DOPO-based (reactive),1,0,P-only,100.00%,0.00%,Cc1ccc(C(O)P2(=O)Oc3ccccc3-c3ccccc32)cc1,,NC1=CC=C(CC2=CC=C(N)C=C2)C=C1,4.0,0.36837958296538786,0.0,0.0,0.0,0.0,0.0,0.0,0.0,0.0,1,0,0,0,0,1,0,0,0,0,0,160.0,3.2,,24.7,,3.0,,,3.0,35.0,,1149.8,,,93.5,,,164.0,,,16.0,,,59.0,,,105.1,,,,,Virtual screening scenario,,,,,,,,,,,,,,,,,,,,,,,,,,,,,,,
FORM_001136,PUBCHEM_14686909,"(4-Methylphenyl)-(6-oxobenzo[c][2,1]benzoxaphosphinin-6-yl)methanol",pubchem,P-only,PUBLIC_UNVERIFIED,False,True,True,True,True,Candidate,,"(4-Methylphenyl)-(6-oxobenzo[c][2,1]benzoxaphosphinin-6-yl)methanol",,DDM,DOPO-based (reactive),1,0,P-only,100.00%,0.00%,Cc1ccc(C(O)P2(=O)Oc3ccccc3-c3ccccc32)cc1,,NC1=CC=C(CC2=CC=C(N)C=C2)C=C1,6.0,0.5525693744480819,0.0,0.0,0.0,0.0,0.0,0.0,0.0,0.0,1,0,0,0,0,1,0,0,0,0,0,160.0,3.2,,24.7,,3.0,,,3.0,35.0,,1149.8,,,93.5,,,164.0,,,16.0,,,59.0,,,105.1,,,,,Virtual screening scenario,,,,,,,,,,,,,,,,,,,,,,,,,,,,,,,
FORM_001137,PUBCHEM_14686909,"(4-Methylphenyl)-(6-oxobenzo[c][2,1]benzoxaphosphinin-6-yl)methanol",pubchem,P-only,PUBLIC_UNVERIFIED,False,True,True,True,True,Candidate,,"(4-Methylphenyl)-(6-oxobenzo[c][2,1]benzoxaphosphinin-6-yl)methanol",,DDM,DOPO-based (reactive),1,0,P-only,100.00%,0.00%,Cc1ccc(C(O)P2(=O)Oc3ccccc3-c3ccccc32)cc1,,NC1=CC=C(CC2=CC=C(N)C=C2)C=C1,10.0,0.9209489574134696,0.0,0.0,0.0,0.0,0.0,0.0,0.0,0.0,1,0,0,0,0,1,0,0,0,0,0,160.0,3.2,,24.7,,3.0,,,3.0,35.0,,1149.8,,,93.5,,,164.0,,,16.0,,,59.0,,,105.1,,,,,Virtual screening scenario,,,,,,,,,,,,,,,,,,,,,,,,,,,,,,,
FORM_001138,PUBCHEM_14686915,"(4-Chlorophenyl)-(6-oxobenzo[c][2,1]benzoxaphosphinin-6-yl)methanol",pubchem,P-only,PUBLIC_UNVERIFIED,False,True,True,True,True,Candidate,,"(4-Chlorophenyl)-(6-oxobenzo[c][2,1]benzoxaphosphinin-6-yl)methanol",,DDM,DOPO-based (reactive),1,0,P-only,100.00%,0.00%,O=P1(C(O)c2ccc(Cl)cc2)Oc2ccccc2-c2ccccc21,,NC1=CC=C(CC2=CC=C(N)C=C2)C=C1,4.0,0.34729568739575895,0.0,0.0,0.0,0.0,0.0,0.0,0.0,0.0,1,0,0,0,0,1,0,0,0,0,0,160.0,3.2,,24.7,,3.0,,,3.0,35.0,,1149.8,,,93.5,,,164.0,,,16.0,,,59.0,,,105.1,,,,,Virtual screening scenario,,,,,,,,,,,,,,,,,,,,,,,,,,,,,,,
FORM_001139,PUBCHEM_14686915,"(4-Chlorophenyl)-(6-oxobenzo[c][2,1]benzoxaphosphinin-6-yl)methanol",pubchem,P-only,PUBLIC_UNVERIFIED,False,True,True,True,True,Candidate,,"(4-Chlorophenyl)-(6-oxobenzo[c][2,1]benzoxaphosphinin-6-yl)methanol",,DDM,DOPO-based (reactive),1,0,P-only,100.00%,0.00%,O=P1(C(O)c2ccc(Cl)cc2)Oc2ccccc2-c2ccccc21,,NC1=CC=C(CC2=CC=C(N)C=C2)C=C1,6.0,0.5209435310936384,0.0,0.0,0.0,0.0,0.0,0.0,0.0,0.0,1,0,0,0,0,1,0,0,0,0,0,160.0,3.2,,24.7,,3.0,,,3.0,35.0,,1149.8,,,93.5,,,164.0,,,16.0,,,59.0,,,105.1,,,,,Virtual screening scenario,,,,,,,,,,,,,,,,,,,,,,,,,,,,,,,
FORM_001140,PUBCHEM_14686915,"(4-Chlorophenyl)-(6-oxobenzo[c][2,1]benzoxaphosphinin-6-yl)methanol",pubchem,P-only,PUBLIC_UNVERIFIED,False,True,True,True,True,Candidate,,"(4-Chlorophenyl)-(6-oxobenzo[c][2,1]benzoxaphosphinin-6-yl)methanol",,DDM,DOPO-based (reactive),1,0,P-only,100.00%,0.00%,O=P1(C(O)c2ccc(Cl)cc2)Oc2ccccc2-c2ccccc21,,NC1=CC=C(CC2=CC=C(N)C=C2)C=C1,10.0,0.8682392184893973,0.0,0.0,0.0,0.0,0.0,0.0,0.0,0.0,1,0,0,0,0,1,0,0,0,0,0,160.0,3.2,,24.7,,3.0,,,3.0,35.0,,1149.8,,,93.5,,,164.0,,,16.0,,,59.0,,,105.1,,,,,Virtual screening scenario,,,,,,,,,,,,,,,,,,,,,,,,,,,,,,,
FORM_001141,PUBCHEM_89591181,DOPO-ethyltriethoxysilane (DOPO-ETES),pubchem,P-Si,PUBLIC_UNVERIFIED,False,True,True,True,True,Candidate,,DOPO-ethyltriethoxysilane (DOPO-ETES),,DDM,DOPO-based (additive),0,1,P-Si,100.00%,0.00%,CCO[Si](CCP1(=O)Oc2ccccc2-c2ccccc21)(OCC)OCC,,NC1=CC=C(CC2=CC=C(N)C=C2)C=C1,3.42,0.2605988324464747,0.0,0.0,0.0,0.23630072990545906,0.0,0.0,0.0,0.906760508813844,1,0,0,0,1,1,0,0,0,0,0,160.0,3.2,,24.8,,3.2,,,3.0,35.0,,1184.0,,,87.2,,,159.0,,,17.0,,,62.6,,,97.55,,,,,Virtual screening scenario,,,,,,,,,,,,,,,,,,,,,,,,,,,,,,,
FORM_001142,PUBCHEM_89591181,DOPO-ethyltriethoxysilane (DOPO-ETES),pubchem,P-Si,PUBLIC_UNVERIFIED,False,True,True,True,True,Candidate,,DOPO-ethyltriethoxysilane (DOPO-ETES),,DDM,DOPO-based (additive),0,1,P-Si,100.00%,0.00%,CCO[Si](CCP1(=O)Oc2ccccc2-c2ccccc21)(OCC)OCC,,NC1=CC=C(CC2=CC=C(N)C=C2)C=C1,7.0,0.5333894231360593,0.0,0.0,0.0,0.4836564647187758,0.0,0.0,0.0,0.906760508813844,1,0,0,0,1,1,0,0,0,0,0,160.0,3.2,,24.8,,3.2,,,3.0,35.0,,1184.0,,,87.2,,,159.0,,,17.0,,,62.6,,,97.55,,,,,Virtual screening scenario,,,,,,,,,,,,,,,,,,,,,,,,,,,,,,,
FORM_001143,PUBCHEM_89591181,DOPO-ethyltriethoxysilane (DOPO-ETES),pubchem,P-Si,PUBLIC_UNVERIFIED,False,True,True,True,True,Candidate,,DOPO-ethyltriethoxysilane (DOPO-ETES),,DDM,DOPO-based (additive),0,1,P-Si,100.00%,0.00%,CCO[Si](CCP1(=O)Oc2ccccc2-c2ccccc21)(OCC)OCC,,NC1=CC=C(CC2=CC=C(N)C=C2)C=C1,10.0,0.7619848901943704,0.0,0.0,0.0,0.6909378067411083,0.0,0.0,0.0,0.9067605088138438,1,0,0,0,1,1,0,0,0,0,0,160.0,3.2,,24.8,,3.2,,,3.0,35.0,,1184.0,,,87.2,,,159.0,,,17.0,,,62.6,,,97.55,,,,,Virtual screening scenario,,,,,,,,,,,,,,,,,,,,,,,,,,,,,,,
FORM_001144,PUBCHEM_14686904,"(6-Oxobenzo[c][2,1]benzoxaphosphinin-6-yl)-phenylmethanol",pubchem,P-only,PUBLIC_UNVERIFIED,False,True,True,True,True,Candidate,,"(6-Oxobenzo[c][2,1]benzoxaphosphinin-6-yl)-phenylmethanol",,DDM,DOPO-based (reactive),1,0,P-only,100.00%,0.00%,O=P1(C(O)c2ccccc2)Oc2ccccc2-c2ccccc21,,NC1=CC=C(CC2=CC=C(N)C=C2)C=C1,4.0,0.38441203847347183,0.0,0.0,0.0,0.0,0.0,0.0,0.0,0.0,1,0,0,0,0,1,0,0,0,0,0,160.0,3.2,,24.7,,3.0,,,3.0,35.0,,1149.8,,,93.5,,,164.0,,,16.0,,,59.0,,,105.1,,,,,Virtual screening scenario,,,,,,,,,,,,,,,,,,,,,,,,,,,,,,,
FORM_001145,PUBCHEM_14686904,"(6-Oxobenzo[c][2,1]benzoxaphosphinin-6-yl)-phenylmethanol",pubchem,P-only,PUBLIC_UNVERIFIED,False,True,True,True,True,Candidate,,"(6-Oxobenzo[c][2,1]benzoxaphosphinin-6-yl)-phenylmethanol",,DDM,DOPO-based (reactive),1,0,P-only,100.00%,0.00%,O=P1(C(O)c2ccccc2)Oc2ccccc2-c2ccccc21,,NC1=CC=C(CC2=CC=C(N)C=C2)C=C1,6.0,0.5766180577102077,0.0,0.0,0.0,0.0,0.0,0.0,0.0,0.0,1,0,0,0,0,1,0,0,0,0,0,160.0,3.2,,24.7,,3.0,,,3.0,35.0,,1149.8,,,93.5,,,164.0,,,16.0,,,59.0,,,105.1,,,,,Virtual screening scenario,,,,,,,,,,,,,,,,,,,,,,,,,,,,,,,
FORM_001146,PUBCHEM_14686904,"(6-Oxobenzo[c][2,1]benzoxaphosphinin-6-yl)-phenylmethanol",pubchem,P-only,PUBLIC_UNVERIFIED,False,True,True,True,True,Candidate,,"(6-Oxobenzo[c][2,1]benzoxaphosphinin-6-yl)-phenylmethanol",,DDM,DOPO-based (reactive),1,0,P-only,100.00%,0.00%,O=P1(C(O)c2ccccc2)Oc2ccccc2-c2ccccc21,,NC1=CC=C(CC2=CC=C(N)C=C2)C=C1,10.0,0.9610300961836796,0.0,0.0,0.0,0.0,0.0,0.0,0.0,0.0,1,0,0,0,0,1,0,0,0,0,0,160.0,3.2,,24.7,,3.0,,,3.0,35.0,,1149.8,,,93.5,,,164.0,,,16.0,,,59.0,,,105.1,,,,,Virtual screening scenario,,,,,,,,,,,,,,,,,,,,,,,,,,,,,,,
FORM_001147,PUBCHEM_100988953,"[4-(3-Aminobenzoyl)oxy-3-(6-oxobenzo[c][2,1]benzoxaphosphinin-6-yl)phenyl] 3-aminobenzoate",pubchem,P-N,PUBLIC_UNVERIFIED,False,True,True,True,True,Candidate,,"[4-(3-Aminobenzoyl)oxy-3-(6-oxobenzo[c][2,1]benzoxaphosphinin-6-yl)phenyl] 3-aminobenzoate",,DDM,DOPO-based (reactive),1,1,P-N,100.00%,0.00%,Nc1cccc(C(=O)Oc2ccc(OC(=O)c3cccc(N)c3)c(P3(=O)Oc4ccccc4-c4ccccc43)c2)c1,,NC1=CC=C(CC2=CC=C(N)C=C2)C=C1,4.0,0.22025250747531624,0.19920429212931842,0.0,0.0,0.0,0.9044359785626654,0.0,0.0,0.0,1,1,0,0,0,1,0,0,0,0,0,160.0,3.2,,24.7,,3.0,,,3.0,35.0,,1149.8,,,93.5,,,164.0,,,16.0,,,59.0,,,105.1,,,,,Virtual screening scenario,,,,,,,,,,,,,,,,,,,,,,,,,,,,,,,
FORM_001148,PUBCHEM_100988953,"[4-(3-Aminobenzoyl)oxy-3-(6-oxobenzo[c][2,1]benzoxaphosphinin-6-yl)phenyl] 3-aminobenzoate",pubchem,P-N,PUBLIC_UNVERIFIED,False,True,True,True,True,Candidate,,"[4-(3-Aminobenzoyl)oxy-3-(6-oxobenzo[c][2,1]benzoxaphosphinin-6-yl)phenyl] 3-aminobenzoate",,DDM,DOPO-based (reactive),1,1,P-N,100.00%,0.00%,Nc1cccc(C(=O)Oc2ccc(OC(=O)c3cccc(N)c3)c(P3(=O)Oc4ccccc4-c4ccccc43)c2)c1,,NC1=CC=C(CC2=CC=C(N)C=C2)C=C1,6.0,0.3303787612129744,0.2988064381939777,0.0,0.0,0.0,0.9044359785626654,0.0,0.0,0.0,1,1,0,0,0,1,0,0,0,0,0,160.0,3.2,,24.7,,3.0,,,3.0,35.0,,1149.8,,,93.5,,,164.0,,,16.0,,,59.0,,,105.1,,,,,Virtual screening scenario,,,,,,,,,,,,,,,,,,,,,,,,,,,,,,,
FORM_001149,PUBCHEM_100988953,"[4-(3-Aminobenzoyl)oxy-3-(6-oxobenzo[c][2,1]benzoxaphosphinin-6-yl)phenyl] 3-aminobenzoate",pubchem,P-N,PUBLIC_UNVERIFIED,False,True,True,True,True,Candidate,,"[4-(3-Aminobenzoyl)oxy-3-(6-oxobenzo[c][2,1]benzoxaphosphinin-6-yl)phenyl] 3-aminobenzoate",,DDM,DOPO-based (reactive),1,1,P-N,100.00%,0.00%,Nc1cccc(C(=O)Oc2ccc(OC(=O)c3cccc(N)c3)c(P3(=O)Oc4ccccc4-c4ccccc43)c2)c1,,NC1=CC=C(CC2=CC=C(N)C=C2)C=C1,10.0,0.5506312686882907,0.4980107303232961,0.0,0.0,0.0,0.9044359785626653,0.0,0.0,0.0,1,1,0,0,0,1,0,0,0,0,0,160.0,3.2,,24.7,,3.0,,,3.0,35.0,,1149.8,,,93.5,,,164.0,,,16.0,,,59.0,,,105.1,,,,,Virtual screening scenario,,,,,,,,,,,,,,,,,,,,,,,,,,,,,,,
FORM_001150,PUBCHEM_102319971,"2-[(6-Oxobenzo[c][2,1]benzoxaphosphinin-6-yl)methyl]-3-(3-trimethoxysilylpropoxy)propan-1-ol",pubchem,P-Si,PUBLIC_UNVERIFIED,False,True,True,True,True,Candidate,,"2-[(6-Oxobenzo[c][2,1]benzoxaphosphinin-6-yl)methyl]-3-(3-trimethoxysilylpropoxy)propan-1-ol",,DDM,DOPO-based (reactive),1,1,P-Si,100.00%,0.00%,CO[Si](CCCOCC(CO)CP1(=O)Oc2ccccc2-c2ccccc21)(OC)OC,,NC1=CC=C(CC2=CC=C(N)C=C2)C=C1,4.0,0.26556180244907746,0.0,0.0,0.0,0.24080095511024702,0.0,0.0,0.0,0.9067605088138441,1,0,0,0,1,1,0,0,0,0,0,160.0,3.2,,24.7,,3.0,,,3.0,35.0,,1149.8,,,93.5,,,164.0,,,16.0,,,59.0,,,105.1,,,,,Virtual screening scenario,,,,,,,,,,,,,,,,,,,,,,,,,,,,,,,
FORM_001151,PUBCHEM_102319971,"2-[(6-Oxobenzo[c][2,1]benzoxaphosphinin-6-yl)methyl]-3-(3-trimethoxysilylpropoxy)propan-1-ol",pubchem,P-Si,PUBLIC_UNVERIFIED,False,True,True,True,True,Candidate,,"2-[(6-Oxobenzo[c][2,1]benzoxaphosphinin-6-yl)methyl]-3-(3-trimethoxysilylpropoxy)propan-1-ol",,DDM,DOPO-based (reactive),1,1,P-Si,100.00%,0.00%,CO[Si](CCCOCC(CO)CP1(=O)Oc2ccccc2-c2ccccc21)(OC)OC,,NC1=CC=C(CC2=CC=C(N)C=C2)C=C1,6.0,0.3983427036736162,0.0,0.0,0.0,0.3612014326653706,0.0,0.0,0.0,0.9067605088138442,1,0,0,0,1,1,0,0,0,0,0,160.0,3.2,,24.7,,3.0,,,3.0,35.0,,1149.8,,,93.5,,,164.0,,,16.0,,,59.0,,,105.1,,,,,Virtual screening scenario,,,,,,,,,,,,,,,,,,,,,,,,,,,,,,,
FORM_001152,PUBCHEM_102319971,"2-[(6-Oxobenzo[c][2,1]benzoxaphosphinin-6-yl)methyl]-3-(3-trimethoxysilylpropoxy)propan-1-ol",pubchem,P-Si,PUBLIC_UNVERIFIED,False,True,True,True,True,Candidate,,"2-[(6-Oxobenzo[c][2,1]benzoxaphosphinin-6-yl)methyl]-3-(3-trimethoxysilylpropoxy)propan-1-ol",,DDM,DOPO-based (reactive),1,1,P-Si,100.00%,0.00%,CO[Si](CCCOCC(CO)CP1(=O)Oc2ccccc2-c2ccccc21)(OC)OC,,NC1=CC=C(CC2=CC=C(N)C=C2)C=C1,10.0,0.6639045061226936,0.0,0.0,0.0,0.6020023877756175,0.0,0.0,0.0,0.9067605088138442,1,0,0,0,1,1,0,0,0,0,0,160.0,3.2,,24.7,,3.0,,,3.0,35.0,,1149.8,,,93.5,,,164.0,,,16.0,,,59.0,,,105.1,,,,,Virtual screening scenario,,,,,,,,,,,,,,,,,,,,,,,,,,,,,,,
FORM_001153,PUBCHEM_166696251,"4-Hydroperoxy-4-oxo-3-[(6-oxobenzo[c][2,1]benzoxaphosphinin-6-yl)methyl]butanoic acid",pubchem,P-only,PUBLIC_UNVERIFIED,False,True,True,True,True,Candidate,,"4-Hydroperoxy-4-oxo-3-[(6-oxobenzo[c][2,1]benzoxaphosphinin-6-yl)methyl]butanoic acid",,DDM,DOPO-based (reactive),1,0,P-only,100.00%,0.00%,O=C(O)CC(CP1(=O)Oc2ccccc2-c2ccccc21)C(=O)OO,,NC1=CC=C(CC2=CC=C(N)C=C2)C=C1,4.0,0.3419952853365132,0.0,0.0,0.0,0.0,0.0,0.0,0.0,0.0,1,0,0,0,0,1,0,0,0,0,0,160.0,3.2,,24.7,,3.0,,,3.0,35.0,,1149.8,,,93.5,,,164.0,,,16.0,,,59.0,,,105.1,,,,,Virtual screening scenario,,,,,,,,,,,,,,,,,,,,,,,,,,,,,,,
FORM_001154,PUBCHEM_166696251,"4-Hydroperoxy-4-oxo-3-[(6-oxobenzo[c][2,1]benzoxaphosphinin-6-yl)methyl]butanoic acid",pubchem,P-only,PUBLIC_UNVERIFIED,False,True,True,True,True,Candidate,,"4-Hydroperoxy-4-oxo-3-[(6-oxobenzo[c][2,1]benzoxaphosphinin-6-yl)methyl]butanoic acid",,DDM,DOPO-based (reactive),1,0,P-only,100.00%,0.00%,O=C(O)CC(CP1(=O)Oc2ccccc2-c2ccccc21)C(=O)OO,,NC1=CC=C(CC2=CC=C(N)C=C2)C=C1,6.0,0.5129929280047698,0.0,0.0,0.0,0.0,0.0,0.0,0.0,0.0,1,0,0,0,0,1,0,0,0,0,0,160.0,3.2,,24.7,,3.0,,,3.0,35.0,,1149.8,,,93.5,,,164.0,,,16.0,,,59.0,,,105.1,,,,,Virtual screening scenario,,,,,,,,,,,,,,,,,,,,,,,,,,,,,,,
FORM_001155,PUBCHEM_166696251,"4-Hydroperoxy-4-oxo-3-[(6-oxobenzo[c][2,1]benzoxaphosphinin-6-yl)methyl]butanoic acid",pubchem,P-only,PUBLIC_UNVERIFIED,False,True,True,True,True,Candidate,,"4-Hydroperoxy-4-oxo-3-[(6-oxobenzo[c][2,1]benzoxaphosphinin-6-yl)methyl]butanoic acid",,DDM,DOPO-based (reactive),1,0,P-only,100.00%,0.00%,O=C(O)CC(CP1(=O)Oc2ccccc2-c2ccccc21)C(=O)OO,,NC1=CC=C(CC2=CC=C(N)C=C2)C=C1,10.0,0.8549882133412829,0.0,0.0,0.0,0.0,0.0,0.0,0.0,0.0,1,0,0,0,0,1,0,0,0,0,0,160.0,3.2,,24.7,,3.0,,,3.0,35.0,,1149.8,,,93.5,,,164.0,,,16.0,,,59.0,,,105.1,,,,,Virtual screening scenario,,,,,,,,,,,,,,,,,,,,,,,,,,,,,,,
FORM_001156,PUBCHEM_57763048,"2-[[4-[[4-[[(2-Hydroxyphenyl)-(6-oxobenzo[c][2,1]benzoxaphosphinin-6-yl)methyl]amino]phenyl]methyl]anilino]-(6-oxobenzo[c][2,1]benzoxaphosphinin-6-yl)methyl]phenol",pubchem,P-N,PUBLIC_UNVERIFIED,False,True,True,True,True,Candidate,,"2-[[4-[[4-[[(2-Hydroxyphenyl)-(6-oxobenzo[c][2,1]benzoxaphosphinin-6-yl)methyl]amino]phenyl]methyl]anilino]-(6-oxobenzo[c][2,1]benzoxaphosphinin-6-yl)methyl]phenol",,DDM,DOPO-based (reactive),1,1,P-N,100.00%,0.00%,O=P1(C(Nc2ccc(Cc3ccc(NC(c4ccccc4O)P4(=O)Oc5ccccc5-c5ccccc54)cc3)cc2)c2ccccc2O)Oc2ccccc2-c2ccccc21,,NC1=CC=C(CC2=CC=C(N)C=C2)C=C1,4.0,0.295399463781402,0.1335849515460095,0.0,0.0,0.0,0.4522179892813327,0.0,0.0,0.0,1,1,0,0,0,1,0,0,0,0,0,160.0,3.2,,24.7,,3.0,,,3.0,35.0,,1149.8,,,93.5,,,164.0,,,16.0,,,59.0,,,105.1,,,,,Virtual screening scenario,,,,,,,,,,,,,,,,,,,,,,,,,,,,,,,
FORM_001157,PUBCHEM_57763048,"2-[[4-[[4-[[(2-Hydroxyphenyl)-(6-oxobenzo[c][2,1]benzoxaphosphinin-6-yl)methyl]amino]phenyl]methyl]anilino]-(6-oxobenzo[c][2,1]benzoxaphosphinin-6-yl)methyl]phenol",pubchem,P-N,PUBLIC_UNVERIFIED,False,True,True,True,True,Candidate,,"2-[[4-[[4-[[(2-Hydroxyphenyl)-(6-oxobenzo[c][2,1]benzoxaphosphinin-6-yl)methyl]amino]phenyl]methyl]anilino]-(6-oxobenzo[c][2,1]benzoxaphosphinin-6-yl)methyl]phenol",,DDM,DOPO-based (reactive),1,1,P-N,100.00%,0.00%,O=P1(C(Nc2ccc(Cc3ccc(NC(c4ccccc4O)P4(=O)Oc5ccccc5-c5ccccc54)cc3)cc2)c2ccccc2O)Oc2ccccc2-c2ccccc21,,NC1=CC=C(CC2=CC=C(N)C=C2)C=C1,6.0,0.4430991956721031,0.20037742731901426,0.0,0.0,0.0,0.4522179892813327,0.0,0.0,0.0,1,1,0,0,0,1,0,0,0,0,0,160.0,3.2,,24.7,,3.0,,,3.0,35.0,,1149.8,,,93.5,,,164.0,,,16.0,,,59.0,,,105.1,,,,,Virtual screening scenario,,,,,,,,,,,,,,,,,,,,,,,,,,,,,,,
FORM_001158,PUBCHEM_57763048,"2-[[4-[[4-[[(2-Hydroxyphenyl)-(6-oxobenzo[c][2,1]benzoxaphosphinin-6-yl)methyl]amino]phenyl]methyl]anilino]-(6-oxobenzo[c][2,1]benzoxaphosphinin-6-yl)methyl]phenol",pubchem,P-N,PUBLIC_UNVERIFIED,False,True,True,True,True,Candidate,,"2-[[4-[[4-[[(2-Hydroxyphenyl)-(6-oxobenzo[c][2,1]benzoxaphosphinin-6-yl)methyl]amino]phenyl]methyl]anilino]-(6-oxobenzo[c][2,1]benzoxaphosphinin-6-yl)methyl]phenol",,DDM,DOPO-based (reactive),1,1,P-N,100.00%,0.00%,O=P1(C(Nc2ccc(Cc3ccc(NC(c4ccccc4O)P4(=O)Oc5ccccc5-c5ccccc54)cc3)cc2)c2ccccc2O)Oc2ccccc2-c2ccccc21,,NC1=CC=C(CC2=CC=C(N)C=C2)C=C1,10.0,0.7384986594535051,0.3339623788650238,0.0,0.0,0.0,0.4522179892813327,0.0,0.0,0.0,1,1,0,0,0,1,0,0,0,0,0,160.0,3.2,,24.7,,3.0,,,3.0,35.0,,1149.8,,,93.5,,,164.0,,,16.0,,,59.0,,,105.1,,,,,Virtual screening scenario,,,,,,,,,,,,,,,,,,,,,,,,,,,,,,,
FORM_001159,PUBCHEM_163749195,"Trimethyl-[2-(6-oxobenzo[c][2,1]benzoxaphosphinin-6-yl)ethyl]silane",pubchem,P-Si,PUBLIC_UNVERIFIED,False,True,True,True,True,Candidate,,"Trimethyl-[2-(6-oxobenzo[c][2,1]benzoxaphosphinin-6-yl)ethyl]silane",,DDM,DOPO-based (additive),0,1,P-Si,100.00%,0.00%,C[Si](C)(C)CCP1(=O)Oc2ccccc2-c2ccccc21,,NC1=CC=C(CC2=CC=C(N)C=C2)C=C1,3.42,0.3347873823136218,0.0,0.0,0.0,0.30357197713115447,0.0,0.0,0.0,0.9067605088138435,1,0,0,0,1,1,0,0,0,0,0,160.0,3.2,,24.8,,3.2,,,3.0,35.0,,1184.0,,,87.2,,,159.0,,,17.0,,,62.6,,,97.55,,,,,Virtual screening scenario,,,,,,,,,,,,,,,,,,,,,,,,,,,,,,,
FORM_001160,PUBCHEM_163749195,"Trimethyl-[2-(6-oxobenzo[c][2,1]benzoxaphosphinin-6-yl)ethyl]silane",pubchem,P-Si,PUBLIC_UNVERIFIED,False,True,True,True,True,Candidate,,"Trimethyl-[2-(6-oxobenzo[c][2,1]benzoxaphosphinin-6-yl)ethyl]silane",,DDM,DOPO-based (additive),0,1,P-Si,100.00%,0.00%,C[Si](C)(C)CCP1(=O)Oc2ccccc2-c2ccccc21,,NC1=CC=C(CC2=CC=C(N)C=C2)C=C1,7.0,0.6852373322208634,0.0,0.0,0.0,0.6213461520228308,0.0,0.0,0.0,0.9067605088138436,1,0,0,0,1,1,0,0,0,0,0,160.0,3.2,,24.8,,3.2,,,3.0,35.0,,1184.0,,,87.2,,,159.0,,,17.0,,,62.6,,,97.55,,,,,Virtual screening scenario,,,,,,,,,,,,,,,,,,,,,,,,,,,,,,,
FORM_001161,PUBCHEM_163749195,"Trimethyl-[2-(6-oxobenzo[c][2,1]benzoxaphosphinin-6-yl)ethyl]silane",pubchem,P-Si,PUBLIC_UNVERIFIED,False,True,True,True,True,Candidate,,"Trimethyl-[2-(6-oxobenzo[c][2,1]benzoxaphosphinin-6-yl)ethyl]silane",,DDM,DOPO-based (additive),0,1,P-Si,100.00%,0.00%,C[Si](C)(C)CCP1(=O)Oc2ccccc2-c2ccccc21,,NC1=CC=C(CC2=CC=C(N)C=C2)C=C1,10.0,0.9789104746012334,0.0,0.0,0.0,0.8876373600326154,0.0,0.0,0.0,0.9067605088138435,1,0,0,0,1,1,0,0,0,0,0,160.0,3.2,,24.8,,3.2,,,3.0,35.0,,1184.0,,,87.2,,,159.0,,,17.0,,,62.6,,,97.55,,,,,Virtual screening scenario,,,,,,,,,,,,,,,,,,,,,,,,,,,,,,,
FORM_001162,PUBCHEM_58818767,"2-[(6-Oxobenzo[c][2,1]benzoxaphosphinin-6-yl)methyl]pentanedioic acid",pubchem,P-only,PUBLIC_UNVERIFIED,False,True,True,True,True,Candidate,,"2-[(6-Oxobenzo[c][2,1]benzoxaphosphinin-6-yl)methyl]pentanedioic acid",,DDM,DOPO-based (reactive),1,0,P-only,100.00%,0.00%,O=C(O)CCC(CP1(=O)Oc2ccccc2-c2ccccc21)C(=O)O,,NC1=CC=C(CC2=CC=C(N)C=C2)C=C1,4.0,0.343867089275108,0.0,0.0,0.0,0.0,0.0,0.0,0.0,0.0,1,0,0,0,0,1,0,0,0,0,0,160.0,3.2,,24.7,,3.0,,,3.0,35.0,,1149.8,,,93.5,,,164.0,,,16.0,,,59.0,,,105.1,,,,,Virtual screening scenario,,,,,,,,,,,,,,,,,,,,,,,,,,,,,,,
FORM_001163,PUBCHEM_58818767,"2-[(6-Oxobenzo[c][2,1]benzoxaphosphinin-6-yl)methyl]pentanedioic acid",pubchem,P-only,PUBLIC_UNVERIFIED,False,True,True,True,True,Candidate,,"2-[(6-Oxobenzo[c][2,1]benzoxaphosphinin-6-yl)methyl]pentanedioic acid",,DDM,DOPO-based (reactive),1,0,P-only,100.00%,0.00%,O=C(O)CCC(CP1(=O)Oc2ccccc2-c2ccccc21)C(=O)O,,NC1=CC=C(CC2=CC=C(N)C=C2)C=C1,6.0,0.5158006339126621,0.0,0.0,0.0,0.0,0.0,0.0,0.0,0.0,1,0,0,0,0,1,0,0,0,0,0,160.0,3.2,,24.7,,3.0,,,3.0,35.0,,1149.8,,,93.5,,,164.0,,,16.0,,,59.0,,,105.1,,,,,Virtual screening scenario,,,,,,,,,,,,,,,,,,,,,,,,,,,,,,,
FORM_001164,PUBCHEM_58818767,"2-[(6-Oxobenzo[c][2,1]benzoxaphosphinin-6-yl)methyl]pentanedioic acid",pubchem,P-only,PUBLIC_UNVERIFIED,False,True,True,True,True,Candidate,,"2-[(6-Oxobenzo[c][2,1]benzoxaphosphinin-6-yl)methyl]pentanedioic acid",,DDM,DOPO-based (reactive),1,0,P-only,100.00%,0.00%,O=C(O)CCC(CP1(=O)Oc2ccccc2-c2ccccc21)C(=O)O,,NC1=CC=C(CC2=CC=C(N)C=C2)C=C1,10.0,0.8596677231877701,0.0,0.0,0.0,0.0,0.0,0.0,0.0,0.0,1,0,0,0,0,1,0,0,0,0,0,160.0,3.2,,24.7,,3.0,,,3.0,35.0,,1149.8,,,93.5,,,164.0,,,16.0,,,59.0,,,105.1,,,,,Virtual screening scenario,,,,,,,,,,,,,,,,,,,,,,,,,,,,,,,
FORM_001165,PUBCHEM_22966633,"4-[(4-Aminophenyl)-(6-oxobenzo[c][2,1]benzoxaphosphinin-6-yl)methyl]aniline",pubchem,P-N,PUBLIC_UNVERIFIED,False,True,True,True,True,Candidate,,"4-[(4-Aminophenyl)-(6-oxobenzo[c][2,1]benzoxaphosphinin-6-yl)methyl]aniline",,DDM,DOPO-based (reactive),1,1,P-N,100.00%,0.00%,Nc1ccc(C(c2ccc(N)cc2)P2(=O)Oc3ccccc3-c3ccccc32)cc1,,NC1=CC=C(CC2=CC=C(N)C=C2)C=C1,4.0,0.30040564557778426,0.27169767402389255,0.0,0.0,0.0,0.9044359785626654,0.0,0.0,0.0,1,1,0,0,0,1,0,0,0,0,0,160.0,3.2,,24.7,,3.0,,,3.0,35.0,,1149.8,,,93.5,,,164.0,,,16.0,,,59.0,,,105.1,,,,,Virtual screening scenario,,,,,,,,,,,,,,,,,,,,,,,,,,,,,,,
FORM_001166,PUBCHEM_22966633,"4-[(4-Aminophenyl)-(6-oxobenzo[c][2,1]benzoxaphosphinin-6-yl)methyl]aniline",pubchem,P-N,PUBLIC_UNVERIFIED,False,True,True,True,True,Candidate,,"4-[(4-Aminophenyl)-(6-oxobenzo[c][2,1]benzoxaphosphinin-6-yl)methyl]aniline",,DDM,DOPO-based (reactive),1,1,P-N,100.00%,0.00%,Nc1ccc(C(c2ccc(N)cc2)P2(=O)Oc3ccccc3-c3ccccc32)cc1,,NC1=CC=C(CC2=CC=C(N)C=C2)C=C1,6.0,0.45060846836667634,0.40754651103583883,0.0,0.0,0.0,0.9044359785626656,0.0,0.0,0.0,1,1,0,0,0,1,0,0,0,0,0,160.0,3.2,,24.7,,3.0,,,3.0,35.0,,1149.8,,,93.5,,,164.0,,,16.0,,,59.0,,,105.1,,,,,Virtual screening scenario,,,,,,,,,,,,,,,,,,,,,,,,,,,,,,,
FORM_001167,PUBCHEM_22966633,"4-[(4-Aminophenyl)-(6-oxobenzo[c][2,1]benzoxaphosphinin-6-yl)methyl]aniline",pubchem,P-N,PUBLIC_UNVERIFIED,False,True,True,True,True,Candidate,,"4-[(4-Aminophenyl)-(6-oxobenzo[c][2,1]benzoxaphosphinin-6-yl)methyl]aniline",,DDM,DOPO-based (reactive),1,1,P-N,100.00%,0.00%,Nc1ccc(C(c2ccc(N)cc2)P2(=O)Oc3ccccc3-c3ccccc32)cc1,,NC1=CC=C(CC2=CC=C(N)C=C2)C=C1,10.0,0.7510141139444606,0.6792441850597314,0.0,0.0,0.0,0.9044359785626654,0.0,0.0,0.0,1,1,0,0,0,1,0,0,0,0,0,160.0,3.2,,24.7,,3.0,,,3.0,35.0,,1149.8,,,93.5,,,164.0,,,16.0,,,59.0,,,105.1,,,,,Virtual screening scenario,,,,,,,,,,,,,,,,,,,,,,,,,,,,,,,
FORM_001168,PUBCHEM_134285498,"[4-(4-Aminobenzoyl)oxy-3-(6-oxobenzo[c][2,1]benzoxaphosphinin-6-yl)phenyl] 4-methylbenzoate",pubchem,P-N,PUBLIC_UNVERIFIED,False,True,True,True,True,Candidate,,"[4-(4-Aminobenzoyl)oxy-3-(6-oxobenzo[c][2,1]benzoxaphosphinin-6-yl)phenyl] 4-methylbenzoate",,DDM,DOPO-based (reactive),1,1,P-N,100.00%,0.00%,Cc1ccc(C(=O)Oc2ccc(OC(=O)c3ccc(N)cc3)c(P3(=O)Oc4ccccc4-c4ccccc43)c2)cc1,,NC1=CC=C(CC2=CC=C(N)C=C2)C=C1,4.0,0.22064003704165397,0.09977739390593554,0.0,0.0,0.0,0.4522179892813328,0.0,0.0,0.0,1,1,0,0,0,1,0,0,0,0,0,160.0,3.2,,24.7,,3.0,,,3.0,35.0,,1149.8,,,93.5,,,164.0,,,16.0,,,59.0,,,105.1,,,,,Virtual screening scenario,,,,,,,,,,,,,,,,,,,,,,,,,,,,,,,
FORM_001169,PUBCHEM_134285498,"[4-(4-Aminobenzoyl)oxy-3-(6-oxobenzo[c][2,1]benzoxaphosphinin-6-yl)phenyl] 4-methylbenzoate",pubchem,P-N,PUBLIC_UNVERIFIED,False,True,True,True,True,Candidate,,"[4-(4-Aminobenzoyl)oxy-3-(6-oxobenzo[c][2,1]benzoxaphosphinin-6-yl)phenyl] 4-methylbenzoate",,DDM,DOPO-based (reactive),1,1,P-N,100.00%,0.00%,Cc1ccc(C(=O)Oc2ccc(OC(=O)c3ccc(N)cc3)c(P3(=O)Oc4ccccc4-c4ccccc43)c2)cc1,,NC1=CC=C(CC2=CC=C(N)C=C2)C=C1,6.0,0.3309600555624809,0.14966609085890328,0.0,0.0,0.0,0.4522179892813327,0.0,0.0,0.0,1,1,0,0,0,1,0,0,0,0,0,160.0,3.2,,24.7,,3.0,,,3.0,35.0,,1149.8,,,93.5,,,164.0,,,16.0,,,59.0,,,105.1,,,,,Virtual screening scenario,,,,,,,,,,,,,,,,,,,,,,,,,,,,,,,
FORM_001170,PUBCHEM_134285498,"[4-(4-Aminobenzoyl)oxy-3-(6-oxobenzo[c][2,1]benzoxaphosphinin-6-yl)phenyl] 4-methylbenzoate",pubchem,P-N,PUBLIC_UNVERIFIED,False,True,True,True,True,Candidate,,"[4-(4-Aminobenzoyl)oxy-3-(6-oxobenzo[c][2,1]benzoxaphosphinin-6-yl)phenyl] 4-methylbenzoate",,DDM,DOPO-based (reactive),1,1,P-N,100.00%,0.00%,Cc1ccc(C(=O)Oc2ccc(OC(=O)c3ccc(N)cc3)c(P3(=O)Oc4ccccc4-c4ccccc43)c2)cc1,,NC1=CC=C(CC2=CC=C(N)C=C2)C=C1,10.0,0.551600092604135,0.24944348476483885,0.0,0.0,0.0,0.4522179892813327,0.0,0.0,0.0,1,1,0,0,0,1,0,0,0,0,0,160.0,3.2,,24.7,,3.0,,,3.0,35.0,,1149.8,,,93.5,,,164.0,,,16.0,,,59.0,,,105.1,,,,,Virtual screening scenario,,,,,,,,,,,,,,,,,,,,,,,,,,,,,,,
FORM_001171,PUBCHEM_68009580,"1-Butyl-3-(2-methylbutyl)-5-[3-(6-oxobenzo[c][2,1]benzoxaphosphinin-6-yl)propyl]-1,3,5-triazinane-2,4,6-trione",pubchem,P-N,PUBLIC_UNVERIFIED,False,True,True,True,True,Candidate,,"1-Butyl-3-(2-methylbutyl)-5-[3-(6-oxobenzo[c][2,1]benzoxaphosphinin-6-yl)propyl]-1,3,5-triazinane-2,4,6-trione",,DDM,DOPO-based (additive),0,1,P-N,100.00%,0.00%,CCCCn1c(=O)n(CCCP2(=O)Oc3ccccc3-c3ccccc32)c(=O)n(CC(C)CC)c1=O,,NC1=CC=C(CC2=CC=C(N)C=C2)C=C1,3.42,0.20707500014661057,0.2809291205901957,0.0,0.0,0.0,1.356653967843998,0.0,0.0,0.0,1,1,0,0,0,1,0,0,0,0,0,160.0,3.2,,24.8,,3.2,,,3.0,35.0,,1184.0,,,87.2,,,159.0,,,17.0,,,62.6,,,97.55,,,,,Virtual screening scenario,,,,,,,,,,,,,,,,,,,,,,,,,,,,,,,
FORM_001172,PUBCHEM_68009580,"1-Butyl-3-(2-methylbutyl)-5-[3-(6-oxobenzo[c][2,1]benzoxaphosphinin-6-yl)propyl]-1,3,5-triazinane-2,4,6-trione",pubchem,P-N,PUBLIC_UNVERIFIED,False,True,True,True,True,Candidate,,"1-Butyl-3-(2-methylbutyl)-5-[3-(6-oxobenzo[c][2,1]benzoxaphosphinin-6-yl)propyl]-1,3,5-triazinane-2,4,6-trione",,DDM,DOPO-based (additive),0,1,P-N,100.00%,0.00%,CCCCn1c(=O)n(CCCP2(=O)Oc3ccccc3-c3ccccc32)c(=O)n(CC(C)CC)c1=O,,NC1=CC=C(CC2=CC=C(N)C=C2)C=C1,7.0,0.4238377195983257,0.5750011240150205,0.0,0.0,0.0,1.3566539678439982,0.0,0.0,0.0,1,1,0,0,0,1,0,0,0,0,0,160.0,3.2,,24.8,,3.2,,,3.0,35.0,,1184.0,,,87.2,,,159.0,,,17.0,,,62.6,,,97.55,,,,,Virtual screening scenario,,,,,,,,,,,,,,,,,,,,,,,,,,,,,,,
FORM_001173,PUBCHEM_68009580,"1-Butyl-3-(2-methylbutyl)-5-[3-(6-oxobenzo[c][2,1]benzoxaphosphinin-6-yl)propyl]-1,3,5-triazinane-2,4,6-trione",pubchem,P-N,PUBLIC_UNVERIFIED,False,True,True,True,True,Candidate,,"1-Butyl-3-(2-methylbutyl)-5-[3-(6-oxobenzo[c][2,1]benzoxaphosphinin-6-yl)propyl]-1,3,5-triazinane-2,4,6-trione",,DDM,DOPO-based (additive),0,1,P-N,100.00%,0.00%,CCCCn1c(=O)n(CCCP2(=O)Oc3ccccc3-c3ccccc32)c(=O)n(CC(C)CC)c1=O,,NC1=CC=C(CC2=CC=C(N)C=C2)C=C1,10.0,0.6054824565690368,0.821430177164315,0.0,0.0,0.0,1.3566539678439982,0.0,0.0,0.0,1,1,0,0,0,1,0,0,0,0,0,160.0,3.2,,24.8,,3.2,,,3.0,35.0,,1184.0,,,87.2,,,159.0,,,17.0,,,62.6,,,97.55,,,,,Virtual screening scenario,,,,,,,,,,,,,,,,,,,,,,,,,,,,,,,
FORM_001174,PUBCHEM_163498952,"4-Iodooxy-4-oxo-3-[(6-oxobenzo[c][2,1]benzoxaphosphinin-6-yl)methyl]butanoic acid",pubchem,P-only,PUBLIC_UNVERIFIED,False,True,True,True,True,Candidate,,"4-Iodooxy-4-oxo-3-[(6-oxobenzo[c][2,1]benzoxaphosphinin-6-yl)methyl]butanoic acid",,DDM,DOPO-based (reactive),1,0,P-only,100.00%,0.00%,O=C(O)CC(CP1(=O)Oc2ccccc2-c2ccccc21)C(=O)OI,,NC1=CC=C(CC2=CC=C(N)C=C2)C=C1,4.0,0.26239646229861635,0.0,0.0,0.0,0.0,0.0,0.0,0.0,0.0,1,0,0,0,0,1,0,0,0,0,0,160.0,3.2,,24.7,,3.0,,,3.0,35.0,,1149.8,,,93.5,,,164.0,,,16.0,,,59.0,,,105.1,,,,,Virtual screening scenario,,,,,,,,,,,,,,,,,,,,,,,,,,,,,,,
FORM_001175,PUBCHEM_163498952,"4-Iodooxy-4-oxo-3-[(6-oxobenzo[c][2,1]benzoxaphosphinin-6-yl)methyl]butanoic acid",pubchem,P-only,PUBLIC_UNVERIFIED,False,True,True,True,True,Candidate,,"4-Iodooxy-4-oxo-3-[(6-oxobenzo[c][2,1]benzoxaphosphinin-6-yl)methyl]butanoic acid",,DDM,DOPO-based (reactive),1,0,P-only,100.00%,0.00%,O=C(O)CC(CP1(=O)Oc2ccccc2-c2ccccc21)C(=O)OI,,NC1=CC=C(CC2=CC=C(N)C=C2)C=C1,6.0,0.3935946934479246,0.0,0.0,0.0,0.0,0.0,0.0,0.0,0.0,1,0,0,0,0,1,0,0,0,0,0,160.0,3.2,,24.7,,3.0,,,3.0,35.0,,1149.8,,,93.5,,,164.0,,,16.0,,,59.0,,,105.1,,,,,Virtual screening scenario,,,,,,,,,,,,,,,,,,,,,,,,,,,,,,,
FORM_001176,PUBCHEM_163498952,"4-Iodooxy-4-oxo-3-[(6-oxobenzo[c][2,1]benzoxaphosphinin-6-yl)methyl]butanoic acid",pubchem,P-only,PUBLIC_UNVERIFIED,False,True,True,True,True,Candidate,,"4-Iodooxy-4-oxo-3-[(6-oxobenzo[c][2,1]benzoxaphosphinin-6-yl)methyl]butanoic acid",,DDM,DOPO-based (reactive),1,0,P-only,100.00%,0.00%,O=C(O)CC(CP1(=O)Oc2ccccc2-c2ccccc21)C(=O)OI,,NC1=CC=C(CC2=CC=C(N)C=C2)C=C1,10.0,0.6559911557465409,0.0,0.0,0.0,0.0,0.0,0.0,0.0,0.0,1,0,0,0,0,1,0,0,0,0,0,160.0,3.2,,24.7,,3.0,,,3.0,35.0,,1149.8,,,93.5,,,164.0,,,16.0,,,59.0,,,105.1,,,,,Virtual screening scenario,,,,,,,,,,,,,,,,,,,,,,,,,,,,,,,
FORM_001177,PUBCHEM_58818771,"4-Methoxy-4-oxo-3-[(6-oxobenzo[c][2,1]benzoxaphosphinin-6-yl)methyl]butanoic acid",pubchem,P-only,PUBLIC_UNVERIFIED,False,True,True,True,True,Candidate,,"4-Methoxy-4-oxo-3-[(6-oxobenzo[c][2,1]benzoxaphosphinin-6-yl)methyl]butanoic acid",,DDM,DOPO-based (reactive),1,0,P-only,100.00%,0.00%,COC(=O)C(CC(=O)O)CP1(=O)Oc2ccccc2-c2ccccc21,,NC1=CC=C(CC2=CC=C(N)C=C2)C=C1,4.0,0.343867089275108,0.0,0.0,0.0,0.0,0.0,0.0,0.0,0.0,1,0,0,0,0,1,0,0,0,0,0,160.0,3.2,,24.7,,3.0,,,3.0,35.0,,1149.8,,,93.5,,,164.0,,,16.0,,,59.0,,,105.1,,,,,Virtual screening scenario,,,,,,,,,,,,,,,,,,,,,,,,,,,,,,,
FORM_001178,PUBCHEM_58818771,"4-Methoxy-4-oxo-3-[(6-oxobenzo[c][2,1]benzoxaphosphinin-6-yl)methyl]butanoic acid",pubchem,P-only,PUBLIC_UNVERIFIED,False,True,True,True,True,Candidate,,"4-Methoxy-4-oxo-3-[(6-oxobenzo[c][2,1]benzoxaphosphinin-6-yl)methyl]butanoic acid",,DDM,DOPO-based (reactive),1,0,P-only,100.00%,0.00%,COC(=O)C(CC(=O)O)CP1(=O)Oc2ccccc2-c2ccccc21,,NC1=CC=C(CC2=CC=C(N)C=C2)C=C1,6.0,0.5158006339126621,0.0,0.0,0.0,0.0,0.0,0.0,0.0,0.0,1,0,0,0,0,1,0,0,0,0,0,160.0,3.2,,24.7,,3.0,,,3.0,35.0,,1149.8,,,93.5,,,164.0,,,16.0,,,59.0,,,105.1,,,,,Virtual screening scenario,,,,,,,,,,,,,,,,,,,,,,,,,,,,,,,
FORM_001179,PUBCHEM_58818771,"4-Methoxy-4-oxo-3-[(6-oxobenzo[c][2,1]benzoxaphosphinin-6-yl)methyl]butanoic acid",pubchem,P-only,PUBLIC_UNVERIFIED,False,True,True,True,True,Candidate,,"4-Methoxy-4-oxo-3-[(6-oxobenzo[c][2,1]benzoxaphosphinin-6-yl)methyl]butanoic acid",,DDM,DOPO-based (reactive),1,0,P-only,100.00%,0.00%,COC(=O)C(CC(=O)O)CP1(=O)Oc2ccccc2-c2ccccc21,,NC1=CC=C(CC2=CC=C(N)C=C2)C=C1,10.0,0.8596677231877701,0.0,0.0,0.0,0.0,0.0,0.0,0.0,0.0,1,0,0,0,0,1,0,0,0,0,0,160.0,3.2,,24.7,,3.0,,,3.0,35.0,,1149.8,,,93.5,,,164.0,,,16.0,,,59.0,,,105.1,,,,,Virtual screening scenario,,,,,,,,,,,,,,,,,,,,,,,,,,,,,,,
FORM_001180,PUBCHEM_57582522,"6-Benzhydrylbenzo[c][2,1]benzoxaphosphinine 6-oxide",pubchem,P-only,PUBLIC_UNVERIFIED,False,True,True,True,True,Candidate,,"6-Benzhydrylbenzo[c][2,1]benzoxaphosphinine 6-oxide",,DDM,DOPO-based (additive),0,0,P-only,100.00%,0.00%,O=P1(C(c2ccccc2)c2ccccc2)Oc2ccccc2-c2ccccc21,,NC1=CC=C(CC2=CC=C(N)C=C2)C=C1,3.42,0.2770171470113677,0.0,0.0,0.0,0.0,0.0,0.0,0.0,0.0,1,0,0,0,0,1,0,0,0,0,0,160.0,3.2,,24.8,,3.2,,,3.0,35.0,,1184.0,,,87.2,,,159.0,,,17.0,,,62.6,,,97.55,,,,,Virtual screening scenario,,,,,,,,,,,,,,,,,,,,,,,,,,,,,,,
FORM_001181,PUBCHEM_57582522,"6-Benzhydrylbenzo[c][2,1]benzoxaphosphinine 6-oxide",pubchem,P-only,PUBLIC_UNVERIFIED,False,True,True,True,True,Candidate,,"6-Benzhydrylbenzo[c][2,1]benzoxaphosphinine 6-oxide",,DDM,DOPO-based (additive),0,0,P-only,100.00%,0.00%,O=P1(C(c2ccccc2)c2ccccc2)Oc2ccccc2-c2ccccc21,,NC1=CC=C(CC2=CC=C(N)C=C2)C=C1,7.0,0.566994160549583,0.0,0.0,0.0,0.0,0.0,0.0,0.0,0.0,1,0,0,0,0,1,0,0,0,0,0,160.0,3.2,,24.8,,3.2,,,3.0,35.0,,1184.0,,,87.2,,,159.0,,,17.0,,,62.6,,,97.55,,,,,Virtual screening scenario,,,,,,,,,,,,,,,,,,,,,,,,,,,,,,,
FORM_001182,PUBCHEM_57582522,"6-Benzhydrylbenzo[c][2,1]benzoxaphosphinine 6-oxide",pubchem,P-only,PUBLIC_UNVERIFIED,False,True,True,True,True,Candidate,,"6-Benzhydrylbenzo[c][2,1]benzoxaphosphinine 6-oxide",,DDM,DOPO-based (additive),0,0,P-only,100.00%,0.00%,O=P1(C(c2ccccc2)c2ccccc2)Oc2ccccc2-c2ccccc21,,NC1=CC=C(CC2=CC=C(N)C=C2)C=C1,10.0,0.8099916579279757,0.0,0.0,0.0,0.0,0.0,0.0,0.0,0.0,1,0,0,0,0,1,0,0,0,0,0,160.0,3.2,,24.8,,3.2,,,3.0,35.0,,1184.0,,,87.2,,,159.0,,,17.0,,,62.6,,,97.55,,,,,Virtual screening scenario,,,,,,,,,,,,,,,,,,,,,,,,,,,,,,,
FORM_001183,PUBCHEM_14686912,"(4-Methoxyphenyl)-(6-oxobenzo[c][2,1]benzoxaphosphinin-6-yl)methanol",pubchem,P-only,PUBLIC_UNVERIFIED,False,True,True,True,True,Candidate,,"(4-Methoxyphenyl)-(6-oxobenzo[c][2,1]benzoxaphosphinin-6-yl)methanol",,DDM,DOPO-based (reactive),1,0,P-only,100.00%,0.00%,COc1ccc(C(O)P2(=O)Oc3ccccc3-c3ccccc32)cc1,,NC1=CC=C(CC2=CC=C(N)C=C2)C=C1,4.0,0.3516515953974444,0.0,0.0,0.0,0.0,0.0,0.0,0.0,0.0,1,0,0,0,0,1,0,0,0,0,0,160.0,3.2,,24.7,,3.0,,,3.0,35.0,,1149.8,,,93.5,,,164.0,,,16.0,,,59.0,,,105.1,,,,,Virtual screening scenario,,,,,,,,,,,,,,,,,,,,,,,,,,,,,,,
FORM_001184,PUBCHEM_14686912,"(4-Methoxyphenyl)-(6-oxobenzo[c][2,1]benzoxaphosphinin-6-yl)methanol",pubchem,P-only,PUBLIC_UNVERIFIED,False,True,True,True,True,Candidate,,"(4-Methoxyphenyl)-(6-oxobenzo[c][2,1]benzoxaphosphinin-6-yl)methanol",,DDM,DOPO-based (reactive),1,0,P-only,100.00%,0.00%,COc1ccc(C(O)P2(=O)Oc3ccccc3-c3ccccc32)cc1,,NC1=CC=C(CC2=CC=C(N)C=C2)C=C1,6.0,0.5274773930961666,0.0,0.0,0.0,0.0,0.0,0.0,0.0,0.0,1,0,0,0,0,1,0,0,0,0,0,160.0,3.2,,24.7,,3.0,,,3.0,35.0,,1149.8,,,93.5,,,164.0,,,16.0,,,59.0,,,105.1,,,,,Virtual screening scenario,,,,,,,,,,,,,,,,,,,,,,,,,,,,,,,
FORM_001185,PUBCHEM_14686912,"(4-Methoxyphenyl)-(6-oxobenzo[c][2,1]benzoxaphosphinin-6-yl)methanol",pubchem,P-only,PUBLIC_UNVERIFIED,False,True,True,True,True,Candidate,,"(4-Methoxyphenyl)-(6-oxobenzo[c][2,1]benzoxaphosphinin-6-yl)methanol",,DDM,DOPO-based (reactive),1,0,P-only,100.00%,0.00%,COc1ccc(C(O)P2(=O)Oc3ccccc3-c3ccccc32)cc1,,NC1=CC=C(CC2=CC=C(N)C=C2)C=C1,10.0,0.8791289884936109,0.0,0.0,0.0,0.0,0.0,0.0,0.0,0.0,1,0,0,0,0,1,0,0,0,0,0,160.0,3.2,,24.7,,3.0,,,3.0,35.0,,1149.8,,,93.5,,,164.0,,,16.0,,,59.0,,,105.1,,,,,Virtual screening scenario,,,,,,,,,,,,,,,,,,,,,,,,,,,,,,,
FORM_001186,PUBCHEM_14686920,"4-[Hydroxy-(6-oxobenzo[c][2,1]benzoxaphosphinin-6-yl)methyl]benzonitrile",pubchem,P-N,PUBLIC_UNVERIFIED,False,True,True,True,True,Candidate,,"4-[Hydroxy-(6-oxobenzo[c][2,1]benzoxaphosphinin-6-yl)methyl]benzonitrile",,DDM,DOPO-based (reactive),1,1,P-N,100.00%,0.00%,N#Cc1ccc(C(O)P2(=O)Oc3ccccc3-c3ccccc32)cc1,,NC1=CC=C(CC2=CC=C(N)C=C2)C=C1,4.0,0.35673029858051886,0.1613198583398117,0.0,0.0,0.0,0.4522179892813327,0.0,0.0,0.0,1,1,0,0,0,1,0,0,0,0,0,160.0,3.2,,24.7,,3.0,,,3.0,35.0,,1149.8,,,93.5,,,164.0,,,16.0,,,59.0,,,105.1,,,,,Virtual screening scenario,,,,,,,,,,,,,,,,,,,,,,,,,,,,,,,
FORM_001187,PUBCHEM_14686920,"4-[Hydroxy-(6-oxobenzo[c][2,1]benzoxaphosphinin-6-yl)methyl]benzonitrile",pubchem,P-N,PUBLIC_UNVERIFIED,False,True,True,True,True,Candidate,,"4-[Hydroxy-(6-oxobenzo[c][2,1]benzoxaphosphinin-6-yl)methyl]benzonitrile",,DDM,DOPO-based (reactive),1,1,P-N,100.00%,0.00%,N#Cc1ccc(C(O)P2(=O)Oc3ccccc3-c3ccccc32)cc1,,NC1=CC=C(CC2=CC=C(N)C=C2)C=C1,6.0,0.5350954478707783,0.24197978750971752,0.0,0.0,0.0,0.4522179892813326,0.0,0.0,0.0,1,1,0,0,0,1,0,0,0,0,0,160.0,3.2,,24.7,,3.0,,,3.0,35.0,,1149.8,,,93.5,,,164.0,,,16.0,,,59.0,,,105.1,,,,,Virtual screening scenario,,,,,,,,,,,,,,,,,,,,,,,,,,,,,,,
FORM_001188,PUBCHEM_14686920,"4-[Hydroxy-(6-oxobenzo[c][2,1]benzoxaphosphinin-6-yl)methyl]benzonitrile",pubchem,P-N,PUBLIC_UNVERIFIED,False,True,True,True,True,Candidate,,"4-[Hydroxy-(6-oxobenzo[c][2,1]benzoxaphosphinin-6-yl)methyl]benzonitrile",,DDM,DOPO-based (reactive),1,1,P-N,100.00%,0.00%,N#Cc1ccc(C(O)P2(=O)Oc3ccccc3-c3ccccc32)cc1,,NC1=CC=C(CC2=CC=C(N)C=C2)C=C1,10.0,0.8918257464512971,0.4032996458495292,0.0,0.0,0.0,0.4522179892813327,0.0,0.0,0.0,1,1,0,0,0,1,0,0,0,0,0,160.0,3.2,,24.7,,3.0,,,3.0,35.0,,1149.8,,,93.5,,,164.0,,,16.0,,,59.0,,,105.1,,,,,Virtual screening scenario,,,,,,,,,,,,,,,,,,,,,,,,,,,,,,,
FORM_001189,PUBCHEM_155282658,"4-Oxo-2-[(6-oxobenzo[c][2,1]benzoxaphosphinin-6-yl)methyl]butanoic acid",pubchem,P-only,PUBLIC_UNVERIFIED,False,True,True,True,True,Candidate,,"4-Oxo-2-[(6-oxobenzo[c][2,1]benzoxaphosphinin-6-yl)methyl]butanoic acid",,DDM,DOPO-based (reactive),1,0,P-only,100.00%,0.00%,O=CCC(CP1(=O)Oc2ccccc2-c2ccccc21)C(=O)O,,NC1=CC=C(CC2=CC=C(N)C=C2)C=C1,4.0,0.3751286802553016,0.0,0.0,0.0,0.0,0.0,0.0,0.0,0.0,1,0,0,0,0,1,0,0,0,0,0,160.0,3.2,,24.7,,3.0,,,3.0,35.0,,1149.8,,,93.5,,,164.0,,,16.0,,,59.0,,,105.1,,,,,Virtual screening scenario,,,,,,,,,,,,,,,,,,,,,,,,,,,,,,,
FORM_001190,PUBCHEM_155282658,"4-Oxo-2-[(6-oxobenzo[c][2,1]benzoxaphosphinin-6-yl)methyl]butanoic acid",pubchem,P-only,PUBLIC_UNVERIFIED,False,True,True,True,True,Candidate,,"4-Oxo-2-[(6-oxobenzo[c][2,1]benzoxaphosphinin-6-yl)methyl]butanoic acid",,DDM,DOPO-based (reactive),1,0,P-only,100.00%,0.00%,O=CCC(CP1(=O)Oc2ccccc2-c2ccccc21)C(=O)O,,NC1=CC=C(CC2=CC=C(N)C=C2)C=C1,6.0,0.5626930203829523,0.0,0.0,0.0,0.0,0.0,0.0,0.0,0.0,1,0,0,0,0,1,0,0,0,0,0,160.0,3.2,,24.7,,3.0,,,3.0,35.0,,1149.8,,,93.5,,,164.0,,,16.0,,,59.0,,,105.1,,,,,Virtual screening scenario,,,,,,,,,,,,,,,,,,,,,,,,,,,,,,,
FORM_001191,PUBCHEM_155282658,"4-Oxo-2-[(6-oxobenzo[c][2,1]benzoxaphosphinin-6-yl)methyl]butanoic acid",pubchem,P-only,PUBLIC_UNVERIFIED,False,True,True,True,True,Candidate,,"4-Oxo-2-[(6-oxobenzo[c][2,1]benzoxaphosphinin-6-yl)methyl]butanoic acid",,DDM,DOPO-based (reactive),1,0,P-only,100.00%,0.00%,O=CCC(CP1(=O)Oc2ccccc2-c2ccccc21)C(=O)O,,NC1=CC=C(CC2=CC=C(N)C=C2)C=C1,10.0,0.9378217006382541,0.0,0.0,0.0,0.0,0.0,0.0,0.0,0.0,1,0,0,0,0,1,0,0,0,0,0,160.0,3.2,,24.7,,3.0,,,3.0,35.0,,1149.8,,,93.5,,,164.0,,,16.0,,,59.0,,,105.1,,,,,Virtual screening scenario,,,,,,,,,,,,,,,,,,,,,,,,,,,,,,,
FORM_001192,PUBCHEM_155790270,"1-(4-Tert-butylphenoxy)-3-(6-oxobenzo[c][2,1]benzoxaphosphinin-6-yl)propan-2-ol",pubchem,P-only,PUBLIC_UNVERIFIED,False,True,True,True,True,Candidate,,"1-(4-Tert-butylphenoxy)-3-(6-oxobenzo[c][2,1]benzoxaphosphinin-6-yl)propan-2-ol",,DDM,DOPO-based (reactive),1,0,P-only,100.00%,0.00%,CC(C)(C)c1ccc(OCC(O)CP2(=O)Oc3ccccc3-c3ccccc32)cc1,,NC1=CC=C(CC2=CC=C(N)C=C2)C=C1,4.0,0.2932720416795869,0.0,0.0,0.0,0.0,0.0,0.0,0.0,0.0,1,0,0,0,0,1,0,0,0,0,0,160.0,3.2,,24.7,,3.0,,,3.0,35.0,,1149.8,,,93.5,,,164.0,,,16.0,,,59.0,,,105.1,,,,,Virtual screening scenario,,,,,,,,,,,,,,,,,,,,,,,,,,,,,,,
FORM_001193,PUBCHEM_155790270,"1-(4-Tert-butylphenoxy)-3-(6-oxobenzo[c][2,1]benzoxaphosphinin-6-yl)propan-2-ol",pubchem,P-only,PUBLIC_UNVERIFIED,False,True,True,True,True,Candidate,,"1-(4-Tert-butylphenoxy)-3-(6-oxobenzo[c][2,1]benzoxaphosphinin-6-yl)propan-2-ol",,DDM,DOPO-based (reactive),1,0,P-only,100.00%,0.00%,CC(C)(C)c1ccc(OCC(O)CP2(=O)Oc3ccccc3-c3ccccc32)cc1,,NC1=CC=C(CC2=CC=C(N)C=C2)C=C1,6.0,0.4399080625193804,0.0,0.0,0.0,0.0,0.0,0.0,0.0,0.0,1,0,0,0,0,1,0,0,0,0,0,160.0,3.2,,24.7,,3.0,,,3.0,35.0,,1149.8,,,93.5,,,164.0,,,16.0,,,59.0,,,105.1,,,,,Virtual screening scenario,,,,,,,,,,,,,,,,,,,,,,,,,,,,,,,
FORM_001194,PUBCHEM_155790270,"1-(4-Tert-butylphenoxy)-3-(6-oxobenzo[c][2,1]benzoxaphosphinin-6-yl)propan-2-ol",pubchem,P-only,PUBLIC_UNVERIFIED,False,True,True,True,True,Candidate,,"1-(4-Tert-butylphenoxy)-3-(6-oxobenzo[c][2,1]benzoxaphosphinin-6-yl)propan-2-ol",,DDM,DOPO-based (reactive),1,0,P-only,100.00%,0.00%,CC(C)(C)c1ccc(OCC(O)CP2(=O)Oc3ccccc3-c3ccccc32)cc1,,NC1=CC=C(CC2=CC=C(N)C=C2)C=C1,10.0,0.7331801041989674,0.0,0.0,0.0,0.0,0.0,0.0,0.0,0.0,1,0,0,0,0,1,0,0,0,0,0,160.0,3.2,,24.7,,3.0,,,3.0,35.0,,1149.8,,,93.5,,,164.0,,,16.0,,,59.0,,,105.1,,,,,Virtual screening scenario,,,,,,,,,,,,,,,,,,,,,,,,,,,,,,,
FORM_001195,PUBCHEM_163197083,"6-(Bis(4-(2-hydroxyethoxy)-3-methoxyphenyl)methyl)dibenzo[c,e][1,2]oxaphosphinine-6-oxide",pubchem,P-only,PUBLIC_UNVERIFIED,False,True,True,True,True,Candidate,,"6-(Bis(4-(2-hydroxyethoxy)-3-methoxyphenyl)methyl)dibenzo[c,e][1,2]oxaphosphinine-6-oxide",,DDM,DOPO-based (reactive),1,0,P-only,100.00%,0.00%,COc1cc(C(c2ccc(OCCO)c(OC)c2)P2(=O)Oc3ccccc3-c3ccccc32)ccc1OCCO,,NC1=CC=C(CC2=CC=C(N)C=C2)C=C1,4.0,0.22023802117126323,0.0,0.0,0.0,0.0,0.0,0.0,0.0,0.0,1,0,0,0,0,1,0,0,0,0,0,160.0,3.2,,24.7,,3.0,,,3.0,35.0,,1149.8,,,93.5,,,164.0,,,16.0,,,59.0,,,105.1,,,,,Virtual screening scenario,,,,,,,,,,,,,,,,,,,,,,,,,,,,,,,
FORM_001196,PUBCHEM_163197083,"6-(Bis(4-(2-hydroxyethoxy)-3-methoxyphenyl)methyl)dibenzo[c,e][1,2]oxaphosphinine-6-oxide",pubchem,P-only,PUBLIC_UNVERIFIED,False,True,True,True,True,Candidate,,"6-(Bis(4-(2-hydroxyethoxy)-3-methoxyphenyl)methyl)dibenzo[c,e][1,2]oxaphosphinine-6-oxide",,DDM,DOPO-based (reactive),1,0,P-only,100.00%,0.00%,COc1cc(C(c2ccc(OCCO)c(OC)c2)P2(=O)Oc3ccccc3-c3ccccc32)ccc1OCCO,,NC1=CC=C(CC2=CC=C(N)C=C2)C=C1,6.0,0.33035703175689485,0.0,0.0,0.0,0.0,0.0,0.0,0.0,0.0,1,0,0,0,0,1,0,0,0,0,0,160.0,3.2,,24.7,,3.0,,,3.0,35.0,,1149.8,,,93.5,,,164.0,,,16.0,,,59.0,,,105.1,,,,,Virtual screening scenario,,,,,,,,,,,,,,,,,,,,,,,,,,,,,,,
FORM_001197,PUBCHEM_163197083,"6-(Bis(4-(2-hydroxyethoxy)-3-methoxyphenyl)methyl)dibenzo[c,e][1,2]oxaphosphinine-6-oxide",pubchem,P-only,PUBLIC_UNVERIFIED,False,True,True,True,True,Candidate,,"6-(Bis(4-(2-hydroxyethoxy)-3-methoxyphenyl)methyl)dibenzo[c,e][1,2]oxaphosphinine-6-oxide",,DDM,DOPO-based (reactive),1,0,P-only,100.00%,0.00%,COc1cc(C(c2ccc(OCCO)c(OC)c2)P2(=O)Oc3ccccc3-c3ccccc32)ccc1OCCO,,NC1=CC=C(CC2=CC=C(N)C=C2)C=C1,10.0,0.550595052928158,0.0,0.0,0.0,0.0,0.0,0.0,0.0,0.0,1,0,0,0,0,1,0,0,0,0,0,160.0,3.2,,24.7,,3.0,,,3.0,35.0,,1149.8,,,93.5,,,164.0,,,16.0,,,59.0,,,105.1,,,,,Virtual screening scenario,,,,,,,,,,,,,,,,,,,,,,,,,,,,,,,
FORM_001198,PUBCHEM_101797930,"[4-(3,4-Dimethylbenzoyl)oxy-3-(6-oxobenzo[c][2,1]benzoxaphosphinin-6-yl)phenyl] 3,4-dimethylbenzoate",pubchem,P-only,PUBLIC_UNVERIFIED,False,True,True,True,True,Candidate,,"[4-(3,4-Dimethylbenzoyl)oxy-3-(6-oxobenzo[c][2,1]benzoxaphosphinin-6-yl)phenyl] 3,4-dimethylbenzoate",,DDM,DOPO-based (additive),0,0,P-only,100.00%,0.00%,Cc1ccc(C(=O)Oc2ccc(OC(=O)c3ccc(C)c(C)c3)c(P3(=O)Oc4ccccc4-c4ccccc43)c2)cc1C,,NC1=CC=C(CC2=CC=C(N)C=C2)C=C1,3.42,0.17997247687717885,0.0,0.0,0.0,0.0,0.0,0.0,0.0,0.0,1,0,0,0,0,1,0,0,0,0,0,160.0,3.2,,24.8,,3.2,,,3.0,35.0,,1184.0,,,87.2,,,159.0,,,17.0,,,62.6,,,97.55,,,,,Virtual screening scenario,,,,,,,,,,,,,,,,,,,,,,,,,,,,,,,
FORM_001199,PUBCHEM_101797930,"[4-(3,4-Dimethylbenzoyl)oxy-3-(6-oxobenzo[c][2,1]benzoxaphosphinin-6-yl)phenyl] 3,4-dimethylbenzoate",pubchem,P-only,PUBLIC_UNVERIFIED,False,True,True,True,True,Candidate,,"[4-(3,4-Dimethylbenzoyl)oxy-3-(6-oxobenzo[c][2,1]benzoxaphosphinin-6-yl)phenyl] 3,4-dimethylbenzoate",,DDM,DOPO-based (additive),0,0,P-only,100.00%,0.00%,Cc1ccc(C(=O)Oc2ccc(OC(=O)c3ccc(C)c(C)c3)c(P3(=O)Oc4ccccc4-c4ccccc43)c2)cc1C,,NC1=CC=C(CC2=CC=C(N)C=C2)C=C1,7.0,0.3683647187544596,0.0,0.0,0.0,0.0,0.0,0.0,0.0,0.0,1,0,0,0,0,1,0,0,0,0,0,160.0,3.2,,24.8,,3.2,,,3.0,35.0,,1184.0,,,87.2,,,159.0,,,17.0,,,62.6,,,97.55,,,,,Virtual screening scenario,,,,,,,,,,,,,,,,,,,,,,,,,,,,,,,
FORM_001200,PUBCHEM_101797930,"[4-(3,4-Dimethylbenzoyl)oxy-3-(6-oxobenzo[c][2,1]benzoxaphosphinin-6-yl)phenyl] 3,4-dimethylbenzoate",pubchem,P-only,PUBLIC_UNVERIFIED,False,True,True,True,True,Candidate,,"[4-(3,4-Dimethylbenzoyl)oxy-3-(6-oxobenzo[c][2,1]benzoxaphosphinin-6-yl)phenyl] 3,4-dimethylbenzoate",,DDM,DOPO-based (additive),0,0,P-only,100.00%,0.00%,Cc1ccc(C(=O)Oc2ccc(OC(=O)c3ccc(C)c(C)c3)c(P3(=O)Oc4ccccc4-c4ccccc43)c2)cc1C,,NC1=CC=C(CC2=CC=C(N)C=C2)C=C1,10.0,0.5262353125063709,0.0,0.0,0.0,0.0,0.0,0.0,0.0,0.0,1,0,0,0,0,1,0,0,0,0,0,160.0,3.2,,24.8,,3.2,,,3.0,35.0,,1184.0,,,87.2,,,159.0,,,17.0,,,62.6,,,97.55,,,,,Virtual screening scenario,,,,,,,,,,,,,,,,,,,,,,,,,,,,,,,
FORM_001201,PUBCHEM_102261920,"Dihydroxy-methyl-[2-(6-oxobenzo[c][2,1]benzoxaphosphinin-6-yl)ethyl]silane",pubchem,P-Si,PUBLIC_UNVERIFIED,False,True,True,True,True,Candidate,,"Dihydroxy-methyl-[2-(6-oxobenzo[c][2,1]benzoxaphosphinin-6-yl)ethyl]silane",,DDM,DOPO-based (reactive),1,1,P-Si,100.00%,0.00%,C[Si](O)(O)CCP1(=O)Oc2ccccc2-c2ccccc21,,NC1=CC=C(CC2=CC=C(N)C=C2)C=C1,4.0,0.38674353923903637,0.0,0.0,0.0,0.35068376842085536,0.0,0.0,0.0,0.9067605088138437,1,0,0,0,1,1,0,0,0,0,0,160.0,3.2,,24.7,,3.0,,,3.0,35.0,,1149.8,,,93.5,,,164.0,,,16.0,,,59.0,,,105.1,,,,,Virtual screening scenario,,,,,,,,,,,,,,,,,,,,,,,,,,,,,,,
FORM_001202,PUBCHEM_102261920,"Dihydroxy-methyl-[2-(6-oxobenzo[c][2,1]benzoxaphosphinin-6-yl)ethyl]silane",pubchem,P-Si,PUBLIC_UNVERIFIED,False,True,True,True,True,Candidate,,"Dihydroxy-methyl-[2-(6-oxobenzo[c][2,1]benzoxaphosphinin-6-yl)ethyl]silane",,DDM,DOPO-based (reactive),1,1,P-Si,100.00%,0.00%,C[Si](O)(O)CCP1(=O)Oc2ccccc2-c2ccccc21,,NC1=CC=C(CC2=CC=C(N)C=C2)C=C1,6.0,0.5801153088585546,0.0,0.0,0.0,0.526025652631283,0.0,0.0,0.0,0.9067605088138436,1,0,0,0,1,1,0,0,0,0,0,160.0,3.2,,24.7,,3.0,,,3.0,35.0,,1149.8,,,93.5,,,164.0,,,16.0,,,59.0,,,105.1,,,,,Virtual screening scenario,,,,,,,,,,,,,,,,,,,,,,,,,,,,,,,
FORM_001203,PUBCHEM_102261920,"Dihydroxy-methyl-[2-(6-oxobenzo[c][2,1]benzoxaphosphinin-6-yl)ethyl]silane",pubchem,P-Si,PUBLIC_UNVERIFIED,False,True,True,True,True,Candidate,,"Dihydroxy-methyl-[2-(6-oxobenzo[c][2,1]benzoxaphosphinin-6-yl)ethyl]silane",,DDM,DOPO-based (reactive),1,1,P-Si,100.00%,0.00%,C[Si](O)(O)CCP1(=O)Oc2ccccc2-c2ccccc21,,NC1=CC=C(CC2=CC=C(N)C=C2)C=C1,10.0,0.966858848097591,0.0,0.0,0.0,0.8767094210521384,0.0,0.0,0.0,0.9067605088138437,1,0,0,0,1,1,0,0,0,0,0,160.0,3.2,,24.7,,3.0,,,3.0,35.0,,1149.8,,,93.5,,,164.0,,,16.0,,,59.0,,,105.1,,,,,Virtual screening scenario,,,,,,,,,,,,,,,,,,,,,,,,,,,,,,,
FORM_001204,PUBCHEM_122234885,"4-[[4-[4-[[(4-Hydroxy-3-methoxyphenyl)-(6-oxobenzo[c][2,1]benzoxaphosphinin-6-yl)methyl]amino]phenoxy]anilino]-(6-oxobenzo[c][2,1]benzoxaphosphinin-6-yl)methyl]-2-methoxyphenol",pubchem,P-N,PUBLIC_UNVERIFIED,False,True,True,True,True,Candidate,,"4-[[4-[4-[[(4-Hydroxy-3-methoxyphenyl)-(6-oxobenzo[c][2,1]benzoxaphosphinin-6-yl)methyl]amino]phenoxy]anilino]-(6-oxobenzo[c][2,1]benzoxaphosphinin-6-yl)methyl]-2-methoxyphenol",,DDM,DOPO-based (reactive),1,1,P-N,100.00%,0.00%,COc1cc(C(Nc2ccc(Oc3ccc(NC(c4ccc(O)c(OC)c4)P4(=O)Oc5ccccc5-c5ccccc54)cc3)cc2)P2(=O)Oc3ccccc3-c3ccccc32)ccc1O,,NC1=CC=C(CC2=CC=C(N)C=C2)C=C1,4.0,0.2750613024650861,0.12438766912986572,0.0,0.0,0.0,0.4522179892813327,0.0,0.0,0.0,1,1,0,0,0,1,0,0,0,0,0,160.0,3.2,,24.7,,3.0,,,3.0,35.0,,1149.8,,,93.5,,,164.0,,,16.0,,,59.0,,,105.1,,,,,Virtual screening scenario,,,,,,,,,,,,,,,,,,,,,,,,,,,,,,,
FORM_001205,PUBCHEM_122234885,"4-[[4-[4-[[(4-Hydroxy-3-methoxyphenyl)-(6-oxobenzo[c][2,1]benzoxaphosphinin-6-yl)methyl]amino]phenoxy]anilino]-(6-oxobenzo[c][2,1]benzoxaphosphinin-6-yl)methyl]-2-methoxyphenol",pubchem,P-N,PUBLIC_UNVERIFIED,False,True,True,True,True,Candidate,,"4-[[4-[4-[[(4-Hydroxy-3-methoxyphenyl)-(6-oxobenzo[c][2,1]benzoxaphosphinin-6-yl)methyl]amino]phenoxy]anilino]-(6-oxobenzo[c][2,1]benzoxaphosphinin-6-yl)methyl]-2-methoxyphenol",,DDM,DOPO-based (reactive),1,1,P-N,100.00%,0.00%,COc1cc(C(Nc2ccc(Oc3ccc(NC(c4ccc(O)c(OC)c4)P4(=O)Oc5ccccc5-c5ccccc54)cc3)cc2)P2(=O)Oc3ccccc3-c3ccccc32)ccc1O,,NC1=CC=C(CC2=CC=C(N)C=C2)C=C1,6.0,0.4125919536976292,0.1865815036947986,0.0,0.0,0.0,0.45221798928133267,0.0,0.0,0.0,1,1,0,0,0,1,0,0,0,0,0,160.0,3.2,,24.7,,3.0,,,3.0,35.0,,1149.8,,,93.5,,,164.0,,,16.0,,,59.0,,,105.1,,,,,Virtual screening scenario,,,,,,,,,,,,,,,,,,,,,,,,,,,,,,,
FORM_001206,PUBCHEM_122234885,"4-[[4-[4-[[(4-Hydroxy-3-methoxyphenyl)-(6-oxobenzo[c][2,1]benzoxaphosphinin-6-yl)methyl]amino]phenoxy]anilino]-(6-oxobenzo[c][2,1]benzoxaphosphinin-6-yl)methyl]-2-methoxyphenol",pubchem,P-N,PUBLIC_UNVERIFIED,False,True,True,True,True,Candidate,,"4-[[4-[4-[[(4-Hydroxy-3-methoxyphenyl)-(6-oxobenzo[c][2,1]benzoxaphosphinin-6-yl)methyl]amino]phenoxy]anilino]-(6-oxobenzo[c][2,1]benzoxaphosphinin-6-yl)methyl]-2-methoxyphenol",,DDM,DOPO-based (reactive),1,1,P-N,100.00%,0.00%,COc1cc(C(Nc2ccc(Oc3ccc(NC(c4ccc(O)c(OC)c4)P4(=O)Oc5ccccc5-c5ccccc54)cc3)cc2)P2(=O)Oc3ccccc3-c3ccccc32)ccc1O,,NC1=CC=C(CC2=CC=C(N)C=C2)C=C1,10.0,0.6876532561627152,0.3109691728246643,0.0,0.0,0.0,0.4522179892813327,0.0,0.0,0.0,1,1,0,0,0,1,0,0,0,0,0,160.0,3.2,,24.7,,3.0,,,3.0,35.0,,1149.8,,,93.5,,,164.0,,,16.0,,,59.0,,,105.1,,,,,Virtual screening scenario,,,,,,,,,,,,,,,,,,,,,,,,,,,,,,,
FORM_001207,PUBCHEM_14686918,"(4-Nitrophenyl)-(6-oxobenzo[c][2,1]benzoxaphosphinin-6-yl)methanol",pubchem,P-N,PUBLIC_UNVERIFIED,False,True,True,True,True,Candidate,,"(4-Nitrophenyl)-(6-oxobenzo[c][2,1]benzoxaphosphinin-6-yl)methanol",,DDM,DOPO-based (reactive),1,1,P-N,100.00%,0.00%,O=[N+]([O-])c1ccc(C(O)P2(=O)Oc3ccccc3-c3ccccc32)cc1,,NC1=CC=C(CC2=CC=C(N)C=C2)C=C1,4.0,0.33731830099347393,0.15254140382306416,0.0,0.0,0.0,0.4522179892813327,0.0,0.0,0.0,1,1,0,0,0,1,0,0,0,0,0,160.0,3.2,,24.7,,3.0,,,3.0,35.0,,1149.8,,,93.5,,,164.0,,,16.0,,,59.0,,,105.1,,,,,Virtual screening scenario,,,,,,,,,,,,,,,,,,,,,,,,,,,,,,,
FORM_001208,PUBCHEM_14686918,"(4-Nitrophenyl)-(6-oxobenzo[c][2,1]benzoxaphosphinin-6-yl)methanol",pubchem,P-N,PUBLIC_UNVERIFIED,False,True,True,True,True,Candidate,,"(4-Nitrophenyl)-(6-oxobenzo[c][2,1]benzoxaphosphinin-6-yl)methanol",,DDM,DOPO-based (reactive),1,1,P-N,100.00%,0.00%,O=[N+]([O-])c1ccc(C(O)P2(=O)Oc3ccccc3-c3ccccc32)cc1,,NC1=CC=C(CC2=CC=C(N)C=C2)C=C1,6.0,0.5059774514902109,0.22881210573459623,0.0,0.0,0.0,0.4522179892813327,0.0,0.0,0.0,1,1,0,0,0,1,0,0,0,0,0,160.0,3.2,,24.7,,3.0,,,3.0,35.0,,1149.8,,,93.5,,,164.0,,,16.0,,,59.0,,,105.1,,,,,Virtual screening scenario,,,,,,,,,,,,,,,,,,,,,,,,,,,,,,,
FORM_001209,PUBCHEM_14686918,"(4-Nitrophenyl)-(6-oxobenzo[c][2,1]benzoxaphosphinin-6-yl)methanol",pubchem,P-N,PUBLIC_UNVERIFIED,False,True,True,True,True,Candidate,,"(4-Nitrophenyl)-(6-oxobenzo[c][2,1]benzoxaphosphinin-6-yl)methanol",,DDM,DOPO-based (reactive),1,1,P-N,100.00%,0.00%,O=[N+]([O-])c1ccc(C(O)P2(=O)Oc3ccccc3-c3ccccc32)cc1,,NC1=CC=C(CC2=CC=C(N)C=C2)C=C1,10.0,0.8432957524836848,0.38135350955766034,0.0,0.0,0.0,0.45221798928133267,0.0,0.0,0.0,1,1,0,0,0,1,0,0,0,0,0,160.0,3.2,,24.7,,3.0,,,3.0,35.0,,1149.8,,,93.5,,,164.0,,,16.0,,,59.0,,,105.1,,,,,Virtual screening scenario,,,,,,,,,,,,,,,,,,,,,,,,,,,,,,,
FORM_001210,PUBCHEM_123394252,"1-Ethyl-3-(2-methylbutyl)-5-[3-(6-oxobenzo[c][2,1]benzoxaphosphinin-6-yl)propyl]-1,3,5-triazinane-2,4,6-trione",pubchem,P-N,PUBLIC_UNVERIFIED,False,True,True,True,True,Candidate,,"1-Ethyl-3-(2-methylbutyl)-5-[3-(6-oxobenzo[c][2,1]benzoxaphosphinin-6-yl)propyl]-1,3,5-triazinane-2,4,6-trione",,DDM,DOPO-based (additive),0,1,P-N,100.00%,0.00%,CCC(C)Cn1c(=O)n(CC)c(=O)n(CCCP2(=O)Oc3ccccc3-c3ccccc32)c1=O,,NC1=CC=C(CC2=CC=C(N)C=C2)C=C1,3.42,0.21908993702236784,0.297229232376087,0.0,0.0,0.0,1.3566539678439982,0.0,0.0,0.0,1,1,0,0,0,1,0,0,0,0,0,160.0,3.2,,24.8,,3.2,,,3.0,35.0,,1184.0,,,87.2,,,159.0,,,17.0,,,62.6,,,97.55,,,,,Virtual screening scenario,,,,,,,,,,,,,,,,,,,,,,,,,,,,,,,
FORM_001211,PUBCHEM_123394252,"1-Ethyl-3-(2-methylbutyl)-5-[3-(6-oxobenzo[c][2,1]benzoxaphosphinin-6-yl)propyl]-1,3,5-triazinane-2,4,6-trione",pubchem,P-N,PUBLIC_UNVERIFIED,False,True,True,True,True,Candidate,,"1-Ethyl-3-(2-methylbutyl)-5-[3-(6-oxobenzo[c][2,1]benzoxaphosphinin-6-yl)propyl]-1,3,5-triazinane-2,4,6-trione",,DDM,DOPO-based (additive),0,1,P-N,100.00%,0.00%,CCC(C)Cn1c(=O)n(CC)c(=O)n(CCCP2(=O)Oc3ccccc3-c3ccccc32)c1=O,,NC1=CC=C(CC2=CC=C(N)C=C2)C=C1,7.0,0.4484296956598173,0.6083639259159676,0.0,0.0,0.0,1.356653967843998,0.0,0.0,0.0,1,1,0,0,0,1,0,0,0,0,0,160.0,3.2,,24.8,,3.2,,,3.0,35.0,,1184.0,,,87.2,,,159.0,,,17.0,,,62.6,,,97.55,,,,,Virtual screening scenario,,,,,,,,,,,,,,,,,,,,,,,,,,,,,,,
FORM_001212,PUBCHEM_123394252,"1-Ethyl-3-(2-methylbutyl)-5-[3-(6-oxobenzo[c][2,1]benzoxaphosphinin-6-yl)propyl]-1,3,5-triazinane-2,4,6-trione",pubchem,P-N,PUBLIC_UNVERIFIED,False,True,True,True,True,Candidate,,"1-Ethyl-3-(2-methylbutyl)-5-[3-(6-oxobenzo[c][2,1]benzoxaphosphinin-6-yl)propyl]-1,3,5-triazinane-2,4,6-trione",,DDM,DOPO-based (additive),0,1,P-N,100.00%,0.00%,CCC(C)Cn1c(=O)n(CC)c(=O)n(CCCP2(=O)Oc3ccccc3-c3ccccc32)c1=O,,NC1=CC=C(CC2=CC=C(N)C=C2)C=C1,10.0,0.640613850942596,0.8690913227370964,0.0,0.0,0.0,1.356653967843998,0.0,0.0,0.0,1,1,0,0,0,1,0,0,0,0,0,160.0,3.2,,24.8,,3.2,,,3.0,35.0,,1184.0,,,87.2,,,159.0,,,17.0,,,62.6,,,97.55,,,,,Virtual screening scenario,,,,,,,,,,,,,,,,,,,,,,,,,,,,,,,
FORM_001213,PUBCHEM_101482827,"[3-(6-Oxobenzo[c][2,1]benzoxaphosphinin-6-yl)-4-(4-pentoxybenzoyl)oxyphenyl] 4-pentoxybenzoate",pubchem,P-only,PUBLIC_UNVERIFIED,False,True,True,True,True,Candidate,,"[3-(6-Oxobenzo[c][2,1]benzoxaphosphinin-6-yl)-4-(4-pentoxybenzoyl)oxyphenyl] 4-pentoxybenzoate",,DDM,DOPO-based (additive),0,0,P-only,100.00%,0.00%,CCCCCOc1ccc(C(=O)Oc2ccc(OC(=O)c3ccc(OCCCCC)cc3)c(P3(=O)Oc4ccccc4-c4ccccc43)c2)cc1,,NC1=CC=C(CC2=CC=C(N)C=C2)C=C1,3.42,0.1503088728581239,0.0,0.0,0.0,0.0,0.0,0.0,0.0,0.0,1,0,0,0,0,1,0,0,0,0,0,160.0,3.2,,24.8,,3.2,,,3.0,35.0,,1184.0,,,87.2,,,159.0,,,17.0,,,62.6,,,97.55,,,,,Virtual screening scenario,,,,,,,,,,,,,,,,,,,,,,,,,,,,,,,
FORM_001214,PUBCHEM_101482827,"[3-(6-Oxobenzo[c][2,1]benzoxaphosphinin-6-yl)-4-(4-pentoxybenzoyl)oxyphenyl] 4-pentoxybenzoate",pubchem,P-only,PUBLIC_UNVERIFIED,False,True,True,True,True,Candidate,,"[3-(6-Oxobenzo[c][2,1]benzoxaphosphinin-6-yl)-4-(4-pentoxybenzoyl)oxyphenyl] 4-pentoxybenzoate",,DDM,DOPO-based (additive),0,0,P-only,100.00%,0.00%,CCCCCOc1ccc(C(=O)Oc2ccc(OC(=O)c3ccc(OCCCCC)cc3)c(P3(=O)Oc4ccccc4-c4ccccc43)c2)cc1,,NC1=CC=C(CC2=CC=C(N)C=C2)C=C1,7.0,0.30764973976808985,0.0,0.0,0.0,0.0,0.0,0.0,0.0,0.0,1,0,0,0,0,1,0,0,0,0,0,160.0,3.2,,24.8,,3.2,,,3.0,35.0,,1184.0,,,87.2,,,159.0,,,17.0,,,62.6,,,97.55,,,,,Virtual screening scenario,,,,,,,,,,,,,,,,,,,,,,,,,,,,,,,
FORM_001215,PUBCHEM_101482827,"[3-(6-Oxobenzo[c][2,1]benzoxaphosphinin-6-yl)-4-(4-pentoxybenzoyl)oxyphenyl] 4-pentoxybenzoate",pubchem,P-only,PUBLIC_UNVERIFIED,False,True,True,True,True,Candidate,,"[3-(6-Oxobenzo[c][2,1]benzoxaphosphinin-6-yl)-4-(4-pentoxybenzoyl)oxyphenyl] 4-pentoxybenzoate",,DDM,DOPO-based (additive),0,0,P-only,100.00%,0.00%,CCCCCOc1ccc(C(=O)Oc2ccc(OC(=O)c3ccc(OCCCCC)cc3)c(P3(=O)Oc4ccccc4-c4ccccc43)c2)cc1,,NC1=CC=C(CC2=CC=C(N)C=C2)C=C1,10.0,0.43949962824012834,0.0,0.0,0.0,0.0,0.0,0.0,0.0,0.0,1,0,0,0,0,1,0,0,0,0,0,160.0,3.2,,24.8,,3.2,,,3.0,35.0,,1184.0,,,87.2,,,159.0,,,17.0,,,62.6,,,97.55,,,,,Virtual screening scenario,,,,,,,,,,,,,,,,,,,,,,,,,,,,,,,
FORM_001216,PUBCHEM_101559517,"6-[3-(4-Prop-2-ynoxyphenyl)-2,4-dihydro-1,3-benzoxazin-4-yl]benzo[c][2,1]benzoxaphosphinine 6-oxide",pubchem,P-N,PUBLIC_UNVERIFIED,False,True,True,True,True,Candidate,,"6-[3-(4-Prop-2-ynoxyphenyl)-2,4-dihydro-1,3-benzoxazin-4-yl]benzo[c][2,1]benzoxaphosphinine 6-oxide",,DDM,DOPO-based (additive),0,1,P-N,100.00%,0.00%,C#CCOc1ccc(N2COc3ccccc3C2P2(=O)Oc3ccccc3-c3ccccc32)cc1,,NC1=CC=C(CC2=CC=C(N)C=C2)C=C1,3.42,0.22093277605365894,0.09990977575332863,0.0,0.0,0.0,0.4522179892813328,0.0,0.0,0.0,1,1,0,0,0,1,0,0,0,0,0,160.0,3.2,,24.8,,3.2,,,3.0,35.0,,1184.0,,,87.2,,,159.0,,,17.0,,,62.6,,,97.55,,,,,Virtual screening scenario,,,,,,,,,,,,,,,,,,,,,,,,,,,,,,,
FORM_001217,PUBCHEM_101559517,"6-[3-(4-Prop-2-ynoxyphenyl)-2,4-dihydro-1,3-benzoxazin-4-yl]benzo[c][2,1]benzoxaphosphinine 6-oxide",pubchem,P-N,PUBLIC_UNVERIFIED,False,True,True,True,True,Candidate,,"6-[3-(4-Prop-2-ynoxyphenyl)-2,4-dihydro-1,3-benzoxazin-4-yl]benzo[c][2,1]benzoxaphosphinine 6-oxide",,DDM,DOPO-based (additive),0,1,P-N,100.00%,0.00%,C#CCOc1ccc(N2COc3ccccc3C2P2(=O)Oc3ccccc3-c3ccccc32)cc1,,NC1=CC=C(CC2=CC=C(N)C=C2)C=C1,7.0,0.45220158841392183,0.20449369306236853,0.0,0.0,0.0,0.4522179892813327,0.0,0.0,0.0,1,1,0,0,0,1,0,0,0,0,0,160.0,3.2,,24.8,,3.2,,,3.0,35.0,,1184.0,,,87.2,,,159.0,,,17.0,,,62.6,,,97.55,,,,,Virtual screening scenario,,,,,,,,,,,,,,,,,,,,,,,,,,,,,,,
FORM_001218,PUBCHEM_101559517,"6-[3-(4-Prop-2-ynoxyphenyl)-2,4-dihydro-1,3-benzoxazin-4-yl]benzo[c][2,1]benzoxaphosphinine 6-oxide",pubchem,P-N,PUBLIC_UNVERIFIED,False,True,True,True,True,Candidate,,"6-[3-(4-Prop-2-ynoxyphenyl)-2,4-dihydro-1,3-benzoxazin-4-yl]benzo[c][2,1]benzoxaphosphinine 6-oxide",,DDM,DOPO-based (additive),0,1,P-N,100.00%,0.00%,C#CCOc1ccc(N2COc3ccccc3C2P2(=O)Oc3ccccc3-c3ccccc32)cc1,,NC1=CC=C(CC2=CC=C(N)C=C2)C=C1,10.0,0.6460022691627455,0.29213384723195507,0.0,0.0,0.0,0.4522179892813327,0.0,0.0,0.0,1,1,0,0,0,1,0,0,0,0,0,160.0,3.2,,24.8,,3.2,,,3.0,35.0,,1184.0,,,87.2,,,159.0,,,17.0,,,62.6,,,97.55,,,,,Virtual screening scenario,,,,,,,,,,,,,,,,,,,,,,,,,,,,,,,
FORM_001219,PUBCHEM_87066003,"6-[3-(6-Oxobenzo[c][2,1]benzoxaphosphinin-6-yl)propyl]benzo[c][2,1]benzoxaphosphinine 6-oxide",pubchem,P-only,PUBLIC_UNVERIFIED,False,True,True,True,True,Candidate,,"6-[3-(6-Oxobenzo[c][2,1]benzoxaphosphinin-6-yl)propyl]benzo[c][2,1]benzoxaphosphinine 6-oxide",,DDM,DOPO-based (additive),0,0,P-only,100.00%,0.00%,O=P1(CCCP2(=O)Oc3ccccc3-c3ccccc32)Oc2ccccc2-c2ccccc21,,NC1=CC=C(CC2=CC=C(N)C=C2)C=C1,3.42,0.44846430166568935,0.0,0.0,0.0,0.0,0.0,0.0,0.0,0.0,1,0,0,0,0,1,0,0,0,0,0,160.0,3.2,,24.8,,3.2,,,3.0,35.0,,1184.0,,,87.2,,,159.0,,,17.0,,,62.6,,,97.55,,,,,Virtual screening scenario,,,,,,,,,,,,,,,,,,,,,,,,,,,,,,,
FORM_001220,PUBCHEM_87066003,"6-[3-(6-Oxobenzo[c][2,1]benzoxaphosphinin-6-yl)propyl]benzo[c][2,1]benzoxaphosphinine 6-oxide",pubchem,P-only,PUBLIC_UNVERIFIED,False,True,True,True,True,Candidate,,"6-[3-(6-Oxobenzo[c][2,1]benzoxaphosphinin-6-yl)propyl]benzo[c][2,1]benzoxaphosphinine 6-oxide",,DDM,DOPO-based (additive),0,0,P-only,100.00%,0.00%,O=P1(CCCP2(=O)Oc3ccccc3-c3ccccc32)Oc2ccccc2-c2ccccc21,,NC1=CC=C(CC2=CC=C(N)C=C2)C=C1,7.0,0.917909389374218,0.0,0.0,0.0,0.0,0.0,0.0,0.0,0.0,1,0,0,0,0,1,0,0,0,0,0,160.0,3.2,,24.8,,3.2,,,3.0,35.0,,1184.0,,,87.2,,,159.0,,,17.0,,,62.6,,,97.55,,,,,Virtual screening scenario,,,,,,,,,,,,,,,,,,,,,,,,,,,,,,,
FORM_001221,PUBCHEM_87066003,"6-[3-(6-Oxobenzo[c][2,1]benzoxaphosphinin-6-yl)propyl]benzo[c][2,1]benzoxaphosphinine 6-oxide",pubchem,P-only,PUBLIC_UNVERIFIED,False,True,True,True,True,Candidate,,"6-[3-(6-Oxobenzo[c][2,1]benzoxaphosphinin-6-yl)propyl]benzo[c][2,1]benzoxaphosphinine 6-oxide",,DDM,DOPO-based (additive),0,0,P-only,100.00%,0.00%,O=P1(CCCP2(=O)Oc3ccccc3-c3ccccc32)Oc2ccccc2-c2ccccc21,,NC1=CC=C(CC2=CC=C(N)C=C2)C=C1,10.0,1.3112991276774542,0.0,0.0,0.0,0.0,0.0,0.0,0.0,0.0,1,0,0,0,0,1,0,0,0,0,0,160.0,3.2,,24.8,,3.2,,,3.0,35.0,,1184.0,,,87.2,,,159.0,,,17.0,,,62.6,,,97.55,,,,,Virtual screening scenario,,,,,,,,,,,,,,,,,,,,,,,,,,,,,,,
FORM_001222,PUBCHEM_144333584,"2-[(6-Oxobenzo[c][2,1]benzoxaphosphinin-6-yl)methyl]hexanedioic acid",pubchem,P-only,PUBLIC_UNVERIFIED,False,True,True,True,True,Candidate,,"2-[(6-Oxobenzo[c][2,1]benzoxaphosphinin-6-yl)methyl]hexanedioic acid",,DDM,DOPO-based (reactive),1,0,P-only,100.00%,0.00%,O=C(O)CCCC(CP1(=O)Oc2ccccc2-c2ccccc21)C(=O)O,,NC1=CC=C(CC2=CC=C(N)C=C2)C=C1,4.0,0.33098156968869624,0.0,0.0,0.0,0.0,0.0,0.0,0.0,0.0,1,0,0,0,0,1,0,0,0,0,0,160.0,3.2,,24.7,,3.0,,,3.0,35.0,,1149.8,,,93.5,,,164.0,,,16.0,,,59.0,,,105.1,,,,,Virtual screening scenario,,,,,,,,,,,,,,,,,,,,,,,,,,,,,,,
FORM_001223,PUBCHEM_144333584,"2-[(6-Oxobenzo[c][2,1]benzoxaphosphinin-6-yl)methyl]hexanedioic acid",pubchem,P-only,PUBLIC_UNVERIFIED,False,True,True,True,True,Candidate,,"2-[(6-Oxobenzo[c][2,1]benzoxaphosphinin-6-yl)methyl]hexanedioic acid",,DDM,DOPO-based (reactive),1,0,P-only,100.00%,0.00%,O=C(O)CCCC(CP1(=O)Oc2ccccc2-c2ccccc21)C(=O)O,,NC1=CC=C(CC2=CC=C(N)C=C2)C=C1,6.0,0.49647235453304434,0.0,0.0,0.0,0.0,0.0,0.0,0.0,0.0,1,0,0,0,0,1,0,0,0,0,0,160.0,3.2,,24.7,,3.0,,,3.0,35.0,,1149.8,,,93.5,,,164.0,,,16.0,,,59.0,,,105.1,,,,,Virtual screening scenario,,,,,,,,,,,,,,,,,,,,,,,,,,,,,,,
FORM_001224,PUBCHEM_144333584,"2-[(6-Oxobenzo[c][2,1]benzoxaphosphinin-6-yl)methyl]hexanedioic acid",pubchem,P-only,PUBLIC_UNVERIFIED,False,True,True,True,True,Candidate,,"2-[(6-Oxobenzo[c][2,1]benzoxaphosphinin-6-yl)methyl]hexanedioic acid",,DDM,DOPO-based (reactive),1,0,P-only,100.00%,0.00%,O=C(O)CCCC(CP1(=O)Oc2ccccc2-c2ccccc21)C(=O)O,,NC1=CC=C(CC2=CC=C(N)C=C2)C=C1,10.0,0.8274539242217407,0.0,0.0,0.0,0.0,0.0,0.0,0.0,0.0,1,0,0,0,0,1,0,0,0,0,0,160.0,3.2,,24.7,,3.0,,,3.0,35.0,,1149.8,,,93.5,,,164.0,,,16.0,,,59.0,,,105.1,,,,,Virtual screening scenario,,,,,,,,,,,,,,,,,,,,,,,,,,,,,,,
FORM_001225,PUBCHEM_122629504,"4-(2-Hydroxyethoxy)-4-oxo-2-[(6-oxobenzo[c][2,1]benzoxaphosphinin-6-yl)methyl]butanoic acid",pubchem,P-only,PUBLIC_UNVERIFIED,False,True,True,True,True,Candidate,,"4-(2-Hydroxyethoxy)-4-oxo-2-[(6-oxobenzo[c][2,1]benzoxaphosphinin-6-yl)methyl]butanoic acid",,DDM,DOPO-based (reactive),1,0,P-only,100.00%,0.00%,O=C(CC(CP1(=O)Oc2ccccc2-c2ccccc21)C(=O)O)OCCO,,NC1=CC=C(CC2=CC=C(N)C=C2)C=C1,4.0,0.3174150970465864,0.0,0.0,0.0,0.0,0.0,0.0,0.0,0.0,1,0,0,0,0,1,0,0,0,0,0,160.0,3.2,,24.7,,3.0,,,3.0,35.0,,1149.8,,,93.5,,,164.0,,,16.0,,,59.0,,,105.1,,,,,Virtual screening scenario,,,,,,,,,,,,,,,,,,,,,,,,,,,,,,,
FORM_001226,PUBCHEM_122629504,"4-(2-Hydroxyethoxy)-4-oxo-2-[(6-oxobenzo[c][2,1]benzoxaphosphinin-6-yl)methyl]butanoic acid",pubchem,P-only,PUBLIC_UNVERIFIED,False,True,True,True,True,Candidate,,"4-(2-Hydroxyethoxy)-4-oxo-2-[(6-oxobenzo[c][2,1]benzoxaphosphinin-6-yl)methyl]butanoic acid",,DDM,DOPO-based (reactive),1,0,P-only,100.00%,0.00%,O=C(CC(CP1(=O)Oc2ccccc2-c2ccccc21)C(=O)O)OCCO,,NC1=CC=C(CC2=CC=C(N)C=C2)C=C1,6.0,0.47612264556987954,0.0,0.0,0.0,0.0,0.0,0.0,0.0,0.0,1,0,0,0,0,1,0,0,0,0,0,160.0,3.2,,24.7,,3.0,,,3.0,35.0,,1149.8,,,93.5,,,164.0,,,16.0,,,59.0,,,105.1,,,,,Virtual screening scenario,,,,,,,,,,,,,,,,,,,,,,,,,,,,,,,
FORM_001227,PUBCHEM_122629504,"4-(2-Hydroxyethoxy)-4-oxo-2-[(6-oxobenzo[c][2,1]benzoxaphosphinin-6-yl)methyl]butanoic acid",pubchem,P-only,PUBLIC_UNVERIFIED,False,True,True,True,True,Candidate,,"4-(2-Hydroxyethoxy)-4-oxo-2-[(6-oxobenzo[c][2,1]benzoxaphosphinin-6-yl)methyl]butanoic acid",,DDM,DOPO-based (reactive),1,0,P-only,100.00%,0.00%,O=C(CC(CP1(=O)Oc2ccccc2-c2ccccc21)C(=O)O)OCCO,,NC1=CC=C(CC2=CC=C(N)C=C2)C=C1,10.0,0.7935377426164659,0.0,0.0,0.0,0.0,0.0,0.0,0.0,0.0,1,0,0,0,0,1,0,0,0,0,0,160.0,3.2,,24.7,,3.0,,,3.0,35.0,,1149.8,,,93.5,,,164.0,,,16.0,,,59.0,,,105.1,,,,,Virtual screening scenario,,,,,,,,,,,,,,,,,,,,,,,,,,,,,,,
