Overall_rank,Formulation_ID,Candidate_ID,Candidate_Name,Source_Type,Design_Family,Synthesis_Level,synthesis_feasible,candidate_feasible,smiles_valid,contains_DOPO,is_unique,candidate_status,Record_ID,FR_main,FR_co,Curing_Agent,Preparation_Method,Preparation_Method_num,Synergy_flag(single=0&synergy=1),Synergy_type,Main_FR_fraction,Co_FR_fraction,SMILES_main,SMILES_co,SMILES_Curing_Agent,Loading_total_FR wt%,P_content wt%,N_content wt%,S_content wt%,B_content wt%,Si_content wt%,N/P ratio,S/P ratio,B/P ratio,Si/P ratio,Has_P,Has_N,Has_S,Has_B,Has_Si,CuringAgent_Has_N,CuringAgent_Has_S,CuringAgent_Has_P,CuringAgent_Has_B,CuringAgent_Has_F,CuringAgent_Has_Cl,Cure_Temp_Max,LOI_Thickness_mm,LOI,EP_matrix_LOI,Delta_LOI,UL94_Thickness_mm,UL94,UL94_num,Cone_Thickness_mm,Cone_flux_kW_m2,PHRR_kw_㎡,EP_matrix_PHRR,Delta_PHRR,THR_MJ_㎡,EP_matrix_THR,Delta_THR,Tg_℃,EP_matrix_Tg,Delta_Tg,Char_yield_％_700C,EP_matrix_CY,Delta_CY,TS_MPa,EP_matrix_TS,Delta_TS,FS_MPa,EP_matrix_FS,Delta_FS,FR_main_BDE_Kcal/mol,FR_main_BDE_KJ/mol,BDE_Type,Reference,pred_Canonical_SMILES,pred_Bond_Type,pred_selected_model_task,pred_selected_model_name,pred_selected_target_mode,pred_selected_k_best,pred_BDE_pred_kJ_mol,pred_BDE_pred_std_kJ_mol,pred_confidence_note,pred_prediction_agreement_note,pred_pcpn_alltypes_abs_diff_kJ_mol,pred_BDE_pred_pc_pn_kJ_mol,pred_BDE_pred_pc_pn_std_kJ_mol,pred_BDE_model_pc_pn,pred_BDE_target_mode_pc_pn,pred_BDE_k_best_pc_pn,FR_main_BDE_pred_kJ_mol,FR_main_BDE_pred_std_kJ_mol,FR_main_BDE_model_task,FR_main_BDE_model_name,FR_main_BDE_target_mode,FR_main_BDE_k_best,FR_main_BDE_confidence_note,FR_main_BDE_prediction_agreement_note,FR_main_BDE_pcpn_alltypes_diff_kJ_mol,FR_main_BDE_pc_pn_pred_kJ_mol,FR_main_BDE_pc_pn_pred_std_kJ_mol,FR_main_BDE_final_kJ_mol,FR_main_BDE_available,FR_main_BDE_source,FR_main_BDE_low_confidence,LOI_pred,LOI_PI_lower,LOI_PI_upper,LOI_PI_width,LOI_within_training_1_99pct,LOI_model,LOI_view,LOI_K,PHRR_pred,PHRR_PI_lower,PHRR_PI_upper,PHRR_PI_width,PHRR_within_training_1_99pct,PHRR_model,PHRR_view,PHRR_K,THR_pred,THR_PI_lower,THR_PI_upper,THR_PI_width,THR_within_training_1_99pct,THR_model,THR_view,THR_K,V0_probability,UL94_V0_predicted_class,UL94_uncertainty,UL94_V0_model,UL94_V0_view,UL94_V0_K,Tg_pred,Tg_PI_lower,Tg_PI_upper,Tg_PI_width,Tg_within_training_1_99pct,Tg_model,Tg_view,Tg_K,TS_pred,TS_MPa_PI_lower,TS_MPa_PI_upper,TS_MPa_PI_width,TS_MPa_within_training_1_99pct,TS_MPa_model,TS_MPa_view,TS_MPa_K,candidate_original_index,Candidate_SMILES_valid,Candidate_Canonical_SMILES,Candidate_Murcko_scaffold,Max_Tanimoto_to_training,Scaffold_seen_in_training,Applicability_domain,AD_reason,Nearest_1_name,Nearest_1_SMILES,Nearest_1_Tanimoto,Nearest_2_name,Nearest_2_SMILES,Nearest_2_Tanimoto,Nearest_3_name,Nearest_3_SMILES,Nearest_3_Tanimoto,max_similarity,in_domain,uncertainty,PC1,PC2,eligible_structure,eligible_ad,eligible_target_range,eligible_for_pareto,Normalized_LOI_pred,Normalized_V0_probability,Normalized_PHRR_pred,Normalized_THR_pred,Normalized_Tg_pred,Normalized_TS_pred,Performance_score,Uncertainty_penalty,AD_penalty,Loading_penalty,Final_ranking_score,Pareto_rank,Pareto_front,pareto_flag,Candidate_rank
1,FORM_000039,CAND_013,TDCA-DOPO-3-boronic-acid,designed,P-B,B,True,True,True,True,True,Candidate,,TDCA-DOPO-3-boronic-acid,,DDM,DOPO-based (additive),0,1,P-B,100.00%,0.00%,O=P(Oc1ccccc1)(Oc1ccccc1)OC(c1ccc(C(OP(=O)(Oc2ccccc2)Oc2ccccc2)P2(=O)Oc3ccc(B(O)O)cc3-c3ccccc32)cc1)P1(=O)Oc2ccccc2-c2ccccc21,,NC1=CC=C(CC2=CC=C(N)C=C2)C=C1,10.0,1.1528920005880956,0.0,0.0,0.1006091262862279,0.0,0.0,0.0,0.0872667398463227,0.0,1,0,0,1,0,1,0,0,0,0,0,160.0,3.2,,24.8,,3.2,,,3.0,35.0,,1184.0,,,87.2,,,159.0,,,17.0,,,62.6,,,97.55,,,,,Virtual screening scenario,,,,,,,,,,,,,,,,,,,,,,,,,,,,,,,,35.37660251830155,28.970189725798416,41.783015310804686,12.812825585006273,True,GBDT,compact,260,523.2811401617222,-6.925116034617645,1053.4873963580621,1060.4125123926797,True,GBDT,compact,330,56.36508770111311,25.840334612960277,86.88984078926595,61.04950617630567,True,GBDT,descriptors,30,0.6770938267851677,1,0.8745511060583401,ExtraTrees,morgan_r3,ALL,154.2672119140625,127.07080078125,181.463623046875,54.392822265625,True,XGB,morgan_r3,270,73.17728012580106,49.07836444245259,97.27619580914953,48.197831366696946,True,GBDT,compact,140,36,True,O=P(Oc1ccccc1)(Oc1ccccc1)OC(c1ccc(C(OP(=O)(Oc2ccccc2)Oc2ccccc2)P2(=O)Oc3ccc(B(O)O)cc3-c3ccccc32)cc1)P1(=O)Oc2ccccc2-c2ccccc21,O=P(Oc1ccccc1)(Oc1ccccc1)OC(c1ccc(C(OP(=O)(Oc2ccccc2)Oc2ccccc2)P2(=O)Oc3ccccc3-c3ccccc32)cc1)P1(=O)Oc2ccccc2-c2ccccc21,0.7738095238095238,True,In_domain,Maximum Tanimoto >= 0.70.,TDCA-DOPO-3,O=P(Oc1ccccc1)(Oc1ccccc1)OC(c1ccc(C(OP(=O)(Oc2ccccc2)Oc2ccccc2)P2(=O)Oc3ccccc3-c3ccccc32)cc1)P1(=O)Oc2ccccc2-c2ccccc21,0.7738095238095238,TDCA-DOPO-2,O=P(OC(c1ccc(C(OP(=O)(c2ccccc2)c2ccccc2)P2(=O)Oc3ccccc3-c3ccccc32)cc1)P1(=O)Oc2ccccc2-c2ccccc21)(c1ccccc1)c1ccccc1,0.5263157894736842,TDCA-DOPO-1,O=P1(C(OP(c2ccccc2)c2ccccc2)c2ccc(C(OP(c3ccccc3)c3ccccc3)P3(=O)Oc4ccccc4-c4ccccc43)cc2)Oc2ccccc2-c2ccccc21,0.43564356435643564,0.7738095238095238,True,0.9790918510097234,1.2847597440402858,-1.2994509291453071,True,True,True,True,0.5456115223678586,0.8502164793305773,0.9132201977408573,1.0,0.10663395360965311,0.8146273987238749,0.7539357751212115,0.4534434121024323,0.0,0.0,0.6859192633058466,1.0,True,True,1
2,FORM_000155,CAND_R2_050,PBD-trimethoxysilyl,designed,P-N-Si,B,True,True,True,True,True,Candidate,,PBD-trimethoxysilyl,,DDS,DOPO-based (Additive + Secondary Crosslinking),3,1,P-N-Si,100.00%,0.00%,CO[Si](OC)(OC)c1cc(Oc2cccc(NC(c3ccc(C(Nc4cccc(Oc5ccc(C#N)c(C#N)c5)c4)P4(=O)Oc5ccccc5-c5ccccc54)cc3)P3(=O)Oc4ccccc4-c4ccccc43)c2)cc(C#N)c1C#N,,NC1=CC=C(C=C1)S(=O)(=O)C1=CC=C(N)C=C1,5.29,0.2922992914279189,0.3965489935136754,0.0,0.0,0.1325227271105528,1.3566539678439982,0.0,0.0,0.4533802544069218,1,1,0,0,1,1,1,0,0,0,0,250.0,4.0,,22.4,,3.0,,,4.0,35.0,,867.99,,,114.145,,,180.0,,,16.9,,,52.14,,,95.65,,,,,Virtual screening scenario,,,,,,,,,,,,,,,,,,,,,,,,,,,,,,,,40.97117588372499,34.56476309122185,47.37758867622813,12.812825585006273,True,GBDT,compact,260,436.9127645536509,-93.29349164268893,967.1190207499908,1060.4125123926797,True,GBDT,compact,330,82.10933390799406,51.58458081984122,112.63408699614689,61.04950617630567,True,GBDT,descriptors,30,0.7049026427957041,1,0.8320596279013444,ExtraTrees,morgan_r3,ALL,189.3537139892578,162.1573028564453,216.5501251220703,54.392822265625,True,XGB,morgan_r3,270,58.78204632726667,34.6831306439182,82.88096201061515,48.197831366696946,True,GBDT,compact,140,153,True,CO[Si](OC)(OC)c1cc(Oc2cccc(NC(c3ccc(C(Nc4cccc(Oc5ccc(C#N)c(C#N)c5)c4)P4(=O)Oc5ccccc5-c5ccccc54)cc3)P3(=O)Oc4ccccc4-c4ccccc43)c2)cc(C#N)c1C#N,O=P1(C(Nc2cccc(Oc3ccccc3)c2)c2ccc(C(Nc3cccc(Oc4ccccc4)c3)P3(=O)Oc4ccccc4-c4ccccc43)cc2)Oc2ccccc2-c2ccccc21,0.7830188679245284,True,In_domain,Maximum Tanimoto >= 0.70.,PBD,N#Cc1ccc(Oc2cccc(NC(c3ccc(C(Nc4cccc(Oc5ccc(C#N)c(C#N)c5)c4)P4(=O)Oc5ccccc5-c5ccccc54)cc3)P3(=O)Oc4ccccc4-c4ccccc43)c2)cc1C#N,0.7830188679245284,APN-DOPO,N#Cc1ccc(Oc2cccc(NCP3(=O)Oc4ccccc4-c4ccccc43)c2)cc1C#N,0.4603174603174603,DOPO-DDE,O=P1(C(Nc2ccc(Oc3ccc(NC(c4ccc(O)cc4)P4(=O)Oc5ccccc5-c5ccccc54)cc3)cc2)c2ccc(O)cc2)Oc2ccccc2-c2ccccc21,0.4344262295081967,0.7830188679245284,True,0.9720099379835574,2.9048863918424046,4.51327755797836,True,True,True,True,1.0,1.0,1.0,0.17493876960397658,1.0,0.03413374913763355,0.7384011288345587,0.4166666666666667,0.0,0.0,0.6759011288345587,1.0,True,True,2
3,FORM_000696,CAND_R2_239,PAD-NH-methyl,designed,P-N-S,B,True,True,True,True,True,Candidate,,PAD-NH-methyl,,DDM,DOPO-based (additive),0,1,P-N-S,100.00%,0.00%,CN(c1nc2ccccc2s1)C(c1ccc(OP(=O)(Oc2ccc(C(Nc3nc4ccccc4s3)P3(=O)Oc4ccccc4-c4ccccc43)cc2)c2ccccc2)cc1)P1(=O)Oc2ccccc2-c2ccccc21,,NC1=CC=C(CC2=CC=C(N)C=C2)C=C1,10.0,0.8627294419118533,0.5201890313535795,0.5954487637757991,0.0,0.0,0.602957319041777,0.6901917737457223,0.0,0.0,1,1,1,0,0,1,0,0,0,0,0,160.0,3.2,,24.8,,3.2,,,3.0,35.0,,1184.0,,,87.2,,,159.0,,,17.0,,,62.6,,,97.55,,,,,Virtual screening scenario,,,,,,,,,,,,,,,,,,,,,,,,,,,,,,,,36.46826425467697,30.06185146217383,42.8746770471801,12.812825585006273,True,GBDT,compact,260,647.6413405446629,117.43508434832302,1177.8475967410027,1060.4125123926797,True,GBDT,compact,330,62.83238791698062,32.30763482882779,93.35714100513346,61.04950617630567,True,GBDT,descriptors,30,0.6951596739362742,1,0.8476508066763485,ExtraTrees,morgan_r3,ALL,149.62960815429688,122.43319702148438,176.82601928710938,54.392822265625,True,XGB,morgan_r3,270,73.96395434983013,49.86503866648166,98.0628700331786,48.197831366696946,True,GBDT,compact,140,693,True,CN(c1nc2ccccc2s1)C(c1ccc(OP(=O)(Oc2ccc(C(Nc3nc4ccccc4s3)P3(=O)Oc4ccccc4-c4ccccc43)cc2)c2ccccc2)cc1)P1(=O)Oc2ccccc2-c2ccccc21,O=P(Oc1ccc(C(Nc2nc3ccccc3s2)P2(=O)Oc3ccccc3-c3ccccc32)cc1)(Oc1ccc(C(Nc2nc3ccccc3s2)P2(=O)Oc3ccccc3-c3ccccc32)cc1)c1ccccc1,0.7964601769911505,True,In_domain,Maximum Tanimoto >= 0.70.,PAD,O=P(Oc1ccc(C(Nc2nc3ccccc3s2)P2(=O)Oc3ccccc3-c3ccccc32)cc1)(Oc1ccc(C(Nc2nc3ccccc3s2)P2(=O)Oc3ccccc3-c3ccccc32)cc1)c1ccccc1,0.7964601769911505,BPD,O=P1(C(Nc2nc3ccccc3s2)c2ccc(C(Nc3nc4ccccc4s3)P3(=O)Oc4ccccc4-c4ccccc43)cc2)Oc2ccccc2-c2ccccc21,0.6052631578947368,D-P-A,O=P1(C(Nc2nc3ccccc3s2)c2ccc(O)cc2)Oc2ccccc2-c2ccccc21,0.575,0.7964601769911505,True,0.9746084677793915,3.444278271387661,-2.3131507643743334,True,True,True,True,0.6668302142470333,0.9775935010767463,0.6441288731298427,0.9775511398806767,0.0,0.8572800047698,0.7389487461438398,0.42243303952520955,0.0,0.0,0.6755837902150583,1.0,True,True,3
4,FORM_000906,CAND_R2_319,BDO-hydroxymethyl,designed,P-N-S,B,True,True,True,True,True,Candidate,,BDO-hydroxymethyl,,DDM,DOPO-based (additive),0,1,P-N-S,100.00%,0.00%,O=P1(CC(Nc2n[nH]c(NC(c3cccs3)P3(=O)Oc4ccccc4-c4ccccc43)n2)c2ccc(CO)s2)Oc2ccccc2-c2ccccc21,,NC1=CC=C(CC2=CC=C(N)C=C2)C=C1,10.0,0.8110733747240688,0.9169549266933584,0.8396942567081007,0.0,0.0,1.130544973203332,1.0352876606185832,0.0,0.0,1,1,1,0,0,1,0,0,0,0,0,160.0,3.2,,24.8,,3.2,,,3.0,35.0,,1184.0,,,87.2,,,159.0,,,17.0,,,62.6,,,97.55,,,,,Virtual screening scenario,,,,,,,,,,,,,,,,,,,,,,,,,,,,,,,,36.20209726428117,29.795684471778035,42.60851005678431,12.812825585006273,True,GBDT,compact,260,692.5571410616272,162.3508848652874,1222.763397257967,1060.4125123926797,True,GBDT,compact,330,62.60127152046142,32.07651843230858,93.12602460861424,61.04950617630567,True,GBDT,descriptors,30,0.6973270039455787,1,0.8442482140554464,ExtraTrees,morgan_r3,ALL,148.4613800048828,121.26496887207031,175.6577911376953,54.392822265625,True,XGB,morgan_r3,270,79.75068252585251,55.65176684250404,103.84959820920099,48.197831366696946,True,GBDT,compact,140,903,True,O=P1(CC(Nc2n[nH]c(NC(c3cccs3)P3(=O)Oc4ccccc4-c4ccccc43)n2)c2ccc(CO)s2)Oc2ccccc2-c2ccccc21,O=P1(CC(Nc2n[nH]c(NC(c3cccs3)P3(=O)Oc4ccccc4-c4ccccc43)n2)c2cccs2)Oc2ccccc2-c2ccccc21,0.8269230769230769,True,In_domain,Maximum Tanimoto >= 0.70.,BDO,O=P1(CC(Nc2n[nH]c(NC(c3cccs3)P3(=O)Oc4ccccc4-c4ccccc43)n2)c2cccs2)Oc2ccccc2-c2ccccc21,0.8269230769230769,SAD,O=P1(C(Nc2nc[nH]n2)c2cccs2)Oc2ccccc2-c2ccccc21,0.504424778761062,TBO,O=P1(C(Nc2n[nH]c(NC(c3ccccc3O)P3(=O)Oc4ccccc4-c4ccccc43)n2)c2ccccc2O)Oc2ccccc2-c2ccccc21,0.4745762711864407,0.8269230769230769,True,0.9740413690092411,0.23529143472897746,-1.2410400442099108,True,True,True,True,0.6372748920056208,0.9928747131570439,0.546939802833587,0.9871738715574975,0.0,1.0,0.7328526559107498,0.41851056775624024,0.0,0.0,0.6700760707473137,1.0,True,True,4
5,FORM_000207,CAND_R2_067,PBD-NH-methyl,designed,P-N,B,True,True,True,True,True,Candidate,,PBD-NH-methyl,,DDM,DOPO-based (additive),0,1,P-N,100.00%,0.00%,CN(c1cccc(Oc2ccc(C#N)c(C#N)c2)c1)C(c1ccc(C(Nc2cccc(Oc3ccc(C#N)c(C#N)c3)c2)P2(=O)Oc3ccccc3-c3ccccc32)cc1)P1(=O)Oc2ccccc2-c2ccccc21,,NC1=CC=C(CC2=CC=C(N)C=C2)C=C1,10.0,0.6103401561614816,0.8280203945909996,0.0,0.0,0.0,1.3566539678439984,0.0,0.0,0.0,1,1,0,0,0,1,0,0,0,0,0,160.0,3.2,,24.8,,3.2,,,3.0,35.0,,1184.0,,,87.2,,,159.0,,,17.0,,,62.6,,,97.55,,,,,Virtual screening scenario,,,,,,,,,,,,,,,,,,,,,,,,,,,,,,,,36.470004429126845,30.06359163662371,42.87641722162998,12.812825585006273,True,GBDT,compact,260,687.6802867931251,157.47403059678527,1217.886542989465,1060.4125123926797,True,GBDT,compact,330,63.667071678176974,33.14231859002414,94.1918247663298,61.04950617630567,True,GBDT,descriptors,30,0.7013555930981786,1,0.8378237005123229,ExtraTrees,morgan_r3,ALL,157.31639099121094,130.11997985839844,184.51280212402344,54.392822265625,True,XGB,morgan_r3,270,70.99713664198195,46.89822095863348,95.09605232533042,48.197831366696946,True,GBDT,compact,140,204,True,CN(c1cccc(Oc2ccc(C#N)c(C#N)c2)c1)C(c1ccc(C(Nc2cccc(Oc3ccc(C#N)c(C#N)c3)c2)P2(=O)Oc3ccccc3-c3ccccc32)cc1)P1(=O)Oc2ccccc2-c2ccccc21,O=P1(C(Nc2cccc(Oc3ccccc3)c2)c2ccc(C(Nc3cccc(Oc4ccccc4)c3)P3(=O)Oc4ccccc4-c4ccccc43)cc2)Oc2ccccc2-c2ccccc21,0.7685185185185185,True,In_domain,Maximum Tanimoto >= 0.70.,PBD,N#Cc1ccc(Oc2cccc(NC(c3ccc(C(Nc4cccc(Oc5ccc(C#N)c(C#N)c5)c4)P4(=O)Oc5ccccc5-c5ccccc54)cc3)P3(=O)Oc4ccccc4-c4ccccc43)c2)cc1C#N,0.7685185185185185,APN-DOPO,N#Cc1ccc(Oc2cccc(NCP3(=O)Oc4ccccc4-c4ccccc43)c2)cc1C#N,0.453125,DOPO-DDE,O=P1(C(Nc2ccc(Oc3ccc(NC(c4ccc(O)cc4)P4(=O)Oc5ccccc5-c5ccccc54)cc3)cc2)c2ccc(O)cc2)Oc2ccccc2-c2ccccc21,0.4274193548387097,0.7685185185185185,True,0.9729706167520539,2.8485813644088496,4.070006411342797,True,True,True,True,0.6670234441308214,1.0,0.5574923684534969,0.9427983573435682,0.19191508375501398,0.6964224311546173,0.7222965854765404,0.4166666666666667,0.0,0.0,0.6597965854765404,1.0,True,True,5
6,FORM_000525,CAND_R2_180,DSD-trimethoxysilyl,designed,P-N-Si-S,B,True,True,True,True,True,Candidate,,DSD-trimethoxysilyl,,DDS,DOPO-based (Additive + Secondary Crosslinking),3,1,P-N-Si-S,100.00%,0.00%,CO[Si](OC)(OC)c1ccc(C(Nc2ccc(S(=O)(=O)c3ccc(NC(c4ccccc4O)P4(=O)Oc5ccccc5-c5ccccc54)cc3)cc2)P2(=O)Oc3ccccc3-c3ccccc32)c(O)c1,,NC1=CC=C(C=C1)S(=O)(=O)C1=CC=C(N)C=C1,10.0,0.6139209458354599,0.2776260957034056,0.3177923899093705,0.0,0.2783396346086189,0.4522179892813327,0.5176438303092915,0.0,0.4533802544069218,1,1,1,0,1,1,1,0,0,0,0,250.0,4.0,,22.4,,3.0,,,4.0,35.0,,867.99,,,114.145,,,180.0,,,16.9,,,52.14,,,95.65,,,,,Virtual screening scenario,,,,,,,,,,,,,,,,,,,,,,,,,,,,,,,,42.05055917160601,35.64414637910288,48.456971964109144,12.812825585006273,True,GBDT,compact,260,369.5756173213723,-160.63063887496753,899.7818735177121,1060.4125123926797,True,GBDT,compact,330,75.26130141230877,44.73654832415593,105.7860545004616,61.04950617630567,True,GBDT,descriptors,30,0.6589707464847055,1,0.898913207048382,ExtraTrees,morgan_r3,ALL,179.99021911621094,152.79380798339844,207.18663024902344,54.392822265625,True,XGB,morgan_r3,270,59.66455287043811,35.565637187089635,83.76346855378658,48.197831366696946,True,GBDT,compact,140,522,True,CO[Si](OC)(OC)c1ccc(C(Nc2ccc(S(=O)(=O)c3ccc(NC(c4ccccc4O)P4(=O)Oc5ccccc5-c5ccccc54)cc3)cc2)P2(=O)Oc3ccccc3-c3ccccc32)c(O)c1,O=P1(C(Nc2ccc(S(=O)(=O)c3ccc(NC(c4ccccc4)P4(=O)Oc5ccccc5-c5ccccc54)cc3)cc2)c2ccccc2)Oc2ccccc2-c2ccccc21,0.7692307692307693,True,In_domain,Maximum Tanimoto >= 0.70.,DSD,O=P1(C(Nc2ccc(S(=O)(=O)c3ccc(NC(c4ccccc4O)P4(=O)Oc5ccccc5-c5ccccc54)cc3)cc2)c2ccccc2O)Oc2ccccc2-c2ccccc21,0.7692307692307693,DOPO-DDS,O=P1(C(Nc2ccc(S(=O)(=O)c3ccc(NC(c4ccc(O)cc4)P4(=O)Oc5ccccc5-c5ccccc54)cc3)cc2)c2ccc(O)cc2)Oc2ccccc2-c2ccccc21,0.5480769230769231,TBO,O=P1(C(Nc2n[nH]c(NC(c3ccccc3O)P3(=O)Oc4ccccc4-c4ccccc43)n2)c2ccccc2O)Oc2ccccc2-c2ccccc21,0.5,0.7692307692307693,True,0.9831522011747303,2.302173952857301,-0.9390837947485136,True,True,True,True,1.0,0.7224359233327842,1.0,0.46006254365283883,0.8260692735541906,0.08198227749802327,0.7273048485023461,0.48152777717722706,0.0,0.0,0.655075681925762,1.0,True,True,6
7,FORM_000660,CAND_R2_227,PAD-carboxamide,designed,P-N-S,B,True,True,True,True,True,Candidate,,PAD-carboxamide,,DDM,DOPO-based (additive),0,1,P-N-S,100.00%,0.00%,NC(=O)c1ccc2nc(NC(c3ccc(OP(=O)(Oc4ccc(C(Nc5nc6ccccc6s5)P5(=O)Oc6ccccc6-c6ccccc65)cc4)c4ccccc4)cc3)P3(=O)Oc4ccccc4-c4ccccc43)sc2c1,,NC1=CC=C(CC2=CC=C(N)C=C2)C=C1,10.0,0.8401110962436305,0.6331889178603846,0.5798377676598544,0.0,0.0,0.7536966488022212,0.6901917737457222,0.0,0.0,1,1,1,0,0,1,0,0,0,0,0,160.0,3.2,,24.8,,3.2,,,3.0,35.0,,1184.0,,,87.2,,,159.0,,,17.0,,,62.6,,,97.55,,,,,Virtual screening scenario,,,,,,,,,,,,,,,,,,,,,,,,,,,,,,,,35.90150905608841,29.49509626358527,42.30792184859155,12.812825585006273,True,GBDT,compact,260,695.5115194797828,165.30526328344297,1225.7177756761225,1060.4125123926797,True,GBDT,compact,330,62.83238791698062,32.30763482882779,93.35714100513346,61.04950617630567,True,GBDT,descriptors,30,0.699289821136094,1,0.8411342687661747,ExtraTrees,morgan_r3,ALL,149.9962158203125,122.7998046875,177.192626953125,54.392822265625,True,XGB,morgan_r3,270,75.09621393042606,50.99729824707759,99.19512961377453,48.197831366696946,True,GBDT,compact,140,657,True,NC(=O)c1ccc2nc(NC(c3ccc(OP(=O)(Oc4ccc(C(Nc5nc6ccccc6s5)P5(=O)Oc6ccccc6-c6ccccc65)cc4)c4ccccc4)cc3)P3(=O)Oc4ccccc4-c4ccccc43)sc2c1,O=P(Oc1ccc(C(Nc2nc3ccccc3s2)P2(=O)Oc3ccccc3-c3ccccc32)cc1)(Oc1ccc(C(Nc2nc3ccccc3s2)P2(=O)Oc3ccccc3-c3ccccc32)cc1)c1ccccc1,0.8181818181818182,True,In_domain,Maximum Tanimoto >= 0.70.,PAD,O=P(Oc1ccc(C(Nc2nc3ccccc3s2)P2(=O)Oc3ccccc3-c3ccccc32)cc1)(Oc1ccc(C(Nc2nc3ccccc3s2)P2(=O)Oc3ccccc3-c3ccccc32)cc1)c1ccccc1,0.8181818181818182,BPD,O=P1(C(Nc2nc3ccccc3s2)c2ccc(C(Nc3nc4ccccc4s3)P3(=O)Oc4ccccc4-c4ccccc43)cc2)Oc2ccccc2-c2ccccc21,0.6216216216216216,D-P-A,O=P1(C(Nc2nc3ccccc3s2)c2ccc(O)cc2)Oc2ccccc2-c2ccccc21,0.603448275862069,0.8181818181818182,True,0.9735223781276958,3.36179667737493,-2.2202997415272674,True,True,True,True,0.6038974196830941,1.0,0.5405471016358112,0.9775511398806767,0.0,0.9186698664911342,0.7162661188890299,0.4166666666666667,0.0,0.0,0.6537661188890299,1.0,True,True,7
8,FORM_000408,CAND_R2_141,DIB-NH-methyl,designed,P-N,B,True,True,True,True,True,Candidate,,DIB-NH-methyl,,DDM,DOPO-based (additive),0,1,P-N,100.00%,0.00%,CN(c1ccc(NC(c2c[nH]cn2)P2(=O)Oc3ccccc3-c3ccccc32)cc1)C(c1c[nH]cn1)P1(=O)Oc2ccccc2-c2ccccc21,,NC1=CC=C(CC2=CC=C(N)C=C2)C=C1,10.0,0.8716832402053832,1.182572526527746,0.0,0.0,0.0,1.3566539678439982,0.0,0.0,0.0,1,1,0,0,0,1,0,0,0,0,0,160.0,3.2,,24.8,,3.2,,,3.0,35.0,,1184.0,,,87.2,,,159.0,,,17.0,,,62.6,,,97.55,,,,,Virtual screening scenario,,,,,,,,,,,,,,,,,,,,,,,,,,,,,,,,36.411898741328926,30.00548594882579,42.81831153383206,12.812825585006273,True,GBDT,compact,260,694.5114377553106,164.30518155897073,1224.7176939516503,1060.4125123926797,True,GBDT,compact,330,62.60127152046142,32.07651843230858,93.12602460861424,61.04950617630567,True,GBDT,descriptors,30,0.6875881926453242,1,0.859242679920243,ExtraTrees,morgan_r3,ALL,150.3799285888672,123.18351745605469,177.5763397216797,54.392822265625,True,XGB,morgan_r3,270,74.49959810243489,50.400682419086415,98.59851378578335,48.197831366696946,True,GBDT,compact,140,405,True,CN(c1ccc(NC(c2c[nH]cn2)P2(=O)Oc3ccccc3-c3ccccc32)cc1)C(c1c[nH]cn1)P1(=O)Oc2ccccc2-c2ccccc21,O=P1(C(Nc2ccc(NC(c3c[nH]cn3)P3(=O)Oc4ccccc4-c4ccccc43)cc2)c2c[nH]cn2)Oc2ccccc2-c2ccccc21,0.7380952380952381,True,In_domain,Maximum Tanimoto >= 0.70.,DIB,O=P1(C(Nc2ccc(NC(c3c[nH]cn3)P3(=O)Oc4ccccc4-c4ccccc43)cc2)c2c[nH]cn2)Oc2ccccc2-c2ccccc21,0.7380952380952381,PBI,O=P1(C(Nc2nc3ccccc3s2)c2c[nH]cn2)Oc2ccccc2-c2ccccc21,0.5480769230769231,DOPO-DDE,O=P1(C(Nc2ccc(Oc3ccc(NC(c4ccc(O)cc4)P4(=O)Oc5ccccc5-c5ccccc54)cc3)cc2)c2ccc(O)cc2)Oc2ccccc2-c2ccccc21,0.4205607476635514,0.7380952380952381,True,0.9765404466533738,2.138253675923781,-0.6325867962955107,True,True,True,True,0.6605713580762258,0.9242091937159382,0.5427110842856366,0.9871738715574975,0.0,0.8863220163966706,0.7115653031667267,0.43579602493502073,0.0,0.0,0.6461958994264736,1.0,True,True,8
9,FORM_000528,CAND_R2_181,DSD-triethoxysilyl,designed,P-N-Si-S,B,True,True,True,True,True,Candidate,,DSD-triethoxysilyl,,DDS,DOPO-based (Additive + Secondary Crosslinking),3,1,P-N-Si-S,100.00%,0.00%,CCO[Si](OCC)(OCC)c1ccc(C(Nc2ccc(S(=O)(=O)c3ccc(NC(c4ccccc4O)P4(=O)Oc5ccccc5-c5ccccc54)cc3)cc2)P2(=O)Oc3ccccc3-c3ccccc32)c(O)c1,,NC1=CC=C(C=C1)S(=O)(=O)C1=CC=C(N)C=C1,10.0,0.5893433390160738,0.2665116597661957,0.3050699433755479,0.0,0.2671966329761324,0.4522179892813326,0.5176438303092917,0.0,0.453380254406922,1,1,1,0,1,1,1,0,0,0,0,250.0,4.0,,22.4,,3.0,,,4.0,35.0,,867.99,,,114.145,,,180.0,,,16.9,,,52.14,,,95.65,,,,,Virtual screening scenario,,,,,,,,,,,,,,,,,,,,,,,,,,,,,,,,42.05055917160601,35.64414637910288,48.456971964109144,12.812825585006273,True,GBDT,compact,260,388.12657897393706,-142.07967722240278,918.3328351702769,1060.4125123926797,True,GBDT,compact,330,76.97251016204966,46.447757073896824,107.4972632502025,61.04950617630567,True,GBDT,descriptors,30,0.6616573814112392,1,0.8954675641410446,ExtraTrees,morgan_r3,ALL,180.21888732910156,153.02247619628906,207.41529846191406,54.392822265625,True,XGB,morgan_r3,270,59.66455287043811,35.565637187089635,83.76346855378658,48.197831366696946,True,GBDT,compact,140,525,True,CCO[Si](OCC)(OCC)c1ccc(C(Nc2ccc(S(=O)(=O)c3ccc(NC(c4ccccc4O)P4(=O)Oc5ccccc5-c5ccccc54)cc3)cc2)P2(=O)Oc3ccccc3-c3ccccc32)c(O)c1,O=P1(C(Nc2ccc(S(=O)(=O)c3ccc(NC(c4ccccc4)P4(=O)Oc5ccccc5-c5ccccc54)cc3)cc2)c2ccccc2)Oc2ccccc2-c2ccccc21,0.7368421052631579,True,In_domain,Maximum Tanimoto >= 0.70.,DSD,O=P1(C(Nc2ccc(S(=O)(=O)c3ccc(NC(c4ccccc4O)P4(=O)Oc5ccccc5-c5ccccc54)cc3)cc2)c2ccccc2O)Oc2ccccc2-c2ccccc21,0.7368421052631579,DOPO-DDS,O=P1(C(Nc2ccc(S(=O)(=O)c3ccc(NC(c4ccc(O)cc4)P4(=O)Oc5ccccc5-c5ccccc54)cc3)cc2)c2ccc(O)cc2)Oc2ccccc2-c2ccccc21,0.5277777777777778,TBO,O=P1(C(Nc2n[nH]c(NC(c3ccccc3O)P3(=O)Oc4ccccc4-c4ccccc43)n2)c2ccccc2O)Oc2ccccc2-c2ccccc21,0.4824561403508772,0.7368421052631579,True,0.9825779273568408,2.0093798822254447,-1.0195975580034229,True,True,True,True,1.0,0.7413786029978301,1.0,0.38881488277813203,0.8324647928497872,0.08198227749802327,0.7174834041899735,0.4775556775062424,0.0,0.0,0.6458500525640372,1.0,True,True,9
10,FORM_000564,CAND_R2_193,DSD-OH-acetyl-all,designed,P-N-S,B,True,True,True,True,True,Candidate,,DSD-OH-acetyl-all,,DDM,DOPO-based (additive),0,1,P-N-S,100.00%,0.00%,CC(=O)Oc1ccccc1C(Nc1ccc(S(=O)(=O)c2ccc(NC(c3ccccc3OC(C)=O)P3(=O)Oc4ccccc4-c4ccccc43)cc2)cc1)P1(=O)Oc2ccccc2-c2ccccc21,,NC1=CC=C(CC2=CC=C(N)C=C2)C=C1,10.0,0.6367034654437178,0.2879287609114145,0.3295856206234858,0.0,0.0,0.4522179892813326,0.5176438303092917,0.0,0.0,1,1,1,0,0,1,0,0,0,0,0,160.0,3.2,,24.8,,3.2,,,3.0,35.0,,1184.0,,,87.2,,,159.0,,,17.0,,,62.6,,,97.55,,,,,Virtual screening scenario,,,,,,,,,,,,,,,,,,,,,,,,,,,,,,,,35.183131650660386,28.77671885815725,41.58954444316352,12.812825585006273,True,GBDT,compact,260,687.941761123679,157.7355049273392,1218.1480173200189,1060.4125123926797,True,GBDT,compact,330,63.73328025153899,33.20852716338616,94.25803333969182,61.04950617630567,True,GBDT,descriptors,30,0.6972178496673591,1,0.8444204790903318,ExtraTrees,morgan_r3,ALL,156.7158660888672,129.5194549560547,183.9122772216797,54.392822265625,True,XGB,morgan_r3,270,74.25229018610715,50.15337450275867,98.35120586945561,48.197831366696946,True,GBDT,compact,140,561,True,CC(=O)Oc1ccccc1C(Nc1ccc(S(=O)(=O)c2ccc(NC(c3ccccc3OC(C)=O)P3(=O)Oc4ccccc4-c4ccccc43)cc2)cc1)P1(=O)Oc2ccccc2-c2ccccc21,O=P1(C(Nc2ccc(S(=O)(=O)c3ccc(NC(c4ccccc4)P4(=O)Oc5ccccc5-c5ccccc54)cc3)cc2)c2ccccc2)Oc2ccccc2-c2ccccc21,0.7045454545454546,True,In_domain,Maximum Tanimoto >= 0.70.,DSD,O=P1(C(Nc2ccc(S(=O)(=O)c3ccc(NC(c4ccccc4O)P4(=O)Oc5ccccc5-c5ccccc54)cc3)cc2)c2ccccc2O)Oc2ccccc2-c2ccccc21,0.7045454545454546,DOPO-DDS,O=P1(C(Nc2ccc(S(=O)(=O)c3ccc(NC(c4ccc(O)cc4)P4(=O)Oc5ccccc5-c5ccccc54)cc3)cc2)c2ccc(O)cc2)Oc2ccccc2-c2ccccc21,0.5957446808510638,PBO,O=P1(C(Nc2ccc(NC(c3c[nH]c4ccccc34)P3(=O)Oc4ccccc4-c4ccccc43)cc2)c2c[nH]c3ccccc23)Oc2ccccc2-c2ccccc21,0.47058823529411764,0.7045454545454546,True,0.9740700798483886,1.9786367148488515,-0.5288856064788406,True,True,True,True,0.5241284157325938,0.9921050981617344,0.556926588776849,0.9400417059516152,0.17511927050281176,0.8729132547962957,0.7074436142544692,0.4187091530150126,0.0,0.0,0.6446372413022173,1.0,True,True,10
11,FORM_000657,CAND_R2_226,PAD-hydroxymethyl,designed,P-N-S,B,True,True,True,True,True,Candidate,,PAD-hydroxymethyl,,DDM,DOPO-based (additive),0,1,P-N-S,100.00%,0.00%,O=P(Oc1ccc(C(Nc2nc3ccccc3s2)P2(=O)Oc3ccccc3-c3ccccc32)cc1)(Oc1ccc(C(Nc2nc3ccc(CO)cc3s2)P2(=O)Oc3ccccc3-c3ccccc32)cc1)c1ccccc1,,NC1=CC=C(CC2=CC=C(N)C=C2)C=C1,10.0,0.8501018691409234,0.5125751439296147,0.5867333169269277,0.0,0.0,0.602957319041777,0.690191773745722,0.0,0.0,1,1,1,0,0,1,0,0,0,0,0,160.0,3.2,,24.8,,3.2,,,3.0,35.0,,1184.0,,,87.2,,,159.0,,,17.0,,,62.6,,,97.55,,,,,Virtual screening scenario,,,,,,,,,,,,,,,,,,,,,,,,,,,,,,,,35.11197776261184,28.705564970108707,41.518390555114976,12.812825585006273,True,GBDT,compact,260,676.3648728277058,146.15861663136593,1206.5711290240456,1060.4125123926797,True,GBDT,compact,330,62.83238791698062,32.30763482882779,93.35714100513346,61.04950617630567,True,GBDT,descriptors,30,0.7027558356032815,1,0.8355602845152604,ExtraTrees,morgan_r3,ALL,149.63568115234375,122.43927001953125,176.83209228515625,54.392822265625,True,XGB,morgan_r3,270,75.09621393042606,50.99729824707759,99.19512961377453,48.197831366696946,True,GBDT,compact,140,654,True,O=P(Oc1ccc(C(Nc2nc3ccccc3s2)P2(=O)Oc3ccccc3-c3ccccc32)cc1)(Oc1ccc(C(Nc2nc3ccc(CO)cc3s2)P2(=O)Oc3ccccc3-c3ccccc32)cc1)c1ccccc1,O=P(Oc1ccc(C(Nc2nc3ccccc3s2)P2(=O)Oc3ccccc3-c3ccccc32)cc1)(Oc1ccc(C(Nc2nc3ccccc3s2)P2(=O)Oc3ccccc3-c3ccccc32)cc1)c1ccccc1,0.8333333333333334,True,In_domain,Maximum Tanimoto >= 0.70.,PAD,O=P(Oc1ccc(C(Nc2nc3ccccc3s2)P2(=O)Oc3ccccc3-c3ccccc32)cc1)(Oc1ccc(C(Nc2nc3ccccc3s2)P2(=O)Oc3ccccc3-c3ccccc32)cc1)c1ccccc1,0.8333333333333334,BPD,O=P1(C(Nc2nc3ccccc3s2)c2ccc(C(Nc3nc4ccccc4s3)P3(=O)Oc4ccccc4-c4ccccc43)cc2)Oc2ccccc2-c2ccccc21,0.6330275229357798,D-P-A,O=P1(C(Nc2nc3ccccc3s2)c2ccc(O)cc2)Oc2ccccc2-c2ccccc21,0.6140350877192983,0.8333333333333334,True,0.9725933807525434,3.212314018958324,-2.216649638400645,True,True,True,True,0.516227450677247,1.0,0.5819767269789786,0.9775511398806767,0.0,0.9186698664911342,0.707018050156494,0.4166666666666667,0.0,0.0,0.644518050156494,1.0,True,True,11
12,FORM_000012,CAND_004,TDCA-DOPO-2-amino,designed,P-N,B,True,True,True,True,True,Candidate,,TDCA-DOPO-2-amino,,DDM,DOPO-based (Co-curing),2,1,P-N,100.00%,0.00%,Nc1ccc2c(c1)-c1ccccc1P(=O)(C(OP(=O)(c1ccccc1)c1ccccc1)c1ccc(C(OP(=O)(c3ccccc3)c3ccccc3)P3(=O)Oc4ccccc4-c4ccccc43)cc1)O2,,NC1=CC=C(CC2=CC=C(N)C=C2)C=C1,10.19,1.2858316553869966,0.1453690514383488,0.0,0.0,0.0,0.1130544973203332,0.0,0.0,0.0,1,1,0,0,0,1,0,0,0,0,0,170.0,3.0,,24.0,,3.0,,,3.0,35.0,,1208.0,,,88.0,,,164.3,,,16.5,,,58.7,,,101.3,,,,,Virtual screening scenario,,,,,,,,,,,,,,,,,,,,,,,,,,,,,,,,34.73383662748786,28.327423834984724,41.140249419990994,12.812825585006273,True,GBDT,compact,260,545.9829040761099,15.776647879770053,1076.1891602724497,1060.4125123926797,True,GBDT,compact,330,61.991162474198205,31.46640938604537,92.51591556235104,61.04950617630567,True,GBDT,descriptors,30,0.6925208933675264,1,0.851742822467878,ExtraTrees,morgan_r3,ALL,157.46035766601562,130.26394653320312,184.65676879882812,54.392822265625,True,XGB,morgan_r3,270,63.55690277572464,39.457987092376165,87.65581845907312,48.197831366696946,True,GBDT,compact,140,9,True,Nc1ccc2c(c1)-c1ccccc1P(=O)(C(OP(=O)(c1ccccc1)c1ccccc1)c1ccc(C(OP(=O)(c3ccccc3)c3ccccc3)P3(=O)Oc4ccccc4-c4ccccc43)cc1)O2,O=P(OC(c1ccc(C(OP(=O)(c2ccccc2)c2ccccc2)P2(=O)Oc3ccccc3-c3ccccc32)cc1)P1(=O)Oc2ccccc2-c2ccccc21)(c1ccccc1)c1ccccc1,0.7922077922077922,True,In_domain,Maximum Tanimoto >= 0.70.,TDCA-DOPO-2,O=P(OC(c1ccc(C(OP(=O)(c2ccccc2)c2ccccc2)P2(=O)Oc3ccccc3-c3ccccc32)cc1)P1(=O)Oc2ccccc2-c2ccccc21)(c1ccccc1)c1ccccc1,0.7922077922077922,TDCA-DOPO-3,O=P(Oc1ccccc1)(Oc1ccccc1)OC(c1ccc(C(OP(=O)(Oc2ccccc2)Oc2ccccc2)P2(=O)Oc3ccccc3-c3ccccc32)cc1)P1(=O)Oc2ccccc2-c2ccccc21,0.5434782608695652,TDCA-DOPO-1,O=P1(C(OP(c2ccccc2)c2ccccc2)c2ccc(C(OP(c3ccccc3)c3ccccc3)P3(=O)Oc4ccccc4-c4ccccc43)cc2)Oc2ccccc2-c2ccccc21,0.46808510638297873,0.7922077922077922,True,0.9752904704113131,1.3940731770653088,-1.3888348175241452,True,True,True,True,0.4742384606649854,0.9589882285380507,0.8640979889962732,1.0,0.19594162349570224,0.29302118284411394,0.7083612162738435,0.4271502708275556,0.0,0.01899999999999995,0.6423886756497101,1.0,True,True,12
13,FORM_000375,CAND_R2_130,DIB-boronic-acid,designed,P-N-B,B,True,True,True,True,True,Candidate,,DIB-boronic-acid,,DDM,DOPO-based (additive),0,1,P-N-B,100.00%,0.00%,O=P1(C(Nc2ccc(NC(c3c[nH]c(B(O)O)n3)P3(=O)Oc4ccccc4-c4ccccc43)cc2)c2c[nH]cn2)Oc2ccccc2-c2ccccc21,,NC1=CC=C(CC2=CC=C(N)C=C2)C=C1,10.0,0.8366128174031887,1.1349940982791822,0.0,0.1460169461768463,0.0,1.356653967843998,0.0,0.1745334796926454,0.0,1,1,0,1,0,1,0,0,0,0,0,160.0,3.2,,24.8,,3.2,,,3.0,35.0,,1184.0,,,87.2,,,159.0,,,17.0,,,62.6,,,97.55,,,,,Virtual screening scenario,,,,,,,,,,,,,,,,,,,,,,,,,,,,,,,,35.96208536875897,29.555672576255834,42.36849816126211,12.812825585006273,True,GBDT,compact,260,715.4003729874006,185.19411679106076,1245.6066291837406,1060.4125123926797,True,GBDT,compact,330,62.60127152046142,32.07651843230858,93.12602460861424,61.04950617630567,True,GBDT,descriptors,30,0.6913779969691528,1,0.8534978491042997,ExtraTrees,morgan_r3,ALL,151.74447631835938,124.54806518554688,178.94088745117188,54.392822265625,True,XGB,morgan_r3,270,75.01149998265775,50.91258429930928,99.11041566600622,48.197831366696946,True,GBDT,compact,140,372,True,O=P1(C(Nc2ccc(NC(c3c[nH]c(B(O)O)n3)P3(=O)Oc4ccccc4-c4ccccc43)cc2)c2c[nH]cn2)Oc2ccccc2-c2ccccc21,O=P1(C(Nc2ccc(NC(c3c[nH]cn3)P3(=O)Oc4ccccc4-c4ccccc43)cc2)c2c[nH]cn2)Oc2ccccc2-c2ccccc21,0.7875,True,In_domain,Maximum Tanimoto >= 0.70.,DIB,O=P1(C(Nc2ccc(NC(c3c[nH]cn3)P3(=O)Oc4ccccc4-c4ccccc43)cc2)c2c[nH]cn2)Oc2ccccc2-c2ccccc21,0.7875,PBI,O=P1(C(Nc2nc3ccccc3s2)c2c[nH]cn2)Oc2ccccc2-c2ccccc21,0.5490196078431373,PBO,O=P1(C(Nc2ccc(NC(c3c[nH]c4ccccc34)P3(=O)Oc4ccccc4-c4ccccc43)cc2)c2c[nH]c3ccccc23)Oc2ccccc2-c2ccccc21,0.4563106796116505,0.7875,True,0.9755829748507167,1.9082456831098193,-0.9772514727936352,True,True,True,True,0.6106238452196069,0.9509299992077788,0.4975114847834806,0.9871738715574975,0.03607668648426961,0.9140767699711405,0.7042631857992139,0.42917344644748273,0.0,0.0,0.6398871688320915,1.0,True,True,13
14,FORM_000663,CAND_R2_228,PAD-boronic-acid,designed,P-N-B-S,B,True,True,True,True,True,Candidate,,PAD-boronic-acid,,DDM,DOPO-based (additive),0,1,P-N-B-S,100.00%,0.00%,O=P(Oc1ccc(C(Nc2nc3ccccc3s2)P2(=O)Oc3ccccc3-c3ccccc32)cc1)(Oc1ccc(C(Nc2nc3ccc(B(O)O)cc3s2)P2(=O)Oc3ccccc3-c3ccccc32)cc1)c1ccccc1,,NC1=CC=C(CC2=CC=C(N)C=C2)C=C1,10.0,0.8395092066664196,0.5061882205624735,0.5794223484249602,0.0976816420490016,0.0,0.6029573190417771,0.6901917737457222,0.1163556531284303,0.0,1,1,1,1,0,1,0,0,0,0,0,160.0,3.2,,24.8,,3.2,,,3.0,35.0,,1184.0,,,87.2,,,159.0,,,17.0,,,62.6,,,97.55,,,,,Virtual screening scenario,,,,,,,,,,,,,,,,,,,,,,,,,,,,,,,,35.238653402530495,28.83224061002736,41.645066195033635,12.812825585006273,True,GBDT,compact,260,699.4457508896326,169.23949469329273,1229.6520070859724,1060.4125123926797,True,GBDT,compact,330,62.83238791698062,32.30763482882779,93.35714100513346,61.04950617630567,True,GBDT,descriptors,30,0.7030786218163244,1,0.8350362934447292,ExtraTrees,morgan_r3,ALL,151.42868041992188,124.23226928710938,178.62509155273438,54.392822265625,True,XGB,morgan_r3,270,74.99110238409881,50.89218670075034,99.09001806744729,48.197831366696946,True,GBDT,compact,140,660,True,O=P(Oc1ccc(C(Nc2nc3ccccc3s2)P2(=O)Oc3ccccc3-c3ccccc32)cc1)(Oc1ccc(C(Nc2nc3ccc(B(O)O)cc3s2)P2(=O)Oc3ccccc3-c3ccccc32)cc1)c1ccccc1,O=P(Oc1ccc(C(Nc2nc3ccccc3s2)P2(=O)Oc3ccccc3-c3ccccc32)cc1)(Oc1ccc(C(Nc2nc3ccccc3s2)P2(=O)Oc3ccccc3-c3ccccc32)cc1)c1ccccc1,0.8256880733944955,True,In_domain,Maximum Tanimoto >= 0.70.,PAD,O=P(Oc1ccc(C(Nc2nc3ccccc3s2)P2(=O)Oc3ccccc3-c3ccccc32)cc1)(Oc1ccc(C(Nc2nc3ccccc3s2)P2(=O)Oc3ccccc3-c3ccccc32)cc1)c1ccccc1,0.8256880733944955,BPD,O=P1(C(Nc2nc3ccccc3s2)c2ccc(C(Nc3nc4ccccc4s3)P3(=O)Oc4ccccc4-c4ccccc43)cc2)Oc2ccccc2-c2ccccc21,0.6272727272727273,D-P-A,O=P1(C(Nc2nc3ccccc3s2)c2ccc(O)cc2)Oc2ccccc2-c2ccccc21,0.6086956521739131,0.8256880733944955,True,0.972506048907455,3.2755392152105465,-2.3373420670901868,True,True,True,True,0.5302935801862653,1.0,0.5320341888378035,0.9775511398806767,0.027244331797117022,0.9129708347452962,0.7019972984351904,0.4166666666666667,0.0,0.0,0.6394972984351904,1.0,True,True,14
15,FORM_000147,CAND_R2_047,PBD-carboxamide,designed,P-N,B,True,True,True,True,True,Candidate,,PBD-carboxamide,,DDM,DOPO-based (additive),0,1,P-N,100.00%,0.00%,N#Cc1ccc(Oc2cccc(NC(c3ccc(C(Nc4cccc(Oc5cc(C#N)c(C#N)c(C(N)=O)c5)c4)P4(=O)Oc5ccccc5-c5ccccc54)cc3)P3(=O)Oc4ccccc4-c4ccccc43)c2)cc1C#N,,NC1=CC=C(CC2=CC=C(N)C=C2)C=C1,10.0,0.5933869937249333,0.9391909560879445,0.0,0.0,0.0,1.5827629624846642,0.0,0.0,0.0,1,1,0,0,0,1,0,0,0,0,0,160.0,3.2,,24.8,,3.2,,,3.0,35.0,,1184.0,,,87.2,,,159.0,,,17.0,,,62.6,,,97.55,,,,,Virtual screening scenario,,,,,,,,,,,,,,,,,,,,,,,,,,,,,,,,35.86950092959293,29.463088137089795,42.275913722096064,12.812825585006273,True,GBDT,compact,260,758.8286445657579,228.6223883694181,1289.0349007620978,1060.4125123926797,True,GBDT,compact,330,62.29321673035809,31.768463642205255,92.81796981851093,61.04950617630567,True,GBDT,descriptors,30,0.7014645955441113,1,0.8376480669689905,ExtraTrees,morgan_r3,ALL,159.12945556640625,131.93304443359375,186.32586669921875,54.392822265625,True,XGB,morgan_r3,270,72.12939622257788,48.03048053922941,96.22831190592635,48.197831366696946,True,GBDT,compact,140,144,True,N#Cc1ccc(Oc2cccc(NC(c3ccc(C(Nc4cccc(Oc5cc(C#N)c(C#N)c(C(N)=O)c5)c4)P4(=O)Oc5ccccc5-c5ccccc54)cc3)P3(=O)Oc4ccccc4-c4ccccc43)c2)cc1C#N,O=P1(C(Nc2cccc(Oc3ccccc3)c2)c2ccc(C(Nc3cccc(Oc4ccccc4)c3)P3(=O)Oc4ccccc4-c4ccccc43)cc2)Oc2ccccc2-c2ccccc21,0.7980769230769231,True,In_domain,Maximum Tanimoto >= 0.70.,PBD,N#Cc1ccc(Oc2cccc(NC(c3ccc(C(Nc4cccc(Oc5ccc(C#N)c(C#N)c5)c4)P4(=O)Oc5ccccc5-c5ccccc54)cc3)P3(=O)Oc4ccccc4-c4ccccc43)c2)cc1C#N,0.7980769230769231,APN-DOPO,N#Cc1ccc(Oc2cccc(NCP3(=O)Oc4ccccc4-c4ccccc43)c2)cc1C#N,0.46774193548387094,DOPO-DDE,O=P1(C(Nc2ccc(Oc3ccc(NC(c4ccc(O)cc4)P4(=O)Oc5ccccc5-c5ccccc54)cc3)cc2)c2ccc(O)cc2)Oc2ccccc2-c2ccccc21,0.453781512605042,0.7980769230769231,True,0.9729413444948317,3.0466379652871103,4.669437110977247,True,True,True,True,0.6003432205259749,1.0,0.403541138252983,1.0,0.2426238785115929,0.7578122928759515,0.7008204888945461,0.4166666666666667,0.0,0.0,0.6383204888945461,1.0,True,True,15
16,FORM_000228,CAND_R2_076,TDCA-DOPO-2-carboxamide,designed,P-N,B,True,True,True,True,True,Candidate,,TDCA-DOPO-2-carboxamide,,DDM,DOPO-based (additive),0,1,P-N,100.00%,0.00%,NC(=O)c1ccc(P(=O)(OC(c2ccc(C(OP(=O)(c3ccccc3)c3ccccc3)P3(=O)Oc4ccccc4-c4ccccc43)cc2)P2(=O)Oc3ccccc3-c3ccccc32)c2ccccc2)cc1,,NC1=CC=C(CC2=CC=C(N)C=C2)C=C1,10.0,1.226857055150936,0.1387017076539933,0.0,0.0,0.0,0.1130544973203332,0.0,0.0,0.0,1,1,0,0,0,1,0,0,0,0,0,160.0,3.2,,24.8,,3.2,,,3.0,35.0,,1184.0,,,87.2,,,159.0,,,17.0,,,62.6,,,97.55,,,,,Virtual screening scenario,,,,,,,,,,,,,,,,,,,,,,,,,,,,,,,,34.44350862246143,28.037095829958293,40.84992141496457,12.812825585006273,True,GBDT,compact,260,588.8761194484526,58.669863252112805,1119.0823756447926,1060.4125123926797,True,GBDT,compact,330,56.11359613243899,25.588843044286158,86.63834922059183,61.04950617630567,True,GBDT,descriptors,30,0.6848705951098223,1,0.8632914522549606,ExtraTrees,morgan_r3,ALL,152.50477600097656,125.30836486816406,179.70118713378906,54.392822265625,True,XGB,morgan_r3,270,71.9058523488553,47.80693666550683,96.00476803220377,48.197831366696946,True,GBDT,compact,140,225,True,NC(=O)c1ccc(P(=O)(OC(c2ccc(C(OP(=O)(c3ccccc3)c3ccccc3)P3(=O)Oc4ccccc4-c4ccccc43)cc2)P2(=O)Oc3ccccc3-c3ccccc32)c2ccccc2)cc1,O=P(OC(c1ccc(C(OP(=O)(c2ccccc2)c2ccccc2)P2(=O)Oc3ccccc3-c3ccccc32)cc1)P1(=O)Oc2ccccc2-c2ccccc21)(c1ccccc1)c1ccccc1,0.8133333333333334,True,In_domain,Maximum Tanimoto >= 0.70.,TDCA-DOPO-2,O=P(OC(c1ccc(C(OP(=O)(c2ccccc2)c2ccccc2)P2(=O)Oc3ccccc3-c3ccccc32)cc1)P1(=O)Oc2ccccc2-c2ccccc21)(c1ccccc1)c1ccccc1,0.8133333333333334,TDCA-DOPO-3,O=P(Oc1ccccc1)(Oc1ccccc1)OC(c1ccc(C(OP(=O)(Oc2ccccc2)Oc2ccccc2)P2(=O)Oc3ccccc3-c3ccccc32)cc1)P1(=O)Oc2ccccc2-c2ccccc21,0.5555555555555556,TDCA-DOPO-1,O=P1(C(OP(c2ccccc2)c2ccccc2)c2ccc(C(OP(c3ccccc3)c3ccccc3)P3(=O)Oc4ccccc4-c4ccccc43)cc2)Oc2ccccc2-c2ccccc21,0.4782608695652174,0.8133333333333334,True,0.9772152420424934,1.5737319465827524,-1.4535418218375822,True,True,True,True,0.44200028668442204,0.9050482057212089,0.7712854001951331,1.0,0.05734116933103961,0.7456919913729538,0.7039700945905523,0.44046340565064207,0.0,0.0,0.637900583742956,1.0,True,True,16
17,FORM_000768,CAND_R2_263,TDCA-DOPO-3-carboxamide,designed,P-N,B,True,True,True,True,True,Candidate,,TDCA-DOPO-3-carboxamide,,DDM,DOPO-based (additive),0,1,P-N,100.00%,0.00%,NC(=O)c1ccc(OP(=O)(Oc2ccccc2)OC(c2ccc(C(OP(=O)(Oc3ccccc3)Oc3ccccc3)P3(=O)Oc4ccccc4-c4ccccc43)cc2)P2(=O)Oc3ccccc3-c3ccccc32)cc1,,NC1=CC=C(CC2=CC=C(N)C=C2)C=C1,10.0,1.1537433615710038,0.1304358757790812,0.0,0.0,0.0,0.1130544973203331,0.0,0.0,0.0,1,1,0,0,0,1,0,0,0,0,0,160.0,3.2,,24.8,,3.2,,,3.0,35.0,,1184.0,,,87.2,,,159.0,,,17.0,,,62.6,,,97.55,,,,,Virtual screening scenario,,,,,,,,,,,,,,,,,,,,,,,,,,,,,,,,34.22661051458555,27.820197722082415,40.63302330708869,12.812825585006273,True,GBDT,compact,260,596.3163547591797,66.11009856283988,1126.5226109555197,1060.4125123926797,True,GBDT,compact,330,56.36508770111311,25.840334612960277,86.88984078926595,61.04950617630567,True,GBDT,descriptors,30,0.6838776712975009,1,0.8647560079928329,ExtraTrees,morgan_r3,ALL,153.82955932617188,126.63314819335938,181.02597045898438,54.392822265625,True,XGB,morgan_r3,270,72.84618690942764,48.74727122607917,96.94510259277612,48.197831366696946,True,GBDT,compact,140,765,True,NC(=O)c1ccc(OP(=O)(Oc2ccccc2)OC(c2ccc(C(OP(=O)(Oc3ccccc3)Oc3ccccc3)P3(=O)Oc4ccccc4-c4ccccc43)cc2)P2(=O)Oc3ccccc3-c3ccccc32)cc1,O=P(Oc1ccccc1)(Oc1ccccc1)OC(c1ccc(C(OP(=O)(Oc2ccccc2)Oc2ccccc2)P2(=O)Oc3ccccc3-c3ccccc32)cc1)P1(=O)Oc2ccccc2-c2ccccc21,0.8227848101265823,True,In_domain,Maximum Tanimoto >= 0.70.,TDCA-DOPO-3,O=P(Oc1ccccc1)(Oc1ccccc1)OC(c1ccc(C(OP(=O)(Oc2ccccc2)Oc2ccccc2)P2(=O)Oc3ccccc3-c3ccccc32)cc1)P1(=O)Oc2ccccc2-c2ccccc21,0.8227848101265823,TDCA-DOPO-2,O=P(OC(c1ccc(C(OP(=O)(c2ccccc2)c2ccccc2)P2(=O)Oc3ccccc3-c3ccccc32)cc1)P1(=O)Oc2ccccc2-c2ccccc21)(c1ccccc1)c1ccccc1,0.5555555555555556,TDCA-DOPO-1,O=P1(C(OP(c2ccccc2)c2ccccc2)c2ccc(C(OP(c3ccccc3)c3ccccc3)P3(=O)Oc4ccccc4-c4ccccc43)cc2)Oc2ccccc2-c2ccccc21,0.4583333333333333,0.8227848101265823,True,0.9774593346654722,1.8224012410539057,-1.079141440367237,True,True,True,True,0.4179158070038589,0.8980473893755107,0.7551861757727203,1.0,0.09439344350446803,0.7966758908555661,0.7033368078664213,0.44215172957769594,0.0,0.0,0.6370140484297668,1.0,True,True,17
18,FORM_000771,CAND_R2_264,TDCA-DOPO-3-boronic-acid,designed,P-B,B,True,True,True,True,True,Candidate,,TDCA-DOPO-3-boronic-acid,,DDM,DOPO-based (additive),0,1,P-B,100.00%,0.00%,O=P(Oc1ccccc1)(Oc1ccccc1)OC(c1ccc(C(OP(=O)(Oc2ccccc2)Oc2ccc(B(O)O)cc2)P2(=O)Oc3ccccc3-c3ccccc32)cc1)P1(=O)Oc2ccccc2-c2ccccc21,,NC1=CC=C(CC2=CC=C(N)C=C2)C=C1,10.0,1.1528920005880956,0.0,0.0,0.1006091262862279,0.0,0.0,0.0,0.0872667398463227,0.0,1,0,0,1,0,1,0,0,0,0,0,160.0,3.2,,24.8,,3.2,,,3.0,35.0,,1184.0,,,87.2,,,159.0,,,17.0,,,62.6,,,97.55,,,,,Virtual screening scenario,,,,,,,,,,,,,,,,,,,,,,,,,,,,,,,,34.18872338479013,27.782310592286994,40.59513617729327,12.812825585006273,True,GBDT,compact,260,589.9315815641347,59.72532536779488,1120.1378377604747,1060.4125123926797,True,GBDT,compact,330,56.36508770111311,25.840334612960277,86.88984078926595,61.04950617630567,True,GBDT,descriptors,30,0.6809099440167729,1,0.8690863686233925,ExtraTrees,morgan_r3,ALL,153.85963439941406,126.66322326660156,181.05604553222656,54.392822265625,True,XGB,morgan_r3,270,73.17728012580106,49.07836444245259,97.27619580914953,48.197831366696946,True,GBDT,compact,140,768,True,O=P(Oc1ccccc1)(Oc1ccccc1)OC(c1ccc(C(OP(=O)(Oc2ccccc2)Oc2ccc(B(O)O)cc2)P2(=O)Oc3ccccc3-c3ccccc32)cc1)P1(=O)Oc2ccccc2-c2ccccc21,O=P(Oc1ccccc1)(Oc1ccccc1)OC(c1ccc(C(OP(=O)(Oc2ccccc2)Oc2ccccc2)P2(=O)Oc3ccccc3-c3ccccc32)cc1)P1(=O)Oc2ccccc2-c2ccccc21,0.8333333333333334,True,In_domain,Maximum Tanimoto >= 0.70.,TDCA-DOPO-3,O=P(Oc1ccccc1)(Oc1ccccc1)OC(c1ccc(C(OP(=O)(Oc2ccccc2)Oc2ccccc2)P2(=O)Oc3ccccc3-c3ccccc32)cc1)P1(=O)Oc2ccccc2-c2ccccc21,0.8333333333333334,TDCA-DOPO-2,O=P(OC(c1ccc(C(OP(=O)(c2ccccc2)c2ccccc2)P2(=O)Oc3ccccc3-c3ccccc32)cc1)P1(=O)Oc2ccccc2-c2ccccc21)(c1ccccc1)c1ccccc1,0.5617977528089888,TDCA-DOPO-1,O=P1(C(OP(c2ccccc2)c2ccccc2)c2ccc(C(OP(c3ccccc3)c3ccccc3)P3(=O)Oc4ccccc4-c4ccccc43)cc2)Oc2ccccc2-c2ccccc21,0.4631578947368421,0.8333333333333334,True,0.978181061437232,1.7069657426720817,-1.2196202992473575,True,True,True,True,0.41370880023626233,0.877122809464469,0.7690015851328297,1.0,0.09523459981913646,0.8146273987238749,0.7029528388210133,0.44714372221839077,0.0,0.0,0.6358812804882548,1.0,True,True,18
19,FORM_000372,CAND_R2_129,DIB-carboxamide,designed,P-N,B,True,True,True,True,True,Candidate,,DIB-carboxamide,,DDM,DOPO-based (additive),0,1,P-N,100.00%,0.00%,NC(=O)c1nc(C(Nc2ccc(NC(c3c[nH]cn3)P3(=O)Oc4ccccc4-c4ccccc43)cc2)P2(=O)Oc3ccccc3-c3ccccc32)c[nH]1,,NC1=CC=C(CC2=CC=C(N)C=C2)C=C1,10.0,0.8375097509832099,1.3255794145759787,0.0,0.0,0.0,1.5827629624846642,0.0,0.0,0.0,1,1,0,0,0,1,0,0,0,0,0,160.0,3.2,,24.8,,3.2,,,3.0,35.0,,1184.0,,,87.2,,,159.0,,,17.0,,,62.6,,,97.55,,,,,Virtual screening scenario,,,,,,,,,,,,,,,,,,,,,,,,,,,,,,,,35.35453090306682,28.94811811056368,41.76094369556995,12.812825585006273,True,GBDT,compact,260,708.5275054634171,178.3212492670773,1238.733761659757,1060.4125123926797,True,GBDT,compact,330,62.60127152046142,32.07651843230858,93.12602460861424,61.04950617630567,True,GBDT,descriptors,30,0.6917259590332416,1,0.852964626531135,ExtraTrees,morgan_r3,ALL,153.031005859375,125.8345947265625,180.2274169921875,54.392822265625,True,XGB,morgan_r3,270,75.06808746159004,50.96917177824157,99.16700314493852,48.197831366696946,True,GBDT,compact,140,369,True,NC(=O)c1nc(C(Nc2ccc(NC(c3c[nH]cn3)P3(=O)Oc4ccccc4-c4ccccc43)cc2)P2(=O)Oc3ccccc3-c3ccccc32)c[nH]1,O=P1(C(Nc2ccc(NC(c3c[nH]cn3)P3(=O)Oc4ccccc4-c4ccccc43)cc2)c2c[nH]cn2)Oc2ccccc2-c2ccccc21,0.7682926829268293,True,In_domain,Maximum Tanimoto >= 0.70.,DIB,O=P1(C(Nc2ccc(NC(c3c[nH]cn3)P3(=O)Oc4ccccc4-c4ccccc43)cc2)c2c[nH]cn2)Oc2ccccc2-c2ccccc21,0.7682926829268293,PBI,O=P1(C(Nc2nc3ccccc3s2)c2c[nH]cn2)Oc2ccccc2-c2ccccc21,0.5384615384615384,PBO,O=P1(C(Nc2ccc(NC(c3c[nH]c4ccccc34)P3(=O)Oc4ccccc4-c4ccccc43)cc2)c2c[nH]c3ccccc23)Oc2ccccc2-c2ccccc21,0.44761904761904764,0.7682926829268293,True,0.9754941044218558,2.0513006819338897,-0.8469036959900615,True,True,True,True,0.5431606786337011,0.9533833782845286,0.5123830354902968,0.9871738715574975,0.07205905762326184,0.9171448804701338,0.6981405866025444,0.4285587532641239,0.0,0.0,0.6338567736129258,1.0,True,True,19
20,FORM_000150,CAND_R2_048,PBD-boronic-acid,designed,P-N-B,B,True,True,True,True,True,Candidate,,PBD-boronic-acid,,DDM,DOPO-based (additive),0,1,P-N-B,100.00%,0.00%,N#Cc1ccc(Oc2cccc(NC(c3ccc(C(Nc4cccc(Oc5cc(C#N)c(C#N)c(B(O)O)c5)c4)P4(=O)Oc5ccccc5-c5ccccc54)cc3)P3(=O)Oc4ccccc4-c4ccccc43)c2)cc1C#N,,NC1=CC=C(CC2=CC=C(N)C=C2)C=C1,10.0,0.5929366001573556,0.8044097912834068,0.0,0.1034872880625901,0.0,1.3566539678439984,0.0,0.1745334796926455,0.0,1,1,0,1,0,1,0,0,0,0,0,160.0,3.2,,24.8,,3.2,,,3.0,35.0,,1184.0,,,87.2,,,159.0,,,17.0,,,62.6,,,97.55,,,,,Virtual screening scenario,,,,,,,,,,,,,,,,,,,,,,,,,,,,,,,,35.281607257271176,28.87519446476804,41.68802004977431,12.812825585006273,True,GBDT,compact,260,733.5942578272579,203.3880016309181,1263.8005140235978,1060.4125123926797,True,GBDT,compact,330,62.29321673035809,31.768463642205255,92.81796981851093,61.04950617630567,True,GBDT,descriptors,30,0.7015068309760418,1,0.8375799882799716,ExtraTrees,morgan_r3,ALL,158.2266845703125,131.0302734375,185.423095703125,54.392822265625,True,XGB,morgan_r3,270,72.12939622257788,48.03048053922941,96.22831190592635,48.197831366696946,True,GBDT,compact,140,147,True,N#Cc1ccc(Oc2cccc(NC(c3ccc(C(Nc4cccc(Oc5cc(C#N)c(C#N)c(B(O)O)c5)c4)P4(=O)Oc5ccccc5-c5ccccc54)cc3)P3(=O)Oc4ccccc4-c4ccccc43)c2)cc1C#N,O=P1(C(Nc2cccc(Oc3ccccc3)c2)c2ccc(C(Nc3cccc(Oc4ccccc4)c3)P3(=O)Oc4ccccc4-c4ccccc43)cc2)Oc2ccccc2-c2ccccc21,0.8058252427184466,True,In_domain,Maximum Tanimoto >= 0.70.,PBD,N#Cc1ccc(Oc2cccc(NC(c3ccc(C(Nc4cccc(Oc5ccc(C#N)c(C#N)c5)c4)P4(=O)Oc5ccccc5-c5ccccc54)cc3)P3(=O)Oc4ccccc4-c4ccccc43)c2)cc1C#N,0.8058252427184466,APN-DOPO,N#Cc1ccc(Oc2cccc(NCP3(=O)Oc4ccccc4-c4ccccc43)c2)cc1C#N,0.4715447154471545,DOPO-DDE,O=P1(C(Nc2ccc(Oc3ccc(NC(c4ccc(O)cc4)P4(=O)Oc5ccccc5-c5ccccc54)cc3)cc2)c2ccc(O)cc2)Oc2ccccc2-c2ccccc21,0.4576271186440678,0.8058252427184466,True,0.9729299980466619,2.782022399844897,4.409966610424252,True,True,True,True,0.5350631987497236,1.0,0.45814345098889153,1.0,0.2173746790184205,0.7578122928759515,0.6961600271371602,0.4166666666666667,0.0,0.0,0.6336600271371602,1.0,True,True,20
21,FORM_000561,CAND_R2_192,DSD-OH-acetyl,designed,P-N-S,B,True,True,True,True,True,Candidate,,DSD-OH-acetyl,,DDM,DOPO-based (additive),0,1,P-N-S,100.00%,0.00%,CC(=O)Oc1ccccc1C(Nc1ccc(S(=O)(=O)c2ccc(NC(c3ccccc3O)P3(=O)Oc4ccccc4-c4ccccc43)cc2)cc1)P1(=O)Oc2ccccc2-c2ccccc21,,NC1=CC=C(CC2=CC=C(N)C=C2)C=C1,10.0,0.6654549517032758,0.3009307002165617,0.3444686500979684,0.0,0.0,0.4522179892813327,0.5176438303092916,0.0,0.0,1,1,1,0,0,1,0,0,0,0,0,160.0,3.2,,24.8,,3.2,,,3.0,35.0,,1184.0,,,87.2,,,159.0,,,17.0,,,62.6,,,97.55,,,,,Virtual screening scenario,,,,,,,,,,,,,,,,,,,,,,,,,,,,,,,,34.733092342225724,28.326679549722588,41.139505134728864,12.812825585006273,True,GBDT,compact,260,691.4335586581684,161.22730246182857,1221.6398148545081,1060.4125123926797,True,GBDT,compact,330,63.73328025153899,33.20852716338616,94.25803333969182,61.04950617630567,True,GBDT,descriptors,30,0.6986542214245401,1,0.842146001240839,ExtraTrees,morgan_r3,ALL,156.11529541015625,128.91888427734375,183.31170654296875,54.392822265625,True,XGB,morgan_r3,270,74.28917835904339,50.19026267569492,98.38809404239186,48.197831366696946,True,GBDT,compact,140,558,True,CC(=O)Oc1ccccc1C(Nc1ccc(S(=O)(=O)c2ccc(NC(c3ccccc3O)P3(=O)Oc4ccccc4-c4ccccc43)cc2)cc1)P1(=O)Oc2ccccc2-c2ccccc21,O=P1(C(Nc2ccc(S(=O)(=O)c3ccc(NC(c4ccccc4)P4(=O)Oc5ccccc5-c5ccccc54)cc3)cc2)c2ccccc2)Oc2ccccc2-c2ccccc21,0.7954545454545454,True,In_domain,Maximum Tanimoto >= 0.70.,DSD,O=P1(C(Nc2ccc(S(=O)(=O)c3ccc(NC(c4ccccc4O)P4(=O)Oc5ccccc5-c5ccccc54)cc3)cc2)c2ccccc2O)Oc2ccccc2-c2ccccc21,0.7954545454545454,DOPO-DDS,O=P1(C(Nc2ccc(S(=O)(=O)c3ccc(NC(c4ccc(O)cc4)P4(=O)Oc5ccccc5-c5ccccc54)cc3)cc2)c2ccc(O)cc2)Oc2ccccc2-c2ccccc21,0.5643564356435643,TBO,O=P1(C(Nc2n[nH]c(NC(c3ccccc3O)P3(=O)Oc4ccccc4-c4ccccc43)n2)c2ccccc2O)Oc2ccccc2-c2ccccc21,0.5,0.7954545454545454,True,0.9736910002068065,2.226752571224561,-0.7056297954871823,True,True,True,True,0.474155814839035,1.0,0.549371016970629,0.9400417059516152,0.15832217695180487,0.87491329071961,0.6960372543193974,0.4166666666666667,0.0,0.0,0.6335372543193974,1.0,True,True,21
22,FORM_000231,CAND_R2_077,TDCA-DOPO-2-boronic-acid,designed,P-B,B,True,True,True,True,True,Candidate,,TDCA-DOPO-2-boronic-acid,,DDM,DOPO-based (additive),0,1,P-B,100.00%,0.00%,O=P(OC(c1ccc(C(OP(=O)(c2ccccc2)c2ccc(B(O)O)cc2)P2(=O)Oc3ccccc3-c3ccccc32)cc1)P1(=O)Oc2ccccc2-c2ccccc21)(c1ccccc1)c1ccccc1,,NC1=CC=C(CC2=CC=C(N)C=C2)C=C1,10.0,1.2258944173004125,0.0,0.0,0.1069798091936144,0.0,0.0,0.0,0.0872667398463227,0.0,1,0,0,1,0,1,0,0,0,0,0,160.0,3.2,,24.8,,3.2,,,3.0,35.0,,1184.0,,,87.2,,,159.0,,,17.0,,,62.6,,,97.55,,,,,Virtual screening scenario,,,,,,,,,,,,,,,,,,,,,,,,,,,,,,,,34.05078739897599,27.644374606472855,40.45720019147913,12.812825585006273,True,GBDT,compact,260,578.5111576745331,48.3049014781933,1108.7174138708729,1060.4125123926797,True,GBDT,compact,330,56.11359613243899,25.588843044286158,86.63834922059183,61.04950617630567,True,GBDT,descriptors,30,0.6829768361328801,1,0.8660779097552046,ExtraTrees,morgan_r3,ALL,152.44711303710938,125.25070190429688,179.64352416992188,54.392822265625,True,XGB,morgan_r3,270,72.23694556522872,48.13802988188025,96.3358612485772,48.197831366696946,True,GBDT,compact,140,228,True,O=P(OC(c1ccc(C(OP(=O)(c2ccccc2)c2ccc(B(O)O)cc2)P2(=O)Oc3ccccc3-c3ccccc32)cc1)P1(=O)Oc2ccccc2-c2ccccc21)(c1ccccc1)c1ccccc1,O=P(OC(c1ccc(C(OP(=O)(c2ccccc2)c2ccccc2)P2(=O)Oc3ccccc3-c3ccccc32)cc1)P1(=O)Oc2ccccc2-c2ccccc21)(c1ccccc1)c1ccccc1,0.8243243243243243,True,In_domain,Maximum Tanimoto >= 0.70.,TDCA-DOPO-2,O=P(OC(c1ccc(C(OP(=O)(c2ccccc2)c2ccccc2)P2(=O)Oc3ccccc3-c3ccccc32)cc1)P1(=O)Oc2ccccc2-c2ccccc21)(c1ccccc1)c1ccccc1,0.8243243243243243,TDCA-DOPO-3,O=P(Oc1ccccc1)(Oc1ccccc1)OC(c1ccc(C(OP(=O)(Oc2ccccc2)Oc2ccccc2)P2(=O)Oc3ccccc3-c3ccccc32)cc1)P1(=O)Oc2ccccc2-c2ccccc21,0.5617977528089888,TDCA-DOPO-1,O=P1(C(OP(c2ccccc2)c2ccccc2)c2ccc(C(OP(c3ccccc3)c3ccccc3)P3(=O)Oc4ccccc4-c4ccccc43)cc2)Oc2ccccc2-c2ccccc21,0.4835164835164835,0.8243243243243243,True,0.9776796516258673,1.462936102073091,-1.596360221277821,True,True,True,True,0.39839231601197306,0.891695863239268,0.7937131647427781,1.0,0.05572841960342318,0.7636434992412627,0.6986974606832724,0.4436756035532055,0.0,0.0,0.6321461201502916,1.0,True,True,22
23,FORM_000369,CAND_R2_128,DIB-hydroxymethyl,designed,P-N,B,True,True,True,True,True,Candidate,,DIB-hydroxymethyl,,DDM,DOPO-based (additive),0,1,P-N,100.00%,0.00%,O=P1(C(Nc2ccc(NC(c3c[nH]c(CO)n3)P3(=O)Oc4ccccc4-c4ccccc43)cc2)c2c[nH]cn2)Oc2ccccc2-c2ccccc21,,NC1=CC=C(CC2=CC=C(N)C=C2)C=C1,10.0,0.8524915023325579,1.156535979192756,0.0,0.0,0.0,1.3566539678439986,0.0,0.0,0.0,1,1,0,0,0,1,0,0,0,0,0,160.0,3.2,,24.8,,3.2,,,3.0,35.0,,1184.0,,,87.2,,,159.0,,,17.0,,,62.6,,,97.55,,,,,Virtual screening scenario,,,,,,,,,,,,,,,,,,,,,,,,,,,,,,,,35.60911478641947,29.20270199391633,42.0155275789226,12.812825585006273,True,GBDT,compact,260,698.0333334023347,167.8270772059949,1228.2395895986747,1060.4125123926797,True,GBDT,compact,330,62.60127152046142,32.07651843230858,93.12602460861424,61.04950617630567,True,GBDT,descriptors,30,0.687089889944584,1,0.8599894923220939,ExtraTrees,morgan_r3,ALL,151.11221313476562,123.91580200195312,178.30862426757812,54.392822265625,True,XGB,morgan_r3,270,75.17096417583433,51.072048492485855,99.2698798591828,48.197831366696946,True,GBDT,compact,140,366,True,O=P1(C(Nc2ccc(NC(c3c[nH]c(CO)n3)P3(=O)Oc4ccccc4-c4ccccc43)cc2)c2c[nH]cn2)Oc2ccccc2-c2ccccc21,O=P1(C(Nc2ccc(NC(c3c[nH]cn3)P3(=O)Oc4ccccc4-c4ccccc43)cc2)c2c[nH]cn2)Oc2ccccc2-c2ccccc21,0.7875,True,In_domain,Maximum Tanimoto >= 0.70.,DIB,O=P1(C(Nc2ccc(NC(c3c[nH]cn3)P3(=O)Oc4ccccc4-c4ccccc43)cc2)c2c[nH]cn2)Oc2ccccc2-c2ccccc21,0.7875,PBI,O=P1(C(Nc2nc3ccccc3s2)c2c[nH]cn2)Oc2ccccc2-c2ccccc21,0.5490196078431373,PBO,O=P1(C(Nc2ccc(NC(c3c[nH]c4ccccc34)P3(=O)Oc4ccccc4-c4ccccc43)cc2)c2c[nH]c3ccccc23)Oc2ccccc2-c2ccccc21,0.4563106796116505,0.7875,True,0.9766649153870156,1.9481769989944082,-0.9231028873265088,True,True,True,True,0.5714298065926902,0.9206958066371331,0.5350903860085253,0.9871738715574975,0.018393199394162604,0.9227227420930648,0.6969895683078919,0.43665694215002365,0.0,0.0,0.6314910269853884,1.0,True,True,23
24,FORM_000213,CAND_R2_069,PBD-NH-hydroxyethyl,designed,P-N,B,True,True,True,True,True,Candidate,,PBD-NH-hydroxyethyl,,DDM,DOPO-based (additive),0,1,P-N,100.00%,0.00%,N#Cc1ccc(Oc2cccc(NC(c3ccc(C(N(CCO)c4cccc(Oc5ccc(C#N)c(C#N)c5)c4)P4(=O)Oc5ccccc5-c5ccccc54)cc3)P3(=O)Oc4ccccc4-c4ccccc43)c2)cc1C#N,,NC1=CC=C(CC2=CC=C(N)C=C2)C=C1,10.0,0.5928032604753486,0.8042288954747409,0.0,0.0,0.0,1.3566539678439982,0.0,0.0,0.0,1,1,0,0,0,1,0,0,0,0,0,160.0,3.2,,24.8,,3.2,,,3.0,35.0,,1184.0,,,87.2,,,159.0,,,17.0,,,62.6,,,97.55,,,,,Virtual screening scenario,,,,,,,,,,,,,,,,,,,,,,,,,,,,,,,,35.308208589107004,28.901795796603867,41.714621381610144,12.812825585006273,True,GBDT,compact,260,741.7691221503284,211.56286595398853,1271.975378346668,1060.4125123926797,True,GBDT,compact,330,62.29321673035809,31.768463642205255,92.81796981851093,61.04950617630567,True,GBDT,descriptors,30,0.6998873326237179,1,0.8401802170263006,ExtraTrees,morgan_r3,ALL,158.25563049316406,131.05921936035156,185.45204162597656,54.392822265625,True,XGB,morgan_r3,270,72.12402370576122,48.025108022412745,96.22293938910968,48.197831366696946,True,GBDT,compact,140,210,True,N#Cc1ccc(Oc2cccc(NC(c3ccc(C(N(CCO)c4cccc(Oc5ccc(C#N)c(C#N)c5)c4)P4(=O)Oc5ccccc5-c5ccccc54)cc3)P3(=O)Oc4ccccc4-c4ccccc43)c2)cc1C#N,O=P1(C(Nc2cccc(Oc3ccccc3)c2)c2ccc(C(Nc3cccc(Oc4ccccc4)c3)P3(=O)Oc4ccccc4-c4ccccc43)cc2)Oc2ccccc2-c2ccccc21,0.7345132743362832,True,In_domain,Maximum Tanimoto >= 0.70.,PBD,N#Cc1ccc(Oc2cccc(NC(c3ccc(C(Nc4cccc(Oc5ccc(C#N)c(C#N)c5)c4)P4(=O)Oc5ccccc5-c5ccccc54)cc3)P3(=O)Oc4ccccc4-c4ccccc43)c2)cc1C#N,0.7345132743362832,APN-DOPO,N#Cc1ccc(Oc2cccc(NCP3(=O)Oc4ccccc4-c4ccccc43)c2)cc1C#N,0.44696969696969696,DOPO-DDE,O=P1(C(Nc2ccc(Oc3ccc(NC(c4ccc(O)cc4)P4(=O)Oc5ccccc5-c5ccccc54)cc3)cc2)c2ccc(O)cc2)Oc2ccccc2-c2ccccc21,0.421875,0.7345132743362832,True,0.9733633695043835,2.814742669685566,4.103087306948337,True,True,True,True,0.5380170245914988,1.0,0.4404546320384831,1.0,0.2181842546292404,0.7575210009583359,0.693264856884754,0.4166666666666667,0.0,0.0,0.630764856884754,1.0,True,True,24
25,FORM_000702,CAND_R2_241,PAD-NH-hydroxyethyl,designed,P-N-S,B,True,True,True,True,True,Candidate,,PAD-NH-hydroxyethyl,,DDM,DOPO-based (additive),0,1,P-N-S,100.00%,0.00%,O=P(Oc1ccc(C(Nc2nc3ccccc3s2)P2(=O)Oc3ccccc3-c3ccccc32)cc1)(Oc1ccc(C(N(CCO)c2nc3ccccc3s2)P2(=O)Oc3ccccc3-c3ccccc32)cc1)c1ccccc1,,NC1=CC=C(CC2=CC=C(N)C=C2)C=C1,10.0,0.8393310065251793,0.5060807734830584,0.5792993561533959,0.0,0.0,0.602957319041777,0.6901917737457223,0.0,0.0,1,1,1,0,0,1,0,0,0,0,0,160.0,3.2,,24.8,,3.2,,,3.0,35.0,,1184.0,,,87.2,,,159.0,,,17.0,,,62.6,,,97.55,,,,,Virtual screening scenario,,,,,,,,,,,,,,,,,,,,,,,,,,,,,,,,35.337118638027896,28.93070584552476,41.743531430531036,12.812825585006273,True,GBDT,compact,260,692.4317609733457,162.22550477700588,1222.6380171696856,1060.4125123926797,True,GBDT,compact,330,62.83238791698062,32.30763482882779,93.35714100513346,61.04950617630567,True,GBDT,descriptors,30,0.69095763162451,1,0.8541407316974318,ExtraTrees,morgan_r3,ALL,150.6234130859375,123.427001953125,177.81982421875,54.392822265625,True,XGB,morgan_r3,270,75.05932575748982,50.96041007414134,99.15824144083828,48.197831366696946,True,GBDT,compact,140,699,True,O=P(Oc1ccc(C(Nc2nc3ccccc3s2)P2(=O)Oc3ccccc3-c3ccccc32)cc1)(Oc1ccc(C(N(CCO)c2nc3ccccc3s2)P2(=O)Oc3ccccc3-c3ccccc32)cc1)c1ccccc1,O=P(Oc1ccc(C(Nc2nc3ccccc3s2)P2(=O)Oc3ccccc3-c3ccccc32)cc1)(Oc1ccc(C(Nc2nc3ccccc3s2)P2(=O)Oc3ccccc3-c3ccccc32)cc1)c1ccccc1,0.7627118644067796,True,In_domain,Maximum Tanimoto >= 0.70.,PAD,O=P(Oc1ccc(C(Nc2nc3ccccc3s2)P2(=O)Oc3ccccc3-c3ccccc32)cc1)(Oc1ccc(C(Nc2nc3ccccc3s2)P2(=O)Oc3ccccc3-c3ccccc32)cc1)c1ccccc1,0.7627118644067796,BPD,O=P1(C(Nc2nc3ccccc3s2)c2ccc(C(Nc3nc4ccccc4s3)P3(=O)Oc4ccccc4-c4ccccc43)cc2)Oc2ccccc2-c2ccccc21,0.5798319327731093,D-P-A,O=P1(C(Nc2nc3ccccc3s2)c2ccc(O)cc2)Oc2ccccc2-c2ccccc21,0.5645161290322581,0.7627118644067796,True,0.9756901219495719,3.3508207905605976,-2.1192458452792264,True,True,True,True,0.5412272115895236,0.9479661257066887,0.5472111009975626,0.9775511398806767,0.004722168757892509,0.9166698305678199,0.6949303155674615,0.42991455450926813,0.0,0.0,0.6304431323910713,1.0,True,True,25
26,FORM_000366,CAND_R2_127,DIB-hydroxy,designed,P-N,B,True,True,True,True,True,Candidate,,DIB-hydroxy,,DDM,DOPO-based (additive),0,1,P-N,100.00%,0.00%,O=P1(C(Nc2ccc(NC(c3c[nH]c(O)n3)P3(=O)Oc4ccccc4-c4ccccc43)cc2)c2c[nH]cn2)Oc2ccccc2-c2ccccc21,,NC1=CC=C(CC2=CC=C(N)C=C2)C=C1,10.0,0.8692711497902876,1.1793001544953083,0.0,0.0,0.0,1.3566539678439984,0.0,0.0,0.0,1,1,0,0,0,1,0,0,0,0,0,160.0,3.2,,24.8,,3.2,,,3.0,35.0,,1184.0,,,87.2,,,159.0,,,17.0,,,62.6,,,97.55,,,,,Virtual screening scenario,,,,,,,,,,,,,,,,,,,,,,,,,,,,,,,,35.65042693152747,29.244014139024333,42.05683972403061,12.812825585006273,True,GBDT,compact,260,720.8137528840471,190.60749668770723,1251.020009080387,1060.4125123926797,True,GBDT,compact,330,62.60127152046142,32.07651843230858,93.12602460861424,61.04950617630567,True,GBDT,descriptors,30,0.6926806933096818,1,0.8514966017028013,ExtraTrees,morgan_r3,ALL,151.11221313476562,123.91580200195312,178.30862426757812,54.392822265625,True,XGB,morgan_r3,270,74.49959810243489,50.400682419086415,98.59851378578335,48.197831366696946,True,GBDT,compact,140,363,True,O=P1(C(Nc2ccc(NC(c3c[nH]c(O)n3)P3(=O)Oc4ccccc4-c4ccccc43)cc2)c2c[nH]cn2)Oc2ccccc2-c2ccccc21,O=P1(C(Nc2ccc(NC(c3c[nH]cn3)P3(=O)Oc4ccccc4-c4ccccc43)cc2)c2c[nH]cn2)Oc2ccccc2-c2ccccc21,0.8181818181818182,True,In_domain,Maximum Tanimoto >= 0.70.,DIB,O=P1(C(Nc2ccc(NC(c3c[nH]cn3)P3(=O)Oc4ccccc4-c4ccccc43)cc2)c2c[nH]cn2)Oc2ccccc2-c2ccccc21,0.8181818181818182,PBI,O=P1(C(Nc2nc3ccccc3s2)c2c[nH]cn2)Oc2ccccc2-c2ccccc21,0.5656565656565656,PBO,O=P1(C(Nc2ccc(NC(c3c[nH]c4ccccc34)P3(=O)Oc4ccccc4-c4ccccc43)cc2)c2c[nH]c3ccccc23)Oc2ccccc2-c2ccccc21,0.47,0.8181818181818182,True,0.9752494336171336,2.11140073298503,-0.9544095511151633,True,True,True,True,0.5760171288573156,0.9601149313456586,0.4857979818900656,0.9871738715574975,0.018393199394162604,0.8863220163966706,0.6922923043091908,0.4268664302073136,0.0,0.0,0.6282623397780938,1.0,True,True,26
27,FORM_000009,CAND_003,PBD-monoamide,designed,P-N,B,True,True,True,True,True,Candidate,,PBD-monoamide,,DDM,DOPO-based (additive),0,1,P-N,100.00%,0.00%,N#Cc1ccc(Oc2cccc(NC(c3ccc(C(Nc4cccc(Oc5ccc(C(N)=O)c(C#N)c5)c4)P4(=O)Oc5ccccc5-c5ccccc54)cc3)P3(=O)Oc4ccccc4-c4ccccc43)c2)cc1C#N,,NC1=CC=C(CC2=CC=C(N)C=C2)C=C1,10.0,0.6079514172742286,0.8247797025014647,0.0,0.0,0.0,1.3566539678439986,0.0,0.0,0.0,1,1,0,0,0,1,0,0,0,0,0,160.0,3.2,,24.8,,3.2,,,3.0,35.0,,1184.0,,,87.2,,,159.0,,,17.0,,,62.6,,,97.55,,,,,Virtual screening scenario,,,,,,,,,,,,,,,,,,,,,,,,,,,,,,,,35.72034090586354,29.3139281133604,42.12675369836667,12.812825585006273,True,GBDT,compact,260,752.7930041021139,222.58674790577402,1282.9992602984537,1060.4125123926797,True,GBDT,compact,330,63.667071678176974,33.14231859002414,94.1918247663298,61.04950617630567,True,GBDT,descriptors,30,0.7018523939014962,1,0.8370224443049409,ExtraTrees,morgan_r3,ALL,158.71417236328125,131.51776123046875,185.91058349609375,54.392822265625,True,XGB,morgan_r3,270,72.12939622257788,48.03048053922941,96.22831190592635,48.197831366696946,True,GBDT,compact,140,6,True,N#Cc1ccc(Oc2cccc(NC(c3ccc(C(Nc4cccc(Oc5ccc(C(N)=O)c(C#N)c5)c4)P4(=O)Oc5ccccc5-c5ccccc54)cc3)P3(=O)Oc4ccccc4-c4ccccc43)c2)cc1C#N,O=P1(C(Nc2cccc(Oc3ccccc3)c2)c2ccc(C(Nc3cccc(Oc4ccccc4)c3)P3(=O)Oc4ccccc4-c4ccccc43)cc2)Oc2ccccc2-c2ccccc21,0.8556701030927835,True,In_domain,Maximum Tanimoto >= 0.70.,PBD,N#Cc1ccc(Oc2cccc(NC(c3ccc(C(Nc4cccc(Oc5ccc(C#N)c(C#N)c5)c4)P4(=O)Oc5ccccc5-c5ccccc54)cc3)P3(=O)Oc4ccccc4-c4ccccc43)c2)cc1C#N,0.8556701030927835,APN-DOPO,N#Cc1ccc(Oc2cccc(NCP3(=O)Oc4ccccc4-c4ccccc43)c2)cc1C#N,0.49572649572649574,DOPO-DDE,O=P1(C(Nc2ccc(Oc3ccc(NC(c4ccc(O)cc4)P4(=O)Oc5ccccc5-c5ccccc54)cc3)cc2)c2ccc(O)cc2)Oc2ccccc2-c2ccccc21,0.48214285714285715,0.8556701030927835,True,0.9728370740508234,2.9402305951956422,4.180142245062899,True,True,True,True,0.5837804132435862,1.0,0.4166010921790513,0.9427983573435682,0.23100900775562339,0.7578122928759515,0.6875181026163986,0.4166666666666667,0.0,0.0,0.6250181026163986,1.0,True,True,27
28,FORM_000144,CAND_R2_046,PBD-hydroxymethyl,designed,P-N,B,True,True,True,True,True,Candidate,,PBD-hydroxymethyl,,DDM,DOPO-based (additive),0,1,P-N,100.00%,0.00%,N#Cc1ccc(Oc2cccc(NC(c3ccc(C(Nc4cccc(Oc5cc(C#N)c(C#N)c(CO)c5)c4)P4(=O)Oc5ccccc5-c5ccccc54)cc3)P3(=O)Oc4ccccc4-c4ccccc43)c2)cc1C#N,,NC1=CC=C(CC2=CC=C(N)C=C2)C=C1,10.0,0.6008686930999229,0.8151708966472481,0.0,0.0,0.0,1.3566539678439984,0.0,0.0,0.0,1,1,0,0,0,1,0,0,0,0,0,160.0,3.2,,24.8,,3.2,,,3.0,35.0,,1184.0,,,87.2,,,159.0,,,17.0,,,62.6,,,97.55,,,,,Virtual screening scenario,,,,,,,,,,,,,,,,,,,,,,,,,,,,,,,,35.593665265944885,29.18725247344175,42.000078058448025,12.812825585006273,True,GBDT,compact,260,742.0376004585692,211.83134426222932,1272.243856654909,1060.4125123926797,True,GBDT,compact,330,63.667071678176974,33.14231859002414,94.1918247663298,61.04950617630567,True,GBDT,descriptors,30,0.7012125182947084,1,0.8380540899260065,ExtraTrees,morgan_r3,ALL,157.72259521484375,130.52618408203125,184.91900634765625,54.392822265625,True,XGB,morgan_r3,270,72.12939622257788,48.03048053922941,96.22831190592635,48.197831366696946,True,GBDT,compact,140,141,True,N#Cc1ccc(Oc2cccc(NC(c3ccc(C(Nc4cccc(Oc5cc(C#N)c(C#N)c(CO)c5)c4)P4(=O)Oc5ccccc5-c5ccccc54)cc3)P3(=O)Oc4ccccc4-c4ccccc43)c2)cc1C#N,O=P1(C(Nc2cccc(Oc3ccccc3)c2)c2ccc(C(Nc3cccc(Oc4ccccc4)c3)P3(=O)Oc4ccccc4-c4ccccc43)cc2)Oc2ccccc2-c2ccccc21,0.8137254901960784,True,In_domain,Maximum Tanimoto >= 0.70.,PBD,N#Cc1ccc(Oc2cccc(NC(c3ccc(C(Nc4cccc(Oc5ccc(C#N)c(C#N)c5)c4)P4(=O)Oc5ccccc5-c5ccccc54)cc3)P3(=O)Oc4ccccc4-c4ccccc43)c2)cc1C#N,0.8137254901960784,APN-DOPO,N#Cc1ccc(Oc2cccc(NCP3(=O)Oc4ccccc4-c4ccccc43)c2)cc1C#N,0.48760330578512395,DOPO-DDE,O=P1(C(Nc2ccc(Oc3ccc(NC(c4ccc(O)cc4)P4(=O)Oc5ccccc5-c5ccccc54)cc3)cc2)c2ccc(O)cc2)Oc2ccccc2-c2ccccc21,0.46153846153846156,0.8137254901960784,True,0.9730090149876678,2.8633027501806017,4.612788939442712,True,True,True,True,0.5697142837345679,1.0,0.43987369711419566,0.9427983573435682,0.20327602858139052,0.7578122928759515,0.6865860997842006,0.4166666666666667,0.0,0.0,0.6240860997842006,1.0,True,True,28
29,FORM_000183,CAND_R2_059,PBD-nitrile-to-amide,designed,P-N,B,True,True,True,True,True,Candidate,,PBD-nitrile-to-amide,,DDM,DOPO-based (additive),0,1,P-N,100.00%,0.00%,N#Cc1ccc(Oc2cccc(NC(c3ccc(C(Nc4cccc(Oc5ccc(C#N)c(C(N)=O)c5)c4)P4(=O)Oc5ccccc5-c5ccccc54)cc3)P3(=O)Oc4ccccc4-c4ccccc43)c2)cc1C#N,,NC1=CC=C(CC2=CC=C(N)C=C2)C=C1,10.0,0.6079514172742286,0.8247797025014647,0.0,0.0,0.0,1.3566539678439986,0.0,0.0,0.0,1,1,0,0,0,1,0,0,0,0,0,160.0,3.2,,24.8,,3.2,,,3.0,35.0,,1184.0,,,87.2,,,159.0,,,17.0,,,62.6,,,97.55,,,,,Virtual screening scenario,,,,,,,,,,,,,,,,,,,,,,,,,,,,,,,,35.66301404347844,29.256601250975304,42.069426835981574,12.812825585006273,True,GBDT,compact,260,750.3916256688699,220.18536947253006,1280.5978818652097,1060.4125123926797,True,GBDT,compact,330,63.667071678176974,33.14231859002414,94.1918247663298,61.04950617630567,True,GBDT,descriptors,30,0.6988594556583614,1,0.8418196675810408,ExtraTrees,morgan_r3,ALL,158.0400390625,130.8436279296875,185.2364501953125,54.392822265625,True,XGB,morgan_r3,270,72.22901955781296,48.13010387446449,96.32793524116144,48.197831366696946,True,GBDT,compact,140,180,True,N#Cc1ccc(Oc2cccc(NC(c3ccc(C(Nc4cccc(Oc5ccc(C#N)c(C(N)=O)c5)c4)P4(=O)Oc5ccccc5-c5ccccc54)cc3)P3(=O)Oc4ccccc4-c4ccccc43)c2)cc1C#N,O=P1(C(Nc2cccc(Oc3ccccc3)c2)c2ccc(C(Nc3cccc(Oc4ccccc4)c3)P3(=O)Oc4ccccc4-c4ccccc43)cc2)Oc2ccccc2-c2ccccc21,0.8469387755102041,True,In_domain,Maximum Tanimoto >= 0.70.,PBD,N#Cc1ccc(Oc2cccc(NC(c3ccc(C(Nc4cccc(Oc5ccc(C#N)c(C#N)c5)c4)P4(=O)Oc5ccccc5-c5ccccc54)cc3)P3(=O)Oc4ccccc4-c4ccccc43)c2)cc1C#N,0.8469387755102041,APN-DOPO,N#Cc1ccc(Oc2cccc(NCP3(=O)Oc4ccccc4-c4ccccc43)c2)cc1C#N,0.5042735042735043,DOPO-DDE,O=P1(C(Nc2ccc(Oc3ccc(NC(c4ccc(O)cc4)P4(=O)Oc5ccccc5-c5ccccc54)cc3)cc2)c2ccc(O)cc2)Oc2ccccc2-c2ccccc21,0.4778761061946903,0.8469387755102041,True,0.9736366112635068,2.943488481909619,4.268146173937577,True,True,True,True,0.5774148083713925,1.0,0.4217972087943682,0.9427983573435682,0.21215447402551124,0.7632137598885608,0.685938898293273,0.4166666666666667,0.0,0.0,0.623438898293273,1.0,True,True,29
31,FORM_000675,CAND_R2_232,PAD-disiloxane,designed,P-N-Si-S,B,True,True,True,True,True,Candidate,,PAD-disiloxane,,DDM,DOPO-based (additive),0,1,P-N-Si-S,100.00%,0.00%,C[Si](C)(C)O[Si](C)(C)c1ccc2nc(NC(c3ccc(OP(=O)(Oc4ccc(C(Nc5nc6ccccc6s5)P5(=O)Oc6ccccc6-c6ccccc65)cc4)c4ccccc4)cc3)P3(=O)Oc4ccccc4-c4ccccc43)sc2c1,,NC1=CC=C(CC2=CC=C(N)C=C2)C=C1,10.0,0.7683434748850856,0.4632783217199542,0.530304345776889,0.0,0.4644690134870647,0.6029573190417771,0.6901917737457223,0.0,0.604507005875896,1,1,1,0,1,1,0,0,0,0,0,160.0,3.2,,24.8,,3.2,,,3.0,35.0,,1184.0,,,87.2,,,159.0,,,17.0,,,62.6,,,97.55,,,,,Virtual screening scenario,,,,,,,,,,,,,,,,,,,,,,,,,,,,,,,,34.781358591993836,28.3749457994907,41.18777138449697,12.812825585006273,True,GBDT,compact,260,696.9945055732256,166.7882493768858,1227.2007617695654,1060.4125123926797,True,GBDT,compact,330,63.11283882454177,32.58808573638893,93.6375919126946,61.04950617630567,True,GBDT,descriptors,30,0.6908680207873725,1,0.8542775945628445,ExtraTrees,morgan_r3,ALL,151.82571411132812,124.62930297851562,179.02212524414062,54.392822265625,True,XGB,morgan_r3,270,75.62895713673247,51.530041453383994,99.72787282008093,48.197831366696946,True,GBDT,compact,140,672,True,C[Si](C)(C)O[Si](C)(C)c1ccc2nc(NC(c3ccc(OP(=O)(Oc4ccc(C(Nc5nc6ccccc6s5)P5(=O)Oc6ccccc6-c6ccccc65)cc4)c4ccccc4)cc3)P3(=O)Oc4ccccc4-c4ccccc43)sc2c1,O=P(Oc1ccc(C(Nc2nc3ccccc3s2)P2(=O)Oc3ccccc3-c3ccccc32)cc1)(Oc1ccc(C(Nc2nc3ccccc3s2)P2(=O)Oc3ccccc3-c3ccccc32)cc1)c1ccccc1,0.7964601769911505,True,In_domain,Maximum Tanimoto >= 0.70.,PAD,O=P(Oc1ccc(C(Nc2nc3ccccc3s2)P2(=O)Oc3ccccc3-c3ccccc32)cc1)(Oc1ccc(C(Nc2nc3ccccc3s2)P2(=O)Oc3ccccc3-c3ccccc32)cc1)c1ccccc1,0.7964601769911505,BPD,O=P1(C(Nc2nc3ccccc3s2)c2ccc(C(Nc3nc4ccccc4s3)P3(=O)Oc4ccccc4-c4ccccc43)cc2)Oc2ccccc2-c2ccccc21,0.6052631578947368,D-P-A,O=P1(C(Nc2nc3ccccc3s2)c2ccc(O)cc2)Oc2ccccc2-c2ccccc21,0.575,0.7964601769911505,True,0.9757129324271409,3.3487624847479176,-2.214395016793791,True,True,True,True,0.47951532453315515,0.9473343058171881,0.5373382077048314,0.9658743230358903,0.038348790096291274,0.9475546137068896,0.6846027725985311,0.4300723285320835,0.0,0.0,0.6200919233187185,1.0,True,True,30
33,FORM_000192,CAND_R2_062,PBD-nitrile-to-acid-2,designed,P-N,B,True,True,True,True,True,Candidate,,PBD-nitrile-to-acid-2,,DDM,DOPO-based (additive),0,1,P-N,100.00%,0.00%,N#Cc1ccc(Oc2cccc(NC(c3ccc(C(Nc4cccc(Oc5ccc(C#N)c(C(=O)O)c5)c4)P4(=O)Oc5ccccc5-c5ccccc54)cc3)P3(=O)Oc4ccccc4-c4ccccc43)c2)cc1C#N,,NC1=CC=C(CC2=CC=C(N)C=C2)C=C1,10.0,0.6073648924895116,0.6866533261041995,0.0,0.0,0.0,1.130544973203332,0.0,0.0,0.0,1,1,0,0,0,1,0,0,0,0,0,160.0,3.2,,24.8,,3.2,,,3.0,35.0,,1184.0,,,87.2,,,159.0,,,17.0,,,62.6,,,97.55,,,,,Virtual screening scenario,,,,,,,,,,,,,,,,,,,,,,,,,,,,,,,,34.84276447014097,28.436351677637834,41.24917726264411,12.812825585006273,True,GBDT,compact,260,721.2031781394019,190.99692194306203,1251.4094343357417,1060.4125123926797,True,GBDT,compact,330,63.667071678176974,33.14231859002414,94.1918247663298,61.04950617630567,True,GBDT,descriptors,30,0.7021920411555931,1,0.8364735139733398,ExtraTrees,morgan_r3,ALL,157.9636993408203,130.7672882080078,185.1601104736328,54.392822265625,True,XGB,morgan_r3,270,71.50166560254492,47.402749919196445,95.60058128589338,48.197831366696946,True,GBDT,compact,140,189,True,N#Cc1ccc(Oc2cccc(NC(c3ccc(C(Nc4cccc(Oc5ccc(C#N)c(C(=O)O)c5)c4)P4(=O)Oc5ccccc5-c5ccccc54)cc3)P3(=O)Oc4ccccc4-c4ccccc43)c2)cc1C#N,O=P1(C(Nc2cccc(Oc3ccccc3)c2)c2ccc(C(Nc3cccc(Oc4ccccc4)c3)P3(=O)Oc4ccccc4-c4ccccc43)cc2)Oc2ccccc2-c2ccccc21,0.8556701030927835,True,In_domain,Maximum Tanimoto >= 0.70.,PBD,N#Cc1ccc(Oc2cccc(NC(c3ccc(C(Nc4cccc(Oc5ccc(C#N)c(C#N)c5)c4)P4(=O)Oc5ccccc5-c5ccccc54)cc3)P3(=O)Oc4ccccc4-c4ccccc43)c2)cc1C#N,0.8556701030927835,APN-DOPO,N#Cc1ccc(Oc2cccc(NCP3(=O)Oc4ccccc4-c4ccccc43)c2)cc1C#N,0.49572649572649574,DOPO-DDE,O=P1(C(Nc2ccc(Oc3ccc(NC(c4ccc(O)cc4)P4(=O)Oc5ccccc5-c5ccccc54)cc3)cc2)c2ccc(O)cc2)Oc2ccccc2-c2ccccc21,0.48214285714285715,0.8556701030927835,True,0.9727455856622234,2.965075942319077,4.094502362577949,True,True,True,True,0.48633386545536605,1.0,0.48495534125843487,0.9427983573435682,0.2100193623855893,0.7237774331825686,0.6761971923682897,0.4166666666666667,0.0,0.0,0.6136971923682897,1.0,True,True,31
34,FORM_000042,CAND_014,Ti-POSS-bisDOPO-methoxy,designed,P-N-Si,B,True,True,True,True,True,Candidate,,Ti-POSS-bisDOPO-methoxy,,DDM,DOPO-based (additive),0,1,P-N-Si,100.00%,0.00%,CO[Ti]12O[Si@@]3(CC(C)C)O[Si@@]4(CC(C)C)O[Si@@](CC(C)C)(O3)O[Si@]3(CC(C)C)O[Si@@](CC(C)C)(O1)O[Si@](CCCN(CP1(=O)Oc5ccccc5-c5ccccc51)CP1(=O)Oc5ccccc5-c5ccccc51)(O4)O[Si@](CC(C)C)(O2)O3,,NC1=CC=C(CC2=CC=C(N)C=C2)C=C1,10.0,0.467650311588213,0.1057399417966052,0.0,0.0,1.484163920689382,0.2261089946406663,0.0,0.0,3.1736617808484526,1,1,0,0,1,1,0,0,0,0,0,160.0,3.2,,24.8,,3.2,,,3.0,35.0,,1184.0,,,87.2,,,159.0,,,17.0,,,62.6,,,97.55,,,,,Virtual screening scenario,,,,,,,,,,,,,,,,,,,,,,,,,,,,,,,,33.59177768533997,27.185364892836834,39.99819047784311,12.812825585006273,True,GBDT,compact,260,624.7657167689568,94.55946057261701,1154.9719729652966,1060.4125123926797,True,GBDT,compact,330,64.52661339594349,34.00186030779065,95.05136648409632,61.04950617630567,True,GBDT,descriptors,30,0.6930080256084368,1,0.8509916082029321,ExtraTrees,morgan_r3,ALL,162.95301818847656,135.75660705566406,190.14942932128906,54.392822265625,True,XGB,morgan_r3,270,69.29168836147603,45.19277267812756,93.3906040448245,48.197831366696946,True,GBDT,compact,140,39,True,CO[Ti]12O[Si@@]3(CC(C)C)O[Si@@]4(CC(C)C)O[Si@@](CC(C)C)(O3)O[Si@]3(CC(C)C)O[Si@@](CC(C)C)(O1)O[Si@](CCCN(CP1(=O)Oc5ccccc5-c5ccccc51)CP1(=O)Oc5ccccc5-c5ccccc51)(O4)O[Si@](CC(C)C)(O2)O3,O=P1(CN(CCC[Si]23O[SiH]4O[SiH]5O[SiH]6O[SiH](O[Ti](O[SiH](O5)O4)O[SiH](O6)O2)O3)CP2(=O)Oc3ccccc3-c3ccccc32)Oc2ccccc2-c2ccccc21,0.851063829787234,True,In_domain,Maximum Tanimoto >= 0.70.,Ti-POSS-bisDOPO,CC(C)C[Si@]12O[Si@@]3(CC(C)C)O[Si@@](CC(C)C)(O1)O[Si@]1(CC(C)C)O[Si@@]4(CC(C)C)O[Ti](OC(C)C)(O2)O[Si@@](CC(C)C)(O[Si@@](CCCN(CP2(=O)Oc5ccccc5-c5ccccc52)CP2(=O)Oc5ccccc5-c5ccccc52)(O3)O4)O1,0.851063829787234,Zr-POSS-bisDOPO,CCCCO[Zr]12O[Si]3(CCCN(CP4(=O)Oc5ccccc5-c5ccccc54)CP4(=O)Oc5ccccc5-c5ccccc54)O[Si]4(CC(C)C)O[Si]5(CC(C)C)O[Si](CC(C)C)(O3)O[Si](CC(C)C)(O[Si](CC(C)C)(O5)O[Si](CC(C)C)(O4)O1)O2,0.6036036036036037,PDB,CC(C)C[Si]12O[Si]3(CCCNC(c4ccc(B(O)O)cc4)P4(=O)Oc5ccccc5-c5ccccc54)O[Si]4(CC(C)C)O[Si](CC(C)C)(O1)O[Si]1(CC(C)C)O[Si](CC(C)C)(O2)O[Si](CC(C)C)(O3)O[Si](CC(C)C)(O4)O1,0.3870967741935484,0.851063829787234,True,0.975165268033822,-1.6995558244936975,0.41311431182709746,True,True,True,True,0.34742363661909315,0.9624228559609831,0.6936272808531576,0.9070105922188489,0.349563396769294,0.6039549123034705,0.6774487040376929,0.4262842791926486,0.0,0.0,0.6135060621587956,1.0,True,True,32
35,FORM_000807,CAND_R2_276,Ti-POSS-bisDOPO-hydroxy,designed,P-N-Si,B,True,True,True,True,True,Candidate,,Ti-POSS-bisDOPO-hydroxy,,DDM,DOPO-based (additive),0,1,P-N-Si,100.00%,0.00%,CC(C)C[Si@]12O[Si@@]3(CC(C)C)O[Si@@](CC(C)C)(O1)O[Si@]1(CC(C)C)O[Si@@]4(CC(C)C)O[Ti](OC(C)C)(O2)O[Si@@](CC(C)C)(O[Si@@](CCCN(CP2(=O)Oc5ccccc5-c5ccccc52)CP2(=O)Oc5ccc(O)cc5-c5ccccc52)(O3)O4)O1,,NC1=CC=C(CC2=CC=C(N)C=C2)C=C1,10.0,0.4525987091570361,0.1023366391031607,0.0,0.0,1.43639522531303,0.2261089946406663,0.0,0.0,3.173661780848452,1,1,0,0,1,1,0,0,0,0,0,160.0,3.2,,24.8,,3.2,,,3.0,35.0,,1184.0,,,87.2,,,159.0,,,17.0,,,62.6,,,97.55,,,,,Virtual screening scenario,,,,,,,,,,,,,,,,,,,,,,,,,,,,,,,,33.74396228458086,27.337549492077724,40.15037507708399,12.812825585006273,True,GBDT,compact,260,609.2416933542265,79.03543715788669,1139.4479495505664,1060.4125123926797,True,GBDT,compact,330,64.52661339594349,34.00186030779065,95.05136648409632,61.04950617630567,True,GBDT,descriptors,30,0.6836618202463769,1,0.8650733431351502,ExtraTrees,morgan_r3,ALL,162.96604919433594,135.76963806152344,190.16246032714844,54.392822265625,True,XGB,morgan_r3,270,69.81537499616053,45.716459312812056,93.91429067950901,48.197831366696946,True,GBDT,compact,140,804,True,CC(C)C[Si@]12O[Si@@]3(CC(C)C)O[Si@@](CC(C)C)(O1)O[Si@]1(CC(C)C)O[Si@@]4(CC(C)C)O[Ti](OC(C)C)(O2)O[Si@@](CC(C)C)(O[Si@@](CCCN(CP2(=O)Oc5ccccc5-c5ccccc52)CP2(=O)Oc5ccc(O)cc5-c5ccccc52)(O3)O4)O1,O=P1(CN(CCC[Si]23O[SiH]4O[SiH]5O[SiH]6O[SiH](O[Ti](O[SiH](O5)O4)O[SiH](O6)O2)O3)CP2(=O)Oc3ccccc3-c3ccccc32)Oc2ccccc2-c2ccccc21,0.8461538461538461,True,In_domain,Maximum Tanimoto >= 0.70.,Ti-POSS-bisDOPO,CC(C)C[Si@]12O[Si@@]3(CC(C)C)O[Si@@](CC(C)C)(O1)O[Si@]1(CC(C)C)O[Si@@]4(CC(C)C)O[Ti](OC(C)C)(O2)O[Si@@](CC(C)C)(O[Si@@](CCCN(CP2(=O)Oc5ccccc5-c5ccccc52)CP2(=O)Oc5ccccc5-c5ccccc52)(O3)O4)O1,0.8461538461538461,Zr-POSS-bisDOPO,CCCCO[Zr]12O[Si]3(CCCN(CP4(=O)Oc5ccccc5-c5ccccc54)CP4(=O)Oc5ccccc5-c5ccccc54)O[Si]4(CC(C)C)O[Si]5(CC(C)C)O[Si](CC(C)C)(O3)O[Si](CC(C)C)(O[Si](CC(C)C)(O5)O[Si](CC(C)C)(O4)O1)O2,0.53125,PDC,CC(C)C[Si]12O[Si]3(CCCNC(c4ccc(O)c(O)c4)P4(=O)Oc5ccccc5-c5ccccc54)O[Si]4(CC(C)C)O[Si](CC(C)C)(O1)O[Si]1(CC(C)C)O[Si](CC(C)C)(O2)O[Si](CC(C)C)(O3)O[Si](CC(C)C)(O4)O1,0.36428571428571427,0.8461538461538461,True,0.9775122238558583,-1.7735584363061974,0.40965588747864706,True,True,True,True,0.36432229435293273,0.8965254865384622,0.7272182529736498,0.9070105922188489,0.3499278551623568,0.6323486222261292,0.6772429729556274,0.44251755007862653,0.0,0.0,0.6108653404438334,1.0,True,True,33
36,FORM_000237,CAND_R2_079,TDCA-DOPO-2-trimethoxysilyl,designed,P-Si,B,True,True,True,True,True,Candidate,,TDCA-DOPO-2-trimethoxysilyl,,DDS,DOPO-based (Additive + Secondary Crosslinking),3,1,P-Si,100.00%,0.00%,CO[Si](OC)(OC)c1ccc(P(=O)(OC(c2ccc(C(OP(=O)(c3ccccc3)c3ccccc3)P3(=O)Oc4ccccc4-c4ccccc43)cc2)P2(=O)Oc3ccccc3-c3ccccc32)c2ccccc2)cc1,,NC1=CC=C(C=C1)S(=O)(=O)C1=CC=C(N)C=C1,10.0,1.1397766370443962,0.0,0.0,0.0,0.2583761108351272,0.0,0.0,0.0,0.226690127203461,1,0,0,0,1,1,1,0,0,0,0,250.0,4.0,,22.4,,3.0,,,4.0,35.0,,867.99,,,114.145,,,180.0,,,16.9,,,52.14,,,95.65,,,,,Virtual screening scenario,,,,,,,,,,,,,,,,,,,,,,,,,,,,,,,,41.65064612882486,35.24423333632173,48.05705892132799,12.812825585006273,True,GBDT,compact,260,340.903460601128,-189.30279559521182,871.1097167974679,1060.4125123926797,True,GBDT,compact,330,76.94077449599645,46.416021407843616,107.46552758414929,61.04950617630567,True,GBDT,descriptors,30,0.6623120402348177,1,0.8946192063792436,ExtraTrees,morgan_r3,ALL,170.0486297607422,142.8522186279297,197.2450408935547,54.392822265625,True,XGB,morgan_r3,270,52.39614759480796,28.297231911459484,76.49506327815644,48.197831366696946,True,GBDT,compact,140,234,True,CO[Si](OC)(OC)c1ccc(P(=O)(OC(c2ccc(C(OP(=O)(c3ccccc3)c3ccccc3)P3(=O)Oc4ccccc4-c4ccccc43)cc2)P2(=O)Oc3ccccc3-c3ccccc32)c2ccccc2)cc1,O=P(OC(c1ccc(C(OP(=O)(c2ccccc2)c2ccccc2)P2(=O)Oc3ccccc3-c3ccccc32)cc1)P1(=O)Oc2ccccc2-c2ccccc21)(c1ccccc1)c1ccccc1,0.7922077922077922,True,In_domain,Maximum Tanimoto >= 0.70.,TDCA-DOPO-2,O=P(OC(c1ccc(C(OP(=O)(c2ccccc2)c2ccccc2)P2(=O)Oc3ccccc3-c3ccccc32)cc1)P1(=O)Oc2ccccc2-c2ccccc21)(c1ccccc1)c1ccccc1,0.7922077922077922,TDCA-DOPO-3,O=P(Oc1ccccc1)(Oc1ccccc1)OC(c1ccc(C(OP(=O)(Oc2ccccc2)Oc2ccccc2)P2(=O)Oc3ccccc3-c3ccccc32)cc1)P1(=O)Oc2ccccc2-c2ccccc21,0.5434782608695652,TDCA-DOPO-1,O=P1(C(OP(c2ccccc2)c2ccccc2)c2ccc(C(OP(c3ccccc3)c3ccccc3)P3(=O)Oc4ccccc4-c4ccccc43)cc2)Oc2ccccc2-c2ccccc21,0.4838709677419355,0.7922077922077922,True,0.9824365343965407,1.4376833843017087,-1.682701476470246,True,True,True,True,1.0,0.7459944115181726,1.0,0.390136224766907,0.5480173932860277,0.0,0.6820278665856186,0.4765776999046311,0.0,0.0,0.610541211599924,1.0,True,True,34
37,FORM_000810,CAND_R2_277,Ti-POSS-bisDOPO-boronic-acid,designed,P-N-Si-B,B,True,True,True,True,True,Candidate,,Ti-POSS-bisDOPO-boronic-acid,,DDM,DOPO-based (additive),0,1,P-N-Si-B,100.00%,0.00%,CC(C)C[Si@]12O[Si@@]3(CC(C)C)O[Si@@](CC(C)C)(O1)O[Si@]1(CC(C)C)O[Si@@]4(CC(C)C)O[Ti](OC(C)C)(O2)O[Si@@](CC(C)C)(O[Si@@](CCCN(CP2(=O)Oc5ccccc5-c5ccccc52)CP2(=O)Oc5ccc(B(O)O)cc5-c5ccccc52)(O3)O4)O1,,NC1=CC=C(CC2=CC=C(N)C=C2)C=C1,10.0,0.4435829483930609,0.1002980945008975,0.0,0.077420075515364,1.407782249951129,0.2261089946406663,0.0,0.1745334796926454,3.1736617808484526,1,1,0,1,1,1,0,0,0,0,0,160.0,3.2,,24.8,,3.2,,,3.0,35.0,,1184.0,,,87.2,,,159.0,,,17.0,,,62.6,,,97.55,,,,,Virtual screening scenario,,,,,,,,,,,,,,,,,,,,,,,,,,,,,,,,33.79990726610846,27.393494473605326,40.206320058611595,12.812825585006273,True,GBDT,compact,260,631.3554834622046,101.14922726586474,1161.5617396585444,1060.4125123926797,True,GBDT,compact,330,64.52661339594349,34.00186030779065,95.05136648409632,61.04950617630567,True,GBDT,descriptors,30,0.6818023655770554,1,0.8677915994823467,ExtraTrees,morgan_r3,ALL,162.9211883544922,135.7247772216797,190.1175994873047,54.392822265625,True,XGB,morgan_r3,270,71.76637176921781,47.66745608586934,95.86528745256629,48.197831366696946,True,GBDT,compact,140,807,True,CC(C)C[Si@]12O[Si@@]3(CC(C)C)O[Si@@](CC(C)C)(O1)O[Si@]1(CC(C)C)O[Si@@]4(CC(C)C)O[Ti](OC(C)C)(O2)O[Si@@](CC(C)C)(O[Si@@](CCCN(CP2(=O)Oc5ccccc5-c5ccccc52)CP2(=O)Oc5ccc(B(O)O)cc5-c5ccccc52)(O3)O4)O1,O=P1(CN(CCC[Si]23O[SiH]4O[SiH]5O[SiH]6O[SiH](O[Ti](O[SiH](O5)O4)O[SiH](O6)O2)O3)CP2(=O)Oc3ccccc3-c3ccccc32)Oc2ccccc2-c2ccccc21,0.822429906542056,True,In_domain,Maximum Tanimoto >= 0.70.,Ti-POSS-bisDOPO,CC(C)C[Si@]12O[Si@@]3(CC(C)C)O[Si@@](CC(C)C)(O1)O[Si@]1(CC(C)C)O[Si@@]4(CC(C)C)O[Ti](OC(C)C)(O2)O[Si@@](CC(C)C)(O[Si@@](CCCN(CP2(=O)Oc5ccccc5-c5ccccc52)CP2(=O)Oc5ccccc5-c5ccccc52)(O3)O4)O1,0.822429906542056,Zr-POSS-bisDOPO,CCCCO[Zr]12O[Si]3(CCCN(CP4(=O)Oc5ccccc5-c5ccccc54)CP4(=O)Oc5ccccc5-c5ccccc54)O[Si]4(CC(C)C)O[Si]5(CC(C)C)O[Si](CC(C)C)(O3)O[Si](CC(C)C)(O[Si](CC(C)C)(O5)O[Si](CC(C)C)(O4)O1)O2,0.5190839694656488,PDB,CC(C)C[Si]12O[Si]3(CCCNC(c4ccc(B(O)O)cc4)P4(=O)Oc5ccccc5-c5ccccc54)O[Si]4(CC(C)C)O[Si](CC(C)C)(O1)O[Si]1(CC(C)C)O[Si](CC(C)C)(O2)O[Si](CC(C)C)(O3)O[Si](CC(C)C)(O4)O1,0.39855072463768115,0.822429906542056,True,0.9779652665803912,-2.2090512201220593,0.246161681134604,True,True,True,True,0.370534454449793,0.8834150137292384,0.6793683053698178,0.9070105922188489,0.3486731623337799,0.7381295086671326,0.6767459402536309,0.44565112643366883,0.0,0.0,0.6098982712885805,1.0,True,True,35
38,FORM_000671,CAND_R2_231,PAD-triethoxysilyl,designed,P-N-Si-S,B,True,True,True,True,True,Candidate,,PAD-triethoxysilyl,,DDS,DOPO-based (Additive + Secondary Crosslinking),3,1,P-N-Si-S,100.00%,0.00%,CCO[Si](OCC)(OCC)c1ccc2nc(NC(c3ccc(OP(=O)(Oc4ccc(C(Nc5nc6ccccc6s5)P5(=O)Oc6ccccc6-c6ccccc65)cc4)c4ccccc4)cc3)P3(=O)Oc4ccccc4-c4ccccc43)sc2c1,,NC1=CC=C(C=C1)S(=O)(=O)C1=CC=C(N)C=C1,5.29,0.4011717745147325,0.2418894576366354,0.2768854586290422,0.0,0.1212555741269105,0.6029573190417771,0.6901917737457223,0.0,0.302253502937948,1,1,1,0,1,1,1,0,0,0,0,250.0,4.0,,22.4,,3.0,,,4.0,35.0,,867.99,,,114.145,,,180.0,,,16.9,,,52.14,,,95.65,,,,,Virtual screening scenario,,,,,,,,,,,,,,,,,,,,,,,,,,,,,,,,40.04129990598458,33.63488711348144,46.44771269848772,12.812825585006273,True,GBDT,compact,260,448.66203141137964,-81.54422478496019,978.8682876077195,1060.4125123926797,True,GBDT,compact,330,82.87469200278659,52.34993891463375,113.39944509093942,61.04950617630567,True,GBDT,descriptors,30,0.6597342132203748,1,0.8979399245074713,ExtraTrees,morgan_r3,ALL,184.15792846679688,156.96151733398438,211.35433959960938,54.392822265625,True,XGB,morgan_r3,270,59.38504643322876,35.286130749880286,83.48396211657723,48.197831366696946,True,GBDT,compact,140,669,True,CCO[Si](OCC)(OCC)c1ccc2nc(NC(c3ccc(OP(=O)(Oc4ccc(C(Nc5nc6ccccc6s5)P5(=O)Oc6ccccc6-c6ccccc65)cc4)c4ccccc4)cc3)P3(=O)Oc4ccccc4-c4ccccc43)sc2c1,O=P(Oc1ccc(C(Nc2nc3ccccc3s2)P2(=O)Oc3ccccc3-c3ccccc32)cc1)(Oc1ccc(C(Nc2nc3ccccc3s2)P2(=O)Oc3ccccc3-c3ccccc32)cc1)c1ccccc1,0.7894736842105263,True,In_domain,Maximum Tanimoto >= 0.70.,PAD,O=P(Oc1ccc(C(Nc2nc3ccccc3s2)P2(=O)Oc3ccccc3-c3ccccc32)cc1)(Oc1ccc(C(Nc2nc3ccccc3s2)P2(=O)Oc3ccccc3-c3ccccc32)cc1)c1ccccc1,0.7894736842105263,BPD,O=P1(C(Nc2nc3ccccc3s2)c2ccc(C(Nc3nc4ccccc4s3)P3(=O)Oc4ccccc4-c4ccccc43)cc2)Oc2ccccc2-c2ccccc21,0.6,D-P-A,O=P1(C(Nc2nc3ccccc3s2)c2ccc(O)cc2)Oc2ccccc2-c2ccccc21,0.5702479338842975,0.7894736842105263,True,0.9829899874179119,2.8870541268066674,-2.407551432390363,True,True,True,True,1.0,0.727818904721834,1.0,0.14307242133188713,0.9426340782254035,0.06682774772007807,0.6751244478052923,0.4804057876488595,0.0,0.0,0.6030635796579634,1.0,True,True,36
39,FORM_000816,CAND_R2_279,Ti-POSS-bisDOPO-disiloxane,designed,P-N-Si,B,True,True,True,True,True,Candidate,,Ti-POSS-bisDOPO-disiloxane,,DDM,DOPO-based (additive),0,1,P-N-Si,100.00%,0.00%,CC(C)C[Si@]12O[Si@@]3(CC(C)C)O[Si@@](CC(C)C)(O1)O[Si@]1(CC(C)C)O[Si@@]4(CC(C)C)O[Ti](OC(C)C)(O2)O[Si@@](CC(C)C)(O[Si@@](CCCN(CP2(=O)Oc5ccccc5-c5ccccc52)CP2(=O)Oc5ccc([Si](C)(C)O[Si](C)(C)C)cc5-c5ccccc52)(O3)O4)O1,,NC1=CC=C(CC2=CC=C(N)C=C2)C=C1,10.0,0.4132464609417789,0.093438741822359,0.0,0.0,1.686220070350895,0.2261089946406664,0.0,0.0,4.080422289662298,1,1,0,0,1,1,0,0,0,0,0,160.0,3.2,,24.8,,3.2,,,3.0,35.0,,1184.0,,,87.2,,,159.0,,,17.0,,,62.6,,,97.55,,,,,Virtual screening scenario,,,,,,,,,,,,,,,,,,,,,,,,,,,,,,,,33.68122433949452,27.274811546991383,40.08763713199765,12.812825585006273,True,GBDT,compact,260,617.4269341954382,87.22067799909837,1147.633190391778,1060.4125123926797,True,GBDT,compact,330,64.52661339594349,34.00186030779065,95.05136648409632,61.04950617630567,True,GBDT,descriptors,30,0.6812661108508188,1,0.8685703882280748,ExtraTrees,morgan_r3,ALL,162.09205627441406,134.89564514160156,189.28846740722656,54.392822265625,True,XGB,morgan_r3,270,70.44654055641196,46.34762487306349,94.54545623976043,48.197831366696946,True,GBDT,compact,140,813,True,CC(C)C[Si@]12O[Si@@]3(CC(C)C)O[Si@@](CC(C)C)(O1)O[Si@]1(CC(C)C)O[Si@@]4(CC(C)C)O[Ti](OC(C)C)(O2)O[Si@@](CC(C)C)(O[Si@@](CCCN(CP2(=O)Oc5ccccc5-c5ccccc52)CP2(=O)Oc5ccc([Si](C)(C)O[Si](C)(C)C)cc5-c5ccccc52)(O3)O4)O1,O=P1(CN(CCC[Si]23O[SiH]4O[SiH]5O[SiH]6O[SiH](O[Ti](O[SiH](O5)O4)O[SiH](O6)O2)O3)CP2(=O)Oc3ccccc3-c3ccccc32)Oc2ccccc2-c2ccccc21,0.7927927927927928,True,In_domain,Maximum Tanimoto >= 0.70.,Ti-POSS-bisDOPO,CC(C)C[Si@]12O[Si@@]3(CC(C)C)O[Si@@](CC(C)C)(O1)O[Si@]1(CC(C)C)O[Si@@]4(CC(C)C)O[Ti](OC(C)C)(O2)O[Si@@](CC(C)C)(O[Si@@](CCCN(CP2(=O)Oc5ccccc5-c5ccccc52)CP2(=O)Oc5ccccc5-c5ccccc52)(O3)O4)O1,0.7927927927927928,Zr-POSS-bisDOPO,CCCCO[Zr]12O[Si]3(CCCN(CP4(=O)Oc5ccccc5-c5ccccc54)CP4(=O)Oc5ccccc5-c5ccccc54)O[Si]4(CC(C)C)O[Si]5(CC(C)C)O[Si](CC(C)C)(O3)O[Si](CC(C)C)(O[Si](CC(C)C)(O5)O[Si](CC(C)C)(O4)O1)O2,0.5037037037037037,PDC,CC(C)C[Si]12O[Si]3(CCCNC(c4ccc(O)c(O)c4)P4(=O)Oc5ccccc5-c5ccccc54)O[Si]4(CC(C)C)O[Si](CC(C)C)(O1)O[Si]1(CC(C)C)O[Si](CC(C)C)(O2)O[Si](CC(C)C)(O3)O[Si](CC(C)C)(O4)O1,0.3288590604026846,0.7927927927927928,True,0.9780950647046791,-1.9750029488631946,0.3788921202879967,True,True,True,True,0.3573558400190067,0.8796340379823497,0.709506981252959,0.9070105922188489,0.32548353685105386,0.6665697205777197,0.6699068160375102,0.44654890563013905,0.0,0.0,0.6029244801929894,1.0,True,True,37
40,FORM_000162,CAND_R2_052,PBD-disiloxane,designed,P-N-Si,B,True,True,True,True,True,Candidate,,PBD-disiloxane,,DDM,DOPO-based (additive),0,1,P-N-Si,100.00%,0.00%,C[Si](C)(C)O[Si](C)(C)c1cc(Oc2cccc(NC(c3ccc(C(Nc4cccc(Oc5ccc(C#N)c(C#N)c5)c4)P4(=O)Oc5ccccc5-c5ccccc54)cc3)P3(=O)Oc4ccccc4-c4ccccc43)c2)cc(C#N)c1C#N,,NC1=CC=C(CC2=CC=C(N)C=C2)C=C1,10.0,0.5399525488849336,0.7325287678922255,0.0,0.0,0.4896076479622344,1.3566539678439982,0.0,0.0,0.9067605088138442,1,1,0,0,1,1,0,0,0,0,0,160.0,3.2,,24.8,,3.2,,,3.0,35.0,,1184.0,,,87.2,,,159.0,,,17.0,,,62.6,,,97.55,,,,,Virtual screening scenario,,,,,,,,,,,,,,,,,,,,,,,,,,,,,,,,34.60702514628373,28.200612353780595,41.013437938786865,12.812825585006273,True,GBDT,compact,260,741.0971768498113,210.89092065347143,1271.303433046151,1060.4125123926797,True,GBDT,compact,330,64.18538657533392,33.66063348718109,94.71013966348676,61.04950617630567,True,GBDT,descriptors,30,0.6959536238651685,1,0.8464087091764323,ExtraTrees,morgan_r3,ALL,159.1691131591797,131.9727020263672,186.3655242919922,54.392822265625,True,XGB,morgan_r3,270,72.9322420033087,48.83332631996023,97.03115768665717,48.197831366696946,True,GBDT,compact,140,159,True,C[Si](C)(C)O[Si](C)(C)c1cc(Oc2cccc(NC(c3ccc(C(Nc4cccc(Oc5ccc(C#N)c(C#N)c5)c4)P4(=O)Oc5ccccc5-c5ccccc54)cc3)P3(=O)Oc4ccccc4-c4ccccc43)c2)cc(C#N)c1C#N,O=P1(C(Nc2cccc(Oc3ccccc3)c2)c2ccc(C(Nc3cccc(Oc4ccccc4)c3)P3(=O)Oc4ccccc4-c4ccccc43)cc2)Oc2ccccc2-c2ccccc21,0.7757009345794392,True,In_domain,Maximum Tanimoto >= 0.70.,PBD,N#Cc1ccc(Oc2cccc(NC(c3ccc(C(Nc4cccc(Oc5ccc(C#N)c(C#N)c5)c4)P4(=O)Oc5ccccc5-c5ccccc54)cc3)P3(=O)Oc4ccccc4-c4ccccc43)c2)cc1C#N,0.7757009345794392,APN-DOPO,N#Cc1ccc(Oc2cccc(NCP3(=O)Oc4ccccc4-c4ccccc43)c2)cc1C#N,0.4566929133858268,DOPO-DDE,O=P1(C(Nc2ccc(Oc3ccc(NC(c4ccc(O)cc4)P4(=O)Oc5ccccc5-c5ccccc54)cc3)cc2)c2ccc(O)cc2)Oc2ccccc2-c2ccccc21,0.43089430894308944,0.7757009345794392,True,0.9744014515294054,2.933101978089519,4.537713076221303,True,True,True,True,0.4601572472683671,0.9831914105748314,0.4419085911863899,0.9212178669302632,0.24373304404270565,0.8013417028339412,0.6658024978796349,0.42100116303555885,0.0,0.0,0.6026523234243011,1.0,True,True,38
41,FORM_000021,CAND_007,DIB-hydroxy,designed,P-N,B,True,True,True,True,True,Candidate,,DIB-hydroxy,,DDM,DOPO-based (Co-curing),2,1,P-N,100.00%,0.00%,O=P1(C(Nc2ccc(NC(c3c[nH]cn3)P3(=O)Oc4ccc(O)cc4-c4ccccc43)cc2)c2c[nH]cn2)Oc2ccccc2-c2ccccc21,,NC1=CC=C(CC2=CC=C(N)C=C2)C=C1,10.19,0.8857873016363029,1.201706857430719,0.0,0.0,0.0,1.3566539678439984,0.0,0.0,0.0,1,1,0,0,0,1,0,0,0,0,0,170.0,3.0,,24.0,,3.0,,,3.0,35.0,,1208.0,,,88.0,,,164.3,,,16.5,,,58.7,,,101.3,,,,,Virtual screening scenario,,,,,,,,,,,,,,,,,,,,,,,,,,,,,,,,36.005319796814376,29.59890700431124,42.41173258931751,12.812825585006273,True,GBDT,compact,260,679.1847023246929,148.97844612835308,1209.3909585210326,1060.4125123926797,True,GBDT,compact,330,65.81283819553849,35.288085107385655,96.33759128369132,61.04950617630567,True,GBDT,descriptors,30,0.6972587777441626,1,0.8443558984115163,ExtraTrees,morgan_r3,ALL,155.26248168945312,128.06607055664062,182.45889282226562,54.392822265625,True,XGB,morgan_r3,270,66.49665617370417,42.397740490355694,90.59557185705265,48.197831366696946,True,GBDT,compact,140,18,True,O=P1(C(Nc2ccc(NC(c3c[nH]cn3)P3(=O)Oc4ccc(O)cc4-c4ccccc43)cc2)c2c[nH]cn2)Oc2ccccc2-c2ccccc21,O=P1(C(Nc2ccc(NC(c3c[nH]cn3)P3(=O)Oc4ccccc4-c4ccccc43)cc2)c2c[nH]cn2)Oc2ccccc2-c2ccccc21,0.8076923076923077,True,In_domain,Maximum Tanimoto >= 0.70.,DIB,O=P1(C(Nc2ccc(NC(c3c[nH]cn3)P3(=O)Oc4ccccc4-c4ccccc43)cc2)c2c[nH]cn2)Oc2ccccc2-c2ccccc21,0.8076923076923077,PBI,O=P1(C(Nc2nc3ccccc3s2)c2c[nH]cn2)Oc2ccccc2-c2ccccc21,0.5445544554455446,DOPO-DDM,O=P1(C(Nc2ccc(Cc3ccc(NC(c4ccc(O)cc4)P4(=O)Oc5ccccc5-c5ccccc54)cc3)cc2)c2ccc(O)cc2)Oc2ccccc2-c2ccccc21,0.4897959183673469,0.8076923076923077,True,0.9740593164019193,2.0420345344833946,-0.7174631163964896,True,True,True,True,0.6154246187911177,0.992393670100012,0.575875163519086,0.8534575068082825,0.13447021022079605,0.45241135952232814,0.666118348818012,0.4186347051108119,0.0,0.01899999999999995,0.6014231430513902,1.0,True,True,39
42,FORM_000567,CAND_R2_194,DSD-OH-allyl,designed,P-N-S,B,True,True,True,True,True,Candidate,,DSD-OH-allyl,,DDM,DOPO-based (additive),0,1,P-N-S,100.00%,0.00%,C=CCOc1ccccc1C(Nc1ccc(S(=O)(=O)c2ccc(NC(c3ccccc3O)P3(=O)Oc4ccccc4-c4ccccc43)cc2)cc1)P1(=O)Oc2ccccc2-c2ccccc21,,NC1=CC=C(CC2=CC=C(N)C=C2)C=C1,10.0,0.6668676125476348,0.3015695308631343,0.3451999052683703,0.0,0.0,0.4522179892813328,0.5176438303092916,0.0,0.0,1,1,1,0,0,1,0,0,0,0,0,160.0,3.2,,24.8,,3.2,,,3.0,35.0,,1184.0,,,87.2,,,159.0,,,17.0,,,62.6,,,97.55,,,,,Virtual screening scenario,,,,,,,,,,,,,,,,,,,,,,,,,,,,,,,,34.03305808764281,27.62664529513967,40.43947088014595,12.812825585006273,True,GBDT,compact,260,751.2468277033558,221.040571507016,1281.4530838996957,1060.4125123926797,True,GBDT,compact,330,63.73328025153899,33.20852716338616,94.25803333969182,61.04950617630567,True,GBDT,descriptors,30,0.6941874662969815,1,0.8491649117326348,ExtraTrees,morgan_r3,ALL,155.7955780029297,128.5991668701172,182.9919891357422,54.392822265625,True,XGB,morgan_r3,270,78.14262371479515,54.04370803144668,102.24153939814363,48.197831366696946,True,GBDT,compact,140,564,True,C=CCOc1ccccc1C(Nc1ccc(S(=O)(=O)c2ccc(NC(c3ccccc3O)P3(=O)Oc4ccccc4-c4ccccc43)cc2)cc1)P1(=O)Oc2ccccc2-c2ccccc21,O=P1(C(Nc2ccc(S(=O)(=O)c3ccc(NC(c4ccccc4)P4(=O)Oc5ccccc5-c5ccccc54)cc3)cc2)c2ccccc2)Oc2ccccc2-c2ccccc21,0.7526881720430108,True,In_domain,Maximum Tanimoto >= 0.70.,DSD,O=P1(C(Nc2ccc(S(=O)(=O)c3ccc(NC(c4ccccc4O)P4(=O)Oc5ccccc5-c5ccccc54)cc3)cc2)c2ccccc2O)Oc2ccccc2-c2ccccc21,0.7526881720430108,DOPO-DDS,O=P1(C(Nc2ccc(S(=O)(=O)c3ccc(NC(c4ccc(O)cc4)P4(=O)Oc5ccccc5-c5ccccc54)cc3)cc2)c2ccc(O)cc2)Oc2ccccc2-c2ccccc21,0.5377358490566038,TBO,O=P1(C(Nc2n[nH]c(NC(c3ccccc3O)P3(=O)Oc4ccccc4-c4ccccc43)n2)c2ccccc2O)Oc2ccccc2-c2ccccc21,0.49107142857142855,0.7526881720430108,True,0.9748608186221057,2.3601802742078912,-0.7117547603122836,True,True,True,True,0.396423643980962,0.9707387484279396,0.4199467176600564,0.9400417059516152,0.14938014333371885,1.0,0.6603681775374866,0.42417848336766456,0.0,0.0,0.5967414050323369,1.0,True,True,40
43,FORM_000531,CAND_R2_182,DSD-disiloxane,designed,P-N-Si-S,B,True,True,True,True,True,Candidate,,DSD-disiloxane,,DDM,DOPO-based (additive),0,1,P-N-Si-S,100.00%,0.00%,C[Si](C)(C)O[Si](C)(C)c1ccc(C(Nc2ccc(S(=O)(=O)c3ccc(NC(c4ccccc4O)P4(=O)Oc5ccccc5-c5ccccc54)cc3)cc2)P2(=O)Oc3ccccc3-c3ccccc32)c(O)c1,,NC1=CC=C(CC2=CC=C(N)C=C2)C=C1,10.0,0.598408250282792,0.2706109757122447,0.3097623387650656,0.0,0.5426129695048264,0.4522179892813328,0.5176438303092915,0.0,0.9067605088138436,1,1,1,0,1,1,0,0,0,0,0,160.0,3.2,,24.8,,3.2,,,3.0,35.0,,1184.0,,,87.2,,,159.0,,,17.0,,,62.6,,,97.55,,,,,Virtual screening scenario,,,,,,,,,,,,,,,,,,,,,,,,,,,,,,,,33.93439613710422,27.527983344601086,40.34080892960736,12.812825585006273,True,GBDT,compact,260,717.2170582396035,187.01080204326365,1247.4233144359432,1060.4125123926797,True,GBDT,compact,330,63.73328025153899,33.20852716338616,94.25803333969182,61.04950617630567,True,GBDT,descriptors,30,0.6924198226660078,1,0.8518984473807285,ExtraTrees,morgan_r3,ALL,155.58531188964844,128.38890075683594,182.78172302246094,54.392822265625,True,XGB,morgan_r3,270,74.86204126286493,50.76312557951646,98.9609569462134,48.197831366696946,True,GBDT,compact,140,528,True,C[Si](C)(C)O[Si](C)(C)c1ccc(C(Nc2ccc(S(=O)(=O)c3ccc(NC(c4ccccc4O)P4(=O)Oc5ccccc5-c5ccccc54)cc3)cc2)P2(=O)Oc3ccccc3-c3ccccc32)c(O)c1,O=P1(C(Nc2ccc(S(=O)(=O)c3ccc(NC(c4ccccc4)P4(=O)Oc5ccccc5-c5ccccc54)cc3)cc2)c2ccccc2)Oc2ccccc2-c2ccccc21,0.7526881720430108,True,In_domain,Maximum Tanimoto >= 0.70.,DSD,O=P1(C(Nc2ccc(S(=O)(=O)c3ccc(NC(c4ccccc4O)P4(=O)Oc5ccccc5-c5ccccc54)cc3)cc2)c2ccccc2O)Oc2ccccc2-c2ccccc21,0.7526881720430108,DOPO-DDS,O=P1(C(Nc2ccc(S(=O)(=O)c3ccc(NC(c4ccc(O)cc4)P4(=O)Oc5ccccc5-c5ccccc54)cc3)cc2)c2ccc(O)cc2)Oc2ccccc2-c2ccccc21,0.5377358490566038,TBO,O=P1(C(Nc2n[nH]c(NC(c3ccccc3O)P3(=O)Oc4ccccc4-c4ccccc43)n2)c2ccccc2O)Oc2ccccc2-c2ccccc21,0.49107142857142855,0.7526881720430108,True,0.9753164078967881,2.4217764141022817,-0.7839317710610221,True,True,True,True,0.38546816923633637,0.9582756084855526,0.4935805306726698,0.9400417059516152,0.14349930415759965,0.9059732835459697,0.6604204616395919,0.42732967353461326,0.0,0.0,0.5963210106093999,1.0,True,True,41
44,FORM_000219,CAND_R2_073,TDCA-DOPO-2-amino,designed,P-N,B,True,True,True,True,True,Candidate,,TDCA-DOPO-2-amino,,DDM,DOPO-based (Co-curing),2,1,P-N,100.00%,0.00%,Nc1ccc(P(=O)(OC(c2ccc(C(OP(=O)(c3ccccc3)c3ccccc3)P3(=O)Oc4ccccc4-c4ccccc43)cc2)P2(=O)Oc3ccccc3-c3ccccc32)c2ccccc2)cc1,,NC1=CC=C(CC2=CC=C(N)C=C2)C=C1,10.19,1.2858316553869966,0.1453690514383488,0.0,0.0,0.0,0.1130544973203332,0.0,0.0,0.0,1,1,0,0,0,1,0,0,0,0,0,170.0,3.0,,24.0,,3.0,,,3.0,35.0,,1208.0,,,88.0,,,164.3,,,16.5,,,58.7,,,101.3,,,,,Virtual screening scenario,,,,,,,,,,,,,,,,,,,,,,,,,,,,,,,,33.842003882695074,27.435591090191938,40.248416675198214,12.812825585006273,True,GBDT,compact,260,597.5198238337986,67.31356763745873,1127.7260800301383,1060.4125123926797,True,GBDT,compact,330,61.991162474198205,31.46640938604537,92.51591556235104,61.04950617630567,True,GBDT,descriptors,30,0.6938183031256285,1,0.8497378614940079,ExtraTrees,morgan_r3,ALL,156.9732666015625,129.77685546875,184.169677734375,54.392822265625,True,XGB,morgan_r3,270,62.61656821515228,38.517652531803805,86.71548389850075,48.197831366696946,True,GBDT,compact,140,216,True,Nc1ccc(P(=O)(OC(c2ccc(C(OP(=O)(c3ccccc3)c3ccccc3)P3(=O)Oc4ccccc4-c4ccccc43)cc2)P2(=O)Oc3ccccc3-c3ccccc32)c2ccccc2)cc1,O=P(OC(c1ccc(C(OP(=O)(c2ccccc2)c2ccccc2)P2(=O)Oc3ccccc3-c3ccccc32)cc1)P1(=O)Oc2ccccc2-c2ccccc21)(c1ccccc1)c1ccccc1,0.8591549295774648,True,In_domain,Maximum Tanimoto >= 0.70.,TDCA-DOPO-2,O=P(OC(c1ccc(C(OP(=O)(c2ccccc2)c2ccccc2)P2(=O)Oc3ccccc3-c3ccccc32)cc1)P1(=O)Oc2ccccc2-c2ccccc21)(c1ccccc1)c1ccccc1,0.8591549295774648,TDCA-DOPO-3,O=P(Oc1ccccc1)(Oc1ccccc1)OC(c1ccc(C(OP(=O)(Oc2ccccc2)Oc2ccccc2)P2(=O)Oc3ccccc3-c3ccccc32)cc1)P1(=O)Oc2ccccc2-c2ccccc21,0.5813953488372093,TDCA-DOPO-1,O=P1(C(OP(c2ccccc2)c2ccccc2)c2ccc(C(OP(c3ccccc3)c3ccccc3)P3(=O)Oc4ccccc4-c4ccccc43)cc2)Oc2ccccc2-c2ccccc21,0.5,0.8591549295774648,True,0.9749563102490013,1.6423126789466587,-1.4818067377233903,True,True,True,True,0.3752088848389272,0.9681358865243711,0.7525821023921663,1.0,0.18231839068147318,0.24203728336150057,0.6616209421553902,0.42483897362154277,0.0,0.01899999999999995,0.5959950961121588,1.0,True,True,42
45,FORM_000105,CAND_R2_016,APN-DOPO-nitrile-to-amide,designed,P-N,B,True,True,True,True,True,Candidate,,APN-DOPO-nitrile-to-amide,,DDM,DOPO-based (additive),0,1,P-N,100.00%,0.00%,N#Cc1ccc(Oc2cccc(NCP3(=O)Oc4ccccc4-c4ccccc43)c2)cc1C(N)=O,,NC1=CC=C(CC2=CC=C(N)C=C2)C=C1,10.0,0.6433508914773763,0.872804539638756,0.0,0.0,0.0,1.3566539678439982,0.0,0.0,0.0,1,1,0,0,0,1,0,0,0,0,0,160.0,3.2,,24.8,,3.2,,,3.0,35.0,,1184.0,,,87.2,,,159.0,,,17.0,,,62.6,,,97.55,,,,,Virtual screening scenario,,,,,,,,,,,,,,,,,,,,,,,,,,,,,,,,34.76918808217387,28.362775289670733,41.175600874677,12.812825585006273,True,GBDT,compact,260,803.5914763745977,273.3852201782579,1333.7977325709376,1060.4125123926797,True,GBDT,compact,330,61.97379211304846,31.449039024895626,92.4985452012013,61.04950617630567,True,GBDT,descriptors,30,0.6894708760096472,1,0.8564031485765476,ExtraTrees,morgan_r3,ALL,159.18533325195312,131.98892211914062,186.38174438476562,54.392822265625,True,XGB,morgan_r3,270,75.01924855255596,50.92033286920749,99.11816423590443,48.197831366696946,True,GBDT,compact,140,102,True,N#Cc1ccc(Oc2cccc(NCP3(=O)Oc4ccccc4-c4ccccc43)c2)cc1C(N)=O,O=P1(CNc2cccc(Oc3ccccc3)c2)Oc2ccccc2-c2ccccc21,0.7608695652173914,True,In_domain,Maximum Tanimoto >= 0.70.,APN-DOPO,N#Cc1ccc(Oc2cccc(NCP3(=O)Oc4ccccc4-c4ccccc43)c2)cc1C#N,0.7608695652173914,PBD,N#Cc1ccc(Oc2cccc(NC(c3ccc(C(Nc4cccc(Oc5ccc(C#N)c(C#N)c5)c4)P4(=O)Oc5ccccc5-c5ccccc54)cc3)P3(=O)Oc4ccccc4-c4ccccc43)c2)cc1C#N,0.42735042735042733,DOPO-BAPh,CC(C)(c1ccc(O)c(CN(CP2(=O)Oc3ccccc3-c3ccccc32)c2cccc(Oc3ccc(C#N)c(C#N)c3)c2)c1)c1ccc(O)c(CN(CP2(=O)Oc3ccccc3-c3ccccc32)c2cccc(Oc3ccc(C#N)c(C#N)c3)c2)c1,0.40601503759398494,0.7608695652173914,True,0.9760671914294247,-0.43971881647977223,4.488722600385227,True,True,True,True,0.47816390473824927,0.9374834452820392,0.30668306253671795,1.0,0.24418669658582717,0.9144968888579589,0.6603344410557799,0.4325226440829235,0.0,0.0,0.5954560444433413,1.0,True,True,43
46,FORM_000759,CAND_R2_260,TDCA-DOPO-3-amino,designed,P-N,B,True,True,True,True,True,Candidate,,TDCA-DOPO-3-amino,,DDM,DOPO-based (Co-curing),2,1,P-N,100.00%,0.00%,Nc1ccc(OP(=O)(Oc2ccccc2)OC(c2ccc(C(OP(=O)(Oc3ccccc3)Oc3ccccc3)P3(=O)Oc4ccccc4-c4ccccc43)cc2)P2(=O)Oc3ccccc3-c3ccccc32)cc1,,NC1=CC=C(CC2=CC=C(N)C=C2)C=C1,10.19,1.2071511525064271,0.1364738667362749,0.0,0.0,0.0,0.1130544973203331,0.0,0.0,0.0,1,1,0,0,0,1,0,0,0,0,0,170.0,3.0,,24.0,,3.0,,,3.0,35.0,,1208.0,,,88.0,,,164.3,,,16.5,,,58.7,,,101.3,,,,,Virtual screening scenario,,,,,,,,,,,,,,,,,,,,,,,,,,,,,,,,33.5591454919601,27.152732699456966,39.96555828446324,12.812825585006273,True,GBDT,compact,260,602.8267318606491,72.62047566430931,1133.0329880569889,1060.4125123926797,True,GBDT,compact,330,61.991162474198205,31.46640938604537,92.51591556235104,61.04950617630567,True,GBDT,descriptors,30,0.690117828567182,1,0.8554208450435985,ExtraTrees,morgan_r3,ALL,158.37355041503906,131.17713928222656,185.56996154785156,54.392822265625,True,XGB,morgan_r3,270,64.29701317350484,40.198097490156364,88.39592885685332,48.197831366696946,True,GBDT,compact,140,756,True,Nc1ccc(OP(=O)(Oc2ccccc2)OC(c2ccc(C(OP(=O)(Oc3ccccc3)Oc3ccccc3)P3(=O)Oc4ccccc4-c4ccccc43)cc2)P2(=O)Oc3ccccc3-c3ccccc32)cc1,O=P(Oc1ccccc1)(Oc1ccccc1)OC(c1ccc(C(OP(=O)(Oc2ccccc2)Oc2ccccc2)P2(=O)Oc3ccccc3-c3ccccc32)cc1)P1(=O)Oc2ccccc2-c2ccccc21,0.8666666666666667,True,In_domain,Maximum Tanimoto >= 0.70.,TDCA-DOPO-3,O=P(Oc1ccccc1)(Oc1ccccc1)OC(c1ccc(C(OP(=O)(Oc2ccccc2)Oc2ccccc2)P2(=O)Oc3ccccc3-c3ccccc32)cc1)P1(=O)Oc2ccccc2-c2ccccc21,0.8666666666666667,TDCA-DOPO-2,O=P(OC(c1ccc(C(OP(=O)(c2ccccc2)c2ccccc2)P2(=O)Oc3ccccc3-c3ccccc32)cc1)P1(=O)Oc2ccccc2-c2ccccc21)(c1ccccc1)c1ccccc1,0.5813953488372093,TDCA-DOPO-1,O=P1(C(OP(c2ccccc2)c2ccccc2)c2ccc(C(OP(c3ccccc3)c3ccccc3)P3(=O)Oc4ccccc4-c4ccccc43)cc2)Oc2ccccc2-c2ccccc21,0.4782608695652174,0.8666666666666667,True,0.9759034741739331,1.8742602178770866,-1.0956728066651815,True,True,True,True,0.34380014074775345,0.942044919167021,0.7410989839496365,1.0,0.22148230435007124,0.3331491497493131,0.6608519541828206,0.4313902552530406,0.0,0.01899999999999995,0.5942434158948645,1.0,True,True,44
47,FORM_000924,CAND_R2_325,BDO-disiloxane,designed,P-N-Si-S,B,True,True,True,True,True,Candidate,,BDO-disiloxane,,DDM,DOPO-based (additive),0,1,P-N-Si-S,100.00%,0.00%,C[Si](C)(C)O[Si](C)(C)c1ccc(C(CP2(=O)Oc3ccccc3-c3ccccc32)Nc2n[nH]c(NC(c3cccs3)P3(=O)Oc4ccccc4-c4ccccc43)n2)s1,,NC1=CC=C(CC2=CC=C(N)C=C2)C=C1,10.0,0.7038825574657136,0.7957708870683678,0.7287209262689042,0.0,0.6382529059528003,1.130544973203332,1.0352876606185832,0.0,0.906760508813844,1,1,1,0,1,1,0,0,0,0,0,160.0,3.2,,24.8,,3.2,,,3.0,35.0,,1184.0,,,87.2,,,159.0,,,17.0,,,62.6,,,97.55,,,,,Virtual screening scenario,,,,,,,,,,,,,,,,,,,,,,,,,,,,,,,,35.18950254426919,28.783089751766052,41.59591533677232,12.812825585006273,True,GBDT,compact,260,777.1909816927721,246.98472549643225,1307.397237889112,1060.4125123926797,True,GBDT,compact,330,63.667071678176974,33.14231859002414,94.1918247663298,61.04950617630567,True,GBDT,descriptors,30,0.6906351743933269,1,0.8546329211361033,ExtraTrees,morgan_r3,ALL,151.56639099121094,124.36997985839844,178.76280212402344,54.392822265625,True,XGB,morgan_r3,270,77.70546022900884,53.60654454566036,101.8043759123573,48.197831366696946,True,GBDT,compact,140,921,True,C[Si](C)(C)O[Si](C)(C)c1ccc(C(CP2(=O)Oc3ccccc3-c3ccccc32)Nc2n[nH]c(NC(c3cccs3)P3(=O)Oc4ccccc4-c4ccccc43)n2)s1,O=P1(CC(Nc2n[nH]c(NC(c3cccs3)P3(=O)Oc4ccccc4-c4ccccc43)n2)c2cccs2)Oc2ccccc2-c2ccccc21,0.7678571428571429,True,In_domain,Maximum Tanimoto >= 0.70.,BDO,O=P1(CC(Nc2n[nH]c(NC(c3cccs3)P3(=O)Oc4ccccc4-c4ccccc43)n2)c2cccs2)Oc2ccccc2-c2ccccc21,0.7678571428571429,SAD,O=P1(C(Nc2nc[nH]n2)c2cccs2)Oc2ccccc2-c2ccccc21,0.48333333333333334,FGD,O=P1(C(Nc2n[nH]c(NC(c3ccco3)P3(=O)Oc4ccccc4-c4ccccc43)n2)c2ccco2)Oc2ccccc2-c2ccccc21,0.45161290322580644,0.7678571428571429,True,0.9757721535226839,0.2136324081573354,-1.0141068511013953,True,True,True,True,0.5248358431010063,0.9456925737716443,0.36380860642007307,0.9427983573435682,0.031095897367833688,1.0,0.6585366658640417,0.4304819451414333,0.0,0.0,0.5939643740928267,1.0,True,True,45
48,FORM_000006,CAND_001,APN-DOPO-monoamide,designed,P-N,B,True,True,True,True,True,Candidate,,APN-DOPO-monoamide,,DDM,DOPO-based (additive),0,1,P-N,100.00%,0.00%,N#Cc1cc(Oc2cccc(NCP3(=O)Oc4ccccc4-c4ccccc43)c2)ccc1C(N)=O,,NC1=CC=C(CC2=CC=C(N)C=C2)C=C1,10.0,0.6433508914773765,0.8728045396387563,0.0,0.0,0.0,1.3566539678439982,0.0,0.0,0.0,1,1,0,0,0,1,0,0,0,0,0,160.0,3.2,,24.8,,3.2,,,3.0,35.0,,1184.0,,,87.2,,,159.0,,,17.0,,,62.6,,,97.55,,,,,Virtual screening scenario,,,,,,,,,,,,,,,,,,,,,,,,,,,,,,,,34.826514944558966,28.42010215205583,41.2329277370621,12.812825585006273,True,GBDT,compact,260,805.9928548078417,275.78659861150186,1336.1991110041815,1060.4125123926797,True,GBDT,compact,330,61.97379211304846,31.449039024895626,92.4985452012013,61.04950617630567,True,GBDT,descriptors,30,0.6878092448502375,1,0.8589107501951341,ExtraTrees,morgan_r3,ALL,159.5819854736328,132.3855743408203,186.7783966064453,54.392822265625,True,XGB,morgan_r3,270,74.91962521732088,50.82070953397241,99.01854090066936,48.197831366696946,True,GBDT,compact,140,3,True,N#Cc1cc(Oc2cccc(NCP3(=O)Oc4ccccc4-c4ccccc43)c2)ccc1C(N)=O,O=P1(CNc2cccc(Oc3ccccc3)c2)Oc2ccccc2-c2ccccc21,0.7608695652173914,True,In_domain,Maximum Tanimoto >= 0.70.,APN-DOPO,N#Cc1ccc(Oc2cccc(NCP3(=O)Oc4ccccc4-c4ccccc43)c2)cc1C#N,0.7608695652173914,PBD,N#Cc1ccc(Oc2cccc(NC(c3ccc(C(Nc4cccc(Oc5ccc(C#N)c(C#N)c5)c4)P4(=O)Oc5ccccc5-c5ccccc54)cc3)P3(=O)Oc4ccccc4-c4ccccc43)c2)cc1C#N,0.42735042735042733,DOPO-BAPh,CC(C)(c1ccc(O)c(CN(CP2(=O)Oc3ccccc3-c3ccccc32)c2cccc(Oc3ccc(C#N)c(C#N)c3)c2)c1)c1ccc(O)c(CN(CP2(=O)Oc3ccccc3-c3ccccc32)c2cccc(Oc3ccc(C#N)c(C#N)c3)c2)c1,0.40601503759398494,0.7608695652173914,True,0.9764851250325224,-0.4470658032178694,4.517903064485433,True,True,True,True,0.48452950961044305,0.9257677683721263,0.301486945921401,1.0,0.2552804857282958,0.9090954218453496,0.6587944355381585,0.43541337995776924,0.0,0.0,0.5934824285444932,1.0,True,True,46
49,FORM_000900,CAND_R2_317,BDO-amino,designed,P-N-S,B,True,True,True,True,True,Candidate,,BDO-amino,,DDM,DOPO-based (Co-curing),2,1,P-N-S,100.00%,0.00%,Nc1ccc(C(CP2(=O)Oc3ccccc3-c3ccccc32)Nc2n[nH]c(NC(c3cccs3)P3(=O)Oc4ccccc4-c4ccccc43)n2)s1,,NC1=CC=C(CC2=CC=C(N)C=C2)C=C1,10.19,0.8430528054788737,1.1437309336549288,0.8728021667621568,0.0,0.0,1.3566539678439986,1.0352876606185837,0.0,0.0,1,1,1,0,0,1,0,0,0,0,0,170.0,3.0,,24.0,,3.0,,,3.0,35.0,,1208.0,,,88.0,,,164.3,,,16.5,,,58.7,,,101.3,,,,,Virtual screening scenario,,,,,,,,,,,,,,,,,,,,,,,,,,,,,,,,35.78913563979566,29.382722847292523,42.19554843229879,12.812825585006273,True,GBDT,compact,260,742.7628599162936,212.55660371995373,1272.9691161126334,1060.4125123926797,True,GBDT,compact,330,65.91579589558648,35.39104280743365,96.44054898373932,61.04950617630567,True,GBDT,descriptors,30,0.695018328718563,1,0.8478714058552741,ExtraTrees,morgan_r3,ALL,155.53114318847656,128.33473205566406,182.72755432128906,54.392822265625,True,XGB,morgan_r3,270,71.38958895766925,47.290673274320774,95.48850464101773,48.197831366696946,True,GBDT,compact,140,897,True,Nc1ccc(C(CP2(=O)Oc3ccccc3-c3ccccc32)Nc2n[nH]c(NC(c3cccs3)P3(=O)Oc4ccccc4-c4ccccc43)n2)s1,O=P1(CC(Nc2n[nH]c(NC(c3cccs3)P3(=O)Oc4ccccc4-c4ccccc43)n2)c2cccs2)Oc2ccccc2-c2ccccc21,0.8431372549019608,True,In_domain,Maximum Tanimoto >= 0.70.,BDO,O=P1(CC(Nc2n[nH]c(NC(c3cccs3)P3(=O)Oc4ccccc4-c4ccccc43)n2)c2cccs2)Oc2ccccc2-c2ccccc21,0.8431372549019608,SAD,O=P1(C(Nc2nc[nH]n2)c2cccs2)Oc2ccccc2-c2ccccc21,0.5135135135135135,FGD,O=P1(C(Nc2n[nH]c(NC(c3ccco3)P3(=O)Oc4ccccc4-c4ccccc43)n2)c2ccco2)Oc2ccccc2-c2ccccc21,0.4782608695652174,0.8431372549019608,True,0.9746452343092123,0.31410447025065125,-0.8706947359960026,True,True,True,True,0.5914194165882632,0.9765969171513131,0.4383043764829586,0.8491707736446226,0.1419842839054064,0.7177007614996607,0.6570668013139382,0.42268734385958034,0.0,0.01899999999999995,0.5917636997350012,1.0,True,True,47
51,FORM_000585,CAND_R2_202,DOPO-PPO-amino,designed,P-N,B,True,True,True,True,True,Candidate,,DOPO-PPO-amino,,DDM,DOPO-based (Co-curing),2,1,P-N,100.00%,0.00%,Nc1ccc(P(=O)(Oc2ccc(C(O)P3(=O)Oc4ccccc4-c4ccccc43)cc2)Oc2ccc(C(O)P3(=O)Oc4ccccc4-c4ccccc43)cc2)cc1,,NC1=CC=C(CC2=CC=C(N)C=C2)C=C1,10.19,1.1637005147011823,0.1754154356279403,0.0,0.0,0.0,0.1507393297604443,0.0,0.0,0.0,1,1,0,0,0,1,0,0,0,0,0,170.0,3.0,,24.0,,3.0,,,3.0,35.0,,1208.0,,,88.0,,,164.3,,,16.5,,,58.7,,,101.3,,,,,Virtual screening scenario,,,,,,,,,,,,,,,,,,,,,,,,,,,,,,,,34.43292258619911,28.026509793695976,40.839335378702245,12.812825585006273,True,GBDT,compact,260,571.7324481453555,41.5261919490157,1101.9387043416955,1060.4125123926797,True,GBDT,compact,330,60.668592407332,30.143839319179165,91.19334549548483,61.04950617630567,True,GBDT,descriptors,30,0.6714754936794628,1,0.882384620269538,ExtraTrees,morgan_r3,ALL,156.49522399902344,129.29881286621094,183.69163513183594,54.392822265625,True,XGB,morgan_r3,270,64.1547046418314,40.05578895848293,88.25362032517987,48.197831366696946,True,GBDT,compact,140,582,True,Nc1ccc(P(=O)(Oc2ccc(C(O)P3(=O)Oc4ccccc4-c4ccccc43)cc2)Oc2ccc(C(O)P3(=O)Oc4ccccc4-c4ccccc43)cc2)cc1,O=P1(Cc2ccc(OP(=O)(Oc3ccc(CP4(=O)Oc5ccccc5-c5ccccc54)cc3)c3ccccc3)cc2)Oc2ccccc2-c2ccccc21,0.7974683544303798,True,In_domain,Maximum Tanimoto >= 0.70.,DOPO-PPO,O=P(Oc1ccc(C(O)P2(=O)Oc3ccccc3-c3ccccc32)cc1)(Oc1ccc(C(O)P2(=O)Oc3ccccc3-c3ccccc32)cc1)c1ccccc1,0.7974683544303798,Trif-DOPO,O=P1(C(O)c2ccc(Oc3nc(Oc4ccc(C(O)P5(=O)Oc6ccccc6-c6ccccc65)cc4)nc(Oc4ccc(C(O)P5(=O)Oc6ccccc6-c6ccccc65)cc4)n3)cc2)Oc2ccccc2-c2ccccc21,0.5813953488372093,DOPO-PHBA,O=P1(C(O)c2ccc(O)cc2)Oc2ccccc2-c2ccccc21,0.575,0.7974683544303798,True,0.9803974367115896,1.6543487066183848,-1.5720562339315833,True,True,True,True,0.4408248076645525,0.8106032504464414,0.8083809758330047,1.0,0.16894823026430061,0.3254333386129655,0.6613999636765263,0.4624738020928441,0.0,0.01899999999999995,0.5901288933625997,1.0,True,True,48
52,FORM_000765,CAND_R2_262,TDCA-DOPO-3-hydroxymethyl,designed,P-only,B,True,True,True,True,True,Candidate,,TDCA-DOPO-3-hydroxymethyl,,DDM,DOPO-based (additive),0,0,P-only,100.00%,0.00%,O=P(Oc1ccccc1)(Oc1ccccc1)OC(c1ccc(C(OP(=O)(Oc2ccccc2)Oc2ccc(CO)cc2)P2(=O)Oc3ccccc3-c3ccccc32)cc1)P1(=O)Oc2ccccc2-c2ccccc21,,NC1=CC=C(CC2=CC=C(N)C=C2)C=C1,10.0,1.1678804594754078,0.0,0.0,0.0,0.0,0.0,0.0,0.0,0.0,1,0,0,0,0,1,0,0,0,0,0,160.0,3.2,,24.8,,3.2,,,3.0,35.0,,1184.0,,,87.2,,,159.0,,,17.0,,,62.6,,,97.55,,,,,Virtual screening scenario,,,,,,,,,,,,,,,,,,,,,,,,,,,,,,,,32.551398861914805,26.14498606941167,38.95781165441794,12.812825585006273,True,GBDT,compact,260,562.5804592187017,32.374203022361826,1092.7867154150415,1060.4125123926797,True,GBDT,compact,330,56.96368581327983,26.438932725126996,87.48843890143266,61.04950617630567,True,GBDT,descriptors,30,0.6793987616033957,1,0.8712643373406719,ExtraTrees,morgan_r3,ALL,153.4857635498047,126.28935241699219,180.6821746826172,54.392822265625,True,XGB,morgan_r3,270,69.60987186821374,45.51095618486527,93.70878755156221,48.197831366696946,True,GBDT,compact,140,762,True,O=P(Oc1ccccc1)(Oc1ccccc1)OC(c1ccc(C(OP(=O)(Oc2ccccc2)Oc2ccc(CO)cc2)P2(=O)Oc3ccccc3-c3ccccc32)cc1)P1(=O)Oc2ccccc2-c2ccccc21,O=P(Oc1ccccc1)(Oc1ccccc1)OC(c1ccc(C(OP(=O)(Oc2ccccc2)Oc2ccccc2)P2(=O)Oc3ccccc3-c3ccccc32)cc1)P1(=O)Oc2ccccc2-c2ccccc21,0.8333333333333334,True,In_domain,Maximum Tanimoto >= 0.70.,TDCA-DOPO-3,O=P(Oc1ccccc1)(Oc1ccccc1)OC(c1ccc(C(OP(=O)(Oc2ccccc2)Oc2ccccc2)P2(=O)Oc3ccccc3-c3ccccc32)cc1)P1(=O)Oc2ccccc2-c2ccccc21,0.8333333333333334,TDCA-DOPO-2,O=P(OC(c1ccc(C(OP(=O)(c2ccccc2)c2ccccc2)P2(=O)Oc3ccccc3-c3ccccc32)cc1)P1(=O)Oc2ccccc2-c2ccccc21)(c1ccccc1)c1ccccc1,0.5617977528089888,TDCA-DOPO-1,O=P1(C(OP(c2ccccc2)c2ccccc2)c2ccc(C(OP(c3ccccc3)c3ccccc3)P3(=O)Oc4ccccc4-c4ccccc43)cc2)Oc2ccccc2-c2ccccc21,0.4631578947368421,0.8333333333333334,True,0.9785440562234453,1.6916658143602037,-1.0513753166827908,True,True,True,True,0.2318994262962868,0.8664679028043418,0.8281841026815882,1.0,0.08477797271512541,0.6212064699987091,0.6559087306278268,0.44965446086948485,0.0,0.0,0.5884605614974041,1.0,True,True,49
53,FORM_000018,CAND_006,DOPT-hydroxymethyl,designed,P-N-S,B,True,True,True,True,True,Candidate,,DOPT-hydroxymethyl,,DDM,DOPO-based (additive),0,1,P-N-S,100.00%,0.00%,O=P1(NS(=O)(=O)c2ccc(CO)cc2)Oc2ccccc2-c2ccccc21,,NC1=CC=C(CC2=CC=C(N)C=C2)C=C1,10.0,0.7716876775125815,0.3489710498779211,0.7989187303801881,0.0,0.0,0.4522179892813327,1.0352876606185832,0.0,0.0,1,1,1,0,0,1,0,0,0,0,0,160.0,3.2,,24.8,,3.2,,,3.0,35.0,,1184.0,,,87.2,,,159.0,,,17.0,,,62.6,,,97.55,,,,,Virtual screening scenario,,,,,,,,,,,,,,,,,,,,,,,,,,,,,,,,34.83726902533955,28.430856232836415,41.243681817842685,12.812825585006273,True,GBDT,compact,260,622.6948690856115,92.48861288927162,1152.9011252819514,1060.4125123926797,True,GBDT,compact,330,65.9825461382468,35.45779305009397,96.50729922639964,61.04950617630567,True,GBDT,descriptors,30,0.6649859145043687,1,0.8911185920606285,ExtraTrees,morgan_r3,ALL,141.45034790039062,114.25393676757812,168.64675903320312,54.392822265625,True,XGB,morgan_r3,270,76.6991851346421,52.60026945129362,100.79810081799056,48.197831366696946,True,GBDT,compact,140,15,True,O=P1(NS(=O)(=O)c2ccc(CO)cc2)Oc2ccccc2-c2ccccc21,O=P1(NS(=O)(=O)c2ccccc2)Oc2ccccc2-c2ccccc21,0.7164179104477612,True,In_domain,Maximum Tanimoto >= 0.70.,DOPT,Cc1ccc(S(=O)(=O)NP2(=O)Oc3ccccc3-c3ccccc32)cc1,0.7164179104477612,DAP,O=P1(Nc2ncccn2)Oc2ccccc2-c2ccccc21,0.4473684210526316,DOPO-DA,O=P1(NCCc2ccc(O)c(O)c2)Oc2ccccc2-c2ccccc21,0.43529411764705883,0.7164179104477612,True,0.9818530986767714,-0.523804357779343,0.1569847654506002,True,True,True,True,0.4857236483817752,0.7648471195107928,0.6981081931101589,0.8463915693815033,0.0,1.0,0.6590141060768461,0.4725422297885591,0.0,0.0,0.5881327716085623,1.0,True,True,50
60,FORM_000063,CAND_R2_002,APN-DOPO-hydroxy,designed,P-N,B,True,True,True,True,True,Candidate,,APN-DOPO-hydroxy,,DDM,DOPO-based (additive),0,1,P-N,100.00%,0.00%,N#Cc1cc(Oc2cccc(NCP3(=O)Oc4ccccc4-c4ccccc43)c2)cc(O)c1C#N,,NC1=CC=C(CC2=CC=C(N)C=C2)C=C1,10.0,0.6460561664636485,0.8764746616829914,0.0,0.0,0.0,1.3566539678439982,0.0,0.0,0.0,1,1,0,0,0,1,0,0,0,0,0,160.0,3.2,,24.8,,3.2,,,3.0,35.0,,1184.0,,,87.2,,,159.0,,,17.0,,,62.6,,,97.55,,,,,Virtual screening scenario,,,,,,,,,,,,,,,,,,,,,,,,,,,,,,,,35.08523374540976,28.678820952906623,41.4916465379129,12.812825585006273,True,GBDT,compact,260,812.2799223484426,282.07366615210276,1342.4861785447824,1060.4125123926797,True,GBDT,compact,330,61.97379211304846,31.449039024895626,92.4985452012013,61.04950617630567,True,GBDT,descriptors,30,0.687099539031863,1,0.8599750499762574,ExtraTrees,morgan_r3,ALL,158.89756774902344,131.70115661621094,186.09397888183594,54.392822265625,True,XGB,morgan_r3,270,72.6985775402954,48.59966185694693,96.79749322364387,48.197831366696946,True,GBDT,compact,140,60,True,N#Cc1cc(Oc2cccc(NCP3(=O)Oc4ccccc4-c4ccccc43)c2)cc(O)c1C#N,O=P1(CNc2cccc(Oc3ccccc3)c2)Oc2ccccc2-c2ccccc21,0.7052631578947368,True,In_domain,Maximum Tanimoto >= 0.70.,APN-DOPO,N#Cc1ccc(Oc2cccc(NCP3(=O)Oc4ccccc4-c4ccccc43)c2)cc1C#N,0.7052631578947368,PBD,N#Cc1ccc(Oc2cccc(NC(c3ccc(C(Nc4cccc(Oc5ccc(C#N)c(C#N)c5)c4)P4(=O)Oc5ccccc5-c5ccccc54)cc3)P3(=O)Oc4ccccc4-c4ccccc43)c2)cc1C#N,0.40336134453781514,DOPO-BAPh,CC(C)(c1ccc(O)c(CN(CP2(=O)Oc3ccccc3-c3ccccc32)c2cccc(Oc3ccc(C#N)c(C#N)c3)c2)c1)c1ccc(O)c(CN(CP2(=O)Oc3ccccc3-c3ccccc32)c2cccc(Oc3ccc(C#N)c(C#N)c3)c2)c1,0.3851851851851852,0.7052631578947368,True,0.9766625083293762,-0.3326275746199959,4.56029879417079,True,True,True,True,0.5132577809775517,0.920763839538657,0.2878829526244323,1.0,0.23613831153340106,0.7886726741770794,0.6468620131991762,0.43664029317080894,0.0,0.0,0.5813659692235549,1.0,True,True,51
63,FORM_000387,CAND_R2_134,DIB-disiloxane,designed,P-N-Si,B,True,True,True,True,True,Candidate,,DIB-disiloxane,,DDM,DOPO-based (additive),0,1,P-N-Si,100.00%,0.00%,C[Si](C)(C)O[Si](C)(C)c1nc(C(Nc2ccc(NC(c3c[nH]cn3)P3(=O)Oc4ccccc4-c4ccccc43)cc2)P2(=O)Oc3ccccc3-c3ccccc32)c[nH]1,,NC1=CC=C(CC2=CC=C(N)C=C2)C=C1,10.0,0.7348674111665491,0.9969607891983456,0.0,0.0,0.6663487476600922,1.3566539678439984,0.0,0.0,0.9067605088138438,1,1,0,0,1,1,0,0,0,0,0,160.0,3.2,,24.8,,3.2,,,3.0,35.0,,1184.0,,,87.2,,,159.0,,,17.0,,,62.6,,,97.55,,,,,Virtual screening scenario,,,,,,,,,,,,,,,,,,,,,,,,,,,,,,,,35.31808914267819,28.911676350175053,41.72450193518132,12.812825585006273,True,GBDT,compact,260,769.8348278732283,239.62857167688844,1300.0410840695681,1060.4125123926797,True,GBDT,compact,330,63.667071678176974,33.14231859002414,94.1918247663298,61.04950617630567,True,GBDT,descriptors,30,0.6703531615069261,1,0.8839192014583805,ExtraTrees,morgan_r3,ALL,158.3042449951172,131.1078338623047,185.5006561279297,54.392822265625,True,XGB,morgan_r3,270,75.3802105815335,51.28129489818503,99.47912626488198,48.197831366696946,True,GBDT,compact,140,384,True,C[Si](C)(C)O[Si](C)(C)c1nc(C(Nc2ccc(NC(c3c[nH]cn3)P3(=O)Oc4ccccc4-c4ccccc43)cc2)P2(=O)Oc3ccccc3-c3ccccc32)c[nH]1,O=P1(C(Nc2ccc(NC(c3c[nH]cn3)P3(=O)Oc4ccccc4-c4ccccc43)cc2)c2c[nH]cn2)Oc2ccccc2-c2ccccc21,0.7325581395348837,True,In_domain,Maximum Tanimoto >= 0.70.,DIB,O=P1(C(Nc2ccc(NC(c3c[nH]cn3)P3(=O)Oc4ccccc4-c4ccccc43)cc2)c2c[nH]cn2)Oc2ccccc2-c2ccccc21,0.7325581395348837,PBI,O=P1(C(Nc2nc3ccccc3s2)c2c[nH]cn2)Oc2ccccc2-c2ccccc21,0.5185185185185185,PBO,O=P1(C(Nc2ccc(NC(c3c[nH]c4ccccc34)P3(=O)Oc4ccccc4-c4ccccc43)cc2)c2c[nH]c3ccccc23)Oc2ccccc2-c2ccccc21,0.4444444444444444,0.7325581395348837,True,0.9806532002430633,1.9985545232690332,-0.7743044705550649,True,True,True,True,0.5391141664432577,0.8026900134777079,0.379725894823019,0.9427983573435682,0.21954393195980032,0.9340678506986354,0.6482268646833542,0.4642428505982248,0.0,0.0,0.5785904370936205,1.0,True,True,52
64,FORM_000188,CAND_R2_061,PBD-nitrile-to-acid,designed,P-N,B,True,True,True,True,True,Candidate,,PBD-nitrile-to-acid,,DDM,DOPO-based (additive),0,1,P-N,100.00%,0.00%,N#Cc1ccc(Oc2cccc(NC(c3ccc(C(Nc4cccc(Oc5ccc(C(=O)O)c(C#N)c5)c4)P4(=O)Oc5ccccc5-c5ccccc54)cc3)P3(=O)Oc4ccccc4-c4ccccc43)c2)cc1C#N,,NC1=CC=C(CC2=CC=C(N)C=C2)C=C1,7.0,0.4251554247426581,0.4806573282729396,0.0,0.0,0.0,1.1305449732033317,0.0,0.0,0.0,1,1,0,0,0,1,0,0,0,0,0,160.0,3.2,,24.8,,3.2,,,3.0,35.0,,1184.0,,,87.2,,,159.0,,,17.0,,,62.6,,,97.55,,,,,Virtual screening scenario,,,,,,,,,,,,,,,,,,,,,,,,,,,,,,,,34.03192382125938,27.625511028756247,40.438336613762516,12.812825585006273,True,GBDT,compact,260,764.5980792530426,234.39182305670272,1294.8043354493825,1060.4125123926797,True,GBDT,compact,330,64.71159549775518,34.18684240960235,95.23634858590802,61.04950617630567,True,GBDT,descriptors,30,0.6981686760004074,1,0.8429167034089822,ExtraTrees,morgan_r3,ALL,159.59701538085938,132.40060424804688,186.79342651367188,54.392822265625,True,XGB,morgan_r3,270,72.61793039963143,48.51901471628296,96.71684608297991,48.197831366696946,True,GBDT,compact,140,186,True,N#Cc1ccc(Oc2cccc(NC(c3ccc(C(Nc4cccc(Oc5ccc(C(=O)O)c(C#N)c5)c4)P4(=O)Oc5ccccc5-c5ccccc54)cc3)P3(=O)Oc4ccccc4-c4ccccc43)c2)cc1C#N,O=P1(C(Nc2cccc(Oc3ccccc3)c2)c2ccc(C(Nc3cccc(Oc4ccccc4)c3)P3(=O)Oc4ccccc4-c4ccccc43)cc2)Oc2ccccc2-c2ccccc21,0.8645833333333334,True,In_domain,Maximum Tanimoto >= 0.70.,PBD,N#Cc1ccc(Oc2cccc(NC(c3ccc(C(Nc4cccc(Oc5ccc(C#N)c(C#N)c5)c4)P4(=O)Oc5ccccc5-c5ccccc54)cc3)P3(=O)Oc4ccccc4-c4ccccc43)c2)cc1C#N,0.8645833333333334,APN-DOPO,N#Cc1ccc(Oc2cccc(NCP3(=O)Oc4ccccc4-c4ccccc43)c2)cc1C#N,0.5,DOPO-DDE,O=P1(C(Nc2ccc(Oc3ccc(NC(c4ccc(O)cc4)P4(=O)Oc5ccccc5-c5ccccc54)cc3)cc2)c2ccc(O)cc2)Oc2ccccc2-c2ccccc21,0.4864864864864865,0.8645833333333334,True,0.9738194505681638,2.9530891380615945,4.066855371480648,True,True,True,True,0.3962976944467247,0.9988090974532434,0.391057201933505,0.8993087019265243,0.25570085050249597,0.7843000754387438,0.6410946317461235,0.41697561676364886,0.0,0.0,0.5785482892315761,1.0,True,True,53
66,FORM_000222,CAND_R2_074,TDCA-DOPO-2-hydroxy,designed,P-only,B,True,True,True,True,True,Candidate,,TDCA-DOPO-2-hydroxy,,DDM,DOPO-based (additive),0,0,P-only,100.00%,0.00%,O=P(OC(c1ccc(C(OP(=O)(c2ccccc2)c2ccc(O)cc2)P2(=O)Oc3ccccc3-c3ccccc32)cc1)P1(=O)Oc2ccccc2-c2ccccc21)(c1ccccc1)c1ccccc1,,NC1=CC=C(CC2=CC=C(N)C=C2)C=C1,10.0,1.2605930371098422,0.0,0.0,0.0,0.0,0.0,0.0,0.0,0.0,1,0,0,0,0,1,0,0,0,0,0,160.0,3.2,,24.8,,3.2,,,3.0,35.0,,1184.0,,,87.2,,,159.0,,,17.0,,,62.6,,,97.55,,,,,Virtual screening scenario,,,,,,,,,,,,,,,,,,,,,,,,,,,,,,,,32.70792285921353,26.301510066710396,39.11433565171667,12.812825585006273,True,GBDT,compact,260,604.928761212094,74.72250501575411,1135.1350174084337,1060.4125123926797,True,GBDT,compact,330,56.96368581327983,26.438932725126996,87.48843890143266,61.04950617630567,True,GBDT,descriptors,30,0.6868063103243862,1,0.8604136096919565,ExtraTrees,morgan_r3,ALL,152.0774383544922,124.88102722167969,179.2738494873047,54.392822265625,True,XGB,morgan_r3,270,68.6695373076414,44.57062162429293,92.76845299098989,48.197831366696946,True,GBDT,compact,140,219,True,O=P(OC(c1ccc(C(OP(=O)(c2ccccc2)c2ccc(O)cc2)P2(=O)Oc3ccccc3-c3ccccc32)cc1)P1(=O)Oc2ccccc2-c2ccccc21)(c1ccccc1)c1ccccc1,O=P(OC(c1ccc(C(OP(=O)(c2ccccc2)c2ccccc2)P2(=O)Oc3ccccc3-c3ccccc32)cc1)P1(=O)Oc2ccccc2-c2ccccc21)(c1ccccc1)c1ccccc1,0.8591549295774648,True,In_domain,Maximum Tanimoto >= 0.70.,TDCA-DOPO-2,O=P(OC(c1ccc(C(OP(=O)(c2ccccc2)c2ccccc2)P2(=O)Oc3ccccc3-c3ccccc32)cc1)P1(=O)Oc2ccccc2-c2ccccc21)(c1ccccc1)c1ccccc1,0.8591549295774648,TDCA-DOPO-3,O=P(Oc1ccccc1)(Oc1ccccc1)OC(c1ccc(C(OP(=O)(Oc2ccccc2)Oc2ccccc2)P2(=O)Oc3ccccc3-c3ccccc32)cc1)P1(=O)Oc2ccccc2-c2ccccc21,0.5813953488372093,DOPO-PHE,O=P1(C(c2ccc(O)cc2)c2ccc(O)cc2)Oc2ccccc2-c2ccccc21,0.5,0.8591549295774648,True,0.9767356016153261,1.719968435096399,-1.5316423331355886,True,True,True,True,0.24927993306686239,0.9186963694036299,0.7365506006179134,1.0,0.04538915322317358,0.5702225705160968,0.6424665529916082,0.4371458600415738,0.0,0.0,0.5768946739853721,1.0,True,True,54
67,FORM_000762,CAND_R2_261,TDCA-DOPO-3-hydroxy,designed,P-only,B,True,True,True,True,True,Candidate,,TDCA-DOPO-3-hydroxy,,DDM,DOPO-based (additive),0,0,P-only,100.00%,0.00%,O=P(Oc1ccccc1)(Oc1ccccc1)OC(c1ccc(C(OP(=O)(Oc2ccccc2)Oc2ccc(O)cc2)P2(=O)Oc3ccccc3-c3ccccc32)cc1)P1(=O)Oc2ccccc2-c2ccccc21,,NC1=CC=C(CC2=CC=C(N)C=C2)C=C1,10.0,1.183529400526348,0.0,0.0,0.0,0.0,0.0,0.0,0.0,0.0,1,0,0,0,0,1,0,0,0,0,0,160.0,3.2,,24.8,,3.2,,,3.0,35.0,,1184.0,,,87.2,,,159.0,,,17.0,,,62.6,,,97.55,,,,,Virtual screening scenario,,,,,,,,,,,,,,,,,,,,,,,,,,,,,,,,32.425064468478546,26.01865167597541,38.831477260981686,12.812825585006273,True,GBDT,compact,260,586.088567205797,55.88231100945711,1116.294823402137,1060.4125123926797,True,GBDT,compact,330,56.96368581327983,26.438932725126996,87.48843890143266,61.04950617630567,True,GBDT,descriptors,30,0.6797620720547712,1,0.8707423898023009,ExtraTrees,morgan_r3,ALL,153.49839782714844,126.30198669433594,180.69480895996094,54.392822265625,True,XGB,morgan_r3,270,69.60987186821374,45.51095618486527,93.70878755156221,48.197831366696946,True,GBDT,compact,140,759,True,O=P(Oc1ccccc1)(Oc1ccccc1)OC(c1ccc(C(OP(=O)(Oc2ccccc2)Oc2ccc(O)cc2)P2(=O)Oc3ccccc3-c3ccccc32)cc1)P1(=O)Oc2ccccc2-c2ccccc21,O=P(Oc1ccccc1)(Oc1ccccc1)OC(c1ccc(C(OP(=O)(Oc2ccccc2)Oc2ccccc2)P2(=O)Oc3ccccc3-c3ccccc32)cc1)P1(=O)Oc2ccccc2-c2ccccc21,0.8666666666666667,True,In_domain,Maximum Tanimoto >= 0.70.,TDCA-DOPO-3,O=P(Oc1ccccc1)(Oc1ccccc1)OC(c1ccc(C(OP(=O)(Oc2ccccc2)Oc2ccccc2)P2(=O)Oc3ccccc3-c3ccccc32)cc1)P1(=O)Oc2ccccc2-c2ccccc21,0.8666666666666667,TDCA-DOPO-2,O=P(OC(c1ccc(C(OP(=O)(c2ccccc2)c2ccccc2)P2(=O)Oc3ccccc3-c3ccccc32)cc1)P1(=O)Oc2ccccc2-c2ccccc21)(c1ccccc1)c1ccccc1,0.5813953488372093,TDCA-DOPO-1,O=P1(C(OP(c2ccccc2)c2ccccc2)c2ccc(C(OP(c3ccccc3)c3ccccc3)P3(=O)Oc4ccccc4-c4ccccc43)cc2)Oc2ccccc2-c2ccccc21,0.4782608695652174,0.8666666666666667,True,0.9784570649670501,1.838366724720257,-1.1610667155664514,True,True,True,True,0.217871188975687,0.8690294988855216,0.7773171219444455,1.0,0.08513133518521443,0.6212064699987091,0.6434773424795232,0.4490527654236162,0.0,0.0,0.5761194276659807,1.0,True,True,55
68,FORM_000114,CAND_R2_019,APN-DOPO-nitrile-to-acid-2,designed,P-N,B,True,True,True,True,True,Candidate,,APN-DOPO-nitrile-to-acid-2,,DDM,DOPO-based (additive),0,1,P-N,100.00%,0.00%,N#Cc1ccc(Oc2cccc(NCP3(=O)Oc4ccccc4-c4ccccc43)c2)cc1C(=O)O,,NC1=CC=C(CC2=CC=C(N)C=C2)C=C1,10.0,0.6420386707349428,0.5806828734412309,0.0,0.0,0.0,0.9044359785626654,0.0,0.0,0.0,1,1,0,0,0,1,0,0,0,0,0,160.0,3.2,,24.8,,3.2,,,3.0,35.0,,1184.0,,,87.2,,,159.0,,,17.0,,,62.6,,,97.55,,,,,Virtual screening scenario,,,,,,,,,,,,,,,,,,,,,,,,,,,,,,,,33.7813588706992,27.374946078196064,40.18777166320234,12.812825585006273,True,GBDT,compact,260,778.6470379486456,248.44078175230572,1308.8532941449853,1060.4125123926797,True,GBDT,compact,330,61.97379211304846,31.449039024895626,92.4985452012013,61.04950617630567,True,GBDT,descriptors,30,0.6879953842437997,1,0.8586309420121044,ExtraTrees,morgan_r3,ALL,158.87298583984375,131.67657470703125,186.06939697265625,54.392822265625,True,XGB,morgan_r3,270,74.08913797791746,49.99022229456899,98.18805366126594,48.197831366696946,True,GBDT,compact,140,111,True,N#Cc1ccc(Oc2cccc(NCP3(=O)Oc4ccccc4-c4ccccc43)c2)cc1C(=O)O,O=P1(CNc2cccc(Oc3ccccc3)c2)Oc2ccccc2-c2ccccc21,0.7608695652173914,True,In_domain,Maximum Tanimoto >= 0.70.,APN-DOPO,N#Cc1ccc(Oc2cccc(NCP3(=O)Oc4ccccc4-c4ccccc43)c2)cc1C#N,0.7608695652173914,PBD,N#Cc1ccc(Oc2cccc(NC(c3ccc(C(Nc4cccc(Oc5ccc(C#N)c(C#N)c5)c4)P4(=O)Oc5ccccc5-c5ccccc54)cc3)P3(=O)Oc4ccccc4-c4ccccc43)c2)cc1C#N,0.42735042735042733,DOPO-BAPh,CC(C)(c1ccc(O)c(CN(CP2(=O)Oc3ccccc3-c3ccccc32)c2cccc(Oc3ccc(C#N)c(C#N)c3)c2)c1)c1ccc(O)c(CN(CP2(=O)Oc3ccccc3-c3ccccc32)c2cccc(Oc3ccc(C#N)c(C#N)c3)c2)c1,0.40601503759398494,0.7608695652173914,True,0.9764384903353508,-0.4205263350197228,4.392218857124396,True,True,True,True,0.3684748308932931,0.9270801829731837,0.3606579834281942,1.0,0.2354507910752931,0.8640673225808017,0.6411944108245436,0.43509082012738626,0.0,0.0,0.5759307878054357,1.0,True,True,56
74,FORM_000357,CAND_R2_121,DOPT-aryl-methyl-to-aldehyde,designed,P-N-S,B,True,True,True,True,True,Candidate,,DOPT-aryl-methyl-to-aldehyde,,DDM,DOPO-based (additive),0,1,P-N-S,100.00%,0.00%,O=Cc1ccc(S(=O)(=O)NP2(=O)Oc3ccccc3-c3ccccc32)cc1,,NC1=CC=C(CC2=CC=C(N)C=C2)C=C1,10.0,0.7755831772518303,0.3507326649372501,0.8029516931921754,0.0,0.0,0.4522179892813325,1.0352876606185832,0.0,0.0,1,1,1,0,0,1,0,0,0,0,0,160.0,3.2,,24.8,,3.2,,,3.0,35.0,,1184.0,,,87.2,,,159.0,,,17.0,,,62.6,,,97.55,,,,,Virtual screening scenario,,,,,,,,,,,,,,,,,,,,,,,,,,,,,,,,34.639151116008556,28.23273832350542,41.045563908511696,12.812825585006273,True,GBDT,compact,260,655.1321214883163,124.92586529197649,1185.3383776846563,1060.4125123926797,True,GBDT,compact,330,65.9825461382468,35.45779305009397,96.50729922639964,61.04950617630567,True,GBDT,descriptors,30,0.6651402590339671,1,0.8909147793847769,ExtraTrees,morgan_r3,ALL,141.251953125,114.0555419921875,168.4483642578125,54.392822265625,True,XGB,morgan_r3,270,76.7972399667752,52.69832428342672,100.89615565012366,48.197831366696946,True,GBDT,compact,140,354,True,O=Cc1ccc(S(=O)(=O)NP2(=O)Oc3ccccc3-c3ccccc32)cc1,O=P1(NS(=O)(=O)c2ccccc2)Oc2ccccc2-c2ccccc21,0.7272727272727273,True,In_domain,Maximum Tanimoto >= 0.70.,DOPT,Cc1ccc(S(=O)(=O)NP2(=O)Oc3ccccc3-c3ccccc32)cc1,0.7272727272727273,DAP,O=P1(Nc2ncccn2)Oc2ccccc2-c2ccccc21,0.4342105263157895,D-ATA,O=P1(Nc2nc[nH]n2)Oc2ccccc2-c2ccccc21,0.4125,0.7272727272727273,True,0.9818191298974628,-0.5379275014583412,0.05658357317934107,True,True,True,True,0.46372453179949213,0.7659353577948111,0.6279202777730345,0.8463915693815033,0.0,1.0,0.6407943473497683,0.47230727675237283,0.0,0.0,0.5699482558369123,1.0,True,True,57
78,FORM_000633,CAND_R2_218,DOPO-PPO-OH-methyl,designed,P-only,B,True,True,True,True,True,Candidate,,DOPO-PPO-OH-methyl,,DDM,DOPO-based (additive),0,0,P-only,100.00%,0.00%,COC(c1ccc(OP(=O)(Oc2ccc(C(O)P3(=O)Oc4ccccc4-c4ccccc43)cc2)c2ccccc2)cc1)P1(=O)Oc2ccccc2-c2ccccc21,,NC1=CC=C(CC2=CC=C(N)C=C2)C=C1,10.0,1.143390821569901,0.0,0.0,0.0,0.0,0.0,0.0,0.0,0.0,1,0,0,0,0,1,0,0,0,0,0,160.0,3.2,,24.8,,3.2,,,3.0,35.0,,1184.0,,,87.2,,,159.0,,,17.0,,,62.6,,,97.55,,,,,Virtual screening scenario,,,,,,,,,,,,,,,,,,,,,,,,,,,,,,,,33.83807566615093,27.43166287364779,40.24448845865406,12.812825585006273,True,GBDT,compact,260,562.3231364130372,32.11688021669738,1092.529392609377,1060.4125123926797,True,GBDT,compact,330,57.518244745483415,26.99349165733058,88.04299783363625,61.04950617630567,True,GBDT,descriptors,30,0.6426942081940821,1,0.9185534517914559,ExtraTrees,morgan_r3,ALL,156.83314514160156,129.63673400878906,184.02955627441406,54.392822265625,True,XGB,morgan_r3,270,69.52520035673051,45.426284673382035,93.62411604007897,48.197831366696946,True,GBDT,compact,140,630,True,COC(c1ccc(OP(=O)(Oc2ccc(C(O)P3(=O)Oc4ccccc4-c4ccccc43)cc2)c2ccccc2)cc1)P1(=O)Oc2ccccc2-c2ccccc21,O=P1(Cc2ccc(OP(=O)(Oc3ccc(CP4(=O)Oc5ccccc5-c5ccccc54)cc3)c3ccccc3)cc2)Oc2ccccc2-c2ccccc21,0.8414634146341463,True,In_domain,Maximum Tanimoto >= 0.70.,DOPO-PPO,O=P(Oc1ccc(C(O)P2(=O)Oc3ccccc3-c3ccccc32)cc1)(Oc1ccc(C(O)P2(=O)Oc3ccccc3-c3ccccc32)cc1)c1ccccc1,0.8414634146341463,Trif-DOPO,O=P1(C(O)c2ccc(Oc3nc(Oc4ccc(C(O)P5(=O)Oc6ccccc6-c6ccccc65)cc4)nc(Oc4ccc(C(O)P5(=O)Oc6ccccc6-c6ccccc65)cc4)n3)cc2)Oc2ccccc2-c2ccccc21,0.5263157894736842,DOPO-PHBA,O=P1(C(O)c2ccc(O)cc2)Oc2ccccc2-c2ccccc21,0.5168539325842697,0.8414634146341463,True,0.986425575298576,1.9259522654197048,-2.242167813169739,True,True,True,True,0.3747726936131721,0.6076747967464721,0.8287408992645435,1.0,0.17839939604037722,0.6166156743271402,0.6417391849615892,0.5041688377223856,0.0,0.0,0.5661138593032313,1.0,True,True,58
79,FORM_000920,CAND_R2_324,BDO-triethoxysilyl,designed,P-N-Si-S,B,True,True,True,True,True,Candidate,,BDO-triethoxysilyl,,DDS,DOPO-based (Additive + Secondary Crosslinking),3,1,P-N-Si-S,100.00%,0.00%,CCO[Si](OCC)(OCC)c1ccc(C(CP2(=O)Oc3ccccc3-c3ccccc32)Nc2n[nH]c(NC(c3cccs3)P3(=O)Oc4ccccc4-c4ccccc43)n2)s1,,NC1=CC=C(C=C1)S(=O)(=O)C1=CC=C(N)C=C1,5.29,0.365736791765298,0.4134818914457713,0.3786427875488412,0.0,0.1658178396965222,1.1305449732033317,1.035287660618583,0.0,0.4533802544069219,1,1,1,0,1,1,1,0,0,0,0,250.0,4.0,,22.4,,3.0,,,4.0,35.0,,867.99,,,114.145,,,180.0,,,16.9,,,52.14,,,95.65,,,,,Virtual screening scenario,,,,,,,,,,,,,,,,,,,,,,,,,,,,,,,,40.697963523571964,34.291550731068824,47.104376316075104,12.812825585006273,True,GBDT,compact,260,506.98972105817495,-23.216535138164886,1037.1959772545147,1060.4125123926797,True,GBDT,compact,330,81.72049363616809,51.19574054801525,112.24524672432092,61.04950617630567,True,GBDT,descriptors,30,0.6321459173792918,1,0.9301498260799416,ExtraTrees,morgan_r3,ALL,187.36312866210938,160.16671752929688,214.55953979492188,54.392822265625,True,XGB,morgan_r3,270,59.52434501826115,35.42542933491268,83.62326070160962,48.197831366696946,True,GBDT,compact,140,918,True,CCO[Si](OCC)(OCC)c1ccc(C(CP2(=O)Oc3ccccc3-c3ccccc32)Nc2n[nH]c(NC(c3cccs3)P3(=O)Oc4ccccc4-c4ccccc43)n2)s1,O=P1(CC(Nc2n[nH]c(NC(c3cccs3)P3(=O)Oc4ccccc4-c4ccccc43)n2)c2cccs2)Oc2ccccc2-c2ccccc21,0.7610619469026548,True,In_domain,Maximum Tanimoto >= 0.70.,BDO,O=P1(CC(Nc2n[nH]c(NC(c3cccs3)P3(=O)Oc4ccccc4-c4ccccc43)n2)c2cccs2)Oc2ccccc2-c2ccccc21,0.7610619469026548,SAD,O=P1(C(Nc2nc[nH]n2)c2cccs2)Oc2ccccc2-c2ccccc21,0.4793388429752066,FGD,O=P1(C(Nc2n[nH]c(NC(c3ccco3)P3(=O)Oc4ccccc4-c4ccccc43)n2)c2ccco2)Oc2ccccc2-c2ccccc21,0.4365079365079365,0.7610619469026548,True,0.988358304346657,-0.14673294551759414,-1.1320018299134451,True,True,True,True,1.0,0.5333018732260736,0.948471665114402,0.19112847166439473,1.0,0.07438036287977076,0.642018438288951,0.517537011887451,0.0,0.0,0.5643878865058334,1.0,True,True,59
80,FORM_000917,CAND_R2_323,BDO-trimethoxysilyl,designed,P-N-Si-S,B,True,True,True,True,True,Candidate,,BDO-trimethoxysilyl,,DDS,DOPO-based (Additive + Secondary Crosslinking),3,1,P-N-Si-S,100.00%,0.00%,CO[Si](OC)(OC)c1ccc(C(CP2(=O)Oc3ccccc3-c3ccccc32)Nc2n[nH]c(NC(c3cccs3)P3(=O)Oc4ccccc4-c4ccccc43)n2)s1,,NC1=CC=C(C=C1)S(=O)(=O)C1=CC=C(N)C=C1,5.29,0.3837599715199804,0.4338579067185676,0.3973019631539747,0.0,0.1739891935189219,1.130544973203332,1.0352876606185832,0.0,0.4533802544069221,1,1,1,0,1,1,1,0,0,0,0,250.0,4.0,,22.4,,3.0,,,4.0,35.0,,867.99,,,114.145,,,180.0,,,16.9,,,52.14,,,95.65,,,,,Virtual screening scenario,,,,,,,,,,,,,,,,,,,,,,,,,,,,,,,,40.68133934513581,34.27492655263268,47.087752137638944,12.812825585006273,True,GBDT,compact,260,506.98972105817495,-23.216535138164886,1037.1959772545147,1060.4125123926797,True,GBDT,compact,330,81.3700498328331,50.84529674468027,111.89480292098594,61.04950617630567,True,GBDT,descriptors,30,0.6262947337539577,1,0.9361985609040677,ExtraTrees,morgan_r3,ALL,186.5196075439453,159.3231964111328,213.7160186767578,54.392822265625,True,XGB,morgan_r3,270,60.460455577992256,36.361539894643784,84.55937126134073,48.197831366696946,True,GBDT,compact,140,915,True,CO[Si](OC)(OC)c1ccc(C(CP2(=O)Oc3ccccc3-c3ccccc32)Nc2n[nH]c(NC(c3cccs3)P3(=O)Oc4ccccc4-c4ccccc43)n2)s1,O=P1(CC(Nc2n[nH]c(NC(c3cccs3)P3(=O)Oc4ccccc4-c4ccccc43)n2)c2cccs2)Oc2ccccc2-c2ccccc21,0.7818181818181819,True,In_domain,Maximum Tanimoto >= 0.70.,BDO,O=P1(CC(Nc2n[nH]c(NC(c3cccs3)P3(=O)Oc4ccccc4-c4ccccc43)n2)c2cccs2)Oc2ccccc2-c2ccccc21,0.7818181818181819,SAD,O=P1(C(Nc2nc[nH]n2)c2cccs2)Oc2ccccc2-c2ccccc21,0.4915254237288136,DOPO-SGA,COc1cc(C(Nc2n[nH]c(NC(c3cc(OC)c(O)c(OC)c3)P3(=O)Oc4ccccc4-c4ccccc43)n2)P2(=O)Oc3ccccc3-c3ccccc32)cc(OC)c1O,0.453125,0.7818181818181819,True,0.9893664268173445,0.09624680573344868,-1.124133556013134,True,True,True,True,1.0,0.49204688320810697,0.948471665114402,0.20571950344788337,1.0,0.12513524171023035,0.6417611345251014,0.5245099276105581,0.0,0.0,0.5630846453835177,1.0,True,True,60
83,FORM_000138,CAND_R2_044,PBD-amino,designed,P-N,B,True,True,True,True,True,Candidate,,PBD-amino,,DDM,DOPO-based (Co-curing),2,1,P-N,100.00%,0.00%,N#Cc1ccc(Oc2cccc(NC(c3ccc(C(Nc4cccc(Oc5cc(N)c(C#N)c(C#N)c5)c4)P4(=O)Oc5ccccc5-c5ccccc54)cc3)P3(=O)Oc4ccccc4-c4ccccc43)c2)cc1C#N,,NC1=CC=C(CC2=CC=C(N)C=C2)C=C1,10.19,0.6213318004691114,0.9834209611964216,0.0,0.0,0.0,1.582762962484665,0.0,0.0,0.0,1,1,0,0,0,1,0,0,0,0,0,170.0,3.0,,24.0,,3.0,,,3.0,35.0,,1208.0,,,88.0,,,164.3,,,16.5,,,58.7,,,101.3,,,,,Virtual screening scenario,,,,,,,,,,,,,,,,,,,,,,,,,,,,,,,,35.49039027802744,29.083977485524304,41.89680307053058,12.812825585006273,True,GBDT,compact,260,774.2483014896251,244.04204529328524,1304.454557685965,1060.4125123926797,True,GBDT,compact,330,66.98159605330206,36.45684296514922,97.50634914145489,61.04950617630567,True,GBDT,descriptors,30,0.702777829504289,1,0.835524607446118,ExtraTrees,morgan_r3,ALL,163.6604766845703,136.4640655517578,190.8568878173828,54.392822265625,True,XGB,morgan_r3,270,64.79732560912,40.69840992577152,88.89624129246846,48.197831366696946,True,GBDT,compact,140,135,True,N#Cc1ccc(Oc2cccc(NC(c3ccc(C(Nc4cccc(Oc5cc(N)c(C#N)c(C#N)c5)c4)P4(=O)Oc5ccccc5-c5ccccc54)cc3)P3(=O)Oc4ccccc4-c4ccccc43)c2)cc1C#N,O=P1(C(Nc2cccc(Oc3ccccc3)c2)c2ccc(C(Nc3cccc(Oc4ccccc4)c3)P3(=O)Oc4ccccc4-c4ccccc43)cc2)Oc2ccccc2-c2ccccc21,0.83,True,In_domain,Maximum Tanimoto >= 0.70.,PBD,N#Cc1ccc(Oc2cccc(NC(c3ccc(C(Nc4cccc(Oc5ccc(C#N)c(C#N)c5)c4)P4(=O)Oc5ccccc5-c5ccccc54)cc3)P3(=O)Oc4ccccc4-c4ccccc43)c2)cc1C#N,0.83,APN-DOPO,N#Cc1ccc(Oc2cccc(NCP3(=O)Oc4ccccc4-c4ccccc43)c2)cc1C#N,0.48333333333333334,DOPO-DDE,O=P1(C(Nc2ccc(Oc3ccc(NC(c4ccc(O)cc4)P4(=O)Oc5ccccc5-c5ccccc54)cc3)cc2)c2ccc(O)cc2)Oc2ccccc2-c2ccccc21,0.45689655172413796,0.83,True,0.9725874345743529,3.1221082452953426,4.514191337366827,True,True,True,True,0.5582465748994521,1.0,0.37017599495220066,0.8047952594306926,0.36934998802920616,0.36027553645978194,0.619606118305368,0.4166666666666667,0.0,0.01899999999999995,0.555206118305368,1.0,True,True,61
84,FORM_000201,CAND_R2_065,PBD-nitrile-to-aminomethyl-2,designed,P-N,B,True,True,True,True,True,Candidate,,PBD-nitrile-to-aminomethyl-2,,DDM,DOPO-based (Co-curing),2,1,P-N,100.00%,0.00%,N#Cc1ccc(Oc2cccc(NC(c3ccc(C(Nc4cccc(Oc5ccc(C#N)c(CN)c5)c4)P4(=O)Oc5ccccc5-c5ccccc54)cc3)P3(=O)Oc4ccccc4-c4ccccc43)c2)cc1C#N,,NC1=CC=C(CC2=CC=C(N)C=C2)C=C1,10.19,0.6281220720810363,0.852144301379132,0.0,0.0,0.0,1.3566539678439986,0.0,0.0,0.0,1,1,0,0,0,1,0,0,0,0,0,170.0,3.0,,24.0,,3.0,,,3.0,35.0,,1208.0,,,88.0,,,164.3,,,16.5,,,58.7,,,101.3,,,,,Virtual screening scenario,,,,,,,,,,,,,,,,,,,,,,,,,,,,,,,,35.497412568812784,29.090999776309648,41.903825361315924,12.812825585006273,True,GBDT,compact,260,756.6396370121826,226.43338081584272,1286.8458932085223,1060.4125123926797,True,GBDT,compact,330,66.98159605330206,36.45684296514922,97.50634914145489,61.04950617630567,True,GBDT,descriptors,30,0.7084442168851897,1,0.8262040337884801,ExtraTrees,morgan_r3,ALL,162.03187561035156,134.83546447753906,189.22828674316406,54.392822265625,True,XGB,morgan_r3,270,64.12645429384713,40.02753861049866,88.22536997719561,48.197831366696946,True,GBDT,compact,140,198,True,N#Cc1ccc(Oc2cccc(NC(c3ccc(C(Nc4cccc(Oc5ccc(C#N)c(CN)c5)c4)P4(=O)Oc5ccccc5-c5ccccc54)cc3)P3(=O)Oc4ccccc4-c4ccccc43)c2)cc1C#N,O=P1(C(Nc2cccc(Oc3ccccc3)c2)c2ccc(C(Nc3cccc(Oc4ccccc4)c3)P3(=O)Oc4ccccc4-c4ccccc43)cc2)Oc2ccccc2-c2ccccc21,0.8556701030927835,True,In_domain,Maximum Tanimoto >= 0.70.,PBD,N#Cc1ccc(Oc2cccc(NC(c3ccc(C(Nc4cccc(Oc5ccc(C#N)c(C#N)c5)c4)P4(=O)Oc5ccccc5-c5ccccc54)cc3)P3(=O)Oc4ccccc4-c4ccccc43)c2)cc1C#N,0.8556701030927835,APN-DOPO,N#Cc1ccc(Oc2cccc(NCP3(=O)Oc4ccccc4-c4ccccc43)c2)cc1C#N,0.5086206896551724,DOPO-DDE,O=P1(C(Nc2ccc(Oc3ccc(NC(c4ccc(O)cc4)P4(=O)Oc5ccccc5-c5ccccc54)cc3)cc2)c2ccc(O)cc2)Oc2ccccc2-c2ccccc21,0.4690265486725664,0.8556701030927835,True,0.9710340056314134,2.899833502475637,4.232714319887546,True,True,True,True,0.5590263337520622,1.0,0.40827772552416197,0.8047952594306926,0.3238003706891806,0.32390163600160754,0.6191900644104622,0.4166666666666667,0.0,0.01899999999999995,0.5547900644104622,1.0,True,True,62
91,FORM_000911,CAND_R2_321,BDO-boronic-acid,designed,P-N-B-S,B,True,True,True,True,True,Candidate,,BDO-boronic-acid,,DDM,DOPO-based (additive),0,1,P-N-B-S,100.00%,0.00%,O=P1(CC(Nc2n[nH]c(NC(c3cccs3)P3(=O)Oc4ccccc4-c4ccccc43)n2)c2ccc(B(O)O)s2)Oc2ccccc2-c2ccccc21,,NC1=CC=C(CC2=CC=C(N)C=C2)C=C1,7.0,0.5576809804905022,0.6304834291446426,0.5773602376634898,0.0973340020834136,0.0,1.130544973203332,1.0352876606185832,0.1745334796926454,0.0,1,1,1,1,0,1,0,0,0,0,0,160.0,3.2,,24.8,,3.2,,,3.0,35.0,,1184.0,,,87.2,,,159.0,,,17.0,,,62.6,,,97.55,,,,,Virtual screening scenario,,,,,,,,,,,,,,,,,,,,,,,,,,,,,,,,34.5777039283606,28.171291135857462,40.98411672086374,12.812825585006273,True,GBDT,compact,260,781.7168393603698,251.51058316402998,1311.9230955567095,1060.4125123926797,True,GBDT,compact,330,64.230385015176,33.70563192702316,94.75513810332883,61.04950617630567,True,GBDT,descriptors,30,0.6738971205884152,1,0.8790391658042327,ExtraTrees,morgan_r3,ALL,152.23016357421875,125.03375244140625,179.42657470703125,54.392822265625,True,XGB,morgan_r3,270,75.18514875839331,51.08623307504484,99.28406444174178,48.197831366696946,True,GBDT,compact,140,909,True,O=P1(CC(Nc2n[nH]c(NC(c3cccs3)P3(=O)Oc4ccccc4-c4ccccc43)n2)c2ccc(B(O)O)s2)Oc2ccccc2-c2ccccc21,O=P1(CC(Nc2n[nH]c(NC(c3cccs3)P3(=O)Oc4ccccc4-c4ccccc43)n2)c2cccs2)Oc2ccccc2-c2ccccc21,0.819047619047619,True,In_domain,Maximum Tanimoto >= 0.70.,BDO,O=P1(CC(Nc2n[nH]c(NC(c3cccs3)P3(=O)Oc4ccccc4-c4ccccc43)n2)c2cccs2)Oc2ccccc2-c2ccccc21,0.819047619047619,SAD,O=P1(C(Nc2nc[nH]n2)c2cccs2)Oc2ccccc2-c2ccccc21,0.5,TBO,O=P1(C(Nc2n[nH]c(NC(c3ccccc3O)P3(=O)Oc4ccccc4-c4ccccc43)n2)c2ccccc2O)Oc2ccccc2-c2ccccc21,0.47058823529411764,0.819047619047619,True,0.9798398609673722,0.08514655918364566,-1.2248160417097476,True,True,True,True,0.45690140384863936,0.8276774358340804,0.3540155292858723,0.9193443178485136,0.04966065680182212,0.9234918144655083,0.6089029844901541,0.458617198568249,0.0,0.0,0.5401104047049168,1.0,True,True,63
94,FORM_000383,CAND_R2_133,DIB-triethoxysilyl,designed,P-N-Si,B,True,True,True,True,True,Candidate,,DIB-triethoxysilyl,,DDS,DOPO-based (Additive + Secondary Crosslinking),3,1,P-N-Si,100.00%,0.00%,CCO[Si](OCC)(OCC)c1nc(C(Nc2ccc(NC(c3c[nH]cn3)P3(=O)Oc4ccccc4-c4ccccc43)cc2)P2(=O)Oc3ccccc3-c3ccccc32)c[nH]1,,NC1=CC=C(C=C1)S(=O)(=O)C1=CC=C(N)C=C1,5.29,0.3815380280706247,0.5176150796653879,0.0,0.0,0.1729818082325751,1.3566539678439984,0.0,0.0,0.4533802544069219,1,1,0,0,1,1,1,0,0,0,0,250.0,4.0,,22.4,,3.0,,,4.0,35.0,,867.99,,,114.145,,,180.0,,,16.9,,,52.14,,,95.65,,,,,Virtual screening scenario,,,,,,,,,,,,,,,,,,,,,,,,,,,,,,,,41.20002361542717,34.79361082292404,47.6064364079303,12.812825585006273,True,GBDT,compact,260,505.85537940505964,-24.3508767912802,1036.0616356013995,1060.4125123926797,True,GBDT,compact,330,81.3700498328331,50.84529674468027,111.89480292098594,61.04950617630567,True,GBDT,descriptors,30,0.6039141438782177,1,0.9568074028082283,ExtraTrees,morgan_r3,ALL,188.6428680419922,161.4464569091797,215.8392791748047,54.392822265625,True,XGB,morgan_r3,270,61.64853508483683,37.54961940148836,85.7474507681853,48.197831366696946,True,GBDT,compact,140,381,True,CCO[Si](OCC)(OCC)c1nc(C(Nc2ccc(NC(c3c[nH]cn3)P3(=O)Oc4ccccc4-c4ccccc43)cc2)P2(=O)Oc3ccccc3-c3ccccc32)c[nH]1,O=P1(C(Nc2ccc(NC(c3c[nH]cn3)P3(=O)Oc4ccccc4-c4ccccc43)cc2)c2c[nH]cn2)Oc2ccccc2-c2ccccc21,0.7159090909090909,True,In_domain,Maximum Tanimoto >= 0.70.,DIB,O=P1(C(Nc2ccc(NC(c3c[nH]cn3)P3(=O)Oc4ccccc4-c4ccccc43)cc2)c2c[nH]cn2)Oc2ccccc2-c2ccccc21,0.7159090909090909,PBI,O=P1(C(Nc2nc3ccccc3s2)c2c[nH]cn2)Oc2ccccc2-c2ccccc21,0.509090909090909,PBO,O=P1(C(Nc2ccc(NC(c3c[nH]c4ccccc34)P3(=O)Oc4ccccc4-c4ccccc43)cc2)c2c[nH]c3ccccc23)Oc2ccccc2-c2ccccc21,0.43636363636363634,0.7159090909090909,True,0.9928012338013713,1.6213904263519567,-0.9366462898541149,True,True,True,True,1.0,0.3342478683349175,0.9509261601784041,0.20571950344788337,1.0,0.18955159807327546,0.6171338661995684,0.5482675764291782,0.0,0.0,0.5348937297351917,1.0,True,True,64
95,FORM_001173,PUBCHEM_68009580,"1-Butyl-3-(2-methylbutyl)-5-[3-(6-oxobenzo[c][2,1]benzoxaphosphinin-6-yl)propyl]-1,3,5-triazinane-2,4,6-trione",pubchem,P-N,PUBLIC_UNVERIFIED,False,True,True,True,True,Candidate,,"1-Butyl-3-(2-methylbutyl)-5-[3-(6-oxobenzo[c][2,1]benzoxaphosphinin-6-yl)propyl]-1,3,5-triazinane-2,4,6-trione",,DDM,DOPO-based (additive),0,1,P-N,100.00%,0.00%,CCCCn1c(=O)n(CCCP2(=O)Oc3ccccc3-c3ccccc32)c(=O)n(CC(C)CC)c1=O,,NC1=CC=C(CC2=CC=C(N)C=C2)C=C1,10.0,0.6054824565690368,0.821430177164315,0.0,0.0,0.0,1.3566539678439982,0.0,0.0,0.0,1,1,0,0,0,1,0,0,0,0,0,160.0,3.2,,24.8,,3.2,,,3.0,35.0,,1184.0,,,87.2,,,159.0,,,17.0,,,62.6,,,97.55,,,,,Virtual screening scenario,,,,,,,,,,,,,,,,,,,,,,,,,,,,,,,,34.72575690979791,28.319344117294772,41.13216970230104,12.812825585006273,True,GBDT,compact,260,699.7175620905035,169.51130589416368,1229.9238182868435,1060.4125123926797,True,GBDT,compact,330,66.88744804676479,36.362694958611954,97.41220113491762,61.04950617630567,True,GBDT,descriptors,30,0.6546820537236406,1,0.904293849023347,ExtraTrees,morgan_r3,ALL,152.68057250976562,125.48416137695312,179.87698364257812,54.392822265625,True,XGB,morgan_r3,270,77.49672531078421,53.39780962743574,101.59564099413268,48.197831366696946,True,GBDT,compact,140,1170,True,CCCCn1c(=O)n(CCCP2(=O)Oc3ccccc3-c3ccccc32)c(=O)n(CC(C)CC)c1=O,O=c1[nH]c(=O)n(CCCP2(=O)Oc3ccccc3-c3ccccc32)c(=O)[nH]1,0.7297297297297297,True,In_domain,Maximum Tanimoto >= 0.70.,TAD,O=c1n(CCCP2(=O)Oc3ccccc3-c3ccccc32)c(=O)n(CCCP2(=O)Oc3ccccc3-c3ccccc32)c(=O)n1CCCP1(=O)Oc2ccccc2-c2ccccc21,0.7297297297297297,TGIC-DOPO,O=c1n(CC(O)CP2(=O)Oc3ccccc3-c3ccccc32)c(=O)n(CC(O)CP2(=O)Oc3ccccc3-c3ccccc32)c(=O)n1CC(O)CP1(=O)Oc2ccccc2-c2ccccc21,0.4606741573033708,DOPO-VTS,CO[Si](CCP1(=O)Oc2ccccc2-c2ccccc21)(OC)OC,0.4318181818181818,0.7297297297297297,True,0.9840489748372244,-2.3864531410480474,-0.05455375146433434,True,True,True,True,0.47334128457417457,0.6921976009048573,0.5314460421810657,0.8087151933620804,0.06225794350724201,1.0,0.6073658185551598,0.48773052272956874,0.0,0.0,0.5342062401457245,1.0,True,True,65
96,FORM_000380,CAND_R2_132,DIB-trimethoxysilyl,designed,P-N-Si,B,True,True,True,True,True,Candidate,,DIB-trimethoxysilyl,,DDS,DOPO-based (Additive + Secondary Crosslinking),3,1,P-N-Si,100.00%,0.00%,CO[Si](OC)(OC)c1nc(C(Nc2ccc(NC(c3c[nH]cn3)P3(=O)Oc4ccccc4-c4ccccc43)cc2)P2(=O)Oc3ccccc3-c3ccccc32)c[nH]1,,NC1=CC=C(C=C1)S(=O)(=O)C1=CC=C(N)C=C1,5.29,0.4011940393524185,0.5442814853628198,0.0,0.0,0.1818934556281402,1.3566539678439984,0.0,0.0,0.453380254406922,1,1,0,0,1,1,1,0,0,0,0,250.0,4.0,,22.4,,3.0,,,4.0,35.0,,867.99,,,114.145,,,180.0,,,16.9,,,52.14,,,95.65,,,,,Virtual screening scenario,,,,,,,,,,,,,,,,,,,,,,,,,,,,,,,,41.03132289353573,34.6249101010326,47.43773568603886,12.812825585006273,True,GBDT,compact,260,502.417841793635,-27.78841440270486,1032.6240979899749,1060.4125123926797,True,GBDT,compact,330,81.3700498328331,50.84529674468027,111.89480292098594,61.04950617630567,True,GBDT,descriptors,30,0.600600791597966,1,0.9595179229194505,ExtraTrees,morgan_r3,ALL,188.2290496826172,161.0326385498047,215.4254608154297,54.392822265625,True,XGB,morgan_r3,270,61.64853508483683,37.54961940148836,85.7474507681853,48.197831366696946,True,GBDT,compact,140,378,True,CO[Si](OC)(OC)c1nc(C(Nc2ccc(NC(c3c[nH]cn3)P3(=O)Oc4ccccc4-c4ccccc43)cc2)P2(=O)Oc3ccccc3-c3ccccc32)c[nH]1,O=P1(C(Nc2ccc(NC(c3c[nH]cn3)P3(=O)Oc4ccccc4-c4ccccc43)cc2)c2c[nH]cn2)Oc2ccccc2-c2ccccc21,0.75,True,In_domain,Maximum Tanimoto >= 0.70.,DIB,O=P1(C(Nc2ccc(NC(c3c[nH]cn3)P3(=O)Oc4ccccc4-c4ccccc43)cc2)c2c[nH]cn2)Oc2ccccc2-c2ccccc21,0.75,PBI,O=P1(C(Nc2nc3ccccc3s2)c2c[nH]cn2)Oc2ccccc2-c2ccccc21,0.5283018867924528,PBO,O=P1(C(Nc2ccc(NC(c3c[nH]c4ccccc34)P3(=O)Oc4ccccc4-c4ccccc43)cc2)c2c[nH]c3ccccc23)Oc2ccccc2-c2ccccc21,0.4528301886792453,0.75,True,0.9932529871532417,1.9461414475342607,-0.8772736317988882,True,True,True,True,1.0,0.31088638730807855,0.9583643240476329,0.20571950344788337,1.0,0.18955159807327546,0.6139492027680465,0.5513922345355236,0.0,0.0,0.531240367587718,1.0,True,True,66
97,FORM_000423,CAND_R2_146,DTB-hydroxymethyl,designed,P-N-B,B,True,True,True,True,True,Candidate,,DTB-hydroxymethyl,,DDM,DOPO-based (additive),0,1,P-N-B,100.00%,0.00%,CCC(O)Cn1c(=O)n(CC(O)COB(O)OC)c(=O)n(CC(O)CP2(=O)Oc3ccc(CO)cc3-c3ccccc32)c1=O,,NC1=CC=C(CC2=CC=C(N)C=C2)C=C1,10.0,0.4874939405576573,0.6613605887574521,0.0,0.1701680275492151,0.0,1.3566539678439984,0.0,0.3490669593852908,0.0,1,1,0,1,0,1,0,0,0,0,0,160.0,3.2,,24.8,,3.2,,,3.0,35.0,,1184.0,,,87.2,,,159.0,,,17.0,,,62.6,,,97.55,,,,,Virtual screening scenario,,,,,,,,,,,,,,,,,,,,,,,,,,,,,,,,34.781655555028095,28.37524276252496,41.18806834753123,12.812825585006273,True,GBDT,compact,260,618.8188249215535,88.61256872521369,1149.0250811178935,1060.4125123926797,True,GBDT,compact,330,67.43527618430716,36.91052309615432,97.96002927245999,61.04950617630567,True,GBDT,descriptors,30,0.6364299213163752,1,0.9255475062784306,ExtraTrees,morgan_r3,ALL,157.47402954101562,130.27761840820312,184.67044067382812,54.392822265625,True,XGB,morgan_r3,270,73.12186762648857,49.02295194314009,97.22078330983703,48.197831366696946,True,GBDT,compact,140,420,True,CCC(O)Cn1c(=O)n(CC(O)COB(O)OC)c(=O)n(CC(O)CP2(=O)Oc3ccc(CO)cc3-c3ccccc32)c1=O,O=c1[nH]c(=O)n(CCCP2(=O)Oc3ccccc3-c3ccccc32)c(=O)[nH]1,0.7604166666666666,True,In_domain,Maximum Tanimoto >= 0.70.,DTB,CCC(O)Cn1c(=O)n(CC(O)COB(O)OC)c(=O)n(CC(O)CP2(=O)Oc3ccccc3-c3ccccc32)c1=O,0.7604166666666666,TGIC-DOPO,O=c1n(CC(O)CP2(=O)Oc3ccccc3-c3ccccc32)c(=O)n(CC(O)CP2(=O)Oc3ccccc3-c3ccccc32)c(=O)n1CC(O)CP1(=O)Oc2ccccc2-c2ccccc21,0.5104166666666666,TDA,CCO[Si](CCCNCC(O)Cn1c(=O)n(CC(O)CNCCC[Si](OCC)(OCC)OCC)c(=O)n(CC(O)CP2(=O)Oc3ccccc3-c3ccccc32)c1=O)(OCC)OCC,0.4297520661157025,0.7604166666666666,True,0.9875912510464051,-4.785666338519851,-0.8169383984784406,True,True,True,True,0.47954829946426236,0.5635071361229825,0.7064952000074253,0.7859058935807702,0.19632400607203046,0.8116229943198625,0.6078860058742774,0.5122315076721364,0.0,0.0,0.531051279723457,1.0,True,True,67
99,FORM_000123,CAND_R2_022,APN-DOPO-nitrile-to-aminomethyl-2,designed,P-N,B,True,True,True,True,True,Candidate,,APN-DOPO-nitrile-to-aminomethyl-2,,DDM,DOPO-based (Co-curing),2,1,P-N,100.00%,0.00%,N#Cc1ccc(Oc2cccc(NCP3(=O)Oc4ccccc4-c4ccccc43)c2)cc1CN,,NC1=CC=C(CC2=CC=C(N)C=C2)C=C1,10.19,0.675184366744034,0.915991550169531,0.0,0.0,0.0,1.3566539678439982,0.0,0.0,0.0,1,1,0,0,0,1,0,0,0,0,0,170.0,3.0,,24.0,,3.0,,,3.0,35.0,,1208.0,,,88.0,,,164.3,,,16.5,,,58.7,,,101.3,,,,,Virtual screening scenario,,,,,,,,,,,,,,,,,,,,,,,,,,,,,,,,34.34535278486096,27.93893999235782,40.7517655773641,12.812825585006273,True,GBDT,compact,260,810.0696516037335,279.8633954073937,1340.2759078000734,1060.4125123926797,True,GBDT,compact,330,65.28831648817355,34.763563400020715,95.81306957632638,61.04950617630567,True,GBDT,descriptors,30,0.697388503253683,1,0.8441511151330832,ExtraTrees,morgan_r3,ALL,160.51075744628906,133.31434631347656,187.70716857910156,54.392822265625,True,XGB,morgan_r3,270,66.68186972698312,42.58295404363465,90.78078541033159,48.197831366696946,True,GBDT,compact,140,120,True,N#Cc1ccc(Oc2cccc(NCP3(=O)Oc4ccccc4-c4ccccc43)c2)cc1CN,O=P1(CNc2cccc(Oc3ccccc3)c2)Oc2ccccc2-c2ccccc21,0.7692307692307693,True,In_domain,Maximum Tanimoto >= 0.70.,APN-DOPO,N#Cc1ccc(Oc2cccc(NCP3(=O)Oc4ccccc4-c4ccccc43)c2)cc1C#N,0.7692307692307693,PBD,N#Cc1ccc(Oc2cccc(NC(c3ccc(C(Nc4cccc(Oc5ccc(C#N)c(C#N)c5)c4)P4(=O)Oc5ccccc5-c5ccccc54)cc3)P3(=O)Oc4ccccc4-c4ccccc43)c2)cc1C#N,0.43103448275862066,DOPO-BAPh,CC(C)(c1ccc(O)c(CN(CP2(=O)Oc3ccccc3-c3ccccc32)c2cccc(Oc3ccc(C#N)c(C#N)c3)c2)c1)c1ccc(O)c(CN(CP2(=O)Oc3ccccc3-c3ccccc32)c2cccc(Oc3ccc(C#N)c(C#N)c3)c2)c1,0.39849624060150374,0.7692307692307693,True,0.9740251858555139,-0.36683849145927566,4.482577013822867,True,True,True,True,0.43110101098594483,0.9933083268503433,0.29266554931220934,0.8752964231493883,0.281256894942521,0.4624534334597619,0.5928452948998055,0.4183986331745253,0.0,0.01899999999999995,0.5281854999236267,1.0,True,True,68
100,FORM_000804,CAND_R2_275,Ti-POSS-bisDOPO-amino,designed,P-N-Si,B,True,True,True,True,True,Candidate,,Ti-POSS-bisDOPO-amino,,DDM,DOPO-based (Co-curing),2,1,P-N-Si,100.00%,0.00%,CC(C)C[Si@]12O[Si@@]3(CC(C)C)O[Si@@](CC(C)C)(O1)O[Si@]1(CC(C)C)O[Si@@]4(CC(C)C)O[Ti](OC(C)C)(O2)O[Si@@](CC(C)C)(O[Si@@](CCCN(CP2(=O)Oc5ccccc5-c5ccccc52)CP2(=O)Oc5ccc(N)cc5-c5ccccc52)(O3)O4)O1,,NC1=CC=C(CC2=CC=C(N)C=C2)C=C1,10.19,0.4615298881215207,0.2087121179995525,0.0,0.0,1.4647397666505326,0.4522179892813328,0.0,0.0,3.173661780848453,1,1,0,0,1,1,0,0,0,0,0,170.0,3.0,,24.0,,3.0,,,3.0,35.0,,1208.0,,,88.0,,,164.3,,,16.5,,,58.7,,,101.3,,,,,Virtual screening scenario,,,,,,,,,,,,,,,,,,,,,,,,,,,,,,,,32.864984305897416,26.45857151339428,39.271397098400556,12.812825585006273,True,GBDT,compact,260,630.2269681037292,100.02071190738934,1160.433224300069,1060.4125123926797,True,GBDT,compact,330,68.19027023260435,37.66551714445151,98.71502332075718,61.04950617630567,True,GBDT,descriptors,30,0.6874672909015309,1,0.8594240593681631,ExtraTrees,morgan_r3,ALL,166.3270263671875,139.130615234375,193.5234375,54.392822265625,True,XGB,morgan_r3,270,62.83573022067421,38.736814537325735,86.93464590402269,48.197831366696946,True,GBDT,compact,140,801,True,CC(C)C[Si@]12O[Si@@]3(CC(C)C)O[Si@@](CC(C)C)(O1)O[Si@]1(CC(C)C)O[Si@@]4(CC(C)C)O[Ti](OC(C)C)(O2)O[Si@@](CC(C)C)(O[Si@@](CCCN(CP2(=O)Oc5ccccc5-c5ccccc52)CP2(=O)Oc5ccc(N)cc5-c5ccccc52)(O3)O4)O1,O=P1(CN(CCC[Si]23O[SiH]4O[SiH]5O[SiH]6O[SiH](O[Ti](O[SiH](O5)O4)O[SiH](O6)O2)O3)CP2(=O)Oc3ccccc3-c3ccccc32)Oc2ccccc2-c2ccccc21,0.8461538461538461,True,In_domain,Maximum Tanimoto >= 0.70.,Ti-POSS-bisDOPO,CC(C)C[Si@]12O[Si@@]3(CC(C)C)O[Si@@](CC(C)C)(O1)O[Si@]1(CC(C)C)O[Si@@]4(CC(C)C)O[Ti](OC(C)C)(O2)O[Si@@](CC(C)C)(O[Si@@](CCCN(CP2(=O)Oc5ccccc5-c5ccccc52)CP2(=O)Oc5ccccc5-c5ccccc52)(O3)O4)O1,0.8461538461538461,Zr-POSS-bisDOPO,CCCCO[Zr]12O[Si]3(CCCN(CP4(=O)Oc5ccccc5-c5ccccc54)CP4(=O)Oc5ccccc5-c5ccccc54)O[Si]4(CC(C)C)O[Si]5(CC(C)C)O[Si](CC(C)C)(O3)O[Si](CC(C)C)(O[Si](CC(C)C)(O5)O[Si](CC(C)C)(O4)O1)O2,0.53125,PDC,CC(C)C[Si]12O[Si]3(CCCNC(c4ccc(O)c(O)c4)P4(=O)Oc5ccccc5-c5ccccc54)O[Si]4(CC(C)C)O[Si](CC(C)C)(O1)O[Si]1(CC(C)C)O[Si](CC(C)C)(O2)O[Si](CC(C)C)(O3)O[Si](CC(C)C)(O4)O1,0.3546099290780142,0.8461538461538461,True,0.9765706765613605,-1.9562667482507197,0.4405256521813703,True,True,True,True,0.2667201184991049,0.9233567507654638,0.6818101934636044,0.7544710613759645,0.4439295272325957,0.25392000481878363,0.5950565780259655,0.436005117190017,0.0,0.01899999999999995,0.5277558104474629,1.0,True,True,69
102,FORM_001128,PUBCHEM_68009578,"1,3-Bis(2-methylbutyl)-5-[3-(6-oxobenzo[c][2,1]benzoxaphosphinin-6-yl)propyl]-1,3,5-triazinane-2,4,6-trione",pubchem,P-N,PUBLIC_UNVERIFIED,False,True,True,True,True,Candidate,,"1,3-Bis(2-methylbutyl)-5-[3-(6-oxobenzo[c][2,1]benzoxaphosphinin-6-yl)propyl]-1,3,5-triazinane-2,4,6-trione",,DDM,DOPO-based (additive),0,1,P-N,100.00%,0.00%,CCC(C)Cn1c(=O)n(CCCP2(=O)Oc3ccccc3-c3ccccc32)c(=O)n(CC(C)CC)c1=O,,NC1=CC=C(CC2=CC=C(N)C=C2)C=C1,10.0,0.5893231554873986,0.7995075972343247,0.0,0.0,0.0,1.3566539678439982,0.0,0.0,0.0,1,1,0,0,0,1,0,0,0,0,0,160.0,3.2,,24.8,,3.2,,,3.0,35.0,,1184.0,,,87.2,,,159.0,,,17.0,,,62.6,,,97.55,,,,,Virtual screening scenario,,,,,,,,,,,,,,,,,,,,,,,,,,,,,,,,34.31119842038762,27.904785627884483,40.71761121289076,12.812825585006273,True,GBDT,compact,260,757.8073583014366,227.60110210509674,1288.0136144977764,1060.4125123926797,True,GBDT,compact,330,65.5135930989459,34.98884001079307,96.03834618709874,61.04950617630567,True,GBDT,descriptors,30,0.657294908881145,1,0.9010332465602893,ExtraTrees,morgan_r3,ALL,154.52320861816406,127.32679748535156,181.71961975097656,54.392822265625,True,XGB,morgan_r3,270,79.5869496639473,55.48803398059882,103.68586534729576,48.197831366696946,True,GBDT,compact,140,1125,True,CCC(C)Cn1c(=O)n(CCCP2(=O)Oc3ccccc3-c3ccccc32)c(=O)n(CC(C)CC)c1=O,O=c1[nH]c(=O)n(CCCP2(=O)Oc3ccccc3-c3ccccc32)c(=O)[nH]1,0.7571428571428571,True,In_domain,Maximum Tanimoto >= 0.70.,TAD,O=c1n(CCCP2(=O)Oc3ccccc3-c3ccccc32)c(=O)n(CCCP2(=O)Oc3ccccc3-c3ccccc32)c(=O)n1CCCP1(=O)Oc2ccccc2-c2ccccc21,0.7571428571428571,TGIC-DOPO,O=c1n(CC(O)CP2(=O)Oc3ccccc3-c3ccccc32)c(=O)n(CC(O)CP2(=O)Oc3ccccc3-c3ccccc32)c(=O)n1CC(O)CP1(=O)Oc2ccccc2-c2ccccc21,0.5060240963855421,DOPO-VTS,CO[Si](CCP1(=O)Oc2ccccc2-c2ccccc21)(OC)OC,0.4578313253012048,0.7571428571428571,True,0.9835055410933816,-2.4631625395410857,-0.10455496277421221,True,True,True,True,0.42730849243787433,0.7106200809265943,0.40575100340941583,0.8659168360185122,0.11379381129163799,1.0,0.5932986636876432,0.483971735670369,0.0,0.0,0.5207029033370878,1.0,True,True,70
103,FORM_000429,CAND_R2_148,DTB-boronic-acid,designed,P-N-B,B,True,True,True,True,True,Candidate,,DTB-boronic-acid,,DDM,DOPO-based (additive),0,1,P-N-B,100.00%,0.00%,CCC(O)Cn1c(=O)n(CC(O)COB(O)OC)c(=O)n(CC(O)CP2(=O)Oc3ccc(B(O)O)cc3-c3ccccc32)c1=O,,NC1=CC=C(CC2=CC=C(N)C=C2)C=C1,10.0,0.4771367481868986,0.6473094626319389,0.0,0.3331053478011718,0.0,1.3566539678439986,0.0,0.6981339187705818,0.0,1,1,0,1,0,1,0,0,0,0,0,160.0,3.2,,24.8,,3.2,,,3.0,35.0,,1184.0,,,87.2,,,159.0,,,17.0,,,62.6,,,97.55,,,,,Virtual screening scenario,,,,,,,,,,,,,,,,,,,,,,,,,,,,,,,,34.128397694479744,27.721984901976608,40.53481048698288,12.812825585006273,True,GBDT,compact,260,632.7726114840748,102.56635528773495,1162.9788676804146,1060.4125123926797,True,GBDT,compact,330,67.43527618430716,36.91052309615432,97.96002927245999,61.04950617630567,True,GBDT,descriptors,30,0.6384022937782519,1,0.9233792203076738,ExtraTrees,morgan_r3,ALL,157.47402954101562,130.27761840820312,184.67044067382812,54.392822265625,True,XGB,morgan_r3,270,74.24946121703675,50.15054553368828,98.34837690038523,48.197831366696946,True,GBDT,compact,140,426,True,CCC(O)Cn1c(=O)n(CC(O)COB(O)OC)c(=O)n(CC(O)CP2(=O)Oc3ccc(B(O)O)cc3-c3ccccc32)c1=O,O=c1[nH]c(=O)n(CCCP2(=O)Oc3ccccc3-c3ccccc32)c(=O)[nH]1,0.776595744680851,True,In_domain,Maximum Tanimoto >= 0.70.,DTB,CCC(O)Cn1c(=O)n(CC(O)COB(O)OC)c(=O)n(CC(O)CP2(=O)Oc3ccccc3-c3ccccc32)c1=O,0.776595744680851,TGIC-DOPO,O=c1n(CC(O)CP2(=O)Oc3ccccc3-c3ccccc32)c(=O)n(CC(O)CP2(=O)Oc3ccccc3-c3ccccc32)c(=O)n1CC(O)CP1(=O)Oc2ccccc2-c2ccccc21,0.5212765957446809,TDA,CCO[Si](CCCNCC(O)Cn1c(=O)n(CC(O)CNCCC[Si](OCC)(OCC)OCC)c(=O)n(CC(O)CP2(=O)Oc3ccccc3-c3ccccc32)c1=O)(OCC)OCC,0.4369747899159664,0.776595744680851,True,0.987229870051279,-4.8220976183711,-0.9131400295403354,True,True,True,True,0.40701020393809695,0.5774137593699648,0.6763019155170016,0.7859058935807702,0.19632400607203046,0.8727598712232867,0.5962347422106984,0.5097319311859302,0.0,0.0,0.5197749525328088,1.0,True,True,71
105,FORM_000060,CAND_R2_001,APN-DOPO-amino,designed,P-N,B,True,True,True,True,True,Candidate,,APN-DOPO-amino,,DDM,DOPO-based (Co-curing),2,1,P-N,100.00%,0.00%,N#Cc1cc(Oc2cccc(NCP3(=O)Oc4ccccc4-c4ccccc43)c2)cc(N)c1C#N,,NC1=CC=C(CC2=CC=C(N)C=C2)C=C1,10.19,0.6596851904491186,1.193286041534294,0.0,0.0,0.0,1.808871957125331,0.0,0.0,0.0,1,1,0,0,0,1,0,0,0,0,0,170.0,3.0,,24.0,,3.0,,,3.0,35.0,,1208.0,,,88.0,,,164.3,,,16.5,,,58.7,,,101.3,,,,,Virtual screening scenario,,,,,,,,,,,,,,,,,,,,,,,,,,,,,,,,34.33833049407561,27.931917701572477,40.74474328657875,12.812825585006273,True,GBDT,compact,260,822.0823384871346,291.8760822907948,1352.2885946834745,1060.4125123926797,True,GBDT,compact,330,65.28831648817355,34.763563400020715,95.81306957632638,61.04950617630567,True,GBDT,descriptors,30,0.6887650905645246,1,0.8574709623366673,ExtraTrees,morgan_r3,ALL,164.01104736328125,136.81463623046875,191.20745849609375,54.392822265625,True,XGB,morgan_r3,270,66.25187301096751,42.15295732761904,90.35078869431598,48.197831366696946,True,GBDT,compact,140,57,True,N#Cc1cc(Oc2cccc(NCP3(=O)Oc4ccccc4-c4ccccc43)c2)cc(N)c1C#N,O=P1(CNc2cccc(Oc3ccccc3)c2)Oc2ccccc2-c2ccccc21,0.7052631578947368,True,In_domain,Maximum Tanimoto >= 0.70.,APN-DOPO,N#Cc1ccc(Oc2cccc(NCP3(=O)Oc4ccccc4-c4ccccc43)c2)cc1C#N,0.7052631578947368,PBD,N#Cc1ccc(Oc2cccc(NC(c3ccc(C(Nc4cccc(Oc5ccc(C#N)c(C#N)c5)c4)P4(=O)Oc5ccccc5-c5ccccc54)cc3)P3(=O)Oc4ccccc4-c4ccccc43)c2)cc1C#N,0.39166666666666666,DPAK,CO[Si](CCCNCP1(=O)Oc2ccccc2-c2ccccc21)(OC)OC,0.37735849056603776,0.7052631578947368,True,0.9762451603894445,-0.38168912731582755,4.576210404418451,True,True,True,True,0.43032125213333466,0.9325071578575106,0.26667242759289767,0.8752964231493883,0.37915494304164,0.43913948726825996,0.5827888951776162,0.4337536081727345,0.0,0.01899999999999995,0.515825853951706,1.0,True,True,72
106,FORM_000837,CAND_R2_286,DGEBDB-carboxamide,designed,P-N,B,True,True,True,True,True,Candidate,,DGEBDB-carboxamide,,DDM,DOPO-based (additive),0,1,P-N,100.00%,0.00%,COc1cc(C(c2cc(OC)c(OCC3CO3)c(C(N)=O)c2)P2(=O)Oc3ccccc3-c3ccccc32)ccc1OCC1CO1,,NC1=CC=C(CC2=CC=C(N)C=C2)C=C1,10.0,0.491961588432057,0.2224738803243953,0.0,0.0,0.0,0.4522179892813327,0.0,0.0,0.0,1,1,0,0,0,1,0,0,0,0,0,160.0,3.2,,24.8,,3.2,,,3.0,35.0,,1184.0,,,87.2,,,159.0,,,17.0,,,62.6,,,97.55,,,,,Virtual screening scenario,,,,,,,,,,,,,,,,,,,,,,,,,,,,,,,,34.20033595384402,27.79392316134088,40.60674874634715,12.812825585006273,True,GBDT,compact,260,745.708738332731,215.5024821363911,1275.9149945290708,1060.4125123926797,True,GBDT,compact,330,63.65630257834424,33.131549490191404,94.18105566649707,61.04950617630567,True,GBDT,descriptors,30,0.6465750959468921,1,0.9140629649926375,ExtraTrees,morgan_r3,ALL,155.8978729248047,128.7014617919922,183.0942840576172,54.392822265625,True,XGB,morgan_r3,270,74.67078061261738,50.571864929268905,98.76969629596584,48.197831366696946,True,GBDT,compact,140,834,True,COc1cc(C(c2cc(OC)c(OCC3CO3)c(C(N)=O)c2)P2(=O)Oc3ccccc3-c3ccccc32)ccc1OCC1CO1,O=P1(C(c2ccc(OCC3CO3)cc2)c2ccc(OCC3CO3)cc2)Oc2ccccc2-c2ccccc21,0.7684210526315789,True,In_domain,Maximum Tanimoto >= 0.70.,DGEBDB,COc1cc(C(c2ccc(OCC3CO3)c(OC)c2)P2(=O)Oc3ccccc3-c3ccccc32)ccc1OCC1CO1,0.7684210526315789,HBFR,COc1ccc(C(c2ccc(OCC(O)Cn3c(=O)n(CC(O)COc4cc(C(c5ccc(OC)c(O)c5)P5(=O)Oc6ccccc6-c6ccccc65)ccc4OC)c(=O)n(CC(O)COc4cc(C(c5ccc(O)c(OC)c5)P5(=O)Oc6ccccc6-c6ccccc65)ccc4OC)c3=O)c(OC)c2)P2(=O)Oc3ccccc3-c3ccccc32)cc1O,0.45588235294117646,DOPO-PHE,O=P1(C(c2ccc(O)cc2)c2ccc(O)cc2)Oc2ccccc2-c2ccccc21,0.40384615384615385,0.7684210526315789,True,0.9856771608321062,0.7309554380857571,0.04757660230788172,True,True,True,True,0.4149982659958141,0.6350378049436186,0.431930067638319,0.9432467381579631,0.15224118439588888,0.8956033427014416,0.589827028056876,0.4989922533763511,0.0,0.0,0.5149781900504233,1.0,True,True,73
107,FORM_000420,CAND_R2_145,DTB-hydroxy,designed,P-N-B,B,True,True,True,True,True,Candidate,,DTB-hydroxy,,DDM,DOPO-based (additive),0,1,P-N-B,100.00%,0.00%,CCC(O)Cn1c(=O)n(CC(O)COB(O)OC)c(=O)n(CC(O)CP2(=O)Oc3ccc(O)cc3-c3ccccc32)c1=O,,NC1=CC=C(CC2=CC=C(N)C=C2)C=C1,10.0,0.4984992234587868,0.676290949472515,0.0,0.1740096081886873,0.0,1.3566539678439982,0.0,0.3490669593852908,0.0,1,1,0,1,0,1,0,0,0,0,0,160.0,3.2,,24.8,,3.2,,,3.0,35.0,,1184.0,,,87.2,,,159.0,,,17.0,,,62.6,,,97.55,,,,,Virtual screening scenario,,,,,,,,,,,,,,,,,,,,,,,,,,,,,,,,34.781655555028095,28.37524276252496,41.18806834753123,12.812825585006273,True,GBDT,compact,260,630.7394267054069,100.53317050906708,1160.9456829017467,1060.4125123926797,True,GBDT,compact,330,67.43527618430716,36.91052309615432,97.96002927245999,61.04950617630567,True,GBDT,descriptors,30,0.6291693991441563,1,0.9332610652989506,ExtraTrees,morgan_r3,ALL,157.4239044189453,130.2274932861328,184.6203155517578,54.392822265625,True,XGB,morgan_r3,270,73.23512208968857,49.1362064063401,97.33403777303704,48.197831366696946,True,GBDT,compact,140,417,True,CCC(O)Cn1c(=O)n(CC(O)COB(O)OC)c(=O)n(CC(O)CP2(=O)Oc3ccc(O)cc3-c3ccccc32)c1=O,O=c1[nH]c(=O)n(CCCP2(=O)Oc3ccccc3-c3ccccc32)c(=O)[nH]1,0.7684210526315789,True,In_domain,Maximum Tanimoto >= 0.70.,DTB,CCC(O)Cn1c(=O)n(CC(O)COB(O)OC)c(=O)n(CC(O)CP2(=O)Oc3ccccc3-c3ccccc32)c1=O,0.7684210526315789,TGIC-DOPO,O=c1n(CC(O)CP2(=O)Oc3ccccc3-c3ccccc32)c(=O)n(CC(O)CP2(=O)Oc3ccccc3-c3ccccc32)c(=O)n1CC(O)CP1(=O)Oc2ccccc2-c2ccccc21,0.5157894736842106,TDA,CCO[Si](CCCNCC(O)Cn1c(=O)n(CC(O)CNCCC[Si](OCC)(OCC)OCC)c(=O)n(CC(O)CP2(=O)Oc3ccccc3-c3ccccc32)c1=O)(OCC)OCC,0.43333333333333335,0.7684210526315789,True,0.9888768442164917,-4.719460601274681,-0.8313135102619748,True,True,True,True,0.47954829946426236,0.5123153108582241,0.680701332561892,0.7859058935807702,0.19492207888091642,0.817763526009171,0.5929627277820384,0.52112361462329,0.0,0.0,0.514794185588545,1.0,True,True,74
110,FORM_001212,PUBCHEM_123394252,"1-Ethyl-3-(2-methylbutyl)-5-[3-(6-oxobenzo[c][2,1]benzoxaphosphinin-6-yl)propyl]-1,3,5-triazinane-2,4,6-trione",pubchem,P-N,PUBLIC_UNVERIFIED,False,True,True,True,True,Candidate,,"1-Ethyl-3-(2-methylbutyl)-5-[3-(6-oxobenzo[c][2,1]benzoxaphosphinin-6-yl)propyl]-1,3,5-triazinane-2,4,6-trione",,DDM,DOPO-based (additive),0,1,P-N,100.00%,0.00%,CCC(C)Cn1c(=O)n(CC)c(=O)n(CCCP2(=O)Oc3ccccc3-c3ccccc32)c1=O,,NC1=CC=C(CC2=CC=C(N)C=C2)C=C1,10.0,0.640613850942596,0.8690913227370964,0.0,0.0,0.0,1.356653967843998,0.0,0.0,0.0,1,1,0,0,0,1,0,0,0,0,0,160.0,3.2,,24.8,,3.2,,,3.0,35.0,,1184.0,,,87.2,,,159.0,,,17.0,,,62.6,,,97.55,,,,,Virtual screening scenario,,,,,,,,,,,,,,,,,,,,,,,,,,,,,,,,34.795845427478106,28.38943263497497,41.202258219981246,12.812825585006273,True,GBDT,compact,260,792.8479144472799,262.64165825094005,1323.0541706436197,1060.4125123926797,True,GBDT,compact,330,66.88744804676479,36.362694958611954,97.41220113491762,61.04950617630567,True,GBDT,descriptors,30,0.6575367582227232,1,0.900728679234701,ExtraTrees,morgan_r3,ALL,153.3048095703125,126.1083984375,180.501220703125,54.392822265625,True,XGB,morgan_r3,270,79.3369804138644,55.23806473051592,103.43589609721286,48.197831366696946,True,GBDT,compact,140,1209,True,CCC(C)Cn1c(=O)n(CC)c(=O)n(CCCP2(=O)Oc3ccccc3-c3ccccc32)c1=O,O=c1[nH]c(=O)n(CCCP2(=O)Oc3ccccc3-c3ccccc32)c(=O)[nH]1,0.7066666666666667,True,In_domain,Maximum Tanimoto >= 0.70.,TAD,O=c1n(CCCP2(=O)Oc3ccccc3-c3ccccc32)c(=O)n(CCCP2(=O)Oc3ccccc3-c3ccccc32)c(=O)n1CCCP1(=O)Oc2ccccc2-c2ccccc21,0.7066666666666667,TGIC-DOPO,O=c1n(CC(O)CP2(=O)Oc3ccccc3-c3ccccc32)c(=O)n(CC(O)CP2(=O)Oc3ccccc3-c3ccccc32)c(=O)n1CC(O)CP1(=O)Oc2ccccc2-c2ccccc21,0.4606741573033708,DOPO-VTS,CO[Si](CCP1(=O)Oc2ccccc2-c2ccccc21)(OC)OC,0.4318181818181818,0.7066666666666667,True,0.9834547798724502,-2.3298501019033777,-0.08692766795747688,True,True,True,True,0.4811239503449406,0.7123252901306709,0.32993004429744366,0.8087151933620804,0.07971695154026348,1.0,0.5743905907810535,0.48362063376970893,0.0,0.0,0.5018474957155972,1.0,True,True,75
113,FORM_000426,CAND_R2_147,DTB-carboxamide,designed,P-N-B,B,True,True,True,True,True,Candidate,,DTB-carboxamide,,DDM,DOPO-based (additive),0,1,P-N-B,100.00%,0.00%,CCC(O)Cn1c(=O)n(CC(O)COB(O)OC)c(=O)n(CC(O)CP2(=O)Oc3ccc(C(N)=O)cc3-c3ccccc32)c1=O,,NC1=CC=C(CC2=CC=C(N)C=C2)C=C1,10.0,0.4777203175342511,0.8641348857367152,0.0,0.1667563786782567,0.0,1.8088719571253309,0.0,0.3490669593852909,0.0,1,1,0,1,0,1,0,0,0,0,0,160.0,3.2,,24.8,,3.2,,,3.0,35.0,,1184.0,,,87.2,,,159.0,,,17.0,,,62.6,,,97.55,,,,,Virtual screening scenario,,,,,,,,,,,,,,,,,,,,,,,,,,,,,,,,33.96623810798026,27.559825315477124,40.37265090048339,12.812825585006273,True,GBDT,compact,260,651.3338827861157,121.1276265897759,1181.5401389824556,1060.4125123926797,True,GBDT,compact,330,67.43527618430716,36.91052309615432,97.96002927245999,61.04950617630567,True,GBDT,descriptors,30,0.6367658616282781,1,0.9251803963722988,ExtraTrees,morgan_r3,ALL,157.7195587158203,130.5231475830078,184.9159698486328,54.392822265625,True,XGB,morgan_r3,270,73.04160157038541,48.94268588703694,97.14051725373389,48.197831366696946,True,GBDT,compact,140,423,True,CCC(O)Cn1c(=O)n(CC(O)COB(O)OC)c(=O)n(CC(O)CP2(=O)Oc3ccc(C(N)=O)cc3-c3ccccc32)c1=O,O=c1[nH]c(=O)n(CCCP2(=O)Oc3ccccc3-c3ccccc32)c(=O)[nH]1,0.7373737373737373,True,In_domain,Maximum Tanimoto >= 0.70.,DTB,CCC(O)Cn1c(=O)n(CC(O)COB(O)OC)c(=O)n(CC(O)CP2(=O)Oc3ccccc3-c3ccccc32)c1=O,0.7373737373737373,TGIC-DOPO,O=c1n(CC(O)CP2(=O)Oc3ccccc3-c3ccccc32)c(=O)n(CC(O)CP2(=O)Oc3ccccc3-c3ccccc32)c(=O)n1CC(O)CP1(=O)Oc2ccccc2-c2ccccc21,0.494949494949495,TDA,CCO[Si](CCCNCC(O)Cn1c(=O)n(CC(O)CNCCC[Si](OCC)(OCC)OCC)c(=O)n(CC(O)CP2(=O)Oc3ccccc3-c3ccccc32)c1=O)(OCC)OCC,0.41935483870967744,0.7373737373737373,True,0.9875300660620497,-4.8238164853102194,-0.7922939704482115,True,True,True,True,0.38900391838630993,0.565875753329624,0.6361389287595778,0.7859058935807702,0.20319110209401406,0.8072710575647801,0.5764311147771359,0.5118083073647987,0.0,0.0,0.49965986867241613,1.0,True,True,76
114,FORM_000489,CAND_R2_168,DTB-OH-acetyl-3,designed,P-N-B,B,True,True,True,True,True,Candidate,,DTB-OH-acetyl-3,,DDM,DOPO-based (additive),0,1,P-N-B,100.00%,0.00%,CCC(O)Cn1c(=O)n(CC(O)COB(O)OC)c(=O)n(CC(CP2(=O)Oc3ccccc3-c3ccccc32)OC(C)=O)c1=O,,NC1=CC=C(CC2=CC=C(N)C=C2)C=C1,10.0,0.47844938776582,0.6490902603250315,0.0,0.1670108730071687,0.0,1.3566539678439984,0.0,0.3490669593852908,0.0,1,1,0,1,0,1,0,0,0,0,0,160.0,3.2,,24.8,,3.2,,,3.0,35.0,,1184.0,,,87.2,,,159.0,,,17.0,,,62.6,,,97.55,,,,,Virtual screening scenario,,,,,,,,,,,,,,,,,,,,,,,,,,,,,,,,34.26864547291364,27.862232680410504,40.67505826541678,12.812825585006273,True,GBDT,compact,260,670.7019493506093,140.49569315426947,1200.9082055469491,1060.4125123926797,True,GBDT,compact,330,67.15081570278639,36.626062614633554,97.67556879093922,61.04950617630567,True,GBDT,descriptors,30,0.6360488353635523,1,0.9259628575848842,ExtraTrees,morgan_r3,ALL,157.4555206298828,130.2591094970703,184.6519317626953,54.392822265625,True,XGB,morgan_r3,270,73.04160157038541,48.94268588703694,97.14051725373389,48.197831366696946,True,GBDT,compact,140,486,True,CCC(O)Cn1c(=O)n(CC(O)COB(O)OC)c(=O)n(CC(CP2(=O)Oc3ccccc3-c3ccccc32)OC(C)=O)c1=O,O=c1[nH]c(=O)n(CCCP2(=O)Oc3ccccc3-c3ccccc32)c(=O)[nH]1,0.7708333333333334,True,In_domain,Maximum Tanimoto >= 0.70.,DTB,CCC(O)Cn1c(=O)n(CC(O)COB(O)OC)c(=O)n(CC(O)CP2(=O)Oc3ccccc3-c3ccccc32)c1=O,0.7708333333333334,TGIC-DOPO,O=c1n(CC(O)CP2(=O)Oc3ccccc3-c3ccccc32)c(=O)n(CC(O)CP2(=O)Oc3ccccc3-c3ccccc32)c(=O)n1CC(O)CP1(=O)Oc2ccccc2-c2ccccc21,0.5208333333333334,TDA,CCO[Si](CCCNCC(O)Cn1c(=O)n(CC(O)CNCCC[Si](OCC)(OCC)OCC)c(=O)n(CC(O)CP2(=O)Oc3ccccc3-c3ccccc32)c1=O)(OCC)OCC,0.4380165289256198,0.7708333333333334,True,0.9876604762641473,-4.358079412692879,-0.47340529435047324,True,True,True,True,0.4225833908276214,0.5608202101629721,0.594230193722602,0.7977496525159185,0.1958063385886754,0.8072710575647801,0.5753844290611683,0.5127103201411226,0.0,0.0,0.4984778810399999,1.0,True,True,77
115,FORM_000846,CAND_R2_289,DGEBDB-trimethoxysilyl,designed,P-Si,B,True,True,True,True,True,Candidate,,DGEBDB-trimethoxysilyl,,DDS,DOPO-based (Additive + Secondary Crosslinking),3,1,P-Si,100.00%,0.00%,COc1cc(C(c2cc(OC)c(OCC3CO3)c([Si](OC)(OC)OC)c2)P2(=O)Oc3ccccc3-c3ccccc32)ccc1OCC1CO1,,NC1=CC=C(C=C1)S(=O)(=O)C1=CC=C(N)C=C1,10.0,0.4382552984972204,0.0,0.0,0.0,0.3973925974557026,0.0,0.0,0.0,0.906760508813844,1,0,0,0,1,1,1,0,0,0,0,250.0,4.0,,22.4,,3.0,,,4.0,35.0,,867.99,,,114.145,,,180.0,,,16.9,,,52.14,,,95.65,,,,,Virtual screening scenario,,,,,,,,,,,,,,,,,,,,,,,,,,,,,,,,39.001484885998785,32.595072093495645,45.407897678501925,12.812825585006273,True,GBDT,compact,260,452.33659618966476,-77.86966000667508,982.5428523860046,1060.4125123926797,True,GBDT,compact,330,84.64683985355093,54.122086765398095,115.17159294170376,61.04950617630567,True,GBDT,descriptors,30,0.6110841157613687,1,0.9506412769020594,ExtraTrees,morgan_r3,ALL,177.77069091796875,150.57427978515625,204.96710205078125,54.392822265625,True,XGB,morgan_r3,270,61.736512282570246,37.63759659922177,85.83542796591871,48.197831366696946,True,GBDT,compact,140,843,True,COc1cc(C(c2cc(OC)c(OCC3CO3)c([Si](OC)(OC)OC)c2)P2(=O)Oc3ccccc3-c3ccccc32)ccc1OCC1CO1,O=P1(C(c2ccc(OCC3CO3)cc2)c2ccc(OCC3CO3)cc2)Oc2ccccc2-c2ccccc21,0.7604166666666666,True,In_domain,Maximum Tanimoto >= 0.70.,DGEBDB,COc1cc(C(c2ccc(OCC3CO3)c(OC)c2)P2(=O)Oc3ccccc3-c3ccccc32)ccc1OCC1CO1,0.7604166666666666,HBFR,COc1ccc(C(c2ccc(OCC(O)Cn3c(=O)n(CC(O)COc4cc(C(c5ccc(OC)c(O)c5)P5(=O)Oc6ccccc6-c6ccccc65)ccc4OC)c(=O)n(CC(O)COc4cc(C(c5ccc(O)c(OC)c5)P5(=O)Oc6ccccc6-c6ccccc65)ccc4OC)c3=O)c(OC)c2)P2(=O)Oc3ccccc3-c3ccccc32)cc1O,0.4316546762589928,DOPO-PHE,O=P1(C(c2ccc(O)cc2)c2ccc(O)cc2)Oc2ccccc2-c2ccccc21,0.3867924528301887,0.7604166666666666,True,0.9917735461503433,0.8000720543371147,0.026803669456839936,True,True,True,True,0.9481203620447641,0.38480124990847964,1.0,0.06928750811763629,0.7639922789446753,0.19432162439589867,0.5762732143482335,0.5411593335433622,0.0,0.0,0.4950993143167292,1.0,True,True,78
117,FORM_001206,PUBCHEM_122234885,"4-[[4-[4-[[(4-Hydroxy-3-methoxyphenyl)-(6-oxobenzo[c][2,1]benzoxaphosphinin-6-yl)methyl]amino]phenoxy]anilino]-(6-oxobenzo[c][2,1]benzoxaphosphinin-6-yl)methyl]-2-methoxyphenol",pubchem,P-N,PUBLIC_UNVERIFIED,False,True,True,True,True,Candidate,,"4-[[4-[4-[[(4-Hydroxy-3-methoxyphenyl)-(6-oxobenzo[c][2,1]benzoxaphosphinin-6-yl)methyl]amino]phenoxy]anilino]-(6-oxobenzo[c][2,1]benzoxaphosphinin-6-yl)methyl]-2-methoxyphenol",,DDM,DOPO-based (reactive),1,1,P-N,100.00%,0.00%,COc1cc(C(Nc2ccc(Oc3ccc(NC(c4ccc(O)c(OC)c4)P4(=O)Oc5ccccc5-c5ccccc54)cc3)cc2)P2(=O)Oc3ccccc3-c3ccccc32)ccc1O,,NC1=CC=C(CC2=CC=C(N)C=C2)C=C1,10.0,0.6876532561627152,0.3109691728246643,0.0,0.0,0.0,0.4522179892813327,0.0,0.0,0.0,1,1,0,0,0,1,0,0,0,0,0,160.0,3.2,,24.7,,3.0,,,3.0,35.0,,1149.8,,,93.5,,,164.0,,,16.0,,,59.0,,,105.1,,,,,Virtual screening scenario,,,,,,,,,,,,,,,,,,,,,,,,,,,,,,,,33.56595693785762,27.159544145354484,39.972369730360754,12.812825585006273,True,GBDT,compact,260,666.5896848760885,136.3834286797487,1196.7959410724284,1060.4125123926797,True,GBDT,compact,330,74.32381184145426,43.79905875330142,104.8485649296071,61.04950617630567,True,GBDT,descriptors,30,0.7022112689530955,1,0.8364424108335156,ExtraTrees,morgan_r3,ALL,160.50198364257812,133.30557250976562,187.69839477539062,54.392822265625,True,XGB,morgan_r3,270,65.30400451579284,41.20508883244437,89.4029201991413,48.197831366696946,True,GBDT,compact,140,1203,True,COc1cc(C(Nc2ccc(Oc3ccc(NC(c4ccc(O)c(OC)c4)P4(=O)Oc5ccccc5-c5ccccc54)cc3)cc2)P2(=O)Oc3ccccc3-c3ccccc32)ccc1O,O=P1(C(Nc2ccc(Oc3ccc(NC(c4ccccc4)P4(=O)Oc5ccccc5-c5ccccc54)cc3)cc2)c2ccccc2)Oc2ccccc2-c2ccccc21,0.7093023255813954,True,In_domain,Maximum Tanimoto >= 0.70.,DOPO-DDE,O=P1(C(Nc2ccc(Oc3ccc(NC(c4ccc(O)cc4)P4(=O)Oc5ccccc5-c5ccccc54)cc3)cc2)c2ccc(O)cc2)Oc2ccccc2-c2ccccc21,0.7093023255813954,VDG,COc1cc(C(Nc2nnc(NC(c3ccc(O)c(OC)c3)P3(=O)Oc4ccccc4-c4ccccc43)[nH]2)P2(=O)Oc3ccccc3-c3ccccc32)ccc1O,0.6739130434782609,VAD,COc1cc(C(Nc2ncccn2)P2(=O)Oc3ccccc3-c3ccccc32)ccc1O,0.6739130434782609,0.7093023255813954,True,0.972740401805586,2.41749850038624,-0.03760582195734225,True,True,True,True,0.344556487273413,1.0,0.6031283355010179,0.49909573526545203,0.2810115043382925,0.3877471061870982,0.5562319726605157,0.4166666666666667,0.0,0.0,0.4937319726605157,1.0,True,True,79
118,FORM_000270,CAND_R2_090,DOPO-HPM-carboxamide,designed,P-N,B,True,True,True,True,True,Candidate,,DOPO-HPM-carboxamide,,DDM,DOPO-based (additive),0,1,P-N,100.00%,0.00%,NC(=O)c1cc(N2C(=O)CC(P3(=O)Oc4ccccc4-c4ccccc43)C2=O)ccc1OCC(O)Cn1c(=O)n(CC2CO2)c(=O)n(CC2CO2)c1=O,,NC1=CC=C(CC2=CC=C(N)C=C2)C=C1,10.0,0.4154026484701692,0.9392627521666012,0.0,0.0,0.0,2.2610899464066643,0.0,0.0,0.0,1,1,0,0,0,1,0,0,0,0,0,160.0,3.2,,24.8,,3.2,,,3.0,35.0,,1184.0,,,87.2,,,159.0,,,17.0,,,62.6,,,97.55,,,,,Virtual screening scenario,,,,,,,,,,,,,,,,,,,,,,,,,,,,,,,,33.76861878722006,27.362205994716927,40.175031579723196,12.812825585006273,True,GBDT,compact,260,737.599555284325,207.39329908798516,1267.805811480665,1060.4125123926797,True,GBDT,compact,330,64.59151325750999,34.06676016935715,95.11626634566282,61.04950617630567,True,GBDT,descriptors,30,0.6282834432980294,1,0.934173432702405,ExtraTrees,morgan_r3,ALL,162.76620483398438,135.56979370117188,189.96261596679688,54.392822265625,True,XGB,morgan_r3,270,74.72479479767077,50.625879114322295,98.82371048101925,48.197831366696946,True,GBDT,compact,140,267,True,NC(=O)c1cc(N2C(=O)CC(P3(=O)Oc4ccccc4-c4ccccc43)C2=O)ccc1OCC(O)Cn1c(=O)n(CC2CO2)c(=O)n(CC2CO2)c1=O,O=C1CC(P2(=O)Oc3ccccc3-c3ccccc32)C(=O)N1c1ccc(OCCCn2c(=O)n(CC3CO3)c(=O)n(CC3CO3)c2=O)cc1,0.711864406779661,True,In_domain,Maximum Tanimoto >= 0.70.,DOPO-HPM,O=C1CC(P2(=O)Oc3ccccc3-c3ccccc32)C(=O)N1c1ccc(OCC(O)Cn2c(=O)n(CC3CO3)c(=O)n(CC3CO3)c2=O)cc1,0.711864406779661,DMT,O=C1CC(P2(=O)Oc3ccccc3-c3ccccc32)C(=O)N1c1ccc(OCC(O)Cn2c(=O)n(CC(O)COc3ccc(N4C(=O)CC(P5(=O)Oc6ccccc6-c6ccccc65)C4=O)cc3)c(=O)n(CC(O)COc3ccc(N4C(=O)CC(P5(=O)Oc6ccccc6-c6ccccc65)C4=O)cc3)c2=O)cc1,0.6050420168067226,BMP,O=C1CC(P2(=O)Oc3ccccc3-c3ccccc32)C(=O)N1c1ccc(Cc2ccc(N3C(=O)CC(P4(=O)Oc5ccccc5-c5ccccc54)C3=O)cc2)cc1,0.4661016949152542,0.711864406779661,True,0.9890289054504008,-2.3566854393633507,1.0019323412733787,True,True,True,True,0.36706016534048175,0.5060686944590961,0.44947676506474155,0.9043084301778906,0.34433849734743427,0.8985319320534283,0.5696698539485283,0.5221753818436718,0.0,0.0,0.49134354667197755,1.0,True,True,80
119,FORM_000849,CAND_R2_290,DGEBDB-triethoxysilyl,designed,P-Si,B,True,True,True,True,True,Candidate,,DGEBDB-triethoxysilyl,,DDS,DOPO-based (Additive + Secondary Crosslinking),3,1,P-Si,100.00%,0.00%,CCO[Si](OCC)(OCC)c1cc(C(c2ccc(OCC3CO3)c(OC)c2)P2(=O)Oc3ccccc3-c3ccccc32)cc(OC)c1OCC1CO1,,NC1=CC=C(C=C1)S(=O)(=O)C1=CC=C(N)C=C1,10.0,0.4136275135610105,0.0,0.0,0.0,0.3750610946559869,0.0,0.0,0.0,0.9067605088138438,1,0,0,0,1,1,1,0,0,0,0,250.0,4.0,,22.4,,3.0,,,4.0,35.0,,867.99,,,114.145,,,180.0,,,16.9,,,52.14,,,95.65,,,,,Virtual screening scenario,,,,,,,,,,,,,,,,,,,,,,,,,,,,,,,,39.001484885998785,32.595072093495645,45.407897678501925,12.812825585006273,True,GBDT,compact,260,452.33659618966476,-77.86966000667508,982.5428523860046,1060.4125123926797,True,GBDT,compact,330,87.36323320148978,56.83848011333694,117.88798628964261,61.04950617630567,True,GBDT,descriptors,30,0.6107489351310674,1,0.9509386934693385,ExtraTrees,morgan_r3,ALL,179.99911499023438,152.80270385742188,207.19552612304688,54.392822265625,True,XGB,morgan_r3,270,61.538604318047376,37.4396886346989,85.63752000139584,48.197831366696946,True,GBDT,compact,140,846,True,CCO[Si](OCC)(OCC)c1cc(C(c2ccc(OCC3CO3)c(OC)c2)P2(=O)Oc3ccccc3-c3ccccc32)cc(OC)c1OCC1CO1,O=P1(C(c2ccc(OCC3CO3)cc2)c2ccc(OCC3CO3)cc2)Oc2ccccc2-c2ccccc21,0.7227722772277227,True,In_domain,Maximum Tanimoto >= 0.70.,DGEBDB,COc1cc(C(c2ccc(OCC3CO3)c(OC)c2)P2(=O)Oc3ccccc3-c3ccccc32)ccc1OCC1CO1,0.7227722772277227,HBFR,COc1ccc(C(c2ccc(OCC(O)Cn3c(=O)n(CC(O)COc4cc(C(c5ccc(OC)c(O)c5)P5(=O)Oc6ccccc6-c6ccccc65)ccc4OC)c(=O)n(CC(O)COc4cc(C(c5ccc(O)c(OC)c5)P5(=O)Oc6ccccc6-c6ccccc65)ccc4OC)c3=O)c(OC)c2)P2(=O)Oc3ccccc3-c3ccccc32)cc1O,0.4166666666666667,Trif-D,COc1cc(C(O)P2(=O)Oc3ccccc3-c3ccccc32)ccc1Oc1nc(Oc2ccc(C(O)P3(=O)Oc4ccccc4-c4ccccc43)cc2OC)nc(Oc2ccc(C(O)P3(=O)Oc4ccccc4-c4ccccc43)cc2OC)n1,0.3709677419354839,0.7227722772277227,True,0.9918231155782231,0.5323210025262802,-0.06996924055611378,True,True,True,True,0.9481203620447641,0.3824379889953504,1.0,0.0,0.8263180782885649,0.18359127352599022,0.5671026053894784,0.5415021921276104,0.0,0.0,0.48587727657033686,1.0,True,True,81
120,FORM_000279,CAND_R2_093,DOPO-HPM-trimethoxysilyl,designed,P-N-Si,B,True,True,True,True,True,Candidate,,DOPO-HPM-trimethoxysilyl,,DDS,DOPO-based (Additive + Secondary Crosslinking),3,1,P-N-Si,100.00%,0.00%,CO[Si](OC)(OC)c1cc(N2C(=O)CC(P3(=O)Oc4ccccc4-c4ccccc43)C2=O)ccc1OCC(O)Cn1c(=O)n(CC2CO2)c(=O)n(CC2CO2)c1=O,,NC1=CC=C(C=C1)S(=O)(=O)C1=CC=C(N)C=C1,10.0,0.376449483648986,0.6809489142469615,0.0,0.0,0.3413495253362633,1.8088719571253309,0.0,0.0,0.9067605088138436,1,1,0,0,1,1,1,0,0,0,0,250.0,4.0,,22.4,,3.0,,,4.0,35.0,,867.99,,,114.145,,,180.0,,,16.9,,,52.14,,,95.65,,,,,Virtual screening scenario,,,,,,,,,,,,,,,,,,,,,,,,,,,,,,,,40.67161663684287,34.26520384433974,47.078029429346,12.812825585006273,True,GBDT,compact,260,452.22787989069644,-77.9783763056434,982.4341360870362,1060.4125123926797,True,GBDT,compact,330,80.59070731330156,50.06595422514873,111.1154604014544,61.04950617630567,True,GBDT,descriptors,30,0.5629992889798461,1,0.9841243583521354,ExtraTrees,morgan_r3,ALL,194.27915954589844,167.08274841308594,221.47557067871094,54.392822265625,True,XGB,morgan_r3,270,60.96390302112043,36.86498733777196,85.0628187044689,48.197831366696946,True,GBDT,compact,140,276,True,CO[Si](OC)(OC)c1cc(N2C(=O)CC(P3(=O)Oc4ccccc4-c4ccccc43)C2=O)ccc1OCC(O)Cn1c(=O)n(CC2CO2)c(=O)n(CC2CO2)c1=O,O=C1CC(P2(=O)Oc3ccccc3-c3ccccc32)C(=O)N1c1ccc(OCCCn2c(=O)n(CC3CO3)c(=O)n(CC3CO3)c2=O)cc1,0.7,True,In_domain,Maximum Tanimoto >= 0.70.,DOPO-HPM,O=C1CC(P2(=O)Oc3ccccc3-c3ccccc32)C(=O)N1c1ccc(OCC(O)Cn2c(=O)n(CC3CO3)c(=O)n(CC3CO3)c2=O)cc1,0.7,DMT,O=C1CC(P2(=O)Oc3ccccc3-c3ccccc32)C(=O)N1c1ccc(OCC(O)Cn2c(=O)n(CC(O)COc3ccc(N4C(=O)CC(P5(=O)Oc6ccccc6-c6ccccc65)C4=O)cc3)c(=O)n(CC(O)COc3ccc(N4C(=O)CC(P5(=O)Oc6ccccc6-c6ccccc65)C4=O)cc3)c2=O)cc1,0.5950413223140496,BMP,O=C1CC(P2(=O)Oc3ccccc3-c3ccccc32)C(=O)N1c1ccc(Cc2ccc(N3C(=O)CC(P4(=O)Oc5ccccc5-c5ccccc54)C3=O)cc2)cc1,0.4583333333333333,0.7,True,0.9973540597253558,-2.511885080487263,0.7480656424206595,True,True,True,True,1.0,0.045769153855589356,1.0,0.23816810537633337,1.0,0.15243160505946443,0.5720306123523311,0.579758265698573,0.0,0.0,0.48506687249754515,1.0,True,True,82
121,FORM_000441,CAND_R2_152,DTB-disiloxane,designed,P-N-Si-B,B,True,True,True,True,True,Candidate,,DTB-disiloxane,,DDM,DOPO-based (additive),0,1,P-N-Si-B,100.00%,0.00%,CCC(O)Cn1c(=O)n(CC(O)COB(O)OC)c(=O)n(CC(O)CP2(=O)Oc3ccc([Si](C)(C)O[Si](C)(C)C)cc3-c3ccccc32)c1=O,,NC1=CC=C(CC2=CC=C(N)C=C2)C=C1,10.0,0.4120614513545585,0.5590248029757184,0.0,0.1438370379042257,0.747282102585661,1.356653967843998,0.0,0.3490669593852908,1.813521017627688,1,1,0,1,1,1,0,0,0,0,0,160.0,3.2,,24.8,,3.2,,,3.0,35.0,,1184.0,,,87.2,,,159.0,,,17.0,,,62.6,,,97.55,,,,,Virtual screening scenario,,,,,,,,,,,,,,,,,,,,,,,,,,,,,,,,33.40401767619916,26.997604883696024,39.81043046870229,12.812825585006273,True,GBDT,compact,260,637.32264110963,107.11638491329018,1167.5288973059698,1060.4125123926797,True,GBDT,compact,330,67.58300141286023,37.05824832470739,98.10775450101306,61.04950617630567,True,GBDT,descriptors,30,0.6290267960786836,1,0.9334083435746792,ExtraTrees,morgan_r3,ALL,157.87637329101562,130.67996215820312,185.07278442382812,54.392822265625,True,XGB,morgan_r3,270,73.93315300634134,49.83423732299287,98.03206868968982,48.197831366696946,True,GBDT,compact,140,438,True,CCC(O)Cn1c(=O)n(CC(O)COB(O)OC)c(=O)n(CC(O)CP2(=O)Oc3ccc([Si](C)(C)O[Si](C)(C)C)cc3-c3ccccc32)c1=O,O=c1[nH]c(=O)n(CCCP2(=O)Oc3ccccc3-c3ccccc32)c(=O)[nH]1,0.7156862745098039,True,In_domain,Maximum Tanimoto >= 0.70.,DTB,CCC(O)Cn1c(=O)n(CC(O)COB(O)OC)c(=O)n(CC(O)CP2(=O)Oc3ccccc3-c3ccccc32)c1=O,0.7156862745098039,TGIC-DOPO,O=c1n(CC(O)CP2(=O)Oc3ccccc3-c3ccccc32)c(=O)n(CC(O)CP2(=O)Oc3ccccc3-c3ccccc32)c(=O)n1CC(O)CP1(=O)Oc2ccccc2-c2ccccc21,0.4803921568627451,TDA,CCO[Si](CCCNCC(O)Cn1c(=O)n(CC(O)CNCCC[Si](OCC)(OCC)OCC)c(=O)n(CC(O)CP2(=O)Oc3ccccc3-c3ccccc32)c1=O)(OCC)OCC,0.42063492063492064,0.7156862745098039,True,0.9889013905957799,-4.889541857920403,-0.8889541766968402,True,True,True,True,0.32657466670755286,0.5113098582149106,0.6664565349596383,0.7797552255292064,0.2075769790325465,0.8556099900046232,0.5631379539859785,0.5212933954178463,0.0,0.0,0.4849439446733016,1.0,True,True,83
122,FORM_000495,CAND_R2_170,DTB-OH-allyl,designed,P-N-B,B,True,True,True,True,True,Candidate,,DTB-OH-allyl,,DDM,DOPO-based (additive),0,1,P-N-B,100.00%,0.00%,C=CCOC(CC)Cn1c(=O)n(CC(O)COB(O)OC)c(=O)n(CC(O)CP2(=O)Oc3ccccc3-c3ccccc32)c1=O,,NC1=CC=C(CC2=CC=C(N)C=C2)C=C1,10.0,0.4799112503505517,0.6510735020010503,0.0,0.1675211609346602,0.0,1.356653967843998,0.0,0.3490669593852908,0.0,1,1,0,1,0,1,0,0,0,0,0,160.0,3.2,,24.8,,3.2,,,3.0,35.0,,1184.0,,,87.2,,,159.0,,,17.0,,,62.6,,,97.55,,,,,Virtual screening scenario,,,,,,,,,,,,,,,,,,,,,,,,,,,,,,,,33.82057520214039,27.414162409637253,40.22698799464352,12.812825585006273,True,GBDT,compact,260,715.7401321757748,185.53387597943492,1245.9463883721146,1060.4125123926797,True,GBDT,compact,330,67.43527618430716,36.91052309615432,97.96002927245999,61.04950617630567,True,GBDT,descriptors,30,0.6411610468900081,1,0.9202942353636677,ExtraTrees,morgan_r3,ALL,157.1439666748047,129.9475555419922,184.3403778076172,54.392822265625,True,XGB,morgan_r3,270,74.67496842923194,50.576052745883466,98.77388411258042,48.197831366696946,True,GBDT,compact,140,492,True,C=CCOC(CC)Cn1c(=O)n(CC(O)COB(O)OC)c(=O)n(CC(O)CP2(=O)Oc3ccccc3-c3ccccc32)c1=O,O=c1[nH]c(=O)n(CCCP2(=O)Oc3ccccc3-c3ccccc32)c(=O)[nH]1,0.7857142857142857,True,In_domain,Maximum Tanimoto >= 0.70.,DTB,CCC(O)Cn1c(=O)n(CC(O)COB(O)OC)c(=O)n(CC(O)CP2(=O)Oc3ccccc3-c3ccccc32)c1=O,0.7857142857142857,TGIC-DOPO,O=c1n(CC(O)CP2(=O)Oc3ccccc3-c3ccccc32)c(=O)n(CC(O)CP2(=O)Oc3ccccc3-c3ccccc32)c(=O)n1CC(O)CP1(=O)Oc2ccccc2-c2ccccc21,0.5894736842105263,TDA,CCO[Si](CCCNCC(O)Cn1c(=O)n(CC(O)CNCCC[Si](OCC)(OCC)OCC)c(=O)n(CC(O)CP2(=O)Oc3ccccc3-c3ccccc32)c1=O)(OCC)OCC,0.5042016806722689,0.7857142857142857,True,0.9867157058939445,-4.6965140260014815,-0.7630351634968054,True,True,True,True,0.37282943290891807,0.5968649233352793,0.496776311876338,0.7859058935807702,0.18709262492408896,0.8958304014848585,0.5587676149811559,0.50617559409279,0.0,0.0,0.4828412758672374,1.0,True,True,84
123,FORM_000840,CAND_R2_287,DGEBDB-boronic-acid,designed,P-B,B,True,True,True,True,True,Candidate,,DGEBDB-boronic-acid,,DDM,DOPO-based (additive),0,1,P-B,100.00%,0.00%,COc1cc(C(c2cc(OC)c(OCC3CO3)c(B(O)O)c2)P2(=O)Oc3ccccc3-c3ccccc32)ccc1OCC1CO1,,NC1=CC=C(CC2=CC=C(N)C=C2)C=C1,10.0,0.4913427295584515,0.0,0.0,0.1715115126230379,0.0,0.0,0.0,0.3490669593852909,0.0,1,0,0,1,0,1,0,0,0,0,0,160.0,3.2,,24.8,,3.2,,,3.0,35.0,,1184.0,,,87.2,,,159.0,,,17.0,,,62.6,,,97.55,,,,,Virtual screening scenario,,,,,,,,,,,,,,,,,,,,,,,,,,,,,,,,33.753075736653614,27.346662944150477,40.15948852915675,12.812825585006273,True,GBDT,compact,260,737.1245294657629,206.91827326942303,1267.3307856621027,1060.4125123926797,True,GBDT,compact,330,63.591402716777736,33.0666496286249,94.11615580493057,61.04950617630567,True,GBDT,descriptors,30,0.6248377349146405,1,0.9376621597655278,ExtraTrees,morgan_r3,ALL,157.5643310546875,130.367919921875,184.7607421875,54.392822265625,True,XGB,morgan_r3,270,75.23367799691192,51.13476231356345,99.3325936802604,48.197831366696946,True,GBDT,compact,140,837,True,COc1cc(C(c2cc(OC)c(OCC3CO3)c(B(O)O)c2)P2(=O)Oc3ccccc3-c3ccccc32)ccc1OCC1CO1,O=P1(C(c2ccc(OCC3CO3)cc2)c2ccc(OCC3CO3)cc2)Oc2ccccc2-c2ccccc21,0.7684210526315789,True,In_domain,Maximum Tanimoto >= 0.70.,DGEBDB,COc1cc(C(c2ccc(OCC3CO3)c(OC)c2)P2(=O)Oc3ccccc3-c3ccccc32)ccc1OCC1CO1,0.7684210526315789,HBFR,COc1ccc(C(c2ccc(OCC(O)Cn3c(=O)n(CC(O)COc4cc(C(c5ccc(OC)c(O)c5)P5(=O)Oc6ccccc6-c6ccccc65)ccc4OC)c(=O)n(CC(O)COc4cc(C(c5ccc(O)c(OC)c5)P5(=O)Oc6ccccc6-c6ccccc65)ccc4OC)c3=O)c(OC)c2)P2(=O)Oc3ccccc3-c3ccccc32)cc1O,0.44525547445255476,DOPO-PHE,O=P1(C(c2ccc(O)cc2)c2ccc(O)cc2)Oc2ccccc2-c2ccccc21,0.40384615384615385,0.7684210526315789,True,0.9896103599609213,0.6788381881912667,-0.054116872720179524,True,True,True,True,0.36533425685189386,0.48177400913319857,0.4505046286927167,0.9459489001989214,0.19884960884737685,0.9261230160849561,0.5612096214685793,0.5261971484608904,0.0,0.0,0.4822800491994458,1.0,True,True,85
124,FORM_000312,CAND_R2_104,DOPO-HPM-OH-acetyl,designed,P-N,B,True,True,True,True,True,Candidate,,DOPO-HPM-OH-acetyl,,DDM,DOPO-based (additive),0,1,P-N,100.00%,0.00%,CC(=O)OC(COc1ccc(N2C(=O)CC(P3(=O)Oc4ccccc4-c4ccccc43)C2=O)cc1)Cn1c(=O)n(CC2CO2)c(=O)n(CC2CO2)c1=O,,NC1=CC=C(CC2=CC=C(N)C=C2)C=C1,10.0,0.4159538038004433,0.7524071711542336,0.0,0.0,0.0,1.8088719571253304,0.0,0.0,0.0,1,1,0,0,0,1,0,0,0,0,0,160.0,3.2,,24.8,,3.2,,,3.0,35.0,,1184.0,,,87.2,,,159.0,,,17.0,,,62.6,,,97.55,,,,,Virtual screening scenario,,,,,,,,,,,,,,,,,,,,,,,,,,,,,,,,34.579942546415204,28.173529753912067,40.986355338918344,12.812825585006273,True,GBDT,compact,260,709.4864730373066,179.28021684096677,1239.6927292336463,1060.4125123926797,True,GBDT,compact,330,64.59151325750999,34.06676016935715,95.11626634566282,61.04950617630567,True,GBDT,descriptors,30,0.6175491272505336,1,0.9447288107305515,ExtraTrees,morgan_r3,ALL,158.54591369628906,131.34950256347656,185.74232482910156,54.392822265625,True,XGB,morgan_r3,270,72.70190499414728,48.60298931079881,96.80082067749575,48.197831366696946,True,GBDT,compact,140,309,True,CC(=O)OC(COc1ccc(N2C(=O)CC(P3(=O)Oc4ccccc4-c4ccccc43)C2=O)cc1)Cn1c(=O)n(CC2CO2)c(=O)n(CC2CO2)c1=O,O=C1CC(P2(=O)Oc3ccccc3-c3ccccc32)C(=O)N1c1ccc(OCCCn2c(=O)n(CC3CO3)c(=O)n(CC3CO3)c2=O)cc1,0.7699115044247787,True,In_domain,Maximum Tanimoto >= 0.70.,DOPO-HPM,O=C1CC(P2(=O)Oc3ccccc3-c3ccccc32)C(=O)N1c1ccc(OCC(O)Cn2c(=O)n(CC3CO3)c(=O)n(CC3CO3)c2=O)cc1,0.7699115044247787,DMT,O=C1CC(P2(=O)Oc3ccccc3-c3ccccc32)C(=O)N1c1ccc(OCC(O)Cn2c(=O)n(CC(O)COc3ccc(N4C(=O)CC(P5(=O)Oc6ccccc6-c6ccccc65)C4=O)cc3)c(=O)n(CC(O)COc3ccc(N4C(=O)CC(P5(=O)Oc6ccccc6-c6ccccc65)C4=O)cc3)c2=O)cc1,0.6578947368421053,DOPO-TMT,O=C1CC(P2(=O)Oc3ccccc3-c3ccccc32)C(=O)N1c1ccc(Oc2nc(Oc3ccc(N4C(=O)CC(P5(=O)Oc6ccccc6-c6ccccc65)C4=O)cc3)nc(Oc3ccc(N4C(=O)CC(P5(=O)Oc6ccccc6-c6ccccc65)C4=O)cc3)n2)cc1,0.5258620689655172,0.7699115044247787,True,0.9907881351217586,-2.061572376780593,0.8878397540459319,True,True,True,True,0.45714998117177363,0.4303841612525597,0.5103080158785375,0.9043084301778906,0.22630305611592338,0.7888530850434141,0.561945731812086,0.5343435068410235,0.0,0.0,0.48179420578593246,1.0,True,True,86
125,FORM_000273,CAND_R2_091,DOPO-HPM-boronic-acid,designed,P-N-B,B,True,True,True,True,True,Candidate,,DOPO-HPM-boronic-acid,,DDM,DOPO-based (additive),0,1,P-N-B,100.00%,0.00%,O=C1CC(P2(=O)Oc3ccccc3-c3ccccc32)C(=O)N1c1ccc(OCC(O)Cn2c(=O)n(CC3CO3)c(=O)n(CC3CO3)c2=O)c(B(O)O)c1,,NC1=CC=C(CC2=CC=C(N)C=C2)C=C1,10.0,0.4149613293124212,0.7506119118846883,0.0,0.1448492894855652,0.0,1.8088719571253309,0.0,0.3490669593852908,0.0,1,1,0,1,0,1,0,0,0,0,0,160.0,3.2,,24.8,,3.2,,,3.0,35.0,,1184.0,,,87.2,,,159.0,,,17.0,,,62.6,,,97.55,,,,,Virtual screening scenario,,,,,,,,,,,,,,,,,,,,,,,,,,,,,,,,33.69260111535092,27.28618832284778,40.09901390785406,12.812825585006273,True,GBDT,compact,260,736.4589335550846,206.2526773587448,1266.6651897514244,1060.4125123926797,True,GBDT,compact,330,64.59151325750999,34.06676016935715,95.11626634566282,61.04950617630567,True,GBDT,descriptors,30,0.6233621485123051,1,0.9391271212577119,ExtraTrees,morgan_r3,ALL,162.68556213378906,135.48915100097656,189.88197326660156,54.392822265625,True,XGB,morgan_r3,270,74.31841719953484,50.21950151618636,98.4173328828833,48.197831366696946,True,GBDT,compact,140,270,True,O=C1CC(P2(=O)Oc3ccccc3-c3ccccc32)C(=O)N1c1ccc(OCC(O)Cn2c(=O)n(CC3CO3)c(=O)n(CC3CO3)c2=O)c(B(O)O)c1,O=C1CC(P2(=O)Oc3ccccc3-c3ccccc32)C(=O)N1c1ccc(OCCCn2c(=O)n(CC3CO3)c(=O)n(CC3CO3)c2=O)cc1,0.7241379310344828,True,In_domain,Maximum Tanimoto >= 0.70.,DOPO-HPM,O=C1CC(P2(=O)Oc3ccccc3-c3ccccc32)C(=O)N1c1ccc(OCC(O)Cn2c(=O)n(CC3CO3)c(=O)n(CC3CO3)c2=O)cc1,0.7241379310344828,DMT,O=C1CC(P2(=O)Oc3ccccc3-c3ccccc32)C(=O)N1c1ccc(OCC(O)Cn2c(=O)n(CC(O)COc3ccc(N4C(=O)CC(P5(=O)Oc6ccccc6-c6ccccc65)C4=O)cc3)c(=O)n(CC(O)COc3ccc(N4C(=O)CC(P5(=O)Oc6ccccc6-c6ccccc65)C4=O)cc3)c2=O)cc1,0.6153846153846154,BMP,O=C1CC(P2(=O)Oc3ccccc3-c3ccccc32)C(=O)N1c1ccc(Cc2ccc(N3C(=O)CC(P4(=O)Oc5ccccc5-c5ccccc54)C3=O)cc2)cc1,0.47413793103448276,0.7241379310344828,True,0.9898545202096187,-2.4793488200901628,0.800676126541015,True,True,True,True,0.35861912317821504,0.47137007957005544,0.45194484899397513,0.9043084301778906,0.3420830376198733,0.8764985883010331,0.5591066589761179,0.5278859401371022,0.0,0.0,0.4799237679555526,1.0,True,True,87
127,FORM_000477,CAND_R2_164,DTB-OH-methyl-3,designed,P-N-B,B,True,True,True,True,True,Candidate,,DTB-OH-methyl-3,,DDM,DOPO-based (additive),0,1,P-N-B,100.00%,0.00%,CCC(O)Cn1c(=O)n(CC(O)COB(O)OC)c(=O)n(CC(CP2(=O)Oc3ccccc3-c3ccccc32)OC)c1=O,,NC1=CC=C(CC2=CC=C(N)C=C2)C=C1,10.0,0.5000863776754877,0.6784441685381828,0.0,0.1745636312851867,0.0,1.3566539678439986,0.0,0.349066959385291,0.0,1,1,0,1,0,1,0,0,0,0,0,160.0,3.2,,24.8,,3.2,,,3.0,35.0,,1184.0,,,87.2,,,159.0,,,17.0,,,62.6,,,97.55,,,,,Virtual screening scenario,,,,,,,,,,,,,,,,,,,,,,,,,,,,,,,,34.29367973498066,27.88726694247752,40.70009252748379,12.812825585006273,True,GBDT,compact,260,728.177429070721,197.97117287438118,1258.3836852670609,1060.4125123926797,True,GBDT,compact,330,67.43527618430716,36.91052309615432,97.96002927245999,61.04950617630567,True,GBDT,descriptors,30,0.6399787447641645,1,0.9216238040569955,ExtraTrees,morgan_r3,ALL,157.303466796875,130.1070556640625,184.4998779296875,54.392822265625,True,XGB,morgan_r3,270,73.12186762648857,49.02295194314009,97.22078330983703,48.197831366696946,True,GBDT,compact,140,474,True,CCC(O)Cn1c(=O)n(CC(O)COB(O)OC)c(=O)n(CC(CP2(=O)Oc3ccccc3-c3ccccc32)OC)c1=O,O=c1[nH]c(=O)n(CCCP2(=O)Oc3ccccc3-c3ccccc32)c(=O)[nH]1,0.8131868131868132,True,In_domain,Maximum Tanimoto >= 0.70.,DTB,CCC(O)Cn1c(=O)n(CC(O)COB(O)OC)c(=O)n(CC(O)CP2(=O)Oc3ccccc3-c3ccccc32)c1=O,0.8131868131868132,TGIC-DOPO,O=c1n(CC(O)CP2(=O)Oc3ccccc3-c3ccccc32)c(=O)n(CC(O)CP2(=O)Oc3ccccc3-c3ccccc32)c(=O)n1CC(O)CP1(=O)Oc2ccccc2-c2ccccc21,0.5494505494505495,TDA,CCO[Si](CCCNCC(O)Cn1c(=O)n(CC(O)CNCCC[Si](OCC)(OCC)OCC)c(=O)n(CC(O)CP2(=O)Oc3ccccc3-c3ccccc32)c1=O)(OCC)OCC,0.45689655172413796,0.8131868131868132,True,0.9869373006761659,-4.27072017184018,-0.4365483307313355,True,True,True,True,0.42536320842020275,0.5885288557080883,0.4698644165453889,0.7859058935807702,0.19155361272582871,0.8116229943198625,0.5542501355554592,0.5077083064229252,0.0,0.0,0.4780938895920204,1.0,True,True,88
128,FORM_000417,CAND_R2_144,DTB-amino,designed,P-N-B,B,True,True,True,True,True,Candidate,,DTB-amino,,DDM,DOPO-based (Co-curing),2,1,P-N-B,100.00%,0.00%,CCC(O)Cn1c(=O)n(CC(O)COB(O)OC)c(=O)n(CC(O)CP2(=O)Oc3ccc(N)cc3-c3ccccc32)c1=O,,NC1=CC=C(CC2=CC=C(N)C=C2)C=C1,10.19,0.5087764382351564,0.9203114315696824,0.0,0.1775970443016243,0.0,1.8088719571253309,0.0,0.3490669593852909,0.0,1,1,0,1,0,1,0,0,0,0,0,170.0,3.0,,24.0,,3.0,,,3.0,35.0,,1208.0,,,88.0,,,164.3,,,16.5,,,58.7,,,101.3,,,,,Virtual screening scenario,,,,,,,,,,,,,,,,,,,,,,,,,,,,,,,,34.65100839921951,28.244595606716377,41.05742119172265,12.812825585006273,True,GBDT,compact,260,640.5418428440989,110.3355866477591,1170.7480990404388,1060.4125123926797,True,GBDT,compact,330,71.09893302096802,40.574179932815184,101.62368610912085,61.04950617630567,True,GBDT,descriptors,30,0.640448237336142,1,0.9210971705166829,ExtraTrees,morgan_r3,ALL,166.31312561035156,139.11671447753906,193.50953674316406,54.392822265625,True,XGB,morgan_r3,270,65.23218016095782,41.13326447760935,89.3310958443063,48.197831366696946,True,GBDT,compact,140,414,True,CCC(O)Cn1c(=O)n(CC(O)COB(O)OC)c(=O)n(CC(O)CP2(=O)Oc3ccc(N)cc3-c3ccccc32)c1=O,O=c1[nH]c(=O)n(CCCP2(=O)Oc3ccccc3-c3ccccc32)c(=O)[nH]1,0.7684210526315789,True,In_domain,Maximum Tanimoto >= 0.70.,DTB,CCC(O)Cn1c(=O)n(CC(O)COB(O)OC)c(=O)n(CC(O)CP2(=O)Oc3ccccc3-c3ccccc32)c1=O,0.7684210526315789,TGIC-DOPO,O=c1n(CC(O)CP2(=O)Oc3ccccc3-c3ccccc32)c(=O)n(CC(O)CP2(=O)Oc3ccccc3-c3ccccc32)c(=O)n1CC(O)CP1(=O)Oc2ccccc2-c2ccccc21,0.5157894736842106,TDA,CCO[Si](CCCNCC(O)Cn1c(=O)n(CC(O)CNCCC[Si](OCC)(OCC)OCC)c(=O)n(CC(O)CP2(=O)Oc3ccccc3-c3ccccc32)c1=O)(OCC)OCC,0.43333333333333335,0.7684210526315789,True,0.9868495284194472,-4.822116391183362,-0.8101029618107477,True,True,True,True,0.46504117074741885,0.591839110967653,0.6594908075303574,0.6333663627378858,0.4435407431622442,0.383852869134827,0.5526868516263701,0.5071012090049801,0.0,0.01899999999999995,0.47472167027562306,1.0,True,True,89
131,FORM_001134,PUBCHEM_141501646,"(4-Aminophenyl)-(6-oxobenzo[c][2,1]benzoxaphosphinin-6-yl)methanol",pubchem,P-N,PUBLIC_UNVERIFIED,False,True,True,True,True,Candidate,,"(4-Aminophenyl)-(6-oxobenzo[c][2,1]benzoxaphosphinin-6-yl)methanol",,DDM,DOPO-based (reactive),1,1,P-N,100.00%,0.00%,Nc1ccc(C(O)P2(=O)Oc3ccccc3-c3ccccc32)cc1,,NC1=CC=C(CC2=CC=C(N)C=C2)C=C1,10.0,0.9182514859997332,0.4152498406533951,0.0,0.0,0.0,0.4522179892813327,0.0,0.0,0.0,1,1,0,0,0,1,0,0,0,0,0,160.0,3.2,,24.7,,3.0,,,3.0,35.0,,1149.8,,,93.5,,,164.0,,,16.0,,,59.0,,,105.1,,,,,Virtual screening scenario,,,,,,,,,,,,,,,,,,,,,,,,,,,,,,,,34.82321338574228,28.41680059323914,41.22962617824541,12.812825585006273,True,GBDT,compact,260,621.4603089868948,91.25405279055497,1151.6665651832345,1060.4125123926797,True,GBDT,compact,330,74.94101504254225,44.41626195438941,105.46576813069508,61.04950617630567,True,GBDT,descriptors,30,0.6792514073905545,1,0.8714757317940219,ExtraTrees,morgan_r3,ALL,150.9644012451172,123.76799011230469,178.1608123779297,54.392822265625,True,XGB,morgan_r3,270,63.62715688273412,39.52824119938565,87.72607256608259,48.197831366696946,True,GBDT,compact,140,1131,True,Nc1ccc(C(O)P2(=O)Oc3ccccc3-c3ccccc32)cc1,O=P1(Cc2ccccc2)Oc2ccccc2-c2ccccc21,0.7540983606557377,True,In_domain,Maximum Tanimoto >= 0.70.,DOPO-PHBA,O=P1(C(O)c2ccc(O)cc2)Oc2ccccc2-c2ccccc21,0.7540983606557377,Trif-DOPO,O=P1(C(O)c2ccc(Oc3nc(Oc4ccc(C(O)P5(=O)Oc6ccccc6-c6ccccc65)cc4)nc(Oc4ccc(C(O)P5(=O)Oc6ccccc6-c6ccccc65)cc4)n3)cc2)Oc2ccccc2-c2ccccc21,0.647887323943662,DOPO-PPO,O=P(Oc1ccc(C(O)P2(=O)Oc3ccccc3-c3ccccc32)cc1)(Oc1ccc(C(O)P2(=O)Oc3ccccc3-c3ccccc32)cc1)c1ccccc1,0.5974025974025974,0.7540983606557377,True,0.978579288632337,0.9895096245019784,-0.8242092458524312,True,True,True,True,0.48416290278748175,0.865428951205976,0.7007795414294171,0.47339794452626904,0.014259114553882015,0.296830282796616,0.5358628077248786,0.4498981540963169,0.0,0.0,0.46837808461043107,1.0,True,True,90
132,FORM_000362,CAND_R2_126,DIB-amino,designed,P-N,B,True,True,True,True,True,Candidate,,DIB-amino,,DDM,DOPO-based (Co-curing),2,1,P-N,100.00%,0.00%,Nc1nc(C(Nc2ccc(NC(c3c[nH]cn3)P3(=O)Oc4ccccc4-c4ccccc43)cc2)P2(=O)Oc3ccccc3-c3ccccc32)c[nH]1,,NC1=CC=C(CC2=CC=C(N)C=C2)C=C1,6.78,0.5901807466778329,0.9341162270132184,0.0,0.0,0.0,1.5827629624846646,0.0,0.0,0.0,1,1,0,0,0,1,0,0,0,0,0,170.0,3.0,,24.0,,3.0,,,3.0,35.0,,1208.0,,,88.0,,,164.3,,,16.5,,,58.7,,,101.3,,,,,Virtual screening scenario,,,,,,,,,,,,,,,,,,,,,,,,,,,,,,,,34.255801604064466,27.84938881156133,40.662214396567606,12.812825585006273,True,GBDT,compact,260,802.8429442174879,272.6366880211481,1333.0492004138277,1060.4125123926797,True,GBDT,compact,330,65.72782334572837,35.20307025757553,96.2525764338812,61.04950617630567,True,GBDT,descriptors,30,0.6568395369501498,1,0.9016054385970503,ExtraTrees,morgan_r3,ALL,159.4964599609375,132.300048828125,186.69287109375,54.392822265625,True,XGB,morgan_r3,270,66.76779126940588,42.6688755860574,90.86670695275436,48.197831366696946,True,GBDT,compact,140,360,True,Nc1nc(C(Nc2ccc(NC(c3c[nH]cn3)P3(=O)Oc4ccccc4-c4ccccc43)cc2)P2(=O)Oc3ccccc3-c3ccccc32)c[nH]1,O=P1(C(Nc2ccc(NC(c3c[nH]cn3)P3(=O)Oc4ccccc4-c4ccccc43)cc2)c2c[nH]cn2)Oc2ccccc2-c2ccccc21,0.8181818181818182,True,In_domain,Maximum Tanimoto >= 0.70.,DIB,O=P1(C(Nc2ccc(NC(c3c[nH]cn3)P3(=O)Oc4ccccc4-c4ccccc43)cc2)c2c[nH]cn2)Oc2ccccc2-c2ccccc21,0.8181818181818182,PBI,O=P1(C(Nc2nc3ccccc3s2)c2c[nH]cn2)Oc2ccccc2-c2ccccc21,0.5656565656565656,PBO,O=P1(C(Nc2ccc(NC(c3c[nH]c4ccccc34)P3(=O)Oc4ccccc4-c4ccccc43)cc2)c2c[nH]c3ccccc23)Oc2ccccc2-c2ccccc21,0.47,0.8181818181818182,True,0.9836009064328417,2.1601829329519493,-0.8435798842465172,True,True,True,True,0.4211572008928767,0.7074093861901782,0.30830274077019115,0.8569971738357581,0.2528884607949034,0.46711200442582995,0.5307733468598741,0.48463135242755495,0.0,0.0,0.45807864399574083,1.0,True,True,91
133,FORM_001188,PUBCHEM_14686920,"4-[Hydroxy-(6-oxobenzo[c][2,1]benzoxaphosphinin-6-yl)methyl]benzonitrile",pubchem,P-N,PUBLIC_UNVERIFIED,False,True,True,True,True,Candidate,,"4-[Hydroxy-(6-oxobenzo[c][2,1]benzoxaphosphinin-6-yl)methyl]benzonitrile",,DDM,DOPO-based (reactive),1,1,P-N,100.00%,0.00%,N#Cc1ccc(C(O)P2(=O)Oc3ccccc3-c3ccccc32)cc1,,NC1=CC=C(CC2=CC=C(N)C=C2)C=C1,10.0,0.8918257464512971,0.4032996458495292,0.0,0.0,0.0,0.4522179892813327,0.0,0.0,0.0,1,1,0,0,0,1,0,0,0,0,0,160.0,3.2,,24.7,,3.0,,,3.0,35.0,,1149.8,,,93.5,,,164.0,,,16.0,,,59.0,,,105.1,,,,,Virtual screening scenario,,,,,,,,,,,,,,,,,,,,,,,,,,,,,,,,34.82321338574228,28.41680059323914,41.22962617824541,12.812825585006273,True,GBDT,compact,260,652.9533389284237,122.74708273208387,1183.1595951247637,1060.4125123926797,True,GBDT,compact,330,74.94101504254225,44.41626195438941,105.46576813069508,61.04950617630567,True,GBDT,descriptors,30,0.6817171701554273,1,0.8679154802828138,ExtraTrees,morgan_r3,ALL,151.4716796875,124.2752685546875,178.6680908203125,54.392822265625,True,XGB,morgan_r3,270,62.929758979420406,38.83084329607193,87.02867466276888,48.197831366696946,True,GBDT,compact,140,1185,True,N#Cc1ccc(C(O)P2(=O)Oc3ccccc3-c3ccccc32)cc1,O=P1(Cc2ccccc2)Oc2ccccc2-c2ccccc21,0.71875,True,In_domain,Maximum Tanimoto >= 0.70.,DOPO-PHBA,O=P1(C(O)c2ccc(O)cc2)Oc2ccccc2-c2ccccc21,0.71875,Trif-DOPO,O=P1(C(O)c2ccc(Oc3nc(Oc4ccc(C(O)P5(=O)Oc6ccccc6-c6ccccc65)cc4)nc(Oc4ccc(C(O)P5(=O)Oc6ccccc6-c6ccccc65)cc4)n3)cc2)Oc2ccccc2-c2ccccc21,0.6216216216216216,DOPO-PPO,O=P(Oc1ccc(C(O)P2(=O)Oc3ccccc3-c3ccccc32)cc1)(Oc1ccc(C(O)P2(=O)Oc3ccccc3-c3ccccc32)cc1)c1ccccc1,0.575,0.71875,True,0.9779859133804689,0.9553149325706327,-0.23794889643100645,True,True,True,True,0.48416290278748175,0.8828143256473218,0.6326347401434353,0.47339794452626904,0.028446959140970715,0.2590181400840377,0.5233484925434024,0.44579393487319946,0.0,0.0,0.4564794023124225,1.0,True,True,92
138,FORM_000978,CAND_R2_343,TDA-carboxamide,designed,P-N-Si,B,True,True,True,True,True,Candidate,,TDA-carboxamide,,DDM,DOPO-based (additive),0,1,P-N-Si,100.00%,0.00%,CCO[Si](CCCNCC(O)Cn1c(=O)n(CC(O)CNCCC[Si](OCC)(OCC)OCC)c(=O)n(CC(O)CP2(=O)Oc3ccc(C(N)=O)cc3-c3ccccc32)c1=O)(OCC)OCC,,NC1=CC=C(CC2=CC=C(N)C=C2)C=C1,10.0,0.3099836471466572,0.8410810897365331,0.0,0.0,0.5621618592213479,2.7133079356879968,0.0,0.0,1.8135210176276877,1,1,0,0,1,1,0,0,0,0,0,160.0,3.2,,24.8,,3.2,,,3.0,35.0,,1184.0,,,87.2,,,159.0,,,17.0,,,62.6,,,97.55,,,,,Virtual screening scenario,,,,,,,,,,,,,,,,,,,,,,,,,,,,,,,,33.288384490531925,26.88197169802879,39.69479728303506,12.812825585006273,True,GBDT,compact,260,698.7783532215622,168.57209702522232,1228.984609417902,1060.4125123926797,True,GBDT,compact,330,67.84425949175399,37.31950640360115,98.36901257990682,61.04950617630567,True,GBDT,descriptors,30,0.6228732061187039,1,0.9396087008724421,ExtraTrees,morgan_r3,ALL,156.219482421875,129.0230712890625,183.4158935546875,54.392822265625,True,XGB,morgan_r3,270,74.7587577823625,50.65984209901402,98.85767346571097,48.197831366696946,True,GBDT,compact,140,975,True,CCO[Si](CCCNCC(O)Cn1c(=O)n(CC(O)CNCCC[Si](OCC)(OCC)OCC)c(=O)n(CC(O)CP2(=O)Oc3ccc(C(N)=O)cc3-c3ccccc32)c1=O)(OCC)OCC,O=c1[nH]c(=O)n(CCCP2(=O)Oc3ccccc3-c3ccccc32)c(=O)[nH]1,0.7475728155339806,True,In_domain,Maximum Tanimoto >= 0.70.,TDA,CCO[Si](CCCNCC(O)Cn1c(=O)n(CC(O)CNCCC[Si](OCC)(OCC)OCC)c(=O)n(CC(O)CP2(=O)Oc3ccccc3-c3ccccc32)c1=O)(OCC)OCC,0.7475728155339806,TGIC-DOPO,O=c1n(CC(O)CP2(=O)Oc3ccccc3-c3ccccc32)c(=O)n(CC(O)CP2(=O)Oc3ccccc3-c3ccccc32)c(=O)n1CC(O)CP1(=O)Oc2ccccc2-c2ccccc21,0.47572815533980584,DOPO-Si,CCO[Si](CCCC(O)C(O)CP1(=O)Oc2ccccc2-c2ccccc21)(OCC)OCC,0.4260869565217391,0.7475728155339806,True,0.9899347834787404,-5.0351953502737405,-1.0917033391290383,True,True,True,True,0.31373469711134483,0.4679226892881915,0.5334783077921825,0.7688775187569505,0.1612361370312346,0.9003733675065702,0.5229635930435144,0.5284410998796133,0.0,0.0,0.44369742806157236,1.0,True,True,93
139,FORM_000990,CAND_R2_347,TDA-triethoxysilyl,designed,P-N-Si,B,True,True,True,True,True,Candidate,,TDA-triethoxysilyl,,DDS,DOPO-based (Additive + Secondary Crosslinking),3,1,P-N-Si,100.00%,0.00%,CCO[Si](CCCNCC(O)Cn1c(=O)n(CC(O)CNCCC[Si](OCC)(OCC)OCC)c(=O)n(CC(O)CP2(=O)Oc3ccc([Si](OCC)(OCC)OCC)cc3-c3ccccc32)c1=O)(OCC)OCC,,NC1=CC=C(C=C1)S(=O)(=O)C1=CC=C(N)C=C1,10.0,0.276936832223166,0.6261790871295098,0.0,0.0,0.7533461486879163,2.261089946406664,0.0,0.0,2.7202815264415308,1,1,0,0,1,1,1,0,0,0,0,250.0,4.0,,22.4,,3.0,,,4.0,35.0,,867.99,,,114.145,,,180.0,,,16.9,,,52.14,,,95.65,,,,,Virtual screening scenario,,,,,,,,,,,,,,,,,,,,,,,,,,,,,,,,39.499182133620984,33.092769341117844,45.905594926124124,12.812825585006273,True,GBDT,compact,260,391.21540301242953,-138.9908531839103,921.4216592087694,1060.4125123926797,True,GBDT,compact,330,84.12293369263045,53.59818060447762,114.64768678078329,61.04950617630567,True,GBDT,descriptors,30,0.5531220881733704,1,0.9887121749924026,ExtraTrees,morgan_r3,ALL,184.16558837890625,156.96917724609375,211.36199951171875,54.392822265625,True,XGB,morgan_r3,270,61.369772453015,37.27085676966653,85.46868813636348,48.197831366696946,True,GBDT,compact,140,987,True,CCO[Si](CCCNCC(O)Cn1c(=O)n(CC(O)CNCCC[Si](OCC)(OCC)OCC)c(=O)n(CC(O)CP2(=O)Oc3ccc([Si](OCC)(OCC)OCC)cc3-c3ccccc32)c1=O)(OCC)OCC,O=c1[nH]c(=O)n(CCCP2(=O)Oc3ccccc3-c3ccccc32)c(=O)[nH]1,0.7549019607843137,True,In_domain,Maximum Tanimoto >= 0.70.,TDA,CCO[Si](CCCNCC(O)Cn1c(=O)n(CC(O)CNCCC[Si](OCC)(OCC)OCC)c(=O)n(CC(O)CP2(=O)Oc3ccccc3-c3ccccc32)c1=O)(OCC)OCC,0.7549019607843137,TGIC-DOPO,O=c1n(CC(O)CP2(=O)Oc3ccccc3-c3ccccc32)c(=O)n(CC(O)CP2(=O)Oc3ccccc3-c3ccccc32)c(=O)n1CC(O)CP1(=O)Oc2ccccc2-c2ccccc21,0.4803921568627451,DTB,CCC(O)Cn1c(=O)n(CC(O)COB(O)OC)c(=O)n(CC(O)CP2(=O)Oc3ccccc3-c3ccccc32)c1=O,0.4344262295081967,0.7549019607843137,True,0.998118695832067,-5.148330637807326,-1.236660124600876,True,True,True,True,1.0,0.0,1.0,0.09110079564850215,0.9428483148920516,0.1744373966004911,0.5299487302789547,0.5833333333333334,0.0,0.0,0.4424487302789547,1.0,True,True,94
141,FORM_000987,CAND_R2_346,TDA-trimethoxysilyl,designed,P-N-Si,B,True,True,True,True,True,Candidate,,TDA-trimethoxysilyl,,DDS,DOPO-based (Additive + Secondary Crosslinking),3,1,P-N-Si,100.00%,0.00%,CCO[Si](CCCNCC(O)Cn1c(=O)n(CC(O)CNCCC[Si](OCC)(OCC)OCC)c(=O)n(CC(O)CP2(=O)Oc3ccc([Si](OC)(OC)OC)cc3-c3ccccc32)c1=O)(OCC)OCC,,NC1=CC=C(C=C1)S(=O)(=O)C1=CC=C(N)C=C1,10.0,0.2877637687447334,0.6506597644488088,0.0,0.0,0.7827984640954913,2.2610899464066634,0.0,0.0,2.720281526441531,1,1,0,0,1,1,1,0,0,0,0,250.0,4.0,,22.4,,3.0,,,4.0,35.0,,867.99,,,114.145,,,180.0,,,16.9,,,52.14,,,95.65,,,,,Virtual screening scenario,,,,,,,,,,,,,,,,,,,,,,,,,,,,,,,,39.32722513108974,32.9208123385866,45.73363792359288,12.812825585006273,True,GBDT,compact,260,393.61678144567355,-136.58947475066628,923.8230376420133,1060.4125123926797,True,GBDT,compact,330,83.9544957503105,53.429742662157665,114.47924883846333,61.04950617630567,True,GBDT,descriptors,30,0.5531054269552952,1,0.9887192545115833,ExtraTrees,morgan_r3,ALL,184.16558837890625,156.96917724609375,211.36199951171875,54.392822265625,True,XGB,morgan_r3,270,61.52047758330591,37.42156189995744,85.61939326665438,48.197831366696946,True,GBDT,compact,140,984,True,CCO[Si](CCCNCC(O)Cn1c(=O)n(CC(O)CNCCC[Si](OCC)(OCC)OCC)c(=O)n(CC(O)CP2(=O)Oc3ccc([Si](OC)(OC)OC)cc3-c3ccccc32)c1=O)(OCC)OCC,O=c1[nH]c(=O)n(CCCP2(=O)Oc3ccccc3-c3ccccc32)c(=O)[nH]1,0.7475728155339806,True,In_domain,Maximum Tanimoto >= 0.70.,TDA,CCO[Si](CCCNCC(O)Cn1c(=O)n(CC(O)CNCCC[Si](OCC)(OCC)OCC)c(=O)n(CC(O)CP2(=O)Oc3ccccc3-c3ccccc32)c1=O)(OCC)OCC,0.7475728155339806,TGIC-DOPO,O=c1n(CC(O)CP2(=O)Oc3ccccc3-c3ccccc32)c(=O)n(CC(O)CP2(=O)Oc3ccccc3-c3ccccc32)c(=O)n1CC(O)CP1(=O)Oc2ccccc2-c2ccccc21,0.47572815533980584,DTB,CCC(O)Cn1c(=O)n(CC(O)COB(O)OC)c(=O)n(CC(O)CP2(=O)Oc3ccccc3-c3ccccc32)c1=O,0.4426229508196721,0.7475728155339806,True,0.9981198757519305,-5.227730572298383,-1.2110677307885689,True,True,True,True,0.984290729738909,0.0,1.0,0.09811385550730822,0.9428483148920516,0.18260846202383263,0.5290265947408319,0.5833333333333334,0.0,0.0,0.4415265947408319,1.0,True,True,95
142,FORM_000981,CAND_R2_344,TDA-boronic-acid,designed,P-N-Si-B,B,True,True,True,True,True,Candidate,,TDA-boronic-acid,,DDM,DOPO-based (additive),0,1,P-N-Si-B,100.00%,0.00%,CCO[Si](CCCNCC(O)Cn1c(=O)n(CC(O)CNCCC[Si](OCC)(OCC)OCC)c(=O)n(CC(O)CP2(=O)Oc3ccc(B(O)O)cc3-c3ccccc32)c1=O)(OCC)OCC,,NC1=CC=C(CC2=CC=C(N)C=C2)C=C1,10.0,0.309737831835177,0.7003450975843166,0.0,0.1081192431652978,0.5617160679875239,2.2610899464066634,0.0,0.3490669593852908,1.813521017627688,1,1,0,1,1,1,0,0,0,0,0,160.0,3.2,,24.8,,3.2,,,3.0,35.0,,1184.0,,,87.2,,,159.0,,,17.0,,,62.6,,,97.55,,,,,Virtual screening scenario,,,,,,,,,,,,,,,,,,,,,,,,,,,,,,,,33.00224770279829,26.595834910295157,39.40866049530143,12.812825585006273,True,GBDT,compact,260,703.9593160352463,173.75305983890644,1234.165572231586,1060.4125123926797,True,GBDT,compact,330,67.84425949175399,37.31950640360115,98.36901257990682,61.04950617630567,True,GBDT,descriptors,30,0.625663073150745,1,0.936835168185242,ExtraTrees,morgan_r3,ALL,156.08456420898438,128.88815307617188,183.28097534179688,54.392822265625,True,XGB,morgan_r3,270,74.7587577823625,50.65984209901402,98.85767346571097,48.197831366696946,True,GBDT,compact,140,978,True,CCO[Si](CCCNCC(O)Cn1c(=O)n(CC(O)CNCCC[Si](OCC)(OCC)OCC)c(=O)n(CC(O)CP2(=O)Oc3ccc(B(O)O)cc3-c3ccccc32)c1=O)(OCC)OCC,O=c1[nH]c(=O)n(CCCP2(=O)Oc3ccccc3-c3ccccc32)c(=O)[nH]1,0.77,True,In_domain,Maximum Tanimoto >= 0.70.,TDA,CCO[Si](CCCNCC(O)Cn1c(=O)n(CC(O)CNCCC[Si](OCC)(OCC)OCC)c(=O)n(CC(O)CP2(=O)Oc3ccccc3-c3ccccc32)c1=O)(OCC)OCC,0.77,TGIC-DOPO,O=c1n(CC(O)CP2(=O)Oc3ccccc3-c3ccccc32)c(=O)n(CC(O)CP2(=O)Oc3ccccc3-c3ccccc32)c(=O)n1CC(O)CP1(=O)Oc2ccccc2-c2ccccc21,0.49,DTB,CCC(O)Cn1c(=O)n(CC(O)COB(O)OC)c(=O)n(CC(O)CP2(=O)Oc3ccccc3-c3ccccc32)c1=O,0.453781512605042,0.77,True,0.9894725280308737,-5.126059808063004,-1.2494173075212291,True,True,True,True,0.28196191809763393,0.48759322843517267,0.5222677103341399,0.7688775187569505,0.15746266968760284,0.9003733675065702,0.5179236788441968,0.525243801560965,0.0,0.0,0.439137108610052,1.0,True,True,96
144,FORM_001158,PUBCHEM_57763048,"2-[[4-[[4-[[(2-Hydroxyphenyl)-(6-oxobenzo[c][2,1]benzoxaphosphinin-6-yl)methyl]amino]phenyl]methyl]anilino]-(6-oxobenzo[c][2,1]benzoxaphosphinin-6-yl)methyl]phenol",pubchem,P-N,PUBLIC_UNVERIFIED,False,True,True,True,True,Candidate,,"2-[[4-[[4-[[(2-Hydroxyphenyl)-(6-oxobenzo[c][2,1]benzoxaphosphinin-6-yl)methyl]amino]phenyl]methyl]anilino]-(6-oxobenzo[c][2,1]benzoxaphosphinin-6-yl)methyl]phenol",,DDM,DOPO-based (reactive),1,1,P-N,100.00%,0.00%,O=P1(C(Nc2ccc(Cc3ccc(NC(c4ccccc4O)P4(=O)Oc5ccccc5-c5ccccc54)cc3)cc2)c2ccccc2O)Oc2ccccc2-c2ccccc21,,NC1=CC=C(CC2=CC=C(N)C=C2)C=C1,10.0,0.7384986594535051,0.3339623788650238,0.0,0.0,0.0,0.4522179892813327,0.0,0.0,0.0,1,1,0,0,0,1,0,0,0,0,0,160.0,3.2,,24.7,,3.0,,,3.0,35.0,,1149.8,,,93.5,,,164.0,,,16.0,,,59.0,,,105.1,,,,,Virtual screening scenario,,,,,,,,,,,,,,,,,,,,,,,,,,,,,,,,34.31674743491046,27.910334642407324,40.7231602274136,12.812825585006273,True,GBDT,compact,260,693.558076817737,163.3518206213971,1223.7643330140768,1060.4125123926797,True,GBDT,compact,330,74.32381184145426,43.79905875330142,104.8485649296071,61.04950617630567,True,GBDT,descriptors,30,0.6626482869760586,1,0.8941821389750148,ExtraTrees,morgan_r3,ALL,159.48182678222656,132.28541564941406,186.67823791503906,54.392822265625,True,XGB,morgan_r3,270,64.9601348057674,40.86121912241892,89.05905048911586,48.197831366696946,True,GBDT,compact,140,1155,True,O=P1(C(Nc2ccc(Cc3ccc(NC(c4ccccc4O)P4(=O)Oc5ccccc5-c5ccccc54)cc3)cc2)c2ccccc2O)Oc2ccccc2-c2ccccc21,O=P1(C(Nc2ccc(Cc3ccc(NC(c4ccccc4)P4(=O)Oc5ccccc5-c5ccccc54)cc3)cc2)c2ccccc2)Oc2ccccc2-c2ccccc21,0.7375,True,In_domain,Maximum Tanimoto >= 0.70.,DSD,O=P1(C(Nc2ccc(S(=O)(=O)c3ccc(NC(c4ccccc4O)P4(=O)Oc5ccccc5-c5ccccc54)cc3)cc2)c2ccccc2O)Oc2ccccc2-c2ccccc21,0.7375,DOPO-DDM,O=P1(C(Nc2ccc(Cc3ccc(NC(c4ccc(O)cc4)P4(=O)Oc5ccccc5-c5ccccc54)cc3)cc2)c2ccc(O)cc2)Oc2ccccc2-c2ccccc21,0.691358024691358,DPDDM,O=P1(C(Nc2ccc(Cc3ccc(NC(c4ccc(O)c(O)c4)[P@@]4(=O)Oc5ccccc5-c5ccccc54)cc3)cc2)c2ccc(O)c(O)c2)Oc2ccccc2-c2ccccc21,0.6785714285714286,0.7375,True,0.9823636898291691,2.144978752051181,-0.6877163051120974,True,True,True,True,0.4279246579214341,0.7483651892687468,0.5447739722251392,0.49909573526545203,0.2524791919436771,0.3691028709689632,0.5061901172274185,0.4760738533542997,0.0,0.0,0.4347790392242735,1.0,True,True,97
147,FORM_000975,CAND_R2_342,TDA-hydroxymethyl,designed,P-N-Si,B,True,True,True,True,True,Candidate,,TDA-hydroxymethyl,,DDM,DOPO-based (additive),0,1,P-N-Si,100.00%,0.00%,CCO[Si](CCCNCC(O)Cn1c(=O)n(CC(O)CNCCC[Si](OCC)(OCC)OCC)c(=O)n(CC(O)CP2(=O)Oc3ccc(CO)cc3-c3ccccc32)c1=O)(OCC)OCC,,NC1=CC=C(CC2=CC=C(N)C=C2)C=C1,10.0,0.3140694473314642,0.7101392698346709,0.0,0.0,0.5695715437303224,2.261089946406664,0.0,0.0,1.813521017627688,1,1,0,0,1,1,0,0,0,0,0,160.0,3.2,,24.8,,3.2,,,3.0,35.0,,1184.0,,,87.2,,,159.0,,,17.0,,,62.6,,,97.55,,,,,Virtual screening scenario,,,,,,,,,,,,,,,,,,,,,,,,,,,,,,,,32.94630272127069,26.539889928767554,39.35271551377383,12.812825585006273,True,GBDT,compact,260,701.6173477450262,171.4110915486864,1231.823603941366,1060.4125123926797,True,GBDT,compact,330,67.84425949175399,37.31950640360115,98.36901257990682,61.04950617630567,True,GBDT,descriptors,30,0.6205448197006885,1,0.941875785773314,ExtraTrees,morgan_r3,ALL,154.60769653320312,127.41128540039062,181.80410766601562,54.392822265625,True,XGB,morgan_r3,270,74.98283264764409,50.883916964295615,99.08174833099255,48.197831366696946,True,GBDT,compact,140,972,True,CCO[Si](CCCNCC(O)Cn1c(=O)n(CC(O)CNCCC[Si](OCC)(OCC)OCC)c(=O)n(CC(O)CP2(=O)Oc3ccc(CO)cc3-c3ccccc32)c1=O)(OCC)OCC,O=c1[nH]c(=O)n(CCCP2(=O)Oc3ccccc3-c3ccccc32)c(=O)[nH]1,0.7623762376237624,True,In_domain,Maximum Tanimoto >= 0.70.,TDA,CCO[Si](CCCNCC(O)Cn1c(=O)n(CC(O)CNCCC[Si](OCC)(OCC)OCC)c(=O)n(CC(O)CP2(=O)Oc3ccccc3-c3ccccc32)c1=O)(OCC)OCC,0.7623762376237624,TGIC-DOPO,O=c1n(CC(O)CP2(=O)Oc3ccccc3-c3ccccc32)c(=O)n(CC(O)CP2(=O)Oc3ccccc3-c3ccccc32)c(=O)n1CC(O)CP1(=O)Oc2ccccc2-c2ccccc21,0.48514851485148514,DTB,CCC(O)Cn1c(=O)n(CC(O)COB(O)OC)c(=O)n(CC(O)CP2(=O)Oc3ccccc3-c3ccccc32)c1=O,0.4380165289256198,0.7623762376237624,True,0.9903126309622191,-5.044378156161033,-1.1202326733344796,True,True,True,True,0.27574975800077367,0.45150591542088564,0.5273352749365747,0.7688775187569505,0.11615681611879125,0.9125224587844056,0.5075616209133565,0.5310545706979827,0.0,0.0,0.42790343530865915,1.0,True,True,98
148,FORM_000264,CAND_R2_088,DOPO-HPM-amino,designed,P-N,B,True,True,True,True,True,Candidate,,DOPO-HPM-amino,,DDM,DOPO-based (Co-curing),2,1,P-N,100.00%,0.00%,Nc1cc(N2C(=O)CC(P3(=O)Oc4ccccc4-c4ccccc43)C2=O)ccc1OCC(O)Cn1c(=O)n(CC2CO2)c(=O)n(CC2CO2)c1=O,,NC1=CC=C(CC2=CC=C(N)C=C2)C=C1,10.19,0.4398170918637512,0.9944660046709438,0.0,0.0,0.0,2.261089946406664,0.0,0.0,0.0,1,1,0,0,0,1,0,0,0,0,0,170.0,3.0,,24.0,,3.0,,,3.0,35.0,,1208.0,,,88.0,,,164.3,,,16.5,,,58.7,,,101.3,,,,,Virtual screening scenario,,,,,,,,,,,,,,,,,,,,,,,,,,,,,,,,33.15221137215906,26.745798579655922,39.55862416466219,12.812825585006273,True,GBDT,compact,260,738.596559189226,208.39030299288618,1268.8028153855657,1060.4125123926797,True,GBDT,compact,330,68.32137866753287,37.796625579380034,98.8461317556857,61.04950617630567,True,GBDT,descriptors,30,0.6286964591638812,1,0.9337488855947179,ExtraTrees,morgan_r3,ALL,169.76795959472656,142.57154846191406,196.96437072753906,54.392822265625,True,XGB,morgan_r3,270,67.75225501670903,43.653339333360556,91.85117070005751,48.197831366696946,True,GBDT,compact,140,261,True,Nc1cc(N2C(=O)CC(P3(=O)Oc4ccccc4-c4ccccc43)C2=O)ccc1OCC(O)Cn1c(=O)n(CC2CO2)c(=O)n(CC2CO2)c1=O,O=C1CC(P2(=O)Oc3ccccc3-c3ccccc32)C(=O)N1c1ccc(OCCCn2c(=O)n(CC3CO3)c(=O)n(CC3CO3)c2=O)cc1,0.7304347826086957,True,In_domain,Maximum Tanimoto >= 0.70.,DOPO-HPM,O=C1CC(P2(=O)Oc3ccccc3-c3ccccc32)C(=O)N1c1ccc(OCC(O)Cn2c(=O)n(CC3CO3)c(=O)n(CC3CO3)c2=O)cc1,0.7304347826086957,DMT,O=C1CC(P2(=O)Oc3ccccc3-c3ccccc32)C(=O)N1c1ccc(OCC(O)Cn2c(=O)n(CC(O)COc3ccc(N4C(=O)CC(P5(=O)Oc6ccccc6-c6ccccc65)C4=O)cc3)c(=O)n(CC(O)COc3ccc(N4C(=O)CC(P5(=O)Oc6ccccc6-c6ccccc65)C4=O)cc3)c2=O)cc1,0.6206896551724138,BMP,O=C1CC(P2(=O)Oc3ccccc3-c3ccccc32)C(=O)N1c1ccc(Cc2ccc(N3C(=O)CC(P4(=O)Oc5ccccc5-c5ccccc54)C3=O)cc2)cc1,0.4782608695652174,0.7304347826086957,True,0.9889581475991197,-2.277247402645213,0.8828644896400705,True,True,True,True,0.29861396261251255,0.508980748927734,0.4473194422187986,0.7490122479430532,0.5401674545483255,0.5204885395881983,0.5068508797540721,0.5216859685550311,0.0,0.01899999999999995,0.42669798447081736,1.0,True,True,99
149,FORM_001032,CAND_R2_361,TDA-OH-acetyl,designed,P-N-Si,B,True,True,True,True,True,Candidate,,TDA-OH-acetyl,,DDM,DOPO-based (additive),0,1,P-N-Si,100.00%,0.00%,CCO[Si](CCCNCC(O)Cn1c(=O)n(CC(O)CP2(=O)Oc3ccccc3-c3ccccc32)c(=O)n(CC(CNCCC[Si](OCC)(OCC)OCC)OC(C)=O)c1=O)(OCC)OCC,,NC1=CC=C(CC2=CC=C(N)C=C2)C=C1,10.0,0.310290455267645,0.7015946288716186,0.0,0.0,0.562718262197138,2.2610899464066634,0.0,0.0,1.813521017627688,1,1,0,0,1,1,0,0,0,0,0,160.0,3.2,,24.8,,3.2,,,3.0,35.0,,1184.0,,,87.2,,,159.0,,,17.0,,,62.6,,,97.55,,,,,Virtual screening scenario,,,,,,,,,,,,,,,,,,,,,,,,,,,,,,,,33.383314418863286,26.97690162636015,39.789727211366426,12.812825585006273,True,GBDT,compact,260,725.0762039379466,194.86994774160678,1255.2824601342863,1060.4125123926797,True,GBDT,compact,330,68.58948211233356,38.06472902418072,99.11423520048639,61.04950617630567,True,GBDT,descriptors,30,0.6180618939645357,1,0.9442455567740269,ExtraTrees,morgan_r3,ALL,154.69955444335938,127.50314331054688,181.89596557617188,54.392822265625,True,XGB,morgan_r3,270,79.96071210119258,55.86179641784411,104.05962778454105,48.197831366696946,True,GBDT,compact,140,1029,True,CCO[Si](CCCNCC(O)Cn1c(=O)n(CC(O)CP2(=O)Oc3ccccc3-c3ccccc32)c(=O)n(CC(CNCCC[Si](OCC)(OCC)OCC)OC(C)=O)c1=O)(OCC)OCC,O=c1[nH]c(=O)n(CCCP2(=O)Oc3ccccc3-c3ccccc32)c(=O)[nH]1,0.84,True,In_domain,Maximum Tanimoto >= 0.70.,TDA,CCO[Si](CCCNCC(O)Cn1c(=O)n(CC(O)CNCCC[Si](OCC)(OCC)OCC)c(=O)n(CC(O)CP2(=O)Oc3ccccc3-c3ccccc32)c1=O)(OCC)OCC,0.84,TGIC-DOPO,O=c1n(CC(O)CP2(=O)Oc3ccccc3-c3ccccc32)c(=O)n(CC(O)CP2(=O)Oc3ccccc3-c3ccccc32)c(=O)n1CC(O)CP1(=O)Oc2ccccc2-c2ccccc21,0.56,DOPO-Si,CCO[Si](CCCC(O)C(O)CP1(=O)Oc2ccccc2-c2ccccc21)(OCC)OCC,0.5,0.84,True,0.9907075927956711,-5.013122540348291,-1.0241225208040585,True,True,True,True,0.32427576615230835,0.4339995298723568,0.47657486551801465,0.7378495284224849,0.11872594905349643,1.0,0.5064125328983826,0.5337864169355008,0.0,0.0,0.4263445703580575,1.0,True,True,100
153,FORM_000834,CAND_R2_285,DGEBDB-hydroxymethyl,designed,P-only,B,True,True,True,True,True,Candidate,,DGEBDB-hydroxymethyl,,DDM,DOPO-based (additive),0,0,P-only,100.00%,0.00%,COc1cc(C(c2cc(CO)c(OCC3CO3)c(OC)c2)P2(=O)Oc3ccccc3-c3ccccc32)ccc1OCC1CO1,,NC1=CC=C(CC2=CC=C(N)C=C2)C=C1,10.0,0.5023329435633624,0.0,0.0,0.0,0.0,0.0,0.0,0.0,0.0,1,0,0,0,0,1,0,0,0,0,0,160.0,3.2,,24.8,,3.2,,,3.0,35.0,,1184.0,,,87.2,,,159.0,,,17.0,,,62.6,,,97.55,,,,,Virtual screening scenario,,,,,,,,,,,,,,,,,,,,,,,,,,,,,,,,32.20278434279076,25.79637155028762,38.6091971352939,12.812825585006273,True,GBDT,compact,260,758.5271114070035,228.3208552106637,1288.7333676033434,1060.4125123926797,True,GBDT,compact,330,63.35027152330882,32.825518435155985,93.87502461146165,61.04950617630567,True,GBDT,descriptors,30,0.6056609655273051,1,0.9553430414553505,ExtraTrees,morgan_r3,ALL,156.92176818847656,129.72535705566406,184.11817932128906,54.392822265625,True,XGB,morgan_r3,270,77.0049094278235,52.90599374447503,101.10382511117197,48.197831366696946,True,GBDT,compact,140,831,True,COc1cc(C(c2cc(CO)c(OCC3CO3)c(OC)c2)P2(=O)Oc3ccccc3-c3ccccc32)ccc1OCC1CO1,O=P1(C(c2ccc(OCC3CO3)cc2)c2ccc(OCC3CO3)cc2)Oc2ccccc2-c2ccccc21,0.7684210526315789,True,In_domain,Maximum Tanimoto >= 0.70.,DGEBDB,COc1cc(C(c2ccc(OCC3CO3)c(OC)c2)P2(=O)Oc3ccccc3-c3ccccc32)ccc1OCC1CO1,0.7684210526315789,HBFR,COc1ccc(C(c2ccc(OCC(O)Cn3c(=O)n(CC(O)COc4cc(C(c5ccc(OC)c(O)c5)P5(=O)Oc6ccccc6-c6ccccc65)ccc4OC)c(=O)n(CC(O)COc4cc(C(c5ccc(O)c(OC)c5)P5(=O)Oc6ccccc6-c6ccccc65)ccc4OC)c3=O)c(OC)c2)P2(=O)Oc3ccccc3-c3ccccc32)cc1O,0.4666666666666667,DOPO-PHE,O=P1(C(c2ccc(O)cc2)c2ccc(O)cc2)Oc2ccccc2-c2ccccc21,0.40384615384615385,0.7684210526315789,True,0.9925571735758917,0.7200152562001157,0.031291109905046764,True,True,True,True,0.1931890872139502,0.3465641985530025,0.4041935974549906,0.9559886066351981,0.18087805452621902,1.0,0.49807490342405014,0.5465794765870321,0.0,0.0,0.41608798193599533,1.0,True,True,101
156,FORM_000993,CAND_R2_348,TDA-disiloxane,designed,P-N-Si,B,True,True,True,True,True,Candidate,,TDA-disiloxane,,DDM,DOPO-based (additive),0,1,P-N-Si,100.00%,0.00%,CCO[Si](CCCNCC(O)Cn1c(=O)n(CC(O)CNCCC[Si](OCC)(OCC)OCC)c(=O)n(CC(O)CP2(=O)Oc3ccc([Si](C)(C)O[Si](C)(C)C)cc3-c3ccccc32)c1=O)(OCC)OCC,,NC1=CC=C(CC2=CC=C(N)C=C2)C=C1,10.0,0.2809364305817454,0.635222538767758,0.0,0.0,1.0189682429545943,2.2610899464066634,0.0,0.0,3.627042035255376,1,1,0,0,1,1,0,0,0,0,0,160.0,3.2,,24.8,,3.2,,,3.0,35.0,,1184.0,,,87.2,,,159.0,,,17.0,,,62.6,,,97.55,,,,,Virtual screening scenario,,,,,,,,,,,,,,,,,,,,,,,,,,,,,,,,32.868597747284234,26.462184954781097,39.275010539787374,12.812825585006273,True,GBDT,compact,260,700.0537962161632,169.84754001982333,1230.260052412503,1060.4125123926797,True,GBDT,compact,330,68.58948211233356,38.06472902418072,99.11423520048639,61.04950617630567,True,GBDT,descriptors,30,0.6109932793253096,1,0.9507219677784552,ExtraTrees,morgan_r3,ALL,156.81643676757812,129.62002563476562,184.01284790039062,54.392822265625,True,XGB,morgan_r3,270,75.03225551239565,50.93333982904718,99.13117119574412,48.197831366696946,True,GBDT,compact,140,990,True,CCO[Si](CCCNCC(O)Cn1c(=O)n(CC(O)CNCCC[Si](OCC)(OCC)OCC)c(=O)n(CC(O)CP2(=O)Oc3ccc([Si](C)(C)O[Si](C)(C)C)cc3-c3ccccc32)c1=O)(OCC)OCC,O=c1[nH]c(=O)n(CCCP2(=O)Oc3ccccc3-c3ccccc32)c(=O)[nH]1,0.7264150943396226,True,In_domain,Maximum Tanimoto >= 0.70.,TDA,CCO[Si](CCCNCC(O)Cn1c(=O)n(CC(O)CNCCC[Si](OCC)(OCC)OCC)c(=O)n(CC(O)CP2(=O)Oc3ccccc3-c3ccccc32)c1=O)(OCC)OCC,0.7264150943396226,TGIC-DOPO,O=c1n(CC(O)CP2(=O)Oc3ccccc3-c3ccccc32)c(=O)n(CC(O)CP2(=O)Oc3ccccc3-c3ccccc32)c(=O)n1CC(O)CP1(=O)Oc2ccccc2-c2ccccc21,0.46226415094339623,DTB,CCC(O)Cn1c(=O)n(CC(O)COB(O)OC)c(=O)n(CC(O)CP2(=O)Oc3ccccc3-c3ccccc32)c1=O,0.42063492063492064,0.7264150943396226,True,0.9917869946297425,-5.167439586223554,-1.107794718703753,True,True,True,True,0.2671213569262632,0.38416078867826614,0.5307184968251193,0.7378495284224849,0.17793208697667254,0.9152021118294907,0.493283454051043,0.5412523531081292,0.0,0.0,0.4120956010848236,1.0,True,True,102
160,FORM_000015,CAND_005,DOPO-HPM-hydroxy,designed,P-N,B,True,True,True,True,True,Candidate,,DOPO-HPM-hydroxy,,DDM,DOPO-based (Co-curing),2,1,P-N,100.00%,0.00%,O=C1CC(P2(=O)Oc3ccccc3-c3ccccc32)C(=O)N1c1ccc(OCC(O)Cn2c(=O)n(CC3CO3)c(=O)n(CC3CO3)c2=O)c(O)c1,,NC1=CC=C(CC2=CC=C(N)C=C2)C=C1,10.19,0.4392148475115916,0.7944834208167966,0.0,0.0,0.0,1.808871957125331,0.0,0.0,0.0,1,1,0,0,0,1,0,0,0,0,0,170.0,3.0,,24.0,,3.0,,,3.0,35.0,,1208.0,,,88.0,,,164.3,,,16.5,,,58.7,,,101.3,,,,,Virtual screening scenario,,,,,,,,,,,,,,,,,,,,,,,,,,,,,,,,33.108342435878285,26.70192964337515,39.51475522838142,12.812825585006273,True,GBDT,compact,260,741.7250508522292,211.51879465588934,1271.9313070485691,1060.4125123926797,True,GBDT,compact,330,68.32137866753287,37.796625579380034,98.8461317556857,61.04950617630567,True,GBDT,descriptors,30,0.6237224772592971,1,0.9387709944832908,ExtraTrees,morgan_r3,ALL,169.83224487304688,142.63583374023438,197.02865600585938,54.392822265625,True,XGB,morgan_r3,270,66.27858709786787,42.1796714145194,90.37750278121635,48.197831366696946,True,GBDT,compact,140,12,True,O=C1CC(P2(=O)Oc3ccccc3-c3ccccc32)C(=O)N1c1ccc(OCC(O)Cn2c(=O)n(CC3CO3)c(=O)n(CC3CO3)c2=O)c(O)c1,O=C1CC(P2(=O)Oc3ccccc3-c3ccccc32)C(=O)N1c1ccc(OCCCn2c(=O)n(CC3CO3)c(=O)n(CC3CO3)c2=O)cc1,0.7368421052631579,True,In_domain,Maximum Tanimoto >= 0.70.,DOPO-HPM,O=C1CC(P2(=O)Oc3ccccc3-c3ccccc32)C(=O)N1c1ccc(OCC(O)Cn2c(=O)n(CC3CO3)c(=O)n(CC3CO3)c2=O)cc1,0.7368421052631579,DMT,O=C1CC(P2(=O)Oc3ccccc3-c3ccccc32)C(=O)N1c1ccc(OCC(O)Cn2c(=O)n(CC(O)COc3ccc(N4C(=O)CC(P5(=O)Oc6ccccc6-c6ccccc65)C4=O)cc3)c(=O)n(CC(O)COc3ccc(N4C(=O)CC(P5(=O)Oc6ccccc6-c6ccccc65)C4=O)cc3)c2=O)cc1,0.6260869565217392,BMP,O=C1CC(P2(=O)Oc3ccccc3-c3ccccc32)C(=O)N1c1ccc(Cc2ccc(N3C(=O)CC(P4(=O)Oc5ccccc5-c5ccccc54)C3=O)cc2)cc1,0.4824561403508772,0.7368421052631579,True,0.9897951657472152,-2.223416760949202,0.8133326032280775,True,True,True,True,0.29374273291480196,0.47391065252284703,0.44054999376953796,0.7490122479430532,0.5419654208363509,0.44058789550337635,0.48969845706402076,0.5274754010645551,0.0,0.01899999999999995,0.4086771469043375,1.0,True,True,103
168,FORM_000831,CAND_R2_284,DGEBDB-hydroxy,designed,P-only,B,True,True,True,True,True,Candidate,,DGEBDB-hydroxy,,DDM,DOPO-based (additive),0,0,P-only,100.00%,0.00%,COc1cc(C(c2cc(O)c(OCC3CO3)c(OC)c2)P2(=O)Oc3ccccc3-c3ccccc32)ccc1OCC1CO1,,NC1=CC=C(CC2=CC=C(N)C=C2)C=C1,10.0,0.5140264464565465,0.0,0.0,0.0,0.0,0.0,0.0,0.0,0.0,1,0,0,0,0,1,0,0,0,0,0,160.0,3.2,,24.8,,3.2,,,3.0,35.0,,1184.0,,,87.2,,,159.0,,,17.0,,,62.6,,,97.55,,,,,Virtual screening scenario,,,,,,,,,,,,,,,,,,,,,,,,,,,,,,,,32.15128016550261,25.744867372999476,38.557692958005745,12.812825585006273,True,GBDT,compact,260,758.5271114070035,228.3208552106637,1288.7333676033434,1060.4125123926797,True,GBDT,compact,330,63.35027152330882,32.825518435155985,93.87502461146165,61.04950617630567,True,GBDT,descriptors,30,0.6097289893397368,1,0.9518381955939197,ExtraTrees,morgan_r3,ALL,156.690185546875,129.4937744140625,183.8865966796875,54.392822265625,True,XGB,morgan_r3,270,73.04294605191124,48.94403036856277,97.14186173525971,48.197831366696946,True,GBDT,compact,140,828,True,COc1cc(C(c2cc(O)c(OCC3CO3)c(OC)c2)P2(=O)Oc3ccccc3-c3ccccc32)ccc1OCC1CO1,O=P1(C(c2ccc(OCC3CO3)cc2)c2ccc(OCC3CO3)cc2)Oc2ccccc2-c2ccccc21,0.7849462365591398,True,In_domain,Maximum Tanimoto >= 0.70.,DGEBDB,COc1cc(C(c2ccc(OCC3CO3)c(OC)c2)P2(=O)Oc3ccccc3-c3ccccc32)ccc1OCC1CO1,0.7849462365591398,HBFR,COc1ccc(C(c2ccc(OCC(O)Cn3c(=O)n(CC(O)COc4cc(C(c5ccc(OC)c(O)c5)P5(=O)Oc6ccccc6-c6ccccc65)ccc4OC)c(=O)n(CC(O)COc4cc(C(c5ccc(O)c(OC)c5)P5(=O)Oc6ccccc6-c6ccccc65)ccc4OC)c3=O)c(OC)c2)P2(=O)Oc3ccccc3-c3ccccc32)cc1O,0.4961832061068702,DOPO-PHE,O=P1(C(c2ccc(O)cc2)c2ccc(O)cc2)Oc2ccccc2-c2ccccc21,0.42574257425742573,0.7849462365591398,True,0.9919730325989867,0.7355229683714519,-0.07022560828093413,True,True,True,True,0.1874700363494295,0.37524664855304674,0.4041935974549906,0.9559886066351981,0.17440102287339168,0.8073439538655687,0.4827542754724291,0.5425391283944218,0.0,0.0,0.40137340621326584,1.0,True,True,104
171,FORM_001215,PUBCHEM_101482827,"[3-(6-Oxobenzo[c][2,1]benzoxaphosphinin-6-yl)-4-(4-pentoxybenzoyl)oxyphenyl] 4-pentoxybenzoate",pubchem,P-only,PUBLIC_UNVERIFIED,False,True,True,True,True,Candidate,,"[3-(6-Oxobenzo[c][2,1]benzoxaphosphinin-6-yl)-4-(4-pentoxybenzoyl)oxyphenyl] 4-pentoxybenzoate",,DDM,DOPO-based (additive),0,0,P-only,100.00%,0.00%,CCCCCOc1ccc(C(=O)Oc2ccc(OC(=O)c3ccc(OCCCCC)cc3)c(P3(=O)Oc4ccccc4-c4ccccc43)c2)cc1,,NC1=CC=C(CC2=CC=C(N)C=C2)C=C1,10.0,0.4394996282401283,0.0,0.0,0.0,0.0,0.0,0.0,0.0,0.0,1,0,0,0,0,1,0,0,0,0,0,160.0,3.2,,24.8,,3.2,,,3.0,35.0,,1184.0,,,87.2,,,159.0,,,17.0,,,62.6,,,97.55,,,,,Virtual screening scenario,,,,,,,,,,,,,,,,,,,,,,,,,,,,,,,,31.343225665561814,24.936812873058678,37.74963845806495,12.812825585006273,True,GBDT,compact,260,726.825770197213,196.6195140008732,1257.0320263935528,1060.4125123926797,True,GBDT,compact,330,63.999125378875185,33.47437229072235,94.52387846702803,61.04950617630567,True,GBDT,descriptors,30,0.6188394981443252,1,0.9435086947232197,ExtraTrees,morgan_r3,ALL,158.0628662109375,130.866455078125,185.25927734375,54.392822265625,True,XGB,morgan_r3,270,69.80735081427177,45.7084351309233,93.90626649762024,48.197831366696946,True,GBDT,compact,140,1212,True,CCCCCOc1ccc(C(=O)Oc2ccc(OC(=O)c3ccc(OCCCCC)cc3)c(P3(=O)Oc4ccccc4-c4ccccc43)c2)cc1,O=C(Oc1ccc(OC(=O)c2ccccc2)c(P2(=O)Oc3ccccc3-c3ccccc32)c1)c1ccccc1,0.7065217391304348,True,In_domain,Maximum Tanimoto >= 0.70.,DOPO-HQ-AE,O=C(Oc1ccc(OC(=O)c2ccccc2)c(P2(=O)Oc3ccccc3-c3ccccc32)c1)c1ccccc1,0.7065217391304348,CP-DOPO,N#Cc1ccc(OP2(=O)Oc3ccccc3-c3ccccc32)cc1,0.28440366972477066,Trif-D,COc1cc(C(O)P2(=O)Oc3ccccc3-c3ccccc32)ccc1Oc1nc(Oc2ccc(C(O)P3(=O)Oc4ccccc4-c4ccccc43)cc2OC)nc(Oc2ccc(C(O)P3(=O)Oc4ccccc4-c4ccccc43)cc2OC)n1,0.2786885245901639,0.7065217391304348,True,0.9905847824538699,-0.8685630512305347,0.3966576504129135,True,True,True,True,0.0977432407807521,0.439482190258581,0.47278914387434534,0.9289730134379109,0.21279291636277353,0.6319135599621223,0.4722681653028074,0.5329369703769675,0.0,0.0,0.3923276197462623,1.0,True,True,105
182,FORM_000109,CAND_R2_018,APN-DOPO-nitrile-to-acid,designed,P-N,B,True,True,True,True,True,Candidate,,APN-DOPO-nitrile-to-acid,,DDM,DOPO-based (additive),0,1,P-N,100.00%,0.00%,N#Cc1cc(Oc2cccc(NCP3(=O)Oc4ccccc4-c4ccccc43)c2)ccc1C(=O)O,,NC1=CC=C(CC2=CC=C(N)C=C2)C=C1,3.42,0.2195772253913504,0.198593542716901,0.0,0.0,0.0,0.9044359785626658,0.0,0.0,0.0,1,1,0,0,0,1,0,0,0,0,0,160.0,3.2,,24.8,,3.2,,,3.0,35.0,,1184.0,,,87.2,,,159.0,,,17.0,,,62.6,,,97.55,,,,,Virtual screening scenario,,,,,,,,,,,,,,,,,,,,,,,,,,,,,,,,31.53159630366974,25.125183511166604,37.93800909617288,12.812825585006273,True,GBDT,compact,260,1021.4010116897178,491.194755493378,1551.6072678860578,1060.4125123926797,True,GBDT,compact,330,66.05132435809178,35.52657126993894,96.57607744624461,61.04950617630567,True,GBDT,descriptors,30,0.6141992842510723,1,0.9478340939061711,ExtraTrees,morgan_r3,ALL,163.9222412109375,136.725830078125,191.11865234375,54.392822265625,True,XGB,morgan_r3,270,75.12270188188651,51.02378619853804,99.221617565235,48.197831366696946,True,GBDT,compact,140,108,True,N#Cc1cc(Oc2cccc(NCP3(=O)Oc4ccccc4-c4ccccc43)c2)ccc1C(=O)O,O=P1(CNc2cccc(Oc3ccccc3)c2)Oc2ccccc2-c2ccccc21,0.7692307692307693,True,In_domain,Maximum Tanimoto >= 0.70.,APN-DOPO,N#Cc1ccc(Oc2cccc(NCP3(=O)Oc4ccccc4-c4ccccc43)c2)cc1C#N,0.7692307692307693,PBD,N#Cc1ccc(Oc2cccc(NC(c3ccc(C(Nc4cccc(Oc5ccc(C#N)c(C#N)c5)c4)P4(=O)Oc5ccccc5-c5ccccc54)cc3)P3(=O)Oc4ccccc4-c4ccccc43)c2)cc1C#N,0.43103448275862066,DOPO-BAPh,CC(C)(c1ccc(O)c(CN(CP2(=O)Oc3ccccc3-c3ccccc32)c2cccc(Oc3ccc(C#N)c(C#N)c3)c2)c1)c1ccc(O)c(CN(CP2(=O)Oc3ccccc3-c3ccccc32)c2cccc(Oc3ccc(C#N)c(C#N)c3)c2)c1,0.4090909090909091,0.7692307692307693,True,0.9913056823176952,-0.43420726035191654,4.404616190903184,True,True,True,True,0.1186600152531293,0.40676539480226914,0.0,0.8435279285289057,0.37667116336057954,0.9201060139128967,0.40346838544420843,0.5379232435148172,0.0,0.0,0.32277989891698583,1.0,True,True,106
203,FORM_001039,CAND_R2_364,TDA-OH-allyl,designed,P-N-Si,B,True,True,True,True,True,Candidate,,TDA-OH-allyl,,DDM,DOPO-based (additive),0,1,P-N-Si,100.00%,0.00%,C=CCOC(CNCCC[Si](OCC)(OCC)OCC)Cn1c(=O)n(CC(O)CNCCC[Si](OCC)(OCC)OCC)c(=O)n(CC(O)CP2(=O)Oc3ccccc3-c3ccccc32)c1=O,,NC1=CC=C(CC2=CC=C(N)C=C2)C=C1,3.42,0.1063293898945449,0.2404203144981099,0.0,0.0,0.1928305833652863,2.261089946406664,0.0,0.0,1.8135210176276877,1,1,0,0,1,1,0,0,0,0,0,160.0,3.2,,24.8,,3.2,,,3.0,35.0,,1184.0,,,87.2,,,159.0,,,17.0,,,62.6,,,97.55,,,,,Virtual screening scenario,,,,,,,,,,,,,,,,,,,,,,,,,,,,,,,,29.68669190002897,23.280279107525832,36.09310469253211,12.812825585006273,True,GBDT,compact,260,904.6674334245804,374.46117722824056,1434.8736896209202,1060.4125123926797,True,GBDT,compact,330,71.70884554607122,41.18409245791838,102.23359863422405,61.04950617630567,True,GBDT,descriptors,30,0.5777290071596932,1,0.9758328057838734,ExtraTrees,morgan_r3,ALL,159.6535186767578,132.4571075439453,186.8499298095703,54.392822265625,True,XGB,morgan_r3,270,76.06721999841818,51.96830431506971,100.16613568176666,48.197831366696946,True,GBDT,compact,140,1038,True,C=CCOC(CNCCC[Si](OCC)(OCC)OCC)Cn1c(=O)n(CC(O)CNCCC[Si](OCC)(OCC)OCC)c(=O)n(CC(O)CP2(=O)Oc3ccccc3-c3ccccc32)c1=O,O=c1[nH]c(=O)n(CCCP2(=O)Oc3ccccc3-c3ccccc32)c(=O)[nH]1,0.8076923076923077,True,In_domain,Maximum Tanimoto >= 0.70.,TDA,CCO[Si](CCCNCC(O)Cn1c(=O)n(CC(O)CNCCC[Si](OCC)(OCC)OCC)c(=O)n(CC(O)CP2(=O)Oc3ccccc3-c3ccccc32)c1=O)(OCC)OCC,0.8076923076923077,TGIC-DOPO,O=c1n(CC(O)CP2(=O)Oc3ccccc3-c3ccccc32)c(=O)n(CC(O)CP2(=O)Oc3ccccc3-c3ccccc32)c(=O)n1CC(O)CP1(=O)Oc2ccccc2-c2ccccc21,0.5384615384615384,DOPO-Si,CCO[Si](CCCC(O)C(O)CP1(=O)Oc2ccccc2-c2ccccc21)(OCC)OCC,0.4827586206896552,0.8076923076923077,True,0.9959721342973124,-5.011156115334885,-1.0271233972556328,True,True,True,True,0.0,0.149624102766436,0.0879743190226886,0.607972125618441,0.2572811659937274,0.9713167411709132,0.2919739001979772,0.5701998540714681,0.0,0.0,0.20644392208725698,1.0,True,True,107
204,FORM_001021,CAND_R2_358,TDA-OH-methyl,designed,P-N-Si,B,True,True,True,True,True,Candidate,,TDA-OH-methyl,,DDM,DOPO-based (additive),0,1,P-N-Si,100.00%,0.00%,CCO[Si](CCCNCC(O)Cn1c(=O)n(CC(O)CP2(=O)Oc3ccccc3-c3ccccc32)c(=O)n(CC(CNCCC[Si](OCC)(OCC)OCC)OC)c1=O)(OCC)OCC,,NC1=CC=C(CC2=CC=C(N)C=C2)C=C1,3.42,0.1091829860567132,0.2468725520914931,0.0,0.0,0.1980056399812001,2.2610899464066634,0.0,0.0,1.8135210176276877,1,1,0,0,1,1,0,0,0,0,0,160.0,3.2,,24.8,,3.2,,,3.0,35.0,,1184.0,,,87.2,,,159.0,,,17.0,,,62.6,,,97.55,,,,,Virtual screening scenario,,,,,,,,,,,,,,,,,,,,,,,,,,,,,,,,29.34461013076773,22.938197338264594,35.75102292327087,12.812825585006273,True,GBDT,compact,260,904.6674334245804,374.46117722824056,1434.8736896209202,1060.4125123926797,True,GBDT,compact,330,70.01061423362977,39.48586114547693,100.5353673217826,61.04950617630567,True,GBDT,descriptors,30,0.5612829492190474,1,0.9849776005400627,ExtraTrees,morgan_r3,ALL,159.6535186767578,132.4571075439453,186.8499298095703,54.392822265625,True,XGB,morgan_r3,270,75.9675966631831,51.86868097983463,100.06651234653157,48.197831366696946,True,GBDT,compact,140,1020,True,CCO[Si](CCCNCC(O)Cn1c(=O)n(CC(O)CP2(=O)Oc3ccccc3-c3ccccc32)c(=O)n(CC(CNCCC[Si](OCC)(OCC)OCC)OC)c1=O)(OCC)OCC,O=c1[nH]c(=O)n(CCCP2(=O)Oc3ccccc3-c3ccccc32)c(=O)[nH]1,0.875,True,In_domain,Maximum Tanimoto >= 0.70.,TDA,CCO[Si](CCCNCC(O)Cn1c(=O)n(CC(O)CNCCC[Si](OCC)(OCC)OCC)c(=O)n(CC(O)CP2(=O)Oc3ccccc3-c3ccccc32)c1=O)(OCC)OCC,0.875,TGIC-DOPO,O=c1n(CC(O)CP2(=O)Oc3ccccc3-c3ccccc32)c(=O)n(CC(O)CP2(=O)Oc3ccccc3-c3ccccc32)c(=O)n1CC(O)CP1(=O)Oc2ccccc2-c2ccccc21,0.5833333333333334,DOPO-Si,CCO[Si](CCCC(O)C(O)CP1(=O)Oc2ccccc2-c2ccccc21)(OCC)OCC,0.5185185185185185,0.875,True,0.9974962667566771,-4.944401777391114,-1.043601801188143,True,True,True,True,0.0,0.03366774254581444,0.0879743190226886,0.6786794596324576,0.2572811659937274,0.9659152741583039,0.28238394825539526,0.580741874013503,0.0,0.0,0.19527266715336983,1.0,True,True,108
207,FORM_000158,CAND_R2_051,PBD-triethoxysilyl,designed,P-N-Si,B,True,True,True,True,True,Candidate,,PBD-triethoxysilyl,,DDS,DOPO-based (Additive + Secondary Crosslinking),3,1,P-N-Si,100.00%,0.00%,CCO[Si](OCC)(OCC)c1cc(Oc2cccc(NC(c3ccc(C(Nc4cccc(Oc5ccc(C#N)c(C#N)c5)c4)P4(=O)Oc5ccccc5-c5ccccc54)cc3)P3(=O)Oc4ccccc4-c4ccccc43)c2)cc(C#N)c1C#N,,NC1=CC=C(C=C1)S(=O)(=O)C1=CC=C(N)C=C1,5.29,0.2817248834904131,0.3822031810276571,0.0,0.0,0.1277284993496439,1.3566539678439982,0.0,0.0,0.453380254406922,1,1,0,0,1,1,1,0,0,0,0,250.0,4.0,,22.4,,3.0,,,4.0,35.0,,867.99,,,114.145,,,180.0,,,16.9,,,52.14,,,95.65,,,,,Virtual screening scenario,,,,,,,,,,,,,,,,,,,,,,,,,,,,,,,,40.97117588372499,34.56476309122185,47.37758867622813,12.812825585006273,True,GBDT,compact,260,440.35030216507556,-89.85595403126428,970.5565583614155,1060.4125123926797,True,GBDT,compact,330,82.27777185031401,51.753018762161176,112.80252493846685,61.04950617630567,True,GBDT,descriptors,30,0.7024516097644212,1,0.836053382815178,ExtraTrees,morgan_r3,ALL,189.32412719726562,162.12771606445312,216.52053833007812,54.392822265625,True,XGB,morgan_r3,270,58.78204632726667,34.6831306439182,82.88096201061515,48.197831366696946,True,GBDT,compact,140,156,True,CCO[Si](OCC)(OCC)c1cc(Oc2cccc(NC(c3ccc(C(Nc4cccc(Oc5ccc(C#N)c(C#N)c5)c4)P4(=O)Oc5ccccc5-c5ccccc54)cc3)P3(=O)Oc4ccccc4-c4ccccc43)c2)cc(C#N)c1C#N,O=P1(C(Nc2cccc(Oc3ccccc3)c2)c2ccc(C(Nc3cccc(Oc4ccccc4)c3)P3(=O)Oc4ccccc4-c4ccccc43)cc2)Oc2ccccc2-c2ccccc21,0.7545454545454545,True,In_domain,Maximum Tanimoto >= 0.70.,PBD,N#Cc1ccc(Oc2cccc(NC(c3ccc(C(Nc4cccc(Oc5ccc(C#N)c(C#N)c5)c4)P4(=O)Oc5ccccc5-c5ccccc54)cc3)P3(=O)Oc4ccccc4-c4ccccc43)c2)cc1C#N,0.7545454545454545,APN-DOPO,N#Cc1ccc(Oc2cccc(NCP3(=O)Oc4ccccc4-c4ccccc43)c2)cc1C#N,0.4573643410852713,DOPO-DDE,O=P1(C(Nc2ccc(Oc3ccc(NC(c4ccc(O)cc4)P4(=O)Oc5ccccc5-c5ccccc54)cc3)cc2)c2ccc(O)cc2)Oc2ccccc2-c2ccccc21,0.42063492063492064,0.7545454545454545,True,0.9726755638025297,2.561460301538487,4.487161026564798,True,True,True,True,1.0,1.0,1.0,0.16792570974517051,1.0,0.03413374913763355,0.7369985168627975,0.4166666666666667,0.0,0.0,0.6744985168627975,2.0,False,False,109
208,FORM_000909,CAND_R2_320,BDO-carboxamide,designed,P-N-S,B,True,True,True,True,True,Candidate,,BDO-carboxamide,,DDM,DOPO-based (additive),0,1,P-N-S,100.00%,0.00%,NC(=O)c1ccc(C(CP2(=O)Oc3ccccc3-c3ccccc32)Nc2n[nH]c(NC(c3cccs3)P3(=O)Oc4ccccc4-c4ccccc43)n2)s1,,NC1=CC=C(CC2=CC=C(N)C=C2)C=C1,10.0,0.7975004409244866,1.081932137537543,0.8256423658270003,0.0,0.0,1.3566539678439984,1.0352876606185832,0.0,0.0,1,1,1,0,0,1,0,0,0,0,0,160.0,3.2,,24.8,,3.2,,,3.0,35.0,,1184.0,,,87.2,,,159.0,,,17.0,,,62.6,,,97.55,,,,,Virtual screening scenario,,,,,,,,,,,,,,,,,,,,,,,,,,,,,,,,36.083665027675764,29.677252235172627,42.4900778201789,12.812825585006273,True,GBDT,compact,260,698.8023096122024,168.59605341586257,1229.0085658085422,1060.4125123926797,True,GBDT,compact,330,62.60127152046142,32.07651843230858,93.12602460861424,61.04950617630567,True,GBDT,descriptors,30,0.695320213745137,1,0.847400056410216,ExtraTrees,morgan_r3,ALL,149.02072143554688,121.82431030273438,176.21713256835938,54.392822265625,True,XGB,morgan_r3,270,79.50698812131982,55.40807243797135,103.60590380466829,48.197831366696946,True,GBDT,compact,140,906,True,NC(=O)c1ccc(C(CP2(=O)Oc3ccccc3-c3ccccc32)Nc2n[nH]c(NC(c3cccs3)P3(=O)Oc4ccccc4-c4ccccc43)n2)s1,O=P1(CC(Nc2n[nH]c(NC(c3cccs3)P3(=O)Oc4ccccc4-c4ccccc43)n2)c2cccs2)Oc2ccccc2-c2ccccc21,0.8037383177570093,True,In_domain,Maximum Tanimoto >= 0.70.,BDO,O=P1(CC(Nc2n[nH]c(NC(c3cccs3)P3(=O)Oc4ccccc4-c4ccccc43)n2)c2cccs2)Oc2ccccc2-c2ccccc21,0.8037383177570093,SAD,O=P1(C(Nc2nc[nH]n2)c2cccs2)Oc2ccccc2-c2ccccc21,0.49137931034482757,TBO,O=P1(C(Nc2n[nH]c(NC(c3ccccc3O)P3(=O)Oc4ccccc4-c4ccccc43)n2)c2ccccc2O)Oc2ccccc2-c2ccccc21,0.4628099173553719,0.8037383177570093,True,0.9745666760683692,0.18122939123291432,-1.1344311520804575,True,True,True,True,0.6241241143248911,0.9787254204688234,0.5334264708148342,0.9871738715574975,0.0,1.0,0.7246899754332092,0.4221439773454105,0.0,0.0,0.6613683788313977,2.0,False,False,110
209,FORM_000654,CAND_R2_225,PAD-hydroxy,designed,P-N-S,B,True,True,True,True,True,Candidate,,PAD-hydroxy,,DDM,DOPO-based (additive),0,1,P-N-S,100.00%,0.00%,O=P(Oc1ccc(C(Nc2nc3ccccc3s2)P2(=O)Oc3ccccc3-c3ccccc32)cc1)(Oc1ccc(C(Nc2nc3ccc(O)cc3s2)P2(=O)Oc3ccccc3-c3ccccc32)cc1)c1ccccc1,,NC1=CC=C(CC2=CC=C(N)C=C2)C=C1,10.0,0.8611527632844687,0.5192383614354213,0.5943605531573376,0.0,0.0,0.6029573190417772,0.6901917737457224,0.0,0.0,1,1,1,0,0,1,0,0,0,0,0,160.0,3.2,,24.8,,3.2,,,3.0,35.0,,1184.0,,,87.2,,,159.0,,,17.0,,,62.6,,,97.55,,,,,Virtual screening scenario,,,,,,,,,,,,,,,,,,,,,,,,,,,,,,,,35.085376430776016,28.67896363827288,41.491789223279156,12.812825585006273,True,GBDT,compact,260,704.859130786279,174.6528745899392,1235.0653869826187,1060.4125123926797,True,GBDT,compact,330,62.83238791698062,32.30763482882779,93.35714100513346,61.04950617630567,True,GBDT,descriptors,30,0.7070075904182728,1,0.8285914300368825,ExtraTrees,morgan_r3,ALL,149.78916931152344,122.59275817871094,176.98558044433594,54.392822265625,True,XGB,morgan_r3,270,75.09621393042606,50.99729824707759,99.19512961377453,48.197831366696946,True,GBDT,compact,140,651,True,O=P(Oc1ccc(C(Nc2nc3ccccc3s2)P2(=O)Oc3ccccc3-c3ccccc32)cc1)(Oc1ccc(C(Nc2nc3ccc(O)cc3s2)P2(=O)Oc3ccccc3-c3ccccc32)cc1)c1ccccc1,O=P(Oc1ccc(C(Nc2nc3ccccc3s2)P2(=O)Oc3ccccc3-c3ccccc32)cc1)(Oc1ccc(C(Nc2nc3ccccc3s2)P2(=O)Oc3ccccc3-c3ccccc32)cc1)c1ccccc1,0.8571428571428571,True,In_domain,Maximum Tanimoto >= 0.70.,PAD,O=P(Oc1ccc(C(Nc2nc3ccccc3s2)P2(=O)Oc3ccccc3-c3ccccc32)cc1)(Oc1ccc(C(Nc2nc3ccccc3s2)P2(=O)Oc3ccccc3-c3ccccc32)cc1)c1ccccc1,0.8571428571428571,D-P-A,O=P1(C(Nc2nc3ccccc3s2)c2ccc(O)cc2)Oc2ccccc2-c2ccccc21,0.6605504587155964,BPD,O=P1(C(Nc2nc3ccccc3s2)c2ccc(C(Nc3nc4ccccc4s3)P3(=O)Oc4ccccc4-c4ccccc43)cc2)Oc2ccccc2-c2ccccc21,0.6509433962264151,0.8571428571428571,True,0.9714319050061472,3.432664277337391,-2.3298791998454766,True,True,True,True,0.5132736248354718,1.0,0.5203206859443886,0.9775511398806767,0.0,0.9186698664911342,0.6940960767812209,0.4166666666666667,0.0,0.0,0.6315960767812209,2.0,False,False,111
210,FORM_000141,CAND_R2_045,PBD-hydroxy,designed,P-N,B,True,True,True,True,True,Candidate,,PBD-hydroxy,,DDM,DOPO-based (additive),0,1,P-N,100.00%,0.00%,N#Cc1ccc(Oc2cccc(NC(c3ccc(C(Nc4cccc(Oc5cc(O)c(C#N)c(C#N)c5)c4)P4(=O)Oc5ccccc5-c5ccccc54)cc3)P3(=O)Oc4ccccc4-c4ccccc43)c2)cc1C#N,,NC1=CC=C(CC2=CC=C(N)C=C2)C=C1,10.0,0.6091566227148513,0.8264147492445525,0.0,0.0,0.0,1.3566539678439984,0.0,0.0,0.0,1,1,0,0,0,1,0,0,0,0,0,160.0,3.2,,24.8,,3.2,,,3.0,35.0,,1184.0,,,87.2,,,159.0,,,17.0,,,62.6,,,97.55,,,,,Virtual screening scenario,,,,,,,,,,,,,,,,,,,,,,,,,,,,,,,,35.56706393410906,29.16065114160592,41.97347672661219,12.812825585006273,True,GBDT,compact,260,759.6462649360117,229.44000873967184,1289.8525211323515,1060.4125123926797,True,GBDT,compact,330,63.667071678176974,33.14231859002414,94.1918247663298,61.04950617630567,True,GBDT,descriptors,30,0.6981239555488599,1,0.8429875929506936,ExtraTrees,morgan_r3,ALL,158.0400390625,130.8436279296875,185.2364501953125,54.392822265625,True,XGB,morgan_r3,270,72.12939622257788,48.03048053922941,96.22831190592635,48.197831366696946,True,GBDT,compact,140,138,True,N#Cc1ccc(Oc2cccc(NC(c3ccc(C(Nc4cccc(Oc5cc(O)c(C#N)c(C#N)c5)c4)P4(=O)Oc5ccccc5-c5ccccc54)cc3)P3(=O)Oc4ccccc4-c4ccccc43)c2)cc1C#N,O=P1(C(Nc2cccc(Oc3ccccc3)c2)c2ccc(C(Nc3cccc(Oc4ccccc4)c3)P3(=O)Oc4ccccc4-c4ccccc43)cc2)Oc2ccccc2-c2ccccc21,0.8383838383838383,True,In_domain,Maximum Tanimoto >= 0.70.,PBD,N#Cc1ccc(Oc2cccc(NC(c3ccc(C(Nc4cccc(Oc5ccc(C#N)c(C#N)c5)c4)P4(=O)Oc5ccccc5-c5ccccc54)cc3)P3(=O)Oc4ccccc4-c4ccccc43)c2)cc1C#N,0.8383838383838383,APN-DOPO,N#Cc1ccc(Oc2cccc(NCP3(=O)Oc4ccccc4-c4ccccc43)c2)cc1C#N,0.48739495798319327,DOPO-DDE,O=P1(C(Nc2ccc(Oc3ccc(NC(c4ccc(O)cc4)P4(=O)Oc5ccccc5-c5ccccc54)cc3)cc2)c2ccc(O)cc2)Oc2ccccc2-c2ccccc21,0.48672566371681414,0.8383838383838383,True,0.9738312654917823,3.1017916785006086,4.459766712827798,True,True,True,True,0.5667604578927927,0.9984937865861898,0.40177196654223435,0.9427983573435682,0.21215447402551124,0.7578122928759515,0.6789615903631032,0.4170573374563848,0.0,0.0,0.6164029897446455,2.0,False,False,112
211,FORM_000594,CAND_R2_205,DOPO-PPO-carboxamide,designed,P-N,B,True,True,True,True,True,Candidate,,DOPO-PPO-carboxamide,,DDM,DOPO-based (additive),0,1,P-N,100.00%,0.00%,NC(=O)c1ccc(P(=O)(Oc2ccc(C(O)P3(=O)Oc4ccccc4-c4ccccc43)cc2)Oc2ccc(C(O)P3(=O)Oc4ccccc4-c4ccccc43)cc2)cc1,,NC1=CC=C(CC2=CC=C(N)C=C2)C=C1,10.0,1.103998403204995,0.1664159793557216,0.0,0.0,0.0,0.1507393297604442,0.0,0.0,0.0,1,1,0,0,0,1,0,0,0,0,0,160.0,3.2,,24.8,,3.2,,,3.0,35.0,,1184.0,,,87.2,,,159.0,,,17.0,,,62.6,,,97.55,,,,,Virtual screening scenario,,,,,,,,,,,,,,,,,,,,,,,,,,,,,,,,34.77478965921695,28.368376866713813,41.18120245172008,12.812825585006273,True,GBDT,compact,260,573.834324364779,43.6280681684392,1104.040580561119,1060.4125123926797,True,GBDT,compact,330,56.596204097632295,26.07145100947946,87.12095718578513,61.04950617630567,True,GBDT,descriptors,30,0.6636527879026805,1,0.8928710600467211,ExtraTrees,morgan_r3,ALL,152.1785888671875,124.982177734375,179.375,54.392822265625,True,XGB,morgan_r3,270,71.96213750275233,47.863221819403854,96.06105318610079,48.197831366696946,True,GBDT,compact,140,591,True,NC(=O)c1ccc(P(=O)(Oc2ccc(C(O)P3(=O)Oc4ccccc4-c4ccccc43)cc2)Oc2ccc(C(O)P3(=O)Oc4ccccc4-c4ccccc43)cc2)cc1,O=P1(Cc2ccc(OP(=O)(Oc3ccc(CP4(=O)Oc5ccccc5-c5ccccc54)cc3)c3ccccc3)cc2)Oc2ccccc2-c2ccccc21,0.7682926829268293,True,In_domain,Maximum Tanimoto >= 0.70.,DOPO-PPO,O=P(Oc1ccc(C(O)P2(=O)Oc3ccccc3-c3ccccc32)cc1)(Oc1ccc(C(O)P2(=O)Oc3ccccc3-c3ccccc32)cc1)c1ccccc1,0.7682926829268293,Trif-DOPO,O=P1(C(O)c2ccc(Oc3nc(Oc4ccc(C(O)P5(=O)Oc6ccccc6-c6ccccc65)cc4)nc(Oc4ccc(C(O)P5(=O)Oc6ccccc6-c6ccccc65)cc4)n3)cc2)Oc2ccccc2-c2ccccc21,0.5795454545454546,DOPO-PHBA,O=P1(C(O)c2ccc(O)cc2)Oc2ccccc2-c2ccccc21,0.5542168674698795,0.7682926829268293,True,0.9821451766744534,1.6482211865110752,-1.5244594896994397,True,True,True,True,0.47878590679162997,0.7554476324724425,0.8038329238492397,1.0,0.04821818681522685,0.7487437101430292,0.687309482318488,0.4745624558242132,0.0,0.0,0.616125113944856,2.0,False,False,113
212,FORM_000243,CAND_R2_081,TDCA-DOPO-2-disiloxane,designed,P-Si,B,True,True,True,True,True,Candidate,,TDCA-DOPO-2-disiloxane,,DDM,DOPO-based (additive),0,1,P-Si,100.00%,0.00%,C[Si](C)(C)O[Si](C)(C)c1ccc(P(=O)(OC(c2ccc(C(OP(=O)(c3ccccc3)c3ccccc3)P3(=O)Oc4ccccc4-c4ccccc43)cc2)P2(=O)Oc3ccccc3-c3ccccc32)c2ccccc2)cc1,,NC1=CC=C(CC2=CC=C(N)C=C2)C=C1,10.0,1.1129936092880022,0.0,0.0,0.0,0.5046093257322727,0.0,0.0,0.0,0.4533802544069219,1,0,0,0,1,1,0,0,0,0,0,160.0,3.2,,24.8,,3.2,,,3.0,35.0,,1184.0,,,87.2,,,159.0,,,17.0,,,62.6,,,97.55,,,,,Virtual screening scenario,,,,,,,,,,,,,,,,,,,,,,,,,,,,,,,,34.393827678853725,27.98741488635059,40.80024047135686,12.812825585006273,True,GBDT,compact,260,589.3230686181331,59.11681242179327,1119.529324814473,1060.4125123926797,True,GBDT,compact,330,56.36508770111311,25.840334612960277,86.88984078926595,61.04950617630567,True,GBDT,descriptors,30,0.6777685004372115,1,0.8735934410092205,ExtraTrees,morgan_r3,ALL,151.84149169921875,124.64508056640625,179.03790283203125,54.392822265625,True,XGB,morgan_r3,270,70.34626692936456,46.24735124601609,94.44518261271304,48.197831366696946,True,GBDT,compact,140,240,True,C[Si](C)(C)O[Si](C)(C)c1ccc(P(=O)(OC(c2ccc(C(OP(=O)(c3ccccc3)c3ccccc3)P3(=O)Oc4ccccc4-c4ccccc43)cc2)P2(=O)Oc3ccccc3-c3ccccc32)c2ccccc2)cc1,O=P(OC(c1ccc(C(OP(=O)(c2ccccc2)c2ccccc2)P2(=O)Oc3ccccc3-c3ccccc32)cc1)P1(=O)Oc2ccccc2-c2ccccc21)(c1ccccc1)c1ccccc1,0.7721518987341772,True,In_domain,Maximum Tanimoto >= 0.70.,TDCA-DOPO-2,O=P(OC(c1ccc(C(OP(=O)(c2ccccc2)c2ccccc2)P2(=O)Oc3ccccc3-c3ccccc32)cc1)P1(=O)Oc2ccccc2-c2ccccc21)(c1ccccc1)c1ccccc1,0.7721518987341772,TDCA-DOPO-3,O=P(Oc1ccccc1)(Oc1ccccc1)OC(c1ccc(C(OP(=O)(Oc2ccccc2)Oc2ccccc2)P2(=O)Oc3ccccc3-c3ccccc32)cc1)P1(=O)Oc2ccccc2-c2ccccc21,0.5319148936170213,TDCA-DOPO-1,O=P1(C(OP(c2ccccc2)c2ccccc2)c2ccc(C(OP(c3ccccc3)c3ccccc3)P3(=O)Oc4ccccc4-c4ccccc43)cc2)Oc2ccccc2-c2ccccc21,0.4583333333333333,0.7721518987341772,True,0.9789322401682035,1.492776761479084,-1.559752651636153,True,True,True,True,0.43648368864422293,0.8549734065717493,0.7703182889832441,1.0,0.03879006641763432,0.6611329954625331,0.68234738302786,0.45233942624875584,0.0,0.0,0.6144964690905467,2.0,False,False,114
213,FORM_000573,CAND_R2_196,DSD-NH-methyl,designed,P-N-S,B,True,True,True,True,True,Candidate,,DSD-NH-methyl,,DDM,DOPO-based (additive),0,1,P-N-S,100.00%,0.00%,CN(c1ccc(S(=O)(=O)c2ccc(NC(c3ccccc3O)P3(=O)Oc4ccccc4-c4ccccc43)cc2)cc1)C(c1ccccc1O)P1(=O)Oc2ccccc2-c2ccccc21,,NC1=CC=C(CC2=CC=C(N)C=C2)C=C1,10.0,0.6860988235711072,0.3102662304436139,0.3551548230040468,0.0,0.0,0.4522179892813327,0.5176438303092916,0.0,0.0,1,1,1,0,0,1,0,0,0,0,0,160.0,3.2,,24.8,,3.2,,,3.0,35.0,,1184.0,,,87.2,,,159.0,,,17.0,,,62.6,,,97.55,,,,,Virtual screening scenario,,,,,,,,,,,,,,,,,,,,,,,,,,,,,,,,34.291224448926855,27.884811656423718,40.69763724142999,12.812825585006273,True,GBDT,compact,260,695.2116025363911,165.00534634005123,1225.417858732731,1060.4125123926797,True,GBDT,compact,330,63.73328025153899,33.20852716338616,94.25803333969182,61.04950617630567,True,GBDT,descriptors,30,0.693736173810785,1,0.8498651798286292,ExtraTrees,morgan_r3,ALL,153.3741455078125,126.177734375,180.570556640625,54.392822265625,True,XGB,morgan_r3,270,74.02779552029004,49.92887983694157,98.12671120363851,48.197831366696946,True,GBDT,compact,140,570,True,CN(c1ccc(S(=O)(=O)c2ccc(NC(c3ccccc3O)P3(=O)Oc4ccccc4-c4ccccc43)cc2)cc1)C(c1ccccc1O)P1(=O)Oc2ccccc2-c2ccccc21,O=P1(C(Nc2ccc(S(=O)(=O)c3ccc(NC(c4ccccc4)P4(=O)Oc5ccccc5-c5ccccc54)cc3)cc2)c2ccccc2)Oc2ccccc2-c2ccccc21,0.7608695652173914,True,In_domain,Maximum Tanimoto >= 0.70.,DSD,O=P1(C(Nc2ccc(S(=O)(=O)c3ccc(NC(c4ccccc4O)P4(=O)Oc5ccccc5-c5ccccc54)cc3)cc2)c2ccccc2O)Oc2ccccc2-c2ccccc21,0.7608695652173914,DOPO-DDS,O=P1(C(Nc2ccc(S(=O)(=O)c3ccc(NC(c4ccc(O)cc4)P4(=O)Oc5ccccc5-c5ccccc54)cc3)cc2)c2ccc(O)cc2)Oc2ccccc2-c2ccccc21,0.5428571428571428,TBO,O=P1(C(Nc2n[nH]c(NC(c3ccccc3O)P3(=O)Oc4ccccc4-c4ccccc43)n2)c2ccccc2O)Oc2ccccc2-c2ccccc21,0.4954954954954955,0.7608695652173914,True,0.9749775299714383,2.5490283693214013,-0.8844975074919702,True,True,True,True,0.42509057216877627,0.9675568166675678,0.5411960636616205,0.9400417059516152,0.08165617746307084,0.8607414023978945,0.6690167896760124,0.424985744813062,0.0,0.0,0.6052689279540531,2.0,False,False,115
214,FORM_000597,CAND_R2_206,DOPO-PPO-boronic-acid,designed,P-B,B,True,True,True,True,True,Candidate,,DOPO-PPO-boronic-acid,,DDM,DOPO-based (additive),0,1,P-B,100.00%,0.00%,O=P(Oc1ccc(C(O)P2(=O)Oc3ccccc3-c3ccccc32)cc1)(Oc1ccc(C(O)P2(=O)Oc3ccccc3-c3ccccc32)cc1)c1ccc(B(O)O)cc1,,NC1=CC=C(CC2=CC=C(N)C=C2)C=C1,10.0,1.1029592429010096,0.0,0.0,0.128335543081786,0.0,0.0,0.0,0.1163556531284303,0.0,1,0,0,1,0,1,0,0,0,0,0,160.0,3.2,,24.8,,3.2,,,3.0,35.0,,1184.0,,,87.2,,,159.0,,,17.0,,,62.6,,,97.55,,,,,Virtual screening scenario,,,,,,,,,,,,,,,,,,,,,,,,,,,,,,,,34.45151327336929,28.04510048086615,40.85792606587242,12.812825585006273,True,GBDT,compact,260,559.6935733706014,29.487317174261534,1089.8998295669412,1060.4125123926797,True,GBDT,compact,330,56.596204097632295,26.07145100947946,87.12095718578513,61.04950617630567,True,GBDT,descriptors,30,0.6565232869342494,1,0.9020018425891945,ExtraTrees,morgan_r3,ALL,152.40194702148438,125.20553588867188,179.59835815429688,54.392822265625,True,XGB,morgan_r3,270,71.96213750275233,47.863221819403854,96.06105318610079,48.197831366696946,True,GBDT,compact,140,594,True,O=P(Oc1ccc(C(O)P2(=O)Oc3ccccc3-c3ccccc32)cc1)(Oc1ccc(C(O)P2(=O)Oc3ccccc3-c3ccccc32)cc1)c1ccc(B(O)O)cc1,O=P1(Cc2ccc(OP(=O)(Oc3ccc(CP4(=O)Oc5ccccc5-c5ccccc54)cc3)c3ccccc3)cc2)Oc2ccccc2-c2ccccc21,0.7777777777777778,True,In_domain,Maximum Tanimoto >= 0.70.,DOPO-PPO,O=P(Oc1ccc(C(O)P2(=O)Oc3ccccc3-c3ccccc32)cc1)(Oc1ccc(C(O)P2(=O)Oc3ccccc3-c3ccccc32)cc1)c1ccccc1,0.7777777777777778,Trif-DOPO,O=P1(C(O)c2ccc(Oc3nc(Oc4ccc(C(O)P5(=O)Oc6ccccc6-c6ccccc65)cc4)nc(Oc4ccc(C(O)P5(=O)Oc6ccccc6-c6ccccc65)cc4)n3)cc2)Oc2ccccc2-c2ccccc21,0.5681818181818182,DOPO-PHBA,O=P1(C(O)c2ccc(O)cc2)Oc2ccccc2-c2ccccc21,0.5609756097560976,0.7777777777777778,True,0.9836669737648657,1.5294360104279046,-1.6548333745256885,True,True,True,True,0.44288912732036995,0.705179599520578,0.8344307630638809,1.0,0.054465191449481754,0.7487437101430292,0.6768207881402168,0.485088322638664,0.0,0.0,0.6040575397444172,2.0,False,False,116
216,FORM_000783,CAND_R2_268,TDCA-DOPO-3-disiloxane,designed,P-Si,B,True,True,True,True,True,Candidate,,TDCA-DOPO-3-disiloxane,,DDM,DOPO-based (additive),0,1,P-Si,100.00%,0.00%,C[Si](C)(C)O[Si](C)(C)c1ccc(OP(=O)(Oc2ccccc2)OC(c2ccc(C(OP(=O)(Oc3ccccc3)Oc3ccccc3)P3(=O)Oc4ccccc4-c4ccccc43)cc2)P2(=O)Oc3ccccc3-c3ccccc32)cc1,,NC1=CC=C(CC2=CC=C(N)C=C2)C=C1,10.0,1.052486718191193,0.0,0.0,0.0,0.4771766960534295,0.0,0.0,0.0,0.453380254406922,1,0,0,0,1,1,0,0,0,0,0,160.0,3.2,,24.8,,3.2,,,3.0,35.0,,1184.0,,,87.2,,,159.0,,,17.0,,,62.6,,,97.55,,,,,Virtual screening scenario,,,,,,,,,,,,,,,,,,,,,,,,,,,,,,,,34.03899358516371,27.632580792660573,40.44540637766684,12.812825585006273,True,GBDT,compact,260,614.9189934453036,84.71273724896378,1145.1252496416434,1060.4125123926797,True,GBDT,compact,330,56.920545482563114,26.39579239441028,87.44529857071595,61.04950617630567,True,GBDT,descriptors,30,0.6755542061654748,1,0.8767228827904399,ExtraTrees,morgan_r3,ALL,153.44729614257812,126.25088500976562,180.64370727539062,54.392822265625,True,XGB,morgan_r3,270,71.2866014899369,47.187685806588426,95.38551717328536,48.197831366696946,True,GBDT,compact,140,780,True,C[Si](C)(C)O[Si](C)(C)c1ccc(OP(=O)(Oc2ccccc2)OC(c2ccc(C(OP(=O)(Oc3ccccc3)Oc3ccccc3)P3(=O)Oc4ccccc4-c4ccccc43)cc2)P2(=O)Oc3ccccc3-c3ccccc32)cc1,O=P(Oc1ccccc1)(Oc1ccccc1)OC(c1ccc(C(OP(=O)(Oc2ccccc2)Oc2ccccc2)P2(=O)Oc3ccccc3-c3ccccc32)cc1)P1(=O)Oc2ccccc2-c2ccccc21,0.7831325301204819,True,In_domain,Maximum Tanimoto >= 0.70.,TDCA-DOPO-3,O=P(Oc1ccccc1)(Oc1ccccc1)OC(c1ccc(C(OP(=O)(Oc2ccccc2)Oc2ccccc2)P2(=O)Oc3ccccc3-c3ccccc32)cc1)P1(=O)Oc2ccccc2-c2ccccc21,0.7831325301204819,TDCA-DOPO-2,O=P(OC(c1ccc(C(OP(=O)(c2ccccc2)c2ccccc2)P2(=O)Oc3ccccc3-c3ccccc32)cc1)P1(=O)Oc2ccccc2-c2ccccc21)(c1ccccc1)c1ccccc1,0.5319148936170213,TDCA-DOPO-1,O=P1(C(OP(c2ccccc2)c2ccccc2)c2ccc(C(OP(c3ccccc3)c3ccccc3)P3(=O)Oc4ccccc4-c4ccccc43)cc2)Oc2ccccc2-c2ccccc21,0.44,0.7831325301204819,True,0.9794538137984067,1.7575175630341984,-1.026950347835387,True,True,True,True,0.3970827247393705,0.8393610631679611,0.7149336780291105,1.0,0.08370209495293408,0.7121168949451453,0.6698573921770964,0.4559470127003515,0.0,0.0,0.6014653402720437,2.0,False,False,117
217,FORM_000777,CAND_R2_266,TDCA-DOPO-3-trimethoxysilyl,designed,P-Si,B,True,True,True,True,True,Candidate,,TDCA-DOPO-3-trimethoxysilyl,,DDS,DOPO-based (Additive + Secondary Crosslinking),3,1,P-Si,100.00%,0.00%,CO[Si](OC)(OC)c1ccc(OP(=O)(Oc2ccccc2)OC(c2ccc(C(OP(=O)(Oc3ccccc3)Oc3ccccc3)P3(=O)Oc4ccccc4-c4ccccc43)cc2)P2(=O)Oc3ccccc3-c3ccccc32)cc1,,NC1=CC=C(C=C1)S(=O)(=O)C1=CC=C(N)C=C1,10.0,1.076405540843915,0.0,0.0,0.0,0.2440105089764173,0.0,0.0,0.0,0.226690127203461,1,0,0,0,1,1,1,0,0,0,0,250.0,4.0,,22.4,,3.0,,,4.0,35.0,,867.99,,,114.145,,,180.0,,,16.9,,,52.14,,,95.65,,,,,Virtual screening scenario,,,,,,,,,,,,,,,,,,,,,,,,,,,,,,,,41.38512178966874,34.9787089971656,47.79153458217188,12.812825585006273,True,GBDT,compact,260,315.54396289205664,-214.6622933042832,845.7502190883965,1060.4125123926797,True,GBDT,compact,330,76.94077449599645,46.416021407843616,107.46552758414929,61.04950617630567,True,GBDT,descriptors,30,0.6560030855569873,1,0.9026521491867973,ExtraTrees,morgan_r3,ALL,170.46202087402344,143.26560974121094,197.65843200683594,54.392822265625,True,XGB,morgan_r3,270,54.4412418885868,30.34232620523833,78.54015757193528,48.197831366696946,True,GBDT,compact,140,774,True,CO[Si](OC)(OC)c1ccc(OP(=O)(Oc2ccccc2)OC(c2ccc(C(OP(=O)(Oc3ccccc3)Oc3ccccc3)P3(=O)Oc4ccccc4-c4ccccc43)cc2)P2(=O)Oc3ccccc3-c3ccccc32)cc1,O=P(Oc1ccccc1)(Oc1ccccc1)OC(c1ccc(C(OP(=O)(Oc2ccccc2)Oc2ccccc2)P2(=O)Oc3ccccc3-c3ccccc32)cc1)P1(=O)Oc2ccccc2-c2ccccc21,0.8024691358024691,True,In_domain,Maximum Tanimoto >= 0.70.,TDCA-DOPO-3,O=P(Oc1ccccc1)(Oc1ccccc1)OC(c1ccc(C(OP(=O)(Oc2ccccc2)Oc2ccccc2)P2(=O)Oc3ccccc3-c3ccccc32)cc1)P1(=O)Oc2ccccc2-c2ccccc21,0.8024691358024691,TDCA-DOPO-2,O=P(OC(c1ccc(C(OP(=O)(c2ccccc2)c2ccccc2)P2(=O)Oc3ccccc3-c3ccccc32)cc1)P1(=O)Oc2ccccc2-c2ccccc21)(c1ccccc1)c1ccccc1,0.5434782608695652,TDCA-DOPO-1,O=P1(C(OP(c2ccccc2)c2ccccc2)c2ccc(C(OP(c3ccccc3)c3ccccc3)P3(=O)Oc4ccccc4-c4ccccc43)cc2)Oc2ccccc2-c2ccccc21,0.4639175257731959,0.8024691358024691,True,0.9837753581977995,1.6872130483302692,-1.3136579718136414,True,True,True,True,1.0,0.7015118112574712,1.0,0.390136224766907,0.5595793450247375,0.0,0.6742875417073494,0.4858379890120647,0.0,0.0,0.6014118433555397,2.0,False,False,118
218,FORM_000668,CAND_R2_230,PAD-trimethoxysilyl,designed,P-N-Si-S,B,True,True,True,True,True,Candidate,,PAD-trimethoxysilyl,,DDS,DOPO-based (Additive + Secondary Crosslinking),3,1,P-N-Si-S,100.00%,0.00%,CO[Si](OC)(OC)c1ccc2nc(NC(c3ccc(OP(=O)(Oc4ccc(C(Nc5nc6ccccc6s5)P5(=O)Oc6ccccc6-c6ccccc65)cc4)c4ccccc4)cc3)P3(=O)Oc4ccccc4-c4ccccc43)sc2c1,,NC1=CC=C(C=C1)S(=O)(=O)C1=CC=C(N)C=C1,5.29,0.4154393381467398,0.2504921895534485,0.2867328136792472,0.0,0.1255679952130747,0.6029573190417771,0.6901917737457223,0.0,0.3022535029379479,1,1,1,0,1,1,1,0,0,0,0,250.0,4.0,,22.4,,3.0,,,4.0,35.0,,867.99,,,114.145,,,180.0,,,16.9,,,52.14,,,95.65,,,,,Virtual screening scenario,,,,,,,,,,,,,,,,,,,,,,,,,,,,,,,,40.05563183458001,33.64921904207688,46.462044627083145,12.812825585006273,True,GBDT,compact,260,447.6258722331989,-82.58038396314095,977.8321284295387,1060.4125123926797,True,GBDT,compact,330,82.87469200278659,52.34993891463375,113.39944509093942,61.04950617630567,True,GBDT,descriptors,30,0.6590563296533402,1,0.8988043359888319,ExtraTrees,morgan_r3,ALL,183.5128936767578,156.3164825439453,210.7093048095703,54.392822265625,True,XGB,morgan_r3,270,59.23587238375207,35.136956700403594,83.33478806710053,48.197831366696946,True,GBDT,compact,140,666,True,CO[Si](OC)(OC)c1ccc2nc(NC(c3ccc(OP(=O)(Oc4ccc(C(Nc5nc6ccccc6s5)P5(=O)Oc6ccccc6-c6ccccc65)cc4)c4ccccc4)cc3)P3(=O)Oc4ccccc4-c4ccccc43)sc2c1,O=P(Oc1ccc(C(Nc2nc3ccccc3s2)P2(=O)Oc3ccccc3-c3ccccc32)cc1)(Oc1ccc(C(Nc2nc3ccccc3s2)P2(=O)Oc3ccccc3-c3ccccc32)cc1)c1ccccc1,0.8108108108108109,True,In_domain,Maximum Tanimoto >= 0.70.,PAD,O=P(Oc1ccc(C(Nc2nc3ccccc3s2)P2(=O)Oc3ccccc3-c3ccccc32)cc1)(Oc1ccc(C(Nc2nc3ccccc3s2)P2(=O)Oc3ccccc3-c3ccccc32)cc1)c1ccccc1,0.8108108108108109,BPD,O=P1(C(Nc2nc3ccccc3s2)c2ccc(C(Nc3nc4ccccc4s3)P3(=O)Oc4ccccc4-c4ccccc43)cc2)Oc2ccccc2-c2ccccc21,0.6160714285714286,D-P-A,O=P1(C(Nc2nc3ccccc3s2)c2ccc(O)cc2)Oc2ccccc2-c2ccccc21,0.5847457627118644,0.8108108108108109,True,0.9831340559981386,3.2143995005678097,-2.383128153234403,True,True,True,True,1.0,0.7230393453058085,1.0,0.14307242133188713,0.9245933877687934,0.058739695804486715,0.6715556616848672,0.4814022718037893,0.0,0.0,0.5993453209142988,2.0,False,False,119
219,FORM_000519,CAND_R2_178,DSD-boronic-acid,designed,P-N-B-S,B,True,True,True,True,True,Candidate,,DSD-boronic-acid,,DDM,DOPO-based (additive),0,1,P-N-B-S,100.00%,0.00%,O=P1(C(Nc2ccc(S(=O)(=O)c3ccc(NC(c4ccc(B(O)O)cc4O)P4(=O)Oc5ccccc5-c5ccccc54)cc3)cc2)c2ccccc2O)Oc2ccccc2-c2ccccc21,,NC1=CC=C(CC2=CC=C(N)C=C2)C=C1,10.0,0.6641842492652995,0.3003560657150852,0.3438108788207909,0.1159223881813201,0.0,0.4522179892813327,0.5176438303092916,0.1745334796926454,0.0,1,1,1,1,0,1,0,0,0,0,0,160.0,3.2,,24.8,,3.2,,,3.0,35.0,,1184.0,,,87.2,,,159.0,,,17.0,,,62.6,,,97.55,,,,,Virtual screening scenario,,,,,,,,,,,,,,,,,,,,,,,,,,,,,,,,34.32158303389169,27.915170241388555,40.72799582639483,12.812825585006273,True,GBDT,compact,260,745.396635987878,215.19037979153813,1275.6028921842178,1060.4125123926797,True,GBDT,compact,330,63.73328025153899,33.20852716338616,94.25803333969182,61.04950617630567,True,GBDT,descriptors,30,0.699139194977663,1,0.8413743240945933,ExtraTrees,morgan_r3,ALL,154.9152069091797,127.71879577636719,182.1116180419922,54.392822265625,True,XGB,morgan_r3,270,73.92268397396279,49.82376829061432,98.02159965731127,48.197831366696946,True,GBDT,compact,140,516,True,O=P1(C(Nc2ccc(S(=O)(=O)c3ccc(NC(c4ccc(B(O)O)cc4O)P4(=O)Oc5ccccc5-c5ccccc54)cc3)cc2)c2ccccc2O)Oc2ccccc2-c2ccccc21,O=P1(C(Nc2ccc(S(=O)(=O)c3ccc(NC(c4ccccc4)P4(=O)Oc5ccccc5-c5ccccc54)cc3)cc2)c2ccccc2)Oc2ccccc2-c2ccccc21,0.813953488372093,True,In_domain,Maximum Tanimoto >= 0.70.,DSD,O=P1(C(Nc2ccc(S(=O)(=O)c3ccc(NC(c4ccccc4O)P4(=O)Oc5ccccc5-c5ccccc54)cc3)cc2)c2ccccc2O)Oc2ccccc2-c2ccccc21,0.813953488372093,DOPO-DDS,O=P1(C(Nc2ccc(S(=O)(=O)c3ccc(NC(c4ccc(O)cc4)P4(=O)Oc5ccccc5-c5ccccc54)cc3)cc2)c2ccc(O)cc2)Oc2ccccc2-c2ccccc21,0.5757575757575758,DHBAP,O=P1(C(Nc2cnccn2)c2ccccc2O)Oc2ccccc2-c2ccccc21,0.5192307692307693,0.813953488372093,True,0.9735623873490988,2.4780286972199432,-0.8516866313132416,True,True,True,True,0.4284616053690045,1.0,0.4326053965066553,0.9400417059516152,0.1247574367222985,0.8550423706520563,0.6582017223028905,0.4166666666666667,0.0,0.0,0.5957017223028905,2.0,False,False,120
220,FORM_000513,CAND_R2_176,DSD-hydroxymethyl,designed,P-N-S,B,True,True,True,True,True,Candidate,,DSD-hydroxymethyl,,DDM,DOPO-based (additive),0,1,P-N-S,100.00%,0.00%,O=P1(C(Nc2ccc(S(=O)(=O)c3ccc(NC(c4ccc(CO)cc4O)P4(=O)Oc5ccccc5-c5ccccc54)cc3)cc2)c2ccccc2O)Oc2ccccc2-c2ccccc21,,NC1=CC=C(CC2=CC=C(N)C=C2)C=C1,10.0,0.6741531459863468,0.3048641801456305,0.3489712167034316,0.0,0.0,0.4522179892813327,0.5176438303092916,0.0,0.0,1,1,1,0,0,1,0,0,0,0,0,160.0,3.2,,24.8,,3.2,,,3.0,35.0,,1184.0,,,87.2,,,159.0,,,17.0,,,62.6,,,97.55,,,,,Virtual screening scenario,,,,,,,,,,,,,,,,,,,,,,,,,,,,,,,,34.138901917206404,27.732489124703267,40.545314709709544,12.812825585006273,True,GBDT,compact,260,731.0222401998042,200.81598400346434,1261.228496396144,1060.4125123926797,True,GBDT,compact,330,63.73328025153899,33.20852716338616,94.25803333969182,61.04950617630567,True,GBDT,descriptors,30,0.6998314876832488,1,0.8402695061211984,ExtraTrees,morgan_r3,ALL,152.61119079589844,125.41477966308594,179.80760192871094,54.392822265625,True,XGB,morgan_r3,270,74.02779552029004,49.92887983694157,98.12671120363851,48.197831366696946,True,GBDT,compact,140,510,True,O=P1(C(Nc2ccc(S(=O)(=O)c3ccc(NC(c4ccc(CO)cc4O)P4(=O)Oc5ccccc5-c5ccccc54)cc3)cc2)c2ccccc2O)Oc2ccccc2-c2ccccc21,O=P1(C(Nc2ccc(S(=O)(=O)c3ccc(NC(c4ccccc4)P4(=O)Oc5ccccc5-c5ccccc54)cc3)cc2)c2ccccc2)Oc2ccccc2-c2ccccc21,0.813953488372093,True,In_domain,Maximum Tanimoto >= 0.70.,DSD,O=P1(C(Nc2ccc(S(=O)(=O)c3ccc(NC(c4ccccc4O)P4(=O)Oc5ccccc5-c5ccccc54)cc3)cc2)c2ccccc2O)Oc2ccccc2-c2ccccc21,0.813953488372093,DOPO-DDS,O=P1(C(Nc2ccc(S(=O)(=O)c3ccc(NC(c4ccc(O)cc4)P4(=O)Oc5ccccc5-c5ccccc54)cc3)cc2)c2ccc(O)cc2)Oc2ccccc2-c2ccccc21,0.5918367346938775,TBO,O=P1(C(Nc2n[nH]c(NC(c3ccccc3O)P3(=O)Oc4ccccc4-c4ccccc43)n2)c2ccccc2O)Oc2ccccc2-c2ccccc21,0.5238095238095238,0.813953488372093,True,0.9733782510201997,2.496956283691495,-0.6944086889919475,True,True,True,True,0.40817659834004866,1.0,0.4637087976847253,0.9400417059516152,0.060317437285629966,0.8607414023978945,0.6544913043636303,0.4166666666666667,0.0,0.0,0.5919913043636303,2.0,False,False,121
221,FORM_000516,CAND_R2_177,DSD-carboxamide,designed,P-N-S,B,True,True,True,True,True,Candidate,,DSD-carboxamide,,DDM,DOPO-based (additive),0,1,P-N-S,100.00%,0.00%,NC(=O)c1ccc(C(Nc2ccc(S(=O)(=O)c3ccc(NC(c4ccccc4O)P4(=O)Oc5ccccc5-c5ccccc54)cc3)cc2)P2(=O)Oc3ccccc3-c3ccccc32)c(O)c1,,NC1=CC=C(CC2=CC=C(N)C=C2)C=C1,10.0,0.664749436634832,0.4509174804163536,0.3441034445755981,0.0,0.0,0.6783269839219991,0.5176438303092916,0.0,0.0,1,1,1,0,0,1,0,0,0,0,0,160.0,3.2,,24.8,,3.2,,,3.0,35.0,,1184.0,,,87.2,,,159.0,,,17.0,,,62.6,,,97.55,,,,,Virtual screening scenario,,,,,,,,,,,,,,,,,,,,,,,,,,,,,,,,34.15600649310461,27.749593700601476,40.562419285607746,12.812825585006273,True,GBDT,compact,260,736.4376292959712,206.23137309963136,1266.643885492311,1060.4125123926797,True,GBDT,compact,330,63.73328025153899,33.20852716338616,94.25803333969182,61.04950617630567,True,GBDT,descriptors,30,0.6970075290349417,1,0.8447521340141865,ExtraTrees,morgan_r3,ALL,153.3173828125,126.1209716796875,180.5137939453125,54.392822265625,True,XGB,morgan_r3,270,74.02779552029004,49.92887983694157,98.12671120363851,48.197831366696946,True,GBDT,compact,140,513,True,NC(=O)c1ccc(C(Nc2ccc(S(=O)(=O)c3ccc(NC(c4ccccc4O)P4(=O)Oc5ccccc5-c5ccccc54)cc3)cc2)P2(=O)Oc3ccccc3-c3ccccc32)c(O)c1,O=P1(C(Nc2ccc(S(=O)(=O)c3ccc(NC(c4ccccc4)P4(=O)Oc5ccccc5-c5ccccc54)cc3)cc2)c2ccccc2)Oc2ccccc2-c2ccccc21,0.8045977011494253,True,In_domain,Maximum Tanimoto >= 0.70.,DSD,O=P1(C(Nc2ccc(S(=O)(=O)c3ccc(NC(c4ccccc4O)P4(=O)Oc5ccccc5-c5ccccc54)cc3)cc2)c2ccccc2O)Oc2ccccc2-c2ccccc21,0.8045977011494253,DOPO-DDS,O=P1(C(Nc2ccc(S(=O)(=O)c3ccc(NC(c4ccc(O)cc4)P4(=O)Oc5ccccc5-c5ccccc54)cc3)cc2)c2ccc(O)cc2)Oc2ccccc2-c2ccccc21,0.57,TBO,O=P1(C(Nc2n[nH]c(NC(c3ccccc3O)P3(=O)Oc4ccccc4-c4ccccc43)n2)c2ccccc2O)Oc2ccccc2-c2ccccc21,0.5046728971962616,0.8045977011494253,True,0.974125355669031,2.547799012941906,-0.7144734369456922,True,True,True,True,0.41007589942063166,0.9906221886947703,0.45199094727370637,0.9400417059516152,0.0800686069452796,0.8607414023978945,0.6526271492024621,0.41909148120436684,0.0,0.0,0.5897634270218071,2.0,False,False,122
222,FORM_000558,CAND_R2_191,DSD-OH-methyl-all,designed,P-N-S,B,True,True,True,True,True,Candidate,,DSD-OH-methyl-all,,DDM,DOPO-based (additive),0,1,P-N-S,100.00%,0.00%,COc1ccccc1C(Nc1ccc(S(=O)(=O)c2ccc(NC(c3ccccc3OC)P3(=O)Oc4ccccc4-c4ccccc43)cc2)cc1)P1(=O)Oc2ccccc2-c2ccccc21,,NC1=CC=C(CC2=CC=C(N)C=C2)C=C1,10.0,0.675603018336207,0.3055198385043989,0.3497217341800728,0.0,0.0,0.4522179892813328,0.5176438303092917,0.0,0.0,1,1,1,0,0,1,0,0,0,0,0,160.0,3.2,,24.8,,3.2,,,3.0,35.0,,1184.0,,,87.2,,,159.0,,,17.0,,,62.6,,,97.55,,,,,Virtual screening scenario,,,,,,,,,,,,,,,,,,,,,,,,,,,,,,,,34.03305808764281,27.62664529513967,40.43947088014595,12.812825585006273,True,GBDT,compact,260,755.9596068827015,225.7533506863616,1286.1658630790412,1060.4125123926797,True,GBDT,compact,330,63.73328025153899,33.20852716338616,94.25803333969182,61.04950617630567,True,GBDT,descriptors,30,0.6967805396359509,1,0.8451096768823358,ExtraTrees,morgan_r3,ALL,155.95664978027344,128.76023864746094,183.15306091308594,54.392822265625,True,XGB,morgan_r3,270,74.25229018610715,50.15337450275867,98.35120586945561,48.197831366696946,True,GBDT,compact,140,555,True,COc1ccccc1C(Nc1ccc(S(=O)(=O)c2ccc(NC(c3ccccc3OC)P3(=O)Oc4ccccc4-c4ccccc43)cc2)cc1)P1(=O)Oc2ccccc2-c2ccccc21,O=P1(C(Nc2ccc(S(=O)(=O)c3ccc(NC(c4ccccc4)P4(=O)Oc5ccccc5-c5ccccc54)cc3)cc2)c2ccccc2)Oc2ccccc2-c2ccccc21,0.7349397590361446,True,In_domain,Maximum Tanimoto >= 0.70.,DSD,O=P1(C(Nc2ccc(S(=O)(=O)c3ccc(NC(c4ccccc4O)P4(=O)Oc5ccccc5-c5ccccc54)cc3)cc2)c2ccccc2O)Oc2ccccc2-c2ccccc21,0.7349397590361446,DOPO-DDS,O=P1(C(Nc2ccc(S(=O)(=O)c3ccc(NC(c4ccc(O)cc4)P4(=O)Oc5ccccc5-c5ccccc54)cc3)cc2)c2ccc(O)cc2)Oc2ccccc2-c2ccccc21,0.6179775280898876,PBO,O=P1(C(Nc2ccc(NC(c3c[nH]c4ccccc34)P3(=O)Oc4ccccc4-c4ccccc43)cc2)c2c[nH]c3ccccc23)Oc2ccccc2-c2ccccc21,0.5,0.7349397590361446,True,0.974184946147056,2.238880935119682,-0.5249264741778867,True,True,True,True,0.396423643980962,0.9890217526139398,0.4097491786719858,0.9400417059516152,0.1538850880610856,0.8729132547962957,0.6497270905294387,0.41950365273436335,0.0,0.0,0.5868015426192842,2.0,False,False,123
223,FORM_000555,CAND_R2_190,DSD-OH-methyl,designed,P-N-S,B,True,True,True,True,True,Candidate,,DSD-OH-methyl,,DDM,DOPO-based (additive),0,1,P-N-S,100.00%,0.00%,COc1ccccc1C(Nc1ccc(S(=O)(=O)c2ccc(NC(c3ccccc3O)P3(=O)Oc4ccccc4-c4ccccc43)cc2)cc1)P1(=O)Oc2ccccc2-c2ccccc21,,NC1=CC=C(CC2=CC=C(N)C=C2)C=C1,10.0,0.6860988235711073,0.310266230443614,0.3551548230040468,0.0,0.0,0.4522179892813328,0.5176438303092915,0.0,0.0,1,1,1,0,0,1,0,0,0,0,0,160.0,3.2,,24.8,,3.2,,,3.0,35.0,,1184.0,,,87.2,,,159.0,,,17.0,,,62.6,,,97.55,,,,,Virtual screening scenario,,,,,,,,,,,,,,,,,,,,,,,,,,,,,,,,33.6315724176703,27.225159625167162,40.03798521017343,12.812825585006273,True,GBDT,compact,260,754.4810963927246,224.27484019638473,1284.6873525890644,1060.4125123926797,True,GBDT,compact,330,63.73328025153899,33.20852716338616,94.25803333969182,61.04950617630567,True,GBDT,descriptors,30,0.6995146568393136,1,0.8407756068251637,ExtraTrees,morgan_r3,ALL,155.95664978027344,128.76023864746094,183.15306091308594,54.392822265625,True,XGB,morgan_r3,270,74.28917835904339,50.19026267569492,98.38809404239186,48.197831366696946,True,GBDT,compact,140,552,True,COc1ccccc1C(Nc1ccc(S(=O)(=O)c2ccc(NC(c3ccccc3O)P3(=O)Oc4ccccc4-c4ccccc43)cc2)cc1)P1(=O)Oc2ccccc2-c2ccccc21,O=P1(C(Nc2ccc(S(=O)(=O)c3ccc(NC(c4ccccc4)P4(=O)Oc5ccccc5-c5ccccc54)cc3)cc2)c2ccccc2)Oc2ccccc2-c2ccccc21,0.8433734939759037,True,In_domain,Maximum Tanimoto >= 0.70.,DSD,O=P1(C(Nc2ccc(S(=O)(=O)c3ccc(NC(c4ccccc4O)P4(=O)Oc5ccccc5-c5ccccc54)cc3)cc2)c2ccccc2O)Oc2ccccc2-c2ccccc21,0.8433734939759037,DOPO-DDS,O=P1(C(Nc2ccc(S(=O)(=O)c3ccc(NC(c4ccc(O)cc4)P4(=O)Oc5ccccc5-c5ccccc54)cc3)cc2)c2ccc(O)cc2)Oc2ccccc2-c2ccccc21,0.59375,TBO,O=P1(C(Nc2n[nH]c(NC(c3ccccc3O)P3(=O)Oc4ccccc4-c4ccccc43)n2)c2ccccc2O)Oc2ccccc2-c2ccccc21,0.5242718446601942,0.8433734939759037,True,0.9734626011375273,2.4400098700158592,-0.7339411183687975,True,True,True,True,0.35184246457287005,1.0,0.4129483882661651,0.9400417059516152,0.1538850880610856,0.87491329071961,0.6438463496361996,0.4166666666666667,0.0,0.0,0.5813463496361996,2.0,False,False,124
224,FORM_000651,CAND_R2_224,PAD-amino,designed,P-N-S,B,True,True,True,True,True,Candidate,,PAD-amino,,DDM,DOPO-based (Co-curing),2,1,P-N-S,100.00%,0.00%,Nc1ccc2nc(NC(c3ccc(OP(=O)(Oc4ccc(C(Nc5nc6ccccc6s5)P5(=O)Oc6ccccc6-c6ccccc65)cc4)c4ccccc4)cc3)P3(=O)Oc4ccccc4-c4ccccc43)sc2c1,,NC1=CC=C(CC2=CC=C(N)C=C2)C=C1,10.19,0.8783156193822594,0.6619835389190564,0.6062062152500143,0.0,0.0,0.7536966488022214,0.6901917737457223,0.0,0.0,1,1,1,0,0,1,0,0,0,0,0,170.0,3.0,,24.0,,3.0,,,3.0,35.0,,1208.0,,,88.0,,,164.3,,,16.5,,,58.7,,,101.3,,,,,Virtual screening scenario,,,,,,,,,,,,,,,,,,,,,,,,,,,,,,,,35.75897724398725,29.352564451484117,42.16539003649039,12.812825585006273,True,GBDT,compact,260,719.4611673398924,189.2549111435526,1249.6674235362323,1060.4125123926797,True,GBDT,compact,330,66.14691229210568,35.62215920395285,96.67166538025852,61.04950617630567,True,GBDT,descriptors,30,0.708376472248342,1,0.8263169832533438,ExtraTrees,morgan_r3,ALL,154.46856689453125,127.27215576171875,181.66497802734375,54.392822265625,True,XGB,morgan_r3,270,67.09327200169531,42.99435631834684,91.19218768504379,48.197831366696946,True,GBDT,compact,140,648,True,Nc1ccc2nc(NC(c3ccc(OP(=O)(Oc4ccc(C(Nc5nc6ccccc6s5)P5(=O)Oc6ccccc6-c6ccccc65)cc4)c4ccccc4)cc3)P3(=O)Oc4ccccc4-c4ccccc43)sc2c1,O=P(Oc1ccc(C(Nc2nc3ccccc3s2)P2(=O)Oc3ccccc3-c3ccccc32)cc1)(Oc1ccc(C(Nc2nc3ccccc3s2)P2(=O)Oc3ccccc3-c3ccccc32)cc1)c1ccccc1,0.8490566037735849,True,In_domain,Maximum Tanimoto >= 0.70.,PAD,O=P(Oc1ccc(C(Nc2nc3ccccc3s2)P2(=O)Oc3ccccc3-c3ccccc32)cc1)(Oc1ccc(C(Nc2nc3ccccc3s2)P2(=O)Oc3ccccc3-c3ccccc32)cc1)c1ccccc1,0.8490566037735849,BPD,O=P1(C(Nc2nc3ccccc3s2)c2ccc(C(Nc3nc4ccccc4s3)P3(=O)Oc4ccccc4-c4ccccc43)cc2)Oc2ccccc2-c2ccccc21,0.6448598130841121,D-P-A,O=P1(C(Nc2nc3ccccc3s2)c2ccc(O)cc2)Oc2ccccc2-c2ccccc21,0.6106194690265486,0.8490566037735849,True,0.971052830542224,3.420126022093145,-2.234627148867135,True,True,True,True,0.5880706124969818,1.0,0.48872471435435505,0.8395480419678021,0.1122655612851298,0.48475920961679025,0.6429711508540199,0.4166666666666667,0.0,0.01899999999999995,0.5785711508540199,2.0,False,False,125
227,FORM_000225,CAND_R2_075,TDCA-DOPO-2-hydroxymethyl,designed,P-only,B,True,True,True,True,True,Candidate,,TDCA-DOPO-2-hydroxymethyl,,DDM,DOPO-based (additive),0,0,P-only,100.00%,0.00%,O=P(OC(c1ccc(C(OP(=O)(c2ccccc2)c2ccc(CO)cc2)P2(=O)Oc3ccccc3-c3ccccc32)cc1)P1(=O)Oc2ccccc2-c2ccccc21)(c1ccccc1)c1ccccc1,,NC1=CC=C(CC2=CC=C(N)C=C2)C=C1,10.0,1.2428551079081842,0.0,0.0,0.0,0.0,0.0,0.0,0.0,0.0,1,0,0,0,0,1,0,0,0,0,0,160.0,3.2,,24.8,,3.2,,,3.0,35.0,,1184.0,,,87.2,,,159.0,,,17.0,,,62.6,,,97.55,,,,,Virtual screening scenario,,,,,,,,,,,,,,,,,,,,,,,,,,,,,,,,32.7682969697907,26.36188417728756,39.17470976229383,12.812825585006273,True,GBDT,compact,260,592.3062467061294,62.09999050978956,1122.5125029024694,1060.4125123926797,True,GBDT,compact,330,56.96368581327983,26.438932725126996,87.48843890143266,61.04950617630567,True,GBDT,descriptors,30,0.6783875091292474,1,0.8727115863466507,ExtraTrees,morgan_r3,ALL,152.06480407714844,124.86839294433594,179.26121520996094,54.392822265625,True,XGB,morgan_r3,270,68.6695373076414,44.57062162429293,92.76845299098989,48.197831366696946,True,GBDT,compact,140,222,True,O=P(OC(c1ccc(C(OP(=O)(c2ccccc2)c2ccc(CO)cc2)P2(=O)Oc3ccccc3-c3ccccc32)cc1)P1(=O)Oc2ccccc2-c2ccccc21)(c1ccccc1)c1ccccc1,O=P(OC(c1ccc(C(OP(=O)(c2ccccc2)c2ccccc2)P2(=O)Oc3ccccc3-c3ccccc32)cc1)P1(=O)Oc2ccccc2-c2ccccc21)(c1ccccc1)c1ccccc1,0.8243243243243243,True,In_domain,Maximum Tanimoto >= 0.70.,TDCA-DOPO-2,O=P(OC(c1ccc(C(OP(=O)(c2ccccc2)c2ccccc2)P2(=O)Oc3ccccc3-c3ccccc32)cc1)P1(=O)Oc2ccccc2-c2ccccc21)(c1ccccc1)c1ccccc1,0.8243243243243243,TDCA-DOPO-3,O=P(Oc1ccccc1)(Oc1ccccc1)OC(c1ccc(C(OP(=O)(Oc2ccccc2)Oc2ccccc2)P2(=O)Oc3ccccc3-c3ccccc32)cc1)P1(=O)Oc2ccccc2-c2ccccc21,0.5617977528089888,TDCA-DOPO-1,O=P1(C(OP(c2ccccc2)c2ccccc2)c2ccc(C(OP(c3ccccc3)c3ccccc3)P3(=O)Oc4ccccc4-c4ccccc43)cc2)Oc2ccccc2-c2ccccc21,0.4835164835164835,0.8243243243243243,True,0.9787852643911085,1.4148800209709531,-1.4685056520029829,True,True,True,True,0.25598390597685156,0.8593378564072331,0.7638632708924273,1.0,0.04503579075308456,0.5702225705160968,0.6373628427822206,0.4513228337842288,0.0,0.0,0.5696644177145862,2.0,False,False,126
229,FORM_000609,CAND_R2_210,DOPO-PPO-disiloxane,designed,P-Si,B,True,True,True,True,True,Candidate,,DOPO-PPO-disiloxane,,DDM,DOPO-based (additive),0,1,P-Si,100.00%,0.00%,C[Si](C)(C)O[Si](C)(C)c1ccc(P(=O)(Oc2ccc(C(O)P3(=O)Oc4ccccc4-c4ccccc43)cc2)Oc2ccc(C(O)P3(=O)Oc4ccccc4-c4ccccc43)cc2)cc1,,NC1=CC=C(CC2=CC=C(N)C=C2)C=C1,10.0,0.9833026278334682,0.0,0.0,0.0,0.5944133274215103,0.0,0.0,0.0,0.604507005875896,1,0,0,0,1,1,0,0,0,0,0,160.0,3.2,,24.8,,3.2,,,3.0,35.0,,1184.0,,,87.2,,,159.0,,,17.0,,,62.6,,,97.55,,,,,Virtual screening scenario,,,,,,,,,,,,,,,,,,,,,,,,,,,,,,,,34.96929785045188,28.562885057948744,41.37571064295501,12.812825585006273,True,GBDT,compact,260,661.119393660917,130.91313746457718,1191.3256498572568,1060.4125123926797,True,GBDT,compact,330,61.43371584941425,30.908962761261414,91.95846893756709,61.04950617630567,True,GBDT,descriptors,30,0.6475420341016207,1,0.9129253926926247,ExtraTrees,morgan_r3,ALL,152.15699768066406,124.96058654785156,179.35340881347656,54.392822265625,True,XGB,morgan_r3,270,72.76498328348315,48.666067600134674,96.86389896683161,48.197831366696946,True,GBDT,compact,140,606,True,C[Si](C)(C)O[Si](C)(C)c1ccc(P(=O)(Oc2ccc(C(O)P3(=O)Oc4ccccc4-c4ccccc43)cc2)Oc2ccc(C(O)P3(=O)Oc4ccccc4-c4ccccc43)cc2)cc1,O=P1(Cc2ccc(OP(=O)(Oc3ccc(CP4(=O)Oc5ccccc5-c5ccccc54)cc3)c3ccccc3)cc2)Oc2ccccc2-c2ccccc21,0.7241379310344828,True,In_domain,Maximum Tanimoto >= 0.70.,DOPO-PPO,O=P(Oc1ccc(C(O)P2(=O)Oc3ccccc3-c3ccccc32)cc1)(Oc1ccc(C(O)P2(=O)Oc3ccccc3-c3ccccc32)cc1)c1ccccc1,0.7241379310344828,Trif-DOPO,O=P1(C(O)c2ccc(Oc3nc(Oc4ccc(C(O)P5(=O)Oc6ccccc6-c6ccccc65)cc4)nc(Oc4ccc(C(O)P5(=O)Oc6ccccc6-c6ccccc65)cc4)n3)cc2)Oc2ccccc2-c2ccccc21,0.5652173913043478,DOPO-PHBA,O=P1(C(O)c2ccc(O)cc2)Oc2ccccc2-c2ccccc21,0.5227272727272727,0.7241379310344828,True,0.9854875654487708,1.5176881742028236,-1.6587899956297316,True,True,True,True,0.5003841983829131,0.6418554039929121,0.6149649834363362,1.0,0.047614312545690665,0.7922731201010189,0.6354296604271032,0.4976808724004003,0.0,0.0,0.5607775295670432,2.0,False,False,127
231,FORM_000645,CAND_R2_222,DOPO-PPO-OH-allyl,designed,P-only,B,True,True,True,True,True,Candidate,,DOPO-PPO-OH-allyl,,DDM,DOPO-based (additive),0,0,P-only,100.00%,0.00%,C=CCOC(c1ccc(OP(=O)(Oc2ccc(C(O)P3(=O)Oc4ccccc4-c4ccccc43)cc2)c2ccccc2)cc1)P1(=O)Oc2ccccc2-c2ccccc21,,NC1=CC=C(CC2=CC=C(N)C=C2)C=C1,10.0,1.1078945925129302,0.0,0.0,0.0,0.0,0.0,0.0,0.0,0.0,1,0,0,0,0,1,0,0,0,0,0,160.0,3.2,,24.8,,3.2,,,3.0,35.0,,1184.0,,,87.2,,,159.0,,,17.0,,,62.6,,,97.55,,,,,Virtual screening scenario,,,,,,,,,,,,,,,,,,,,,,,,,,,,,,,,33.83807566615093,27.43166287364779,40.24448845865406,12.812825585006273,True,GBDT,compact,260,565.3319728796301,35.12571668329031,1095.5382290759699,1060.4125123926797,True,GBDT,compact,330,57.518244745483415,26.99349165733058,88.04299783363625,61.04950617630567,True,GBDT,descriptors,30,0.6443644668885716,1,0.9166356027999141,ExtraTrees,morgan_r3,ALL,153.05380249023438,125.85739135742188,180.25021362304688,54.392822265625,True,XGB,morgan_r3,270,69.32969128892069,45.23077560557221,93.42860697226916,48.197831366696946,True,GBDT,compact,140,642,True,C=CCOC(c1ccc(OP(=O)(Oc2ccc(C(O)P3(=O)Oc4ccccc4-c4ccccc43)cc2)c2ccccc2)cc1)P1(=O)Oc2ccccc2-c2ccccc21,O=P1(Cc2ccc(OP(=O)(Oc3ccc(CP4(=O)Oc5ccccc5-c5ccccc54)cc3)c3ccccc3)cc2)Oc2ccccc2-c2ccccc21,0.7582417582417582,True,In_domain,Maximum Tanimoto >= 0.70.,DOPO-PPO,O=P(Oc1ccc(C(O)P2(=O)Oc3ccccc3-c3ccccc32)cc1)(Oc1ccc(C(O)P2(=O)Oc3ccccc3-c3ccccc32)cc1)c1ccccc1,0.7582417582417582,Trif-DOPO,O=P1(C(O)c2ccc(Oc3nc(Oc4ccc(C(O)P5(=O)Oc6ccccc6-c6ccccc65)cc4)nc(Oc4ccc(C(O)P5(=O)Oc6ccccc6-c6ccccc65)cc4)n3)cc2)Oc2ccccc2-c2ccccc21,0.4807692307692308,DOPO-PHBA,O=P1(C(O)c2ccc(O)cc2)Oc2ccccc2-c2ccccc21,0.46938775510204084,0.7582417582417582,True,0.9861059337999857,1.881178900968921,-2.1962282436808143,True,True,True,True,0.3747726936131721,0.6194513038911532,0.8222303614249432,1.0,0.07269664642798768,0.6060153889828598,0.6311620753269385,0.5019579622622271,0.0,0.0,0.5558683809876044,2.0,False,False,128
235,FORM_000198,CAND_R2_064,PBD-nitrile-to-aminomethyl,designed,P-N,B,True,True,True,True,True,Candidate,,PBD-nitrile-to-aminomethyl,,DDM,DOPO-based (Co-curing),2,1,P-N,100.00%,0.00%,N#Cc1ccc(Oc2cccc(NC(c3ccc(C(Nc4cccc(Oc5ccc(CN)c(C#N)c5)c4)P4(=O)Oc5ccccc5-c5ccccc54)cc3)P3(=O)Oc4ccccc4-c4ccccc43)c2)cc1C#N,,NC1=CC=C(CC2=CC=C(N)C=C2)C=C1,10.19,0.6281220720810363,0.852144301379132,0.0,0.0,0.0,1.3566539678439986,0.0,0.0,0.0,1,1,0,0,0,1,0,0,0,0,0,170.0,3.0,,24.0,,3.0,,,3.0,35.0,,1208.0,,,88.0,,,164.3,,,16.5,,,58.7,,,101.3,,,,,Virtual screening scenario,,,,,,,,,,,,,,,,,,,,,,,,,,,,,,,,35.497412568812784,29.090999776309648,41.903825361315924,12.812825585006273,True,GBDT,compact,260,756.6396370121826,226.43338081584272,1286.8458932085223,1060.4125123926797,True,GBDT,compact,330,66.98159605330206,36.45684296514922,97.50634914145489,61.04950617630567,True,GBDT,descriptors,30,0.706470233535555,1,0.8294801706550934,ExtraTrees,morgan_r3,ALL,161.8956298828125,134.69921875,189.092041015625,54.392822265625,True,XGB,morgan_r3,270,64.12645429384713,40.02753861049866,88.22536997719561,48.197831366696946,True,GBDT,compact,140,195,True,N#Cc1ccc(Oc2cccc(NC(c3ccc(C(Nc4cccc(Oc5ccc(CN)c(C#N)c5)c4)P4(=O)Oc5ccccc5-c5ccccc54)cc3)P3(=O)Oc4ccccc4-c4ccccc43)c2)cc1C#N,O=P1(C(Nc2cccc(Oc3ccccc3)c2)c2ccc(C(Nc3cccc(Oc4ccccc4)c3)P3(=O)Oc4ccccc4-c4ccccc43)cc2)Oc2ccccc2-c2ccccc21,0.8556701030927835,True,In_domain,Maximum Tanimoto >= 0.70.,PBD,N#Cc1ccc(Oc2cccc(NC(c3ccc(C(Nc4cccc(Oc5ccc(C#N)c(C#N)c5)c4)P4(=O)Oc5ccccc5-c5ccccc54)cc3)P3(=O)Oc4ccccc4-c4ccccc43)c2)cc1C#N,0.8556701030927835,APN-DOPO,N#Cc1ccc(Oc2cccc(NCP3(=O)Oc4ccccc4-c4ccccc43)c2)cc1C#N,0.5086206896551724,DOPO-DDE,O=P1(C(Nc2ccc(Oc3ccc(NC(c4ccc(O)cc4)P4(=O)Oc5ccccc5-c5ccccc54)cc3)cc2)c2ccc(O)cc2)Oc2ccccc2-c2ccccc21,0.4690265486725664,0.8556701030927835,True,0.9715800284425157,2.943028506161551,4.113424603430627,True,True,True,True,0.5590263337520622,1.0,0.40827772552416197,0.8047952594306926,0.3199897746802134,0.32390163600160754,0.6188090048095654,0.4166666666666667,0.0,0.01899999999999995,0.5544090048095653,2.0,False,False,129
238,FORM_000591,CAND_R2_204,DOPO-PPO-hydroxymethyl,designed,P-only,B,True,True,True,True,True,Candidate,,DOPO-PPO-hydroxymethyl,,DDM,DOPO-based (additive),0,0,P-only,100.00%,0.00%,O=P(Oc1ccc(C(O)P2(=O)Oc3ccccc3-c3ccccc32)cc1)(Oc1ccc(C(O)P2(=O)Oc3ccccc3-c3ccccc32)cc1)c1ccc(CO)cc1,,NC1=CC=C(CC2=CC=C(N)C=C2)C=C1,10.0,1.1213160095428067,0.0,0.0,0.0,0.0,0.0,0.0,0.0,0.0,1,0,0,0,0,1,0,0,0,0,0,160.0,3.2,,24.8,,3.2,,,3.0,35.0,,1184.0,,,87.2,,,159.0,,,17.0,,,62.6,,,97.55,,,,,Virtual screening scenario,,,,,,,,,,,,,,,,,,,,,,,,,,,,,,,,33.14533082029411,26.738918027790977,39.55174361279725,12.812825585006273,True,GBDT,compact,260,554.7229501737776,24.51669397743774,1084.9292063701173,1060.4125123926797,True,GBDT,compact,330,57.518244745483415,26.99349165733058,88.04299783363625,61.04950617630567,True,GBDT,descriptors,30,0.6440207848446485,1,0.9170320541309258,ExtraTrees,morgan_r3,ALL,152.3134002685547,125.11698913574219,179.5098114013672,54.392822265625,True,XGB,morgan_r3,270,70.4492658744702,46.35035019112173,94.54818155781868,48.197831366696946,True,GBDT,compact,140,588,True,O=P(Oc1ccc(C(O)P2(=O)Oc3ccccc3-c3ccccc32)cc1)(Oc1ccc(C(O)P2(=O)Oc3ccccc3-c3ccccc32)cc1)c1ccc(CO)cc1,O=P1(Cc2ccc(OP(=O)(Oc3ccc(CP4(=O)Oc5ccccc5-c5ccccc54)cc3)c3ccccc3)cc2)Oc2ccccc2-c2ccccc21,0.7777777777777778,True,In_domain,Maximum Tanimoto >= 0.70.,DOPO-PPO,O=P(Oc1ccc(C(O)P2(=O)Oc3ccccc3-c3ccccc32)cc1)(Oc1ccc(C(O)P2(=O)Oc3ccccc3-c3ccccc32)cc1)c1ccccc1,0.7777777777777778,Trif-DOPO,O=P1(C(O)c2ccc(Oc3nc(Oc4ccc(C(O)P5(=O)Oc6ccccc6-c6ccccc65)cc4)nc(Oc4ccc(C(O)P5(=O)Oc6ccccc6-c6ccccc65)cc4)n3)cc2)Oc2ccccc2-c2ccccc21,0.5681818181818182,DOPO-PHBA,O=P1(C(O)c2ccc(O)cc2)Oc2ccccc2-c2ccccc21,0.5609756097560976,0.7777777777777778,True,0.986172009021821,1.4780633192370065,-1.5268780099408208,True,True,True,True,0.29784994252397784,0.6170281019888899,0.8451862264360598,1.0,0.051988666794981056,0.6667174843075298,0.6238834693000366,0.5024149870450679,0.0,0.0,0.5485212212432764,2.0,False,False,130
239,FORM_000639,CAND_R2_220,DOPO-PPO-OH-acetyl,designed,P-only,B,True,True,True,True,True,Candidate,,DOPO-PPO-OH-acetyl,,DDM,DOPO-based (additive),0,0,P-only,100.00%,0.00%,CC(=O)OC(c1ccc(OP(=O)(Oc2ccc(C(O)P3(=O)Oc4ccccc4-c4ccccc43)cc2)c2ccccc2)cc1)P1(=O)Oc2ccccc2-c2ccccc21,,NC1=CC=C(CC2=CC=C(N)C=C2)C=C1,10.0,1.1052958375064523,0.0,0.0,0.0,0.0,0.0,0.0,0.0,0.0,1,0,0,0,0,1,0,0,0,0,0,160.0,3.2,,24.8,,3.2,,,3.0,35.0,,1184.0,,,87.2,,,159.0,,,17.0,,,62.6,,,97.55,,,,,Virtual screening scenario,,,,,,,,,,,,,,,,,,,,,,,,,,,,,,,,33.80430288740959,27.397890094906455,40.210715679912724,12.812825585006273,True,GBDT,compact,260,564.5200098396456,34.313753643305745,1094.7262660359854,1060.4125123926797,True,GBDT,compact,330,57.21517738195395,26.690424293801115,87.73993047010678,61.04950617630567,True,GBDT,descriptors,30,0.6382094969244513,1,0.9235925398395604,ExtraTrees,morgan_r3,ALL,153.29100036621094,126.09458923339844,180.48741149902344,54.392822265625,True,XGB,morgan_r3,270,69.32969128892069,45.23077560557221,93.42860697226916,48.197831366696946,True,GBDT,compact,140,636,True,CC(=O)OC(c1ccc(OP(=O)(Oc2ccc(C(O)P3(=O)Oc4ccccc4-c4ccccc43)cc2)c2ccccc2)cc1)P1(=O)Oc2ccccc2-c2ccccc21,O=P1(Cc2ccc(OP(=O)(Oc3ccc(CP4(=O)Oc5ccccc5-c5ccccc54)cc3)c3ccccc3)cc2)Oc2ccccc2-c2ccccc21,0.8117647058823529,True,In_domain,Maximum Tanimoto >= 0.70.,DOPO-PPO,O=P(Oc1ccc(C(O)P2(=O)Oc3ccccc3-c3ccccc32)cc1)(Oc1ccc(C(O)P2(=O)Oc3ccccc3-c3ccccc32)cc1)c1ccccc1,0.8117647058823529,Trif-DOPO,O=P1(C(O)c2ccc(Oc3nc(Oc4ccc(C(O)P5(=O)Oc6ccccc6-c6ccccc65)cc4)nc(Oc4ccc(C(O)P5(=O)Oc6ccccc6-c6ccccc65)cc4)n3)cc2)Oc2ccccc2-c2ccccc21,0.5102040816326531,DOPO-PHBA,O=P1(C(O)c2ccc(O)cc2)Oc2ccccc2-c2ccccc21,0.5,0.8117647058823529,True,0.9872654233065935,1.8322048986084412,-2.1990713750780047,True,True,True,True,0.3710225465449581,0.5760544049575345,0.823987291771564,1.0,0.07933072806752126,0.6060153889828598,0.6227474603598495,0.5099778436223631,0.0,0.0,0.5462507838164951,2.0,False,False,131
243,FORM_000902,CAND_R2_318,BDO-hydroxy,designed,P-N-S,B,True,True,True,True,True,Candidate,,BDO-hydroxy,,DDM,DOPO-based (additive),0,1,P-N-S,100.00%,0.00%,O=P1(CC(Nc2n[nH]c(NC(c3cccs3)P3(=O)Oc4ccccc4-c4ccccc43)n2)c2ccc(O)s2)Oc2ccccc2-c2ccccc21,,NC1=CC=C(CC2=CC=C(N)C=C2)C=C1,7.0,0.5783733532866243,0.6538770871929478,0.5987827958882346,0.0,0.0,1.1305449732033317,1.035287660618583,0.0,0.0,1,1,1,0,0,1,0,0,0,0,0,160.0,3.2,,24.8,,3.2,,,3.0,35.0,,1184.0,,,87.2,,,159.0,,,17.0,,,62.6,,,97.55,,,,,Virtual screening scenario,,,,,,,,,,,,,,,,,,,,,,,,,,,,,,,,34.64056082068844,28.234148028185306,41.04697361319158,12.812825585006273,True,GBDT,compact,260,802.3979497889045,272.19169359256466,1332.6042059852443,1060.4125123926797,True,GBDT,compact,330,64.230385015176,33.70563192702316,94.75513810332883,61.04950617630567,True,GBDT,descriptors,30,0.6787658325027672,1,0.8721711085183703,ExtraTrees,morgan_r3,ALL,150.63099670410156,123.43458557128906,177.82740783691406,54.392822265625,True,XGB,morgan_r3,270,76.02263139807239,51.92371571472392,100.12154708142086,48.197831366696946,True,GBDT,compact,140,900,True,O=P1(CC(Nc2n[nH]c(NC(c3cccs3)P3(=O)Oc4ccccc4-c4ccccc43)n2)c2ccc(O)s2)Oc2ccccc2-c2ccccc21,O=P1(CC(Nc2n[nH]c(NC(c3cccs3)P3(=O)Oc4ccccc4-c4ccccc43)n2)c2cccs2)Oc2ccccc2-c2ccccc21,0.8431372549019608,True,In_domain,Maximum Tanimoto >= 0.70.,BDO,O=P1(CC(Nc2n[nH]c(NC(c3cccs3)P3(=O)Oc4ccccc4-c4ccccc43)n2)c2cccs2)Oc2ccccc2-c2ccccc21,0.8431372549019608,SAD,O=P1(C(Nc2nc[nH]n2)c2cccs2)Oc2ccccc2-c2ccccc21,0.5135135135135135,TBO,O=P1(C(Nc2n[nH]c(NC(c3ccccc3O)P3(=O)Oc4ccccc4-c4ccccc43)n2)c2ccccc2O)Oc2ccccc2-c2ccccc21,0.4956521739130435,0.8431372549019608,True,0.9786951847530617,0.28416405324821725,-1.2074664972868399,True,True,True,True,0.46388106614666014,0.8620053042259185,0.30926562230192967,0.9193443178485136,0.004934271593199565,0.9688991965932509,0.6082826089232494,0.4506997768216761,0.0,0.0,0.5406776423999979,2.0,False,False,132
249,FORM_000509,CAND_R2_175,DSD-hydroxy,designed,P-N-S,B,True,True,True,True,True,Candidate,,DSD-hydroxy,,DDM,DOPO-based (additive),0,1,P-N-S,100.00%,0.00%,O=P1(C(Nc2ccc(S(=O)(=O)c3ccc(NC(c4ccc(O)cc4O)P4(=O)Oc5ccccc5-c5ccccc54)cc3)cc2)c2ccccc2O)Oc2ccccc2-c2ccccc21,,NC1=CC=C(CC2=CC=C(N)C=C2)C=C1,7.0,0.479222521588641,0.2167130451311453,0.2480665816456213,0.0,0.0,0.4522179892813327,0.5176438303092917,0.0,0.0,1,1,1,0,0,1,0,0,0,0,0,160.0,3.2,,24.8,,3.2,,,3.0,35.0,,1184.0,,,87.2,,,159.0,,,17.0,,,62.6,,,97.55,,,,,Virtual screening scenario,,,,,,,,,,,,,,,,,,,,,,,,,,,,,,,,33.101024352943426,26.69461156044029,39.50743714544656,12.812825585006273,True,GBDT,compact,260,744.5664363109425,214.3601801146027,1274.7726925072825,1060.4125123926797,True,GBDT,compact,330,64.63007884256413,34.1053257544113,95.15483193071697,61.04950617630567,True,GBDT,descriptors,30,0.6824036981968395,1,0.866915563536465,ExtraTrees,morgan_r3,ALL,155.1492156982422,127.95280456542969,182.3456268310547,54.392822265625,True,XGB,morgan_r3,270,72.48758298508923,48.38866730174076,96.58649866843771,48.197831366696946,True,GBDT,compact,140,507,True,O=P1(C(Nc2ccc(S(=O)(=O)c3ccc(NC(c4ccc(O)cc4O)P4(=O)Oc5ccccc5-c5ccccc54)cc3)cc2)c2ccccc2O)Oc2ccccc2-c2ccccc21,O=P1(C(Nc2ccc(S(=O)(=O)c3ccc(NC(c4ccccc4)P4(=O)Oc5ccccc5-c5ccccc54)cc3)cc2)c2ccccc2)Oc2ccccc2-c2ccccc21,0.8536585365853658,True,In_domain,Maximum Tanimoto >= 0.70.,DSD,O=P1(C(Nc2ccc(S(=O)(=O)c3ccc(NC(c4ccccc4O)P4(=O)Oc5ccccc5-c5ccccc54)cc3)cc2)c2ccccc2O)Oc2ccccc2-c2ccccc21,0.8536585365853658,DOPO-DDS,O=P1(C(Nc2ccc(S(=O)(=O)c3ccc(NC(c4ccc(O)cc4)P4(=O)Oc5ccccc5-c5ccccc54)cc3)cc2)c2ccc(O)cc2)Oc2ccccc2-c2ccccc21,0.6344086021505376,TBO,O=P1(C(Nc2n[nH]c(NC(c3ccccc3O)P3(=O)Oc4ccccc4-c4ccccc43)n2)c2ccccc2O)Oc2ccccc2-c2ccccc21,0.5294117647058824,0.8536585365853658,True,0.9778192605894108,2.623566040986674,-0.7923587001148111,True,True,True,True,0.29293012914674077,0.8876548347321649,0.4344017873943371,0.9027027185861352,0.13130232421177337,0.7772327828394023,0.5943914046769931,0.4446412417224593,0.0,0.0,0.5276952184186242,2.0,False,False,133
253,FORM_000603,CAND_R2_208,DOPO-PPO-trimethoxysilyl,designed,P-Si,B,True,True,True,True,True,Candidate,,DOPO-PPO-trimethoxysilyl,,DDS,DOPO-based (Additive + Secondary Crosslinking),3,1,P-Si,100.00%,0.00%,CO[Si](OC)(OC)c1ccc(P(=O)(Oc2ccc(C(O)P3(=O)Oc4ccccc4-c4ccccc43)cc2)Oc2ccc(C(O)P3(=O)Oc4ccccc4-c4ccccc43)cc2)cc1,,NC1=CC=C(C=C1)S(=O)(=O)C1=CC=C(N)C=C1,10.0,1.0112957519309649,0.0,0.0,0.0,0.3056676835274002,0.0,0.0,0.0,0.302253502937948,1,0,0,0,1,1,1,0,0,0,0,250.0,4.0,,22.4,,3.0,,,4.0,35.0,,867.99,,,114.145,,,180.0,,,16.9,,,52.14,,,95.65,,,,,Virtual screening scenario,,,,,,,,,,,,,,,,,,,,,,,,,,,,,,,,41.97991790653736,35.57350511403422,48.3863306990405,12.812825585006273,True,GBDT,compact,260,351.01612344712737,-179.19013274921247,881.2223796434672,1060.4125123926797,True,GBDT,compact,330,76.78437418526462,46.25962109711179,107.30912727341746,61.04950617630567,True,GBDT,descriptors,30,0.6043102852851424,1,0.9564774575349289,ExtraTrees,morgan_r3,ALL,171.22877502441406,144.03236389160156,198.42518615722656,54.392822265625,True,XGB,morgan_r3,270,55.978847444713274,31.8799317613648,80.07776312806175,48.197831366696946,True,GBDT,compact,140,600,True,CO[Si](OC)(OC)c1ccc(P(=O)(Oc2ccc(C(O)P3(=O)Oc4ccccc4-c4ccccc43)cc2)Oc2ccc(C(O)P3(=O)Oc4ccccc4-c4ccccc43)cc2)cc1,O=P1(Cc2ccc(OP(=O)(Oc3ccc(CP4(=O)Oc5ccccc5-c5ccccc54)cc3)c3ccccc3)cc2)Oc2ccccc2-c2ccccc21,0.7411764705882353,True,In_domain,Maximum Tanimoto >= 0.70.,DOPO-PPO,O=P(Oc1ccc(C(O)P2(=O)Oc3ccccc3-c3ccccc32)cc1)(Oc1ccc(C(O)P2(=O)Oc3ccccc3-c3ccccc32)cc1)c1ccccc1,0.7411764705882353,Trif-DOPO,O=P1(C(O)c2ccc(Oc3nc(Oc4ccc(C(O)P5(=O)Oc6ccccc6-c6ccccc65)cc4)nc(Oc4ccc(C(O)P5(=O)Oc6ccccc6-c6ccccc65)cc4)n3)cc2)Oc2ccccc2-c2ccccc21,0.5604395604395604,DOPO-PHBA,O=P1(C(O)c2ccc(O)cc2)Oc2ccccc2-c2ccccc21,0.5348837209302325,0.7411764705882353,True,0.9927462429224881,1.4625947970254487,-1.7817388204638247,True,True,True,True,1.0,0.3370409459128661,1.0,0.39664808739115276,0.581024350002966,0.0,0.6048402416611005,0.547887219106391,0.0,0.0,0.5226571587951419,2.0,False,False,134
256,FORM_000120,CAND_R2_021,APN-DOPO-nitrile-to-aminomethyl,designed,P-N,B,True,True,True,True,True,Candidate,,APN-DOPO-nitrile-to-aminomethyl,,DDM,DOPO-based (Co-curing),2,1,P-N,100.00%,0.00%,N#Cc1cc(Oc2cccc(NCP3(=O)Oc4ccccc4-c4ccccc43)c2)ccc1CN,,NC1=CC=C(CC2=CC=C(N)C=C2)C=C1,10.19,0.675184366744034,0.9159915501695312,0.0,0.0,0.0,1.3566539678439984,0.0,0.0,0.0,1,1,0,0,0,1,0,0,0,0,0,170.0,3.0,,24.0,,3.0,,,3.0,35.0,,1208.0,,,88.0,,,164.3,,,16.5,,,58.7,,,101.3,,,,,Virtual screening scenario,,,,,,,,,,,,,,,,,,,,,,,,,,,,,,,,34.34535278486096,27.93893999235782,40.7517655773641,12.812825585006273,True,GBDT,compact,260,810.0696516037335,279.8633954073937,1340.2759078000734,1060.4125123926797,True,GBDT,compact,330,65.28831648817355,34.763563400020715,95.81306957632638,61.04950617630567,True,GBDT,descriptors,30,0.6918859224720155,1,0.8527191710282546,ExtraTrees,morgan_r3,ALL,160.3377227783203,133.1413116455078,187.5341339111328,54.392822265625,True,XGB,morgan_r3,270,66.68186972698312,42.58295404363465,90.78078541033159,48.197831366696946,True,GBDT,compact,140,117,True,N#Cc1cc(Oc2cccc(NCP3(=O)Oc4ccccc4-c4ccccc43)c2)ccc1CN,O=P1(CNc2cccc(Oc3ccccc3)c2)Oc2ccccc2-c2ccccc21,0.7692307692307693,True,In_domain,Maximum Tanimoto >= 0.70.,APN-DOPO,N#Cc1ccc(Oc2cccc(NCP3(=O)Oc4ccccc4-c4ccccc43)c2)cc1C#N,0.7692307692307693,PBD,N#Cc1ccc(Oc2cccc(NC(c3ccc(C(Nc4cccc(Oc5ccc(C#N)c(C#N)c5)c4)P4(=O)Oc5ccccc5-c5ccccc54)cc3)P3(=O)Oc4ccccc4-c4ccccc43)c2)cc1C#N,0.43103448275862066,DOPO-BAPh,CC(C)(c1ccc(O)c(CN(CP2(=O)Oc3ccccc3-c3ccccc32)c2cccc(Oc3ccc(C#N)c(C#N)c3)c2)c1)c1ccc(O)c(CN(CP2(=O)Oc3ccccc3-c3ccccc32)c2cccc(Oc3ccc(C#N)c(C#N)c3)c2)c1,0.39849624060150374,0.7692307692307693,True,0.9754531951713757,-0.32533760884807317,4.403331622242036,True,True,True,True,0.43110101098594483,0.9545112338591312,0.29266554931220934,0.8752964231493883,0.27641736546086704,0.4624534334597619,0.5846019233533977,0.42827579482981926,0.0,0.01899999999999995,0.5184605541289248,2.0,False,False,135
257,FORM_000507,CAND_R2_174,DSD-amino,designed,P-N-S,B,True,True,True,True,True,Candidate,,DSD-amino,,DDM,DOPO-based (Co-curing),2,1,P-N-S,100.00%,0.00%,Nc1ccc(C(Nc2ccc(S(=O)(=O)c3ccc(NC(c4ccccc4O)P4(=O)Oc5ccccc5-c5ccccc54)cc3)cc2)P2(=O)Oc3ccccc3-c3ccccc32)c(O)c1,,NC1=CC=C(CC2=CC=C(N)C=C2)C=C1,10.19,0.698370509685913,0.4737235614953146,0.3615071856088682,0.0,0.0,0.6783269839219991,0.5176438303092916,0.0,0.0,1,1,1,0,0,1,0,0,0,0,0,170.0,3.0,,24.0,,3.0,,,3.0,35.0,,1208.0,,,88.0,,,164.3,,,16.5,,,58.7,,,101.3,,,,,Virtual screening scenario,,,,,,,,,,,,,,,,,,,,,,,,,,,,,,,,33.77219327789769,27.365780485394556,40.17860607040083,12.812825585006273,True,GBDT,compact,260,755.19905212657,224.99279593023016,1285.4053083229098,1060.4125123926797,True,GBDT,compact,330,67.04780462666407,36.52305153851124,97.57255771481691,61.04950617630567,True,GBDT,descriptors,30,0.7050610190077206,1,0.831799913934061,ExtraTrees,morgan_r3,ALL,157.24676513671875,130.05035400390625,184.44317626953125,54.392822265625,True,XGB,morgan_r3,270,66.02485359155929,41.92593790821082,90.12376927490777,48.197831366696946,True,GBDT,compact,140,504,True,Nc1ccc(C(Nc2ccc(S(=O)(=O)c3ccc(NC(c4ccccc4O)P4(=O)Oc5ccccc5-c5ccccc54)cc3)cc2)P2(=O)Oc3ccccc3-c3ccccc32)c(O)c1,O=P1(C(Nc2ccc(S(=O)(=O)c3ccc(NC(c4ccccc4)P4(=O)Oc5ccccc5-c5ccccc54)cc3)cc2)c2ccccc2)Oc2ccccc2-c2ccccc21,0.8333333333333334,True,In_domain,Maximum Tanimoto >= 0.70.,DSD,O=P1(C(Nc2ccc(S(=O)(=O)c3ccc(NC(c4ccccc4O)P4(=O)Oc5ccccc5-c5ccccc54)cc3)cc2)c2ccccc2O)Oc2ccccc2-c2ccccc21,0.8333333333333334,DOPO-DDS,O=P1(C(Nc2ccc(S(=O)(=O)c3ccc(NC(c4ccc(O)cc4)P4(=O)Oc5ccccc5-c5ccccc54)cc3)cc2)c2ccc(O)cc2)Oc2ccccc2-c2ccccc21,0.5876288659793815,TBO,O=P1(C(Nc2n[nH]c(NC(c3ccccc3O)P3(=O)Oc4ccccc4-c4ccccc43)n2)c2ccccc2O)Oc2ccccc2-c2ccccc21,0.5192307692307693,0.8333333333333334,True,0.9719666523223435,2.612920064769236,-0.7604725380402212,True,True,True,True,0.36745707866045857,1.0,0.41139487147512066,0.8020386080387397,0.18996774927311036,0.4268307455235505,0.5778579611145298,0.4166666666666667,0.0,0.01899999999999995,0.5134579611145298,2.0,False,False,136
263,FORM_000483,CAND_R2_166,DTB-OH-acetyl,designed,P-N-B,B,True,True,True,True,True,Candidate,,DTB-OH-acetyl,,DDM,DOPO-based (additive),0,1,P-N-B,100.00%,0.00%,CCC(Cn1c(=O)n(CC(O)COB(O)OC)c(=O)n(CC(O)CP2(=O)Oc3ccccc3-c3ccccc32)c1=O)OC(C)=O,,NC1=CC=C(CC2=CC=C(N)C=C2)C=C1,10.0,0.47844938776582,0.6490902603250315,0.0,0.1670108730071687,0.0,1.3566539678439984,0.0,0.3490669593852908,0.0,1,1,0,1,0,1,0,0,0,0,0,160.0,3.2,,24.8,,3.2,,,3.0,35.0,,1184.0,,,87.2,,,159.0,,,17.0,,,62.6,,,97.55,,,,,Virtual screening scenario,,,,,,,,,,,,,,,,,,,,,,,,,,,,,,,,34.26864547291364,27.862232680410504,40.67505826541678,12.812825585006273,True,GBDT,compact,260,656.2314676769952,126.02521148065534,1186.437723873335,1060.4125123926797,True,GBDT,compact,330,67.43527618430716,36.91052309615432,97.96002927245999,61.04950617630567,True,GBDT,descriptors,30,0.6312370255357618,1,0.9311073725141032,ExtraTrees,morgan_r3,ALL,157.1439666748047,129.9475555419922,184.3403778076172,54.392822265625,True,XGB,morgan_r3,270,73.04160157038541,48.94268588703694,97.14051725373389,48.197831366696946,True,GBDT,compact,140,480,True,CCC(Cn1c(=O)n(CC(O)COB(O)OC)c(=O)n(CC(O)CP2(=O)Oc3ccccc3-c3ccccc32)c1=O)OC(C)=O,O=c1[nH]c(=O)n(CCCP2(=O)Oc3ccccc3-c3ccccc32)c(=O)[nH]1,0.8191489361702128,True,In_domain,Maximum Tanimoto >= 0.70.,DTB,CCC(O)Cn1c(=O)n(CC(O)COB(O)OC)c(=O)n(CC(O)CP2(=O)Oc3ccccc3-c3ccccc32)c1=O,0.8191489361702128,TGIC-DOPO,O=c1n(CC(O)CP2(=O)Oc3ccccc3-c3ccccc32)c(=O)n(CC(O)CP2(=O)Oc3ccccc3-c3ccccc32)c(=O)n1CC(O)CP1(=O)Oc2ccccc2-c2ccccc21,0.6153846153846154,TDA,CCO[Si](CCCNCC(O)Cn1c(=O)n(CC(O)CNCCC[Si](OCC)(OCC)OCC)c(=O)n(CC(O)CP2(=O)Oc3ccccc3-c3ccccc32)c1=O)(OCC)OCC,0.5086206896551724,0.8191489361702128,True,0.9885178954190171,-4.592637191171496,-0.6690612708339709,True,True,True,True,0.4225833908276214,0.5268935417955073,0.6255415060984414,0.7859058935807702,0.18709262492408896,0.8072710575647801,0.5716212347093551,0.5186408610030941,0.0,0.0,0.493825105558891,2.0,False,False,137
265,FORM_000501,CAND_R2_172,DTB-OH-allyl-3,designed,P-N-B,B,True,True,True,True,True,Candidate,,DTB-OH-allyl-3,,DDM,DOPO-based (additive),0,1,P-N-B,100.00%,0.00%,C=CCOC(Cn1c(=O)n(CC(O)CC)c(=O)n(CC(O)COB(O)OC)c1=O)CP1(=O)Oc2ccccc2-c2ccccc21,,NC1=CC=C(CC2=CC=C(N)C=C2)C=C1,10.0,0.4799112503505516,0.6510735020010503,0.0,0.1675211609346601,0.0,1.3566539678439984,0.0,0.3490669593852908,0.0,1,1,0,1,0,1,0,0,0,0,0,160.0,3.2,,24.8,,3.2,,,3.0,35.0,,1184.0,,,87.2,,,159.0,,,17.0,,,62.6,,,97.55,,,,,Virtual screening scenario,,,,,,,,,,,,,,,,,,,,,,,,,,,,,,,,33.82057520214039,27.414162409637253,40.22698799464352,12.812825585006273,True,GBDT,compact,260,701.7863456132535,171.58008941691367,1231.9926018095935,1060.4125123926797,True,GBDT,compact,330,67.15081570278639,36.626062614633554,97.67556879093922,61.04950617630567,True,GBDT,descriptors,30,0.6435120556709402,1,0.9176171595084038,ExtraTrees,morgan_r3,ALL,157.4555206298828,130.2591094970703,184.6519317626953,54.392822265625,True,XGB,morgan_r3,270,73.22149096172365,49.12257527837517,97.32040664507213,48.197831366696946,True,GBDT,compact,140,498,True,C=CCOC(Cn1c(=O)n(CC(O)CC)c(=O)n(CC(O)COB(O)OC)c1=O)CP1(=O)Oc2ccccc2-c2ccccc21,O=c1[nH]c(=O)n(CCCP2(=O)Oc3ccccc3-c3ccccc32)c(=O)[nH]1,0.74,True,In_domain,Maximum Tanimoto >= 0.70.,DTB,CCC(O)Cn1c(=O)n(CC(O)COB(O)OC)c(=O)n(CC(O)CP2(=O)Oc3ccccc3-c3ccccc32)c1=O,0.74,TGIC-DOPO,O=c1n(CC(O)CP2(=O)Oc3ccccc3-c3ccccc32)c(=O)n(CC(O)CP2(=O)Oc3ccccc3-c3ccccc32)c(=O)n1CC(O)CP1(=O)Oc2ccccc2-c2ccccc21,0.5,TDA,CCO[Si](CCCNCC(O)Cn1c(=O)n(CC(O)CNCCC[Si](OCC)(OCC)OCC)c(=O)n(CC(O)CP2(=O)Oc3ccccc3-c3ccccc32)c1=O)(OCC)OCC,0.424,0.74,True,0.986269526584734,-4.342556580961993,-0.4384709194792033,True,True,True,True,0.37282943290891807,0.6134412008886893,0.5269695963667616,0.7977496525159185,0.1958063385886754,0.8170244613324718,0.5634810565281722,0.5030894901609954,0.0,0.0,0.48801763300402284,2.0,False,False,138
268,FORM_000267,CAND_R2_089,DOPO-HPM-hydroxymethyl,designed,P-N,B,True,True,True,True,True,Candidate,,DOPO-HPM-hydroxymethyl,,DDM,DOPO-based (additive),0,1,P-N,100.00%,0.00%,O=C1CC(P2(=O)Oc3ccccc3-c3ccccc32)C(=O)N1c1ccc(OCC(O)Cn2c(=O)n(CC3CO3)c(=O)n(CC3CO3)c2=O)c(CO)c1,,NC1=CC=C(CC2=CC=C(N)C=C2)C=C1,10.0,0.4227730164514856,0.7647422536883784,0.0,0.0,0.0,1.8088719571253309,0.0,0.0,0.0,1,1,0,0,0,1,0,0,0,0,0,160.0,3.2,,24.8,,3.2,,,3.0,35.0,,1184.0,,,87.2,,,159.0,,,17.0,,,62.6,,,97.55,,,,,Virtual screening scenario,,,,,,,,,,,,,,,,,,,,,,,,,,,,,,,,33.69260111535092,27.28618832284778,40.09901390785406,12.812825585006273,True,GBDT,compact,260,740.2723766159302,210.06612041959033,1270.47863281227,1060.4125123926797,True,GBDT,compact,330,64.59151325750999,34.06676016935715,95.11626634566282,61.04950617630567,True,GBDT,descriptors,30,0.6240677378235555,1,0.938428785725382,ExtraTrees,morgan_r3,ALL,162.58421325683594,135.38780212402344,189.78062438964844,54.392822265625,True,XGB,morgan_r3,270,74.28152902659859,50.18261334325012,98.38044470994706,48.197831366696946,True,GBDT,compact,140,264,True,O=C1CC(P2(=O)Oc3ccccc3-c3ccccc32)C(=O)N1c1ccc(OCC(O)Cn2c(=O)n(CC3CO3)c(=O)n(CC3CO3)c2=O)c(CO)c1,O=C1CC(P2(=O)Oc3ccccc3-c3ccccc32)C(=O)N1c1ccc(OCCCn2c(=O)n(CC3CO3)c(=O)n(CC3CO3)c2=O)cc1,0.7241379310344828,True,In_domain,Maximum Tanimoto >= 0.70.,DOPO-HPM,O=C1CC(P2(=O)Oc3ccccc3-c3ccccc32)C(=O)N1c1ccc(OCC(O)Cn2c(=O)n(CC3CO3)c(=O)n(CC3CO3)c2=O)cc1,0.7241379310344828,DMT,O=C1CC(P2(=O)Oc3ccccc3-c3ccccc32)C(=O)N1c1ccc(OCC(O)Cn2c(=O)n(CC(O)COc3ccc(N4C(=O)CC(P5(=O)Oc6ccccc6-c6ccccc65)C4=O)cc3)c(=O)n(CC(O)COc3ccc(N4C(=O)CC(P5(=O)Oc6ccccc6-c6ccccc65)C4=O)cc3)c2=O)cc1,0.6153846153846154,BMP,O=C1CC(P2(=O)Oc3ccccc3-c3ccccc32)C(=O)N1c1ccc(Cc2ccc(N3C(=O)CC(P4(=O)Oc5ccccc5-c5ccccc54)C3=O)cc2)cc1,0.47413793103448276,0.7241379310344828,True,0.9897381309542302,-2.3325704954531656,0.9026578145773076,True,True,True,True,0.35861912317821504,0.476344984111828,0.4436932987277986,0.9043084301778906,0.33924845606633314,0.8744985523777188,0.5579678680835516,0.52708090653008,0.0,0.0,0.4789057321040396,2.0,False,False,139
271,FORM_000471,CAND_R2_162,DTB-OH-methyl,designed,P-N-B,B,True,True,True,True,True,Candidate,,DTB-OH-methyl,,DDM,DOPO-based (additive),0,1,P-N-B,100.00%,0.00%,CCC(Cn1c(=O)n(CC(O)COB(O)OC)c(=O)n(CC(O)CP2(=O)Oc3ccccc3-c3ccccc32)c1=O)OC,,NC1=CC=C(CC2=CC=C(N)C=C2)C=C1,10.0,0.5000863776754877,0.6784441685381828,0.0,0.1745636312851867,0.0,1.3566539678439986,0.0,0.349066959385291,0.0,1,1,0,1,0,1,0,0,0,0,0,160.0,3.2,,24.8,,3.2,,,3.0,35.0,,1184.0,,,87.2,,,159.0,,,17.0,,,62.6,,,97.55,,,,,Virtual screening scenario,,,,,,,,,,,,,,,,,,,,,,,,,,,,,,,,34.29367973498066,27.88726694247752,40.70009252748379,12.812825585006273,True,GBDT,compact,260,713.7069473971069,183.50069120076705,1243.9132035934467,1060.4125123926797,True,GBDT,compact,330,67.43527618430716,36.91052309615432,97.96002927245999,61.04950617630567,True,GBDT,descriptors,30,0.6324052040840609,1,0.9298754477258327,ExtraTrees,morgan_r3,ALL,156.99191284179688,129.79550170898438,184.18832397460938,54.392822265625,True,XGB,morgan_r3,270,73.12186762648857,49.02295194314009,97.22078330983703,48.197831366696946,True,GBDT,compact,140,468,True,CCC(Cn1c(=O)n(CC(O)COB(O)OC)c(=O)n(CC(O)CP2(=O)Oc3ccccc3-c3ccccc32)c1=O)OC,O=c1[nH]c(=O)n(CCCP2(=O)Oc3ccccc3-c3ccccc32)c(=O)[nH]1,0.8651685393258427,True,In_domain,Maximum Tanimoto >= 0.70.,DTB,CCC(O)Cn1c(=O)n(CC(O)COB(O)OC)c(=O)n(CC(O)CP2(=O)Oc3ccccc3-c3ccccc32)c1=O,0.8651685393258427,TGIC-DOPO,O=c1n(CC(O)CP2(=O)Oc3ccccc3-c3ccccc32)c(=O)n(CC(O)CP2(=O)Oc3ccccc3-c3ccccc32)c(=O)n1CC(O)CP1(=O)Oc2ccccc2-c2ccccc21,0.6511627906976745,TDA,CCO[Si](CCCNCC(O)Cn1c(=O)n(CC(O)CNCCC[Si](OCC)(OCC)OCC)c(=O)n(CC(O)CP2(=O)Oc3ccccc3-c3ccccc32)c1=O)(OCC)OCC,0.5315315315315315,0.8651685393258427,True,0.9883125746209721,-4.57324332140394,-0.6729095755858492,True,True,True,True,0.42536320842020275,0.5351300281947066,0.5011757289212283,0.7859058935807702,0.18283989906124223,0.8116229943198625,0.548961261161492,0.5172207115047968,0.0,0.0,0.4713781544357725,2.0,False,False,140
272,FORM_000474,CAND_R2_163,DTB-OH-methyl-2,designed,P-N-B,B,True,True,True,True,True,Candidate,,DTB-OH-methyl-2,,DDM,DOPO-based (additive),0,1,P-N-B,100.00%,0.00%,CCC(O)Cn1c(=O)n(CC(O)CP2(=O)Oc3ccccc3-c3ccccc32)c(=O)n(CC(COB(O)OC)OC)c1=O,,NC1=CC=C(CC2=CC=C(N)C=C2)C=C1,10.0,0.5000863776754877,0.6784441685381828,0.0,0.1745636312851867,0.0,1.3566539678439986,0.0,0.349066959385291,0.0,1,1,0,1,0,1,0,0,0,0,0,160.0,3.2,,24.8,,3.2,,,3.0,35.0,,1184.0,,,87.2,,,159.0,,,17.0,,,62.6,,,97.55,,,,,Virtual screening scenario,,,,,,,,,,,,,,,,,,,,,,,,,,,,,,,,34.29367973498066,27.88726694247752,40.70009252748379,12.812825585006273,True,GBDT,compact,260,701.420699976477,171.21444378013712,1231.6269561728168,1060.4125123926797,True,GBDT,compact,330,67.43527618430716,36.91052309615432,97.96002927245999,61.04950617630567,True,GBDT,descriptors,30,0.6308616913859548,1,0.9315008709104284,ExtraTrees,morgan_r3,ALL,153.6792449951172,126.48283386230469,180.8756561279297,54.392822265625,True,XGB,morgan_r3,270,73.12186762648857,49.02295194314009,97.22078330983703,48.197831366696946,True,GBDT,compact,140,471,True,CCC(O)Cn1c(=O)n(CC(O)CP2(=O)Oc3ccccc3-c3ccccc32)c(=O)n(CC(COB(O)OC)OC)c1=O,O=c1[nH]c(=O)n(CCCP2(=O)Oc3ccccc3-c3ccccc32)c(=O)[nH]1,0.8131868131868132,True,In_domain,Maximum Tanimoto >= 0.70.,DTB,CCC(O)Cn1c(=O)n(CC(O)COB(O)OC)c(=O)n(CC(O)CP2(=O)Oc3ccccc3-c3ccccc32)c1=O,0.8131868131868132,TGIC-DOPO,O=c1n(CC(O)CP2(=O)Oc3ccccc3-c3ccccc32)c(=O)n(CC(O)CP2(=O)Oc3ccccc3-c3ccccc32)c(=O)n1CC(O)CP1(=O)Oc2ccccc2-c2ccccc21,0.6588235294117647,TDA,CCO[Si](CCCNCC(O)Cn1c(=O)n(CC(O)CNCCC[Si](OCC)(OCC)OCC)c(=O)n(CC(O)CP2(=O)Oc3ccccc3-c3ccccc32)c1=O)(OCC)OCC,0.5363636363636364,0.8131868131868132,True,0.9885834784850713,-4.345751008882333,-0.6536114322937328,True,True,True,True,0.42536320842020275,0.5242471701218097,0.5277607825214595,0.7859058935807702,0.0901893689961988,0.8116229943198625,0.5428366472604547,0.5190944816749427,0.0,0.0,0.46497247500921324,2.0,False,False,141
273,FORM_001209,PUBCHEM_14686918,"(4-Nitrophenyl)-(6-oxobenzo[c][2,1]benzoxaphosphinin-6-yl)methanol",pubchem,P-N,PUBLIC_UNVERIFIED,False,True,True,True,True,Candidate,,"(4-Nitrophenyl)-(6-oxobenzo[c][2,1]benzoxaphosphinin-6-yl)methanol",,DDM,DOPO-based (reactive),1,1,P-N,100.00%,0.00%,O=[N+]([O-])c1ccc(C(O)P2(=O)Oc3ccccc3-c3ccccc32)cc1,,NC1=CC=C(CC2=CC=C(N)C=C2)C=C1,10.0,0.8432957524836848,0.3813535095576603,0.0,0.0,0.0,0.4522179892813326,0.0,0.0,0.0,1,1,0,0,0,1,0,0,0,0,0,160.0,3.2,,24.7,,3.0,,,3.0,35.0,,1149.8,,,93.5,,,164.0,,,16.0,,,59.0,,,105.1,,,,,Virtual screening scenario,,,,,,,,,,,,,,,,,,,,,,,,,,,,,,,,35.26039018927491,28.85397739677177,41.66680298177805,12.812825585006273,True,GBDT,compact,260,628.664657065391,98.45840086905116,1158.870913261731,1060.4125123926797,True,GBDT,compact,330,75.04397274259024,44.51921965443741,105.56872583074308,61.04950617630567,True,GBDT,descriptors,30,0.674730142520463,1,0.8778775091791147,ExtraTrees,morgan_r3,ALL,150.678466796875,123.4820556640625,177.8748779296875,54.392822265625,True,XGB,morgan_r3,270,63.45313958796763,39.354223904619154,87.5520552713161,48.197831366696946,True,GBDT,compact,140,1206,True,O=[N+]([O-])c1ccc(C(O)P2(=O)Oc3ccccc3-c3ccccc32)cc1,O=P1(Cc2ccccc2)Oc2ccccc2-c2ccccc21,0.7076923076923077,True,In_domain,Maximum Tanimoto >= 0.70.,DOPO-PHBA,O=P1(C(O)c2ccc(O)cc2)Oc2ccccc2-c2ccccc21,0.7076923076923077,Trif-DOPO,O=P1(C(O)c2ccc(Oc3nc(Oc4ccc(C(O)P5(=O)Oc6ccccc6-c6ccccc65)cc4)nc(Oc4ccc(C(O)P5(=O)Oc6ccccc6-c6ccccc65)cc4)n3)cc2)Oc2ccccc2-c2ccccc21,0.6133333333333333,DOPO-PPO,O=P(Oc1ccc(C(O)P2(=O)Oc3ccccc3-c3ccccc32)cc1)(Oc1ccc(C(O)P2(=O)Oc3ccccc3-c3ccccc32)cc1)c1ccccc1,0.5679012345679012,0.7076923076923077,True,0.9796462515298524,0.9990533029720746,-0.8551880589960502,True,True,True,True,0.5327072443892104,0.8335508306362163,0.6851907311715391,0.469111211362609,0.006261941453642728,0.28739525760812246,0.5334777234180914,0.4572780534442425,0.0,0.0,0.464886015401455,2.0,False,False,142
280,FORM_000604,CAND_R2_209,DOPO-PPO-triethoxysilyl,designed,P-Si,B,True,True,True,True,True,Candidate,,DOPO-PPO-triethoxysilyl,,DDS,DOPO-based (Additive + Secondary Crosslinking),3,1,P-Si,100.00%,0.00%,CCO[Si](OCC)(OCC)c1ccc(P(=O)(Oc2ccc(C(O)P3(=O)Oc4ccccc4-c4ccccc43)cc2)Oc2ccc(C(O)P3(=O)Oc4ccccc4-c4ccccc43)cc2)cc1,,NC1=CC=C(C=C1)S(=O)(=O)C1=CC=C(N)C=C1,3.5,0.3384530690316174,0.0,0.0,0.0,0.1022986256949054,0.0,0.0,0.0,0.3022535029379479,1,0,0,0,1,1,1,0,0,0,0,250.0,4.0,,22.4,,3.0,,,4.0,35.0,,867.99,,,114.145,,,180.0,,,16.9,,,52.14,,,95.65,,,,,Virtual screening scenario,,,,,,,,,,,,,,,,,,,,,,,,,,,,,,,,39.836559289806154,33.430146497303014,46.242972082309294,12.812825585006273,True,GBDT,compact,260,513.0808573076563,-17.12539888868355,1043.2871135039961,1060.4125123926797,True,GBDT,compact,330,87.34156533338135,56.81681224522852,117.86631842153419,61.04950617630567,True,GBDT,descriptors,30,0.5953132843658173,1,0.9636615112936033,ExtraTrees,morgan_r3,ALL,183.4317169189453,156.2353057861328,210.6281280517578,54.392822265625,True,XGB,morgan_r3,270,59.319355328772616,35.22043964542414,83.4182710121211,48.197831366696946,True,GBDT,compact,140,603,True,CCO[Si](OCC)(OCC)c1ccc(P(=O)(Oc2ccc(C(O)P3(=O)Oc4ccccc4-c4ccccc43)cc2)Oc2ccc(C(O)P3(=O)Oc4ccccc4-c4ccccc43)cc2)cc1,O=P1(Cc2ccc(OP(=O)(Oc3ccc(CP4(=O)Oc5ccccc5-c5ccccc54)cc3)c3ccccc3)cc2)Oc2ccccc2-c2ccccc21,0.7078651685393258,True,In_domain,Maximum Tanimoto >= 0.70.,DOPO-PPO,O=P(Oc1ccc(C(O)P2(=O)Oc3ccccc3-c3ccccc32)cc1)(Oc1ccc(C(O)P2(=O)Oc3ccccc3-c3ccccc32)cc1)c1ccccc1,0.7078651685393258,Trif-DOPO,O=P1(C(O)c2ccc(Oc3nc(Oc4ccc(C(O)P5(=O)Oc6ccccc6-c6ccccc65)cc4)nc(Oc4ccc(C(O)P5(=O)Oc6ccccc6-c6ccccc65)cc4)n3)cc2)Oc2ccccc2-c2ccccc21,0.5368421052631579,DOPO-PHBA,O=P1(C(O)c2ccc(O)cc2)Oc2ccccc2-c2ccccc21,0.5111111111111111,0.7078651685393258,True,0.9939435852156006,1.0169795834666557,-1.8484168865357276,True,True,True,True,1.0,0.2736057152167521,0.93529162908429,0.0,0.9223229912218446,0.06326604871748558,0.5403383728541414,0.5561689181502475,0.0,0.0,0.4569130351316043,2.0,False,False,143
282,FORM_000828,CAND_R2_283,DGEBDB-amino,designed,P-N,B,True,True,True,True,True,Candidate,,DGEBDB-amino,,DDM,DOPO-based (Co-curing),2,1,P-N,100.00%,0.00%,COc1cc(C(c2cc(N)c(OCC3CO3)c(OC)c2)P2(=O)Oc3ccccc3-c3ccccc32)ccc1OCC1CO1,,NC1=CC=C(CC2=CC=C(N)C=C2)C=C1,10.19,0.5246496961395765,0.2372560306653014,0.0,0.0,0.0,0.4522179892813326,0.0,0.0,0.0,1,1,0,0,0,1,0,0,0,0,0,170.0,3.0,,24.0,,3.0,,,3.0,35.0,,1208.0,,,88.0,,,164.3,,,16.5,,,58.7,,,101.3,,,,,Virtual screening scenario,,,,,,,,,,,,,,,,,,,,,,,,,,,,,,,,33.711615072749815,27.30520228024668,40.118027865252955,12.812825585006273,True,GBDT,compact,260,771.2328911987537,241.02663500241385,1301.4391473950936,1060.4125123926797,True,GBDT,compact,330,66.41416530048927,35.88941221233644,96.93891838864211,61.04950617630567,True,GBDT,descriptors,30,0.6526346457857859,1,0.9068106596233907,ExtraTrees,morgan_r3,ALL,159.97145080566406,132.77503967285156,187.16786193847656,54.392822265625,True,XGB,morgan_r3,270,68.26026859403879,44.16135291069032,92.35918427738727,48.197831366696946,True,GBDT,compact,140,825,True,COc1cc(C(c2cc(N)c(OCC3CO3)c(OC)c2)P2(=O)Oc3ccccc3-c3ccccc32)ccc1OCC1CO1,O=P1(C(c2ccc(OCC3CO3)cc2)c2ccc(OCC3CO3)cc2)Oc2ccccc2-c2ccccc21,0.7849462365591398,True,In_domain,Maximum Tanimoto >= 0.70.,DGEBDB,COc1cc(C(c2ccc(OCC3CO3)c(OC)c2)P2(=O)Oc3ccccc3-c3ccccc32)ccc1OCC1CO1,0.7849462365591398,HBFR,COc1ccc(C(c2ccc(OCC(O)Cn3c(=O)n(CC(O)COc4cc(C(c5ccc(OC)c(O)c5)P5(=O)Oc6ccccc6-c6ccccc65)ccc4OC)c(=O)n(CC(O)COc4cc(C(c5ccc(O)c(OC)c5)P5(=O)Oc6ccccc6-c6ccccc65)ccc4OC)c3=O)c(OC)c2)P2(=O)Oc3ccccc3-c3ccccc32)cc1O,0.45185185185185184,DOPO-PHE,O=P1(C(c2ccc(O)cc2)c2ccc(O)cc2)Oc2ccccc2-c2ccccc21,0.39805825242718446,0.7849462365591398,True,0.9844684432705652,0.7188185156619323,-0.009675494611627708,True,True,True,True,0.3607304429822721,0.6777619243909314,0.3767007572709946,0.8284207311052656,0.26617326795843127,0.5480324736818452,0.5301433453139205,0.4906318746180874,0.0,0.01899999999999995,0.45464856412120735,2.0,False,False,144
286,FORM_000435,CAND_R2_150,DTB-trimethoxysilyl,designed,P-N-Si-B,B,True,True,True,True,True,Candidate,,DTB-trimethoxysilyl,,DDS,DOPO-based (Additive + Secondary Crosslinking),3,1,P-N-Si-B,100.00%,0.00%,CCC(O)Cn1c(=O)n(CC(O)COB(O)OC)c(=O)n(CC(O)CP2(=O)Oc3ccc([Si](OC)(OC)OC)cc3-c3ccccc32)c1=O,,NC1=CC=C(C=C1)S(=O)(=O)C1=CC=C(N)C=C1,10.0,0.426917849946108,0.579179795072816,0.0,0.1490229157879938,0.3871122468388451,1.3566539678439982,0.0,0.3490669593852908,0.9067605088138438,1,1,0,1,1,1,1,0,0,0,0,250.0,4.0,,22.4,,3.0,,,4.0,35.0,,867.99,,,114.145,,,180.0,,,16.9,,,52.14,,,95.65,,,,,Virtual screening scenario,,,,,,,,,,,,,,,,,,,,,,,,,,,,,,,,40.67449600643598,34.26808321393284,47.08090879893912,12.812825585006273,True,GBDT,compact,260,385.3355357265585,-144.87072046978136,915.5417919228983,1060.4125123926797,True,GBDT,compact,330,83.6521202388293,53.12736715067646,114.17687332698213,61.04950617630567,True,GBDT,descriptors,30,0.5536849410090277,1,0.9884717084354289,ExtraTrees,morgan_r3,ALL,189.14910888671875,161.95269775390625,216.34552001953125,54.392822265625,True,XGB,morgan_r3,270,59.932143074264324,35.83322739091585,84.0310587576128,48.197831366696946,True,GBDT,compact,140,432,True,CCC(O)Cn1c(=O)n(CC(O)COB(O)OC)c(=O)n(CC(O)CP2(=O)Oc3ccc([Si](OC)(OC)OC)cc3-c3ccccc32)c1=O,O=c1[nH]c(=O)n(CCCP2(=O)Oc3ccccc3-c3ccccc32)c(=O)[nH]1,0.7448979591836735,True,In_domain,Maximum Tanimoto >= 0.70.,DTB,CCC(O)Cn1c(=O)n(CC(O)COB(O)OC)c(=O)n(CC(O)CP2(=O)Oc3ccccc3-c3ccccc32)c1=O,0.7448979591836735,TGIC-DOPO,O=c1n(CC(O)CP2(=O)Oc3ccccc3-c3ccccc32)c(=O)n(CC(O)CP2(=O)Oc3ccccc3-c3ccccc32)c(=O)n1CC(O)CP1(=O)Oc2ccccc2-c2ccccc21,0.5,TDA,CCO[Si](CCCNCC(O)Cn1c(=O)n(CC(O)CNCCC[Si](OCC)(OCC)OCC)c(=O)n(CC(O)CP2(=O)Oc3ccccc3-c3ccccc32)c1=O)(OCC)OCC,0.4344262295081967,0.7448979591836735,True,0.9980786180725715,-4.904636060510438,-0.9685701525950476,True,True,True,True,1.0,0.0,1.0,0.11070352225725366,1.0,0.09649072228612485,0.5317897766800631,0.5833333333333334,0.0,0.0,0.4442897766800631,2.0,False,False,145
287,FORM_000438,CAND_R2_151,DTB-triethoxysilyl,designed,P-N-Si-B,B,True,True,True,True,True,Candidate,,DTB-triethoxysilyl,,DDS,DOPO-based (Additive + Secondary Crosslinking),3,1,P-N-Si-B,100.00%,0.00%,CCO[Si](OCC)(OCC)c1ccc2c(c1)-c1ccccc1P(=O)(CC(O)Cn1c(=O)n(CC(O)CC)c(=O)n(CC(O)COB(O)OC)c1=O)O2,,NC1=CC=C(C=C1)S(=O)(=O)C1=CC=C(N)C=C1,10.0,0.4035137772323597,0.547428566962,0.0,0.1408533272885734,0.3658903579566106,1.3566539678439982,0.0,0.3490669593852909,0.906760508813844,1,1,0,1,1,1,1,0,0,0,0,250.0,4.0,,22.4,,3.0,,,4.0,35.0,,867.99,,,114.145,,,180.0,,,16.9,,,52.14,,,95.65,,,,,Virtual screening scenario,,,,,,,,,,,,,,,,,,,,,,,,,,,,,,,,40.790374097142504,34.38396130463937,47.19678688964564,12.812825585006273,True,GBDT,compact,260,382.93415729331446,-147.27209890302538,913.1404134896543,1060.4125123926797,True,GBDT,compact,330,83.6521202388293,53.12736715067646,114.17687332698213,61.04950617630567,True,GBDT,descriptors,30,0.5539782648818166,1,0.9883453876813938,ExtraTrees,morgan_r3,ALL,189.60414123535156,162.40773010253906,216.80055236816406,54.392822265625,True,XGB,morgan_r3,270,59.932143074264324,35.83322739091585,84.0310587576128,48.197831366696946,True,GBDT,compact,140,435,True,CCO[Si](OCC)(OCC)c1ccc2c(c1)-c1ccccc1P(=O)(CC(O)Cn1c(=O)n(CC(O)CC)c(=O)n(CC(O)COB(O)OC)c1=O)O2,O=c1[nH]c(=O)n(CCCP2(=O)Oc3ccccc3-c3ccccc32)c(=O)[nH]1,0.7156862745098039,True,In_domain,Maximum Tanimoto >= 0.70.,DTB,CCC(O)Cn1c(=O)n(CC(O)COB(O)OC)c(=O)n(CC(O)CP2(=O)Oc3ccccc3-c3ccccc32)c1=O,0.7156862745098039,TGIC-DOPO,O=c1n(CC(O)CP2(=O)Oc3ccccc3-c3ccccc32)c(=O)n(CC(O)CP2(=O)Oc3ccccc3-c3ccccc32)c(=O)n1CC(O)CP1(=O)Oc2ccccc2-c2ccccc21,0.4803921568627451,TDA,CCO[Si](CCCNCC(O)Cn1c(=O)n(CC(O)CNCCC[Si](OCC)(OCC)OCC)c(=O)n(CC(O)CP2(=O)Oc3ccccc3-c3ccccc32)c1=O)(OCC)OCC,0.4672131147540984,0.7156862745098039,True,0.9980575646135655,-5.096189643604618,-1.1140627943231736,True,True,True,True,1.0,0.0,1.0,0.11070352225725366,1.0,0.09649072228612485,0.5317897766800631,0.5833333333333334,0.0,0.0,0.4442897766800631,2.0,False,False,146
288,FORM_000852,CAND_R2_291,DGEBDB-disiloxane,designed,P-Si,B,True,True,True,True,True,Candidate,,DGEBDB-disiloxane,,DDM,DOPO-based (additive),0,1,P-Si,100.00%,0.00%,COc1cc(C(c2cc(OC)c(OCC3CO3)c([Si](C)(C)O[Si](C)(C)C)c2)P2(=O)Oc3ccccc3-c3ccccc32)ccc1OCC1CO1,,NC1=CC=C(CC2=CC=C(N)C=C2)C=C1,10.0,0.4226138092411808,0.0,0.0,0.0,0.7664190253985795,0.0,0.0,0.0,1.8135210176276872,1,0,0,0,1,1,0,0,0,0,0,160.0,3.2,,24.8,,3.2,,,3.0,35.0,,1184.0,,,87.2,,,159.0,,,17.0,,,62.6,,,97.55,,,,,Virtual screening scenario,,,,,,,,,,,,,,,,,,,,,,,,,,,,,,,,32.498935575163266,26.09252278266013,38.905348367666406,12.812825585006273,True,GBDT,compact,260,766.4478829017543,236.24162670541443,1296.6541390980942,1060.4125123926797,True,GBDT,compact,330,63.73912794533081,33.21437485717797,94.26388103348364,61.04950617630567,True,GBDT,descriptors,30,0.6345858057201063,1,0.9275466435946793,ExtraTrees,morgan_r3,ALL,154.30325317382812,127.10684204101562,181.49966430664062,54.392822265625,True,XGB,morgan_r3,270,74.55366556041473,50.454749877066256,98.6525812437632,48.197831366696946,True,GBDT,compact,140,849,True,COc1cc(C(c2cc(OC)c(OCC3CO3)c([Si](C)(C)O[Si](C)(C)C)c2)P2(=O)Oc3ccccc3-c3ccccc32)ccc1OCC1CO1,O=P1(C(c2ccc(OCC3CO3)cc2)c2ccc(OCC3CO3)cc2)Oc2ccccc2-c2ccccc21,0.73,True,In_domain,Maximum Tanimoto >= 0.70.,DGEBDB,COc1cc(C(c2ccc(OCC3CO3)c(OC)c2)P2(=O)Oc3ccccc3-c3ccccc32)ccc1OCC1CO1,0.73,HBFR,COc1ccc(C(c2ccc(OCC(O)Cn3c(=O)n(CC(O)COc4cc(C(c5ccc(OC)c(O)c5)P5(=O)Oc6ccccc6-c6ccccc65)ccc4OC)c(=O)n(CC(O)COc4cc(C(c5ccc(O)c(OC)c5)P5(=O)Oc6ccccc6-c6ccccc65)ccc4OC)c3=O)c(OC)c2)P2(=O)Oc3ccccc3-c3ccccc32)cc1O,0.4195804195804196,DOPO-PHE,O=P1(C(c2ccc(O)cc2)c2ccc(O)cc2)Oc2ccccc2-c2ccccc21,0.37272727272727274,0.73,True,0.9879244405991132,0.72161407524736,0.14747228053214756,True,True,True,True,0.22607387541381396,0.5505048146462388,0.3870545860437802,0.9397982321473576,0.1076419755351969,0.889253494147788,0.5203758486185366,0.5145360914289775,0.0,0.0,0.44319543490418994,2.0,False,False,147
291,FORM_001035,CAND_R2_362,TDA-OH-acetyl-2,designed,P-N-Si,B,True,True,True,True,True,Candidate,,TDA-OH-acetyl-2,,DDM,DOPO-based (additive),0,1,P-N-Si,100.00%,0.00%,CCO[Si](CCCNCC(O)Cn1c(=O)n(CC(O)CNCCC[Si](OCC)(OCC)OCC)c(=O)n(CC(CP2(=O)Oc3ccccc3-c3ccccc32)OC(C)=O)c1=O)(OCC)OCC,,NC1=CC=C(CC2=CC=C(N)C=C2)C=C1,10.0,0.3102904552676447,0.7015946288716183,0.0,0.0,0.5627182621971376,2.261089946406664,0.0,0.0,1.813521017627688,1,1,0,0,1,1,0,0,0,0,0,160.0,3.2,,24.8,,3.2,,,3.0,35.0,,1184.0,,,87.2,,,159.0,,,17.0,,,62.6,,,97.55,,,,,Virtual screening scenario,,,,,,,,,,,,,,,,,,,,,,,,,,,,,,,,33.249061724165614,26.842648931662477,39.65547451666875,12.812825585006273,True,GBDT,compact,260,753.500472174082,223.29421597774217,1283.7067283704218,1060.4125123926797,True,GBDT,compact,330,68.58948211233356,38.06472902418072,99.11423520048639,61.04950617630567,True,GBDT,descriptors,30,0.6307182773871771,1,0.9316509278277161,ExtraTrees,morgan_r3,ALL,155.6648406982422,128.4684295654297,182.8612518310547,54.392822265625,True,XGB,morgan_r3,270,74.98283264764409,50.883916964295615,99.08174833099255,48.197831366696946,True,GBDT,compact,140,1032,True,CCO[Si](CCCNCC(O)Cn1c(=O)n(CC(O)CNCCC[Si](OCC)(OCC)OCC)c(=O)n(CC(CP2(=O)Oc3ccccc3-c3ccccc32)OC(C)=O)c1=O)(OCC)OCC,O=c1[nH]c(=O)n(CCCP2(=O)Oc3ccccc3-c3ccccc32)c(=O)[nH]1,0.78,True,In_domain,Maximum Tanimoto >= 0.70.,TDA,CCO[Si](CCCNCC(O)Cn1c(=O)n(CC(O)CNCCC[Si](OCC)(OCC)OCC)c(=O)n(CC(O)CP2(=O)Oc3ccccc3-c3ccccc32)c1=O)(OCC)OCC,0.78,DOPO-Si,CCO[Si](CCCC(O)C(O)CP1(=O)Oc2ccccc2-c2ccccc21)(OCC)OCC,0.514018691588785,TGIC-DOPO,O=c1n(CC(O)CP2(=O)Oc3ccccc3-c3ccccc32)c(=O)n(CC(O)CP2(=O)Oc3ccccc3-c3ccccc32)c(=O)n1CC(O)CP1(=O)Oc2ccccc2-c2ccccc21,0.5,0.78,True,0.9886084879712861,-4.568288749742931,-0.7700031000106641,True,True,True,True,0.30936827650579984,0.5232359998241636,0.41507026865175156,0.7378495284224849,0.1457236099475803,0.9125224587844056,0.5029294215540385,0.5192674656572694,0.0,0.0,0.4250393017054481,2.0,False,False,148
295,FORM_000972,CAND_R2_341,TDA-hydroxy,designed,P-N-Si,B,True,True,True,True,True,Candidate,,TDA-hydroxy,,DDM,DOPO-based (additive),0,1,P-N-Si,100.00%,0.00%,CCO[Si](CCCNCC(O)Cn1c(=O)n(CC(O)CNCCC[Si](OCC)(OCC)OCC)c(=O)n(CC(O)CP2(=O)Oc3ccc(O)cc3-c3ccccc32)c1=O)(OCC)OCC,,NC1=CC=C(CC2=CC=C(N)C=C2)C=C1,10.0,0.3186009290384164,0.7203853575645861,0.0,0.0,0.5777894810468756,2.2610899464066634,0.0,0.0,1.8135210176276877,1,1,0,0,1,1,0,0,0,0,0,160.0,3.2,,24.8,,3.2,,,3.0,35.0,,1184.0,,,87.2,,,159.0,,,17.0,,,62.6,,,97.55,,,,,Virtual screening scenario,,,,,,,,,,,,,,,,,,,,,,,,,,,,,,,,32.94630272127069,26.539889928767554,39.35271551377383,12.812825585006273,True,GBDT,compact,260,701.6173477450262,171.4110915486864,1231.823603941366,1060.4125123926797,True,GBDT,compact,330,67.84425949175399,37.31950640360115,98.36901257990682,61.04950617630567,True,GBDT,descriptors,30,0.6159065154609422,1,0.9462627186948095,ExtraTrees,morgan_r3,ALL,154.5575714111328,127.36116027832031,181.7539825439453,54.392822265625,True,XGB,morgan_r3,270,74.98283264764409,50.883916964295615,99.08174833099255,48.197831366696946,True,GBDT,compact,140,969,True,CCO[Si](CCCNCC(O)Cn1c(=O)n(CC(O)CNCCC[Si](OCC)(OCC)OCC)c(=O)n(CC(O)CP2(=O)Oc3ccc(O)cc3-c3ccccc32)c1=O)(OCC)OCC,O=c1[nH]c(=O)n(CCCP2(=O)Oc3ccccc3-c3ccccc32)c(=O)[nH]1,0.7777777777777778,True,In_domain,Maximum Tanimoto >= 0.70.,TDA,CCO[Si](CCCNCC(O)Cn1c(=O)n(CC(O)CNCCC[Si](OCC)(OCC)OCC)c(=O)n(CC(O)CP2(=O)Oc3ccccc3-c3ccccc32)c1=O)(OCC)OCC,0.7777777777777778,TGIC-DOPO,O=c1n(CC(O)CP2(=O)Oc3ccccc3-c3ccccc32)c(=O)n(CC(O)CP2(=O)Oc3ccccc3-c3ccccc32)c(=O)n1CC(O)CP1(=O)Oc2ccccc2-c2ccccc21,0.494949494949495,DOPO-Si,CCO[Si](CCCC(O)C(O)CP1(=O)Oc2ccccc2-c2ccccc21)(OCC)OCC,0.44144144144144143,0.7777777777777778,True,0.9910437864491349,-4.930839466238198,-1.1307228789428019,True,True,True,True,0.27574975800077367,0.41880258437475043,0.5273352749365747,0.7688775187569505,0.1147548889276772,0.9125224587844056,0.5008807619850181,0.5361117792604245,0.0,0.0,0.4204639950959544,2.0,False,False,149
299,FORM_001089,PUBCHEM_101805184,"2-(6-Oxido-6H-dibenzo[c,e][1,2]oxaphosphinin-6-yl)-1,4-phenylene bis(4-aminobenzoate)",pubchem,P-N,PUBLIC_UNVERIFIED,False,True,True,True,True,Candidate,,"2-(6-Oxido-6H-dibenzo[c,e][1,2]oxaphosphinin-6-yl)-1,4-phenylene bis(4-aminobenzoate)",,DDM,DOPO-based (reactive),1,1,P-N,100.00%,0.00%,Nc1ccc(C(=O)Oc2ccc(OC(=O)c3ccc(N)cc3)c(P3(=O)Oc4ccccc4-c4ccccc43)c2)cc1,,NC1=CC=C(CC2=CC=C(N)C=C2)C=C1,10.0,0.5506312686882907,0.4980107303232962,0.0,0.0,0.0,0.9044359785626654,0.0,0.0,0.0,1,1,0,0,0,1,0,0,0,0,0,160.0,3.2,,24.7,,3.0,,,3.0,35.0,,1149.8,,,93.5,,,164.0,,,16.0,,,59.0,,,105.1,,,,,Virtual screening scenario,,,,,,,,,,,,,,,,,,,,,,,,,,,,,,,,33.74639442654846,27.339981634045326,40.152807219051596,12.812825585006273,True,GBDT,compact,260,703.3904604098343,173.18420421349447,1233.5967166061741,1060.4125123926797,True,GBDT,compact,330,73.25381892131885,42.72906583316602,103.77857200947169,61.04950617630567,True,GBDT,descriptors,30,0.654958149382229,1,0.9039518877601392,ExtraTrees,morgan_r3,ALL,161.82379150390625,134.62738037109375,189.02020263671875,54.392822265625,True,XGB,morgan_r3,270,64.170460760961,40.071545077612534,88.26937644430947,48.197831366696946,True,GBDT,compact,140,1086,True,Nc1ccc(C(=O)Oc2ccc(OC(=O)c3ccc(N)cc3)c(P3(=O)Oc4ccccc4-c4ccccc43)c2)cc1,O=C(Oc1ccc(OC(=O)c2ccccc2)c(P2(=O)Oc3ccccc3-c3ccccc32)c1)c1ccccc1,0.8024691358024691,True,In_domain,Maximum Tanimoto >= 0.70.,DOPO-HQ-AE,O=C(Oc1ccc(OC(=O)c2ccccc2)c(P2(=O)Oc3ccccc3-c3ccccc32)c1)c1ccccc1,0.8024691358024691,DP-PPD,Nc1ccc(N(Cc2ccc(O[Si](Oc3ccc(CN(c4ccc(N)cc4)P4(=O)Oc5ccccc5-c5ccccc54)cc3)(c3ccccc3)c3ccccc3)cc2)P2(=O)Oc3ccccc3-c3ccccc32)cc1,0.30833333333333335,CP-DOPO,N#Cc1ccc(OP2(=O)Oc3ccccc3-c3ccccc32)cc1,0.30303030303030304,0.8024691358024691,True,0.9839919812933565,-0.35203805671693356,0.49559581525339197,True,True,True,True,0.3645923606728865,0.6941442709067605,0.5234986034436973,0.543645818780212,0.31798055908941736,0.32628761795951094,0.489603028465604,0.4873363135042934,0.0,0.0,0.41650258143996,2.0,False,False,150
301,FORM_001050,CAND_R2_367,TDA-NH-methyl,designed,P-N-Si,B,True,True,True,True,True,Candidate,,TDA-NH-methyl,,DDM,DOPO-based (additive),0,1,P-N-Si,100.00%,0.00%,CCO[Si](CCCNCC(O)Cn1c(=O)n(CC(O)CN(C)CCC[Si](OCC)(OCC)OCC)c(=O)n(CC(O)CP2(=O)Oc3ccccc3-c3ccccc32)c1=O)(OCC)OCC,,NC1=CC=C(CC2=CC=C(N)C=C2)C=C1,10.0,0.3192484972418513,0.7218495675189854,0.0,0.0,0.5789638595941521,2.261089946406664,0.0,0.0,1.8135210176276877,1,1,0,0,1,1,0,0,0,0,0,160.0,3.2,,24.8,,3.2,,,3.0,35.0,,1184.0,,,87.2,,,159.0,,,17.0,,,62.6,,,97.55,,,,,Virtual screening scenario,,,,,,,,,,,,,,,,,,,,,,,,,,,,,,,,32.941585738773206,26.53517294627007,39.347998531276346,12.812825585006273,True,GBDT,compact,260,725.0762039379466,194.86994774160678,1255.2824601342863,1060.4125123926797,True,GBDT,compact,330,67.84425949175399,37.31950640360115,98.36901257990682,61.04950617630567,True,GBDT,descriptors,30,0.621291975297946,1,0.9411530269132898,ExtraTrees,morgan_r3,ALL,154.26376342773438,127.06735229492188,181.46017456054688,54.392822265625,True,XGB,morgan_r3,270,73.94805479272573,49.849139109377255,98.0469704760742,48.197831366696946,True,GBDT,compact,140,1047,True,CCO[Si](CCCNCC(O)Cn1c(=O)n(CC(O)CN(C)CCC[Si](OCC)(OCC)OCC)c(=O)n(CC(O)CP2(=O)Oc3ccccc3-c3ccccc32)c1=O)(OCC)OCC,O=c1[nH]c(=O)n(CCCP2(=O)Oc3ccccc3-c3ccccc32)c(=O)[nH]1,0.84,True,In_domain,Maximum Tanimoto >= 0.70.,TDA,CCO[Si](CCCNCC(O)Cn1c(=O)n(CC(O)CNCCC[Si](OCC)(OCC)OCC)c(=O)n(CC(O)CP2(=O)Oc3ccccc3-c3ccccc32)c1=O)(OCC)OCC,0.84,TGIC-DOPO,O=c1n(CC(O)CP2(=O)Oc3ccccc3-c3ccccc32)c(=O)n(CC(O)CP2(=O)Oc3ccccc3-c3ccccc32)c(=O)n1CC(O)CP1(=O)Oc2ccccc2-c2ccccc21,0.56,DOPO-Si,CCO[Si](CCCC(O)C(O)CP1(=O)Oc2ccccc2-c2ccccc21)(OCC)OCC,0.5,0.84,True,0.990192171152215,-4.565226547404627,-1.1764066308927719,True,True,True,True,0.27522598178978314,0.45677389172798105,0.47657486551801465,0.7688775187569505,0.10653750443303461,0.8564179483749615,0.49178599683934543,0.5302213821444068,0.0,0.0,0.4122527895176844,2.0,False,False,151
302,FORM_000873,CAND_R2_298,DGEBDB-methoxy-to-phenol-all,designed,P-only,B,True,True,True,True,True,Candidate,,DGEBDB-methoxy-to-phenol-all,,DDM,DOPO-based (additive),0,0,P-only,100.00%,0.00%,O=P1(C(c2ccc(OCC3CO3)c(O)c2)c2ccc(OCC3CO3)c(O)c2)Oc2ccccc2-c2ccccc21,,NC1=CC=C(CC2=CC=C(N)C=C2)C=C1,10.0,0.5545698207593955,0.0,0.0,0.0,0.0,0.0,0.0,0.0,0.0,1,0,0,0,0,1,0,0,0,0,0,160.0,3.2,,24.8,,3.2,,,3.0,35.0,,1184.0,,,87.2,,,159.0,,,17.0,,,62.6,,,97.55,,,,,Virtual screening scenario,,,,,,,,,,,,,,,,,,,,,,,,,,,,,,,,31.98650871090214,25.580095918399003,38.392921503405276,12.812825585006273,True,GBDT,compact,260,776.535400503933,246.3291443075932,1306.7416567002729,1060.4125123926797,True,GBDT,compact,330,63.39700116233433,32.87224807418149,93.92175425048717,61.04950617630567,True,GBDT,descriptors,30,0.6205562143481532,1,0.9418647967281686,ExtraTrees,morgan_r3,ALL,156.01002502441406,128.81361389160156,183.20643615722656,54.392822265625,True,XGB,morgan_r3,270,74.39561071267727,50.296695029328795,98.49452639602575,48.197831366696946,True,GBDT,compact,140,870,True,O=P1(C(c2ccc(OCC3CO3)c(O)c2)c2ccc(OCC3CO3)c(O)c2)Oc2ccccc2-c2ccccc21,O=P1(C(c2ccc(OCC3CO3)cc2)c2ccc(OCC3CO3)cc2)Oc2ccccc2-c2ccccc21,0.7294117647058823,True,In_domain,Maximum Tanimoto >= 0.70.,DGEBDB,COc1cc(C(c2ccc(OCC3CO3)c(OC)c2)P2(=O)Oc3ccccc3-c3ccccc32)ccc1OCC1CO1,0.7294117647058823,DOPO-PHE,O=P1(C(c2ccc(O)cc2)c2ccc(O)cc2)Oc2ccccc2-c2ccccc21,0.524390243902439,HBFR,COc1ccc(C(c2ccc(OCC(O)Cn3c(=O)n(CC(O)COc4cc(C(c5ccc(OC)c(O)c5)P5(=O)Oc6ccccc6-c6ccccc65)ccc4OC)c(=O)n(CC(O)COc4cc(C(c5ccc(O)c(OC)c5)P5(=O)Oc6ccccc6-c6ccccc65)ccc4OC)c3=O)c(OC)c2)P2(=O)Oc3ccccc3-c3ccccc32)cc1O,0.48739495798319327,0.7294117647058823,True,0.9903107994546948,0.9806140085436008,0.11499101014555849,True,True,True,True,0.16917372759355548,0.45158625575841643,0.3652271568079909,0.9540429775735241,0.15537791646733126,0.8806839351762645,0.491612208711057,0.5310419026462488,0.0,0.0,0.4119559233141197,2.0,False,False,152
303,FORM_001044,CAND_R2_365,TDA-OH-allyl-2,designed,P-N-Si,B,True,True,True,True,True,Candidate,,TDA-OH-allyl-2,,DDM,DOPO-based (additive),0,1,P-N-Si,100.00%,0.00%,C=CCOC(Cn1c(=O)n(CC(O)CNCCC[Si](OCC)(OCC)OCC)c(=O)n(CC(O)CNCCC[Si](OCC)(OCC)OCC)c1=O)CP1(=O)Oc2ccccc2-c2ccccc21,,NC1=CC=C(CC2=CC=C(N)C=C2)C=C1,10.0,0.310904648814459,0.7029833757254678,0.0,0.0,0.5638321151031767,2.2610899464066634,0.0,0.0,1.813521017627688,1,1,0,0,1,1,0,0,0,0,0,160.0,3.2,,24.8,,3.2,,,3.0,35.0,,1184.0,,,87.2,,,159.0,,,17.0,,,62.6,,,97.55,,,,,Virtual screening scenario,,,,,,,,,,,,,,,,,,,,,,,,,,,,,,,,32.651446747039714,26.245033954536577,39.05785953954285,12.812825585006273,True,GBDT,compact,260,784.5848684367262,254.37861224038636,1314.791124633066,1060.4125123926797,True,GBDT,compact,330,68.58948211233356,38.06472902418072,99.11423520048639,61.04950617630567,True,GBDT,descriptors,30,0.6375195298922096,1,0.9243535155929027,ExtraTrees,morgan_r3,ALL,155.6648406982422,128.4684295654297,182.8612518310547,54.392822265625,True,XGB,morgan_r3,270,75.08245598287917,50.983540299530695,99.18137166622765,48.197831366696946,True,GBDT,compact,140,1041,True,C=CCOC(Cn1c(=O)n(CC(O)CNCCC[Si](OCC)(OCC)OCC)c(=O)n(CC(O)CNCCC[Si](OCC)(OCC)OCC)c1=O)CP1(=O)Oc2ccccc2-c2ccccc21,O=c1[nH]c(=O)n(CCCP2(=O)Oc3ccccc3-c3ccccc32)c(=O)[nH]1,0.75,True,In_domain,Maximum Tanimoto >= 0.70.,TDA,CCO[Si](CCCNCC(O)Cn1c(=O)n(CC(O)CNCCC[Si](OCC)(OCC)OCC)c(=O)n(CC(O)CP2(=O)Oc3ccccc3-c3ccccc32)c1=O)(OCC)OCC,0.75,DOPO-Si,CCO[Si](CCCC(O)C(O)CP1(=O)Oc2ccccc2-c2ccccc21)(OCC)OCC,0.4954954954954955,TGIC-DOPO,O=c1n(CC(O)CP2(=O)Oc3ccccc3-c3ccccc32)c(=O)n(CC(O)CP2(=O)Oc3ccccc3-c3ccccc32)c(=O)n1CC(O)CP1(=O)Oc2ccccc2-c2ccccc21,0.4807692307692308,0.75,True,0.9873922525988171,-4.552765918012043,-0.7350687251393943,True,True,True,True,0.24300879594442176,0.5711896485508798,0.3478096712959112,0.7378495284224849,0.1457236099475803,0.9179239257970149,0.48633628241719906,0.5108550881949337,0.0,0.0,0.409708019187959,2.0,False,False,153
304,FORM_001083,PUBCHEM_68009574,"1-[3-(6-Oxobenzo[c][2,1]benzoxaphosphinin-6-yl)propyl]-3,5-bis(prop-2-enyl)-1,3,5-triazinane-2,4,6-trione",pubchem,P-N,PUBLIC_UNVERIFIED,False,True,True,True,True,Candidate,,"1-[3-(6-Oxobenzo[c][2,1]benzoxaphosphinin-6-yl)propyl]-3,5-bis(prop-2-enyl)-1,3,5-triazinane-2,4,6-trione",,DDM,DOPO-based (reactive),1,1,P-N,100.00%,0.00%,C=CCn1c(=O)n(CC=C)c(=O)n(CCCP2(=O)Oc3ccccc3-c3ccccc32)c1=O,,NC1=CC=C(CC2=CC=C(N)C=C2)C=C1,10.0,0.6654692488494905,0.9028114969298264,0.0,0.0,0.0,1.3566539678439982,0.0,0.0,0.0,1,1,0,0,0,1,0,0,0,0,0,160.0,3.2,,24.7,,3.0,,,3.0,35.0,,1149.8,,,93.5,,,164.0,,,16.0,,,59.0,,,105.1,,,,,Virtual screening scenario,,,,,,,,,,,,,,,,,,,,,,,,,,,,,,,,34.21275435543503,27.806341562931895,40.61916714793817,12.812825585006273,True,GBDT,compact,260,693.3896554493081,163.18339925296823,1223.595911645648,1060.4125123926797,True,GBDT,compact,330,76.39423338182658,45.869480293673746,106.91898646997942,61.04950617630567,True,GBDT,descriptors,30,0.6595526366124327,1,0.898171824600084,ExtraTrees,morgan_r3,ALL,155.246337890625,128.0499267578125,182.4427490234375,54.392822265625,True,XGB,morgan_r3,270,66.87923469675322,42.78031901340474,90.97815038010168,48.197831366696946,True,GBDT,compact,140,1080,True,C=CCn1c(=O)n(CC=C)c(=O)n(CCCP2(=O)Oc3ccccc3-c3ccccc32)c1=O,O=c1[nH]c(=O)n(CCCP2(=O)Oc3ccccc3-c3ccccc32)c(=O)[nH]1,0.8153846153846154,True,In_domain,Maximum Tanimoto >= 0.70.,TAD,O=c1n(CCCP2(=O)Oc3ccccc3-c3ccccc32)c(=O)n(CCCP2(=O)Oc3ccccc3-c3ccccc32)c(=O)n1CCCP1(=O)Oc2ccccc2-c2ccccc21,0.8153846153846154,HP-DOPO,O=P1(CCCc2ccccc2O)Oc2ccccc2-c2ccccc21,0.5,DOPO-VTS,CO[Si](CCP1(=O)Oc2ccccc2-c2ccccc21)(OC)OC,0.48717948717948717,0.8153846153846154,True,0.9830286374333473,-2.0125889563663546,0.24231027150202136,True,True,True,True,0.4163772118230178,0.7265386609920498,0.5451384033613369,0.412891938213531,0.13401869150901566,0.4731543437549473,0.4809065464043834,0.48067311955362735,0.0,0.0,0.4088055784713393,2.0,False,False,154
305,FORM_001080,PUBCHEM_146838766,"1-[2-Hydroxy-3-(6-oxobenzo[c][2,1]benzoxaphosphinin-6-yl)propyl]-3,5-dimethyl-1,3,5-triazinane-2,4,6-trione",pubchem,P-N,PUBLIC_UNVERIFIED,False,True,True,True,True,Candidate,,"1-[2-Hydroxy-3-(6-oxobenzo[c][2,1]benzoxaphosphinin-6-yl)propyl]-3,5-dimethyl-1,3,5-triazinane-2,4,6-trione",,DDM,DOPO-based (reactive),1,1,P-N,100.00%,0.00%,Cn1c(=O)n(C)c(=O)n(CC(O)CP2(=O)Oc3ccccc3-c3ccccc32)c1=O,,NC1=CC=C(CC2=CC=C(N)C=C2)C=C1,10.0,0.7213841707249473,0.9786686975538522,0.0,0.0,0.0,1.3566539678439986,0.0,0.0,0.0,1,1,0,0,0,1,0,0,0,0,0,160.0,3.2,,24.7,,3.0,,,3.0,35.0,,1149.8,,,93.5,,,164.0,,,16.0,,,59.0,,,105.1,,,,,Virtual screening scenario,,,,,,,,,,,,,,,,,,,,,,,,,,,,,,,,34.183060763433744,27.776647970930608,40.58947355593688,12.812825585006273,True,GBDT,compact,260,646.3631968250683,116.15694062872842,1176.5694530214082,1060.4125123926797,True,GBDT,compact,330,76.39423338182658,45.869480293673746,106.91898646997942,61.04950617630567,True,GBDT,descriptors,30,0.6570150337931246,1,0.9013851166517757,ExtraTrees,morgan_r3,ALL,156.04098510742188,128.84457397460938,183.23739624023438,54.392822265625,True,XGB,morgan_r3,270,63.438265448322454,39.33934976497398,87.53718113167093,48.197831366696946,True,GBDT,compact,140,1077,True,Cn1c(=O)n(C)c(=O)n(CC(O)CP2(=O)Oc3ccccc3-c3ccccc32)c1=O,O=c1[nH]c(=O)n(CCCP2(=O)Oc3ccccc3-c3ccccc32)c(=O)[nH]1,0.8181818181818182,True,In_domain,Maximum Tanimoto >= 0.70.,TGIC-DOPO,O=c1n(CC(O)CP2(=O)Oc3ccccc3-c3ccccc32)c(=O)n(CC(O)CP2(=O)Oc3ccccc3-c3ccccc32)c(=O)n1CC(O)CP1(=O)Oc2ccccc2-c2ccccc21,0.8181818181818182,DTB,CCC(O)Cn1c(=O)n(CC(O)COB(O)OC)c(=O)n(CC(O)CP2(=O)Oc3ccccc3-c3ccccc32)c1=O,0.6179775280898876,TDA,CCO[Si](CCCNCC(O)Cn1c(=O)n(CC(O)CNCCC[Si](OCC)(OCC)OCC)c(=O)n(CC(O)CP2(=O)Oc3ccccc3-c3ccccc32)c1=O)(OCC)OCC,0.5913978494623656,0.8181818181818182,True,0.9835641861086293,-3.117962314114234,-0.47197388399882484,True,True,True,True,0.4130800197903091,0.7086467632695373,0.6468945279413489,0.412891938213531,0.15624382522555663,0.2865887982133957,0.4805859121868405,0.4843773676851219,0.0,0.0,0.4079293070340722,2.0,False,False,155
309,FORM_001170,PUBCHEM_134285498,"[4-(4-Aminobenzoyl)oxy-3-(6-oxobenzo[c][2,1]benzoxaphosphinin-6-yl)phenyl] 4-methylbenzoate",pubchem,P-N,PUBLIC_UNVERIFIED,False,True,True,True,True,Candidate,,"[4-(4-Aminobenzoyl)oxy-3-(6-oxobenzo[c][2,1]benzoxaphosphinin-6-yl)phenyl] 4-methylbenzoate",,DDM,DOPO-based (reactive),1,1,P-N,100.00%,0.00%,Cc1ccc(C(=O)Oc2ccc(OC(=O)c3ccc(N)cc3)c(P3(=O)Oc4ccccc4-c4ccccc43)c2)cc1,,NC1=CC=C(CC2=CC=C(N)C=C2)C=C1,10.0,0.551600092604135,0.2494434847648388,0.0,0.0,0.0,0.4522179892813327,0.0,0.0,0.0,1,1,0,0,0,1,0,0,0,0,0,160.0,3.2,,24.7,,3.0,,,3.0,35.0,,1149.8,,,93.5,,,164.0,,,16.0,,,59.0,,,105.1,,,,,Virtual screening scenario,,,,,,,,,,,,,,,,,,,,,,,,,,,,,,,,33.76438119755619,27.357968405053054,40.17079399005932,12.812825585006273,True,GBDT,compact,260,698.6491231687345,168.44286697239465,1228.8553793650744,1060.4125123926797,True,GBDT,compact,330,74.3375651761723,43.81281208801947,104.86231826432514,61.04950617630567,True,GBDT,descriptors,30,0.6518145599136475,1,0.9078093575929022,ExtraTrees,morgan_r3,ALL,161.75181579589844,134.55540466308594,188.94822692871094,54.392822265625,True,XGB,morgan_r3,270,61.851532267459696,37.75261658411122,85.95044795080817,48.197831366696946,True,GBDT,compact,140,1167,True,Cc1ccc(C(=O)Oc2ccc(OC(=O)c3ccc(N)cc3)c(P3(=O)Oc4ccccc4-c4ccccc43)c2)cc1,O=C(Oc1ccc(OC(=O)c2ccccc2)c(P2(=O)Oc3ccccc3-c3ccccc32)c1)c1ccccc1,0.7303370786516854,True,In_domain,Maximum Tanimoto >= 0.70.,DOPO-HQ-AE,O=C(Oc1ccc(OC(=O)c2ccccc2)c(P2(=O)Oc3ccccc3-c3ccccc32)c1)c1ccccc1,0.7303370786516854,DOPT,Cc1ccc(S(=O)(=O)NP2(=O)Oc3ccccc3-c3ccccc32)cc1,0.29906542056074764,DP-PPD,Nc1ccc(N(Cc2ccc(O[Si](Oc3ccc(CN(c4ccc(N)cc4)P4(=O)Oc5ccccc5-c5ccccc54)cc3)(c3ccccc3)c3ccccc3)cc2)P2(=O)Oc3ccccc3-c3ccccc32)cc1,0.2890625,0.7303370786516854,True,0.9846348929321503,-0.4165323982245026,0.45077454682946694,True,True,True,True,0.3665896211612189,0.6719797379761245,0.5337579365318265,0.4985231032425992,0.3159675026022073,0.20055788071782524,0.4658226181143572,0.49178316277614414,0.0,0.0,0.3920551436979356,2.0,False,False,156
317,FORM_001092,PUBCHEM_102113411,"6-[3-(4-Fluorophenyl)-2,4-dihydro-1,3-benzoxazin-4-yl]benzo[c][2,1]benzoxaphosphinine 6-oxide",pubchem,P-N,PUBLIC_UNVERIFIED,False,True,True,True,True,Candidate,,"6-[3-(4-Fluorophenyl)-2,4-dihydro-1,3-benzoxazin-4-yl]benzo[c][2,1]benzoxaphosphinine 6-oxide",,DDM,DOPO-based (additive),0,1,P-N,100.00%,0.00%,O=P1(C2c3ccccc3OCN2c2ccc(F)cc2)Oc2ccccc2-c2ccccc21,,NC1=CC=C(CC2=CC=C(N)C=C2)C=C1,10.0,0.6985345523596456,0.3158898907116148,0.0,0.0,0.0,0.4522179892813328,0.0,0.0,0.0,1,1,0,0,0,1,0,0,0,0,0,160.0,3.2,,24.8,,3.2,,,3.0,35.0,,1184.0,,,87.2,,,159.0,,,17.0,,,62.6,,,97.55,,,,,Virtual screening scenario,,,,,,,,,,,,,,,,,,,,,,,,,,,,,,,,33.012232517002964,26.605819724499828,39.418645309506104,12.812825585006273,True,GBDT,compact,260,841.7971014408025,311.5908452444627,1372.0033576371425,1060.4125123926797,True,GBDT,compact,330,66.49578670336541,35.971033615212576,97.02053979151825,61.04950617630567,True,GBDT,descriptors,30,0.6151219194684742,1,0.9469877746315766,ExtraTrees,morgan_r3,ALL,151.65016174316406,124.45375061035156,178.84657287597656,54.392822265625,True,XGB,morgan_r3,270,76.23293299863032,52.134017315281845,100.33184868197878,48.197831366696946,True,GBDT,compact,140,1089,True,O=P1(C2c3ccccc3OCN2c2ccc(F)cc2)Oc2ccccc2-c2ccccc21,O=P1(C2c3ccccc3OCN2c2ccccc2)Oc2ccccc2-c2ccccc21,0.8,True,In_domain,Maximum Tanimoto >= 0.70.,DOPOBH,O=P1(C2c3ccccc3OCN2c2ccc(O)cc2)Oc2ccccc2-c2ccccc21,0.8,SFD-BOZ,O=P1(C2c3ccccc3OCN2Cc2ccco2)Oc2ccccc2-c2ccccc21,0.5208333333333334,DOPOMAH,O=C1CC(P2(=O)Oc3ccccc3-c3ccccc32)C(=O)O1,0.39080459770114945,0.8,True,0.9911646291052628,-0.6298060262205908,0.3997057130281949,True,True,True,True,0.2830706371048289,0.4132706267555674,0.22401350889335536,0.825022353184911,0.03343884418038044,0.9803015166965892,0.45044946127542945,0.5369476158590881,0.0,0.0,0.36990731889656625,2.0,False,False,157
320,FORM_001152,PUBCHEM_102319971,"2-[(6-Oxobenzo[c][2,1]benzoxaphosphinin-6-yl)methyl]-3-(3-trimethoxysilylpropoxy)propan-1-ol",pubchem,P-Si,PUBLIC_UNVERIFIED,False,True,True,True,True,Candidate,,"2-[(6-Oxobenzo[c][2,1]benzoxaphosphinin-6-yl)methyl]-3-(3-trimethoxysilylpropoxy)propan-1-ol",,DDM,DOPO-based (reactive),1,1,P-Si,100.00%,0.00%,CO[Si](CCCOCC(CO)CP1(=O)Oc2ccccc2-c2ccccc21)(OC)OC,,NC1=CC=C(CC2=CC=C(N)C=C2)C=C1,10.0,0.6639045061226936,0.0,0.0,0.0,0.6020023877756175,0.0,0.0,0.0,0.9067605088138442,1,0,0,0,1,1,0,0,0,0,0,160.0,3.2,,24.7,,3.0,,,3.0,35.0,,1149.8,,,93.5,,,164.0,,,16.0,,,59.0,,,105.1,,,,,Virtual screening scenario,,,,,,,,,,,,,,,,,,,,,,,,,,,,,,,,32.58732214450062,26.18090935199748,38.99373493700375,12.812825585006273,True,GBDT,compact,260,622.2724290678253,92.06617287148549,1152.478685264165,1060.4125123926797,True,GBDT,compact,330,80.91793327911998,50.39318019096714,111.44268636727281,61.04950617630567,True,GBDT,descriptors,30,0.6577490312134247,1,0.9004609726049039,ExtraTrees,morgan_r3,ALL,154.3831787109375,127.186767578125,181.57958984375,54.392822265625,True,XGB,morgan_r3,270,67.2296208678856,43.13070518453713,91.32853655123407,48.197831366696946,True,GBDT,compact,140,1149,True,CO[Si](CCCOCC(CO)CP1(=O)Oc2ccccc2-c2ccccc21)(OC)OC,O=[PH]1Oc2ccccc2-c2ccccc21,0.7407407407407407,True,In_domain,Maximum Tanimoto >= 0.70.,KHDOPO,CO[Si](CCCOCC(O)CP1(=O)Oc2ccccc2-c2ccccc21)(OC)OC,0.7407407407407407,DOPO-VTS,CO[Si](CCP1(=O)Oc2ccccc2-c2ccccc21)(OC)OC,0.5375,DPAK,CO[Si](CCCNCP1(=O)Oc2ccccc2-c2ccccc21)(OC)OC,0.5113636363636364,0.7407407407407407,True,0.9834101621008173,-2.085216084871576,0.14292675680964137,True,True,True,True,0.23588836643951874,0.7138219651067487,0.6990222712766844,0.22454376840075452,0.10987737724815136,0.49215189428445016,0.4348582013980014,0.4833120244782838,0.0,0.0,0.36236139772625886,2.0,False,False,158
331,FORM_000969,CAND_R2_340,TDA-amino,designed,P-N-Si,B,True,True,True,True,True,Candidate,,TDA-amino,,DDM,DOPO-based (Co-curing),2,1,P-N-Si,100.00%,0.00%,CCO[Si](CCCNCC(O)Cn1c(=O)n(CC(O)CNCCC[Si](OCC)(OCC)OCC)c(=O)n(CC(O)CP2(=O)Oc3ccc(N)cc3-c3ccccc32)c1=O)(OCC)OCC,,NC1=CC=C(CC2=CC=C(N)C=C2)C=C1,10.19,0.3249832784873209,0.8817797084855499,0.0,0.0,0.5893640059143084,2.7133079356879963,0.0,0.0,1.813521017627688,1,1,0,0,1,1,0,0,0,0,0,170.0,3.0,,24.0,,3.0,,,3.0,35.0,,1208.0,,,88.0,,,164.3,,,16.5,,,58.7,,,101.3,,,,,Virtual screening scenario,,,,,,,,,,,,,,,,,,,,,,,,,,,,,,,,32.211542346134955,25.80512955363182,38.617955138638095,12.812825585006273,True,GBDT,compact,260,731.2203963954291,201.0141401990893,1261.426652591769,1060.4125123926797,True,GBDT,compact,330,71.50791632841485,40.983163240262016,102.03266941656769,61.04950617630567,True,GBDT,descriptors,30,0.6226026215056283,1,0.9398743887997906,ExtraTrees,morgan_r3,ALL,162.09735107421875,134.90093994140625,189.29376220703125,54.392822265625,True,XGB,morgan_r3,270,66.6102339154862,42.51131823213773,90.70914959883467,48.197831366696946,True,GBDT,compact,140,966,True,CCO[Si](CCCNCC(O)Cn1c(=O)n(CC(O)CNCCC[Si](OCC)(OCC)OCC)c(=O)n(CC(O)CP2(=O)Oc3ccc(N)cc3-c3ccccc32)c1=O)(OCC)OCC,O=c1[nH]c(=O)n(CCCP2(=O)Oc3ccccc3-c3ccccc32)c(=O)[nH]1,0.7777777777777778,True,In_domain,Maximum Tanimoto >= 0.70.,TDA,CCO[Si](CCCNCC(O)Cn1c(=O)n(CC(O)CNCCC[Si](OCC)(OCC)OCC)c(=O)n(CC(O)CP2(=O)Oc3ccccc3-c3ccccc32)c1=O)(OCC)OCC,0.7777777777777778,TGIC-DOPO,O=c1n(CC(O)CP2(=O)Oc3ccccc3-c3ccccc32)c(=O)n(CC(O)CP2(=O)Oc3ccccc3-c3ccccc32)c(=O)n1CC(O)CP1(=O)Oc2ccccc2-c2ccccc21,0.494949494949495,DOPO-Si,CCO[Si](CCCC(O)C(O)CP1(=O)Oc2ccccc2-c2ccccc21)(OCC)OCC,0.45454545454545453,0.7777777777777778,True,0.989979064799965,-5.033495256146881,-1.1095123304915753,True,True,True,True,0.19416158049962862,0.4660148760616305,0.4632800261565643,0.616337987914066,0.3256316247461274,0.458569419018677,0.4263789985028583,0.5287473820328098,0.0,0.01899999999999995,0.34516689119793686,2.0,False,False,159
332,FORM_001166,PUBCHEM_22966633,"4-[(4-Aminophenyl)-(6-oxobenzo[c][2,1]benzoxaphosphinin-6-yl)methyl]aniline",pubchem,P-N,PUBLIC_UNVERIFIED,False,True,True,True,True,Candidate,,"4-[(4-Aminophenyl)-(6-oxobenzo[c][2,1]benzoxaphosphinin-6-yl)methyl]aniline",,DDM,DOPO-based (reactive),1,1,P-N,100.00%,0.00%,Nc1ccc(C(c2ccc(N)cc2)P2(=O)Oc3ccccc3-c3ccccc32)cc1,,NC1=CC=C(CC2=CC=C(N)C=C2)C=C1,6.0,0.4506084683666763,0.4075465110358388,0.0,0.0,0.0,0.9044359785626656,0.0,0.0,0.0,1,1,0,0,0,1,0,0,0,0,0,160.0,3.2,,24.7,,3.0,,,3.0,35.0,,1149.8,,,93.5,,,164.0,,,16.0,,,59.0,,,105.1,,,,,Virtual screening scenario,,,,,,,,,,,,,,,,,,,,,,,,,,,,,,,,32.75826709419196,26.35185430168882,39.1646798866951,12.812825585006273,True,GBDT,compact,260,730.0416691461727,199.83541294983286,1260.2479253425126,1060.4125123926797,True,GBDT,compact,330,77.08792948593239,46.56317639777956,107.61268257408523,61.04950617630567,True,GBDT,descriptors,30,0.6570602049841996,1,0.9013283680412848,ExtraTrees,morgan_r3,ALL,156.63577270507812,129.43936157226562,183.83218383789062,54.392822265625,True,XGB,morgan_r3,270,64.74426023660867,40.645344553260195,88.84317591995713,48.197831366696946,True,GBDT,compact,140,1164,True,Nc1ccc(C(c2ccc(N)cc2)P2(=O)Oc3ccccc3-c3ccccc32)cc1,O=P1(C(c2ccccc2)c2ccccc2)Oc2ccccc2-c2ccccc21,0.7333333333333333,True,In_domain,Maximum Tanimoto >= 0.70.,DOPO-PHE,O=P1(C(c2ccc(O)cc2)c2ccc(O)cc2)Oc2ccccc2-c2ccccc21,0.7333333333333333,DOPO-PHBA,O=P1(C(O)c2ccc(O)cc2)Oc2ccccc2-c2ccccc21,0.5,PDAP,Nc1ccc(NC(c2ccc(C(Nc3ccc(NC(c4ccc(C=O)cc4)P4(=O)Oc5ccccc5-c5ccccc54)cc3)P3(=O)Oc4ccccc4-c4ccccc43)cc2)P2(=O)Oc3ccccc3-c3ccccc32)cc1,0.4939759036144578,0.7333333333333333,True,0.9835547280068808,1.131825267266754,-0.5258242727664931,True,True,True,True,0.25487018332882067,0.7089652521695998,0.4658305630315517,0.3840092990948847,0.17287917436090686,0.3573983906740542,0.41576281602846743,0.4843119485041094,0.0,0.0,0.343116023752851,2.0,False,False,160
333,FORM_000054,CAND_018,TDA-trimethoxy-silane,designed,P-N-Si,B,True,True,True,True,True,Candidate,,TDA-trimethoxy-silane,,DDM,DOPO-based (reactive),1,1,P-N-Si,100.00%,0.00%,CO[Si](CCCNCC(O)Cn1c(=O)n(CC(O)CNCCC[Si](OC)(OC)OC)c(=O)n(CC(O)CP2(=O)Oc3ccccc3-c3ccccc32)c1=O)(OC)OC,,NC1=CC=C(CC2=CC=C(N)C=C2)C=C1,10.0,0.3551954239948992,0.8031288022045188,0.0,0.0,0.6441543667799274,2.2610899464066634,0.0,0.0,1.813521017627687,1,1,0,0,1,1,0,0,0,0,0,160.0,3.2,,24.7,,3.0,,,3.0,35.0,,1149.8,,,93.5,,,164.0,,,16.0,,,59.0,,,105.1,,,,,Virtual screening scenario,,,,,,,,,,,,,,,,,,,,,,,,,,,,,,,,32.29433361462495,25.88792082212181,38.70074640712808,12.812825585006273,True,GBDT,compact,260,679.8039168882775,149.59766069193768,1210.0101730846172,1060.4125123926797,True,GBDT,compact,330,76.17216952833397,45.64741644018113,106.6969226164868,61.04950617630567,True,GBDT,descriptors,30,0.6269673604681022,1,0.935517157503052,ExtraTrees,morgan_r3,ALL,162.66737365722656,135.47096252441406,189.86378479003906,54.392822265625,True,XGB,morgan_r3,270,66.8343087807678,42.735393097419326,90.93322446411628,48.197831366696946,True,GBDT,compact,140,51,True,CO[Si](CCCNCC(O)Cn1c(=O)n(CC(O)CNCCC[Si](OC)(OC)OC)c(=O)n(CC(O)CP2(=O)Oc3ccccc3-c3ccccc32)c1=O)(OC)OC,O=c1[nH]c(=O)n(CCCP2(=O)Oc3ccccc3-c3ccccc32)c(=O)[nH]1,0.8444444444444444,True,In_domain,Maximum Tanimoto >= 0.70.,TDA,CCO[Si](CCCNCC(O)Cn1c(=O)n(CC(O)CNCCC[Si](OCC)(OCC)OCC)c(=O)n(CC(O)CP2(=O)Oc3ccccc3-c3ccccc32)c1=O)(OCC)OCC,0.8444444444444444,TGIC-DOPO,O=c1n(CC(O)CP2(=O)Oc3ccccc3-c3ccccc32)c(=O)n(CC(O)CP2(=O)Oc3ccccc3-c3ccccc32)c(=O)n1CC(O)CP1(=O)Oc2ccccc2-c2ccccc21,0.6829268292682927,DTB,CCC(O)Cn1c(=O)n(CC(O)COB(O)OC)c(=O)n(CC(O)CP2(=O)Oc3ccccc3-c3ccccc32)c1=O,0.5728155339805825,0.8444444444444444,True,0.989252859583842,-4.273166702025873,-0.6974161003073202,True,True,True,True,0.20335476638401784,0.4967893780868698,0.574535303446327,0.42213775940779963,0.341574332228151,0.47071851029651246,0.4205927257174692,0.5237244131803719,0.0,0.0,0.3420340637404134,2.0,False,False,161
337,FORM_001137,PUBCHEM_14686909,"(4-Methylphenyl)-(6-oxobenzo[c][2,1]benzoxaphosphinin-6-yl)methanol",pubchem,P-only,PUBLIC_UNVERIFIED,False,True,True,True,True,Candidate,,"(4-Methylphenyl)-(6-oxobenzo[c][2,1]benzoxaphosphinin-6-yl)methanol",,DDM,DOPO-based (reactive),1,0,P-only,100.00%,0.00%,Cc1ccc(C(O)P2(=O)Oc3ccccc3-c3ccccc32)cc1,,NC1=CC=C(CC2=CC=C(N)C=C2)C=C1,10.0,0.9209489574134696,0.0,0.0,0.0,0.0,0.0,0.0,0.0,0.0,1,0,0,0,0,1,0,0,0,0,0,160.0,3.2,,24.7,,3.0,,,3.0,35.0,,1149.8,,,93.5,,,164.0,,,16.0,,,59.0,,,105.1,,,,,Virtual screening scenario,,,,,,,,,,,,,,,,,,,,,,,,,,,,,,,,32.86024139054961,26.453828598046474,39.26665418305275,12.812825585006273,True,GBDT,compact,260,637.440159229608,107.23390303326812,1167.646415425948,1060.4125123926797,True,GBDT,compact,330,75.0738076596375,44.54905457148466,105.59856074779033,61.04950617630567,True,GBDT,descriptors,30,0.6384094125685048,1,0.9233713380497657,ExtraTrees,morgan_r3,ALL,154.07461547851562,126.87820434570312,181.27102661132812,54.392822265625,True,XGB,morgan_r3,270,54.95229827933154,30.85338259598307,79.05121396268001,48.197831366696946,True,GBDT,compact,140,1134,True,Cc1ccc(C(O)P2(=O)Oc3ccccc3-c3ccccc32)cc1,O=P1(Cc2ccccc2)Oc2ccccc2-c2ccccc21,0.7540983606557377,True,In_domain,Maximum Tanimoto >= 0.70.,DOPO-PHBA,O=P1(C(O)c2ccc(O)cc2)Oc2ccccc2-c2ccccc21,0.7540983606557377,Trif-DOPO,O=P1(C(O)c2ccc(Oc3nc(Oc4ccc(C(O)P5(=O)Oc6ccccc6-c6ccccc65)cc4)nc(Oc4ccc(C(O)P5(=O)Oc6ccccc6-c6ccccc65)cc4)n3)cc2)Oc2ccccc2-c2ccccc21,0.647887323943662,DOPO-PPO,O=P(Oc1ccc(C(O)P2(=O)Oc3ccccc3-c3ccccc32)cc1)(Oc1ccc(C(O)P2(=O)Oc3ccccc3-c3ccccc32)cc1)c1ccccc1,0.5974025974025974,0.7540983606557377,True,0.9872285563416275,0.9018848934141867,-0.9038641271821772,True,True,True,True,0.26619346269081073,0.5774639518847842,0.666202248568387,0.4678690087077141,0.10124730977213668,0.0,0.40567046534755286,0.509722844604736,0.0,0.0,0.32921203865684245,2.0,False,False,162
339,FORM_001197,PUBCHEM_163197083,"6-(Bis(4-(2-hydroxyethoxy)-3-methoxyphenyl)methyl)dibenzo[c,e][1,2]oxaphosphinine-6-oxide",pubchem,P-only,PUBLIC_UNVERIFIED,False,True,True,True,True,Candidate,,"6-(Bis(4-(2-hydroxyethoxy)-3-methoxyphenyl)methyl)dibenzo[c,e][1,2]oxaphosphinine-6-oxide",,DDM,DOPO-based (reactive),1,0,P-only,100.00%,0.00%,COc1cc(C(c2ccc(OCCO)c(OC)c2)P2(=O)Oc3ccccc3-c3ccccc32)ccc1OCCO,,NC1=CC=C(CC2=CC=C(N)C=C2)C=C1,10.0,0.550595052928158,0.0,0.0,0.0,0.0,0.0,0.0,0.0,0.0,1,0,0,0,0,1,0,0,0,0,0,160.0,3.2,,24.7,,3.0,,,3.0,35.0,,1149.8,,,93.5,,,164.0,,,16.0,,,59.0,,,105.1,,,,,Virtual screening scenario,,,,,,,,,,,,,,,,,,,,,,,,,,,,,,,,32.05885147136714,25.652438678864005,38.46526426387028,12.812825585006273,True,GBDT,compact,260,653.2675394144234,123.06128321808353,1183.4737956107633,1060.4125123926797,True,GBDT,compact,330,76.53321514384561,46.008462055692775,107.05796823199844,61.04950617630567,True,GBDT,descriptors,30,0.6315559096283778,1,0.9307721705674004,ExtraTrees,morgan_r3,ALL,157.6475067138672,130.4510955810547,184.8439178466797,54.392822265625,True,XGB,morgan_r3,270,62.9607066005039,38.861790917155425,87.05962228385238,48.197831366696946,True,GBDT,compact,140,1194,True,COc1cc(C(c2ccc(OCCO)c(OC)c2)P2(=O)Oc3ccccc3-c3ccccc32)ccc1OCCO,O=P1(C(c2ccccc2)c2ccccc2)Oc2ccccc2-c2ccccc21,0.7142857142857143,True,In_domain,Maximum Tanimoto >= 0.70.,DGEBDB,COc1cc(C(c2ccc(OCC3CO3)c(OC)c2)P2(=O)Oc3ccccc3-c3ccccc32)ccc1OCC1CO1,0.7142857142857143,HBFR,COc1ccc(C(c2ccc(OCC(O)Cn3c(=O)n(CC(O)COc4cc(C(c5ccc(OC)c(O)c5)P5(=O)Oc6ccccc6-c6ccccc65)ccc4OC)c(=O)n(CC(O)COc4cc(C(c5ccc(O)c(OC)c5)P5(=O)Oc6ccccc6-c6ccccc65)ccc4OC)c3=O)c(OC)c2)P2(=O)Oc3ccccc3-c3ccccc32)cc1O,0.5398230088495575,DOPO-PHE,O=P1(C(c2ccc(O)cc2)c2ccc(O)cc2)Oc2ccccc2-c2ccccc21,0.525,0.7142857142857143,True,0.9884620284279001,0.7557223216555593,-0.3008174597186701,True,True,True,True,0.17720670566569366,0.5291419005721492,0.6319548713050873,0.40710531197660904,0.2011759117754629,0.2606960858585568,0.3952689576673098,0.5182544438443757,0.0,0.0,0.31753079109065346,2.0,False,False,163
341,FORM_001146,PUBCHEM_14686904,"(6-Oxobenzo[c][2,1]benzoxaphosphinin-6-yl)-phenylmethanol",pubchem,P-only,PUBLIC_UNVERIFIED,False,True,True,True,True,Candidate,,"(6-Oxobenzo[c][2,1]benzoxaphosphinin-6-yl)-phenylmethanol",,DDM,DOPO-based (reactive),1,0,P-only,100.00%,0.00%,O=P1(C(O)c2ccccc2)Oc2ccccc2-c2ccccc21,,NC1=CC=C(CC2=CC=C(N)C=C2)C=C1,10.0,0.9610300961836796,0.0,0.0,0.0,0.0,0.0,0.0,0.0,0.0,1,0,0,0,0,1,0,0,0,0,0,160.0,3.2,,24.7,,3.0,,,3.0,35.0,,1149.8,,,93.5,,,164.0,,,16.0,,,59.0,,,105.1,,,,,Virtual screening scenario,,,,,,,,,,,,,,,,,,,,,,,,,,,,,,,,32.695650644939306,26.28923785243617,39.10206343744244,12.812825585006273,True,GBDT,compact,260,683.7613015342681,153.55504533792828,1213.967557730608,1060.4125123926797,True,GBDT,compact,330,74.73369561933706,44.20894253118422,105.25844870748989,61.04950617630567,True,GBDT,descriptors,30,0.6413187739337619,1,0.9201160165354332,ExtraTrees,morgan_r3,ALL,153.86196899414062,126.66555786132812,181.05838012695312,54.392822265625,True,XGB,morgan_r3,270,57.23637383167853,33.137458148330055,81.335289515027,48.197831366696946,True,GBDT,compact,140,1143,True,O=P1(C(O)c2ccccc2)Oc2ccccc2-c2ccccc21,O=P1(Cc2ccccc2)Oc2ccccc2-c2ccccc21,0.7457627118644068,True,In_domain,Maximum Tanimoto >= 0.70.,DOPO-PHBA,O=P1(C(O)c2ccc(O)cc2)Oc2ccccc2-c2ccccc21,0.7457627118644068,Trif-DOPO,O=P1(C(O)c2ccc(Oc3nc(Oc4ccc(C(O)P5(=O)Oc6ccccc6-c6ccccc65)cc4)nc(Oc4ccc(C(O)P5(=O)Oc6ccccc6-c6ccccc65)cc4)n3)cc2)Oc2ccccc2-c2ccccc21,0.6376811594202898,DOPO-PPO,O=P(Oc1ccc(C(O)P2(=O)Oc3ccccc3-c3ccccc32)cc1)(Oc1ccc(C(O)P2(=O)Oc3ccccc3-c3ccccc32)cc1)c1ccccc1,0.6301369863013698,0.7457627118644068,True,0.9866860027559055,0.9100838912986602,-0.9230871642790626,True,True,True,True,0.2479172199560027,0.5979770107405444,0.5659722915413463,0.48202986857381724,0.09529989505817464,0.0,0.3883092676681596,0.5059701453657944,0.0,0.0,0.3124137458632904,2.0,False,False,164
342,FORM_001086,PUBCHEM_58526060,"4-Oxo-2-[(6-oxobenzo[c][2,1]benzoxaphosphinin-6-yl)methyl]pentanoic acid",pubchem,P-only,PUBLIC_UNVERIFIED,False,True,True,True,True,Candidate,,"4-Oxo-2-[(6-oxobenzo[c][2,1]benzoxaphosphinin-6-yl)methyl]pentanoic acid",,DDM,DOPO-based (reactive),1,0,P-only,100.00%,0.00%,CC(=O)CC(CP1(=O)Oc2ccccc2-c2ccccc21)C(=O)O,,NC1=CC=C(CC2=CC=C(N)C=C2)C=C1,10.0,0.899614583666131,0.0,0.0,0.0,0.0,0.0,0.0,0.0,0.0,1,0,0,0,0,1,0,0,0,0,0,160.0,3.2,,24.7,,3.0,,,3.0,35.0,,1149.8,,,93.5,,,164.0,,,16.0,,,59.0,,,105.1,,,,,Virtual screening scenario,,,,,,,,,,,,,,,,,,,,,,,,,,,,,,,,32.325367026416735,25.9189542339136,38.731779818919875,12.812825585006273,True,GBDT,compact,260,628.9519030925464,98.74564689620661,1159.1581592888863,1060.4125123926797,True,GBDT,compact,330,75.0738076596375,44.54905457148466,105.59856074779033,61.04950617630567,True,GBDT,descriptors,30,0.631162343114833,1,0.9311857589945073,ExtraTrees,morgan_r3,ALL,153.96913146972656,126.77272033691406,181.16554260253906,54.392822265625,True,XGB,morgan_r3,270,58.47624143230316,34.37732574895469,82.57515711565163,48.197831366696946,True,GBDT,compact,140,1083,True,CC(=O)CC(CP1(=O)Oc2ccccc2-c2ccccc21)C(=O)O,O=[PH]1Oc2ccccc2-c2ccccc21,0.8032786885245902,True,In_domain,Maximum Tanimoto >= 0.70.,DDP,O=C(O)CC(CP1(=O)Oc2ccccc2-c2ccccc21)C(=O)O,0.8032786885245902,NPDI,O=C(CC(CP1(=O)Oc2ccccc2-c2ccccc21)C(=O)O)OCc1ccc(OP2(Oc3ccc(COC(=O)CC(CP4(=O)Oc5ccccc5-c5ccccc54)C(=O)O)cc3)=NP(Oc3ccc(COC(=O)CC(CP4(=O)Oc5ccccc5-c5ccccc54)C(=O)O)cc3)(Oc3ccc(COC(=O)CC(CP4(=O)Oc5ccccc5-c5ccccc54)C(=O)O)cc3)=NP(Oc3ccc(COC(=O)CC(CP4(=O)Oc5ccccc5-c5ccccc54)C(=O)O)cc3)(Oc3ccc(COC(=O)CC(CP4(=O)Oc5ccccc5-c5ccccc54)C(=O)O)cc3)=N2)cc1,0.5747126436781609,TGIC-DOPO,O=c1n(CC(O)CP2(=O)Oc3ccccc3-c3ccccc32)c(=O)n(CC(O)CP2(=O)Oc3ccccc3-c3ccccc32)c(=O)n1CC(O)CP1(=O)Oc2ccccc2-c2ccccc21,0.5342465753424658,0.8032786885245902,True,0.9885309598324179,-1.628634413042913,0.23206758437680614,True,True,True,True,0.2068007327091165,0.5263669778167945,0.6845691865479496,0.4678690087077141,0.09829707455990795,0.01755334607702429,0.38870622322000814,0.5187312240852231,0.0,0.0,0.3108965396072247,2.0,False,False,165
343,FORM_001155,PUBCHEM_166696251,"4-Hydroperoxy-4-oxo-3-[(6-oxobenzo[c][2,1]benzoxaphosphinin-6-yl)methyl]butanoic acid",pubchem,P-only,PUBLIC_UNVERIFIED,False,True,True,True,True,Candidate,,"4-Hydroperoxy-4-oxo-3-[(6-oxobenzo[c][2,1]benzoxaphosphinin-6-yl)methyl]butanoic acid",,DDM,DOPO-based (reactive),1,0,P-only,100.00%,0.00%,O=C(O)CC(CP1(=O)Oc2ccccc2-c2ccccc21)C(=O)OO,,NC1=CC=C(CC2=CC=C(N)C=C2)C=C1,10.0,0.8549882133412829,0.0,0.0,0.0,0.0,0.0,0.0,0.0,0.0,1,0,0,0,0,1,0,0,0,0,0,160.0,3.2,,24.7,,3.0,,,3.0,35.0,,1149.8,,,93.5,,,164.0,,,16.0,,,59.0,,,105.1,,,,,Virtual screening scenario,,,,,,,,,,,,,,,,,,,,,,,,,,,,,,,,31.958567629213306,25.55215483671017,38.36498042171644,12.812825585006273,True,GBDT,compact,260,659.6145991521804,129.40834295584057,1189.8208553485201,1060.4125123926797,True,GBDT,compact,330,75.36341506200459,44.83866197385176,105.88816815015743,61.04950617630567,True,GBDT,descriptors,30,0.6380862015110248,1,0.9237288038090267,ExtraTrees,morgan_r3,ALL,158.32041931152344,131.12400817871094,185.51683044433594,54.392822265625,True,XGB,morgan_r3,270,58.50099494750226,34.402079264153784,82.59991063085073,48.197831366696946,True,GBDT,compact,140,1152,True,O=C(O)CC(CP1(=O)Oc2ccccc2-c2ccccc21)C(=O)OO,O=[PH]1Oc2ccccc2-c2ccccc21,0.7384615384615385,True,In_domain,Maximum Tanimoto >= 0.70.,DDP,O=C(O)CC(CP1(=O)Oc2ccccc2-c2ccccc21)C(=O)O,0.7384615384615385,NPDI,O=C(CC(CP1(=O)Oc2ccccc2-c2ccccc21)C(=O)O)OCc1ccc(OP2(Oc3ccc(COC(=O)CC(CP4(=O)Oc5ccccc5-c5ccccc54)C(=O)O)cc3)=NP(Oc3ccc(COC(=O)CC(CP4(=O)Oc5ccccc5-c5ccccc54)C(=O)O)cc3)(Oc3ccc(COC(=O)CC(CP4(=O)Oc5ccccc5-c5ccccc54)C(=O)O)cc3)=NP(Oc3ccc(COC(=O)CC(CP4(=O)Oc5ccccc5-c5ccccc54)C(=O)O)cc3)(Oc3ccc(COC(=O)CC(CP4(=O)Oc5ccccc5-c5ccccc54)C(=O)O)cc3)=N2)cc1,0.5217391304347826,TGIC-DOPO,O=c1n(CC(O)CP2(=O)Oc3ccccc3-c3ccccc32)c(=O)n(CC(O)CP2(=O)Oc3ccccc3-c3ccccc32)c(=O)n1CC(O)CP1(=O)Oc2ccccc2-c2ccccc21,0.5131578947368421,0.7384615384615385,True,0.9872881339681712,-1.5310693720678497,0.4323655137672326,True,True,True,True,0.16607113522528652,0.5751850849402738,0.6182210665431214,0.45581095325785737,0.21999630420411717,0.01889545428368619,0.3869468238420882,0.5101349272444446,0.0,0.0,0.3104265847554215,2.0,False,False,166
344,FORM_000045,CAND_015,DGEBDB-demethylated,designed,P-only,B,True,True,True,True,True,Candidate,,DGEBDB-demethylated,,DDM,DOPO-based (reactive),1,0,P-only,100.00%,0.00%,COc1cc(C(c2ccc(OCC3CO3)c(O)c2)P2(=O)Oc3ccccc3-c3ccccc32)ccc1OCC1CO1,,NC1=CC=C(CC2=CC=C(N)C=C2)C=C1,10.0,0.5409833202340407,0.0,0.0,0.0,0.0,0.0,0.0,0.0,0.0,1,0,0,0,0,1,0,0,0,0,0,160.0,3.2,,24.7,,3.0,,,3.0,35.0,,1149.8,,,93.5,,,164.0,,,16.0,,,59.0,,,105.1,,,,,Virtual screening scenario,,,,,,,,,,,,,,,,,,,,,,,,,,,,,,,,31.822498635465827,25.41608584296269,38.22891142796897,12.812825585006273,True,GBDT,compact,260,652.9564269874909,122.75017079115105,1183.1626831838307,1060.4125123926797,True,GBDT,compact,330,73.18326161811571,42.65850852996287,103.70801470626854,61.04950617630567,True,GBDT,descriptors,30,0.6052764530617405,1,0.9556674737229566,ExtraTrees,morgan_r3,ALL,162.2533416748047,135.0569305419922,189.4497528076172,54.392822265625,True,XGB,morgan_r3,270,62.282846283785325,38.18393060043685,86.3817619671338,48.197831366696946,True,GBDT,compact,140,42,True,COc1cc(C(c2ccc(OCC3CO3)c(O)c2)P2(=O)Oc3ccccc3-c3ccccc32)ccc1OCC1CO1,O=P1(C(c2ccc(OCC3CO3)cc2)c2ccc(OCC3CO3)cc2)Oc2ccccc2-c2ccccc21,0.8705882352941177,True,In_domain,Maximum Tanimoto >= 0.70.,DGEBDB,COc1cc(C(c2ccc(OCC3CO3)c(OC)c2)P2(=O)Oc3ccccc3-c3ccccc32)ccc1OCC1CO1,0.8705882352941177,HBFR,COc1ccc(C(c2ccc(OCC(O)Cn3c(=O)n(CC(O)COc4cc(C(c5ccc(OC)c(O)c5)P5(=O)Oc6ccccc6-c6ccccc65)ccc4OC)c(=O)n(CC(O)COc4cc(C(c5ccc(O)c(OC)c5)P5(=O)Oc6ccccc6-c6ccccc65)ccc4OC)c3=O)c(OC)c2)P2(=O)Oc3ccccc3-c3ccccc32)cc1O,0.5619834710743802,DOPO-PHE,O=P1(C(c2ccc(O)cc2)c2ccc(O)cc2)Oc2ccccc2-c2ccccc21,0.4574468085106383,0.8705882352941177,True,0.9926112456204929,0.8626108514942136,-0.0057780253015597164,True,True,True,True,0.15096196277947976,0.3438531132505403,0.632628058183272,0.5465835333118919,0.3299944563061758,0.2239432494746678,0.39019910408312114,0.5469534785768119,0.0,0.0,0.30815608229659935,2.0,False,False,167
345,FORM_001224,PUBCHEM_144333584,"2-[(6-Oxobenzo[c][2,1]benzoxaphosphinin-6-yl)methyl]hexanedioic acid",pubchem,P-only,PUBLIC_UNVERIFIED,False,True,True,True,True,Candidate,,"2-[(6-Oxobenzo[c][2,1]benzoxaphosphinin-6-yl)methyl]hexanedioic acid",,DDM,DOPO-based (reactive),1,0,P-only,100.00%,0.00%,O=C(O)CCCC(CP1(=O)Oc2ccccc2-c2ccccc21)C(=O)O,,NC1=CC=C(CC2=CC=C(N)C=C2)C=C1,10.0,0.8274539242217407,0.0,0.0,0.0,0.0,0.0,0.0,0.0,0.0,1,0,0,0,0,1,0,0,0,0,0,160.0,3.2,,24.7,,3.0,,,3.0,35.0,,1149.8,,,93.5,,,164.0,,,16.0,,,59.0,,,105.1,,,,,Virtual screening scenario,,,,,,,,,,,,,,,,,,,,,,,,,,,,,,,,31.59813991629705,25.191727123793914,38.00455270880019,12.812825585006273,True,GBDT,compact,260,657.976853784733,127.77059758839312,1188.183109981073,1060.4125123926797,True,GBDT,compact,330,75.36341506200459,44.83866197385176,105.88816815015743,61.04950617630567,True,GBDT,descriptors,30,0.6393728010042182,1,0.9223008893609543,ExtraTrees,morgan_r3,ALL,154.1070556640625,126.91064453125,181.303466796875,54.392822265625,True,XGB,morgan_r3,270,60.705353913479556,36.60643823013108,84.80426959682802,48.197831366696946,True,GBDT,compact,140,1221,True,O=C(O)CCCC(CP1(=O)Oc2ccccc2-c2ccccc21)C(=O)O,O=[PH]1Oc2ccccc2-c2ccccc21,0.7014925373134329,True,In_domain,Maximum Tanimoto >= 0.70.,DDP,O=C(O)CC(CP1(=O)Oc2ccccc2-c2ccccc21)C(=O)O,0.7014925373134329,TGIC-DOPO,O=c1n(CC(O)CP2(=O)Oc3ccccc3-c3ccccc32)c(=O)n(CC(O)CP2(=O)Oc3ccccc3-c3ccccc32)c(=O)n1CC(O)CP1(=O)Oc2ccccc2-c2ccccc21,0.5064935064935064,DOPO-Si,CCO[Si](CCCC(O)C(O)CP1(=O)Oc2ccccc2-c2ccccc21)(OCC)OCC,0.4883720930232558,0.7014925373134329,True,0.9870501482268258,-1.6369245967499613,0.20745265207281424,True,True,True,True,0.12604905290721,0.584256522900108,0.621764829490953,0.45581095325785737,0.10215461485837975,0.13841335850341077,0.38163306904740474,0.5084888429977851,0.0,0.0,0.30535974259773696,2.0,False,False,168
346,FORM_001185,PUBCHEM_14686912,"(4-Methoxyphenyl)-(6-oxobenzo[c][2,1]benzoxaphosphinin-6-yl)methanol",pubchem,P-only,PUBLIC_UNVERIFIED,False,True,True,True,True,Candidate,,"(4-Methoxyphenyl)-(6-oxobenzo[c][2,1]benzoxaphosphinin-6-yl)methanol",,DDM,DOPO-based (reactive),1,0,P-only,100.00%,0.00%,COc1ccc(C(O)P2(=O)Oc3ccccc3-c3ccccc32)cc1,,NC1=CC=C(CC2=CC=C(N)C=C2)C=C1,10.0,0.8791289884936109,0.0,0.0,0.0,0.0,0.0,0.0,0.0,0.0,1,0,0,0,0,1,0,0,0,0,0,160.0,3.2,,24.7,,3.0,,,3.0,35.0,,1149.8,,,93.5,,,164.0,,,16.0,,,59.0,,,105.1,,,,,Virtual screening scenario,,,,,,,,,,,,,,,,,,,,,,,,,,,,,,,,32.68579473933297,26.279381946829833,39.09220753183611,12.812825585006273,True,GBDT,compact,260,648.761950524112,118.55569432777213,1178.9682067204517,1060.4125123926797,True,GBDT,compact,330,75.36341506200459,44.83866197385176,105.88816815015743,61.04950617630567,True,GBDT,descriptors,30,0.6282326546908812,1,0.9342255450837169,ExtraTrees,morgan_r3,ALL,154.09158325195312,126.89517211914062,181.28799438476562,54.392822265625,True,XGB,morgan_r3,270,57.23637383167853,33.137458148330055,81.335289515027,48.197831366696946,True,GBDT,compact,140,1182,True,COc1ccc(C(O)P2(=O)Oc3ccccc3-c3ccccc32)cc1,O=P1(Cc2ccccc2)Oc2ccccc2-c2ccccc21,0.71875,True,In_domain,Maximum Tanimoto >= 0.70.,DOPO-PHBA,O=P1(C(O)c2ccc(O)cc2)Oc2ccccc2-c2ccccc21,0.71875,Trif-DOPO,O=P1(C(O)c2ccc(Oc3nc(Oc4ccc(C(O)P5(=O)Oc6ccccc6-c6ccccc65)cc4)nc(Oc4ccc(C(O)P5(=O)Oc6ccccc6-c6ccccc65)cc4)n3)cc2)Oc2ccccc2-c2ccccc21,0.7142857142857143,DOPO-PPO,O=P(Oc1ccc(C(O)P2(=O)Oc3ccccc3-c3ccccc32)cc1)(Oc1ccc(C(O)P2(=O)Oc3ccccc3-c3ccccc32)cc1)c1ccccc1,0.6578947368421053,0.71875,True,0.989037590847286,0.932868383925508,-0.7215347933094012,True,True,True,True,0.24682281502719067,0.5057105987958777,0.6417040907411544,0.45581095325785737,0.10172187386240117,0.0,0.38018187895065614,0.5222354564301075,0.0,0.0,0.30184656048614,2.0,False,False,169
350,FORM_001164,PUBCHEM_58818767,"2-[(6-Oxobenzo[c][2,1]benzoxaphosphinin-6-yl)methyl]pentanedioic acid",pubchem,P-only,PUBLIC_UNVERIFIED,False,True,True,True,True,Candidate,,"2-[(6-Oxobenzo[c][2,1]benzoxaphosphinin-6-yl)methyl]pentanedioic acid",,DDM,DOPO-based (reactive),1,0,P-only,100.00%,0.00%,O=C(O)CCC(CP1(=O)Oc2ccccc2-c2ccccc21)C(=O)O,,NC1=CC=C(CC2=CC=C(N)C=C2)C=C1,10.0,0.8596677231877701,0.0,0.0,0.0,0.0,0.0,0.0,0.0,0.0,1,0,0,0,0,1,0,0,0,0,0,160.0,3.2,,24.7,,3.0,,,3.0,35.0,,1149.8,,,93.5,,,164.0,,,16.0,,,59.0,,,105.1,,,,,Virtual screening scenario,,,,,,,,,,,,,,,,,,,,,,,,,,,,,,,,31.433368461696578,25.02695566919344,37.839781254199714,12.812825585006273,True,GBDT,compact,260,659.9048199188763,129.6985637225365,1190.1110761152163,1060.4125123926797,True,GBDT,compact,330,75.36341506200459,44.83866197385176,105.88816815015743,61.04950617630567,True,GBDT,descriptors,30,0.6331804129133689,1,0.9290519104648982,ExtraTrees,morgan_r3,ALL,154.1151580810547,126.91874694824219,181.3115692138672,54.392822265625,True,XGB,morgan_r3,270,60.07121321081171,35.97229752746324,84.17012889416019,48.197831366696946,True,GBDT,compact,140,1161,True,O=C(O)CCC(CP1(=O)Oc2ccccc2-c2ccccc21)C(=O)O,O=[PH]1Oc2ccccc2-c2ccccc21,0.734375,True,In_domain,Maximum Tanimoto >= 0.70.,DDP,O=C(O)CC(CP1(=O)Oc2ccccc2-c2ccccc21)C(=O)O,0.734375,TGIC-DOPO,O=c1n(CC(O)CP2(=O)Oc3ccccc3-c3ccccc32)c(=O)n(CC(O)CP2(=O)Oc3ccccc3-c3ccccc32)c(=O)n1CC(O)CP1(=O)Oc2ccccc2-c2ccccc21,0.527027027027027,NPDI,O=C(CC(CP1(=O)Oc2ccccc2-c2ccccc21)C(=O)O)OCc1ccc(OP2(Oc3ccc(COC(=O)CC(CP4(=O)Oc5ccccc5-c5ccccc54)C(=O)O)cc3)=NP(Oc3ccc(COC(=O)CC(CP4(=O)Oc5ccccc5-c5ccccc54)C(=O)O)cc3)(Oc3ccc(COC(=O)CC(CP4(=O)Oc5ccccc5-c5ccccc54)C(=O)O)cc3)=NP(Oc3ccc(COC(=O)CC(CP4(=O)Oc5ccccc5-c5ccccc54)C(=O)O)cc3)(Oc3ccc(COC(=O)CC(CP4(=O)Oc5ccccc5-c5ccccc54)C(=O)O)cc3)=N2)cc1,0.5,0.734375,True,0.9881753184108164,-1.6028976405084214,0.2302146478748157,True,True,True,True,0.10775274415133598,0.5405957996629737,0.6175930851608193,0.45581095325785737,0.1023812277468064,0.10403095122171736,0.36499173434344967,0.5162713467066525,0.0,0.0,0.2875510323374518,2.0,False,False,170
353,FORM_001227,PUBCHEM_122629504,"4-(2-Hydroxyethoxy)-4-oxo-2-[(6-oxobenzo[c][2,1]benzoxaphosphinin-6-yl)methyl]butanoic acid",pubchem,P-only,PUBLIC_UNVERIFIED,False,True,True,True,True,Candidate,,"4-(2-Hydroxyethoxy)-4-oxo-2-[(6-oxobenzo[c][2,1]benzoxaphosphinin-6-yl)methyl]butanoic acid",,DDM,DOPO-based (reactive),1,0,P-only,100.00%,0.00%,O=C(CC(CP1(=O)Oc2ccccc2-c2ccccc21)C(=O)O)OCCO,,NC1=CC=C(CC2=CC=C(N)C=C2)C=C1,10.0,0.7935377426164659,0.0,0.0,0.0,0.0,0.0,0.0,0.0,0.0,1,0,0,0,0,1,0,0,0,0,0,160.0,3.2,,24.7,,3.0,,,3.0,35.0,,1149.8,,,93.5,,,164.0,,,16.0,,,59.0,,,105.1,,,,,Virtual screening scenario,,,,,,,,,,,,,,,,,,,,,,,,,,,,,,,,31.59813991629705,25.191727123793914,38.00455270880019,12.812825585006273,True,GBDT,compact,260,649.9095127930084,119.70325659666855,1180.1157689893482,1060.4125123926797,True,GBDT,compact,330,75.71229066543799,45.187537577285156,106.23704375359083,61.04950617630567,True,GBDT,descriptors,30,0.6227318672740955,1,0.9397475550216553,ExtraTrees,morgan_r3,ALL,153.95916748046875,126.76275634765625,181.15557861328125,54.392822265625,True,XGB,morgan_r3,270,60.705353913479556,36.60643823013108,84.80426959682802,48.197831366696946,True,GBDT,compact,140,1224,True,O=C(CC(CP1(=O)Oc2ccccc2-c2ccccc21)C(=O)O)OCCO,O=[PH]1Oc2ccccc2-c2ccccc21,0.7,True,In_domain,Maximum Tanimoto >= 0.70.,DDP,O=C(O)CC(CP1(=O)Oc2ccccc2-c2ccccc21)C(=O)O,0.7,NPDI,O=C(CC(CP1(=O)Oc2ccccc2-c2ccccc21)C(=O)O)OCc1ccc(OP2(Oc3ccc(COC(=O)CC(CP4(=O)Oc5ccccc5-c5ccccc54)C(=O)O)cc3)=NP(Oc3ccc(COC(=O)CC(CP4(=O)Oc5ccccc5-c5ccccc54)C(=O)O)cc3)(Oc3ccc(COC(=O)CC(CP4(=O)Oc5ccccc5-c5ccccc54)C(=O)O)cc3)=NP(Oc3ccc(COC(=O)CC(CP4(=O)Oc5ccccc5-c5ccccc54)C(=O)O)cc3)(Oc3ccc(COC(=O)CC(CP4(=O)Oc5ccccc5-c5ccccc54)C(=O)O)cc3)=N2)cc1,0.6222222222222222,TGIC-DOPO,O=c1n(CC(O)CP2(=O)Oc3ccccc3-c3ccccc32)c(=O)n(CC(O)CP2(=O)Oc3ccccc3-c3ccccc32)c(=O)n1CC(O)CP1(=O)Oc2ccccc2-c2ccccc21,0.47560975609756095,0.7,True,0.9899579258369425,-1.546268819815991,0.4923442646536895,True,True,True,True,0.12604905290721,0.46692615029764856,0.6392209888318614,0.4412852148377814,0.09801839618675803,0.13841335850341077,0.3583394568439172,0.5286011694327379,0.0,0.0,0.27904928142900653,2.0,False,False,171
355,FORM_001191,PUBCHEM_155282658,"4-Oxo-2-[(6-oxobenzo[c][2,1]benzoxaphosphinin-6-yl)methyl]butanoic acid",pubchem,P-only,PUBLIC_UNVERIFIED,False,True,True,True,True,Candidate,,"4-Oxo-2-[(6-oxobenzo[c][2,1]benzoxaphosphinin-6-yl)methyl]butanoic acid",,DDM,DOPO-based (reactive),1,0,P-only,100.00%,0.00%,O=CCC(CP1(=O)Oc2ccccc2-c2ccccc21)C(=O)O,,NC1=CC=C(CC2=CC=C(N)C=C2)C=C1,10.0,0.937821700638254,0.0,0.0,0.0,0.0,0.0,0.0,0.0,0.0,1,0,0,0,0,1,0,0,0,0,0,160.0,3.2,,24.7,,3.0,,,3.0,35.0,,1149.8,,,93.5,,,164.0,,,16.0,,,59.0,,,105.1,,,,,Virtual screening scenario,,,,,,,,,,,,,,,,,,,,,,,,,,,,,,,,31.239892044550807,24.83347925204767,37.64630483705395,12.812825585006273,True,GBDT,compact,260,691.1192921529308,160.913035956591,1221.3255483492708,1060.4125123926797,True,GBDT,compact,330,75.0738076596375,44.54905457148466,105.59856074779033,61.04950617630567,True,GBDT,descriptors,30,0.6415048371173324,1,0.9199055242895889,ExtraTrees,morgan_r3,ALL,154.10028076171875,126.90386962890625,181.29669189453125,54.392822265625,True,XGB,morgan_r3,270,57.64275142981446,33.54383574646599,81.74166711316293,48.197831366696946,True,GBDT,compact,140,1188,True,O=CCC(CP1(=O)Oc2ccccc2-c2ccccc21)C(=O)O,O=[PH]1Oc2ccccc2-c2ccccc21,0.71875,True,In_domain,Maximum Tanimoto >= 0.70.,DDP,O=C(O)CC(CP1(=O)Oc2ccccc2-c2ccccc21)C(=O)O,0.71875,TGIC-DOPO,O=c1n(CC(O)CP2(=O)Oc3ccccc3-c3ccccc32)c(=O)n(CC(O)CP2(=O)Oc3ccccc3-c3ccccc32)c(=O)n1CC(O)CP1(=O)Oc2ccccc2-c2ccccc21,0.5342465753424658,ITA-HBP,CC(O)CN(CC(C)O)C(=O)CC(C=O)CP1(=O)Oc2ccccc2-c2ccccc21,0.5121951219512195,0.71875,True,0.9866509207149314,-1.5451123327997454,0.17418988889675388,True,True,True,True,0.08626902129616891,0.5992888880071674,0.5500510286617878,0.4678690087077141,0.10196513063528853,0.0,0.35089210239809654,0.5057274921939634,0.0,0.0,0.27503297856900205,2.0,False,False,172
356,FORM_001176,PUBCHEM_163498952,"4-Iodooxy-4-oxo-3-[(6-oxobenzo[c][2,1]benzoxaphosphinin-6-yl)methyl]butanoic acid",pubchem,P-only,PUBLIC_UNVERIFIED,False,True,True,True,True,Candidate,,"4-Iodooxy-4-oxo-3-[(6-oxobenzo[c][2,1]benzoxaphosphinin-6-yl)methyl]butanoic acid",,DDM,DOPO-based (reactive),1,0,P-only,100.00%,0.00%,O=C(O)CC(CP1(=O)Oc2ccccc2-c2ccccc21)C(=O)OI,,NC1=CC=C(CC2=CC=C(N)C=C2)C=C1,10.0,0.6559911557465409,0.0,0.0,0.0,0.0,0.0,0.0,0.0,0.0,1,0,0,0,0,1,0,0,0,0,0,160.0,3.2,,24.7,,3.0,,,3.0,35.0,,1149.8,,,93.5,,,164.0,,,16.0,,,59.0,,,105.1,,,,,Virtual screening scenario,,,,,,,,,,,,,,,,,,,,,,,,,,,,,,,,31.22934146745308,24.822928674949942,37.635754259956215,12.812825585006273,True,GBDT,compact,260,688.8164564836082,158.6102002872684,1219.0227126799482,1060.4125123926797,True,GBDT,compact,330,76.24378845992624,45.7190353717734,106.76854154807907,61.04950617630567,True,GBDT,descriptors,30,0.6355074116486844,1,0.9265509655530959,ExtraTrees,morgan_r3,ALL,157.0205535888672,129.8241424560547,184.2169647216797,54.392822265625,True,XGB,morgan_r3,270,59.52083124706376,35.42191556371529,83.61974693041223,48.197831366696946,True,GBDT,compact,140,1173,True,O=C(O)CC(CP1(=O)Oc2ccccc2-c2ccccc21)C(=O)OI,O=[PH]1Oc2ccccc2-c2ccccc21,0.7272727272727273,True,In_domain,Maximum Tanimoto >= 0.70.,DDP,O=C(O)CC(CP1(=O)Oc2ccccc2-c2ccccc21)C(=O)O,0.7272727272727273,TGIC-DOPO,O=c1n(CC(O)CP2(=O)Oc3ccccc3-c3ccccc32)c(=O)n(CC(O)CP2(=O)Oc3ccccc3-c3ccccc32)c(=O)n1CC(O)CP1(=O)Oc2ccccc2-c2ccccc21,0.5064935064935064,NPDI,O=C(CC(CP1(=O)Oc2ccccc2-c2ccccc21)C(=O)O)OCc1ccc(OP2(Oc3ccc(COC(=O)CC(CP4(=O)Oc5ccccc5-c5ccccc54)C(=O)O)cc3)=NP(Oc3ccc(COC(=O)CC(CP4(=O)Oc5ccccc5-c5ccccc54)C(=O)O)cc3)(Oc3ccc(COC(=O)CC(CP4(=O)Oc5ccccc5-c5ccccc54)C(=O)O)cc3)=NP(Oc3ccc(COC(=O)CC(CP4(=O)Oc5ccccc5-c5ccccc54)C(=O)O)cc3)(Oc3ccc(COC(=O)CC(CP4(=O)Oc5ccccc5-c5ccccc54)C(=O)O)cc3)=N2)cc1,0.5,0.7272727272727273,True,0.9877584942588493,-1.6115003519920212,0.2295841885612745,True,True,True,True,0.08509747968053682,0.557002789384097,0.5550339178716102,0.4191558430571104,0.18364093934669767,0.07418985009310512,0.3490410849426512,0.5133882846109935,0.0,0.0,0.27203284225100216,2.0,False,False,173
368,FORM_001129,PUBCHEM_57954013,"[4-[4-(6-Oxobenzo[c][2,1]benzoxaphosphinin-6-yl)-2,4-dihydro-1,3-benzoxazin-3-yl]phenyl] acetate",pubchem,P-N,PUBLIC_UNVERIFIED,False,True,True,True,True,Candidate,,"[4-[4-(6-Oxobenzo[c][2,1]benzoxaphosphinin-6-yl)-2,4-dihydro-1,3-benzoxazin-3-yl]phenyl] acetate",,DDM,DOPO-based (additive),0,1,P-N,100.00%,0.00%,CC(=O)Oc1ccc(N2COc3ccccc3C2P2(=O)Oc3ccccc3-c3ccccc32)cc1,,NC1=CC=C(CC2=CC=C(N)C=C2)C=C1,3.42,0.2191103297066974,0.0990856327307326,0.0,0.0,0.0,0.4522179892813328,0.0,0.0,0.0,1,1,0,0,0,1,0,0,0,0,0,160.0,3.2,,24.8,,3.2,,,3.0,35.0,,1184.0,,,87.2,,,159.0,,,17.0,,,62.6,,,97.55,,,,,Virtual screening scenario,,,,,,,,,,,,,,,,,,,,,,,,,,,,,,,,32.49849732238021,26.092084529877074,38.90491011488335,12.812825585006273,True,GBDT,compact,260,978.9439584253544,448.73770222901453,1509.1502146216942,1060.4125123926797,True,GBDT,compact,330,69.67351182054647,39.14875873239363,100.1982649086993,61.04950617630567,True,GBDT,descriptors,30,0.5650828870121218,1,0.9830568712726695,ExtraTrees,morgan_r3,ALL,156.9662628173828,129.7698516845703,184.1626739501953,54.392822265625,True,XGB,morgan_r3,270,76.37970010018378,52.28078441683531,100.47861578353226,48.197831366696946,True,GBDT,compact,140,1128,True,CC(=O)Oc1ccc(N2COc3ccccc3C2P2(=O)Oc3ccccc3-c3ccccc32)cc1,O=P1(C2c3ccccc3OCN2c2ccccc2)Oc2ccccc2-c2ccccc21,0.7558139534883721,True,In_domain,Maximum Tanimoto >= 0.70.,DOPOBH,O=P1(C2c3ccccc3OCN2c2ccc(O)cc2)Oc2ccccc2-c2ccccc21,0.7558139534883721,SFD-BOZ,O=P1(C2c3ccccc3OCN2Cc2ccco2)Oc2ccccc2-c2ccccc21,0.5,DOPOMAH,O=C1CC(P2(=O)Oc3ccccc3-c3ccccc32)C(=O)O1,0.3617021276595745,0.7558139534883721,True,0.9971761452121116,-0.6921688192876061,0.46998443537582296,True,True,True,True,0.22602521159488154,0.060459996175220555,0.0,0.6927150110583378,0.1821225049643586,0.9882590665588443,0.3128782009180083,0.578527678202667,0.0,0.0,0.2260990491876082,2.0,False,False,174
385,FORM_001147,PUBCHEM_100988953,"[4-(3-Aminobenzoyl)oxy-3-(6-oxobenzo[c][2,1]benzoxaphosphinin-6-yl)phenyl] 3-aminobenzoate",pubchem,P-N,PUBLIC_UNVERIFIED,False,True,True,True,True,Candidate,,"[4-(3-Aminobenzoyl)oxy-3-(6-oxobenzo[c][2,1]benzoxaphosphinin-6-yl)phenyl] 3-aminobenzoate",,DDM,DOPO-based (reactive),1,1,P-N,100.00%,0.00%,Nc1cccc(C(=O)Oc2ccc(OC(=O)c3cccc(N)c3)c(P3(=O)Oc4ccccc4-c4ccccc43)c2)c1,,NC1=CC=C(CC2=CC=C(N)C=C2)C=C1,4.0,0.2202525074753162,0.1992042921293184,0.0,0.0,0.0,0.9044359785626654,0.0,0.0,0.0,1,1,0,0,0,1,0,0,0,0,0,160.0,3.2,,24.7,,3.0,,,3.0,35.0,,1149.8,,,93.5,,,164.0,,,16.0,,,59.0,,,105.1,,,,,Virtual screening scenario,,,,,,,,,,,,,,,,,,,,,,,,,,,,,,,,31.47453326641764,25.068120473914504,37.88094605892078,12.812825585006273,True,GBDT,compact,260,888.4464225026775,358.24016630633764,1418.6526786990173,1060.4125123926797,True,GBDT,compact,330,83.30452863410382,52.77977554595098,113.82928172225665,61.04950617630567,True,GBDT,descriptors,30,0.583943142948276,1,0.9718141950078613,ExtraTrees,morgan_r3,ALL,166.08494567871094,138.88853454589844,193.28135681152344,54.392822265625,True,XGB,morgan_r3,270,64.6390984131474,40.54018272979892,88.73801409649587,48.197831366696946,True,GBDT,compact,140,1146,True,Nc1cccc(C(=O)Oc2ccc(OC(=O)c3cccc(N)c3)c(P3(=O)Oc4ccccc4-c4ccccc43)c2)c1,O=C(Oc1ccc(OC(=O)c2ccccc2)c(P2(=O)Oc3ccccc3-c3ccccc32)c1)c1ccccc1,0.7411764705882353,True,In_domain,Maximum Tanimoto >= 0.70.,DOPO-HQ-AE,O=C(Oc1ccc(OC(=O)c2ccccc2)c(P2(=O)Oc3ccccc3-c3ccccc32)c1)c1ccccc1,0.7411764705882353,TGIC-DOPO,O=c1n(CC(O)CP2(=O)Oc3ccccc3-c3ccccc32)c(=O)n(CC(O)CP2(=O)Oc3ccccc3-c3ccccc32)c(=O)n1CC(O)CP1(=O)Oc2ccccc2-c2ccccc21,0.2912621359223301,Trif-D,COc1cc(C(O)P2(=O)Oc3ccccc3-c3ccccc32)ccc1Oc1nc(Oc2ccc(C(O)P3(=O)Oc4ccccc4-c4ccccc43)cc2OC)nc(Oc2ccc(C(O)P3(=O)Oc4ccccc4-c4ccccc43)cc2OC)n1,0.2894736842105263,0.7411764705882353,True,0.9953023658346436,-0.4974342054867603,0.6339330243316065,True,True,True,True,0.11232370566210287,0.19343816268044747,0.12307343676344262,0.12517580027717734,0.43715888038723066,0.3516966329576363,0.18968777241112075,0.5655672432727048,0.0,0.0,0.10485268592021503,2.0,False,False,175
388,FORM_000240,CAND_R2_080,TDCA-DOPO-2-triethoxysilyl,designed,P-Si,B,True,True,True,True,True,Candidate,,TDCA-DOPO-2-triethoxysilyl,,DDS,DOPO-based (Additive + Secondary Crosslinking),3,1,P-Si,100.00%,0.00%,CCO[Si](OCC)(OCC)c1ccc(P(=O)(OC(c2ccc(C(OP(=O)(c3ccccc3)c3ccccc3)P3(=O)Oc4ccccc4-c4ccccc43)cc2)P2(=O)Oc3ccccc3-c3ccccc32)c2ccccc2)cc1,,NC1=CC=C(C=C1)S(=O)(=O)C1=CC=C(N)C=C1,10.0,1.0972977616705677,0.0,0.0,0.0,0.248746569173174,0.0,0.0,0.0,0.226690127203461,1,0,0,0,1,1,1,0,0,0,0,250.0,4.0,,22.4,,3.0,,,4.0,35.0,,867.99,,,114.145,,,180.0,,,16.9,,,52.14,,,95.65,,,,,Virtual screening scenario,,,,,,,,,,,,,,,,,,,,,,,,,,,,,,,,41.65064612882486,35.24423333632173,48.05705892132799,12.812825585006273,True,GBDT,compact,260,309.943606540998,-220.26264965534182,840.1498627373378,1060.4125123926797,True,GBDT,compact,330,76.94077449599645,46.416021407843616,107.46552758414929,61.04950617630567,True,GBDT,descriptors,30,0.6559346223971778,1,0.9027375741513983,ExtraTrees,morgan_r3,ALL,168.3857879638672,141.1893768310547,195.5821990966797,54.392822265625,True,XGB,morgan_r3,270,53.797282556356315,29.698366873007842,77.89619823970479,48.197831366696946,True,GBDT,compact,140,237,True,CCO[Si](OCC)(OCC)c1ccc(P(=O)(OC(c2ccc(C(OP(=O)(c3ccccc3)c3ccccc3)P3(=O)Oc4ccccc4-c4ccccc43)cc2)P2(=O)Oc3ccccc3-c3ccccc32)c2ccccc2)cc1,O=P(OC(c1ccc(C(OP(=O)(c2ccccc2)c2ccccc2)P2(=O)Oc3ccccc3-c3ccccc32)cc1)P1(=O)Oc2ccccc2-c2ccccc21)(c1ccccc1)c1ccccc1,0.7530864197530864,True,In_domain,Maximum Tanimoto >= 0.70.,TDCA-DOPO-2,O=P(OC(c1ccc(C(OP(=O)(c2ccccc2)c2ccccc2)P2(=O)Oc3ccccc3-c3ccccc32)cc1)P1(=O)Oc2ccccc2-c2ccccc21)(c1ccccc1)c1ccccc1,0.7530864197530864,TDCA-DOPO-3,O=P(Oc1ccccc1)(Oc1ccccc1)OC(c1ccc(C(OP(=O)(Oc2ccccc2)Oc2ccccc2)P2(=O)Oc3ccccc3-c3ccccc32)cc1)P1(=O)Oc2ccccc2-c2ccccc21,0.5208333333333334,TDCA-DOPO-1,O=P1(C(OP(c2ccccc2)c2ccccc2)c2ccc(C(OP(c3ccccc3)c3ccccc3)P3(=O)Oc4ccccc4-c4ccccc43)cc2)Oc2ccccc2-c2ccccc21,0.4639175257731959,0.7530864197530864,True,0.9837895956918997,0.9920681707429151,-1.7493795425421497,True,True,True,True,1.0,0.7010290974758854,1.0,0.390136224766907,0.5015101124401087,0.0,0.6683840756925693,0.4859364659822299,0.0,0.0,0.5954936057952348,3.0,False,False,176
389,FORM_000780,CAND_R2_267,TDCA-DOPO-3-triethoxysilyl,designed,P-Si,B,True,True,True,True,True,Candidate,,TDCA-DOPO-3-triethoxysilyl,,DDS,DOPO-based (Additive + Secondary Crosslinking),3,1,P-Si,100.00%,0.00%,CCO[Si](OCC)(OCC)c1ccc(OP(=O)(Oc2ccccc2)OC(c2ccc(C(OP(=O)(Oc3ccccc3)Oc3ccccc3)P3(=O)Oc4ccccc4-c4ccccc43)cc2)P2(=O)Oc3ccccc3-c3ccccc32)cc1,,NC1=CC=C(C=C1)S(=O)(=O)C1=CC=C(N)C=C1,10.0,1.0384402944605509,0.0,0.0,0.0,0.2354041624444617,0.0,0.0,0.0,0.2266901272034609,1,0,0,0,1,1,1,0,0,0,0,250.0,4.0,,22.4,,3.0,,,4.0,35.0,,867.99,,,114.145,,,180.0,,,16.9,,,52.14,,,95.65,,,,,Virtual screening scenario,,,,,,,,,,,,,,,,,,,,,,,,,,,,,,,,41.38512178966874,34.9787089971656,47.79153458217188,12.812825585006273,True,GBDT,compact,260,323.96765047495944,-206.2386057213804,854.1739066712993,1060.4125123926797,True,GBDT,compact,330,76.94077449599645,46.416021407843616,107.46552758414929,61.04950617630567,True,GBDT,descriptors,30,0.6479987279427333,1,0.9123855061093313,ExtraTrees,morgan_r3,ALL,170.4246826171875,143.228271484375,197.62109375,54.392822265625,True,XGB,morgan_r3,270,54.4412418885868,30.34232620523833,78.54015757193528,48.197831366696946,True,GBDT,compact,140,777,True,CCO[Si](OCC)(OCC)c1ccc(OP(=O)(Oc2ccccc2)OC(c2ccc(C(OP(=O)(Oc3ccccc3)Oc3ccccc3)P3(=O)Oc4ccccc4-c4ccccc43)cc2)P2(=O)Oc3ccccc3-c3ccccc32)cc1,O=P(Oc1ccccc1)(Oc1ccccc1)OC(c1ccc(C(OP(=O)(Oc2ccccc2)Oc2ccccc2)P2(=O)Oc3ccccc3-c3ccccc32)cc1)P1(=O)Oc2ccccc2-c2ccccc21,0.7647058823529411,True,In_domain,Maximum Tanimoto >= 0.70.,TDCA-DOPO-3,O=P(Oc1ccccc1)(Oc1ccccc1)OC(c1ccc(C(OP(=O)(Oc2ccccc2)Oc2ccccc2)P2(=O)Oc3ccccc3-c3ccccc32)cc1)P1(=O)Oc2ccccc2-c2ccccc21,0.7647058823529411,TDCA-DOPO-2,O=P(OC(c1ccc(C(OP(=O)(c2ccccc2)c2ccccc2)P2(=O)Oc3ccccc3-c3ccccc32)cc1)P1(=O)Oc2ccccc2-c2ccccc21)(c1ccccc1)c1ccccc1,0.5208333333333334,TDCA-DOPO-1,O=P1(C(OP(c2ccccc2)c2ccccc2)c2ccc(C(OP(c3ccccc3)c3ccccc3)P3(=O)Oc4ccccc4-c4ccccc43)cc2)Oc2ccccc2-c2ccccc21,0.44554455445544555,0.7647058823529411,True,0.9853975843515551,1.2415978347714758,-1.3803360378855447,True,True,True,True,1.0,0.6450754191322063,1.0,0.390136224766907,0.5585350479663947,0.0,0.6628958335764621,0.49705849701863863,0.0,0.0,0.5883370590236663,3.0,False,False,177
391,FORM_000579,CAND_R2_198,DSD-NH-hydroxyethyl,designed,P-N-S,B,True,True,True,True,True,Candidate,,DSD-NH-hydroxyethyl,,DDM,DOPO-based (additive),0,1,P-N-S,100.00%,0.00%,O=P1(C(Nc2ccc(S(=O)(=O)c3ccc(N(CCO)C(c4ccccc4O)P4(=O)Oc5ccccc5-c5ccccc54)cc3)cc2)c2ccccc2O)Oc2ccccc2-c2ccccc21,,NC1=CC=C(CC2=CC=C(N)C=C2)C=C1,10.0,0.6640169445016122,0.3002804074912533,0.3437242745420868,0.0,0.0,0.4522179892813326,0.5176438303092915,0.0,0.0,1,1,1,0,0,1,0,0,0,0,0,160.0,3.2,,24.8,,3.2,,,3.0,35.0,,1184.0,,,87.2,,,159.0,,,17.0,,,62.6,,,97.55,,,,,Virtual screening scenario,,,,,,,,,,,,,,,,,,,,,,,,,,,,,,,,34.125903473488485,27.71949068098535,40.532316265991625,12.812825585006273,True,GBDT,compact,260,754.4810963927246,224.27484019638473,1284.6873525890644,1060.4125123926797,True,GBDT,compact,330,63.73328025153899,33.20852716338616,94.25803333969182,61.04950617630567,True,GBDT,descriptors,30,0.6909496447701953,1,0.854152932648545,ExtraTrees,morgan_r3,ALL,154.005126953125,126.8087158203125,181.2015380859375,54.392822265625,True,XGB,morgan_r3,270,73.32557769421066,49.22666201086219,97.42449337755914,48.197831366696946,True,GBDT,compact,140,576,True,O=P1(C(Nc2ccc(S(=O)(=O)c3ccc(N(CCO)C(c4ccccc4O)P4(=O)Oc5ccccc5-c5ccccc54)cc3)cc2)c2ccccc2O)Oc2ccccc2-c2ccccc21,O=P1(C(Nc2ccc(S(=O)(=O)c3ccc(NC(c4ccccc4)P4(=O)Oc5ccccc5-c5ccccc54)cc3)cc2)c2ccccc2)Oc2ccccc2-c2ccccc21,0.7216494845360825,True,In_domain,Maximum Tanimoto >= 0.70.,DSD,O=P1(C(Nc2ccc(S(=O)(=O)c3ccc(NC(c4ccccc4O)P4(=O)Oc5ccccc5-c5ccccc54)cc3)cc2)c2ccccc2O)Oc2ccccc2-c2ccccc21,0.7216494845360825,DOPO-DDS,O=P1(C(Nc2ccc(S(=O)(=O)c3ccc(NC(c4ccc(O)cc4)P4(=O)Oc5ccccc5-c5ccccc54)cc3)cc2)c2ccc(O)cc2)Oc2ccccc2-c2ccccc21,0.5181818181818182,TBO,O=P1(C(Nc2n[nH]c(NC(c3ccccc3O)P3(=O)Oc4ccccc4-c4ccccc43)n2)c2ccccc2O)Oc2ccccc2-c2ccccc21,0.46153846153846156,0.7216494845360825,True,0.9756921554414242,2.533523233643766,-0.8624483633543556,True,True,True,True,0.40673324433079044,0.9479098127252261,0.4129483882661651,0.9400417059516152,0.09930381618664708,0.8226679288057526,0.6337238047539994,0.4299286196330218,0.0,0.0,0.569234511809046,3.0,False,False,178
396,FORM_000813,CAND_R2_278,Ti-POSS-bisDOPO-trimethoxysilyl,designed,P-N-Si,B,True,True,True,True,True,Candidate,,Ti-POSS-bisDOPO-trimethoxysilyl,,DDS,DOPO-based (Additive + Secondary Crosslinking),3,1,P-N-Si,100.00%,0.00%,CO[Si](OC)(OC)c1ccc2c(c1)-c1ccccc1P(=O)(CN(CCC[Si@]13O[Si@@]4(CC(C)C)O[Si@@]5(CC(C)C)O[Si@](CC(C)C)(O4)O[Si@@]4(CC(C)C)O[Si@@](CC(C)C)(O[Ti](OC(C)C)(O5)O[Si@@](CC(C)C)(O1)O4)O3)CP1(=O)Oc3ccccc3-c3ccccc31)O2,,NC1=CC=C(C=C1)S(=O)(=O)C1=CC=C(N)C=C1,10.0,0.4205855255519897,0.0950981703429766,0.0,0.0,1.5254813805970402,0.2261089946406663,0.0,0.0,3.627042035255375,1,1,0,0,1,1,1,0,0,0,0,250.0,4.0,,22.4,,3.0,,,4.0,35.0,,867.99,,,114.145,,,180.0,,,16.9,,,52.14,,,95.65,,,,,Virtual screening scenario,,,,,,,,,,,,,,,,,,,,,,,,,,,,,,,,39.69061185377619,33.28419906127306,46.09702464627932,12.812825585006273,True,GBDT,compact,260,358.3655163098929,-171.84073988644695,888.5717725062327,1060.4125123926797,True,GBDT,compact,330,83.56592010754451,53.04116701939168,114.09067319569735,61.04950617630567,True,GBDT,descriptors,30,0.6264952663278475,1,0.9359957903865878,ExtraTrees,morgan_r3,ALL,187.66737365722656,160.47096252441406,214.86378479003906,54.392822265625,True,XGB,morgan_r3,270,58.19605109687683,34.097135413528356,82.29496678022531,48.197831366696946,True,GBDT,compact,140,810,True,CO[Si](OC)(OC)c1ccc2c(c1)-c1ccccc1P(=O)(CN(CCC[Si@]13O[Si@@]4(CC(C)C)O[Si@@]5(CC(C)C)O[Si@](CC(C)C)(O4)O[Si@@]4(CC(C)C)O[Si@@](CC(C)C)(O[Ti](OC(C)C)(O5)O[Si@@](CC(C)C)(O1)O4)O3)CP1(=O)Oc3ccccc3-c3ccccc31)O2,O=P1(CN(CCC[Si]23O[SiH]4O[SiH]5O[SiH]6O[SiH](O[Ti](O[SiH](O5)O4)O[SiH](O6)O2)O3)CP2(=O)Oc3ccccc3-c3ccccc32)Oc2ccccc2-c2ccccc21,0.8073394495412844,True,In_domain,Maximum Tanimoto >= 0.70.,Ti-POSS-bisDOPO,CC(C)C[Si@]12O[Si@@]3(CC(C)C)O[Si@@](CC(C)C)(O1)O[Si@]1(CC(C)C)O[Si@@]4(CC(C)C)O[Ti](OC(C)C)(O2)O[Si@@](CC(C)C)(O[Si@@](CCCN(CP2(=O)Oc5ccccc5-c5ccccc52)CP2(=O)Oc5ccccc5-c5ccccc52)(O3)O4)O1,0.8073394495412844,Zr-POSS-bisDOPO,CCCCO[Zr]12O[Si]3(CCCN(CP4(=O)Oc5ccccc5-c5ccccc54)CP4(=O)Oc5ccccc5-c5ccccc54)O[Si]4(CC(C)C)O[Si]5(CC(C)C)O[Si](CC(C)C)(O3)O[Si](CC(C)C)(O[Si](CC(C)C)(O5)O[Si](CC(C)C)(O4)O1)O2,0.5112781954887218,PDC,CC(C)C[Si]12O[Si]3(CCCNC(c4ccc(O)c(O)c4)P4(=O)Oc5ccccc5-c5ccccc54)O[Si]4(CC(C)C)O[Si](CC(C)C)(O1)O[Si]1(CC(C)C)O[Si](CC(C)C)(O2)O[Si](CC(C)C)(O3)O[Si](CC(C)C)(O4)O1,0.3333333333333333,0.8073394495412844,True,0.9893326317310979,-2.11879146854445,0.24136466913347898,True,True,True,True,1.0,0.4934607799277858,1.0,0.11429253950723184,1.0,0.0023617360944231864,0.6217868374964459,0.5242761759632087,0.0,0.0,0.5431454111019646,3.0,False,False,179
397,FORM_000588,CAND_R2_203,DOPO-PPO-hydroxy,designed,P-only,B,True,True,True,True,True,Candidate,,DOPO-PPO-hydroxy,,DDM,DOPO-based (additive),0,0,P-only,100.00%,0.00%,O=P(Oc1ccc(C(O)P2(=O)Oc3ccccc3-c3ccccc32)cc1)(Oc1ccc(C(O)P2(=O)Oc3ccccc3-c3ccccc32)cc1)c1ccc(O)cc1,,NC1=CC=C(CC2=CC=C(N)C=C2)C=C1,10.0,1.1406230820219476,0.0,0.0,0.0,0.0,0.0,0.0,0.0,0.0,1,0,0,0,0,1,0,0,0,0,0,160.0,3.2,,24.8,,3.2,,,3.0,35.0,,1184.0,,,87.2,,,159.0,,,17.0,,,62.6,,,97.55,,,,,Virtual screening scenario,,,,,,,,,,,,,,,,,,,,,,,,,,,,,,,,33.111558041552776,26.70514524904964,39.517970834055916,12.812825585006273,True,GBDT,compact,260,579.4045752263793,49.19831903003944,1109.610831422719,1060.4125123926797,True,GBDT,compact,330,57.518244745483415,26.99349165733058,88.04299783363625,61.04950617630567,True,GBDT,descriptors,30,0.6470178588042008,1,0.9135429967705123,ExtraTrees,morgan_r3,ALL,152.11834716796875,124.92193603515625,179.31475830078125,54.392822265625,True,XGB,morgan_r3,270,70.64477494228002,46.54585925893155,94.74369062562849,48.197831366696946,True,GBDT,compact,140,585,True,O=P(Oc1ccc(C(O)P2(=O)Oc3ccccc3-c3ccccc32)cc1)(Oc1ccc(C(O)P2(=O)Oc3ccccc3-c3ccccc32)cc1)c1ccc(O)cc1,O=P1(Cc2ccc(OP(=O)(Oc3ccc(CP4(=O)Oc5ccccc5-c5ccccc54)cc3)c3ccccc3)cc2)Oc2ccccc2-c2ccccc21,0.8076923076923077,True,In_domain,Maximum Tanimoto >= 0.70.,DOPO-PPO,O=P(Oc1ccc(C(O)P2(=O)Oc3ccccc3-c3ccccc32)cc1)(Oc1ccc(C(O)P2(=O)Oc3ccccc3-c3ccccc32)cc1)c1ccccc1,0.8076923076923077,DOPO-PHBA,O=P1(C(O)c2ccc(O)cc2)Oc2ccccc2-c2ccccc21,0.6891891891891891,Trif-DOPO,O=P1(C(O)c2ccc(Oc3nc(Oc4ccc(C(O)P5(=O)Oc6ccccc6-c6ccccc65)cc4)nc(Oc4ccc(C(O)P5(=O)Oc6ccccc6-c6ccccc65)cc4)n3)cc2)Oc2ccccc2-c2ccccc21,0.5882352941176471,0.8076923076923077,True,0.985590499461752,1.7791109808252445,-1.5829448069977528,True,True,True,True,0.2940997954557638,0.6381595967772418,0.7917799826498197,1.0,0.04653331358828066,0.67731776965181,0.6171929833005743,0.4983928396647248,0.0,0.0,0.5424340573508656,3.0,False,False,180
404,FORM_000486,CAND_R2_167,DTB-OH-acetyl-2,designed,P-N-B,B,True,True,True,True,True,Candidate,,DTB-OH-acetyl-2,,DDM,DOPO-based (additive),0,1,P-N-B,100.00%,0.00%,CCC(O)Cn1c(=O)n(CC(O)CP2(=O)Oc3ccccc3-c3ccccc32)c(=O)n(CC(COB(O)OC)OC(C)=O)c1=O,,NC1=CC=C(CC2=CC=C(N)C=C2)C=C1,10.0,0.47844938776582,0.6490902603250315,0.0,0.1670108730071687,0.0,1.3566539678439984,0.0,0.3490669593852908,0.0,1,1,0,1,0,1,0,0,0,0,0,160.0,3.2,,24.8,,3.2,,,3.0,35.0,,1184.0,,,87.2,,,159.0,,,17.0,,,62.6,,,97.55,,,,,Virtual screening scenario,,,,,,,,,,,,,,,,,,,,,,,,,,,,,,,,34.26864547291364,27.862232680410504,40.67505826541678,12.812825585006273,True,GBDT,compact,260,656.2314676769952,126.02521148065534,1186.437723873335,1060.4125123926797,True,GBDT,compact,330,67.43527618430716,36.91052309615432,97.96002927245999,61.04950617630567,True,GBDT,descriptors,30,0.6294417668817693,1,0.9329793159461027,ExtraTrees,morgan_r3,ALL,153.831298828125,126.6348876953125,181.0277099609375,54.392822265625,True,XGB,morgan_r3,270,73.04160157038541,48.94268588703694,97.14051725373389,48.197831366696946,True,GBDT,compact,140,483,True,CCC(O)Cn1c(=O)n(CC(O)CP2(=O)Oc3ccccc3-c3ccccc32)c(=O)n(CC(COB(O)OC)OC(C)=O)c1=O,O=c1[nH]c(=O)n(CCCP2(=O)Oc3ccccc3-c3ccccc32)c(=O)[nH]1,0.7708333333333334,True,In_domain,Maximum Tanimoto >= 0.70.,DTB,CCC(O)Cn1c(=O)n(CC(O)COB(O)OC)c(=O)n(CC(O)CP2(=O)Oc3ccccc3-c3ccccc32)c1=O,0.7708333333333334,TGIC-DOPO,O=c1n(CC(O)CP2(=O)Oc3ccccc3-c3ccccc32)c(=O)n(CC(O)CP2(=O)Oc3ccccc3-c3ccccc32)c(=O)n1CC(O)CP1(=O)Oc2ccccc2-c2ccccc21,0.6222222222222222,TDA,CCO[Si](CCCNCC(O)Cn1c(=O)n(CC(O)CNCCC[Si](OCC)(OCC)OCC)c(=O)n(CC(O)CP2(=O)Oc3ccccc3-c3ccccc32)c1=O)(OCC)OCC,0.5130434782608696,0.7708333333333334,True,0.9888298859910171,-4.417558137553494,-0.6855557558350424,True,True,True,True,0.4225833908276214,0.5142356963760863,0.6255415060984414,0.7859058935807702,0.0944420948590455,0.8072710575647801,0.5598246126189664,0.5207988170334515,0.0,0.0,0.48170479006394873,3.0,False,False,181
406,FORM_001221,PUBCHEM_87066003,"6-[3-(6-Oxobenzo[c][2,1]benzoxaphosphinin-6-yl)propyl]benzo[c][2,1]benzoxaphosphinine 6-oxide",pubchem,P-only,PUBLIC_UNVERIFIED,False,True,True,True,True,Candidate,,"6-[3-(6-Oxobenzo[c][2,1]benzoxaphosphinin-6-yl)propyl]benzo[c][2,1]benzoxaphosphinine 6-oxide",,DDM,DOPO-based (additive),0,0,P-only,100.00%,0.00%,O=P1(CCCP2(=O)Oc3ccccc3-c3ccccc32)Oc2ccccc2-c2ccccc21,,NC1=CC=C(CC2=CC=C(N)C=C2)C=C1,10.0,1.3112991276774542,0.0,0.0,0.0,0.0,0.0,0.0,0.0,0.0,1,0,0,0,0,1,0,0,0,0,0,160.0,3.2,,24.8,,3.2,,,3.0,35.0,,1184.0,,,87.2,,,159.0,,,17.0,,,62.6,,,97.55,,,,,Virtual screening scenario,,,,,,,,,,,,,,,,,,,,,,,,,,,,,,,,31.664289825852997,25.25787703334986,38.07070261835614,12.812825585006273,True,GBDT,compact,260,648.3158241184792,118.10956792213938,1178.522080314819,1060.4125123926797,True,GBDT,compact,330,55.7715348751646,25.246781787011763,86.29628796331744,61.04950617630567,True,GBDT,descriptors,30,0.6426075764864031,1,0.9186523165146988,ExtraTrees,morgan_r3,ALL,150.50634765625,123.3099365234375,177.7027587890625,54.392822265625,True,XGB,morgan_r3,270,71.25036930816879,47.15145362482031,95.34928499151727,48.197831366696946,True,GBDT,compact,140,1218,True,O=P1(CCCP2(=O)Oc3ccccc3-c3ccccc32)Oc2ccccc2-c2ccccc21,O=P1(CCCP2(=O)Oc3ccccc3-c3ccccc32)Oc2ccccc2-c2ccccc21,0.7017543859649122,True,In_domain,Maximum Tanimoto >= 0.70.,TAD,O=c1n(CCCP2(=O)Oc3ccccc3-c3ccccc32)c(=O)n(CCCP2(=O)Oc3ccccc3-c3ccccc32)c(=O)n1CCCP1(=O)Oc2ccccc2-c2ccccc21,0.7017543859649122,HP-DOPO,O=P1(CCCc2ccccc2O)Oc2ccccc2-c2ccccc21,0.6451612903225806,DOPO-VTS,CO[Si](CCP1(=O)Oc2ccccc2-c2ccccc21)(OC)OC,0.6379310344827587,0.7017543859649122,True,0.9864420527524498,-1.2576198786986048,0.3630184902398467,True,True,True,True,0.1333943735657148,0.6070639818303137,0.6426694216514136,1.0,0.0014480179480821764,0.7101524261371746,0.5477855998180141,0.504282807900151,0.0,0.0,0.4721431786329915,3.0,False,False,182
411,FORM_000498,CAND_R2_171,DTB-OH-allyl-2,designed,P-N-B,B,True,True,True,True,True,Candidate,,DTB-OH-allyl-2,,DDM,DOPO-based (additive),0,1,P-N-B,100.00%,0.00%,C=CCOC(COB(O)OC)Cn1c(=O)n(CC(O)CC)c(=O)n(CC(O)CP2(=O)Oc3ccccc3-c3ccccc32)c1=O,,NC1=CC=C(CC2=CC=C(N)C=C2)C=C1,10.0,0.4799112503505517,0.6510735020010503,0.0,0.1675211609346602,0.0,1.356653967843998,0.0,0.3490669593852908,0.0,1,1,0,1,0,1,0,0,0,0,0,160.0,3.2,,24.8,,3.2,,,3.0,35.0,,1184.0,,,87.2,,,159.0,,,17.0,,,62.6,,,97.55,,,,,Virtual screening scenario,,,,,,,,,,,,,,,,,,,,,,,,,,,,,,,,33.82057520214039,27.414162409637253,40.22698799464352,12.812825585006273,True,GBDT,compact,260,715.7401321757748,185.53387597943492,1245.9463883721146,1060.4125123926797,True,GBDT,compact,330,67.43527618430716,36.91052309615432,97.96002927245999,61.04950617630567,True,GBDT,descriptors,30,0.6343679246844706,1,0.9277810432639538,ExtraTrees,morgan_r3,ALL,154.82955932617188,127.63314819335938,182.02597045898438,54.392822265625,True,XGB,morgan_r3,270,73.22149096172365,49.12257527837517,97.32040664507213,48.197831366696946,True,GBDT,compact,140,495,True,C=CCOC(COB(O)OC)Cn1c(=O)n(CC(O)CC)c(=O)n(CC(O)CP2(=O)Oc3ccccc3-c3ccccc32)c1=O,O=c1[nH]c(=O)n(CCCP2(=O)Oc3ccccc3-c3ccccc32)c(=O)[nH]1,0.7474747474747475,True,In_domain,Maximum Tanimoto >= 0.70.,DTB,CCC(O)Cn1c(=O)n(CC(O)COB(O)OC)c(=O)n(CC(O)CP2(=O)Oc3ccccc3-c3ccccc32)c1=O,0.7474747474747475,TGIC-DOPO,O=c1n(CC(O)CP2(=O)Oc3ccccc3-c3ccccc32)c(=O)n(CC(O)CP2(=O)Oc3ccccc3-c3ccccc32)c(=O)n1CC(O)CP1(=O)Oc2ccccc2-c2ccccc21,0.6021505376344086,TDA,CCO[Si](CCCNCC(O)Cn1c(=O)n(CC(O)CNCCC[Si](OCC)(OCC)OCC)c(=O)n(CC(O)CP2(=O)Oc3ccccc3-c3ccccc32)c1=O)(OCC)OCC,0.5,0.7474747474747475,True,0.987963507210659,-4.31321916642005,-0.5326706215117044,True,True,True,True,0.37282943290891807,0.5489685989801749,0.496776311876338,0.7859058935807702,0.12236199765876025,0.8170244613324718,0.5348346933683634,0.5148063048185373,0.0,0.0,0.4576137476455828,3.0,False,False,183
412,FORM_000315,CAND_R2_105,DOPO-HPM-OH-allyl,designed,P-N,B,True,True,True,True,True,Candidate,,DOPO-HPM-OH-allyl,,DDM,DOPO-based (additive),0,1,P-N,100.00%,0.00%,C=CCOC(COc1ccc(N2C(=O)CC(P3(=O)Oc4ccccc4-c4ccccc43)C2=O)cc1)Cn1c(=O)n(CC2CO2)c(=O)n(CC2CO2)c1=O,,NC1=CC=C(CC2=CC=C(N)C=C2)C=C1,10.0,0.4170582675129733,0.7544050045914921,0.0,0.0,0.0,1.808871957125331,0.0,0.0,0.0,1,1,0,0,0,1,0,0,0,0,0,160.0,3.2,,24.8,,3.2,,,3.0,35.0,,1184.0,,,87.2,,,159.0,,,17.0,,,62.6,,,97.55,,,,,Virtual screening scenario,,,,,,,,,,,,,,,,,,,,,,,,,,,,,,,,33.69260111535092,27.28618832284778,40.09901390785406,12.812825585006273,True,GBDT,compact,260,743.6622253509263,213.45596915458646,1273.8684815472661,1060.4125123926797,True,GBDT,compact,330,64.657721830872,34.13296874271917,95.18247491902484,61.04950617630567,True,GBDT,descriptors,30,0.6199345089750967,1,0.9424628542276098,ExtraTrees,morgan_r3,ALL,159.6036834716797,132.4072723388672,186.8000946044922,54.392822265625,True,XGB,morgan_r3,270,72.70190499414728,48.60298931079881,96.80082067749575,48.197831366696946,True,GBDT,compact,140,312,True,C=CCOC(COc1ccc(N2C(=O)CC(P3(=O)Oc4ccccc4-c4ccccc43)C2=O)cc1)Cn1c(=O)n(CC2CO2)c(=O)n(CC2CO2)c1=O,O=C1CC(P2(=O)Oc3ccccc3-c3ccccc32)C(=O)N1c1ccc(OCCCn2c(=O)n(CC3CO3)c(=O)n(CC3CO3)c2=O)cc1,0.7478260869565218,True,In_domain,Maximum Tanimoto >= 0.70.,DOPO-HPM,O=C1CC(P2(=O)Oc3ccccc3-c3ccccc32)C(=O)N1c1ccc(OCC(O)Cn2c(=O)n(CC3CO3)c(=O)n(CC3CO3)c2=O)cc1,0.7478260869565218,DMT,O=C1CC(P2(=O)Oc3ccccc3-c3ccccc32)C(=O)N1c1ccc(OCC(O)Cn2c(=O)n(CC(O)COc3ccc(N4C(=O)CC(P5(=O)Oc6ccccc6-c6ccccc65)C4=O)cc3)c(=O)n(CC(O)COc3ccc(N4C(=O)CC(P5(=O)Oc6ccccc6-c6ccccc65)C4=O)cc3)c2=O)cc1,0.6379310344827587,DOPO-TMT,O=C1CC(P2(=O)Oc3ccccc3-c3ccccc32)C(=O)N1c1ccc(Oc2nc(Oc3ccc(N4C(=O)CC(P5(=O)Oc6ccccc6-c6ccccc65)C4=O)cc3)nc(Oc3ccc(N4C(=O)CC(P5(=O)Oc6ccccc6-c6ccccc65)C4=O)cc3)n2)cc1,0.5213675213675214,0.7478260869565218,True,0.9904104757046016,-1.910050878139965,0.906475546674286,True,True,True,True,0.35861912317821504,0.4472027924111868,0.436358324326646,0.9015517787859377,0.2558873473617096,0.7888530850434141,0.5332204469809095,0.5317313368275163,0.0,0.0,0.4534607464567821,3.0,False,False,184
420,FORM_001053,CAND_R2_368,TDA-NH-methyl-all,designed,P-N-Si,B,True,True,True,True,True,Candidate,,TDA-NH-methyl-all,,DDM,DOPO-based (additive),0,1,P-N-Si,100.00%,0.00%,CCO[Si](CCCN(C)CC(O)Cn1c(=O)n(CC(O)CN(C)CCC[Si](OCC)(OCC)OCC)c(=O)n(CC(O)CP2(=O)Oc3ccccc3-c3ccccc32)c1=O)(OCC)OCC,,NC1=CC=C(CC2=CC=C(N)C=C2)C=C1,10.0,0.314698707534623,0.7115620837537072,0.0,0.0,0.5707127203343076,2.261089946406664,0.0,0.0,1.813521017627688,1,1,0,0,1,1,0,0,0,0,0,160.0,3.2,,24.8,,3.2,,,3.0,35.0,,1184.0,,,87.2,,,159.0,,,17.0,,,62.6,,,97.55,,,,,Virtual screening scenario,,,,,,,,,,,,,,,,,,,,,,,,,,,,,,,,32.941585738773206,26.53517294627007,39.347998531276346,12.812825585006273,True,GBDT,compact,260,739.0299905004679,208.82373430412804,1269.2362466968077,1060.4125123926797,True,GBDT,compact,330,68.31633751769536,37.791584429542525,98.8410906058482,61.04950617630567,True,GBDT,descriptors,30,0.6344548105267677,1,0.927687615704844,ExtraTrees,morgan_r3,ALL,154.26376342773438,127.06735229492188,181.46017456054688,54.392822265625,True,XGB,morgan_r3,270,72.7987518161879,48.69983613283943,96.89766749953637,48.197831366696946,True,GBDT,compact,140,1050,True,CCO[Si](CCCN(C)CC(O)Cn1c(=O)n(CC(O)CN(C)CCC[Si](OCC)(OCC)OCC)c(=O)n(CC(O)CP2(=O)Oc3ccccc3-c3ccccc32)c1=O)(OCC)OCC,O=c1[nH]c(=O)n(CCCP2(=O)Oc3ccccc3-c3ccccc32)c(=O)[nH]1,0.71,True,In_domain,Maximum Tanimoto >= 0.70.,TDA,CCO[Si](CCCNCC(O)Cn1c(=O)n(CC(O)CNCCC[Si](OCC)(OCC)OCC)c(=O)n(CC(O)CP2(=O)Oc3ccccc3-c3ccccc32)c1=O)(OCC)OCC,0.71,TGIC-DOPO,O=c1n(CC(O)CP2(=O)Oc3ccccc3-c3ccccc32)c(=O)n(CC(O)CP2(=O)Oc3ccccc3-c3ccccc32)c(=O)n1CC(O)CP1(=O)Oc2ccccc2-c2ccccc21,0.6436781609195402,DOPO-Si,CCO[Si](CCCC(O)C(O)CP1(=O)Oc2ccccc2-c2ccccc21)(OCC)OCC,0.5656565656565656,0.71,True,0.9879479359508073,-4.044236162424335,-0.9411479499709104,True,True,True,True,0.27522598178978314,0.5495812057254409,0.44638158102759096,0.7492221405900468,0.10653750443303461,0.79410401258257,0.49414633352813286,0.5146986025444535,0.0,0.0,0.4169415431464648,3.0,False,False,185
427,FORM_001122,PUBCHEM_23578054,"2-[Anilino-(6-oxobenzo[c][2,1]benzoxaphosphinin-6-yl)methyl]phenol",pubchem,P-N,PUBLIC_UNVERIFIED,False,True,True,True,True,Candidate,,"2-[Anilino-(6-oxobenzo[c][2,1]benzoxaphosphinin-6-yl)methyl]phenol",,DDM,DOPO-based (reactive),1,1,P-N,100.00%,0.00%,O=P1(C(Nc2ccccc2)c2ccccc2O)Oc2ccccc2-c2ccccc21,,NC1=CC=C(CC2=CC=C(N)C=C2)C=C1,10.0,0.7492265603645746,0.338813728644237,0.0,0.0,0.0,0.4522179892813328,0.0,0.0,0.0,1,1,0,0,0,1,0,0,0,0,0,160.0,3.2,,24.7,,3.0,,,3.0,35.0,,1149.8,,,93.5,,,164.0,,,16.0,,,59.0,,,105.1,,,,,Virtual screening scenario,,,,,,,,,,,,,,,,,,,,,,,,,,,,,,,,33.345038115723284,26.938625323220148,39.75145090822642,12.812825585006273,True,GBDT,compact,260,750.9119252362962,220.70566903995632,1281.118181432636,1060.4125123926797,True,GBDT,compact,330,76.57307772816205,46.04832464000921,107.09783081631488,61.04950617630567,True,GBDT,descriptors,30,0.6909034220047001,1,0.8542235338675815,ExtraTrees,morgan_r3,ALL,154.563720703125,127.3673095703125,181.7601318359375,54.392822265625,True,XGB,morgan_r3,270,63.80333360208998,39.704417918741505,87.90224928543844,48.197831366696946,True,GBDT,compact,140,1119,True,O=P1(C(Nc2ccccc2)c2ccccc2O)Oc2ccccc2-c2ccccc21,O=P1(C(Nc2ccccc2)c2ccccc2)Oc2ccccc2-c2ccccc21,0.7631578947368421,True,In_domain,Maximum Tanimoto >= 0.70.,DSD,O=P1(C(Nc2ccc(S(=O)(=O)c3ccc(NC(c4ccccc4O)P4(=O)Oc5ccccc5-c5ccccc54)cc3)cc2)c2ccccc2O)Oc2ccccc2-c2ccccc21,0.7631578947368421,DHBAP,O=P1(C(Nc2cnccn2)c2ccccc2O)Oc2ccccc2-c2ccccc21,0.6385542168674698,TBO,O=P1(C(Nc2n[nH]c(NC(c3ccccc3O)P3(=O)Oc4ccccc4-c4ccccc43)n2)c2ccccc2O)Oc2ccccc2-c2ccccc21,0.6235294117647059,0.7631578947368421,True,0.9757039223112636,2.300465691579134,-0.6587103636738278,True,True,True,True,0.3200255453723742,0.9475839094804794,0.4206713815653822,0.405445598695341,0.11492687573377125,0.3063823895971449,0.460876213555807,0.43001000795051375,0.0,0.0,0.39637471236322996,3.0,False,False,186
430,FORM_001119,PUBCHEM_57831606,"2-[(4-Methylanilino)-(6-oxobenzo[c][2,1]benzoxaphosphinin-6-yl)methyl]phenol",pubchem,P-N,PUBLIC_UNVERIFIED,False,True,True,True,True,Candidate,,"2-[(4-Methylanilino)-(6-oxobenzo[c][2,1]benzoxaphosphinin-6-yl)methyl]phenol",,DDM,DOPO-based (reactive),1,1,P-N,100.00%,0.00%,Cc1ccc(NC(c2ccccc2O)P2(=O)Oc3ccccc3-c3ccccc32)cc1,,NC1=CC=C(CC2=CC=C(N)C=C2)C=C1,10.0,0.7246397155156277,0.3276951151038741,0.0,0.0,0.0,0.4522179892813327,0.0,0.0,0.0,1,1,0,0,0,1,0,0,0,0,0,160.0,3.2,,24.7,,3.0,,,3.0,35.0,,1149.8,,,93.5,,,164.0,,,16.0,,,59.0,,,105.1,,,,,Virtual screening scenario,,,,,,,,,,,,,,,,,,,,,,,,,,,,,,,,33.62476926699977,27.218356474496634,40.03118205950291,12.812825585006273,True,GBDT,compact,260,719.8632231264077,189.65696693006782,1250.0694793227476,1060.4125123926797,True,GBDT,compact,330,77.47797963668003,46.9532265485272,108.00273272483287,61.04950617630567,True,GBDT,descriptors,30,0.6869469646175174,1,0.8602033296811868,ExtraTrees,morgan_r3,ALL,155.2036590576172,128.0072479248047,182.4000701904297,54.392822265625,True,XGB,morgan_r3,270,61.519258049743,37.42034236639453,85.61817373309148,48.197831366696946,True,GBDT,compact,140,1116,True,Cc1ccc(NC(c2ccccc2O)P2(=O)Oc3ccccc3-c3ccccc32)cc1,O=P1(C(Nc2ccccc2)c2ccccc2)Oc2ccccc2-c2ccccc21,0.7662337662337663,True,In_domain,Maximum Tanimoto >= 0.70.,DSD,O=P1(C(Nc2ccc(S(=O)(=O)c3ccc(NC(c4ccccc4O)P4(=O)Oc5ccccc5-c5ccccc54)cc3)cc2)c2ccccc2O)Oc2ccccc2-c2ccccc21,0.7662337662337663,DHBAP,O=P1(C(Nc2cnccn2)c2ccccc2O)Oc2ccccc2-c2ccccc21,0.6235294117647059,TBO,O=P1(C(Nc2n[nH]c(NC(c3ccccc3O)P3(=O)Oc4ccccc4-c4ccccc43)n2)c2ccccc2O)Oc2ccccc2-c2ccccc21,0.6091954022988506,0.7662337662337663,True,0.9767005549468645,2.118384849255448,-0.6647144873629005,True,True,True,True,0.35108703915356715,0.9196880818212655,0.48785474370596615,0.36776922267591816,0.13282502625679465,0.18254234026335067,0.45681655412335787,0.43690345153202853,0.0,0.0,0.3912810363935536,3.0,False,False,187
432,FORM_001110,PUBCHEM_67680094,"2-[(4-Hydroxyanilino)-(6-oxobenzo[c][2,1]benzoxaphosphinin-6-yl)methyl]phenol",pubchem,P-N,PUBLIC_UNVERIFIED,False,True,True,True,True,Candidate,,"2-[(4-Hydroxyanilino)-(6-oxobenzo[c][2,1]benzoxaphosphinin-6-yl)methyl]phenol",,DDM,DOPO-based (reactive),1,1,P-N,100.00%,0.00%,O=P1(C(Nc2ccc(O)cc2)c2ccccc2O)Oc2ccccc2-c2ccccc21,,NC1=CC=C(CC2=CC=C(N)C=C2)C=C1,10.0,0.7213119335277076,0.3261902322245302,0.0,0.0,0.0,0.4522179892813327,0.0,0.0,0.0,1,1,0,0,0,1,0,0,0,0,0,160.0,3.2,,24.7,,3.0,,,3.0,35.0,,1149.8,,,93.5,,,164.0,,,16.0,,,59.0,,,105.1,,,,,Virtual screening scenario,,,,,,,,,,,,,,,,,,,,,,,,,,,,,,,,33.46098189649072,27.054569103987586,39.867394688993855,12.812825585006273,True,GBDT,compact,260,749.3545164738056,219.14826027746574,1279.5607726701455,1060.4125123926797,True,GBDT,compact,330,77.47797963668003,46.9532265485272,108.00273272483287,61.04950617630567,True,GBDT,descriptors,30,0.6870088099445839,1,0.860110820012442,ExtraTrees,morgan_r3,ALL,155.00860595703125,127.81219482421875,182.20501708984375,54.392822265625,True,XGB,morgan_r3,270,64.23840119944958,40.13948551610111,88.33731688279806,48.197831366696946,True,GBDT,compact,140,1107,True,O=P1(C(Nc2ccc(O)cc2)c2ccccc2O)Oc2ccccc2-c2ccccc21,O=P1(C(Nc2ccccc2)c2ccccc2)Oc2ccccc2-c2ccccc21,0.7763157894736842,True,In_domain,Maximum Tanimoto >= 0.70.,DSD,O=P1(C(Nc2ccc(S(=O)(=O)c3ccc(NC(c4ccccc4O)P4(=O)Oc5ccccc5-c5ccccc54)cc3)cc2)c2ccccc2O)Oc2ccccc2-c2ccccc21,0.7763157894736842,DHBAP,O=P1(C(Nc2cnccn2)c2ccccc2O)Oc2ccccc2-c2ccccc21,0.6309523809523809,TBO,O=P1(C(Nc2n[nH]c(NC(c3ccccc3O)P3(=O)Oc4ccccc4-c4ccccc43)n2)c2ccccc2O)Oc2ccccc2-c2ccccc21,0.6162790697674418,0.7763157894736842,True,0.9766851366687402,2.3661023802922267,-0.7214054480885427,True,True,True,True,0.33290000361144306,0.9201241351933971,0.4240413117003362,0.36776922267591816,0.12736967305009425,0.3299712733646658,0.45470102927769496,0.4367968073919751,0.0,0.0,0.3891815081688987,3.0,False,False,188
435,FORM_001026,CAND_R2_359,TDA-OH-methyl-2,designed,P-N-Si,B,True,True,True,True,True,Candidate,,TDA-OH-methyl-2,,DDM,DOPO-based (additive),0,1,P-N-Si,100.00%,0.00%,CCO[Si](CCCNCC(O)Cn1c(=O)n(CC(O)CNCCC[Si](OCC)(OCC)OCC)c(=O)n(CC(CP2(=O)Oc3ccccc3-c3ccccc32)OC)c1=O)(OCC)OCC,,NC1=CC=C(CC2=CC=C(N)C=C2)C=C1,10.0,0.3192484972418513,0.7218495675189854,0.0,0.0,0.5789638595941521,2.261089946406664,0.0,0.0,1.8135210176276877,1,1,0,0,1,1,0,0,0,0,0,160.0,3.2,,24.8,,3.2,,,3.0,35.0,,1184.0,,,87.2,,,159.0,,,17.0,,,62.6,,,97.55,,,,,Virtual screening scenario,,,,,,,,,,,,,,,,,,,,,,,,,,,,,,,,32.30936497777848,25.902952185275343,38.71577777028162,12.812825585006273,True,GBDT,compact,260,813.0091366728616,282.80288047652175,1343.2153928692014,1060.4125123926797,True,GBDT,compact,330,67.84425949175399,37.31950640360115,98.36901257990682,61.04950617630567,True,GBDT,descriptors,30,0.633500438676103,1,0.9287105314931523,ExtraTrees,morgan_r3,ALL,154.91925048828125,127.72283935546875,182.11566162109375,54.392822265625,True,XGB,morgan_r3,270,74.98283264764409,50.883916964295615,99.08174833099255,48.197831366696946,True,GBDT,compact,140,1023,True,CCO[Si](CCCNCC(O)Cn1c(=O)n(CC(O)CNCCC[Si](OCC)(OCC)OCC)c(=O)n(CC(CP2(=O)Oc3ccccc3-c3ccccc32)OC)c1=O)(OCC)OCC,O=c1[nH]c(=O)n(CCCP2(=O)Oc3ccccc3-c3ccccc32)c(=O)[nH]1,0.8125,True,In_domain,Maximum Tanimoto >= 0.70.,TDA,CCO[Si](CCCNCC(O)Cn1c(=O)n(CC(O)CNCCC[Si](OCC)(OCC)OCC)c(=O)n(CC(O)CP2(=O)Oc3ccccc3-c3ccccc32)c1=O)(OCC)OCC,0.8125,DOPO-Si,CCO[Si](CCCC(O)C(O)CP1(=O)Oc2ccccc2-c2ccccc21)(OCC)OCC,0.5339805825242718,TGIC-DOPO,O=c1n(CC(O)CP2(=O)Oc3ccccc3-c3ccccc32)c(=O)n(CC(O)CP2(=O)Oc3ccccc3-c3ccccc32)c(=O)n1CC(O)CP1(=O)Oc2ccccc2-c2ccccc21,0.5208333333333334,0.8125,True,0.9881184219155253,-4.526126292375022,-0.756803172578135,True,True,True,True,0.2050238568338506,0.5428522080228004,0.28630507442964814,0.7688775187569505,0.1248705297833777,0.9125224587844056,0.4643510304654283,0.5158778087406417,0.0,0.0,0.38696935915433206,3.0,False,False,189
437,FORM_001113,PUBCHEM_67680096,"4-[(4-Methylanilino)-(6-oxobenzo[c][2,1]benzoxaphosphinin-6-yl)methyl]phenol",pubchem,P-N,PUBLIC_UNVERIFIED,False,True,True,True,True,Candidate,,"4-[(4-Methylanilino)-(6-oxobenzo[c][2,1]benzoxaphosphinin-6-yl)methyl]phenol",,DDM,DOPO-based (reactive),1,1,P-N,100.00%,0.00%,Cc1ccc(NC(c2ccc(O)cc2)P2(=O)Oc3ccccc3-c3ccccc32)cc1,,NC1=CC=C(CC2=CC=C(N)C=C2)C=C1,10.0,0.7246397155156277,0.3276951151038741,0.0,0.0,0.0,0.4522179892813327,0.0,0.0,0.0,1,1,0,0,0,1,0,0,0,0,0,160.0,3.2,,24.7,,3.0,,,3.0,35.0,,1149.8,,,93.5,,,164.0,,,16.0,,,59.0,,,105.1,,,,,Virtual screening scenario,,,,,,,,,,,,,,,,,,,,,,,,,,,,,,,,33.63486542453921,27.22845263203607,40.04127821704235,12.812825585006273,True,GBDT,compact,260,716.2654216796226,186.05916548328275,1246.4716778759625,1060.4125123926797,True,GBDT,compact,330,77.47797963668003,46.9532265485272,108.00273272483287,61.04950617630567,True,GBDT,descriptors,30,0.6886614283184455,1,0.8576274618593762,ExtraTrees,morgan_r3,ALL,150.52685546875,123.3304443359375,177.7232666015625,54.392822265625,True,XGB,morgan_r3,270,61.68294364062695,37.58402795727848,85.78185932397543,48.197831366696946,True,GBDT,compact,140,1110,True,Cc1ccc(NC(c2ccc(O)cc2)P2(=O)Oc3ccccc3-c3ccccc32)cc1,O=P1(C(Nc2ccccc2)c2ccccc2)Oc2ccccc2-c2ccccc21,0.7763157894736842,True,In_domain,Maximum Tanimoto >= 0.70.,DOPO-DDM,O=P1(C(Nc2ccc(Cc3ccc(NC(c4ccc(O)cc4)P4(=O)Oc5ccccc5-c5ccccc54)cc3)cc2)c2ccc(O)cc2)Oc2ccccc2-c2ccccc21,0.7763157894736842,DOPO-DDE,O=P1(C(Nc2ccc(Oc3ccc(NC(c4ccc(O)cc4)P4(=O)Oc5ccccc5-c5ccccc54)cc3)cc2)c2ccc(O)cc2)Oc2ccccc2-c2ccccc21,0.7662337662337663,DOPO-DDS,O=P1(C(Nc2ccc(S(=O)(=O)c3ccc(NC(c4ccc(O)cc4)P4(=O)Oc5ccccc5-c5ccccc54)cc3)cc2)c2ccc(O)cc2)Oc2ccccc2-c2ccccc21,0.7564102564102564,0.7763157894736842,True,0.9762712436432294,2.387273697983625,-0.277120015083015,True,True,True,True,0.3522081217830637,0.9317762655797979,0.49563968739391173,0.36776922267591816,0.0020215918125744974,0.1914171918983899,0.4488225378576347,0.43393401912052526,0.0,0.0,0.3837324349895559,3.0,False,False,190
441,FORM_001056,CAND_R2_369,TDA-NH-hydroxyethyl,designed,P-N-Si,B,True,True,True,True,True,Candidate,,TDA-NH-hydroxyethyl,,DDM,DOPO-based (additive),0,1,P-N-Si,100.00%,0.00%,CCO[Si](CCCNCC(O)Cn1c(=O)n(CC(O)CN(CCO)CCC[Si](OCC)(OCC)OCC)c(=O)n(CC(O)CP2(=O)Oc3ccccc3-c3ccccc32)c1=O)(OCC)OCC,,NC1=CC=C(CC2=CC=C(N)C=C2)C=C1,10.0,0.3096650610552245,0.700180556305374,0.0,0.0,0.5615840966486111,2.261089946406664,0.0,0.0,1.8135210176276884,1,1,0,0,1,1,0,0,0,0,0,160.0,3.2,,24.8,,3.2,,,3.0,35.0,,1184.0,,,87.2,,,159.0,,,17.0,,,62.6,,,97.55,,,,,Virtual screening scenario,,,,,,,,,,,,,,,,,,,,,,,,,,,,,,,,32.47877946286749,26.072366670364357,38.885192255370626,12.812825585006273,True,GBDT,compact,260,781.4031972890953,251.19694109275542,1311.609453485435,1060.4125123926797,True,GBDT,compact,330,68.58948211233356,38.06472902418072,99.11423520048639,61.04950617630567,True,GBDT,descriptors,30,0.6227226161647789,1,0.9397566379266894,ExtraTrees,morgan_r3,ALL,156.99176025390625,129.79534912109375,184.18817138671875,54.392822265625,True,XGB,morgan_r3,270,74.11073798632897,50.0118223029805,98.20965366967744,48.197831366696946,True,GBDT,compact,140,1053,True,CCO[Si](CCCNCC(O)Cn1c(=O)n(CC(O)CN(CCO)CCC[Si](OCC)(OCC)OCC)c(=O)n(CC(O)CP2(=O)Oc3ccccc3-c3ccccc32)c1=O)(OCC)OCC,O=c1[nH]c(=O)n(CCCP2(=O)Oc3ccccc3-c3ccccc32)c(=O)[nH]1,0.8076923076923077,True,In_domain,Maximum Tanimoto >= 0.70.,TDA,CCO[Si](CCCNCC(O)Cn1c(=O)n(CC(O)CNCCC[Si](OCC)(OCC)OCC)c(=O)n(CC(O)CP2(=O)Oc3ccccc3-c3ccccc32)c1=O)(OCC)OCC,0.8076923076923077,TGIC-DOPO,O=c1n(CC(O)CP2(=O)Oc3ccccc3-c3ccccc32)c(=O)n(CC(O)CP2(=O)Oc3ccccc3-c3ccccc32)c(=O)n1CC(O)CP1(=O)Oc2ccccc2-c2ccccc21,0.5384615384615384,DOPO-Si,CCO[Si](CCCC(O)C(O)CP1(=O)Oc2ccccc2-c2ccccc21)(OCC)OCC,0.4827586206896552,0.8076923076923077,True,0.9899594396544482,-4.760065760934943,-0.9615118787126564,True,True,True,True,0.22383573013084776,0.4668609234227204,0.35469418982319156,0.7378495284224849,0.18283563139856002,0.8652384511384991,0.46145548261355485,0.5286116401068814,0.0,0.0,0.3821637365975226,3.0,False,False,191
449,FORM_001200,PUBCHEM_101797930,"[4-(3,4-Dimethylbenzoyl)oxy-3-(6-oxobenzo[c][2,1]benzoxaphosphinin-6-yl)phenyl] 3,4-dimethylbenzoate",pubchem,P-only,PUBLIC_UNVERIFIED,False,True,True,True,True,Candidate,,"[4-(3,4-Dimethylbenzoyl)oxy-3-(6-oxobenzo[c][2,1]benzoxaphosphinin-6-yl)phenyl] 3,4-dimethylbenzoate",,DDM,DOPO-based (additive),0,0,P-only,100.00%,0.00%,Cc1ccc(C(=O)Oc2ccc(OC(=O)c3ccc(C)c(C)c3)c(P3(=O)Oc4ccccc4-c4ccccc43)c2)cc1C,,NC1=CC=C(CC2=CC=C(N)C=C2)C=C1,10.0,0.5262353125063709,0.0,0.0,0.0,0.0,0.0,0.0,0.0,0.0,1,0,0,0,0,1,0,0,0,0,0,160.0,3.2,,24.8,,3.2,,,3.0,35.0,,1184.0,,,87.2,,,159.0,,,17.0,,,62.6,,,97.55,,,,,Virtual screening scenario,,,,,,,,,,,,,,,,,,,,,,,,,,,,,,,,31.16161007904766,24.755197286544522,37.568022871550795,12.812825585006273,True,GBDT,compact,260,802.0039354773967,271.79767928105684,1332.2101916737365,1060.4125123926797,True,GBDT,compact,330,64.25606563782468,33.73131254967184,94.78081872597751,61.04950617630567,True,GBDT,descriptors,30,0.6188843374081259,1,0.9434660572761235,ExtraTrees,morgan_r3,ALL,156.89041137695312,129.69400024414062,184.08682250976562,54.392822265625,True,XGB,morgan_r3,270,70.5263302883172,46.427414604968725,94.62524597166566,48.197831366696946,True,GBDT,compact,140,1197,True,Cc1ccc(C(=O)Oc2ccc(OC(=O)c3ccc(C)c(C)c3)c(P3(=O)Oc4ccccc4-c4ccccc43)c2)cc1C,O=C(Oc1ccc(OC(=O)c2ccccc2)c(P2(=O)Oc3ccccc3-c3ccccc32)c1)c1ccccc1,0.7126436781609196,True,In_domain,Maximum Tanimoto >= 0.70.,DOPO-HQ-AE,O=C(Oc1ccc(OC(=O)c2ccccc2)c(P2(=O)Oc3ccccc3-c3ccccc32)c1)c1ccccc1,0.7126436781609196,Trif-D,COc1cc(C(O)P2(=O)Oc3ccccc3-c3ccccc32)ccc1Oc1nc(Oc2ccc(C(O)P3(=O)Oc4ccccc4-c4ccccc43)cc2OC)nc(Oc2ccc(C(O)P3(=O)Oc4ccccc4-c4ccccc43)cc2OC)n1,0.2982456140350877,DOPO-GE,C=CCc1ccc(OCC(O)CP2(=O)Oc3ccccc3-c3ccccc32)c(OC)c1,0.2892561983471074,0.7126436781609196,True,0.9905776762126872,-0.49224635982509957,0.5275026343598068,True,True,True,True,0.07757655078096252,0.4397983388361957,0.3101181927599448,0.9182750828450101,0.18000104984501983,0.6708958315617988,0.4342433211851045,0.5328878183916524,0.0,0.0,0.35431014842635666,3.0,False,False,192
457,FORM_001203,PUBCHEM_102261920,"Dihydroxy-methyl-[2-(6-oxobenzo[c][2,1]benzoxaphosphinin-6-yl)ethyl]silane",pubchem,P-Si,PUBLIC_UNVERIFIED,False,True,True,True,True,Candidate,,"Dihydroxy-methyl-[2-(6-oxobenzo[c][2,1]benzoxaphosphinin-6-yl)ethyl]silane",,DDM,DOPO-based (reactive),1,1,P-Si,100.00%,0.00%,C[Si](O)(O)CCP1(=O)Oc2ccccc2-c2ccccc21,,NC1=CC=C(CC2=CC=C(N)C=C2)C=C1,10.0,0.966858848097591,0.0,0.0,0.0,0.8767094210521384,0.0,0.0,0.0,0.9067605088138436,1,0,0,0,1,1,0,0,0,0,0,160.0,3.2,,24.7,,3.0,,,3.0,35.0,,1149.8,,,93.5,,,164.0,,,16.0,,,59.0,,,105.1,,,,,Virtual screening scenario,,,,,,,,,,,,,,,,,,,,,,,,,,,,,,,,32.969717437879964,26.563304645376828,39.3761302303831,12.812825585006273,True,GBDT,compact,260,699.7708436632645,169.56458746692465,1229.9770998596043,1060.4125123926797,True,GBDT,compact,330,79.51626424293458,48.99151115478175,110.04101733108742,61.04950617630567,True,GBDT,descriptors,30,0.6500597227017059,1,0.9099283184907485,ExtraTrees,morgan_r3,ALL,151.79745483398438,124.60104370117188,178.99386596679688,54.392822265625,True,XGB,morgan_r3,270,64.38365106679299,40.28473538344452,88.48256675014147,48.197831366696946,True,GBDT,compact,140,1200,True,C[Si](O)(O)CCP1(=O)Oc2ccccc2-c2ccccc21,O=[PH]1Oc2ccccc2-c2ccccc21,0.711864406779661,True,In_domain,Maximum Tanimoto >= 0.70.,DOPO-VTS,CO[Si](CCP1(=O)Oc2ccccc2-c2ccccc21)(OC)OC,0.711864406779661,TAD,O=c1n(CCCP2(=O)Oc3ccccc3-c3ccccc32)c(=O)n(CCCP2(=O)Oc3ccccc3-c3ccccc32)c(=O)n1CCCP1(=O)Oc2ccccc2-c2ccccc21,0.5606060606060606,PMSBA,C[Si](CCP1(=O)Oc2ccccc2-c2ccccc21)(Nc1nc2ccccc2s1)Nc1nc2ccccc2s1,0.5454545454545454,0.711864406779661,True,0.9849880530817914,-1.4488074973385012,0.20850763665477728,True,True,True,True,0.278349740416134,0.6596068923610338,0.5313307512041499,0.282903474756765,0.03755841896754144,0.3378465604667285,0.3879786696910435,0.4942258778547269,0.0,0.0,0.31384478801283444,3.0,False,False,193
458,FORM_001140,PUBCHEM_14686915,"(4-Chlorophenyl)-(6-oxobenzo[c][2,1]benzoxaphosphinin-6-yl)methanol",pubchem,P-only,PUBLIC_UNVERIFIED,False,True,True,True,True,Candidate,,"(4-Chlorophenyl)-(6-oxobenzo[c][2,1]benzoxaphosphinin-6-yl)methanol",,DDM,DOPO-based (reactive),1,0,P-only,100.00%,0.00%,O=P1(C(O)c2ccc(Cl)cc2)Oc2ccccc2-c2ccccc21,,NC1=CC=C(CC2=CC=C(N)C=C2)C=C1,10.0,0.8682392184893973,0.0,0.0,0.0,0.0,0.0,0.0,0.0,0.0,1,0,0,0,0,1,0,0,0,0,0,160.0,3.2,,24.7,,3.0,,,3.0,35.0,,1149.8,,,93.5,,,164.0,,,16.0,,,59.0,,,105.1,,,,,Virtual screening scenario,,,,,,,,,,,,,,,,,,,,,,,,,,,,,,,,32.68579473933297,26.279381946829833,39.09220753183611,12.812825585006273,True,GBDT,compact,260,646.8656264606562,116.65937026431641,1177.071882656996,1060.4125123926797,True,GBDT,compact,330,75.36341506200459,44.83866197385176,105.88816815015743,61.04950617630567,True,GBDT,descriptors,30,0.6313721006236102,1,0.9309654847109602,ExtraTrees,morgan_r3,ALL,154.03514099121094,126.83872985839844,181.23155212402344,54.392822265625,True,XGB,morgan_r3,270,57.23637383167853,33.137458148330055,81.335289515027,48.197831366696946,True,GBDT,compact,140,1137,True,O=P1(C(O)c2ccc(Cl)cc2)Oc2ccccc2-c2ccccc21,O=P1(Cc2ccccc2)Oc2ccccc2-c2ccccc21,0.7540983606557377,True,In_domain,Maximum Tanimoto >= 0.70.,DOPO-PHBA,O=P1(C(O)c2ccc(O)cc2)Oc2ccccc2-c2ccccc21,0.7540983606557377,Trif-DOPO,O=P1(C(O)c2ccc(Oc3nc(Oc4ccc(C(O)P5(=O)Oc6ccccc6-c6ccccc65)cc4)nc(Oc4ccc(C(O)P5(=O)Oc6ccccc6-c6ccccc65)cc4)n3)cc2)Oc2ccccc2-c2ccccc21,0.647887323943662,DOPO-PPO,O=P(Oc1ccc(C(O)P2(=O)Oc3ccccc3-c3ccccc32)cc1)(Oc1ccc(C(O)P2(=O)Oc3ccccc3-c3ccccc32)cc1)c1ccccc1,0.5974025974025974,0.7540983606557377,True,0.9884942474518267,0.9774889239664014,-0.6802371358589728,True,True,True,True,0.24682281502719067,0.5278459168631318,0.6458073677747691,0.45581095325785737,0.1001432654362426,0.0,0.38527173712821405,0.5184772942867113,0.0,0.0,0.30750014298520734,3.0,False,False,194
463,FORM_001068,PUBCHEM_158341820,"4-[(4-Methylphenyl)-(6-oxobenzo[c][2,1]benzoxaphosphinin-6-yl)methyl]phenol",pubchem,P-only,PUBLIC_UNVERIFIED,False,True,True,True,True,Candidate,,"4-[(4-Methylphenyl)-(6-oxobenzo[c][2,1]benzoxaphosphinin-6-yl)methyl]phenol",,DDM,DOPO-based (reactive),1,0,P-only,100.00%,0.00%,Cc1ccc(C(c2ccc(O)cc2)P2(=O)Oc3ccccc3-c3ccccc32)cc1,,NC1=CC=C(CC2=CC=C(N)C=C2)C=C1,10.0,0.7510213978299083,0.0,0.0,0.0,0.0,0.0,0.0,0.0,0.0,1,0,0,0,0,1,0,0,0,0,0,160.0,3.2,,24.7,,3.0,,,3.0,35.0,,1149.8,,,93.5,,,164.0,,,16.0,,,59.0,,,105.1,,,,,Virtual screening scenario,,,,,,,,,,,,,,,,,,,,,,,,,,,,,,,,31.68729194256694,25.280879150063804,38.09370473507008,12.812825585006273,True,GBDT,compact,260,713.3620580265645,183.15580183022462,1243.5683142229043,1060.4125123926797,True,GBDT,compact,330,75.62334703292902,45.098593944776184,106.14810012108185,61.04950617630567,True,GBDT,descriptors,30,0.6554984106356234,1,0.9032809771591801,ExtraTrees,morgan_r3,ALL,154.58859252929688,127.39218139648438,181.78500366210938,54.392822265625,True,XGB,morgan_r3,270,55.20151655680609,31.102600873457618,79.30043224015456,48.197831366696946,True,GBDT,compact,140,1065,True,Cc1ccc(C(c2ccc(O)cc2)P2(=O)Oc3ccccc3-c3ccccc32)cc1,O=P1(C(c2ccccc2)c2ccccc2)Oc2ccccc2-c2ccccc21,0.8666666666666667,True,In_domain,Maximum Tanimoto >= 0.70.,DOPO-PHE,O=P1(C(c2ccc(O)cc2)c2ccc(O)cc2)Oc2ccccc2-c2ccccc21,0.8666666666666667,DOPO-PHBA,O=P1(C(O)c2ccc(O)cc2)Oc2ccccc2-c2ccccc21,0.5915492957746479,DOPO-DDM,O=P1(C(Nc2ccc(Cc3ccc(NC(c4ccc(O)cc4)P4(=O)Oc5ccccc5-c5ccccc54)cc3)cc2)c2ccc(O)cc2)Oc2ccccc2-c2ccccc21,0.4883720930232558,0.8666666666666667,True,0.9838801628598633,1.1501021953462727,-0.6167279127954236,True,True,True,True,0.13594854067225284,0.6979534955086648,0.5019220025463732,0.44498846014138516,0.11562250475097548,0.0,0.3677247502488327,0.48656289505989947,0.0,0.0,0.2947403159898478,3.0,False,False,195
466,FORM_001179,PUBCHEM_58818771,"4-Methoxy-4-oxo-3-[(6-oxobenzo[c][2,1]benzoxaphosphinin-6-yl)methyl]butanoic acid",pubchem,P-only,PUBLIC_UNVERIFIED,False,True,True,True,True,Candidate,,"4-Methoxy-4-oxo-3-[(6-oxobenzo[c][2,1]benzoxaphosphinin-6-yl)methyl]butanoic acid",,DDM,DOPO-based (reactive),1,0,P-only,100.00%,0.00%,COC(=O)C(CC(=O)O)CP1(=O)Oc2ccccc2-c2ccccc21,,NC1=CC=C(CC2=CC=C(N)C=C2)C=C1,10.0,0.8596677231877701,0.0,0.0,0.0,0.0,0.0,0.0,0.0,0.0,1,0,0,0,0,1,0,0,0,0,0,160.0,3.2,,24.7,,3.0,,,3.0,35.0,,1149.8,,,93.5,,,164.0,,,16.0,,,59.0,,,105.1,,,,,Virtual screening scenario,,,,,,,,,,,,,,,,,,,,,,,,,,,,,,,,31.44533156058285,25.038918768079714,37.85174435308599,12.812825585006273,True,GBDT,compact,260,661.9763080568531,131.77005186051326,1192.182564253193,1060.4125123926797,True,GBDT,compact,330,75.36341506200459,44.83866197385176,105.88816815015743,61.04950617630567,True,GBDT,descriptors,30,0.6377154895129206,1,0.9241377757928667,ExtraTrees,morgan_r3,ALL,154.48687744140625,127.29046630859375,181.68328857421875,54.392822265625,True,XGB,morgan_r3,270,57.75975444022575,33.660838756877276,81.85867012357423,48.197831366696946,True,GBDT,compact,140,1176,True,COC(=O)C(CC(=O)O)CP1(=O)Oc2ccccc2-c2ccccc21,O=[PH]1Oc2ccccc2-c2ccccc21,0.7272727272727273,True,In_domain,Maximum Tanimoto >= 0.70.,DDP,O=C(O)CC(CP1(=O)Oc2ccccc2-c2ccccc21)C(=O)O,0.7272727272727273,TGIC-DOPO,O=c1n(CC(O)CP2(=O)Oc3ccccc3-c3ccccc32)c(=O)n(CC(O)CP2(=O)Oc3ccccc3-c3ccccc32)c(=O)n1CC(O)CP1(=O)Oc2ccccc2-c2ccccc21,0.5064935064935064,NPDI,O=C(CC(CP1(=O)Oc2ccccc2-c2ccccc21)C(=O)O)OCc1ccc(OP2(Oc3ccc(COC(=O)CC(CP4(=O)Oc5ccccc5-c5ccccc54)C(=O)O)cc3)=NP(Oc3ccc(COC(=O)CC(CP4(=O)Oc5ccccc5-c5ccccc54)C(=O)O)cc3)(Oc3ccc(COC(=O)CC(CP4(=O)Oc5ccccc5-c5ccccc54)C(=O)O)cc3)=NP(Oc3ccc(COC(=O)CC(CP4(=O)Oc5ccccc5-c5ccccc54)C(=O)O)cc3)(Oc3ccc(COC(=O)CC(CP4(=O)Oc5ccccc5-c5ccccc54)C(=O)O)cc3)=N2)cc1,0.5,0.7272727272727273,True,0.9873562959654777,-1.6421880574194698,0.2325428083922485,True,True,True,True,0.10908113292735931,0.5725713027107924,0.6131107870843631,0.45581095325785737,0.11277768080699795,0.0,0.3613926032767742,0.5106063856996995,0.0,0.0,0.2848016454218193,3.0,False,False,196
467,FORM_001077,PUBCHEM_163940695,"4-[(4-Methoxyphenyl)-(6-oxobenzo[c][2,1]benzoxaphosphinin-6-yl)methyl]phenol",pubchem,P-only,PUBLIC_UNVERIFIED,False,True,True,True,True,Candidate,,"4-[(4-Methoxyphenyl)-(6-oxobenzo[c][2,1]benzoxaphosphinin-6-yl)methyl]phenol",,DDM,DOPO-based (reactive),1,0,P-only,100.00%,0.00%,COc1ccc(C(c2ccc(O)cc2)P2(=O)Oc3ccccc3-c3ccccc32)cc1,,NC1=CC=C(CC2=CC=C(N)C=C2)C=C1,10.0,0.7229753701940131,0.0,0.0,0.0,0.0,0.0,0.0,0.0,0.0,1,0,0,0,0,1,0,0,0,0,0,160.0,3.2,,24.7,,3.0,,,3.0,35.0,,1149.8,,,93.5,,,164.0,,,16.0,,,59.0,,,105.1,,,,,Virtual screening scenario,,,,,,,,,,,,,,,,,,,,,,,,,,,,,,,,31.45637211319894,25.049959320695805,37.86278490570208,12.812825585006273,True,GBDT,compact,260,713.3620580265645,183.15580183022462,1243.5683142229043,1060.4125123926797,True,GBDT,compact,330,76.24378845992624,45.7190353717734,106.76854154807907,61.04950617630567,True,GBDT,descriptors,30,0.6511787962007249,1,0.9085798863171987,ExtraTrees,morgan_r3,ALL,155.3299560546875,128.133544921875,182.5263671875,54.392822265625,True,XGB,morgan_r3,270,57.485592109153075,33.3866764258046,81.58450779250154,48.197831366696946,True,GBDT,compact,140,1074,True,COc1ccc(C(c2ccc(O)cc2)P2(=O)Oc3ccccc3-c3ccccc32)cc1,O=P1(C(c2ccccc2)c2ccccc2)Oc2ccccc2-c2ccccc21,0.8253968253968254,True,In_domain,Maximum Tanimoto >= 0.70.,DOPO-PHE,O=P1(C(c2ccc(O)cc2)c2ccc(O)cc2)Oc2ccccc2-c2ccccc21,0.8253968253968254,DOPO-PHBA,O=P1(C(O)c2ccc(O)cc2)Oc2ccccc2-c2ccccc21,0.5675675675675675,DOPO-DDE,O=P1(C(Nc2ccc(Oc3ccc(NC(c4ccc(O)cc4)P4(=O)Oc5ccccc5-c5ccccc54)cc3)cc2)c2ccc(O)cc2)Oc2ccccc2-c2ccccc21,0.5172413793103449,0.8253968253968254,True,0.9847633143861998,1.1707427260747554,-0.42498662837555823,True,True,True,True,0.11030708168158543,0.6674971533727563,0.5019220025463732,0.4191558430571104,0.13635737065888018,0.0,0.35341215319745306,0.4926714199097388,0.0,0.0,0.2795114402109923,3.0,False,False,197
471,FORM_001074,PUBCHEM_118445309,"4-Hydroxy-2-[(6-oxobenzo[c][2,1]benzoxaphosphinin-6-yl)methyl]pent-4-enoic acid",pubchem,P-only,PUBLIC_UNVERIFIED,False,True,True,True,True,Candidate,,"4-Hydroxy-2-[(6-oxobenzo[c][2,1]benzoxaphosphinin-6-yl)methyl]pent-4-enoic acid",,DDM,DOPO-based (reactive),1,0,P-only,100.00%,0.00%,C=C(O)CC(CP1(=O)Oc2ccccc2-c2ccccc21)C(=O)O,,NC1=CC=C(CC2=CC=C(N)C=C2)C=C1,10.0,0.899614583666131,0.0,0.0,0.0,0.0,0.0,0.0,0.0,0.0,1,0,0,0,0,1,0,0,0,0,0,160.0,3.2,,24.7,,3.0,,,3.0,35.0,,1149.8,,,93.5,,,164.0,,,16.0,,,59.0,,,105.1,,,,,Virtual screening scenario,,,,,,,,,,,,,,,,,,,,,,,,,,,,,,,,31.230870542086087,24.82445774958295,37.63728333458923,12.812825585006273,True,GBDT,compact,260,666.7764539504718,136.57019775413198,1196.9827101468118,1060.4125123926797,True,GBDT,compact,330,75.0738076596375,44.54905457148466,105.59856074779033,61.04950617630567,True,GBDT,descriptors,30,0.6311130364329672,1,0.9312374867093096,ExtraTrees,morgan_r3,ALL,154.01690673828125,126.82049560546875,181.21331787109375,54.392822265625,True,XGB,morgan_r3,270,59.174736477272255,35.07582079392378,83.27365216062073,48.197831366696946,True,GBDT,compact,140,1071,True,C=C(O)CC(CP1(=O)Oc2ccccc2-c2ccccc21)C(=O)O,O=[PH]1Oc2ccccc2-c2ccccc21,0.8305084745762712,True,In_domain,Maximum Tanimoto >= 0.70.,DDP,O=C(O)CC(CP1(=O)Oc2ccccc2-c2ccccc21)C(=O)O,0.8305084745762712,NPDI,O=C(CC(CP1(=O)Oc2ccccc2-c2ccccc21)C(=O)O)OCc1ccc(OP2(Oc3ccc(COC(=O)CC(CP4(=O)Oc5ccccc5-c5ccccc54)C(=O)O)cc3)=NP(Oc3ccc(COC(=O)CC(CP4(=O)Oc5ccccc5-c5ccccc54)C(=O)O)cc3)(Oc3ccc(COC(=O)CC(CP4(=O)Oc5ccccc5-c5ccccc54)C(=O)O)cc3)=NP(Oc3ccc(COC(=O)CC(CP4(=O)Oc5ccccc5-c5ccccc54)C(=O)O)cc3)(Oc3ccc(COC(=O)CC(CP4(=O)Oc5ccccc5-c5ccccc54)C(=O)O)cc3)=N2)cc1,0.5697674418604651,TGIC-DOPO,O=c1n(CC(O)CP2(=O)Oc3ccccc3-c3ccccc32)c(=O)n(CC(O)CP2(=O)Oc3ccccc3-c3ccccc32)c(=O)n1CC(O)CP1(=O)Oc2ccccc2-c2ccccc21,0.5492957746478874,0.8305084745762712,True,0.9885395811182183,-1.5462171783813494,0.24136700521496213,True,True,True,True,0.08526726892991948,0.5260193307767352,0.6027242034920036,0.4678690087077141,0.09963327974571559,0.055424974596273345,0.35188178781547336,0.5187908552322898,0.0,0.0,0.2740631595306299,3.0,False,False,198
473,FORM_001104,PUBCHEM_58489283,"4-Oxo-3-[(6-oxobenzo[c][2,1]benzoxaphosphinin-6-yl)methyl]pentanoic acid",pubchem,P-only,PUBLIC_UNVERIFIED,False,True,True,True,True,Candidate,,"4-Oxo-3-[(6-oxobenzo[c][2,1]benzoxaphosphinin-6-yl)methyl]pentanoic acid",,DDM,DOPO-based (reactive),1,0,P-only,100.00%,0.00%,CC(=O)C(CC(=O)O)CP1(=O)Oc2ccccc2-c2ccccc21,,NC1=CC=C(CC2=CC=C(N)C=C2)C=C1,10.0,0.8996145836661311,0.0,0.0,0.0,0.0,0.0,0.0,0.0,0.0,1,0,0,0,0,1,0,0,0,0,0,160.0,3.2,,24.7,,3.0,,,3.0,35.0,,1149.8,,,93.5,,,164.0,,,16.0,,,59.0,,,105.1,,,,,Virtual screening scenario,,,,,,,,,,,,,,,,,,,,,,,,,,,,,,,,31.379942164642245,24.973529372139108,37.78635495714538,12.812825585006273,True,GBDT,compact,260,685.2824925535142,155.07623635717437,1215.488748749854,1060.4125123926797,True,GBDT,compact,330,75.0738076596375,44.54905457148466,105.59856074779033,61.04950617630567,True,GBDT,descriptors,30,0.6360428500368155,1,0.9259693718154421,ExtraTrees,morgan_r3,ALL,154.01690673828125,126.82049560546875,181.21331787109375,54.392822265625,True,XGB,morgan_r3,270,57.23637383167853,33.137458148330055,81.335289515027,48.197831366696946,True,GBDT,compact,140,1101,True,CC(=O)C(CC(=O)O)CP1(=O)Oc2ccccc2-c2ccccc21,O=[PH]1Oc2ccccc2-c2ccccc21,0.7868852459016393,True,In_domain,Maximum Tanimoto >= 0.70.,DDP,O=C(O)CC(CP1(=O)Oc2ccccc2-c2ccccc21)C(=O)O,0.7868852459016393,TGIC-DOPO,O=c1n(CC(O)CP2(=O)Oc3ccccc3-c3ccccc32)c(=O)n(CC(O)CP2(=O)Oc3ccccc3-c3ccccc32)c(=O)n1CC(O)CP1(=O)Oc2ccccc2-c2ccccc21,0.5416666666666666,ITA-HBP,CC(O)CN(CC(C)O)C(=O)CC(C=O)CP1(=O)Oc2ccccc2-c2ccccc21,0.5185185185185185,0.7868852459016393,True,0.9876615619692403,-1.6188255682939086,0.17286147139722552,True,True,True,True,0.10182026009965779,0.5607780093689805,0.5626807295697924,0.4678690087077141,0.09963327974571559,0.0,0.34859292952380055,0.5127178296752654,0.0,0.0,0.27168525507251073,3.0,False,False,199
510,FORM_001216,PUBCHEM_101559517,"6-[3-(4-Prop-2-ynoxyphenyl)-2,4-dihydro-1,3-benzoxazin-4-yl]benzo[c][2,1]benzoxaphosphinine 6-oxide",pubchem,P-N,PUBLIC_UNVERIFIED,False,True,True,True,True,Candidate,,"6-[3-(4-Prop-2-ynoxyphenyl)-2,4-dihydro-1,3-benzoxazin-4-yl]benzo[c][2,1]benzoxaphosphinine 6-oxide",,DDM,DOPO-based (additive),0,1,P-N,100.00%,0.00%,C#CCOc1ccc(N2COc3ccccc3C2P2(=O)Oc3ccccc3-c3ccccc32)cc1,,NC1=CC=C(CC2=CC=C(N)C=C2)C=C1,3.42,0.2209327760536589,0.0999097757533286,0.0,0.0,0.0,0.4522179892813328,0.0,0.0,0.0,1,1,0,0,0,1,0,0,0,0,0,160.0,3.2,,24.8,,3.2,,,3.0,35.0,,1184.0,,,87.2,,,159.0,,,17.0,,,62.6,,,97.55,,,,,Virtual screening scenario,,,,,,,,,,,,,,,,,,,,,,,,,,,,,,,,31.375466208421617,24.96905341591848,37.781879000924754,12.812825585006273,True,GBDT,compact,260,1041.9914961599086,511.78523996356876,1572.1977523562484,1060.4125123926797,True,GBDT,compact,330,69.67351182054647,39.14875873239363,100.1982649086993,61.04950617630567,True,GBDT,descriptors,30,0.5676225920511389,1,0.981708740177141,ExtraTrees,morgan_r3,ALL,156.83627319335938,129.63986206054688,184.03268432617188,54.392822265625,True,XGB,morgan_r3,270,76.0640833104171,51.96516762706863,100.16299899376557,48.197831366696946,True,GBDT,compact,140,1215,True,C#CCOc1ccc(N2COc3ccccc3C2P2(=O)Oc3ccccc3-c3ccccc32)cc1,O=P1(C2c3ccccc3OCN2c2ccccc2)Oc2ccccc2-c2ccccc21,0.7032967032967034,True,In_domain,Maximum Tanimoto >= 0.70.,DOPOBH,O=P1(C2c3ccccc3OCN2c2ccc(O)cc2)Oc2ccccc2-c2ccccc21,0.7032967032967034,SFD-BOZ,O=P1(C2c3ccccc3OCN2Cc2ccco2)Oc2ccccc2-c2ccccc21,0.4811320754716981,DMT,O=C1CC(P2(=O)Oc3ccccc3-c3ccccc32)C(=O)N1c1ccc(OCC(O)Cn2c(=O)n(CC(O)COc3ccc(N4C(=O)CC(P5(=O)Oc6ccccc6-c6ccccc65)C4=O)cc3)c(=O)n(CC(O)COc3ccc(N4C(=O)CC(P5(=O)Oc6ccccc6-c6ccccc65)C4=O)cc3)c2=O)cc1,0.3548387096774194,0.7032967032967034,True,0.9969514566961902,-0.7032398492778333,0.697470396514775,True,True,True,True,0.10132324757288887,0.07836671603606647,0.0,0.6927150110583378,0.178486883125363,0.9711466734179445,0.2894443505877894,0.5769735673371477,0.0,0.0,0.20289831548721726,3.0,False,False,200
511,FORM_001105,PUBCHEM_102113412,"6-[3-(4-Methoxyphenyl)-2,4-dihydro-1,3-benzoxazin-4-yl]benzo[c][2,1]benzoxaphosphinine 6-oxide",pubchem,P-N,PUBLIC_UNVERIFIED,False,True,True,True,True,Candidate,,"6-[3-(4-Methoxyphenyl)-2,4-dihydro-1,3-benzoxazin-4-yl]benzo[c][2,1]benzoxaphosphinine 6-oxide",,DDM,DOPO-based (additive),0,1,P-N,100.00%,0.00%,COc1ccc(N2COc3ccccc3C2P2(=O)Oc3ccccc3-c3ccccc32)cc1,,NC1=CC=C(CC2=CC=C(N)C=C2)C=C1,3.42,0.2325855307937204,0.1051793610714677,0.0,0.0,0.0,0.4522179892813326,0.0,0.0,0.0,1,1,0,0,0,1,0,0,0,0,0,160.0,3.2,,24.8,,3.2,,,3.0,35.0,,1184.0,,,87.2,,,159.0,,,17.0,,,62.6,,,97.55,,,,,Virtual screening scenario,,,,,,,,,,,,,,,,,,,,,,,,,,,,,,,,31.410758205217615,25.00434541271448,37.81717099772075,12.812825585006273,True,GBDT,compact,260,1041.9914961599086,511.78523996356876,1572.1977523562484,1060.4125123926797,True,GBDT,compact,330,69.67351182054647,39.14875873239363,100.1982649086993,61.04950617630567,True,GBDT,descriptors,30,0.5673817230534497,1,0.9818388135933929,ExtraTrees,morgan_r3,ALL,156.20681762695312,129.01040649414062,183.40322875976562,54.392822265625,True,XGB,morgan_r3,270,75.90039771953315,51.80148203618467,99.99931340288163,48.197831366696946,True,GBDT,compact,140,1104,True,COc1ccc(N2COc3ccccc3C2P2(=O)Oc3ccccc3-c3ccccc32)cc1,O=P1(C2c3ccccc3OCN2c2ccccc2)Oc2ccccc2-c2ccccc21,0.7804878048780488,True,In_domain,Maximum Tanimoto >= 0.70.,DOPOBH,O=P1(C2c3ccccc3OCN2c2ccc(O)cc2)Oc2ccccc2-c2ccccc21,0.7804878048780488,SFD-BOZ,O=P1(C2c3ccccc3OCN2Cc2ccco2)Oc2ccccc2-c2ccccc21,0.5102040816326531,DOPOMAH,O=C1CC(P2(=O)Oc3ccccc3-c3ccccc32)C(=O)O1,0.38202247191011235,0.7804878048780488,True,0.9969731355988989,-0.6913411019265442,0.4238389082264582,True,True,True,True,0.10524208941085512,0.07666841895096406,0.0,0.6927150110583378,0.16088192102860913,0.9622718217829048,0.28724047816518283,0.577123514556808,0.0,0.0,0.20067195098166163,3.0,False,False,201
513,FORM_001096,PUBCHEM_23578053,"6-(3-Phenyl-2,4-dihydro-1,3-benzoxazin-4-yl)benzo[c][2,1]benzoxaphosphinine 6-oxide",pubchem,P-N,PUBLIC_UNVERIFIED,False,True,True,True,True,Candidate,,"6-(3-Phenyl-2,4-dihydro-1,3-benzoxazin-4-yl)benzo[c][2,1]benzoxaphosphinine 6-oxide",,DDM,DOPO-based (additive),0,1,P-N,100.00%,0.00%,O=P1(C2c3ccccc3OCN2c2ccccc2)Oc2ccccc2-c2ccccc21,,NC1=CC=C(CC2=CC=C(N)C=C2)C=C1,3.42,0.2490011847004399,0.1126028150739027,0.0,0.0,0.0,0.4522179892813328,0.0,0.0,0.0,1,1,0,0,0,1,0,0,0,0,0,160.0,3.2,,24.8,,3.2,,,3.0,35.0,,1184.0,,,87.2,,,159.0,,,17.0,,,62.6,,,97.55,,,,,Virtual screening scenario,,,,,,,,,,,,,,,,,,,,,,,,,,,,,,,,31.679307551062976,25.27289475855984,38.08572034356611,12.812825585006273,True,GBDT,compact,260,1042.3389421206666,512.1326859243268,1572.5451983170065,1060.4125123926797,True,GBDT,compact,330,69.67351182054647,39.14875873239363,100.1982649086993,61.04950617630567,True,GBDT,descriptors,30,0.5520963177065858,1,0.9891438947256579,ExtraTrees,morgan_r3,ALL,156.45069885253906,129.25428771972656,183.64710998535156,54.392822265625,True,XGB,morgan_r3,270,76.49616319926282,52.39724751591435,100.59507888261129,48.197831366696946,True,GBDT,compact,140,1095,True,O=P1(C2c3ccccc3OCN2c2ccccc2)Oc2ccccc2-c2ccccc21,O=P1(C2c3ccccc3OCN2c2ccccc2)Oc2ccccc2-c2ccccc21,0.7948717948717948,True,In_domain,Maximum Tanimoto >= 0.70.,DOPOBH,O=P1(C2c3ccccc3OCN2c2ccc(O)cc2)Oc2ccccc2-c2ccccc21,0.7948717948717948,SFD-BOZ,O=P1(C2c3ccccc3OCN2Cc2ccco2)Oc2ccccc2-c2ccccc21,0.5434782608695652,DOPOMAH,O=C1CC(P2(=O)Oc3ccccc3-c3ccccc32)C(=O)O1,0.40963855421686746,0.7948717948717948,True,0.9981906491209429,-0.4122055580592807,0.02136283919998176,True,True,True,True,0.1350619496511411,0.0,0.0,0.6927150110583378,0.16770292629362457,0.9945735669354606,0.28178304146480426,0.5833333333333334,0.0,0.0,0.19428304146480424,3.0,False,False,202
521,FORM_000360,CAND_R2_122,DOPT-aryl-methyl-to-acid,designed,P-N-S,B,True,True,True,True,True,Candidate,,DOPT-aryl-methyl-to-acid,,DDM,DOPO-based (additive),0,1,P-N-S,100.00%,0.00%,O=C(O)c1ccc(S(=O)(=O)NP2(=O)Oc3ccccc3-c3ccccc32)cc1,,NC1=CC=C(CC2=CC=C(N)C=C2)C=C1,10.0,0.7457091748663217,0.3372231036466897,0.7720235071491682,0.0,0.0,0.4522179892813327,1.0352876606185832,0.0,0.0,1,1,1,0,0,1,0,0,0,0,0,160.0,3.2,,24.8,,3.2,,,3.0,35.0,,1184.0,,,87.2,,,159.0,,,17.0,,,62.6,,,97.55,,,,,Virtual screening scenario,,,,,,,,,,,,,,,,,,,,,,,,,,,,,,,,34.38545889071363,27.979046098210492,40.79187168321677,12.812825585006273,True,GBDT,compact,260,715.5753019890768,185.36904579273698,1245.7815581854165,1060.4125123926797,True,GBDT,compact,330,65.9825461382468,35.45779305009397,96.50729922639964,61.04950617630567,True,GBDT,descriptors,30,0.6531823483910708,1,0.9061406725655864,ExtraTrees,morgan_r3,ALL,141.63284301757812,114.43643188476562,168.82925415039062,54.392822265625,True,XGB,morgan_r3,270,76.59008282490109,52.491167141552616,100.68899850824957,48.197831366696946,True,GBDT,compact,140,357,True,O=C(O)c1ccc(S(=O)(=O)NP2(=O)Oc3ccccc3-c3ccccc32)cc1,O=P1(NS(=O)(=O)c2ccccc2)Oc2ccccc2-c2ccccc21,0.7164179104477612,True,In_domain,Maximum Tanimoto >= 0.70.,DOPT,Cc1ccc(S(=O)(=O)NP2(=O)Oc3ccccc3-c3ccccc32)cc1,0.7164179104477612,DAP,O=P1(Nc2ncccn2)Oc2ccccc2-c2ccccc21,0.42857142857142855,D-ATA,O=P1(Nc2nc[nH]n2)Oc2ccccc2-c2ccccc21,0.4074074074074074,0.7164179104477612,True,0.984356778760931,-0.34794456462519185,0.13612835121799785,True,True,True,True,0.4355544140189854,0.6816236157957287,0.4971329723926273,0.8463915693815033,0.0,0.9996657851243479,0.5921070928302038,0.48985952082419854,0.0,0.0,0.518628164706574,4.0,False,False,203
523,FORM_000309,CAND_R2_103,DOPO-HPM-OH-methyl,designed,P-N,B,True,True,True,True,True,Candidate,,DOPO-HPM-OH-methyl,,DDM,DOPO-based (additive),0,1,P-N,100.00%,0.00%,COC(COc1ccc(N2C(=O)CC(P3(=O)Oc4ccccc4-c4ccccc43)C2=O)cc1)Cn1c(=O)n(CC2CO2)c(=O)n(CC2CO2)c1=O,,NC1=CC=C(CC2=CC=C(N)C=C2)C=C1,10.0,0.4322114311230187,0.7818151373074349,0.0,0.0,0.0,1.8088719571253309,0.0,0.0,0.0,1,1,0,0,0,1,0,0,0,0,0,160.0,3.2,,24.8,,3.2,,,3.0,35.0,,1184.0,,,87.2,,,159.0,,,17.0,,,62.6,,,97.55,,,,,Virtual screening scenario,,,,,,,,,,,,,,,,,,,,,,,,,,,,,,,,33.69260111535092,27.28618832284778,40.09901390785406,12.812825585006273,True,GBDT,compact,260,763.3182169652983,233.1119607689585,1293.524473161638,1060.4125123926797,True,GBDT,compact,330,64.657721830872,34.13296874271917,95.18247491902484,61.04950617630567,True,GBDT,descriptors,30,0.6148932510366275,1,0.947198163464938,ExtraTrees,morgan_r3,ALL,159.6036834716797,132.4072723388672,186.8000946044922,54.392822265625,True,XGB,morgan_r3,270,72.70190499414728,48.60298931079881,96.80082067749575,48.197831366696946,True,GBDT,compact,140,306,True,COC(COc1ccc(N2C(=O)CC(P3(=O)Oc4ccccc4-c4ccccc43)C2=O)cc1)Cn1c(=O)n(CC2CO2)c(=O)n(CC2CO2)c1=O,O=C1CC(P2(=O)Oc3ccccc3-c3ccccc32)C(=O)N1c1ccc(OCCCn2c(=O)n(CC3CO3)c(=O)n(CC3CO3)c2=O)cc1,0.7962962962962963,True,In_domain,Maximum Tanimoto >= 0.70.,DOPO-HPM,O=C1CC(P2(=O)Oc3ccccc3-c3ccccc32)C(=O)N1c1ccc(OCC(O)Cn2c(=O)n(CC3CO3)c(=O)n(CC3CO3)c2=O)cc1,0.7962962962962963,DMT,O=C1CC(P2(=O)Oc3ccccc3-c3ccccc32)C(=O)N1c1ccc(OCC(O)Cn2c(=O)n(CC(O)COc3ccc(N4C(=O)CC(P5(=O)Oc6ccccc6-c6ccccc65)C4=O)cc3)c(=O)n(CC(O)COc3ccc(N4C(=O)CC(P5(=O)Oc6ccccc6-c6ccccc65)C4=O)cc3)c2=O)cc1,0.6788990825688074,DOPO-TMT,O=C1CC(P2(=O)Oc3ccccc3-c3ccccc32)C(=O)N1c1ccc(Oc2nc(Oc3ccc(N4C(=O)CC(P5(=O)Oc6ccccc6-c6ccccc65)C4=O)cc3)nc(Oc3ccc(N4C(=O)CC(P5(=O)Oc6ccccc6-c6ccccc65)C4=O)cc3)n2)cc1,0.5545454545454546,0.7962962962962963,True,0.991199693910823,-1.992391075994342,0.9046796509667779,True,True,True,True,0.35861912317821504,0.41165835230353814,0.393826575392765,0.9015517787859377,0.2558873473617096,0.7888530850434141,0.5176052091726036,0.5371901498181337,0.0,0.0,0.4370266866998835,4.0,False,False,204
524,FORM_001143,PUBCHEM_89591181,DOPO-ethyltriethoxysilane (DOPO-ETES),pubchem,P-Si,PUBLIC_UNVERIFIED,False,True,True,True,True,Candidate,,DOPO-ethyltriethoxysilane (DOPO-ETES),,DDM,DOPO-based (additive),0,1,P-Si,100.00%,0.00%,CCO[Si](CCP1(=O)Oc2ccccc2-c2ccccc21)(OCC)OCC,,NC1=CC=C(CC2=CC=C(N)C=C2)C=C1,10.0,0.7619848901943704,0.0,0.0,0.0,0.6909378067411083,0.0,0.0,0.0,0.9067605088138438,1,0,0,0,1,1,0,0,0,0,0,160.0,3.2,,24.8,,3.2,,,3.0,35.0,,1184.0,,,87.2,,,159.0,,,17.0,,,62.6,,,97.55,,,,,Virtual screening scenario,,,,,,,,,,,,,,,,,,,,,,,,,,,,,,,,33.000551405869984,26.594138613366848,39.40696419837312,12.812825585006273,True,GBDT,compact,260,765.9239568474268,235.71770065108694,1296.1302130437666,1060.4125123926797,True,GBDT,compact,330,65.9176462766803,35.39289318852747,96.44239936483314,61.04950617630567,True,GBDT,descriptors,30,0.6399988319460189,1,0.9216013082150014,ExtraTrees,morgan_r3,ALL,147.8563995361328,120.65998840332031,175.0528106689453,54.392822265625,True,XGB,morgan_r3,270,74.22482094012133,50.12590525677286,98.32373662346981,48.197831366696946,True,GBDT,compact,140,1140,True,CCO[Si](CCP1(=O)Oc2ccccc2-c2ccccc21)(OCC)OCC,O=[PH]1Oc2ccccc2-c2ccccc21,0.7540983606557377,True,In_domain,Maximum Tanimoto >= 0.70.,DOPO-VTS,CO[Si](CCP1(=O)Oc2ccccc2-c2ccccc21)(OC)OC,0.7540983606557377,DOPO-Si,CCO[Si](CCCC(O)C(O)CP1(=O)Oc2ccccc2-c2ccccc21)(OCC)OCC,0.5769230769230769,TAD,O=c1n(CCCP2(=O)Oc3ccccc3-c3ccccc32)c(=O)n(CCCP2(=O)Oc3ccccc3-c3ccccc32)c(=O)n1CCCP1(=O)Oc2ccccc2-c2ccccc21,0.5138888888888888,0.7540983606557377,True,0.9869335513691668,-1.8911644444225475,0.0764960307406701,True,True,True,True,0.28177356039685847,0.5886704845715724,0.38818826028620723,0.8490937314224616,0.0,0.8714239026710782,0.5086875976025278,0.5076823734609247,0.0,0.0,0.4325352415833891,4.0,False,False,205
526,FORM_001161,PUBCHEM_163749195,"Trimethyl-[2-(6-oxobenzo[c][2,1]benzoxaphosphinin-6-yl)ethyl]silane",pubchem,P-Si,PUBLIC_UNVERIFIED,False,True,True,True,True,Candidate,,"Trimethyl-[2-(6-oxobenzo[c][2,1]benzoxaphosphinin-6-yl)ethyl]silane",,DDM,DOPO-based (additive),0,1,P-Si,100.00%,0.00%,C[Si](C)(C)CCP1(=O)Oc2ccccc2-c2ccccc21,,NC1=CC=C(CC2=CC=C(N)C=C2)C=C1,10.0,0.9789104746012334,0.0,0.0,0.0,0.8876373600326154,0.0,0.0,0.0,0.9067605088138436,1,0,0,0,1,1,0,0,0,0,0,160.0,3.2,,24.8,,3.2,,,3.0,35.0,,1184.0,,,87.2,,,159.0,,,17.0,,,62.6,,,97.55,,,,,Virtual screening scenario,,,,,,,,,,,,,,,,,,,,,,,,,,,,,,,,32.85184297932859,26.44543018682545,39.25825577183173,12.812825585006273,True,GBDT,compact,260,788.0461544931608,257.83989829682093,1318.2524106895007,1060.4125123926797,True,GBDT,compact,330,64.3696317364813,33.84487864832846,94.89438482463413,61.04950617630567,True,GBDT,descriptors,30,0.6443109983826005,1,0.9166973429832682,ExtraTrees,morgan_r3,ALL,148.72703552246094,121.53062438964844,175.92344665527344,54.392822265625,True,XGB,morgan_r3,270,71.30741802380957,47.2085023404611,95.40633370715804,48.197831366696946,True,GBDT,compact,140,1158,True,C[Si](C)(C)CCP1(=O)Oc2ccccc2-c2ccccc21,O=[PH]1Oc2ccccc2-c2ccccc21,0.7368421052631579,True,In_domain,Maximum Tanimoto >= 0.70.,DOPO-VTS,CO[Si](CCP1(=O)Oc2ccccc2-c2ccccc21)(OC)OC,0.7368421052631579,TAD,O=c1n(CCCP2(=O)Oc3ccccc3-c3ccccc32)c(=O)n(CCCP2(=O)Oc3ccccc3-c3ccccc32)c(=O)n1CCCP1(=O)Oc2ccccc2-c2ccccc21,0.578125,PMSBA,C[Si](CCP1(=O)Oc2ccccc2-c2ccccc21)(Nc1nc2ccccc2s1)Nc1nc2ccccc2s1,0.56,0.7368421052631579,True,0.9861162238305448,-1.2981515384822866,0.18589185792557156,True,True,True,True,0.2652608987031272,0.6190743130425731,0.34032012040329795,0.9135466598018392,0.0,0.7132455443801878,0.49896495282818626,0.5020291356741513,0.0,0.0,0.42366058247706356,4.0,False,False,206
527,FORM_001125,PUBCHEM_102416127,"Dimethoxy-methyl-[2-(6-oxobenzo[c][2,1]benzoxaphosphinin-6-yl)ethyl]silane",pubchem,P-Si,PUBLIC_UNVERIFIED,False,True,True,True,True,Candidate,,"Dimethoxy-methyl-[2-(6-oxobenzo[c][2,1]benzoxaphosphinin-6-yl)ethyl]silane",,DDM,DOPO-based (additive),0,1,P-Si,100.00%,0.00%,CO[Si](C)(CCP1(=O)Oc2ccccc2-c2ccccc21)OC,,NC1=CC=C(CC2=CC=C(N)C=C2)C=C1,10.0,0.8890075227245979,0.0,0.0,0.0,0.8061169136450913,0.0,0.0,0.0,0.9067605088138438,1,0,0,0,1,1,0,0,0,0,0,160.0,3.2,,24.8,,3.2,,,3.0,35.0,,1184.0,,,87.2,,,159.0,,,17.0,,,62.6,,,97.55,,,,,Virtual screening scenario,,,,,,,,,,,,,,,,,,,,,,,,,,,,,,,,32.84198707372225,26.435574281219115,39.248399866225384,12.812825585006273,True,GBDT,compact,260,741.5963778875689,211.39012169122907,1271.8026340839087,1060.4125123926797,True,GBDT,compact,330,65.36932984591395,34.84457675776112,95.89408293406679,61.04950617630567,True,GBDT,descriptors,30,0.6363796810505827,1,0.9256023303861654,ExtraTrees,morgan_r3,ALL,147.87599182128906,120.67958068847656,175.07240295410156,54.392822265625,True,XGB,morgan_r3,270,71.30741802380957,47.2085023404611,95.40633370715804,48.197831366696946,True,GBDT,compact,140,1122,True,CO[Si](C)(CCP1(=O)Oc2ccccc2-c2ccccc21)OC,O=[PH]1Oc2ccccc2-c2ccccc21,0.7627118644067796,True,In_domain,Maximum Tanimoto >= 0.70.,DOPO-VTS,CO[Si](CCP1(=O)Oc2ccccc2-c2ccccc21)(OC)OC,0.7627118644067796,TAD,O=c1n(CCCP2(=O)Oc3ccccc3-c3ccccc32)c(=O)n(CCCP2(=O)Oc3ccccc3-c3ccccc32)c(=O)n1CCCP1(=O)Oc2ccccc2-c2ccccc21,0.5362318840579711,PMSBA,C[Si](CCP1(=O)Oc2ccccc2-c2ccccc21)(Nc1nc2ccccc2s1)Nc1nc2ccccc2s1,0.525,0.7627118644067796,True,0.9876003883976942,-1.4997060551398023,0.32683442486673203,True,True,True,True,0.26416649377431517,0.5631529066548122,0.44082841707856635,0.8719233617157767,0.0,0.7132455443801878,0.4993387902827129,0.5122947083073013,0.0,0.0,0.4224945840366177,4.0,False,False,207
530,FORM_001182,PUBCHEM_57582522,"6-Benzhydrylbenzo[c][2,1]benzoxaphosphinine 6-oxide",pubchem,P-only,PUBLIC_UNVERIFIED,False,True,True,True,True,Candidate,,"6-Benzhydrylbenzo[c][2,1]benzoxaphosphinine 6-oxide",,DDM,DOPO-based (additive),0,0,P-only,100.00%,0.00%,O=P1(C(c2ccccc2)c2ccccc2)Oc2ccccc2-c2ccccc21,,NC1=CC=C(CC2=CC=C(N)C=C2)C=C1,10.0,0.8099916579279757,0.0,0.0,0.0,0.0,0.0,0.0,0.0,0.0,1,0,0,0,0,1,0,0,0,0,0,160.0,3.2,,24.8,,3.2,,,3.0,35.0,,1184.0,,,87.2,,,159.0,,,17.0,,,62.6,,,97.55,,,,,Virtual screening scenario,,,,,,,,,,,,,,,,,,,,,,,,,,,,,,,,31.8601920614714,25.453779268968262,38.266604853974535,12.812825585006273,True,GBDT,compact,260,748.7781863745769,218.57193017823704,1278.9844425709166,1060.4125123926797,True,GBDT,compact,330,65.57715460622323,35.0524015180704,96.10190769437607,61.04950617630567,True,GBDT,descriptors,30,0.6483839822992659,1,0.9119287751880446,ExtraTrees,morgan_r3,ALL,150.80441284179688,123.60800170898438,178.00082397460938,54.392822265625,True,XGB,morgan_r3,270,68.77424717303293,44.67533148968446,92.87316285638141,48.197831366696946,True,GBDT,compact,140,1179,True,O=P1(C(c2ccccc2)c2ccccc2)Oc2ccccc2-c2ccccc21,O=P1(C(c2ccccc2)c2ccccc2)Oc2ccccc2-c2ccccc21,0.7241379310344828,True,In_domain,Maximum Tanimoto >= 0.70.,DOPO-PHE,O=P1(C(c2ccc(O)cc2)c2ccc(O)cc2)Oc2ccccc2-c2ccccc21,0.7241379310344828,DiDOPO,O=P1(CC(c2ccccc2)P2(=O)Oc3ccccc3-c3ccccc32)Oc2ccccc2-c2ccccc21,0.5352112676056338,DOPO-PHBA,O=P1(C(O)c2ccc(O)cc2)Oc2ccccc2-c2ccccc21,0.5074626865671642,0.7241379310344828,True,0.9853214625313408,1.0595602729064788,-0.5673800322480925,True,True,True,True,0.1551474605766367,0.6477917352916094,0.42528837811979425,0.8632703975194886,0.009784470231559109,0.5758998235660222,0.47686802368126396,0.4965319825796907,0.0,0.0,0.40238822629431037,4.0,False,False,208
535,FORM_001116,PUBCHEM_102234466,"4-[Anilino-(6-oxobenzo[c][2,1]benzoxaphosphinin-6-yl)methyl]phenol",pubchem,P-N,PUBLIC_UNVERIFIED,False,True,True,True,True,Candidate,,"4-[Anilino-(6-oxobenzo[c][2,1]benzoxaphosphinin-6-yl)methyl]phenol",,DDM,DOPO-based (reactive),1,1,P-N,100.00%,0.00%,O=P1(C(Nc2ccccc2)c2ccc(O)cc2)Oc2ccccc2-c2ccccc21,,NC1=CC=C(CC2=CC=C(N)C=C2)C=C1,10.0,0.7492265603645746,0.338813728644237,0.0,0.0,0.0,0.4522179892813328,0.0,0.0,0.0,1,1,0,0,0,1,0,0,0,0,0,160.0,3.2,,24.7,,3.0,,,3.0,35.0,,1149.8,,,93.5,,,164.0,,,16.0,,,59.0,,,105.1,,,,,Virtual screening scenario,,,,,,,,,,,,,,,,,,,,,,,,,,,,,,,,33.52613561373426,27.119722821231125,39.9325484062374,12.812825585006273,True,GBDT,compact,260,747.3141237895111,217.10786759317125,1277.520379985851,1060.4125123926797,True,GBDT,compact,330,76.85753820968282,46.33278512152998,107.38229129783565,61.04950617630567,True,GBDT,descriptors,30,0.6950354371617767,1,0.8478447130044585,ExtraTrees,morgan_r3,ALL,149.8869171142578,122.69050598144531,177.0833282470703,54.392822265625,True,XGB,morgan_r3,270,61.519258049743,37.42034236639453,85.61817373309148,48.197831366696946,True,GBDT,compact,140,1113,True,O=P1(C(Nc2ccccc2)c2ccc(O)cc2)Oc2ccccc2-c2ccccc21,O=P1(C(Nc2ccccc2)c2ccccc2)Oc2ccccc2-c2ccccc21,0.7702702702702703,True,In_domain,Maximum Tanimoto >= 0.70.,DOPO-DDM,O=P1(C(Nc2ccc(Cc3ccc(NC(c4ccc(O)cc4)P4(=O)Oc5ccccc5-c5ccccc54)cc3)cc2)c2ccc(O)cc2)Oc2ccccc2-c2ccccc21,0.7702702702702703,DOPO-DDE,O=P1(C(Nc2ccc(Oc3ccc(NC(c4ccc(O)cc4)P4(=O)Oc5ccccc5-c5ccccc54)cc3)cc2)c2ccc(O)cc2)Oc2ccccc2-c2ccccc21,0.76,DOPO-DDS,O=P1(C(Nc2ccc(S(=O)(=O)c3ccc(NC(c4ccc(O)cc4)P4(=O)Oc5ccccc5-c5ccccc54)cc3)cc2)c2ccc(O)cc2)Oc2ccccc2-c2ccccc21,0.75,0.7702702702702703,True,0.9746407855007431,2.493308233485277,-0.22691133383486714,True,True,True,True,0.3401347065529882,0.9767175437969976,0.4284563252533278,0.3936018397601929,0.0,0.18254234026335067,0.44603631709903635,0.4226565726314544,0.0,0.0,0.3826378312043182,4.0,False,False,209
536,FORM_001071,PUBCHEM_90377172,"4-[(4-Hydroxyanilino)-(6-oxobenzo[c][2,1]benzoxaphosphinin-6-yl)methyl]phenol",pubchem,P-N,PUBLIC_UNVERIFIED,False,True,True,True,True,Candidate,,"4-[(4-Hydroxyanilino)-(6-oxobenzo[c][2,1]benzoxaphosphinin-6-yl)methyl]phenol",,DDM,DOPO-based (reactive),1,1,P-N,100.00%,0.00%,O=P1(C(Nc2ccc(O)cc2)c2ccc(O)cc2)Oc2ccccc2-c2ccccc21,,NC1=CC=C(CC2=CC=C(N)C=C2)C=C1,10.0,0.7213119335277076,0.3261902322245302,0.0,0.0,0.0,0.4522179892813327,0.0,0.0,0.0,1,1,0,0,0,1,0,0,0,0,0,160.0,3.2,,24.7,,3.0,,,3.0,35.0,,1149.8,,,93.5,,,164.0,,,16.0,,,59.0,,,105.1,,,,,Virtual screening scenario,,,,,,,,,,,,,,,,,,,,,,,,,,,,,,,,33.60826409270338,27.201851300200243,40.01467688520651,12.812825585006273,True,GBDT,compact,260,745.7567150270205,215.55045883068067,1275.9629712233605,1060.4125123926797,True,GBDT,compact,330,77.47797963668003,46.9532265485272,108.00273272483287,61.04950617630567,True,GBDT,descriptors,30,0.6930738846085066,1,0.8508899003287242,ExtraTrees,morgan_r3,ALL,151.1603240966797,123.96391296386719,178.3567352294922,54.392822265625,True,XGB,morgan_r3,270,61.95432564710259,37.85540996375412,86.05324133045107,48.197831366696946,True,GBDT,compact,140,1068,True,O=P1(C(Nc2ccc(O)cc2)c2ccc(O)cc2)Oc2ccccc2-c2ccccc21,O=P1(C(Nc2ccccc2)c2ccccc2)Oc2ccccc2-c2ccccc21,0.8428571428571429,True,In_domain,Maximum Tanimoto >= 0.70.,DOPO-DDM,O=P1(C(Nc2ccc(Cc3ccc(NC(c4ccc(O)cc4)P4(=O)Oc5ccccc5-c5ccccc54)cc3)cc2)c2ccc(O)cc2)Oc2ccccc2-c2ccccc21,0.8428571428571429,DOPO-DDE,O=P1(C(Nc2ccc(Oc3ccc(NC(c4ccc(O)cc4)P4(=O)Oc5ccccc5-c5ccccc54)cc3)cc2)c2ccc(O)cc2)Oc2ccccc2-c2ccccc21,0.8309859154929577,DOPO-DDS,O=P1(C(Nc2ccc(S(=O)(=O)c3ccc(NC(c4ccc(O)cc4)P4(=O)Oc5ccccc5-c5ccccc54)cc3)cc2)c2ccc(O)cc2)Oc2ccccc2-c2ccccc21,0.8194444444444444,0.8428571428571429,True,0.975148316721454,2.5153651193201787,-0.3484160454214821,True,True,True,True,0.34925429594128854,0.9628872085714038,0.4318262553882818,0.36776922267591816,0.019738793437871154,0.20613122403087078,0.4449343982622526,0.4261670314613712,0.0,0.0,0.38100934354304694,4.0,False,False,210
545,FORM_001101,PUBCHEM_102300993,"4-[4-(6-Oxobenzo[c][2,1]benzoxaphosphinin-6-yl)-2,4-dihydro-1,3-benzoxazin-3-yl]benzoic acid",pubchem,P-N,PUBLIC_UNVERIFIED,False,True,True,True,True,Candidate,,"4-[4-(6-Oxobenzo[c][2,1]benzoxaphosphinin-6-yl)-2,4-dihydro-1,3-benzoxazin-3-yl]benzoic acid",,DDM,DOPO-based (reactive),1,1,P-N,100.00%,0.00%,O=C(O)c1ccc(N2COc3ccccc3C2P2(=O)Oc3ccccc3-c3ccccc32)cc1,,NC1=CC=C(CC2=CC=C(N)C=C2)C=C1,10.0,0.6598172689180349,0.2983812386432141,0.0,0.0,0.0,0.4522179892813327,0.0,0.0,0.0,1,1,0,0,0,1,0,0,0,0,0,160.0,3.2,,24.7,,3.0,,,3.0,35.0,,1149.8,,,93.5,,,164.0,,,16.0,,,59.0,,,105.1,,,,,Virtual screening scenario,,,,,,,,,,,,,,,,,,,,,,,,,,,,,,,,33.352803594401784,26.946390801898648,39.759216386904924,12.812825585006273,True,GBDT,compact,260,736.4586311757087,206.25237497936882,1266.6648873720485,1060.4125123926797,True,GBDT,compact,330,76.18651116541842,45.66175807726559,106.71126425357126,61.04950617630567,True,GBDT,descriptors,30,0.6085004266073106,1,0.9529106297041264,ExtraTrees,morgan_r3,ALL,152.90956115722656,125.71315002441406,180.10597229003906,54.392822265625,True,XGB,morgan_r3,270,68.9560749272904,44.85715924394193,93.05499061063887,48.197831366696946,True,GBDT,compact,140,1098,True,O=C(O)c1ccc(N2COc3ccccc3C2P2(=O)Oc3ccccc3-c3ccccc32)cc1,O=P1(C2c3ccccc3OCN2c2ccccc2)Oc2ccccc2-c2ccccc21,0.7926829268292683,True,In_domain,Maximum Tanimoto >= 0.70.,DOPOBH,O=P1(C2c3ccccc3OCN2c2ccc(O)cc2)Oc2ccccc2-c2ccccc21,0.7926829268292683,SFD-BOZ,O=P1(C2c3ccccc3OCN2Cc2ccco2)Oc2ccccc2-c2ccccc21,0.5204081632653061,DOPOMAH,O=C1CC(P2(=O)Oc3ccccc3-c3ccccc32)C(=O)O1,0.37777777777777777,0.7926829268292683,True,0.9921517716173543,-0.6223542722543263,0.3197387942999437,True,True,True,True,0.3208878281985076,0.3665844108746325,0.4519455032842268,0.4215406329055327,0.06866242489447137,0.5857583232265786,0.3776337498646849,0.5437754187735651,0.0,0.0,0.29606743704865013,4.0,False,False,211
559,FORM_001194,PUBCHEM_155790270,"1-(4-Tert-butylphenoxy)-3-(6-oxobenzo[c][2,1]benzoxaphosphinin-6-yl)propan-2-ol",pubchem,P-only,PUBLIC_UNVERIFIED,False,True,True,True,True,Candidate,,"1-(4-Tert-butylphenoxy)-3-(6-oxobenzo[c][2,1]benzoxaphosphinin-6-yl)propan-2-ol",,DDM,DOPO-based (reactive),1,0,P-only,100.00%,0.00%,CC(C)(C)c1ccc(OCC(O)CP2(=O)Oc3ccccc3-c3ccccc32)cc1,,NC1=CC=C(CC2=CC=C(N)C=C2)C=C1,10.0,0.7331801041989674,0.0,0.0,0.0,0.0,0.0,0.0,0.0,0.0,1,0,0,0,0,1,0,0,0,0,0,160.0,3.2,,24.7,,3.0,,,3.0,35.0,,1149.8,,,93.5,,,164.0,,,16.0,,,59.0,,,105.1,,,,,Virtual screening scenario,,,,,,,,,,,,,,,,,,,,,,,,,,,,,,,,31.04128888518356,24.634876092680425,37.447701677686695,12.812825585006273,True,GBDT,compact,260,728.5424103648243,198.33615416848443,1258.748666561164,1060.4125123926797,True,GBDT,compact,330,75.98200309076496,45.45725000261213,106.5067561789178,61.04950617630567,True,GBDT,descriptors,30,0.6221012926846868,1,0.9403650972989137,ExtraTrees,morgan_r3,ALL,156.00222778320312,128.80581665039062,183.19863891601562,54.392822265625,True,XGB,morgan_r3,270,58.78084628923893,34.68193060589046,82.8797619725874,48.197831366696946,True,GBDT,compact,140,1191,True,CC(C)(C)c1ccc(OCC(O)CP2(=O)Oc3ccccc3-c3ccccc32)cc1,O=P1(CCCOc2ccccc2)Oc2ccccc2-c2ccccc21,0.7159090909090909,True,In_domain,Maximum Tanimoto >= 0.70.,DE-1,CC(C)(c1ccc(OCC(O)CP2(=O)Oc3ccccc3-c3ccccc32)cc1)c1ccc(OCC2CO2)cc1,0.7159090909090909,DOPO-GE,C=CCc1ccc(OCC(O)CP2(=O)Oc3ccccc3-c3ccccc32)c(OC)c1,0.5368421052631579,KHDOPO,CO[Si](CCCOCC(O)CP1(=O)Oc2ccccc2-c2ccccc21)(OC)OC,0.5333333333333333,0.7159090909090909,True,0.990060849549819,-2.0866515637325644,0.26351588667339604,True,True,True,True,0.0642160222953047,0.4624801526914547,0.4690746678992299,0.4300555040171111,0.15515983890426907,0.034068684403498535,0.3040881217113968,0.5293130654539692,0.0,0.0,0.22469116189330146,4.0,False,False,212
575,FORM_001093,PUBCHEM_57831609,"6-[3-(4-Methylphenyl)-2,4-dihydro-1,3-benzoxazin-4-yl]benzo[c][2,1]benzoxaphosphinine 6-oxide",pubchem,P-N,PUBLIC_UNVERIFIED,False,True,True,True,True,Candidate,,"6-[3-(4-Methylphenyl)-2,4-dihydro-1,3-benzoxazin-4-yl]benzo[c][2,1]benzoxaphosphinine 6-oxide",,DDM,DOPO-based (additive),0,1,P-N,100.00%,0.00%,Cc1ccc(N2COc3ccccc3C2P2(=O)Oc3ccccc3-c3ccccc32)cc1,,NC1=CC=C(CC2=CC=C(N)C=C2)C=C1,3.42,0.2410532232262526,0.1090086039171602,0.0,0.0,0.0,0.4522179892813327,0.0,0.0,0.0,1,1,0,0,0,1,0,0,0,0,0,160.0,3.2,,24.8,,3.2,,,3.0,35.0,,1184.0,,,87.2,,,159.0,,,17.0,,,62.6,,,97.55,,,,,Virtual screening scenario,,,,,,,,,,,,,,,,,,,,,,,,,,,,,,,,31.602424160404354,25.196011367901217,38.00883695290749,12.812825585006273,True,GBDT,compact,260,1017.2921794882892,487.08592329194937,1547.498435684629,1060.4125123926797,True,GBDT,compact,330,69.67351182054647,39.14875873239363,100.1982649086993,61.04950617630567,True,GBDT,descriptors,30,0.552483045989821,1,0.9889821195345213,ExtraTrees,morgan_r3,ALL,156.25564575195312,129.05923461914062,183.45205688476562,54.392822265625,True,XGB,morgan_r3,270,73.94114252803587,49.842226844687396,98.04005821138435,48.197831366696946,True,GBDT,compact,140,1092,True,Cc1ccc(N2COc3ccccc3C2P2(=O)Oc3ccccc3-c3ccccc32)cc1,O=P1(C2c3ccccc3OCN2c2ccccc2)Oc2ccccc2-c2ccccc21,0.8,True,In_domain,Maximum Tanimoto >= 0.70.,DOPOBH,O=P1(C2c3ccccc3OCN2c2ccc(O)cc2)Oc2ccccc2-c2ccccc21,0.8,SFD-BOZ,O=P1(C2c3ccccc3OCN2Cc2ccco2)Oc2ccccc2-c2ccccc21,0.5208333333333334,DOPOMAH,O=C1CC(P2(=O)Oc3ccccc3-c3ccccc32)C(=O)O1,0.39080459770114945,0.8,True,0.9981636865890868,-0.6938358775378299,0.2312242485934664,True,True,True,True,0.12652477762034567,0.0,0.0,0.6927150110583378,0.16224757308692417,0.8560431730312472,0.2656770323475538,0.5833333333333334,0.0,0.0,0.17817703234755378,4.0,False,False,213
