ID,Smiles,Bond_Type,Target_Bond_Label,BDE(kJ/mol),Canonical_SMILES,Bond_Type_norm,Model_Use,Linkage_Type,Target_Bond_Label_clean,Target_Bond_Subtype,Target_X_atom_class,Target_Bond_Count,Potential_PX_Bond_Count,Classification_Reason
1,O=P(C1=CC=CC=C21)(NC3CCCCNC3=O)OC4=C2C=CC=C4,P-N,DOPO_P-N,395,O=C1NCCCCC1NP1(=O)Oc2ccccc2-c2ccccc21,P-N,Use_pc_pn_model,DOPO-N,DOPO_P-N,DOPO_P-N_alkyl_amine_N,alkyl_amine_N,1,1,selected_all_P-N_bonds; selected 1 target P-N bond(s) from 1 total P-N bond(s); subtype=DOPO_P-N_alkyl_amine_N
2,CC1=CC=C(S(=O)(NP2(C3=C(C4=C(O2)C=CC=C4)C=CC=C3)=O)=O)C=C1,P-N,DOPO_P-N,401.2,Cc1ccc(S(=O)(=O)NP2(=O)Oc3ccccc3-c3ccccc32)cc1,P-N,Use_pc_pn_model,DOPO-N,DOPO_P-N,DOPO_P-N_sulfonamide_N,sulfonamide_N,1,1,selected_all_P-N_bonds; selected 1 target P-N bond(s) from 1 total P-N bond(s); subtype=DOPO_P-N_sulfonamide_N
3,O=P(C1=C2C=CC=C1)(C(NC3=NNC=N3)C4=CC=CS4)OC5=C2C=CC=C5,P-C,DOPO_P-C,233,O=P1(C(Nc2nc[nH]n2)c2cccs2)Oc2ccccc2-c2ccccc21,P-C,Use_pc_pn_model,DOPO-C,DOPO_P-C_external,DOPO_P-C_aliphatic_sp3,aliphatic_sp3_C,1,2,selected_nonaromatic_nonring_external_P-C; selected 1 target P-C bond(s) from 2 total P-C bond(s); subtype=DOPO_P-C_aliphatic_sp3
4,O=P(C1=C2C=CC=C1)(C(NC3=NNC(O)=N3)C4=CC=CS4)OC5=C2C=CC=C5,P-C,DOPO_P-C,263.3,O=P1(C(Nc2n[nH]c(O)n2)c2cccs2)Oc2ccccc2-c2ccccc21,P-C,Use_pc_pn_model,DOPO-C,DOPO_P-C_external,DOPO_P-C_aliphatic_sp3,aliphatic_sp3_C,1,2,selected_nonaromatic_nonring_external_P-C; selected 1 target P-C bond(s) from 2 total P-C bond(s); subtype=DOPO_P-C_aliphatic_sp3
5,O=P(C1=C2C=CC=C1)(C(NC3=NNC(OC)=N3)C4=CC=CS4)OC5=C2C=CC=C5,P-C,DOPO_P-C,263.5,COc1nc(NC(c2cccs2)P2(=O)Oc3ccccc3-c3ccccc32)n[nH]1,P-C,Use_pc_pn_model,DOPO-C,DOPO_P-C_external,DOPO_P-C_aliphatic_sp3,aliphatic_sp3_C,1,2,selected_nonaromatic_nonring_external_P-C; selected 1 target P-C bond(s) from 2 total P-C bond(s); subtype=DOPO_P-C_aliphatic_sp3
6,O=P(C1=C2C=CC=C1)(C(NC3=NNC(N)=N3)C4=CC=CS4)OC5=C2C=CC=C5,P-C,DOPO_P-C,261.6,Nc1nc(NC(c2cccs2)P2(=O)Oc3ccccc3-c3ccccc32)n[nH]1,P-C,Use_pc_pn_model,DOPO-C,DOPO_P-C_external,DOPO_P-C_aliphatic_sp3,aliphatic_sp3_C,1,2,selected_nonaromatic_nonring_external_P-C; selected 1 target P-C bond(s) from 2 total P-C bond(s); subtype=DOPO_P-C_aliphatic_sp3
7,O=P(C1=C2C=CC=C1)(C(NC3=NNC(C=O)=N3)C4=CC=CS4)OC5=C2C=CC=C5,P-C,DOPO_P-C,262.6,O=Cc1nc(NC(c2cccs2)P2(=O)Oc3ccccc3-c3ccccc32)n[nH]1,P-C,Use_pc_pn_model,DOPO-C,DOPO_P-C_external,DOPO_P-C_aliphatic_sp3,aliphatic_sp3_C,1,2,selected_nonaromatic_nonring_external_P-C; selected 1 target P-C bond(s) from 2 total P-C bond(s); subtype=DOPO_P-C_aliphatic_sp3
8,O=P(C1=C2C=CC=C1)(C(NC3=NNC(C(O)=O)=N3)C4=CC=CS4)OC5=C2C=CC=C5,P-C,DOPO_P-C,263.2,O=C(O)c1nc(NC(c2cccs2)P2(=O)Oc3ccccc3-c3ccccc32)n[nH]1,P-C,Use_pc_pn_model,DOPO-C,DOPO_P-C_external,DOPO_P-C_aliphatic_sp3,aliphatic_sp3_C,1,2,selected_nonaromatic_nonring_external_P-C; selected 1 target P-C bond(s) from 2 total P-C bond(s); subtype=DOPO_P-C_aliphatic_sp3
9,O=P(C1=C2C=CC=C1)(C(NC3=NNC(C(F)(F)F)=N3)C4=CC=CS4)OC5=C2C=CC=C5,P-C,DOPO_P-C,263.3,O=P1(C(Nc2n[nH]c(C(F)(F)F)n2)c2cccs2)Oc2ccccc2-c2ccccc21,P-C,Use_pc_pn_model,DOPO-C,DOPO_P-C_external,DOPO_P-C_aliphatic_sp3,aliphatic_sp3_C,1,2,selected_nonaromatic_nonring_external_P-C; selected 1 target P-C bond(s) from 2 total P-C bond(s); subtype=DOPO_P-C_aliphatic_sp3
10,O=P(C1=C2C=CC=C1)(C(NC3=NN(O)C=N3)C4=CC=CS4)OC5=C2C=CC=C5,P-C,DOPO_P-C,264.2,O=P1(C(Nc2ncn(O)n2)c2cccs2)Oc2ccccc2-c2ccccc21,P-C,Use_pc_pn_model,DOPO-C,DOPO_P-C_external,DOPO_P-C_aliphatic_sp3,aliphatic_sp3_C,1,2,selected_nonaromatic_nonring_external_P-C; selected 1 target P-C bond(s) from 2 total P-C bond(s); subtype=DOPO_P-C_aliphatic_sp3
11,O=P(C1=C2C=CC=C1)(C(NC3=NN(OC)C=N3)C4=CC=CS4)OC5=C2C=CC=C5,P-C,DOPO_P-C,264.6,COn1cnc(NC(c2cccs2)P2(=O)Oc3ccccc3-c3ccccc32)n1,P-C,Use_pc_pn_model,DOPO-C,DOPO_P-C_external,DOPO_P-C_aliphatic_sp3,aliphatic_sp3_C,1,2,selected_nonaromatic_nonring_external_P-C; selected 1 target P-C bond(s) from 2 total P-C bond(s); subtype=DOPO_P-C_aliphatic_sp3
12,O=P(C1=C2C=CC=C1)(C(NC3=NN(N)C=N3)C4=CC=CS4)OC5=C2C=CC=C5,P-C,DOPO_P-C,262.8,Nn1cnc(NC(c2cccs2)P2(=O)Oc3ccccc3-c3ccccc32)n1,P-C,Use_pc_pn_model,DOPO-C,DOPO_P-C_external,DOPO_P-C_aliphatic_sp3,aliphatic_sp3_C,1,2,selected_nonaromatic_nonring_external_P-C; selected 1 target P-C bond(s) from 2 total P-C bond(s); subtype=DOPO_P-C_aliphatic_sp3
13,O=P(C1=C2C=CC=C1)(C(NC3=NN(C=O)C=N3)C4=CC=CS4)OC5=C2C=CC=C5,P-C,DOPO_P-C,263.5,O=Cn1cnc(NC(c2cccs2)P2(=O)Oc3ccccc3-c3ccccc32)n1,P-C,Use_pc_pn_model,DOPO-C,DOPO_P-C_external,DOPO_P-C_aliphatic_sp3,aliphatic_sp3_C,1,2,selected_nonaromatic_nonring_external_P-C; selected 1 target P-C bond(s) from 2 total P-C bond(s); subtype=DOPO_P-C_aliphatic_sp3
14,O=P(C1=C2C=CC=C1)(C(NC3=NN(C(O)=O)C=N3)C4=CC=CS4)OC5=C2C=CC=C5,P-C,DOPO_P-C,263.5,O=C(O)n1cnc(NC(c2cccs2)P2(=O)Oc3ccccc3-c3ccccc32)n1,P-C,Use_pc_pn_model,DOPO-C,DOPO_P-C_external,DOPO_P-C_aliphatic_sp3,aliphatic_sp3_C,1,2,selected_nonaromatic_nonring_external_P-C; selected 1 target P-C bond(s) from 2 total P-C bond(s); subtype=DOPO_P-C_aliphatic_sp3
15,O=P(C1=C2C=CC=C1)(C(NC3=NN(C(F)(F)F)C=N3)C4=CC=CS4)OC5=C2C=CC=C5,P-C,DOPO_P-C,263.9,O=P1(C(Nc2ncn(C(F)(F)F)n2)c2cccs2)Oc2ccccc2-c2ccccc21,P-C,Use_pc_pn_model,DOPO-C,DOPO_P-C_external,DOPO_P-C_aliphatic_sp3,aliphatic_sp3_C,1,2,selected_nonaromatic_nonring_external_P-C; selected 1 target P-C bond(s) from 2 total P-C bond(s); subtype=DOPO_P-C_aliphatic_sp3
16,CNC(P1(C2=C(C3=C(O1)C=CC=C3)C=CC=C2)=O)C4=CC=CS4,P-C,DOPO_P-C,263.6,CNC(c1cccs1)P1(=O)Oc2ccccc2-c2ccccc21,P-C,Use_pc_pn_model,DOPO-C,DOPO_P-C_external,DOPO_P-C_aliphatic_sp3,aliphatic_sp3_C,1,2,selected_nonaromatic_nonring_external_P-C; selected 1 target P-C bond(s) from 2 total P-C bond(s); subtype=DOPO_P-C_aliphatic_sp3
17,O=S(C(C=C1)=CC=C1NC(P(OC2=C3C=CC=C2)(C4=CC=CC=C43)=O)C5=CC=CS5)(NC6=NC=CS6)=O,P-C,DOPO_P-C,242.1,O=P1(C(Nc2ccc(S(=O)(=O)Nc3nccs3)cc2)c2cccs2)Oc2ccccc2-c2ccccc21,P-C,Use_pc_pn_model,DOPO-C,DOPO_P-C_external,DOPO_P-C_aliphatic_sp3,aliphatic_sp3_C,1,2,selected_nonaromatic_nonring_external_P-C; selected 1 target P-C bond(s) from 2 total P-C bond(s); subtype=DOPO_P-C_aliphatic_sp3
18,O=S(C(C=C1)=CC=C1NC(P(OC2=C3C=CC=C2)(C4=CC=CC=C43)=O)C5=CC=CS5)(NC6=NC(O)=CS6)=O,P-C,DOPO_P-C,243.1,O=P1(C(Nc2ccc(S(=O)(=O)Nc3nc(O)cs3)cc2)c2cccs2)Oc2ccccc2-c2ccccc21,P-C,Use_pc_pn_model,DOPO-C,DOPO_P-C_external,DOPO_P-C_aliphatic_sp3,aliphatic_sp3_C,1,2,selected_nonaromatic_nonring_external_P-C; selected 1 target P-C bond(s) from 2 total P-C bond(s); subtype=DOPO_P-C_aliphatic_sp3
19,O=S(C(C=C1)=CC=C1NC(P(OC2=C3C=CC=C2)(C4=CC=CC=C43)=O)C5=CC=CS5)(NC6=NC(OC)=CS6)=O,P-C,DOPO_P-C,243.2,COc1csc(NS(=O)(=O)c2ccc(NC(c3cccs3)P3(=O)Oc4ccccc4-c4ccccc43)cc2)n1,P-C,Use_pc_pn_model,DOPO-C,DOPO_P-C_external,DOPO_P-C_aliphatic_sp3,aliphatic_sp3_C,1,2,selected_nonaromatic_nonring_external_P-C; selected 1 target P-C bond(s) from 2 total P-C bond(s); subtype=DOPO_P-C_aliphatic_sp3
20,O=S(C(C=C1)=CC=C1NC(P(OC2=C3C=CC=C2)(C4=CC=CC=C43)=O)C5=CC=CS5)(NC6=NC(N)=CS6)=O,P-C,DOPO_P-C,243.1,Nc1csc(NS(=O)(=O)c2ccc(NC(c3cccs3)P3(=O)Oc4ccccc4-c4ccccc43)cc2)n1,P-C,Use_pc_pn_model,DOPO-C,DOPO_P-C_external,DOPO_P-C_aliphatic_sp3,aliphatic_sp3_C,1,2,selected_nonaromatic_nonring_external_P-C; selected 1 target P-C bond(s) from 2 total P-C bond(s); subtype=DOPO_P-C_aliphatic_sp3
21,O=S(C(C=C1)=CC=C1NC(P(OC2=C3C=CC=C2)(C4=CC=CC=C43)=O)C5=CC=CS5)(NC6=NC(C=O)=CS6)=O,P-C,DOPO_P-C,240.7,O=Cc1csc(NS(=O)(=O)c2ccc(NC(c3cccs3)P3(=O)Oc4ccccc4-c4ccccc43)cc2)n1,P-C,Use_pc_pn_model,DOPO-C,DOPO_P-C_external,DOPO_P-C_aliphatic_sp3,aliphatic_sp3_C,1,2,selected_nonaromatic_nonring_external_P-C; selected 1 target P-C bond(s) from 2 total P-C bond(s); subtype=DOPO_P-C_aliphatic_sp3
22,O=S(C(C=C1)=CC=C1NC(P(OC2=C3C=CC=C2)(C4=CC=CC=C43)=O)C5=CC=CS5)(NC6=NC(C(O)=O)=CS6)=O,P-C,DOPO_P-C,241.4,O=C(O)c1csc(NS(=O)(=O)c2ccc(NC(c3cccs3)P3(=O)Oc4ccccc4-c4ccccc43)cc2)n1,P-C,Use_pc_pn_model,DOPO-C,DOPO_P-C_external,DOPO_P-C_aliphatic_sp3,aliphatic_sp3_C,1,2,selected_nonaromatic_nonring_external_P-C; selected 1 target P-C bond(s) from 2 total P-C bond(s); subtype=DOPO_P-C_aliphatic_sp3
23,O=S(C(C=C1)=CC=C1NC(P(OC2=C3C=CC=C2)(C4=CC=CC=C43)=O)C5=CC=CS5)(NC6=NC(C(F)(F)F)=CS6)=O,P-C,DOPO_P-C,241,O=P1(C(Nc2ccc(S(=O)(=O)Nc3nc(C(F)(F)F)cs3)cc2)c2cccs2)Oc2ccccc2-c2ccccc21,P-C,Use_pc_pn_model,DOPO-C,DOPO_P-C_external,DOPO_P-C_aliphatic_sp3,aliphatic_sp3_C,1,2,selected_nonaromatic_nonring_external_P-C; selected 1 target P-C bond(s) from 2 total P-C bond(s); subtype=DOPO_P-C_aliphatic_sp3
24,O=S(C(C=C1)=CC=C1NC(P(OC2=C3C=CC=C2)(C4=CC=CC=C43)=O)C5=CC=CS5)(NC6=NC=C(C(F)(F)F)S6)=O,P-C,DOPO_P-C,242,O=P1(C(Nc2ccc(S(=O)(=O)Nc3ncc(C(F)(F)F)s3)cc2)c2cccs2)Oc2ccccc2-c2ccccc21,P-C,Use_pc_pn_model,DOPO-C,DOPO_P-C_external,DOPO_P-C_aliphatic_sp3,aliphatic_sp3_C,1,2,selected_nonaromatic_nonring_external_P-C; selected 1 target P-C bond(s) from 2 total P-C bond(s); subtype=DOPO_P-C_aliphatic_sp3
25,O=S(C(C=C1)=CC=C1NC(P(OC2=C3C=CC=C2)(C4=CC=CC=C43)=O)C5=CC=CS5)(NC6=NC=C(O)S6)=O,P-C,DOPO_P-C,260.3,O=P1(C(Nc2ccc(S(=O)(=O)Nc3ncc(O)s3)cc2)c2cccs2)Oc2ccccc2-c2ccccc21,P-C,Use_pc_pn_model,DOPO-C,DOPO_P-C_external,DOPO_P-C_aliphatic_sp3,aliphatic_sp3_C,1,2,selected_nonaromatic_nonring_external_P-C; selected 1 target P-C bond(s) from 2 total P-C bond(s); subtype=DOPO_P-C_aliphatic_sp3
26,O=S(C(C=C1)=CC=C1NC(P(OC2=C3C=CC=C2)(C4=CC=CC=C43)=O)C5=CC=CS5)(NC6=NC=C(OC)S6)=O,P-C,DOPO_P-C,264.7,COc1cnc(NS(=O)(=O)c2ccc(NC(c3cccs3)P3(=O)Oc4ccccc4-c4ccccc43)cc2)s1,P-C,Use_pc_pn_model,DOPO-C,DOPO_P-C_external,DOPO_P-C_aliphatic_sp3,aliphatic_sp3_C,1,2,selected_nonaromatic_nonring_external_P-C; selected 1 target P-C bond(s) from 2 total P-C bond(s); subtype=DOPO_P-C_aliphatic_sp3
27,O=S(C(C=C1)=CC=C1NC(P(OC2=C3C=CC=C2)(C4=CC=CC=C43)=O)C5=CC=CS5)(NC6=NC=C(N)S6)=O,P-C,DOPO_P-C,262.3,Nc1cnc(NS(=O)(=O)c2ccc(NC(c3cccs3)P3(=O)Oc4ccccc4-c4ccccc43)cc2)s1,P-C,Use_pc_pn_model,DOPO-C,DOPO_P-C_external,DOPO_P-C_aliphatic_sp3,aliphatic_sp3_C,1,2,selected_nonaromatic_nonring_external_P-C; selected 1 target P-C bond(s) from 2 total P-C bond(s); subtype=DOPO_P-C_aliphatic_sp3
28,O=S(C(C=C1)=CC=C1NC(P(OC2=C3C=CC=C2)(C4=CC=CC=C43)=O)C5=CC=CS5)(NC6=NC=C(C=O)S6)=O,P-C,DOPO_P-C,246.4,O=Cc1cnc(NS(=O)(=O)c2ccc(NC(c3cccs3)P3(=O)Oc4ccccc4-c4ccccc43)cc2)s1,P-C,Use_pc_pn_model,DOPO-C,DOPO_P-C_external,DOPO_P-C_aliphatic_sp3,aliphatic_sp3_C,1,2,selected_nonaromatic_nonring_external_P-C; selected 1 target P-C bond(s) from 2 total P-C bond(s); subtype=DOPO_P-C_aliphatic_sp3
29,O=S(C(C=C1)=CC=C1NC(P(OC2=C3C=CC=C2)(C4=CC=CC=C43)=O)C5=CC=CS5)(NC6=NC=C(C(O)=O)S6)=O,P-C,DOPO_P-C,245.9,O=C(O)c1cnc(NS(=O)(=O)c2ccc(NC(c3cccs3)P3(=O)Oc4ccccc4-c4ccccc43)cc2)s1,P-C,Use_pc_pn_model,DOPO-C,DOPO_P-C_external,DOPO_P-C_aliphatic_sp3,aliphatic_sp3_C,1,2,selected_nonaromatic_nonring_external_P-C; selected 1 target P-C bond(s) from 2 total P-C bond(s); subtype=DOPO_P-C_aliphatic_sp3
30,O=P(C1=C2C=CC=C1)(C(NC3=NC4=C(S3)C=CC=C4)C5=CNC=N5)OC6=C2C=CC=C6,P-C,DOPO_P-C,254.7,O=P1(C(Nc2nc3ccccc3s2)c2c[nH]cn2)Oc2ccccc2-c2ccccc21,P-C,Use_pc_pn_model,DOPO-C,DOPO_P-C_external,DOPO_P-C_aliphatic_sp3,aliphatic_sp3_C,1,2,selected_nonaromatic_nonring_external_P-C; selected 1 target P-C bond(s) from 2 total P-C bond(s); subtype=DOPO_P-C_aliphatic_sp3
31,CC(P1(C2=C(C3=CC=CC=C3O1)C=CC=C2)=O)NC4=NC5=C(S4)C=CC=C5,P-C,DOPO_P-C,308,CC(Nc1nc2ccccc2s1)P1(=O)Oc2ccccc2-c2ccccc21,P-C,Use_pc_pn_model,DOPO-C,DOPO_P-C_external,DOPO_P-C_aliphatic_sp3,aliphatic_sp3_C,1,2,selected_nonaromatic_nonring_external_P-C; selected 1 target P-C bond(s) from 2 total P-C bond(s); subtype=DOPO_P-C_aliphatic_sp3
32,O=P(C1=C2C=CC=C1)(C(NC3=NC4=C(S3)C=CC=C4)C5=CNC(O)=N5)OC6=C2C=CC=C6,P-C,DOPO_P-C,249.5,O=P1(C(Nc2nc3ccccc3s2)c2c[nH]c(O)n2)Oc2ccccc2-c2ccccc21,P-C,Use_pc_pn_model,DOPO-C,DOPO_P-C_external,DOPO_P-C_aliphatic_sp3,aliphatic_sp3_C,1,2,selected_nonaromatic_nonring_external_P-C; selected 1 target P-C bond(s) from 2 total P-C bond(s); subtype=DOPO_P-C_aliphatic_sp3
33,O=P(C1=C2C=CC=C1)(C(NC3=NC4=C(S3)C=CC=C4)C5=CNC(OC)=N5)OC6=C2C=CC=C6,P-C,DOPO_P-C,250.2,COc1nc(C(Nc2nc3ccccc3s2)P2(=O)Oc3ccccc3-c3ccccc32)c[nH]1,P-C,Use_pc_pn_model,DOPO-C,DOPO_P-C_external,DOPO_P-C_aliphatic_sp3,aliphatic_sp3_C,1,2,selected_nonaromatic_nonring_external_P-C; selected 1 target P-C bond(s) from 2 total P-C bond(s); subtype=DOPO_P-C_aliphatic_sp3
34,O=P(C1=C2C=CC=C1)(C(NC3=NC4=C(S3)C=CC=C4)C5=CNC(N)=N5)OC6=C2C=CC=C6,P-C,DOPO_P-C,248.4,Nc1nc(C(Nc2nc3ccccc3s2)P2(=O)Oc3ccccc3-c3ccccc32)c[nH]1,P-C,Use_pc_pn_model,DOPO-C,DOPO_P-C_external,DOPO_P-C_aliphatic_sp3,aliphatic_sp3_C,1,2,selected_nonaromatic_nonring_external_P-C; selected 1 target P-C bond(s) from 2 total P-C bond(s); subtype=DOPO_P-C_aliphatic_sp3
35,O=P(C1=C2C=CC=C1)(C(NC3=NC4=C(S3)C=CC=C4)C5=CNC(C=O)=N5)OC6=C2C=CC=C6,P-C,DOPO_P-C,272.2,O=Cc1nc(C(Nc2nc3ccccc3s2)P2(=O)Oc3ccccc3-c3ccccc32)c[nH]1,P-C,Use_pc_pn_model,DOPO-C,DOPO_P-C_external,DOPO_P-C_aliphatic_sp3,aliphatic_sp3_C,1,2,selected_nonaromatic_nonring_external_P-C; selected 1 target P-C bond(s) from 2 total P-C bond(s); subtype=DOPO_P-C_aliphatic_sp3
36,O=P(C1=C2C=CC=C1)(C(NC3=NC4=C(S3)C=CC=C4)C5=CNC(C(O)=O)=N5)OC6=C2C=CC=C6,P-C,DOPO_P-C,255.1,O=C(O)c1nc(C(Nc2nc3ccccc3s2)P2(=O)Oc3ccccc3-c3ccccc32)c[nH]1,P-C,Use_pc_pn_model,DOPO-C,DOPO_P-C_external,DOPO_P-C_aliphatic_sp3,aliphatic_sp3_C,1,2,selected_nonaromatic_nonring_external_P-C; selected 1 target P-C bond(s) from 2 total P-C bond(s); subtype=DOPO_P-C_aliphatic_sp3
37,O=P(C1=C2C=CC=C1)(C(NC3=NC4=C(S3)C=CC=C4)C5=CNC(C(F)(F)F)=N5)OC6=C2C=CC=C6,P-C,DOPO_P-C,256,O=P1(C(Nc2nc3ccccc3s2)c2c[nH]c(C(F)(F)F)n2)Oc2ccccc2-c2ccccc21,P-C,Use_pc_pn_model,DOPO-C,DOPO_P-C_external,DOPO_P-C_aliphatic_sp3,aliphatic_sp3_C,1,2,selected_nonaromatic_nonring_external_P-C; selected 1 target P-C bond(s) from 2 total P-C bond(s); subtype=DOPO_P-C_aliphatic_sp3
38,O=P(C1=C2C=CC=C1)(C(NC3=NC4=C(S3)C=CC=C4)C5=C(C(F)(F)F)NC=N5)OC6=C2C=CC=C6,P-C,DOPO_P-C,246.2,O=P1(C(Nc2nc3ccccc3s2)c2nc[nH]c2C(F)(F)F)Oc2ccccc2-c2ccccc21,P-C,Use_pc_pn_model,DOPO-C,DOPO_P-C_external,DOPO_P-C_aliphatic_sp3,aliphatic_sp3_C,1,2,selected_nonaromatic_nonring_external_P-C; selected 1 target P-C bond(s) from 2 total P-C bond(s); subtype=DOPO_P-C_aliphatic_sp3
39,O=P(C1=C2C=CC=C1)(C(NC3=NC4=C(S3)C=CC=C4)C5=C(C(O)=O)NC=N5)OC6=C2C=CC=C6,P-C,DOPO_P-C,233.3,O=C(O)c1[nH]cnc1C(Nc1nc2ccccc2s1)P1(=O)Oc2ccccc2-c2ccccc21,P-C,Use_pc_pn_model,DOPO-C,DOPO_P-C_external,DOPO_P-C_aliphatic_sp3,aliphatic_sp3_C,1,2,selected_nonaromatic_nonring_external_P-C; selected 1 target P-C bond(s) from 2 total P-C bond(s); subtype=DOPO_P-C_aliphatic_sp3
40,O=P(C1=C2C=CC=C1)(C(NC3=NC4=C(S3)C=CC=C4)C5=C(C=O)NC=N5)OC6=C2C=CC=C6,P-C,DOPO_P-C,235.3,O=Cc1[nH]cnc1C(Nc1nc2ccccc2s1)P1(=O)Oc2ccccc2-c2ccccc21,P-C,Use_pc_pn_model,DOPO-C,DOPO_P-C_external,DOPO_P-C_aliphatic_sp3,aliphatic_sp3_C,1,2,selected_nonaromatic_nonring_external_P-C; selected 1 target P-C bond(s) from 2 total P-C bond(s); subtype=DOPO_P-C_aliphatic_sp3
41,O=P(C1=C2C=CC=C1)(C(NC3=NC4=C(S3)C=CC=C4)C5=C(N)NC=N5)OC6=C2C=CC=C6,P-C,DOPO_P-C,274.8,Nc1[nH]cnc1C(Nc1nc2ccccc2s1)P1(=O)Oc2ccccc2-c2ccccc21,P-C,Use_pc_pn_model,DOPO-C,DOPO_P-C_external,DOPO_P-C_aliphatic_sp3,aliphatic_sp3_C,1,2,selected_nonaromatic_nonring_external_P-C; selected 1 target P-C bond(s) from 2 total P-C bond(s); subtype=DOPO_P-C_aliphatic_sp3
42,O=P(C1=C2C=CC=C1)(C(NC3=NC4=C(S3)C=CC=C4)C5=C(OC)NC=N5)OC6=C2C=CC=C6,P-C,DOPO_P-C,257.9,COc1[nH]cnc1C(Nc1nc2ccccc2s1)P1(=O)Oc2ccccc2-c2ccccc21,P-C,Use_pc_pn_model,DOPO-C,DOPO_P-C_external,DOPO_P-C_aliphatic_sp3,aliphatic_sp3_C,1,2,selected_nonaromatic_nonring_external_P-C; selected 1 target P-C bond(s) from 2 total P-C bond(s); subtype=DOPO_P-C_aliphatic_sp3
43,O=P(C1=C2C=CC=C1)(C(NC3=NC4=C(S3)C=CC=C4)C5=C(O)NC=N5)OC6=C2C=CC=C6,P-C,DOPO_P-C,291.8,O=P1(C(Nc2nc3ccccc3s2)c2nc[nH]c2O)Oc2ccccc2-c2ccccc21,P-C,Use_pc_pn_model,DOPO-C,DOPO_P-C_external,DOPO_P-C_aliphatic_sp3,aliphatic_sp3_C,1,2,selected_nonaromatic_nonring_external_P-C; selected 1 target P-C bond(s) from 2 total P-C bond(s); subtype=DOPO_P-C_aliphatic_sp3
44,COC1=CC(C(P2(C3=CC=CC=C3C4=CC=CC=C4O2)=O)NC5=NC(NC(P6(C7=C(C8=C(O6)C=CC=C8)C=CC=C7)=O)C9=CC=C(O)C(OC)=C9)=NN5)=CC=C1O,P-C,DOPO_P-C,221,COc1cc(C(Nc2n[nH]c(NC(c3ccc(O)c(OC)c3)P3(=O)Oc4ccccc4-c4ccccc43)n2)P2(=O)Oc3ccccc3-c3ccccc32)ccc1O,P-C,Use_pc_pn_model,DOPO-C,DOPO_P-C_external,DOPO_P-C_aliphatic_sp3,aliphatic_sp3_C,2,4,selected_nonaromatic_nonring_external_P-C; selected 2 target P-C bond(s) from 4 total P-C bond(s); subtype=DOPO_P-C_aliphatic_sp3
45,CC(P1(C2=C(C3=C(O1)C=CC=C3)C=CC=C2)=O)NC4=NC(NC(P5(C6=C(C7=C(O5)C=CC=C7)C=CC=C6)=O)C)=NN4,P-C,DOPO_P-C,314.7,CC(Nc1n[nH]c(NC(C)P2(=O)Oc3ccccc3-c3ccccc32)n1)P1(=O)Oc2ccccc2-c2ccccc21,P-C,Use_pc_pn_model,DOPO-C,DOPO_P-C_external,DOPO_P-C_aliphatic_sp3,aliphatic_sp3_C,2,4,selected_nonaromatic_nonring_external_P-C; selected 2 target P-C bond(s) from 4 total P-C bond(s); subtype=DOPO_P-C_aliphatic_sp3
46,O=P1(C2=C(C3=C(O1)C=CC=C3)C=CC=C2)C(C4=CC=CC=C4)NC5=NNC(NC(P6(C7=CC=CC=C7C8=CC=CC=C8O6)=O)C9=CC=CC=C9)=N5,P-C,DOPO_P-C,239.4,O=P1(C(Nc2n[nH]c(NC(c3ccccc3)P3(=O)Oc4ccccc4-c4ccccc43)n2)c2ccccc2)Oc2ccccc2-c2ccccc21,P-C,Use_pc_pn_model,DOPO-C,DOPO_P-C_external,DOPO_P-C_aliphatic_sp3,aliphatic_sp3_C,2,4,selected_nonaromatic_nonring_external_P-C; selected 2 target P-C bond(s) from 4 total P-C bond(s); subtype=DOPO_P-C_aliphatic_sp3
47,O=P1(C2=C(C3=C(O1)C=CC=C3)C=CC=C2)C(C4=C(N)C=CC=C4)NC5=NNC(NC(P6(C7=CC=CC=C7C8=CC=CC=C8O6)=O)C9=C(N)C=CC=C9)=N5,P-C,DOPO_P-C,264.6,Nc1ccccc1C(Nc1n[nH]c(NC(c2ccccc2N)P2(=O)Oc3ccccc3-c3ccccc32)n1)P1(=O)Oc2ccccc2-c2ccccc21,P-C,Use_pc_pn_model,DOPO-C,DOPO_P-C_external,DOPO_P-C_aliphatic_sp3,aliphatic_sp3_C,2,4,selected_nonaromatic_nonring_external_P-C; selected 2 target P-C bond(s) from 4 total P-C bond(s); subtype=DOPO_P-C_aliphatic_sp3
48,O=P1(C2=C(C3=C(O1)C=CC=C3)C=CC=C2)C(C4=CC=C(N)C=C4)NC5=NNC(NC(P6(C7=CC=CC=C7C8=CC=CC=C8O6)=O)C9=CC=C(N)C=C9)=N5,P-C,DOPO_P-C,235.6,Nc1ccc(C(Nc2n[nH]c(NC(c3ccc(N)cc3)P3(=O)Oc4ccccc4-c4ccccc43)n2)P2(=O)Oc3ccccc3-c3ccccc32)cc1,P-C,Use_pc_pn_model,DOPO-C,DOPO_P-C_external,DOPO_P-C_aliphatic_sp3,aliphatic_sp3_C,2,4,selected_nonaromatic_nonring_external_P-C; selected 2 target P-C bond(s) from 4 total P-C bond(s); subtype=DOPO_P-C_aliphatic_sp3
49,O=P1(C2=C(C3=C(O1)C=CC=C3)C=CC=C2)C(C4=CC(N)=CC=C4)NC5=NNC(NC(P6(C7=CC=CC=C7C8=CC=CC=C8O6)=O)C9=CC(N)=CC=C9)=N5,P-C,DOPO_P-C,237.8,Nc1cccc(C(Nc2n[nH]c(NC(c3cccc(N)c3)P3(=O)Oc4ccccc4-c4ccccc43)n2)P2(=O)Oc3ccccc3-c3ccccc32)c1,P-C,Use_pc_pn_model,DOPO-C,DOPO_P-C_external,DOPO_P-C_aliphatic_sp3,aliphatic_sp3_C,2,4,selected_nonaromatic_nonring_external_P-C; selected 2 target P-C bond(s) from 4 total P-C bond(s); subtype=DOPO_P-C_aliphatic_sp3
50,O=P1(C2=C(C3=C(O1)C=CC=C3)C=CC=C2)C(C4=CC=C(OC)C=C4)NC5=NNC(NC(P6(C7=CC=CC=C7C8=CC=CC=C8O6)=O)C9=CC=C(OC)C=C9)=N5,P-C,DOPO_P-C,235.4,COc1ccc(C(Nc2n[nH]c(NC(c3ccc(OC)cc3)P3(=O)Oc4ccccc4-c4ccccc43)n2)P2(=O)Oc3ccccc3-c3ccccc32)cc1,P-C,Use_pc_pn_model,DOPO-C,DOPO_P-C_external,DOPO_P-C_aliphatic_sp3,aliphatic_sp3_C,2,4,selected_nonaromatic_nonring_external_P-C; selected 2 target P-C bond(s) from 4 total P-C bond(s); subtype=DOPO_P-C_aliphatic_sp3
51,O=P1(C2=C(C3=C(O1)C=CC=C3)C=CC=C2)C(C4=CC=C(O)C=C4)NC5=NNC(NC(P6(C7=CC=CC=C7C8=CC=CC=C8O6)=O)C9=CC=C(O)C=C9)=N5,P-C,DOPO_P-C,236.1,O=P1(C(Nc2n[nH]c(NC(c3ccc(O)cc3)P3(=O)Oc4ccccc4-c4ccccc43)n2)c2ccc(O)cc2)Oc2ccccc2-c2ccccc21,P-C,Use_pc_pn_model,DOPO-C,DOPO_P-C_external,DOPO_P-C_aliphatic_sp3,aliphatic_sp3_C,2,4,selected_nonaromatic_nonring_external_P-C; selected 2 target P-C bond(s) from 4 total P-C bond(s); subtype=DOPO_P-C_aliphatic_sp3
52,O=P1(C2=C(C3=C(O1)C=CC=C3)C=CC=C2)C(C4=CC(O)=CC=C4)NC5=NNC(NC(P6(C7=CC=CC=C7C8=CC=CC=C8O6)=O)C9=CC(O)=CC=C9)=N5,P-C,DOPO_P-C,214.7,O=P1(C(Nc2n[nH]c(NC(c3cccc(O)c3)P3(=O)Oc4ccccc4-c4ccccc43)n2)c2cccc(O)c2)Oc2ccccc2-c2ccccc21,P-C,Use_pc_pn_model,DOPO-C,DOPO_P-C_external,DOPO_P-C_aliphatic_sp3,aliphatic_sp3_C,2,4,selected_nonaromatic_nonring_external_P-C; selected 2 target P-C bond(s) from 4 total P-C bond(s); subtype=DOPO_P-C_aliphatic_sp3
53,O=P(CC(NC1=NNC(NC(C2=CC=CS2)P3(C4=C(C5=C(O3)C=CC=C5)C=CC=C4)=O)=N1)C6=CC=CS6)(C7=C8C=CC=C7)OC9=C8C=CC=C9,P-C,DOPO_P-C,230.2,O=P1(CC(Nc2n[nH]c(NC(c3cccs3)P3(=O)Oc4ccccc4-c4ccccc43)n2)c2cccs2)Oc2ccccc2-c2ccccc21,P-C,Use_pc_pn_model,DOPO-C,DOPO_P-C_external,DOPO_P-C_aliphatic_sp3,aliphatic_sp3_C,2,4,selected_nonaromatic_nonring_external_P-C; selected 2 target P-C bond(s) from 4 total P-C bond(s); subtype=DOPO_P-C_aliphatic_sp3
54,O=P(CC(NC1=NNC(NC(C2=CC=C(O)S2)P3(C4=C(C5=C(O3)C=CC=C5)C=CC=C4)=O)=N1)C6=CC=C(O)S6)(C7=C8C=CC=C7)OC9=C8C=CC=C9,P-C,DOPO_P-C,229.2,O=P1(CC(Nc2n[nH]c(NC(c3ccc(O)s3)P3(=O)Oc4ccccc4-c4ccccc43)n2)c2ccc(O)s2)Oc2ccccc2-c2ccccc21,P-C,Use_pc_pn_model,DOPO-C,DOPO_P-C_external,DOPO_P-C_aliphatic_sp3,aliphatic_sp3_C,2,4,selected_nonaromatic_nonring_external_P-C; selected 2 target P-C bond(s) from 4 total P-C bond(s); subtype=DOPO_P-C_aliphatic_sp3
55,O=P(CC(NC1=NNC(NC(C2=CC(O)=CS2)P3(C4=C(C5=C(O3)C=CC=C5)C=CC=C4)=O)=N1)C6=CC(O)=CS6)(C7=C8C=CC=C7)OC9=C8C=CC=C9,P-C,DOPO_P-C,225.6,O=P1(CC(Nc2n[nH]c(NC(c3cc(O)cs3)P3(=O)Oc4ccccc4-c4ccccc43)n2)c2cc(O)cs2)Oc2ccccc2-c2ccccc21,P-C,Use_pc_pn_model,DOPO-C,DOPO_P-C_external,DOPO_P-C_aliphatic_sp3,aliphatic_sp3_C,2,4,selected_nonaromatic_nonring_external_P-C; selected 2 target P-C bond(s) from 4 total P-C bond(s); subtype=DOPO_P-C_aliphatic_sp3
56,O=P(CC(NC1=NNC(NC(C2=C(O)C=CS2)P3(C4=C(C5=C(O3)C=CC=C5)C=CC=C4)=O)=N1)C6=C(O)C=CS6)(C7=C8C=CC=C7)OC9=C8C=CC=C9,P-C,DOPO_P-C,259.5,O=P1(CC(Nc2n[nH]c(NC(c3sccc3O)P3(=O)Oc4ccccc4-c4ccccc43)n2)c2sccc2O)Oc2ccccc2-c2ccccc21,P-C,Use_pc_pn_model,DOPO-C,DOPO_P-C_external,DOPO_P-C_aliphatic_sp3,aliphatic_sp3_C,2,4,selected_nonaromatic_nonring_external_P-C; selected 2 target P-C bond(s) from 4 total P-C bond(s); subtype=DOPO_P-C_aliphatic_sp3
57,O=P(CC(NC1=NNC(NC(C2=C(OC)C=CS2)P3(C4=C(C5=C(O3)C=CC=C5)C=CC=C4)=O)=N1)C6=C(OC)C=CS6)(C7=C8C=CC=C7)OC9=C8C=CC=C9,P-C,DOPO_P-C,209.3,COc1ccsc1C(CP1(=O)Oc2ccccc2-c2ccccc21)Nc1n[nH]c(NC(c2sccc2OC)P2(=O)Oc3ccccc3-c3ccccc32)n1,P-C,Use_pc_pn_model,DOPO-C,DOPO_P-C_external,DOPO_P-C_aliphatic_sp3,aliphatic_sp3_C,2,4,selected_nonaromatic_nonring_external_P-C; selected 2 target P-C bond(s) from 4 total P-C bond(s); subtype=DOPO_P-C_aliphatic_sp3
58,O=P(CC(NC1=NNC(NC(C2=CC(OC)=CS2)P3(C4=C(C5=C(O3)C=CC=C5)C=CC=C4)=O)=N1)C6=CC(OC)=CS6)(C7=C8C=CC=C7)OC9=C8C=CC=C9,P-C,DOPO_P-C,258.2,COc1csc(C(CP2(=O)Oc3ccccc3-c3ccccc32)Nc2n[nH]c(NC(c3cc(OC)cs3)P3(=O)Oc4ccccc4-c4ccccc43)n2)c1,P-C,Use_pc_pn_model,DOPO-C,DOPO_P-C_external,DOPO_P-C_aliphatic_sp3,aliphatic_sp3_C,2,4,selected_nonaromatic_nonring_external_P-C; selected 2 target P-C bond(s) from 4 total P-C bond(s); subtype=DOPO_P-C_aliphatic_sp3
59,O=P(CC(NC1=NNC(NC(C2=CC=C(OC)S2)P3(C4=C(C5=C(O3)C=CC=C5)C=CC=C4)=O)=N1)C6=CC=C(OC)S6)(C7=C8C=CC=C7)OC9=C8C=CC=C9,P-C,DOPO_P-C,228.4,COc1ccc(C(CP2(=O)Oc3ccccc3-c3ccccc32)Nc2n[nH]c(NC(c3ccc(OC)s3)P3(=O)Oc4ccccc4-c4ccccc43)n2)s1,P-C,Use_pc_pn_model,DOPO-C,DOPO_P-C_external,DOPO_P-C_aliphatic_sp3,aliphatic_sp3_C,2,4,selected_nonaromatic_nonring_external_P-C; selected 2 target P-C bond(s) from 4 total P-C bond(s); subtype=DOPO_P-C_aliphatic_sp3
60,O=P(CC(NC1=NNC(NC(C2=CC=C(N)S2)P3(C4=C(C5=C(O3)C=CC=C5)C=CC=C4)=O)=N1)C6=CC=C(N)S6)(C7=C8C=CC=C7)OC9=C8C=CC=C9,P-C,DOPO_P-C,226.3,Nc1ccc(C(CP2(=O)Oc3ccccc3-c3ccccc32)Nc2n[nH]c(NC(c3ccc(N)s3)P3(=O)Oc4ccccc4-c4ccccc43)n2)s1,P-C,Use_pc_pn_model,DOPO-C,DOPO_P-C_external,DOPO_P-C_aliphatic_sp3,aliphatic_sp3_C,2,4,selected_nonaromatic_nonring_external_P-C; selected 2 target P-C bond(s) from 4 total P-C bond(s); subtype=DOPO_P-C_aliphatic_sp3
61,O=P(CC(NC1=NNC(NC(C2=CC(N)=CS2)P3(C4=C(C5=C(O3)C=CC=C5)C=CC=C4)=O)=N1)C6=CC(N)=CS6)(C7=C8C=CC=C7)OC9=C8C=CC=C9,P-C,DOPO_P-C,255.9,Nc1csc(C(CP2(=O)Oc3ccccc3-c3ccccc32)Nc2n[nH]c(NC(c3cc(N)cs3)P3(=O)Oc4ccccc4-c4ccccc43)n2)c1,P-C,Use_pc_pn_model,DOPO-C,DOPO_P-C_external,DOPO_P-C_aliphatic_sp3,aliphatic_sp3_C,2,4,selected_nonaromatic_nonring_external_P-C; selected 2 target P-C bond(s) from 4 total P-C bond(s); subtype=DOPO_P-C_aliphatic_sp3
62,O=P(CC(NC1=NNC(NC(C2=C(N)C=CS2)P3(C4=C(C5=C(O3)C=CC=C5)C=CC=C4)=O)=N1)C6=C(N)C=CS6)(C7=C8C=CC=C7)OC9=C8C=CC=C9,P-C,DOPO_P-C,261,Nc1ccsc1C(CP1(=O)Oc2ccccc2-c2ccccc21)Nc1n[nH]c(NC(c2sccc2N)P2(=O)Oc3ccccc3-c3ccccc32)n1,P-C,Use_pc_pn_model,DOPO-C,DOPO_P-C_external,DOPO_P-C_aliphatic_sp3,aliphatic_sp3_C,2,4,selected_nonaromatic_nonring_external_P-C; selected 2 target P-C bond(s) from 4 total P-C bond(s); subtype=DOPO_P-C_aliphatic_sp3
63,O=P(CC(NC1=NNC(NC(C2=C(C=O)C=CS2)P3(C4=C(C5=C(O3)C=CC=C5)C=CC=C4)=O)=N1)C6=C(C=O)C=CS6)(C7=C8C=CC=C7)OC9=C8C=CC=C9,P-C,DOPO_P-C,247.3,O=Cc1ccsc1C(CP1(=O)Oc2ccccc2-c2ccccc21)Nc1n[nH]c(NC(c2sccc2C=O)P2(=O)Oc3ccccc3-c3ccccc32)n1,P-C,Use_pc_pn_model,DOPO-C,DOPO_P-C_external,DOPO_P-C_aliphatic_sp3,aliphatic_sp3_C,2,4,selected_nonaromatic_nonring_external_P-C; selected 2 target P-C bond(s) from 4 total P-C bond(s); subtype=DOPO_P-C_aliphatic_sp3
64,O=P(CC(NC1=NNC(NC(C2=CC(C=O)=CS2)P3(C4=C(C5=C(O3)C=CC=C5)C=CC=C4)=O)=N1)C6=CC(C=O)=CS6)(C7=C8C=CC=C7)OC9=C8C=CC=C9,P-C,DOPO_P-C,231.4,O=Cc1csc(C(CP2(=O)Oc3ccccc3-c3ccccc32)Nc2n[nH]c(NC(c3cc(C=O)cs3)P3(=O)Oc4ccccc4-c4ccccc43)n2)c1,P-C,Use_pc_pn_model,DOPO-C,DOPO_P-C_external,DOPO_P-C_aliphatic_sp3,aliphatic_sp3_C,2,4,selected_nonaromatic_nonring_external_P-C; selected 2 target P-C bond(s) from 4 total P-C bond(s); subtype=DOPO_P-C_aliphatic_sp3
65,O=P(CC(NC1=NNC(NC(C2=CC=C(C=O)S2)P3(C4=C(C5=C(O3)C=CC=C5)C=CC=C4)=O)=N1)C6=CC=C(C=O)S6)(C7=C8C=CC=C7)OC9=C8C=CC=C9,P-C,DOPO_P-C,211.5,O=Cc1ccc(C(CP2(=O)Oc3ccccc3-c3ccccc32)Nc2n[nH]c(NC(c3ccc(C=O)s3)P3(=O)Oc4ccccc4-c4ccccc43)n2)s1,P-C,Use_pc_pn_model,DOPO-C,DOPO_P-C_external,DOPO_P-C_aliphatic_sp3,aliphatic_sp3_C,2,4,selected_nonaromatic_nonring_external_P-C; selected 2 target P-C bond(s) from 4 total P-C bond(s); subtype=DOPO_P-C_aliphatic_sp3
66,O=P(CC(NC1=NNC(NC(C2=CC=C(C(O)=O)S2)P3(C4=C(C5=C(O3)C=CC=C5)C=CC=C4)=O)=N1)C6=CC=C(C(O)=O)S6)(C7=C8C=CC=C7)OC9=C8C=CC=C9,P-C,DOPO_P-C,216.1,O=C(O)c1ccc(C(CP2(=O)Oc3ccccc3-c3ccccc32)Nc2n[nH]c(NC(c3ccc(C(=O)O)s3)P3(=O)Oc4ccccc4-c4ccccc43)n2)s1,P-C,Use_pc_pn_model,DOPO-C,DOPO_P-C_external,DOPO_P-C_aliphatic_sp3,aliphatic_sp3_C,2,4,selected_nonaromatic_nonring_external_P-C; selected 2 target P-C bond(s) from 4 total P-C bond(s); subtype=DOPO_P-C_aliphatic_sp3
67,O=P(CC(NC1=NNC(NC(C2=CC(C(O)=O)=CS2)P3(C4=C(C5=C(O3)C=CC=C5)C=CC=C4)=O)=N1)C6=CC(C(O)=O)=CS6)(C7=C8C=CC=C7)OC9=C8C=CC=C9,P-C,DOPO_P-C,258.3,O=C(O)c1csc(C(CP2(=O)Oc3ccccc3-c3ccccc32)Nc2n[nH]c(NC(c3cc(C(=O)O)cs3)P3(=O)Oc4ccccc4-c4ccccc43)n2)c1,P-C,Use_pc_pn_model,DOPO-C,DOPO_P-C_external,DOPO_P-C_aliphatic_sp3,aliphatic_sp3_C,2,4,selected_nonaromatic_nonring_external_P-C; selected 2 target P-C bond(s) from 4 total P-C bond(s); subtype=DOPO_P-C_aliphatic_sp3
68,O=P(CC(NC1=NNC(NC(C2=C(C(O)=O)C=CS2)P3(C4=C(C5=C(O3)C=CC=C5)C=CC=C4)=O)=N1)C6=C(C(O)=O)C=CS6)(C7=C8C=CC=C7)OC9=C8C=CC=C9,P-C,DOPO_P-C,260.5,O=C(O)c1ccsc1C(CP1(=O)Oc2ccccc2-c2ccccc21)Nc1n[nH]c(NC(c2sccc2C(=O)O)P2(=O)Oc3ccccc3-c3ccccc32)n1,P-C,Use_pc_pn_model,DOPO-C,DOPO_P-C_external,DOPO_P-C_aliphatic_sp3,aliphatic_sp3_C,2,4,selected_nonaromatic_nonring_external_P-C; selected 2 target P-C bond(s) from 4 total P-C bond(s); subtype=DOPO_P-C_aliphatic_sp3
69,O=P(CC(NC1=NNC(NC(C2=C(C(F)(F)F)C=CS2)P3(C4=C(C5=C(O3)C=CC=C5)C=CC=C4)=O)=N1)C6=C(C(F)(F)F)C=CS6)(C7=C8C=CC=C7)OC9=C8C=CC=C9,P-C,DOPO_P-C,244.9,O=P1(CC(Nc2n[nH]c(NC(c3sccc3C(F)(F)F)P3(=O)Oc4ccccc4-c4ccccc43)n2)c2sccc2C(F)(F)F)Oc2ccccc2-c2ccccc21,P-C,Use_pc_pn_model,DOPO-C,DOPO_P-C_external,DOPO_P-C_aliphatic_sp3,aliphatic_sp3_C,2,4,selected_nonaromatic_nonring_external_P-C; selected 2 target P-C bond(s) from 4 total P-C bond(s); subtype=DOPO_P-C_aliphatic_sp3
70,O=P(CC(NC1=NNC(NC(C2=CC(C(F)(F)F)=CS2)P3(C4=C(C5=C(O3)C=CC=C5)C=CC=C4)=O)=N1)C6=CC(C(F)(F)F)=CS6)(C7=C8C=CC=C7)OC9=C8C=CC=C9,P-C,DOPO_P-C,260.6,O=P1(CC(Nc2n[nH]c(NC(c3cc(C(F)(F)F)cs3)P3(=O)Oc4ccccc4-c4ccccc43)n2)c2cc(C(F)(F)F)cs2)Oc2ccccc2-c2ccccc21,P-C,Use_pc_pn_model,DOPO-C,DOPO_P-C_external,DOPO_P-C_aliphatic_sp3,aliphatic_sp3_C,2,4,selected_nonaromatic_nonring_external_P-C; selected 2 target P-C bond(s) from 4 total P-C bond(s); subtype=DOPO_P-C_aliphatic_sp3
71,O=P(CC(NC1=NNC(NC(C2=CC=C(C(F)(F)F)S2)P3(C4=C(C5=C(O3)C=CC=C5)C=CC=C4)=O)=N1)C6=CC=C(C(F)(F)F)S6)(C7=C8C=CC=C7)OC9=C8C=CC=C9,P-C,DOPO_P-C,225.8,O=P1(CC(Nc2n[nH]c(NC(c3ccc(C(F)(F)F)s3)P3(=O)Oc4ccccc4-c4ccccc43)n2)c2ccc(C(F)(F)F)s2)Oc2ccccc2-c2ccccc21,P-C,Use_pc_pn_model,DOPO-C,DOPO_P-C_external,DOPO_P-C_aliphatic_sp3,aliphatic_sp3_C,2,4,selected_nonaromatic_nonring_external_P-C; selected 2 target P-C bond(s) from 4 total P-C bond(s); subtype=DOPO_P-C_aliphatic_sp3
72,C[C@H](P1(C2=C(C3=C(O1)C=CC=C3)C=CC=C2)=O)NC4=NC(N[C@@H](P5(C6=C(C7=C(O5)C=CC=C7)C=CC=C6)=O)C)=NN4,P-C,DOPO_P-C,299.4,C[C@@H](Nc1n[nH]c(N[C@H](C)P2(=O)Oc3ccccc3-c3ccccc32)n1)P1(=O)Oc2ccccc2-c2ccccc21,P-C,Use_pc_pn_model,DOPO-C,DOPO_P-C_external,DOPO_P-C_aliphatic_sp3,aliphatic_sp3_C,2,4,selected_nonaromatic_nonring_external_P-C; selected 2 target P-C bond(s) from 4 total P-C bond(s); subtype=DOPO_P-C_aliphatic_sp3
73,O=P(C1=C2C=CC=C1)(C(NC3=NNC(NC(P4(C5=C(C6=C(O4)C=CC=C6)C=CC=C5)=O)C7=CC=CC=C7O)=N3)C8=C(O)C=CC=C8)OC9=C2C=CC=C9,P-C,DOPO_P-C,242,O=P1(C(Nc2n[nH]c(NC(c3ccccc3O)P3(=O)Oc4ccccc4-c4ccccc43)n2)c2ccccc2O)Oc2ccccc2-c2ccccc21,P-C,Use_pc_pn_model,DOPO-C,DOPO_P-C_external,DOPO_P-C_aliphatic_sp3,aliphatic_sp3_C,2,4,selected_nonaromatic_nonring_external_P-C; selected 2 target P-C bond(s) from 4 total P-C bond(s); subtype=DOPO_P-C_aliphatic_sp3
74,O=P(C1=C2C=CC=C1)(C(NC3=NNC(NC(P4(C5=C(C6=C(O4)C=CC=C6)C=CC=C5)=O)C7=CC=CC(OC)=C7)=N3)C8=CC(OC)=CC=C8)OC9=C2C=CC=C9,P-C,DOPO_P-C,240.8,COc1cccc(C(Nc2n[nH]c(NC(c3cccc(OC)c3)P3(=O)Oc4ccccc4-c4ccccc43)n2)P2(=O)Oc3ccccc3-c3ccccc32)c1,P-C,Use_pc_pn_model,DOPO-C,DOPO_P-C_external,DOPO_P-C_aliphatic_sp3,aliphatic_sp3_C,2,4,selected_nonaromatic_nonring_external_P-C; selected 2 target P-C bond(s) from 4 total P-C bond(s); subtype=DOPO_P-C_aliphatic_sp3
75,O=P(C1=C2C=CC=C1)(C(NC3=NNC(NC(P4(C5=C(C6=C(O4)C=CC=C6)C=CC=C5)=O)C7=CC=CC=C7OC)=N3)C8=C(OC)C=CC=C8)OC9=C2C=CC=C9,P-C,DOPO_P-C,246,COc1ccccc1C(Nc1n[nH]c(NC(c2ccccc2OC)P2(=O)Oc3ccccc3-c3ccccc32)n1)P1(=O)Oc2ccccc2-c2ccccc21,P-C,Use_pc_pn_model,DOPO-C,DOPO_P-C_external,DOPO_P-C_aliphatic_sp3,aliphatic_sp3_C,2,4,selected_nonaromatic_nonring_external_P-C; selected 2 target P-C bond(s) from 4 total P-C bond(s); subtype=DOPO_P-C_aliphatic_sp3
76,O=P(C1=C2C=CC=C1)(C(NC3=NNC(NC(P4(C5=C(C6=C(O4)C=CC=C6)C=CC=C5)=O)C7=CC=C(C=O)C=C7)=N3)C8=CC=C(C=O)C=C8)OC9=C2C=CC=C9,P-C,DOPO_P-C,229.2,O=Cc1ccc(C(Nc2n[nH]c(NC(c3ccc(C=O)cc3)P3(=O)Oc4ccccc4-c4ccccc43)n2)P2(=O)Oc3ccccc3-c3ccccc32)cc1,P-C,Use_pc_pn_model,DOPO-C,DOPO_P-C_external,DOPO_P-C_aliphatic_sp3,aliphatic_sp3_C,2,4,selected_nonaromatic_nonring_external_P-C; selected 2 target P-C bond(s) from 4 total P-C bond(s); subtype=DOPO_P-C_aliphatic_sp3
77,O=P(C1=C2C=CC=C1)(C(NC3=NNC(NC(P4(C5=C(C6=C(O4)C=CC=C6)C=CC=C5)=O)C7=CC=CC(C=O)=C7)=N3)C8=CC(C=O)=CC=C8)OC9=C2C=CC=C9,P-C,DOPO_P-C,244.3,O=Cc1cccc(C(Nc2n[nH]c(NC(c3cccc(C=O)c3)P3(=O)Oc4ccccc4-c4ccccc43)n2)P2(=O)Oc3ccccc3-c3ccccc32)c1,P-C,Use_pc_pn_model,DOPO-C,DOPO_P-C_external,DOPO_P-C_aliphatic_sp3,aliphatic_sp3_C,2,4,selected_nonaromatic_nonring_external_P-C; selected 2 target P-C bond(s) from 4 total P-C bond(s); subtype=DOPO_P-C_aliphatic_sp3
78,O=P(C1=C2C=CC=C1)(C(NC3=NNC(NC(P4(C5=C(C6=C(O4)C=CC=C6)C=CC=C5)=O)C7=CC=CC=C7C=O)=N3)C8=C(C=O)C=CC=C8)OC9=C2C=CC=C9,P-C,DOPO_P-C,242.2,O=Cc1ccccc1C(Nc1n[nH]c(NC(c2ccccc2C=O)P2(=O)Oc3ccccc3-c3ccccc32)n1)P1(=O)Oc2ccccc2-c2ccccc21,P-C,Use_pc_pn_model,DOPO-C,DOPO_P-C_external,DOPO_P-C_aliphatic_sp3,aliphatic_sp3_C,2,4,selected_nonaromatic_nonring_external_P-C; selected 2 target P-C bond(s) from 4 total P-C bond(s); subtype=DOPO_P-C_aliphatic_sp3
79,O=P(C1=C2C=CC=C1)(C(NC3=NNC(NC(P4(C5=C(C6=C(O4)C=CC=C6)C=CC=C5)=O)C7=CC=CC=C7C(O)=O)=N3)C8=C(C(O)=O)C=CC=C8)OC9=C2C=CC=C9,P-C,DOPO_P-C,222.2,O=C(O)c1ccccc1C(Nc1n[nH]c(NC(c2ccccc2C(=O)O)P2(=O)Oc3ccccc3-c3ccccc32)n1)P1(=O)Oc2ccccc2-c2ccccc21,P-C,Use_pc_pn_model,DOPO-C,DOPO_P-C_external,DOPO_P-C_aliphatic_sp3,aliphatic_sp3_C,2,4,selected_nonaromatic_nonring_external_P-C; selected 2 target P-C bond(s) from 4 total P-C bond(s); subtype=DOPO_P-C_aliphatic_sp3
80,O=P(C1=C2C=CC=C1)(C(NC3=NNC(NC(P4(C5=C(C6=C(O4)C=CC=C6)C=CC=C5)=O)C7=CC=CC(C(O)=O)=C7)=N3)C8=CC(C(O)=O)=CC=C8)OC9=C2C=CC=C9,P-C,DOPO_P-C,242.2,O=C(O)c1cccc(C(Nc2n[nH]c(NC(c3cccc(C(=O)O)c3)P3(=O)Oc4ccccc4-c4ccccc43)n2)P2(=O)Oc3ccccc3-c3ccccc32)c1,P-C,Use_pc_pn_model,DOPO-C,DOPO_P-C_external,DOPO_P-C_aliphatic_sp3,aliphatic_sp3_C,2,4,selected_nonaromatic_nonring_external_P-C; selected 2 target P-C bond(s) from 4 total P-C bond(s); subtype=DOPO_P-C_aliphatic_sp3
81,O=P(C1=C2C=CC=C1)(C(NC3=NNC(NC(P4(C5=C(C6=C(O4)C=CC=C6)C=CC=C5)=O)C7=CC=C(C(O)=O)C=C7)=N3)C8=CC=C(C(O)=O)C=C8)OC9=C2C=CC=C9,P-C,DOPO_P-C,232,O=C(O)c1ccc(C(Nc2n[nH]c(NC(c3ccc(C(=O)O)cc3)P3(=O)Oc4ccccc4-c4ccccc43)n2)P2(=O)Oc3ccccc3-c3ccccc32)cc1,P-C,Use_pc_pn_model,DOPO-C,DOPO_P-C_external,DOPO_P-C_aliphatic_sp3,aliphatic_sp3_C,2,4,selected_nonaromatic_nonring_external_P-C; selected 2 target P-C bond(s) from 4 total P-C bond(s); subtype=DOPO_P-C_aliphatic_sp3
82,O=P(C1=C2C=CC=C1)(C(NC3=NNC(NC(P4(C5=C(C6=C(O4)C=CC=C6)C=CC=C5)=O)C7=CC=C(C(F)(F)F)C=C7)=N3)C8=CC=C(C(F)(F)F)C=C8)OC9=C2C=CC=C9,P-C,DOPO_P-C,228.2,O=P1(C(Nc2n[nH]c(NC(c3ccc(C(F)(F)F)cc3)P3(=O)Oc4ccccc4-c4ccccc43)n2)c2ccc(C(F)(F)F)cc2)Oc2ccccc2-c2ccccc21,P-C,Use_pc_pn_model,DOPO-C,DOPO_P-C_external,DOPO_P-C_aliphatic_sp3,aliphatic_sp3_C,2,4,selected_nonaromatic_nonring_external_P-C; selected 2 target P-C bond(s) from 4 total P-C bond(s); subtype=DOPO_P-C_aliphatic_sp3
83,O=P(C1=C2C=CC=C1)(C(NC3=NNC(NC(P4(C5=C(C6=C(O4)C=CC=C6)C=CC=C5)=O)C7=CC=CC(C(F)(F)F)=C7)=N3)C8=CC(C(F)(F)F)=CC=C8)OC9=C2C=CC=C9,P-C,DOPO_P-C,246.2,O=P1(C(Nc2n[nH]c(NC(c3cccc(C(F)(F)F)c3)P3(=O)Oc4ccccc4-c4ccccc43)n2)c2cccc(C(F)(F)F)c2)Oc2ccccc2-c2ccccc21,P-C,Use_pc_pn_model,DOPO-C,DOPO_P-C_external,DOPO_P-C_aliphatic_sp3,aliphatic_sp3_C,2,4,selected_nonaromatic_nonring_external_P-C; selected 2 target P-C bond(s) from 4 total P-C bond(s); subtype=DOPO_P-C_aliphatic_sp3
84,O=P(C1=C2C=CC=C1)(C(NC3=NNC(NC(P4(C5=C(C6=C(O4)C=CC=C6)C=CC=C5)=O)C7=CC=CC=C7C(F)(F)F)=N3)C8=C(C(F)(F)F)C=CC=C8)OC9=C2C=CC=C9,P-C,DOPO_P-C,238.4,O=P1(C(Nc2n[nH]c(NC(c3ccccc3C(F)(F)F)P3(=O)Oc4ccccc4-c4ccccc43)n2)c2ccccc2C(F)(F)F)Oc2ccccc2-c2ccccc21,P-C,Use_pc_pn_model,DOPO-C,DOPO_P-C_external,DOPO_P-C_aliphatic_sp3,aliphatic_sp3_C,2,4,selected_nonaromatic_nonring_external_P-C; selected 2 target P-C bond(s) from 4 total P-C bond(s); subtype=DOPO_P-C_aliphatic_sp3
85,O=P(C1=C2C=CC=C1)(C(NC3=NC(NC(P4(C5=C(C6=C(O4)C=CC=C6)C=CC=C5)=O)C7=CC=CO7)=NN3)C8=CC=CO8)OC9=C2C=CC=C9,P-C,DOPO_P-C,233.8,O=P1(C(Nc2n[nH]c(NC(c3ccco3)P3(=O)Oc4ccccc4-c4ccccc43)n2)c2ccco2)Oc2ccccc2-c2ccccc21,P-C,Use_pc_pn_model,DOPO-C,DOPO_P-C_external,DOPO_P-C_aliphatic_sp3,aliphatic_sp3_C,2,4,selected_nonaromatic_nonring_external_P-C; selected 2 target P-C bond(s) from 4 total P-C bond(s); subtype=DOPO_P-C_aliphatic_sp3
86,O=P(C1=C2C=CC=C1)(C(NC3=NC(NC(P4(C5=C(C6=C(O4)C=CC=C6)C=CC=C5)=O)C7=CC=C(O)O7)=NN3)C8=CC=C(O)O8)OC9=C2C=CC=C9,P-C,DOPO_P-C,225.9,O=P1(C(Nc2n[nH]c(NC(c3ccc(O)o3)P3(=O)Oc4ccccc4-c4ccccc43)n2)c2ccc(O)o2)Oc2ccccc2-c2ccccc21,P-C,Use_pc_pn_model,DOPO-C,DOPO_P-C_external,DOPO_P-C_aliphatic_sp3,aliphatic_sp3_C,2,4,selected_nonaromatic_nonring_external_P-C; selected 2 target P-C bond(s) from 4 total P-C bond(s); subtype=DOPO_P-C_aliphatic_sp3
87,O=P(C1=C2C=CC=C1)(C(NC3=NC(NC(P4(C5=C(C6=C(O4)C=CC=C6)C=CC=C5)=O)C7=CC(O)=CO7)=NN3)C8=CC(O)=CO8)OC9=C2C=CC=C9,P-C,DOPO_P-C,226.6,O=P1(C(Nc2n[nH]c(NC(c3cc(O)co3)P3(=O)Oc4ccccc4-c4ccccc43)n2)c2cc(O)co2)Oc2ccccc2-c2ccccc21,P-C,Use_pc_pn_model,DOPO-C,DOPO_P-C_external,DOPO_P-C_aliphatic_sp3,aliphatic_sp3_C,2,4,selected_nonaromatic_nonring_external_P-C; selected 2 target P-C bond(s) from 4 total P-C bond(s); subtype=DOPO_P-C_aliphatic_sp3
88,O=P(C1=C2C=CC=C1)(C(NC3=NC(NC(P4(C5=C(C6=C(O4)C=CC=C6)C=CC=C5)=O)C7=C(O)C=CO7)=NN3)C8=C(O)C=CO8)OC9=C2C=CC=C9,P-C,DOPO_P-C,253.6,O=P1(C(Nc2n[nH]c(NC(c3occc3O)P3(=O)Oc4ccccc4-c4ccccc43)n2)c2occc2O)Oc2ccccc2-c2ccccc21,P-C,Use_pc_pn_model,DOPO-C,DOPO_P-C_external,DOPO_P-C_aliphatic_sp3,aliphatic_sp3_C,2,4,selected_nonaromatic_nonring_external_P-C; selected 2 target P-C bond(s) from 4 total P-C bond(s); subtype=DOPO_P-C_aliphatic_sp3
89,O=P(C1=C2C=CC=C1)(C(NC3=NC(NC(P4(C5=C(C6=C(O4)C=CC=C6)C=CC=C5)=O)C7=C(OC)C=CO7)=NN3)C8=C(OC)C=CO8)OC9=C2C=CC=C9,P-C,DOPO_P-C,251.4,COc1ccoc1C(Nc1n[nH]c(NC(c2occc2OC)P2(=O)Oc3ccccc3-c3ccccc32)n1)P1(=O)Oc2ccccc2-c2ccccc21,P-C,Use_pc_pn_model,DOPO-C,DOPO_P-C_external,DOPO_P-C_aliphatic_sp3,aliphatic_sp3_C,2,4,selected_nonaromatic_nonring_external_P-C; selected 2 target P-C bond(s) from 4 total P-C bond(s); subtype=DOPO_P-C_aliphatic_sp3
90,O=P(C1=C2C=CC=C1)(C(NC3=NC(NC(P4(C5=C(C6=C(O4)C=CC=C6)C=CC=C5)=O)C7=CC(OC)=CO7)=NN3)C8=CC(OC)=CO8)OC9=C2C=CC=C9,P-C,DOPO_P-C,236.3,COc1coc(C(Nc2n[nH]c(NC(c3cc(OC)co3)P3(=O)Oc4ccccc4-c4ccccc43)n2)P2(=O)Oc3ccccc3-c3ccccc32)c1,P-C,Use_pc_pn_model,DOPO-C,DOPO_P-C_external,DOPO_P-C_aliphatic_sp3,aliphatic_sp3_C,2,4,selected_nonaromatic_nonring_external_P-C; selected 2 target P-C bond(s) from 4 total P-C bond(s); subtype=DOPO_P-C_aliphatic_sp3
91,O=P(C1=C2C=CC=C1)(C(NC3=NC(NC(P4(C5=C(C6=C(O4)C=CC=C6)C=CC=C5)=O)C7=CC=C(OC)O7)=NN3)C8=CC=C(OC)O8)OC9=C2C=CC=C9,P-C,DOPO_P-C,234.9,COc1ccc(C(Nc2n[nH]c(NC(c3ccc(OC)o3)P3(=O)Oc4ccccc4-c4ccccc43)n2)P2(=O)Oc3ccccc3-c3ccccc32)o1,P-C,Use_pc_pn_model,DOPO-C,DOPO_P-C_external,DOPO_P-C_aliphatic_sp3,aliphatic_sp3_C,2,4,selected_nonaromatic_nonring_external_P-C; selected 2 target P-C bond(s) from 4 total P-C bond(s); subtype=DOPO_P-C_aliphatic_sp3
92,O=P(C1=C2C=CC=C1)(C(NC3=NC(NC(P4(C5=C(C6=C(O4)C=CC=C6)C=CC=C5)=O)C7=CC=C(N)O7)=NN3)C8=CC=C(N)O8)OC9=C2C=CC=C9,P-C,DOPO_P-C,225.1,Nc1ccc(C(Nc2n[nH]c(NC(c3ccc(N)o3)P3(=O)Oc4ccccc4-c4ccccc43)n2)P2(=O)Oc3ccccc3-c3ccccc32)o1,P-C,Use_pc_pn_model,DOPO-C,DOPO_P-C_external,DOPO_P-C_aliphatic_sp3,aliphatic_sp3_C,2,4,selected_nonaromatic_nonring_external_P-C; selected 2 target P-C bond(s) from 4 total P-C bond(s); subtype=DOPO_P-C_aliphatic_sp3
93,O=P(C1=C2C=CC=C1)(C(NC3=NC(NC(P4(C5=C(C6=C(O4)C=CC=C6)C=CC=C5)=O)C7=CC(N)=CO7)=NN3)C8=CC(N)=CO8)OC9=C2C=CC=C9,P-C,DOPO_P-C,234.3,Nc1coc(C(Nc2n[nH]c(NC(c3cc(N)co3)P3(=O)Oc4ccccc4-c4ccccc43)n2)P2(=O)Oc3ccccc3-c3ccccc32)c1,P-C,Use_pc_pn_model,DOPO-C,DOPO_P-C_external,DOPO_P-C_aliphatic_sp3,aliphatic_sp3_C,2,4,selected_nonaromatic_nonring_external_P-C; selected 2 target P-C bond(s) from 4 total P-C bond(s); subtype=DOPO_P-C_aliphatic_sp3
94,O=P(C1=C2C=CC=C1)(C(NC3=NC(NC(P4(C5=C(C6=C(O4)C=CC=C6)C=CC=C5)=O)C7=C(N)C=CO7)=NN3)C8=C(N)C=CO8)OC9=C2C=CC=C9,P-C,DOPO_P-C,249.5,Nc1ccoc1C(Nc1n[nH]c(NC(c2occc2N)P2(=O)Oc3ccccc3-c3ccccc32)n1)P1(=O)Oc2ccccc2-c2ccccc21,P-C,Use_pc_pn_model,DOPO-C,DOPO_P-C_external,DOPO_P-C_aliphatic_sp3,aliphatic_sp3_C,2,4,selected_nonaromatic_nonring_external_P-C; selected 2 target P-C bond(s) from 4 total P-C bond(s); subtype=DOPO_P-C_aliphatic_sp3
95,O=P(C1=C2C=CC=C1)(C(NC3=NC(NC(P4(C5=C(C6=C(O4)C=CC=C6)C=CC=C5)=O)C7=C(C=O)C=CO7)=NN3)C8=C(C=O)C=CO8)OC9=C2C=CC=C9,P-C,DOPO_P-C,218.4,O=Cc1ccoc1C(Nc1n[nH]c(NC(c2occc2C=O)P2(=O)Oc3ccccc3-c3ccccc32)n1)P1(=O)Oc2ccccc2-c2ccccc21,P-C,Use_pc_pn_model,DOPO-C,DOPO_P-C_external,DOPO_P-C_aliphatic_sp3,aliphatic_sp3_C,2,4,selected_nonaromatic_nonring_external_P-C; selected 2 target P-C bond(s) from 4 total P-C bond(s); subtype=DOPO_P-C_aliphatic_sp3
96,O=P(C1=C2C=CC=C1)(C(NC3=NC(NC(P4(C5=C(C6=C(O4)C=CC=C6)C=CC=C5)=O)C7=CC(C=O)=CO7)=NN3)C8=CC(C=O)=CO8)OC9=C2C=CC=C9,P-C,DOPO_P-C,227.9,O=Cc1coc(C(Nc2n[nH]c(NC(c3cc(C=O)co3)P3(=O)Oc4ccccc4-c4ccccc43)n2)P2(=O)Oc3ccccc3-c3ccccc32)c1,P-C,Use_pc_pn_model,DOPO-C,DOPO_P-C_external,DOPO_P-C_aliphatic_sp3,aliphatic_sp3_C,2,4,selected_nonaromatic_nonring_external_P-C; selected 2 target P-C bond(s) from 4 total P-C bond(s); subtype=DOPO_P-C_aliphatic_sp3
97,O=P(C1=C2C=CC=C1)(C(NC3=NC(NC(P4(C5=C(C6=C(O4)C=CC=C6)C=CC=C5)=O)C7=CC=C(C=O)O7)=NN3)C8=CC=C(C=O)O8)OC9=C2C=CC=C9,P-C,DOPO_P-C,213.7,O=Cc1ccc(C(Nc2n[nH]c(NC(c3ccc(C=O)o3)P3(=O)Oc4ccccc4-c4ccccc43)n2)P2(=O)Oc3ccccc3-c3ccccc32)o1,P-C,Use_pc_pn_model,DOPO-C,DOPO_P-C_external,DOPO_P-C_aliphatic_sp3,aliphatic_sp3_C,2,4,selected_nonaromatic_nonring_external_P-C; selected 2 target P-C bond(s) from 4 total P-C bond(s); subtype=DOPO_P-C_aliphatic_sp3
98,O=P(C1=C2C=CC=C1)(C(NC3=NC(NC(P4(C5=C(C6=C(O4)C=CC=C6)C=CC=C5)=O)C7=CC=C(C(O)=O)O7)=NN3)C8=CC=C(C(O)=O)O8)OC9=C2C=CC=C9,P-C,DOPO_P-C,204.8,O=C(O)c1ccc(C(Nc2n[nH]c(NC(c3ccc(C(=O)O)o3)P3(=O)Oc4ccccc4-c4ccccc43)n2)P2(=O)Oc3ccccc3-c3ccccc32)o1,P-C,Use_pc_pn_model,DOPO-C,DOPO_P-C_external,DOPO_P-C_aliphatic_sp3,aliphatic_sp3_C,2,4,selected_nonaromatic_nonring_external_P-C; selected 2 target P-C bond(s) from 4 total P-C bond(s); subtype=DOPO_P-C_aliphatic_sp3
99,O=P(C1=C2C=CC=C1)(C(NC3=NC(NC(P4(C5=C(C6=C(O4)C=CC=C6)C=CC=C5)=O)C7=CC(C(O)=O)=CO7)=NN3)C8=CC(C(O)=O)=CO8)OC9=C2C=CC=C9,P-C,DOPO_P-C,234.2,O=C(O)c1coc(C(Nc2n[nH]c(NC(c3cc(C(=O)O)co3)P3(=O)Oc4ccccc4-c4ccccc43)n2)P2(=O)Oc3ccccc3-c3ccccc32)c1,P-C,Use_pc_pn_model,DOPO-C,DOPO_P-C_external,DOPO_P-C_aliphatic_sp3,aliphatic_sp3_C,2,4,selected_nonaromatic_nonring_external_P-C; selected 2 target P-C bond(s) from 4 total P-C bond(s); subtype=DOPO_P-C_aliphatic_sp3
100,O=P(C1=C2C=CC=C1)(C(NC3=NC(NC(P4(C5=C(C6=C(O4)C=CC=C6)C=CC=C5)=O)C7=C(C(O)=O)C=CO7)=NN3)C8=C(C(O)=O)C=CO8)OC9=C2C=CC=C9,P-C,DOPO_P-C,242.2,O=C(O)c1ccoc1C(Nc1n[nH]c(NC(c2occc2C(=O)O)P2(=O)Oc3ccccc3-c3ccccc32)n1)P1(=O)Oc2ccccc2-c2ccccc21,P-C,Use_pc_pn_model,DOPO-C,DOPO_P-C_external,DOPO_P-C_aliphatic_sp3,aliphatic_sp3_C,2,4,selected_nonaromatic_nonring_external_P-C; selected 2 target P-C bond(s) from 4 total P-C bond(s); subtype=DOPO_P-C_aliphatic_sp3
101,O=P(C1=C2C=CC=C1)(C(NC3=NC(NC(P4(C5=C(C6=C(O4)C=CC=C6)C=CC=C5)=O)C7=C(C(F)(F)F)C=CO7)=NN3)C8=C(C(F)(F)F)C=CO8)OC9=C2C=CC=C9,P-C,DOPO_P-C,220,O=P1(C(Nc2n[nH]c(NC(c3occc3C(F)(F)F)P3(=O)Oc4ccccc4-c4ccccc43)n2)c2occc2C(F)(F)F)Oc2ccccc2-c2ccccc21,P-C,Use_pc_pn_model,DOPO-C,DOPO_P-C_external,DOPO_P-C_aliphatic_sp3,aliphatic_sp3_C,2,4,selected_nonaromatic_nonring_external_P-C; selected 2 target P-C bond(s) from 4 total P-C bond(s); subtype=DOPO_P-C_aliphatic_sp3
102,O=P(C1=C2C=CC=C1)(C(NC3=NC(NC(P4(C5=C(C6=C(O4)C=CC=C6)C=CC=C5)=O)C7=CC(C(F)(F)F)=CO7)=NN3)C8=CC(C(F)(F)F)=CO8)OC9=C2C=CC=C9,P-C,DOPO_P-C,232,O=P1(C(Nc2n[nH]c(NC(c3cc(C(F)(F)F)co3)P3(=O)Oc4ccccc4-c4ccccc43)n2)c2cc(C(F)(F)F)co2)Oc2ccccc2-c2ccccc21,P-C,Use_pc_pn_model,DOPO-C,DOPO_P-C_external,DOPO_P-C_aliphatic_sp3,aliphatic_sp3_C,2,4,selected_nonaromatic_nonring_external_P-C; selected 2 target P-C bond(s) from 4 total P-C bond(s); subtype=DOPO_P-C_aliphatic_sp3
103,O=P(C1=C2C=CC=C1)(C(NC3=NC(NC(P4(C5=C(C6=C(O4)C=CC=C6)C=CC=C5)=O)C7=CC=C(C(F)(F)F)O7)=NN3)C8=CC=C(C(F)(F)F)O8)OC9=C2C=CC=C9,P-C,DOPO_P-C,235.3,O=P1(C(Nc2n[nH]c(NC(c3ccc(C(F)(F)F)o3)P3(=O)Oc4ccccc4-c4ccccc43)n2)c2ccc(C(F)(F)F)o2)Oc2ccccc2-c2ccccc21,P-C,Use_pc_pn_model,DOPO-C,DOPO_P-C_external,DOPO_P-C_aliphatic_sp3,aliphatic_sp3_C,2,4,selected_nonaromatic_nonring_external_P-C; selected 2 target P-C bond(s) from 4 total P-C bond(s); subtype=DOPO_P-C_aliphatic_sp3
104,O=P1(C2=C(C3=C(O1)C=CC=C3)C=CC=C2)C(NC4=NNC=N4)C5=CC=C(C(P6(C7=C(C8=C(O6)C=CC=C8)C=CC=C7)=O)NC9=NNC=N9)C=C5,P-C,DOPO_P-C,259.2,O=P1(C(Nc2nc[nH]n2)c2ccc(C(Nc3nc[nH]n3)P3(=O)Oc4ccccc4-c4ccccc43)cc2)Oc2ccccc2-c2ccccc21,P-C,Use_pc_pn_model,DOPO-C,DOPO_P-C_external,DOPO_P-C_aliphatic_sp3,aliphatic_sp3_C,2,4,selected_nonaromatic_nonring_external_P-C; selected 2 target P-C bond(s) from 4 total P-C bond(s); subtype=DOPO_P-C_aliphatic_sp3
105,CNC(P1(C2=C(C3=C(O1)C=CC=C3)C=CC=C2)=O)C4=CC=C(C(P5(C6=C(C7=C(O5)C=CC=C7)C=CC=C6)=O)NC)C=C4,P-C,DOPO_P-C,310,CNC(c1ccc(C(NC)P2(=O)Oc3ccccc3-c3ccccc32)cc1)P1(=O)Oc2ccccc2-c2ccccc21,P-C,Use_pc_pn_model,DOPO-C,DOPO_P-C_external,DOPO_P-C_aliphatic_sp3,aliphatic_sp3_C,2,4,selected_nonaromatic_nonring_external_P-C; selected 2 target P-C bond(s) from 4 total P-C bond(s); subtype=DOPO_P-C_aliphatic_sp3
106,O=P1(C2=C(C3=C(O1)C=CC=C3)C=CC=C2)C(NC4=NNC(O)=N4)C5=CC=C(C(P6(C7=C(C8=C(O6)C=CC=C8)C=CC=C7)=O)NC9=NNC(O)=N9)C=C5,P-C,DOPO_P-C,258.1,O=P1(C(Nc2n[nH]c(O)n2)c2ccc(C(Nc3n[nH]c(O)n3)P3(=O)Oc4ccccc4-c4ccccc43)cc2)Oc2ccccc2-c2ccccc21,P-C,Use_pc_pn_model,DOPO-C,DOPO_P-C_external,DOPO_P-C_aliphatic_sp3,aliphatic_sp3_C,2,4,selected_nonaromatic_nonring_external_P-C; selected 2 target P-C bond(s) from 4 total P-C bond(s); subtype=DOPO_P-C_aliphatic_sp3
107,O=P1(C2=C(C3=C(O1)C=CC=C3)C=CC=C2)C(NC4=NN(O)C=N4)C5=CC=C(C(P6(C7=C(C8=C(O6)C=CC=C8)C=CC=C7)=O)NC9=NN(O)C=N9)C=C5,P-C,DOPO_P-C,257.1,O=P1(C(Nc2ncn(O)n2)c2ccc(C(Nc3ncn(O)n3)P3(=O)Oc4ccccc4-c4ccccc43)cc2)Oc2ccccc2-c2ccccc21,P-C,Use_pc_pn_model,DOPO-C,DOPO_P-C_external,DOPO_P-C_aliphatic_sp3,aliphatic_sp3_C,2,4,selected_nonaromatic_nonring_external_P-C; selected 2 target P-C bond(s) from 4 total P-C bond(s); subtype=DOPO_P-C_aliphatic_sp3
108,O=P1(C2=C(C3=C(O1)C=CC=C3)C=CC=C2)C(NC4=NN(OC)C=N4)C5=CC=C(C(P6(C7=C(C8=C(O6)C=CC=C8)C=CC=C7)=O)NC9=NN(OC)C=N9)C=C5,P-C,DOPO_P-C,257.2,COn1cnc(NC(c2ccc(C(Nc3ncn(OC)n3)P3(=O)Oc4ccccc4-c4ccccc43)cc2)P2(=O)Oc3ccccc3-c3ccccc32)n1,P-C,Use_pc_pn_model,DOPO-C,DOPO_P-C_external,DOPO_P-C_aliphatic_sp3,aliphatic_sp3_C,2,4,selected_nonaromatic_nonring_external_P-C; selected 2 target P-C bond(s) from 4 total P-C bond(s); subtype=DOPO_P-C_aliphatic_sp3
109,O=P1(C2=C(C3=C(O1)C=CC=C3)C=CC=C2)C(NC4=NNC(OC)=N4)C5=CC=C(C(P6(C7=C(C8=C(O6)C=CC=C8)C=CC=C7)=O)NC9=NNC(OC)=N9)C=C5,P-C,DOPO_P-C,257.5,COc1nc(NC(c2ccc(C(Nc3n[nH]c(OC)n3)P3(=O)Oc4ccccc4-c4ccccc43)cc2)P2(=O)Oc3ccccc3-c3ccccc32)n[nH]1,P-C,Use_pc_pn_model,DOPO-C,DOPO_P-C_external,DOPO_P-C_aliphatic_sp3,aliphatic_sp3_C,2,4,selected_nonaromatic_nonring_external_P-C; selected 2 target P-C bond(s) from 4 total P-C bond(s); subtype=DOPO_P-C_aliphatic_sp3
110,O=P1(C2=C(C3=C(O1)C=CC=C3)C=CC=C2)C(NC4=NNC(N)=N4)C5=CC=C(C(P6(C7=C(C8=C(O6)C=CC=C8)C=CC=C7)=O)NC9=NNC(N)=N9)C=C5,P-C,DOPO_P-C,258.8,Nc1nc(NC(c2ccc(C(Nc3n[nH]c(N)n3)P3(=O)Oc4ccccc4-c4ccccc43)cc2)P2(=O)Oc3ccccc3-c3ccccc32)n[nH]1,P-C,Use_pc_pn_model,DOPO-C,DOPO_P-C_external,DOPO_P-C_aliphatic_sp3,aliphatic_sp3_C,2,4,selected_nonaromatic_nonring_external_P-C; selected 2 target P-C bond(s) from 4 total P-C bond(s); subtype=DOPO_P-C_aliphatic_sp3
111,O=P1(C2=C(C3=C(O1)C=CC=C3)C=CC=C2)C(NC4=NN(N)C=N4)C5=CC=C(C(P6(C7=C(C8=C(O6)C=CC=C8)C=CC=C7)=O)NC9=NN(N)C=N9)C=C5,P-C,DOPO_P-C,258.2,Nn1cnc(NC(c2ccc(C(Nc3ncn(N)n3)P3(=O)Oc4ccccc4-c4ccccc43)cc2)P2(=O)Oc3ccccc3-c3ccccc32)n1,P-C,Use_pc_pn_model,DOPO-C,DOPO_P-C_external,DOPO_P-C_aliphatic_sp3,aliphatic_sp3_C,2,4,selected_nonaromatic_nonring_external_P-C; selected 2 target P-C bond(s) from 4 total P-C bond(s); subtype=DOPO_P-C_aliphatic_sp3
112,O=P1(C2=C(C3=C(O1)C=CC=C3)C=CC=C2)C(NC4=NN(C=O)C=N4)C5=CC=C(C(P6(C7=C(C8=C(O6)C=CC=C8)C=CC=C7)=O)NC9=NN(C=O)C=N9)C=C5,P-C,DOPO_P-C,254.6,O=Cn1cnc(NC(c2ccc(C(Nc3ncn(C=O)n3)P3(=O)Oc4ccccc4-c4ccccc43)cc2)P2(=O)Oc3ccccc3-c3ccccc32)n1,P-C,Use_pc_pn_model,DOPO-C,DOPO_P-C_external,DOPO_P-C_aliphatic_sp3,aliphatic_sp3_C,2,4,selected_nonaromatic_nonring_external_P-C; selected 2 target P-C bond(s) from 4 total P-C bond(s); subtype=DOPO_P-C_aliphatic_sp3
113,O=P1(C2=C(C3=C(O1)C=CC=C3)C=CC=C2)C(NC4=NNC(C=O)=N4)C5=CC=C(C(P6(C7=C(C8=C(O6)C=CC=C8)C=CC=C7)=O)NC9=NNC(C=O)=N9)C=C5,P-C,DOPO_P-C,261.9,O=Cc1nc(NC(c2ccc(C(Nc3n[nH]c(C=O)n3)P3(=O)Oc4ccccc4-c4ccccc43)cc2)P2(=O)Oc3ccccc3-c3ccccc32)n[nH]1,P-C,Use_pc_pn_model,DOPO-C,DOPO_P-C_external,DOPO_P-C_aliphatic_sp3,aliphatic_sp3_C,2,4,selected_nonaromatic_nonring_external_P-C; selected 2 target P-C bond(s) from 4 total P-C bond(s); subtype=DOPO_P-C_aliphatic_sp3
114,O=P1(C2=C(C3=C(O1)C=CC=C3)C=CC=C2)C(NC4=NNC(C(O)=O)=N4)C5=CC=C(C(P6(C7=C(C8=C(O6)C=CC=C8)C=CC=C7)=O)NC9=NNC(C(O)=O)=N9)C=C5,P-C,DOPO_P-C,260.7,O=C(O)c1nc(NC(c2ccc(C(Nc3n[nH]c(C(=O)O)n3)P3(=O)Oc4ccccc4-c4ccccc43)cc2)P2(=O)Oc3ccccc3-c3ccccc32)n[nH]1,P-C,Use_pc_pn_model,DOPO-C,DOPO_P-C_external,DOPO_P-C_aliphatic_sp3,aliphatic_sp3_C,2,4,selected_nonaromatic_nonring_external_P-C; selected 2 target P-C bond(s) from 4 total P-C bond(s); subtype=DOPO_P-C_aliphatic_sp3
115,O=P1(C2=C(C3=C(O1)C=CC=C3)C=CC=C2)C(NC4=NN(C(O)=O)C=N4)C5=CC=C(C(P6(C7=C(C8=C(O6)C=CC=C8)C=CC=C7)=O)NC9=NN(C(O)=O)C=N9)C=C5,P-C,DOPO_P-C,256.2,O=C(O)n1cnc(NC(c2ccc(C(Nc3ncn(C(=O)O)n3)P3(=O)Oc4ccccc4-c4ccccc43)cc2)P2(=O)Oc3ccccc3-c3ccccc32)n1,P-C,Use_pc_pn_model,DOPO-C,DOPO_P-C_external,DOPO_P-C_aliphatic_sp3,aliphatic_sp3_C,2,4,selected_nonaromatic_nonring_external_P-C; selected 2 target P-C bond(s) from 4 total P-C bond(s); subtype=DOPO_P-C_aliphatic_sp3
116,O=P1(C2=C(C3=C(O1)C=CC=C3)C=CC=C2)C(NC4=NN(C(F)(F)F)C=N4)C5=CC=C(C(P6(C7=C(C8=C(O6)C=CC=C8)C=CC=C7)=O)NC9=NN(C(F)(F)F)C=N9)C=C5,P-C,DOPO_P-C,258.5,O=P1(C(Nc2ncn(C(F)(F)F)n2)c2ccc(C(Nc3ncn(C(F)(F)F)n3)P3(=O)Oc4ccccc4-c4ccccc43)cc2)Oc2ccccc2-c2ccccc21,P-C,Use_pc_pn_model,DOPO-C,DOPO_P-C_external,DOPO_P-C_aliphatic_sp3,aliphatic_sp3_C,2,4,selected_nonaromatic_nonring_external_P-C; selected 2 target P-C bond(s) from 4 total P-C bond(s); subtype=DOPO_P-C_aliphatic_sp3
117,O=P1(C2=C(C3=C(O1)C=CC=C3)C=CC=C2)C(NC4=NNC(C(F)(F)F)=N4)C5=CC=C(C(P6(C7=C(C8=C(O6)C=CC=C8)C=CC=C7)=O)NC9=NNC(C(F)(F)F)=N9)C=C5,P-C,DOPO_P-C,262.2,O=P1(C(Nc2n[nH]c(C(F)(F)F)n2)c2ccc(C(Nc3n[nH]c(C(F)(F)F)n3)P3(=O)Oc4ccccc4-c4ccccc43)cc2)Oc2ccccc2-c2ccccc21,P-C,Use_pc_pn_model,DOPO-C,DOPO_P-C_external,DOPO_P-C_aliphatic_sp3,aliphatic_sp3_C,2,4,selected_nonaromatic_nonring_external_P-C; selected 2 target P-C bond(s) from 4 total P-C bond(s); subtype=DOPO_P-C_aliphatic_sp3
118,CC(P1(C2=C(C3=C(O1)C=CC=C3)C=CC=C2)=O)NC4=CC=C(NC(P5(C6=C(C7=C(O5)C=CC=C7)C=CC=C6)=O)C)C=C4,P-C,DOPO_P-C,279.2,CC(Nc1ccc(NC(C)P2(=O)Oc3ccccc3-c3ccccc32)cc1)P1(=O)Oc2ccccc2-c2ccccc21,P-C,Use_pc_pn_model,DOPO-C,DOPO_P-C_external,DOPO_P-C_aliphatic_sp3,aliphatic_sp3_C,2,4,selected_nonaromatic_nonring_external_P-C; selected 2 target P-C bond(s) from 4 total P-C bond(s); subtype=DOPO_P-C_aliphatic_sp3
119,O=P(C1=C2C=CC=C1)(C(NC3=CC=C(NC(P4(C5=C(C6=C(O4)C=CC=C6)C=CC=C5)=O)C7=CNC(O)=N7)C=C3)C8=CNC(O)=N8)OC9=C2C=CC=C9,P-C,DOPO_P-C,269.7,O=P1(C(Nc2ccc(NC(c3c[nH]c(O)n3)P3(=O)Oc4ccccc4-c4ccccc43)cc2)c2c[nH]c(O)n2)Oc2ccccc2-c2ccccc21,P-C,Use_pc_pn_model,DOPO-C,DOPO_P-C_external,DOPO_P-C_aliphatic_sp3,aliphatic_sp3_C,2,4,selected_nonaromatic_nonring_external_P-C; selected 2 target P-C bond(s) from 4 total P-C bond(s); subtype=DOPO_P-C_aliphatic_sp3
120,O=P(C1=C2C=CC=C1)(C(NC3=CC=C(NC(P4(C5=C(C6=C(O4)C=CC=C6)C=CC=C5)=O)C7=CNC(OC)=N7)C=C3)C8=CNC(OC)=N8)OC9=C2C=CC=C9,P-C,DOPO_P-C,239.6,COc1nc(C(Nc2ccc(NC(c3c[nH]c(OC)n3)P3(=O)Oc4ccccc4-c4ccccc43)cc2)P2(=O)Oc3ccccc3-c3ccccc32)c[nH]1,P-C,Use_pc_pn_model,DOPO-C,DOPO_P-C_external,DOPO_P-C_aliphatic_sp3,aliphatic_sp3_C,2,4,selected_nonaromatic_nonring_external_P-C; selected 2 target P-C bond(s) from 4 total P-C bond(s); subtype=DOPO_P-C_aliphatic_sp3
121,O=P(C1=C2C=CC=C1)(C(NC3=CC=C(NC(P4(C5=C(C6=C(O4)C=CC=C6)C=CC=C5)=O)C7=CNC(N)=N7)C=C3)C8=CNC(N)=N8)OC9=C2C=CC=C9,P-C,DOPO_P-C,244.7,Nc1nc(C(Nc2ccc(NC(c3c[nH]c(N)n3)P3(=O)Oc4ccccc4-c4ccccc43)cc2)P2(=O)Oc3ccccc3-c3ccccc32)c[nH]1,P-C,Use_pc_pn_model,DOPO-C,DOPO_P-C_external,DOPO_P-C_aliphatic_sp3,aliphatic_sp3_C,2,4,selected_nonaromatic_nonring_external_P-C; selected 2 target P-C bond(s) from 4 total P-C bond(s); subtype=DOPO_P-C_aliphatic_sp3
122,O=P(C1=C2C=CC=C1)(C(NC3=CC=C(NC(P4(C5=C(C6=C(O4)C=CC=C6)C=CC=C5)=O)C7=CNC(C=O)=N7)C=C3)C8=CNC(C=O)=N8)OC9=C2C=CC=C9,P-C,DOPO_P-C,244.7,O=Cc1nc(C(Nc2ccc(NC(c3c[nH]c(C=O)n3)P3(=O)Oc4ccccc4-c4ccccc43)cc2)P2(=O)Oc3ccccc3-c3ccccc32)c[nH]1,P-C,Use_pc_pn_model,DOPO-C,DOPO_P-C_external,DOPO_P-C_aliphatic_sp3,aliphatic_sp3_C,2,4,selected_nonaromatic_nonring_external_P-C; selected 2 target P-C bond(s) from 4 total P-C bond(s); subtype=DOPO_P-C_aliphatic_sp3
123,O=P(C1=C2C=CC=C1)(C(NC3=CC=C(NC(P4(C5=C(C6=C(O4)C=CC=C6)C=CC=C5)=O)C7=CNC(C(O)=O)=N7)C=C3)C8=CNC(C(O)=O)=N8)OC9=C2C=CC=C9,P-C,DOPO_P-C,247.3,O=C(O)c1nc(C(Nc2ccc(NC(c3c[nH]c(C(=O)O)n3)P3(=O)Oc4ccccc4-c4ccccc43)cc2)P2(=O)Oc3ccccc3-c3ccccc32)c[nH]1,P-C,Use_pc_pn_model,DOPO-C,DOPO_P-C_external,DOPO_P-C_aliphatic_sp3,aliphatic_sp3_C,2,4,selected_nonaromatic_nonring_external_P-C; selected 2 target P-C bond(s) from 4 total P-C bond(s); subtype=DOPO_P-C_aliphatic_sp3
124,O=P(C1=C2C=CC=C1)(C(NC3=CC=C(NC(P4(C5=C(C6=C(O4)C=CC=C6)C=CC=C5)=O)C7=CNC(C(F)(F)F)=N7)C=C3)C8=CNC(C(F)(F)F)=N8)OC9=C2C=CC=C9,P-C,DOPO_P-C,249.4,O=P1(C(Nc2ccc(NC(c3c[nH]c(C(F)(F)F)n3)P3(=O)Oc4ccccc4-c4ccccc43)cc2)c2c[nH]c(C(F)(F)F)n2)Oc2ccccc2-c2ccccc21,P-C,Use_pc_pn_model,DOPO-C,DOPO_P-C_external,DOPO_P-C_aliphatic_sp3,aliphatic_sp3_C,2,4,selected_nonaromatic_nonring_external_P-C; selected 2 target P-C bond(s) from 4 total P-C bond(s); subtype=DOPO_P-C_aliphatic_sp3
125,O=P(C1=C2C=CC=C1)(C(NC3=CC=C(NC(P4(C5=C(C6=C(O4)C=CC=C6)C=CC=C5)=O)C7=C(C(F)(F)F)NC=N7)C=C3)C8=C(C(F)(F)F)NC=N8)OC9=C2C=CC=C9,P-C,DOPO_P-C,231.8,O=P1(C(Nc2ccc(NC(c3nc[nH]c3C(F)(F)F)P3(=O)Oc4ccccc4-c4ccccc43)cc2)c2nc[nH]c2C(F)(F)F)Oc2ccccc2-c2ccccc21,P-C,Use_pc_pn_model,DOPO-C,DOPO_P-C_external,DOPO_P-C_aliphatic_sp3,aliphatic_sp3_C,2,4,selected_nonaromatic_nonring_external_P-C; selected 2 target P-C bond(s) from 4 total P-C bond(s); subtype=DOPO_P-C_aliphatic_sp3
126,O=P(C1=C2C=CC=C1)(C(NC3=CC=C(NC(P4(C5=C(C6=C(O4)C=CC=C6)C=CC=C5)=O)C7=C(C(O)=O)NC=N7)C=C3)C8=C(C(O)=O)NC=N8)OC9=C2C=CC=C9,P-C,DOPO_P-C,230.5,O=C(O)c1[nH]cnc1C(Nc1ccc(NC(c2nc[nH]c2C(=O)O)P2(=O)Oc3ccccc3-c3ccccc32)cc1)P1(=O)Oc2ccccc2-c2ccccc21,P-C,Use_pc_pn_model,DOPO-C,DOPO_P-C_external,DOPO_P-C_aliphatic_sp3,aliphatic_sp3_C,2,4,selected_nonaromatic_nonring_external_P-C; selected 2 target P-C bond(s) from 4 total P-C bond(s); subtype=DOPO_P-C_aliphatic_sp3
127,O=P(C1=C2C=CC=C1)(C(NC3=CC=C(NC(P4(C5=C(C6=C(O4)C=CC=C6)C=CC=C5)=O)C7=C(C=O)NC=N7)C=C3)C8=C(C=O)NC=N8)OC9=C2C=CC=C9,P-C,DOPO_P-C,217.1,O=Cc1[nH]cnc1C(Nc1ccc(NC(c2nc[nH]c2C=O)P2(=O)Oc3ccccc3-c3ccccc32)cc1)P1(=O)Oc2ccccc2-c2ccccc21,P-C,Use_pc_pn_model,DOPO-C,DOPO_P-C_external,DOPO_P-C_aliphatic_sp3,aliphatic_sp3_C,2,4,selected_nonaromatic_nonring_external_P-C; selected 2 target P-C bond(s) from 4 total P-C bond(s); subtype=DOPO_P-C_aliphatic_sp3
128,O=P(C1=C2C=CC=C1)(C(NC3=CC=C(NC(P4(C5=C(C6=C(O4)C=CC=C6)C=CC=C5)=O)C7=C(N)NC=N7)C=C3)C8=C(N)NC=N8)OC9=C2C=CC=C9,P-C,DOPO_P-C,266.9,Nc1[nH]cnc1C(Nc1ccc(NC(c2nc[nH]c2N)P2(=O)Oc3ccccc3-c3ccccc32)cc1)P1(=O)Oc2ccccc2-c2ccccc21,P-C,Use_pc_pn_model,DOPO-C,DOPO_P-C_external,DOPO_P-C_aliphatic_sp3,aliphatic_sp3_C,2,4,selected_nonaromatic_nonring_external_P-C; selected 2 target P-C bond(s) from 4 total P-C bond(s); subtype=DOPO_P-C_aliphatic_sp3
129,O=P(C1=C2C=CC=C1)(C(NC3=CC=C(NC(P4(C5=C(C6=C(O4)C=CC=C6)C=CC=C5)=O)C7=C(OC)NC=N7)C=C3)C8=C(OC)NC=N8)OC9=C2C=CC=C9,P-C,DOPO_P-C,250.5,COc1[nH]cnc1C(Nc1ccc(NC(c2nc[nH]c2OC)P2(=O)Oc3ccccc3-c3ccccc32)cc1)P1(=O)Oc2ccccc2-c2ccccc21,P-C,Use_pc_pn_model,DOPO-C,DOPO_P-C_external,DOPO_P-C_aliphatic_sp3,aliphatic_sp3_C,2,4,selected_nonaromatic_nonring_external_P-C; selected 2 target P-C bond(s) from 4 total P-C bond(s); subtype=DOPO_P-C_aliphatic_sp3
130,O=P(C1=C2C=CC=C1)(C(NC3=CC=C(NC(P4(C5=C(C6=C(O4)C=CC=C6)C=CC=C5)=O)C7=C(O)NC=N7)C=C3)C8=C(O)NC=N8)OC9=C2C=CC=C9,P-C,DOPO_P-C,282.1,O=P1(C(Nc2ccc(NC(c3nc[nH]c3O)P3(=O)Oc4ccccc4-c4ccccc43)cc2)c2nc[nH]c2O)Oc2ccccc2-c2ccccc21,P-C,Use_pc_pn_model,DOPO-C,DOPO_P-C_external,DOPO_P-C_aliphatic_sp3,aliphatic_sp3_C,2,4,selected_nonaromatic_nonring_external_P-C; selected 2 target P-C bond(s) from 4 total P-C bond(s); subtype=DOPO_P-C_aliphatic_sp3
131,O=P1(C(/C(O)=C/C2=CC=CC=C2)NC3=CC=C(NC(P4(C5=C(C6=C(O4)C=CC=C6)C=CC=C5)=O)/C(O)=C/C7=CC=CC=C7)C=C3)C8=C(C9=C(O1)C=CC=C9)C=CC=C8,P-C,DOPO_P-C,211.9,O=P1(C(Nc2ccc(NC(/C(O)=C/c3ccccc3)P3(=O)Oc4ccccc4-c4ccccc43)cc2)/C(O)=C/c2ccccc2)Oc2ccccc2-c2ccccc21,P-C,Use_pc_pn_model,DOPO-C,DOPO_P-C_external,DOPO_P-C_aliphatic_sp3,aliphatic_sp3_C,2,4,selected_nonaromatic_nonring_external_P-C; selected 2 target P-C bond(s) from 4 total P-C bond(s); subtype=DOPO_P-C_aliphatic_sp3
132,O=P1(C(/C=C(O)/C2=CC=CC=C2)NC3=CC=C(NC(P4(C5=C(C6=C(O4)C=CC=C6)C=CC=C5)=O)/C=C(O)/C7=CC=CC=C7)C=C3)C8=C(C9=C(O1)C=CC=C9)C=CC=C8,P-C,DOPO_P-C,224.1,O=P1(C(/C=C(\O)c2ccccc2)Nc2ccc(NC(/C=C(\O)c3ccccc3)P3(=O)Oc4ccccc4-c4ccccc43)cc2)Oc2ccccc2-c2ccccc21,P-C,Use_pc_pn_model,DOPO-C,DOPO_P-C_external,DOPO_P-C_aliphatic_sp3,aliphatic_sp3_C,2,4,selected_nonaromatic_nonring_external_P-C; selected 2 target P-C bond(s) from 4 total P-C bond(s); subtype=DOPO_P-C_aliphatic_sp3
133,O=P1(C(/C=C(OC)/C2=CC=CC=C2)NC3=CC=C(NC(P4(C5=C(C6=C(O4)C=CC=C6)C=CC=C5)=O)/C=C(OC)/C7=CC=CC=C7)C=C3)C8=C(C9=C(O1)C=CC=C9)C=CC=C8,P-C,DOPO_P-C,232.4,CO/C(=C\C(Nc1ccc(NC(/C=C(\OC)c2ccccc2)P2(=O)Oc3ccccc3-c3ccccc32)cc1)P1(=O)Oc2ccccc2-c2ccccc21)c1ccccc1,P-C,Use_pc_pn_model,DOPO-C,DOPO_P-C_external,DOPO_P-C_aliphatic_sp3,aliphatic_sp3_C,2,4,selected_nonaromatic_nonring_external_P-C; selected 2 target P-C bond(s) from 4 total P-C bond(s); subtype=DOPO_P-C_aliphatic_sp3
134,O=P1(C(/C(OC)=C/C2=CC=CC=C2)NC3=CC=C(NC(P4(C5=C(C6=C(O4)C=CC=C6)C=CC=C5)=O)/C(OC)=C/C7=CC=CC=C7)C=C3)C8=C(C9=C(O1)C=CC=C9)C=CC=C8,P-C,DOPO_P-C,232.3,CO/C(=C\c1ccccc1)C(Nc1ccc(NC(/C(=C/c2ccccc2)OC)P2(=O)Oc3ccccc3-c3ccccc32)cc1)P1(=O)Oc2ccccc2-c2ccccc21,P-C,Use_pc_pn_model,DOPO-C,DOPO_P-C_external,DOPO_P-C_aliphatic_sp3,aliphatic_sp3_C,2,4,selected_nonaromatic_nonring_external_P-C; selected 2 target P-C bond(s) from 4 total P-C bond(s); subtype=DOPO_P-C_aliphatic_sp3
135,O=P1(C(/C(N)=C/C2=CC=CC=C2)NC3=CC=C(NC(P4(C5=C(C6=C(O4)C=CC=C6)C=CC=C5)=O)/C(N)=C/C7=CC=CC=C7)C=C3)C8=C(C9=C(O1)C=CC=C9)C=CC=C8,P-C,DOPO_P-C,253.5,N/C(=C\c1ccccc1)C(Nc1ccc(NC(/C(N)=C/c2ccccc2)P2(=O)Oc3ccccc3-c3ccccc32)cc1)P1(=O)Oc2ccccc2-c2ccccc21,P-C,Use_pc_pn_model,DOPO-C,DOPO_P-C_external,DOPO_P-C_aliphatic_sp3,aliphatic_sp3_C,2,4,selected_nonaromatic_nonring_external_P-C; selected 2 target P-C bond(s) from 4 total P-C bond(s); subtype=DOPO_P-C_aliphatic_sp3
136,O=P1(C(/C=C(N)/C2=CC=CC=C2)NC3=CC=C(NC(P4(C5=C(C6=C(O4)C=CC=C6)C=CC=C5)=O)/C=C(N)/C7=CC=CC=C7)C=C3)C8=C(C9=C(O1)C=CC=C9)C=CC=C8,P-C,DOPO_P-C,230.7,N/C(=C\C(Nc1ccc(NC(/C=C(\N)c2ccccc2)P2(=O)Oc3ccccc3-c3ccccc32)cc1)P1(=O)Oc2ccccc2-c2ccccc21)c1ccccc1,P-C,Use_pc_pn_model,DOPO-C,DOPO_P-C_external,DOPO_P-C_aliphatic_sp3,aliphatic_sp3_C,2,4,selected_nonaromatic_nonring_external_P-C; selected 2 target P-C bond(s) from 4 total P-C bond(s); subtype=DOPO_P-C_aliphatic_sp3
137,O=P1(C(/C=C(C=O)/C2=CC=CC=C2)NC3=CC=C(NC(P4(C5=C(C6=C(O4)C=CC=C6)C=CC=C5)=O)/C=C(C=O)/C7=CC=CC=C7)C=C3)C8=C(C9=C(O1)C=CC=C9)C=CC=C8,P-C,DOPO_P-C,200.3,O=C/C(=C\C(Nc1ccc(NC(/C=C(\C=O)c2ccccc2)P2(=O)Oc3ccccc3-c3ccccc32)cc1)P1(=O)Oc2ccccc2-c2ccccc21)c1ccccc1,P-C,Use_pc_pn_model,DOPO-C,DOPO_P-C_external,DOPO_P-C_aliphatic_sp3,aliphatic_sp3_C,2,4,selected_nonaromatic_nonring_external_P-C; selected 2 target P-C bond(s) from 4 total P-C bond(s); subtype=DOPO_P-C_aliphatic_sp3
138,O=P1(C(/C(C=O)=C/C2=CC=CC=C2)NC3=CC=C(NC(P4(C5=C(C6=C(O4)C=CC=C6)C=CC=C5)=O)/C(C=O)=C/C7=CC=CC=C7)C=C3)C8=C(C9=C(O1)C=CC=C9)C=CC=C8,P-C,DOPO_P-C,232.5,O=C/C(=C\c1ccccc1)C(Nc1ccc(NC(/C(C=O)=C/c2ccccc2)P2(=O)Oc3ccccc3-c3ccccc32)cc1)P1(=O)Oc2ccccc2-c2ccccc21,P-C,Use_pc_pn_model,DOPO-C,DOPO_P-C_external,DOPO_P-C_aliphatic_sp3,aliphatic_sp3_C,2,4,selected_nonaromatic_nonring_external_P-C; selected 2 target P-C bond(s) from 4 total P-C bond(s); subtype=DOPO_P-C_aliphatic_sp3
139,O=P1(C(/C(C(O)=O)=C/C2=CC=CC=C2)NC3=CC=C(NC(P4(C5=C(C6=C(O4)C=CC=C6)C=CC=C5)=O)/C(C(O)=O)=C/C7=CC=CC=C7)C=C3)C8=C(C9=C(O1)C=CC=C9)C=CC=C8,P-C,DOPO_P-C,234.1,O=C(O)/C(=C\c1ccccc1)C(Nc1ccc(NC(/C(=C/c2ccccc2)C(=O)O)P2(=O)Oc3ccccc3-c3ccccc32)cc1)P1(=O)Oc2ccccc2-c2ccccc21,P-C,Use_pc_pn_model,DOPO-C,DOPO_P-C_external,DOPO_P-C_aliphatic_sp3,aliphatic_sp3_C,2,4,selected_nonaromatic_nonring_external_P-C; selected 2 target P-C bond(s) from 4 total P-C bond(s); subtype=DOPO_P-C_aliphatic_sp3
140,O=P1(C(/C=C(C(O)=O)/C2=CC=CC=C2)NC3=CC=C(NC(P4(C5=C(C6=C(O4)C=CC=C6)C=CC=C5)=O)/C=C(C(O)=O)/C7=CC=CC=C7)C=C3)C8=C(C9=C(O1)C=CC=C9)C=CC=C8,P-C,DOPO_P-C,202.4,O=C(O)/C(=C\C(Nc1ccc(NC(/C=C(\C(=O)O)c2ccccc2)P2(=O)Oc3ccccc3-c3ccccc32)cc1)P1(=O)Oc2ccccc2-c2ccccc21)c1ccccc1,P-C,Use_pc_pn_model,DOPO-C,DOPO_P-C_external,DOPO_P-C_aliphatic_sp3,aliphatic_sp3_C,2,4,selected_nonaromatic_nonring_external_P-C; selected 2 target P-C bond(s) from 4 total P-C bond(s); subtype=DOPO_P-C_aliphatic_sp3
141,O=P1(C(/C=C(C(F)(F)F)/C2=CC=CC=C2)NC3=CC=C(NC(P4(C5=C(C6=C(O4)C=CC=C6)C=CC=C5)=O)/C=C(C(F)(F)F)/C7=CC=CC=C7)C=C3)C8=C(C9=C(O1)C=CC=C9)C=CC=C8,P-C,DOPO_P-C,215.7,O=P1(C(/C=C(/c2ccccc2)C(F)(F)F)Nc2ccc(NC(/C=C(/c3ccccc3)C(F)(F)F)P3(=O)Oc4ccccc4-c4ccccc43)cc2)Oc2ccccc2-c2ccccc21,P-C,Use_pc_pn_model,DOPO-C,DOPO_P-C_external,DOPO_P-C_aliphatic_sp3,aliphatic_sp3_C,2,4,selected_nonaromatic_nonring_external_P-C; selected 2 target P-C bond(s) from 4 total P-C bond(s); subtype=DOPO_P-C_aliphatic_sp3
142,O=P1(C(/C(C(F)(F)F)=C/C2=CC=CC=C2)NC3=CC=C(NC(P4(C5=C(C6=C(O4)C=CC=C6)C=CC=C5)=O)/C(C(F)(F)F)=C/C7=CC=CC=C7)C=C3)C8=C(C9=C(O1)C=CC=C9)C=CC=C8,P-C,DOPO_P-C,243.5,O=P1(C(Nc2ccc(NC(/C(=C/c3ccccc3)C(F)(F)F)P3(=O)Oc4ccccc4-c4ccccc43)cc2)/C(=C/c2ccccc2)C(F)(F)F)Oc2ccccc2-c2ccccc21,P-C,Use_pc_pn_model,DOPO-C,DOPO_P-C_external,DOPO_P-C_aliphatic_sp3,aliphatic_sp3_C,2,4,selected_nonaromatic_nonring_external_P-C; selected 2 target P-C bond(s) from 4 total P-C bond(s); subtype=DOPO_P-C_aliphatic_sp3
143,O=P1(C2=C(C3=C(O1)C=CC=C3)C=CC=C2)C(NC4=CC=CO4)CC5=CC=CC=C5,P-C,DOPO_P-C,294.6,O=P1(C(Cc2ccccc2)Nc2ccco2)Oc2ccccc2-c2ccccc21,P-C,Use_pc_pn_model,DOPO-C,DOPO_P-C_external,DOPO_P-C_aliphatic_sp3,aliphatic_sp3_C,1,2,selected_nonaromatic_nonring_external_P-C; selected 1 target P-C bond(s) from 2 total P-C bond(s); subtype=DOPO_P-C_aliphatic_sp3
144,O=P(C1=C2C=CC=C1)(C3CC(OC3=O)=O)OC4=C2C=CC=C4,P-C,DOPO_P-C,302.9,O=C1CC(P2(=O)Oc3ccccc3-c3ccccc32)C(=O)O1,P-C,Use_pc_pn_model,DOPO-C,DOPO_P-C_external,DOPO_P-C_alicyclic_sp3,alicyclic_sp3_C,1,2,selected_nonaromatic_nonring_external_P-C; selected 1 target P-C bond(s) from 2 total P-C bond(s); subtype=DOPO_P-C_alicyclic_sp3
145,CC(C1=CC=C(OCC(O)CP2(C3=C(C4=C(O2)C=CC=C4)C=CC=C3)=O)C=C1)(C5=CC=C(OCC6CO6)C=C5)C,P-C,DOPO_P-C,343.9,CC(C)(c1ccc(OCC(O)CP2(=O)Oc3ccccc3-c3ccccc32)cc1)c1ccc(OCC2CO2)cc1,P-C,Use_pc_pn_model,DOPO-C,DOPO_P-C_external,DOPO_P-C_aliphatic_sp3,aliphatic_sp3_C,1,2,selected_nonaromatic_nonring_external_P-C; selected 1 target P-C bond(s) from 2 total P-C bond(s); subtype=DOPO_P-C_aliphatic_sp3
146,O=P(C1=C2C=CC=C1)(C(NC3=NC4=C(S3)C=CC=C4)C5=CC=C(C(P6(C7=C(C8=C(O6)C=CC=C8)C=CC=C7)=O)NC9=NC%10=C(S9)C=CC=C%10)C=C5)OC%11=C2C=CC=C%11,P-C,DOPO_P-C,294.1,O=P1(C(Nc2nc3ccccc3s2)c2ccc(C(Nc3nc4ccccc4s3)P3(=O)Oc4ccccc4-c4ccccc43)cc2)Oc2ccccc2-c2ccccc21,P-C,Use_pc_pn_model,DOPO-C,DOPO_P-C_external,DOPO_P-C_aliphatic_sp3,aliphatic_sp3_C,2,4,selected_nonaromatic_nonring_external_P-C; selected 2 target P-C bond(s) from 4 total P-C bond(s); subtype=DOPO_P-C_aliphatic_sp3
147,CC1(CC(NC(P2(C3=C(C4=C(O2)C=CC=C4)C=CC=C3)=O)C5=CC=C(C(P6(C7=C(C8=C(O6)C=CC=C8)C=CC=C7)=O)NC9CC(C)(NC(C)(C9)C)C)C=C5)CC(C)(N1)C)C,P-C,DOPO_P-C,290,CC1(C)CC(NC(c2ccc(C(NC3CC(C)(C)NC(C)(C)C3)P3(=O)Oc4ccccc4-c4ccccc43)cc2)P2(=O)Oc3ccccc3-c3ccccc32)CC(C)(C)N1,P-C,Use_pc_pn_model,DOPO-C,DOPO_P-C_external,DOPO_P-C_aliphatic_sp3,aliphatic_sp3_C,2,4,selected_nonaromatic_nonring_external_P-C; selected 2 target P-C bond(s) from 4 total P-C bond(s); subtype=DOPO_P-C_aliphatic_sp3
148,O=P(C1=C2C=CC=C1)(C([H])(NC3=CC=CC(OC4=CC=C(C(C#N)=C4)C#N)=C3)[H])OC5=C2C=CC=C5,P-C,DOPO_P-C,330.1,N#Cc1ccc(Oc2cccc(NCP3(=O)Oc4ccccc4-c4ccccc43)c2)cc1C#N,P-C,Use_pc_pn_model,DOPO-C,DOPO_P-C_external,DOPO_P-C_aliphatic_sp3,aliphatic_sp3_C,1,2,selected_nonaromatic_nonring_external_P-C; selected 1 target P-C bond(s) from 2 total P-C bond(s); subtype=DOPO_P-C_aliphatic_sp3
149,O=P(C1=C2C=CC=C1)(C(C3=CC=C(C(P4(C5=C(C6=C(O4)C=CC=C6)C=CC=C5)=O)NC7=CC=CC(OC8=CC=C(C(C#N)=C8)C#N)=C7)C=C3)NC9=CC=CC(OC%10=CC=C(C(C#N)=C%10)C#N)=C9)OC%11=C2C=CC=C%11,P-C,DOPO_P-C,319.7,N#Cc1ccc(Oc2cccc(NC(c3ccc(C(Nc4cccc(Oc5ccc(C#N)c(C#N)c5)c4)P4(=O)Oc5ccccc5-c5ccccc54)cc3)P3(=O)Oc4ccccc4-c4ccccc43)c2)cc1C#N,P-C,Use_pc_pn_model,DOPO-C,DOPO_P-C_external,DOPO_P-C_aliphatic_sp3,aliphatic_sp3_C,2,4,selected_nonaromatic_nonring_external_P-C; selected 2 target P-C bond(s) from 4 total P-C bond(s); subtype=DOPO_P-C_aliphatic_sp3
150,O=P(C(NC1=CC2=C(NC(N2)=O)C=C1)C3=CC=C(C(P4(C5=C(C6=C(O4)C=CC=C6)C=CC=C5)=O)NC7=CC=C8C(NC(N8)=O)=C7)C=C3)(C9=CC=CC=C%109)OC%11=C%10C=CC=C%11,P-C,DOPO_P-C,236.4,O=c1[nH]c2ccc(NC(c3ccc(C(Nc4ccc5[nH]c(=O)[nH]c5c4)P4(=O)Oc5ccccc5-c5ccccc54)cc3)P3(=O)Oc4ccccc4-c4ccccc43)cc2[nH]1,P-C,Use_pc_pn_model,DOPO-C,DOPO_P-C_external,DOPO_P-C_aliphatic_sp3,aliphatic_sp3_C,2,4,selected_nonaromatic_nonring_external_P-C; selected 2 target P-C bond(s) from 4 total P-C bond(s); subtype=DOPO_P-C_aliphatic_sp3
151,O=P(C1=C2C=CC=C1)(C3CC(N(C3=O)C4=CC=C(CC5=CC=C(N6C(CC(P7(C8=C(C9=C(O7)C=CC=C9)C=CC=C8)=O)C6=O)=O)C=C5)C=C4)=O)OC%10=C2C=CC=C%10,P-C,DOPO_P-C,327.6,O=C1CC(P2(=O)Oc3ccccc3-c3ccccc32)C(=O)N1c1ccc(Cc2ccc(N3C(=O)CC(P4(=O)Oc5ccccc5-c5ccccc54)C3=O)cc2)cc1,P-C,Use_pc_pn_model,DOPO-C,DOPO_P-C_external,DOPO_P-C_alicyclic_sp3,alicyclic_sp3_C,2,4,selected_nonaromatic_nonring_external_P-C; selected 2 target P-C bond(s) from 4 total P-C bond(s); subtype=DOPO_P-C_alicyclic_sp3
152,O=P(CCC(P1(C2=C(C3=C(O1)C=CC=C3)C=CC=C2)=O)O)(C4=C5C=CC=C4)OC6=C5C=CC=C6,P-C,DOPO_P-C,317.6,O=P1(CCC(O)P2(=O)Oc3ccccc3-c3ccccc32)Oc2ccccc2-c2ccccc21,P-C,Use_pc_pn_model,DOPO-C,DOPO_P-C_external,DOPO_P-C_aliphatic_sp3,aliphatic_sp3_C,2,4,selected_nonaromatic_nonring_external_P-C; selected 2 target P-C bond(s) from 4 total P-C bond(s); subtype=DOPO_P-C_aliphatic_sp3
153,O=P(CC(C(O)=O)CC(O)=O)(C1=C2C=CC=C1)OC3=C2C=CC=C3,P-C,DOPO_P-C,358.6,O=C(O)CC(CP1(=O)Oc2ccccc2-c2ccccc21)C(=O)O,P-C,Use_pc_pn_model,DOPO-C,DOPO_P-C_external,DOPO_P-C_aliphatic_sp3,aliphatic_sp3_C,1,2,selected_nonaromatic_nonring_external_P-C; selected 1 target P-C bond(s) from 2 total P-C bond(s); subtype=DOPO_P-C_aliphatic_sp3
154,O=P(C1=CC=CC=C21)(C(C3=CC=C(O)C=C3)C4=CC=C(O)C=C4)OC5=C2C=CC=C5,P-C,DOPO_P-C,262.8,O=P1(C(c2ccc(O)cc2)c2ccc(O)cc2)Oc2ccccc2-c2ccccc21,P-C,Use_pc_pn_model,DOPO-C,DOPO_P-C_external,DOPO_P-C_aliphatic_sp3,aliphatic_sp3_C,1,2,selected_nonaromatic_nonring_external_P-C; selected 1 target P-C bond(s) from 2 total P-C bond(s); subtype=DOPO_P-C_aliphatic_sp3
155,COC1=CC(C(P2(C3=C(C4=C(O2)C=CC=C4)C=CC=C3)=O)NCC5=CC=CO5)=CC=C1O,P-C,DOPO_P-C,268.2,COc1cc(C(NCc2ccco2)P2(=O)Oc3ccccc3-c3ccccc32)ccc1O,P-C,Use_pc_pn_model,DOPO-C,DOPO_P-C_external,DOPO_P-C_aliphatic_sp3,aliphatic_sp3_C,1,2,selected_nonaromatic_nonring_external_P-C; selected 1 target P-C bond(s) from 2 total P-C bond(s); subtype=DOPO_P-C_aliphatic_sp3
156,O=P(C1=C2C=CC=C1)(C(NCC3=CC=CO3)C4=CC=CO4)OC5=C2C=CC=C5,P-C,DOPO_P-C,251.5,O=P1(C(NCc2ccco2)c2ccco2)Oc2ccccc2-c2ccccc21,P-C,Use_pc_pn_model,DOPO-C,DOPO_P-C_external,DOPO_P-C_aliphatic_sp3,aliphatic_sp3_C,1,2,selected_nonaromatic_nonring_external_P-C; selected 1 target P-C bond(s) from 2 total P-C bond(s); subtype=DOPO_P-C_aliphatic_sp3
157,O=P(C1=C2C=CC=C1)(C(NC(C(O)=O)CC3=CC=C(O)C=C3)C4=CC=CO4)OC5=C2C=CC=C5,P-C,DOPO_P-C,241.8,O=C(O)C(Cc1ccc(O)cc1)NC(c1ccco1)P1(=O)Oc2ccccc2-c2ccccc21,P-C,Use_pc_pn_model,DOPO-C,DOPO_P-C_external,DOPO_P-C_aliphatic_sp3,aliphatic_sp3_C,1,2,selected_nonaromatic_nonring_external_P-C; selected 1 target P-C bond(s) from 2 total P-C bond(s); subtype=DOPO_P-C_aliphatic_sp3
158,O=P(C1=C2C=CC=C1)(C(NC3=CC=C(S(=O)(NC4=NC=CS4)=O)C=C3)C5=CC=C(O)C=C5)OC6=C2C=CC=C6,P-C,DOPO_P-C,227.2,O=P1(C(Nc2ccc(S(=O)(=O)Nc3nccs3)cc2)c2ccc(O)cc2)Oc2ccccc2-c2ccccc21,P-C,Use_pc_pn_model,DOPO-C,DOPO_P-C_external,DOPO_P-C_aliphatic_sp3,aliphatic_sp3_C,1,2,selected_nonaromatic_nonring_external_P-C; selected 1 target P-C bond(s) from 2 total P-C bond(s); subtype=DOPO_P-C_aliphatic_sp3
159,COC1=CC(C(P2(C3=C(C4=C(O2)C=CC=C4)C=CC=C3)=O)NC5=NN=C(N5)NC(P6(C7=C(C8=C(O6)C=CC=C8)C=CC=C7)=O)C9=CC=C(O)C(OC)=C9)=CC=C1O,P-C,DOPO_P-C,241.8,COc1cc(C(Nc2nnc(NC(c3ccc(O)c(OC)c3)P3(=O)Oc4ccccc4-c4ccccc43)[nH]2)P2(=O)Oc3ccccc3-c3ccccc32)ccc1O,P-C,Use_pc_pn_model,DOPO-C,DOPO_P-C_external,DOPO_P-C_aliphatic_sp3,aliphatic_sp3_C,2,4,selected_nonaromatic_nonring_external_P-C; selected 2 target P-C bond(s) from 4 total P-C bond(s); subtype=DOPO_P-C_aliphatic_sp3
160,O=P(C1=C2C=CC=C1)(C(NC3=NC4=C(N3)C=CC=C4)C5=CC=C(C(P6(C7=C(C8=C(O6)C=CC=C8)C=CC=C7)=O)NC9=NC%10=C(N9)C=CC=C%10)C=C5)OC%11=C2C=CC=C%11,P-C,DOPO_P-C,275.3,O=P1(C(Nc2nc3ccccc3[nH]2)c2ccc(C(Nc3nc4ccccc4[nH]3)P3(=O)Oc4ccccc4-c4ccccc43)cc2)Oc2ccccc2-c2ccccc21,P-C,Use_pc_pn_model,DOPO-C,DOPO_P-C_external,DOPO_P-C_aliphatic_sp3,aliphatic_sp3_C,2,4,selected_nonaromatic_nonring_external_P-C; selected 2 target P-C bond(s) from 4 total P-C bond(s); subtype=DOPO_P-C_aliphatic_sp3
161,O=P(C1=C2C=CC=C1)(C(NC3=CC=C(NC(P4(C5=C(C6=C(O4)C=CC=C6)C=CC=C5)=O)C7=CNC=N7)C=C3)C8=CNC=N8)OC9=C2C=CC=C9,P-C,DOPO_P-C,251,O=P1(C(Nc2ccc(NC(c3c[nH]cn3)P3(=O)Oc4ccccc4-c4ccccc43)cc2)c2c[nH]cn2)Oc2ccccc2-c2ccccc21,P-C,Use_pc_pn_model,DOPO-C,DOPO_P-C_external,DOPO_P-C_aliphatic_sp3,aliphatic_sp3_C,2,4,selected_nonaromatic_nonring_external_P-C; selected 2 target P-C bond(s) from 4 total P-C bond(s); subtype=DOPO_P-C_aliphatic_sp3
162,O=P1(C2=C(C3=C(O1)C=CC=C3)C=CC=C2)C(/C=C/C4=CC=CC=C4)NC(C=C5)=CC=C5NC(P6(C7=C(C8=C(O6)C=CC=C8)C=CC=C7)=O)/C=C/C9=CC=CC=C9,P-C,DOPO_P-C,220.5,O=P1(C(/C=C/c2ccccc2)Nc2ccc(NC(/C=C/c3ccccc3)P3(=O)Oc4ccccc4-c4ccccc43)cc2)Oc2ccccc2-c2ccccc21,P-C,Use_pc_pn_model,DOPO-C,DOPO_P-C_external,DOPO_P-C_aliphatic_sp3,aliphatic_sp3_C,2,4,selected_nonaromatic_nonring_external_P-C; selected 2 target P-C bond(s) from 4 total P-C bond(s); subtype=DOPO_P-C_aliphatic_sp3
163,O=P(CC(O)CN(C(N(C1=O)CC(O)CP(OC2=C3C=CC=C2)(C4=C3C=CC=C4)=O)=O)C(N1CC(O)CP(OC5=C6C=CC=C5)(C7=C6C=CC=C7)=O)=O)(C8=C9C=CC=C8)OC%10=C9C=CC=C%10,P-C,DOPO_P-C,359.4,O=c1n(CC(O)CP2(=O)Oc3ccccc3-c3ccccc32)c(=O)n(CC(O)CP2(=O)Oc3ccccc3-c3ccccc32)c(=O)n1CC(O)CP1(=O)Oc2ccccc2-c2ccccc21,P-C,Use_pc_pn_model,DOPO-C,DOPO_P-C_external,DOPO_P-C_aliphatic_sp3,aliphatic_sp3_C,3,6,selected_nonaromatic_nonring_external_P-C; selected 3 target P-C bond(s) from 6 total P-C bond(s); subtype=DOPO_P-C_aliphatic_sp3
164,COC1=C(OC2=NC(OC3=C(OC)C=C(C(P4(C5=C(C6=C(O4)C=CC=C6)C=CC=C5)=O)O)C=C3)=NC(OC7=C(OC)C=C(C(P8(C9=C(C%10=C(O8)C=CC=C%10)C=CC=C9)=O)O)C=C7)=N2)C=CC(C(P%11(C%12=C(C%13=C(O%11)C=CC=C%13)C=CC=C%12)=O)O)=C1,P-C,DOPO_P-C,288.3,COc1cc(C(O)P2(=O)Oc3ccccc3-c3ccccc32)ccc1Oc1nc(Oc2ccc(C(O)P3(=O)Oc4ccccc4-c4ccccc43)cc2OC)nc(Oc2ccc(C(O)P3(=O)Oc4ccccc4-c4ccccc43)cc2OC)n1,P-C,Use_pc_pn_model,DOPO-C,DOPO_P-C_external,DOPO_P-C_aliphatic_sp3,aliphatic_sp3_C,3,6,selected_nonaromatic_nonring_external_P-C; selected 3 target P-C bond(s) from 6 total P-C bond(s); subtype=DOPO_P-C_aliphatic_sp3
165,CC(C1=CC=C(O)C(CCCP2(C3=C(C4=C(O2)C=CC=C4)C=CC=C3)=O)=C1)(C5=CC=C(O[Si](OC6=CC=C(C(C)(C7=CC=C(O)C(CCCP8(C9=C(C%10=C(O8)C=CC=C%10)C=CC=C9)=O)=C7)C)C=C6CCCP%11(C%12=C(C%13=C(O%11)C=CC=C%13)C=CC=C%12)=O)(OC(C(CCCP%14(C%15=C(C%16=C(O%14)C=CC=C%16)C=CC=C%15)=O)=C%17)=CC=C%17C(C)(C%18=CC=C(O)C(CCCP%19(C%20=C(C%21=C(O%19)C=CC=C%21)C=CC=C%20)=O)=C%18)C)OC%22=CC=C(C(C)(C%23=CC=C(O)C(CCCP%24(C%25=C(C%26=C(O%24)C=CC=C%26)C=CC=C%25)=O)=C%23)C)C=C%22CCCP%27(C%28=C(C%29=C(O%27)C=CC=C%29)C=CC=C%28)=O)C(CCCP%30(C%31=C(C%32=C(O%30)C=CC=C%32)C=CC=C%31)=O)=C5)C,P-C,DOPO_P-C,378.7,CC(C)(c1ccc(O)c(CCCP2(=O)Oc3ccccc3-c3ccccc32)c1)c1ccc(O[Si](Oc2ccc(C(C)(C)c3ccc(O)c(CCCP4(=O)Oc5ccccc5-c5ccccc54)c3)cc2CCCP2(=O)Oc3ccccc3-c3ccccc32)(Oc2ccc(C(C)(C)c3ccc(O)c(CCCP4(=O)Oc5ccccc5-c5ccccc54)c3)cc2CCCP2(=O)Oc3ccccc3-c3ccccc32)Oc2ccc(C(C)(C)c3ccc(O)c(CCCP4(=O)Oc5ccccc5-c5ccccc54)c3)cc2CCCP2(=O)Oc3ccccc3-c3ccccc32)c(CCCP2(=O)Oc3ccccc3-c3ccccc32)c1,P-C,Use_pc_pn_model,DOPO-C,DOPO_P-C_external,DOPO_P-C_aliphatic_sp3,aliphatic_sp3_C,8,16,selected_nonaromatic_nonring_external_P-C; selected 8 target P-C bond(s) from 16 total P-C bond(s); subtype=DOPO_P-C_aliphatic_sp3
166,CC(C1=CC=C(O)C(CCCP2(C3=C(C4=C(O2)C=CC=C4)C=CC=C3)=O)=C1)(C5=CC=C(O[Si](OC6=CC=C(C(C)(C7=CC=C(O)C(CCCP8(C9=C(C%10=C(O8)C=CC=C%10)C=CC=C9)=O)=C7)C)C=C6CCCP%11(C%12=C(C%13=C(O%11)C=CC=C%13)C=CC=C%12)=O)(OC%14=CC=C(C(C)(C%15=CC=C(O)C(CCCP%16(C%17=C(C%18=C(O%16)C=CC=C%18)C=CC=C%17)=O)=C%15)C)C=C%14CCCP%19(C%20=C(C%21=C(O%19)C=CC=C%21)C=CC=C%20)=O)C%22=CC=CC=C%22)C(CCCP%23(C%24=C(C%25=C(O%23)C=CC=C%25)C=CC=C%24)=O)=C5)C,P-C,DOPO_P-C,405.8,CC(C)(c1ccc(O)c(CCCP2(=O)Oc3ccccc3-c3ccccc32)c1)c1ccc(O[Si](Oc2ccc(C(C)(C)c3ccc(O)c(CCCP4(=O)Oc5ccccc5-c5ccccc54)c3)cc2CCCP2(=O)Oc3ccccc3-c3ccccc32)(Oc2ccc(C(C)(C)c3ccc(O)c(CCCP4(=O)Oc5ccccc5-c5ccccc54)c3)cc2CCCP2(=O)Oc3ccccc3-c3ccccc32)c2ccccc2)c(CCCP2(=O)Oc3ccccc3-c3ccccc32)c1,P-C,Use_pc_pn_model,DOPO-C,DOPO_P-C_external,DOPO_P-C_aliphatic_sp3,aliphatic_sp3_C,6,12,selected_nonaromatic_nonring_external_P-C; selected 6 target P-C bond(s) from 12 total P-C bond(s); subtype=DOPO_P-C_aliphatic_sp3
167,O=P(C1=C2C=CC=C1)(C(C3=CC=C(C=O)C=C3)NC4=CC=C(NC(C5=CC=C(C(NC6=CC=C(N)C=C6)P7(C8=C(C9=C(O7)C=CC=C9)C=CC=C8)=O)C=C5)P%10(C%11=C(C%12=C(O%10)C=CC=C%12)C=CC=C%11)=O)C=C4)OC%13=C2C=CC=C%13,P-C,DOPO_P-C,313,Nc1ccc(NC(c2ccc(C(Nc3ccc(NC(c4ccc(C=O)cc4)P4(=O)Oc5ccccc5-c5ccccc54)cc3)P3(=O)Oc4ccccc4-c4ccccc43)cc2)P2(=O)Oc3ccccc3-c3ccccc32)cc1,P-C,Use_pc_pn_model,DOPO-C,DOPO_P-C_external,DOPO_P-C_aliphatic_sp3,aliphatic_sp3_C,3,6,selected_nonaromatic_nonring_external_P-C; selected 3 target P-C bond(s) from 6 total P-C bond(s); subtype=DOPO_P-C_aliphatic_sp3
168,O=P1(C2=C(C=CC=C2)C3=C(C=CC=C3)O1)CC(CC(N(CC(C)O)CC(C)O)=O)C=O,P-C,DOPO_P-C,340.6,CC(O)CN(CC(C)O)C(=O)CC(C=O)CP1(=O)Oc2ccccc2-c2ccccc21,P-C,Use_pc_pn_model,DOPO-C,DOPO_P-C_external,DOPO_P-C_aliphatic_sp3,aliphatic_sp3_C,1,2,selected_nonaromatic_nonring_external_P-C; selected 1 target P-C bond(s) from 2 total P-C bond(s); subtype=DOPO_P-C_aliphatic_sp3
169,O=P(C1=C2C=CC=C1)(NC3=NC4=C(S3)C=CC=C4)OC5=C2C=CC=C5,P-N,DOPO_P-N,314.2,O=P1(Nc2nc3ccccc3s2)Oc2ccccc2-c2ccccc21,P-N,Use_pc_pn_model,DOPO-N,DOPO_P-N,DOPO_P-N_aryl_amine_N,aryl_amine_N,1,1,selected_all_P-N_bonds; selected 1 target P-N bond(s) from 1 total P-N bond(s); subtype=DOPO_P-N_aryl_amine_N
170,O=P(C1=C2C=CC=C1)(NC3=NC=CS3)OC4=C2C=CC=C4,P-N,DOPO_P-N,305.9,O=P1(Nc2nccs2)Oc2ccccc2-c2ccccc21,P-N,Use_pc_pn_model,DOPO-N,DOPO_P-N,DOPO_P-N_aryl_amine_N,aryl_amine_N,1,1,selected_all_P-N_bonds; selected 1 target P-N bond(s) from 1 total P-N bond(s); subtype=DOPO_P-N_aryl_amine_N
171,O=P(C1=C2C=CC=C1)(NC3=NNC=N3)OC4=C2C=CC=C4,P-N,DOPO_P-N,337.6,O=P1(Nc2nc[nH]n2)Oc2ccccc2-c2ccccc21,P-N,Use_pc_pn_model,DOPO-N,DOPO_P-N,DOPO_P-N_aryl_amine_N,aryl_amine_N,1,1,selected_all_P-N_bonds; selected 1 target P-N bond(s) from 1 total P-N bond(s); subtype=DOPO_P-N_aryl_amine_N
172,O=P(C1=C2C=CC=C1)(NCCCN3C=CN=C3)OC4=C2C=CC=C4,P-N,DOPO_P-N,395.8,O=P1(NCCCn2ccnc2)Oc2ccccc2-c2ccccc21,P-N,Use_pc_pn_model,DOPO-N,DOPO_P-N,DOPO_P-N_alkyl_amine_N,alkyl_amine_N,1,1,selected_all_P-N_bonds; selected 1 target P-N bond(s) from 1 total P-N bond(s); subtype=DOPO_P-N_alkyl_amine_N
173,O=P(C1=C2C=CC=C1)(OCC34COP(OC3)(OC4)=O)OC5=C2C=CC=C5,P_O,DOPO_P-O,418.4,O=P12OCC(COP3(=O)Oc4ccccc4-c4ccccc43)(CO1)CO2,P-O,Exclude_from_pc_pn_model,DOPO-O,DOPO_P-O,DOPO_P-O_excluded,O_target_excluded,7,7,P-O is outside the current P-C/P-N BDE model and should be excluded from pc_pn training.
174,O=P(C1=C2C=CC=C1)(C3C4=C(OCN3CC5=CC=CO5)C=CC=C4)OC6=C2C=CC=C6,P-C,DOPO_P-C,275.7,O=P1(C2c3ccccc3OCN2Cc2ccco2)Oc2ccccc2-c2ccccc21,P-C,Use_pc_pn_model,DOPO-C,DOPO_P-C_external,DOPO_P-C_alicyclic_sp3,alicyclic_sp3_C,1,2,selected_nonaromatic_nonring_external_P-C; selected 1 target P-C bond(s) from 2 total P-C bond(s); subtype=DOPO_P-C_alicyclic_sp3
175,O=C(CC(P1(C2=C(C3=C(O1)C=CC=C3)C=CC=C2)=O)C4=O)N4C(C=C5)=CC=C5OCC(O)CN(C(N(CC(O)COC6=CC=C(N7C(CC(P8(C9=C(C%10=C(O8)C=CC=C%10)C=CC=C9)=O)C7=O)=O)C=C6)C%11=O)=O)C(N%11CC(O)COC%12=CC=C(C=C%12)N%13C(CC(C%13=O)P%14(C%15=C(C=CC=C%15)C%16=C(C=CC=C%16)O%14)=O)=O)=O,P-C,DOPO_P-C,273.6,O=C1CC(P2(=O)Oc3ccccc3-c3ccccc32)C(=O)N1c1ccc(OCC(O)Cn2c(=O)n(CC(O)COc3ccc(N4C(=O)CC(P5(=O)Oc6ccccc6-c6ccccc65)C4=O)cc3)c(=O)n(CC(O)COc3ccc(N4C(=O)CC(P5(=O)Oc6ccccc6-c6ccccc65)C4=O)cc3)c2=O)cc1,P-C,Use_pc_pn_model,DOPO-C,DOPO_P-C_external,DOPO_P-C_alicyclic_sp3,alicyclic_sp3_C,3,6,selected_nonaromatic_nonring_external_P-C; selected 3 target P-C bond(s) from 6 total P-C bond(s); subtype=DOPO_P-C_alicyclic_sp3
176,O=P(C1CC(N(C1=O)C2=CC=C(OC3=NC(OC4=CC=C(N5C(CC(P6(C7=C(C8=C(O6)C=CC=C8)C=CC=C7)=O)C5=O)=O)C=C4)=NC(OC9=CC=C(N%10C(CC(P%11(C%12=C(C%13=C(O%11)C=CC=C%13)C=CC=C%12)=O)C%10=O)=O)C=C9)=N3)C=C2)=O)(C%14=C%15C=CC=C%14)OC%16=C%15C=CC=C%16,P-C,DOPO_P-C,297.1,O=C1CC(P2(=O)Oc3ccccc3-c3ccccc32)C(=O)N1c1ccc(Oc2nc(Oc3ccc(N4C(=O)CC(P5(=O)Oc6ccccc6-c6ccccc65)C4=O)cc3)nc(Oc3ccc(N4C(=O)CC(P5(=O)Oc6ccccc6-c6ccccc65)C4=O)cc3)n2)cc1,P-C,Use_pc_pn_model,DOPO-C,DOPO_P-C_external,DOPO_P-C_alicyclic_sp3,alicyclic_sp3_C,3,6,selected_nonaromatic_nonring_external_P-C; selected 3 target P-C bond(s) from 6 total P-C bond(s); subtype=DOPO_P-C_alicyclic_sp3
177,O=C(CC(P1(C2=C(C3=C(O1)C=CC=C3)C=CC=C2)=O)C4=O)N4C(C=C5)=CC=C5OCC(CN6C(N(C(N(C6=O)CC7CO7)=O)CC8CO8)=O)O,P-C,DOPO_P-C,372.8,O=C1CC(P2(=O)Oc3ccccc3-c3ccccc32)C(=O)N1c1ccc(OCC(O)Cn2c(=O)n(CC3CO3)c(=O)n(CC3CO3)c2=O)cc1,P-C,Use_pc_pn_model,DOPO-C,DOPO_P-C_external,DOPO_P-C_alicyclic_sp3,alicyclic_sp3_C,1,2,selected_nonaromatic_nonring_external_P-C; selected 1 target P-C bond(s) from 2 total P-C bond(s); subtype=DOPO_P-C_alicyclic_sp3
178,O=P(C1=C2C=CC=C1)(C(NC3=NC=CN=C3)C4=C(O)C=CC=C4)OC5=C2C=CC=C5,P-C,DOPO_P-C,275.3,O=P1(C(Nc2cnccn2)c2ccccc2O)Oc2ccccc2-c2ccccc21,P-C,Use_pc_pn_model,DOPO-C,DOPO_P-C_external,DOPO_P-C_aliphatic_sp3,aliphatic_sp3_C,1,2,selected_nonaromatic_nonring_external_P-C; selected 1 target P-C bond(s) from 2 total P-C bond(s); subtype=DOPO_P-C_aliphatic_sp3
179,CO[Si](OC)(OC)CCP1(C2=C(C3=C(O1)C=CC=C3)C=CC=C2)=O,P-C,DOPO_P-C,354,CO[Si](CCP1(=O)Oc2ccccc2-c2ccccc21)(OC)OC,P-C,Use_pc_pn_model,DOPO-C,DOPO_P-C_external,DOPO_P-C_aliphatic_sp3,aliphatic_sp3_C,1,2,selected_nonaromatic_nonring_external_P-C; selected 1 target P-C bond(s) from 2 total P-C bond(s); subtype=DOPO_P-C_aliphatic_sp3
180,O=P(C1=C2C=CC=C1)(SC3=NC4=C(S3)C=CC=C4)OC5=C2C=CC=C5,P_S,DOPO_P-S,261.1,O=P1(Sc2nc3ccccc3s2)Oc2ccccc2-c2ccccc21,P-S,Exclude_from_pc_pn_model,DOPO-S,DOPO_P-S,DOPO_P-S_excluded,S_target_excluded,1,1,P-S is outside the current P-C/P-N BDE model and should be excluded from pc_pn training.
181,CCC1(C(P2(C3=C(C4=C(O2)C=CC=C4)C=CC=C3)=O)O)COC5(OCC(CO5)(C(P6(C7=C(C8=C(O6)C=CC=C8)C=CC=C7)=O)O)CC)OC1,P-C,DOPO_P-C,313.4,CCC1(C(O)P2(=O)Oc3ccccc3-c3ccccc32)COC2(OC1)OCC(CC)(C(O)P1(=O)Oc3ccccc3-c3ccccc31)CO2,P-C,Use_pc_pn_model,DOPO-C,DOPO_P-C_external,DOPO_P-C_aliphatic_sp3,aliphatic_sp3_C,2,4,selected_nonaromatic_nonring_external_P-C; selected 2 target P-C bond(s) from 4 total P-C bond(s); subtype=DOPO_P-C_aliphatic_sp3
182,O=P1(C2=C(C3=C(O1)C=CC=C3)C=CC=C2)CC(P4(C5=CC=CC=C5C6=C(O4)C=CC=C6)=O)C7=CC=CC=C7,P-C,DOPO_P-C,306.3,O=P1(CC(c2ccccc2)P2(=O)Oc3ccccc3-c3ccccc32)Oc2ccccc2-c2ccccc21,P-C,Use_pc_pn_model,DOPO-C,DOPO_P-C_external,DOPO_P-C_aliphatic_sp3,aliphatic_sp3_C,2,4,selected_nonaromatic_nonring_external_P-C; selected 2 target P-C bond(s) from 4 total P-C bond(s); subtype=DOPO_P-C_aliphatic_sp3
183,O=P(CCCN1C(N(C(N(C1=O)CCCP2(C3=C(C4=C(O2)C=CC=C4)C=CC=C3)=O)=O)CCCP5(C6=C(C7=C(O5)C=CC=C7)C=CC=C6)=O)=O)(C8=C9C=CC=C8)OC%10=C9C=CC=C%10,P-C,DOPO_P-C,346.9,O=c1n(CCCP2(=O)Oc3ccccc3-c3ccccc32)c(=O)n(CCCP2(=O)Oc3ccccc3-c3ccccc32)c(=O)n1CCCP1(=O)Oc2ccccc2-c2ccccc21,P-C,Use_pc_pn_model,DOPO-C,DOPO_P-C_external,DOPO_P-C_aliphatic_sp3,aliphatic_sp3_C,3,6,selected_nonaromatic_nonring_external_P-C; selected 3 target P-C bond(s) from 6 total P-C bond(s); subtype=DOPO_P-C_aliphatic_sp3
184,OC(C=C1)=CC=C1N(C2P3(C4=C(C5=C(O3)C=CC=C5)C=CC=C4)=O)COC6=C2C=CC=C6,P-C,DOPO_P-C,283.3,O=P1(C2c3ccccc3OCN2c2ccc(O)cc2)Oc2ccccc2-c2ccccc21,P-C,Use_pc_pn_model,DOPO-C,DOPO_P-C_external,DOPO_P-C_alicyclic_sp3,alicyclic_sp3_C,1,2,selected_nonaromatic_nonring_external_P-C; selected 1 target P-C bond(s) from 2 total P-C bond(s); subtype=DOPO_P-C_alicyclic_sp3
185,CC(NNC(C1=CC=CC=C1)=O)(P2(C3=C(C4=C(O2)C=CC=C4)C=CC=C3)=O)C5=CC=C(O)C=C5,P-C,DOPO_P-C,327.2,CC(NNC(=O)c1ccccc1)(c1ccc(O)cc1)P1(=O)Oc2ccccc2-c2ccccc21,P-C,Use_pc_pn_model,DOPO-C,DOPO_P-C_external,DOPO_P-C_aliphatic_sp3,aliphatic_sp3_C,1,2,selected_nonaromatic_nonring_external_P-C; selected 1 target P-C bond(s) from 2 total P-C bond(s); subtype=DOPO_P-C_aliphatic_sp3
186,CC(C1=CC=C(O)C(CN(C2=CC=CC(OC3=CC=C(C(C#N)=C3)C#N)=C2)CP4(C5=C(C6=C(O4)C=CC=C6)C=CC=C5)=O)=C1)(C7=CC(CN(C8=CC=CC(OC9=CC=C(C(C#N)=C9)C#N)=C8)CP%10(C%11=C(C%12=C(O%10)C=CC=C%12)C=CC=C%11)=O)=C(O)C=C7)C,P-C,DOPO_P-C,267.4,CC(C)(c1ccc(O)c(CN(CP2(=O)Oc3ccccc3-c3ccccc32)c2cccc(Oc3ccc(C#N)c(C#N)c3)c2)c1)c1ccc(O)c(CN(CP2(=O)Oc3ccccc3-c3ccccc32)c2cccc(Oc3ccc(C#N)c(C#N)c3)c2)c1,P-C,Use_pc_pn_model,DOPO-C,DOPO_P-C_external,DOPO_P-C_aliphatic_sp3,aliphatic_sp3_C,2,4,selected_nonaromatic_nonring_external_P-C; selected 2 target P-C bond(s) from 4 total P-C bond(s); subtype=DOPO_P-C_aliphatic_sp3
187,O=P(CC(O)COP(OCC1CO1)(OCC2CO2)=O)(C3=C4C=CC=C3)OC5=C4C=CC=C5,P-C,DOPO_P-C,355.6,O=P(OCC(O)CP1(=O)Oc2ccccc2-c2ccccc21)(OCC1CO1)OCC1CO1,P-C,Use_pc_pn_model,DOPO-C,DOPO_P-C_external,DOPO_P-C_aliphatic_sp3,aliphatic_sp3_C,1,2,selected_nonaromatic_nonring_external_P-C; selected 1 target P-C bond(s) from 2 total P-C bond(s); subtype=DOPO_P-C_aliphatic_sp3
188,CC1CC2C(C(OC2=O)=O)C(P3(C4=C(C5=C(O3)C=CC=C5)C=CC=C4)=O)C1,P-C,DOPO_P-C,365.7,CC1CC2C(=O)OC(=O)C2C(P2(=O)Oc3ccccc3-c3ccccc32)C1,P-C,Use_pc_pn_model,DOPO-C,DOPO_P-C_external,DOPO_P-C_alicyclic_sp3,alicyclic_sp3_C,1,2,selected_nonaromatic_nonring_external_P-C; selected 1 target P-C bond(s) from 2 total P-C bond(s); subtype=DOPO_P-C_alicyclic_sp3
189,COC1=C(O)C=CC(C(P2(C3=C(C4=C(O2)C=CC=C4)C=CC=C3)=O)NC5=NC=CC=N5)=C1,P-C,DOPO_P-C,254.8,COc1cc(C(Nc2ncccn2)P2(=O)Oc3ccccc3-c3ccccc32)ccc1O,P-C,Use_pc_pn_model,DOPO-C,DOPO_P-C_external,DOPO_P-C_aliphatic_sp3,aliphatic_sp3_C,1,2,selected_nonaromatic_nonring_external_P-C; selected 1 target P-C bond(s) from 2 total P-C bond(s); subtype=DOPO_P-C_aliphatic_sp3
190,O=P(C(N1C=CN=C1)(O)N2C=CN=C2)(C3=C4C=CC=C3)OC5=C4C=CC=C5,P-C,DOPO_P-C,315.1,O=P1(C(O)(n2ccnc2)n2ccnc2)Oc2ccccc2-c2ccccc21,P-C,Use_pc_pn_model,DOPO-C,DOPO_P-C_external,DOPO_P-C_aliphatic_sp3,aliphatic_sp3_C,1,2,selected_nonaromatic_nonring_external_P-C; selected 1 target P-C bond(s) from 2 total P-C bond(s); subtype=DOPO_P-C_aliphatic_sp3
191,O[Si](O)(CCCOCC(CP1(C2=C(C=CC=C2)C3=C(C=CC=C3)O1)=O)O)OC(COC4=CC=C(C(C)(C5=CC=C(OCC6CO6)C=C5)C)C=C4)COC7=CC=C(C(C)(C8=CC=C(OCC9CO9)C=C8)C)C=C7,P-C,DOPO_P-C,314.6,CC(C)(c1ccc(OCC2CO2)cc1)c1ccc(OCC(COc2ccc(C(C)(C)c3ccc(OCC4CO4)cc3)cc2)O[Si](O)(O)CCCOCC(O)CP2(=O)Oc3ccccc3-c3ccccc32)cc1,P-C,Use_pc_pn_model,DOPO-C,DOPO_P-C_external,DOPO_P-C_aliphatic_sp3,aliphatic_sp3_C,1,2,selected_nonaromatic_nonring_external_P-C; selected 1 target P-C bond(s) from 2 total P-C bond(s); subtype=DOPO_P-C_aliphatic_sp3
192,O=P(C1=C2C=CC=C1)(C(NC3=CC=C(S(=O)(NC(N)=N)=O)C=C3)C4=CC=C(C(P(OC5=C6C=CC=C5)(C7=C6C=CC=C7)=O)NC(NS(C8=CC=C(N)C=C8)(=O)=O)=N)C=C4)OC9=C2C=CC=C9,P-C,DOPO_P-C,285.3,N=C(N)NS(=O)(=O)c1ccc(NC(c2ccc(C(NC(=N)NS(=O)(=O)c3ccc(N)cc3)P3(=O)Oc4ccccc4-c4ccccc43)cc2)P2(=O)Oc3ccccc3-c3ccccc32)cc1,P-C,Use_pc_pn_model,DOPO-C,DOPO_P-C_external,DOPO_P-C_aliphatic_sp3,aliphatic_sp3_C,2,4,selected_nonaromatic_nonring_external_P-C; selected 2 target P-C bond(s) from 4 total P-C bond(s); subtype=DOPO_P-C_aliphatic_sp3
193,O=P1(C2=C(C3=C(O1)C=CC=C3)C=CC=C2)C(C4=CNC5C=CC=CC45)NC6=NC(NC(P7(C8=C(C9=C(O7)C=CC=C9)C=CC=C8)=O)C%10=CNC%11=C%10C=CC=C%11)=NN6,P-C,DOPO_P-C,233.5,O=P1(C(Nc2nc(NC(c3c[nH]c4ccccc34)P3(=O)Oc4ccccc4-c4ccccc43)n[nH]2)C2=CNC3C=CC=CC23)Oc2ccccc2-c2ccccc21,P-C,Use_pc_pn_model,DOPO-C,DOPO_P-C_external,DOPO_P-C_aliphatic_sp3,aliphatic_sp3_C,2,4,selected_nonaromatic_nonring_external_P-C; selected 2 target P-C bond(s) from 4 total P-C bond(s); subtype=DOPO_P-C_aliphatic_sp3
194,COC1=CC(C(P2(C3=C(C4=C(O2)C=CC=C4)C=CC=C3)=O)C5=CC=C(OCC6CO6)C(OC)=C5)=CC=C1OCC7CO7,P-C,DOPO_P-C,277,COc1cc(C(c2ccc(OCC3CO3)c(OC)c2)P2(=O)Oc3ccccc3-c3ccccc32)ccc1OCC1CO1,P-C,Use_pc_pn_model,DOPO-C,DOPO_P-C_external,DOPO_P-C_aliphatic_sp3,aliphatic_sp3_C,1,2,selected_nonaromatic_nonring_external_P-C; selected 1 target P-C bond(s) from 2 total P-C bond(s); subtype=DOPO_P-C_aliphatic_sp3
195,CC(C1=CC=C(OCC2CO2)C=C1)(C3=CC=C(OCC4CO4)C=C3)CCC(OCCN(CP5(C6=C(C7=C(O5)C=CC=C7)C=CC=C6)=O)CCOC(CCC(C8=CC=C(OCC9CO9)C=C8)(C%10=CC=C(OCC%11CO%11)C=C%10)C)=O)=O,P-C,DOPO_P-C,323.4,CC(CCC(=O)OCCN(CCOC(=O)CCC(C)(c1ccc(OCC2CO2)cc1)c1ccc(OCC2CO2)cc1)CP1(=O)Oc2ccccc2-c2ccccc21)(c1ccc(OCC2CO2)cc1)c1ccc(OCC2CO2)cc1,P-C,Use_pc_pn_model,DOPO-C,DOPO_P-C_external,DOPO_P-C_aliphatic_sp3,aliphatic_sp3_C,1,2,selected_nonaromatic_nonring_external_P-C; selected 1 target P-C bond(s) from 2 total P-C bond(s); subtype=DOPO_P-C_aliphatic_sp3
196,O=P(CC(O)C(CCC[Si](OCC)(OCC)OCC)O)(OC1=CC=CC=C21)C3=C2C=CC=C3,P-C,DOPO_P-C,346.9,CCO[Si](CCCC(O)C(O)CP1(=O)Oc2ccccc2-c2ccccc21)(OCC)OCC,P-C,Use_pc_pn_model,DOPO-C,DOPO_P-C_external,DOPO_P-C_aliphatic_sp3,aliphatic_sp3_C,1,2,selected_nonaromatic_nonring_external_P-C; selected 1 target P-C bond(s) from 2 total P-C bond(s); subtype=DOPO_P-C_aliphatic_sp3
197,O=C(C1=C(C2=O)C=CC(N(CP3(C4=C(C5=C(O3)C=CC=C5)C=CC=C4)=O)CP6(C7=C(C8=C(O6)C=CC=C8)C=CC=C7)=O)=C1)C9=C2C=CC=C9,P-C,DOPO_P-C,386.6,O=C1c2ccccc2C(=O)c2cc(N(CP3(=O)Oc4ccccc4-c4ccccc43)CP3(=O)Oc4ccccc4-c4ccccc43)ccc21,P-C,Use_pc_pn_model,DOPO-C,DOPO_P-C_external,DOPO_P-C_aliphatic_sp3,aliphatic_sp3_C,2,4,selected_nonaromatic_nonring_external_P-C; selected 2 target P-C bond(s) from 4 total P-C bond(s); subtype=DOPO_P-C_aliphatic_sp3
198,CC1=C(NC(P2(C3=C(C4=C(O2)C=CC=C4)C=CC=C3)=O)C5=CC(OC)=C(O)C(OC)=C5)C=CC(C6=CC(C)=C(NC(P7(C8=C(C9=C(O7)C=CC=C9)C=CC=C8)=O)C%10=CC(OC)=C(O)C(OC)=C%10)C=C6)=C1,P-C,DOPO_P-C,253.1,COc1cc(C(Nc2ccc(-c3ccc(NC(c4cc(OC)c(O)c(OC)c4)P4(=O)Oc5ccccc5-c5ccccc54)c(C)c3)cc2C)P2(=O)Oc3ccccc3-c3ccccc32)cc(OC)c1O,P-C,Use_pc_pn_model,DOPO-C,DOPO_P-C_external,DOPO_P-C_aliphatic_sp3,aliphatic_sp3_C,2,4,selected_nonaromatic_nonring_external_P-C; selected 2 target P-C bond(s) from 4 total P-C bond(s); subtype=DOPO_P-C_aliphatic_sp3
199,COC1=CC(C(P2(C3=C(C4=C(O2)C=CC=C4)C=CC=C3)=O)NC5=NC(NC(P6(C7=C(C8=C(O6)C=CC=C8)C=CC=C7)=O)C9=CC(OC)=C(O)C(OC)=C9)=NN5)=CC(OC)=C1O,P-C,DOPO_P-C,254,COc1cc(C(Nc2n[nH]c(NC(c3cc(OC)c(O)c(OC)c3)P3(=O)Oc4ccccc4-c4ccccc43)n2)P2(=O)Oc3ccccc3-c3ccccc32)cc(OC)c1O,P-C,Use_pc_pn_model,DOPO-C,DOPO_P-C_external,DOPO_P-C_aliphatic_sp3,aliphatic_sp3_C,2,4,selected_nonaromatic_nonring_external_P-C; selected 2 target P-C bond(s) from 4 total P-C bond(s); subtype=DOPO_P-C_aliphatic_sp3
200,COC1=CC(C(NC2=NN=NN2)P3(C4=C(C5=C(O3)C=CC=C5)C=CC=C4)=O)=CC=C1O,P-C,DOPO_P-C,268.2,COc1cc(C(Nc2nnn[nH]2)P2(=O)Oc3ccccc3-c3ccccc32)ccc1O,P-C,Use_pc_pn_model,DOPO-C,DOPO_P-C_external,DOPO_P-C_aliphatic_sp3,aliphatic_sp3_C,1,2,selected_nonaromatic_nonring_external_P-C; selected 1 target P-C bond(s) from 2 total P-C bond(s); subtype=DOPO_P-C_aliphatic_sp3
201,O=C(OC1=C(P2(C3=CC=CC=C3C4=CC=CC=C4O2)=O)C=C(OC(C5=CC=CC=C5)=O)C=C1)C6=CC=CC=C6,P-C,DOPO_P-C,309.6,O=C(Oc1ccc(OC(=O)c2ccccc2)c(P2(=O)Oc3ccccc3-c3ccccc32)c1)c1ccccc1,P-C,Use_pc_pn_model,DOPO-C,DOPO_P-C_external,DOPO_P-C_aromatic,aromatic_C,2,2,selected_aromatic_P-C_fallback; selected 2 target P-C bond(s) from 2 total P-C bond(s); subtype=DOPO_P-C_aromatic
202,O=P(C1=C2C=CC=C1)(OC3=CC=C(C#N)C=C3)OC4=C2C=CC=C4,P_O,DOPO_P-O,315.1,N#Cc1ccc(OP2(=O)Oc3ccccc3-c3ccccc32)cc1,P-O,Exclude_from_pc_pn_model,DOPO-O,DOPO_P-O,DOPO_P-O_excluded,O_target_excluded,3,3,P-O is outside the current P-C/P-N BDE model and should be excluded from pc_pn training.
203,COC1=CC(C(P2(C3=C(C4=C(O2)C=CC=C4)C=CC=C3)=O)NC5=CC=C(CC6=CC=C(NC(P7(C8=C(C9=C(O7)C=CC=C9)C=CC=C8)=O)C%10=CC(OC)=C(O)C(OC)=C%10)C=C6)C=C5)=CC(OC)=C1O,P-C,DOPO_P-C,308.8,COc1cc(C(Nc2ccc(Cc3ccc(NC(c4cc(OC)c(O)c(OC)c4)P4(=O)Oc5ccccc5-c5ccccc54)cc3)cc2)P2(=O)Oc3ccccc3-c3ccccc32)cc(OC)c1O,P-C,Use_pc_pn_model,DOPO-C,DOPO_P-C_external,DOPO_P-C_aliphatic_sp3,aliphatic_sp3_C,2,4,selected_nonaromatic_nonring_external_P-C; selected 2 target P-C bond(s) from 4 total P-C bond(s); subtype=DOPO_P-C_aliphatic_sp3
204,O=P(C1=C2C=CC=C1)(C(O)C3=CC=CO3)OC4=C2C=CC=C4,P-C,DOPO_P-C,258.2,O=P1(C(O)c2ccco2)Oc2ccccc2-c2ccccc21,P-C,Use_pc_pn_model,DOPO-C,DOPO_P-C_external,DOPO_P-C_aliphatic_sp3,aliphatic_sp3_C,1,2,selected_nonaromatic_nonring_external_P-C; selected 1 target P-C bond(s) from 2 total P-C bond(s); subtype=DOPO_P-C_aliphatic_sp3
205,O=P(C1=C2C=CC=C1)(C(NC3=CC=C(CC4=CC=C(NC(P5(C6=C(C7=C(O5)C=CC=C7)C=CC=C6)=O)C8=CC=C(C#N)C=C8)C=C4)C=C3)C9=CC=C(C#N)C=C9)OC%10=C2C=CC=C%10.O=C=O.O=C=O,P-C,DOPO_P-C,270.7,N#Cc1ccc(C(Nc2ccc(Cc3ccc(NC(c4ccc(C#N)cc4)P4(=O)Oc5ccccc5-c5ccccc54)cc3)cc2)P2(=O)Oc3ccccc3-c3ccccc32)cc1.O=C=O.O=C=O,P-C,Use_pc_pn_model,DOPO-C,DOPO_P-C_external,DOPO_P-C_aliphatic_sp3,aliphatic_sp3_C,2,4,selected_nonaromatic_nonring_external_P-C; selected 2 target P-C bond(s) from 4 total P-C bond(s); subtype=DOPO_P-C_aliphatic_sp3
206,O=P(C1=C2C=CC=C1)(C(C3=CC=C(O)C=C3)NC4=CC=C(C#N)C=C4)OC5=C2C=CC=C5,P-C,DOPO_P-C,285.3,N#Cc1ccc(NC(c2ccc(O)cc2)P2(=O)Oc3ccccc3-c3ccccc32)cc1,P-C,Use_pc_pn_model,DOPO-C,DOPO_P-C_external,DOPO_P-C_aliphatic_sp3,aliphatic_sp3_C,1,2,selected_nonaromatic_nonring_external_P-C; selected 1 target P-C bond(s) from 2 total P-C bond(s); subtype=DOPO_P-C_aliphatic_sp3
207,O=P(C(O)C1=CC=C(O)C=C1)(OC2=CC=CC=C32)C4=C3C=CC=C4,P-C,DOPO_P-C,270.7,O=P1(C(O)c2ccc(O)cc2)Oc2ccccc2-c2ccccc21,P-C,Use_pc_pn_model,DOPO-C,DOPO_P-C_external,DOPO_P-C_aliphatic_sp3,aliphatic_sp3_C,1,2,selected_nonaromatic_nonring_external_P-C; selected 1 target P-C bond(s) from 2 total P-C bond(s); subtype=DOPO_P-C_aliphatic_sp3
208,O=P1(C2=C(C3=C(O1)C=CC=C3)C=CC=C2)C(NC4=CC=C([N+]([O-])=O)C=C4)/C=C/C5=CC=CC=C5,P-C,DOPO_P-C,280.3,O=[N+]([O-])c1ccc(NC(/C=C/c2ccccc2)P2(=O)Oc3ccccc3-c3ccccc32)cc1,P-C,Use_pc_pn_model,DOPO-C,DOPO_P-C_external,DOPO_P-C_aliphatic_sp3,aliphatic_sp3_C,1,2,selected_nonaromatic_nonring_external_P-C; selected 1 target P-C bond(s) from 2 total P-C bond(s); subtype=DOPO_P-C_aliphatic_sp3
209,O=P1(C2=C(C3=C(O1)C=CC=C3)C=CC=C2)C(NC4=CC=C([N+]([O-])=O)C=C4)CC(P5(C6=C(C7=C(O5)C=CC=C7)C=CC=C6)=O)C8=CC=CC=C8,P-C,DOPO_P-C,299.6,O=[N+]([O-])c1ccc(NC(CC(c2ccccc2)P2(=O)Oc3ccccc3-c3ccccc32)P2(=O)Oc3ccccc3-c3ccccc32)cc1,P-C,Use_pc_pn_model,DOPO-C,DOPO_P-C_external,DOPO_P-C_aliphatic_sp3,aliphatic_sp3_C,2,4,selected_nonaromatic_nonring_external_P-C; selected 2 target P-C bond(s) from 4 total P-C bond(s); subtype=DOPO_P-C_aliphatic_sp3
210,COC1=CC(CCCP2(C3=C(C4=C(O2)C=CC=C4)C=CC=C3)=O)=CC=C1O[Si](C5=CC=CC=C5)(OC6=C(OC)C=C(C=C6)CCCP7(C8=C(C9=C(O7)C=CC=C9)C=CC=C8)=O)C%10=CC=CC=C%10,P-C,DOPO_P-C,361.5,COc1cc(CCCP2(=O)Oc3ccccc3-c3ccccc32)ccc1O[Si](Oc1ccc(CCCP2(=O)Oc3ccccc3-c3ccccc32)cc1OC)(c1ccccc1)c1ccccc1,P-C,Use_pc_pn_model,DOPO-C,DOPO_P-C_external,DOPO_P-C_aliphatic_sp3,aliphatic_sp3_C,2,4,selected_nonaromatic_nonring_external_P-C; selected 2 target P-C bond(s) from 4 total P-C bond(s); subtype=DOPO_P-C_aliphatic_sp3
211,O=P(CCCC1=CC=C(O)C(C2=CC(CCCP3(C4=C(C5=C(O3)C=CC=C5)C=CC=C4)=O)=CC=C2O)=C1)(C6=C7C=CC=C6)OC8=C7C=CC=C8,P-C,DOPO_P-C,349.4,O=P1(CCCc2ccc(O)c(-c3cc(CCCP4(=O)Oc5ccccc5-c5ccccc54)ccc3O)c2)Oc2ccccc2-c2ccccc21,P-C,Use_pc_pn_model,DOPO-C,DOPO_P-C_external,DOPO_P-C_aliphatic_sp3,aliphatic_sp3_C,2,4,selected_nonaromatic_nonring_external_P-C; selected 2 target P-C bond(s) from 4 total P-C bond(s); subtype=DOPO_P-C_aliphatic_sp3
212,CC1(CC(NC(P2(C3=C(C4=C(O2)C=CC=C4)C=CC=C3)=O)C5=CC=C(O)C(OC)=C5)CC(C)(N1[H])C)C,P-C,DOPO_P-C,267.8,COc1cc(C(NC2CC(C)(C)NC(C)(C)C2)P2(=O)Oc3ccccc3-c3ccccc32)ccc1O,P-C,Use_pc_pn_model,DOPO-C,DOPO_P-C_external,DOPO_P-C_aliphatic_sp3,aliphatic_sp3_C,1,2,selected_nonaromatic_nonring_external_P-C; selected 1 target P-C bond(s) from 2 total P-C bond(s); subtype=DOPO_P-C_aliphatic_sp3
213,O=P(CC(C(O)=O)CC(OCC1=CC=C(OP2(OC(C=C3)=CC=C3COC(CC(C(O)=O)CP(OC4=C5C=CC=C4)(C6=C5C=CC=C6)=O)=O)=NP(OC(C=C7)=CC=C7COC(CC(C(O)=O)CP(OC8=C9C=CC=C8)(C%10=C9C=CC=C%10)=O)=O)(OC(C=C%11)=CC=C%11COC(CC(C(O)=O)CP(OC%12=C%13C=CC=C%12)(C%14=C%13C=CC=C%14)=O)=O)=NP(OC(C=C%15)=CC=C%15COC(CC(C(O)=O)CP(OC%16=C%17C=CC=C%16)(C%18=C%17C=CC=C%18)=O)=O)(OC(C=C%19)=CC=C%19COC(CC(C(O)=O)CP(OC%20=C%21C=CC=C%20)(C%22=C%21C=CC=C%22)=O)=O)=N2)C=C1)=O)(C%23=C%24C=CC=C%23)OC%25=C%24C=CC=C%25,P-C,DOPO_P-C,280.3,O=C(CC(CP1(=O)Oc2ccccc2-c2ccccc21)C(=O)O)OCc1ccc(OP2(Oc3ccc(COC(=O)CC(CP4(=O)Oc5ccccc5-c5ccccc54)C(=O)O)cc3)=NP(Oc3ccc(COC(=O)CC(CP4(=O)Oc5ccccc5-c5ccccc54)C(=O)O)cc3)(Oc3ccc(COC(=O)CC(CP4(=O)Oc5ccccc5-c5ccccc54)C(=O)O)cc3)=NP(Oc3ccc(COC(=O)CC(CP4(=O)Oc5ccccc5-c5ccccc54)C(=O)O)cc3)(Oc3ccc(COC(=O)CC(CP4(=O)Oc5ccccc5-c5ccccc54)C(=O)O)cc3)=N2)cc1,P-C,Use_pc_pn_model,DOPO-C,DOPO_P-C_external,DOPO_P-C_aliphatic_sp3,aliphatic_sp3_C,6,12,selected_nonaromatic_nonring_external_P-C; selected 6 target P-C bond(s) from 12 total P-C bond(s); subtype=DOPO_P-C_aliphatic_sp3
214,N#CC(C=C1)=CC=C1NC(P2(C3=C(C4=C(O2)C=CC=C4)C=CC=C3)=O)/C=C/C5=CC=CC=C5,P-C,DOPO_P-C,249.4,N#Cc1ccc(NC(/C=C/c2ccccc2)P2(=O)Oc3ccccc3-c3ccccc32)cc1,P-C,Use_pc_pn_model,DOPO-C,DOPO_P-C_external,DOPO_P-C_aliphatic_sp3,aliphatic_sp3_C,1,2,selected_nonaromatic_nonring_external_P-C; selected 1 target P-C bond(s) from 2 total P-C bond(s); subtype=DOPO_P-C_aliphatic_sp3
215,N#CC(C=C1)=CC=C1NC(P2(OC(C=CC=C3)=C3C4=C2C=CC=C4)=O)CC(P5(OC(C=CC=C6)=C6C7=C5C=CC=C7)=O)C8=CC=CC=C8,P-C,DOPO_P-C,257.7,N#Cc1ccc(NC(CC(c2ccccc2)P2(=O)Oc3ccccc3-c3ccccc32)P2(=O)Oc3ccccc3-c3ccccc32)cc1,P-C,Use_pc_pn_model,DOPO-C,DOPO_P-C_external,DOPO_P-C_aliphatic_sp3,aliphatic_sp3_C,2,4,selected_nonaromatic_nonring_external_P-C; selected 2 target P-C bond(s) from 4 total P-C bond(s); subtype=DOPO_P-C_aliphatic_sp3
216,O=P1C2=C(C3=C(O1)C=CC=C3)C=CC=C2,P_H,DOPO_P-H,355.2,O=[PH]1Oc2ccccc2-c2ccccc21,P-H,Exclude_from_pc_pn_model,DOPO-H,DOPO_P-H,DOPO_P-H_excluded,H_target_excluded,1,1,P-H is outside the current P-C/P-N BDE model and should be excluded from pc_pn training.
217,O=P(C1=C2C=CC=C1)(C(NC3=CC=C(C#N)C=C3)C4=CC(O)=C(O)C=C4)OC5=C2C=CC=C5,P-C,DOPO_P-C,284.5,N#Cc1ccc(NC(c2ccc(O)c(O)c2)P2(=O)Oc3ccccc3-c3ccccc32)cc1,P-C,Use_pc_pn_model,DOPO-C,DOPO_P-C_external,DOPO_P-C_aliphatic_sp3,aliphatic_sp3_C,1,2,selected_nonaromatic_nonring_external_P-C; selected 1 target P-C bond(s) from 2 total P-C bond(s); subtype=DOPO_P-C_aliphatic_sp3
218,OC1=C(CCCP2(C3=C(C4=C(O2)C=CC=C4)C=CC=C3)=O)C=CC=C1,P-C,DOPO_P-C,349.8,O=P1(CCCc2ccccc2O)Oc2ccccc2-c2ccccc21,P-C,Use_pc_pn_model,DOPO-C,DOPO_P-C_external,DOPO_P-C_aliphatic_sp3,aliphatic_sp3_C,1,2,selected_nonaromatic_nonring_external_P-C; selected 1 target P-C bond(s) from 2 total P-C bond(s); subtype=DOPO_P-C_aliphatic_sp3
219,O=P(CCCC1=C(O)C=CC(C2=CC=C(O)C(CCCP3(C4=C(C5=C(O3)C=CC=C5)C=CC=C4)=O)=C2)=C1)(C6=C7C=CC=C6)OC8=C7C=CC=C8,P-C,DOPO_P-C,349.8,O=P1(CCCc2cc(-c3ccc(O)c(CCCP4(=O)Oc5ccccc5-c5ccccc54)c3)ccc2O)Oc2ccccc2-c2ccccc21,P-C,Use_pc_pn_model,DOPO-C,DOPO_P-C_external,DOPO_P-C_aliphatic_sp3,aliphatic_sp3_C,2,4,selected_nonaromatic_nonring_external_P-C; selected 2 target P-C bond(s) from 4 total P-C bond(s); subtype=DOPO_P-C_aliphatic_sp3
220,O=P(C(C1=CC=C(C(P2(C3=C(C4=C(O2)C=CC=C4)C=CC=C3)=O)NCCC5=CC=C(O)C=C5)C=C1)NCCC6=CC=C(O)C=C6)(C7=C8C=CC=C7)OC9=C8C=CC=C9,P-C,DOPO_P-C,311.3,O=P1(C(NCCc2ccc(O)cc2)c2ccc(C(NCCc3ccc(O)cc3)P3(=O)Oc4ccccc4-c4ccccc43)cc2)Oc2ccccc2-c2ccccc21,P-C,Use_pc_pn_model,DOPO-C,DOPO_P-C_external,DOPO_P-C_aliphatic_sp3,aliphatic_sp3_C,2,4,selected_nonaromatic_nonring_external_P-C; selected 2 target P-C bond(s) from 4 total P-C bond(s); subtype=DOPO_P-C_aliphatic_sp3
221,O=P(C1=CC=CC=C21)(NCCC3=CC=C(O)C(O)=C3)OC4=C2C=CC=C4,P-N,DOPO_P-N,394.6,O=P1(NCCc2ccc(O)c(O)c2)Oc2ccccc2-c2ccccc21,P-N,Use_pc_pn_model,DOPO-N,DOPO_P-N,DOPO_P-N_alkyl_amine_N,alkyl_amine_N,1,1,selected_all_P-N_bonds; selected 1 target P-N bond(s) from 1 total P-N bond(s); subtype=DOPO_P-N_alkyl_amine_N
222,O=P(C1=C2C=CC=C1)(C(NC3=C4C=CC=C(NC(P5(C6=C(C7=C(O5)C=CC=C7)C=CC=C6)=O)C8=CC=C(O)C(O)=C8)C4=CC=C3)C9=CC=C(O)C(O)=C9)OC%10=C2C=CC=C%10,P-C,DOPO_P-C,260.2,O=P1(C(Nc2cccc3c(NC(c4ccc(O)c(O)c4)P4(=O)Oc5ccccc5-c5ccccc54)cccc23)c2ccc(O)c(O)c2)Oc2ccccc2-c2ccccc21,P-C,Use_pc_pn_model,DOPO-C,DOPO_P-C_external,DOPO_P-C_aliphatic_sp3,aliphatic_sp3_C,2,4,selected_nonaromatic_nonring_external_P-C; selected 2 target P-C bond(s) from 4 total P-C bond(s); subtype=DOPO_P-C_aliphatic_sp3
223,COC1=CC(C(P2(C3=C(C4=C(O2)C=CC=C4)C=CC=C3)=O)NCCC5=CNC6=C5C=CC=C6)=CC=C1O,P-C,DOPO_P-C,284.1,COc1cc(C(NCCc2c[nH]c3ccccc23)P2(=O)Oc3ccccc3-c3ccccc32)ccc1O,P-C,Use_pc_pn_model,DOPO-C,DOPO_P-C_external,DOPO_P-C_aliphatic_sp3,aliphatic_sp3_C,1,2,selected_nonaromatic_nonring_external_P-C; selected 1 target P-C bond(s) from 2 total P-C bond(s); subtype=DOPO_P-C_aliphatic_sp3
224,O=P1(C2=C(C3=C(O1)C=CC=C3)C=CC=C2)NC4=NC5=C(N4)C=CC=C5,P-N,DOPO_P-N,334.3,O=P1(Nc2nc3ccccc3[nH]2)Oc2ccccc2-c2ccccc21,P-N,Use_pc_pn_model,DOPO-N,DOPO_P-N,DOPO_P-N_aryl_amine_N,aryl_amine_N,1,1,selected_all_P-N_bonds; selected 1 target P-N bond(s) from 1 total P-N bond(s); subtype=DOPO_P-N_aryl_amine_N
225,O=P1(C2=C(C3=C(O1)C=CC=C3)C=CC=C2)C(C4=CNC5=C4C=CC=C5)NCCC6=CNC7=C6C=CC=C7,P-C,DOPO_P-C,289.1,O=P1(C(NCCc2c[nH]c3ccccc23)c2c[nH]c3ccccc23)Oc2ccccc2-c2ccccc21,P-C,Use_pc_pn_model,DOPO-C,DOPO_P-C_external,DOPO_P-C_aliphatic_sp3,aliphatic_sp3_C,1,2,selected_nonaromatic_nonring_external_P-C; selected 1 target P-C bond(s) from 2 total P-C bond(s); subtype=DOPO_P-C_aliphatic_sp3
226,O=P(C1=C2C=CC=C1)(C(NC3=NC=CS3)C4=CC=C(O)C=C4)OC5=C2C=CC=C5,P-C,DOPO_P-C,285.3,O=P1(C(Nc2nccs2)c2ccc(O)cc2)Oc2ccccc2-c2ccccc21,P-C,Use_pc_pn_model,DOPO-C,DOPO_P-C_external,DOPO_P-C_aliphatic_sp3,aliphatic_sp3_C,1,2,selected_nonaromatic_nonring_external_P-C; selected 1 target P-C bond(s) from 2 total P-C bond(s); subtype=DOPO_P-C_aliphatic_sp3
227,O=P(C1=CC=CC=C21)(C(NC3=NC4=C(S3)C=CC=C4)C5=CC=C(O)C=C5)OC6=C2C=CC=C6,P-C,DOPO_P-C,286.6,O=P1(C(Nc2nc3ccccc3s2)c2ccc(O)cc2)Oc2ccccc2-c2ccccc21,P-C,Use_pc_pn_model,DOPO-C,DOPO_P-C_external,DOPO_P-C_aliphatic_sp3,aliphatic_sp3_C,1,2,selected_nonaromatic_nonring_external_P-C; selected 1 target P-C bond(s) from 2 total P-C bond(s); subtype=DOPO_P-C_aliphatic_sp3
228,O=P1(C2=C(C3=C(O1)C=CC=C3)C=CC=C2)C(OP(C4=CC=CC=C4)C5=CC=CC=C5)C(C=C6)=CC=C6C(P7(C8=C(C9=C(O7)C=CC=C9)C=CC=C8)=O)OP(C%10=CC=CC=C%10)C%11=CC=CC=C%11,P-C,DOPO_P-C,285.8,O=P1(C(OP(c2ccccc2)c2ccccc2)c2ccc(C(OP(c3ccccc3)c3ccccc3)P3(=O)Oc4ccccc4-c4ccccc43)cc2)Oc2ccccc2-c2ccccc21,P-C,Use_pc_pn_model,DOPO-C,DOPO_P-C_external,DOPO_P-C_aliphatic_sp3,aliphatic_sp3_C,2,8,selected_nonaromatic_nonring_external_P-C; selected 2 target P-C bond(s) from 8 total P-C bond(s); subtype=DOPO_P-C_aliphatic_sp3
229,O=P1(C2=C(C3=C(O1)C=CC=C3)C=CC=C2)C(OP(C4=CC=CC=C4)(C5=CC=CC=C5)=O)C(C=C6)=CC=C6C(P7(C8=C(C9=C(O7)C=CC=C9)C=CC=C8)=O)OP(C%10=CC=CC=C%10)(C%11=CC=CC=C%11)=O,P-C,DOPO_P-C,316.7,O=P(OC(c1ccc(C(OP(=O)(c2ccccc2)c2ccccc2)P2(=O)Oc3ccccc3-c3ccccc32)cc1)P1(=O)Oc2ccccc2-c2ccccc21)(c1ccccc1)c1ccccc1,P-C,Use_pc_pn_model,DOPO-C,DOPO_P-C_external,DOPO_P-C_aliphatic_sp3,aliphatic_sp3_C,2,8,selected_nonaromatic_nonring_external_P-C; selected 2 target P-C bond(s) from 8 total P-C bond(s); subtype=DOPO_P-C_aliphatic_sp3
230,O=P1(C2=C(C3=C(O1)C=CC=C3)C=CC=C2)C(OP(OC4=CC=CC=C4)(OC5=CC=CC=C5)=O)C(C=C6)=CC=C6C(P7(C8=C(C9=C(O7)C=CC=C9)C=CC=C8)=O)OP(OC%10=CC=CC=C%10)(OC%11=CC=CC=C%11)=O,P-C,DOPO_P-C,360.7,O=P(Oc1ccccc1)(Oc1ccccc1)OC(c1ccc(C(OP(=O)(Oc2ccccc2)Oc2ccccc2)P2(=O)Oc3ccccc3-c3ccccc32)cc1)P1(=O)Oc2ccccc2-c2ccccc21,P-C,Use_pc_pn_model,DOPO-C,DOPO_P-C_external,DOPO_P-C_aliphatic_sp3,aliphatic_sp3_C,2,4,selected_nonaromatic_nonring_external_P-C; selected 2 target P-C bond(s) from 4 total P-C bond(s); subtype=DOPO_P-C_aliphatic_sp3
231,O=P(O1)(NCCC[Si](OB(O)C2=CC=CC=C2)(OB(O)C3=CC=CC=C3)OB(C4=CC=CC=C4)O)C5=C(C=CC=C5)C6=C1C=CC=C6,P-N,DOPO_P-N,343.9,O=P1(NCCC[Si](OB(O)c2ccccc2)(OB(O)c2ccccc2)OB(O)c2ccccc2)Oc2ccccc2-c2ccccc21,P-N,Use_pc_pn_model,DOPO-N,DOPO_P-N_external,DOPO_P-N_alkyl_amine_N,alkyl_amine_N,1,1,selected_aromatic_P-N; selected 1 target P-N bond(s) from 1 total P-N bond(s); subtype=DOPO_P-N_alkyl_amine_N
232,O=P(OC1=CC=C(C(P2(C3=C(C4=C(O2)C=CC=C4)C=CC=C3)=O)O)C=C1)(OC5=CC=C(C(P6(C7=C(C8=C(O6)C=CC=C8)C=CC=C7)=O)O)C=C5)C9=CC=CC=C9,P-C,DOPO_P-C,285.8,O=P(Oc1ccc(C(O)P2(=O)Oc3ccccc3-c3ccccc32)cc1)(Oc1ccc(C(O)P2(=O)Oc3ccccc3-c3ccccc32)cc1)c1ccccc1,P-C,Use_pc_pn_model,DOPO-C,DOPO_P-C_external,DOPO_P-C_aliphatic_sp3,aliphatic_sp3_C,2,5,selected_nonaromatic_nonring_external_P-C; selected 2 target P-C bond(s) from 5 total P-C bond(s); subtype=DOPO_P-C_aliphatic_sp3
233,O=P(C1=C2C=CC=C1)(C(NC3=CC=C(CC4=CC=C(NC([P@@]5(C6=C(C7=C(O5)C=CC=C7)C=CC=C6)=O)C8=CC(O)=C(O)C=C8)C=C4)C=C3)C9=CC(O)=C(O)C=C9)OC%10=C2C=CC=C%10,P-C,DOPO_P-C,260.7,O=P1(C(Nc2ccc(Cc3ccc(NC(c4ccc(O)c(O)c4)[P@@]4(=O)Oc5ccccc5-c5ccccc54)cc3)cc2)c2ccc(O)c(O)c2)Oc2ccccc2-c2ccccc21,P-C,Use_pc_pn_model,DOPO-C,DOPO_P-C_external,DOPO_P-C_aliphatic_sp3,aliphatic_sp3_C,2,4,selected_nonaromatic_nonring_external_P-C; selected 2 target P-C bond(s) from 4 total P-C bond(s); subtype=DOPO_P-C_aliphatic_sp3
234,OC1=CC(C(P2(C3=C(C4=C(O2)C=CC=C4)C=CC=C3)=O)NC5=NC(C6=CC=CC=C6)=NC(NC(P7(C8=C(C9=C(O7)C=CC=C9)C=CC=C8)=O)C%10=CC(O)=C(O)C=C%10)=N5)=CC=C1O,P-C,DOPO_P-C,266.9,O=P1(C(Nc2nc(NC(c3ccc(O)c(O)c3)P3(=O)Oc4ccccc4-c4ccccc43)nc(-c3ccccc3)n2)c2ccc(O)c(O)c2)Oc2ccccc2-c2ccccc21,P-C,Use_pc_pn_model,DOPO-C,DOPO_P-C_external,DOPO_P-C_aliphatic_sp3,aliphatic_sp3_C,2,4,selected_nonaromatic_nonring_external_P-C; selected 2 target P-C bond(s) from 4 total P-C bond(s); subtype=DOPO_P-C_aliphatic_sp3
235,COC1=CC(C(P2(C3=C(C4=C(O2)C=CC=C4)C=CC=C3)=O)NC5=NC6=C(S5)C=CC=C6)=CC=C1O,P-C,DOPO_P-C,264.8,COc1cc(C(Nc2nc3ccccc3s2)P2(=O)Oc3ccccc3-c3ccccc32)ccc1O,P-C,Use_pc_pn_model,DOPO-C,DOPO_P-C_external,DOPO_P-C_aliphatic_sp3,aliphatic_sp3_C,1,2,selected_nonaromatic_nonring_external_P-C; selected 1 target P-C bond(s) from 2 total P-C bond(s); subtype=DOPO_P-C_aliphatic_sp3
236,O=P1(C2=C(C3=C(O1)C=CC=C3)C=CC=C2)NC4=NC=CC=N4,P-N,DOPO_P-N,404.2,O=P1(Nc2ncccn2)Oc2ccccc2-c2ccccc21,P-N,Use_pc_pn_model,DOPO-N,DOPO_P-N,DOPO_P-N_aryl_amine_N,aryl_amine_N,1,1,selected_all_P-N_bonds; selected 1 target P-N bond(s) from 1 total P-N bond(s); subtype=DOPO_P-N_aryl_amine_N
237,O=P(C1=C2C=CC=C1)(C(NC3=NN=NN3)C4=CC=C(O)C=C4)OC5=C2C=CC=C5,P-C,DOPO_P-C,251.5,O=P1(C(Nc2nnn[nH]2)c2ccc(O)cc2)Oc2ccccc2-c2ccccc21,P-C,Use_pc_pn_model,DOPO-C,DOPO_P-C_external,DOPO_P-C_aliphatic_sp3,aliphatic_sp3_C,1,2,selected_nonaromatic_nonring_external_P-C; selected 1 target P-C bond(s) from 2 total P-C bond(s); subtype=DOPO_P-C_aliphatic_sp3
238,O=P(C(C1=CC=C(O)C=C1)NC2=CC=C(CC3=CC=C(NC(C4=CC=C(O)C=C4)P5(C6=C(C7=C(O5)C=CC=C7)C=CC=C6)=O)C=C3)C=C2)(C8=C9C=CC=C8)OC%10=C9C=CC=C%10,P-C,DOPO_P-C,255.6,O=P1(C(Nc2ccc(Cc3ccc(NC(c4ccc(O)cc4)P4(=O)Oc5ccccc5-c5ccccc54)cc3)cc2)c2ccc(O)cc2)Oc2ccccc2-c2ccccc21,P-C,Use_pc_pn_model,DOPO-C,DOPO_P-C_external,DOPO_P-C_aliphatic_sp3,aliphatic_sp3_C,2,4,selected_nonaromatic_nonring_external_P-C; selected 2 target P-C bond(s) from 4 total P-C bond(s); subtype=DOPO_P-C_aliphatic_sp3
239,O=P(C(C1=CC=C(O)C=C1)NC2=CC=C(OC3=CC=C(NC(C4=CC=C(O)C=C4)P5(C6=C(C7=C(O5)C=CC=C7)C=CC=C6)=O)C=C3)C=C2)(C8=C9C=CC=C8)OC%10=C9C=CC=C%10,P-C,DOPO_P-C,300,O=P1(C(Nc2ccc(Oc3ccc(NC(c4ccc(O)cc4)P4(=O)Oc5ccccc5-c5ccccc54)cc3)cc2)c2ccc(O)cc2)Oc2ccccc2-c2ccccc21,P-C,Use_pc_pn_model,DOPO-C,DOPO_P-C_external,DOPO_P-C_aliphatic_sp3,aliphatic_sp3_C,2,4,selected_nonaromatic_nonring_external_P-C; selected 2 target P-C bond(s) from 4 total P-C bond(s); subtype=DOPO_P-C_aliphatic_sp3
240,O=P(C(C1=CC=C(O)C=C1)NC2=CC=C(S(C3=CC=C(NC(C4=CC=C(O)C=C4)P5(C6=C(C7=C(O5)C=CC=C7)C=CC=C6)=O)C=C3)(=O)=O)C=C2)(C8=C9C=CC=C8)OC%10=C9C=CC=C%10,P-C,DOPO_P-C,282,O=P1(C(Nc2ccc(S(=O)(=O)c3ccc(NC(c4ccc(O)cc4)P4(=O)Oc5ccccc5-c5ccccc54)cc3)cc2)c2ccc(O)cc2)Oc2ccccc2-c2ccccc21,P-C,Use_pc_pn_model,DOPO-C,DOPO_P-C_external,DOPO_P-C_aliphatic_sp3,aliphatic_sp3_C,2,4,selected_nonaromatic_nonring_external_P-C; selected 2 target P-C bond(s) from 4 total P-C bond(s); subtype=DOPO_P-C_aliphatic_sp3
241,C=CCC1=CC=C(OCC(O)CP2(C3=C(C4=C(O2)C=CC=C4)C=CC=C3)=O)C(OC)=C1,P-C,DOPO_P-C,346.9,C=CCc1ccc(OCC(O)CP2(=O)Oc3ccccc3-c3ccccc32)c(OC)c1,P-C,Use_pc_pn_model,DOPO-C,DOPO_P-C_external,DOPO_P-C_aliphatic_sp3,aliphatic_sp3_C,1,2,selected_nonaromatic_nonring_external_P-C; selected 1 target P-C bond(s) from 2 total P-C bond(s); subtype=DOPO_P-C_aliphatic_sp3
242,O=P1(C(NC2=CC=C(NC(P3(C4=CC=CC=C4C5=CC=CC=C5O3)=O)C6=CNC7=CC=CC=C67)C=C2)C8=CNC9=CC=CC=C89)OC%10=CC=CC=C%10C%11=CC=CC=C%111,P-C,DOPO_P-C,325.9,O=P1(C(Nc2ccc(NC(c3c[nH]c4ccccc34)P3(=O)Oc4ccccc4-c4ccccc43)cc2)c2c[nH]c3ccccc23)Oc2ccccc2-c2ccccc21,P-C,Use_pc_pn_model,DOPO-C,DOPO_P-C_external,DOPO_P-C_aliphatic_sp3,aliphatic_sp3_C,2,4,selected_nonaromatic_nonring_external_P-C; selected 2 target P-C bond(s) from 4 total P-C bond(s); subtype=DOPO_P-C_aliphatic_sp3
243,O=P(C1=C2C=CC=C1)(C(C3=CC=C(C(NCC4=CC=CO4)(P5(C6=C(C7=C(O5)C=CC=C7)C=CC=C6)=O)[H])C=C3)(NCC8=CC=CO8)[H])OC9=C2C=CC=C9,P-C,DOPO_P-C,320.1,O=P1(C(NCc2ccco2)c2ccc(C(NCc3ccco3)P3(=O)Oc4ccccc4-c4ccccc43)cc2)Oc2ccccc2-c2ccccc21,P-C,Use_pc_pn_model,DOPO-C,DOPO_P-C_external,DOPO_P-C_aliphatic_sp3,aliphatic_sp3_C,2,4,selected_nonaromatic_nonring_external_P-C; selected 2 target P-C bond(s) from 4 total P-C bond(s); subtype=DOPO_P-C_aliphatic_sp3
