Library_Row_ID,Candidate_ID,Candidate_Name,SMILES_raw,Canonical_SMILES,Synergy_type,Preparation_Method,Reference_ID,Source_Type,Design_Family,DOPO_Count,Linker_Type,Reactive_Group,Preparation_Type,Synthesis_Level,Molecular_Weight,Murcko_Scaffold,P_molecular_wt_pct,N_molecular_wt_pct,S_molecular_wt_pct,B_molecular_wt_pct,Si_molecular_wt_pct,Training_Duplicate,Screening_Eligible,Notes,smiles_valid,contains_DOPO,is_unique,synthesis_feasible,Exclusion_Reason,Computed_DOPO_Count,Has_P,Has_N,Has_S,Has_B,Has_Si,Preparation_Method_num,candidate_status
LIB_0001,TRAIN_001,TEBA,CC(C1=CC=C(OCC2CO2)C=C1)(C3=CC=C(OCC4CO4)C=C3)CCC(OCCN(CP5(C6=C(C7=C(O5)C=CC=C7)C=CC=C6)=O)CCOC(CCC(C8=CC=C(OCC9CO9)C=C8)(C%10=CC=C(OCC%11CO%11)C=C%10)C)=O)=O,CC(CCC(=O)OCCN(CCOC(=O)CCC(C)(c1ccc(OCC2CO2)cc1)c1ccc(OCC2CO2)cc1)CP1(=O)Oc2ccccc2-c2ccccc21)(c1ccc(OCC2CO2)cc1)c1ccc(OCC2CO2)cc1,P-N,DOPO-based (reactive),https://doi.org/10.1016/j.polymdegradstab.2020.109151,training_seed,P-N,1,review_manually,epoxy,DOPO-based (reactive),A,1094.2040000000002,O=C(CCC(c1ccc(OCC2CO2)cc1)c1ccc(OCC2CO2)cc1)OCCN(CCOC(=O)CCC(c1ccc(OCC2CO2)cc1)c1ccc(OCC2CO2)cc1)CP1(=O)Oc2ccccc2-c2ccccc21,2.830733574360905,1.2801086451886483,0.0,0.0,0.0,True,False,"Existing training molecule; use as design reference, not as a new discovery.",True,True,True,True,training_reference,1,,,,,,,Training reference
LIB_0002,TRAIN_002,DGEBDB,COC1=CC(C(P2(C3=C(C4=C(O2)C=CC=C4)C=CC=C3)=O)C5=CC=C(OCC6CO6)C(OC)=C5)=CC=C1OCC7CO7,COc1cc(C(c2ccc(OCC3CO3)c(OC)c2)P2(=O)Oc3ccccc3-c3ccccc32)ccc1OCC1CO1,P-only,DOPO-based (reactive),https://doi.org/10.1016/j.compositesb.2020.107926,training_seed,P-only,1,review_manually,epoxy,DOPO-based (reactive),A,586.577,O=P1(C(c2ccc(OCC3CO3)cc2)c2ccc(OCC3CO3)cc2)Oc2ccccc2-c2ccccc21,5.280466162157739,0.0,0.0,0.0,0.0,True,False,"Existing training molecule; use as design reference, not as a new discovery.",True,True,True,True,training_reference,1,,,,,,,Training reference
LIB_0003,TRAIN_003,PFA,CC1CC2C(C(OC2=O)=O)C(P3(C4=C(C5=C(O3)C=CC=C5)C=CC=C4)=O)C1,CC1CC2C(=O)OC(=O)C2C(P2(=O)Oc3ccccc3-c3ccccc32)C1,P-only,DOPO-based (Co-curing),https://doi.org/10.3390/ma14092205,training_seed,P-only,1,review_manually,none,DOPO-based (Co-curing),A,382.35200000000015,O=C1OC(=O)C2C1CCCC2P1(=O)Oc2ccccc2-c2ccccc21,8.100912248399379,0.0,0.0,0.0,0.0,True,False,"Existing training molecule; use as design reference, not as a new discovery.",True,True,True,True,training_reference,1,,,,,,,Training reference
LIB_0004,TRAIN_004,DDP,O=P(CC(C(O)=O)CC(O)=O)(C1=C2C=CC=C1)OC3=C2C=CC=C3,O=C(O)CC(CP1(=O)Oc2ccccc2-c2ccccc21)C(=O)O,P-only,DOPO-based (Co-curing),https://doi.org/10.1016/j.chemosphere.2022.133778,training_seed,P-only,1,review_manually,OH;carboxyl,DOPO-based (Co-curing),A,346.2750000000001,O=[PH]1Oc2ccccc2-c2ccccc21,8.944913724640818,0.0,0.0,0.0,0.0,True,False,"Existing training molecule; use as design reference, not as a new discovery.",True,True,True,True,training_reference,1,,,,,,,Training reference
LIB_0005,TRAIN_005,DOPO-HPM,O=C(CC(P1(C2=C(C3=C(O1)C=CC=C3)C=CC=C2)=O)C4=O)N4C(C=C5)=CC=C5OCC(CN6C(N(C(N(C6=O)CC7CO7)=O)CC8CO8)=O)O,O=C1CC(P2(=O)Oc3ccccc3-c3ccccc32)C(=O)N1c1ccc(OCC(O)Cn2c(=O)n(CC3CO3)c(=O)n(CC3CO3)c2=O)cc1,P-N,DOPO-based (Co-curing),https://doi.org/10.1016/j.polymdegradstab.2015.05.019,training_seed,P-N,1,review_manually,OH;epoxy,DOPO-based (Co-curing),A,702.6130000000002,O=C1CC(P2(=O)Oc3ccccc3-c3ccccc32)C(=O)N1c1ccc(OCCCn2c(=O)n(CC3CO3)c(=O)n(CC3CO3)c2=O)cc1,4.408401210908423,7.974233326169597,0.0,0.0,0.0,True,False,"Existing training molecule; use as design reference, not as a new discovery.",True,True,True,True,training_reference,1,,,,,,,Training reference
LIB_0006,TRAIN_006,DOPO-GE,C=CCC1=CC=C(OCC(O)CP2(C3=C(C4=C(O2)C=CC=C4)C=CC=C3)=O)C(OC)=C1,C=CCc1ccc(OCC(O)CP2(=O)Oc3ccccc3-c3ccccc32)c(OC)c1,P-only,DOPO-based (additive),https://doi.org/10.32604/jrm.2022.018754,training_seed,P-only,1,review_manually,OH;allyl/vinyl,DOPO-based (additive),A,436.4440000000001,O=P1(CCCOc2ccccc2)Oc2ccccc2-c2ccccc21,7.096901320673441,0.0,0.0,0.0,0.0,True,False,"Existing training molecule; use as design reference, not as a new discovery.",True,True,True,True,training_reference,1,,,,,,,Training reference
LIB_0007,TRAIN_007,TMD,O=P(C(C(O)=O)CC(OCCN1C(N(C(N(C1=O)CCOC(CC(P2(C3=C(C4=C(O2)C=CC=C4)C=CC=C3)=O)C(O)=O)=O)=O)CCOC(CC(P5(C6=C(C7=C(O5)C=CC=C7)C=CC=C6)=O)C(O)=O)=O)=O)=O)(C8=C9C=CC=C8)OC%10=C9C=CC=C%10,O=C(CC(C(=O)O)P1(=O)Oc2ccccc2-c2ccccc21)OCCn1c(=O)n(CCOC(=O)CC(C(=O)O)P2(=O)Oc3ccccc3-c3ccccc32)c(=O)n(CCOC(=O)CC(C(=O)O)P2(=O)Oc3ccccc3-c3ccccc32)c1=O,P-N,DOPO-based (reactive),https://doi.org/10.1016/j.cej.2019.121916,training_seed,P-N,3,review_manually,OH;carboxyl,DOPO-based (reactive),A,1203.9330000000004,O=C(CCP1(=O)Oc2ccccc2-c2ccccc21)OCCn1c(=O)n(CCOC(=O)CCP2(=O)Oc3ccccc3-c3ccccc32)c(=O)n(CCOC(=O)CCP2(=O)Oc3ccccc3-c3ccccc32)c1=O,7.718203587741175,3.490310507312283,0.0,0.0,0.0,True,False,"Existing training molecule; use as design reference, not as a new discovery.",True,True,True,True,training_reference,3,,,,,,,Training reference
LIB_0008,TRAIN_008,TDA,CCO[Si](OCC)(OCC)CCCNCC(O)CN1C(N(C(N(C1=O)CC(CP2(C3=C(C4=C(O2)C=CC=C4)C=CC=C3)=O)O)=O)CC(O)CNCCC[Si](OCC)(OCC)OCC)=O,CCO[Si](CCCNCC(O)Cn1c(=O)n(CC(O)CNCCC[Si](OCC)(OCC)OCC)c(=O)n(CC(O)CP2(=O)Oc3ccccc3-c3ccccc32)c1=O)(OCC)OCC,P-N-Si,DOPO-based (reactive),https://doi.org/10.1021/acsomega.1c00076,training_seed,P-N-Si,1,review_manually,NH2/NH;OH,DOPO-based (reactive),A,956.1890000000002,O=c1[nH]c(=O)n(CCCP2(=O)Oc3ccccc3-c3ccccc32)c(=O)[nH]1,3.239317749942741,7.324388797612186,0.0,0.0,5.874570822295591,True,False,"Existing training molecule; use as design reference, not as a new discovery.",True,True,True,True,training_reference,1,,,,,,,Training reference
LIB_0009,TRAIN_009,POG-DOPO,O=P(CC(O)COP(OCC1CO1)(OCC2CO2)=O)(C3=C4C=CC=C3)OC5=C4C=CC=C5,O=P(OCC(O)CP1(=O)Oc2ccccc2-c2ccccc21)(OCC1CO1)OCC1CO1,P-P,DOPO-based (reactive),https://doi.org/10.1016/j.polymdegradstab.2024.111016,training_seed,P-only,1,review_manually,OH;epoxy,DOPO-based (reactive),A,482.3620000000004,O=P(OCCCP1(=O)Oc2ccccc2-c2ccccc21)(OCC1CO1)OCC1CO1,12.842636857795588,0.0,0.0,0.0,0.0,True,False,"Existing training molecule; use as design reference, not as a new discovery.",True,True,True,True,training_reference,1,,,,,,,Training reference
LIB_0010,TRAIN_010,DOPO-BD,CC(NNC(C1=CC=CC=C1)=O)(P2(C3=C(C4=C(O2)C=CC=C4)C=CC=C3)=O)C5=CC=C(O)C=C5,CC(NNC(=O)c1ccccc1)(c1ccc(O)cc1)P1(=O)Oc2ccccc2-c2ccccc21,P-N,DOPO-based (reactive),https://doi.org/10.1002/fam.3200,training_seed,P-N,1,review_manually,NH2/NH;OH,DOPO-based (reactive),A,470.4650000000002,O=C(NNC(c1ccccc1)P1(=O)Oc2ccccc2-c2ccccc21)c1ccccc1,6.583699106203435,5.9545343436812495,0.0,0.0,0.0,True,False,"Existing training molecule; use as design reference, not as a new discovery.",True,True,True,True,training_reference,1,,,,,,,Training reference
LIB_0011,TRAIN_011,DOPOBH,OC(C=C1)=CC=C1N(C2P3(C4=C(C5=C(O3)C=CC=C5)C=CC=C4)=O)COC6=C2C=CC=C6,O=P1(C2c3ccccc3OCN2c2ccc(O)cc2)Oc2ccccc2-c2ccccc21,P-N,DOPO-based (additive),https://doi.org/10.1016/j.polymer.2024.127173,training_seed,P-N,1,review_manually,OH,DOPO-based (additive),A,441.4230000000001,O=P1(C2c3ccccc3OCN2c2ccccc2)Oc2ccccc2-c2ccccc21,7.016852316259006,3.17314684554271,0.0,0.0,0.0,True,False,"Existing training molecule; use as design reference, not as a new discovery.",True,True,True,True,training_reference,1,,,,,,,Training reference
LIB_0012,TRAIN_012,KHDOPO,O=P1(CC(COCCC[Si](OC)(OC)OC)O)C2=CC=CC=C2C3=C(O1)C=CC=C3,CO[Si](CCCOCC(O)CP1(=O)Oc2ccccc2-c2ccccc21)(OC)OC,P-Si,DOPO-based (reactive),https://doi.org/10.1016/j.polymdegradstab.2019.109055,training_seed,P-Si,1,review_manually,OH,DOPO-based (reactive),A,452.5160000000002,O=[PH]1Oc2ccccc2-c2ccccc21,6.844840845406568,0.0,0.0,0.0,6.206631367730641,True,False,"Existing training molecule; use as design reference, not as a new discovery.",True,True,True,True,training_reference,1,,,,,,,Training reference
LIB_0013,TRAIN_013,DOPO-TMT,O=P(C1CC(N(C1=O)C2=CC=C(OC3=NC(OC4=CC=C(N5C(CC(P6(C7=C(C8=C(O6)C=CC=C8)C=CC=C7)=O)C5=O)=O)C=C4)=NC(OC9=CC=C(N%10C(CC(P%11(C%12=C(C%13=C(O%11)C=CC=C%13)C=CC=C%12)=O)C%10=O)=O)C=C9)=N3)C=C2)=O)(C%14=C%15C=CC=C%14)OC%16=C%15C=CC=C%16,O=C1CC(P2(=O)Oc3ccccc3-c3ccccc32)C(=O)N1c1ccc(Oc2nc(Oc3ccc(N4C(=O)CC(P5(=O)Oc6ccccc6-c6ccccc65)C4=O)cc3)nc(Oc3ccc(N4C(=O)CC(P5(=O)Oc6ccccc6-c6ccccc65)C4=O)cc3)n2)cc1,P-N,DOPO-based (additive),https://doi.org/10.1021/acs.iecr.5b02026,training_seed,P-N,3,review_manually,none,DOPO-based (additive),A,1291.068,O=C1CC(P2(=O)Oc3ccccc3-c3ccccc32)C(=O)N1c1ccc(Oc2nc(Oc3ccc(N4C(=O)CC(P5(=O)Oc6ccccc6-c6ccccc65)C4=O)cc3)nc(Oc3ccc(N4C(=O)CC(P5(=O)Oc6ccccc6-c6ccccc65)C4=O)cc3)n2)cc1,7.197297121452936,6.509494465047543,0.0,0.0,0.0,True,False,"Existing training molecule; use as design reference, not as a new discovery.",True,True,True,True,training_reference,3,,,,,,,Training reference
LIB_0014,TRAIN_014,SFD-BOZ,O=P(C1=C2C=CC=C1)(C3C4=C(OCN3CC5=CC=CO5)C=CC=C4)OC6=C2C=CC=C6,O=P1(C2c3ccccc3OCN2Cc2ccco2)Oc2ccccc2-c2ccccc21,P-N-C,DOPO-based (Co-curing),https://doi.org/10.1016/j.polymdegradstab.2022.109878,training_seed,P-N,1,review_manually,none,DOPO-based (Co-curing),A,429.41200000000015,O=P1(C2c3ccccc3OCN2Cc2ccco2)Oc2ccccc2-c2ccccc21,7.213119335277074,3.261902322245302,0.0,0.0,0.0,True,False,"Existing training molecule; use as design reference, not as a new discovery.",True,True,True,True,training_reference,1,,,,,,,Training reference
LIB_0015,TRAIN_015,DOPO-HQ-AE,O=C(OC1=C(P2(C3=CC=CC=C3C4=CC=CC=C4O2)=O)C=C(OC(C5=CC=CC=C5)=O)C=C1)C6=CC=CC=C6,O=C(Oc1ccc(OC(=O)c2ccccc2)c(P2(=O)Oc3ccccc3-c3ccccc32)c1)c1ccccc1,P-only,DOPO-based (reactive),https://doi.org/10.1016/j.cej.2024.148998,training_seed,P-only,1,review_manually,none,DOPO-based (reactive),A,532.4880000000003,O=C(Oc1ccc(OC(=O)c2ccccc2)c(P2(=O)Oc3ccccc3-c3ccccc32)c1)c1ccccc1,5.816844698847671,0.0,0.0,0.0,0.0,True,False,"Existing training molecule; use as design reference, not as a new discovery.",True,True,True,True,training_reference,1,,,,,,,Training reference
LIB_0016,TRAIN_016,DOPOMAH,O=P(C1=C2C=CC=C1)(C3CC(OC3=O)=O)OC4=C2C=CC=C4,O=C1CC(P2(=O)Oc3ccccc3-c3ccccc32)C(=O)O1,P-only,DOPO-based (Co-curing),https://doi.org/10.1002/app.51688,training_seed,P-only,1,review_manually,none,DOPO-based (Co-curing),A,314.2330000000001,O=C1CC(P2(=O)Oc3ccccc3-c3ccccc32)C(=O)O1,9.857016926930012,0.0,0.0,0.0,0.0,True,False,"Existing training molecule; use as design reference, not as a new discovery.",True,True,True,True,training_reference,1,,,,,,,Training reference
LIB_0017,TRAIN_017,APN-DOPO,O=P(C1=C2C=CC=C1)(C([H])(NC3=CC=CC(OC4=CC=C(C(C#N)=C4)C#N)=C3)[H])OC5=C2C=CC=C5,N#Cc1ccc(Oc2cccc(NCP3(=O)Oc4ccccc4-c4ccccc43)c2)cc1C#N,P-N,DOPO-based (additive+ Secondary Crosslinking),https://doi.org/10.1016/j.cej.2021.130404,training_seed,P-N,1,review_manually,NH2/NH,DOPO-based (additive+ Secondary Crosslinking),A,463.43300000000016,O=P1(CNc2cccc(Oc3ccccc3)c2)Oc2ccccc2-c2ccccc21,6.683598276341994,9.067330121074672,0.0,0.0,0.0,True,False,"Existing training molecule; use as design reference, not as a new discovery.",True,True,True,True,training_reference,1,,,,,,,Training reference
LIB_0018,TRAIN_018,DSOC,CCC1(C(P2(C3=C(C4=C(O2)C=CC=C4)C=CC=C3)=O)O)COC5(OCC(CO5)(C(P6(C7=C(C8=C(O6)C=CC=C8)C=CC=C7)=O)O)CC)OC1,CCC1(C(O)P2(=O)Oc3ccccc3-c3ccccc32)COC2(OC1)OCC(CC)(C(O)P1(=O)Oc3ccccc3-c3ccccc31)CO2,P-only,DOPO-based (reactive),https://doi.org/10.1080/15685551.2015.1070501,training_seed,P-only,2,review_manually,OH,DOPO-based (reactive),A,704.6490000000002,O=P1(CC2COC3(OC2)OCC(CP2(=O)Oc4ccccc4-c4ccccc42)CO3)Oc2ccccc2-c2ccccc21,8.791327313314854,0.0,0.0,0.0,0.0,True,False,"Existing training molecule; use as design reference, not as a new discovery.",True,True,True,True,training_reference,2,,,,,,,Training reference
LIB_0019,TRAIN_019,DiDOPO,O=P1(C2=C(C3=C(O1)C=CC=C3)C=CC=C2)CC(P4(C5=CC=CC=C5C6=C(O4)C=CC=C6)=O)C7=CC=CC=C7,O=P1(CC(c2ccccc2)P2(=O)Oc3ccccc3-c3ccccc32)Oc2ccccc2-c2ccccc21,P-Si,DOPO-based (additive),https://doi.org/10.1021/acsomega.0c05208,training_seed,P-only,2,review_manually,none,DOPO-based (additive),A,534.4880000000002,O=P1(CC(c2ccccc2)P2(=O)Oc3ccccc3-c3ccccc32)Oc2ccccc2-c2ccccc21,11.590157309425091,0.0,0.0,0.0,0.0,True,False,"Existing training molecule; use as design reference, not as a new discovery.",True,True,True,True,training_reference,2,,,,,,,Training reference
LIB_0020,TRAIN_020,PBD,O=P(C1=C2C=CC=C1)(C(C3=CC=C(C(P4(C5=C(C6=C(O4)C=CC=C6)C=CC=C5)=O)NC7=CC=CC(OC8=CC=C(C(C#N)=C8)C#N)=C7)C=C3)NC9=CC=CC(OC%10=CC=C(C(C#N)=C%10)C#N)=C9)OC%11=C2C=CC=C%11,N#Cc1ccc(Oc2cccc(NC(c3ccc(C(Nc4cccc(Oc5ccc(C#N)c(C#N)c5)c4)P4(=O)Oc5ccccc5-c5ccccc54)cc3)P3(=O)Oc4ccccc4-c4ccccc43)c2)cc1C#N,P-N,DOPO-based (additive+ Secondary Crosslinking),https://doi.org/10.1016/j.compositesb.2021.109162,training_seed,P-N,2,review_manually,NH2/NH,DOPO-based (additive+ Secondary Crosslinking),A,1000.948,O=P1(C(Nc2cccc(Oc3ccccc3)c2)c2ccc(C(Nc3cccc(Oc4ccccc4)c3)P3(=O)Oc4ccccc4-c4ccccc43)cc2)Oc2ccccc2-c2ccccc21,6.188932891618745,8.3962403641348,0.0,0.0,0.0,True,False,"Existing training molecule; use as design reference, not as a new discovery.",True,True,True,True,training_reference,2,,,,,,,Training reference
LIB_0021,TRAIN_021,DTB,CCC(O)CN1C(N(C(N(C1=O)CC(O)CP2(C3=C(C4=C(O2)C=CC=C4)C=CC=C3)=O)=O)CC(O)COB(OC)O)=O,CCC(O)Cn1c(=O)n(CC(O)COB(O)OC)c(=O)n(CC(O)CP2(=O)Oc3ccccc3-c3ccccc32)c1=O,P-N-B,DOPO-based (additive),https://doi.org/10.1016/j.polymdegradstab.2016.09.023,training_seed,P-N-B,1,review_manually,OH,DOPO-based (additive),A,605.3460000000002,O=c1[nH]c(=O)n(CCCP2(=O)Oc3ccccc3-c3ccccc32)c(=O)[nH]1,5.116743151850345,6.941649899396376,0.0,1.7860859739719095,0.0,True,False,"Existing training molecule; use as design reference, not as a new discovery.",True,True,True,True,training_reference,1,,,,,,,Training reference
LIB_0022,TRAIN_022,DOPO-DDM,O=P(C1=C2C=CC=C1)(C(NC3=CC=C(CC4=CC=C(NC(P5(C6=C(C7=C(O5)C=CC=C7)C=CC=C6)=O)C8=CC=C(O)C=C8)C=C4)C=C3)C9=CC=C(O)C=C9)OC%10=C2C=CC=C%10,O=P1(C(Nc2ccc(Cc3ccc(NC(c4ccc(O)cc4)P4(=O)Oc5ccccc5-c5ccccc54)cc3)cc2)c2ccc(O)cc2)Oc2ccccc2-c2ccccc21,P-N,DOPO-based (Co-curing),https://doi.org/10.1016/j.polymdegradstab.2015.10.012,training_seed,P-N,2,review_manually,NH2/NH;OH,DOPO-based (Co-curing),A,838.8370000000001,O=P1(C(Nc2ccc(Cc3ccc(NC(c4ccccc4)P4(=O)Oc5ccccc5-c5ccccc54)cc3)cc2)c2ccccc2)Oc2ccccc2-c2ccccc21,7.384986594535052,3.339623788650238,0.0,0.0,0.0,True,False,"Existing training molecule; use as design reference, not as a new discovery.",True,True,True,True,training_reference,2,,,,,,,Training reference
LIB_0023,TRAIN_023,DTA,O=P(C1=C2C=CC=C1)(C(NC3=NC4=C(N3)C=CC=C4)C5=CC=C(C(P6(C7=C(C8=C(O6)C=CC=C8)C=CC=C7)=O)NC9=NC%10=C(N9)C=CC=C%10)C=C5)OC%11=C2C=CC=C%11,O=P1(C(Nc2nc3ccccc3[nH]2)c2ccc(C(Nc3nc4ccccc4[nH]3)P3(=O)Oc4ccccc4-c4ccccc43)cc2)Oc2ccccc2-c2ccccc21,P-N,DOPO-based (Co-curing),https://doi.org/10.1016/j.polymdegradstab.2019.03.003,training_seed,P-N,2,review_manually,NH2/NH,DOPO-based (Co-curing),A,796.764,O=P1(C(Nc2nc3ccccc3[nH]2)c2ccc(C(Nc3nc4ccccc4[nH]3)P3(=O)Oc4ccccc4-c4ccccc43)cc2)Oc2ccccc2-c2ccccc21,7.774949671420898,10.547916321520551,0.0,0.0,0.0,True,False,"Existing training molecule; use as design reference, not as a new discovery.",True,True,True,True,training_reference,2,,,,,,,Training reference
LIB_0024,TRAIN_024,HVPA－DOPO,COC1=CC(C(NCCO)P2(OC(C=CC=C3)=C3C4=C2C=CC=C4)=O)=CC=C1OP5(OC6=CC(C(NCCO)P7(OC(C=CC=C8)=C8C9=C7C=CC=C9)=O)=CC=C6OC)=NP(OC%10=CC=C(C(NCCO)P%11(OC(C=CC=C%12)=C%12C%13=C%11C=CC=C%13)=O)C=C%10OC)(OC%14=CC=C(C(NCCO)P%15(OC(C=CC=C%16)=C%16C%17=C%15C=CC=C%17)=O)C=C%14OC)=NP(OC%18=CC=C(C(NCCO)P%19(OC(C=CC=C%20)=C%20C%21=C%19C=CC=C%21)=O)C=C%18OC)(OC%22=CC(C(NCCO)P%23(OC(C=CC=C%24)=C%24C%25=C%23C=CC=C%25)=O)=CC=C%22OC)=N5,COc1cc(C(NCCO)P2(=O)Oc3ccccc3-c3ccccc32)ccc1OP1(Oc2ccc(C(NCCO)P3(=O)Oc4ccccc4-c4ccccc43)cc2OC)=NP(Oc2ccc(C(NCCO)P3(=O)Oc4ccccc4-c4ccccc43)cc2OC)(Oc2cc(C(NCCO)P3(=O)Oc4ccccc4-c4ccccc43)ccc2OC)=NP(Oc2ccc(C(NCCO)P3(=O)Oc4ccccc4-c4ccccc43)cc2OC)(Oc2cc(C(NCCO)P3(=O)Oc4ccccc4-c4ccccc43)ccc2OC)=N1,P-N,DOPO-based (additive),https://kns.cnki.net/kcms2/article/abstract?v=Jz5IuRg0t03gCi77HueKkdhXr1Kks-8Asx8mfSXC9dkOW3i5QJvBG7O8nFuQ6fVFmodx7dE2PooVI8cXdUjFh-m9QVbm9NUqRV0WAQmWSTT-onafxhl7MgLeJKaimMxrNN1lVGKNu1EYC6CR0hCY_RViLFQXuvgBsV-gcxf_dKg=&uniplatform=NZKPT,training_seed,P-N,6,review_manually,NH2/NH;OH,DOPO-based (additive),A,2597.258999999994,O=P1(Cc2ccc(OP3(Oc4ccc(CP5(=O)Oc6ccccc6-c6ccccc65)cc4)=NP(Oc4ccc(CP5(=O)Oc6ccccc6-c6ccccc65)cc4)(Oc4cccc(CP5(=O)Oc6ccccc6-c6ccccc65)c4)=NP(Oc4ccc(CP5(=O)Oc6ccccc6-c6ccccc65)cc4)(Oc4cccc(CP5(=O)Oc6ccccc6-c6ccccc65)c4)=N3)cc2)Oc2ccccc2-c2ccccc21,10.733084378569895,4.85369383646376,0.0,0.0,0.0,True,False,"Existing training molecule; use as design reference, not as a new discovery.",True,True,True,True,training_reference,6,,,,,,,Training reference
LIB_0025,TRAIN_025,DOF,O=P(C1=C2C=CC=C1)(C(O)C3=CC=CO3)OC4=C2C=CC=C4,O=P1(C(O)c2ccco2)Oc2ccccc2-c2ccccc21,P-only,DOPO-based (Co-curing),https://doi.org/10.1016/j.indcrop.2023.116917,training_seed,P-only,1,review_manually,OH,DOPO-based (Co-curing),A,312.261,O=P1(Cc2ccco2)Oc2ccccc2-c2ccccc21,9.919266254831696,0.0,0.0,0.0,0.0,True,False,"Existing training molecule; use as design reference, not as a new discovery.",True,True,True,True,training_reference,1,,,,,,,Training reference
LIB_0026,TRAIN_026,DE-1,CC(C1=CC=C(OCC(O)CP2(C3=C(C4=C(O2)C=CC=C4)C=CC=C3)=O)C=C1)(C5=CC=C(OCC6CO6)C=C5)C,CC(C)(c1ccc(OCC(O)CP2(=O)Oc3ccccc3-c3ccccc32)cc1)c1ccc(OCC2CO2)cc1,P-N,DOPO-based (reactive),https://doi.org/10.1002/（SICI）1099-0518（19991101）37：21<3903：：AID-POLA4>3.0.CO;2-X,training_seed,P-only,1,review_manually,OH;epoxy,DOPO-based (reactive),A,556.5950000000001,O=P1(CCCOc2ccc(Cc3ccc(OCC4CO4)cc3)cc2)Oc2ccccc2-c2ccccc21,5.564908057025304,0.0,0.0,0.0,0.0,True,False,"Existing training molecule; use as design reference, not as a new discovery.",True,True,True,True,training_reference,1,,,,,,,Training reference
LIB_0027,TRAIN_027,DOPO-AI,O=P(C1=C2C=CC=C1)(NCCCN3C=CN=C3)OC4=C2C=CC=C4,O=P1(NCCCn2ccnc2)Oc2ccccc2-c2ccccc21,P-N,DOPO-based (Co-curing),https://doi.org/10.1021/acsapm.0c00577,training_seed,P-N,1,review_manually,none,DOPO-based (Co-curing),A,339.3350000000001,O=P1(NCCCn2ccnc2)Oc2ccccc2-c2ccccc21,9.127853006615878,12.3833379993222,0.0,0.0,0.0,True,False,"Existing training molecule; use as design reference, not as a new discovery.",True,True,True,True,training_reference,1,,,,,,,Training reference
LIB_0028,TRAIN_028,DMT,O=C(CC(P1(C2=C(C3=C(O1)C=CC=C3)C=CC=C2)=O)C4=O)N4C(C=C5)=CC=C5OCC(O)CN(C(N(CC(O)COC6=CC=C(N7C(CC(P8(C9=C(C%10=C(O8)C=CC=C%10)C=CC=C9)=O)C7=O)=O)C=C6)C%11=O)=O)C(N%11CC(O)COC%12=CC=C(C=C%12)N%13C(CC(C%13=O)P%14(C%15=C(C=CC=C%15)C%16=C(C=CC=C%16)O%14)=O)=O)=O,O=C1CC(P2(=O)Oc3ccccc3-c3ccccc32)C(=O)N1c1ccc(OCC(O)Cn2c(=O)n(CC(O)COc3ccc(N4C(=O)CC(P5(=O)Oc6ccccc6-c6ccccc65)C4=O)cc3)c(=O)n(CC(O)COc3ccc(N4C(=O)CC(P5(=O)Oc6ccccc6-c6ccccc65)C4=O)cc3)c2=O)cc1,P-N,DOPO-based (additive),https://doi.org/10.1016/j.polymdegradstab.2016.07.013,training_seed,P-N,3,review_manually,OH,DOPO-based (additive),A,1513.305,O=C1CC(P2(=O)Oc3ccccc3-c3ccccc32)C(=O)N1c1ccc(OCCCn2c(=O)n(CCCOc3ccc(N4C(=O)CC(P5(=O)Oc6ccccc6-c6ccccc65)C4=O)cc3)c(=O)n(CCCOc3ccc(N4C(=O)CC(P5(=O)Oc6ccccc6-c6ccccc65)C4=O)cc3)c2=O)cc1,6.140335226540584,5.55354009931904,0.0,0.0,0.0,True,False,"Existing training molecule; use as design reference, not as a new discovery.",True,True,True,True,training_reference,3,,,,,,,Training reference
LIB_0029,TRAIN_029,VTD,CC1(CC(NC(P2(C3=C(C4=C(O2)C=CC=C4)C=CC=C3)=O)C5=CC=C(O)C(OC)=C5)CC(C)(N1[H])C)C,COc1cc(C(NC2CC(C)(C)NC(C)(C)C2)P2(=O)Oc3ccccc3-c3ccccc32)ccc1O,P-N,DOPO-based (Co-curing),https://doi.org/10.1016/j.eurpolymj.2026.114687,training_seed,P-N,1,review_manually,NH2/NH;OH,DOPO-based (Co-curing),A,506.5830000000002,O=P1(C(NC2CCNCC2)c2ccccc2)Oc2ccccc2-c2ccccc21,6.11429913755495,5.529992123699372,0.0,0.0,0.0,True,False,"Existing training molecule; use as design reference, not as a new discovery.",True,True,True,True,training_reference,1,,,,,,,Training reference
LIB_0030,TRAIN_030,NPDI,O=P(CC(C(O)=O)CC(OCC1=CC=C(OP2(OC(C=C3)=CC=C3COC(CC(C(O)=O)CP(OC4=C5C=CC=C4)(C6=C5C=CC=C6)=O)=O)=NP(OC(C=C7)=CC=C7COC(CC(C(O)=O)CP(OC8=C9C=CC=C8)(C%10=C9C=CC=C%10)=O)=O)(OC(C=C%11)=CC=C%11COC(CC(C(O)=O)CP(OC%12=C%13C=CC=C%12)(C%14=C%13C=CC=C%14)=O)=O)=NP(OC(C=C%15)=CC=C%15COC(CC(C(O)=O)CP(OC%16=C%17C=CC=C%16)(C%18=C%17C=CC=C%18)=O)=O)(OC(C=C%19)=CC=C%19COC(CC(C(O)=O)CP(OC%20=C%21C=CC=C%20)(C%22=C%21C=CC=C%22)=O)=O)=N2)C=C1)=O)(C%23=C%24C=CC=C%23)OC%25=C%24C=CC=C%25,O=C(CC(CP1(=O)Oc2ccccc2-c2ccccc21)C(=O)O)OCc1ccc(OP2(Oc3ccc(COC(=O)CC(CP4(=O)Oc5ccccc5-c5ccccc54)C(=O)O)cc3)=NP(Oc3ccc(COC(=O)CC(CP4(=O)Oc5ccccc5-c5ccccc54)C(=O)O)cc3)(Oc3ccc(COC(=O)CC(CP4(=O)Oc5ccccc5-c5ccccc54)C(=O)O)cc3)=NP(Oc3ccc(COC(=O)CC(CP4(=O)Oc5ccccc5-c5ccccc54)C(=O)O)cc3)(Oc3ccc(COC(=O)CC(CP4(=O)Oc5ccccc5-c5ccccc54)C(=O)O)cc3)=N2)cc1,P-N,DOPO-based (reactive),https://doi.org/10.1002/pi.6755,training_seed,P-N,6,review_manually,OH;carboxyl,DOPO-based (reactive),A,2843.2889999999925,O=C(CCCP1(=O)Oc2ccccc2-c2ccccc21)OCc1ccc(OP2(Oc3ccc(COC(=O)CCCP4(=O)Oc5ccccc5-c5ccccc54)cc3)=NP(Oc3ccc(COC(=O)CCCP4(=O)Oc5ccccc5-c5ccccc54)cc3)(Oc3ccc(COC(=O)CCCP4(=O)Oc5ccccc5-c5ccccc54)cc3)=NP(Oc3ccc(COC(=O)CCCP4(=O)Oc5ccccc5-c5ccccc54)cc3)(Oc3ccc(COC(=O)CCCP4(=O)Oc5ccccc5-c5ccccc54)cc3)=N2)cc1,9.80434982163265,1.4779011208498367,0.0,0.0,0.0,True,False,"Existing training molecule; use as design reference, not as a new discovery.",True,True,True,True,training_reference,6,,,,,,,Training reference
LIB_0031,TRAIN_031,HBFR,O=C(N1CC(COC2=C(OC)C=CC(C(C3=CC(OC)=C(C=C3)O)P4(C5=C(C=CC=C5)C6=C(C=CC=C6)O4)=O)=C2)O)N(CC(COC7=C(C=C(C=C7)C(C8=CC(O)=C(C=C8)OC)P9(C%10=C(C=CC=C%10)C%11=C(C=CC=C%11)O9)=O)OC)O)C(N(CC(COC%12=C(OC)C=CC(C(C%13=CC(O)=C(C=C%13)OC)P%14(C%15=C(C=CC=C%15)C%16=C(C=CC=C%16)O%14)=O)=C%12)O)C1=O)=O,COc1ccc(C(c2ccc(OCC(O)Cn3c(=O)n(CC(O)COc4cc(C(c5ccc(OC)c(O)c5)P5(=O)Oc6ccccc6-c6ccccc65)ccc4OC)c(=O)n(CC(O)COc4cc(C(c5ccc(O)c(OC)c5)P5(=O)Oc6ccccc6-c6ccccc65)ccc4OC)c3=O)c(OC)c2)P2(=O)Oc3ccccc3-c3ccccc32)cc1O,P-N,DOPO-based (reactive),https://doi.org/10.1016/j.cej.2021.131226,training_seed,P-N,3,review_manually,OH,DOPO-based (reactive),A,1720.6139999999994,O=c1n(CCCOc2ccc(C(c3ccccc3)P3(=O)Oc4ccccc4-c4ccccc43)cc2)c(=O)n(CCCOc2cccc(C(c3ccccc3)P3(=O)Oc4ccccc4-c4ccccc43)c2)c(=O)n1CCCOc1cccc(C(c2ccccc2)P2(=O)Oc3ccccc3-c3ccccc32)c1,5.400514002559553,2.442209583323164,0.0,0.0,0.0,True,False,"Existing training molecule; use as design reference, not as a new discovery.",True,True,True,True,training_reference,3,,,,,,,Training reference
LIB_0032,TRAIN_032,PBI,O=P(C1=C2C=CC=C1)(C(NC3=NC4=C(S3)C=CC=C4)C5=CNC=N5)OC6=C2C=CC=C6,O=P1(C(Nc2nc3ccccc3s2)c2c[nH]cn2)Oc2ccccc2-c2ccccc21,P-N-S,DOPO-based (Co-curing),https://doi.org/10.1016/j.polymdegradstab.2019.06.020,training_seed,P-N-S,1,review_manually,NH2/NH,DOPO-based (Co-curing),A,444.4560000000002,O=P1(C(Nc2nc3ccccc3s2)c2c[nH]cn2)Oc2ccccc2-c2ccccc21,6.96896880681102,12.605972244721633,7.21488741292726,0.0,0.0,True,False,"Existing training molecule; use as design reference, not as a new discovery.",True,True,True,True,training_reference,1,,,,,,,Training reference
LIB_0033,TRAIN_033,Trif-DOPO,O=P(C1=C2C=CC=C1)(C(O)C3=CC=C(OC4=NC(OC5=CC=C(C(P6(C7=C(C8=C(O6)C=CC=C8)C=CC=C7)=O)O)C=C5)=NC(OC9=CC=C(C(P%10(C%11=C(C%12=C(O%10)C=CC=C%12)C=CC=C%11)=O)O)C=C9)=N4)C=C3)OC%13=C2C=CC=C%13,O=P1(C(O)c2ccc(Oc3nc(Oc4ccc(C(O)P5(=O)Oc6ccccc6-c6ccccc65)cc4)nc(Oc4ccc(C(O)P5(=O)Oc6ccccc6-c6ccccc65)cc4)n3)cc2)Oc2ccccc2-c2ccccc21,P-N,DOPO-based (additive),https://doi.org/10.1002/app.39709,training_seed,P-N,3,review_manually,OH,DOPO-based (additive),A,1089.927,O=P1(Cc2ccc(Oc3nc(Oc4ccc(CP5(=O)Oc6ccccc6-c6ccccc65)cc4)nc(Oc4ccc(CP5(=O)Oc6ccccc6-c6ccccc65)cc4)n3)cc2)Oc2ccccc2-c2ccccc21,8.525525103974852,3.855395820087033,0.0,0.0,0.0,True,False,"Existing training molecule; use as design reference, not as a new discovery.",True,True,True,True,training_reference,3,,,,,,,Training reference
LIB_0034,TRAIN_034,DOPO,O=P(C1=CC=CC=C21)OC3=C2C=CC=C3,O=[PH]1Oc2ccccc2-c2ccccc21,P-only,DOPO-based (Co-curing),https://doi.org/10.1002/app.51688,training_seed,P-only,0,review_manually,none,DOPO-based (Co-curing),A,216.176,O=[PH]1Oc2ccccc2-c2ccccc21,14.328140034046331,0.0,0.0,0.0,0.0,True,False,"Existing training molecule; use as design reference, not as a new discovery.",True,True,True,True,training_reference,0,,,,,,,Training reference
LIB_0035,TRAIN_035,ITA-HBP,O=P1(C2=C(C=CC=C2)C3=C(C=CC=C3)O1)CC(CC(N(CC(C)O)CC(C)O)=O)C=O,CC(O)CN(CC(C)O)C(=O)CC(C=O)CP1(=O)Oc2ccccc2-c2ccccc21,P-N,DOPO-based (reactive),https://doi.org/10.1016/j.cej.2019.122719,training_seed,P-N,1,review_manually,OH,DOPO-based (reactive),A,445.45200000000017,O=[PH]1Oc2ccccc2-c2ccccc21,6.953386672413636,3.144446539694512,0.0,0.0,0.0,True,False,"Existing training molecule; use as design reference, not as a new discovery.",True,True,True,True,training_reference,1,,,,,,,Training reference
LIB_0036,TRAIN_036,DPT,CC1(CC(NC(P2(C3=C(C4=C(O2)C=CC=C4)C=CC=C3)=O)C5=CC=C(C(P6(C7=C(C8=C(O6)C=CC=C8)C=CC=C7)=O)NC9CC(C)(NC(C)(C9)C)C)C=C5)CC(C)(N1)C)C,CC1(C)CC(NC(c2ccc(C(NC3CC(C)(C)NC(C)(C)C3)P3(=O)Oc4ccccc4-c4ccccc43)cc2)P2(=O)Oc3ccccc3-c3ccccc32)CC(C)(C)N1,P-N,DOPO-based (Co-curing),http://dx.doi.org/10.1016/j.polymdegradstab.2017.10.015,training_seed,P-N,2,review_manually,NH2/NH,DOPO-based (Co-curing),A,843.0020000000001,O=P1(C(NC2CCNCC2)c2ccc(C(NC3CCNCC3)P3(=O)Oc4ccccc4-c4ccccc43)cc2)Oc2ccccc2-c2ccccc21,7.348499766311349,6.646247577111323,0.0,0.0,0.0,True,False,"Existing training molecule; use as design reference, not as a new discovery.",True,True,True,True,training_reference,2,,,,,,,Training reference
LIB_0037,TRAIN_037,DOPO-BAPh,CC(C1=CC=C(O)C(CN(C2=CC=CC(OC3=CC=C(C(C#N)=C3)C#N)=C2)CP4(C5=C(C6=C(O4)C=CC=C6)C=CC=C5)=O)=C1)(C7=CC(CN(C8=CC=CC(OC9=CC=C(C(C#N)=C9)C#N)=C8)CP%10(C%11=C(C%12=C(O%10)C=CC=C%12)C=CC=C%11)=O)=C(O)C=C7)C,CC(C)(c1ccc(O)c(CN(CP2(=O)Oc3ccccc3-c3ccccc32)c2cccc(Oc3ccc(C#N)c(C#N)c3)c2)c1)c1ccc(O)c(CN(CP2(=O)Oc3ccccc3-c3ccccc32)c2cccc(Oc3ccc(C#N)c(C#N)c3)c2)c1,P-N,DOPO-based (additive),https://doi.org/10.1016/j.polymdegradstab.2021.109544,training_seed,P-N,2,review_manually,OH,DOPO-based (additive),A,1179.1789999999996,O=P1(CN(Cc2cccc(Cc3cccc(CN(CP4(=O)Oc5ccccc5-c5ccccc54)c4cccc(Oc5ccccc5)c4)c3)c2)c2cccc(Oc3ccccc3)c2)Oc2ccccc2-c2ccccc21,5.253485687923549,7.127162203533139,0.0,0.0,0.0,True,False,"Existing training molecule; use as design reference, not as a new discovery.",True,True,True,True,training_reference,2,,,,,,,Training reference
LIB_0038,TRAIN_038,BPD,O=P(C1=C2C=CC=C1)(C(NC3=NC4=C(S3)C=CC=C4)C5=CC=C(C(P6(C7=C(C8=C(O6)C=CC=C8)C=CC=C7)=O)NC9=NC%10=C(S9)C=CC=C%10)C=C5)OC%11=C2C=CC=C%11,O=P1(C(Nc2nc3ccccc3s2)c2ccc(C(Nc3nc4ccccc4s3)P3(=O)Oc4ccccc4-c4ccccc43)cc2)Oc2ccccc2-c2ccccc21,P-N-S,DOPO-based (Co-curing),https://doi.org/10.1002/pat.4145,training_seed,P-N-S,2,review_manually,NH2/NH,DOPO-based (Co-curing),A,830.868,O=P1(C(Nc2nc3ccccc3s2)c2ccc(C(Nc3nc4ccccc4s3)P3(=O)Oc4ccccc4-c4ccccc43)cc2)Oc2ccccc2-c2ccccc21,7.455817289870352,6.743309406548333,7.718915640029462,0.0,0.0,True,False,"Existing training molecule; use as design reference, not as a new discovery.",True,True,True,True,training_reference,2,,,,,,,Training reference
LIB_0039,TRAIN_039,POBDBI,O=P(C(NC1=CC2=C(NC(N2)=O)C=C1)C3=CC=C(C(P4(C5=C(C6=C(O4)C=CC=C6)C=CC=C5)=O)NC7=CC=C8C(NC(N8)=O)=C7)C=C3)(C9=CC=CC=C%109)OC%11=C%10C=CC=C%11,O=c1[nH]c2ccc(NC(c3ccc(C(Nc4ccc5[nH]c(=O)[nH]c5c4)P4(=O)Oc5ccccc5-c5ccccc54)cc3)P3(=O)Oc4ccccc4-c4ccccc43)cc2[nH]1,P-N,DOPO-based (reactive),https://doi.org/10.1016/j.polymdegradstab.2020.109426,training_seed,P-N,2,review_manually,NH2/NH,DOPO-based (reactive),A,828.7620000000002,O=c1[nH]c2ccc(NC(c3ccc(C(Nc4ccc5[nH]c(=O)[nH]c5c4)P4(=O)Oc5ccccc5-c5ccccc54)cc3)P3(=O)Oc4ccccc4-c4ccccc43)cc2[nH]1,7.474763563001198,10.140667646441315,0.0,0.0,0.0,True,False,"Existing training molecule; use as design reference, not as a new discovery.",True,True,True,True,training_reference,2,,,,,,,Training reference
LIB_0040,TRAIN_040,PBO,O=P1(C(NC2=CC=C(NC(P3(C4=CC=CC=C4C5=CC=CC=C5O3)=O)C6=CNC7=CC=CC=C67)C=C2)C8=CNC9=CC=CC=C89)OC%10=CC=CC=C%10C%11=CC=CC=C%111,O=P1(C(Nc2ccc(NC(c3c[nH]c4ccccc34)P3(=O)Oc4ccccc4-c4ccccc43)cc2)c2c[nH]c3ccccc23)Oc2ccccc2-c2ccccc21,P-N,DOPO-based (reactive),https://doi.org/10.1002/pat.5804,training_seed,P-N,2,review_manually,NH2/NH,DOPO-based (reactive),A,794.7880000000001,O=P1(C(Nc2ccc(NC(c3c[nH]c4ccccc34)P3(=O)Oc4ccccc4-c4ccccc43)cc2)c2c[nH]c3ccccc23)Oc2ccccc2-c2ccccc21,7.794279732456956,7.049427017015858,0.0,0.0,0.0,True,False,"Existing training molecule; use as design reference, not as a new discovery.",True,True,True,True,training_reference,2,,,,,,,Training reference
LIB_0041,TRAIN_041,CTP-DOPO,OC(C=C1)=CC=C1NC(P2(C3=C(C4=CC=CC=C4O2)C=CC=C3)=O)C(C=C5)=CC=C5OP6(OC7=CC=C(C(P8(C9=C(C%10=CC=CC=C%10O8)C=CC=C9)=O)NC%11=CC=C(O)C=C%11)C=C7)=NP(OC%12=CC=C(C(P%13(C%14=C(C%15=CC=CC=C%15O%13)C=CC=C%14)=O)NC%16=CC=C(O)C=C%16)C=C%12)(OC%17=CC=C(C(P%18(C%19=C(C%20=CC=CC=C%20O%18)C=CC=C%19)=O)NC%21=CC=C(O)C=C%21)C=C%17)=NP(OC%22=CC=C(C(P%23(C%24=C(C%25=CC=CC=C%25O%23)C=CC=C%24)=O)NC%26=CC=C(O)C=C%26)C=C%22)(OC%27=CC=C(C(P%28(C%29=C(C%30=CC=CC=C%30O%28)C=CC=C%29)=O)NC%31=CC=C(O)C=C%31)C=C%27)=N6,O=P1(C(Nc2ccc(O)cc2)c2ccc(OP3(Oc4ccc(C(Nc5ccc(O)cc5)P5(=O)Oc6ccccc6-c6ccccc65)cc4)=NP(Oc4ccc(C(Nc5ccc(O)cc5)P5(=O)Oc6ccccc6-c6ccccc65)cc4)(Oc4ccc(C(Nc5ccc(O)cc5)P5(=O)Oc6ccccc6-c6ccccc65)cc4)=NP(Oc4ccc(C(Nc5ccc(O)cc5)P5(=O)Oc6ccccc6-c6ccccc65)cc4)(Oc4ccc(C(Nc5ccc(O)cc5)P5(=O)Oc6ccccc6-c6ccccc65)cc4)=N3)cc2)Oc2ccccc2-c2ccccc21,P-N,DOPO-based (additive),https://doi.org/10.1016/j.polymdegradstab.2015.11.018,training_seed,P-N,6,review_manually,NH2/NH;OH,DOPO-based (additive),A,2705.3669999999925,O=P1(C(Nc2ccccc2)c2ccc(OP3(Oc4ccc(C(Nc5ccccc5)P5(=O)Oc6ccccc6-c6ccccc65)cc4)=NP(Oc4ccc(C(Nc5ccccc5)P5(=O)Oc6ccccc6-c6ccccc65)cc4)(Oc4ccc(C(Nc5ccccc5)P5(=O)Oc6ccccc6-c6ccccc65)cc4)=NP(Oc4ccc(C(Nc5ccccc5)P5(=O)Oc6ccccc6-c6ccccc65)cc4)(Oc4ccc(C(Nc5ccccc5)P5(=O)Oc6ccccc6-c6ccccc65)cc4)=N3)cc2)Oc2ccccc2-c2ccccc21,10.304184238219834,4.659737477392175,0.0,0.0,0.0,True,False,"Existing training molecule; use as design reference, not as a new discovery.",True,True,True,True,training_reference,6,,,,,,,Training reference
LIB_0042,TRAIN_042,DMBT,O=P(C1=C2C=CC=C1)(SC3=NC4=C(S3)C=CC=C4)OC5=C2C=CC=C5,O=P1(Sc2nc3ccccc3s2)Oc2ccccc2-c2ccccc21,P-N-S,DOPO-based (additive),https://doi.org/10.1016/j.compositesb.2019.03.052,training_seed,P-N-S,1,review_manually,none,DOPO-based (additive),A,381.4180000000001,O=P1(Sc2nc3ccccc3s2)Oc2ccccc2-c2ccccc21,8.120749414028701,3.67234897146962,16.81462332663901,0.0,0.0,True,False,"Existing training molecule; use as design reference, not as a new discovery.",True,True,True,True,training_reference,1,,,,,,,Training reference
LIB_0043,TRAIN_043,VFD,COC1=CC(C(P2(C3=C(C4=C(O2)C=CC=C4)C=CC=C3)=O)NCC5=CC=CO5)=CC=C1O,COc1cc(C(NCc2ccco2)P2(=O)Oc3ccccc3-c3ccccc32)ccc1O,P-N,DOPO-based (Co-curing),https://doi.org/10.1016/j.polymdegradstab.2021.109548,training_seed,P-N,1,review_manually,NH2/NH;OH,DOPO-based (Co-curing),A,447.4270000000001,O=P1(C(NCc2ccco2)c2ccccc2)Oc2ccccc2-c2ccccc21,6.922693534364263,3.1305665505210896,0.0,0.0,0.0,True,False,"Existing training molecule; use as design reference, not as a new discovery.",True,True,True,True,training_reference,1,,,,,,,Training reference
LIB_0044,TRAIN_044,VAD,COC1=C(O)C=CC(C(P2(C3=C(C4=C(O2)C=CC=C4)C=CC=C3)=O)NC5=NC=CC=N5)=C1,COc1cc(C(Nc2ncccn2)P2(=O)Oc3ccccc3-c3ccccc32)ccc1O,P-N,DOPO-based (Co-curing),https://doi.org/10.1002/pat.5875,training_seed,P-N,1,review_manually,NH2/NH;OH,DOPO-based (Co-curing),A,445.4150000000001,O=P1(C(Nc2ncccn2)c2ccccc2)Oc2ccccc2-c2ccccc21,6.953964280502451,9.434123233389084,0.0,0.0,0.0,True,False,"Existing training molecule; use as design reference, not as a new discovery.",True,True,True,True,training_reference,1,,,,,,,Training reference
LIB_0045,TRAIN_045,DHBAZ,O=P(C1=C2C=CC=C1)(C(NC3=NC=CS3)C4=CC=C(O)C=C4)OC5=C2C=CC=C5,O=P1(C(Nc2nccs2)c2ccc(O)cc2)Oc2ccccc2-c2ccccc21,P-N-S,DOPO-based (Co-curing),http://dx.doi.org/10.1016/j.jaap.2017.07.014,training_seed,P-N-S,1,review_manually,NH2/NH;OH,DOPO-based (Co-curing),A,420.4300000000001,O=P1(C(Nc2nccs2)c2ccccc2)Oc2ccccc2-c2ccccc21,7.367219275503649,6.663178174725874,7.627191209000307,0.0,0.0,True,False,"Existing training molecule; use as design reference, not as a new discovery.",True,True,True,True,training_reference,1,,,,,,,Training reference
LIB_0046,TRAIN_046,D-AZ,O=P(C1=C2C=CC=C1)(NC3=NC=CS3)OC4=C2C=CC=C4,O=P1(Nc2nccs2)Oc2ccccc2-c2ccccc21,P-N-S,DOPO-based (additive),https://doi.org/10.1007/s10853-017-1102-x,training_seed,P-N-S,1,review_manually,none,DOPO-based (additive),A,314.30600000000004,O=P1(Nc2nccs2)Oc2ccccc2-c2ccccc21,9.85472755849395,8.912970162834943,10.202477840066685,0.0,0.0,True,False,"Existing training molecule; use as design reference, not as a new discovery.",True,True,True,True,training_reference,1,,,,,,,Training reference
LIB_0047,TRAIN_047,DOPO-ABZ,O=P(C1=C2C=CC=C1)(NC3=NC4=C(S3)C=CC=C4)OC5=C2C=CC=C5,O=P1(Nc2nc3ccccc3s2)Oc2ccccc2-c2ccccc21,P-N-S,DOPO-based (additive),https://doi.org/10.1021/acs.iecr.6b03416,training_seed,P-N-S,1,review_manually,none,DOPO-based (additive),A,364.3660000000001,O=P1(Nc2nc3ccccc3s2)Oc2ccccc2-c2ccccc21,8.500793158527413,7.688423178891552,8.800766262494303,0.0,0.0,True,False,"Existing training molecule; use as design reference, not as a new discovery.",True,True,True,True,training_reference,1,,,,,,,Training reference
LIB_0048,TRAIN_048,TGIC-DOPO,O=P(CC(O)CN(C(N(C1=O)CC(O)CP(OC2=C3C=CC=C2)(C4=C3C=CC=C4)=O)=O)C(N1CC(O)CP(OC5=C6C=CC=C5)(C7=C6C=CC=C7)=O)=O)(C8=C9C=CC=C8)OC%10=C9C=CC=C%10,O=c1n(CC(O)CP2(=O)Oc3ccccc3-c3ccccc32)c(=O)n(CC(O)CP2(=O)Oc3ccccc3-c3ccccc32)c(=O)n1CC(O)CP1(=O)Oc2ccccc2-c2ccccc21,P-N,DOPO-based (additive),https://doi.org/10.1016/j.polymdegradstab.2014.05.007,training_seed,P-N,3,review_manually,OH,DOPO-based (additive),A,945.795,O=c1n(CCCP2(=O)Oc3ccccc3-c3ccccc32)c(=O)n(CCCP2(=O)Oc3ccccc3-c3ccccc32)c(=O)n1CCCP1(=O)Oc2ccccc2-c2ccccc21,9.824750606632511,4.442928964521911,0.0,0.0,0.0,True,False,"Existing training molecule; use as design reference, not as a new discovery.",True,True,True,True,training_reference,3,,,,,,,Training reference
LIB_0049,TRAIN_049,DOPO-PHE,O=P(C1=CC=CC=C21)(C(C3=CC=C(O)C=C3)C4=CC=C(O)C=C4)OC5=C2C=CC=C5,O=P1(C(c2ccc(O)cc2)c2ccc(O)cc2)Oc2ccccc2-c2ccccc21,P-only,DOPO-based (Co-curing),https://doi.org/10.1016/j.polymdegradstab.2018.08.007,training_seed,P-only,1,review_manually,OH,DOPO-based (Co-curing),A,414.39700000000016,O=P1(C(c2ccccc2)c2ccccc2)Oc2ccccc2-c2ccccc21,7.474474960002121,0.0,0.0,0.0,0.0,True,False,"Existing training molecule; use as design reference, not as a new discovery.",True,True,True,True,training_reference,1,,,,,,,Training reference
LIB_0050,TRAIN_050,TAD,O=P(CCCN1C(N(C(N(C1=O)CCCP2(C3=C(C4=C(O2)C=CC=C4)C=CC=C3)=O)=O)CCCP5(C6=C(C7=C(O5)C=CC=C7)C=CC=C6)=O)=O)(C8=C9C=CC=C8)OC%10=C9C=CC=C%10,O=c1n(CCCP2(=O)Oc3ccccc3-c3ccccc32)c(=O)n(CCCP2(=O)Oc3ccccc3-c3ccccc32)c(=O)n1CCCP1(=O)Oc2ccccc2-c2ccccc21,P-N,DOPO-based (reactive),http://dx.doi.org/10.1016/j.polymdegradstab.2016.09.014,training_seed,P-N,3,review_manually,none,DOPO-based (reactive),A,897.798,O=c1n(CCCP2(=O)Oc3ccccc3-c3ccccc32)c(=O)n(CCCP2(=O)Oc3ccccc3-c3ccccc32)c(=O)n1CCCP1(=O)Oc2ccccc2-c2ccccc21,10.349989641322434,4.680451504681455,0.0,0.0,0.0,True,False,"Existing training molecule; use as design reference, not as a new discovery.",True,True,True,True,training_reference,3,,,,,,,Training reference
LIB_0051,TRAIN_051,BMP,O=P(C1=C2C=CC=C1)(C3CC(N(C3=O)C4=CC=C(CC5=CC=C(N6C(CC(P7(C8=C(C9=C(O7)C=CC=C9)C=CC=C8)=O)C6=O)=O)C=C5)C=C4)=O)OC%10=C2C=CC=C%10,O=C1CC(P2(=O)Oc3ccccc3-c3ccccc32)C(=O)N1c1ccc(Cc2ccc(N3C(=O)CC(P4(=O)Oc5ccccc5-c5ccccc54)C3=O)cc2)cc1,P-N,DOPO-based (additive),https://doi.org/10.1016/j.compositesb.2021.109553,training_seed,P-N,2,review_manually,none,DOPO-based (additive),A,790.7050000000004,O=C1CC(P2(=O)Oc3ccccc3-c3ccccc32)C(=O)N1c1ccc(Cc2ccc(N3C(=O)CC(P4(=O)Oc5ccccc5-c5ccccc54)C3=O)cc2)cc1,7.834527415407765,3.5429142347651763,0.0,0.0,0.0,True,False,"Existing training molecule; use as design reference, not as a new discovery.",True,True,True,True,training_reference,2,,,,,,,Training reference
LIB_0052,TRAIN_052,TBO,O=P(C(NC1=NC(NC(P2(C3=C(C4=C(O2)C=CC=C4)C=CC=C3)=O)C5=C(O)C=CC=C5)=NN1)C6=C(O)C=CC=C6)(C7=C8C=CC=C7)OC9=C8C=CC=C9,O=P1(C(Nc2n[nH]c(NC(c3ccccc3O)P3(=O)Oc4ccccc4-c4ccccc43)n2)c2ccccc2O)Oc2ccccc2-c2ccccc21,P-N,DOPO-based (reactive),https://doi.org/10.1016/j.polymdegradstab.2022.109909,training_seed,P-N,2,review_manually,NH2/NH;OH,DOPO-based (reactive),A,739.6650000000003,O=P1(C(Nc2n[nH]c(NC(c3ccccc3)P3(=O)Oc4ccccc4-c4ccccc43)n2)c2ccccc2)Oc2ccccc2-c2ccccc21,8.375142801132942,9.46847559368092,0.0,0.0,0.0,True,False,"Existing training molecule; use as design reference, not as a new discovery.",True,True,True,True,training_reference,2,,,,,,,Training reference
LIB_0053,TRAIN_053,FPD,O=P1(C2=C(C3=C(O1)C=CC=C3)C=CC=C2)C(NC4=CC=CO4)CC5=CC=CC=C5,O=P1(C(Cc2ccccc2)Nc2ccco2)Oc2ccccc2-c2ccccc21,P-N,DOPO-based (Co-curing),https://doi.org/10.1007/s11595-025-3132-6,training_seed,P-N,1,review_manually,NH2/NH,DOPO-based (Co-curing),A,401.40200000000016,O=P1(C(Cc2ccccc2)Nc2ccco2)Oc2ccccc2-c2ccccc21,7.716453829328202,3.48951923508104,0.0,0.0,0.0,True,False,"Existing training molecule; use as design reference, not as a new discovery.",True,True,True,True,training_reference,1,,,,,,,Training reference
LIB_0054,TRAIN_054,DOPO-VTS,CO[Si](OC)(OC)CCP1(C2=C(C3=C(O1)C=CC=C3)C=CC=C2)=O,CO[Si](CCP1(=O)Oc2ccccc2-c2ccccc21)(OC)OC,P-N-Si,DOPO-based (additive),http://dx.doi.org/10.1016/j.matchemphys.2013.11.029,training_seed,P-Si,1,review_manually,none,DOPO-based (additive),A,364.41000000000014,O=[PH]1Oc2ccccc2-c2ccccc21,8.499766746247357,0.0,0.0,0.0,7.707252819626242,True,False,"Existing training molecule; use as design reference, not as a new discovery.",True,True,True,True,training_reference,1,,,,,,,Training reference
LIB_0055,TRAIN_055,PAD,O=P1(C(NC2=NC3=C(S2)C=CC=C3)C4=CC=C(OP(C5=CC=CC=C5)(OC6=CC=C(C(P7(C8=C(C9=C(O7)C=CC=C9)C=CC=C8)=O)NC%10=NC%11=C(S%10)C=CC=C%11)C=C6)=O)C=C4)C(C=CC=C%12)=C%12C%13=CC=CC=C%13O1,O=P(Oc1ccc(C(Nc2nc3ccccc3s2)P2(=O)Oc3ccccc3-c3ccccc32)cc1)(Oc1ccc(C(Nc2nc3ccccc3s2)P2(=O)Oc3ccccc3-c3ccccc32)cc1)c1ccccc1,P-N-S,DOPO-based (Co-curing),https://doi.org/10.1016/j.firesaf.2020.102994,training_seed,P-N-S,2,review_manually,NH2/NH,DOPO-based (Co-curing),A,1063.043,O=P(Oc1ccc(C(Nc2nc3ccccc3s2)P2(=O)Oc3ccccc3-c3ccccc32)cc1)(Oc1ccc(C(Nc2nc3ccccc3s2)P2(=O)Oc3ccccc3-c3ccccc32)cc1)c1ccccc1,8.741132766971795,5.2705299785615445,6.0330579289831165,0.0,0.0,True,False,"Existing training molecule; use as design reference, not as a new discovery.",True,True,True,True,training_reference,2,,,,,,,Training reference
LIB_0056,TRAIN_056,DIB,O=P(C1=C2C=CC=C1)(C(NC3=CC=C(NC(P4(C5=C(C6=C(O4)C=CC=C6)C=CC=C5)=O)C7=CNC=N7)C=C3)C8=CNC=N8)OC9=C2C=CC=C9,O=P1(C(Nc2ccc(NC(c3c[nH]cn3)P3(=O)Oc4ccccc4-c4ccccc43)cc2)c2c[nH]cn2)Oc2ccccc2-c2ccccc21,P-N,DOPO-based (Co-curing),https://doi.org/10.1016/j.polymdegradstab.2018.11.021,training_seed,P-N,2,review_manually,NH2/NH,DOPO-based (Co-curing),A,696.6440000000001,O=P1(C(Nc2ccc(NC(c3c[nH]cn3)P3(=O)Oc4ccccc4-c4ccccc43)cc2)c2c[nH]cn2)Oc2ccccc2-c2ccccc21,8.892346736640233,12.063837483707603,0.0,0.0,0.0,True,False,"Existing training molecule; use as design reference, not as a new discovery.",True,True,True,True,training_reference,2,,,,,,,Training reference
LIB_0057,TRAIN_057,DOPO-M,O=P(CCCC1=CC=C(O)C(C2=CC(CCCP3(C4=C(C5=C(O3)C=CC=C5)C=CC=C4)=O)=CC=C2O)=C1)(C6=C7C=CC=C6)OC8=C7C=CC=C8,O=P1(CCCc2ccc(O)c(-c3cc(CCCP4(=O)Oc5ccccc5-c5ccccc54)ccc3O)c2)Oc2ccccc2-c2ccccc21,P-only,DOPO-based (Co-curing),https://doi.org/10.1016/j.eurpolymj.2022.111488,training_seed,P-only,2,review_manually,OH,DOPO-based (Co-curing),A,698.6920000000001,O=P1(CCCc2cccc(-c3cccc(CCCP4(=O)Oc5ccccc5-c5ccccc54)c3)c2)Oc2ccccc2-c2ccccc21,8.866281566126418,0.0,0.0,0.0,0.0,True,False,"Existing training molecule; use as design reference, not as a new discovery.",True,True,True,True,training_reference,2,,,,,,,Training reference
LIB_0058,TRAIN_058,TD-DOPO,O=P(C(C1=CC=C(C(P2(C3=C(C4=C(O2)C=CC=C4)C=CC=C3)=O)NCCC5=CC=C(O)C=C5)C=C1)NCCC6=CC=C(O)C=C6)(C7=C8C=CC=C7)OC9=C8C=CC=C9,O=P1(C(NCCc2ccc(O)cc2)c2ccc(C(NCCc3ccc(O)cc3)P3(=O)Oc4ccccc4-c4ccccc43)cc2)Oc2ccccc2-c2ccccc21,P-N,DOPO-based (reactive),https://doi.org/10.1016/j.polymer.2025.128827,training_seed,P-N,2,review_manually,NH2/NH;OH,DOPO-based (reactive),A,804.8200000000002,O=P1(C(NCCc2ccccc2)c2ccc(C(NCCc3ccccc3)P3(=O)Oc4ccccc4-c4ccccc43)cc2)Oc2ccccc2-c2ccccc21,7.697124822941775,3.480778310678164,0.0,0.0,0.0,True,False,"Existing training molecule; use as design reference, not as a new discovery.",True,True,True,True,training_reference,2,,,,,,,Training reference
LIB_0059,TRAIN_059,DPSi-ED,COC1=CC(CCCP2(C3=C(C4=C(O2)C=CC=C4)C=CC=C3)=O)=CC=C1O[Si](C5=CC=CC=C5)(OC6=C(OC)C=C(C=C6)CCCP7(C8=C(C9=C(O7)C=CC=C9)C=CC=C8)=O)C%10=CC=CC=C%10,COc1cc(CCCP2(=O)Oc3ccccc3-c3ccccc32)ccc1O[Si](Oc1ccc(CCCP2(=O)Oc3ccccc3-c3ccccc32)cc1OC)(c1ccccc1)c1ccccc1,P-Si,DOPO-based (reactive),https://doi.org/10.1002/app.54474,training_seed,P-Si,2,review_manually,none,DOPO-based (reactive),A,941.0420000000004,O=P1(CCCc2ccc(O[Si](Oc3ccc(CCCP4(=O)Oc5ccccc5-c5ccccc54)cc3)(c3ccccc3)c3ccccc3)cc2)Oc2ccccc2-c2ccccc21,6.582915534056927,0.0,0.0,0.0,2.984563919570008,True,False,"Existing training molecule; use as design reference, not as a new discovery.",True,True,True,True,training_reference,2,,,,,,,Training reference
LIB_0060,TRAIN_060,DABP-2DOPO,O=P(CCCC1=C(O)C=CC(C2=CC=C(O)C(CCCP3(C4=C(C5=C(O3)C=CC=C5)C=CC=C4)=O)=C2)=C1)(C6=C7C=CC=C6)OC8=C7C=CC=C8,O=P1(CCCc2cc(-c3ccc(O)c(CCCP4(=O)Oc5ccccc5-c5ccccc54)c3)ccc2O)Oc2ccccc2-c2ccccc21,P-only,DOPO-based (reactive),https://doi.org/10.1016/j.eurpolymj.2021.110319,training_seed,P-only,2,review_manually,OH,DOPO-based (reactive),A,698.6920000000001,O=P1(CCCc2cccc(-c3cccc(CCCP4(=O)Oc5ccccc5-c5ccccc54)c3)c2)Oc2ccccc2-c2ccccc21,8.866281566126418,0.0,0.0,0.0,0.0,True,False,"Existing training molecule; use as design reference, not as a new discovery.",True,True,True,True,training_reference,2,,,,,,,Training reference
LIB_0061,TRAIN_061,PTDOB,O=P(O1)(NCCC[Si](OB(O)C2=CC=CC=C2)(OB(O)C3=CC=CC=C3)OB(C4=CC=CC=C4)O)C5=C(C=CC=C5)C6=C1C=CC=C6,O=P1(NCCC[Si](OB(O)c2ccccc2)(OB(O)c2ccccc2)OB(O)c2ccccc2)Oc2ccccc2-c2ccccc21,P-N-Si-B,DOPO-based (additive),https://doi.org/10.1007/s10853-020-05691-3,training_seed,P-N-Si-B,1,review_manually,OH,DOPO-based (additive),A,663.1220000000002,O=P1(NCCC[Si](OBc2ccccc2)(OBc2ccccc2)OBc2ccccc2)Oc2ccccc2-c2ccccc21,4.670935363326808,2.11228099806672,0.0,4.891407614285153,4.235419726686793,True,False,"Existing training molecule; use as design reference, not as a new discovery.",True,True,True,True,training_reference,1,,,,,,,Training reference
LIB_0062,TRAIN_062,D-P-A,O=P(C1=CC=CC=C21)(C(NC3=NC4=C(S3)C=CC=C4)C5=CC=C(O)C=C5)OC6=C2C=CC=C6,O=P1(C(Nc2nc3ccccc3s2)c2ccc(O)cc2)Oc2ccccc2-c2ccccc21,P-N-S,DOPO-based (additive),https://doi.org/10.1016/j.polymdegradstab.2018.01.026,training_seed,P-N-S,1,review_manually,NH2/NH;OH,DOPO-based (additive),A,470.4900000000002,O=P1(C(Nc2nc3ccccc3s2)c2ccccc2)Oc2ccccc2-c2ccccc21,6.5833492741609785,5.954217942995598,6.815660269081167,0.0,0.0,True,False,"Existing training molecule; use as design reference, not as a new discovery.",True,True,True,True,training_reference,1,,,,,,,Training reference
LIB_0063,TRAIN_063,DOPO-DDE,O=P(C(C1=CC=C(O)C=C1)NC2=CC=C(OC3=CC=C(NC(C4=CC=C(O)C=C4)P5(C6=C(C7=C(O5)C=CC=C7)C=CC=C6)=O)C=C3)C=C2)(C8=C9C=CC=C8)OC%10=C9C=CC=C%10,O=P1(C(Nc2ccc(Oc3ccc(NC(c4ccc(O)cc4)P4(=O)Oc5ccccc5-c5ccccc54)cc3)cc2)c2ccc(O)cc2)Oc2ccccc2-c2ccccc21,P-N,DOPO-based (Co-curing),https://doi.org/10.1007/s10973-016-5604-6,training_seed,P-N,2,review_manually,NH2/NH;OH,DOPO-based (Co-curing),A,840.8090000000002,O=P1(C(Nc2ccc(Oc3ccc(NC(c4ccccc4)P4(=O)Oc5ccccc5-c5ccccc54)cc3)cc2)c2ccccc2)Oc2ccccc2-c2ccccc21,7.36766614058603,3.331791167791971,0.0,0.0,0.0,True,False,"Existing training molecule; use as design reference, not as a new discovery.",True,True,True,True,training_reference,2,,,,,,,Training reference
LIB_0064,TRAIN_064,DOPO-DDS,O=P(C(C1=CC=C(O)C=C1)NC2=CC=C(S(C3=CC=C(NC(C4=CC=C(O)C=C4)P5(C6=C(C7=C(O5)C=CC=C7)C=CC=C6)=O)C=C3)(=O)=O)C=C2)(C8=C9C=CC=C8)OC%10=C9C=CC=C%10,O=P1(C(Nc2ccc(S(=O)(=O)c3ccc(NC(c4ccc(O)cc4)P4(=O)Oc5ccccc5-c5ccccc54)cc3)cc2)c2ccc(O)cc2)Oc2ccccc2-c2ccccc21,P-N-S,DOPO-based (Co-curing),https://doi.org/10.1007/s10973-016-5604-6,training_seed,P-N-S,2,review_manually,NH2/NH;OH,DOPO-based (Co-curing),A,888.8750000000001,O=P1(C(Nc2ccc(S(=O)(=O)c3ccc(NC(c4ccccc4)P4(=O)Oc5ccccc5-c5ccccc54)cc3)cc2)c2ccccc2)Oc2ccccc2-c2ccccc21,6.9692588946702285,3.151624244128814,3.607593868654197,0.0,0.0,True,False,"Existing training molecule; use as design reference, not as a new discovery.",True,True,True,True,training_reference,2,,,,,,,Training reference
LIB_0065,TRAIN_065,DDM-SH-DOPO,COC1=CC(C(P2(C3=C(C4=C(O2)C=CC=C4)C=CC=C3)=O)NC5=CC=C(CC6=CC=C(NC(P7(C8=C(C9=C(O7)C=CC=C9)C=CC=C8)=O)C%10=CC(OC)=C(O)C(OC)=C%10)C=C6)C=C5)=CC(OC)=C1O,COc1cc(C(Nc2ccc(Cc3ccc(NC(c4cc(OC)c(O)c(OC)c4)P4(=O)Oc5ccccc5-c5ccccc54)cc3)cc2)P2(=O)Oc3ccccc3-c3ccccc32)cc(OC)c1O,P-N,DOPO-based (Co-curing),https://doi.org/10.1002/app.55978,training_seed,P-N,2,review_manually,NH2/NH;OH,DOPO-based (Co-curing),A,958.9410000000004,O=P1(C(Nc2ccc(Cc3ccc(NC(c4ccccc4)P4(=O)Oc5ccccc5-c5ccccc54)cc3)cc2)c2ccccc2)Oc2ccccc2-c2ccccc21,6.460042901492374,2.921347611584028,0.0,0.0,0.0,True,False,"Existing training molecule; use as design reference, not as a new discovery.",True,True,True,True,training_reference,2,,,,,,,Training reference
LIB_0066,TRAIN_066,PABCA,N#CC(C=C1)=CC=C1NC(P2(C3=C(C4=C(O2)C=CC=C4)C=CC=C3)=O)/C=C/C5=CC=CC=C5,N#Cc1ccc(NC(/C=C/c2ccccc2)P2(=O)Oc3ccccc3-c3ccccc32)cc1,P-N,DOPO-based (reactive),https://doi.org/10.1016/j.jiec.2024.04.047,training_seed,P-N,1,review_manually,NH2/NH;allyl/vinyl,DOPO-based (reactive),A,448.46200000000016,O=P1(C(/C=C/c2ccccc2)Nc2ccccc2)Oc2ccccc2-c2ccccc21,6.906716734082261,6.246683108044826,0.0,0.0,0.0,True,False,"Existing training molecule; use as design reference, not as a new discovery.",True,True,True,True,training_reference,1,,,,,,,Training reference
LIB_0067,TRAIN_067,PPABCA,N#CC(C=C1)=CC=C1NC(P2(OC(C=CC=C3)=C3C4=C2C=CC=C4)=O)CC(P5(OC(C=CC=C6)=C6C7=C5C=CC=C7)=O)C8=CC=CC=C8,N#Cc1ccc(NC(CC(c2ccccc2)P2(=O)Oc3ccccc3-c3ccccc32)P2(=O)Oc3ccccc3-c3ccccc32)cc1,P-N,DOPO-based (reactive),https://doi.org/10.1016/j.jiec.2024.04.047,training_seed,P-N,2,review_manually,NH2/NH,DOPO-based (reactive),A,664.6380000000001,O=P1(C(CC(c2ccccc2)P2(=O)Oc3ccccc3-c3ccccc32)Nc2ccccc2)Oc2ccccc2-c2ccccc21,9.32056247160108,4.214926019878489,0.0,0.0,0.0,True,False,"Existing training molecule; use as design reference, not as a new discovery.",True,True,True,True,training_reference,2,,,,,,,Training reference
LIB_0068,TRAIN_068,DOPO-PHBA,O=P(C(O)C1=CC=C(O)C=C1)(OC2=CC=CC=C32)C4=C3C=CC=C4,O=P1(C(O)c2ccc(O)cc2)Oc2ccccc2-c2ccccc21,P-only,DOPO-based (additive),https://doi.org/10.1002/app.55169,training_seed,P-only,1,review_manually,OH,DOPO-based (additive),A,338.2990000000001,O=P1(Cc2ccccc2)Oc2ccccc2-c2ccccc21,9.155805958634224,0.0,0.0,0.0,0.0,True,False,"Existing training molecule; use as design reference, not as a new discovery.",True,True,True,True,training_reference,1,,,,,,,Training reference
LIB_0069,TRAIN_069,DOPO-Si,O=P(CC(O)C(CCC[Si](OCC)(OCC)OCC)O)(OC1=CC=CC=C21)C3=C2C=CC=C3,CCO[Si](CCCC(O)C(O)CP1(=O)Oc2ccccc2-c2ccccc21)(OCC)OCC,P-Si,DOPO-based (Additive + Secondary Crosslinking),https://kns.cnki.net/kcms2/article/abstract?v=Jz5IuRg0t01MWIuQSU_6UqHE0FSoQNbQTfAfb50G2a6hApehwI6TVt5XJu7u4Kym_YDWyA3hzm3XoGhzuSBzjto2ZkqEfC-TMWij5zqaEgCDMUOJ_b0PMaXQjpXjB_iOYfZwcKthj1azUz7FgaEQQMvnixGtFkUFavHfQdxDHOc=&uniplatform=NZKPT,training_seed,P-Si,1,review_manually,OH,DOPO-based (reactive),A,494.59700000000026,O=[PH]1Oc2ccccc2-c2ccccc21,6.262472275408056,0.0,0.0,0.0,5.678562546881599,True,False,"Existing training molecule; use as design reference, not as a new discovery.",True,True,True,True,training_reference,1,,,,,,,Training reference
LIB_0070,TRAIN_070,PCANT,O=P1(C2=C(C3=C(O1)C=CC=C3)C=CC=C2)C(NC4=CC=C([N+]([O-])=O)C=C4)/C=C/C5=CC=CC=C5,O=[N+]([O-])c1ccc(NC(/C=C/c2ccccc2)P2(=O)Oc3ccccc3-c3ccccc32)cc1,P-N,DOPO-based (reactive),https://doi.org/10.1016/j.colsurfa.2023.132815,training_seed,P-N,1,review_manually,NH2/NH;allyl/vinyl,DOPO-based (reactive),A,468.4490000000002,O=P1(C(/C=C/c2ccccc2)Nc2ccccc2)Oc2ccccc2-c2ccccc21,6.612032473118735,5.980160060113264,0.0,0.0,0.0,True,False,"Existing training molecule; use as design reference, not as a new discovery.",True,True,True,True,training_reference,1,,,,,,,Training reference
LIB_0071,TRAIN_071,DHBAP,O=P(C1=C2C=CC=C1)(C(NC3=NC=CN=C3)C4=C(O)C=CC=C4)OC5=C2C=CC=C5,O=P1(C(Nc2cnccn2)c2ccccc2O)Oc2ccccc2-c2ccccc21,P-N,DOPO-based (additive),https://doi.org/10.1002/pat.4674,training_seed,P-N,1,review_manually,NH2/NH;OH,DOPO-based (additive),A,415.3890000000002,O=P1(C(Nc2cnccn2)c2ccccc2)Oc2ccccc2-c2ccccc21,7.456624994884311,10.116059886034533,0.0,0.0,0.0,True,False,"Existing training molecule; use as design reference, not as a new discovery.",True,True,True,True,training_reference,1,,,,,,,Training reference
LIB_0072,TRAIN_072,PDAP,O=P(C1=C2C=CC=C1)(C(C3=CC=C(C=O)C=C3)NC4=CC=C(NC(C5=CC=C(C(NC6=CC=C(N)C=C6)P7(C8=C(C9=C(O7)C=CC=C9)C=CC=C8)=O)C=C5)P%10(C%11=C(C%12=C(O%10)C=CC=C%12)C=CC=C%11)=O)C=C4)OC%13=C2C=CC=C%13,Nc1ccc(NC(c2ccc(C(Nc3ccc(NC(c4ccc(C=O)cc4)P4(=O)Oc5ccccc5-c5ccccc54)cc3)P3(=O)Oc4ccccc4-c4ccccc43)cc2)P2(=O)Oc3ccccc3-c3ccccc32)cc1,P-N,DOPO-based (Co-curing),https://doi.org/10.1016/j.polymdegradstab.2016.04.005,training_seed,P-N,3,review_manually,NH2/NH,DOPO-based (Co-curing),A,1079.0390000000004,O=P1(C(Nc2ccc(NC(c3ccc(C(Nc4ccccc4)P4(=O)Oc5ccccc5-c5ccccc54)cc3)P3(=O)Oc4ccccc4-c4ccccc43)cc2)c2ccccc2)Oc2ccccc2-c2ccccc21,8.611551575058913,5.192398050487515,0.0,0.0,0.0,True,False,"Existing training molecule; use as design reference, not as a new discovery.",True,True,True,True,training_reference,3,,,,,,,Training reference
LIB_0073,TRAIN_073,MDOP,O=P(C1=C2C=CC=C1)([O-])OC3=C2C=CC=C3.NC4=NC(N)=NC([NH3+])=N4,Nc1nc(N)nc([NH3+])n1.O=P1([O-])Oc2ccccc2-c2ccccc21,P-N,DOPO-based (additive),https://doi.org/10.1016/j.jaap.2017.10.025,training_seed,P-N,1,review_manually,NH2/NH,DOPO-based (additive),A,358.2980000000001,O=[PH]1Oc2ccccc2-c2ccccc21.c1ncncn1,8.644759390228243,23.45589425561962,0.0,0.0,0.0,True,False,"Existing training molecule; use as design reference, not as a new discovery.",True,True,True,True,training_reference,1,,,,,,,Training reference
LIB_0074,TRAIN_074,PMSBA,C[Si](NC1=NC2=C(S1)C=CC=C2)(NC3=NC4=C(S3)C=CC=C4)CCP5(C6=C(C7=C(O5)C=CC=C7)C=CC=C6)=O,C[Si](CCP1(=O)Oc2ccccc2-c2ccccc21)(Nc1nc2ccccc2s1)Nc1nc2ccccc2s1,P-N-Si-S,DOPO-based (reactive),https://doi.org/10.1002/pat.4758,training_seed,P-N-Si-S,1,review_manually,NH2/NH,DOPO-based (reactive),A,584.7390000000001,O=P1(CC[SiH](Nc2nc3ccccc3s2)Nc2nc3ccccc3s2)Oc2ccccc2-c2ccccc21,5.297064160249272,9.581710814568549,10.96797032522202,0.0,4.803168593167206,True,False,"Existing training molecule; use as design reference, not as a new discovery.",True,True,True,True,training_reference,1,,,,,,,Training reference
LIB_0075,TRAIN_075,DOPO-PEPA,O=P(C1=C2C=CC=C1)(OCC34COP(OC3)(OC4)=O)OC5=C2C=CC=C5,O=P12OCC(COP3(=O)Oc4ccccc4-c4ccccc43)(CO1)CO2,P-P,DOPO-based (additive),https://doi.org/10.1021/acs.iecr.6b04292,training_seed,P-only,1,review_manually,none,DOPO-based (additive),A,394.2560000000002,O=P12OCC(COP3(=O)Oc4ccccc4-c4ccccc43)(CO1)CO2,15.712633415851622,0.0,0.0,0.0,0.0,True,False,"Existing training molecule; use as design reference, not as a new discovery.",True,True,True,True,training_reference,1,,,,,,,Training reference
LIB_0076,TRAIN_076,DSD,O=P(C1=C2C=CC=C1)(C(NC3=CC=C(S(=O)(C4=CC=C(NC(P5(C6=C(C7=C(O5)C=CC=C7)C=CC=C6)=O)C8=CC=CC=C8O)C=C4)=O)C=C3)C9=CC=CC=C9O)OC%10=C2C=CC=C%10,O=P1(C(Nc2ccc(S(=O)(=O)c3ccc(NC(c4ccccc4O)P4(=O)Oc5ccccc5-c5ccccc54)cc3)cc2)c2ccccc2O)Oc2ccccc2-c2ccccc21,P-N-S,DOPO-based (Co-curing),https://doi.org/10.3390/polym12020317,training_seed,P-N-S,2,review_manually,NH2/NH;OH,DOPO-based (Co-curing),A,888.8750000000001,O=P1(C(Nc2ccc(S(=O)(=O)c3ccc(NC(c4ccccc4)P4(=O)Oc5ccccc5-c5ccccc54)cc3)cc2)c2ccccc2)Oc2ccccc2-c2ccccc21,6.9692588946702285,3.151624244128814,3.607593868654197,0.0,0.0,True,False,"Existing training molecule; use as design reference, not as a new discovery.",True,True,True,True,training_reference,2,,,,,,,Training reference
LIB_0077,TRAIN_077,DP-PPD,NC1=CC=C(N(P(OC2=C3C=CC=C2)(C4=C3C=CC=C4)=O)CC5=CC=C(O[Si](C6=CC=CC=C6)(OC7=CC=C(CN(P(OC8=C9C=CC=C8)(C%10=C9C=CC=C%10)=O)C%11=CC=C(N)C=C%11)C=C7)C%12=CC=CC=C%12)C=C5)C=C1,Nc1ccc(N(Cc2ccc(O[Si](Oc3ccc(CN(c4ccc(N)cc4)P4(=O)Oc5ccccc5-c5ccccc54)cc3)(c3ccccc3)c3ccccc3)cc2)P2(=O)Oc3ccccc3-c3ccccc32)cc1,P-N-Si,DOPO-based (additive),https://doi.org/10.1016/j.compositesb.2021.108640,training_seed,P-N-Si,2,review_manually,NH2/NH,DOPO-based (additive),A,1037.138,O=P1(N(Cc2ccc(O[Si](Oc3ccc(CN(c4ccccc4)P4(=O)Oc5ccccc5-c5ccccc54)cc3)(c3ccccc3)c3ccccc3)cc2)c2ccccc2)Oc2ccccc2-c2ccccc21,5.972975631015351,5.402174059768323,0.0,0.0,2.708029211156085,True,False,"Existing training molecule; use as design reference, not as a new discovery.",True,True,True,True,training_reference,2,,,,,,,Training reference
LIB_0078,TRAIN_078,DAVN,COC1=CC(C(NC2=NN=NN2)P3(C4=C(C5=C(O3)C=CC=C5)C=CC=C4)=O)=CC=C1O,COc1cc(C(Nc2nnn[nH]2)P2(=O)Oc3ccccc3-c3ccccc32)ccc1O,P-N,DOPO-based (reactive),https://doi.org/10.1002/pol.20250749,training_seed,P-N,1,review_manually,NH2/NH;OH,DOPO-based (reactive),A,435.3800000000001,O=P1(C(Nc2nnn[nH]2)c2ccccc2)Oc2ccccc2-c2ccccc21,7.114245027332443,16.085947907574987,0.0,0.0,0.0,True,False,"Existing training molecule; use as design reference, not as a new discovery.",True,True,True,True,training_reference,1,,,,,,,Training reference
LIB_0079,TRAIN_079,ATZ,O=P(C1=C2C=CC=C1)(C(NC3=NN=NN3)C4=CC=C(O)C=C4)OC5=C2C=CC=C5,O=P1(C(Nc2nnn[nH]2)c2ccc(O)cc2)Oc2ccccc2-c2ccccc21,P-N,DOPO-based (Co-curing),https://doi.org/10.1016/j.jaap.2019.01.015,training_seed,P-N,1,review_manually,NH2/NH;OH,DOPO-based (Co-curing),A,405.35400000000016,O=P1(C(Nc2nnn[nH]2)c2ccccc2)Oc2ccccc2-c2ccccc21,7.641222240313402,17.277490785831638,0.0,0.0,0.0,True,False,"Existing training molecule; use as design reference, not as a new discovery.",True,True,True,True,training_reference,1,,,,,,,Training reference
LIB_0080,TRAIN_080,DOPO-PPO,O=P(OC1=CC=C(C(P2(C3=C(C4=C(O2)C=CC=C4)C=CC=C3)=O)O)C=C1)(OC5=CC=C(C(P6(C7=C(C8=C(O6)C=CC=C8)C=CC=C7)=O)O)C=C5)C9=CC=CC=C9,O=P(Oc1ccc(C(O)P2(=O)Oc3ccccc3-c3ccccc32)cc1)(Oc1ccc(C(O)P2(=O)Oc3ccccc3-c3ccccc32)cc1)c1ccccc1,P-only,DOPO-based (Co-curing),https://doi.org/10.1016/j.firesaf.2020.102994,training_seed,P-only,2,review_manually,OH,DOPO-based (Co-curing),A,798.6610000000001,O=P1(Cc2ccc(OP(=O)(Oc3ccc(CP4(=O)Oc5ccccc5-c5ccccc54)cc3)c3ccccc3)cc2)Oc2ccccc2-c2ccccc21,11.634723618656723,0.0,0.0,0.0,0.0,True,False,"Existing training molecule; use as design reference, not as a new discovery.",True,True,True,True,training_reference,2,,,,,,,Training reference
LIB_0081,TRAIN_081,DOPO-AN,O=C(C1=C(C2=O)C=CC(N(CP3(C4=C(C5=C(O3)C=CC=C5)C=CC=C4)=O)CP6(C7=C(C8=C(O6)C=CC=C8)C=CC=C7)=O)=C1)C9=C2C=CC=C9,O=C1c2ccccc2C(=O)c2cc(N(CP3(=O)Oc4ccccc4-c4ccccc43)CP3(=O)Oc4ccccc4-c4ccccc43)ccc21,P-N,DOPO-based (additive),https://kns.cnki.net/kcms2/article/abstract?v=Jz5IuRg0t01AQTZwcmDQr7LS0eI1I-pJtedm3wQXR-p9z-0cPu_RiuKcJkUfRgOXaRjPXuTfJPKDL75pSPbNFch4aPw5a0wSqfMOymELKaIyQuZ279il2sk1ZdaLq1xuOyDokD-lmNY5u_hoO061PP01E4Si78DJJGRu0isTWws=&uniplatform=NZKPT,training_seed,P-N,2,review_manually,none,DOPO-based (additive),A,679.6050000000001,O=C1c2ccccc2C(=O)c2cc(N(CP3(=O)Oc4ccccc4-c4ccccc43)CP3(=O)Oc4ccccc4-c4ccccc43)ccc21,9.11529491395737,2.0610501688480807,0.0,0.0,0.0,True,False,"Existing training molecule; use as design reference, not as a new discovery.",True,True,True,True,training_reference,2,,,,,,,Training reference
LIB_0082,TRAIN_082,DDSi-1,OC(C=CC(C(C1=CC=C(C(CCCP2(C3=C(C=CC=C3)C4=C(C=CC=C4)O2)=O)=C1)O[Si](OC5=CC=C(C=C5CCCP6(C7=C(C=CC=C7)C8=C(C=CC=C8)O6)=O)C(C9=CC(CCCP%10(C%11=C(C=CC=C%11)C%12=C(C=CC=C%12)O%10)=O)=C(C=C9)O)(C)C)(C%13=CC=CC=C%13)C%14=CC=CC=C%14)(C)C)=C%15)=C%15CCCP%16(C%17=C(C=CC=C%17)C%18=C(C=CC=C%18)O%16)=O,CC(C)(c1ccc(O)c(CCCP2(=O)Oc3ccccc3-c3ccccc32)c1)c1ccc(O[Si](Oc2ccc(C(C)(C)c3ccc(O)c(CCCP4(=O)Oc5ccccc5-c5ccccc54)c3)cc2CCCP2(=O)Oc3ccccc3-c3ccccc32)(c2ccccc2)c2ccccc2)c(CCCP2(=O)Oc3ccccc3-c3ccccc32)c1,P-Si,DOPO-based (Co-curing),https://doi.org/10.1021/acs.macromol.8b02090,training_seed,P-Si,4,review_manually,OH,DOPO-based (Co-curing),A,1661.8279999999995,O=P1(CCCc2cccc(Cc3ccc(O[Si](Oc4ccc(Cc5cccc(CCCP6(=O)Oc7ccccc7-c7ccccc76)c5)cc4CCCP4(=O)Oc5ccccc5-c5ccccc54)(c4ccccc4)c4ccccc4)c(CCCP4(=O)Oc5ccccc5-c5ccccc54)c3)c2)Oc2ccccc2-c2ccccc21,7.455404530432754,0.0,0.0,0.0,1.6900666013570602,True,False,"Existing training molecule; use as design reference, not as a new discovery.",True,True,True,True,training_reference,4,,,,,,,Training reference
LIB_0083,TRAIN_083,TFD,O=P(C1=C2C=CC=C1)(C(NC(C(O)=O)CC3=CC=C(O)C=C3)C4=CC=CO4)OC5=C2C=CC=C5,O=C(O)C(Cc1ccc(O)cc1)NC(c1ccco1)P1(=O)Oc2ccccc2-c2ccccc21,P-N,DOPO-based (reactive),https://doi.org/10.1016/j.polymer.2021.124045,training_seed,P-N,1,review_manually,NH2/NH;OH;carboxyl,DOPO-based (reactive),A,475.4370000000002,O=P1(C(NCCc2ccccc2)c2ccco2)Oc2ccccc2-c2ccccc21,6.514848444694036,2.946131664132155,0.0,0.0,0.0,True,False,"Existing training molecule; use as design reference, not as a new discovery.",True,True,True,True,training_reference,1,,,,,,,Training reference
LIB_0084,TRAIN_084,SFG,O=P(C1=C2C=CC=C1)(C(NC3=CC=C(S(=O)(NC(N)=N)=O)C=C3)C4=CC=C(C(P(OC5=C6C=CC=C5)(C7=C6C=CC=C7)=O)NC(NS(C8=CC=C(N)C=C8)(=O)=O)=N)C=C4)OC9=C2C=CC=C9,N=C(N)NS(=O)(=O)c1ccc(NC(c2ccc(C(NC(=N)NS(=O)(=O)c3ccc(N)cc3)P3(=O)Oc4ccccc4-c4ccccc43)cc2)P2(=O)Oc3ccccc3-c3ccccc32)cc1,P-N-S,DOPO-based (reactive),https://doi.org/10.1016/j.polymdegradstab.2019.109023,training_seed,P-N-S,2,review_manually,NH2/NH,DOPO-based (reactive),A,958.956,N=C(NC(c1ccc(C(Nc2ccccc2)P2(=O)Oc3ccccc3-c3ccccc32)cc1)P1(=O)Oc2ccccc2-c2ccccc21)NS(=O)(=O)c1ccccc1,6.459941853432274,11.685207663333877,6.6878980891719735,0.0,0.0,True,False,"Existing training molecule; use as design reference, not as a new discovery.",True,True,True,True,training_reference,2,,,,,,,Training reference
LIB_0085,TRAIN_085,FAFD,O=P(C1=C2C=CC=C1)(C(NCC3=CC=CO3)C4=CC=CO4)OC5=C2C=CC=C5,O=P1(C(NCc2ccco2)c2ccco2)Oc2ccccc2-c2ccccc21,P-N,DOPO-based (Co-curing),https://doi.org/10.1016/j.polymer.2022.124798,training_seed,P-N,1,review_manually,NH2/NH,DOPO-based (Co-curing),A,391.36300000000006,O=P1(C(NCc2ccco2)c2ccco2)Oc2ccccc2-c2ccccc21,7.914391498429845,3.579030209805219,0.0,0.0,0.0,True,False,"Existing training molecule; use as design reference, not as a new discovery.",True,True,True,True,training_reference,1,,,,,,,Training reference
LIB_0086,TRAIN_086,DDSi-5,CC(C1=CC=C(O[Si](C2=CC=CC=C2)(OC(C=C3)=C(CCCP4(C5=C(C6=C(O4)C=CC=C6)C=CC=C5)=O)C=C3C(C)(C7=CC=C(O[Si](C8=CC=CC=C8)(OC(C=C9)=C(CCCP%10(C%11=C(C%12=C(O%10)C=CC=C%12)C=CC=C%11)=O)C=C9C(C)(C%13=CC=C(O[Si](C%14=CC=CC=C%14)(OC(C=C%15)=C(CCCP%16(C%17=C(C%18=C(O%16)C=CC=C%18)C=CC=C%17)=O)C=C%15C(C)(C%19=CC=C(O[Si](C%20=CC=CC=C%20)(OC(C=C%21)=C(CCCP%22(C%23=C(C%24=C(O%22)C=CC=C%24)C=CC=C%23)=O)C=C%21C(C)(C%25=CC=C(O[Si](C%26=CC=CC=C%26)(OC%27=CC=C(C(C)(C%28=CC(CCCP%29(C%30=C(C%31=C(O%29)C=CC=C%31)C=CC=C%30)=O)=C(O)C=C%28)C)C=C%27CCCP%32(C%33=C(C%34=C(O%32)C=CC=C%34)C=CC=C%33)=O)C%35=CC=CC=C%35)C(CCCP%36(C%37=C(C%38=C(O%36)C=CC=C%38)C=CC=C%37)=O)=C%25)C)C%39=CC=CC=C%39)C(CCCP%40(C%41=C(C%42=C(O%40)C=CC=C%42)C=CC=C%41)=O)=C%19)C)C%43=CC=CC=C%43)C(CCCP%44(C%45=C(C%46=C(O%44)C=CC=C%46)C=CC=C%45)=O)=C%13)C)C%47=CC=CC=C%47)C(CCCP%48(C%49=C(C%50=C(O%48)C=CC=C%50)C=CC=C%49)=O)=C7)C)C%51=CC=CC=C%51)C(CCCP%52(C%53=C(C%54=C(O%52)C=CC=C%54)C=CC=C%53)=O)=C1)(C%55=CC(CCCP%56(C%57=C(C%58=C(O%56)C=CC=C%58)C=CC=C%57)=O)=C(O)C=C%55)C,CC(C)(c1ccc(O)c(CCCP2(=O)Oc3ccccc3-c3ccccc32)c1)c1ccc(O[Si](Oc2ccc(C(C)(C)c3ccc(O[Si](Oc4ccc(C(C)(C)c5ccc(O[Si](Oc6ccc(C(C)(C)c7ccc(O[Si](Oc8ccc(C(C)(C)c9ccc(O[Si](Oc%10ccc(C(C)(C)c%11ccc(O)c(CCCP%12(=O)Oc%13ccccc%13-c%13ccccc%13%12)c%11)cc%10CCCP%10(=O)Oc%11ccccc%11-c%11ccccc%11%10)(c%10ccccc%10)c%10ccccc%10)c(CCCP%10(=O)Oc%11ccccc%11-c%11ccccc%11%10)c9)cc8CCCP8(=O)Oc9ccccc9-c9ccccc98)(c8ccccc8)c8ccccc8)c(CCCP8(=O)Oc9ccccc9-c9ccccc98)c7)cc6CCCP6(=O)Oc7ccccc7-c7ccccc76)(c6ccccc6)c6ccccc6)c(CCCP6(=O)Oc7ccccc7-c7ccccc76)c5)cc4CCCP4(=O)Oc5ccccc5-c5ccccc54)(c4ccccc4)c4ccccc4)c(CCCP4(=O)Oc5ccccc5-c5ccccc54)c3)cc2CCCP2(=O)Oc3ccccc3-c3ccccc32)(c2ccccc2)c2ccccc2)c(CCCP2(=O)Oc3ccccc3-c3ccccc32)c1,P-Si,DOPO-based (Co-curing),https://doi.org/10.1021/acs.macromol.8b02090,training_seed,P-Si,12,review_manually,OH,DOPO-based (Co-curing),A,5346.048000000001,O=P1(CCCc2cccc(Cc3ccc(O[Si](Oc4ccc(Cc5ccc(O[Si](Oc6ccc(Cc7ccc(O[Si](Oc8ccc(Cc9ccc(O[Si](Oc%10ccc(Cc%11ccc(O[Si](Oc%12ccc(Cc%13cccc(CCCP%14(=O)Oc%15ccccc%15-c%15ccccc%15%14)c%13)cc%12CCCP%12(=O)Oc%13ccccc%13-c%13ccccc%13%12)(c%12ccccc%12)c%12ccccc%12)c(CCCP%12(=O)Oc%13ccccc%13-c%13ccccc%13%12)c%11)cc%10CCCP%10(=O)Oc%11ccccc%11-c%11ccccc%11%10)(c%10ccccc%10)c%10ccccc%10)c(CCCP%10(=O)Oc%11ccccc%11-c%11ccccc%11%10)c9)cc8CCCP8(=O)Oc9ccccc9-c9ccccc98)(c8ccccc8)c8ccccc8)c(CCCP8(=O)Oc9ccccc9-c9ccccc98)c7)cc6CCCP6(=O)Oc7ccccc7-c7ccccc76)(c6ccccc6)c6ccccc6)c(CCCP6(=O)Oc7ccccc7-c7ccccc76)c5)cc4CCCP4(=O)Oc5ccccc5-c5ccccc54)(c4ccccc4)c4ccccc4)c(CCCP4(=O)Oc5ccccc5-c5ccccc54)c3)c2)Oc2ccccc2-c2ccccc21,6.952575061054445,0.0,0.0,0.0,2.6268002083034045,True,False,"Existing training molecule; use as design reference, not as a new discovery.",True,True,True,True,training_reference,12,,,,,,,Training reference
LIB_0087,TRAIN_087,DDSi-2,CC(C1=CC(CCCP2(C3=C(C=CC=C3)C4=C(C=CC=C4)O2)=O)=C(C=C1)O)(C)C5=CC=C(C(CCCP6(C7=C(C=CC=C7)C8=C(C=CC=C8)O6)=O)=C5)O[Si](OC(C=CC(C(C9=CC=C(C(CCCP%10(C%11=C(C=CC=C%11)C%12=C(C=CC=C%12)O%10)=O)=C9)O[Si](OC%13=CC=C(C=C%13CCCP%14(C%15=C(C=CC=C%15)C%16=C(C=CC=C%16)O%14)=O)C(C%17=CC(CCCP%18(C%19=C(C=CC=C%19)C%20=C(C=CC=C%20)O%18)=O)=C(C=C%17)O)(C)C)(C%21=CC=CC=C%21)C%22=CC=CC=C%22)(C)C)=C%23)=C%23CCCP%24(C%25=C(C=CC=C%25)C%26=C(C=CC=C%26)O%24)=O)(C%27=CC=CC=C%27)C%28=CC=CC=C%28,CC(C)(c1ccc(O)c(CCCP2(=O)Oc3ccccc3-c3ccccc32)c1)c1ccc(O[Si](Oc2ccc(C(C)(C)c3ccc(O[Si](Oc4ccc(C(C)(C)c5ccc(O)c(CCCP6(=O)Oc7ccccc7-c7ccccc76)c5)cc4CCCP4(=O)Oc5ccccc5-c5ccccc54)(c4ccccc4)c4ccccc4)c(CCCP4(=O)Oc5ccccc5-c5ccccc54)c3)cc2CCCP2(=O)Oc3ccccc3-c3ccccc32)(c2ccccc2)c2ccccc2)c(CCCP2(=O)Oc3ccccc3-c3ccccc32)c1,P-Si,DOPO-based (Co-curing),https://doi.org/10.1021/acs.macromol.8b02090,training_seed,P-Si,6,review_manually,OH,DOPO-based (Co-curing),A,2582.882999999994,O=P1(CCCc2cccc(Cc3ccc(O[Si](Oc4ccc(Cc5ccc(O[Si](Oc6ccc(Cc7cccc(CCCP8(=O)Oc9ccccc9-c9ccccc98)c7)cc6CCCP6(=O)Oc7ccccc7-c7ccccc76)(c6ccccc6)c6ccccc6)c(CCCP6(=O)Oc7ccccc7-c7ccccc76)c5)cc4CCCP4(=O)Oc5ccccc5-c5ccccc54)(c4ccccc4)c4ccccc4)c(CCCP4(=O)Oc5ccccc5-c5ccccc54)c3)c2)Oc2ccccc2-c2ccccc21,7.195215578870604,0.0,0.0,0.0,2.174779113107335,True,False,"Existing training molecule; use as design reference, not as a new discovery.",True,True,True,True,training_reference,6,,,,,,,Training reference
LIB_0088,TRAIN_088,PAHDOPO,O=P(C1=C2C=CC=C1)([O-])OC3=C2C=CC=C3.O=P(C4=C5C=CC=C4)([O-])OC6=C5C=CC=C6.C7C[NH2+]CC[NH2+]7,C1C[NH2+]CC[NH2+]1.O=P1([O-])Oc2ccccc2-c2ccccc21.O=P1([O-])Oc2ccccc2-c2ccccc21,P-N,DOPO-based (additive),https://doi.org/10.1007/s10965-022-03398-4,training_seed,P-N,2,review_manually,NH2/NH,DOPO-based (additive),A,550.4880000000002,C1C[NH2+]CC[NH2+]1.O=[PH]1Oc2ccccc2-c2ccccc21.O=[PH]1Oc2ccccc2-c2ccccc21,11.253287991745502,5.088939268430918,0.0,0.0,0.0,True,False,"Existing training molecule; use as design reference, not as a new discovery.",True,True,True,True,training_reference,2,,,,,,,Training reference
LIB_0089,TRAIN_089,D-ATA,O=P(C1=C2C=CC=C1)(NC3=NNC=N3)OC4=C2C=CC=C4,O=P1(Nc2nc[nH]n2)Oc2ccccc2-c2ccccc21,P-N,DOPO-based (reactive),https://doi.org/10.1016/j.compositesb.2020.108019,training_seed,P-N,1,review_manually,none,DOPO-based (reactive),A,298.242,O=P1(Nc2nc[nH]n2)Oc2ccccc2-c2ccccc21,10.385525848136748,18.78608646669483,0.0,0.0,0.0,True,False,"Existing training molecule; use as design reference, not as a new discovery.",True,True,True,True,training_reference,1,,,,,,,Training reference
LIB_0090,TRAIN_090,DOPT,CC1=CC=C(S(=O)(NP2(C3=C(C4=C(O2)C=CC=C4)C=CC=C3)=O)=O)C=C1,Cc1ccc(S(=O)(=O)NP2(=O)Oc3ccccc3-c3ccccc32)cc1,P-N-S,DOPO-based (Co-curing),https://doi.org/10.1016/j.firesaf.2021.103472,training_seed,P-N-S,1,review_manually,none,DOPO-based (Co-curing),A,385.3810000000001,O=P1(NS(=O)(=O)c2ccccc2)Oc2ccccc2-c2ccccc21,8.037241067930177,3.634584995108736,8.320856503045036,0.0,0.0,True,False,"Existing training molecule; use as design reference, not as a new discovery.",True,True,True,True,training_reference,1,,,,,,,Training reference
LIB_0091,TRAIN_091,BADO,O=P1(C2=C(C3=C(O1)C=CC=C3)C=CC=C2)NC4=NC5=C(N4)C=CC=C5,O=P1(Nc2nc3ccccc3[nH]2)Oc2ccccc2-c2ccccc21,P-N,DOPO-based (Co-curing),https://doi.org/10.1002/app.54890,training_seed,P-N,1,review_manually,none,DOPO-based (Co-curing),A,347.3140000000001,O=P1(Nc2nc3ccccc3[nH]2)Oc2ccccc2-c2ccccc21,8.918154753335596,12.09885003195955,0.0,0.0,0.0,True,False,"Existing training molecule; use as design reference, not as a new discovery.",True,True,True,True,training_reference,1,,,,,,,Training reference
LIB_0092,TRAIN_092,SAD,O=P(C1=C2C=CC=C1)(C(NC3=NNC=N3)C4=CC=CS4)OC5=C2C=CC=C5,O=P1(C(Nc2nc[nH]n2)c2cccs2)Oc2ccccc2-c2ccccc21,P-N-S,DOPO-based (Co-curing),https://doi.org/10.1016/j.mtcomm.2021.103108,training_seed,P-N-S,1,review_manually,NH2/NH,DOPO-based (Co-curing),A,394.3960000000001,O=P1(C(Nc2nc[nH]n2)c2cccs2)Oc2ccccc2-c2ccccc21,7.853527926246715,14.206026430288336,8.130660554366674,0.0,0.0,True,False,"Existing training molecule; use as design reference, not as a new discovery.",True,True,True,True,training_reference,1,,,,,,,Training reference
LIB_0093,TRAIN_093,STP,O=P(C1=C2C=CC=C1)(C(NC3=CC=C(S(=O)(NC4=NC=CS4)=O)C=C3)C5=CC=CS5)OC6=C2C=CC=C6,O=P1(C(Nc2ccc(S(=O)(=O)Nc3nccs3)cc2)c2cccs2)Oc2ccccc2-c2ccccc21,P-N-S,DOPO-based (reactive),https://doi.org/10.1016/j.polymdegradstab.2021.109698,training_seed,P-N-S,1,review_manually,NH2/NH,DOPO-based (reactive),A,565.6380000000001,O=P1(C(Nc2ccc(S(=O)(=O)Nc3nccs3)cc2)c2cccs2)Oc2ccccc2-c2ccccc21,5.475940442473807,7.42895632895951,17.00752071112619,0.0,0.0,True,False,"Existing training molecule; use as design reference, not as a new discovery.",True,True,True,True,training_reference,1,,,,,,,Training reference
LIB_0094,TRAIN_094,SVPM,COC1=CC(C(P2(C3=C(C4=C(O2)C=CC=C4)C=CC=C3)=O)NC5=CC=C(S(=O)(NC6=NC=CS6)=O)C=C5)=CC=C1O[Si](C=C)(OC7=C(OC)C=C(C(P8(C9=C(C%10=C(O8)C=CC=C%10)C=CC=C9)=O)NC%11=CC=C(S(=O)(NC%12=NC=CS%12)=O)C=C%11)C=C7)C,C=C[Si](C)(Oc1ccc(C(Nc2ccc(S(=O)(=O)Nc3nccs3)cc2)P2(=O)Oc3ccccc3-c3ccccc32)cc1OC)Oc1ccc(C(Nc2ccc(S(=O)(=O)Nc3nccs3)cc2)P2(=O)Oc3ccccc3-c3ccccc32)cc1OC,P-N-Si-S,DOPO-based (reactive),https://pubs.acs.org/doi/10.1021/acsapm.2c01875?goto=supporting-info,training_seed,P-N-Si-S,2,review_manually,NH2/NH;allyl/vinyl,DOPO-based (reactive),A,1279.419,O=P1(C(Nc2ccc(S(=O)(=O)Nc3nccs3)cc2)c2ccc(O[SiH2]Oc3ccc(C(Nc4ccc(S(=O)(=O)Nc5nccs5)cc4)P4(=O)Oc5ccccc5-c5ccccc54)cc3)cc2)Oc2ccccc2-c2ccccc21,4.841885261982197,6.568762852513525,10.02548813172229,0.0,2.1952151718866144,True,False,"Existing training molecule; use as design reference, not as a new discovery.",True,True,True,True,training_reference,2,,,,,,,Training reference
LIB_0095,TRAIN_095,DMDA-SH-DOPO,CC1=C(NC(P2(C3=C(C4=C(O2)C=CC=C4)C=CC=C3)=O)C5=CC(OC)=C(O)C(OC)=C5)C=CC(C6=CC(C)=C(NC(P7(C8=C(C9=C(O7)C=CC=C9)C=CC=C8)=O)C%10=CC(OC)=C(O)C(OC)=C%10)C=C6)=C1,COc1cc(C(Nc2ccc(-c3ccc(NC(c4cc(OC)c(O)c(OC)c4)P4(=O)Oc5ccccc5-c5ccccc54)c(C)c3)cc2C)P2(=O)Oc3ccccc3-c3ccccc32)cc(OC)c1O,P-N,DOPO-based (Co-curing),https://doi.org/10.1002/fam.3228,training_seed,P-N,2,review_manually,NH2/NH;OH,DOPO-based (Co-curing),A,972.968,O=P1(C(Nc2ccc(-c3ccc(NC(c4ccccc4)P4(=O)Oc5ccccc5-c5ccccc54)cc3)cc2)c2ccccc2)Oc2ccccc2-c2ccccc21,6.366910319763856,2.8792313827381784,0.0,0.0,0.0,True,False,"Existing training molecule; use as design reference, not as a new discovery.",True,True,True,True,training_reference,2,,,,,,,Training reference
LIB_0096,TRAIN_096,DOA,O=P(C1=CC=CC=C21)([O-])OC3=C2C=CC=C3.CC(CO)([NH3+])CO,CC([NH3+])(CO)CO.O=P1([O-])Oc2ccccc2-c2ccccc21,P-N,DOPO-based (additive),https://doi.org/10.1002/app.51230,training_seed,P-N,1,review_manually,OH,DOPO-based (additive),A,337.31200000000007,O=[PH]1Oc2ccccc2-c2ccccc21,9.182596527843655,4.152535338203206,0.0,0.0,0.0,True,False,"Existing training molecule; use as design reference, not as a new discovery.",True,True,True,True,training_reference,1,,,,,,,Training reference
LIB_0097,TRAIN_097,Trif-D,COC1=C(OC2=NC(OC3=C(OC)C=C(C(P4(C5=C(C6=C(O4)C=CC=C6)C=CC=C5)=O)O)C=C3)=NC(OC7=C(OC)C=C(C(P8(C9=C(C%10=C(O8)C=CC=C%10)C=CC=C9)=O)O)C=C7)=N2)C=CC(C(P%11(C%12=C(C%13=C(O%11)C=CC=C%13)C=CC=C%12)=O)O)=C1,COc1cc(C(O)P2(=O)Oc3ccccc3-c3ccccc32)ccc1Oc1nc(Oc2ccc(C(O)P3(=O)Oc4ccccc4-c4ccccc43)cc2OC)nc(Oc2ccc(C(O)P3(=O)Oc4ccccc4-c4ccccc43)cc2OC)n1,P-N,DOPO-based (Co-curing),https://doi.org/10.1016/j.polymdegradstab.2020.109293,training_seed,P-N,3,review_manually,OH,DOPO-based (Co-curing),A,1180.005,O=P1(Cc2ccc(Oc3nc(Oc4ccc(CP5(=O)Oc6ccccc6-c6ccccc65)cc4)nc(Oc4ccc(CP5(=O)Oc6ccccc6-c6ccccc65)cc4)n3)cc2)Oc2ccccc2-c2ccccc21,7.874712395286459,3.561086605565231,0.0,0.0,0.0,True,False,"Existing training molecule; use as design reference, not as a new discovery.",True,True,True,True,training_reference,3,,,,,,,Training reference
LIB_0098,TRAIN_098,PDB,CC(C[Si]12O[Si]3(O[Si]4(O[Si](O1)(O[Si]5(O[Si](O2)(O[Si](O3)(O[Si](O4)(O5)CC(C)C)CC(C)C)CCCNC(C6=CC=C(B(O)O)C=C6)P(OC7=C8C=CC=C7)(C9=C8C=CC=C9)=O)CC(C)C)CC(C)C)CC(C)C)CC(C)C)C,CC(C)C[Si]12O[Si]3(CCCNC(c4ccc(B(O)O)cc4)P4(=O)Oc5ccccc5-c5ccccc54)O[Si]4(CC(C)C)O[Si](CC(C)C)(O1)O[Si]1(CC(C)C)O[Si](CC(C)C)(O2)O[Si](CC(C)C)(O3)O[Si](CC(C)C)(O4)O1,P-Si-B,DOPO-based (additive),https://doi.org/10.1002/pat.5262,training_seed,P-N-Si-B,1,review_manually,NH2/NH;OH,DOPO-based (additive),A,1222.6949999999997,O=P1(C(NCCC[Si]23O[SiH]4O[SiH]5O[SiH]6O[SiH](O4)O[SiH](O[SiH](O6)O[SiH](O5)O2)O3)c2ccccc2)Oc2ccccc2-c2ccccc21,2.5332564539807567,1.1455841399531368,0.0,0.8842761277342268,18.37645528934036,True,False,"Existing training molecule; use as design reference, not as a new discovery.",True,True,True,True,training_reference,1,,,,,,,Training reference
LIB_0099,TRAIN_099,DZH,O=P1(C(C2=CC=C(C(NC(NO)(P3(C4=C(C5=C(O3)C=CC=C5)C=CC=C4)=O)C6=CC=CC=C6)P7(C8=C(C9=C(O7)C=CC=C9)C=CC=C8)=O)C=C2)NC(NO)(P%10(C%11=C(C%12=C(O%10)C=CC=C%12)C=CC=C%11)=O)C%13=CC=CC=C%13)C%14=C(C%15=C(O1)C=CC=C%15)C=CC=C%14,O=P1(C(NC(NO)(c2ccccc2)P2(=O)Oc3ccccc3-c3ccccc32)c2ccc(C(NC(NO)(c3ccccc3)P3(=O)Oc4ccccc4-c4ccccc43)P3(=O)Oc4ccccc4-c4ccccc43)cc2)Oc2ccccc2-c2ccccc21,P-N,DOPO-based (Co-curing),https://doi.org/10.1016/j.porgcoat.2023.107862,training_seed,P-N,4,review_manually,NH2/NH;OH,DOPO-based (Co-curing),A,1235.1160000000002,O=P1(C(NC(c2ccc(C(NC(c3ccccc3)P3(=O)Oc4ccccc4-c4ccccc43)P3(=O)Oc4ccccc4-c4ccccc43)cc2)P2(=O)Oc3ccccc3-c3ccccc32)c2ccccc2)Oc2ccccc2-c2ccccc21,10.031122582818131,4.536254084636584,0.0,0.0,0.0,True,False,"Existing training molecule; use as design reference, not as a new discovery.",True,True,True,True,training_reference,4,,,,,,,Training reference
LIB_0100,TRAIN_100,HLD,COC1=CC(C(P2(C3=C(C4=C(O2)C=CC=C4)C=CC=C3)=O)NCCC5=CNC6=C5C=CC=C6)=CC=C1O,COc1cc(C(NCCc2c[nH]c3ccccc23)P2(=O)Oc3ccccc3-c3ccccc32)ccc1O,P-N,DOPO-based (Co-curing),https://doi.org/10.1016/j.polymdegradstab.2023.110595,training_seed,P-N,1,review_manually,NH2/NH;OH,DOPO-based (Co-curing),A,510.53000000000026,O=P1(C(NCCc2c[nH]c3ccccc23)c2ccccc2)Oc2ccccc2-c2ccccc21,6.067028382269403,5.487238751885293,0.0,0.0,0.0,True,False,"Existing training molecule; use as design reference, not as a new discovery.",True,True,True,True,training_reference,1,,,,,,,Training reference
LIB_0101,TRAIN_101,Zr-POSS-bisDOPO,CCCCO[Zr]12O[Si]3(O[Si]4(O[Si](O1)(O[Si]5(O[Si](O2)(O[Si](O3)(O[Si](O4)(O5)CC(C)C)CC(C)C)CC(C)C)CC(C)C)CCCN(CP6(C7=C(C8=C(O6)C=CC=C8)C=CC=C7)=O)CP9(C%10=C(C%11=C(O9)C=CC=C%11)C=CC=C%10)=O)CC(C)C)CC(C)C,CCCCO[Zr]12O[Si]3(CCCN(CP4(=O)Oc5ccccc5-c5ccccc54)CP4(=O)Oc5ccccc5-c5ccccc54)O[Si]4(CC(C)C)O[Si]5(CC(C)C)O[Si](CC(C)C)(O3)O[Si](CC(C)C)(O[Si](CC(C)C)(O5)O[Si](CC(C)C)(O4)O1)O2,P-N-Si-Zr,DOPO-based (additive),https://doi.org/10.1002/mame.202100012,training_seed,P-N-Si,2,review_manually,none,DOPO-based (additive),A,1410.1029999999994,O=P1(CN(CCC[Si]23O[SiH]4O[SiH]5O[SiH]6O[SiH](O4)O[Zr](O[SiH](O6)O[SiH](O5)O2)O3)CP2(=O)Oc3ccccc3-c3ccccc32)Oc2ccccc2-c2ccccc21,4.393154258944207,0.9933316927912362,0.0,0.0,13.942385768982836,True,False,"Existing training molecule; use as design reference, not as a new discovery.",True,True,True,True,training_reference,2,,,,,,,Training reference
LIB_0102,TRAIN_102,VTZD,COC1=CC(C(P2(C3=C(C4=C(O2)C=CC=C4)C=CC=C3)=O)NC5=NC6=C(S5)C=CC=C6)=CC=C1O,COc1cc(C(Nc2nc3ccccc3s2)P2(=O)Oc3ccccc3-c3ccccc32)ccc1O,P-N-S,DOPO-based (reactive),https://doi.org/10.1002/app.53105,training_seed,P-N-S,1,review_manually,NH2/NH;OH,DOPO-based (reactive),A,500.51600000000025,O=P1(C(Nc2nc3ccccc3s2)c2ccccc2)Oc2ccccc2-c2ccccc21,6.188413557208958,5.597023871364749,6.406788194583187,0.0,0.0,True,False,"Existing training molecule; use as design reference, not as a new discovery.",True,True,True,True,training_reference,1,,,,,,,Training reference
LIB_0103,TRAIN_103,STZ,O=P(C1=C2C=CC=C1)(C(NC3=CC=C(S(=O)(NC4=NC=CS4)=O)C=C3)C5=CC=C(O)C=C5)OC6=C2C=CC=C6,O=P1(C(Nc2ccc(S(=O)(=O)Nc3nccs3)cc2)c2ccc(O)cc2)Oc2ccccc2-c2ccccc21,P-N-S,DOPO-based (reactive),https://doi.org/10.1016/j.polymdegradstab.2020.109078,training_seed,P-N-S,1,review_manually,NH2/NH;OH,DOPO-based (reactive),A,575.6080000000002,O=P1(C(Nc2ccc(S(=O)(=O)Nc3nccs3)cc2)c2ccccc2)Oc2ccccc2-c2ccccc21,5.381092688079386,7.300280746619225,11.141957721226944,0.0,0.0,True,False,"Existing training molecule; use as design reference, not as a new discovery.",True,True,True,True,training_reference,1,,,,,,,Training reference
LIB_0104,TRAIN_104,DOPO-CDI,O=P(C(N1C=CN=C1)(O)N2C=CN=C2)(C3=C4C=CC=C3)OC5=C4C=CC=C5,O=P1(C(O)(n2ccnc2)n2ccnc2)Oc2ccccc2-c2ccccc21,P-N,DOPO-based (Co-curing),https://doi.org/10.1016/j.cej.2024.155408,training_seed,P-N,1,review_manually,OH,DOPO-based (Co-curing),A,378.3280000000001,O=P1(C(n2ccnc2)n2ccnc2)Oc2ccccc2-c2ccccc21,8.187075764944703,14.80937176206889,0.0,0.0,0.0,True,False,"Existing training molecule; use as design reference, not as a new discovery.",True,True,True,True,training_reference,1,,,,,,,Training reference
LIB_0105,TRAIN_105,Ti-POSS-bisDOPO,CC(C[Si@]12O[Si@@]3(O[Si@]4(O[Si@](O1)(O[Si@]5(O[Si@@](O3)(O[Si@@](O5)(O[Ti](O4)(O2)OC(C)C)CC(C)C)CC(C)C)CC(C)C)CC(C)C)CC(C)C)CCCN(CP6(C7=C(C8=C(O6)C=CC=C8)C=CC=C7)=O)CP9(C%10=C(C%11=C(O9)C=CC=C%11)C=CC=C%10)=O)C,CC(C)C[Si@]12O[Si@@]3(CC(C)C)O[Si@@](CC(C)C)(O1)O[Si@]1(CC(C)C)O[Si@@]4(CC(C)C)O[Ti](OC(C)C)(O2)O[Si@@](CC(C)C)(O[Si@@](CCCN(CP2(=O)Oc5ccccc5-c5ccccc52)CP2(=O)Oc5ccccc5-c5ccccc52)(O3)O4)O1,P-N-Si-Ti,DOPO-based (additive),https://doi.org/10.1016/j.cej.2019.06.027,training_seed,P-N-Si,2,review_manually,none,DOPO-based (additive),A,1352.7189999999998,O=P1(CN(CCC[Si]23O[SiH]4O[SiH]5O[SiH]6O[SiH](O[Ti](O[SiH](O5)O4)O[SiH](O6)O2)O3)CP2(=O)Oc3ccccc3-c3ccccc32)Oc2ccccc2-c2ccccc21,4.579517253768152,1.0354700421891023,0.0,0.0,14.533838883020051,True,False,"Existing training molecule; use as design reference, not as a new discovery.",True,True,True,True,training_reference,2,,,,,,,Training reference
LIB_0106,TRAIN_106,TetraDSi,CC(C1=CC=C(O)C(CCCP2(C3=C(C4=C(O2)C=CC=C4)C=CC=C3)=O)=C1)(C5=CC=C(O[Si](OC6=CC=C(C(C)(C7=CC=C(O)C(CCCP8(C9=C(C%10=C(O8)C=CC=C%10)C=CC=C9)=O)=C7)C)C=C6CCCP%11(C%12=C(C%13=C(O%11)C=CC=C%13)C=CC=C%12)=O)(OC(C(CCCP%14(C%15=C(C%16=C(O%14)C=CC=C%16)C=CC=C%15)=O)=C%17)=CC=C%17C(C)(C%18=CC=C(O)C(CCCP%19(C%20=C(C%21=C(O%19)C=CC=C%21)C=CC=C%20)=O)=C%18)C)OC%22=CC=C(C(C)(C%23=CC=C(O)C(CCCP%24(C%25=C(C%26=C(O%24)C=CC=C%26)C=CC=C%25)=O)=C%23)C)C=C%22CCCP%27(C%28=C(C%29=C(O%27)C=CC=C%29)C=CC=C%28)=O)C(CCCP%30(C%31=C(C%32=C(O%30)C=CC=C%32)C=CC=C%31)=O)=C5)C,CC(C)(c1ccc(O)c(CCCP2(=O)Oc3ccccc3-c3ccccc32)c1)c1ccc(O[Si](Oc2ccc(C(C)(C)c3ccc(O)c(CCCP4(=O)Oc5ccccc5-c5ccccc54)c3)cc2CCCP2(=O)Oc3ccccc3-c3ccccc32)(Oc2ccc(C(C)(C)c3ccc(O)c(CCCP4(=O)Oc5ccccc5-c5ccccc54)c3)cc2CCCP2(=O)Oc3ccccc3-c3ccccc32)Oc2ccc(C(C)(C)c3ccc(O)c(CCCP4(=O)Oc5ccccc5-c5ccccc54)c3)cc2CCCP2(=O)Oc3ccccc3-c3ccccc32)c(CCCP2(=O)Oc3ccccc3-c3ccccc32)c1,P-Si,DOPO-based (reactive),https://doi.org/10.1016/j.compositesb.2019.107481,training_seed,P-Si,8,review_manually,OH,DOPO-based (reactive),A,2987.145999999991,O=P1(CCCc2cccc(Cc3ccc(O[Si](Oc4ccc(Cc5cccc(CCCP6(=O)Oc7ccccc7-c7ccccc76)c5)cc4CCCP4(=O)Oc5ccccc5-c5ccccc54)(Oc4ccc(Cc5cccc(CCCP6(=O)Oc7ccccc7-c7ccccc76)c5)cc4CCCP4(=O)Oc5ccccc5-c5ccccc54)Oc4ccc(Cc5cccc(CCCP6(=O)Oc7ccccc7-c7ccccc76)c5)cc4CCCP4(=O)Oc5ccccc5-c5ccccc54)c(CCCP4(=O)Oc5ccccc5-c5ccccc54)c3)c2)Oc2ccccc2-c2ccccc21,8.295275825152194,0.0,0.0,0.0,0.9402285659957726,True,False,"Existing training molecule; use as design reference, not as a new discovery.",True,True,True,True,training_reference,8,,,,,,,Training reference
LIB_0107,TRAIN_107,DVSiBD,COC1=CC(C(P2(C3=C(C=CC=C3)C4=C(C=CC=C4)O2)=O)NCCOB(OCCNC(C5=CC=C(C(OC)=C5)O[Si](OC6=C(C=C(C=C6)C(P7(C8=C(C=CC=C8)C9=C(C=CC=C9)O7)=O)NCCOB(OCCN)OCCNC(P%10(C%11=C(C=CC=C%11)C%12=C(C=CC=C%12)O%10)=O)C%13=CC(OC)=C(C=C%13)O[SiH](C)C)OC)(C)C)P%14(C%15=C(C=CC=C%15)C%16=C(C=CC=C%16)O%14)=O)OCCNC(C%17=CC=C(C(OC)=C%17)O[Si](OC%18=C(C=C(C=C%18)C(P%19(C%20=C(C=CC=C%20)C%21=C(C=CC=C%21)O%19)=O)NCCOB(OCCN)OCCNC(P%22(C%23=C(C=CC=C%23)C%24=C(C=CC=C%24)O%22)=O)C%25=CC(OC)=C(C=C%25)O[SiH](C)C)OC)(C)C)P%26(C%27=C(C=CC=C%27)C%28=C(C=CC=C%28)O%26)=O)=CC=C1O[Si](OC%29=C(C=C(C=C%29)C(P%30(C%31=C(C=CC=C%31)C%32=C(C=CC=C%32)O%30)=O)NCCOB(OCCN)OCCNC(P%33(C%34=C(C=CC=C%34)C%35=C(C=CC=C%35)O%33)=O)C%36=CC(OC)=C(C=C%36)O[SiH](C)C)OC)(C)C,COc1cc(C(NCCOB(OCCN)OCCNC(c2ccc(O[Si](C)(C)Oc3ccc(C(NCCOB(OCCNC(c4ccc(O[Si](C)(C)Oc5ccc(C(NCCOB(OCCN)OCCNC(c6ccc(O[SiH](C)C)c(OC)c6)P6(=O)Oc7ccccc7-c7ccccc76)P6(=O)Oc7ccccc7-c7ccccc76)cc5OC)c(OC)c4)P4(=O)Oc5ccccc5-c5ccccc54)OCCNC(c4ccc(O[Si](C)(C)Oc5ccc(C(NCCOB(OCCN)OCCNC(c6ccc(O[SiH](C)C)c(OC)c6)P6(=O)Oc7ccccc7-c7ccccc76)P6(=O)Oc7ccccc7-c7ccccc76)cc5OC)c(OC)c4)P4(=O)Oc5ccccc5-c5ccccc54)P4(=O)Oc5ccccc5-c5ccccc54)cc3OC)c(OC)c2)P2(=O)Oc3ccccc3-c3ccccc32)P2(=O)Oc3ccccc3-c3ccccc32)ccc1O[SiH](C)C,P-N-Si-B,DOPO-based (Co-curing),https://doi.org/10.1016/j.polymdegradstab.2025.111701,training_seed,P-N-Si-B,9,review_manually,NH2/NH,DOPO-based (Co-curing),A,4259.837999999983,O=P1(C(NCCOBOCCNC(c2ccc(O[SiH2]Oc3ccc(C(NCCOB(OCCNC(c4ccc(O[SiH2]Oc5ccc(C(NCCOBOCCNC(c6ccccc6)P6(=O)Oc7ccccc7-c7ccccc76)P6(=O)Oc7ccccc7-c7ccccc76)cc5)cc4)P4(=O)Oc5ccccc5-c5ccccc54)OCCNC(c4ccc(O[SiH2]Oc5ccc(C(NCCOBOCCNC(c6ccccc6)P6(=O)Oc7ccccc7-c7ccccc76)P6(=O)Oc7ccccc7-c7ccccc76)cc5)cc4)P4(=O)Oc5ccccc5-c5ccccc54)P4(=O)Oc5ccccc5-c5ccccc54)cc3)cc2)P2(=O)Oc3ccccc3-c3ccccc32)c2ccccc2)Oc2ccccc2-c2ccccc21,6.544051675204577,3.9457838537522014,0.0,1.0152498756995028,3.95592508447506,True,False,"Existing training molecule; use as design reference, not as a new discovery.",True,True,True,True,training_reference,9,,,,,,,Training reference
LIB_0108,TRAIN_108,DTA-1,O=P(C1=C2C=CC=C1)(C(NC3=NNC=N3)C4=CC=C(C(P5(C6=C(C7=C(O5)C=CC=C7)C=CC=C6)=O)NC8=NNC=N8)C=C4)OC9=C2C=CC=C9,O=P1(C(Nc2nc[nH]n2)c2ccc(C(Nc3nc[nH]n3)P3(=O)Oc4ccccc4-c4ccccc43)cc2)Oc2ccccc2-c2ccccc21,P-N,DOPO-based (Co-curing),https://doi.org/10.1016/j.polymdegradstab.2017.01.014,training_seed,P-N,2,review_manually,NH2/NH,DOPO-based (Co-curing),A,698.6200000000001,O=P1(C(Nc2nc[nH]n2)c2ccc(C(Nc3nc[nH]n3)P3(=O)Oc4ccccc4-c4ccccc43)cc2)Oc2ccccc2-c2ccccc21,8.867195327932208,16.039620967049323,0.0,0.0,0.0,True,False,"Existing training molecule; use as design reference, not as a new discovery.",True,True,True,True,training_reference,2,,,,,,,Training reference
LIB_0109,TRAIN_109,DPI,O=P1(C(NCCN(CCNCCN(CCN(CCN(CCN)CCNC(C2=CC=CC=C2)P3(C4=C(C=CC=C4)C5=C(C=CC=C5)O3)=O)CCNCCN)CCNCCNC(C6=CC=CC=C6)P7(C8=C(C=CC=C8)C9=C(C=CC=C9)O7)=O)CCN)C%10=CC=CC=C%10)C%11=C(C=CC=C%11)C%12=C(C=CC=C%12)O1,NCCNCCN(CCN(CCNCCNC(c1ccccc1)P1(=O)Oc2ccccc2-c2ccccc21)CCNCCN(CCN)CCNC(c1ccccc1)P1(=O)Oc2ccccc2-c2ccccc21)CCN(CCN)CCNC(c1ccccc1)P1(=O)Oc2ccccc2-c2ccccc21,P-N,DOPO-based (Co-curing),https://doi.org/10.1016/j.cej.2021.132031,training_seed,P-N,3,review_manually,NH2/NH,DOPO-based (Co-curing),A,1446.714,O=P1(C(NCCNCCNCCN(CCNCCNCCNC(c2ccccc2)P2(=O)Oc3ccccc3-c3ccccc32)CCNCCNC(c2ccccc2)P2(=O)Oc3ccccc3-c3ccccc32)c2ccccc2)Oc2ccccc2-c2ccccc21,6.422969571041684,12.586523666737174,0.0,0.0,0.0,True,False,"Existing training molecule; use as design reference, not as a new discovery.",True,True,True,True,training_reference,3,,,,,,,Training reference
LIB_0110,TRAIN_110,CP-DOPO,O=P(C1=C2C=CC=C1)(OC3=CC=C(C#N)C=C3)OC4=C2C=CC=C4,N#Cc1ccc(OP2(=O)Oc3ccccc3-c3ccccc32)cc1,P-N,DOPO-based (additive),https://doi.org/10.1002/app.55633,training_seed,P-N,1,review_manually,none,DOPO-based (additive),A,333.283,O=P1(Oc2ccccc2)Oc2ccccc2-c2ccccc21,9.29360333410345,4.202734612926552,0.0,0.0,0.0,True,False,"Existing training molecule; use as design reference, not as a new discovery.",True,True,True,True,training_reference,1,,,,,,,Training reference
LIB_0111,TRAIN_111,DAP,O=P1(C2=C(C3=C(O1)C=CC=C3)C=CC=C2)NC4=NC=CC=N4,O=P1(Nc2ncccn2)Oc2ccccc2-c2ccccc21,P-N,DOPO-based (Co-curing),https://doi.org/10.1002/app.70220,training_seed,P-N,1,review_manually,none,DOPO-based (Co-curing),A,309.265,O=P1(Nc2ncccn2)Oc2ccccc2-c2ccccc21,10.01535899633001,13.58737652175319,0.0,0.0,0.0,True,False,"Existing training molecule; use as design reference, not as a new discovery.",True,True,True,True,training_reference,1,,,,,,,Training reference
LIB_0112,TRAIN_112,TriDSi,CC(C1=CC=C(O)C(CCCP2(C3=C(C4=C(O2)C=CC=C4)C=CC=C3)=O)=C1)(C5=CC=C(O[Si](OC6=CC=C(C(C)(C7=CC=C(O)C(CCCP8(C9=C(C%10=C(O8)C=CC=C%10)C=CC=C9)=O)=C7)C)C=C6CCCP%11(C%12=C(C%13=C(O%11)C=CC=C%13)C=CC=C%12)=O)(OC%14=CC=C(C(C)(C%15=CC=C(O)C(CCCP%16(C%17=C(C%18=C(O%16)C=CC=C%18)C=CC=C%17)=O)=C%15)C)C=C%14CCCP%19(C%20=C(C%21=C(O%19)C=CC=C%21)C=CC=C%20)=O)C%22=CC=CC=C%22)C(CCCP%23(C%24=C(C%25=C(O%23)C=CC=C%25)C=CC=C%24)=O)=C5)C,CC(C)(c1ccc(O)c(CCCP2(=O)Oc3ccccc3-c3ccccc32)c1)c1ccc(O[Si](Oc2ccc(C(C)(C)c3ccc(O)c(CCCP4(=O)Oc5ccccc5-c5ccccc54)c3)cc2CCCP2(=O)Oc3ccccc3-c3ccccc32)(Oc2ccc(C(C)(C)c3ccc(O)c(CCCP4(=O)Oc5ccccc5-c5ccccc54)c3)cc2CCCP2(=O)Oc3ccccc3-c3ccccc32)c2ccccc2)c(CCCP2(=O)Oc3ccccc3-c3ccccc32)c1,P-Si,DOPO-based (reactive),https://doi.org/10.1016/j.compositesb.2019.107481,training_seed,P-Si,6,review_manually,OH,DOPO-based (reactive),A,2324.486999999997,O=P1(CCCc2cccc(Cc3ccc(O[Si](Oc4ccc(Cc5cccc(CCCP6(=O)Oc7ccccc7-c7ccccc76)c5)cc4CCCP4(=O)Oc5ccccc5-c5ccccc54)(Oc4ccc(Cc5cccc(CCCP6(=O)Oc7ccccc7-c7ccccc76)c5)cc4CCCP4(=O)Oc5ccccc5-c5ccccc54)c4ccccc4)c(CCCP4(=O)Oc5ccccc5-c5ccccc54)c3)c2)Oc2ccccc2-c2ccccc21,7.995054392646645,0.0,0.0,0.0,1.2082665981784384,True,False,"Existing training molecule; use as design reference, not as a new discovery.",True,True,True,True,training_reference,6,,,,,,,Training reference
LIB_0113,TRAIN_113,BDHDP,OB(O)OCCN(CCOB(OCCN(CCO)CP1(C2=C(C=CC=C2)C3=C(C=CC=C3)O1)=O)OCCN(CCOB(OCCN(CCOB(O)O)CP4(C5=C(C=CC=C5)C6=C(C=CC=C6)O4)=O)OCCN(CCOB(O)O)CP7(C8=C(C=CC=C8)C9=C(C=CC=C9)O7)=O)CP%10(C%11=C(C=CC=C%11)C%12=C(C=CC=C%12)O%10)=O)CP%13(C%14=C(C=CC=C%14)C%15=C(C=CC=C%15)O%13)=O,O=P1(CN(CCO)CCOB(OCCN(CCOB(O)O)CP2(=O)Oc3ccccc3-c3ccccc32)OCCN(CCOB(OCCN(CCOB(O)O)CP2(=O)Oc3ccccc3-c3ccccc32)OCCN(CCOB(O)O)CP2(=O)Oc3ccccc3-c3ccccc32)CP2(=O)Oc3ccccc3-c3ccccc32)Oc2ccccc2-c2ccccc21,P-N-B,DOPO-based (additive),https://doi.org/10.1016/j.compositesb.2022.109701,training_seed,P-N-B,5,review_manually,OH,DOPO-based (additive),A,1813.65,O=P1(CNCCOB(OCCNCP2(=O)Oc3ccccc3-c3ccccc32)OCCN(CCOB(OCCNCP2(=O)Oc3ccccc3-c3ccccc32)OCCNCP2(=O)Oc3ccccc3-c3ccccc32)CP2(=O)Oc3ccccc3-c3ccccc32)Oc2ccccc2-c2ccccc21,8.539133790974004,3.861549913158548,0.0,2.980729468199487,0.0,True,False,"Existing training molecule; use as design reference, not as a new discovery.",True,True,True,True,training_reference,5,,,,,,,Training reference
LIB_0114,TRAIN_114,FA-bis-DOPO,O=P(C1=C2C=CC=C1)(C(C3=CC=C(C(NCC4=CC=CO4)(P5(C6=C(C7=C(O5)C=CC=C7)C=CC=C6)=O)[H])C=C3)(NCC8=CC=CO8)[H])OC9=C2C=CC=C9,O=P1(C(NCc2ccco2)c2ccc(C(NCc3ccco3)P3(=O)Oc4ccccc4-c4ccccc43)cc2)Oc2ccccc2-c2ccccc21,P-N-C,DOPO-based (Co-curing),https://doi.org/10.1039/d1ra05709j,training_seed,P-N,2,review_manually,NH2/NH,DOPO-based (Co-curing),A,724.6900000000002,O=P1(C(NCc2ccco2)c2ccc(C(NCc3ccco3)P3(=O)Oc4ccccc4-c4ccccc43)cc2)Oc2ccccc2-c2ccccc21,8.548206819467632,3.865652899860629,0.0,0.0,0.0,True,False,"Existing training molecule; use as design reference, not as a new discovery.",True,True,True,True,training_reference,2,,,,,,,Training reference
LIB_0115,TRAIN_115,DPDDM,O=P(C1=C2C=CC=C1)(C(NC3=CC=C(CC4=CC=C(NC([P@@]5(C6=C(C7=C(O5)C=CC=C7)C=CC=C6)=O)C8=CC(O)=C(O)C=C8)C=C4)C=C3)C9=CC(O)=C(O)C=C9)OC%10=C2C=CC=C%10,O=P1(C(Nc2ccc(Cc3ccc(NC(c4ccc(O)c(O)c4)[P@@]4(=O)Oc5ccccc5-c5ccccc54)cc3)cc2)c2ccc(O)c(O)c2)Oc2ccccc2-c2ccccc21,P-N,DOPO-based (reactive),https://doi.org/10.1002/app.50536,training_seed,P-N,2,review_manually,NH2/NH;OH,DOPO-based (reactive),A,870.8350000000002,O=P1(C(Nc2ccc(Cc3ccc(NC(c4ccccc4)[P@@]4(=O)Oc5ccccc5-c5ccccc54)cc3)cc2)c2ccccc2)Oc2ccccc2-c2ccccc21,7.113632318407045,3.216912503516739,0.0,0.0,0.0,True,False,"Existing training molecule; use as design reference, not as a new discovery.",True,True,True,True,training_reference,2,,,,,,,Training reference
LIB_0116,TRAIN_116,FGD,O=P(C1=C2C=CC=C1)(C(NC3=NC(NC(P4(C5=C(C6=C(O4)C=CC=C6)C=CC=C5)=O)C7=CC=CO7)=NN3)C8=CC=CO8)OC9=C2C=CC=C9,O=P1(C(Nc2n[nH]c(NC(c3ccco3)P3(=O)Oc4ccccc4-c4ccccc43)n2)c2ccco2)Oc2ccccc2-c2ccccc21,P-N,DOPO-based (Co-curing),https://doi.org/10.1007/s10118-022-2655-y,training_seed,P-N,2,review_manually,NH2/NH,DOPO-based (Co-curing),A,687.5890000000002,O=P1(C(Nc2n[nH]c(NC(c3ccco3)P3(=O)Oc4ccccc4-c4ccccc43)n2)c2ccco2)Oc2ccccc2-c2ccccc21,9.009451867321902,10.185590519918147,0.0,0.0,0.0,True,False,"Existing training molecule; use as design reference, not as a new discovery.",True,True,True,True,training_reference,2,,,,,,,Training reference
LIB_0117,TRAIN_117,DOPO-SGA,COC1=CC(C(P2(C3=C(C4=C(O2)C=CC=C4)C=CC=C3)=O)NC5=NC(NC(P6(C7=C(C8=C(O6)C=CC=C8)C=CC=C7)=O)C9=CC(OC)=C(O)C(OC)=C9)=NN5)=CC(OC)=C1O,COc1cc(C(Nc2n[nH]c(NC(c3cc(OC)c(O)c(OC)c3)P3(=O)Oc4ccccc4-c4ccccc43)n2)P2(=O)Oc3ccccc3-c3ccccc32)cc(OC)c1O,P-N,DOPO-based (additive),https://doi.org/10.1002/mame.202200565,training_seed,P-N,2,review_manually,NH2/NH;OH,DOPO-based (additive),A,859.7690000000002,O=P1(C(Nc2n[nH]c(NC(c3ccccc3)P3(=O)Oc4ccccc4-c4ccccc43)n2)c2ccccc2)Oc2ccccc2-c2ccccc21,7.205191161812066,8.145792648955705,0.0,0.0,0.0,True,False,"Existing training molecule; use as design reference, not as a new discovery.",True,True,True,True,training_reference,2,,,,,,,Training reference
LIB_0118,TRAIN_118,IDT,O=P1(C2=C(C3=C(O1)C=CC=C3)C=CC=C2)C(C4=CNC5C=CC=CC45)NC6=NC(NC(P7(C8=C(C9=C(O7)C=CC=C9)C=CC=C8)=O)C%10=CNC%11=C%10C=CC=C%11)=NN6,O=P1(C(Nc2nc(NC(c3c[nH]c4ccccc34)P3(=O)Oc4ccccc4-c4ccccc43)n[nH]2)C2=CNC3C=CC=CC23)Oc2ccccc2-c2ccccc21,P-N,DOPO-based (reactive),https://doi.org/10.1016/j.reactfunctpolym.2022.105375,training_seed,P-N,2,review_manually,NH2/NH;allyl/vinyl,DOPO-based (reactive),A,787.7570000000002,O=P1(C(Nc2nc(NC(c3c[nH]c4ccccc34)P3(=O)Oc4ccccc4-c4ccccc43)n[nH]2)C2=CNC3C=CC=CC23)Oc2ccccc2-c2ccccc21,7.8638463384013075,12.446604727092234,0.0,0.0,0.0,True,False,"Existing training molecule; use as design reference, not as a new discovery.",True,True,True,True,training_reference,2,,,,,,,Training reference
LIB_0119,TRAIN_119,HDP,OC1=CC(C(P2(C3=C(C4=C(O2)C=CC=C4)C=CC=C3)=O)NC5=NC(C6=CC=CC=C6)=NC(NC(P7(C8=C(C9=C(O7)C=CC=C9)C=CC=C8)=O)C%10=CC(O)=C(O)C=C%10)=N5)=CC=C1O,O=P1(C(Nc2nc(NC(c3ccc(O)c(O)c3)P3(=O)Oc4ccccc4-c4ccccc43)nc(-c3ccccc3)n2)c2ccc(O)c(O)c2)Oc2ccccc2-c2ccccc21,P-N,DOPO-based (reactive),https://doi.org/10.1016/j.mtcomm.2024.109421,training_seed,P-N,2,review_manually,NH2/NH;OH,DOPO-based (reactive),A,859.7720000000003,O=P1(C(Nc2nc(NC(c3ccccc3)P3(=O)Oc4ccccc4-c4ccccc43)nc(-c3ccccc3)n2)c2ccccc2)Oc2ccccc2-c2ccccc21,7.20516602075899,8.145764225864529,0.0,0.0,0.0,True,False,"Existing training molecule; use as design reference, not as a new discovery.",True,True,True,True,training_reference,2,,,,,,,Training reference
LIB_0120,TRAIN_120,IPD,O=P1(C2=C(C3=C(O1)C=CC=C3)C=CC=C2)C(C4=CNC5=C4C=CC=C5)NCCC6=CNC7=C6C=CC=C7,O=P1(C(NCCc2c[nH]c3ccccc23)c2c[nH]c3ccccc23)Oc2ccccc2-c2ccccc21,P-N,DOPO-based (reactive),https://doi.org/10.1016/j.mtcomm.2024.111470,training_seed,P-N,1,review_manually,NH2/NH,DOPO-based (reactive),A,503.5420000000002,O=P1(C(NCCc2c[nH]c3ccccc23)c2c[nH]c3ccccc23)Oc2ccccc2-c2ccccc21,6.151224724054794,8.345083428989039,0.0,0.0,0.0,True,False,"Existing training molecule; use as design reference, not as a new discovery.",True,True,True,True,training_reference,1,,,,,,,Training reference
LIB_0121,TRAIN_121,PDC,CC(C[Si]12O[Si]3(O[Si]4(O[Si](O1)(O[Si]5(O[Si](O2)(O[Si](O3)(O[Si](O4)(O5)CC(C)C)CC(C)C)CCCNC(C6=CC(O)=C(O)C=C6)P(OC7=C8C=CC=C7)(C9=C8C=CC=C9)=O)CC(C)C)CC(C)C)CC(C)C)CC(C)C)C,CC(C)C[Si]12O[Si]3(CCCNC(c4ccc(O)c(O)c4)P4(=O)Oc5ccccc5-c5ccccc54)O[Si]4(CC(C)C)O[Si](CC(C)C)(O1)O[Si]1(CC(C)C)O[Si](CC(C)C)(O2)O[Si](CC(C)C)(O3)O[Si](CC(C)C)(O4)O1,P-Si,DOPO-based (additive),https://doi.org/10.1002/pat.5262,training_seed,P-N-Si,1,review_manually,NH2/NH;OH,DOPO-based (additive),A,1210.874999999999,O=P1(C(NCCC[Si]23O[SiH]4O[SiH]5O[SiH]6O[SiH](O4)O[SiH](O[SiH](O6)O[SiH](O5)O2)O3)c2ccccc2)Oc2ccccc2-c2ccccc21,2.557984928254363,1.156766800867142,0.0,0.0,18.55583772065656,True,False,"Existing training molecule; use as design reference, not as a new discovery.",True,True,True,True,training_reference,1,,,,,,,Training reference
LIB_0122,TRAIN_122,PPCANT,O=P1(C2=C(C3=C(O1)C=CC=C3)C=CC=C2)C(NC4=CC=C([N+]([O-])=O)C=C4)CC(P5(C6=C(C7=C(O5)C=CC=C7)C=CC=C6)=O)C8=CC=CC=C8,O=[N+]([O-])c1ccc(NC(CC(c2ccccc2)P2(=O)Oc3ccccc3-c3ccccc32)P2(=O)Oc3ccccc3-c3ccccc32)cc1,P-N,DOPO-based (reactive),https://doi.org/10.1016/j.colsurfa.2023.132815,training_seed,P-N,2,review_manually,NH2/NH,DOPO-based (reactive),A,684.6250000000002,O=P1(C(CC(c2ccccc2)P2(=O)Oc3ccccc3-c3ccccc32)Nc2ccccc2)Oc2ccccc2-c2ccccc21,9.0484571845901,4.091875114113565,0.0,0.0,0.0,True,False,"Existing training molecule; use as design reference, not as a new discovery.",True,True,True,True,training_reference,2,,,,,,,Training reference
LIB_0123,TRAIN_123,PABO,O=P(C1=C2C=CC=C1)(C(C3=CC=C(O)C=C3)NC4=CC=C(C#N)C=C4)OC5=C2C=CC=C5,N#Cc1ccc(NC(c2ccc(O)cc2)P2(=O)Oc3ccccc3-c3ccccc32)cc1,P-N,DOPO-based (reactive),https://doi.org/10.1016/j.polymdegradstab.2022.110142,training_seed,P-N,1,review_manually,NH2/NH;OH,DOPO-based (reactive),A,438.4230000000002,O=P1(C(Nc2ccccc2)c2ccccc2)Oc2ccccc2-c2ccccc21,7.064866578623838,6.389719517452321,0.0,0.0,0.0,True,False,"Existing training molecule; use as design reference, not as a new discovery.",True,True,True,True,training_reference,1,,,,,,,Training reference
LIB_0124,TRAIN_124,DPAK,O=P1(C2=C(C3=C(O1)C=CC=C3)C=CC=C2)CNCCC[Si](OC)(OC)OC,CO[Si](CCCNCP1(=O)Oc2ccccc2-c2ccccc21)(OC)OC,P-N-Si,DOPO-based (reactive),https://doi.org/10.1002/app.49427,training_seed,P-N-Si,1,review_manually,NH2/NH,DOPO-based (reactive),A,407.47900000000016,O=[PH]1Oc2ccccc2-c2ccccc21,7.601373322306178,3.437477759590064,0.0,0.0,6.892625141418328,True,False,"Existing training molecule; use as design reference, not as a new discovery.",True,True,True,True,training_reference,1,,,,,,,Training reference
LIB_0125,TRAIN_125,ANDD,O=P(C1=C2C=CC=C1)(C(NC3=C4C=CC=C(NC(P5(C6=C(C7=C(O5)C=CC=C7)C=CC=C6)=O)C8=CC=C(O)C(O)=C8)C4=CC=C3)C9=CC=C(O)C(O)=C9)OC%10=C2C=CC=C%10,O=P1(C(Nc2cccc3c(NC(c4ccc(O)c(O)c4)P4(=O)Oc5ccccc5-c5ccccc54)cccc23)c2ccc(O)c(O)c2)Oc2ccccc2-c2ccccc21,P-N,DOPO-based (Co-curing),https://doi.org/10.1016/j.eurpolymj.2024.113605,training_seed,P-N,2,review_manually,NH2/NH;OH,DOPO-based (Co-curing),A,830.7700000000002,O=P1(C(Nc2cccc3c(NC(c4ccccc4)P4(=O)Oc5ccccc5-c5ccccc54)cccc23)c2ccccc2)Oc2ccccc2-c2ccccc21,7.456696799354813,3.372052433284783,0.0,0.0,0.0,True,False,"Existing training molecule; use as design reference, not as a new discovery.",True,True,True,True,training_reference,2,,,,,,,Training reference
LIB_0126,TRAIN_126,PHAO,O=P(C1=C2C=CC=C1)(C(NC3=CC=C(C#N)C=C3)C4=CC(O)=C(O)C=C4)OC5=C2C=CC=C5,N#Cc1ccc(NC(c2ccc(O)c(O)c2)P2(=O)Oc3ccccc3-c3ccccc32)cc1,P-N,DOPO-based (reactive),https://doi.org/10.1002/app.54680,training_seed,P-N,1,review_manually,NH2/NH;OH,DOPO-based (reactive),A,454.4220000000002,O=P1(C(Nc2ccccc2)c2ccccc2)Oc2ccccc2-c2ccccc21,6.816131261250553,6.164754347280719,0.0,0.0,0.0,True,False,"Existing training molecule; use as design reference, not as a new discovery.",True,True,True,True,training_reference,1,,,,,,,Training reference
LIB_0127,TRAIN_127,HP-DOPO,OC1=C(CCCP2(C3=C(C4=C(O2)C=CC=C4)C=CC=C3)=O)C=CC=C1,O=P1(CCCc2ccccc2O)Oc2ccccc2-c2ccccc21,P-only,DOPO-based (additive),https://doi.org/10.1016/j.polymdegradstab.2023.110579,training_seed,P-only,1,review_manually,OH,DOPO-based (additive),A,350.3540000000001,O=P1(CCCc2ccccc2)Oc2ccccc2-c2ccccc21,8.84077247583872,0.0,0.0,0.0,0.0,True,False,"Existing training molecule; use as design reference, not as a new discovery.",True,True,True,True,training_reference,1,,,,,,,Training reference
LIB_0128,TRAIN_128,DOPO-DA,O=P(C1=CC=CC=C21)(NCCC3=CC=C(O)C(O)=C3)OC4=C2C=CC=C4,O=P1(NCCc2ccc(O)c(O)c2)Oc2ccccc2-c2ccccc21,P-N,DOPO-based (additive),https://doi.org/10.1016/j.cej.2024.149910,training_seed,P-N,1,review_manually,OH,DOPO-based (additive),A,367.34100000000007,O=P1(NCCc2ccccc2)Oc2ccccc2-c2ccccc21,8.431947427594523,3.813078311432701,0.0,0.0,0.0,True,False,"Existing training molecule; use as design reference, not as a new discovery.",True,True,True,True,training_reference,1,,,,,,,Training reference
LIB_0129,TRAIN_129,BDO,O=P(CC(NC1=NNC(NC(P2(C3=C(C4=C(O2)C=CC=C4)C=CC=C3)=O)C5=CC=CS5)=N1)C6=CC=CS6)(C7=C8C=CC=C7)OC9=C8C=CC=C9,O=P1(CC(Nc2n[nH]c(NC(c3cccs3)P3(=O)Oc4ccccc4-c4ccccc43)n2)c2cccs2)Oc2ccccc2-c2ccccc21,P-N-S,DOPO-based (Co-curing),https://doi.org/10.1016/j.compositesb.2021.109392,training_seed,P-N-S,2,review_manually,NH2/NH,DOPO-based (Co-curing),A,733.7520000000003,O=P1(CC(Nc2n[nH]c(NC(c3cccs3)P3(=O)Oc4ccccc4-c4ccccc43)n2)c2cccs2)Oc2ccccc2-c2ccccc21,8.442634568628089,9.544778072155166,8.740555392012556,0.0,0.0,True,False,"Existing training molecule; use as design reference, not as a new discovery.",True,True,True,True,training_reference,2,,,,,,,Training reference
LIB_0130,TRAIN_130,PDPO,O=P(C1=C2C=CC=C1)(C(NC3=CC=C(CC4=CC=C(NC(P5(C6=C(C7=C(O5)C=CC=C7)C=CC=C6)=O)C8=CC=C(C#N)C=C8)C=C4)C=C3)C9=CC=C(C#N)C=C9)OC%10=C2C=CC=C%10.O=C=O.O=C=O,N#Cc1ccc(C(Nc2ccc(Cc3ccc(NC(c4ccc(C#N)cc4)P4(=O)Oc5ccccc5-c5ccccc54)cc3)cc2)P2(=O)Oc3ccccc3-c3ccccc32)cc1.O=C=O.O=C=O,P-N,DOPO-based (additive),https://doi.org/10.1016/j.porgcoat.2023.107897,training_seed,P-N,2,review_manually,NH2/NH,DOPO-based (additive),A,944.8770000000004,O=P1(C(Nc2ccc(Cc3ccc(NC(c4ccccc4)P4(=O)Oc5ccccc5-c5ccccc54)cc3)cc2)c2ccccc2)Oc2ccccc2-c2ccccc21,6.556197261654161,5.929660685994048,0.0,0.0,0.0,True,False,"Existing training molecule; use as design reference, not as a new discovery.",True,True,True,True,training_reference,2,,,,,,,Training reference
LIB_0131,TRAIN_131,ABD,O=P(CCC(P1(C2=C(C3=C(O1)C=CC=C3)C=CC=C2)=O)O)(C4=C5C=CC=C4)OC6=C5C=CC=C6,O=P1(CCC(O)P2(=O)Oc3ccccc3-c3ccccc32)Oc2ccccc2-c2ccccc21,P-P,DOPO-based (reactive),https://doi.org/10.1016/j.polymdegradstab.2019.06.024,training_seed,P-only,2,review_manually,OH,DOPO-based (reactive),A,488.4160000000002,O=P1(CCCP2(=O)Oc3ccccc3-c3ccccc32)Oc2ccccc2-c2ccccc21,12.68345017362248,0.0,0.0,0.0,0.0,True,False,"Existing training molecule; use as design reference, not as a new discovery.",True,True,True,True,training_reference,2,,,,,,,Training reference
LIB_0132,TRAIN_132,DCAD,O=P1(C2=C(C3=C(O1)C=CC=C3)C=CC=C2)C(/C=C/C4=CC=CC=C4)NC(C=C5)=CC=C5NC(P6(C7=C(C8=C(O6)C=CC=C8)C=CC=C7)=O)/C=C/C9=CC=CC=C9,O=P1(C(/C=C/c2ccccc2)Nc2ccc(NC(/C=C/c3ccccc3)P3(=O)Oc4ccccc4-c4ccccc43)cc2)Oc2ccccc2-c2ccccc21,P-N,DOPO-based (reactive),https://doi.org/10.1016/j.polymdegradstab.2019.109063,training_seed,P-N,2,review_manually,NH2/NH;allyl/vinyl,DOPO-based (reactive),A,768.7900000000002,O=P1(C(/C=C/c2ccccc2)Nc2ccc(NC(/C=C/c3ccccc3)P3(=O)Oc4ccccc4-c4ccccc43)cc2)Oc2ccccc2-c2ccccc21,8.057857152148179,3.643907959260656,0.0,0.0,0.0,True,False,"Existing training molecule; use as design reference, not as a new discovery.",True,True,True,True,training_reference,2,,,,,,,Training reference
LIB_0133,TRAIN_133,DQ,O=P(C1=C2C=CC=C1)(OC3=CC4=C(C(C(O)=C(O4)C5=CC=C(O)C(OP6(C7=C(C8=CC=CC=C8O6)C=CC=C7)=O)=C5)=O)C(O)=C3)OC9=C2C=CC=C9,O=c1c(O)c(-c2ccc(O)c(OP3(=O)Oc4ccccc4-c4ccccc43)c2)oc2cc(OP3(=O)Oc4ccccc4-c4ccccc43)cc(O)c12,P-only,DOPO-based (reactive),https://doi.org/10.1016/j.susmat.2025.e01575,training_seed,P-only,2,review_manually,OH,DOPO-based (reactive),A,730.5580000000001,O=c1cc(-c2cccc(OP3(=O)Oc4ccccc4-c4ccccc43)c2)oc2cc(OP3(=O)Oc4ccccc4-c4ccccc43)ccc12,8.479545771862055,0.0,0.0,0.0,0.0,True,False,"Existing training molecule; use as design reference, not as a new discovery.",True,True,True,True,training_reference,2,,,,,,,Training reference
LIB_0134,TRAIN_134,DOPO-THPO,O=P(OCP(COP1(C2=C(C3=C(O1)C=CC=C3)C=CC=C2)=O)(COP4(C5=C(C6=C(O4)C=CC=C6)C=CC=C5)=O)=O)(C7=C8C=CC=C7)OC9=C8C=CC=C9,O=P(COP1(=O)Oc2ccccc2-c2ccccc21)(COP1(=O)Oc2ccccc2-c2ccccc21)COP1(=O)Oc2ccccc2-c2ccccc21,P-P,DOPO-based (additive),https://doi.org/10.1016/j.polymdegradstab.2018.01.024,training_seed,P-only,3,review_manually,none,DOPO-based (additive),A,782.5550000000002,O=P(COP1(=O)Oc2ccccc2-c2ccccc21)(COP1(=O)Oc2ccccc2-c2ccccc21)COP1(=O)Oc2ccccc2-c2ccccc21,15.832241823258428,0.0,0.0,0.0,0.0,True,False,"Existing training molecule; use as design reference, not as a new discovery.",True,True,True,True,training_reference,3,,,,,,,Training reference
LIB_0135,TRAIN_135,TDCA-DOPO-1,O=P1(C2=C(C3=C(O1)C=CC=C3)C=CC=C2)C(OP(C4=CC=CC=C4)C5=CC=CC=C5)C(C=C6)=CC=C6C(P7(C8=C(C9=C(O7)C=CC=C9)C=CC=C8)=O)OP(C%10=CC=CC=C%10)C%11=CC=CC=C%11,O=P1(C(OP(c2ccccc2)c2ccccc2)c2ccc(C(OP(c3ccccc3)c3ccccc3)P3(=O)Oc4ccccc4-c4ccccc43)cc2)Oc2ccccc2-c2ccccc21,P-only,DOPO-based (additive),https://doi.org/10.1007/s00289-023-04997-x,training_seed,P-only,2,review_manually,none,DOPO-based (additive),A,934.8420000000002,O=P1(C(OP(c2ccccc2)c2ccccc2)c2ccc(C(OP(c3ccccc3)c3ccccc3)P3(=O)Oc4ccccc4-c4ccccc43)cc2)Oc2ccccc2-c2ccccc21,13.25314866041534,0.0,0.0,0.0,0.0,True,False,"Existing training molecule; use as design reference, not as a new discovery.",True,True,True,True,training_reference,2,,,,,,,Training reference
LIB_0136,TRAIN_136,TDCA-DOPO-2,O=P1(C2=C(C3=C(O1)C=CC=C3)C=CC=C2)C(OP(C4=CC=CC=C4)(C5=CC=CC=C5)=O)C(C=C6)=CC=C6C(P7(C8=C(C9=C(O7)C=CC=C9)C=CC=C8)=O)OP(C%10=CC=CC=C%10)(C%11=CC=CC=C%11)=O,O=P(OC(c1ccc(C(OP(=O)(c2ccccc2)c2ccccc2)P2(=O)Oc3ccccc3-c3ccccc32)cc1)P1(=O)Oc2ccccc2-c2ccccc21)(c1ccccc1)c1ccccc1,P-only,DOPO-based (additive),https://doi.org/10.1007/s00289-023-04997-x,training_seed,P-only,2,review_manually,none,DOPO-based (additive),A,966.84,O=P(OC(c1ccc(C(OP(=O)(c2ccccc2)c2ccccc2)P2(=O)Oc3ccccc3-c3ccccc32)cc1)P1(=O)Oc2ccccc2-c2ccccc21)(c1ccccc1)c1ccccc1,12.81452980844814,0.0,0.0,0.0,0.0,True,False,"Existing training molecule; use as design reference, not as a new discovery.",True,True,True,True,training_reference,2,,,,,,,Training reference
LIB_0137,TRAIN_137,TDCA-DOPO-3,O=P1(C2=C(C3=C(O1)C=CC=C3)C=CC=C2)C(OP(OC4=CC=CC=C4)(OC5=CC=CC=C5)=O)C(C=C6)=CC=C6C(P7(C8=C(C9=C(O7)C=CC=C9)C=CC=C8)=O)OP(OC%10=CC=CC=C%10)(OC%11=CC=CC=C%11)=O,O=P(Oc1ccccc1)(Oc1ccccc1)OC(c1ccc(C(OP(=O)(Oc2ccccc2)Oc2ccccc2)P2(=O)Oc3ccccc3-c3ccccc32)cc1)P1(=O)Oc2ccccc2-c2ccccc21,P-only,DOPO-based (additive),https://doi.org/10.1007/s00289-023-04997-x,training_seed,P-only,2,review_manually,none,DOPO-based (additive),A,1030.8360000000002,O=P(Oc1ccccc1)(Oc1ccccc1)OC(c1ccc(C(OP(=O)(Oc2ccccc2)Oc2ccccc2)P2(=O)Oc3ccccc3-c3ccccc32)cc1)P1(=O)Oc2ccccc2-c2ccccc21,12.018982650974548,0.0,0.0,0.0,0.0,True,False,"Existing training molecule; use as design reference, not as a new discovery.",True,True,True,True,training_reference,2,,,,,,,Training reference
LIB_0138,TRAIN_138,VDG,COC1=CC(C(P2(C3=C(C4=C(O2)C=CC=C4)C=CC=C3)=O)NC5=NN=C(N5)NC(P6(C7=C(C8=C(O6)C=CC=C8)C=CC=C7)=O)C9=CC=C(O)C(OC)=C9)=CC=C1O,COc1cc(C(Nc2nnc(NC(c3ccc(O)c(OC)c3)P3(=O)Oc4ccccc4-c4ccccc43)[nH]2)P2(=O)Oc3ccccc3-c3ccccc32)ccc1O,P-N,DOPO-based (Co-curing),https://doi.org/10.1016/j.polymer.2021.123460,training_seed,P-N,2,review_manually,NH2/NH;OH,DOPO-based (Co-curing),A,799.7170000000002,O=P1(C(Nc2nnc(NC(c3ccccc3)P3(=O)Oc4ccccc4-c4ccccc43)[nH]2)c2ccccc2)Oc2ccccc2-c2ccccc21,7.746240232482239,8.757472956058203,0.0,0.0,0.0,True,False,"Existing training molecule; use as design reference, not as a new discovery.",True,True,True,True,training_reference,2,,,,,,,Training reference
LIB_0141,CAND_002,CTP-DOPO-mono-glycidyl,O=P1(C(Nc2ccc(O)cc2)c2ccc(OP3(Oc4ccc(C(Nc5ccc(O)cc5)P5(=O)Oc6ccccc6-c6ccccc65)cc4)=NP(Oc4ccc(C(Nc5ccc(O)cc5)P5(=O)Oc6ccccc6-c6ccccc65)cc4)(Oc4ccc(C(Nc5ccc(O)cc5)P5(=O)Oc6ccccc6-c6ccccc65)cc4)=NP(Oc4ccc(C(Nc5ccc(O)cc5)P5(=O)Oc6ccccc6-c6ccccc65)cc4)(Oc4ccc(C(Nc5ccc(OCC6CO6)cc5)P5(=O)Oc6ccccc6-c6ccccc65)cc4)=N3)cc2)Oc2ccccc2-c2ccccc21,O=P1(C(Nc2ccc(O)cc2)c2ccc(OP3(Oc4ccc(C(Nc5ccc(O)cc5)P5(=O)Oc6ccccc6-c6ccccc65)cc4)=NP(Oc4ccc(C(Nc5ccc(O)cc5)P5(=O)Oc6ccccc6-c6ccccc65)cc4)(Oc4ccc(C(Nc5ccc(O)cc5)P5(=O)Oc6ccccc6-c6ccccc65)cc4)=NP(Oc4ccc(C(Nc5ccc(O)cc5)P5(=O)Oc6ccccc6-c6ccccc65)cc4)(Oc4ccc(C(Nc5ccc(OCC6CO6)cc5)P5(=O)Oc6ccccc6-c6ccccc65)cc4)=N3)cc2)Oc2ccccc2-c2ccccc21,,DOPO-based (Co-curing),Designed,designed,P-N,6,phosphazene-rich aromatic network,epoxy;OH,Co-curing,C,2761.4309999999923,O=P1(C(Nc2ccccc2)c2ccc(OP3(Oc4ccc(C(Nc5ccccc5)P5(=O)Oc6ccccc6-c6ccccc65)cc4)=NP(Oc4ccc(C(Nc5ccccc5)P5(=O)Oc6ccccc6-c6ccccc65)cc4)(Oc4ccc(C(Nc5ccccc5)P5(=O)Oc6ccccc6-c6ccccc65)cc4)=NP(Oc4ccc(C(Nc5ccccc5)P5(=O)Oc6ccccc6-c6ccccc65)cc4)(Oc4ccc(C(Nc5ccc(OCC6CO6)cc5)P5(=O)Oc6ccccc6-c6ccccc65)cc4)=N3)cc2)Oc2ccccc2-c2ccccc21,10.094983361887397,4.565133077741228,0.0,0.0,0.0,False,False,"Parent=TRAIN_041 (CTP-DOPO); One phenolic OH was changed to a glycidyl ether. This is a high-molecular-weight exploratory candidate. Computational candidate; synthesis route, regioselectivity, stability and EP compatibility require review.",True,True,True,False,synthesis_level_C_or_missing,6,1.0,1.0,0.0,0.0,0.0,2.0,Candidate
LIB_0158,CAND_019,TetraDSi-mono-glycidyl,CC(C)(c1ccc(O)c(CCCP2(=O)Oc3ccccc3-c3ccccc32)c1)c1ccc(O[Si](Oc2ccc(C(C)(C)c3ccc(O)c(CCCP4(=O)Oc5ccccc5-c5ccccc54)c3)cc2CCCP2(=O)Oc3ccccc3-c3ccccc32)(Oc2ccc(C(C)(C)c3ccc(O)c(CCCP4(=O)Oc5ccccc5-c5ccccc54)c3)cc2CCCP2(=O)Oc3ccccc3-c3ccccc32)Oc2ccc(C(C)(C)c3ccc(OCC4CO4)c(CCCP4(=O)Oc5ccccc5-c5ccccc54)c3)cc2CCCP2(=O)Oc3ccccc3-c3ccccc32)c(CCCP2(=O)Oc3ccccc3-c3ccccc32)c1,CC(C)(c1ccc(O)c(CCCP2(=O)Oc3ccccc3-c3ccccc32)c1)c1ccc(O[Si](Oc2ccc(C(C)(C)c3ccc(O)c(CCCP4(=O)Oc5ccccc5-c5ccccc54)c3)cc2CCCP2(=O)Oc3ccccc3-c3ccccc32)(Oc2ccc(C(C)(C)c3ccc(O)c(CCCP4(=O)Oc5ccccc5-c5ccccc54)c3)cc2CCCP2(=O)Oc3ccccc3-c3ccccc32)Oc2ccc(C(C)(C)c3ccc(OCC4CO4)c(CCCP4(=O)Oc5ccccc5-c5ccccc54)c3)cc2CCCP2(=O)Oc3ccccc3-c3ccccc32)c(CCCP2(=O)Oc3ccccc3-c3ccccc32)c1,,DOPO-based (Co-curing),Designed,designed,P-Si,8,tetrafunctional silicate,epoxy;OH,Co-curing,C,3043.209999999991,O=P1(CCCc2cccc(Cc3ccc(O[Si](Oc4ccc(Cc5cccc(CCCP6(=O)Oc7ccccc7-c7ccccc76)c5)cc4CCCP4(=O)Oc5ccccc5-c5ccccc54)(Oc4ccc(Cc5cccc(CCCP6(=O)Oc7ccccc7-c7ccccc76)c5)cc4CCCP4(=O)Oc5ccccc5-c5ccccc54)Oc4ccc(Cc5ccc(OCC6CO6)c(CCCP6(=O)Oc7ccccc7-c7ccccc76)c5)cc4CCCP4(=O)Oc5ccccc5-c5ccccc54)c(CCCP4(=O)Oc5ccccc5-c5ccccc54)c3)c2)Oc2ccccc2-c2ccccc21,8.142454842091105,0.0,0.0,0.0,0.9229070619510347,False,False,"Parent=TRAIN_103 (TetraDSi); One phenolic OH was changed to a glycidyl ether. This is a high-molecular-weight exploratory candidate. Computational candidate; synthesis route, regioselectivity, stability and EP compatibility require review.",True,True,True,False,synthesis_level_C_or_missing,8,1.0,0.0,0.0,0.0,1.0,2.0,Candidate
LIB_0186,CAND_R2_027,CTP-DOPO-amino,Nc1cc(NC(c2ccc(OP3(Oc4ccc(C(Nc5ccc(O)cc5)P5(=O)Oc6ccccc6-c6ccccc65)cc4)=NP(Oc4ccc(C(Nc5ccc(O)cc5)P5(=O)Oc6ccccc6-c6ccccc65)cc4)(Oc4ccc(C(Nc5ccc(O)cc5)P5(=O)Oc6ccccc6-c6ccccc65)cc4)=NP(Oc4ccc(C(Nc5ccc(O)cc5)P5(=O)Oc6ccccc6-c6ccccc65)cc4)(Oc4ccc(C(Nc5ccc(O)cc5)P5(=O)Oc6ccccc6-c6ccccc65)cc4)=N3)cc2)P2(=O)Oc3ccccc3-c3ccccc32)ccc1O,Nc1cc(NC(c2ccc(OP3(Oc4ccc(C(Nc5ccc(O)cc5)P5(=O)Oc6ccccc6-c6ccccc65)cc4)=NP(Oc4ccc(C(Nc5ccc(O)cc5)P5(=O)Oc6ccccc6-c6ccccc65)cc4)(Oc4ccc(C(Nc5ccc(O)cc5)P5(=O)Oc6ccccc6-c6ccccc65)cc4)=NP(Oc4ccc(C(Nc5ccc(O)cc5)P5(=O)Oc6ccccc6-c6ccccc65)cc4)(Oc4ccc(C(Nc5ccc(O)cc5)P5(=O)Oc6ccccc6-c6ccccc65)cc4)=N3)cc2)P2(=O)Oc3ccccc3-c3ccccc32)ccc1O,,DOPO-based (Co-curing),Designed,designed,P-N,6,aryl-amino,NH2,Co-curing,C,2720.3819999999923,O=P1(C(Nc2ccccc2)c2ccc(OP3(Oc4ccc(C(Nc5ccccc5)P5(=O)Oc6ccccc6-c6ccccc65)cc4)=NP(Oc4ccc(C(Nc5ccccc5)P5(=O)Oc6ccccc6-c6ccccc65)cc4)(Oc4ccc(C(Nc5ccccc5)P5(=O)Oc6ccccc6-c6ccccc65)cc4)=NP(Oc4ccc(C(Nc5ccccc5)P5(=O)Oc6ccccc6-c6ccccc65)cc4)(Oc4ccc(C(Nc5ccccc5)P5(=O)Oc6ccccc6-c6ccccc65)cc4)=N3)cc2)Oc2ccccc2-c2ccccc21,10.24731085560781,5.148909234070818,0.0,0.0,0.0,False,False,"Parent=TRAIN_041 (CTP-DOPO); Change=Added amino at aromatic atom 157.; Attachment=peripheral_aromatic; One-factor computational analogue. Parent_Tanimoto_r3=0.833; Max_Train_Tanimoto_r3=0.833; Risk=high molecular weight; high DOPO count; exploratory only; excluded from formal screening. Synthesis route, regioselectivity, stability, equivalent balance and EP compatibility require manual review.",True,True,True,False,synthesis_level_C_or_missing,6,1.0,1.0,0.0,0.0,0.0,2.0,Candidate
LIB_0187,CAND_R2_028,CTP-DOPO-hydroxy,O=P1(C(Nc2ccc(O)cc2)c2ccc(OP3(Oc4ccc(C(Nc5ccc(O)cc5)P5(=O)Oc6ccccc6-c6ccccc65)cc4)=NP(Oc4ccc(C(Nc5ccc(O)cc5)P5(=O)Oc6ccccc6-c6ccccc65)cc4)(Oc4ccc(C(Nc5ccc(O)cc5)P5(=O)Oc6ccccc6-c6ccccc65)cc4)=NP(Oc4ccc(C(Nc5ccc(O)cc5)P5(=O)Oc6ccccc6-c6ccccc65)cc4)(Oc4ccc(C(Nc5ccc(O)c(O)c5)P5(=O)Oc6ccccc6-c6ccccc65)cc4)=N3)cc2)Oc2ccccc2-c2ccccc21,O=P1(C(Nc2ccc(O)cc2)c2ccc(OP3(Oc4ccc(C(Nc5ccc(O)cc5)P5(=O)Oc6ccccc6-c6ccccc65)cc4)=NP(Oc4ccc(C(Nc5ccc(O)cc5)P5(=O)Oc6ccccc6-c6ccccc65)cc4)(Oc4ccc(C(Nc5ccc(O)cc5)P5(=O)Oc6ccccc6-c6ccccc65)cc4)=NP(Oc4ccc(C(Nc5ccc(O)cc5)P5(=O)Oc6ccccc6-c6ccccc65)cc4)(Oc4ccc(C(Nc5ccc(O)c(O)c5)P5(=O)Oc6ccccc6-c6ccccc65)cc4)=N3)cc2)Oc2ccccc2-c2ccccc21,,DOPO-based (additive),Designed,designed,P-N,6,aryl-hydroxy,OH,Additive,C,2721.3659999999923,O=P1(C(Nc2ccccc2)c2ccc(OP3(Oc4ccc(C(Nc5ccccc5)P5(=O)Oc6ccccc6-c6ccccc65)cc4)=NP(Oc4ccc(C(Nc5ccccc5)P5(=O)Oc6ccccc6-c6ccccc65)cc4)(Oc4ccc(C(Nc5ccccc5)P5(=O)Oc6ccccc6-c6ccccc65)cc4)=NP(Oc4ccc(C(Nc5ccccc5)P5(=O)Oc6ccccc6-c6ccccc65)cc4)(Oc4ccc(C(Nc5ccccc5)P5(=O)Oc6ccccc6-c6ccccc65)cc4)=N3)cc2)Oc2ccccc2-c2ccccc21,10.2436056010107,4.632342727880056,0.0,0.0,0.0,False,False,"Parent=TRAIN_041 (CTP-DOPO); Change=Added hydroxy at aromatic atom 157.; Attachment=peripheral_aromatic; One-factor computational analogue. Parent_Tanimoto_r3=0.852; Max_Train_Tanimoto_r3=0.852; Risk=high molecular weight; high DOPO count; exploratory only; excluded from formal screening. Synthesis route, regioselectivity, stability, equivalent balance and EP compatibility require manual review.",True,True,True,False,synthesis_level_C_or_missing,6,1.0,1.0,0.0,0.0,0.0,0.0,Candidate
LIB_0188,CAND_R2_029,CTP-DOPO-boronic-acid,O=P1(C(Nc2ccc(O)cc2)c2ccc(OP3(Oc4ccc(C(Nc5ccc(O)cc5)P5(=O)Oc6ccccc6-c6ccccc65)cc4)=NP(Oc4ccc(C(Nc5ccc(O)cc5)P5(=O)Oc6ccccc6-c6ccccc65)cc4)(Oc4ccc(C(Nc5ccc(O)cc5)P5(=O)Oc6ccccc6-c6ccccc65)cc4)=NP(Oc4ccc(C(Nc5ccc(O)cc5)P5(=O)Oc6ccccc6-c6ccccc65)cc4)(Oc4ccc(C(Nc5ccc(O)c(B(O)O)c5)P5(=O)Oc6ccccc6-c6ccccc65)cc4)=N3)cc2)Oc2ccccc2-c2ccccc21,O=P1(C(Nc2ccc(O)cc2)c2ccc(OP3(Oc4ccc(C(Nc5ccc(O)cc5)P5(=O)Oc6ccccc6-c6ccccc65)cc4)=NP(Oc4ccc(C(Nc5ccc(O)cc5)P5(=O)Oc6ccccc6-c6ccccc65)cc4)(Oc4ccc(C(Nc5ccc(O)cc5)P5(=O)Oc6ccccc6-c6ccccc65)cc4)=NP(Oc4ccc(C(Nc5ccc(O)cc5)P5(=O)Oc6ccccc6-c6ccccc65)cc4)(Oc4ccc(C(Nc5ccc(O)c(B(O)O)c5)P5(=O)Oc6ccccc6-c6ccccc65)cc4)=N3)cc2)Oc2ccccc2-c2ccccc21,,DOPO-based (additive),Designed,designed,P-N-B,6,aryl-boronic-acid,B(OH)2,Additive,C,2749.1849999999918,O=P1(C(Nc2ccccc2)c2ccc(OP3(Oc4ccc(C(Nc5ccccc5)P5(=O)Oc6ccccc6-c6ccccc65)cc4)=NP(Oc4ccc(C(Nc5ccccc5)P5(=O)Oc6ccccc6-c6ccccc65)cc4)(Oc4ccc(C(Nc5ccccc5)P5(=O)Oc6ccccc6-c6ccccc65)cc4)=NP(Oc4ccc(C(Nc5ccccc5)P5(=O)Oc6ccccc6-c6ccccc65)cc4)(Oc4ccc(C(Nc5ccccc5)P5(=O)Oc6ccccc6-c6ccccc65)cc4)=N3)cc2)Oc2ccccc2-c2ccccc21,10.13995056716812,4.585468056896876,0.0,0.3932801903109479,0.0,False,False,"Parent=TRAIN_041 (CTP-DOPO); Change=Added boronic_acid at aromatic atom 157.; Attachment=peripheral_aromatic; One-factor computational analogue. Parent_Tanimoto_r3=0.798; Max_Train_Tanimoto_r3=0.798; Risk=high molecular weight; high DOPO count; exploratory only; excluded from formal screening. Synthesis route, regioselectivity, stability, equivalent balance and EP compatibility require manual review.",True,True,True,False,synthesis_level_C_or_missing,6,1.0,1.0,0.0,1.0,0.0,0.0,Candidate
LIB_0189,CAND_R2_030,CTP-DOPO-glycidyloxy,O=P1(C(Nc2ccc(O)cc2)c2ccc(OP3(Oc4ccc(C(Nc5ccc(O)cc5)P5(=O)Oc6ccccc6-c6ccccc65)cc4)=NP(Oc4ccc(C(Nc5ccc(O)cc5)P5(=O)Oc6ccccc6-c6ccccc65)cc4)(Oc4ccc(C(Nc5ccc(O)cc5)P5(=O)Oc6ccccc6-c6ccccc65)cc4)=NP(Oc4ccc(C(Nc5ccc(O)cc5)P5(=O)Oc6ccccc6-c6ccccc65)cc4)(Oc4ccc(C(Nc5ccc(O)c(OCC6CO6)c5)P5(=O)Oc6ccccc6-c6ccccc65)cc4)=N3)cc2)Oc2ccccc2-c2ccccc21,O=P1(C(Nc2ccc(O)cc2)c2ccc(OP3(Oc4ccc(C(Nc5ccc(O)cc5)P5(=O)Oc6ccccc6-c6ccccc65)cc4)=NP(Oc4ccc(C(Nc5ccc(O)cc5)P5(=O)Oc6ccccc6-c6ccccc65)cc4)(Oc4ccc(C(Nc5ccc(O)cc5)P5(=O)Oc6ccccc6-c6ccccc65)cc4)=NP(Oc4ccc(C(Nc5ccc(O)cc5)P5(=O)Oc6ccccc6-c6ccccc65)cc4)(Oc4ccc(C(Nc5ccc(O)c(OCC6CO6)c5)P5(=O)Oc6ccccc6-c6ccccc65)cc4)=N3)cc2)Oc2ccccc2-c2ccccc21,,DOPO-based (Co-curing),Designed,designed,P-N,6,aryl-glycidyl-ether,epoxy,Co-curing,C,2777.429999999992,O=P1(C(Nc2ccccc2)c2ccc(OP3(Oc4ccc(C(Nc5ccccc5)P5(=O)Oc6ccccc6-c6ccccc65)cc4)=NP(Oc4ccc(C(Nc5ccccc5)P5(=O)Oc6ccccc6-c6ccccc65)cc4)(Oc4ccc(C(Nc5ccccc5)P5(=O)Oc6ccccc6-c6ccccc65)cc4)=NP(Oc4ccc(C(Nc5ccccc5)P5(=O)Oc6ccccc6-c6ccccc65)cc4)(Oc4ccc(C(Nc5cccc(OCC6CO6)c5)P5(=O)Oc6ccccc6-c6ccccc65)cc4)=N3)cc2)Oc2ccccc2-c2ccccc21,10.036832611442982,4.5388362623000535,0.0,0.0,0.0,False,False,"Parent=TRAIN_041 (CTP-DOPO); Change=Added glycidyloxy at aromatic atom 157.; Attachment=peripheral_aromatic; One-factor computational analogue. Parent_Tanimoto_r3=0.714; Max_Train_Tanimoto_r3=0.714; Risk=high molecular weight; high DOPO count; exploratory only; excluded from formal screening. Synthesis route, regioselectivity, stability, equivalent balance and EP compatibility require manual review.",True,True,True,False,synthesis_level_C_or_missing,6,1.0,1.0,0.0,0.0,0.0,2.0,Candidate
LIB_0190,CAND_R2_031,CTP-DOPO-OH-glycidyl-all,O=P1(C(Nc2ccc(OCC3CO3)cc2)c2ccc(OP3(Oc4ccc(C(Nc5ccc(OCC6CO6)cc5)P5(=O)Oc6ccccc6-c6ccccc65)cc4)=NP(Oc4ccc(C(Nc5ccc(OCC6CO6)cc5)P5(=O)Oc6ccccc6-c6ccccc65)cc4)(Oc4ccc(C(Nc5ccc(OCC6CO6)cc5)P5(=O)Oc6ccccc6-c6ccccc65)cc4)=NP(Oc4ccc(C(Nc5ccc(OCC6CO6)cc5)P5(=O)Oc6ccccc6-c6ccccc65)cc4)(Oc4ccc(C(Nc5ccc(OCC6CO6)cc5)P5(=O)Oc6ccccc6-c6ccccc65)cc4)=N3)cc2)Oc2ccccc2-c2ccccc21,O=P1(C(Nc2ccc(OCC3CO3)cc2)c2ccc(OP3(Oc4ccc(C(Nc5ccc(OCC6CO6)cc5)P5(=O)Oc6ccccc6-c6ccccc65)cc4)=NP(Oc4ccc(C(Nc5ccc(OCC6CO6)cc5)P5(=O)Oc6ccccc6-c6ccccc65)cc4)(Oc4ccc(C(Nc5ccc(OCC6CO6)cc5)P5(=O)Oc6ccccc6-c6ccccc65)cc4)=NP(Oc4ccc(C(Nc5ccc(OCC6CO6)cc5)P5(=O)Oc6ccccc6-c6ccccc65)cc4)(Oc4ccc(C(Nc5ccc(OCC6CO6)cc5)P5(=O)Oc6ccccc6-c6ccccc65)cc4)=N3)cc2)Oc2ccccc2-c2ccccc21,,DOPO-based (Co-curing),Designed,designed,P-N,6,OH-to-glycidyl-ether-all,epoxy,Co-curing,C,3041.7509999999893,O=P1(C(Nc2ccc(OCC3CO3)cc2)c2ccc(OP3(Oc4ccc(C(Nc5ccc(OCC6CO6)cc5)P5(=O)Oc6ccccc6-c6ccccc65)cc4)=NP(Oc4ccc(C(Nc5ccc(OCC6CO6)cc5)P5(=O)Oc6ccccc6-c6ccccc65)cc4)(Oc4ccc(C(Nc5ccc(OCC6CO6)cc5)P5(=O)Oc6ccccc6-c6ccccc65)cc4)=NP(Oc4ccc(C(Nc5ccc(OCC6CO6)cc5)P5(=O)Oc6ccccc6-c6ccccc65)cc4)(Oc4ccc(C(Nc5ccc(OCC6CO6)cc5)P5(=O)Oc6ccccc6-c6ccccc65)cc4)=N3)cc2)Oc2ccccc2-c2ccccc21,9.164655489551938,4.144422077941306,0.0,0.0,0.0,False,False,"Parent=TRAIN_041 (CTP-DOPO); Change=Converted one OH group to a glycidyl ether. Converted all OH groups.; Attachment=all_OH; One-factor computational analogue. Parent_Tanimoto_r3=0.731; Max_Train_Tanimoto_r3=0.731; Risk=high molecular weight; high DOPO count; exploratory only; excluded from formal screening. Synthesis route, regioselectivity, stability, equivalent balance and EP compatibility require manual review.",True,True,True,False,synthesis_level_C_or_missing,6,1.0,1.0,0.0,0.0,0.0,2.0,Candidate
LIB_0191,CAND_R2_032,CTP-DOPO-OH-methyl,COc1ccc(NC(c2ccc(OP3(Oc4ccc(C(Nc5ccc(O)cc5)P5(=O)Oc6ccccc6-c6ccccc65)cc4)=NP(Oc4ccc(C(Nc5ccc(O)cc5)P5(=O)Oc6ccccc6-c6ccccc65)cc4)(Oc4ccc(C(Nc5ccc(O)cc5)P5(=O)Oc6ccccc6-c6ccccc65)cc4)=NP(Oc4ccc(C(Nc5ccc(O)cc5)P5(=O)Oc6ccccc6-c6ccccc65)cc4)(Oc4ccc(C(Nc5ccc(O)cc5)P5(=O)Oc6ccccc6-c6ccccc65)cc4)=N3)cc2)P2(=O)Oc3ccccc3-c3ccccc32)cc1,COc1ccc(NC(c2ccc(OP3(Oc4ccc(C(Nc5ccc(O)cc5)P5(=O)Oc6ccccc6-c6ccccc65)cc4)=NP(Oc4ccc(C(Nc5ccc(O)cc5)P5(=O)Oc6ccccc6-c6ccccc65)cc4)(Oc4ccc(C(Nc5ccc(O)cc5)P5(=O)Oc6ccccc6-c6ccccc65)cc4)=NP(Oc4ccc(C(Nc5ccc(O)cc5)P5(=O)Oc6ccccc6-c6ccccc65)cc4)(Oc4ccc(C(Nc5ccc(O)cc5)P5(=O)Oc6ccccc6-c6ccccc65)cc4)=N3)cc2)P2(=O)Oc3ccccc3-c3ccccc32)cc1,,DOPO-based (additive),Designed,designed,P-N,6,OH-to-methyl-ether,none,Additive,C,2719.3939999999925,O=P1(C(Nc2ccccc2)c2ccc(OP3(Oc4ccc(C(Nc5ccccc5)P5(=O)Oc6ccccc6-c6ccccc65)cc4)=NP(Oc4ccc(C(Nc5ccccc5)P5(=O)Oc6ccccc6-c6ccccc65)cc4)(Oc4ccc(C(Nc5ccccc5)P5(=O)Oc6ccccc6-c6ccccc65)cc4)=NP(Oc4ccc(C(Nc5ccccc5)P5(=O)Oc6ccccc6-c6ccccc65)cc4)(Oc4ccc(C(Nc5ccccc5)P5(=O)Oc6ccccc6-c6ccccc65)cc4)=N3)cc2)Oc2ccccc2-c2ccccc21,10.251033870046076,4.635701924767075,0.0,0.0,0.0,False,False,"Parent=TRAIN_041 (CTP-DOPO); Change=Converted one OH group to a methyl ether. Regioisomer 1.; Attachment=OH_site_1; One-factor computational analogue. Parent_Tanimoto_r3=0.915; Max_Train_Tanimoto_r3=0.915; Risk=high molecular weight; high DOPO count; exploratory only; excluded from formal screening. Synthesis route, regioselectivity, stability, equivalent balance and EP compatibility require manual review.",True,True,True,False,synthesis_level_C_or_missing,6,1.0,1.0,0.0,0.0,0.0,0.0,Candidate
LIB_0192,CAND_R2_033,CTP-DOPO-OH-methyl-all,COc1ccc(NC(c2ccc(OP3(Oc4ccc(C(Nc5ccc(OC)cc5)P5(=O)Oc6ccccc6-c6ccccc65)cc4)=NP(Oc4ccc(C(Nc5ccc(OC)cc5)P5(=O)Oc6ccccc6-c6ccccc65)cc4)(Oc4ccc(C(Nc5ccc(OC)cc5)P5(=O)Oc6ccccc6-c6ccccc65)cc4)=NP(Oc4ccc(C(Nc5ccc(OC)cc5)P5(=O)Oc6ccccc6-c6ccccc65)cc4)(Oc4ccc(C(Nc5ccc(OC)cc5)P5(=O)Oc6ccccc6-c6ccccc65)cc4)=N3)cc2)P2(=O)Oc3ccccc3-c3ccccc32)cc1,COc1ccc(NC(c2ccc(OP3(Oc4ccc(C(Nc5ccc(OC)cc5)P5(=O)Oc6ccccc6-c6ccccc65)cc4)=NP(Oc4ccc(C(Nc5ccc(OC)cc5)P5(=O)Oc6ccccc6-c6ccccc65)cc4)(Oc4ccc(C(Nc5ccc(OC)cc5)P5(=O)Oc6ccccc6-c6ccccc65)cc4)=NP(Oc4ccc(C(Nc5ccc(OC)cc5)P5(=O)Oc6ccccc6-c6ccccc65)cc4)(Oc4ccc(C(Nc5ccc(OC)cc5)P5(=O)Oc6ccccc6-c6ccccc65)cc4)=N3)cc2)P2(=O)Oc3ccccc3-c3ccccc32)cc1,,DOPO-based (additive),Designed,designed,P-N,6,OH-to-methyl-ether-all,none,Additive,C,2789.5289999999914,O=P1(C(Nc2ccccc2)c2ccc(OP3(Oc4ccc(C(Nc5ccccc5)P5(=O)Oc6ccccc6-c6ccccc65)cc4)=NP(Oc4ccc(C(Nc5ccccc5)P5(=O)Oc6ccccc6-c6ccccc65)cc4)(Oc4ccc(C(Nc5ccccc5)P5(=O)Oc6ccccc6-c6ccccc65)cc4)=NP(Oc4ccc(C(Nc5ccccc5)P5(=O)Oc6ccccc6-c6ccccc65)cc4)(Oc4ccc(C(Nc5ccccc5)P5(=O)Oc6ccccc6-c6ccccc65)cc4)=N3)cc2)Oc2ccccc2-c2ccccc21,9.993299944184157,4.519150007044215,0.0,0.0,0.0,False,False,"Parent=TRAIN_041 (CTP-DOPO); Change=Converted one OH group to a methyl ether. Converted all OH groups.; Attachment=all_OH; One-factor computational analogue. Parent_Tanimoto_r3=0.829; Max_Train_Tanimoto_r3=0.829; Risk=high molecular weight; high DOPO count; exploratory only; excluded from formal screening. Synthesis route, regioselectivity, stability, equivalent balance and EP compatibility require manual review.",True,True,True,False,synthesis_level_C_or_missing,6,1.0,1.0,0.0,0.0,0.0,0.0,Candidate
LIB_0193,CAND_R2_034,CTP-DOPO-OH-acetyl,CC(=O)Oc1ccc(NC(c2ccc(OP3(Oc4ccc(C(Nc5ccc(O)cc5)P5(=O)Oc6ccccc6-c6ccccc65)cc4)=NP(Oc4ccc(C(Nc5ccc(O)cc5)P5(=O)Oc6ccccc6-c6ccccc65)cc4)(Oc4ccc(C(Nc5ccc(O)cc5)P5(=O)Oc6ccccc6-c6ccccc65)cc4)=NP(Oc4ccc(C(Nc5ccc(O)cc5)P5(=O)Oc6ccccc6-c6ccccc65)cc4)(Oc4ccc(C(Nc5ccc(O)cc5)P5(=O)Oc6ccccc6-c6ccccc65)cc4)=N3)cc2)P2(=O)Oc3ccccc3-c3ccccc32)cc1,CC(=O)Oc1ccc(NC(c2ccc(OP3(Oc4ccc(C(Nc5ccc(O)cc5)P5(=O)Oc6ccccc6-c6ccccc65)cc4)=NP(Oc4ccc(C(Nc5ccc(O)cc5)P5(=O)Oc6ccccc6-c6ccccc65)cc4)(Oc4ccc(C(Nc5ccc(O)cc5)P5(=O)Oc6ccccc6-c6ccccc65)cc4)=NP(Oc4ccc(C(Nc5ccc(O)cc5)P5(=O)Oc6ccccc6-c6ccccc65)cc4)(Oc4ccc(C(Nc5ccc(O)cc5)P5(=O)Oc6ccccc6-c6ccccc65)cc4)=N3)cc2)P2(=O)Oc3ccccc3-c3ccccc32)cc1,,DOPO-based (additive),Designed,designed,P-N,6,OH-to-acetate,none,Additive,C,2747.4039999999923,O=P1(C(Nc2ccccc2)c2ccc(OP3(Oc4ccc(C(Nc5ccccc5)P5(=O)Oc6ccccc6-c6ccccc65)cc4)=NP(Oc4ccc(C(Nc5ccccc5)P5(=O)Oc6ccccc6-c6ccccc65)cc4)(Oc4ccc(C(Nc5ccccc5)P5(=O)Oc6ccccc6-c6ccccc65)cc4)=NP(Oc4ccc(C(Nc5ccccc5)P5(=O)Oc6ccccc6-c6ccccc65)cc4)(Oc4ccc(C(Nc5ccccc5)P5(=O)Oc6ccccc6-c6ccccc65)cc4)=N3)cc2)Oc2ccccc2-c2ccccc21,10.146523772987184,4.588440578815506,0.0,0.0,0.0,False,False,"Parent=TRAIN_041 (CTP-DOPO); Change=Converted one OH group to an acetate. Regioisomer 1.; Attachment=OH_site_1; One-factor computational analogue. Parent_Tanimoto_r3=0.893; Max_Train_Tanimoto_r3=0.893; Risk=high molecular weight; high DOPO count; exploratory only; excluded from formal screening. Synthesis route, regioselectivity, stability, equivalent balance and EP compatibility require manual review.",True,True,True,False,synthesis_level_C_or_missing,6,1.0,1.0,0.0,0.0,0.0,0.0,Candidate
LIB_0194,CAND_R2_035,CTP-DOPO-OH-acetyl-all,CC(=O)Oc1ccc(NC(c2ccc(OP3(Oc4ccc(C(Nc5ccc(OC(C)=O)cc5)P5(=O)Oc6ccccc6-c6ccccc65)cc4)=NP(Oc4ccc(C(Nc5ccc(OC(C)=O)cc5)P5(=O)Oc6ccccc6-c6ccccc65)cc4)(Oc4ccc(C(Nc5ccc(OC(C)=O)cc5)P5(=O)Oc6ccccc6-c6ccccc65)cc4)=NP(Oc4ccc(C(Nc5ccc(OC(C)=O)cc5)P5(=O)Oc6ccccc6-c6ccccc65)cc4)(Oc4ccc(C(Nc5ccc(OC(C)=O)cc5)P5(=O)Oc6ccccc6-c6ccccc65)cc4)=N3)cc2)P2(=O)Oc3ccccc3-c3ccccc32)cc1,CC(=O)Oc1ccc(NC(c2ccc(OP3(Oc4ccc(C(Nc5ccc(OC(C)=O)cc5)P5(=O)Oc6ccccc6-c6ccccc65)cc4)=NP(Oc4ccc(C(Nc5ccc(OC(C)=O)cc5)P5(=O)Oc6ccccc6-c6ccccc65)cc4)(Oc4ccc(C(Nc5ccc(OC(C)=O)cc5)P5(=O)Oc6ccccc6-c6ccccc65)cc4)=NP(Oc4ccc(C(Nc5ccc(OC(C)=O)cc5)P5(=O)Oc6ccccc6-c6ccccc65)cc4)(Oc4ccc(C(Nc5ccc(OC(C)=O)cc5)P5(=O)Oc6ccccc6-c6ccccc65)cc4)=N3)cc2)P2(=O)Oc3ccccc3-c3ccccc32)cc1,,DOPO-based (additive),Designed,designed,P-N,6,OH-to-acetate-all,none,Additive,C,2957.588999999989,O=P1(C(Nc2ccccc2)c2ccc(OP3(Oc4ccc(C(Nc5ccccc5)P5(=O)Oc6ccccc6-c6ccccc65)cc4)=NP(Oc4ccc(C(Nc5ccccc5)P5(=O)Oc6ccccc6-c6ccccc65)cc4)(Oc4ccc(C(Nc5ccccc5)P5(=O)Oc6ccccc6-c6ccccc65)cc4)=NP(Oc4ccc(C(Nc5ccccc5)P5(=O)Oc6ccccc6-c6ccccc65)cc4)(Oc4ccc(C(Nc5ccccc5)P5(=O)Oc6ccccc6-c6ccccc65)cc4)=N3)cc2)Oc2ccccc2-c2ccccc21,9.425447552043272,4.262356940061668,0.0,0.0,0.0,False,False,"Parent=TRAIN_041 (CTP-DOPO); Change=Converted one OH group to an acetate. Converted all OH groups.; Attachment=all_OH; One-factor computational analogue. Parent_Tanimoto_r3=0.821; Max_Train_Tanimoto_r3=0.821; Risk=high molecular weight; high DOPO count; exploratory only; excluded from formal screening. Synthesis route, regioselectivity, stability, equivalent balance and EP compatibility require manual review.",True,True,True,False,synthesis_level_C_or_missing,6,1.0,1.0,0.0,0.0,0.0,0.0,Candidate
LIB_0195,CAND_R2_036,CTP-DOPO-OH-allyl,C=CCOc1ccc(NC(c2ccc(OP3(Oc4ccc(C(Nc5ccc(O)cc5)P5(=O)Oc6ccccc6-c6ccccc65)cc4)=NP(Oc4ccc(C(Nc5ccc(O)cc5)P5(=O)Oc6ccccc6-c6ccccc65)cc4)(Oc4ccc(C(Nc5ccc(O)cc5)P5(=O)Oc6ccccc6-c6ccccc65)cc4)=NP(Oc4ccc(C(Nc5ccc(O)cc5)P5(=O)Oc6ccccc6-c6ccccc65)cc4)(Oc4ccc(C(Nc5ccc(O)cc5)P5(=O)Oc6ccccc6-c6ccccc65)cc4)=N3)cc2)P2(=O)Oc3ccccc3-c3ccccc32)cc1,C=CCOc1ccc(NC(c2ccc(OP3(Oc4ccc(C(Nc5ccc(O)cc5)P5(=O)Oc6ccccc6-c6ccccc65)cc4)=NP(Oc4ccc(C(Nc5ccc(O)cc5)P5(=O)Oc6ccccc6-c6ccccc65)cc4)(Oc4ccc(C(Nc5ccc(O)cc5)P5(=O)Oc6ccccc6-c6ccccc65)cc4)=NP(Oc4ccc(C(Nc5ccc(O)cc5)P5(=O)Oc6ccccc6-c6ccccc65)cc4)(Oc4ccc(C(Nc5ccc(O)cc5)P5(=O)Oc6ccccc6-c6ccccc65)cc4)=N3)cc2)P2(=O)Oc3ccccc3-c3ccccc32)cc1,,DOPO-based (additive),Designed,designed,P-N,6,OH-to-allyl-ether,allyl,Additive,C,2745.4319999999925,O=P1(C(Nc2ccccc2)c2ccc(OP3(Oc4ccc(C(Nc5ccccc5)P5(=O)Oc6ccccc6-c6ccccc65)cc4)=NP(Oc4ccc(C(Nc5ccccc5)P5(=O)Oc6ccccc6-c6ccccc65)cc4)(Oc4ccc(C(Nc5ccccc5)P5(=O)Oc6ccccc6-c6ccccc65)cc4)=NP(Oc4ccc(C(Nc5ccccc5)P5(=O)Oc6ccccc6-c6ccccc65)cc4)(Oc4ccc(C(Nc5ccccc5)P5(=O)Oc6ccccc6-c6ccccc65)cc4)=N3)cc2)Oc2ccccc2-c2ccccc21,10.153811859117281,4.591736382470969,0.0,0.0,0.0,False,False,"Parent=TRAIN_041 (CTP-DOPO); Change=Converted one OH group to an allyl ether; no EP reactivity is assumed. Regioisomer 1.; Attachment=OH_site_1; One-factor computational analogue. Parent_Tanimoto_r3=0.824; Max_Train_Tanimoto_r3=0.824; Risk=high molecular weight; high DOPO count; exploratory only; excluded from formal screening. Synthesis route, regioselectivity, stability, equivalent balance and EP compatibility require manual review.",True,True,True,False,synthesis_level_C_or_missing,6,1.0,1.0,0.0,0.0,0.0,0.0,Candidate
LIB_0196,CAND_R2_037,CTP-DOPO-OH-allyl-all,C=CCOc1ccc(NC(c2ccc(OP3(Oc4ccc(C(Nc5ccc(OCC=C)cc5)P5(=O)Oc6ccccc6-c6ccccc65)cc4)=NP(Oc4ccc(C(Nc5ccc(OCC=C)cc5)P5(=O)Oc6ccccc6-c6ccccc65)cc4)(Oc4ccc(C(Nc5ccc(OCC=C)cc5)P5(=O)Oc6ccccc6-c6ccccc65)cc4)=NP(Oc4ccc(C(Nc5ccc(OCC=C)cc5)P5(=O)Oc6ccccc6-c6ccccc65)cc4)(Oc4ccc(C(Nc5ccc(OCC=C)cc5)P5(=O)Oc6ccccc6-c6ccccc65)cc4)=N3)cc2)P2(=O)Oc3ccccc3-c3ccccc32)cc1,C=CCOc1ccc(NC(c2ccc(OP3(Oc4ccc(C(Nc5ccc(OCC=C)cc5)P5(=O)Oc6ccccc6-c6ccccc65)cc4)=NP(Oc4ccc(C(Nc5ccc(OCC=C)cc5)P5(=O)Oc6ccccc6-c6ccccc65)cc4)(Oc4ccc(C(Nc5ccc(OCC=C)cc5)P5(=O)Oc6ccccc6-c6ccccc65)cc4)=NP(Oc4ccc(C(Nc5ccc(OCC=C)cc5)P5(=O)Oc6ccccc6-c6ccccc65)cc4)(Oc4ccc(C(Nc5ccc(OCC=C)cc5)P5(=O)Oc6ccccc6-c6ccccc65)cc4)=N3)cc2)P2(=O)Oc3ccccc3-c3ccccc32)cc1,,DOPO-based (additive),Designed,designed,P-N,6,OH-to-allyl-ether-all,allyl,Additive,C,2945.75699999999,O=P1(C(Nc2ccccc2)c2ccc(OP3(Oc4ccc(C(Nc5ccccc5)P5(=O)Oc6ccccc6-c6ccccc65)cc4)=NP(Oc4ccc(C(Nc5ccccc5)P5(=O)Oc6ccccc6-c6ccccc65)cc4)(Oc4ccc(C(Nc5ccccc5)P5(=O)Oc6ccccc6-c6ccccc65)cc4)=NP(Oc4ccc(C(Nc5ccccc5)P5(=O)Oc6ccccc6-c6ccccc65)cc4)(Oc4ccc(C(Nc5ccccc5)P5(=O)Oc6ccccc6-c6ccccc65)cc4)=N3)cc2)Oc2ccccc2-c2ccccc21,9.463306036444994,4.279477227755054,0.0,0.0,0.0,False,False,"Parent=TRAIN_041 (CTP-DOPO); Change=Converted one OH group to an allyl ether; no EP reactivity is assumed. Converted all OH groups.; Attachment=all_OH; One-factor computational analogue. Parent_Tanimoto_r3=0.747; Max_Train_Tanimoto_r3=0.747; Risk=high molecular weight; high DOPO count; exploratory only; excluded from formal screening. Synthesis route, regioselectivity, stability, equivalent balance and EP compatibility require manual review.",True,True,True,False,synthesis_level_C_or_missing,6,1.0,1.0,0.0,0.0,0.0,0.0,Candidate
LIB_0197,CAND_R2_038,CTP-DOPO-NH-methyl,CN(c1ccc(O)cc1)C(c1ccc(OP2(Oc3ccc(C(Nc4ccc(O)cc4)P4(=O)Oc5ccccc5-c5ccccc54)cc3)=NP(Oc3ccc(C(Nc4ccc(O)cc4)P4(=O)Oc5ccccc5-c5ccccc54)cc3)(Oc3ccc(C(Nc4ccc(O)cc4)P4(=O)Oc5ccccc5-c5ccccc54)cc3)=NP(Oc3ccc(C(Nc4ccc(O)cc4)P4(=O)Oc5ccccc5-c5ccccc54)cc3)(Oc3ccc(C(Nc4ccc(O)cc4)P4(=O)Oc5ccccc5-c5ccccc54)cc3)=N2)cc1)P1(=O)Oc2ccccc2-c2ccccc21,CN(c1ccc(O)cc1)C(c1ccc(OP2(Oc3ccc(C(Nc4ccc(O)cc4)P4(=O)Oc5ccccc5-c5ccccc54)cc3)=NP(Oc3ccc(C(Nc4ccc(O)cc4)P4(=O)Oc5ccccc5-c5ccccc54)cc3)(Oc3ccc(C(Nc4ccc(O)cc4)P4(=O)Oc5ccccc5-c5ccccc54)cc3)=NP(Oc3ccc(C(Nc4ccc(O)cc4)P4(=O)Oc5ccccc5-c5ccccc54)cc3)(Oc3ccc(C(Nc4ccc(O)cc4)P4(=O)Oc5ccccc5-c5ccccc54)cc3)=N2)cc1)P1(=O)Oc2ccccc2-c2ccccc21,,DOPO-based (additive),Designed,designed,P-N,6,N-methyl,none,Additive,C,2719.3939999999925,O=P1(C(Nc2ccccc2)c2ccc(OP3(Oc4ccc(C(Nc5ccccc5)P5(=O)Oc6ccccc6-c6ccccc65)cc4)=NP(Oc4ccc(C(Nc5ccccc5)P5(=O)Oc6ccccc6-c6ccccc65)cc4)(Oc4ccc(C(Nc5ccccc5)P5(=O)Oc6ccccc6-c6ccccc65)cc4)=NP(Oc4ccc(C(Nc5ccccc5)P5(=O)Oc6ccccc6-c6ccccc65)cc4)(Oc4ccc(C(Nc5ccccc5)P5(=O)Oc6ccccc6-c6ccccc65)cc4)=N3)cc2)Oc2ccccc2-c2ccccc21,10.251033870046076,4.635701924767075,0.0,0.0,0.0,False,False,"Parent=TRAIN_041 (CTP-DOPO); Change=Methylated one free N–H site, reducing curing activity. Regioisomer 1.; Attachment=NH_site_1; One-factor computational analogue. Parent_Tanimoto_r3=0.773; Max_Train_Tanimoto_r3=0.773; Risk=high molecular weight; high DOPO count; exploratory only; excluded from formal screening. Synthesis route, regioselectivity, stability, equivalent balance and EP compatibility require manual review.",True,True,True,False,synthesis_level_C_or_missing,6,1.0,1.0,0.0,0.0,0.0,0.0,Candidate
LIB_0198,CAND_R2_039,CTP-DOPO-NH-methyl-all,CN(c1ccc(O)cc1)C(c1ccc(OP2(Oc3ccc(C(N(C)c4ccc(O)cc4)P4(=O)Oc5ccccc5-c5ccccc54)cc3)=NP(Oc3ccc(C(N(C)c4ccc(O)cc4)P4(=O)Oc5ccccc5-c5ccccc54)cc3)(Oc3ccc(C(N(C)c4ccc(O)cc4)P4(=O)Oc5ccccc5-c5ccccc54)cc3)=NP(Oc3ccc(C(N(C)c4ccc(O)cc4)P4(=O)Oc5ccccc5-c5ccccc54)cc3)(Oc3ccc(C(N(C)c4ccc(O)cc4)P4(=O)Oc5ccccc5-c5ccccc54)cc3)=N2)cc1)P1(=O)Oc2ccccc2-c2ccccc21,CN(c1ccc(O)cc1)C(c1ccc(OP2(Oc3ccc(C(N(C)c4ccc(O)cc4)P4(=O)Oc5ccccc5-c5ccccc54)cc3)=NP(Oc3ccc(C(N(C)c4ccc(O)cc4)P4(=O)Oc5ccccc5-c5ccccc54)cc3)(Oc3ccc(C(N(C)c4ccc(O)cc4)P4(=O)Oc5ccccc5-c5ccccc54)cc3)=NP(Oc3ccc(C(N(C)c4ccc(O)cc4)P4(=O)Oc5ccccc5-c5ccccc54)cc3)(Oc3ccc(C(N(C)c4ccc(O)cc4)P4(=O)Oc5ccccc5-c5ccccc54)cc3)=N2)cc1)P1(=O)Oc2ccccc2-c2ccccc21,,DOPO-based (additive),Designed,designed,P-N,6,N-methyl-all,none,Additive,C,2789.528999999992,O=P1(C(Nc2ccccc2)c2ccc(OP3(Oc4ccc(C(Nc5ccccc5)P5(=O)Oc6ccccc6-c6ccccc65)cc4)=NP(Oc4ccc(C(Nc5ccccc5)P5(=O)Oc6ccccc6-c6ccccc65)cc4)(Oc4ccc(C(Nc5ccccc5)P5(=O)Oc6ccccc6-c6ccccc65)cc4)=NP(Oc4ccc(C(Nc5ccccc5)P5(=O)Oc6ccccc6-c6ccccc65)cc4)(Oc4ccc(C(Nc5ccccc5)P5(=O)Oc6ccccc6-c6ccccc65)cc4)=N3)cc2)Oc2ccccc2-c2ccccc21,9.993299944184155,4.519150007044214,0.0,0.0,0.0,False,False,"Parent=TRAIN_041 (CTP-DOPO); Change=Methylated one free N–H site, reducing curing activity. Converted all N–H sites.; Attachment=all_NH; One-factor computational analogue. Parent_Tanimoto_r3=0.577; Max_Train_Tanimoto_r3=0.577; Risk=high molecular weight; high DOPO count; large structural change from parent; candidate may be outside strict in-domain threshold; exploratory only; excluded from formal screening. Synthesis route, regioselectivity, stability, equivalent balance and EP compatibility require manual review.",True,True,True,False,synthesis_level_C_or_missing,6,1.0,1.0,0.0,0.0,0.0,0.0,Candidate
LIB_0199,CAND_R2_040,CTP-DOPO-NH-hydroxyethyl,O=P1(C(Nc2ccc(O)cc2)c2ccc(OP3(Oc4ccc(C(Nc5ccc(O)cc5)P5(=O)Oc6ccccc6-c6ccccc65)cc4)=NP(Oc4ccc(C(Nc5ccc(O)cc5)P5(=O)Oc6ccccc6-c6ccccc65)cc4)(Oc4ccc(C(Nc5ccc(O)cc5)P5(=O)Oc6ccccc6-c6ccccc65)cc4)=NP(Oc4ccc(C(Nc5ccc(O)cc5)P5(=O)Oc6ccccc6-c6ccccc65)cc4)(Oc4ccc(C(N(CCO)c5ccc(O)cc5)P5(=O)Oc6ccccc6-c6ccccc65)cc4)=N3)cc2)Oc2ccccc2-c2ccccc21,O=P1(C(Nc2ccc(O)cc2)c2ccc(OP3(Oc4ccc(C(Nc5ccc(O)cc5)P5(=O)Oc6ccccc6-c6ccccc65)cc4)=NP(Oc4ccc(C(Nc5ccc(O)cc5)P5(=O)Oc6ccccc6-c6ccccc65)cc4)(Oc4ccc(C(Nc5ccc(O)cc5)P5(=O)Oc6ccccc6-c6ccccc65)cc4)=NP(Oc4ccc(C(Nc5ccc(O)cc5)P5(=O)Oc6ccccc6-c6ccccc65)cc4)(Oc4ccc(C(N(CCO)c5ccc(O)cc5)P5(=O)Oc6ccccc6-c6ccccc65)cc4)=N3)cc2)Oc2ccccc2-c2ccccc21,,DOPO-based (additive),Designed,designed,P-N,6,N-hydroxyethyl,OH,Additive,C,2749.4199999999923,O=P1(C(Nc2ccccc2)c2ccc(OP3(Oc4ccc(C(Nc5ccccc5)P5(=O)Oc6ccccc6-c6ccccc65)cc4)=NP(Oc4ccc(C(Nc5ccccc5)P5(=O)Oc6ccccc6-c6ccccc65)cc4)(Oc4ccc(C(Nc5ccccc5)P5(=O)Oc6ccccc6-c6ccccc65)cc4)=NP(Oc4ccc(C(Nc5ccccc5)P5(=O)Oc6ccccc6-c6ccccc65)cc4)(Oc4ccc(C(Nc5ccccc5)P5(=O)Oc6ccccc6-c6ccccc65)cc4)=N3)cc2)Oc2ccccc2-c2ccccc21,10.139083879509162,4.585076125146408,0.0,0.0,0.0,False,False,"Parent=TRAIN_041 (CTP-DOPO); Change=Introduced one hydroxyethyl substituent on an N–H site. Regioisomer 1.; Attachment=NH_site_1; One-factor computational analogue. Parent_Tanimoto_r3=0.743; Max_Train_Tanimoto_r3=0.743; Risk=high molecular weight; high DOPO count; exploratory only; excluded from formal screening. Synthesis route, regioselectivity, stability, equivalent balance and EP compatibility require manual review.",True,True,True,False,synthesis_level_C_or_missing,6,1.0,1.0,0.0,0.0,0.0,0.0,Candidate
LIB_0200,CAND_R2_041,CTP-DOPO-NH-hydroxyethyl-all,O=P1(C(c2ccc(OP3(Oc4ccc(C(N(CCO)c5ccc(O)cc5)P5(=O)Oc6ccccc6-c6ccccc65)cc4)=NP(Oc4ccc(C(N(CCO)c5ccc(O)cc5)P5(=O)Oc6ccccc6-c6ccccc65)cc4)(Oc4ccc(C(N(CCO)c5ccc(O)cc5)P5(=O)Oc6ccccc6-c6ccccc65)cc4)=NP(Oc4ccc(C(N(CCO)c5ccc(O)cc5)P5(=O)Oc6ccccc6-c6ccccc65)cc4)(Oc4ccc(C(N(CCO)c5ccc(O)cc5)P5(=O)Oc6ccccc6-c6ccccc65)cc4)=N3)cc2)N(CCO)c2ccc(O)cc2)Oc2ccccc2-c2ccccc21,O=P1(C(c2ccc(OP3(Oc4ccc(C(N(CCO)c5ccc(O)cc5)P5(=O)Oc6ccccc6-c6ccccc65)cc4)=NP(Oc4ccc(C(N(CCO)c5ccc(O)cc5)P5(=O)Oc6ccccc6-c6ccccc65)cc4)(Oc4ccc(C(N(CCO)c5ccc(O)cc5)P5(=O)Oc6ccccc6-c6ccccc65)cc4)=NP(Oc4ccc(C(N(CCO)c5ccc(O)cc5)P5(=O)Oc6ccccc6-c6ccccc65)cc4)(Oc4ccc(C(N(CCO)c5ccc(O)cc5)P5(=O)Oc6ccccc6-c6ccccc65)cc4)=N3)cc2)N(CCO)c2ccc(O)cc2)Oc2ccccc2-c2ccccc21,,DOPO-based (additive),Designed,designed,P-N,6,N-hydroxyethyl-all,OH,Additive,C,2969.68499999999,O=P1(C(Nc2ccccc2)c2ccc(OP3(Oc4ccc(C(Nc5ccccc5)P5(=O)Oc6ccccc6-c6ccccc65)cc4)=NP(Oc4ccc(C(Nc5ccccc5)P5(=O)Oc6ccccc6-c6ccccc65)cc4)(Oc4ccc(C(Nc5ccccc5)P5(=O)Oc6ccccc6-c6ccccc65)cc4)=NP(Oc4ccc(C(Nc5ccccc5)P5(=O)Oc6ccccc6-c6ccccc65)cc4)(Oc4ccc(C(Nc5ccccc5)P5(=O)Oc6ccccc6-c6ccccc65)cc4)=N3)cc2)Oc2ccccc2-c2ccccc21,9.387056202930646,4.244995681360159,0.0,0.0,0.0,False,False,"Parent=TRAIN_041 (CTP-DOPO); Change=Introduced one hydroxyethyl substituent on an N–H site. Converted all N–H sites.; Attachment=all_NH; One-factor computational analogue. Parent_Tanimoto_r3=0.554; Max_Train_Tanimoto_r3=0.554; Risk=high molecular weight; high DOPO count; large structural change from parent; candidate may be outside strict in-domain threshold; exploratory only; excluded from formal screening. Synthesis route, regioselectivity, stability, equivalent balance and EP compatibility require manual review.",True,True,True,False,synthesis_level_C_or_missing,6,1.0,1.0,0.0,0.0,0.0,0.0,Candidate
LIB_0201,CAND_R2_042,CTP-DOPO-NH-glycidyl,O=P1(C(Nc2ccc(O)cc2)c2ccc(OP3(Oc4ccc(C(Nc5ccc(O)cc5)P5(=O)Oc6ccccc6-c6ccccc65)cc4)=NP(Oc4ccc(C(Nc5ccc(O)cc5)P5(=O)Oc6ccccc6-c6ccccc65)cc4)(Oc4ccc(C(Nc5ccc(O)cc5)P5(=O)Oc6ccccc6-c6ccccc65)cc4)=NP(Oc4ccc(C(Nc5ccc(O)cc5)P5(=O)Oc6ccccc6-c6ccccc65)cc4)(Oc4ccc(C(N(CC5CO5)c5ccc(O)cc5)P5(=O)Oc6ccccc6-c6ccccc65)cc4)=N3)cc2)Oc2ccccc2-c2ccccc21,O=P1(C(Nc2ccc(O)cc2)c2ccc(OP3(Oc4ccc(C(Nc5ccc(O)cc5)P5(=O)Oc6ccccc6-c6ccccc65)cc4)=NP(Oc4ccc(C(Nc5ccc(O)cc5)P5(=O)Oc6ccccc6-c6ccccc65)cc4)(Oc4ccc(C(Nc5ccc(O)cc5)P5(=O)Oc6ccccc6-c6ccccc65)cc4)=NP(Oc4ccc(C(Nc5ccc(O)cc5)P5(=O)Oc6ccccc6-c6ccccc65)cc4)(Oc4ccc(C(N(CC5CO5)c5ccc(O)cc5)P5(=O)Oc6ccccc6-c6ccccc65)cc4)=N3)cc2)Oc2ccccc2-c2ccccc21,,DOPO-based (Co-curing),Designed,designed,P-N,6,N-glycidyl,epoxy,Co-curing,C,2761.4309999999923,O=P1(C(Nc2ccccc2)c2ccc(OP3(Oc4ccc(C(Nc5ccccc5)P5(=O)Oc6ccccc6-c6ccccc65)cc4)=NP(Oc4ccc(C(Nc5ccccc5)P5(=O)Oc6ccccc6-c6ccccc65)cc4)(Oc4ccc(C(Nc5ccccc5)P5(=O)Oc6ccccc6-c6ccccc65)cc4)=NP(Oc4ccc(C(Nc5ccccc5)P5(=O)Oc6ccccc6-c6ccccc65)cc4)(Oc4ccc(C(N(CC5CO5)c5ccccc5)P5(=O)Oc6ccccc6-c6ccccc65)cc4)=N3)cc2)Oc2ccccc2-c2ccccc21,10.094983361887397,4.565133077741228,0.0,0.0,0.0,False,False,"Parent=TRAIN_041 (CTP-DOPO); Change=Introduced one glycidyl substituent on an N–H site. Regioisomer 1.; Attachment=NH_site_1; One-factor computational analogue. Parent_Tanimoto_r3=0.708; Max_Train_Tanimoto_r3=0.708; Risk=high molecular weight; high DOPO count; exploratory only; excluded from formal screening. Synthesis route, regioselectivity, stability, equivalent balance and EP compatibility require manual review.",True,True,True,False,synthesis_level_C_or_missing,6,1.0,1.0,0.0,0.0,0.0,2.0,Candidate
LIB_0202,CAND_R2_043,CTP-DOPO-NH-glycidyl-all,O=P1(C(c2ccc(OP3(Oc4ccc(C(N(CC5CO5)c5ccc(O)cc5)P5(=O)Oc6ccccc6-c6ccccc65)cc4)=NP(Oc4ccc(C(N(CC5CO5)c5ccc(O)cc5)P5(=O)Oc6ccccc6-c6ccccc65)cc4)(Oc4ccc(C(N(CC5CO5)c5ccc(O)cc5)P5(=O)Oc6ccccc6-c6ccccc65)cc4)=NP(Oc4ccc(C(N(CC5CO5)c5ccc(O)cc5)P5(=O)Oc6ccccc6-c6ccccc65)cc4)(Oc4ccc(C(N(CC5CO5)c5ccc(O)cc5)P5(=O)Oc6ccccc6-c6ccccc65)cc4)=N3)cc2)N(CC2CO2)c2ccc(O)cc2)Oc2ccccc2-c2ccccc21,O=P1(C(c2ccc(OP3(Oc4ccc(C(N(CC5CO5)c5ccc(O)cc5)P5(=O)Oc6ccccc6-c6ccccc65)cc4)=NP(Oc4ccc(C(N(CC5CO5)c5ccc(O)cc5)P5(=O)Oc6ccccc6-c6ccccc65)cc4)(Oc4ccc(C(N(CC5CO5)c5ccc(O)cc5)P5(=O)Oc6ccccc6-c6ccccc65)cc4)=NP(Oc4ccc(C(N(CC5CO5)c5ccc(O)cc5)P5(=O)Oc6ccccc6-c6ccccc65)cc4)(Oc4ccc(C(N(CC5CO5)c5ccc(O)cc5)P5(=O)Oc6ccccc6-c6ccccc65)cc4)=N3)cc2)N(CC2CO2)c2ccc(O)cc2)Oc2ccccc2-c2ccccc21,,DOPO-based (Co-curing),Designed,designed,P-N,6,N-glycidyl-all,epoxy,Co-curing,C,3041.7509999999893,O=P1(C(c2ccc(OP3(Oc4ccc(C(N(CC5CO5)c5ccccc5)P5(=O)Oc6ccccc6-c6ccccc65)cc4)=NP(Oc4ccc(C(N(CC5CO5)c5ccccc5)P5(=O)Oc6ccccc6-c6ccccc65)cc4)(Oc4ccc(C(N(CC5CO5)c5ccccc5)P5(=O)Oc6ccccc6-c6ccccc65)cc4)=NP(Oc4ccc(C(N(CC5CO5)c5ccccc5)P5(=O)Oc6ccccc6-c6ccccc65)cc4)(Oc4ccc(C(N(CC5CO5)c5ccccc5)P5(=O)Oc6ccccc6-c6ccccc65)cc4)=N3)cc2)N(CC2CO2)c2ccccc2)Oc2ccccc2-c2ccccc21,9.164655489551938,4.144422077941306,0.0,0.0,0.0,False,False,"Parent=TRAIN_041 (CTP-DOPO); Change=Introduced one glycidyl substituent on an N–H site. Converted all N–H sites.; Attachment=all_NH; One-factor computational analogue. Parent_Tanimoto_r3=0.528; Max_Train_Tanimoto_r3=0.528; Risk=high molecular weight; high DOPO count; large structural change from parent; candidate may be outside strict in-domain threshold; exploratory only; excluded from formal screening. Synthesis route, regioselectivity, stability, equivalent balance and EP compatibility require manual review.",True,True,True,False,synthesis_level_C_or_missing,6,1.0,1.0,0.0,0.0,0.0,2.0,Candidate
LIB_0229,CAND_R2_070,PBD-NH-hydroxyethyl-all,N#Cc1ccc(Oc2cccc(N(CCO)C(c3ccc(C(N(CCO)c4cccc(Oc5ccc(C#N)c(C#N)c5)c4)P4(=O)Oc5ccccc5-c5ccccc54)cc3)P3(=O)Oc4ccccc4-c4ccccc43)c2)cc1C#N,N#Cc1ccc(Oc2cccc(N(CCO)C(c3ccc(C(N(CCO)c4cccc(Oc5ccc(C#N)c(C#N)c5)c4)P4(=O)Oc5ccccc5-c5ccccc54)cc3)P3(=O)Oc4ccccc4-c4ccccc43)c2)cc1C#N,,DOPO-based (additive),Designed,designed,P-N,2,N-hydroxyethyl-all,OH,Additive,C,1089.0540000000003,O=P1(C(Nc2cccc(Oc3ccccc3)c2)c2ccc(C(Nc3cccc(Oc4ccccc4)c3)P3(=O)Oc4ccccc4-c4ccccc43)cc2)Oc2ccccc2-c2ccccc21,5.688239517966968,7.716972712096919,0.0,0.0,0.0,False,False,"Parent=TRAIN_020 (PBD); Change=Introduced one hydroxyethyl substituent on an N–H site. Converted all N–H sites.; Attachment=all_NH; One-factor computational analogue. Parent_Tanimoto_r3=0.540; Max_Train_Tanimoto_r3=0.540; Risk=large structural change from parent; candidate may be outside strict in-domain threshold; exploratory only; excluded from formal screening. Synthesis route, regioselectivity, stability, equivalent balance and EP compatibility require manual review.",True,True,True,False,synthesis_level_C_or_missing,2,1.0,1.0,0.0,0.0,0.0,0.0,Candidate
LIB_0231,CAND_R2_072,PBD-NH-glycidyl-all,N#Cc1ccc(Oc2cccc(N(CC3CO3)C(c3ccc(C(N(CC4CO4)c4cccc(Oc5ccc(C#N)c(C#N)c5)c4)P4(=O)Oc5ccccc5-c5ccccc54)cc3)P3(=O)Oc4ccccc4-c4ccccc43)c2)cc1C#N,N#Cc1ccc(Oc2cccc(N(CC3CO3)C(c3ccc(C(N(CC4CO4)c4cccc(Oc5ccc(C#N)c(C#N)c5)c4)P4(=O)Oc5ccccc5-c5ccccc54)cc3)P3(=O)Oc4ccccc4-c4ccccc43)c2)cc1C#N,,DOPO-based (Co-curing),Designed,designed,P-N,2,N-glycidyl-all,epoxy,Co-curing,C,1113.0760000000002,O=P1(C(c2ccc(C(N(CC3CO3)c3cccc(Oc4ccccc4)c3)P3(=O)Oc4ccccc4-c4ccccc43)cc2)N(CC2CO2)c2cccc(Oc3ccccc3)c2)Oc2ccccc2-c2ccccc21,5.565478008689433,7.550427823437033,0.0,0.0,0.0,False,False,"Parent=TRAIN_020 (PBD); Change=Introduced one glycidyl substituent on an N–H site. Converted all N–H sites.; Attachment=all_NH; One-factor computational analogue. Parent_Tanimoto_r3=0.535; Max_Train_Tanimoto_r3=0.535; Risk=large structural change from parent; candidate may be outside strict in-domain threshold; exploratory only; excluded from formal screening. Synthesis route, regioselectivity, stability, equivalent balance and EP compatibility require manual review.",True,True,True,False,synthesis_level_C_or_missing,2,1.0,1.0,0.0,0.0,0.0,2.0,Candidate
LIB_0274,CAND_R2_115,DOPT-glycidyloxy,Cc1ccc(S(=O)(=O)NP2(=O)Oc3ccccc3-c3ccccc32)cc1OCC1CO1,Cc1ccc(S(=O)(=O)NP2(=O)Oc3ccccc3-c3ccccc32)cc1OCC1CO1,,DOPO-based (Co-curing),Designed,designed,P-N-S,1,aryl-glycidyl-ether,epoxy,Co-curing,C,457.44400000000024,O=P1(NS(=O)(=O)c2cccc(OCC3CO3)c2)Oc2ccccc2-c2ccccc21,6.7711020365334305,3.062014148179885,7.01003838721242,0.0,0.0,False,False,"Parent=TRAIN_090 (DOPT); Change=Added glycidyloxy at aromatic atom 25.; Attachment=peripheral_aromatic; One-factor computational analogue. Parent_Tanimoto_r3=0.547; Max_Train_Tanimoto_r3=0.547; Risk=large structural change from parent; candidate may be outside strict in-domain threshold; exploratory only; excluded from formal screening. Synthesis route, regioselectivity, stability, equivalent balance and EP compatibility require manual review.",True,True,True,False,synthesis_level_C_or_missing,1,1.0,1.0,1.0,0.0,0.0,2.0,Candidate
LIB_0277,CAND_R2_118,DOPT-benzamide-linker,Cc1ccc(S(=O)(=O)NP2(=O)Oc3ccccc3-c3ccccc32)cc1NC(=O)c1ccccc1,Cc1ccc(S(=O)(=O)NP2(=O)Oc3ccccc3-c3ccccc32)cc1NC(=O)c1ccccc1,,DOPO-based (additive),Designed,designed,P-N-S,1,benzamide,amide,Additive,C,504.5040000000002,O=C(Nc1cccc(S(=O)(=O)NP2(=O)Oc3ccccc3-c3ccccc32)c1)c1ccccc1,6.1394954252097085,5.5527805527805505,6.356143856143853,0.0,0.0,False,False,"Parent=TRAIN_090 (DOPT); Change=Added benzamide_linker at aromatic atom 25.; Attachment=peripheral_aromatic; One-factor computational analogue. Parent_Tanimoto_r3=0.540; Max_Train_Tanimoto_r3=0.540; Risk=large structural change from parent; candidate may be outside strict in-domain threshold; exploratory only; excluded from formal screening. Synthesis route, regioselectivity, stability, equivalent balance and EP compatibility require manual review.",True,True,True,False,synthesis_level_C_or_missing,1,1.0,1.0,1.0,0.0,0.0,0.0,Candidate
LIB_0282,CAND_R2_123,DOPT-NH-methyl,Cc1ccc(S(=O)(=O)N(C)P2(=O)Oc3ccccc3-c3ccccc32)cc1,Cc1ccc(S(=O)(=O)N(C)P2(=O)Oc3ccccc3-c3ccccc32)cc1,,DOPO-based (additive),Designed,designed,P-N-S,1,N-methyl,none,Additive,C,399.4080000000001,O=P1(NS(=O)(=O)c2ccccc2)Oc2ccccc2-c2ccccc21,7.754977366502422,3.5069402716019704,8.028632375916354,0.0,0.0,False,False,"Parent=TRAIN_090 (DOPT); Change=Methylated one free N–H site, reducing curing activity. Regioisomer 1.; Attachment=NH_site_1; One-factor computational analogue. Parent_Tanimoto_r3=0.481; Max_Train_Tanimoto_r3=0.481; Risk=large structural change from parent; candidate may be outside strict in-domain threshold; exploratory only; excluded from formal screening. Synthesis route, regioselectivity, stability, equivalent balance and EP compatibility require manual review.",True,True,True,False,synthesis_level_C_or_missing,1,1.0,1.0,1.0,0.0,0.0,0.0,Candidate
LIB_0283,CAND_R2_124,DOPT-NH-hydroxyethyl,Cc1ccc(S(=O)(=O)N(CCO)P2(=O)Oc3ccccc3-c3ccccc32)cc1,Cc1ccc(S(=O)(=O)N(CCO)P2(=O)Oc3ccccc3-c3ccccc32)cc1,,DOPO-based (additive),Designed,designed,P-N-S,1,N-hydroxyethyl,OH,Additive,C,429.4340000000001,O=P1(NS(=O)(=O)c2ccccc2)Oc2ccccc2-c2ccccc21,7.212749805558013,3.261735214258768,7.4672708728232955,0.0,0.0,False,False,"Parent=TRAIN_090 (DOPT); Change=Introduced one hydroxyethyl substituent on an N–H site. Regioisomer 1.; Attachment=NH_site_1; One-factor computational analogue. Parent_Tanimoto_r3=0.440; Max_Train_Tanimoto_r3=0.440; Risk=large structural change from parent; candidate may be outside strict in-domain threshold; exploratory only; excluded from formal screening. Synthesis route, regioselectivity, stability, equivalent balance and EP compatibility require manual review.",True,True,True,False,synthesis_level_C_or_missing,1,1.0,1.0,1.0,0.0,0.0,0.0,Candidate
LIB_0284,CAND_R2_125,DOPT-NH-glycidyl,Cc1ccc(S(=O)(=O)N(CC2CO2)P2(=O)Oc3ccccc3-c3ccccc32)cc1,Cc1ccc(S(=O)(=O)N(CC2CO2)P2(=O)Oc3ccccc3-c3ccccc32)cc1,,DOPO-based (Co-curing),Designed,designed,P-N-S,1,N-glycidyl,epoxy,Co-curing,C,441.4450000000001,O=P1(N(CC2CO2)S(=O)(=O)c2ccccc2)Oc2ccccc2-c2ccccc21,7.016502622070698,3.17298870754001,7.264098585327728,0.0,0.0,False,False,"Parent=TRAIN_090 (DOPT); Change=Introduced one glycidyl substituent on an N–H site. Regioisomer 1.; Attachment=NH_site_1; One-factor computational analogue. Parent_Tanimoto_r3=0.420; Max_Train_Tanimoto_r3=0.420; Risk=large structural change from parent; candidate may be outside strict in-domain threshold; exploratory only; excluded from formal screening. Synthesis route, regioselectivity, stability, equivalent balance and EP compatibility require manual review.",True,True,True,False,synthesis_level_C_or_missing,1,1.0,1.0,1.0,0.0,0.0,2.0,Candidate
LIB_0358,CAND_R2_199,DSD-NH-hydroxyethyl-all,O=P1(C(c2ccccc2O)N(CCO)c2ccc(S(=O)(=O)c3ccc(N(CCO)C(c4ccccc4O)P4(=O)Oc5ccccc5-c5ccccc54)cc3)cc2)Oc2ccccc2-c2ccccc21,O=P1(C(c2ccccc2O)N(CCO)c2ccc(S(=O)(=O)c3ccc(N(CCO)C(c4ccccc4O)P4(=O)Oc5ccccc5-c5ccccc54)cc3)cc2)Oc2ccccc2-c2ccccc21,,DOPO-based (additive),Designed,designed,P-N-S,2,N-hydroxyethyl-all,OH,Additive,C,976.9810000000002,O=P1(C(Nc2ccc(S(=O)(=O)c3ccc(NC(c4ccccc4)P4(=O)Oc5ccccc5-c5ccccc54)cc3)cc2)c2ccccc2)Oc2ccccc2-c2ccccc21,6.340757906243826,2.867404790881296,3.282254209651978,0.0,0.0,False,False,"Parent=TRAIN_077 (DSD); Change=Introduced one hydroxyethyl substituent on an N–H site. Converted all N–H sites.; Attachment=all_NH; One-factor computational analogue. Parent_Tanimoto_r3=0.536; Max_Train_Tanimoto_r3=0.536; Risk=large structural change from parent; candidate may be outside strict in-domain threshold; exploratory only; excluded from formal screening. Synthesis route, regioselectivity, stability, equivalent balance and EP compatibility require manual review.",True,True,True,False,synthesis_level_C_or_missing,2,1.0,1.0,1.0,0.0,0.0,0.0,Candidate
LIB_0360,CAND_R2_201,DSD-NH-glycidyl-all,O=P1(C(c2ccccc2O)N(CC2CO2)c2ccc(S(=O)(=O)c3ccc(N(CC4CO4)C(c4ccccc4O)P4(=O)Oc5ccccc5-c5ccccc54)cc3)cc2)Oc2ccccc2-c2ccccc21,O=P1(C(c2ccccc2O)N(CC2CO2)c2ccc(S(=O)(=O)c3ccc(N(CC4CO4)C(c4ccccc4O)P4(=O)Oc5ccccc5-c5ccccc54)cc3)cc2)Oc2ccccc2-c2ccccc21,,DOPO-based (Co-curing),Designed,designed,P-N-S,2,N-glycidyl-all,epoxy,Co-curing,C,1001.0030000000003,O=P1(C(c2ccccc2)N(CC2CO2)c2ccc(S(=O)(=O)c3ccc(N(CC4CO4)C(c4ccccc4)P4(=O)Oc5ccccc5-c5ccccc54)cc3)cc2)Oc2ccccc2-c2ccccc21,6.188592841380094,2.798593011209756,3.2034869026366546,0.0,0.0,False,False,"Parent=TRAIN_077 (DSD); Change=Introduced one glycidyl substituent on an N–H site. Converted all N–H sites.; Attachment=all_NH; One-factor computational analogue. Parent_Tanimoto_r3=0.525; Max_Train_Tanimoto_r3=0.525; Risk=large structural change from parent; candidate may be outside strict in-domain threshold; exploratory only; excluded from formal screening. Synthesis route, regioselectivity, stability, equivalent balance and EP compatibility require manual review.",True,True,True,False,synthesis_level_C_or_missing,2,1.0,1.0,1.0,0.0,0.0,2.0,Candidate
LIB_0463,CAND_R2_304,D-AZ-pinacol-boronate,CC1(C)OB(c2cnc(NP3(=O)Oc4ccccc4-c4ccccc43)s2)OC1(C)C,CC1(C)OB(c2cnc(NP3(=O)Oc4ccccc4-c4ccccc43)s2)OC1(C)C,,DOPO-based (additive),Designed,designed,P-N-B-S,1,aryl-pinacol-boronate,pinacol boronate,Additive,C,440.2700000000002,O=P1(Nc2ncc(B3OCCO3)s2)Oc2ccccc2-c2ccccc21,7.035228382583411,6.362913666613666,7.283485134122239,2.4557657800894894,0.0,False,False,"Parent=TRAIN_042 (D-AZ); Change=Added pinacol_boronate at aromatic atom 6.; Attachment=peripheral_aromatic; One-factor computational analogue. Parent_Tanimoto_r3=0.537; Max_Train_Tanimoto_r3=0.537; Risk=large structural change from parent; candidate may be outside strict in-domain threshold; exploratory only; excluded from formal screening. Synthesis route, regioselectivity, stability, equivalent balance and EP compatibility require manual review.",True,True,True,False,synthesis_level_C_or_missing,1,1.0,1.0,1.0,1.0,0.0,0.0,Candidate
LIB_0465,CAND_R2_306,D-AZ-triethoxysilyl,CCO[Si](OCC)(OCC)c1cnc(NP2(=O)Oc3ccccc3-c3ccccc32)s1,CCO[Si](OCC)(OCC)c1cnc(NP2(=O)Oc3ccccc3-c3ccccc32)s1,,DOPO-based (additive+ Secondary Crosslinking),Designed,designed,P-N-Si-S,1,aryl-triethoxysilyl,Si(OC2H5)3,Additive + Secondary Crosslinking,C,476.5670000000002,O=P1(Nc2nccs2)Oc2ccccc2-c2ccccc21,6.499400923689636,5.878292034488328,6.728749577708903,0.0,5.893400088549981,False,False,"Parent=TRAIN_042 (D-AZ); Change=Added triethoxysilyl at aromatic atom 6.; Attachment=peripheral_aromatic; One-factor computational analogue. Parent_Tanimoto_r3=0.531; Max_Train_Tanimoto_r3=0.531; Risk=large structural change from parent; candidate may be outside strict in-domain threshold; exploratory only; excluded from formal screening. Synthesis route, regioselectivity, stability, equivalent balance and EP compatibility require manual review.",True,True,True,False,synthesis_level_C_or_missing,1,1.0,1.0,1.0,0.0,1.0,3.0,Candidate
LIB_0467,CAND_R2_308,D-AZ-glycidyloxy,O=P1(Nc2ncc(OCC3CO3)s2)Oc2ccccc2-c2ccccc21,O=P1(Nc2ncc(OCC3CO3)s2)Oc2ccccc2-c2ccccc21,,DOPO-based (Co-curing),Designed,designed,P-N-S,1,aryl-glycidyl-ether,epoxy,Co-curing,C,386.3690000000001,O=P1(Nc2ncc(OCC3CO3)s2)Oc2ccccc2-c2ccccc21,8.016688709497913,7.250581697807017,8.299578899963505,0.0,0.0,False,False,"Parent=TRAIN_042 (D-AZ); Change=Added glycidyloxy at aromatic atom 6.; Attachment=peripheral_aromatic; One-factor computational analogue. Parent_Tanimoto_r3=0.512; Max_Train_Tanimoto_r3=0.512; Risk=large structural change from parent; candidate may be outside strict in-domain threshold; exploratory only; excluded from formal screening. Synthesis route, regioselectivity, stability, equivalent balance and EP compatibility require manual review.",True,True,True,False,synthesis_level_C_or_missing,1,1.0,1.0,1.0,0.0,0.0,2.0,Candidate
LIB_0468,CAND_R2_309,D-AZ-diaminotriazine,Nc1nc(N)nc(-c2cnc(NP3(=O)Oc4ccccc4-c4ccccc43)s2)n1,Nc1nc(N)nc(-c2cnc(NP3(=O)Oc4ccccc4-c4ccccc43)s2)n1,,DOPO-based (Co-curing),Designed,designed,P-N-S,1,"diamino-1,3,5-triazine",NH2,Co-curing,C,423.3980000000001,O=P1(Nc2ncc(-c3ncncn3)s2)Oc2ccccc2-c2ccccc21,7.315575416038809,23.157643635539134,7.573724958549637,0.0,0.0,False,False,"Parent=TRAIN_042 (D-AZ); Change=Added diaminotriazine at aromatic atom 6.; Attachment=peripheral_aromatic; One-factor computational analogue. Parent_Tanimoto_r3=0.537; Max_Train_Tanimoto_r3=0.537; Risk=large structural change from parent; candidate may be outside strict in-domain threshold; exploratory only; excluded from formal screening. Synthesis route, regioselectivity, stability, equivalent balance and EP compatibility require manual review.",True,True,True,False,synthesis_level_C_or_missing,1,1.0,1.0,1.0,0.0,0.0,2.0,Candidate
LIB_0469,CAND_R2_310,D-AZ-piperazine,O=P1(Nc2ncc(N3CCNCC3)s2)Oc2ccccc2-c2ccccc21,O=P1(Nc2ncc(N3CCNCC3)s2)Oc2ccccc2-c2ccccc21,,DOPO-based (Co-curing),Designed,designed,P-N-S,1,piperazine,NH,Co-curing,C,398.4280000000001,O=P1(Nc2ncc(N3CCNCC3)s2)Oc2ccccc2-c2ccccc21,7.77405202445611,14.062264700272065,8.048380133926328,0.0,0.0,False,False,"Parent=TRAIN_042 (D-AZ); Change=Added piperazine at aromatic atom 6.; Attachment=peripheral_aromatic; One-factor computational analogue. Parent_Tanimoto_r3=0.518; Max_Train_Tanimoto_r3=0.518; Risk=large structural change from parent; candidate may be outside strict in-domain threshold; exploratory only; excluded from formal screening. Synthesis route, regioselectivity, stability, equivalent balance and EP compatibility require manual review.",True,True,True,False,synthesis_level_C_or_missing,1,1.0,1.0,1.0,0.0,0.0,2.0,Candidate
LIB_0470,CAND_R2_311,D-AZ-benzamide-linker,O=C(Nc1cnc(NP2(=O)Oc3ccccc3-c3ccccc32)s1)c1ccccc1,O=C(Nc1cnc(NP2(=O)Oc3ccccc3-c3ccccc32)s1)c1ccccc1,,DOPO-based (additive),Designed,designed,P-N-S,1,benzamide,amide,Additive,C,433.4290000000001,O=C(Nc1cnc(NP2(=O)Oc3ccccc3-c3ccccc32)s1)c1ccccc1,7.146268477651471,9.695013485484358,7.398443574380115,0.0,0.0,False,False,"Parent=TRAIN_042 (D-AZ); Change=Added benzamide_linker at aromatic atom 6.; Attachment=peripheral_aromatic; One-factor computational analogue. Parent_Tanimoto_r3=0.512; Max_Train_Tanimoto_r3=0.512; Risk=large structural change from parent; candidate may be outside strict in-domain threshold; exploratory only; excluded from formal screening. Synthesis route, regioselectivity, stability, equivalent balance and EP compatibility require manual review.",True,True,True,False,synthesis_level_C_or_missing,1,1.0,1.0,1.0,0.0,0.0,0.0,Candidate
LIB_0472,CAND_R2_313,D-AZ-biphenyl,O=P1(Nc2ncc(-c3ccc(-c4ccccc4)cc3)s2)Oc2ccccc2-c2ccccc21,O=P1(Nc2ncc(-c3ccc(-c4ccccc4)cc3)s2)Oc2ccccc2-c2ccccc21,,DOPO-based (additive),Designed,designed,P-N-S,1,biphenyl,none,Additive,C,466.5020000000002,O=P1(Nc2ncc(-c3ccc(-c4ccccc4)cc3)s2)Oc2ccccc2-c2ccccc21,6.639628554647137,6.0051189491149,6.87392551371698,0.0,0.0,False,False,"Parent=TRAIN_042 (D-AZ); Change=Added biphenyl at aromatic atom 6.; Attachment=peripheral_aromatic; One-factor computational analogue. Parent_Tanimoto_r3=0.524; Max_Train_Tanimoto_r3=0.524; Risk=large structural change from parent; candidate may be outside strict in-domain threshold; exploratory only; excluded from formal screening. Synthesis route, regioselectivity, stability, equivalent balance and EP compatibility require manual review.",True,True,True,False,synthesis_level_C_or_missing,1,1.0,1.0,1.0,0.0,0.0,0.0,Candidate
LIB_0473,CAND_R2_314,D-AZ-NH-methyl,CN(c1nccs1)P1(=O)Oc2ccccc2-c2ccccc21,CN(c1nccs1)P1(=O)Oc2ccccc2-c2ccccc21,,DOPO-based (additive),Designed,designed,P-N-S,1,N-methyl,none,Additive,C,328.333,O=P1(Nc2nccs2)Oc2ccccc2-c2ccccc21,9.433715161132143,8.532191403240002,9.766608900110556,0.0,0.0,False,False,"Parent=TRAIN_042 (D-AZ); Change=Methylated one free N–H site, reducing curing activity. Regioisomer 1.; Attachment=NH_site_1; One-factor computational analogue. Parent_Tanimoto_r3=0.436; Max_Train_Tanimoto_r3=0.436; Risk=large structural change from parent; candidate may be outside strict in-domain threshold; exploratory only; excluded from formal screening. Synthesis route, regioselectivity, stability, equivalent balance and EP compatibility require manual review.",True,True,True,False,synthesis_level_C_or_missing,1,1.0,1.0,1.0,0.0,0.0,0.0,Candidate
LIB_0474,CAND_R2_315,D-AZ-NH-hydroxyethyl,O=P1(N(CCO)c2nccs2)Oc2ccccc2-c2ccccc21,O=P1(N(CCO)c2nccs2)Oc2ccccc2-c2ccccc21,,DOPO-based (additive),Designed,designed,P-N-S,1,N-hydroxyethyl,OH,Additive,C,358.3590000000001,O=P1(Nc2nccs2)Oc2ccccc2-c2ccccc21,8.64328787612422,7.817300528241232,8.948289285325606,0.0,0.0,False,False,"Parent=TRAIN_042 (D-AZ); Change=Introduced one hydroxyethyl substituent on an N–H site. Regioisomer 1.; Attachment=NH_site_1; One-factor computational analogue. Parent_Tanimoto_r3=0.405; Max_Train_Tanimoto_r3=0.405; Risk=large structural change from parent; candidate may be outside strict in-domain threshold; exploratory only; excluded from formal screening. Synthesis route, regioselectivity, stability, equivalent balance and EP compatibility require manual review.",True,True,True,False,synthesis_level_C_or_missing,1,1.0,1.0,1.0,0.0,0.0,0.0,Candidate
LIB_0475,CAND_R2_316,D-AZ-NH-glycidyl,O=P1(N(CC2CO2)c2nccs2)Oc2ccccc2-c2ccccc21,O=P1(N(CC2CO2)c2nccs2)Oc2ccccc2-c2ccccc21,,DOPO-based (Co-curing),Designed,designed,P-N-S,1,N-glycidyl,epoxy,Co-curing,C,370.3700000000001,O=P1(N(CC2CO2)c2nccs2)Oc2ccccc2-c2ccccc21,8.36298836298836,7.563787563787562,8.658098658098655,0.0,0.0,False,False,"Parent=TRAIN_042 (D-AZ); Change=Introduced one glycidyl substituent on an N–H site. Regioisomer 1.; Attachment=NH_site_1; One-factor computational analogue. Parent_Tanimoto_r3=0.395; Max_Train_Tanimoto_r3=0.395; Risk=large structural change from parent; candidate may be outside strict in-domain threshold; exploratory only; excluded from formal screening. Synthesis route, regioselectivity, stability, equivalent balance and EP compatibility require manual review.",True,True,True,False,synthesis_level_C_or_missing,1,1.0,1.0,1.0,0.0,0.0,2.0,Candidate
LIB_0532,CAND_R2_373,TetraDSi-amino,CC(C)(c1ccc(O)c(CCCP2(=O)Oc3ccccc3-c3ccccc32)c1)c1ccc(O[Si](Oc2ccc(C(C)(C)c3ccc(O)c(CCCP4(=O)Oc5ccccc5-c5ccccc54)c3)cc2CCCP2(=O)Oc3ccccc3-c3ccccc32)(Oc2ccc(C(C)(C)c3ccc(O)c(CCCP4(=O)Oc5ccccc5-c5ccccc54)c3)cc2CCCP2(=O)Oc3ccccc3-c3ccccc32)Oc2ccc(C(C)(C)c3cc(CCCP4(=O)Oc5ccccc5-c5ccccc54)c(O)cc3N)cc2CCCP2(=O)Oc3ccccc3-c3ccccc32)c(CCCP2(=O)Oc3ccccc3-c3ccccc32)c1,CC(C)(c1ccc(O)c(CCCP2(=O)Oc3ccccc3-c3ccccc32)c1)c1ccc(O[Si](Oc2ccc(C(C)(C)c3ccc(O)c(CCCP4(=O)Oc5ccccc5-c5ccccc54)c3)cc2CCCP2(=O)Oc3ccccc3-c3ccccc32)(Oc2ccc(C(C)(C)c3ccc(O)c(CCCP4(=O)Oc5ccccc5-c5ccccc54)c3)cc2CCCP2(=O)Oc3ccccc3-c3ccccc32)Oc2ccc(C(C)(C)c3cc(CCCP4(=O)Oc5ccccc5-c5ccccc54)c(O)cc3N)cc2CCCP2(=O)Oc3ccccc3-c3ccccc32)c(CCCP2(=O)Oc3ccccc3-c3ccccc32)c1,,DOPO-based (Co-curing),Designed,designed,P-N-Si,8,aryl-amino,NH2,Co-curing,C,3002.1609999999914,O=P1(CCCc2cccc(Cc3ccc(O[Si](Oc4ccc(Cc5cccc(CCCP6(=O)Oc7ccccc7-c7ccccc76)c5)cc4CCCP4(=O)Oc5ccccc5-c5ccccc54)(Oc4ccc(Cc5cccc(CCCP6(=O)Oc7ccccc7-c7ccccc76)c5)cc4CCCP4(=O)Oc5ccccc5-c5ccccc54)Oc4ccc(Cc5cccc(CCCP6(=O)Oc7ccccc7-c7ccccc76)c5)cc4CCCP4(=O)Oc5ccccc5-c5ccccc54)c(CCCP4(=O)Oc5ccccc5-c5ccccc54)c3)c2)Oc2ccccc2-c2ccccc21,8.253787854815272,0.46656391845740586,0.0,0.0,0.9355261093592275,False,False,"Parent=TRAIN_103 (TetraDSi); Change=Added amino at aromatic atom 149.; Attachment=peripheral_aromatic; One-factor computational analogue. Parent_Tanimoto_r3=0.830; Max_Train_Tanimoto_r3=0.830; Risk=high molecular weight; high DOPO count; exploratory only; excluded from formal screening. Synthesis route, regioselectivity, stability, equivalent balance and EP compatibility require manual review.",True,True,True,False,synthesis_level_C_or_missing,8,1.0,1.0,0.0,0.0,1.0,2.0,Candidate
LIB_0533,CAND_R2_374,TetraDSi-hydroxy,CC(C)(c1ccc(O)c(CCCP2(=O)Oc3ccccc3-c3ccccc32)c1)c1ccc(O[Si](Oc2ccc(C(C)(C)c3ccc(O)c(CCCP4(=O)Oc5ccccc5-c5ccccc54)c3)cc2CCCP2(=O)Oc3ccccc3-c3ccccc32)(Oc2ccc(C(C)(C)c3ccc(O)c(CCCP4(=O)Oc5ccccc5-c5ccccc54)c3)cc2CCCP2(=O)Oc3ccccc3-c3ccccc32)Oc2ccc(C(C)(C)c3cc(CCCP4(=O)Oc5ccccc5-c5ccccc54)c(O)cc3O)cc2CCCP2(=O)Oc3ccccc3-c3ccccc32)c(CCCP2(=O)Oc3ccccc3-c3ccccc32)c1,CC(C)(c1ccc(O)c(CCCP2(=O)Oc3ccccc3-c3ccccc32)c1)c1ccc(O[Si](Oc2ccc(C(C)(C)c3ccc(O)c(CCCP4(=O)Oc5ccccc5-c5ccccc54)c3)cc2CCCP2(=O)Oc3ccccc3-c3ccccc32)(Oc2ccc(C(C)(C)c3ccc(O)c(CCCP4(=O)Oc5ccccc5-c5ccccc54)c3)cc2CCCP2(=O)Oc3ccccc3-c3ccccc32)Oc2ccc(C(C)(C)c3cc(CCCP4(=O)Oc5ccccc5-c5ccccc54)c(O)cc3O)cc2CCCP2(=O)Oc3ccccc3-c3ccccc32)c(CCCP2(=O)Oc3ccccc3-c3ccccc32)c1,,DOPO-based (additive),Designed,designed,P-Si,8,aryl-hydroxy,OH,Additive,C,3003.144999999991,O=P1(CCCc2cccc(Cc3ccc(O[Si](Oc4ccc(Cc5cccc(CCCP6(=O)Oc7ccccc7-c7ccccc76)c5)cc4CCCP4(=O)Oc5ccccc5-c5ccccc54)(Oc4ccc(Cc5cccc(CCCP6(=O)Oc7ccccc7-c7ccccc76)c5)cc4CCCP4(=O)Oc5ccccc5-c5ccccc54)Oc4ccc(Cc5cccc(CCCP6(=O)Oc7ccccc7-c7ccccc76)c5)cc4CCCP4(=O)Oc5ccccc5-c5ccccc54)c(CCCP4(=O)Oc5ccccc5-c5ccccc54)c3)c2)Oc2ccccc2-c2ccccc21,8.251083447519209,0.0,0.0,0.0,0.9352195781422503,False,False,"Parent=TRAIN_103 (TetraDSi); Change=Added hydroxy at aromatic atom 149.; Attachment=peripheral_aromatic; One-factor computational analogue. Parent_Tanimoto_r3=0.854; Max_Train_Tanimoto_r3=0.854; Risk=high molecular weight; high DOPO count; exploratory only; excluded from formal screening. Synthesis route, regioselectivity, stability, equivalent balance and EP compatibility require manual review.",True,True,True,False,synthesis_level_C_or_missing,8,1.0,0.0,0.0,0.0,1.0,0.0,Candidate
LIB_0534,CAND_R2_375,TetraDSi-boronic-acid,CC(C)(c1ccc(O)c(CCCP2(=O)Oc3ccccc3-c3ccccc32)c1)c1ccc(O[Si](Oc2ccc(C(C)(C)c3ccc(O)c(CCCP4(=O)Oc5ccccc5-c5ccccc54)c3)cc2CCCP2(=O)Oc3ccccc3-c3ccccc32)(Oc2ccc(C(C)(C)c3ccc(O)c(CCCP4(=O)Oc5ccccc5-c5ccccc54)c3)cc2CCCP2(=O)Oc3ccccc3-c3ccccc32)Oc2ccc(C(C)(C)c3cc(CCCP4(=O)Oc5ccccc5-c5ccccc54)c(O)cc3B(O)O)cc2CCCP2(=O)Oc3ccccc3-c3ccccc32)c(CCCP2(=O)Oc3ccccc3-c3ccccc32)c1,CC(C)(c1ccc(O)c(CCCP2(=O)Oc3ccccc3-c3ccccc32)c1)c1ccc(O[Si](Oc2ccc(C(C)(C)c3ccc(O)c(CCCP4(=O)Oc5ccccc5-c5ccccc54)c3)cc2CCCP2(=O)Oc3ccccc3-c3ccccc32)(Oc2ccc(C(C)(C)c3ccc(O)c(CCCP4(=O)Oc5ccccc5-c5ccccc54)c3)cc2CCCP2(=O)Oc3ccccc3-c3ccccc32)Oc2ccc(C(C)(C)c3cc(CCCP4(=O)Oc5ccccc5-c5ccccc54)c(O)cc3B(O)O)cc2CCCP2(=O)Oc3ccccc3-c3ccccc32)c(CCCP2(=O)Oc3ccccc3-c3ccccc32)c1,,DOPO-based (additive),Designed,designed,P-Si-B,8,aryl-boronic-acid,B(OH)2,Additive,C,3030.9639999999904,O=P1(CCCc2cccc(Cc3ccc(O[Si](Oc4ccc(Cc5cccc(CCCP6(=O)Oc7ccccc7-c7ccccc76)c5)cc4CCCP4(=O)Oc5ccccc5-c5ccccc54)(Oc4ccc(Cc5cccc(CCCP6(=O)Oc7ccccc7-c7ccccc76)c5)cc4CCCP4(=O)Oc5ccccc5-c5ccccc54)Oc4ccc(Cc5cccc(CCCP6(=O)Oc7ccccc7-c7ccccc76)c5)cc4CCCP4(=O)Oc5ccccc5-c5ccccc54)c(CCCP4(=O)Oc5ccccc5-c5ccccc54)c3)c2)Oc2ccccc2-c2ccccc21,8.175352792049024,0.0,0.0,0.35671819262782517,0.9266358821813815,False,False,"Parent=TRAIN_103 (TetraDSi); Change=Added boronic_acid at aromatic atom 149.; Attachment=peripheral_aromatic; One-factor computational analogue. Parent_Tanimoto_r3=0.830; Max_Train_Tanimoto_r3=0.830; Risk=high molecular weight; high DOPO count; exploratory only; excluded from formal screening. Synthesis route, regioselectivity, stability, equivalent balance and EP compatibility require manual review.",True,True,True,False,synthesis_level_C_or_missing,8,1.0,0.0,0.0,1.0,1.0,0.0,Candidate
LIB_0535,CAND_R2_376,TetraDSi-glycidyloxy,CC(C)(c1ccc(O)c(CCCP2(=O)Oc3ccccc3-c3ccccc32)c1)c1ccc(O[Si](Oc2ccc(C(C)(C)c3ccc(O)c(CCCP4(=O)Oc5ccccc5-c5ccccc54)c3)cc2CCCP2(=O)Oc3ccccc3-c3ccccc32)(Oc2ccc(C(C)(C)c3ccc(O)c(CCCP4(=O)Oc5ccccc5-c5ccccc54)c3)cc2CCCP2(=O)Oc3ccccc3-c3ccccc32)Oc2ccc(C(C)(C)c3cc(CCCP4(=O)Oc5ccccc5-c5ccccc54)c(O)cc3OCC3CO3)cc2CCCP2(=O)Oc3ccccc3-c3ccccc32)c(CCCP2(=O)Oc3ccccc3-c3ccccc32)c1,CC(C)(c1ccc(O)c(CCCP2(=O)Oc3ccccc3-c3ccccc32)c1)c1ccc(O[Si](Oc2ccc(C(C)(C)c3ccc(O)c(CCCP4(=O)Oc5ccccc5-c5ccccc54)c3)cc2CCCP2(=O)Oc3ccccc3-c3ccccc32)(Oc2ccc(C(C)(C)c3ccc(O)c(CCCP4(=O)Oc5ccccc5-c5ccccc54)c3)cc2CCCP2(=O)Oc3ccccc3-c3ccccc32)Oc2ccc(C(C)(C)c3cc(CCCP4(=O)Oc5ccccc5-c5ccccc54)c(O)cc3OCC3CO3)cc2CCCP2(=O)Oc3ccccc3-c3ccccc32)c(CCCP2(=O)Oc3ccccc3-c3ccccc32)c1,,DOPO-based (Co-curing),Designed,designed,P-Si,8,aryl-glycidyl-ether,epoxy,Co-curing,C,3059.2089999999907,O=P1(CCCc2cccc(Cc3ccc(O[Si](Oc4ccc(Cc5cccc(CCCP6(=O)Oc7ccccc7-c7ccccc76)c5)cc4CCCP4(=O)Oc5ccccc5-c5ccccc54)(Oc4ccc(Cc5cccc(CCCP6(=O)Oc7ccccc7-c7ccccc76)c5)cc4CCCP4(=O)Oc5ccccc5-c5ccccc54)Oc4ccc(Cc5cc(CCCP6(=O)Oc7ccccc7-c7ccccc76)ccc5OCC5CO5)cc4CCCP4(=O)Oc5ccccc5-c5ccccc54)c(CCCP4(=O)Oc5ccccc5-c5ccccc54)c3)c2)Oc2ccccc2-c2ccccc21,8.09987156810799,0.0,0.0,0.0,0.9180804580530485,False,False,"Parent=TRAIN_103 (TetraDSi); Change=Added glycidyloxy at aromatic atom 149.; Attachment=peripheral_aromatic; One-factor computational analogue. Parent_Tanimoto_r3=0.752; Max_Train_Tanimoto_r3=0.752; Risk=high molecular weight; high DOPO count; exploratory only; excluded from formal screening. Synthesis route, regioselectivity, stability, equivalent balance and EP compatibility require manual review.",True,True,True,False,synthesis_level_C_or_missing,8,1.0,0.0,0.0,0.0,1.0,2.0,Candidate
LIB_0536,CAND_R2_377,TetraDSi-OH-glycidyl-all,CC(C)(c1ccc(OCC2CO2)c(CCCP2(=O)Oc3ccccc3-c3ccccc32)c1)c1ccc(O[Si](Oc2ccc(C(C)(C)c3ccc(OCC4CO4)c(CCCP4(=O)Oc5ccccc5-c5ccccc54)c3)cc2CCCP2(=O)Oc3ccccc3-c3ccccc32)(Oc2ccc(C(C)(C)c3ccc(OCC4CO4)c(CCCP4(=O)Oc5ccccc5-c5ccccc54)c3)cc2CCCP2(=O)Oc3ccccc3-c3ccccc32)Oc2ccc(C(C)(C)c3ccc(OCC4CO4)c(CCCP4(=O)Oc5ccccc5-c5ccccc54)c3)cc2CCCP2(=O)Oc3ccccc3-c3ccccc32)c(CCCP2(=O)Oc3ccccc3-c3ccccc32)c1,CC(C)(c1ccc(OCC2CO2)c(CCCP2(=O)Oc3ccccc3-c3ccccc32)c1)c1ccc(O[Si](Oc2ccc(C(C)(C)c3ccc(OCC4CO4)c(CCCP4(=O)Oc5ccccc5-c5ccccc54)c3)cc2CCCP2(=O)Oc3ccccc3-c3ccccc32)(Oc2ccc(C(C)(C)c3ccc(OCC4CO4)c(CCCP4(=O)Oc5ccccc5-c5ccccc54)c3)cc2CCCP2(=O)Oc3ccccc3-c3ccccc32)Oc2ccc(C(C)(C)c3ccc(OCC4CO4)c(CCCP4(=O)Oc5ccccc5-c5ccccc54)c3)cc2CCCP2(=O)Oc3ccccc3-c3ccccc32)c(CCCP2(=O)Oc3ccccc3-c3ccccc32)c1,,DOPO-based (Co-curing),Designed,designed,P-Si,8,OH-to-glycidyl-ether-all,epoxy,Co-curing,C,3211.4019999999896,O=P1(CCCc2cc(Cc3ccc(O[Si](Oc4ccc(Cc5ccc(OCC6CO6)c(CCCP6(=O)Oc7ccccc7-c7ccccc76)c5)cc4CCCP4(=O)Oc5ccccc5-c5ccccc54)(Oc4ccc(Cc5ccc(OCC6CO6)c(CCCP6(=O)Oc7ccccc7-c7ccccc76)c5)cc4CCCP4(=O)Oc5ccccc5-c5ccccc54)Oc4ccc(Cc5ccc(OCC6CO6)c(CCCP6(=O)Oc7ccccc7-c7ccccc76)c5)cc4CCCP4(=O)Oc5ccccc5-c5ccccc54)c(CCCP4(=O)Oc5ccccc5-c5ccccc54)c3)ccc2OCC2CO2)Oc2ccccc2-c2ccccc21,7.716006902904115,0.0,0.0,0.0,0.8745712931610583,False,False,"Parent=TRAIN_103 (TetraDSi); Change=Converted one OH group to a glycidyl ether. Converted all OH groups.; Attachment=all_OH; One-factor computational analogue. Parent_Tanimoto_r3=0.724; Max_Train_Tanimoto_r3=0.724; Risk=high molecular weight; high DOPO count; exploratory only; excluded from formal screening. Synthesis route, regioselectivity, stability, equivalent balance and EP compatibility require manual review.",True,True,True,False,synthesis_level_C_or_missing,8,1.0,0.0,0.0,0.0,1.0,2.0,Candidate
LIB_0537,CAND_R2_378,TetraDSi-OH-methyl,COc1ccc(C(C)(C)c2ccc(O[Si](Oc3ccc(C(C)(C)c4ccc(O)c(CCCP5(=O)Oc6ccccc6-c6ccccc65)c4)cc3CCCP3(=O)Oc4ccccc4-c4ccccc43)(Oc3ccc(C(C)(C)c4ccc(O)c(CCCP5(=O)Oc6ccccc6-c6ccccc65)c4)cc3CCCP3(=O)Oc4ccccc4-c4ccccc43)Oc3ccc(C(C)(C)c4ccc(O)c(CCCP5(=O)Oc6ccccc6-c6ccccc65)c4)cc3CCCP3(=O)Oc4ccccc4-c4ccccc43)c(CCCP3(=O)Oc4ccccc4-c4ccccc43)c2)cc1CCCP1(=O)Oc2ccccc2-c2ccccc21,COc1ccc(C(C)(C)c2ccc(O[Si](Oc3ccc(C(C)(C)c4ccc(O)c(CCCP5(=O)Oc6ccccc6-c6ccccc65)c4)cc3CCCP3(=O)Oc4ccccc4-c4ccccc43)(Oc3ccc(C(C)(C)c4ccc(O)c(CCCP5(=O)Oc6ccccc6-c6ccccc65)c4)cc3CCCP3(=O)Oc4ccccc4-c4ccccc43)Oc3ccc(C(C)(C)c4ccc(O)c(CCCP5(=O)Oc6ccccc6-c6ccccc65)c4)cc3CCCP3(=O)Oc4ccccc4-c4ccccc43)c(CCCP3(=O)Oc4ccccc4-c4ccccc43)c2)cc1CCCP1(=O)Oc2ccccc2-c2ccccc21,,DOPO-based (additive),Designed,designed,P-Si,8,OH-to-methyl-ether,none,Additive,C,3001.172999999991,O=P1(CCCc2cccc(Cc3ccc(O[Si](Oc4ccc(Cc5cccc(CCCP6(=O)Oc7ccccc7-c7ccccc76)c5)cc4CCCP4(=O)Oc5ccccc5-c5ccccc54)(Oc4ccc(Cc5cccc(CCCP6(=O)Oc7ccccc7-c7ccccc76)c5)cc4CCCP4(=O)Oc5ccccc5-c5ccccc54)Oc4ccc(Cc5cccc(CCCP6(=O)Oc7ccccc7-c7ccccc76)c5)cc4CCCP4(=O)Oc5ccccc5-c5ccccc54)c(CCCP4(=O)Oc5ccccc5-c5ccccc54)c3)c2)Oc2ccccc2-c2ccccc21,8.256505039862772,0.0,0.0,0.0,0.9358340888712541,False,False,"Parent=TRAIN_103 (TetraDSi); Change=Converted one OH group to a methyl ether. Regioisomer 1.; Attachment=OH_site_1; One-factor computational analogue. Parent_Tanimoto_r3=0.946; Max_Train_Tanimoto_r3=0.946; Risk=high molecular weight; high DOPO count; exploratory only; excluded from formal screening. Synthesis route, regioselectivity, stability, equivalent balance and EP compatibility require manual review.",True,True,True,False,synthesis_level_C_or_missing,8,1.0,0.0,0.0,0.0,1.0,0.0,Candidate
LIB_0538,CAND_R2_379,TetraDSi-OH-methyl-all,COc1ccc(C(C)(C)c2ccc(O[Si](Oc3ccc(C(C)(C)c4ccc(OC)c(CCCP5(=O)Oc6ccccc6-c6ccccc65)c4)cc3CCCP3(=O)Oc4ccccc4-c4ccccc43)(Oc3ccc(C(C)(C)c4ccc(OC)c(CCCP5(=O)Oc6ccccc6-c6ccccc65)c4)cc3CCCP3(=O)Oc4ccccc4-c4ccccc43)Oc3ccc(C(C)(C)c4ccc(OC)c(CCCP5(=O)Oc6ccccc6-c6ccccc65)c4)cc3CCCP3(=O)Oc4ccccc4-c4ccccc43)c(CCCP3(=O)Oc4ccccc4-c4ccccc43)c2)cc1CCCP1(=O)Oc2ccccc2-c2ccccc21,COc1ccc(C(C)(C)c2ccc(O[Si](Oc3ccc(C(C)(C)c4ccc(OC)c(CCCP5(=O)Oc6ccccc6-c6ccccc65)c4)cc3CCCP3(=O)Oc4ccccc4-c4ccccc43)(Oc3ccc(C(C)(C)c4ccc(OC)c(CCCP5(=O)Oc6ccccc6-c6ccccc65)c4)cc3CCCP3(=O)Oc4ccccc4-c4ccccc43)Oc3ccc(C(C)(C)c4ccc(OC)c(CCCP5(=O)Oc6ccccc6-c6ccccc65)c4)cc3CCCP3(=O)Oc4ccccc4-c4ccccc43)c(CCCP3(=O)Oc4ccccc4-c4ccccc43)c2)cc1CCCP1(=O)Oc2ccccc2-c2ccccc21,,DOPO-based (additive),Designed,designed,P-Si,8,OH-to-methyl-ether-all,none,Additive,C,3043.2539999999904,O=P1(CCCc2cccc(Cc3ccc(O[Si](Oc4ccc(Cc5cccc(CCCP6(=O)Oc7ccccc7-c7ccccc76)c5)cc4CCCP4(=O)Oc5ccccc5-c5ccccc54)(Oc4ccc(Cc5cccc(CCCP6(=O)Oc7ccccc7-c7ccccc76)c5)cc4CCCP4(=O)Oc5ccccc5-c5ccccc54)Oc4ccc(Cc5cccc(CCCP6(=O)Oc7ccccc7-c7ccccc76)c5)cc4CCCP4(=O)Oc5ccccc5-c5ccccc54)c(CCCP4(=O)Oc5ccccc5-c5ccccc54)c3)c2)Oc2ccccc2-c2ccccc21,8.142337116783574,0.0,0.0,0.0,0.9228937183685649,False,False,"Parent=TRAIN_103 (TetraDSi); Change=Converted one OH group to a methyl ether. Converted all OH groups.; Attachment=all_OH; One-factor computational analogue. Parent_Tanimoto_r3=0.817; Max_Train_Tanimoto_r3=0.817; Risk=high molecular weight; high DOPO count; exploratory only; excluded from formal screening. Synthesis route, regioselectivity, stability, equivalent balance and EP compatibility require manual review.",True,True,True,False,synthesis_level_C_or_missing,8,1.0,0.0,0.0,0.0,1.0,0.0,Candidate
LIB_0539,CAND_R2_380,TetraDSi-OH-acetyl,CC(=O)Oc1ccc(C(C)(C)c2ccc(O[Si](Oc3ccc(C(C)(C)c4ccc(O)c(CCCP5(=O)Oc6ccccc6-c6ccccc65)c4)cc3CCCP3(=O)Oc4ccccc4-c4ccccc43)(Oc3ccc(C(C)(C)c4ccc(O)c(CCCP5(=O)Oc6ccccc6-c6ccccc65)c4)cc3CCCP3(=O)Oc4ccccc4-c4ccccc43)Oc3ccc(C(C)(C)c4ccc(O)c(CCCP5(=O)Oc6ccccc6-c6ccccc65)c4)cc3CCCP3(=O)Oc4ccccc4-c4ccccc43)c(CCCP3(=O)Oc4ccccc4-c4ccccc43)c2)cc1CCCP1(=O)Oc2ccccc2-c2ccccc21,CC(=O)Oc1ccc(C(C)(C)c2ccc(O[Si](Oc3ccc(C(C)(C)c4ccc(O)c(CCCP5(=O)Oc6ccccc6-c6ccccc65)c4)cc3CCCP3(=O)Oc4ccccc4-c4ccccc43)(Oc3ccc(C(C)(C)c4ccc(O)c(CCCP5(=O)Oc6ccccc6-c6ccccc65)c4)cc3CCCP3(=O)Oc4ccccc4-c4ccccc43)Oc3ccc(C(C)(C)c4ccc(O)c(CCCP5(=O)Oc6ccccc6-c6ccccc65)c4)cc3CCCP3(=O)Oc4ccccc4-c4ccccc43)c(CCCP3(=O)Oc4ccccc4-c4ccccc43)c2)cc1CCCP1(=O)Oc2ccccc2-c2ccccc21,,DOPO-based (additive),Designed,designed,P-Si,8,OH-to-acetate,none,Additive,C,3029.182999999991,O=P1(CCCc2cccc(Cc3ccc(O[Si](Oc4ccc(Cc5cccc(CCCP6(=O)Oc7ccccc7-c7ccccc76)c5)cc4CCCP4(=O)Oc5ccccc5-c5ccccc54)(Oc4ccc(Cc5cccc(CCCP6(=O)Oc7ccccc7-c7ccccc76)c5)cc4CCCP4(=O)Oc5ccccc5-c5ccccc54)Oc4ccc(Cc5cccc(CCCP6(=O)Oc7ccccc7-c7ccccc76)c5)cc4CCCP4(=O)Oc5ccccc5-c5ccccc54)c(CCCP4(=O)Oc5ccccc5-c5ccccc54)c3)c2)Oc2ccccc2-c2ccccc21,8.180159468741266,0.0,0.0,0.0,0.9271806952567766,False,False,"Parent=TRAIN_103 (TetraDSi); Change=Converted one OH group to an acetate. Regioisomer 1.; Attachment=OH_site_1; One-factor computational analogue. Parent_Tanimoto_r3=0.889; Max_Train_Tanimoto_r3=0.889; Risk=high molecular weight; high DOPO count; exploratory only; excluded from formal screening. Synthesis route, regioselectivity, stability, equivalent balance and EP compatibility require manual review.",True,True,True,False,synthesis_level_C_or_missing,8,1.0,0.0,0.0,0.0,1.0,0.0,Candidate
LIB_0540,CAND_R2_381,TetraDSi-OH-acetyl-all,CC(=O)Oc1ccc(C(C)(C)c2ccc(O[Si](Oc3ccc(C(C)(C)c4ccc(OC(C)=O)c(CCCP5(=O)Oc6ccccc6-c6ccccc65)c4)cc3CCCP3(=O)Oc4ccccc4-c4ccccc43)(Oc3ccc(C(C)(C)c4ccc(OC(C)=O)c(CCCP5(=O)Oc6ccccc6-c6ccccc65)c4)cc3CCCP3(=O)Oc4ccccc4-c4ccccc43)Oc3ccc(C(C)(C)c4ccc(OC(C)=O)c(CCCP5(=O)Oc6ccccc6-c6ccccc65)c4)cc3CCCP3(=O)Oc4ccccc4-c4ccccc43)c(CCCP3(=O)Oc4ccccc4-c4ccccc43)c2)cc1CCCP1(=O)Oc2ccccc2-c2ccccc21,CC(=O)Oc1ccc(C(C)(C)c2ccc(O[Si](Oc3ccc(C(C)(C)c4ccc(OC(C)=O)c(CCCP5(=O)Oc6ccccc6-c6ccccc65)c4)cc3CCCP3(=O)Oc4ccccc4-c4ccccc43)(Oc3ccc(C(C)(C)c4ccc(OC(C)=O)c(CCCP5(=O)Oc6ccccc6-c6ccccc65)c4)cc3CCCP3(=O)Oc4ccccc4-c4ccccc43)Oc3ccc(C(C)(C)c4ccc(OC(C)=O)c(CCCP5(=O)Oc6ccccc6-c6ccccc65)c4)cc3CCCP3(=O)Oc4ccccc4-c4ccccc43)c(CCCP3(=O)Oc4ccccc4-c4ccccc43)c2)cc1CCCP1(=O)Oc2ccccc2-c2ccccc21,,DOPO-based (additive),Designed,designed,P-Si,8,OH-to-acetate-all,none,Additive,C,3155.2939999999903,O=P1(CCCc2cccc(Cc3ccc(O[Si](Oc4ccc(Cc5cccc(CCCP6(=O)Oc7ccccc7-c7ccccc76)c5)cc4CCCP4(=O)Oc5ccccc5-c5ccccc54)(Oc4ccc(Cc5cccc(CCCP6(=O)Oc7ccccc7-c7ccccc76)c5)cc4CCCP4(=O)Oc5ccccc5-c5ccccc54)Oc4ccc(Cc5cccc(CCCP6(=O)Oc7ccccc7-c7ccccc76)c5)cc4CCCP4(=O)Oc5ccccc5-c5ccccc54)c(CCCP4(=O)Oc5ccccc5-c5ccccc54)c3)c2)Oc2ccccc2-c2ccccc21,7.853214312200409,0.0,0.0,0.0,0.8901230756943754,False,False,"Parent=TRAIN_103 (TetraDSi); Change=Converted one OH group to an acetate. Converted all OH groups.; Attachment=all_OH; One-factor computational analogue. Parent_Tanimoto_r3=0.778; Max_Train_Tanimoto_r3=0.778; Risk=high molecular weight; high DOPO count; exploratory only; excluded from formal screening. Synthesis route, regioselectivity, stability, equivalent balance and EP compatibility require manual review.",True,True,True,False,synthesis_level_C_or_missing,8,1.0,0.0,0.0,0.0,1.0,0.0,Candidate
LIB_0541,CAND_R2_382,TetraDSi-OH-allyl,C=CCOc1ccc(C(C)(C)c2ccc(O[Si](Oc3ccc(C(C)(C)c4ccc(O)c(CCCP5(=O)Oc6ccccc6-c6ccccc65)c4)cc3CCCP3(=O)Oc4ccccc4-c4ccccc43)(Oc3ccc(C(C)(C)c4ccc(O)c(CCCP5(=O)Oc6ccccc6-c6ccccc65)c4)cc3CCCP3(=O)Oc4ccccc4-c4ccccc43)Oc3ccc(C(C)(C)c4ccc(O)c(CCCP5(=O)Oc6ccccc6-c6ccccc65)c4)cc3CCCP3(=O)Oc4ccccc4-c4ccccc43)c(CCCP3(=O)Oc4ccccc4-c4ccccc43)c2)cc1CCCP1(=O)Oc2ccccc2-c2ccccc21,C=CCOc1ccc(C(C)(C)c2ccc(O[Si](Oc3ccc(C(C)(C)c4ccc(O)c(CCCP5(=O)Oc6ccccc6-c6ccccc65)c4)cc3CCCP3(=O)Oc4ccccc4-c4ccccc43)(Oc3ccc(C(C)(C)c4ccc(O)c(CCCP5(=O)Oc6ccccc6-c6ccccc65)c4)cc3CCCP3(=O)Oc4ccccc4-c4ccccc43)Oc3ccc(C(C)(C)c4ccc(O)c(CCCP5(=O)Oc6ccccc6-c6ccccc65)c4)cc3CCCP3(=O)Oc4ccccc4-c4ccccc43)c(CCCP3(=O)Oc4ccccc4-c4ccccc43)c2)cc1CCCP1(=O)Oc2ccccc2-c2ccccc21,,DOPO-based (additive),Designed,designed,P-Si,8,OH-to-allyl-ether,allyl,Additive,C,3027.2109999999907,O=P1(CCCc2cccc(Cc3ccc(O[Si](Oc4ccc(Cc5cccc(CCCP6(=O)Oc7ccccc7-c7ccccc76)c5)cc4CCCP4(=O)Oc5ccccc5-c5ccccc54)(Oc4ccc(Cc5cccc(CCCP6(=O)Oc7ccccc7-c7ccccc76)c5)cc4CCCP4(=O)Oc5ccccc5-c5ccccc54)Oc4ccc(Cc5cccc(CCCP6(=O)Oc7ccccc7-c7ccccc76)c5)cc4CCCP4(=O)Oc5ccccc5-c5ccccc54)c(CCCP4(=O)Oc5ccccc5-c5ccccc54)c3)c2)Oc2ccccc2-c2ccccc21,8.185488226621823,0.0,0.0,0.0,0.9277846836576666,False,False,"Parent=TRAIN_103 (TetraDSi); Change=Converted one OH group to an allyl ether; no EP reactivity is assumed. Regioisomer 1.; Attachment=OH_site_1; One-factor computational analogue. Parent_Tanimoto_r3=0.889; Max_Train_Tanimoto_r3=0.889; Risk=high molecular weight; high DOPO count; exploratory only; excluded from formal screening. Synthesis route, regioselectivity, stability, equivalent balance and EP compatibility require manual review.",True,True,True,False,synthesis_level_C_or_missing,8,1.0,0.0,0.0,0.0,1.0,0.0,Candidate
LIB_0542,CAND_R2_383,TetraDSi-OH-allyl-all,C=CCOc1ccc(C(C)(C)c2ccc(O[Si](Oc3ccc(C(C)(C)c4ccc(OCC=C)c(CCCP5(=O)Oc6ccccc6-c6ccccc65)c4)cc3CCCP3(=O)Oc4ccccc4-c4ccccc43)(Oc3ccc(C(C)(C)c4ccc(OCC=C)c(CCCP5(=O)Oc6ccccc6-c6ccccc65)c4)cc3CCCP3(=O)Oc4ccccc4-c4ccccc43)Oc3ccc(C(C)(C)c4ccc(OCC=C)c(CCCP5(=O)Oc6ccccc6-c6ccccc65)c4)cc3CCCP3(=O)Oc4ccccc4-c4ccccc43)c(CCCP3(=O)Oc4ccccc4-c4ccccc43)c2)cc1CCCP1(=O)Oc2ccccc2-c2ccccc21,C=CCOc1ccc(C(C)(C)c2ccc(O[Si](Oc3ccc(C(C)(C)c4ccc(OCC=C)c(CCCP5(=O)Oc6ccccc6-c6ccccc65)c4)cc3CCCP3(=O)Oc4ccccc4-c4ccccc43)(Oc3ccc(C(C)(C)c4ccc(OCC=C)c(CCCP5(=O)Oc6ccccc6-c6ccccc65)c4)cc3CCCP3(=O)Oc4ccccc4-c4ccccc43)Oc3ccc(C(C)(C)c4ccc(OCC=C)c(CCCP5(=O)Oc6ccccc6-c6ccccc65)c4)cc3CCCP3(=O)Oc4ccccc4-c4ccccc43)c(CCCP3(=O)Oc4ccccc4-c4ccccc43)c2)cc1CCCP1(=O)Oc2ccccc2-c2ccccc21,,DOPO-based (additive),Designed,designed,P-Si,8,OH-to-allyl-ether-all,allyl,Additive,C,3147.4059999999904,O=P1(CCCc2cccc(Cc3ccc(O[Si](Oc4ccc(Cc5cccc(CCCP6(=O)Oc7ccccc7-c7ccccc76)c5)cc4CCCP4(=O)Oc5ccccc5-c5ccccc54)(Oc4ccc(Cc5cccc(CCCP6(=O)Oc7ccccc7-c7ccccc76)c5)cc4CCCP4(=O)Oc5ccccc5-c5ccccc54)Oc4ccc(Cc5cccc(CCCP6(=O)Oc7ccccc7-c7ccccc76)c5)cc4CCCP4(=O)Oc5ccccc5-c5ccccc54)c(CCCP4(=O)Oc5ccccc5-c5ccccc54)c3)c2)Oc2ccccc2-c2ccccc21,7.872895965757222,0.0,0.0,0.0,0.8923538939685597,False,False,"Parent=TRAIN_103 (TetraDSi); Change=Converted one OH group to an allyl ether; no EP reactivity is assumed. Converted all OH groups.; Attachment=all_OH; One-factor computational analogue. Parent_Tanimoto_r3=0.778; Max_Train_Tanimoto_r3=0.778; Risk=high molecular weight; high DOPO count; exploratory only; excluded from formal screening. Synthesis route, regioselectivity, stability, equivalent balance and EP compatibility require manual review.",True,True,True,False,synthesis_level_C_or_missing,8,1.0,0.0,0.0,0.0,1.0,0.0,Candidate
LIB_0543,CAND_R2_384,BDHDP-amino,Nc1ccc2c(c1)-c1ccccc1P(=O)(CN(CCO)CCOB(OCCN(CCOB(O)O)CP1(=O)Oc3ccccc3-c3ccccc31)OCCN(CCOB(OCCN(CCOB(O)O)CP1(=O)Oc3ccccc3-c3ccccc31)OCCN(CCOB(O)O)CP1(=O)Oc3ccccc3-c3ccccc31)CP1(=O)Oc3ccccc3-c3ccccc31)O2,Nc1ccc2c(c1)-c1ccccc1P(=O)(CN(CCO)CCOB(OCCN(CCOB(O)O)CP1(=O)Oc3ccccc3-c3ccccc31)OCCN(CCOB(OCCN(CCOB(O)O)CP1(=O)Oc3ccccc3-c3ccccc31)OCCN(CCOB(O)O)CP1(=O)Oc3ccccc3-c3ccccc31)CP1(=O)Oc3ccccc3-c3ccccc31)O2,,DOPO-based (Co-curing),Designed,designed,P-N-B,5,aryl-amino,NH2,Co-curing,C,1828.6650000000002,O=P1(CNCCOB(OCCNCP2(=O)Oc3ccccc3-c3ccccc32)OCCN(CCOB(OCCNCP2(=O)Oc3ccccc3-c3ccccc32)OCCNCP2(=O)Oc3ccccc3-c3ccccc32)CP2(=O)Oc3ccccc3-c3ccccc32)Oc2ccccc2-c2ccccc21,8.469019749380012,4.59581169869823,0.0,2.9562549728900582,0.0,False,False,"Parent=TRAIN_107 (BDHDP); Change=Added amino at aromatic atom 117.; Attachment=DOPO_core_aromatic; One-factor computational analogue. Parent_Tanimoto_r3=0.816; Max_Train_Tanimoto_r3=0.816; Risk=DOPO-core substitution route needs confirmation; high molecular weight; high DOPO count; exploratory only; excluded from formal screening. Synthesis route, regioselectivity, stability, equivalent balance and EP compatibility require manual review.",True,True,True,False,synthesis_level_C_or_missing,5,1.0,1.0,0.0,1.0,0.0,2.0,Candidate
LIB_0544,CAND_R2_385,BDHDP-hydroxy,O=P1(CN(CCO)CCOB(OCCN(CCOB(O)O)CP2(=O)Oc3ccccc3-c3ccccc32)OCCN(CCOB(OCCN(CCOB(O)O)CP2(=O)Oc3ccccc3-c3ccccc32)OCCN(CCOB(O)O)CP2(=O)Oc3ccccc3-c3ccccc32)CP2(=O)Oc3ccccc3-c3ccccc32)Oc2ccc(O)cc2-c2ccccc21,O=P1(CN(CCO)CCOB(OCCN(CCOB(O)O)CP2(=O)Oc3ccccc3-c3ccccc32)OCCN(CCOB(OCCN(CCOB(O)O)CP2(=O)Oc3ccccc3-c3ccccc32)OCCN(CCOB(O)O)CP2(=O)Oc3ccccc3-c3ccccc32)CP2(=O)Oc3ccccc3-c3ccccc32)Oc2ccc(O)cc2-c2ccccc21,,DOPO-based (additive),Designed,designed,P-N-B,5,aryl-hydroxy,OH,Additive,C,1829.649,O=P1(CNCCOB(OCCNCP2(=O)Oc3ccccc3-c3ccccc32)OCCN(CCOB(OCCNCP2(=O)Oc3ccccc3-c3ccccc32)OCCNCP2(=O)Oc3ccccc3-c3ccccc32)CP2(=O)Oc3ccccc3-c3ccccc32)Oc2ccccc2-c2ccccc21,8.464465042202084,3.8277833617267576,0.0,2.954665075104569,0.0,False,False,"Parent=TRAIN_107 (BDHDP); Change=Added hydroxy at aromatic atom 117.; Attachment=DOPO_core_aromatic; One-factor computational analogue. Parent_Tanimoto_r3=0.826; Max_Train_Tanimoto_r3=0.826; Risk=DOPO-core substitution route needs confirmation; high molecular weight; high DOPO count; exploratory only; excluded from formal screening. Synthesis route, regioselectivity, stability, equivalent balance and EP compatibility require manual review.",True,True,True,False,synthesis_level_C_or_missing,5,1.0,1.0,0.0,1.0,0.0,0.0,Candidate
LIB_0545,CAND_R2_386,BDHDP-boronic-acid,O=P1(CN(CCO)CCOB(OCCN(CCOB(O)O)CP2(=O)Oc3ccccc3-c3ccccc32)OCCN(CCOB(OCCN(CCOB(O)O)CP2(=O)Oc3ccccc3-c3ccccc32)OCCN(CCOB(O)O)CP2(=O)Oc3ccccc3-c3ccccc32)CP2(=O)Oc3ccccc3-c3ccccc32)Oc2ccc(B(O)O)cc2-c2ccccc21,O=P1(CN(CCO)CCOB(OCCN(CCOB(O)O)CP2(=O)Oc3ccccc3-c3ccccc32)OCCN(CCOB(OCCN(CCOB(O)O)CP2(=O)Oc3ccccc3-c3ccccc32)OCCN(CCOB(O)O)CP2(=O)Oc3ccccc3-c3ccccc32)CP2(=O)Oc3ccccc3-c3ccccc32)Oc2ccc(B(O)O)cc2-c2ccccc21,,DOPO-based (additive),Designed,designed,P-N-B,5,aryl-boronic-acid,B(OH)2,Additive,C,1857.4679999999998,O=P1(CNCCOB(OCCNCP2(=O)Oc3ccccc3-c3ccccc32)OCCN(CCOB(OCCNCP2(=O)Oc3ccccc3-c3ccccc32)OCCNCP2(=O)Oc3ccccc3-c3ccccc32)CP2(=O)Oc3ccccc3-c3ccccc32)Oc2ccccc2-c2ccccc21,8.337694108323804,3.7704552649090055,0.0,3.4924962368126935,0.0,False,False,"Parent=TRAIN_107 (BDHDP); Change=Added boronic_acid at aromatic atom 117.; Attachment=DOPO_core_aromatic; One-factor computational analogue. Parent_Tanimoto_r3=0.816; Max_Train_Tanimoto_r3=0.816; Risk=DOPO-core substitution route needs confirmation; high molecular weight; high DOPO count; exploratory only; excluded from formal screening. Synthesis route, regioselectivity, stability, equivalent balance and EP compatibility require manual review.",True,True,True,False,synthesis_level_C_or_missing,5,1.0,1.0,0.0,1.0,0.0,0.0,Candidate
LIB_0546,CAND_R2_387,BDHDP-glycidyloxy,O=P1(CN(CCO)CCOB(OCCN(CCOB(O)O)CP2(=O)Oc3ccccc3-c3ccccc32)OCCN(CCOB(OCCN(CCOB(O)O)CP2(=O)Oc3ccccc3-c3ccccc32)OCCN(CCOB(O)O)CP2(=O)Oc3ccccc3-c3ccccc32)CP2(=O)Oc3ccccc3-c3ccccc32)Oc2ccc(OCC3CO3)cc2-c2ccccc21,O=P1(CN(CCO)CCOB(OCCN(CCOB(O)O)CP2(=O)Oc3ccccc3-c3ccccc32)OCCN(CCOB(OCCN(CCOB(O)O)CP2(=O)Oc3ccccc3-c3ccccc32)OCCN(CCOB(O)O)CP2(=O)Oc3ccccc3-c3ccccc32)CP2(=O)Oc3ccccc3-c3ccccc32)Oc2ccc(OCC3CO3)cc2-c2ccccc21,,DOPO-based (Co-curing),Designed,designed,P-N-B,5,aryl-glycidyl-ether,epoxy,Co-curing,C,1885.713,O=P1(CNCCOB(OCCNCP2(=O)Oc3ccccc3-c3ccccc32)OCCN(CCOB(OCCNCP2(=O)Oc3ccccc3-c3ccccc32)OCCNCP2(=O)Oc3ccc(OCC4CO4)cc3-c3ccccc32)CP2(=O)Oc3ccccc3-c3ccccc32)Oc2ccccc2-c2ccccc21,8.212808629945279,3.7139798049862307,0.0,2.8668201364682746,0.0,False,False,"Parent=TRAIN_107 (BDHDP); Change=Added glycidyloxy at aromatic atom 117.; Attachment=DOPO_core_aromatic; One-factor computational analogue. Parent_Tanimoto_r3=0.717; Max_Train_Tanimoto_r3=0.717; Risk=DOPO-core substitution route needs confirmation; high molecular weight; high DOPO count; exploratory only; excluded from formal screening. Synthesis route, regioselectivity, stability, equivalent balance and EP compatibility require manual review.",True,True,True,False,synthesis_level_C_or_missing,5,1.0,1.0,0.0,1.0,0.0,2.0,Candidate
LIB_0547,CAND_R2_388,BDHDP-OH-glycidyl,O=P1(CN(CCOCC2CO2)CCOB(OCCN(CCOB(O)O)CP2(=O)Oc3ccccc3-c3ccccc32)OCCN(CCOB(OCCN(CCOB(O)O)CP2(=O)Oc3ccccc3-c3ccccc32)OCCN(CCOB(O)O)CP2(=O)Oc3ccccc3-c3ccccc32)CP2(=O)Oc3ccccc3-c3ccccc32)Oc2ccccc2-c2ccccc21,O=P1(CN(CCOCC2CO2)CCOB(OCCN(CCOB(O)O)CP2(=O)Oc3ccccc3-c3ccccc32)OCCN(CCOB(OCCN(CCOB(O)O)CP2(=O)Oc3ccccc3-c3ccccc32)OCCN(CCOB(O)O)CP2(=O)Oc3ccccc3-c3ccccc32)CP2(=O)Oc3ccccc3-c3ccccc32)Oc2ccccc2-c2ccccc21,,DOPO-based (Co-curing),Designed,designed,P-N-B,5,OH-to-glycidyl-ether,epoxy,Co-curing,C,1869.714,O=P1(CNCCOB(OCCNCP2(=O)Oc3ccccc3-c3ccccc32)OCCN(CCOB(OCCNCP2(=O)Oc3ccccc3-c3ccccc32)OCCN(CCOCC2CO2)CP2(=O)Oc3ccccc3-c3ccccc32)CP2(=O)Oc3ccccc3-c3ccccc32)Oc2ccccc2-c2ccccc21,8.283085006583894,3.7457600467237238,0.0,2.8913512975781317,0.0,False,False,"Parent=TRAIN_107 (BDHDP); Change=Converted one OH group to a glycidyl ether. Regioisomer 1.; Attachment=OH_site_1; One-factor computational analogue. Parent_Tanimoto_r3=0.747; Max_Train_Tanimoto_r3=0.747; Risk=high molecular weight; high DOPO count; exploratory only; excluded from formal screening. Synthesis route, regioselectivity, stability, equivalent balance and EP compatibility require manual review.",True,True,True,False,synthesis_level_C_or_missing,5,1.0,1.0,0.0,1.0,0.0,2.0,Candidate
LIB_0548,CAND_R2_389,BDHDP-OH-methyl,COCCN(CCOB(OCCN(CCOB(O)O)CP1(=O)Oc2ccccc2-c2ccccc21)OCCN(CCOB(OCCN(CCOB(O)O)CP1(=O)Oc2ccccc2-c2ccccc21)OCCN(CCOB(O)O)CP1(=O)Oc2ccccc2-c2ccccc21)CP1(=O)Oc2ccccc2-c2ccccc21)CP1(=O)Oc2ccccc2-c2ccccc21,COCCN(CCOB(OCCN(CCOB(O)O)CP1(=O)Oc2ccccc2-c2ccccc21)OCCN(CCOB(OCCN(CCOB(O)O)CP1(=O)Oc2ccccc2-c2ccccc21)OCCN(CCOB(O)O)CP1(=O)Oc2ccccc2-c2ccccc21)CP1(=O)Oc2ccccc2-c2ccccc21)CP1(=O)Oc2ccccc2-c2ccccc21,,DOPO-based (additive),Designed,designed,P-N-B,5,OH-to-methyl-ether,none,Additive,C,1827.6769999999997,O=P1(CNCCOB(OCCNCP2(=O)Oc3ccccc3-c3ccccc32)OCCN(CCOB(OCCNCP2(=O)Oc3ccccc3-c3ccccc32)OCCNCP2(=O)Oc3ccccc3-c3ccccc32)CP2(=O)Oc3ccccc3-c3ccccc32)Oc2ccccc2-c2ccccc21,8.47359790597573,3.8319134070188556,0.0,2.957853056092515,0.0,False,False,"Parent=TRAIN_107 (BDHDP); Change=Converted one OH group to a methyl ether. Regioisomer 1.; Attachment=OH_site_1; One-factor computational analogue. Parent_Tanimoto_r3=0.833; Max_Train_Tanimoto_r3=0.833; Risk=high molecular weight; high DOPO count; exploratory only; excluded from formal screening. Synthesis route, regioselectivity, stability, equivalent balance and EP compatibility require manual review.",True,True,True,False,synthesis_level_C_or_missing,5,1.0,1.0,0.0,1.0,0.0,0.0,Candidate
LIB_0549,CAND_R2_390,BDHDP-OH-acetyl,CC(=O)OCCN(CCOB(OCCN(CCOB(O)O)CP1(=O)Oc2ccccc2-c2ccccc21)OCCN(CCOB(OCCN(CCOB(O)O)CP1(=O)Oc2ccccc2-c2ccccc21)OCCN(CCOB(O)O)CP1(=O)Oc2ccccc2-c2ccccc21)CP1(=O)Oc2ccccc2-c2ccccc21)CP1(=O)Oc2ccccc2-c2ccccc21,CC(=O)OCCN(CCOB(OCCN(CCOB(O)O)CP1(=O)Oc2ccccc2-c2ccccc21)OCCN(CCOB(OCCN(CCOB(O)O)CP1(=O)Oc2ccccc2-c2ccccc21)OCCN(CCOB(O)O)CP1(=O)Oc2ccccc2-c2ccccc21)CP1(=O)Oc2ccccc2-c2ccccc21)CP1(=O)Oc2ccccc2-c2ccccc21,,DOPO-based (additive),Designed,designed,P-N-B,5,OH-to-acetate,none,Additive,C,1855.6869999999997,O=P1(CNCCOB(OCCNCP2(=O)Oc3ccccc3-c3ccccc32)OCCN(CCOB(OCCNCP2(=O)Oc3ccccc3-c3ccccc32)OCCNCP2(=O)Oc3ccccc3-c3ccccc32)CP2(=O)Oc3ccccc3-c3ccccc32)Oc2ccccc2-c2ccccc21,8.345696230021552,3.774073968293145,0.0,2.9132068069669077,0.0,False,False,"Parent=TRAIN_107 (BDHDP); Change=Converted one OH group to an acetate. Regioisomer 1.; Attachment=OH_site_1; One-factor computational analogue. Parent_Tanimoto_r3=0.802; Max_Train_Tanimoto_r3=0.802; Risk=high molecular weight; high DOPO count; exploratory only; excluded from formal screening. Synthesis route, regioselectivity, stability, equivalent balance and EP compatibility require manual review.",True,True,True,False,synthesis_level_C_or_missing,5,1.0,1.0,0.0,1.0,0.0,0.0,Candidate
LIB_0550,CAND_R2_391,BDHDP-OH-allyl,C=CCOCCN(CCOB(OCCN(CCOB(O)O)CP1(=O)Oc2ccccc2-c2ccccc21)OCCN(CCOB(OCCN(CCOB(O)O)CP1(=O)Oc2ccccc2-c2ccccc21)OCCN(CCOB(O)O)CP1(=O)Oc2ccccc2-c2ccccc21)CP1(=O)Oc2ccccc2-c2ccccc21)CP1(=O)Oc2ccccc2-c2ccccc21,C=CCOCCN(CCOB(OCCN(CCOB(O)O)CP1(=O)Oc2ccccc2-c2ccccc21)OCCN(CCOB(OCCN(CCOB(O)O)CP1(=O)Oc2ccccc2-c2ccccc21)OCCN(CCOB(O)O)CP1(=O)Oc2ccccc2-c2ccccc21)CP1(=O)Oc2ccccc2-c2ccccc21)CP1(=O)Oc2ccccc2-c2ccccc21,,DOPO-based (additive),Designed,designed,P-N-B,5,OH-to-allyl-ether,allyl,Additive,C,1853.7149999999997,O=P1(CNCCOB(OCCNCP2(=O)Oc3ccccc3-c3ccccc32)OCCN(CCOB(OCCNCP2(=O)Oc3ccccc3-c3ccccc32)OCCNCP2(=O)Oc3ccccc3-c3ccccc32)CP2(=O)Oc3ccccc3-c3ccccc32)Oc2ccccc2-c2ccccc21,8.354574462633146,3.778088864793132,0.0,2.9163059046293522,0.0,False,False,"Parent=TRAIN_107 (BDHDP); Change=Converted one OH group to an allyl ether; no EP reactivity is assumed. Regioisomer 1.; Attachment=OH_site_1; One-factor computational analogue. Parent_Tanimoto_r3=0.774; Max_Train_Tanimoto_r3=0.774; Risk=high molecular weight; high DOPO count; exploratory only; excluded from formal screening. Synthesis route, regioselectivity, stability, equivalent balance and EP compatibility require manual review.",True,True,True,False,synthesis_level_C_or_missing,5,1.0,1.0,0.0,1.0,0.0,0.0,Candidate
LIB_0551,CAND_R2_392,BDHDP-boronic-ethylene,O=P1(CN(CCO)CCOB(OCCN(CCOB(O)O)CP2(=O)Oc3ccccc3-c3ccccc32)OCCN(CCOB(OCCN(CCOB(O)O)CP2(=O)Oc3ccccc3-c3ccccc32)OCCN(CCOB2OCCO2)CP2(=O)Oc3ccccc3-c3ccccc32)CP2(=O)Oc3ccccc3-c3ccccc32)Oc2ccccc2-c2ccccc21,O=P1(CN(CCO)CCOB(OCCN(CCOB(O)O)CP2(=O)Oc3ccccc3-c3ccccc32)OCCN(CCOB(OCCN(CCOB(O)O)CP2(=O)Oc3ccccc3-c3ccccc32)OCCN(CCOB2OCCO2)CP2(=O)Oc3ccccc3-c3ccccc32)CP2(=O)Oc3ccccc3-c3ccccc32)Oc2ccccc2-c2ccccc21,,DOPO-based (additive),Designed,designed,P-N-B,5,ethylene-boronate,boronate,Additive,C,1839.6879999999999,O=P1(CNCCOB(OCCNCP2(=O)Oc3ccccc3-c3ccccc32)OCCN(CCOB(OCCNCP2(=O)Oc3ccccc3-c3ccccc32)OCCN(CCOB2OCCO2)CP2(=O)Oc3ccccc3-c3ccccc32)CP2(=O)Oc3ccccc3-c3ccccc32)Oc2ccccc2-c2ccccc21,8.418275272763642,3.8068955170659375,0.0,2.9385417527319846,0.0,False,False,"Parent=TRAIN_107 (BDHDP); Change=Converted one B(OH)2 site to ethylene boronate ester; site 2.; Attachment=B_site_2; One-factor computational analogue. Parent_Tanimoto_r3=0.816; Max_Train_Tanimoto_r3=0.816; Risk=high molecular weight; high DOPO count; exploratory only; excluded from formal screening. Synthesis route, regioselectivity, stability, equivalent balance and EP compatibility require manual review.",True,True,True,False,synthesis_level_C_or_missing,5,1.0,1.0,0.0,1.0,0.0,0.0,Candidate
LIB_0552,CAND_R2_393,BDHDP-boronic-ethylene-all,O=P1(CN(CCO)CCOB(OCCN(CCOB2OCCO2)CP2(=O)Oc3ccccc3-c3ccccc32)OCCN(CCOB(OCCN(CCOB2OCCO2)CP2(=O)Oc3ccccc3-c3ccccc32)OCCN(CCOB2OCCO2)CP2(=O)Oc3ccccc3-c3ccccc32)CP2(=O)Oc3ccccc3-c3ccccc32)Oc2ccccc2-c2ccccc21,O=P1(CN(CCO)CCOB(OCCN(CCOB2OCCO2)CP2(=O)Oc3ccccc3-c3ccccc32)OCCN(CCOB(OCCN(CCOB2OCCO2)CP2(=O)Oc3ccccc3-c3ccccc32)OCCN(CCOB2OCCO2)CP2(=O)Oc3ccccc3-c3ccccc32)CP2(=O)Oc3ccccc3-c3ccccc32)Oc2ccccc2-c2ccccc21,,DOPO-based (additive),Designed,designed,P-N-B,5,ethylene-boronate-all,boronate,Additive,C,1891.7639999999997,O=P1(CNCCOB(OCCN(CCOB2OCCO2)CP2(=O)Oc3ccccc3-c3ccccc32)OCCN(CCOB(OCCN(CCOB2OCCO2)CP2(=O)Oc3ccccc3-c3ccccc32)OCCN(CCOB2OCCO2)CP2(=O)Oc3ccccc3-c3ccccc32)CP2(=O)Oc3ccccc3-c3ccccc32)Oc2ccccc2-c2ccccc21,8.18653912433052,3.7021002619777104,0.0,2.857650320018776,0.0,False,False,"Parent=TRAIN_107 (BDHDP); Change=Converted all B(OH)2 sites to ethylene boronate esters.; Attachment=all_B_sites; One-factor computational analogue. Parent_Tanimoto_r3=0.747; Max_Train_Tanimoto_r3=0.747; Risk=high molecular weight; high DOPO count; exploratory only; excluded from formal screening. Synthesis route, regioselectivity, stability, equivalent balance and EP compatibility require manual review.",True,True,True,False,synthesis_level_C_or_missing,5,1.0,1.0,0.0,1.0,0.0,0.0,Candidate
LIB_0553,CAND_R2_394,BDHDP-boronic-pinacol,CC1(C)OB(OCCN(CCOB(OCCN(CCO)CP2(=O)Oc3ccccc3-c3ccccc32)OCCN(CCOB(OCCN(CCOB(O)O)CP2(=O)Oc3ccccc3-c3ccccc32)OCCN(CCOB(O)O)CP2(=O)Oc3ccccc3-c3ccccc32)CP2(=O)Oc3ccccc3-c3ccccc32)CP2(=O)Oc3ccccc3-c3ccccc32)OC1(C)C,CC1(C)OB(OCCN(CCOB(OCCN(CCO)CP2(=O)Oc3ccccc3-c3ccccc32)OCCN(CCOB(OCCN(CCOB(O)O)CP2(=O)Oc3ccccc3-c3ccccc32)OCCN(CCOB(O)O)CP2(=O)Oc3ccccc3-c3ccccc32)CP2(=O)Oc3ccccc3-c3ccccc32)CP2(=O)Oc3ccccc3-c3ccccc32)OC1(C)C,,DOPO-based (additive),Designed,designed,P-N-B,5,pinacol-boronate,boronate,Additive,C,1895.7959999999996,O=P1(CNCCOB(OCCNCP2(=O)Oc3ccccc3-c3ccccc32)OCCN(CCOB(OCCNCP2(=O)Oc3ccccc3-c3ccccc32)OCCN(CCOB2OCCO2)CP2(=O)Oc3ccccc3-c3ccccc32)CP2(=O)Oc3ccccc3-c3ccccc32)Oc2ccccc2-c2ccccc21,8.169127901947258,3.694226594000621,0.0,2.8515726375622696,0.0,False,False,"Parent=TRAIN_107 (BDHDP); Change=Converted one B(OH)2 site to pinacol boronate ester; site 1.; Attachment=B_site_1; One-factor computational analogue. Parent_Tanimoto_r3=0.798; Max_Train_Tanimoto_r3=0.798; Risk=high molecular weight; high DOPO count; exploratory only; excluded from formal screening. Synthesis route, regioselectivity, stability, equivalent balance and EP compatibility require manual review.",True,True,True,False,synthesis_level_C_or_missing,5,1.0,1.0,0.0,1.0,0.0,0.0,Candidate
LIB_0554,CAND_R2_395,BDHDP-boronic-pinacol-2,CC1(C)OB(OCCN(CCOB(OCCN(CCOB(O)O)CP2(=O)Oc3ccccc3-c3ccccc32)OCCN(CCOB(OCCN(CCO)CP2(=O)Oc3ccccc3-c3ccccc32)OCCN(CCOB(O)O)CP2(=O)Oc3ccccc3-c3ccccc32)CP2(=O)Oc3ccccc3-c3ccccc32)CP2(=O)Oc3ccccc3-c3ccccc32)OC1(C)C,CC1(C)OB(OCCN(CCOB(OCCN(CCOB(O)O)CP2(=O)Oc3ccccc3-c3ccccc32)OCCN(CCOB(OCCN(CCO)CP2(=O)Oc3ccccc3-c3ccccc32)OCCN(CCOB(O)O)CP2(=O)Oc3ccccc3-c3ccccc32)CP2(=O)Oc3ccccc3-c3ccccc32)CP2(=O)Oc3ccccc3-c3ccccc32)OC1(C)C,,DOPO-based (additive),Designed,designed,P-N-B,5,pinacol-boronate,boronate,Additive,C,1895.7959999999996,O=P1(CNCCOB(OCCNCP2(=O)Oc3ccccc3-c3ccccc32)OCCN(CCOB(OCCNCP2(=O)Oc3ccccc3-c3ccccc32)OCCN(CCOB2OCCO2)CP2(=O)Oc3ccccc3-c3ccccc32)CP2(=O)Oc3ccccc3-c3ccccc32)Oc2ccccc2-c2ccccc21,8.169127901947258,3.694226594000621,0.0,2.8515726375622696,0.0,False,False,"Parent=TRAIN_107 (BDHDP); Change=Converted one B(OH)2 site to pinacol boronate ester; site 2.; Attachment=B_site_2; One-factor computational analogue. Parent_Tanimoto_r3=0.798; Max_Train_Tanimoto_r3=0.798; Risk=high molecular weight; high DOPO count; exploratory only; excluded from formal screening. Synthesis route, regioselectivity, stability, equivalent balance and EP compatibility require manual review.",True,True,True,False,synthesis_level_C_or_missing,5,1.0,1.0,0.0,1.0,0.0,0.0,Candidate
LIB_0555,CAND_R2_396,BDHDP-boronic-pinacol-all,CC1(C)OB(OCCN(CCOB(OCCN(CCO)CP2(=O)Oc3ccccc3-c3ccccc32)OCCN(CCOB(OCCN(CCOB2OC(C)(C)C(C)(C)O2)CP2(=O)Oc3ccccc3-c3ccccc32)OCCN(CCOB2OC(C)(C)C(C)(C)O2)CP2(=O)Oc3ccccc3-c3ccccc32)CP2(=O)Oc3ccccc3-c3ccccc32)CP2(=O)Oc3ccccc3-c3ccccc32)OC1(C)C,CC1(C)OB(OCCN(CCOB(OCCN(CCO)CP2(=O)Oc3ccccc3-c3ccccc32)OCCN(CCOB(OCCN(CCOB2OC(C)(C)C(C)(C)O2)CP2(=O)Oc3ccccc3-c3ccccc32)OCCN(CCOB2OC(C)(C)C(C)(C)O2)CP2(=O)Oc3ccccc3-c3ccccc32)CP2(=O)Oc3ccccc3-c3ccccc32)CP2(=O)Oc3ccccc3-c3ccccc32)OC1(C)C,,DOPO-based (additive),Designed,designed,P-N-B,5,pinacol-boronate-all,boronate,Additive,C,2060.087999999999,O=P1(CNCCOB(OCCN(CCOB2OCCO2)CP2(=O)Oc3ccccc3-c3ccccc32)OCCN(CCOB(OCCN(CCOB2OCCO2)CP2(=O)Oc3ccccc3-c3ccccc32)OCCN(CCOB2OCCO2)CP2(=O)Oc3ccccc3-c3ccccc32)CP2(=O)Oc3ccccc3-c3ccccc32)Oc2ccccc2-c2ccccc21,7.517640023144646,3.399612055407344,0.0,2.6241597446322693,0.0,False,False,"Parent=TRAIN_107 (BDHDP); Change=Converted all B(OH)2 sites to pinacol boronate esters.; Attachment=all_B_sites; One-factor computational analogue. Parent_Tanimoto_r3=0.730; Max_Train_Tanimoto_r3=0.730; Risk=high molecular weight; high DOPO count; exploratory only; excluded from formal screening. Synthesis route, regioselectivity, stability, equivalent balance and EP compatibility require manual review.",True,True,True,False,synthesis_level_C_or_missing,5,1.0,1.0,0.0,1.0,0.0,0.0,Candidate
LIB_0556,CAND_R2_397,BDHDP-boronic-catechol,O=P1(CN(CCO)CCOB(OCCN(CCOB(OCCN(CCOB(O)O)CP2(=O)Oc3ccccc3-c3ccccc32)OCCN(CCOB(O)O)CP2(=O)Oc3ccccc3-c3ccccc32)CP2(=O)Oc3ccccc3-c3ccccc32)OCCN(CCOB2Oc3ccccc3O2)CP2(=O)Oc3ccccc3-c3ccccc32)Oc2ccccc2-c2ccccc21,O=P1(CN(CCO)CCOB(OCCN(CCOB(OCCN(CCOB(O)O)CP2(=O)Oc3ccccc3-c3ccccc32)OCCN(CCOB(O)O)CP2(=O)Oc3ccccc3-c3ccccc32)CP2(=O)Oc3ccccc3-c3ccccc32)OCCN(CCOB2Oc3ccccc3O2)CP2(=O)Oc3ccccc3-c3ccccc32)Oc2ccccc2-c2ccccc21,,DOPO-based (additive),Designed,designed,P-N-B,5,catechol-boronate,boronate,Additive,C,1887.7320000000002,O=P1(CNCCOB(OCCNCP2(=O)Oc3ccccc3-c3ccccc32)OCCN(CCOB(OCCNCP2(=O)Oc3ccccc3-c3ccccc32)OCCN(CCOB2Oc3ccccc3O2)CP2(=O)Oc3ccccc3-c3ccccc32)CP2(=O)Oc3ccccc3-c3ccccc32)Oc2ccccc2-c2ccccc21,8.204024723848512,3.710007564633115,0.0,2.86375396507555,0.0,False,False,"Parent=TRAIN_107 (BDHDP); Change=Converted one B(OH)2 site to catechol boronate ester; site 1.; Attachment=B_site_1; One-factor computational analogue. Parent_Tanimoto_r3=0.826; Max_Train_Tanimoto_r3=0.826; Risk=high molecular weight; high DOPO count; exploratory only; excluded from formal screening. Synthesis route, regioselectivity, stability, equivalent balance and EP compatibility require manual review.",True,True,True,False,synthesis_level_C_or_missing,5,1.0,1.0,0.0,1.0,0.0,0.0,Candidate
LIB_0557,CAND_R2_398,BDHDP-boronic-catechol-2,O=P1(CN(CCO)CCOB(OCCN(CCOB(O)O)CP2(=O)Oc3ccccc3-c3ccccc32)OCCN(CCOB(OCCN(CCOB(O)O)CP2(=O)Oc3ccccc3-c3ccccc32)OCCN(CCOB2Oc3ccccc3O2)CP2(=O)Oc3ccccc3-c3ccccc32)CP2(=O)Oc3ccccc3-c3ccccc32)Oc2ccccc2-c2ccccc21,O=P1(CN(CCO)CCOB(OCCN(CCOB(O)O)CP2(=O)Oc3ccccc3-c3ccccc32)OCCN(CCOB(OCCN(CCOB(O)O)CP2(=O)Oc3ccccc3-c3ccccc32)OCCN(CCOB2Oc3ccccc3O2)CP2(=O)Oc3ccccc3-c3ccccc32)CP2(=O)Oc3ccccc3-c3ccccc32)Oc2ccccc2-c2ccccc21,,DOPO-based (additive),Designed,designed,P-N-B,5,catechol-boronate,boronate,Additive,C,1887.7319999999997,O=P1(CNCCOB(OCCNCP2(=O)Oc3ccccc3-c3ccccc32)OCCN(CCOB(OCCNCP2(=O)Oc3ccccc3-c3ccccc32)OCCN(CCOB2Oc3ccccc3O2)CP2(=O)Oc3ccccc3-c3ccccc32)CP2(=O)Oc3ccccc3-c3ccccc32)Oc2ccccc2-c2ccccc21,8.204024723848514,3.710007564633116,0.0,2.863753965075551,0.0,False,False,"Parent=TRAIN_107 (BDHDP); Change=Converted one B(OH)2 site to catechol boronate ester; site 2.; Attachment=B_site_2; One-factor computational analogue. Parent_Tanimoto_r3=0.826; Max_Train_Tanimoto_r3=0.826; Risk=high molecular weight; high DOPO count; exploratory only; excluded from formal screening. Synthesis route, regioselectivity, stability, equivalent balance and EP compatibility require manual review.",True,True,True,False,synthesis_level_C_or_missing,5,1.0,1.0,0.0,1.0,0.0,0.0,Candidate
LIB_0558,CAND_R2_399,BDHDP-boronic-catechol-all,O=P1(CN(CCO)CCOB(OCCN(CCOB(OCCN(CCOB2Oc3ccccc3O2)CP2(=O)Oc3ccccc3-c3ccccc32)OCCN(CCOB2Oc3ccccc3O2)CP2(=O)Oc3ccccc3-c3ccccc32)CP2(=O)Oc3ccccc3-c3ccccc32)OCCN(CCOB2Oc3ccccc3O2)CP2(=O)Oc3ccccc3-c3ccccc32)Oc2ccccc2-c2ccccc21,O=P1(CN(CCO)CCOB(OCCN(CCOB(OCCN(CCOB2Oc3ccccc3O2)CP2(=O)Oc3ccccc3-c3ccccc32)OCCN(CCOB2Oc3ccccc3O2)CP2(=O)Oc3ccccc3-c3ccccc32)CP2(=O)Oc3ccccc3-c3ccccc32)OCCN(CCOB2Oc3ccccc3O2)CP2(=O)Oc3ccccc3-c3ccccc32)Oc2ccccc2-c2ccccc21,,DOPO-based (additive),Designed,designed,P-N-B,5,catechol-boronate-all,boronate,Additive,C,2035.896,O=P1(CNCCOB(OCCN(CCOB(OCCN(CCOB2Oc3ccccc3O2)CP2(=O)Oc3ccccc3-c3ccccc32)OCCN(CCOB2Oc3ccccc3O2)CP2(=O)Oc3ccccc3-c3ccccc32)CP2(=O)Oc3ccccc3-c3ccccc32)OCCN(CCOB2Oc3ccccc3O2)CP2(=O)Oc3ccccc3-c3ccccc32)Oc2ccccc2-c2ccccc21,7.606970100633824,3.4400087234318453,0.0,2.655341923163069,0.0,False,False,"Parent=TRAIN_107 (BDHDP); Change=Converted all B(OH)2 sites to catechol boronate esters.; Attachment=all_B_sites; One-factor computational analogue. Parent_Tanimoto_r3=0.756; Max_Train_Tanimoto_r3=0.756; Risk=high molecular weight; high DOPO count; exploratory only; excluded from formal screening. Synthesis route, regioselectivity, stability, equivalent balance and EP compatibility require manual review.",True,True,True,False,synthesis_level_C_or_missing,5,1.0,1.0,0.0,1.0,0.0,0.0,Candidate
