Library_Row_ID,Candidate_ID,Candidate_Name,SMILES_raw,Canonical_SMILES,Synergy_type,Preparation_Method,Reference_ID,Source_Type,Design_Family,DOPO_Count,Linker_Type,Reactive_Group,Preparation_Type,Synthesis_Level,Molecular_Weight,Murcko_Scaffold,P_molecular_wt_pct,N_molecular_wt_pct,S_molecular_wt_pct,B_molecular_wt_pct,Si_molecular_wt_pct,Training_Duplicate,Screening_Eligible,Notes,smiles_valid,contains_DOPO,is_unique,synthesis_feasible,Exclusion_Reason,Computed_DOPO_Count,Has_P,Has_N,Has_S,Has_B,Has_Si,Preparation_Method_num,candidate_status
LIB_0001,TRAIN_001,TEBA,CC(C1=CC=C(OCC2CO2)C=C1)(C3=CC=C(OCC4CO4)C=C3)CCC(OCCN(CP5(C6=C(C7=C(O5)C=CC=C7)C=CC=C6)=O)CCOC(CCC(C8=CC=C(OCC9CO9)C=C8)(C%10=CC=C(OCC%11CO%11)C=C%10)C)=O)=O,CC(CCC(=O)OCCN(CCOC(=O)CCC(C)(c1ccc(OCC2CO2)cc1)c1ccc(OCC2CO2)cc1)CP1(=O)Oc2ccccc2-c2ccccc21)(c1ccc(OCC2CO2)cc1)c1ccc(OCC2CO2)cc1,P-N,DOPO-based (reactive),https://doi.org/10.1016/j.polymdegradstab.2020.109151,training_seed,P-N,1,review_manually,epoxy,DOPO-based (reactive),A,1094.2040000000002,O=C(CCC(c1ccc(OCC2CO2)cc1)c1ccc(OCC2CO2)cc1)OCCN(CCOC(=O)CCC(c1ccc(OCC2CO2)cc1)c1ccc(OCC2CO2)cc1)CP1(=O)Oc2ccccc2-c2ccccc21,2.830733574360905,1.2801086451886483,0.0,0.0,0.0,True,False,"Existing training molecule; use as design reference, not as a new discovery.",True,True,True,True,training_reference,1,,,,,,,Training reference
LIB_0002,TRAIN_002,DGEBDB,COC1=CC(C(P2(C3=C(C4=C(O2)C=CC=C4)C=CC=C3)=O)C5=CC=C(OCC6CO6)C(OC)=C5)=CC=C1OCC7CO7,COc1cc(C(c2ccc(OCC3CO3)c(OC)c2)P2(=O)Oc3ccccc3-c3ccccc32)ccc1OCC1CO1,P-only,DOPO-based (reactive),https://doi.org/10.1016/j.compositesb.2020.107926,training_seed,P-only,1,review_manually,epoxy,DOPO-based (reactive),A,586.577,O=P1(C(c2ccc(OCC3CO3)cc2)c2ccc(OCC3CO3)cc2)Oc2ccccc2-c2ccccc21,5.280466162157739,0.0,0.0,0.0,0.0,True,False,"Existing training molecule; use as design reference, not as a new discovery.",True,True,True,True,training_reference,1,,,,,,,Training reference
LIB_0003,TRAIN_003,PFA,CC1CC2C(C(OC2=O)=O)C(P3(C4=C(C5=C(O3)C=CC=C5)C=CC=C4)=O)C1,CC1CC2C(=O)OC(=O)C2C(P2(=O)Oc3ccccc3-c3ccccc32)C1,P-only,DOPO-based (Co-curing),https://doi.org/10.3390/ma14092205,training_seed,P-only,1,review_manually,none,DOPO-based (Co-curing),A,382.35200000000015,O=C1OC(=O)C2C1CCCC2P1(=O)Oc2ccccc2-c2ccccc21,8.100912248399379,0.0,0.0,0.0,0.0,True,False,"Existing training molecule; use as design reference, not as a new discovery.",True,True,True,True,training_reference,1,,,,,,,Training reference
LIB_0004,TRAIN_004,DDP,O=P(CC(C(O)=O)CC(O)=O)(C1=C2C=CC=C1)OC3=C2C=CC=C3,O=C(O)CC(CP1(=O)Oc2ccccc2-c2ccccc21)C(=O)O,P-only,DOPO-based (Co-curing),https://doi.org/10.1016/j.chemosphere.2022.133778,training_seed,P-only,1,review_manually,OH;carboxyl,DOPO-based (Co-curing),A,346.2750000000001,O=[PH]1Oc2ccccc2-c2ccccc21,8.944913724640818,0.0,0.0,0.0,0.0,True,False,"Existing training molecule; use as design reference, not as a new discovery.",True,True,True,True,training_reference,1,,,,,,,Training reference
LIB_0005,TRAIN_005,DOPO-HPM,O=C(CC(P1(C2=C(C3=C(O1)C=CC=C3)C=CC=C2)=O)C4=O)N4C(C=C5)=CC=C5OCC(CN6C(N(C(N(C6=O)CC7CO7)=O)CC8CO8)=O)O,O=C1CC(P2(=O)Oc3ccccc3-c3ccccc32)C(=O)N1c1ccc(OCC(O)Cn2c(=O)n(CC3CO3)c(=O)n(CC3CO3)c2=O)cc1,P-N,DOPO-based (Co-curing),https://doi.org/10.1016/j.polymdegradstab.2015.05.019,training_seed,P-N,1,review_manually,OH;epoxy,DOPO-based (Co-curing),A,702.6130000000002,O=C1CC(P2(=O)Oc3ccccc3-c3ccccc32)C(=O)N1c1ccc(OCCCn2c(=O)n(CC3CO3)c(=O)n(CC3CO3)c2=O)cc1,4.408401210908423,7.974233326169597,0.0,0.0,0.0,True,False,"Existing training molecule; use as design reference, not as a new discovery.",True,True,True,True,training_reference,1,,,,,,,Training reference
LIB_0006,TRAIN_006,DOPO-GE,C=CCC1=CC=C(OCC(O)CP2(C3=C(C4=C(O2)C=CC=C4)C=CC=C3)=O)C(OC)=C1,C=CCc1ccc(OCC(O)CP2(=O)Oc3ccccc3-c3ccccc32)c(OC)c1,P-only,DOPO-based (additive),https://doi.org/10.32604/jrm.2022.018754,training_seed,P-only,1,review_manually,OH;allyl/vinyl,DOPO-based (additive),A,436.4440000000001,O=P1(CCCOc2ccccc2)Oc2ccccc2-c2ccccc21,7.096901320673441,0.0,0.0,0.0,0.0,True,False,"Existing training molecule; use as design reference, not as a new discovery.",True,True,True,True,training_reference,1,,,,,,,Training reference
LIB_0007,TRAIN_007,TMD,O=P(C(C(O)=O)CC(OCCN1C(N(C(N(C1=O)CCOC(CC(P2(C3=C(C4=C(O2)C=CC=C4)C=CC=C3)=O)C(O)=O)=O)=O)CCOC(CC(P5(C6=C(C7=C(O5)C=CC=C7)C=CC=C6)=O)C(O)=O)=O)=O)=O)(C8=C9C=CC=C8)OC%10=C9C=CC=C%10,O=C(CC(C(=O)O)P1(=O)Oc2ccccc2-c2ccccc21)OCCn1c(=O)n(CCOC(=O)CC(C(=O)O)P2(=O)Oc3ccccc3-c3ccccc32)c(=O)n(CCOC(=O)CC(C(=O)O)P2(=O)Oc3ccccc3-c3ccccc32)c1=O,P-N,DOPO-based (reactive),https://doi.org/10.1016/j.cej.2019.121916,training_seed,P-N,3,review_manually,OH;carboxyl,DOPO-based (reactive),A,1203.9330000000004,O=C(CCP1(=O)Oc2ccccc2-c2ccccc21)OCCn1c(=O)n(CCOC(=O)CCP2(=O)Oc3ccccc3-c3ccccc32)c(=O)n(CCOC(=O)CCP2(=O)Oc3ccccc3-c3ccccc32)c1=O,7.718203587741175,3.490310507312283,0.0,0.0,0.0,True,False,"Existing training molecule; use as design reference, not as a new discovery.",True,True,True,True,training_reference,3,,,,,,,Training reference
LIB_0008,TRAIN_008,TDA,CCO[Si](OCC)(OCC)CCCNCC(O)CN1C(N(C(N(C1=O)CC(CP2(C3=C(C4=C(O2)C=CC=C4)C=CC=C3)=O)O)=O)CC(O)CNCCC[Si](OCC)(OCC)OCC)=O,CCO[Si](CCCNCC(O)Cn1c(=O)n(CC(O)CNCCC[Si](OCC)(OCC)OCC)c(=O)n(CC(O)CP2(=O)Oc3ccccc3-c3ccccc32)c1=O)(OCC)OCC,P-N-Si,DOPO-based (reactive),https://doi.org/10.1021/acsomega.1c00076,training_seed,P-N-Si,1,review_manually,NH2/NH;OH,DOPO-based (reactive),A,956.1890000000002,O=c1[nH]c(=O)n(CCCP2(=O)Oc3ccccc3-c3ccccc32)c(=O)[nH]1,3.239317749942741,7.324388797612186,0.0,0.0,5.874570822295591,True,False,"Existing training molecule; use as design reference, not as a new discovery.",True,True,True,True,training_reference,1,,,,,,,Training reference
LIB_0009,TRAIN_009,POG-DOPO,O=P(CC(O)COP(OCC1CO1)(OCC2CO2)=O)(C3=C4C=CC=C3)OC5=C4C=CC=C5,O=P(OCC(O)CP1(=O)Oc2ccccc2-c2ccccc21)(OCC1CO1)OCC1CO1,P-P,DOPO-based (reactive),https://doi.org/10.1016/j.polymdegradstab.2024.111016,training_seed,P-only,1,review_manually,OH;epoxy,DOPO-based (reactive),A,482.3620000000004,O=P(OCCCP1(=O)Oc2ccccc2-c2ccccc21)(OCC1CO1)OCC1CO1,12.842636857795588,0.0,0.0,0.0,0.0,True,False,"Existing training molecule; use as design reference, not as a new discovery.",True,True,True,True,training_reference,1,,,,,,,Training reference
LIB_0010,TRAIN_010,DOPO-BD,CC(NNC(C1=CC=CC=C1)=O)(P2(C3=C(C4=C(O2)C=CC=C4)C=CC=C3)=O)C5=CC=C(O)C=C5,CC(NNC(=O)c1ccccc1)(c1ccc(O)cc1)P1(=O)Oc2ccccc2-c2ccccc21,P-N,DOPO-based (reactive),https://doi.org/10.1002/fam.3200,training_seed,P-N,1,review_manually,NH2/NH;OH,DOPO-based (reactive),A,470.4650000000002,O=C(NNC(c1ccccc1)P1(=O)Oc2ccccc2-c2ccccc21)c1ccccc1,6.583699106203435,5.9545343436812495,0.0,0.0,0.0,True,False,"Existing training molecule; use as design reference, not as a new discovery.",True,True,True,True,training_reference,1,,,,,,,Training reference
LIB_0011,TRAIN_011,DOPOBH,OC(C=C1)=CC=C1N(C2P3(C4=C(C5=C(O3)C=CC=C5)C=CC=C4)=O)COC6=C2C=CC=C6,O=P1(C2c3ccccc3OCN2c2ccc(O)cc2)Oc2ccccc2-c2ccccc21,P-N,DOPO-based (additive),https://doi.org/10.1016/j.polymer.2024.127173,training_seed,P-N,1,review_manually,OH,DOPO-based (additive),A,441.4230000000001,O=P1(C2c3ccccc3OCN2c2ccccc2)Oc2ccccc2-c2ccccc21,7.016852316259006,3.17314684554271,0.0,0.0,0.0,True,False,"Existing training molecule; use as design reference, not as a new discovery.",True,True,True,True,training_reference,1,,,,,,,Training reference
LIB_0012,TRAIN_012,KHDOPO,O=P1(CC(COCCC[Si](OC)(OC)OC)O)C2=CC=CC=C2C3=C(O1)C=CC=C3,CO[Si](CCCOCC(O)CP1(=O)Oc2ccccc2-c2ccccc21)(OC)OC,P-Si,DOPO-based (reactive),https://doi.org/10.1016/j.polymdegradstab.2019.109055,training_seed,P-Si,1,review_manually,OH,DOPO-based (reactive),A,452.5160000000002,O=[PH]1Oc2ccccc2-c2ccccc21,6.844840845406568,0.0,0.0,0.0,6.206631367730641,True,False,"Existing training molecule; use as design reference, not as a new discovery.",True,True,True,True,training_reference,1,,,,,,,Training reference
LIB_0013,TRAIN_013,DOPO-TMT,O=P(C1CC(N(C1=O)C2=CC=C(OC3=NC(OC4=CC=C(N5C(CC(P6(C7=C(C8=C(O6)C=CC=C8)C=CC=C7)=O)C5=O)=O)C=C4)=NC(OC9=CC=C(N%10C(CC(P%11(C%12=C(C%13=C(O%11)C=CC=C%13)C=CC=C%12)=O)C%10=O)=O)C=C9)=N3)C=C2)=O)(C%14=C%15C=CC=C%14)OC%16=C%15C=CC=C%16,O=C1CC(P2(=O)Oc3ccccc3-c3ccccc32)C(=O)N1c1ccc(Oc2nc(Oc3ccc(N4C(=O)CC(P5(=O)Oc6ccccc6-c6ccccc65)C4=O)cc3)nc(Oc3ccc(N4C(=O)CC(P5(=O)Oc6ccccc6-c6ccccc65)C4=O)cc3)n2)cc1,P-N,DOPO-based (additive),https://doi.org/10.1021/acs.iecr.5b02026,training_seed,P-N,3,review_manually,none,DOPO-based (additive),A,1291.068,O=C1CC(P2(=O)Oc3ccccc3-c3ccccc32)C(=O)N1c1ccc(Oc2nc(Oc3ccc(N4C(=O)CC(P5(=O)Oc6ccccc6-c6ccccc65)C4=O)cc3)nc(Oc3ccc(N4C(=O)CC(P5(=O)Oc6ccccc6-c6ccccc65)C4=O)cc3)n2)cc1,7.197297121452936,6.509494465047543,0.0,0.0,0.0,True,False,"Existing training molecule; use as design reference, not as a new discovery.",True,True,True,True,training_reference,3,,,,,,,Training reference
LIB_0014,TRAIN_014,SFD-BOZ,O=P(C1=C2C=CC=C1)(C3C4=C(OCN3CC5=CC=CO5)C=CC=C4)OC6=C2C=CC=C6,O=P1(C2c3ccccc3OCN2Cc2ccco2)Oc2ccccc2-c2ccccc21,P-N-C,DOPO-based (Co-curing),https://doi.org/10.1016/j.polymdegradstab.2022.109878,training_seed,P-N,1,review_manually,none,DOPO-based (Co-curing),A,429.41200000000015,O=P1(C2c3ccccc3OCN2Cc2ccco2)Oc2ccccc2-c2ccccc21,7.213119335277074,3.261902322245302,0.0,0.0,0.0,True,False,"Existing training molecule; use as design reference, not as a new discovery.",True,True,True,True,training_reference,1,,,,,,,Training reference
LIB_0015,TRAIN_015,DOPO-HQ-AE,O=C(OC1=C(P2(C3=CC=CC=C3C4=CC=CC=C4O2)=O)C=C(OC(C5=CC=CC=C5)=O)C=C1)C6=CC=CC=C6,O=C(Oc1ccc(OC(=O)c2ccccc2)c(P2(=O)Oc3ccccc3-c3ccccc32)c1)c1ccccc1,P-only,DOPO-based (reactive),https://doi.org/10.1016/j.cej.2024.148998,training_seed,P-only,1,review_manually,none,DOPO-based (reactive),A,532.4880000000003,O=C(Oc1ccc(OC(=O)c2ccccc2)c(P2(=O)Oc3ccccc3-c3ccccc32)c1)c1ccccc1,5.816844698847671,0.0,0.0,0.0,0.0,True,False,"Existing training molecule; use as design reference, not as a new discovery.",True,True,True,True,training_reference,1,,,,,,,Training reference
LIB_0016,TRAIN_016,DOPOMAH,O=P(C1=C2C=CC=C1)(C3CC(OC3=O)=O)OC4=C2C=CC=C4,O=C1CC(P2(=O)Oc3ccccc3-c3ccccc32)C(=O)O1,P-only,DOPO-based (Co-curing),https://doi.org/10.1002/app.51688,training_seed,P-only,1,review_manually,none,DOPO-based (Co-curing),A,314.2330000000001,O=C1CC(P2(=O)Oc3ccccc3-c3ccccc32)C(=O)O1,9.857016926930012,0.0,0.0,0.0,0.0,True,False,"Existing training molecule; use as design reference, not as a new discovery.",True,True,True,True,training_reference,1,,,,,,,Training reference
LIB_0017,TRAIN_017,APN-DOPO,O=P(C1=C2C=CC=C1)(C([H])(NC3=CC=CC(OC4=CC=C(C(C#N)=C4)C#N)=C3)[H])OC5=C2C=CC=C5,N#Cc1ccc(Oc2cccc(NCP3(=O)Oc4ccccc4-c4ccccc43)c2)cc1C#N,P-N,DOPO-based (additive+ Secondary Crosslinking),https://doi.org/10.1016/j.cej.2021.130404,training_seed,P-N,1,review_manually,NH2/NH,DOPO-based (additive+ Secondary Crosslinking),A,463.43300000000016,O=P1(CNc2cccc(Oc3ccccc3)c2)Oc2ccccc2-c2ccccc21,6.683598276341994,9.067330121074672,0.0,0.0,0.0,True,False,"Existing training molecule; use as design reference, not as a new discovery.",True,True,True,True,training_reference,1,,,,,,,Training reference
LIB_0018,TRAIN_018,DSOC,CCC1(C(P2(C3=C(C4=C(O2)C=CC=C4)C=CC=C3)=O)O)COC5(OCC(CO5)(C(P6(C7=C(C8=C(O6)C=CC=C8)C=CC=C7)=O)O)CC)OC1,CCC1(C(O)P2(=O)Oc3ccccc3-c3ccccc32)COC2(OC1)OCC(CC)(C(O)P1(=O)Oc3ccccc3-c3ccccc31)CO2,P-only,DOPO-based (reactive),https://doi.org/10.1080/15685551.2015.1070501,training_seed,P-only,2,review_manually,OH,DOPO-based (reactive),A,704.6490000000002,O=P1(CC2COC3(OC2)OCC(CP2(=O)Oc4ccccc4-c4ccccc42)CO3)Oc2ccccc2-c2ccccc21,8.791327313314854,0.0,0.0,0.0,0.0,True,False,"Existing training molecule; use as design reference, not as a new discovery.",True,True,True,True,training_reference,2,,,,,,,Training reference
LIB_0019,TRAIN_019,DiDOPO,O=P1(C2=C(C3=C(O1)C=CC=C3)C=CC=C2)CC(P4(C5=CC=CC=C5C6=C(O4)C=CC=C6)=O)C7=CC=CC=C7,O=P1(CC(c2ccccc2)P2(=O)Oc3ccccc3-c3ccccc32)Oc2ccccc2-c2ccccc21,P-Si,DOPO-based (additive),https://doi.org/10.1021/acsomega.0c05208,training_seed,P-only,2,review_manually,none,DOPO-based (additive),A,534.4880000000002,O=P1(CC(c2ccccc2)P2(=O)Oc3ccccc3-c3ccccc32)Oc2ccccc2-c2ccccc21,11.590157309425091,0.0,0.0,0.0,0.0,True,False,"Existing training molecule; use as design reference, not as a new discovery.",True,True,True,True,training_reference,2,,,,,,,Training reference
LIB_0020,TRAIN_020,PBD,O=P(C1=C2C=CC=C1)(C(C3=CC=C(C(P4(C5=C(C6=C(O4)C=CC=C6)C=CC=C5)=O)NC7=CC=CC(OC8=CC=C(C(C#N)=C8)C#N)=C7)C=C3)NC9=CC=CC(OC%10=CC=C(C(C#N)=C%10)C#N)=C9)OC%11=C2C=CC=C%11,N#Cc1ccc(Oc2cccc(NC(c3ccc(C(Nc4cccc(Oc5ccc(C#N)c(C#N)c5)c4)P4(=O)Oc5ccccc5-c5ccccc54)cc3)P3(=O)Oc4ccccc4-c4ccccc43)c2)cc1C#N,P-N,DOPO-based (additive+ Secondary Crosslinking),https://doi.org/10.1016/j.compositesb.2021.109162,training_seed,P-N,2,review_manually,NH2/NH,DOPO-based (additive+ Secondary Crosslinking),A,1000.948,O=P1(C(Nc2cccc(Oc3ccccc3)c2)c2ccc(C(Nc3cccc(Oc4ccccc4)c3)P3(=O)Oc4ccccc4-c4ccccc43)cc2)Oc2ccccc2-c2ccccc21,6.188932891618745,8.3962403641348,0.0,0.0,0.0,True,False,"Existing training molecule; use as design reference, not as a new discovery.",True,True,True,True,training_reference,2,,,,,,,Training reference
LIB_0021,TRAIN_021,DTB,CCC(O)CN1C(N(C(N(C1=O)CC(O)CP2(C3=C(C4=C(O2)C=CC=C4)C=CC=C3)=O)=O)CC(O)COB(OC)O)=O,CCC(O)Cn1c(=O)n(CC(O)COB(O)OC)c(=O)n(CC(O)CP2(=O)Oc3ccccc3-c3ccccc32)c1=O,P-N-B,DOPO-based (additive),https://doi.org/10.1016/j.polymdegradstab.2016.09.023,training_seed,P-N-B,1,review_manually,OH,DOPO-based (additive),A,605.3460000000002,O=c1[nH]c(=O)n(CCCP2(=O)Oc3ccccc3-c3ccccc32)c(=O)[nH]1,5.116743151850345,6.941649899396376,0.0,1.7860859739719095,0.0,True,False,"Existing training molecule; use as design reference, not as a new discovery.",True,True,True,True,training_reference,1,,,,,,,Training reference
LIB_0022,TRAIN_022,DOPO-DDM,O=P(C1=C2C=CC=C1)(C(NC3=CC=C(CC4=CC=C(NC(P5(C6=C(C7=C(O5)C=CC=C7)C=CC=C6)=O)C8=CC=C(O)C=C8)C=C4)C=C3)C9=CC=C(O)C=C9)OC%10=C2C=CC=C%10,O=P1(C(Nc2ccc(Cc3ccc(NC(c4ccc(O)cc4)P4(=O)Oc5ccccc5-c5ccccc54)cc3)cc2)c2ccc(O)cc2)Oc2ccccc2-c2ccccc21,P-N,DOPO-based (Co-curing),https://doi.org/10.1016/j.polymdegradstab.2015.10.012,training_seed,P-N,2,review_manually,NH2/NH;OH,DOPO-based (Co-curing),A,838.8370000000001,O=P1(C(Nc2ccc(Cc3ccc(NC(c4ccccc4)P4(=O)Oc5ccccc5-c5ccccc54)cc3)cc2)c2ccccc2)Oc2ccccc2-c2ccccc21,7.384986594535052,3.339623788650238,0.0,0.0,0.0,True,False,"Existing training molecule; use as design reference, not as a new discovery.",True,True,True,True,training_reference,2,,,,,,,Training reference
LIB_0023,TRAIN_023,DTA,O=P(C1=C2C=CC=C1)(C(NC3=NC4=C(N3)C=CC=C4)C5=CC=C(C(P6(C7=C(C8=C(O6)C=CC=C8)C=CC=C7)=O)NC9=NC%10=C(N9)C=CC=C%10)C=C5)OC%11=C2C=CC=C%11,O=P1(C(Nc2nc3ccccc3[nH]2)c2ccc(C(Nc3nc4ccccc4[nH]3)P3(=O)Oc4ccccc4-c4ccccc43)cc2)Oc2ccccc2-c2ccccc21,P-N,DOPO-based (Co-curing),https://doi.org/10.1016/j.polymdegradstab.2019.03.003,training_seed,P-N,2,review_manually,NH2/NH,DOPO-based (Co-curing),A,796.764,O=P1(C(Nc2nc3ccccc3[nH]2)c2ccc(C(Nc3nc4ccccc4[nH]3)P3(=O)Oc4ccccc4-c4ccccc43)cc2)Oc2ccccc2-c2ccccc21,7.774949671420898,10.547916321520551,0.0,0.0,0.0,True,False,"Existing training molecule; use as design reference, not as a new discovery.",True,True,True,True,training_reference,2,,,,,,,Training reference
LIB_0024,TRAIN_024,HVPA－DOPO,COC1=CC(C(NCCO)P2(OC(C=CC=C3)=C3C4=C2C=CC=C4)=O)=CC=C1OP5(OC6=CC(C(NCCO)P7(OC(C=CC=C8)=C8C9=C7C=CC=C9)=O)=CC=C6OC)=NP(OC%10=CC=C(C(NCCO)P%11(OC(C=CC=C%12)=C%12C%13=C%11C=CC=C%13)=O)C=C%10OC)(OC%14=CC=C(C(NCCO)P%15(OC(C=CC=C%16)=C%16C%17=C%15C=CC=C%17)=O)C=C%14OC)=NP(OC%18=CC=C(C(NCCO)P%19(OC(C=CC=C%20)=C%20C%21=C%19C=CC=C%21)=O)C=C%18OC)(OC%22=CC(C(NCCO)P%23(OC(C=CC=C%24)=C%24C%25=C%23C=CC=C%25)=O)=CC=C%22OC)=N5,COc1cc(C(NCCO)P2(=O)Oc3ccccc3-c3ccccc32)ccc1OP1(Oc2ccc(C(NCCO)P3(=O)Oc4ccccc4-c4ccccc43)cc2OC)=NP(Oc2ccc(C(NCCO)P3(=O)Oc4ccccc4-c4ccccc43)cc2OC)(Oc2cc(C(NCCO)P3(=O)Oc4ccccc4-c4ccccc43)ccc2OC)=NP(Oc2ccc(C(NCCO)P3(=O)Oc4ccccc4-c4ccccc43)cc2OC)(Oc2cc(C(NCCO)P3(=O)Oc4ccccc4-c4ccccc43)ccc2OC)=N1,P-N,DOPO-based (additive),https://kns.cnki.net/kcms2/article/abstract?v=Jz5IuRg0t03gCi77HueKkdhXr1Kks-8Asx8mfSXC9dkOW3i5QJvBG7O8nFuQ6fVFmodx7dE2PooVI8cXdUjFh-m9QVbm9NUqRV0WAQmWSTT-onafxhl7MgLeJKaimMxrNN1lVGKNu1EYC6CR0hCY_RViLFQXuvgBsV-gcxf_dKg=&uniplatform=NZKPT,training_seed,P-N,6,review_manually,NH2/NH;OH,DOPO-based (additive),A,2597.258999999994,O=P1(Cc2ccc(OP3(Oc4ccc(CP5(=O)Oc6ccccc6-c6ccccc65)cc4)=NP(Oc4ccc(CP5(=O)Oc6ccccc6-c6ccccc65)cc4)(Oc4cccc(CP5(=O)Oc6ccccc6-c6ccccc65)c4)=NP(Oc4ccc(CP5(=O)Oc6ccccc6-c6ccccc65)cc4)(Oc4cccc(CP5(=O)Oc6ccccc6-c6ccccc65)c4)=N3)cc2)Oc2ccccc2-c2ccccc21,10.733084378569895,4.85369383646376,0.0,0.0,0.0,True,False,"Existing training molecule; use as design reference, not as a new discovery.",True,True,True,True,training_reference,6,,,,,,,Training reference
LIB_0025,TRAIN_025,DOF,O=P(C1=C2C=CC=C1)(C(O)C3=CC=CO3)OC4=C2C=CC=C4,O=P1(C(O)c2ccco2)Oc2ccccc2-c2ccccc21,P-only,DOPO-based (Co-curing),https://doi.org/10.1016/j.indcrop.2023.116917,training_seed,P-only,1,review_manually,OH,DOPO-based (Co-curing),A,312.261,O=P1(Cc2ccco2)Oc2ccccc2-c2ccccc21,9.919266254831696,0.0,0.0,0.0,0.0,True,False,"Existing training molecule; use as design reference, not as a new discovery.",True,True,True,True,training_reference,1,,,,,,,Training reference
LIB_0026,TRAIN_026,DE-1,CC(C1=CC=C(OCC(O)CP2(C3=C(C4=C(O2)C=CC=C4)C=CC=C3)=O)C=C1)(C5=CC=C(OCC6CO6)C=C5)C,CC(C)(c1ccc(OCC(O)CP2(=O)Oc3ccccc3-c3ccccc32)cc1)c1ccc(OCC2CO2)cc1,P-N,DOPO-based (reactive),https://doi.org/10.1002/（SICI）1099-0518（19991101）37：21<3903：：AID-POLA4>3.0.CO;2-X,training_seed,P-only,1,review_manually,OH;epoxy,DOPO-based (reactive),A,556.5950000000001,O=P1(CCCOc2ccc(Cc3ccc(OCC4CO4)cc3)cc2)Oc2ccccc2-c2ccccc21,5.564908057025304,0.0,0.0,0.0,0.0,True,False,"Existing training molecule; use as design reference, not as a new discovery.",True,True,True,True,training_reference,1,,,,,,,Training reference
LIB_0027,TRAIN_027,DOPO-AI,O=P(C1=C2C=CC=C1)(NCCCN3C=CN=C3)OC4=C2C=CC=C4,O=P1(NCCCn2ccnc2)Oc2ccccc2-c2ccccc21,P-N,DOPO-based (Co-curing),https://doi.org/10.1021/acsapm.0c00577,training_seed,P-N,1,review_manually,none,DOPO-based (Co-curing),A,339.3350000000001,O=P1(NCCCn2ccnc2)Oc2ccccc2-c2ccccc21,9.127853006615878,12.3833379993222,0.0,0.0,0.0,True,False,"Existing training molecule; use as design reference, not as a new discovery.",True,True,True,True,training_reference,1,,,,,,,Training reference
LIB_0028,TRAIN_028,DMT,O=C(CC(P1(C2=C(C3=C(O1)C=CC=C3)C=CC=C2)=O)C4=O)N4C(C=C5)=CC=C5OCC(O)CN(C(N(CC(O)COC6=CC=C(N7C(CC(P8(C9=C(C%10=C(O8)C=CC=C%10)C=CC=C9)=O)C7=O)=O)C=C6)C%11=O)=O)C(N%11CC(O)COC%12=CC=C(C=C%12)N%13C(CC(C%13=O)P%14(C%15=C(C=CC=C%15)C%16=C(C=CC=C%16)O%14)=O)=O)=O,O=C1CC(P2(=O)Oc3ccccc3-c3ccccc32)C(=O)N1c1ccc(OCC(O)Cn2c(=O)n(CC(O)COc3ccc(N4C(=O)CC(P5(=O)Oc6ccccc6-c6ccccc65)C4=O)cc3)c(=O)n(CC(O)COc3ccc(N4C(=O)CC(P5(=O)Oc6ccccc6-c6ccccc65)C4=O)cc3)c2=O)cc1,P-N,DOPO-based (additive),https://doi.org/10.1016/j.polymdegradstab.2016.07.013,training_seed,P-N,3,review_manually,OH,DOPO-based (additive),A,1513.305,O=C1CC(P2(=O)Oc3ccccc3-c3ccccc32)C(=O)N1c1ccc(OCCCn2c(=O)n(CCCOc3ccc(N4C(=O)CC(P5(=O)Oc6ccccc6-c6ccccc65)C4=O)cc3)c(=O)n(CCCOc3ccc(N4C(=O)CC(P5(=O)Oc6ccccc6-c6ccccc65)C4=O)cc3)c2=O)cc1,6.140335226540584,5.55354009931904,0.0,0.0,0.0,True,False,"Existing training molecule; use as design reference, not as a new discovery.",True,True,True,True,training_reference,3,,,,,,,Training reference
LIB_0029,TRAIN_029,VTD,CC1(CC(NC(P2(C3=C(C4=C(O2)C=CC=C4)C=CC=C3)=O)C5=CC=C(O)C(OC)=C5)CC(C)(N1[H])C)C,COc1cc(C(NC2CC(C)(C)NC(C)(C)C2)P2(=O)Oc3ccccc3-c3ccccc32)ccc1O,P-N,DOPO-based (Co-curing),https://doi.org/10.1016/j.eurpolymj.2026.114687,training_seed,P-N,1,review_manually,NH2/NH;OH,DOPO-based (Co-curing),A,506.5830000000002,O=P1(C(NC2CCNCC2)c2ccccc2)Oc2ccccc2-c2ccccc21,6.11429913755495,5.529992123699372,0.0,0.0,0.0,True,False,"Existing training molecule; use as design reference, not as a new discovery.",True,True,True,True,training_reference,1,,,,,,,Training reference
LIB_0030,TRAIN_030,NPDI,O=P(CC(C(O)=O)CC(OCC1=CC=C(OP2(OC(C=C3)=CC=C3COC(CC(C(O)=O)CP(OC4=C5C=CC=C4)(C6=C5C=CC=C6)=O)=O)=NP(OC(C=C7)=CC=C7COC(CC(C(O)=O)CP(OC8=C9C=CC=C8)(C%10=C9C=CC=C%10)=O)=O)(OC(C=C%11)=CC=C%11COC(CC(C(O)=O)CP(OC%12=C%13C=CC=C%12)(C%14=C%13C=CC=C%14)=O)=O)=NP(OC(C=C%15)=CC=C%15COC(CC(C(O)=O)CP(OC%16=C%17C=CC=C%16)(C%18=C%17C=CC=C%18)=O)=O)(OC(C=C%19)=CC=C%19COC(CC(C(O)=O)CP(OC%20=C%21C=CC=C%20)(C%22=C%21C=CC=C%22)=O)=O)=N2)C=C1)=O)(C%23=C%24C=CC=C%23)OC%25=C%24C=CC=C%25,O=C(CC(CP1(=O)Oc2ccccc2-c2ccccc21)C(=O)O)OCc1ccc(OP2(Oc3ccc(COC(=O)CC(CP4(=O)Oc5ccccc5-c5ccccc54)C(=O)O)cc3)=NP(Oc3ccc(COC(=O)CC(CP4(=O)Oc5ccccc5-c5ccccc54)C(=O)O)cc3)(Oc3ccc(COC(=O)CC(CP4(=O)Oc5ccccc5-c5ccccc54)C(=O)O)cc3)=NP(Oc3ccc(COC(=O)CC(CP4(=O)Oc5ccccc5-c5ccccc54)C(=O)O)cc3)(Oc3ccc(COC(=O)CC(CP4(=O)Oc5ccccc5-c5ccccc54)C(=O)O)cc3)=N2)cc1,P-N,DOPO-based (reactive),https://doi.org/10.1002/pi.6755,training_seed,P-N,6,review_manually,OH;carboxyl,DOPO-based (reactive),A,2843.2889999999925,O=C(CCCP1(=O)Oc2ccccc2-c2ccccc21)OCc1ccc(OP2(Oc3ccc(COC(=O)CCCP4(=O)Oc5ccccc5-c5ccccc54)cc3)=NP(Oc3ccc(COC(=O)CCCP4(=O)Oc5ccccc5-c5ccccc54)cc3)(Oc3ccc(COC(=O)CCCP4(=O)Oc5ccccc5-c5ccccc54)cc3)=NP(Oc3ccc(COC(=O)CCCP4(=O)Oc5ccccc5-c5ccccc54)cc3)(Oc3ccc(COC(=O)CCCP4(=O)Oc5ccccc5-c5ccccc54)cc3)=N2)cc1,9.80434982163265,1.4779011208498367,0.0,0.0,0.0,True,False,"Existing training molecule; use as design reference, not as a new discovery.",True,True,True,True,training_reference,6,,,,,,,Training reference
LIB_0031,TRAIN_031,HBFR,O=C(N1CC(COC2=C(OC)C=CC(C(C3=CC(OC)=C(C=C3)O)P4(C5=C(C=CC=C5)C6=C(C=CC=C6)O4)=O)=C2)O)N(CC(COC7=C(C=C(C=C7)C(C8=CC(O)=C(C=C8)OC)P9(C%10=C(C=CC=C%10)C%11=C(C=CC=C%11)O9)=O)OC)O)C(N(CC(COC%12=C(OC)C=CC(C(C%13=CC(O)=C(C=C%13)OC)P%14(C%15=C(C=CC=C%15)C%16=C(C=CC=C%16)O%14)=O)=C%12)O)C1=O)=O,COc1ccc(C(c2ccc(OCC(O)Cn3c(=O)n(CC(O)COc4cc(C(c5ccc(OC)c(O)c5)P5(=O)Oc6ccccc6-c6ccccc65)ccc4OC)c(=O)n(CC(O)COc4cc(C(c5ccc(O)c(OC)c5)P5(=O)Oc6ccccc6-c6ccccc65)ccc4OC)c3=O)c(OC)c2)P2(=O)Oc3ccccc3-c3ccccc32)cc1O,P-N,DOPO-based (reactive),https://doi.org/10.1016/j.cej.2021.131226,training_seed,P-N,3,review_manually,OH,DOPO-based (reactive),A,1720.6139999999994,O=c1n(CCCOc2ccc(C(c3ccccc3)P3(=O)Oc4ccccc4-c4ccccc43)cc2)c(=O)n(CCCOc2cccc(C(c3ccccc3)P3(=O)Oc4ccccc4-c4ccccc43)c2)c(=O)n1CCCOc1cccc(C(c2ccccc2)P2(=O)Oc3ccccc3-c3ccccc32)c1,5.400514002559553,2.442209583323164,0.0,0.0,0.0,True,False,"Existing training molecule; use as design reference, not as a new discovery.",True,True,True,True,training_reference,3,,,,,,,Training reference
LIB_0032,TRAIN_032,PBI,O=P(C1=C2C=CC=C1)(C(NC3=NC4=C(S3)C=CC=C4)C5=CNC=N5)OC6=C2C=CC=C6,O=P1(C(Nc2nc3ccccc3s2)c2c[nH]cn2)Oc2ccccc2-c2ccccc21,P-N-S,DOPO-based (Co-curing),https://doi.org/10.1016/j.polymdegradstab.2019.06.020,training_seed,P-N-S,1,review_manually,NH2/NH,DOPO-based (Co-curing),A,444.4560000000002,O=P1(C(Nc2nc3ccccc3s2)c2c[nH]cn2)Oc2ccccc2-c2ccccc21,6.96896880681102,12.605972244721633,7.21488741292726,0.0,0.0,True,False,"Existing training molecule; use as design reference, not as a new discovery.",True,True,True,True,training_reference,1,,,,,,,Training reference
LIB_0033,TRAIN_033,Trif-DOPO,O=P(C1=C2C=CC=C1)(C(O)C3=CC=C(OC4=NC(OC5=CC=C(C(P6(C7=C(C8=C(O6)C=CC=C8)C=CC=C7)=O)O)C=C5)=NC(OC9=CC=C(C(P%10(C%11=C(C%12=C(O%10)C=CC=C%12)C=CC=C%11)=O)O)C=C9)=N4)C=C3)OC%13=C2C=CC=C%13,O=P1(C(O)c2ccc(Oc3nc(Oc4ccc(C(O)P5(=O)Oc6ccccc6-c6ccccc65)cc4)nc(Oc4ccc(C(O)P5(=O)Oc6ccccc6-c6ccccc65)cc4)n3)cc2)Oc2ccccc2-c2ccccc21,P-N,DOPO-based (additive),https://doi.org/10.1002/app.39709,training_seed,P-N,3,review_manually,OH,DOPO-based (additive),A,1089.927,O=P1(Cc2ccc(Oc3nc(Oc4ccc(CP5(=O)Oc6ccccc6-c6ccccc65)cc4)nc(Oc4ccc(CP5(=O)Oc6ccccc6-c6ccccc65)cc4)n3)cc2)Oc2ccccc2-c2ccccc21,8.525525103974852,3.855395820087033,0.0,0.0,0.0,True,False,"Existing training molecule; use as design reference, not as a new discovery.",True,True,True,True,training_reference,3,,,,,,,Training reference
LIB_0034,TRAIN_034,DOPO,O=P(C1=CC=CC=C21)OC3=C2C=CC=C3,O=[PH]1Oc2ccccc2-c2ccccc21,P-only,DOPO-based (Co-curing),https://doi.org/10.1002/app.51688,training_seed,P-only,0,review_manually,none,DOPO-based (Co-curing),A,216.176,O=[PH]1Oc2ccccc2-c2ccccc21,14.328140034046331,0.0,0.0,0.0,0.0,True,False,"Existing training molecule; use as design reference, not as a new discovery.",True,True,True,True,training_reference,0,,,,,,,Training reference
LIB_0035,TRAIN_035,ITA-HBP,O=P1(C2=C(C=CC=C2)C3=C(C=CC=C3)O1)CC(CC(N(CC(C)O)CC(C)O)=O)C=O,CC(O)CN(CC(C)O)C(=O)CC(C=O)CP1(=O)Oc2ccccc2-c2ccccc21,P-N,DOPO-based (reactive),https://doi.org/10.1016/j.cej.2019.122719,training_seed,P-N,1,review_manually,OH,DOPO-based (reactive),A,445.45200000000017,O=[PH]1Oc2ccccc2-c2ccccc21,6.953386672413636,3.144446539694512,0.0,0.0,0.0,True,False,"Existing training molecule; use as design reference, not as a new discovery.",True,True,True,True,training_reference,1,,,,,,,Training reference
LIB_0036,TRAIN_036,DPT,CC1(CC(NC(P2(C3=C(C4=C(O2)C=CC=C4)C=CC=C3)=O)C5=CC=C(C(P6(C7=C(C8=C(O6)C=CC=C8)C=CC=C7)=O)NC9CC(C)(NC(C)(C9)C)C)C=C5)CC(C)(N1)C)C,CC1(C)CC(NC(c2ccc(C(NC3CC(C)(C)NC(C)(C)C3)P3(=O)Oc4ccccc4-c4ccccc43)cc2)P2(=O)Oc3ccccc3-c3ccccc32)CC(C)(C)N1,P-N,DOPO-based (Co-curing),http://dx.doi.org/10.1016/j.polymdegradstab.2017.10.015,training_seed,P-N,2,review_manually,NH2/NH,DOPO-based (Co-curing),A,843.0020000000001,O=P1(C(NC2CCNCC2)c2ccc(C(NC3CCNCC3)P3(=O)Oc4ccccc4-c4ccccc43)cc2)Oc2ccccc2-c2ccccc21,7.348499766311349,6.646247577111323,0.0,0.0,0.0,True,False,"Existing training molecule; use as design reference, not as a new discovery.",True,True,True,True,training_reference,2,,,,,,,Training reference
LIB_0037,TRAIN_037,DOPO-BAPh,CC(C1=CC=C(O)C(CN(C2=CC=CC(OC3=CC=C(C(C#N)=C3)C#N)=C2)CP4(C5=C(C6=C(O4)C=CC=C6)C=CC=C5)=O)=C1)(C7=CC(CN(C8=CC=CC(OC9=CC=C(C(C#N)=C9)C#N)=C8)CP%10(C%11=C(C%12=C(O%10)C=CC=C%12)C=CC=C%11)=O)=C(O)C=C7)C,CC(C)(c1ccc(O)c(CN(CP2(=O)Oc3ccccc3-c3ccccc32)c2cccc(Oc3ccc(C#N)c(C#N)c3)c2)c1)c1ccc(O)c(CN(CP2(=O)Oc3ccccc3-c3ccccc32)c2cccc(Oc3ccc(C#N)c(C#N)c3)c2)c1,P-N,DOPO-based (additive),https://doi.org/10.1016/j.polymdegradstab.2021.109544,training_seed,P-N,2,review_manually,OH,DOPO-based (additive),A,1179.1789999999996,O=P1(CN(Cc2cccc(Cc3cccc(CN(CP4(=O)Oc5ccccc5-c5ccccc54)c4cccc(Oc5ccccc5)c4)c3)c2)c2cccc(Oc3ccccc3)c2)Oc2ccccc2-c2ccccc21,5.253485687923549,7.127162203533139,0.0,0.0,0.0,True,False,"Existing training molecule; use as design reference, not as a new discovery.",True,True,True,True,training_reference,2,,,,,,,Training reference
LIB_0038,TRAIN_038,BPD,O=P(C1=C2C=CC=C1)(C(NC3=NC4=C(S3)C=CC=C4)C5=CC=C(C(P6(C7=C(C8=C(O6)C=CC=C8)C=CC=C7)=O)NC9=NC%10=C(S9)C=CC=C%10)C=C5)OC%11=C2C=CC=C%11,O=P1(C(Nc2nc3ccccc3s2)c2ccc(C(Nc3nc4ccccc4s3)P3(=O)Oc4ccccc4-c4ccccc43)cc2)Oc2ccccc2-c2ccccc21,P-N-S,DOPO-based (Co-curing),https://doi.org/10.1002/pat.4145,training_seed,P-N-S,2,review_manually,NH2/NH,DOPO-based (Co-curing),A,830.868,O=P1(C(Nc2nc3ccccc3s2)c2ccc(C(Nc3nc4ccccc4s3)P3(=O)Oc4ccccc4-c4ccccc43)cc2)Oc2ccccc2-c2ccccc21,7.455817289870352,6.743309406548333,7.718915640029462,0.0,0.0,True,False,"Existing training molecule; use as design reference, not as a new discovery.",True,True,True,True,training_reference,2,,,,,,,Training reference
LIB_0039,TRAIN_039,POBDBI,O=P(C(NC1=CC2=C(NC(N2)=O)C=C1)C3=CC=C(C(P4(C5=C(C6=C(O4)C=CC=C6)C=CC=C5)=O)NC7=CC=C8C(NC(N8)=O)=C7)C=C3)(C9=CC=CC=C%109)OC%11=C%10C=CC=C%11,O=c1[nH]c2ccc(NC(c3ccc(C(Nc4ccc5[nH]c(=O)[nH]c5c4)P4(=O)Oc5ccccc5-c5ccccc54)cc3)P3(=O)Oc4ccccc4-c4ccccc43)cc2[nH]1,P-N,DOPO-based (reactive),https://doi.org/10.1016/j.polymdegradstab.2020.109426,training_seed,P-N,2,review_manually,NH2/NH,DOPO-based (reactive),A,828.7620000000002,O=c1[nH]c2ccc(NC(c3ccc(C(Nc4ccc5[nH]c(=O)[nH]c5c4)P4(=O)Oc5ccccc5-c5ccccc54)cc3)P3(=O)Oc4ccccc4-c4ccccc43)cc2[nH]1,7.474763563001198,10.140667646441315,0.0,0.0,0.0,True,False,"Existing training molecule; use as design reference, not as a new discovery.",True,True,True,True,training_reference,2,,,,,,,Training reference
LIB_0040,TRAIN_040,PBO,O=P1(C(NC2=CC=C(NC(P3(C4=CC=CC=C4C5=CC=CC=C5O3)=O)C6=CNC7=CC=CC=C67)C=C2)C8=CNC9=CC=CC=C89)OC%10=CC=CC=C%10C%11=CC=CC=C%111,O=P1(C(Nc2ccc(NC(c3c[nH]c4ccccc34)P3(=O)Oc4ccccc4-c4ccccc43)cc2)c2c[nH]c3ccccc23)Oc2ccccc2-c2ccccc21,P-N,DOPO-based (reactive),https://doi.org/10.1002/pat.5804,training_seed,P-N,2,review_manually,NH2/NH,DOPO-based (reactive),A,794.7880000000001,O=P1(C(Nc2ccc(NC(c3c[nH]c4ccccc34)P3(=O)Oc4ccccc4-c4ccccc43)cc2)c2c[nH]c3ccccc23)Oc2ccccc2-c2ccccc21,7.794279732456956,7.049427017015858,0.0,0.0,0.0,True,False,"Existing training molecule; use as design reference, not as a new discovery.",True,True,True,True,training_reference,2,,,,,,,Training reference
LIB_0041,TRAIN_041,CTP-DOPO,OC(C=C1)=CC=C1NC(P2(C3=C(C4=CC=CC=C4O2)C=CC=C3)=O)C(C=C5)=CC=C5OP6(OC7=CC=C(C(P8(C9=C(C%10=CC=CC=C%10O8)C=CC=C9)=O)NC%11=CC=C(O)C=C%11)C=C7)=NP(OC%12=CC=C(C(P%13(C%14=C(C%15=CC=CC=C%15O%13)C=CC=C%14)=O)NC%16=CC=C(O)C=C%16)C=C%12)(OC%17=CC=C(C(P%18(C%19=C(C%20=CC=CC=C%20O%18)C=CC=C%19)=O)NC%21=CC=C(O)C=C%21)C=C%17)=NP(OC%22=CC=C(C(P%23(C%24=C(C%25=CC=CC=C%25O%23)C=CC=C%24)=O)NC%26=CC=C(O)C=C%26)C=C%22)(OC%27=CC=C(C(P%28(C%29=C(C%30=CC=CC=C%30O%28)C=CC=C%29)=O)NC%31=CC=C(O)C=C%31)C=C%27)=N6,O=P1(C(Nc2ccc(O)cc2)c2ccc(OP3(Oc4ccc(C(Nc5ccc(O)cc5)P5(=O)Oc6ccccc6-c6ccccc65)cc4)=NP(Oc4ccc(C(Nc5ccc(O)cc5)P5(=O)Oc6ccccc6-c6ccccc65)cc4)(Oc4ccc(C(Nc5ccc(O)cc5)P5(=O)Oc6ccccc6-c6ccccc65)cc4)=NP(Oc4ccc(C(Nc5ccc(O)cc5)P5(=O)Oc6ccccc6-c6ccccc65)cc4)(Oc4ccc(C(Nc5ccc(O)cc5)P5(=O)Oc6ccccc6-c6ccccc65)cc4)=N3)cc2)Oc2ccccc2-c2ccccc21,P-N,DOPO-based (additive),https://doi.org/10.1016/j.polymdegradstab.2015.11.018,training_seed,P-N,6,review_manually,NH2/NH;OH,DOPO-based (additive),A,2705.3669999999925,O=P1(C(Nc2ccccc2)c2ccc(OP3(Oc4ccc(C(Nc5ccccc5)P5(=O)Oc6ccccc6-c6ccccc65)cc4)=NP(Oc4ccc(C(Nc5ccccc5)P5(=O)Oc6ccccc6-c6ccccc65)cc4)(Oc4ccc(C(Nc5ccccc5)P5(=O)Oc6ccccc6-c6ccccc65)cc4)=NP(Oc4ccc(C(Nc5ccccc5)P5(=O)Oc6ccccc6-c6ccccc65)cc4)(Oc4ccc(C(Nc5ccccc5)P5(=O)Oc6ccccc6-c6ccccc65)cc4)=N3)cc2)Oc2ccccc2-c2ccccc21,10.304184238219834,4.659737477392175,0.0,0.0,0.0,True,False,"Existing training molecule; use as design reference, not as a new discovery.",True,True,True,True,training_reference,6,,,,,,,Training reference
LIB_0042,TRAIN_042,DMBT,O=P(C1=C2C=CC=C1)(SC3=NC4=C(S3)C=CC=C4)OC5=C2C=CC=C5,O=P1(Sc2nc3ccccc3s2)Oc2ccccc2-c2ccccc21,P-N-S,DOPO-based (additive),https://doi.org/10.1016/j.compositesb.2019.03.052,training_seed,P-N-S,1,review_manually,none,DOPO-based (additive),A,381.4180000000001,O=P1(Sc2nc3ccccc3s2)Oc2ccccc2-c2ccccc21,8.120749414028701,3.67234897146962,16.81462332663901,0.0,0.0,True,False,"Existing training molecule; use as design reference, not as a new discovery.",True,True,True,True,training_reference,1,,,,,,,Training reference
LIB_0043,TRAIN_043,VFD,COC1=CC(C(P2(C3=C(C4=C(O2)C=CC=C4)C=CC=C3)=O)NCC5=CC=CO5)=CC=C1O,COc1cc(C(NCc2ccco2)P2(=O)Oc3ccccc3-c3ccccc32)ccc1O,P-N,DOPO-based (Co-curing),https://doi.org/10.1016/j.polymdegradstab.2021.109548,training_seed,P-N,1,review_manually,NH2/NH;OH,DOPO-based (Co-curing),A,447.4270000000001,O=P1(C(NCc2ccco2)c2ccccc2)Oc2ccccc2-c2ccccc21,6.922693534364263,3.1305665505210896,0.0,0.0,0.0,True,False,"Existing training molecule; use as design reference, not as a new discovery.",True,True,True,True,training_reference,1,,,,,,,Training reference
LIB_0044,TRAIN_044,VAD,COC1=C(O)C=CC(C(P2(C3=C(C4=C(O2)C=CC=C4)C=CC=C3)=O)NC5=NC=CC=N5)=C1,COc1cc(C(Nc2ncccn2)P2(=O)Oc3ccccc3-c3ccccc32)ccc1O,P-N,DOPO-based (Co-curing),https://doi.org/10.1002/pat.5875,training_seed,P-N,1,review_manually,NH2/NH;OH,DOPO-based (Co-curing),A,445.4150000000001,O=P1(C(Nc2ncccn2)c2ccccc2)Oc2ccccc2-c2ccccc21,6.953964280502451,9.434123233389084,0.0,0.0,0.0,True,False,"Existing training molecule; use as design reference, not as a new discovery.",True,True,True,True,training_reference,1,,,,,,,Training reference
LIB_0045,TRAIN_045,DHBAZ,O=P(C1=C2C=CC=C1)(C(NC3=NC=CS3)C4=CC=C(O)C=C4)OC5=C2C=CC=C5,O=P1(C(Nc2nccs2)c2ccc(O)cc2)Oc2ccccc2-c2ccccc21,P-N-S,DOPO-based (Co-curing),http://dx.doi.org/10.1016/j.jaap.2017.07.014,training_seed,P-N-S,1,review_manually,NH2/NH;OH,DOPO-based (Co-curing),A,420.4300000000001,O=P1(C(Nc2nccs2)c2ccccc2)Oc2ccccc2-c2ccccc21,7.367219275503649,6.663178174725874,7.627191209000307,0.0,0.0,True,False,"Existing training molecule; use as design reference, not as a new discovery.",True,True,True,True,training_reference,1,,,,,,,Training reference
LIB_0046,TRAIN_046,D-AZ,O=P(C1=C2C=CC=C1)(NC3=NC=CS3)OC4=C2C=CC=C4,O=P1(Nc2nccs2)Oc2ccccc2-c2ccccc21,P-N-S,DOPO-based (additive),https://doi.org/10.1007/s10853-017-1102-x,training_seed,P-N-S,1,review_manually,none,DOPO-based (additive),A,314.30600000000004,O=P1(Nc2nccs2)Oc2ccccc2-c2ccccc21,9.85472755849395,8.912970162834943,10.202477840066685,0.0,0.0,True,False,"Existing training molecule; use as design reference, not as a new discovery.",True,True,True,True,training_reference,1,,,,,,,Training reference
LIB_0047,TRAIN_047,DOPO-ABZ,O=P(C1=C2C=CC=C1)(NC3=NC4=C(S3)C=CC=C4)OC5=C2C=CC=C5,O=P1(Nc2nc3ccccc3s2)Oc2ccccc2-c2ccccc21,P-N-S,DOPO-based (additive),https://doi.org/10.1021/acs.iecr.6b03416,training_seed,P-N-S,1,review_manually,none,DOPO-based (additive),A,364.3660000000001,O=P1(Nc2nc3ccccc3s2)Oc2ccccc2-c2ccccc21,8.500793158527413,7.688423178891552,8.800766262494303,0.0,0.0,True,False,"Existing training molecule; use as design reference, not as a new discovery.",True,True,True,True,training_reference,1,,,,,,,Training reference
LIB_0048,TRAIN_048,TGIC-DOPO,O=P(CC(O)CN(C(N(C1=O)CC(O)CP(OC2=C3C=CC=C2)(C4=C3C=CC=C4)=O)=O)C(N1CC(O)CP(OC5=C6C=CC=C5)(C7=C6C=CC=C7)=O)=O)(C8=C9C=CC=C8)OC%10=C9C=CC=C%10,O=c1n(CC(O)CP2(=O)Oc3ccccc3-c3ccccc32)c(=O)n(CC(O)CP2(=O)Oc3ccccc3-c3ccccc32)c(=O)n1CC(O)CP1(=O)Oc2ccccc2-c2ccccc21,P-N,DOPO-based (additive),https://doi.org/10.1016/j.polymdegradstab.2014.05.007,training_seed,P-N,3,review_manually,OH,DOPO-based (additive),A,945.795,O=c1n(CCCP2(=O)Oc3ccccc3-c3ccccc32)c(=O)n(CCCP2(=O)Oc3ccccc3-c3ccccc32)c(=O)n1CCCP1(=O)Oc2ccccc2-c2ccccc21,9.824750606632511,4.442928964521911,0.0,0.0,0.0,True,False,"Existing training molecule; use as design reference, not as a new discovery.",True,True,True,True,training_reference,3,,,,,,,Training reference
LIB_0049,TRAIN_049,DOPO-PHE,O=P(C1=CC=CC=C21)(C(C3=CC=C(O)C=C3)C4=CC=C(O)C=C4)OC5=C2C=CC=C5,O=P1(C(c2ccc(O)cc2)c2ccc(O)cc2)Oc2ccccc2-c2ccccc21,P-only,DOPO-based (Co-curing),https://doi.org/10.1016/j.polymdegradstab.2018.08.007,training_seed,P-only,1,review_manually,OH,DOPO-based (Co-curing),A,414.39700000000016,O=P1(C(c2ccccc2)c2ccccc2)Oc2ccccc2-c2ccccc21,7.474474960002121,0.0,0.0,0.0,0.0,True,False,"Existing training molecule; use as design reference, not as a new discovery.",True,True,True,True,training_reference,1,,,,,,,Training reference
LIB_0050,TRAIN_050,TAD,O=P(CCCN1C(N(C(N(C1=O)CCCP2(C3=C(C4=C(O2)C=CC=C4)C=CC=C3)=O)=O)CCCP5(C6=C(C7=C(O5)C=CC=C7)C=CC=C6)=O)=O)(C8=C9C=CC=C8)OC%10=C9C=CC=C%10,O=c1n(CCCP2(=O)Oc3ccccc3-c3ccccc32)c(=O)n(CCCP2(=O)Oc3ccccc3-c3ccccc32)c(=O)n1CCCP1(=O)Oc2ccccc2-c2ccccc21,P-N,DOPO-based (reactive),http://dx.doi.org/10.1016/j.polymdegradstab.2016.09.014,training_seed,P-N,3,review_manually,none,DOPO-based (reactive),A,897.798,O=c1n(CCCP2(=O)Oc3ccccc3-c3ccccc32)c(=O)n(CCCP2(=O)Oc3ccccc3-c3ccccc32)c(=O)n1CCCP1(=O)Oc2ccccc2-c2ccccc21,10.349989641322434,4.680451504681455,0.0,0.0,0.0,True,False,"Existing training molecule; use as design reference, not as a new discovery.",True,True,True,True,training_reference,3,,,,,,,Training reference
LIB_0051,TRAIN_051,BMP,O=P(C1=C2C=CC=C1)(C3CC(N(C3=O)C4=CC=C(CC5=CC=C(N6C(CC(P7(C8=C(C9=C(O7)C=CC=C9)C=CC=C8)=O)C6=O)=O)C=C5)C=C4)=O)OC%10=C2C=CC=C%10,O=C1CC(P2(=O)Oc3ccccc3-c3ccccc32)C(=O)N1c1ccc(Cc2ccc(N3C(=O)CC(P4(=O)Oc5ccccc5-c5ccccc54)C3=O)cc2)cc1,P-N,DOPO-based (additive),https://doi.org/10.1016/j.compositesb.2021.109553,training_seed,P-N,2,review_manually,none,DOPO-based (additive),A,790.7050000000004,O=C1CC(P2(=O)Oc3ccccc3-c3ccccc32)C(=O)N1c1ccc(Cc2ccc(N3C(=O)CC(P4(=O)Oc5ccccc5-c5ccccc54)C3=O)cc2)cc1,7.834527415407765,3.5429142347651763,0.0,0.0,0.0,True,False,"Existing training molecule; use as design reference, not as a new discovery.",True,True,True,True,training_reference,2,,,,,,,Training reference
LIB_0052,TRAIN_052,TBO,O=P(C(NC1=NC(NC(P2(C3=C(C4=C(O2)C=CC=C4)C=CC=C3)=O)C5=C(O)C=CC=C5)=NN1)C6=C(O)C=CC=C6)(C7=C8C=CC=C7)OC9=C8C=CC=C9,O=P1(C(Nc2n[nH]c(NC(c3ccccc3O)P3(=O)Oc4ccccc4-c4ccccc43)n2)c2ccccc2O)Oc2ccccc2-c2ccccc21,P-N,DOPO-based (reactive),https://doi.org/10.1016/j.polymdegradstab.2022.109909,training_seed,P-N,2,review_manually,NH2/NH;OH,DOPO-based (reactive),A,739.6650000000003,O=P1(C(Nc2n[nH]c(NC(c3ccccc3)P3(=O)Oc4ccccc4-c4ccccc43)n2)c2ccccc2)Oc2ccccc2-c2ccccc21,8.375142801132942,9.46847559368092,0.0,0.0,0.0,True,False,"Existing training molecule; use as design reference, not as a new discovery.",True,True,True,True,training_reference,2,,,,,,,Training reference
LIB_0053,TRAIN_053,FPD,O=P1(C2=C(C3=C(O1)C=CC=C3)C=CC=C2)C(NC4=CC=CO4)CC5=CC=CC=C5,O=P1(C(Cc2ccccc2)Nc2ccco2)Oc2ccccc2-c2ccccc21,P-N,DOPO-based (Co-curing),https://doi.org/10.1007/s11595-025-3132-6,training_seed,P-N,1,review_manually,NH2/NH,DOPO-based (Co-curing),A,401.40200000000016,O=P1(C(Cc2ccccc2)Nc2ccco2)Oc2ccccc2-c2ccccc21,7.716453829328202,3.48951923508104,0.0,0.0,0.0,True,False,"Existing training molecule; use as design reference, not as a new discovery.",True,True,True,True,training_reference,1,,,,,,,Training reference
LIB_0054,TRAIN_054,DOPO-VTS,CO[Si](OC)(OC)CCP1(C2=C(C3=C(O1)C=CC=C3)C=CC=C2)=O,CO[Si](CCP1(=O)Oc2ccccc2-c2ccccc21)(OC)OC,P-N-Si,DOPO-based (additive),http://dx.doi.org/10.1016/j.matchemphys.2013.11.029,training_seed,P-Si,1,review_manually,none,DOPO-based (additive),A,364.41000000000014,O=[PH]1Oc2ccccc2-c2ccccc21,8.499766746247357,0.0,0.0,0.0,7.707252819626242,True,False,"Existing training molecule; use as design reference, not as a new discovery.",True,True,True,True,training_reference,1,,,,,,,Training reference
LIB_0055,TRAIN_055,PAD,O=P1(C(NC2=NC3=C(S2)C=CC=C3)C4=CC=C(OP(C5=CC=CC=C5)(OC6=CC=C(C(P7(C8=C(C9=C(O7)C=CC=C9)C=CC=C8)=O)NC%10=NC%11=C(S%10)C=CC=C%11)C=C6)=O)C=C4)C(C=CC=C%12)=C%12C%13=CC=CC=C%13O1,O=P(Oc1ccc(C(Nc2nc3ccccc3s2)P2(=O)Oc3ccccc3-c3ccccc32)cc1)(Oc1ccc(C(Nc2nc3ccccc3s2)P2(=O)Oc3ccccc3-c3ccccc32)cc1)c1ccccc1,P-N-S,DOPO-based (Co-curing),https://doi.org/10.1016/j.firesaf.2020.102994,training_seed,P-N-S,2,review_manually,NH2/NH,DOPO-based (Co-curing),A,1063.043,O=P(Oc1ccc(C(Nc2nc3ccccc3s2)P2(=O)Oc3ccccc3-c3ccccc32)cc1)(Oc1ccc(C(Nc2nc3ccccc3s2)P2(=O)Oc3ccccc3-c3ccccc32)cc1)c1ccccc1,8.741132766971795,5.2705299785615445,6.0330579289831165,0.0,0.0,True,False,"Existing training molecule; use as design reference, not as a new discovery.",True,True,True,True,training_reference,2,,,,,,,Training reference
LIB_0056,TRAIN_056,DIB,O=P(C1=C2C=CC=C1)(C(NC3=CC=C(NC(P4(C5=C(C6=C(O4)C=CC=C6)C=CC=C5)=O)C7=CNC=N7)C=C3)C8=CNC=N8)OC9=C2C=CC=C9,O=P1(C(Nc2ccc(NC(c3c[nH]cn3)P3(=O)Oc4ccccc4-c4ccccc43)cc2)c2c[nH]cn2)Oc2ccccc2-c2ccccc21,P-N,DOPO-based (Co-curing),https://doi.org/10.1016/j.polymdegradstab.2018.11.021,training_seed,P-N,2,review_manually,NH2/NH,DOPO-based (Co-curing),A,696.6440000000001,O=P1(C(Nc2ccc(NC(c3c[nH]cn3)P3(=O)Oc4ccccc4-c4ccccc43)cc2)c2c[nH]cn2)Oc2ccccc2-c2ccccc21,8.892346736640233,12.063837483707603,0.0,0.0,0.0,True,False,"Existing training molecule; use as design reference, not as a new discovery.",True,True,True,True,training_reference,2,,,,,,,Training reference
LIB_0057,TRAIN_057,DOPO-M,O=P(CCCC1=CC=C(O)C(C2=CC(CCCP3(C4=C(C5=C(O3)C=CC=C5)C=CC=C4)=O)=CC=C2O)=C1)(C6=C7C=CC=C6)OC8=C7C=CC=C8,O=P1(CCCc2ccc(O)c(-c3cc(CCCP4(=O)Oc5ccccc5-c5ccccc54)ccc3O)c2)Oc2ccccc2-c2ccccc21,P-only,DOPO-based (Co-curing),https://doi.org/10.1016/j.eurpolymj.2022.111488,training_seed,P-only,2,review_manually,OH,DOPO-based (Co-curing),A,698.6920000000001,O=P1(CCCc2cccc(-c3cccc(CCCP4(=O)Oc5ccccc5-c5ccccc54)c3)c2)Oc2ccccc2-c2ccccc21,8.866281566126418,0.0,0.0,0.0,0.0,True,False,"Existing training molecule; use as design reference, not as a new discovery.",True,True,True,True,training_reference,2,,,,,,,Training reference
LIB_0058,TRAIN_058,TD-DOPO,O=P(C(C1=CC=C(C(P2(C3=C(C4=C(O2)C=CC=C4)C=CC=C3)=O)NCCC5=CC=C(O)C=C5)C=C1)NCCC6=CC=C(O)C=C6)(C7=C8C=CC=C7)OC9=C8C=CC=C9,O=P1(C(NCCc2ccc(O)cc2)c2ccc(C(NCCc3ccc(O)cc3)P3(=O)Oc4ccccc4-c4ccccc43)cc2)Oc2ccccc2-c2ccccc21,P-N,DOPO-based (reactive),https://doi.org/10.1016/j.polymer.2025.128827,training_seed,P-N,2,review_manually,NH2/NH;OH,DOPO-based (reactive),A,804.8200000000002,O=P1(C(NCCc2ccccc2)c2ccc(C(NCCc3ccccc3)P3(=O)Oc4ccccc4-c4ccccc43)cc2)Oc2ccccc2-c2ccccc21,7.697124822941775,3.480778310678164,0.0,0.0,0.0,True,False,"Existing training molecule; use as design reference, not as a new discovery.",True,True,True,True,training_reference,2,,,,,,,Training reference
LIB_0059,TRAIN_059,DPSi-ED,COC1=CC(CCCP2(C3=C(C4=C(O2)C=CC=C4)C=CC=C3)=O)=CC=C1O[Si](C5=CC=CC=C5)(OC6=C(OC)C=C(C=C6)CCCP7(C8=C(C9=C(O7)C=CC=C9)C=CC=C8)=O)C%10=CC=CC=C%10,COc1cc(CCCP2(=O)Oc3ccccc3-c3ccccc32)ccc1O[Si](Oc1ccc(CCCP2(=O)Oc3ccccc3-c3ccccc32)cc1OC)(c1ccccc1)c1ccccc1,P-Si,DOPO-based (reactive),https://doi.org/10.1002/app.54474,training_seed,P-Si,2,review_manually,none,DOPO-based (reactive),A,941.0420000000004,O=P1(CCCc2ccc(O[Si](Oc3ccc(CCCP4(=O)Oc5ccccc5-c5ccccc54)cc3)(c3ccccc3)c3ccccc3)cc2)Oc2ccccc2-c2ccccc21,6.582915534056927,0.0,0.0,0.0,2.984563919570008,True,False,"Existing training molecule; use as design reference, not as a new discovery.",True,True,True,True,training_reference,2,,,,,,,Training reference
LIB_0060,TRAIN_060,DABP-2DOPO,O=P(CCCC1=C(O)C=CC(C2=CC=C(O)C(CCCP3(C4=C(C5=C(O3)C=CC=C5)C=CC=C4)=O)=C2)=C1)(C6=C7C=CC=C6)OC8=C7C=CC=C8,O=P1(CCCc2cc(-c3ccc(O)c(CCCP4(=O)Oc5ccccc5-c5ccccc54)c3)ccc2O)Oc2ccccc2-c2ccccc21,P-only,DOPO-based (reactive),https://doi.org/10.1016/j.eurpolymj.2021.110319,training_seed,P-only,2,review_manually,OH,DOPO-based (reactive),A,698.6920000000001,O=P1(CCCc2cccc(-c3cccc(CCCP4(=O)Oc5ccccc5-c5ccccc54)c3)c2)Oc2ccccc2-c2ccccc21,8.866281566126418,0.0,0.0,0.0,0.0,True,False,"Existing training molecule; use as design reference, not as a new discovery.",True,True,True,True,training_reference,2,,,,,,,Training reference
LIB_0061,TRAIN_061,PTDOB,O=P(O1)(NCCC[Si](OB(O)C2=CC=CC=C2)(OB(O)C3=CC=CC=C3)OB(C4=CC=CC=C4)O)C5=C(C=CC=C5)C6=C1C=CC=C6,O=P1(NCCC[Si](OB(O)c2ccccc2)(OB(O)c2ccccc2)OB(O)c2ccccc2)Oc2ccccc2-c2ccccc21,P-N-Si-B,DOPO-based (additive),https://doi.org/10.1007/s10853-020-05691-3,training_seed,P-N-Si-B,1,review_manually,OH,DOPO-based (additive),A,663.1220000000002,O=P1(NCCC[Si](OBc2ccccc2)(OBc2ccccc2)OBc2ccccc2)Oc2ccccc2-c2ccccc21,4.670935363326808,2.11228099806672,0.0,4.891407614285153,4.235419726686793,True,False,"Existing training molecule; use as design reference, not as a new discovery.",True,True,True,True,training_reference,1,,,,,,,Training reference
LIB_0062,TRAIN_062,D-P-A,O=P(C1=CC=CC=C21)(C(NC3=NC4=C(S3)C=CC=C4)C5=CC=C(O)C=C5)OC6=C2C=CC=C6,O=P1(C(Nc2nc3ccccc3s2)c2ccc(O)cc2)Oc2ccccc2-c2ccccc21,P-N-S,DOPO-based (additive),https://doi.org/10.1016/j.polymdegradstab.2018.01.026,training_seed,P-N-S,1,review_manually,NH2/NH;OH,DOPO-based (additive),A,470.4900000000002,O=P1(C(Nc2nc3ccccc3s2)c2ccccc2)Oc2ccccc2-c2ccccc21,6.5833492741609785,5.954217942995598,6.815660269081167,0.0,0.0,True,False,"Existing training molecule; use as design reference, not as a new discovery.",True,True,True,True,training_reference,1,,,,,,,Training reference
LIB_0063,TRAIN_063,DOPO-DDE,O=P(C(C1=CC=C(O)C=C1)NC2=CC=C(OC3=CC=C(NC(C4=CC=C(O)C=C4)P5(C6=C(C7=C(O5)C=CC=C7)C=CC=C6)=O)C=C3)C=C2)(C8=C9C=CC=C8)OC%10=C9C=CC=C%10,O=P1(C(Nc2ccc(Oc3ccc(NC(c4ccc(O)cc4)P4(=O)Oc5ccccc5-c5ccccc54)cc3)cc2)c2ccc(O)cc2)Oc2ccccc2-c2ccccc21,P-N,DOPO-based (Co-curing),https://doi.org/10.1007/s10973-016-5604-6,training_seed,P-N,2,review_manually,NH2/NH;OH,DOPO-based (Co-curing),A,840.8090000000002,O=P1(C(Nc2ccc(Oc3ccc(NC(c4ccccc4)P4(=O)Oc5ccccc5-c5ccccc54)cc3)cc2)c2ccccc2)Oc2ccccc2-c2ccccc21,7.36766614058603,3.331791167791971,0.0,0.0,0.0,True,False,"Existing training molecule; use as design reference, not as a new discovery.",True,True,True,True,training_reference,2,,,,,,,Training reference
LIB_0064,TRAIN_064,DOPO-DDS,O=P(C(C1=CC=C(O)C=C1)NC2=CC=C(S(C3=CC=C(NC(C4=CC=C(O)C=C4)P5(C6=C(C7=C(O5)C=CC=C7)C=CC=C6)=O)C=C3)(=O)=O)C=C2)(C8=C9C=CC=C8)OC%10=C9C=CC=C%10,O=P1(C(Nc2ccc(S(=O)(=O)c3ccc(NC(c4ccc(O)cc4)P4(=O)Oc5ccccc5-c5ccccc54)cc3)cc2)c2ccc(O)cc2)Oc2ccccc2-c2ccccc21,P-N-S,DOPO-based (Co-curing),https://doi.org/10.1007/s10973-016-5604-6,training_seed,P-N-S,2,review_manually,NH2/NH;OH,DOPO-based (Co-curing),A,888.8750000000001,O=P1(C(Nc2ccc(S(=O)(=O)c3ccc(NC(c4ccccc4)P4(=O)Oc5ccccc5-c5ccccc54)cc3)cc2)c2ccccc2)Oc2ccccc2-c2ccccc21,6.9692588946702285,3.151624244128814,3.607593868654197,0.0,0.0,True,False,"Existing training molecule; use as design reference, not as a new discovery.",True,True,True,True,training_reference,2,,,,,,,Training reference
LIB_0065,TRAIN_065,DDM-SH-DOPO,COC1=CC(C(P2(C3=C(C4=C(O2)C=CC=C4)C=CC=C3)=O)NC5=CC=C(CC6=CC=C(NC(P7(C8=C(C9=C(O7)C=CC=C9)C=CC=C8)=O)C%10=CC(OC)=C(O)C(OC)=C%10)C=C6)C=C5)=CC(OC)=C1O,COc1cc(C(Nc2ccc(Cc3ccc(NC(c4cc(OC)c(O)c(OC)c4)P4(=O)Oc5ccccc5-c5ccccc54)cc3)cc2)P2(=O)Oc3ccccc3-c3ccccc32)cc(OC)c1O,P-N,DOPO-based (Co-curing),https://doi.org/10.1002/app.55978,training_seed,P-N,2,review_manually,NH2/NH;OH,DOPO-based (Co-curing),A,958.9410000000004,O=P1(C(Nc2ccc(Cc3ccc(NC(c4ccccc4)P4(=O)Oc5ccccc5-c5ccccc54)cc3)cc2)c2ccccc2)Oc2ccccc2-c2ccccc21,6.460042901492374,2.921347611584028,0.0,0.0,0.0,True,False,"Existing training molecule; use as design reference, not as a new discovery.",True,True,True,True,training_reference,2,,,,,,,Training reference
LIB_0066,TRAIN_066,PABCA,N#CC(C=C1)=CC=C1NC(P2(C3=C(C4=C(O2)C=CC=C4)C=CC=C3)=O)/C=C/C5=CC=CC=C5,N#Cc1ccc(NC(/C=C/c2ccccc2)P2(=O)Oc3ccccc3-c3ccccc32)cc1,P-N,DOPO-based (reactive),https://doi.org/10.1016/j.jiec.2024.04.047,training_seed,P-N,1,review_manually,NH2/NH;allyl/vinyl,DOPO-based (reactive),A,448.46200000000016,O=P1(C(/C=C/c2ccccc2)Nc2ccccc2)Oc2ccccc2-c2ccccc21,6.906716734082261,6.246683108044826,0.0,0.0,0.0,True,False,"Existing training molecule; use as design reference, not as a new discovery.",True,True,True,True,training_reference,1,,,,,,,Training reference
LIB_0067,TRAIN_067,PPABCA,N#CC(C=C1)=CC=C1NC(P2(OC(C=CC=C3)=C3C4=C2C=CC=C4)=O)CC(P5(OC(C=CC=C6)=C6C7=C5C=CC=C7)=O)C8=CC=CC=C8,N#Cc1ccc(NC(CC(c2ccccc2)P2(=O)Oc3ccccc3-c3ccccc32)P2(=O)Oc3ccccc3-c3ccccc32)cc1,P-N,DOPO-based (reactive),https://doi.org/10.1016/j.jiec.2024.04.047,training_seed,P-N,2,review_manually,NH2/NH,DOPO-based (reactive),A,664.6380000000001,O=P1(C(CC(c2ccccc2)P2(=O)Oc3ccccc3-c3ccccc32)Nc2ccccc2)Oc2ccccc2-c2ccccc21,9.32056247160108,4.214926019878489,0.0,0.0,0.0,True,False,"Existing training molecule; use as design reference, not as a new discovery.",True,True,True,True,training_reference,2,,,,,,,Training reference
LIB_0068,TRAIN_068,DOPO-PHBA,O=P(C(O)C1=CC=C(O)C=C1)(OC2=CC=CC=C32)C4=C3C=CC=C4,O=P1(C(O)c2ccc(O)cc2)Oc2ccccc2-c2ccccc21,P-only,DOPO-based (additive),https://doi.org/10.1002/app.55169,training_seed,P-only,1,review_manually,OH,DOPO-based (additive),A,338.2990000000001,O=P1(Cc2ccccc2)Oc2ccccc2-c2ccccc21,9.155805958634224,0.0,0.0,0.0,0.0,True,False,"Existing training molecule; use as design reference, not as a new discovery.",True,True,True,True,training_reference,1,,,,,,,Training reference
LIB_0069,TRAIN_069,DOPO-Si,O=P(CC(O)C(CCC[Si](OCC)(OCC)OCC)O)(OC1=CC=CC=C21)C3=C2C=CC=C3,CCO[Si](CCCC(O)C(O)CP1(=O)Oc2ccccc2-c2ccccc21)(OCC)OCC,P-Si,DOPO-based (Additive + Secondary Crosslinking),https://kns.cnki.net/kcms2/article/abstract?v=Jz5IuRg0t01MWIuQSU_6UqHE0FSoQNbQTfAfb50G2a6hApehwI6TVt5XJu7u4Kym_YDWyA3hzm3XoGhzuSBzjto2ZkqEfC-TMWij5zqaEgCDMUOJ_b0PMaXQjpXjB_iOYfZwcKthj1azUz7FgaEQQMvnixGtFkUFavHfQdxDHOc=&uniplatform=NZKPT,training_seed,P-Si,1,review_manually,OH,DOPO-based (reactive),A,494.59700000000026,O=[PH]1Oc2ccccc2-c2ccccc21,6.262472275408056,0.0,0.0,0.0,5.678562546881599,True,False,"Existing training molecule; use as design reference, not as a new discovery.",True,True,True,True,training_reference,1,,,,,,,Training reference
LIB_0070,TRAIN_070,PCANT,O=P1(C2=C(C3=C(O1)C=CC=C3)C=CC=C2)C(NC4=CC=C([N+]([O-])=O)C=C4)/C=C/C5=CC=CC=C5,O=[N+]([O-])c1ccc(NC(/C=C/c2ccccc2)P2(=O)Oc3ccccc3-c3ccccc32)cc1,P-N,DOPO-based (reactive),https://doi.org/10.1016/j.colsurfa.2023.132815,training_seed,P-N,1,review_manually,NH2/NH;allyl/vinyl,DOPO-based (reactive),A,468.4490000000002,O=P1(C(/C=C/c2ccccc2)Nc2ccccc2)Oc2ccccc2-c2ccccc21,6.612032473118735,5.980160060113264,0.0,0.0,0.0,True,False,"Existing training molecule; use as design reference, not as a new discovery.",True,True,True,True,training_reference,1,,,,,,,Training reference
LIB_0071,TRAIN_071,DHBAP,O=P(C1=C2C=CC=C1)(C(NC3=NC=CN=C3)C4=C(O)C=CC=C4)OC5=C2C=CC=C5,O=P1(C(Nc2cnccn2)c2ccccc2O)Oc2ccccc2-c2ccccc21,P-N,DOPO-based (additive),https://doi.org/10.1002/pat.4674,training_seed,P-N,1,review_manually,NH2/NH;OH,DOPO-based (additive),A,415.3890000000002,O=P1(C(Nc2cnccn2)c2ccccc2)Oc2ccccc2-c2ccccc21,7.456624994884311,10.116059886034533,0.0,0.0,0.0,True,False,"Existing training molecule; use as design reference, not as a new discovery.",True,True,True,True,training_reference,1,,,,,,,Training reference
LIB_0072,TRAIN_072,PDAP,O=P(C1=C2C=CC=C1)(C(C3=CC=C(C=O)C=C3)NC4=CC=C(NC(C5=CC=C(C(NC6=CC=C(N)C=C6)P7(C8=C(C9=C(O7)C=CC=C9)C=CC=C8)=O)C=C5)P%10(C%11=C(C%12=C(O%10)C=CC=C%12)C=CC=C%11)=O)C=C4)OC%13=C2C=CC=C%13,Nc1ccc(NC(c2ccc(C(Nc3ccc(NC(c4ccc(C=O)cc4)P4(=O)Oc5ccccc5-c5ccccc54)cc3)P3(=O)Oc4ccccc4-c4ccccc43)cc2)P2(=O)Oc3ccccc3-c3ccccc32)cc1,P-N,DOPO-based (Co-curing),https://doi.org/10.1016/j.polymdegradstab.2016.04.005,training_seed,P-N,3,review_manually,NH2/NH,DOPO-based (Co-curing),A,1079.0390000000004,O=P1(C(Nc2ccc(NC(c3ccc(C(Nc4ccccc4)P4(=O)Oc5ccccc5-c5ccccc54)cc3)P3(=O)Oc4ccccc4-c4ccccc43)cc2)c2ccccc2)Oc2ccccc2-c2ccccc21,8.611551575058913,5.192398050487515,0.0,0.0,0.0,True,False,"Existing training molecule; use as design reference, not as a new discovery.",True,True,True,True,training_reference,3,,,,,,,Training reference
LIB_0073,TRAIN_073,MDOP,O=P(C1=C2C=CC=C1)([O-])OC3=C2C=CC=C3.NC4=NC(N)=NC([NH3+])=N4,Nc1nc(N)nc([NH3+])n1.O=P1([O-])Oc2ccccc2-c2ccccc21,P-N,DOPO-based (additive),https://doi.org/10.1016/j.jaap.2017.10.025,training_seed,P-N,1,review_manually,NH2/NH,DOPO-based (additive),A,358.2980000000001,O=[PH]1Oc2ccccc2-c2ccccc21.c1ncncn1,8.644759390228243,23.45589425561962,0.0,0.0,0.0,True,False,"Existing training molecule; use as design reference, not as a new discovery.",True,True,True,True,training_reference,1,,,,,,,Training reference
LIB_0074,TRAIN_074,PMSBA,C[Si](NC1=NC2=C(S1)C=CC=C2)(NC3=NC4=C(S3)C=CC=C4)CCP5(C6=C(C7=C(O5)C=CC=C7)C=CC=C6)=O,C[Si](CCP1(=O)Oc2ccccc2-c2ccccc21)(Nc1nc2ccccc2s1)Nc1nc2ccccc2s1,P-N-Si-S,DOPO-based (reactive),https://doi.org/10.1002/pat.4758,training_seed,P-N-Si-S,1,review_manually,NH2/NH,DOPO-based (reactive),A,584.7390000000001,O=P1(CC[SiH](Nc2nc3ccccc3s2)Nc2nc3ccccc3s2)Oc2ccccc2-c2ccccc21,5.297064160249272,9.581710814568549,10.96797032522202,0.0,4.803168593167206,True,False,"Existing training molecule; use as design reference, not as a new discovery.",True,True,True,True,training_reference,1,,,,,,,Training reference
LIB_0075,TRAIN_075,DOPO-PEPA,O=P(C1=C2C=CC=C1)(OCC34COP(OC3)(OC4)=O)OC5=C2C=CC=C5,O=P12OCC(COP3(=O)Oc4ccccc4-c4ccccc43)(CO1)CO2,P-P,DOPO-based (additive),https://doi.org/10.1021/acs.iecr.6b04292,training_seed,P-only,1,review_manually,none,DOPO-based (additive),A,394.2560000000002,O=P12OCC(COP3(=O)Oc4ccccc4-c4ccccc43)(CO1)CO2,15.712633415851622,0.0,0.0,0.0,0.0,True,False,"Existing training molecule; use as design reference, not as a new discovery.",True,True,True,True,training_reference,1,,,,,,,Training reference
LIB_0076,TRAIN_076,DSD,O=P(C1=C2C=CC=C1)(C(NC3=CC=C(S(=O)(C4=CC=C(NC(P5(C6=C(C7=C(O5)C=CC=C7)C=CC=C6)=O)C8=CC=CC=C8O)C=C4)=O)C=C3)C9=CC=CC=C9O)OC%10=C2C=CC=C%10,O=P1(C(Nc2ccc(S(=O)(=O)c3ccc(NC(c4ccccc4O)P4(=O)Oc5ccccc5-c5ccccc54)cc3)cc2)c2ccccc2O)Oc2ccccc2-c2ccccc21,P-N-S,DOPO-based (Co-curing),https://doi.org/10.3390/polym12020317,training_seed,P-N-S,2,review_manually,NH2/NH;OH,DOPO-based (Co-curing),A,888.8750000000001,O=P1(C(Nc2ccc(S(=O)(=O)c3ccc(NC(c4ccccc4)P4(=O)Oc5ccccc5-c5ccccc54)cc3)cc2)c2ccccc2)Oc2ccccc2-c2ccccc21,6.9692588946702285,3.151624244128814,3.607593868654197,0.0,0.0,True,False,"Existing training molecule; use as design reference, not as a new discovery.",True,True,True,True,training_reference,2,,,,,,,Training reference
LIB_0077,TRAIN_077,DP-PPD,NC1=CC=C(N(P(OC2=C3C=CC=C2)(C4=C3C=CC=C4)=O)CC5=CC=C(O[Si](C6=CC=CC=C6)(OC7=CC=C(CN(P(OC8=C9C=CC=C8)(C%10=C9C=CC=C%10)=O)C%11=CC=C(N)C=C%11)C=C7)C%12=CC=CC=C%12)C=C5)C=C1,Nc1ccc(N(Cc2ccc(O[Si](Oc3ccc(CN(c4ccc(N)cc4)P4(=O)Oc5ccccc5-c5ccccc54)cc3)(c3ccccc3)c3ccccc3)cc2)P2(=O)Oc3ccccc3-c3ccccc32)cc1,P-N-Si,DOPO-based (additive),https://doi.org/10.1016/j.compositesb.2021.108640,training_seed,P-N-Si,2,review_manually,NH2/NH,DOPO-based (additive),A,1037.138,O=P1(N(Cc2ccc(O[Si](Oc3ccc(CN(c4ccccc4)P4(=O)Oc5ccccc5-c5ccccc54)cc3)(c3ccccc3)c3ccccc3)cc2)c2ccccc2)Oc2ccccc2-c2ccccc21,5.972975631015351,5.402174059768323,0.0,0.0,2.708029211156085,True,False,"Existing training molecule; use as design reference, not as a new discovery.",True,True,True,True,training_reference,2,,,,,,,Training reference
LIB_0078,TRAIN_078,DAVN,COC1=CC(C(NC2=NN=NN2)P3(C4=C(C5=C(O3)C=CC=C5)C=CC=C4)=O)=CC=C1O,COc1cc(C(Nc2nnn[nH]2)P2(=O)Oc3ccccc3-c3ccccc32)ccc1O,P-N,DOPO-based (reactive),https://doi.org/10.1002/pol.20250749,training_seed,P-N,1,review_manually,NH2/NH;OH,DOPO-based (reactive),A,435.3800000000001,O=P1(C(Nc2nnn[nH]2)c2ccccc2)Oc2ccccc2-c2ccccc21,7.114245027332443,16.085947907574987,0.0,0.0,0.0,True,False,"Existing training molecule; use as design reference, not as a new discovery.",True,True,True,True,training_reference,1,,,,,,,Training reference
LIB_0079,TRAIN_079,ATZ,O=P(C1=C2C=CC=C1)(C(NC3=NN=NN3)C4=CC=C(O)C=C4)OC5=C2C=CC=C5,O=P1(C(Nc2nnn[nH]2)c2ccc(O)cc2)Oc2ccccc2-c2ccccc21,P-N,DOPO-based (Co-curing),https://doi.org/10.1016/j.jaap.2019.01.015,training_seed,P-N,1,review_manually,NH2/NH;OH,DOPO-based (Co-curing),A,405.35400000000016,O=P1(C(Nc2nnn[nH]2)c2ccccc2)Oc2ccccc2-c2ccccc21,7.641222240313402,17.277490785831638,0.0,0.0,0.0,True,False,"Existing training molecule; use as design reference, not as a new discovery.",True,True,True,True,training_reference,1,,,,,,,Training reference
LIB_0080,TRAIN_080,DOPO-PPO,O=P(OC1=CC=C(C(P2(C3=C(C4=C(O2)C=CC=C4)C=CC=C3)=O)O)C=C1)(OC5=CC=C(C(P6(C7=C(C8=C(O6)C=CC=C8)C=CC=C7)=O)O)C=C5)C9=CC=CC=C9,O=P(Oc1ccc(C(O)P2(=O)Oc3ccccc3-c3ccccc32)cc1)(Oc1ccc(C(O)P2(=O)Oc3ccccc3-c3ccccc32)cc1)c1ccccc1,P-only,DOPO-based (Co-curing),https://doi.org/10.1016/j.firesaf.2020.102994,training_seed,P-only,2,review_manually,OH,DOPO-based (Co-curing),A,798.6610000000001,O=P1(Cc2ccc(OP(=O)(Oc3ccc(CP4(=O)Oc5ccccc5-c5ccccc54)cc3)c3ccccc3)cc2)Oc2ccccc2-c2ccccc21,11.634723618656723,0.0,0.0,0.0,0.0,True,False,"Existing training molecule; use as design reference, not as a new discovery.",True,True,True,True,training_reference,2,,,,,,,Training reference
LIB_0081,TRAIN_081,DOPO-AN,O=C(C1=C(C2=O)C=CC(N(CP3(C4=C(C5=C(O3)C=CC=C5)C=CC=C4)=O)CP6(C7=C(C8=C(O6)C=CC=C8)C=CC=C7)=O)=C1)C9=C2C=CC=C9,O=C1c2ccccc2C(=O)c2cc(N(CP3(=O)Oc4ccccc4-c4ccccc43)CP3(=O)Oc4ccccc4-c4ccccc43)ccc21,P-N,DOPO-based (additive),https://kns.cnki.net/kcms2/article/abstract?v=Jz5IuRg0t01AQTZwcmDQr7LS0eI1I-pJtedm3wQXR-p9z-0cPu_RiuKcJkUfRgOXaRjPXuTfJPKDL75pSPbNFch4aPw5a0wSqfMOymELKaIyQuZ279il2sk1ZdaLq1xuOyDokD-lmNY5u_hoO061PP01E4Si78DJJGRu0isTWws=&uniplatform=NZKPT,training_seed,P-N,2,review_manually,none,DOPO-based (additive),A,679.6050000000001,O=C1c2ccccc2C(=O)c2cc(N(CP3(=O)Oc4ccccc4-c4ccccc43)CP3(=O)Oc4ccccc4-c4ccccc43)ccc21,9.11529491395737,2.0610501688480807,0.0,0.0,0.0,True,False,"Existing training molecule; use as design reference, not as a new discovery.",True,True,True,True,training_reference,2,,,,,,,Training reference
LIB_0082,TRAIN_082,DDSi-1,OC(C=CC(C(C1=CC=C(C(CCCP2(C3=C(C=CC=C3)C4=C(C=CC=C4)O2)=O)=C1)O[Si](OC5=CC=C(C=C5CCCP6(C7=C(C=CC=C7)C8=C(C=CC=C8)O6)=O)C(C9=CC(CCCP%10(C%11=C(C=CC=C%11)C%12=C(C=CC=C%12)O%10)=O)=C(C=C9)O)(C)C)(C%13=CC=CC=C%13)C%14=CC=CC=C%14)(C)C)=C%15)=C%15CCCP%16(C%17=C(C=CC=C%17)C%18=C(C=CC=C%18)O%16)=O,CC(C)(c1ccc(O)c(CCCP2(=O)Oc3ccccc3-c3ccccc32)c1)c1ccc(O[Si](Oc2ccc(C(C)(C)c3ccc(O)c(CCCP4(=O)Oc5ccccc5-c5ccccc54)c3)cc2CCCP2(=O)Oc3ccccc3-c3ccccc32)(c2ccccc2)c2ccccc2)c(CCCP2(=O)Oc3ccccc3-c3ccccc32)c1,P-Si,DOPO-based (Co-curing),https://doi.org/10.1021/acs.macromol.8b02090,training_seed,P-Si,4,review_manually,OH,DOPO-based (Co-curing),A,1661.8279999999995,O=P1(CCCc2cccc(Cc3ccc(O[Si](Oc4ccc(Cc5cccc(CCCP6(=O)Oc7ccccc7-c7ccccc76)c5)cc4CCCP4(=O)Oc5ccccc5-c5ccccc54)(c4ccccc4)c4ccccc4)c(CCCP4(=O)Oc5ccccc5-c5ccccc54)c3)c2)Oc2ccccc2-c2ccccc21,7.455404530432754,0.0,0.0,0.0,1.6900666013570602,True,False,"Existing training molecule; use as design reference, not as a new discovery.",True,True,True,True,training_reference,4,,,,,,,Training reference
LIB_0083,TRAIN_083,TFD,O=P(C1=C2C=CC=C1)(C(NC(C(O)=O)CC3=CC=C(O)C=C3)C4=CC=CO4)OC5=C2C=CC=C5,O=C(O)C(Cc1ccc(O)cc1)NC(c1ccco1)P1(=O)Oc2ccccc2-c2ccccc21,P-N,DOPO-based (reactive),https://doi.org/10.1016/j.polymer.2021.124045,training_seed,P-N,1,review_manually,NH2/NH;OH;carboxyl,DOPO-based (reactive),A,475.4370000000002,O=P1(C(NCCc2ccccc2)c2ccco2)Oc2ccccc2-c2ccccc21,6.514848444694036,2.946131664132155,0.0,0.0,0.0,True,False,"Existing training molecule; use as design reference, not as a new discovery.",True,True,True,True,training_reference,1,,,,,,,Training reference
LIB_0084,TRAIN_084,SFG,O=P(C1=C2C=CC=C1)(C(NC3=CC=C(S(=O)(NC(N)=N)=O)C=C3)C4=CC=C(C(P(OC5=C6C=CC=C5)(C7=C6C=CC=C7)=O)NC(NS(C8=CC=C(N)C=C8)(=O)=O)=N)C=C4)OC9=C2C=CC=C9,N=C(N)NS(=O)(=O)c1ccc(NC(c2ccc(C(NC(=N)NS(=O)(=O)c3ccc(N)cc3)P3(=O)Oc4ccccc4-c4ccccc43)cc2)P2(=O)Oc3ccccc3-c3ccccc32)cc1,P-N-S,DOPO-based (reactive),https://doi.org/10.1016/j.polymdegradstab.2019.109023,training_seed,P-N-S,2,review_manually,NH2/NH,DOPO-based (reactive),A,958.956,N=C(NC(c1ccc(C(Nc2ccccc2)P2(=O)Oc3ccccc3-c3ccccc32)cc1)P1(=O)Oc2ccccc2-c2ccccc21)NS(=O)(=O)c1ccccc1,6.459941853432274,11.685207663333877,6.6878980891719735,0.0,0.0,True,False,"Existing training molecule; use as design reference, not as a new discovery.",True,True,True,True,training_reference,2,,,,,,,Training reference
LIB_0085,TRAIN_085,FAFD,O=P(C1=C2C=CC=C1)(C(NCC3=CC=CO3)C4=CC=CO4)OC5=C2C=CC=C5,O=P1(C(NCc2ccco2)c2ccco2)Oc2ccccc2-c2ccccc21,P-N,DOPO-based (Co-curing),https://doi.org/10.1016/j.polymer.2022.124798,training_seed,P-N,1,review_manually,NH2/NH,DOPO-based (Co-curing),A,391.36300000000006,O=P1(C(NCc2ccco2)c2ccco2)Oc2ccccc2-c2ccccc21,7.914391498429845,3.579030209805219,0.0,0.0,0.0,True,False,"Existing training molecule; use as design reference, not as a new discovery.",True,True,True,True,training_reference,1,,,,,,,Training reference
LIB_0086,TRAIN_086,DDSi-5,CC(C1=CC=C(O[Si](C2=CC=CC=C2)(OC(C=C3)=C(CCCP4(C5=C(C6=C(O4)C=CC=C6)C=CC=C5)=O)C=C3C(C)(C7=CC=C(O[Si](C8=CC=CC=C8)(OC(C=C9)=C(CCCP%10(C%11=C(C%12=C(O%10)C=CC=C%12)C=CC=C%11)=O)C=C9C(C)(C%13=CC=C(O[Si](C%14=CC=CC=C%14)(OC(C=C%15)=C(CCCP%16(C%17=C(C%18=C(O%16)C=CC=C%18)C=CC=C%17)=O)C=C%15C(C)(C%19=CC=C(O[Si](C%20=CC=CC=C%20)(OC(C=C%21)=C(CCCP%22(C%23=C(C%24=C(O%22)C=CC=C%24)C=CC=C%23)=O)C=C%21C(C)(C%25=CC=C(O[Si](C%26=CC=CC=C%26)(OC%27=CC=C(C(C)(C%28=CC(CCCP%29(C%30=C(C%31=C(O%29)C=CC=C%31)C=CC=C%30)=O)=C(O)C=C%28)C)C=C%27CCCP%32(C%33=C(C%34=C(O%32)C=CC=C%34)C=CC=C%33)=O)C%35=CC=CC=C%35)C(CCCP%36(C%37=C(C%38=C(O%36)C=CC=C%38)C=CC=C%37)=O)=C%25)C)C%39=CC=CC=C%39)C(CCCP%40(C%41=C(C%42=C(O%40)C=CC=C%42)C=CC=C%41)=O)=C%19)C)C%43=CC=CC=C%43)C(CCCP%44(C%45=C(C%46=C(O%44)C=CC=C%46)C=CC=C%45)=O)=C%13)C)C%47=CC=CC=C%47)C(CCCP%48(C%49=C(C%50=C(O%48)C=CC=C%50)C=CC=C%49)=O)=C7)C)C%51=CC=CC=C%51)C(CCCP%52(C%53=C(C%54=C(O%52)C=CC=C%54)C=CC=C%53)=O)=C1)(C%55=CC(CCCP%56(C%57=C(C%58=C(O%56)C=CC=C%58)C=CC=C%57)=O)=C(O)C=C%55)C,CC(C)(c1ccc(O)c(CCCP2(=O)Oc3ccccc3-c3ccccc32)c1)c1ccc(O[Si](Oc2ccc(C(C)(C)c3ccc(O[Si](Oc4ccc(C(C)(C)c5ccc(O[Si](Oc6ccc(C(C)(C)c7ccc(O[Si](Oc8ccc(C(C)(C)c9ccc(O[Si](Oc%10ccc(C(C)(C)c%11ccc(O)c(CCCP%12(=O)Oc%13ccccc%13-c%13ccccc%13%12)c%11)cc%10CCCP%10(=O)Oc%11ccccc%11-c%11ccccc%11%10)(c%10ccccc%10)c%10ccccc%10)c(CCCP%10(=O)Oc%11ccccc%11-c%11ccccc%11%10)c9)cc8CCCP8(=O)Oc9ccccc9-c9ccccc98)(c8ccccc8)c8ccccc8)c(CCCP8(=O)Oc9ccccc9-c9ccccc98)c7)cc6CCCP6(=O)Oc7ccccc7-c7ccccc76)(c6ccccc6)c6ccccc6)c(CCCP6(=O)Oc7ccccc7-c7ccccc76)c5)cc4CCCP4(=O)Oc5ccccc5-c5ccccc54)(c4ccccc4)c4ccccc4)c(CCCP4(=O)Oc5ccccc5-c5ccccc54)c3)cc2CCCP2(=O)Oc3ccccc3-c3ccccc32)(c2ccccc2)c2ccccc2)c(CCCP2(=O)Oc3ccccc3-c3ccccc32)c1,P-Si,DOPO-based (Co-curing),https://doi.org/10.1021/acs.macromol.8b02090,training_seed,P-Si,12,review_manually,OH,DOPO-based (Co-curing),A,5346.048000000001,O=P1(CCCc2cccc(Cc3ccc(O[Si](Oc4ccc(Cc5ccc(O[Si](Oc6ccc(Cc7ccc(O[Si](Oc8ccc(Cc9ccc(O[Si](Oc%10ccc(Cc%11ccc(O[Si](Oc%12ccc(Cc%13cccc(CCCP%14(=O)Oc%15ccccc%15-c%15ccccc%15%14)c%13)cc%12CCCP%12(=O)Oc%13ccccc%13-c%13ccccc%13%12)(c%12ccccc%12)c%12ccccc%12)c(CCCP%12(=O)Oc%13ccccc%13-c%13ccccc%13%12)c%11)cc%10CCCP%10(=O)Oc%11ccccc%11-c%11ccccc%11%10)(c%10ccccc%10)c%10ccccc%10)c(CCCP%10(=O)Oc%11ccccc%11-c%11ccccc%11%10)c9)cc8CCCP8(=O)Oc9ccccc9-c9ccccc98)(c8ccccc8)c8ccccc8)c(CCCP8(=O)Oc9ccccc9-c9ccccc98)c7)cc6CCCP6(=O)Oc7ccccc7-c7ccccc76)(c6ccccc6)c6ccccc6)c(CCCP6(=O)Oc7ccccc7-c7ccccc76)c5)cc4CCCP4(=O)Oc5ccccc5-c5ccccc54)(c4ccccc4)c4ccccc4)c(CCCP4(=O)Oc5ccccc5-c5ccccc54)c3)c2)Oc2ccccc2-c2ccccc21,6.952575061054445,0.0,0.0,0.0,2.6268002083034045,True,False,"Existing training molecule; use as design reference, not as a new discovery.",True,True,True,True,training_reference,12,,,,,,,Training reference
LIB_0087,TRAIN_087,DDSi-2,CC(C1=CC(CCCP2(C3=C(C=CC=C3)C4=C(C=CC=C4)O2)=O)=C(C=C1)O)(C)C5=CC=C(C(CCCP6(C7=C(C=CC=C7)C8=C(C=CC=C8)O6)=O)=C5)O[Si](OC(C=CC(C(C9=CC=C(C(CCCP%10(C%11=C(C=CC=C%11)C%12=C(C=CC=C%12)O%10)=O)=C9)O[Si](OC%13=CC=C(C=C%13CCCP%14(C%15=C(C=CC=C%15)C%16=C(C=CC=C%16)O%14)=O)C(C%17=CC(CCCP%18(C%19=C(C=CC=C%19)C%20=C(C=CC=C%20)O%18)=O)=C(C=C%17)O)(C)C)(C%21=CC=CC=C%21)C%22=CC=CC=C%22)(C)C)=C%23)=C%23CCCP%24(C%25=C(C=CC=C%25)C%26=C(C=CC=C%26)O%24)=O)(C%27=CC=CC=C%27)C%28=CC=CC=C%28,CC(C)(c1ccc(O)c(CCCP2(=O)Oc3ccccc3-c3ccccc32)c1)c1ccc(O[Si](Oc2ccc(C(C)(C)c3ccc(O[Si](Oc4ccc(C(C)(C)c5ccc(O)c(CCCP6(=O)Oc7ccccc7-c7ccccc76)c5)cc4CCCP4(=O)Oc5ccccc5-c5ccccc54)(c4ccccc4)c4ccccc4)c(CCCP4(=O)Oc5ccccc5-c5ccccc54)c3)cc2CCCP2(=O)Oc3ccccc3-c3ccccc32)(c2ccccc2)c2ccccc2)c(CCCP2(=O)Oc3ccccc3-c3ccccc32)c1,P-Si,DOPO-based (Co-curing),https://doi.org/10.1021/acs.macromol.8b02090,training_seed,P-Si,6,review_manually,OH,DOPO-based (Co-curing),A,2582.882999999994,O=P1(CCCc2cccc(Cc3ccc(O[Si](Oc4ccc(Cc5ccc(O[Si](Oc6ccc(Cc7cccc(CCCP8(=O)Oc9ccccc9-c9ccccc98)c7)cc6CCCP6(=O)Oc7ccccc7-c7ccccc76)(c6ccccc6)c6ccccc6)c(CCCP6(=O)Oc7ccccc7-c7ccccc76)c5)cc4CCCP4(=O)Oc5ccccc5-c5ccccc54)(c4ccccc4)c4ccccc4)c(CCCP4(=O)Oc5ccccc5-c5ccccc54)c3)c2)Oc2ccccc2-c2ccccc21,7.195215578870604,0.0,0.0,0.0,2.174779113107335,True,False,"Existing training molecule; use as design reference, not as a new discovery.",True,True,True,True,training_reference,6,,,,,,,Training reference
LIB_0088,TRAIN_088,PAHDOPO,O=P(C1=C2C=CC=C1)([O-])OC3=C2C=CC=C3.O=P(C4=C5C=CC=C4)([O-])OC6=C5C=CC=C6.C7C[NH2+]CC[NH2+]7,C1C[NH2+]CC[NH2+]1.O=P1([O-])Oc2ccccc2-c2ccccc21.O=P1([O-])Oc2ccccc2-c2ccccc21,P-N,DOPO-based (additive),https://doi.org/10.1007/s10965-022-03398-4,training_seed,P-N,2,review_manually,NH2/NH,DOPO-based (additive),A,550.4880000000002,C1C[NH2+]CC[NH2+]1.O=[PH]1Oc2ccccc2-c2ccccc21.O=[PH]1Oc2ccccc2-c2ccccc21,11.253287991745502,5.088939268430918,0.0,0.0,0.0,True,False,"Existing training molecule; use as design reference, not as a new discovery.",True,True,True,True,training_reference,2,,,,,,,Training reference
LIB_0089,TRAIN_089,D-ATA,O=P(C1=C2C=CC=C1)(NC3=NNC=N3)OC4=C2C=CC=C4,O=P1(Nc2nc[nH]n2)Oc2ccccc2-c2ccccc21,P-N,DOPO-based (reactive),https://doi.org/10.1016/j.compositesb.2020.108019,training_seed,P-N,1,review_manually,none,DOPO-based (reactive),A,298.242,O=P1(Nc2nc[nH]n2)Oc2ccccc2-c2ccccc21,10.385525848136748,18.78608646669483,0.0,0.0,0.0,True,False,"Existing training molecule; use as design reference, not as a new discovery.",True,True,True,True,training_reference,1,,,,,,,Training reference
LIB_0090,TRAIN_090,DOPT,CC1=CC=C(S(=O)(NP2(C3=C(C4=C(O2)C=CC=C4)C=CC=C3)=O)=O)C=C1,Cc1ccc(S(=O)(=O)NP2(=O)Oc3ccccc3-c3ccccc32)cc1,P-N-S,DOPO-based (Co-curing),https://doi.org/10.1016/j.firesaf.2021.103472,training_seed,P-N-S,1,review_manually,none,DOPO-based (Co-curing),A,385.3810000000001,O=P1(NS(=O)(=O)c2ccccc2)Oc2ccccc2-c2ccccc21,8.037241067930177,3.634584995108736,8.320856503045036,0.0,0.0,True,False,"Existing training molecule; use as design reference, not as a new discovery.",True,True,True,True,training_reference,1,,,,,,,Training reference
LIB_0091,TRAIN_091,BADO,O=P1(C2=C(C3=C(O1)C=CC=C3)C=CC=C2)NC4=NC5=C(N4)C=CC=C5,O=P1(Nc2nc3ccccc3[nH]2)Oc2ccccc2-c2ccccc21,P-N,DOPO-based (Co-curing),https://doi.org/10.1002/app.54890,training_seed,P-N,1,review_manually,none,DOPO-based (Co-curing),A,347.3140000000001,O=P1(Nc2nc3ccccc3[nH]2)Oc2ccccc2-c2ccccc21,8.918154753335596,12.09885003195955,0.0,0.0,0.0,True,False,"Existing training molecule; use as design reference, not as a new discovery.",True,True,True,True,training_reference,1,,,,,,,Training reference
LIB_0092,TRAIN_092,SAD,O=P(C1=C2C=CC=C1)(C(NC3=NNC=N3)C4=CC=CS4)OC5=C2C=CC=C5,O=P1(C(Nc2nc[nH]n2)c2cccs2)Oc2ccccc2-c2ccccc21,P-N-S,DOPO-based (Co-curing),https://doi.org/10.1016/j.mtcomm.2021.103108,training_seed,P-N-S,1,review_manually,NH2/NH,DOPO-based (Co-curing),A,394.3960000000001,O=P1(C(Nc2nc[nH]n2)c2cccs2)Oc2ccccc2-c2ccccc21,7.853527926246715,14.206026430288336,8.130660554366674,0.0,0.0,True,False,"Existing training molecule; use as design reference, not as a new discovery.",True,True,True,True,training_reference,1,,,,,,,Training reference
LIB_0093,TRAIN_093,STP,O=P(C1=C2C=CC=C1)(C(NC3=CC=C(S(=O)(NC4=NC=CS4)=O)C=C3)C5=CC=CS5)OC6=C2C=CC=C6,O=P1(C(Nc2ccc(S(=O)(=O)Nc3nccs3)cc2)c2cccs2)Oc2ccccc2-c2ccccc21,P-N-S,DOPO-based (reactive),https://doi.org/10.1016/j.polymdegradstab.2021.109698,training_seed,P-N-S,1,review_manually,NH2/NH,DOPO-based (reactive),A,565.6380000000001,O=P1(C(Nc2ccc(S(=O)(=O)Nc3nccs3)cc2)c2cccs2)Oc2ccccc2-c2ccccc21,5.475940442473807,7.42895632895951,17.00752071112619,0.0,0.0,True,False,"Existing training molecule; use as design reference, not as a new discovery.",True,True,True,True,training_reference,1,,,,,,,Training reference
LIB_0094,TRAIN_094,SVPM,COC1=CC(C(P2(C3=C(C4=C(O2)C=CC=C4)C=CC=C3)=O)NC5=CC=C(S(=O)(NC6=NC=CS6)=O)C=C5)=CC=C1O[Si](C=C)(OC7=C(OC)C=C(C(P8(C9=C(C%10=C(O8)C=CC=C%10)C=CC=C9)=O)NC%11=CC=C(S(=O)(NC%12=NC=CS%12)=O)C=C%11)C=C7)C,C=C[Si](C)(Oc1ccc(C(Nc2ccc(S(=O)(=O)Nc3nccs3)cc2)P2(=O)Oc3ccccc3-c3ccccc32)cc1OC)Oc1ccc(C(Nc2ccc(S(=O)(=O)Nc3nccs3)cc2)P2(=O)Oc3ccccc3-c3ccccc32)cc1OC,P-N-Si-S,DOPO-based (reactive),https://pubs.acs.org/doi/10.1021/acsapm.2c01875?goto=supporting-info,training_seed,P-N-Si-S,2,review_manually,NH2/NH;allyl/vinyl,DOPO-based (reactive),A,1279.419,O=P1(C(Nc2ccc(S(=O)(=O)Nc3nccs3)cc2)c2ccc(O[SiH2]Oc3ccc(C(Nc4ccc(S(=O)(=O)Nc5nccs5)cc4)P4(=O)Oc5ccccc5-c5ccccc54)cc3)cc2)Oc2ccccc2-c2ccccc21,4.841885261982197,6.568762852513525,10.02548813172229,0.0,2.1952151718866144,True,False,"Existing training molecule; use as design reference, not as a new discovery.",True,True,True,True,training_reference,2,,,,,,,Training reference
LIB_0095,TRAIN_095,DMDA-SH-DOPO,CC1=C(NC(P2(C3=C(C4=C(O2)C=CC=C4)C=CC=C3)=O)C5=CC(OC)=C(O)C(OC)=C5)C=CC(C6=CC(C)=C(NC(P7(C8=C(C9=C(O7)C=CC=C9)C=CC=C8)=O)C%10=CC(OC)=C(O)C(OC)=C%10)C=C6)=C1,COc1cc(C(Nc2ccc(-c3ccc(NC(c4cc(OC)c(O)c(OC)c4)P4(=O)Oc5ccccc5-c5ccccc54)c(C)c3)cc2C)P2(=O)Oc3ccccc3-c3ccccc32)cc(OC)c1O,P-N,DOPO-based (Co-curing),https://doi.org/10.1002/fam.3228,training_seed,P-N,2,review_manually,NH2/NH;OH,DOPO-based (Co-curing),A,972.968,O=P1(C(Nc2ccc(-c3ccc(NC(c4ccccc4)P4(=O)Oc5ccccc5-c5ccccc54)cc3)cc2)c2ccccc2)Oc2ccccc2-c2ccccc21,6.366910319763856,2.8792313827381784,0.0,0.0,0.0,True,False,"Existing training molecule; use as design reference, not as a new discovery.",True,True,True,True,training_reference,2,,,,,,,Training reference
LIB_0096,TRAIN_096,DOA,O=P(C1=CC=CC=C21)([O-])OC3=C2C=CC=C3.CC(CO)([NH3+])CO,CC([NH3+])(CO)CO.O=P1([O-])Oc2ccccc2-c2ccccc21,P-N,DOPO-based (additive),https://doi.org/10.1002/app.51230,training_seed,P-N,1,review_manually,OH,DOPO-based (additive),A,337.31200000000007,O=[PH]1Oc2ccccc2-c2ccccc21,9.182596527843655,4.152535338203206,0.0,0.0,0.0,True,False,"Existing training molecule; use as design reference, not as a new discovery.",True,True,True,True,training_reference,1,,,,,,,Training reference
LIB_0097,TRAIN_097,Trif-D,COC1=C(OC2=NC(OC3=C(OC)C=C(C(P4(C5=C(C6=C(O4)C=CC=C6)C=CC=C5)=O)O)C=C3)=NC(OC7=C(OC)C=C(C(P8(C9=C(C%10=C(O8)C=CC=C%10)C=CC=C9)=O)O)C=C7)=N2)C=CC(C(P%11(C%12=C(C%13=C(O%11)C=CC=C%13)C=CC=C%12)=O)O)=C1,COc1cc(C(O)P2(=O)Oc3ccccc3-c3ccccc32)ccc1Oc1nc(Oc2ccc(C(O)P3(=O)Oc4ccccc4-c4ccccc43)cc2OC)nc(Oc2ccc(C(O)P3(=O)Oc4ccccc4-c4ccccc43)cc2OC)n1,P-N,DOPO-based (Co-curing),https://doi.org/10.1016/j.polymdegradstab.2020.109293,training_seed,P-N,3,review_manually,OH,DOPO-based (Co-curing),A,1180.005,O=P1(Cc2ccc(Oc3nc(Oc4ccc(CP5(=O)Oc6ccccc6-c6ccccc65)cc4)nc(Oc4ccc(CP5(=O)Oc6ccccc6-c6ccccc65)cc4)n3)cc2)Oc2ccccc2-c2ccccc21,7.874712395286459,3.561086605565231,0.0,0.0,0.0,True,False,"Existing training molecule; use as design reference, not as a new discovery.",True,True,True,True,training_reference,3,,,,,,,Training reference
LIB_0098,TRAIN_098,PDB,CC(C[Si]12O[Si]3(O[Si]4(O[Si](O1)(O[Si]5(O[Si](O2)(O[Si](O3)(O[Si](O4)(O5)CC(C)C)CC(C)C)CCCNC(C6=CC=C(B(O)O)C=C6)P(OC7=C8C=CC=C7)(C9=C8C=CC=C9)=O)CC(C)C)CC(C)C)CC(C)C)CC(C)C)C,CC(C)C[Si]12O[Si]3(CCCNC(c4ccc(B(O)O)cc4)P4(=O)Oc5ccccc5-c5ccccc54)O[Si]4(CC(C)C)O[Si](CC(C)C)(O1)O[Si]1(CC(C)C)O[Si](CC(C)C)(O2)O[Si](CC(C)C)(O3)O[Si](CC(C)C)(O4)O1,P-Si-B,DOPO-based (additive),https://doi.org/10.1002/pat.5262,training_seed,P-N-Si-B,1,review_manually,NH2/NH;OH,DOPO-based (additive),A,1222.6949999999997,O=P1(C(NCCC[Si]23O[SiH]4O[SiH]5O[SiH]6O[SiH](O4)O[SiH](O[SiH](O6)O[SiH](O5)O2)O3)c2ccccc2)Oc2ccccc2-c2ccccc21,2.5332564539807567,1.1455841399531368,0.0,0.8842761277342268,18.37645528934036,True,False,"Existing training molecule; use as design reference, not as a new discovery.",True,True,True,True,training_reference,1,,,,,,,Training reference
LIB_0099,TRAIN_099,DZH,O=P1(C(C2=CC=C(C(NC(NO)(P3(C4=C(C5=C(O3)C=CC=C5)C=CC=C4)=O)C6=CC=CC=C6)P7(C8=C(C9=C(O7)C=CC=C9)C=CC=C8)=O)C=C2)NC(NO)(P%10(C%11=C(C%12=C(O%10)C=CC=C%12)C=CC=C%11)=O)C%13=CC=CC=C%13)C%14=C(C%15=C(O1)C=CC=C%15)C=CC=C%14,O=P1(C(NC(NO)(c2ccccc2)P2(=O)Oc3ccccc3-c3ccccc32)c2ccc(C(NC(NO)(c3ccccc3)P3(=O)Oc4ccccc4-c4ccccc43)P3(=O)Oc4ccccc4-c4ccccc43)cc2)Oc2ccccc2-c2ccccc21,P-N,DOPO-based (Co-curing),https://doi.org/10.1016/j.porgcoat.2023.107862,training_seed,P-N,4,review_manually,NH2/NH;OH,DOPO-based (Co-curing),A,1235.1160000000002,O=P1(C(NC(c2ccc(C(NC(c3ccccc3)P3(=O)Oc4ccccc4-c4ccccc43)P3(=O)Oc4ccccc4-c4ccccc43)cc2)P2(=O)Oc3ccccc3-c3ccccc32)c2ccccc2)Oc2ccccc2-c2ccccc21,10.031122582818131,4.536254084636584,0.0,0.0,0.0,True,False,"Existing training molecule; use as design reference, not as a new discovery.",True,True,True,True,training_reference,4,,,,,,,Training reference
LIB_0100,TRAIN_100,HLD,COC1=CC(C(P2(C3=C(C4=C(O2)C=CC=C4)C=CC=C3)=O)NCCC5=CNC6=C5C=CC=C6)=CC=C1O,COc1cc(C(NCCc2c[nH]c3ccccc23)P2(=O)Oc3ccccc3-c3ccccc32)ccc1O,P-N,DOPO-based (Co-curing),https://doi.org/10.1016/j.polymdegradstab.2023.110595,training_seed,P-N,1,review_manually,NH2/NH;OH,DOPO-based (Co-curing),A,510.53000000000026,O=P1(C(NCCc2c[nH]c3ccccc23)c2ccccc2)Oc2ccccc2-c2ccccc21,6.067028382269403,5.487238751885293,0.0,0.0,0.0,True,False,"Existing training molecule; use as design reference, not as a new discovery.",True,True,True,True,training_reference,1,,,,,,,Training reference
LIB_0101,TRAIN_101,Zr-POSS-bisDOPO,CCCCO[Zr]12O[Si]3(O[Si]4(O[Si](O1)(O[Si]5(O[Si](O2)(O[Si](O3)(O[Si](O4)(O5)CC(C)C)CC(C)C)CC(C)C)CC(C)C)CCCN(CP6(C7=C(C8=C(O6)C=CC=C8)C=CC=C7)=O)CP9(C%10=C(C%11=C(O9)C=CC=C%11)C=CC=C%10)=O)CC(C)C)CC(C)C,CCCCO[Zr]12O[Si]3(CCCN(CP4(=O)Oc5ccccc5-c5ccccc54)CP4(=O)Oc5ccccc5-c5ccccc54)O[Si]4(CC(C)C)O[Si]5(CC(C)C)O[Si](CC(C)C)(O3)O[Si](CC(C)C)(O[Si](CC(C)C)(O5)O[Si](CC(C)C)(O4)O1)O2,P-N-Si-Zr,DOPO-based (additive),https://doi.org/10.1002/mame.202100012,training_seed,P-N-Si,2,review_manually,none,DOPO-based (additive),A,1410.1029999999994,O=P1(CN(CCC[Si]23O[SiH]4O[SiH]5O[SiH]6O[SiH](O4)O[Zr](O[SiH](O6)O[SiH](O5)O2)O3)CP2(=O)Oc3ccccc3-c3ccccc32)Oc2ccccc2-c2ccccc21,4.393154258944207,0.9933316927912362,0.0,0.0,13.942385768982836,True,False,"Existing training molecule; use as design reference, not as a new discovery.",True,True,True,True,training_reference,2,,,,,,,Training reference
LIB_0102,TRAIN_102,VTZD,COC1=CC(C(P2(C3=C(C4=C(O2)C=CC=C4)C=CC=C3)=O)NC5=NC6=C(S5)C=CC=C6)=CC=C1O,COc1cc(C(Nc2nc3ccccc3s2)P2(=O)Oc3ccccc3-c3ccccc32)ccc1O,P-N-S,DOPO-based (reactive),https://doi.org/10.1002/app.53105,training_seed,P-N-S,1,review_manually,NH2/NH;OH,DOPO-based (reactive),A,500.51600000000025,O=P1(C(Nc2nc3ccccc3s2)c2ccccc2)Oc2ccccc2-c2ccccc21,6.188413557208958,5.597023871364749,6.406788194583187,0.0,0.0,True,False,"Existing training molecule; use as design reference, not as a new discovery.",True,True,True,True,training_reference,1,,,,,,,Training reference
LIB_0103,TRAIN_103,STZ,O=P(C1=C2C=CC=C1)(C(NC3=CC=C(S(=O)(NC4=NC=CS4)=O)C=C3)C5=CC=C(O)C=C5)OC6=C2C=CC=C6,O=P1(C(Nc2ccc(S(=O)(=O)Nc3nccs3)cc2)c2ccc(O)cc2)Oc2ccccc2-c2ccccc21,P-N-S,DOPO-based (reactive),https://doi.org/10.1016/j.polymdegradstab.2020.109078,training_seed,P-N-S,1,review_manually,NH2/NH;OH,DOPO-based (reactive),A,575.6080000000002,O=P1(C(Nc2ccc(S(=O)(=O)Nc3nccs3)cc2)c2ccccc2)Oc2ccccc2-c2ccccc21,5.381092688079386,7.300280746619225,11.141957721226944,0.0,0.0,True,False,"Existing training molecule; use as design reference, not as a new discovery.",True,True,True,True,training_reference,1,,,,,,,Training reference
LIB_0104,TRAIN_104,DOPO-CDI,O=P(C(N1C=CN=C1)(O)N2C=CN=C2)(C3=C4C=CC=C3)OC5=C4C=CC=C5,O=P1(C(O)(n2ccnc2)n2ccnc2)Oc2ccccc2-c2ccccc21,P-N,DOPO-based (Co-curing),https://doi.org/10.1016/j.cej.2024.155408,training_seed,P-N,1,review_manually,OH,DOPO-based (Co-curing),A,378.3280000000001,O=P1(C(n2ccnc2)n2ccnc2)Oc2ccccc2-c2ccccc21,8.187075764944703,14.80937176206889,0.0,0.0,0.0,True,False,"Existing training molecule; use as design reference, not as a new discovery.",True,True,True,True,training_reference,1,,,,,,,Training reference
LIB_0105,TRAIN_105,Ti-POSS-bisDOPO,CC(C[Si@]12O[Si@@]3(O[Si@]4(O[Si@](O1)(O[Si@]5(O[Si@@](O3)(O[Si@@](O5)(O[Ti](O4)(O2)OC(C)C)CC(C)C)CC(C)C)CC(C)C)CC(C)C)CC(C)C)CCCN(CP6(C7=C(C8=C(O6)C=CC=C8)C=CC=C7)=O)CP9(C%10=C(C%11=C(O9)C=CC=C%11)C=CC=C%10)=O)C,CC(C)C[Si@]12O[Si@@]3(CC(C)C)O[Si@@](CC(C)C)(O1)O[Si@]1(CC(C)C)O[Si@@]4(CC(C)C)O[Ti](OC(C)C)(O2)O[Si@@](CC(C)C)(O[Si@@](CCCN(CP2(=O)Oc5ccccc5-c5ccccc52)CP2(=O)Oc5ccccc5-c5ccccc52)(O3)O4)O1,P-N-Si-Ti,DOPO-based (additive),https://doi.org/10.1016/j.cej.2019.06.027,training_seed,P-N-Si,2,review_manually,none,DOPO-based (additive),A,1352.7189999999998,O=P1(CN(CCC[Si]23O[SiH]4O[SiH]5O[SiH]6O[SiH](O[Ti](O[SiH](O5)O4)O[SiH](O6)O2)O3)CP2(=O)Oc3ccccc3-c3ccccc32)Oc2ccccc2-c2ccccc21,4.579517253768152,1.0354700421891023,0.0,0.0,14.533838883020051,True,False,"Existing training molecule; use as design reference, not as a new discovery.",True,True,True,True,training_reference,2,,,,,,,Training reference
LIB_0106,TRAIN_106,TetraDSi,CC(C1=CC=C(O)C(CCCP2(C3=C(C4=C(O2)C=CC=C4)C=CC=C3)=O)=C1)(C5=CC=C(O[Si](OC6=CC=C(C(C)(C7=CC=C(O)C(CCCP8(C9=C(C%10=C(O8)C=CC=C%10)C=CC=C9)=O)=C7)C)C=C6CCCP%11(C%12=C(C%13=C(O%11)C=CC=C%13)C=CC=C%12)=O)(OC(C(CCCP%14(C%15=C(C%16=C(O%14)C=CC=C%16)C=CC=C%15)=O)=C%17)=CC=C%17C(C)(C%18=CC=C(O)C(CCCP%19(C%20=C(C%21=C(O%19)C=CC=C%21)C=CC=C%20)=O)=C%18)C)OC%22=CC=C(C(C)(C%23=CC=C(O)C(CCCP%24(C%25=C(C%26=C(O%24)C=CC=C%26)C=CC=C%25)=O)=C%23)C)C=C%22CCCP%27(C%28=C(C%29=C(O%27)C=CC=C%29)C=CC=C%28)=O)C(CCCP%30(C%31=C(C%32=C(O%30)C=CC=C%32)C=CC=C%31)=O)=C5)C,CC(C)(c1ccc(O)c(CCCP2(=O)Oc3ccccc3-c3ccccc32)c1)c1ccc(O[Si](Oc2ccc(C(C)(C)c3ccc(O)c(CCCP4(=O)Oc5ccccc5-c5ccccc54)c3)cc2CCCP2(=O)Oc3ccccc3-c3ccccc32)(Oc2ccc(C(C)(C)c3ccc(O)c(CCCP4(=O)Oc5ccccc5-c5ccccc54)c3)cc2CCCP2(=O)Oc3ccccc3-c3ccccc32)Oc2ccc(C(C)(C)c3ccc(O)c(CCCP4(=O)Oc5ccccc5-c5ccccc54)c3)cc2CCCP2(=O)Oc3ccccc3-c3ccccc32)c(CCCP2(=O)Oc3ccccc3-c3ccccc32)c1,P-Si,DOPO-based (reactive),https://doi.org/10.1016/j.compositesb.2019.107481,training_seed,P-Si,8,review_manually,OH,DOPO-based (reactive),A,2987.145999999991,O=P1(CCCc2cccc(Cc3ccc(O[Si](Oc4ccc(Cc5cccc(CCCP6(=O)Oc7ccccc7-c7ccccc76)c5)cc4CCCP4(=O)Oc5ccccc5-c5ccccc54)(Oc4ccc(Cc5cccc(CCCP6(=O)Oc7ccccc7-c7ccccc76)c5)cc4CCCP4(=O)Oc5ccccc5-c5ccccc54)Oc4ccc(Cc5cccc(CCCP6(=O)Oc7ccccc7-c7ccccc76)c5)cc4CCCP4(=O)Oc5ccccc5-c5ccccc54)c(CCCP4(=O)Oc5ccccc5-c5ccccc54)c3)c2)Oc2ccccc2-c2ccccc21,8.295275825152194,0.0,0.0,0.0,0.9402285659957726,True,False,"Existing training molecule; use as design reference, not as a new discovery.",True,True,True,True,training_reference,8,,,,,,,Training reference
LIB_0107,TRAIN_107,DVSiBD,COC1=CC(C(P2(C3=C(C=CC=C3)C4=C(C=CC=C4)O2)=O)NCCOB(OCCNC(C5=CC=C(C(OC)=C5)O[Si](OC6=C(C=C(C=C6)C(P7(C8=C(C=CC=C8)C9=C(C=CC=C9)O7)=O)NCCOB(OCCN)OCCNC(P%10(C%11=C(C=CC=C%11)C%12=C(C=CC=C%12)O%10)=O)C%13=CC(OC)=C(C=C%13)O[SiH](C)C)OC)(C)C)P%14(C%15=C(C=CC=C%15)C%16=C(C=CC=C%16)O%14)=O)OCCNC(C%17=CC=C(C(OC)=C%17)O[Si](OC%18=C(C=C(C=C%18)C(P%19(C%20=C(C=CC=C%20)C%21=C(C=CC=C%21)O%19)=O)NCCOB(OCCN)OCCNC(P%22(C%23=C(C=CC=C%23)C%24=C(C=CC=C%24)O%22)=O)C%25=CC(OC)=C(C=C%25)O[SiH](C)C)OC)(C)C)P%26(C%27=C(C=CC=C%27)C%28=C(C=CC=C%28)O%26)=O)=CC=C1O[Si](OC%29=C(C=C(C=C%29)C(P%30(C%31=C(C=CC=C%31)C%32=C(C=CC=C%32)O%30)=O)NCCOB(OCCN)OCCNC(P%33(C%34=C(C=CC=C%34)C%35=C(C=CC=C%35)O%33)=O)C%36=CC(OC)=C(C=C%36)O[SiH](C)C)OC)(C)C,COc1cc(C(NCCOB(OCCN)OCCNC(c2ccc(O[Si](C)(C)Oc3ccc(C(NCCOB(OCCNC(c4ccc(O[Si](C)(C)Oc5ccc(C(NCCOB(OCCN)OCCNC(c6ccc(O[SiH](C)C)c(OC)c6)P6(=O)Oc7ccccc7-c7ccccc76)P6(=O)Oc7ccccc7-c7ccccc76)cc5OC)c(OC)c4)P4(=O)Oc5ccccc5-c5ccccc54)OCCNC(c4ccc(O[Si](C)(C)Oc5ccc(C(NCCOB(OCCN)OCCNC(c6ccc(O[SiH](C)C)c(OC)c6)P6(=O)Oc7ccccc7-c7ccccc76)P6(=O)Oc7ccccc7-c7ccccc76)cc5OC)c(OC)c4)P4(=O)Oc5ccccc5-c5ccccc54)P4(=O)Oc5ccccc5-c5ccccc54)cc3OC)c(OC)c2)P2(=O)Oc3ccccc3-c3ccccc32)P2(=O)Oc3ccccc3-c3ccccc32)ccc1O[SiH](C)C,P-N-Si-B,DOPO-based (Co-curing),https://doi.org/10.1016/j.polymdegradstab.2025.111701,training_seed,P-N-Si-B,9,review_manually,NH2/NH,DOPO-based (Co-curing),A,4259.837999999983,O=P1(C(NCCOBOCCNC(c2ccc(O[SiH2]Oc3ccc(C(NCCOB(OCCNC(c4ccc(O[SiH2]Oc5ccc(C(NCCOBOCCNC(c6ccccc6)P6(=O)Oc7ccccc7-c7ccccc76)P6(=O)Oc7ccccc7-c7ccccc76)cc5)cc4)P4(=O)Oc5ccccc5-c5ccccc54)OCCNC(c4ccc(O[SiH2]Oc5ccc(C(NCCOBOCCNC(c6ccccc6)P6(=O)Oc7ccccc7-c7ccccc76)P6(=O)Oc7ccccc7-c7ccccc76)cc5)cc4)P4(=O)Oc5ccccc5-c5ccccc54)P4(=O)Oc5ccccc5-c5ccccc54)cc3)cc2)P2(=O)Oc3ccccc3-c3ccccc32)c2ccccc2)Oc2ccccc2-c2ccccc21,6.544051675204577,3.9457838537522014,0.0,1.0152498756995028,3.95592508447506,True,False,"Existing training molecule; use as design reference, not as a new discovery.",True,True,True,True,training_reference,9,,,,,,,Training reference
LIB_0108,TRAIN_108,DTA-1,O=P(C1=C2C=CC=C1)(C(NC3=NNC=N3)C4=CC=C(C(P5(C6=C(C7=C(O5)C=CC=C7)C=CC=C6)=O)NC8=NNC=N8)C=C4)OC9=C2C=CC=C9,O=P1(C(Nc2nc[nH]n2)c2ccc(C(Nc3nc[nH]n3)P3(=O)Oc4ccccc4-c4ccccc43)cc2)Oc2ccccc2-c2ccccc21,P-N,DOPO-based (Co-curing),https://doi.org/10.1016/j.polymdegradstab.2017.01.014,training_seed,P-N,2,review_manually,NH2/NH,DOPO-based (Co-curing),A,698.6200000000001,O=P1(C(Nc2nc[nH]n2)c2ccc(C(Nc3nc[nH]n3)P3(=O)Oc4ccccc4-c4ccccc43)cc2)Oc2ccccc2-c2ccccc21,8.867195327932208,16.039620967049323,0.0,0.0,0.0,True,False,"Existing training molecule; use as design reference, not as a new discovery.",True,True,True,True,training_reference,2,,,,,,,Training reference
LIB_0109,TRAIN_109,DPI,O=P1(C(NCCN(CCNCCN(CCN(CCN(CCN)CCNC(C2=CC=CC=C2)P3(C4=C(C=CC=C4)C5=C(C=CC=C5)O3)=O)CCNCCN)CCNCCNC(C6=CC=CC=C6)P7(C8=C(C=CC=C8)C9=C(C=CC=C9)O7)=O)CCN)C%10=CC=CC=C%10)C%11=C(C=CC=C%11)C%12=C(C=CC=C%12)O1,NCCNCCN(CCN(CCNCCNC(c1ccccc1)P1(=O)Oc2ccccc2-c2ccccc21)CCNCCN(CCN)CCNC(c1ccccc1)P1(=O)Oc2ccccc2-c2ccccc21)CCN(CCN)CCNC(c1ccccc1)P1(=O)Oc2ccccc2-c2ccccc21,P-N,DOPO-based (Co-curing),https://doi.org/10.1016/j.cej.2021.132031,training_seed,P-N,3,review_manually,NH2/NH,DOPO-based (Co-curing),A,1446.714,O=P1(C(NCCNCCNCCN(CCNCCNCCNC(c2ccccc2)P2(=O)Oc3ccccc3-c3ccccc32)CCNCCNC(c2ccccc2)P2(=O)Oc3ccccc3-c3ccccc32)c2ccccc2)Oc2ccccc2-c2ccccc21,6.422969571041684,12.586523666737174,0.0,0.0,0.0,True,False,"Existing training molecule; use as design reference, not as a new discovery.",True,True,True,True,training_reference,3,,,,,,,Training reference
LIB_0110,TRAIN_110,CP-DOPO,O=P(C1=C2C=CC=C1)(OC3=CC=C(C#N)C=C3)OC4=C2C=CC=C4,N#Cc1ccc(OP2(=O)Oc3ccccc3-c3ccccc32)cc1,P-N,DOPO-based (additive),https://doi.org/10.1002/app.55633,training_seed,P-N,1,review_manually,none,DOPO-based (additive),A,333.283,O=P1(Oc2ccccc2)Oc2ccccc2-c2ccccc21,9.29360333410345,4.202734612926552,0.0,0.0,0.0,True,False,"Existing training molecule; use as design reference, not as a new discovery.",True,True,True,True,training_reference,1,,,,,,,Training reference
LIB_0111,TRAIN_111,DAP,O=P1(C2=C(C3=C(O1)C=CC=C3)C=CC=C2)NC4=NC=CC=N4,O=P1(Nc2ncccn2)Oc2ccccc2-c2ccccc21,P-N,DOPO-based (Co-curing),https://doi.org/10.1002/app.70220,training_seed,P-N,1,review_manually,none,DOPO-based (Co-curing),A,309.265,O=P1(Nc2ncccn2)Oc2ccccc2-c2ccccc21,10.01535899633001,13.58737652175319,0.0,0.0,0.0,True,False,"Existing training molecule; use as design reference, not as a new discovery.",True,True,True,True,training_reference,1,,,,,,,Training reference
LIB_0112,TRAIN_112,TriDSi,CC(C1=CC=C(O)C(CCCP2(C3=C(C4=C(O2)C=CC=C4)C=CC=C3)=O)=C1)(C5=CC=C(O[Si](OC6=CC=C(C(C)(C7=CC=C(O)C(CCCP8(C9=C(C%10=C(O8)C=CC=C%10)C=CC=C9)=O)=C7)C)C=C6CCCP%11(C%12=C(C%13=C(O%11)C=CC=C%13)C=CC=C%12)=O)(OC%14=CC=C(C(C)(C%15=CC=C(O)C(CCCP%16(C%17=C(C%18=C(O%16)C=CC=C%18)C=CC=C%17)=O)=C%15)C)C=C%14CCCP%19(C%20=C(C%21=C(O%19)C=CC=C%21)C=CC=C%20)=O)C%22=CC=CC=C%22)C(CCCP%23(C%24=C(C%25=C(O%23)C=CC=C%25)C=CC=C%24)=O)=C5)C,CC(C)(c1ccc(O)c(CCCP2(=O)Oc3ccccc3-c3ccccc32)c1)c1ccc(O[Si](Oc2ccc(C(C)(C)c3ccc(O)c(CCCP4(=O)Oc5ccccc5-c5ccccc54)c3)cc2CCCP2(=O)Oc3ccccc3-c3ccccc32)(Oc2ccc(C(C)(C)c3ccc(O)c(CCCP4(=O)Oc5ccccc5-c5ccccc54)c3)cc2CCCP2(=O)Oc3ccccc3-c3ccccc32)c2ccccc2)c(CCCP2(=O)Oc3ccccc3-c3ccccc32)c1,P-Si,DOPO-based (reactive),https://doi.org/10.1016/j.compositesb.2019.107481,training_seed,P-Si,6,review_manually,OH,DOPO-based (reactive),A,2324.486999999997,O=P1(CCCc2cccc(Cc3ccc(O[Si](Oc4ccc(Cc5cccc(CCCP6(=O)Oc7ccccc7-c7ccccc76)c5)cc4CCCP4(=O)Oc5ccccc5-c5ccccc54)(Oc4ccc(Cc5cccc(CCCP6(=O)Oc7ccccc7-c7ccccc76)c5)cc4CCCP4(=O)Oc5ccccc5-c5ccccc54)c4ccccc4)c(CCCP4(=O)Oc5ccccc5-c5ccccc54)c3)c2)Oc2ccccc2-c2ccccc21,7.995054392646645,0.0,0.0,0.0,1.2082665981784384,True,False,"Existing training molecule; use as design reference, not as a new discovery.",True,True,True,True,training_reference,6,,,,,,,Training reference
LIB_0113,TRAIN_113,BDHDP,OB(O)OCCN(CCOB(OCCN(CCO)CP1(C2=C(C=CC=C2)C3=C(C=CC=C3)O1)=O)OCCN(CCOB(OCCN(CCOB(O)O)CP4(C5=C(C=CC=C5)C6=C(C=CC=C6)O4)=O)OCCN(CCOB(O)O)CP7(C8=C(C=CC=C8)C9=C(C=CC=C9)O7)=O)CP%10(C%11=C(C=CC=C%11)C%12=C(C=CC=C%12)O%10)=O)CP%13(C%14=C(C=CC=C%14)C%15=C(C=CC=C%15)O%13)=O,O=P1(CN(CCO)CCOB(OCCN(CCOB(O)O)CP2(=O)Oc3ccccc3-c3ccccc32)OCCN(CCOB(OCCN(CCOB(O)O)CP2(=O)Oc3ccccc3-c3ccccc32)OCCN(CCOB(O)O)CP2(=O)Oc3ccccc3-c3ccccc32)CP2(=O)Oc3ccccc3-c3ccccc32)Oc2ccccc2-c2ccccc21,P-N-B,DOPO-based (additive),https://doi.org/10.1016/j.compositesb.2022.109701,training_seed,P-N-B,5,review_manually,OH,DOPO-based (additive),A,1813.65,O=P1(CNCCOB(OCCNCP2(=O)Oc3ccccc3-c3ccccc32)OCCN(CCOB(OCCNCP2(=O)Oc3ccccc3-c3ccccc32)OCCNCP2(=O)Oc3ccccc3-c3ccccc32)CP2(=O)Oc3ccccc3-c3ccccc32)Oc2ccccc2-c2ccccc21,8.539133790974004,3.861549913158548,0.0,2.980729468199487,0.0,True,False,"Existing training molecule; use as design reference, not as a new discovery.",True,True,True,True,training_reference,5,,,,,,,Training reference
LIB_0114,TRAIN_114,FA-bis-DOPO,O=P(C1=C2C=CC=C1)(C(C3=CC=C(C(NCC4=CC=CO4)(P5(C6=C(C7=C(O5)C=CC=C7)C=CC=C6)=O)[H])C=C3)(NCC8=CC=CO8)[H])OC9=C2C=CC=C9,O=P1(C(NCc2ccco2)c2ccc(C(NCc3ccco3)P3(=O)Oc4ccccc4-c4ccccc43)cc2)Oc2ccccc2-c2ccccc21,P-N-C,DOPO-based (Co-curing),https://doi.org/10.1039/d1ra05709j,training_seed,P-N,2,review_manually,NH2/NH,DOPO-based (Co-curing),A,724.6900000000002,O=P1(C(NCc2ccco2)c2ccc(C(NCc3ccco3)P3(=O)Oc4ccccc4-c4ccccc43)cc2)Oc2ccccc2-c2ccccc21,8.548206819467632,3.865652899860629,0.0,0.0,0.0,True,False,"Existing training molecule; use as design reference, not as a new discovery.",True,True,True,True,training_reference,2,,,,,,,Training reference
LIB_0115,TRAIN_115,DPDDM,O=P(C1=C2C=CC=C1)(C(NC3=CC=C(CC4=CC=C(NC([P@@]5(C6=C(C7=C(O5)C=CC=C7)C=CC=C6)=O)C8=CC(O)=C(O)C=C8)C=C4)C=C3)C9=CC(O)=C(O)C=C9)OC%10=C2C=CC=C%10,O=P1(C(Nc2ccc(Cc3ccc(NC(c4ccc(O)c(O)c4)[P@@]4(=O)Oc5ccccc5-c5ccccc54)cc3)cc2)c2ccc(O)c(O)c2)Oc2ccccc2-c2ccccc21,P-N,DOPO-based (reactive),https://doi.org/10.1002/app.50536,training_seed,P-N,2,review_manually,NH2/NH;OH,DOPO-based (reactive),A,870.8350000000002,O=P1(C(Nc2ccc(Cc3ccc(NC(c4ccccc4)[P@@]4(=O)Oc5ccccc5-c5ccccc54)cc3)cc2)c2ccccc2)Oc2ccccc2-c2ccccc21,7.113632318407045,3.216912503516739,0.0,0.0,0.0,True,False,"Existing training molecule; use as design reference, not as a new discovery.",True,True,True,True,training_reference,2,,,,,,,Training reference
LIB_0116,TRAIN_116,FGD,O=P(C1=C2C=CC=C1)(C(NC3=NC(NC(P4(C5=C(C6=C(O4)C=CC=C6)C=CC=C5)=O)C7=CC=CO7)=NN3)C8=CC=CO8)OC9=C2C=CC=C9,O=P1(C(Nc2n[nH]c(NC(c3ccco3)P3(=O)Oc4ccccc4-c4ccccc43)n2)c2ccco2)Oc2ccccc2-c2ccccc21,P-N,DOPO-based (Co-curing),https://doi.org/10.1007/s10118-022-2655-y,training_seed,P-N,2,review_manually,NH2/NH,DOPO-based (Co-curing),A,687.5890000000002,O=P1(C(Nc2n[nH]c(NC(c3ccco3)P3(=O)Oc4ccccc4-c4ccccc43)n2)c2ccco2)Oc2ccccc2-c2ccccc21,9.009451867321902,10.185590519918147,0.0,0.0,0.0,True,False,"Existing training molecule; use as design reference, not as a new discovery.",True,True,True,True,training_reference,2,,,,,,,Training reference
LIB_0117,TRAIN_117,DOPO-SGA,COC1=CC(C(P2(C3=C(C4=C(O2)C=CC=C4)C=CC=C3)=O)NC5=NC(NC(P6(C7=C(C8=C(O6)C=CC=C8)C=CC=C7)=O)C9=CC(OC)=C(O)C(OC)=C9)=NN5)=CC(OC)=C1O,COc1cc(C(Nc2n[nH]c(NC(c3cc(OC)c(O)c(OC)c3)P3(=O)Oc4ccccc4-c4ccccc43)n2)P2(=O)Oc3ccccc3-c3ccccc32)cc(OC)c1O,P-N,DOPO-based (additive),https://doi.org/10.1002/mame.202200565,training_seed,P-N,2,review_manually,NH2/NH;OH,DOPO-based (additive),A,859.7690000000002,O=P1(C(Nc2n[nH]c(NC(c3ccccc3)P3(=O)Oc4ccccc4-c4ccccc43)n2)c2ccccc2)Oc2ccccc2-c2ccccc21,7.205191161812066,8.145792648955705,0.0,0.0,0.0,True,False,"Existing training molecule; use as design reference, not as a new discovery.",True,True,True,True,training_reference,2,,,,,,,Training reference
LIB_0118,TRAIN_118,IDT,O=P1(C2=C(C3=C(O1)C=CC=C3)C=CC=C2)C(C4=CNC5C=CC=CC45)NC6=NC(NC(P7(C8=C(C9=C(O7)C=CC=C9)C=CC=C8)=O)C%10=CNC%11=C%10C=CC=C%11)=NN6,O=P1(C(Nc2nc(NC(c3c[nH]c4ccccc34)P3(=O)Oc4ccccc4-c4ccccc43)n[nH]2)C2=CNC3C=CC=CC23)Oc2ccccc2-c2ccccc21,P-N,DOPO-based (reactive),https://doi.org/10.1016/j.reactfunctpolym.2022.105375,training_seed,P-N,2,review_manually,NH2/NH;allyl/vinyl,DOPO-based (reactive),A,787.7570000000002,O=P1(C(Nc2nc(NC(c3c[nH]c4ccccc34)P3(=O)Oc4ccccc4-c4ccccc43)n[nH]2)C2=CNC3C=CC=CC23)Oc2ccccc2-c2ccccc21,7.8638463384013075,12.446604727092234,0.0,0.0,0.0,True,False,"Existing training molecule; use as design reference, not as a new discovery.",True,True,True,True,training_reference,2,,,,,,,Training reference
LIB_0119,TRAIN_119,HDP,OC1=CC(C(P2(C3=C(C4=C(O2)C=CC=C4)C=CC=C3)=O)NC5=NC(C6=CC=CC=C6)=NC(NC(P7(C8=C(C9=C(O7)C=CC=C9)C=CC=C8)=O)C%10=CC(O)=C(O)C=C%10)=N5)=CC=C1O,O=P1(C(Nc2nc(NC(c3ccc(O)c(O)c3)P3(=O)Oc4ccccc4-c4ccccc43)nc(-c3ccccc3)n2)c2ccc(O)c(O)c2)Oc2ccccc2-c2ccccc21,P-N,DOPO-based (reactive),https://doi.org/10.1016/j.mtcomm.2024.109421,training_seed,P-N,2,review_manually,NH2/NH;OH,DOPO-based (reactive),A,859.7720000000003,O=P1(C(Nc2nc(NC(c3ccccc3)P3(=O)Oc4ccccc4-c4ccccc43)nc(-c3ccccc3)n2)c2ccccc2)Oc2ccccc2-c2ccccc21,7.20516602075899,8.145764225864529,0.0,0.0,0.0,True,False,"Existing training molecule; use as design reference, not as a new discovery.",True,True,True,True,training_reference,2,,,,,,,Training reference
LIB_0120,TRAIN_120,IPD,O=P1(C2=C(C3=C(O1)C=CC=C3)C=CC=C2)C(C4=CNC5=C4C=CC=C5)NCCC6=CNC7=C6C=CC=C7,O=P1(C(NCCc2c[nH]c3ccccc23)c2c[nH]c3ccccc23)Oc2ccccc2-c2ccccc21,P-N,DOPO-based (reactive),https://doi.org/10.1016/j.mtcomm.2024.111470,training_seed,P-N,1,review_manually,NH2/NH,DOPO-based (reactive),A,503.5420000000002,O=P1(C(NCCc2c[nH]c3ccccc23)c2c[nH]c3ccccc23)Oc2ccccc2-c2ccccc21,6.151224724054794,8.345083428989039,0.0,0.0,0.0,True,False,"Existing training molecule; use as design reference, not as a new discovery.",True,True,True,True,training_reference,1,,,,,,,Training reference
LIB_0121,TRAIN_121,PDC,CC(C[Si]12O[Si]3(O[Si]4(O[Si](O1)(O[Si]5(O[Si](O2)(O[Si](O3)(O[Si](O4)(O5)CC(C)C)CC(C)C)CCCNC(C6=CC(O)=C(O)C=C6)P(OC7=C8C=CC=C7)(C9=C8C=CC=C9)=O)CC(C)C)CC(C)C)CC(C)C)CC(C)C)C,CC(C)C[Si]12O[Si]3(CCCNC(c4ccc(O)c(O)c4)P4(=O)Oc5ccccc5-c5ccccc54)O[Si]4(CC(C)C)O[Si](CC(C)C)(O1)O[Si]1(CC(C)C)O[Si](CC(C)C)(O2)O[Si](CC(C)C)(O3)O[Si](CC(C)C)(O4)O1,P-Si,DOPO-based (additive),https://doi.org/10.1002/pat.5262,training_seed,P-N-Si,1,review_manually,NH2/NH;OH,DOPO-based (additive),A,1210.874999999999,O=P1(C(NCCC[Si]23O[SiH]4O[SiH]5O[SiH]6O[SiH](O4)O[SiH](O[SiH](O6)O[SiH](O5)O2)O3)c2ccccc2)Oc2ccccc2-c2ccccc21,2.557984928254363,1.156766800867142,0.0,0.0,18.55583772065656,True,False,"Existing training molecule; use as design reference, not as a new discovery.",True,True,True,True,training_reference,1,,,,,,,Training reference
LIB_0122,TRAIN_122,PPCANT,O=P1(C2=C(C3=C(O1)C=CC=C3)C=CC=C2)C(NC4=CC=C([N+]([O-])=O)C=C4)CC(P5(C6=C(C7=C(O5)C=CC=C7)C=CC=C6)=O)C8=CC=CC=C8,O=[N+]([O-])c1ccc(NC(CC(c2ccccc2)P2(=O)Oc3ccccc3-c3ccccc32)P2(=O)Oc3ccccc3-c3ccccc32)cc1,P-N,DOPO-based (reactive),https://doi.org/10.1016/j.colsurfa.2023.132815,training_seed,P-N,2,review_manually,NH2/NH,DOPO-based (reactive),A,684.6250000000002,O=P1(C(CC(c2ccccc2)P2(=O)Oc3ccccc3-c3ccccc32)Nc2ccccc2)Oc2ccccc2-c2ccccc21,9.0484571845901,4.091875114113565,0.0,0.0,0.0,True,False,"Existing training molecule; use as design reference, not as a new discovery.",True,True,True,True,training_reference,2,,,,,,,Training reference
LIB_0123,TRAIN_123,PABO,O=P(C1=C2C=CC=C1)(C(C3=CC=C(O)C=C3)NC4=CC=C(C#N)C=C4)OC5=C2C=CC=C5,N#Cc1ccc(NC(c2ccc(O)cc2)P2(=O)Oc3ccccc3-c3ccccc32)cc1,P-N,DOPO-based (reactive),https://doi.org/10.1016/j.polymdegradstab.2022.110142,training_seed,P-N,1,review_manually,NH2/NH;OH,DOPO-based (reactive),A,438.4230000000002,O=P1(C(Nc2ccccc2)c2ccccc2)Oc2ccccc2-c2ccccc21,7.064866578623838,6.389719517452321,0.0,0.0,0.0,True,False,"Existing training molecule; use as design reference, not as a new discovery.",True,True,True,True,training_reference,1,,,,,,,Training reference
LIB_0124,TRAIN_124,DPAK,O=P1(C2=C(C3=C(O1)C=CC=C3)C=CC=C2)CNCCC[Si](OC)(OC)OC,CO[Si](CCCNCP1(=O)Oc2ccccc2-c2ccccc21)(OC)OC,P-N-Si,DOPO-based (reactive),https://doi.org/10.1002/app.49427,training_seed,P-N-Si,1,review_manually,NH2/NH,DOPO-based (reactive),A,407.47900000000016,O=[PH]1Oc2ccccc2-c2ccccc21,7.601373322306178,3.437477759590064,0.0,0.0,6.892625141418328,True,False,"Existing training molecule; use as design reference, not as a new discovery.",True,True,True,True,training_reference,1,,,,,,,Training reference
LIB_0125,TRAIN_125,ANDD,O=P(C1=C2C=CC=C1)(C(NC3=C4C=CC=C(NC(P5(C6=C(C7=C(O5)C=CC=C7)C=CC=C6)=O)C8=CC=C(O)C(O)=C8)C4=CC=C3)C9=CC=C(O)C(O)=C9)OC%10=C2C=CC=C%10,O=P1(C(Nc2cccc3c(NC(c4ccc(O)c(O)c4)P4(=O)Oc5ccccc5-c5ccccc54)cccc23)c2ccc(O)c(O)c2)Oc2ccccc2-c2ccccc21,P-N,DOPO-based (Co-curing),https://doi.org/10.1016/j.eurpolymj.2024.113605,training_seed,P-N,2,review_manually,NH2/NH;OH,DOPO-based (Co-curing),A,830.7700000000002,O=P1(C(Nc2cccc3c(NC(c4ccccc4)P4(=O)Oc5ccccc5-c5ccccc54)cccc23)c2ccccc2)Oc2ccccc2-c2ccccc21,7.456696799354813,3.372052433284783,0.0,0.0,0.0,True,False,"Existing training molecule; use as design reference, not as a new discovery.",True,True,True,True,training_reference,2,,,,,,,Training reference
LIB_0126,TRAIN_126,PHAO,O=P(C1=C2C=CC=C1)(C(NC3=CC=C(C#N)C=C3)C4=CC(O)=C(O)C=C4)OC5=C2C=CC=C5,N#Cc1ccc(NC(c2ccc(O)c(O)c2)P2(=O)Oc3ccccc3-c3ccccc32)cc1,P-N,DOPO-based (reactive),https://doi.org/10.1002/app.54680,training_seed,P-N,1,review_manually,NH2/NH;OH,DOPO-based (reactive),A,454.4220000000002,O=P1(C(Nc2ccccc2)c2ccccc2)Oc2ccccc2-c2ccccc21,6.816131261250553,6.164754347280719,0.0,0.0,0.0,True,False,"Existing training molecule; use as design reference, not as a new discovery.",True,True,True,True,training_reference,1,,,,,,,Training reference
LIB_0127,TRAIN_127,HP-DOPO,OC1=C(CCCP2(C3=C(C4=C(O2)C=CC=C4)C=CC=C3)=O)C=CC=C1,O=P1(CCCc2ccccc2O)Oc2ccccc2-c2ccccc21,P-only,DOPO-based (additive),https://doi.org/10.1016/j.polymdegradstab.2023.110579,training_seed,P-only,1,review_manually,OH,DOPO-based (additive),A,350.3540000000001,O=P1(CCCc2ccccc2)Oc2ccccc2-c2ccccc21,8.84077247583872,0.0,0.0,0.0,0.0,True,False,"Existing training molecule; use as design reference, not as a new discovery.",True,True,True,True,training_reference,1,,,,,,,Training reference
LIB_0128,TRAIN_128,DOPO-DA,O=P(C1=CC=CC=C21)(NCCC3=CC=C(O)C(O)=C3)OC4=C2C=CC=C4,O=P1(NCCc2ccc(O)c(O)c2)Oc2ccccc2-c2ccccc21,P-N,DOPO-based (additive),https://doi.org/10.1016/j.cej.2024.149910,training_seed,P-N,1,review_manually,OH,DOPO-based (additive),A,367.34100000000007,O=P1(NCCc2ccccc2)Oc2ccccc2-c2ccccc21,8.431947427594523,3.813078311432701,0.0,0.0,0.0,True,False,"Existing training molecule; use as design reference, not as a new discovery.",True,True,True,True,training_reference,1,,,,,,,Training reference
LIB_0129,TRAIN_129,BDO,O=P(CC(NC1=NNC(NC(P2(C3=C(C4=C(O2)C=CC=C4)C=CC=C3)=O)C5=CC=CS5)=N1)C6=CC=CS6)(C7=C8C=CC=C7)OC9=C8C=CC=C9,O=P1(CC(Nc2n[nH]c(NC(c3cccs3)P3(=O)Oc4ccccc4-c4ccccc43)n2)c2cccs2)Oc2ccccc2-c2ccccc21,P-N-S,DOPO-based (Co-curing),https://doi.org/10.1016/j.compositesb.2021.109392,training_seed,P-N-S,2,review_manually,NH2/NH,DOPO-based (Co-curing),A,733.7520000000003,O=P1(CC(Nc2n[nH]c(NC(c3cccs3)P3(=O)Oc4ccccc4-c4ccccc43)n2)c2cccs2)Oc2ccccc2-c2ccccc21,8.442634568628089,9.544778072155166,8.740555392012556,0.0,0.0,True,False,"Existing training molecule; use as design reference, not as a new discovery.",True,True,True,True,training_reference,2,,,,,,,Training reference
LIB_0130,TRAIN_130,PDPO,O=P(C1=C2C=CC=C1)(C(NC3=CC=C(CC4=CC=C(NC(P5(C6=C(C7=C(O5)C=CC=C7)C=CC=C6)=O)C8=CC=C(C#N)C=C8)C=C4)C=C3)C9=CC=C(C#N)C=C9)OC%10=C2C=CC=C%10.O=C=O.O=C=O,N#Cc1ccc(C(Nc2ccc(Cc3ccc(NC(c4ccc(C#N)cc4)P4(=O)Oc5ccccc5-c5ccccc54)cc3)cc2)P2(=O)Oc3ccccc3-c3ccccc32)cc1.O=C=O.O=C=O,P-N,DOPO-based (additive),https://doi.org/10.1016/j.porgcoat.2023.107897,training_seed,P-N,2,review_manually,NH2/NH,DOPO-based (additive),A,944.8770000000004,O=P1(C(Nc2ccc(Cc3ccc(NC(c4ccccc4)P4(=O)Oc5ccccc5-c5ccccc54)cc3)cc2)c2ccccc2)Oc2ccccc2-c2ccccc21,6.556197261654161,5.929660685994048,0.0,0.0,0.0,True,False,"Existing training molecule; use as design reference, not as a new discovery.",True,True,True,True,training_reference,2,,,,,,,Training reference
LIB_0131,TRAIN_131,ABD,O=P(CCC(P1(C2=C(C3=C(O1)C=CC=C3)C=CC=C2)=O)O)(C4=C5C=CC=C4)OC6=C5C=CC=C6,O=P1(CCC(O)P2(=O)Oc3ccccc3-c3ccccc32)Oc2ccccc2-c2ccccc21,P-P,DOPO-based (reactive),https://doi.org/10.1016/j.polymdegradstab.2019.06.024,training_seed,P-only,2,review_manually,OH,DOPO-based (reactive),A,488.4160000000002,O=P1(CCCP2(=O)Oc3ccccc3-c3ccccc32)Oc2ccccc2-c2ccccc21,12.68345017362248,0.0,0.0,0.0,0.0,True,False,"Existing training molecule; use as design reference, not as a new discovery.",True,True,True,True,training_reference,2,,,,,,,Training reference
LIB_0132,TRAIN_132,DCAD,O=P1(C2=C(C3=C(O1)C=CC=C3)C=CC=C2)C(/C=C/C4=CC=CC=C4)NC(C=C5)=CC=C5NC(P6(C7=C(C8=C(O6)C=CC=C8)C=CC=C7)=O)/C=C/C9=CC=CC=C9,O=P1(C(/C=C/c2ccccc2)Nc2ccc(NC(/C=C/c3ccccc3)P3(=O)Oc4ccccc4-c4ccccc43)cc2)Oc2ccccc2-c2ccccc21,P-N,DOPO-based (reactive),https://doi.org/10.1016/j.polymdegradstab.2019.109063,training_seed,P-N,2,review_manually,NH2/NH;allyl/vinyl,DOPO-based (reactive),A,768.7900000000002,O=P1(C(/C=C/c2ccccc2)Nc2ccc(NC(/C=C/c3ccccc3)P3(=O)Oc4ccccc4-c4ccccc43)cc2)Oc2ccccc2-c2ccccc21,8.057857152148179,3.643907959260656,0.0,0.0,0.0,True,False,"Existing training molecule; use as design reference, not as a new discovery.",True,True,True,True,training_reference,2,,,,,,,Training reference
LIB_0133,TRAIN_133,DQ,O=P(C1=C2C=CC=C1)(OC3=CC4=C(C(C(O)=C(O4)C5=CC=C(O)C(OP6(C7=C(C8=CC=CC=C8O6)C=CC=C7)=O)=C5)=O)C(O)=C3)OC9=C2C=CC=C9,O=c1c(O)c(-c2ccc(O)c(OP3(=O)Oc4ccccc4-c4ccccc43)c2)oc2cc(OP3(=O)Oc4ccccc4-c4ccccc43)cc(O)c12,P-only,DOPO-based (reactive),https://doi.org/10.1016/j.susmat.2025.e01575,training_seed,P-only,2,review_manually,OH,DOPO-based (reactive),A,730.5580000000001,O=c1cc(-c2cccc(OP3(=O)Oc4ccccc4-c4ccccc43)c2)oc2cc(OP3(=O)Oc4ccccc4-c4ccccc43)ccc12,8.479545771862055,0.0,0.0,0.0,0.0,True,False,"Existing training molecule; use as design reference, not as a new discovery.",True,True,True,True,training_reference,2,,,,,,,Training reference
LIB_0134,TRAIN_134,DOPO-THPO,O=P(OCP(COP1(C2=C(C3=C(O1)C=CC=C3)C=CC=C2)=O)(COP4(C5=C(C6=C(O4)C=CC=C6)C=CC=C5)=O)=O)(C7=C8C=CC=C7)OC9=C8C=CC=C9,O=P(COP1(=O)Oc2ccccc2-c2ccccc21)(COP1(=O)Oc2ccccc2-c2ccccc21)COP1(=O)Oc2ccccc2-c2ccccc21,P-P,DOPO-based (additive),https://doi.org/10.1016/j.polymdegradstab.2018.01.024,training_seed,P-only,3,review_manually,none,DOPO-based (additive),A,782.5550000000002,O=P(COP1(=O)Oc2ccccc2-c2ccccc21)(COP1(=O)Oc2ccccc2-c2ccccc21)COP1(=O)Oc2ccccc2-c2ccccc21,15.832241823258428,0.0,0.0,0.0,0.0,True,False,"Existing training molecule; use as design reference, not as a new discovery.",True,True,True,True,training_reference,3,,,,,,,Training reference
LIB_0135,TRAIN_135,TDCA-DOPO-1,O=P1(C2=C(C3=C(O1)C=CC=C3)C=CC=C2)C(OP(C4=CC=CC=C4)C5=CC=CC=C5)C(C=C6)=CC=C6C(P7(C8=C(C9=C(O7)C=CC=C9)C=CC=C8)=O)OP(C%10=CC=CC=C%10)C%11=CC=CC=C%11,O=P1(C(OP(c2ccccc2)c2ccccc2)c2ccc(C(OP(c3ccccc3)c3ccccc3)P3(=O)Oc4ccccc4-c4ccccc43)cc2)Oc2ccccc2-c2ccccc21,P-only,DOPO-based (additive),https://doi.org/10.1007/s00289-023-04997-x,training_seed,P-only,2,review_manually,none,DOPO-based (additive),A,934.8420000000002,O=P1(C(OP(c2ccccc2)c2ccccc2)c2ccc(C(OP(c3ccccc3)c3ccccc3)P3(=O)Oc4ccccc4-c4ccccc43)cc2)Oc2ccccc2-c2ccccc21,13.25314866041534,0.0,0.0,0.0,0.0,True,False,"Existing training molecule; use as design reference, not as a new discovery.",True,True,True,True,training_reference,2,,,,,,,Training reference
LIB_0136,TRAIN_136,TDCA-DOPO-2,O=P1(C2=C(C3=C(O1)C=CC=C3)C=CC=C2)C(OP(C4=CC=CC=C4)(C5=CC=CC=C5)=O)C(C=C6)=CC=C6C(P7(C8=C(C9=C(O7)C=CC=C9)C=CC=C8)=O)OP(C%10=CC=CC=C%10)(C%11=CC=CC=C%11)=O,O=P(OC(c1ccc(C(OP(=O)(c2ccccc2)c2ccccc2)P2(=O)Oc3ccccc3-c3ccccc32)cc1)P1(=O)Oc2ccccc2-c2ccccc21)(c1ccccc1)c1ccccc1,P-only,DOPO-based (additive),https://doi.org/10.1007/s00289-023-04997-x,training_seed,P-only,2,review_manually,none,DOPO-based (additive),A,966.84,O=P(OC(c1ccc(C(OP(=O)(c2ccccc2)c2ccccc2)P2(=O)Oc3ccccc3-c3ccccc32)cc1)P1(=O)Oc2ccccc2-c2ccccc21)(c1ccccc1)c1ccccc1,12.81452980844814,0.0,0.0,0.0,0.0,True,False,"Existing training molecule; use as design reference, not as a new discovery.",True,True,True,True,training_reference,2,,,,,,,Training reference
LIB_0137,TRAIN_137,TDCA-DOPO-3,O=P1(C2=C(C3=C(O1)C=CC=C3)C=CC=C2)C(OP(OC4=CC=CC=C4)(OC5=CC=CC=C5)=O)C(C=C6)=CC=C6C(P7(C8=C(C9=C(O7)C=CC=C9)C=CC=C8)=O)OP(OC%10=CC=CC=C%10)(OC%11=CC=CC=C%11)=O,O=P(Oc1ccccc1)(Oc1ccccc1)OC(c1ccc(C(OP(=O)(Oc2ccccc2)Oc2ccccc2)P2(=O)Oc3ccccc3-c3ccccc32)cc1)P1(=O)Oc2ccccc2-c2ccccc21,P-only,DOPO-based (additive),https://doi.org/10.1007/s00289-023-04997-x,training_seed,P-only,2,review_manually,none,DOPO-based (additive),A,1030.8360000000002,O=P(Oc1ccccc1)(Oc1ccccc1)OC(c1ccc(C(OP(=O)(Oc2ccccc2)Oc2ccccc2)P2(=O)Oc3ccccc3-c3ccccc32)cc1)P1(=O)Oc2ccccc2-c2ccccc21,12.018982650974548,0.0,0.0,0.0,0.0,True,False,"Existing training molecule; use as design reference, not as a new discovery.",True,True,True,True,training_reference,2,,,,,,,Training reference
LIB_0138,TRAIN_138,VDG,COC1=CC(C(P2(C3=C(C4=C(O2)C=CC=C4)C=CC=C3)=O)NC5=NN=C(N5)NC(P6(C7=C(C8=C(O6)C=CC=C8)C=CC=C7)=O)C9=CC=C(O)C(OC)=C9)=CC=C1O,COc1cc(C(Nc2nnc(NC(c3ccc(O)c(OC)c3)P3(=O)Oc4ccccc4-c4ccccc43)[nH]2)P2(=O)Oc3ccccc3-c3ccccc32)ccc1O,P-N,DOPO-based (Co-curing),https://doi.org/10.1016/j.polymer.2021.123460,training_seed,P-N,2,review_manually,NH2/NH;OH,DOPO-based (Co-curing),A,799.7170000000002,O=P1(C(Nc2nnc(NC(c3ccccc3)P3(=O)Oc4ccccc4-c4ccccc43)[nH]2)c2ccccc2)Oc2ccccc2-c2ccccc21,7.746240232482239,8.757472956058203,0.0,0.0,0.0,True,False,"Existing training molecule; use as design reference, not as a new discovery.",True,True,True,True,training_reference,2,,,,,,,Training reference
LIB_0139,NEW_01,APD-2DOPO,O=P(C([H])(P(C1=C2C=CC=C1)(OC3=C2C=CC=C3)=O)NC4=CC=CC(OC5=CC=C(C#N)C(C#N)=C5)=C4)(OC6=C7C=CC=C6)C8=C7C=CC=C8,N#Cc1ccc(Oc2cccc(NC(P3(=O)Oc4ccccc4-c4ccccc43)P3(=O)Oc4ccccc4-c4ccccc43)c2)cc1C#N,,DOPO-based (additive),Designed,designed,P-N,2,bis-DOPO aminomethine / diaryl ether,NH,Additive,B,677.5930000000002,O=P1(C(Nc2cccc(Oc3ccccc3)c2)P2(=O)Oc3ccccc3-c3ccccc32)Oc2ccccc2-c2ccccc21,9.142361269965892,6.201510346181261,0.0,0.0,0.0,False,True,"User-provided APD-2DOPO candidate. Closest training analogue is PBD. Exact synthesis route, stability and EP processing require review.",True,True,True,True,eligible,2,1.0,1.0,0.0,0.0,0.0,0.0,Candidate
LIB_0140,CAND_001,APN-DOPO-monoamide,N#Cc1cc(Oc2cccc(NCP3(=O)Oc4ccccc4-c4ccccc43)c2)ccc1C(N)=O,N#Cc1cc(Oc2cccc(NCP3(=O)Oc4ccccc4-c4ccccc43)c2)ccc1C(N)=O,,DOPO-based (additive),Designed,designed,P-N,1,amide-modified diaryl ether,amide,Additive,B,481.44800000000015,O=P1(CNc2cccc(Oc3ccccc3)c2)Oc2ccccc2-c2ccccc21,6.433508914773764,8.728045396387563,0.0,0.0,0.0,False,True,"Parent=TRAIN_019 (APN-DOPO); One peripheral nitrile was changed to a primary amide. Computational candidate; synthesis route, regioselectivity, stability and EP compatibility require review.",True,True,True,True,eligible,1,1.0,1.0,0.0,0.0,0.0,0.0,Candidate
LIB_0141,CAND_002,CTP-DOPO-mono-glycidyl,O=P1(C(Nc2ccc(O)cc2)c2ccc(OP3(Oc4ccc(C(Nc5ccc(O)cc5)P5(=O)Oc6ccccc6-c6ccccc65)cc4)=NP(Oc4ccc(C(Nc5ccc(O)cc5)P5(=O)Oc6ccccc6-c6ccccc65)cc4)(Oc4ccc(C(Nc5ccc(O)cc5)P5(=O)Oc6ccccc6-c6ccccc65)cc4)=NP(Oc4ccc(C(Nc5ccc(O)cc5)P5(=O)Oc6ccccc6-c6ccccc65)cc4)(Oc4ccc(C(Nc5ccc(OCC6CO6)cc5)P5(=O)Oc6ccccc6-c6ccccc65)cc4)=N3)cc2)Oc2ccccc2-c2ccccc21,O=P1(C(Nc2ccc(O)cc2)c2ccc(OP3(Oc4ccc(C(Nc5ccc(O)cc5)P5(=O)Oc6ccccc6-c6ccccc65)cc4)=NP(Oc4ccc(C(Nc5ccc(O)cc5)P5(=O)Oc6ccccc6-c6ccccc65)cc4)(Oc4ccc(C(Nc5ccc(O)cc5)P5(=O)Oc6ccccc6-c6ccccc65)cc4)=NP(Oc4ccc(C(Nc5ccc(O)cc5)P5(=O)Oc6ccccc6-c6ccccc65)cc4)(Oc4ccc(C(Nc5ccc(OCC6CO6)cc5)P5(=O)Oc6ccccc6-c6ccccc65)cc4)=N3)cc2)Oc2ccccc2-c2ccccc21,,DOPO-based (Co-curing),Designed,designed,P-N,6,phosphazene-rich aromatic network,epoxy;OH,Co-curing,C,2761.4309999999923,O=P1(C(Nc2ccccc2)c2ccc(OP3(Oc4ccc(C(Nc5ccccc5)P5(=O)Oc6ccccc6-c6ccccc65)cc4)=NP(Oc4ccc(C(Nc5ccccc5)P5(=O)Oc6ccccc6-c6ccccc65)cc4)(Oc4ccc(C(Nc5ccccc5)P5(=O)Oc6ccccc6-c6ccccc65)cc4)=NP(Oc4ccc(C(Nc5ccccc5)P5(=O)Oc6ccccc6-c6ccccc65)cc4)(Oc4ccc(C(Nc5ccc(OCC6CO6)cc5)P5(=O)Oc6ccccc6-c6ccccc65)cc4)=N3)cc2)Oc2ccccc2-c2ccccc21,10.094983361887397,4.565133077741228,0.0,0.0,0.0,False,False,"Parent=TRAIN_041 (CTP-DOPO); One phenolic OH was changed to a glycidyl ether. This is a high-molecular-weight exploratory candidate. Computational candidate; synthesis route, regioselectivity, stability and EP compatibility require review.",True,True,True,False,synthesis_level_C_or_missing,6,1.0,1.0,0.0,0.0,0.0,2.0,Candidate
LIB_0142,CAND_003,PBD-monoamide,N#Cc1ccc(Oc2cccc(NC(c3ccc(C(Nc4cccc(Oc5ccc(C(N)=O)c(C#N)c5)c4)P4(=O)Oc5ccccc5-c5ccccc54)cc3)P3(=O)Oc4ccccc4-c4ccccc43)c2)cc1C#N,N#Cc1ccc(Oc2cccc(NC(c3ccc(C(Nc4cccc(Oc5ccc(C(N)=O)c(C#N)c5)c4)P4(=O)Oc5ccccc5-c5ccccc54)cc3)P3(=O)Oc4ccccc4-c4ccccc43)c2)cc1C#N,,DOPO-based (additive),Designed,designed,P-N,2,bis-DOPO diaryl ether,amide,Additive,B,1018.9630000000002,O=P1(C(Nc2cccc(Oc3ccccc3)c2)c2ccc(C(Nc3cccc(Oc4ccccc4)c3)P3(=O)Oc4ccccc4-c4ccccc43)cc2)Oc2ccccc2-c2ccccc21,6.079514172742287,8.247797025014647,0.0,0.0,0.0,False,True,"Parent=TRAIN_020 (PBD); One peripheral nitrile was changed to a primary amide. Computational candidate; synthesis route, regioselectivity, stability and EP compatibility require review.",True,True,True,True,eligible,2,1.0,1.0,0.0,0.0,0.0,0.0,Candidate
LIB_0143,CAND_004,TDCA-DOPO-2-amino,Nc1ccc2c(c1)-c1ccccc1P(=O)(C(OP(=O)(c1ccccc1)c1ccccc1)c1ccc(C(OP(=O)(c3ccccc3)c3ccccc3)P3(=O)Oc4ccccc4-c4ccccc43)cc1)O2,Nc1ccc2c(c1)-c1ccccc1P(=O)(C(OP(=O)(c1ccccc1)c1ccccc1)c1ccc(C(OP(=O)(c3ccccc3)c3ccccc3)P3(=O)Oc4ccccc4-c4ccccc43)cc1)O2,,DOPO-based (Co-curing),Designed,designed,P-N,2,aryl-phosphinate,NH2,Co-curing,B,981.8550000000002,O=P(OC(c1ccc(C(OP(=O)(c2ccccc2)c2ccccc2)P2(=O)Oc3ccccc3-c3ccccc32)cc1)P1(=O)Oc2ccccc2-c2ccccc21)(c1ccccc1)c1ccccc1,12.618563840893001,1.4265853919366909,0.0,0.0,0.0,False,True,"Parent=TRAIN_136 (TDCA-DOPO-2); One peripheral aryl-NH2 group was introduced. Computational candidate; synthesis route, regioselectivity, stability and EP compatibility require review.",True,True,True,True,eligible,2,1.0,1.0,0.0,0.0,0.0,2.0,Candidate
LIB_0144,CAND_005,DOPO-HPM-hydroxy,O=C1CC(P2(=O)Oc3ccccc3-c3ccccc32)C(=O)N1c1ccc(OCC(O)Cn2c(=O)n(CC3CO3)c(=O)n(CC3CO3)c2=O)c(O)c1,O=C1CC(P2(=O)Oc3ccccc3-c3ccccc32)C(=O)N1c1ccc(OCC(O)Cn2c(=O)n(CC3CO3)c(=O)n(CC3CO3)c2=O)c(O)c1,,DOPO-based (Co-curing),Designed,designed,P-N,1,maleimide/xanthine-like linker,OH;epoxy,Co-curing,B,718.6120000000002,O=C1CC(P2(=O)Oc3ccccc3-c3ccccc32)C(=O)N1c1ccc(OCCCn2c(=O)n(CC3CO3)c(=O)n(CC3CO3)c2=O)cc1,4.310253655658407,7.796696965817435,0.0,0.0,0.0,False,True,"Parent=TRAIN_007 (DOPO-HPM); One peripheral phenolic OH was introduced while retaining epoxides. Computational candidate; synthesis route, regioselectivity, stability and EP compatibility require review.",True,True,True,True,eligible,1,1.0,1.0,0.0,0.0,0.0,2.0,Candidate
LIB_0145,CAND_006,DOPT-hydroxymethyl,O=P1(NS(=O)(=O)c2ccc(CO)cc2)Oc2ccccc2-c2ccccc21,O=P1(NS(=O)(=O)c2ccc(CO)cc2)Oc2ccccc2-c2ccccc21,,DOPO-based (additive),Designed,designed,P-N-S,1,p-sulfonamide phenyl,CH2OH,Additive,B,401.3800000000001,O=P1(NS(=O)(=O)c2ccccc2)Oc2ccccc2-c2ccccc21,7.716876775125814,3.489710498779211,7.989187303801881,0.0,0.0,False,True,"Parent=TRAIN_090 (DOPT); The para methyl group was changed to hydroxymethyl. Computational candidate; synthesis route, regioselectivity, stability and EP compatibility require review.",True,True,True,True,eligible,1,1.0,1.0,1.0,0.0,0.0,0.0,Candidate
LIB_0146,CAND_007,DIB-hydroxy,O=P1(C(Nc2ccc(NC(c3c[nH]cn3)P3(=O)Oc4ccc(O)cc4-c4ccccc43)cc2)c2c[nH]cn2)Oc2ccccc2-c2ccccc21,O=P1(C(Nc2ccc(NC(c3c[nH]cn3)P3(=O)Oc4ccc(O)cc4-c4ccccc43)cc2)c2c[nH]cn2)Oc2ccccc2-c2ccccc21,,DOPO-based (Co-curing),Designed,designed,P-N,2,bis-DOPO imidazole,OH;NH,Co-curing,B,712.6430000000001,O=P1(C(Nc2ccc(NC(c3c[nH]cn3)P3(=O)Oc4ccccc4-c4ccccc43)cc2)c2c[nH]cn2)Oc2ccccc2-c2ccccc21,8.692711497902875,11.793001544953082,0.0,0.0,0.0,False,True,"Parent=TRAIN_057 (DIB); One peripheral phenolic OH was introduced. Computational candidate; synthesis route, regioselectivity, stability and EP compatibility require review.",True,True,True,True,eligible,2,1.0,1.0,0.0,0.0,0.0,2.0,Candidate
LIB_0147,CAND_008,DTB-glycidyl,CCC(O)Cn1c(=O)n(CC(O)COB(O)OC)c(=O)n(CC(O)CP2(=O)Oc3ccc(OCC4CO4)cc3-c3ccccc32)c1=O,CCC(O)Cn1c(=O)n(CC(O)COB(O)OC)c(=O)n(CC(O)CP2(=O)Oc3ccc(OCC4CO4)cc3-c3ccccc32)c1=O,,DOPO-based (Co-curing),Designed,designed,P-N-B,1,boronate/xanthine-like linker,epoxy;OH,Co-curing,B,677.4090000000002,O=c1[nH]c(=O)n(CCCP2(=O)Oc3ccc(OCC4CO4)cc3-c3ccccc32)c(=O)[nH]1,4.572422273692849,6.20319482026368,0.0,1.596081540103541,0.0,False,True,"Parent=TRAIN_018 (DTB); One peripheral glycidyl ether was introduced. Computational candidate; synthesis route, regioselectivity, stability and EP compatibility require review.",True,True,True,True,eligible,1,1.0,1.0,0.0,1.0,0.0,2.0,Candidate
LIB_0148,CAND_009,DSD-mono-glycidyl,O=P1(C(Nc2ccc(S(=O)(=O)c3ccc(NC(c4ccccc4OCC4CO4)P4(=O)Oc5ccccc5-c5ccccc54)cc3)cc2)c2ccccc2O)Oc2ccccc2-c2ccccc21,O=P1(C(Nc2ccc(S(=O)(=O)c3ccc(NC(c4ccccc4OCC4CO4)P4(=O)Oc5ccccc5-c5ccccc54)cc3)cc2)c2ccccc2O)Oc2ccccc2-c2ccccc21,,DOPO-based (Co-curing),Designed,designed,P-N-S,2,diaryl sulfone,epoxy;OH;NH,Co-curing,B,944.9390000000002,O=P1(C(Nc2ccc(S(=O)(=O)c3ccc(NC(c4ccccc4OCC4CO4)P4(=O)Oc5ccccc5-c5ccccc54)cc3)cc2)c2ccccc2)Oc2ccccc2-c2ccccc21,6.5557670918440225,2.964635812470434,3.3935523880377456,0.0,0.0,False,True,"Parent=TRAIN_077 (DSD); One phenolic OH was changed to a glycidyl ether. Computational candidate; synthesis route, regioselectivity, stability and EP compatibility require review.",True,True,True,True,eligible,2,1.0,1.0,1.0,0.0,0.0,2.0,Candidate
LIB_0149,CAND_010,DOPO-PPO-mono-glycidyl,O=P(Oc1ccc(C(O)P2(=O)Oc3ccccc3-c3ccccc32)cc1)(Oc1ccc(C(OCC2CO2)P2(=O)Oc3ccccc3-c3ccccc32)cc1)c1ccccc1,O=P(Oc1ccc(C(O)P2(=O)Oc3ccccc3-c3ccccc32)cc1)(Oc1ccc(C(OCC2CO2)P2(=O)Oc3ccccc3-c3ccccc32)cc1)c1ccccc1,,DOPO-based (Co-curing),Designed,designed,P-only,2,phosphate-linked bis-DOPO,epoxy;OH,Co-curing,B,854.7250000000003,O=P1(Cc2ccc(OP(=O)(Oc3ccc(C(OCC4CO4)P4(=O)Oc5ccccc5-c5ccccc54)cc3)c3ccccc3)cc2)Oc2ccccc2-c2ccccc21,10.871566878235685,0.0,0.0,0.0,0.0,False,True,"Parent=TRAIN_080 (DOPO-PPO); One carbon-bound OH was changed to a glycidyl ether. Computational candidate; synthesis route, regioselectivity, stability and EP compatibility require review.",True,True,True,True,eligible,2,1.0,0.0,0.0,0.0,0.0,2.0,Candidate
LIB_0150,CAND_011,PAD-benzoxazole-analogue,O=P(Oc1ccc(C(Nc2nc3ccccc3o2)P2(=O)Oc3ccccc3-c3ccccc32)cc1)(Oc1ccc(C(Nc2nc3ccccc3s2)P2(=O)Oc3ccccc3-c3ccccc32)cc1)c1ccccc1,O=P(Oc1ccc(C(Nc2nc3ccccc3o2)P2(=O)Oc3ccccc3-c3ccccc32)cc1)(Oc1ccc(C(Nc2nc3ccccc3s2)P2(=O)Oc3ccccc3-c3ccccc32)cc1)c1ccccc1,,DOPO-based (Co-curing),Designed,designed,P-N-S,2,benzoxazole analogue,NH,Co-curing,B,1046.9750000000001,O=P(Oc1ccc(C(Nc2nc3ccccc3o2)P2(=O)Oc3ccccc3-c3ccccc32)cc1)(Oc1ccc(C(Nc2nc3ccccc3s2)P2(=O)Oc3ccccc3-c3ccccc32)cc1)c1ccccc1,8.8752835550037,5.351417178060602,3.0628238496621214,0.0,0.0,False,True,"Parent=TRAIN_055 (PAD); One benzothiazole sulfur was replaced by oxygen. Computational candidate; synthesis route, regioselectivity, stability and EP compatibility require review.",True,True,True,True,eligible,2,1.0,1.0,1.0,0.0,0.0,2.0,Candidate
LIB_0151,CAND_012,DOPO-PEPA-amino,Nc1ccc2c(c1)-c1ccccc1P(=O)(OCC13COP(=O)(OC1)OC3)O2,Nc1ccc2c(c1)-c1ccccc1P(=O)(OCC13COP(=O)(OC1)OC3)O2,,DOPO-based (Co-curing),Designed,designed,P-N,1,cage phosphate,NH2,Co-curing,B,409.27100000000024,O=P12OCC(COP3(=O)Oc4ccccc4-c4ccccc43)(CO1)CO2,15.136181161137722,3.4224267050438444,0.0,0.0,0.0,False,True,"Parent=TRAIN_075 (DOPO-PEPA); One peripheral aryl-NH2 group was introduced. Computational candidate; synthesis route, regioselectivity, stability and EP compatibility require review.",True,True,True,True,eligible,1,1.0,1.0,0.0,0.0,0.0,2.0,Candidate
LIB_0152,CAND_013,TDCA-DOPO-3-boronic-acid,O=P(Oc1ccccc1)(Oc1ccccc1)OC(c1ccc(C(OP(=O)(Oc2ccccc2)Oc2ccccc2)P2(=O)Oc3ccc(B(O)O)cc3-c3ccccc32)cc1)P1(=O)Oc2ccccc2-c2ccccc21,O=P(Oc1ccccc1)(Oc1ccccc1)OC(c1ccc(C(OP(=O)(Oc2ccccc2)Oc2ccccc2)P2(=O)Oc3ccc(B(O)O)cc3-c3ccccc32)cc1)P1(=O)Oc2ccccc2-c2ccccc21,,DOPO-based (additive),Designed,designed,P-B,2,aryl-phosphinate,B(OH)2,Additive,B,1074.6540000000005,O=P(Oc1ccccc1)(Oc1ccccc1)OC(c1ccc(C(OP(=O)(Oc2ccccc2)Oc2ccccc2)P2(=O)Oc3ccccc3-c3ccccc32)cc1)P1(=O)Oc2ccccc2-c2ccccc21,11.528920005880957,0.0,0.0,1.0060912628622791,0.0,False,True,"Parent=TRAIN_137 (TDCA-DOPO-3); One peripheral aryl-boronic-acid group was introduced. Computational candidate; synthesis route, regioselectivity, stability and EP compatibility require review.",True,True,True,True,eligible,2,1.0,0.0,0.0,1.0,0.0,0.0,Candidate
LIB_0153,CAND_014,Ti-POSS-bisDOPO-methoxy,C[O][Ti]12[O][Si@@]3(CC(C)C)O[Si@@]4(CC(C)C)O[Si@@](CC(C)C)(O3)O[Si@]3(CC(C)C)O[Si@@](CC(C)C)([O]1)O[Si@](CCCN(CP1(=O)Oc5ccccc5-c5ccccc51)CP1(=O)Oc5ccccc5-c5ccccc51)(O4)O[Si@](CC(C)C)([O]2)O3,CO[Ti]12O[Si@@]3(CC(C)C)O[Si@@]4(CC(C)C)O[Si@@](CC(C)C)(O3)O[Si@]3(CC(C)C)O[Si@@](CC(C)C)(O1)O[Si@](CCCN(CP1(=O)Oc5ccccc5-c5ccccc51)CP1(=O)Oc5ccccc5-c5ccccc51)(O4)O[Si@](CC(C)C)(O2)O3,,DOPO-based (additive),Designed,designed,P-N-Si,2,Ti-POSS,none,Additive,B,1324.6649999999997,O=P1(CN(CCC[Si]23O[SiH]4O[SiH]5O[SiH]6O[SiH](O[Ti](O[SiH](O5)O4)O[SiH](O6)O2)O3)CP2(=O)Oc3ccccc3-c3ccccc32)Oc2ccccc2-c2ccccc21,4.67650311588213,1.057399417966052,0.0,0.0,14.841639206893818,False,True,"Parent=TRAIN_112 (Ti-POSS-bisDOPO); The Ti-bound isopropoxy ligand was changed to methoxy. Computational candidate; synthesis route, regioselectivity, stability and EP compatibility require review.",True,True,True,True,eligible,2,1.0,1.0,0.0,0.0,1.0,0.0,Candidate
LIB_0154,CAND_015,DGEBDB-demethylated,COc1cc(C(c2ccc(OCC3CO3)c(O)c2)P2(=O)Oc3ccccc3-c3ccccc32)ccc1OCC1CO1,COc1cc(C(c2ccc(OCC3CO3)c(O)c2)P2(=O)Oc3ccccc3-c3ccccc32)ccc1OCC1CO1,,DOPO-based (reactive),Designed,designed,P-only,1,bisphenol epoxy,OH;epoxy,Reactive,B,572.5500000000001,O=P1(C(c2ccc(OCC3CO3)cc2)c2ccc(OCC3CO3)cc2)Oc2ccccc2-c2ccccc21,5.4098332023404065,0.0,0.0,0.0,0.0,False,True,"Parent=TRAIN_004 (DGEBDB); One aryl methoxy group was demethylated to phenolic OH. Computational candidate; synthesis route, regioselectivity, stability and EP compatibility require review.",True,True,True,True,eligible,1,1.0,0.0,0.0,0.0,0.0,1.0,Candidate
LIB_0155,CAND_016,D-AZ-oxazole-analogue,O=P1(Nc2ncco2)Oc2ccccc2-c2ccccc21,O=P1(Nc2ncco2)Oc2ccccc2-c2ccccc21,,DOPO-based (additive),Designed,designed,P-N,1,oxazole,none,Additive,B,298.238,O=P1(Nc2ncco2)Oc2ccccc2-c2ccccc21,10.385665139921807,9.393169213849342,0.0,0.0,0.0,False,True,"Parent=TRAIN_042 (D-AZ); The thiazole sulfur was replaced by oxygen. Computational candidate; synthesis route, regioselectivity, stability and EP compatibility require review.",True,True,True,True,eligible,1,1.0,1.0,0.0,0.0,0.0,0.0,Candidate
LIB_0156,CAND_017,BDO-mono-furan-analogue,O=P1(CC(Nc2n[nH]c(NC(c3cccs3)P3(=O)Oc4ccccc4-c4ccccc43)n2)c2ccco2)Oc2ccccc2-c2ccccc21,O=P1(CC(Nc2n[nH]c(NC(c3cccs3)P3(=O)Oc4ccccc4-c4ccccc43)n2)c2ccco2)Oc2ccccc2-c2ccccc21,,DOPO-based (Co-curing),Designed,designed,P-N-S,2,triazine/furan analogue,NH,Co-curing,B,717.6840000000003,O=P1(CC(Nc2n[nH]c(NC(c3cccs3)P3(=O)Oc4ccccc4-c4ccccc43)n2)c2ccco2)Oc2ccccc2-c2ccccc21,8.631654042726321,9.75847308843446,4.468122460581535,0.0,0.0,False,True,"Parent=TRAIN_122 (BDO); One thiophene sulfur was replaced by oxygen. Computational candidate; synthesis route, regioselectivity, stability and EP compatibility require review.",True,True,True,True,eligible,2,1.0,1.0,1.0,0.0,0.0,2.0,Candidate
LIB_0157,CAND_018,TDA-trimethoxy-silane,CO[Si](CCCNCC(O)Cn1c(=O)n(CC(O)CNCCC[Si](OC)(OC)OC)c(=O)n(CC(O)CP2(=O)Oc3ccccc3-c3ccccc32)c1=O)(OC)OC,CO[Si](CCCNCC(O)Cn1c(=O)n(CC(O)CNCCC[Si](OC)(OC)OC)c(=O)n(CC(O)CP2(=O)Oc3ccccc3-c3ccccc32)c1=O)(OC)OC,,DOPO-based (reactive),Designed,designed,P-N-Si,1,trialkoxysilane/xanthine-like linker,OH;NH,Reactive,B,872.0270000000003,O=c1[nH]c(=O)n(CCCP2(=O)Oc3ccccc3-c3ccccc32)c(=O)[nH]1,3.5519542399489916,8.031288022045187,0.0,0.0,6.441543667799275,False,True,"Parent=TRAIN_010 (TDA); All detected Si-OEt groups were changed to Si-OMe. Computational candidate; synthesis route, regioselectivity, stability and EP compatibility require review.",True,True,True,True,eligible,1,1.0,1.0,0.0,0.0,1.0,1.0,Candidate
LIB_0158,CAND_019,TetraDSi-mono-glycidyl,CC(C)(c1ccc(O)c(CCCP2(=O)Oc3ccccc3-c3ccccc32)c1)c1ccc(O[Si](Oc2ccc(C(C)(C)c3ccc(O)c(CCCP4(=O)Oc5ccccc5-c5ccccc54)c3)cc2CCCP2(=O)Oc3ccccc3-c3ccccc32)(Oc2ccc(C(C)(C)c3ccc(O)c(CCCP4(=O)Oc5ccccc5-c5ccccc54)c3)cc2CCCP2(=O)Oc3ccccc3-c3ccccc32)Oc2ccc(C(C)(C)c3ccc(OCC4CO4)c(CCCP4(=O)Oc5ccccc5-c5ccccc54)c3)cc2CCCP2(=O)Oc3ccccc3-c3ccccc32)c(CCCP2(=O)Oc3ccccc3-c3ccccc32)c1,CC(C)(c1ccc(O)c(CCCP2(=O)Oc3ccccc3-c3ccccc32)c1)c1ccc(O[Si](Oc2ccc(C(C)(C)c3ccc(O)c(CCCP4(=O)Oc5ccccc5-c5ccccc54)c3)cc2CCCP2(=O)Oc3ccccc3-c3ccccc32)(Oc2ccc(C(C)(C)c3ccc(O)c(CCCP4(=O)Oc5ccccc5-c5ccccc54)c3)cc2CCCP2(=O)Oc3ccccc3-c3ccccc32)Oc2ccc(C(C)(C)c3ccc(OCC4CO4)c(CCCP4(=O)Oc5ccccc5-c5ccccc54)c3)cc2CCCP2(=O)Oc3ccccc3-c3ccccc32)c(CCCP2(=O)Oc3ccccc3-c3ccccc32)c1,,DOPO-based (Co-curing),Designed,designed,P-Si,8,tetrafunctional silicate,epoxy;OH,Co-curing,C,3043.209999999991,O=P1(CCCc2cccc(Cc3ccc(O[Si](Oc4ccc(Cc5cccc(CCCP6(=O)Oc7ccccc7-c7ccccc76)c5)cc4CCCP4(=O)Oc5ccccc5-c5ccccc54)(Oc4ccc(Cc5cccc(CCCP6(=O)Oc7ccccc7-c7ccccc76)c5)cc4CCCP4(=O)Oc5ccccc5-c5ccccc54)Oc4ccc(Cc5ccc(OCC6CO6)c(CCCP6(=O)Oc7ccccc7-c7ccccc76)c5)cc4CCCP4(=O)Oc5ccccc5-c5ccccc54)c(CCCP4(=O)Oc5ccccc5-c5ccccc54)c3)c2)Oc2ccccc2-c2ccccc21,8.142454842091105,0.0,0.0,0.0,0.9229070619510347,False,False,"Parent=TRAIN_103 (TetraDSi); One phenolic OH was changed to a glycidyl ether. This is a high-molecular-weight exploratory candidate. Computational candidate; synthesis route, regioselectivity, stability and EP compatibility require review.",True,True,True,False,synthesis_level_C_or_missing,8,1.0,0.0,0.0,0.0,1.0,2.0,Candidate
LIB_0159,CAND_020,BDHDP-ethylene-glycol-boronate,O=P1(CN(CCO)CCOB(OCCN(CCOB2OCCO2)CP2(=O)Oc3ccccc3-c3ccccc32)OCCN(CCOB(OCCN(CCOB(O)O)CP2(=O)Oc3ccccc3-c3ccccc32)OCCN(CCOB(O)O)CP2(=O)Oc3ccccc3-c3ccccc32)CP2(=O)Oc3ccccc3-c3ccccc32)Oc2ccccc2-c2ccccc21,O=P1(CN(CCO)CCOB(OCCN(CCOB2OCCO2)CP2(=O)Oc3ccccc3-c3ccccc32)OCCN(CCOB(OCCN(CCOB(O)O)CP2(=O)Oc3ccccc3-c3ccccc32)OCCN(CCOB(O)O)CP2(=O)Oc3ccccc3-c3ccccc32)CP2(=O)Oc3ccccc3-c3ccccc32)Oc2ccccc2-c2ccccc21,,DOPO-based (additive),Designed,designed,P-N-B,5,boronate dendritic linker,cyclic boronate;OH,Additive,B,1839.6879999999999,O=P1(CNCCOB(OCCNCP2(=O)Oc3ccccc3-c3ccccc32)OCCN(CCOB(OCCNCP2(=O)Oc3ccccc3-c3ccccc32)OCCN(CCOB2OCCO2)CP2(=O)Oc3ccccc3-c3ccccc32)CP2(=O)Oc3ccccc3-c3ccccc32)Oc2ccccc2-c2ccccc21,8.418275272763642,3.8068955170659375,0.0,2.9385417527319846,0.0,False,True,"Parent=TRAIN_107 (BDHDP); One B(OH)2 group was converted to an ethylene-glycol boronate. Computational candidate; synthesis route, regioselectivity, stability and EP compatibility require review.",True,True,True,True,eligible,5,1.0,1.0,0.0,1.0,0.0,0.0,Candidate
LIB_0160,CAND_R2_001,APN-DOPO-amino,N#Cc1cc(Oc2cccc(NCP3(=O)Oc4ccccc4-c4ccccc43)c2)cc(N)c1C#N,N#Cc1cc(Oc2cccc(NCP3(=O)Oc4ccccc4-c4ccccc43)c2)cc(N)c1C#N,,DOPO-based (Co-curing),Designed,designed,P-N,1,aryl-amino,NH2,Co-curing,B,478.44800000000015,O=P1(CNc2cccc(Oc3ccccc3)c2)Oc2ccccc2-c2ccccc21,6.4738487777146085,11.710363508678055,0.0,0.0,0.0,False,True,"Parent=TRAIN_019 (APN-DOPO); Change=Added amino at aromatic atom 3.; Attachment=peripheral_aromatic; One-factor computational analogue. Parent_Tanimoto_r3=0.705; Max_Train_Tanimoto_r3=0.705; Risk=none. Synthesis route, regioselectivity, stability, equivalent balance and EP compatibility require manual review.",True,True,True,True,eligible,1,1.0,1.0,0.0,0.0,0.0,2.0,Candidate
LIB_0161,CAND_R2_002,APN-DOPO-hydroxy,N#Cc1cc(Oc2cccc(NCP3(=O)Oc4ccccc4-c4ccccc43)c2)cc(O)c1C#N,N#Cc1cc(Oc2cccc(NCP3(=O)Oc4ccccc4-c4ccccc43)c2)cc(O)c1C#N,,DOPO-based (additive),Designed,designed,P-N,1,aryl-hydroxy,OH,Additive,B,479.43200000000013,O=P1(CNc2cccc(Oc3ccccc3)c2)Oc2ccccc2-c2ccccc21,6.460561664636485,8.764746616829914,0.0,0.0,0.0,False,True,"Parent=TRAIN_019 (APN-DOPO); Change=Added hydroxy at aromatic atom 3.; Attachment=peripheral_aromatic; One-factor computational analogue. Parent_Tanimoto_r3=0.705; Max_Train_Tanimoto_r3=0.705; Risk=none. Synthesis route, regioselectivity, stability, equivalent balance and EP compatibility require manual review.",True,True,True,True,eligible,1,1.0,1.0,0.0,0.0,0.0,0.0,Candidate
LIB_0162,CAND_R2_003,APN-DOPO-hydroxymethyl,N#Cc1cc(Oc2cccc(NCP3(=O)Oc4ccccc4-c4ccccc43)c2)cc(CO)c1C#N,N#Cc1cc(Oc2cccc(NCP3(=O)Oc4ccccc4-c4ccccc43)c2)cc(CO)c1C#N,,DOPO-based (additive),Designed,designed,P-N,1,aryl-hydroxymethyl,CH2OH,Additive,B,493.4590000000002,O=P1(CNc2cccc(Oc3ccccc3)c2)Oc2ccccc2-c2ccccc21,6.276914596754744,8.515601093505234,0.0,0.0,0.0,False,True,"Parent=TRAIN_019 (APN-DOPO); Change=Added hydroxymethyl at aromatic atom 3.; Attachment=peripheral_aromatic; One-factor computational analogue. Parent_Tanimoto_r3=0.698; Max_Train_Tanimoto_r3=0.698; Risk=candidate may be outside strict in-domain threshold. Synthesis route, regioselectivity, stability, equivalent balance and EP compatibility require manual review.",True,True,True,True,eligible,1,1.0,1.0,0.0,0.0,0.0,0.0,Candidate
LIB_0163,CAND_R2_004,APN-DOPO-carboxamide,N#Cc1cc(Oc2cccc(NCP3(=O)Oc4ccccc4-c4ccccc43)c2)cc(C(N)=O)c1C#N,N#Cc1cc(Oc2cccc(NCP3(=O)Oc4ccccc4-c4ccccc43)c2)cc(C(N)=O)c1C#N,,DOPO-based (additive),Designed,designed,P-N,1,aryl-carboxamide,amide,Additive,B,506.4580000000002,O=P1(CNc2cccc(Oc3ccccc3)c2)Oc2ccccc2-c2ccccc21,6.115808221017338,11.06271398615482,0.0,0.0,0.0,False,True,"Parent=TRAIN_019 (APN-DOPO); Change=Added carboxamide at aromatic atom 3.; Attachment=peripheral_aromatic; One-factor computational analogue. Parent_Tanimoto_r3=0.677; Max_Train_Tanimoto_r3=0.677; Risk=candidate may be outside strict in-domain threshold. Synthesis route, regioselectivity, stability, equivalent balance and EP compatibility require manual review.",True,True,True,True,eligible,1,1.0,1.0,0.0,0.0,0.0,0.0,Candidate
LIB_0164,CAND_R2_005,APN-DOPO-boronic-acid,N#Cc1cc(Oc2cccc(NCP3(=O)Oc4ccccc4-c4ccccc43)c2)cc(B(O)O)c1C#N,N#Cc1cc(Oc2cccc(NCP3(=O)Oc4ccccc4-c4ccccc43)c2)cc(B(O)O)c1C#N,,DOPO-based (additive),Designed,designed,P-N-B,1,aryl-boronic-acid,B(OH)2,Additive,B,507.25100000000015,O=P1(CNc2cccc(Oc3ccccc3)c2)Oc2ccccc2-c2ccccc21,6.106247203061205,8.2840644966693,0.0,2.1314891444275115,0.0,False,True,"Parent=TRAIN_019 (APN-DOPO); Change=Added boronic_acid at aromatic atom 3.; Attachment=peripheral_aromatic; One-factor computational analogue. Parent_Tanimoto_r3=0.684; Max_Train_Tanimoto_r3=0.684; Risk=candidate may be outside strict in-domain threshold. Synthesis route, regioselectivity, stability, equivalent balance and EP compatibility require manual review.",True,True,True,True,eligible,1,1.0,1.0,0.0,1.0,0.0,0.0,Candidate
LIB_0165,CAND_R2_006,APN-DOPO-pinacol-boronate,CC1(C)OB(c2cc(Oc3cccc(NCP4(=O)Oc5ccccc5-c5ccccc54)c3)cc(C#N)c2C#N)OC1(C)C,CC1(C)OB(c2cc(Oc3cccc(NCP4(=O)Oc5ccccc5-c5ccccc54)c3)cc(C#N)c2C#N)OC1(C)C,,DOPO-based (additive),Designed,designed,P-N-B,1,aryl-pinacol-boronate,pinacol boronate,Additive,B,589.3970000000002,O=P1(CNc2cccc(Oc3cccc(B4OCCO4)c3)c2)Oc2ccccc2-c2ccccc21,5.255201502552608,7.129489970257737,0.0,1.8344172094530506,0.0,False,True,"Parent=TRAIN_019 (APN-DOPO); Change=Added pinacol_boronate at aromatic atom 3.; Attachment=peripheral_aromatic; One-factor computational analogue. Parent_Tanimoto_r3=0.632; Max_Train_Tanimoto_r3=0.632; Risk=large structural change from parent; candidate may be outside strict in-domain threshold. Synthesis route, regioselectivity, stability, equivalent balance and EP compatibility require manual review.",True,True,True,True,eligible,1,1.0,1.0,0.0,1.0,0.0,0.0,Candidate
LIB_0166,CAND_R2_007,APN-DOPO-trimethoxysilyl,CO[Si](OC)(OC)c1cc(Oc2cccc(NCP3(=O)Oc4ccccc4-c4ccccc43)c2)cc(C#N)c1C#N,CO[Si](OC)(OC)c1cc(Oc2cccc(NCP3(=O)Oc4ccccc4-c4ccccc43)c2)cc(C#N)c1C#N,,DOPO-based (additive+ Secondary Crosslinking),Designed,designed,P-N-Si,1,aryl-trimethoxysilyl,Si(OCH3)3,Additive + Secondary Crosslinking,B,583.613,O=P1(CNc2cccc(Oc3ccccc3)c2)Oc2ccccc2-c2ccccc21,5.307284107790608,7.200148043309522,0.0,0.0,4.8124356379998385,False,True,"Parent=TRAIN_019 (APN-DOPO); Change=Added trimethoxysilyl at aromatic atom 3.; Attachment=peripheral_aromatic; One-factor computational analogue. Parent_Tanimoto_r3=0.663; Max_Train_Tanimoto_r3=0.663; Risk=candidate may be outside strict in-domain threshold. Synthesis route, regioselectivity, stability, equivalent balance and EP compatibility require manual review.",True,True,True,True,eligible,1,1.0,1.0,0.0,0.0,1.0,3.0,Candidate
LIB_0167,CAND_R2_008,APN-DOPO-triethoxysilyl,CCO[Si](OCC)(OCC)c1cc(Oc2cccc(NCP3(=O)Oc4ccccc4-c4ccccc43)c2)cc(C#N)c1C#N,CCO[Si](OCC)(OCC)c1cc(Oc2cccc(NCP3(=O)Oc4ccccc4-c4ccccc43)c2)cc(C#N)c1C#N,,DOPO-based (additive+ Secondary Crosslinking),Designed,designed,P-N-Si,1,aryl-triethoxysilyl,Si(OC2H5)3,Additive + Secondary Crosslinking,B,625.694,O=P1(CNc2cccc(Oc3ccccc3)c2)Oc2ccccc2-c2ccccc21,4.950343138978479,6.715902661684466,0.0,0.0,4.4887756635032465,False,True,"Parent=TRAIN_019 (APN-DOPO); Change=Added triethoxysilyl at aromatic atom 3.; Attachment=peripheral_aromatic; One-factor computational analogue. Parent_Tanimoto_r3=0.644; Max_Train_Tanimoto_r3=0.644; Risk=large structural change from parent; candidate may be outside strict in-domain threshold. Synthesis route, regioselectivity, stability, equivalent balance and EP compatibility require manual review.",True,True,True,True,eligible,1,1.0,1.0,0.0,0.0,1.0,3.0,Candidate
LIB_0168,CAND_R2_009,APN-DOPO-disiloxane,C[Si](C)(C)O[Si](C)(C)c1cc(Oc2cccc(NCP3(=O)Oc4ccccc4-c4ccccc43)c2)cc(C#N)c1C#N,C[Si](C)(C)O[Si](C)(C)c1cc(Oc2cccc(NCP3(=O)Oc4ccccc4-c4ccccc43)c2)cc(C#N)c1C#N,,DOPO-based (additive),Designed,designed,P-N-Si,1,short-disiloxane,none,Additive,B,609.771,O=P1(CNc2cccc(Oc3ccccc3)c2)Oc2ccccc2-c2ccccc21,5.079611854286282,6.891275577224894,0.0,0.0,9.211982859138923,False,True,"Parent=TRAIN_019 (APN-DOPO); Change=Added disiloxane at aromatic atom 3.; Attachment=peripheral_aromatic; One-factor computational analogue. Parent_Tanimoto_r3=0.650; Max_Train_Tanimoto_r3=0.650; Risk=candidate may be outside strict in-domain threshold. Synthesis route, regioselectivity, stability, equivalent balance and EP compatibility require manual review.",True,True,True,True,eligible,1,1.0,1.0,0.0,0.0,1.0,0.0,Candidate
LIB_0169,CAND_R2_010,APN-DOPO-glycidyloxy,N#Cc1cc(Oc2cccc(NCP3(=O)Oc4ccccc4-c4ccccc43)c2)cc(OCC2CO2)c1C#N,N#Cc1cc(Oc2cccc(NCP3(=O)Oc4ccccc4-c4ccccc43)c2)cc(OCC2CO2)c1C#N,,DOPO-based (Co-curing),Designed,designed,P-N,1,aryl-glycidyl-ether,epoxy,Co-curing,B,535.4960000000002,O=P1(CNc2cccc(Oc3cccc(OCC4CO4)c3)c2)Oc2ccccc2-c2ccccc21,5.784170189880034,7.847117438785721,0.0,0.0,0.0,False,True,"Parent=TRAIN_019 (APN-DOPO); Change=Added glycidyloxy at aromatic atom 3.; Attachment=peripheral_aromatic; One-factor computational analogue. Parent_Tanimoto_r3=0.670; Max_Train_Tanimoto_r3=0.670; Risk=candidate may be outside strict in-domain threshold. Synthesis route, regioselectivity, stability, equivalent balance and EP compatibility require manual review.",True,True,True,True,eligible,1,1.0,1.0,0.0,0.0,0.0,2.0,Candidate
LIB_0170,CAND_R2_011,APN-DOPO-diaminotriazine,N#Cc1cc(Oc2cccc(NCP3(=O)Oc4ccccc4-c4ccccc43)c2)cc(-c2nc(N)nc(N)n2)c1C#N,N#Cc1cc(Oc2cccc(NCP3(=O)Oc4ccccc4-c4ccccc43)c2)cc(-c2nc(N)nc(N)n2)c1C#N,,DOPO-based (Co-curing),Designed,designed,P-N,1,"diamino-1,3,5-triazine",NH2,Co-curing,B,572.525,O=P1(CNc2cccc(Oc3cccc(-c4ncncn4)c3)c2)Oc2ccccc2-c2ccccc21,5.410069429282564,19.57224575346055,0.0,0.0,0.0,False,True,"Parent=TRAIN_019 (APN-DOPO); Change=Added diaminotriazine at aromatic atom 3.; Attachment=peripheral_aromatic; One-factor computational analogue. Parent_Tanimoto_r3=0.648; Max_Train_Tanimoto_r3=0.648; Risk=large structural change from parent; candidate may be outside strict in-domain threshold. Synthesis route, regioselectivity, stability, equivalent balance and EP compatibility require manual review.",True,True,True,True,eligible,1,1.0,1.0,0.0,0.0,0.0,2.0,Candidate
LIB_0171,CAND_R2_012,APN-DOPO-piperazine,N#Cc1cc(Oc2cccc(NCP3(=O)Oc4ccccc4-c4ccccc43)c2)cc(N2CCNCC2)c1C#N,N#Cc1cc(Oc2cccc(NCP3(=O)Oc4ccccc4-c4ccccc43)c2)cc(N2CCNCC2)c1C#N,,DOPO-based (Co-curing),Designed,designed,P-N,1,piperazine,NH,Co-curing,B,547.5550000000002,O=P1(CNc2cccc(Oc3cccc(N4CCNCC4)c3)c2)Oc2ccccc2-c2ccccc21,5.656783336833741,12.790495931915512,0.0,0.0,0.0,False,True,"Parent=TRAIN_019 (APN-DOPO); Change=Added piperazine at aromatic atom 3.; Attachment=peripheral_aromatic; One-factor computational analogue. Parent_Tanimoto_r3=0.626; Max_Train_Tanimoto_r3=0.626; Risk=large structural change from parent; candidate may be outside strict in-domain threshold. Synthesis route, regioselectivity, stability, equivalent balance and EP compatibility require manual review.",True,True,True,True,eligible,1,1.0,1.0,0.0,0.0,0.0,2.0,Candidate
LIB_0172,CAND_R2_013,APN-DOPO-benzamide-linker,N#Cc1cc(Oc2cccc(NCP3(=O)Oc4ccccc4-c4ccccc43)c2)cc(NC(=O)c2ccccc2)c1C#N,N#Cc1cc(Oc2cccc(NCP3(=O)Oc4ccccc4-c4ccccc43)c2)cc(NC(=O)c2ccccc2)c1C#N,,DOPO-based (additive),Designed,designed,P-N,1,benzamide,amide,Additive,B,582.556,O=C(Nc1cccc(Oc2cccc(NCP3(=O)Oc4ccccc4-c4ccccc43)c2)c1)c1ccccc1,5.316913738765028,9.617616160506458,0.0,0.0,0.0,False,True,"Parent=TRAIN_019 (APN-DOPO); Change=Added benzamide_linker at aromatic atom 3.; Attachment=peripheral_aromatic; One-factor computational analogue. Parent_Tanimoto_r3=0.615; Max_Train_Tanimoto_r3=0.615; Risk=large structural change from parent; candidate may be outside strict in-domain threshold. Synthesis route, regioselectivity, stability, equivalent balance and EP compatibility require manual review.",True,True,True,True,eligible,1,1.0,1.0,0.0,0.0,0.0,0.0,Candidate
LIB_0173,CAND_R2_014,APN-DOPO-phenyl,N#Cc1cc(Oc2cccc(NCP3(=O)Oc4ccccc4-c4ccccc43)c2)cc(-c2ccccc2)c1C#N,N#Cc1cc(Oc2cccc(NCP3(=O)Oc4ccccc4-c4ccccc43)c2)cc(-c2ccccc2)c1C#N,,DOPO-based (additive),Designed,designed,P-N,1,phenyl,none,Additive,B,539.5310000000001,O=P1(CNc2cccc(Oc3cccc(-c4ccccc4)c3)c2)Oc2ccccc2-c2ccccc21,5.740912014323551,7.7884310632753255,0.0,0.0,0.0,False,True,"Parent=TRAIN_019 (APN-DOPO); Change=Added phenyl at aromatic atom 3.; Attachment=peripheral_aromatic; One-factor computational analogue. Parent_Tanimoto_r3=0.670; Max_Train_Tanimoto_r3=0.670; Risk=candidate may be outside strict in-domain threshold. Synthesis route, regioselectivity, stability, equivalent balance and EP compatibility require manual review.",True,True,True,True,eligible,1,1.0,1.0,0.0,0.0,0.0,0.0,Candidate
LIB_0174,CAND_R2_015,APN-DOPO-biphenyl,N#Cc1cc(Oc2cccc(NCP3(=O)Oc4ccccc4-c4ccccc43)c2)cc(-c2ccc(-c3ccccc3)cc2)c1C#N,N#Cc1cc(Oc2cccc(NCP3(=O)Oc4ccccc4-c4ccccc43)c2)cc(-c2ccc(-c3ccccc3)cc2)c1C#N,,DOPO-based (additive),Designed,designed,P-N,1,biphenyl,none,Additive,B,615.6290000000001,O=P1(CNc2cccc(Oc3cccc(-c4ccc(-c5ccccc5)cc4)c3)c2)Oc2ccccc2-c2ccccc21,5.031276954139586,6.825701843155536,0.0,0.0,0.0,False,True,"Parent=TRAIN_019 (APN-DOPO); Change=Added biphenyl at aromatic atom 3.; Attachment=peripheral_aromatic; One-factor computational analogue. Parent_Tanimoto_r3=0.638; Max_Train_Tanimoto_r3=0.638; Risk=large structural change from parent; candidate may be outside strict in-domain threshold. Synthesis route, regioselectivity, stability, equivalent balance and EP compatibility require manual review.",True,True,True,True,eligible,1,1.0,1.0,0.0,0.0,0.0,0.0,Candidate
LIB_0175,CAND_R2_016,APN-DOPO-nitrile-to-amide,N#Cc1ccc(Oc2cccc(NCP3(=O)Oc4ccccc4-c4ccccc43)c2)cc1C(N)=O,N#Cc1ccc(Oc2cccc(NCP3(=O)Oc4ccccc4-c4ccccc43)c2)cc1C(N)=O,,DOPO-based (additive),Designed,designed,P-N,1,nitrile-to-amide,amide,Additive,B,481.4480000000002,O=P1(CNc2cccc(Oc3ccccc3)c2)Oc2ccccc2-c2ccccc21,6.433508914773763,8.72804539638756,0.0,0.0,0.0,False,True,"Parent=TRAIN_019 (APN-DOPO); Change=Converted one nitrile to a primary amide. Regioisomer 2.; Attachment=site_2; One-factor computational analogue. Parent_Tanimoto_r3=0.761; Max_Train_Tanimoto_r3=0.761; Risk=none. Synthesis route, regioselectivity, stability, equivalent balance and EP compatibility require manual review.",True,True,True,True,eligible,1,1.0,1.0,0.0,0.0,0.0,0.0,Candidate
LIB_0176,CAND_R2_017,APN-DOPO-nitrile-to-amide-all,NC(=O)c1ccc(Oc2cccc(NCP3(=O)Oc4ccccc4-c4ccccc43)c2)cc1C(N)=O,NC(=O)c1ccc(Oc2cccc(NCP3(=O)Oc4ccccc4-c4ccccc43)c2)cc1C(N)=O,,DOPO-based (additive),Designed,designed,P-N,1,nitrile-to-amide-all,amide,Additive,B,499.46300000000025,O=P1(CNc2cccc(Oc3ccccc3)c2)Oc2ccccc2-c2ccccc21,6.201460368435697,8.413235815265592,0.0,0.0,0.0,False,True,"Parent=TRAIN_019 (APN-DOPO); Change=Converted one nitrile to a primary amide. Converted all matching groups.; Attachment=all_sites; One-factor computational analogue. Parent_Tanimoto_r3=0.663; Max_Train_Tanimoto_r3=0.663; Risk=candidate may be outside strict in-domain threshold. Synthesis route, regioselectivity, stability, equivalent balance and EP compatibility require manual review.",True,True,True,True,eligible,1,1.0,1.0,0.0,0.0,0.0,0.0,Candidate
LIB_0177,CAND_R2_018,APN-DOPO-nitrile-to-acid,N#Cc1cc(Oc2cccc(NCP3(=O)Oc4ccccc4-c4ccccc43)c2)ccc1C(=O)O,N#Cc1cc(Oc2cccc(NCP3(=O)Oc4ccccc4-c4ccccc43)c2)ccc1C(=O)O,,DOPO-based (additive),Designed,designed,P-N,1,nitrile-to-carboxylic-acid,COOH,Additive,B,482.43200000000013,O=P1(CNc2cccc(Oc3ccccc3)c2)Oc2ccccc2-c2ccccc21,6.420386707349428,5.80682873441231,0.0,0.0,0.0,False,True,"Parent=TRAIN_019 (APN-DOPO); Change=Converted one nitrile to a carboxylic acid. Regioisomer 1.; Attachment=site_1; One-factor computational analogue. Parent_Tanimoto_r3=0.769; Max_Train_Tanimoto_r3=0.769; Risk=none. Synthesis route, regioselectivity, stability, equivalent balance and EP compatibility require manual review.",True,True,True,True,eligible,1,1.0,1.0,0.0,0.0,0.0,0.0,Candidate
LIB_0178,CAND_R2_019,APN-DOPO-nitrile-to-acid-2,N#Cc1ccc(Oc2cccc(NCP3(=O)Oc4ccccc4-c4ccccc43)c2)cc1C(=O)O,N#Cc1ccc(Oc2cccc(NCP3(=O)Oc4ccccc4-c4ccccc43)c2)cc1C(=O)O,,DOPO-based (additive),Designed,designed,P-N,1,nitrile-to-carboxylic-acid,COOH,Additive,B,482.4320000000002,O=P1(CNc2cccc(Oc3ccccc3)c2)Oc2ccccc2-c2ccccc21,6.420386707349428,5.806828734412309,0.0,0.0,0.0,False,True,"Parent=TRAIN_019 (APN-DOPO); Change=Converted one nitrile to a carboxylic acid. Regioisomer 2.; Attachment=site_2; One-factor computational analogue. Parent_Tanimoto_r3=0.761; Max_Train_Tanimoto_r3=0.761; Risk=none. Synthesis route, regioselectivity, stability, equivalent balance and EP compatibility require manual review.",True,True,True,True,eligible,1,1.0,1.0,0.0,0.0,0.0,0.0,Candidate
LIB_0179,CAND_R2_020,APN-DOPO-nitrile-to-acid-all,O=C(O)c1ccc(Oc2cccc(NCP3(=O)Oc4ccccc4-c4ccccc43)c2)cc1C(=O)O,O=C(O)c1ccc(Oc2cccc(NCP3(=O)Oc4ccccc4-c4ccccc43)c2)cc1C(=O)O,,DOPO-based (additive),Designed,designed,P-N,1,nitrile-to-carboxylic-acid-all,COOH,Additive,B,501.4310000000002,O=P1(CNc2cccc(Oc3ccccc3)c2)Oc2ccccc2-c2ccccc21,6.1771210794705524,2.793405274105509,0.0,0.0,0.0,False,True,"Parent=TRAIN_019 (APN-DOPO); Change=Converted one nitrile to a carboxylic acid. Converted all matching groups.; Attachment=all_sites; One-factor computational analogue. Parent_Tanimoto_r3=0.670; Max_Train_Tanimoto_r3=0.670; Risk=candidate may be outside strict in-domain threshold. Synthesis route, regioselectivity, stability, equivalent balance and EP compatibility require manual review.",True,True,True,True,eligible,1,1.0,1.0,0.0,0.0,0.0,0.0,Candidate
LIB_0180,CAND_R2_021,APN-DOPO-nitrile-to-aminomethyl,N#Cc1cc(Oc2cccc(NCP3(=O)Oc4ccccc4-c4ccccc43)c2)ccc1CN,N#Cc1cc(Oc2cccc(NCP3(=O)Oc4ccccc4-c4ccccc43)c2)ccc1CN,,DOPO-based (Co-curing),Designed,designed,P-N,1,nitrile-to-aminomethyl,NH2,Co-curing,B,467.46500000000015,O=P1(CNc2cccc(Oc3ccccc3)c2)Oc2ccccc2-c2ccccc21,6.625950605927715,8.98912218027018,0.0,0.0,0.0,False,True,"Parent=TRAIN_019 (APN-DOPO); Change=Reduced one nitrile to an aminomethyl group. Regioisomer 1.; Attachment=site_1; One-factor computational analogue. Parent_Tanimoto_r3=0.769; Max_Train_Tanimoto_r3=0.769; Risk=none. Synthesis route, regioselectivity, stability, equivalent balance and EP compatibility require manual review.",True,True,True,True,eligible,1,1.0,1.0,0.0,0.0,0.0,2.0,Candidate
LIB_0181,CAND_R2_022,APN-DOPO-nitrile-to-aminomethyl-2,N#Cc1ccc(Oc2cccc(NCP3(=O)Oc4ccccc4-c4ccccc43)c2)cc1CN,N#Cc1ccc(Oc2cccc(NCP3(=O)Oc4ccccc4-c4ccccc43)c2)cc1CN,,DOPO-based (Co-curing),Designed,designed,P-N,1,nitrile-to-aminomethyl,NH2,Co-curing,B,467.4650000000002,O=P1(CNc2cccc(Oc3ccccc3)c2)Oc2ccccc2-c2ccccc21,6.625950605927714,8.989122180270178,0.0,0.0,0.0,False,True,"Parent=TRAIN_019 (APN-DOPO); Change=Reduced one nitrile to an aminomethyl group. Regioisomer 2.; Attachment=site_2; One-factor computational analogue. Parent_Tanimoto_r3=0.769; Max_Train_Tanimoto_r3=0.769; Risk=none. Synthesis route, regioselectivity, stability, equivalent balance and EP compatibility require manual review.",True,True,True,True,eligible,1,1.0,1.0,0.0,0.0,0.0,2.0,Candidate
LIB_0182,CAND_R2_023,APN-DOPO-nitrile-to-aminomethyl-all,NCc1ccc(Oc2cccc(NCP3(=O)Oc4ccccc4-c4ccccc43)c2)cc1CN,NCc1ccc(Oc2cccc(NCP3(=O)Oc4ccccc4-c4ccccc43)c2)cc1CN,,DOPO-based (Co-curing),Designed,designed,P-N,1,nitrile-to-aminomethyl-all,NH2,Co-curing,B,471.4970000000002,O=P1(CNc2cccc(Oc3ccccc3)c2)Oc2ccccc2-c2ccccc21,6.56928888200773,8.912251827689252,0.0,0.0,0.0,False,True,"Parent=TRAIN_019 (APN-DOPO); Change=Reduced one nitrile to an aminomethyl group. Converted all matching groups.; Attachment=all_sites; One-factor computational analogue. Parent_Tanimoto_r3=0.677; Max_Train_Tanimoto_r3=0.677; Risk=candidate may be outside strict in-domain threshold. Synthesis route, regioselectivity, stability, equivalent balance and EP compatibility require manual review.",True,True,True,True,eligible,1,1.0,1.0,0.0,0.0,0.0,2.0,Candidate
LIB_0183,CAND_R2_024,APN-DOPO-NH-methyl,CN(CP1(=O)Oc2ccccc2-c2ccccc21)c1cccc(Oc2ccc(C#N)c(C#N)c2)c1,CN(CP1(=O)Oc2ccccc2-c2ccccc21)c1cccc(Oc2ccc(C#N)c(C#N)c2)c1,,DOPO-based (additive),Designed,designed,P-N,1,N-methyl,none,Additive,B,477.46000000000026,O=P1(CNc2cccc(Oc3ccccc3)c2)Oc2ccccc2-c2ccccc21,6.487245004817154,8.800946676161349,0.0,0.0,0.0,False,True,"Parent=TRAIN_019 (APN-DOPO); Change=Methylated one free N–H site, reducing curing activity. Regioisomer 1.; Attachment=NH_site_1; One-factor computational analogue. Parent_Tanimoto_r3=0.616; Max_Train_Tanimoto_r3=0.623; Risk=large structural change from parent; candidate may be outside strict in-domain threshold. Synthesis route, regioselectivity, stability, equivalent balance and EP compatibility require manual review.",True,True,True,True,eligible,1,1.0,1.0,0.0,0.0,0.0,0.0,Candidate
LIB_0184,CAND_R2_025,APN-DOPO-NH-hydroxyethyl,N#Cc1ccc(Oc2cccc(N(CCO)CP3(=O)Oc4ccccc4-c4ccccc43)c2)cc1C#N,N#Cc1ccc(Oc2cccc(N(CCO)CP3(=O)Oc4ccccc4-c4ccccc43)c2)cc1C#N,,DOPO-based (additive),Designed,designed,P-N,1,N-hydroxyethyl,OH,Additive,B,507.4860000000002,O=P1(CNc2cccc(Oc3ccccc3)c2)Oc2ccccc2-c2ccccc21,6.103419601723001,8.280228420094344,0.0,0.0,0.0,False,True,"Parent=TRAIN_019 (APN-DOPO); Change=Introduced one hydroxyethyl substituent on an N–H site. Regioisomer 1.; Attachment=NH_site_1; One-factor computational analogue. Parent_Tanimoto_r3=0.571; Max_Train_Tanimoto_r3=0.681; Risk=large structural change from parent; candidate may be outside strict in-domain threshold. Synthesis route, regioselectivity, stability, equivalent balance and EP compatibility require manual review.",True,True,True,True,eligible,1,1.0,1.0,0.0,0.0,0.0,0.0,Candidate
LIB_0185,CAND_R2_026,APN-DOPO-NH-glycidyl,N#Cc1ccc(Oc2cccc(N(CC3CO3)CP3(=O)Oc4ccccc4-c4ccccc43)c2)cc1C#N,N#Cc1ccc(Oc2cccc(N(CC3CO3)CP3(=O)Oc4ccccc4-c4ccccc43)c2)cc1C#N,,DOPO-based (Co-curing),Designed,designed,P-N,1,N-glycidyl,epoxy,Co-curing,B,519.4970000000002,O=P1(CN(CC2CO2)c2cccc(Oc3ccccc3)c2)Oc2ccccc2-c2ccccc21,5.962305845847038,8.088785883267851,0.0,0.0,0.0,False,True,"Parent=TRAIN_019 (APN-DOPO); Change=Introduced one glycidyl substituent on an N–H site. Regioisomer 1.; Attachment=NH_site_1; One-factor computational analogue. Parent_Tanimoto_r3=0.575; Max_Train_Tanimoto_r3=0.655; Risk=large structural change from parent; candidate may be outside strict in-domain threshold. Synthesis route, regioselectivity, stability, equivalent balance and EP compatibility require manual review.",True,True,True,True,eligible,1,1.0,1.0,0.0,0.0,0.0,2.0,Candidate
LIB_0186,CAND_R2_027,CTP-DOPO-amino,Nc1cc(NC(c2ccc(OP3(Oc4ccc(C(Nc5ccc(O)cc5)P5(=O)Oc6ccccc6-c6ccccc65)cc4)=NP(Oc4ccc(C(Nc5ccc(O)cc5)P5(=O)Oc6ccccc6-c6ccccc65)cc4)(Oc4ccc(C(Nc5ccc(O)cc5)P5(=O)Oc6ccccc6-c6ccccc65)cc4)=NP(Oc4ccc(C(Nc5ccc(O)cc5)P5(=O)Oc6ccccc6-c6ccccc65)cc4)(Oc4ccc(C(Nc5ccc(O)cc5)P5(=O)Oc6ccccc6-c6ccccc65)cc4)=N3)cc2)P2(=O)Oc3ccccc3-c3ccccc32)ccc1O,Nc1cc(NC(c2ccc(OP3(Oc4ccc(C(Nc5ccc(O)cc5)P5(=O)Oc6ccccc6-c6ccccc65)cc4)=NP(Oc4ccc(C(Nc5ccc(O)cc5)P5(=O)Oc6ccccc6-c6ccccc65)cc4)(Oc4ccc(C(Nc5ccc(O)cc5)P5(=O)Oc6ccccc6-c6ccccc65)cc4)=NP(Oc4ccc(C(Nc5ccc(O)cc5)P5(=O)Oc6ccccc6-c6ccccc65)cc4)(Oc4ccc(C(Nc5ccc(O)cc5)P5(=O)Oc6ccccc6-c6ccccc65)cc4)=N3)cc2)P2(=O)Oc3ccccc3-c3ccccc32)ccc1O,,DOPO-based (Co-curing),Designed,designed,P-N,6,aryl-amino,NH2,Co-curing,C,2720.3819999999923,O=P1(C(Nc2ccccc2)c2ccc(OP3(Oc4ccc(C(Nc5ccccc5)P5(=O)Oc6ccccc6-c6ccccc65)cc4)=NP(Oc4ccc(C(Nc5ccccc5)P5(=O)Oc6ccccc6-c6ccccc65)cc4)(Oc4ccc(C(Nc5ccccc5)P5(=O)Oc6ccccc6-c6ccccc65)cc4)=NP(Oc4ccc(C(Nc5ccccc5)P5(=O)Oc6ccccc6-c6ccccc65)cc4)(Oc4ccc(C(Nc5ccccc5)P5(=O)Oc6ccccc6-c6ccccc65)cc4)=N3)cc2)Oc2ccccc2-c2ccccc21,10.24731085560781,5.148909234070818,0.0,0.0,0.0,False,False,"Parent=TRAIN_041 (CTP-DOPO); Change=Added amino at aromatic atom 157.; Attachment=peripheral_aromatic; One-factor computational analogue. Parent_Tanimoto_r3=0.833; Max_Train_Tanimoto_r3=0.833; Risk=high molecular weight; high DOPO count; exploratory only; excluded from formal screening. Synthesis route, regioselectivity, stability, equivalent balance and EP compatibility require manual review.",True,True,True,False,synthesis_level_C_or_missing,6,1.0,1.0,0.0,0.0,0.0,2.0,Candidate
LIB_0187,CAND_R2_028,CTP-DOPO-hydroxy,O=P1(C(Nc2ccc(O)cc2)c2ccc(OP3(Oc4ccc(C(Nc5ccc(O)cc5)P5(=O)Oc6ccccc6-c6ccccc65)cc4)=NP(Oc4ccc(C(Nc5ccc(O)cc5)P5(=O)Oc6ccccc6-c6ccccc65)cc4)(Oc4ccc(C(Nc5ccc(O)cc5)P5(=O)Oc6ccccc6-c6ccccc65)cc4)=NP(Oc4ccc(C(Nc5ccc(O)cc5)P5(=O)Oc6ccccc6-c6ccccc65)cc4)(Oc4ccc(C(Nc5ccc(O)c(O)c5)P5(=O)Oc6ccccc6-c6ccccc65)cc4)=N3)cc2)Oc2ccccc2-c2ccccc21,O=P1(C(Nc2ccc(O)cc2)c2ccc(OP3(Oc4ccc(C(Nc5ccc(O)cc5)P5(=O)Oc6ccccc6-c6ccccc65)cc4)=NP(Oc4ccc(C(Nc5ccc(O)cc5)P5(=O)Oc6ccccc6-c6ccccc65)cc4)(Oc4ccc(C(Nc5ccc(O)cc5)P5(=O)Oc6ccccc6-c6ccccc65)cc4)=NP(Oc4ccc(C(Nc5ccc(O)cc5)P5(=O)Oc6ccccc6-c6ccccc65)cc4)(Oc4ccc(C(Nc5ccc(O)c(O)c5)P5(=O)Oc6ccccc6-c6ccccc65)cc4)=N3)cc2)Oc2ccccc2-c2ccccc21,,DOPO-based (additive),Designed,designed,P-N,6,aryl-hydroxy,OH,Additive,C,2721.3659999999923,O=P1(C(Nc2ccccc2)c2ccc(OP3(Oc4ccc(C(Nc5ccccc5)P5(=O)Oc6ccccc6-c6ccccc65)cc4)=NP(Oc4ccc(C(Nc5ccccc5)P5(=O)Oc6ccccc6-c6ccccc65)cc4)(Oc4ccc(C(Nc5ccccc5)P5(=O)Oc6ccccc6-c6ccccc65)cc4)=NP(Oc4ccc(C(Nc5ccccc5)P5(=O)Oc6ccccc6-c6ccccc65)cc4)(Oc4ccc(C(Nc5ccccc5)P5(=O)Oc6ccccc6-c6ccccc65)cc4)=N3)cc2)Oc2ccccc2-c2ccccc21,10.2436056010107,4.632342727880056,0.0,0.0,0.0,False,False,"Parent=TRAIN_041 (CTP-DOPO); Change=Added hydroxy at aromatic atom 157.; Attachment=peripheral_aromatic; One-factor computational analogue. Parent_Tanimoto_r3=0.852; Max_Train_Tanimoto_r3=0.852; Risk=high molecular weight; high DOPO count; exploratory only; excluded from formal screening. Synthesis route, regioselectivity, stability, equivalent balance and EP compatibility require manual review.",True,True,True,False,synthesis_level_C_or_missing,6,1.0,1.0,0.0,0.0,0.0,0.0,Candidate
LIB_0188,CAND_R2_029,CTP-DOPO-boronic-acid,O=P1(C(Nc2ccc(O)cc2)c2ccc(OP3(Oc4ccc(C(Nc5ccc(O)cc5)P5(=O)Oc6ccccc6-c6ccccc65)cc4)=NP(Oc4ccc(C(Nc5ccc(O)cc5)P5(=O)Oc6ccccc6-c6ccccc65)cc4)(Oc4ccc(C(Nc5ccc(O)cc5)P5(=O)Oc6ccccc6-c6ccccc65)cc4)=NP(Oc4ccc(C(Nc5ccc(O)cc5)P5(=O)Oc6ccccc6-c6ccccc65)cc4)(Oc4ccc(C(Nc5ccc(O)c(B(O)O)c5)P5(=O)Oc6ccccc6-c6ccccc65)cc4)=N3)cc2)Oc2ccccc2-c2ccccc21,O=P1(C(Nc2ccc(O)cc2)c2ccc(OP3(Oc4ccc(C(Nc5ccc(O)cc5)P5(=O)Oc6ccccc6-c6ccccc65)cc4)=NP(Oc4ccc(C(Nc5ccc(O)cc5)P5(=O)Oc6ccccc6-c6ccccc65)cc4)(Oc4ccc(C(Nc5ccc(O)cc5)P5(=O)Oc6ccccc6-c6ccccc65)cc4)=NP(Oc4ccc(C(Nc5ccc(O)cc5)P5(=O)Oc6ccccc6-c6ccccc65)cc4)(Oc4ccc(C(Nc5ccc(O)c(B(O)O)c5)P5(=O)Oc6ccccc6-c6ccccc65)cc4)=N3)cc2)Oc2ccccc2-c2ccccc21,,DOPO-based (additive),Designed,designed,P-N-B,6,aryl-boronic-acid,B(OH)2,Additive,C,2749.1849999999918,O=P1(C(Nc2ccccc2)c2ccc(OP3(Oc4ccc(C(Nc5ccccc5)P5(=O)Oc6ccccc6-c6ccccc65)cc4)=NP(Oc4ccc(C(Nc5ccccc5)P5(=O)Oc6ccccc6-c6ccccc65)cc4)(Oc4ccc(C(Nc5ccccc5)P5(=O)Oc6ccccc6-c6ccccc65)cc4)=NP(Oc4ccc(C(Nc5ccccc5)P5(=O)Oc6ccccc6-c6ccccc65)cc4)(Oc4ccc(C(Nc5ccccc5)P5(=O)Oc6ccccc6-c6ccccc65)cc4)=N3)cc2)Oc2ccccc2-c2ccccc21,10.13995056716812,4.585468056896876,0.0,0.3932801903109479,0.0,False,False,"Parent=TRAIN_041 (CTP-DOPO); Change=Added boronic_acid at aromatic atom 157.; Attachment=peripheral_aromatic; One-factor computational analogue. Parent_Tanimoto_r3=0.798; Max_Train_Tanimoto_r3=0.798; Risk=high molecular weight; high DOPO count; exploratory only; excluded from formal screening. Synthesis route, regioselectivity, stability, equivalent balance and EP compatibility require manual review.",True,True,True,False,synthesis_level_C_or_missing,6,1.0,1.0,0.0,1.0,0.0,0.0,Candidate
LIB_0189,CAND_R2_030,CTP-DOPO-glycidyloxy,O=P1(C(Nc2ccc(O)cc2)c2ccc(OP3(Oc4ccc(C(Nc5ccc(O)cc5)P5(=O)Oc6ccccc6-c6ccccc65)cc4)=NP(Oc4ccc(C(Nc5ccc(O)cc5)P5(=O)Oc6ccccc6-c6ccccc65)cc4)(Oc4ccc(C(Nc5ccc(O)cc5)P5(=O)Oc6ccccc6-c6ccccc65)cc4)=NP(Oc4ccc(C(Nc5ccc(O)cc5)P5(=O)Oc6ccccc6-c6ccccc65)cc4)(Oc4ccc(C(Nc5ccc(O)c(OCC6CO6)c5)P5(=O)Oc6ccccc6-c6ccccc65)cc4)=N3)cc2)Oc2ccccc2-c2ccccc21,O=P1(C(Nc2ccc(O)cc2)c2ccc(OP3(Oc4ccc(C(Nc5ccc(O)cc5)P5(=O)Oc6ccccc6-c6ccccc65)cc4)=NP(Oc4ccc(C(Nc5ccc(O)cc5)P5(=O)Oc6ccccc6-c6ccccc65)cc4)(Oc4ccc(C(Nc5ccc(O)cc5)P5(=O)Oc6ccccc6-c6ccccc65)cc4)=NP(Oc4ccc(C(Nc5ccc(O)cc5)P5(=O)Oc6ccccc6-c6ccccc65)cc4)(Oc4ccc(C(Nc5ccc(O)c(OCC6CO6)c5)P5(=O)Oc6ccccc6-c6ccccc65)cc4)=N3)cc2)Oc2ccccc2-c2ccccc21,,DOPO-based (Co-curing),Designed,designed,P-N,6,aryl-glycidyl-ether,epoxy,Co-curing,C,2777.429999999992,O=P1(C(Nc2ccccc2)c2ccc(OP3(Oc4ccc(C(Nc5ccccc5)P5(=O)Oc6ccccc6-c6ccccc65)cc4)=NP(Oc4ccc(C(Nc5ccccc5)P5(=O)Oc6ccccc6-c6ccccc65)cc4)(Oc4ccc(C(Nc5ccccc5)P5(=O)Oc6ccccc6-c6ccccc65)cc4)=NP(Oc4ccc(C(Nc5ccccc5)P5(=O)Oc6ccccc6-c6ccccc65)cc4)(Oc4ccc(C(Nc5cccc(OCC6CO6)c5)P5(=O)Oc6ccccc6-c6ccccc65)cc4)=N3)cc2)Oc2ccccc2-c2ccccc21,10.036832611442982,4.5388362623000535,0.0,0.0,0.0,False,False,"Parent=TRAIN_041 (CTP-DOPO); Change=Added glycidyloxy at aromatic atom 157.; Attachment=peripheral_aromatic; One-factor computational analogue. Parent_Tanimoto_r3=0.714; Max_Train_Tanimoto_r3=0.714; Risk=high molecular weight; high DOPO count; exploratory only; excluded from formal screening. Synthesis route, regioselectivity, stability, equivalent balance and EP compatibility require manual review.",True,True,True,False,synthesis_level_C_or_missing,6,1.0,1.0,0.0,0.0,0.0,2.0,Candidate
LIB_0190,CAND_R2_031,CTP-DOPO-OH-glycidyl-all,O=P1(C(Nc2ccc(OCC3CO3)cc2)c2ccc(OP3(Oc4ccc(C(Nc5ccc(OCC6CO6)cc5)P5(=O)Oc6ccccc6-c6ccccc65)cc4)=NP(Oc4ccc(C(Nc5ccc(OCC6CO6)cc5)P5(=O)Oc6ccccc6-c6ccccc65)cc4)(Oc4ccc(C(Nc5ccc(OCC6CO6)cc5)P5(=O)Oc6ccccc6-c6ccccc65)cc4)=NP(Oc4ccc(C(Nc5ccc(OCC6CO6)cc5)P5(=O)Oc6ccccc6-c6ccccc65)cc4)(Oc4ccc(C(Nc5ccc(OCC6CO6)cc5)P5(=O)Oc6ccccc6-c6ccccc65)cc4)=N3)cc2)Oc2ccccc2-c2ccccc21,O=P1(C(Nc2ccc(OCC3CO3)cc2)c2ccc(OP3(Oc4ccc(C(Nc5ccc(OCC6CO6)cc5)P5(=O)Oc6ccccc6-c6ccccc65)cc4)=NP(Oc4ccc(C(Nc5ccc(OCC6CO6)cc5)P5(=O)Oc6ccccc6-c6ccccc65)cc4)(Oc4ccc(C(Nc5ccc(OCC6CO6)cc5)P5(=O)Oc6ccccc6-c6ccccc65)cc4)=NP(Oc4ccc(C(Nc5ccc(OCC6CO6)cc5)P5(=O)Oc6ccccc6-c6ccccc65)cc4)(Oc4ccc(C(Nc5ccc(OCC6CO6)cc5)P5(=O)Oc6ccccc6-c6ccccc65)cc4)=N3)cc2)Oc2ccccc2-c2ccccc21,,DOPO-based (Co-curing),Designed,designed,P-N,6,OH-to-glycidyl-ether-all,epoxy,Co-curing,C,3041.7509999999893,O=P1(C(Nc2ccc(OCC3CO3)cc2)c2ccc(OP3(Oc4ccc(C(Nc5ccc(OCC6CO6)cc5)P5(=O)Oc6ccccc6-c6ccccc65)cc4)=NP(Oc4ccc(C(Nc5ccc(OCC6CO6)cc5)P5(=O)Oc6ccccc6-c6ccccc65)cc4)(Oc4ccc(C(Nc5ccc(OCC6CO6)cc5)P5(=O)Oc6ccccc6-c6ccccc65)cc4)=NP(Oc4ccc(C(Nc5ccc(OCC6CO6)cc5)P5(=O)Oc6ccccc6-c6ccccc65)cc4)(Oc4ccc(C(Nc5ccc(OCC6CO6)cc5)P5(=O)Oc6ccccc6-c6ccccc65)cc4)=N3)cc2)Oc2ccccc2-c2ccccc21,9.164655489551938,4.144422077941306,0.0,0.0,0.0,False,False,"Parent=TRAIN_041 (CTP-DOPO); Change=Converted one OH group to a glycidyl ether. Converted all OH groups.; Attachment=all_OH; One-factor computational analogue. Parent_Tanimoto_r3=0.731; Max_Train_Tanimoto_r3=0.731; Risk=high molecular weight; high DOPO count; exploratory only; excluded from formal screening. Synthesis route, regioselectivity, stability, equivalent balance and EP compatibility require manual review.",True,True,True,False,synthesis_level_C_or_missing,6,1.0,1.0,0.0,0.0,0.0,2.0,Candidate
LIB_0191,CAND_R2_032,CTP-DOPO-OH-methyl,COc1ccc(NC(c2ccc(OP3(Oc4ccc(C(Nc5ccc(O)cc5)P5(=O)Oc6ccccc6-c6ccccc65)cc4)=NP(Oc4ccc(C(Nc5ccc(O)cc5)P5(=O)Oc6ccccc6-c6ccccc65)cc4)(Oc4ccc(C(Nc5ccc(O)cc5)P5(=O)Oc6ccccc6-c6ccccc65)cc4)=NP(Oc4ccc(C(Nc5ccc(O)cc5)P5(=O)Oc6ccccc6-c6ccccc65)cc4)(Oc4ccc(C(Nc5ccc(O)cc5)P5(=O)Oc6ccccc6-c6ccccc65)cc4)=N3)cc2)P2(=O)Oc3ccccc3-c3ccccc32)cc1,COc1ccc(NC(c2ccc(OP3(Oc4ccc(C(Nc5ccc(O)cc5)P5(=O)Oc6ccccc6-c6ccccc65)cc4)=NP(Oc4ccc(C(Nc5ccc(O)cc5)P5(=O)Oc6ccccc6-c6ccccc65)cc4)(Oc4ccc(C(Nc5ccc(O)cc5)P5(=O)Oc6ccccc6-c6ccccc65)cc4)=NP(Oc4ccc(C(Nc5ccc(O)cc5)P5(=O)Oc6ccccc6-c6ccccc65)cc4)(Oc4ccc(C(Nc5ccc(O)cc5)P5(=O)Oc6ccccc6-c6ccccc65)cc4)=N3)cc2)P2(=O)Oc3ccccc3-c3ccccc32)cc1,,DOPO-based (additive),Designed,designed,P-N,6,OH-to-methyl-ether,none,Additive,C,2719.3939999999925,O=P1(C(Nc2ccccc2)c2ccc(OP3(Oc4ccc(C(Nc5ccccc5)P5(=O)Oc6ccccc6-c6ccccc65)cc4)=NP(Oc4ccc(C(Nc5ccccc5)P5(=O)Oc6ccccc6-c6ccccc65)cc4)(Oc4ccc(C(Nc5ccccc5)P5(=O)Oc6ccccc6-c6ccccc65)cc4)=NP(Oc4ccc(C(Nc5ccccc5)P5(=O)Oc6ccccc6-c6ccccc65)cc4)(Oc4ccc(C(Nc5ccccc5)P5(=O)Oc6ccccc6-c6ccccc65)cc4)=N3)cc2)Oc2ccccc2-c2ccccc21,10.251033870046076,4.635701924767075,0.0,0.0,0.0,False,False,"Parent=TRAIN_041 (CTP-DOPO); Change=Converted one OH group to a methyl ether. Regioisomer 1.; Attachment=OH_site_1; One-factor computational analogue. Parent_Tanimoto_r3=0.915; Max_Train_Tanimoto_r3=0.915; Risk=high molecular weight; high DOPO count; exploratory only; excluded from formal screening. Synthesis route, regioselectivity, stability, equivalent balance and EP compatibility require manual review.",True,True,True,False,synthesis_level_C_or_missing,6,1.0,1.0,0.0,0.0,0.0,0.0,Candidate
LIB_0192,CAND_R2_033,CTP-DOPO-OH-methyl-all,COc1ccc(NC(c2ccc(OP3(Oc4ccc(C(Nc5ccc(OC)cc5)P5(=O)Oc6ccccc6-c6ccccc65)cc4)=NP(Oc4ccc(C(Nc5ccc(OC)cc5)P5(=O)Oc6ccccc6-c6ccccc65)cc4)(Oc4ccc(C(Nc5ccc(OC)cc5)P5(=O)Oc6ccccc6-c6ccccc65)cc4)=NP(Oc4ccc(C(Nc5ccc(OC)cc5)P5(=O)Oc6ccccc6-c6ccccc65)cc4)(Oc4ccc(C(Nc5ccc(OC)cc5)P5(=O)Oc6ccccc6-c6ccccc65)cc4)=N3)cc2)P2(=O)Oc3ccccc3-c3ccccc32)cc1,COc1ccc(NC(c2ccc(OP3(Oc4ccc(C(Nc5ccc(OC)cc5)P5(=O)Oc6ccccc6-c6ccccc65)cc4)=NP(Oc4ccc(C(Nc5ccc(OC)cc5)P5(=O)Oc6ccccc6-c6ccccc65)cc4)(Oc4ccc(C(Nc5ccc(OC)cc5)P5(=O)Oc6ccccc6-c6ccccc65)cc4)=NP(Oc4ccc(C(Nc5ccc(OC)cc5)P5(=O)Oc6ccccc6-c6ccccc65)cc4)(Oc4ccc(C(Nc5ccc(OC)cc5)P5(=O)Oc6ccccc6-c6ccccc65)cc4)=N3)cc2)P2(=O)Oc3ccccc3-c3ccccc32)cc1,,DOPO-based (additive),Designed,designed,P-N,6,OH-to-methyl-ether-all,none,Additive,C,2789.5289999999914,O=P1(C(Nc2ccccc2)c2ccc(OP3(Oc4ccc(C(Nc5ccccc5)P5(=O)Oc6ccccc6-c6ccccc65)cc4)=NP(Oc4ccc(C(Nc5ccccc5)P5(=O)Oc6ccccc6-c6ccccc65)cc4)(Oc4ccc(C(Nc5ccccc5)P5(=O)Oc6ccccc6-c6ccccc65)cc4)=NP(Oc4ccc(C(Nc5ccccc5)P5(=O)Oc6ccccc6-c6ccccc65)cc4)(Oc4ccc(C(Nc5ccccc5)P5(=O)Oc6ccccc6-c6ccccc65)cc4)=N3)cc2)Oc2ccccc2-c2ccccc21,9.993299944184157,4.519150007044215,0.0,0.0,0.0,False,False,"Parent=TRAIN_041 (CTP-DOPO); Change=Converted one OH group to a methyl ether. Converted all OH groups.; Attachment=all_OH; One-factor computational analogue. Parent_Tanimoto_r3=0.829; Max_Train_Tanimoto_r3=0.829; Risk=high molecular weight; high DOPO count; exploratory only; excluded from formal screening. Synthesis route, regioselectivity, stability, equivalent balance and EP compatibility require manual review.",True,True,True,False,synthesis_level_C_or_missing,6,1.0,1.0,0.0,0.0,0.0,0.0,Candidate
LIB_0193,CAND_R2_034,CTP-DOPO-OH-acetyl,CC(=O)Oc1ccc(NC(c2ccc(OP3(Oc4ccc(C(Nc5ccc(O)cc5)P5(=O)Oc6ccccc6-c6ccccc65)cc4)=NP(Oc4ccc(C(Nc5ccc(O)cc5)P5(=O)Oc6ccccc6-c6ccccc65)cc4)(Oc4ccc(C(Nc5ccc(O)cc5)P5(=O)Oc6ccccc6-c6ccccc65)cc4)=NP(Oc4ccc(C(Nc5ccc(O)cc5)P5(=O)Oc6ccccc6-c6ccccc65)cc4)(Oc4ccc(C(Nc5ccc(O)cc5)P5(=O)Oc6ccccc6-c6ccccc65)cc4)=N3)cc2)P2(=O)Oc3ccccc3-c3ccccc32)cc1,CC(=O)Oc1ccc(NC(c2ccc(OP3(Oc4ccc(C(Nc5ccc(O)cc5)P5(=O)Oc6ccccc6-c6ccccc65)cc4)=NP(Oc4ccc(C(Nc5ccc(O)cc5)P5(=O)Oc6ccccc6-c6ccccc65)cc4)(Oc4ccc(C(Nc5ccc(O)cc5)P5(=O)Oc6ccccc6-c6ccccc65)cc4)=NP(Oc4ccc(C(Nc5ccc(O)cc5)P5(=O)Oc6ccccc6-c6ccccc65)cc4)(Oc4ccc(C(Nc5ccc(O)cc5)P5(=O)Oc6ccccc6-c6ccccc65)cc4)=N3)cc2)P2(=O)Oc3ccccc3-c3ccccc32)cc1,,DOPO-based (additive),Designed,designed,P-N,6,OH-to-acetate,none,Additive,C,2747.4039999999923,O=P1(C(Nc2ccccc2)c2ccc(OP3(Oc4ccc(C(Nc5ccccc5)P5(=O)Oc6ccccc6-c6ccccc65)cc4)=NP(Oc4ccc(C(Nc5ccccc5)P5(=O)Oc6ccccc6-c6ccccc65)cc4)(Oc4ccc(C(Nc5ccccc5)P5(=O)Oc6ccccc6-c6ccccc65)cc4)=NP(Oc4ccc(C(Nc5ccccc5)P5(=O)Oc6ccccc6-c6ccccc65)cc4)(Oc4ccc(C(Nc5ccccc5)P5(=O)Oc6ccccc6-c6ccccc65)cc4)=N3)cc2)Oc2ccccc2-c2ccccc21,10.146523772987184,4.588440578815506,0.0,0.0,0.0,False,False,"Parent=TRAIN_041 (CTP-DOPO); Change=Converted one OH group to an acetate. Regioisomer 1.; Attachment=OH_site_1; One-factor computational analogue. Parent_Tanimoto_r3=0.893; Max_Train_Tanimoto_r3=0.893; Risk=high molecular weight; high DOPO count; exploratory only; excluded from formal screening. Synthesis route, regioselectivity, stability, equivalent balance and EP compatibility require manual review.",True,True,True,False,synthesis_level_C_or_missing,6,1.0,1.0,0.0,0.0,0.0,0.0,Candidate
LIB_0194,CAND_R2_035,CTP-DOPO-OH-acetyl-all,CC(=O)Oc1ccc(NC(c2ccc(OP3(Oc4ccc(C(Nc5ccc(OC(C)=O)cc5)P5(=O)Oc6ccccc6-c6ccccc65)cc4)=NP(Oc4ccc(C(Nc5ccc(OC(C)=O)cc5)P5(=O)Oc6ccccc6-c6ccccc65)cc4)(Oc4ccc(C(Nc5ccc(OC(C)=O)cc5)P5(=O)Oc6ccccc6-c6ccccc65)cc4)=NP(Oc4ccc(C(Nc5ccc(OC(C)=O)cc5)P5(=O)Oc6ccccc6-c6ccccc65)cc4)(Oc4ccc(C(Nc5ccc(OC(C)=O)cc5)P5(=O)Oc6ccccc6-c6ccccc65)cc4)=N3)cc2)P2(=O)Oc3ccccc3-c3ccccc32)cc1,CC(=O)Oc1ccc(NC(c2ccc(OP3(Oc4ccc(C(Nc5ccc(OC(C)=O)cc5)P5(=O)Oc6ccccc6-c6ccccc65)cc4)=NP(Oc4ccc(C(Nc5ccc(OC(C)=O)cc5)P5(=O)Oc6ccccc6-c6ccccc65)cc4)(Oc4ccc(C(Nc5ccc(OC(C)=O)cc5)P5(=O)Oc6ccccc6-c6ccccc65)cc4)=NP(Oc4ccc(C(Nc5ccc(OC(C)=O)cc5)P5(=O)Oc6ccccc6-c6ccccc65)cc4)(Oc4ccc(C(Nc5ccc(OC(C)=O)cc5)P5(=O)Oc6ccccc6-c6ccccc65)cc4)=N3)cc2)P2(=O)Oc3ccccc3-c3ccccc32)cc1,,DOPO-based (additive),Designed,designed,P-N,6,OH-to-acetate-all,none,Additive,C,2957.588999999989,O=P1(C(Nc2ccccc2)c2ccc(OP3(Oc4ccc(C(Nc5ccccc5)P5(=O)Oc6ccccc6-c6ccccc65)cc4)=NP(Oc4ccc(C(Nc5ccccc5)P5(=O)Oc6ccccc6-c6ccccc65)cc4)(Oc4ccc(C(Nc5ccccc5)P5(=O)Oc6ccccc6-c6ccccc65)cc4)=NP(Oc4ccc(C(Nc5ccccc5)P5(=O)Oc6ccccc6-c6ccccc65)cc4)(Oc4ccc(C(Nc5ccccc5)P5(=O)Oc6ccccc6-c6ccccc65)cc4)=N3)cc2)Oc2ccccc2-c2ccccc21,9.425447552043272,4.262356940061668,0.0,0.0,0.0,False,False,"Parent=TRAIN_041 (CTP-DOPO); Change=Converted one OH group to an acetate. Converted all OH groups.; Attachment=all_OH; One-factor computational analogue. Parent_Tanimoto_r3=0.821; Max_Train_Tanimoto_r3=0.821; Risk=high molecular weight; high DOPO count; exploratory only; excluded from formal screening. Synthesis route, regioselectivity, stability, equivalent balance and EP compatibility require manual review.",True,True,True,False,synthesis_level_C_or_missing,6,1.0,1.0,0.0,0.0,0.0,0.0,Candidate
LIB_0195,CAND_R2_036,CTP-DOPO-OH-allyl,C=CCOc1ccc(NC(c2ccc(OP3(Oc4ccc(C(Nc5ccc(O)cc5)P5(=O)Oc6ccccc6-c6ccccc65)cc4)=NP(Oc4ccc(C(Nc5ccc(O)cc5)P5(=O)Oc6ccccc6-c6ccccc65)cc4)(Oc4ccc(C(Nc5ccc(O)cc5)P5(=O)Oc6ccccc6-c6ccccc65)cc4)=NP(Oc4ccc(C(Nc5ccc(O)cc5)P5(=O)Oc6ccccc6-c6ccccc65)cc4)(Oc4ccc(C(Nc5ccc(O)cc5)P5(=O)Oc6ccccc6-c6ccccc65)cc4)=N3)cc2)P2(=O)Oc3ccccc3-c3ccccc32)cc1,C=CCOc1ccc(NC(c2ccc(OP3(Oc4ccc(C(Nc5ccc(O)cc5)P5(=O)Oc6ccccc6-c6ccccc65)cc4)=NP(Oc4ccc(C(Nc5ccc(O)cc5)P5(=O)Oc6ccccc6-c6ccccc65)cc4)(Oc4ccc(C(Nc5ccc(O)cc5)P5(=O)Oc6ccccc6-c6ccccc65)cc4)=NP(Oc4ccc(C(Nc5ccc(O)cc5)P5(=O)Oc6ccccc6-c6ccccc65)cc4)(Oc4ccc(C(Nc5ccc(O)cc5)P5(=O)Oc6ccccc6-c6ccccc65)cc4)=N3)cc2)P2(=O)Oc3ccccc3-c3ccccc32)cc1,,DOPO-based (additive),Designed,designed,P-N,6,OH-to-allyl-ether,allyl,Additive,C,2745.4319999999925,O=P1(C(Nc2ccccc2)c2ccc(OP3(Oc4ccc(C(Nc5ccccc5)P5(=O)Oc6ccccc6-c6ccccc65)cc4)=NP(Oc4ccc(C(Nc5ccccc5)P5(=O)Oc6ccccc6-c6ccccc65)cc4)(Oc4ccc(C(Nc5ccccc5)P5(=O)Oc6ccccc6-c6ccccc65)cc4)=NP(Oc4ccc(C(Nc5ccccc5)P5(=O)Oc6ccccc6-c6ccccc65)cc4)(Oc4ccc(C(Nc5ccccc5)P5(=O)Oc6ccccc6-c6ccccc65)cc4)=N3)cc2)Oc2ccccc2-c2ccccc21,10.153811859117281,4.591736382470969,0.0,0.0,0.0,False,False,"Parent=TRAIN_041 (CTP-DOPO); Change=Converted one OH group to an allyl ether; no EP reactivity is assumed. Regioisomer 1.; Attachment=OH_site_1; One-factor computational analogue. Parent_Tanimoto_r3=0.824; Max_Train_Tanimoto_r3=0.824; Risk=high molecular weight; high DOPO count; exploratory only; excluded from formal screening. Synthesis route, regioselectivity, stability, equivalent balance and EP compatibility require manual review.",True,True,True,False,synthesis_level_C_or_missing,6,1.0,1.0,0.0,0.0,0.0,0.0,Candidate
LIB_0196,CAND_R2_037,CTP-DOPO-OH-allyl-all,C=CCOc1ccc(NC(c2ccc(OP3(Oc4ccc(C(Nc5ccc(OCC=C)cc5)P5(=O)Oc6ccccc6-c6ccccc65)cc4)=NP(Oc4ccc(C(Nc5ccc(OCC=C)cc5)P5(=O)Oc6ccccc6-c6ccccc65)cc4)(Oc4ccc(C(Nc5ccc(OCC=C)cc5)P5(=O)Oc6ccccc6-c6ccccc65)cc4)=NP(Oc4ccc(C(Nc5ccc(OCC=C)cc5)P5(=O)Oc6ccccc6-c6ccccc65)cc4)(Oc4ccc(C(Nc5ccc(OCC=C)cc5)P5(=O)Oc6ccccc6-c6ccccc65)cc4)=N3)cc2)P2(=O)Oc3ccccc3-c3ccccc32)cc1,C=CCOc1ccc(NC(c2ccc(OP3(Oc4ccc(C(Nc5ccc(OCC=C)cc5)P5(=O)Oc6ccccc6-c6ccccc65)cc4)=NP(Oc4ccc(C(Nc5ccc(OCC=C)cc5)P5(=O)Oc6ccccc6-c6ccccc65)cc4)(Oc4ccc(C(Nc5ccc(OCC=C)cc5)P5(=O)Oc6ccccc6-c6ccccc65)cc4)=NP(Oc4ccc(C(Nc5ccc(OCC=C)cc5)P5(=O)Oc6ccccc6-c6ccccc65)cc4)(Oc4ccc(C(Nc5ccc(OCC=C)cc5)P5(=O)Oc6ccccc6-c6ccccc65)cc4)=N3)cc2)P2(=O)Oc3ccccc3-c3ccccc32)cc1,,DOPO-based (additive),Designed,designed,P-N,6,OH-to-allyl-ether-all,allyl,Additive,C,2945.75699999999,O=P1(C(Nc2ccccc2)c2ccc(OP3(Oc4ccc(C(Nc5ccccc5)P5(=O)Oc6ccccc6-c6ccccc65)cc4)=NP(Oc4ccc(C(Nc5ccccc5)P5(=O)Oc6ccccc6-c6ccccc65)cc4)(Oc4ccc(C(Nc5ccccc5)P5(=O)Oc6ccccc6-c6ccccc65)cc4)=NP(Oc4ccc(C(Nc5ccccc5)P5(=O)Oc6ccccc6-c6ccccc65)cc4)(Oc4ccc(C(Nc5ccccc5)P5(=O)Oc6ccccc6-c6ccccc65)cc4)=N3)cc2)Oc2ccccc2-c2ccccc21,9.463306036444994,4.279477227755054,0.0,0.0,0.0,False,False,"Parent=TRAIN_041 (CTP-DOPO); Change=Converted one OH group to an allyl ether; no EP reactivity is assumed. Converted all OH groups.; Attachment=all_OH; One-factor computational analogue. Parent_Tanimoto_r3=0.747; Max_Train_Tanimoto_r3=0.747; Risk=high molecular weight; high DOPO count; exploratory only; excluded from formal screening. Synthesis route, regioselectivity, stability, equivalent balance and EP compatibility require manual review.",True,True,True,False,synthesis_level_C_or_missing,6,1.0,1.0,0.0,0.0,0.0,0.0,Candidate
LIB_0197,CAND_R2_038,CTP-DOPO-NH-methyl,CN(c1ccc(O)cc1)C(c1ccc(OP2(Oc3ccc(C(Nc4ccc(O)cc4)P4(=O)Oc5ccccc5-c5ccccc54)cc3)=NP(Oc3ccc(C(Nc4ccc(O)cc4)P4(=O)Oc5ccccc5-c5ccccc54)cc3)(Oc3ccc(C(Nc4ccc(O)cc4)P4(=O)Oc5ccccc5-c5ccccc54)cc3)=NP(Oc3ccc(C(Nc4ccc(O)cc4)P4(=O)Oc5ccccc5-c5ccccc54)cc3)(Oc3ccc(C(Nc4ccc(O)cc4)P4(=O)Oc5ccccc5-c5ccccc54)cc3)=N2)cc1)P1(=O)Oc2ccccc2-c2ccccc21,CN(c1ccc(O)cc1)C(c1ccc(OP2(Oc3ccc(C(Nc4ccc(O)cc4)P4(=O)Oc5ccccc5-c5ccccc54)cc3)=NP(Oc3ccc(C(Nc4ccc(O)cc4)P4(=O)Oc5ccccc5-c5ccccc54)cc3)(Oc3ccc(C(Nc4ccc(O)cc4)P4(=O)Oc5ccccc5-c5ccccc54)cc3)=NP(Oc3ccc(C(Nc4ccc(O)cc4)P4(=O)Oc5ccccc5-c5ccccc54)cc3)(Oc3ccc(C(Nc4ccc(O)cc4)P4(=O)Oc5ccccc5-c5ccccc54)cc3)=N2)cc1)P1(=O)Oc2ccccc2-c2ccccc21,,DOPO-based (additive),Designed,designed,P-N,6,N-methyl,none,Additive,C,2719.3939999999925,O=P1(C(Nc2ccccc2)c2ccc(OP3(Oc4ccc(C(Nc5ccccc5)P5(=O)Oc6ccccc6-c6ccccc65)cc4)=NP(Oc4ccc(C(Nc5ccccc5)P5(=O)Oc6ccccc6-c6ccccc65)cc4)(Oc4ccc(C(Nc5ccccc5)P5(=O)Oc6ccccc6-c6ccccc65)cc4)=NP(Oc4ccc(C(Nc5ccccc5)P5(=O)Oc6ccccc6-c6ccccc65)cc4)(Oc4ccc(C(Nc5ccccc5)P5(=O)Oc6ccccc6-c6ccccc65)cc4)=N3)cc2)Oc2ccccc2-c2ccccc21,10.251033870046076,4.635701924767075,0.0,0.0,0.0,False,False,"Parent=TRAIN_041 (CTP-DOPO); Change=Methylated one free N–H site, reducing curing activity. Regioisomer 1.; Attachment=NH_site_1; One-factor computational analogue. Parent_Tanimoto_r3=0.773; Max_Train_Tanimoto_r3=0.773; Risk=high molecular weight; high DOPO count; exploratory only; excluded from formal screening. Synthesis route, regioselectivity, stability, equivalent balance and EP compatibility require manual review.",True,True,True,False,synthesis_level_C_or_missing,6,1.0,1.0,0.0,0.0,0.0,0.0,Candidate
LIB_0198,CAND_R2_039,CTP-DOPO-NH-methyl-all,CN(c1ccc(O)cc1)C(c1ccc(OP2(Oc3ccc(C(N(C)c4ccc(O)cc4)P4(=O)Oc5ccccc5-c5ccccc54)cc3)=NP(Oc3ccc(C(N(C)c4ccc(O)cc4)P4(=O)Oc5ccccc5-c5ccccc54)cc3)(Oc3ccc(C(N(C)c4ccc(O)cc4)P4(=O)Oc5ccccc5-c5ccccc54)cc3)=NP(Oc3ccc(C(N(C)c4ccc(O)cc4)P4(=O)Oc5ccccc5-c5ccccc54)cc3)(Oc3ccc(C(N(C)c4ccc(O)cc4)P4(=O)Oc5ccccc5-c5ccccc54)cc3)=N2)cc1)P1(=O)Oc2ccccc2-c2ccccc21,CN(c1ccc(O)cc1)C(c1ccc(OP2(Oc3ccc(C(N(C)c4ccc(O)cc4)P4(=O)Oc5ccccc5-c5ccccc54)cc3)=NP(Oc3ccc(C(N(C)c4ccc(O)cc4)P4(=O)Oc5ccccc5-c5ccccc54)cc3)(Oc3ccc(C(N(C)c4ccc(O)cc4)P4(=O)Oc5ccccc5-c5ccccc54)cc3)=NP(Oc3ccc(C(N(C)c4ccc(O)cc4)P4(=O)Oc5ccccc5-c5ccccc54)cc3)(Oc3ccc(C(N(C)c4ccc(O)cc4)P4(=O)Oc5ccccc5-c5ccccc54)cc3)=N2)cc1)P1(=O)Oc2ccccc2-c2ccccc21,,DOPO-based (additive),Designed,designed,P-N,6,N-methyl-all,none,Additive,C,2789.528999999992,O=P1(C(Nc2ccccc2)c2ccc(OP3(Oc4ccc(C(Nc5ccccc5)P5(=O)Oc6ccccc6-c6ccccc65)cc4)=NP(Oc4ccc(C(Nc5ccccc5)P5(=O)Oc6ccccc6-c6ccccc65)cc4)(Oc4ccc(C(Nc5ccccc5)P5(=O)Oc6ccccc6-c6ccccc65)cc4)=NP(Oc4ccc(C(Nc5ccccc5)P5(=O)Oc6ccccc6-c6ccccc65)cc4)(Oc4ccc(C(Nc5ccccc5)P5(=O)Oc6ccccc6-c6ccccc65)cc4)=N3)cc2)Oc2ccccc2-c2ccccc21,9.993299944184155,4.519150007044214,0.0,0.0,0.0,False,False,"Parent=TRAIN_041 (CTP-DOPO); Change=Methylated one free N–H site, reducing curing activity. Converted all N–H sites.; Attachment=all_NH; One-factor computational analogue. Parent_Tanimoto_r3=0.577; Max_Train_Tanimoto_r3=0.577; Risk=high molecular weight; high DOPO count; large structural change from parent; candidate may be outside strict in-domain threshold; exploratory only; excluded from formal screening. Synthesis route, regioselectivity, stability, equivalent balance and EP compatibility require manual review.",True,True,True,False,synthesis_level_C_or_missing,6,1.0,1.0,0.0,0.0,0.0,0.0,Candidate
LIB_0199,CAND_R2_040,CTP-DOPO-NH-hydroxyethyl,O=P1(C(Nc2ccc(O)cc2)c2ccc(OP3(Oc4ccc(C(Nc5ccc(O)cc5)P5(=O)Oc6ccccc6-c6ccccc65)cc4)=NP(Oc4ccc(C(Nc5ccc(O)cc5)P5(=O)Oc6ccccc6-c6ccccc65)cc4)(Oc4ccc(C(Nc5ccc(O)cc5)P5(=O)Oc6ccccc6-c6ccccc65)cc4)=NP(Oc4ccc(C(Nc5ccc(O)cc5)P5(=O)Oc6ccccc6-c6ccccc65)cc4)(Oc4ccc(C(N(CCO)c5ccc(O)cc5)P5(=O)Oc6ccccc6-c6ccccc65)cc4)=N3)cc2)Oc2ccccc2-c2ccccc21,O=P1(C(Nc2ccc(O)cc2)c2ccc(OP3(Oc4ccc(C(Nc5ccc(O)cc5)P5(=O)Oc6ccccc6-c6ccccc65)cc4)=NP(Oc4ccc(C(Nc5ccc(O)cc5)P5(=O)Oc6ccccc6-c6ccccc65)cc4)(Oc4ccc(C(Nc5ccc(O)cc5)P5(=O)Oc6ccccc6-c6ccccc65)cc4)=NP(Oc4ccc(C(Nc5ccc(O)cc5)P5(=O)Oc6ccccc6-c6ccccc65)cc4)(Oc4ccc(C(N(CCO)c5ccc(O)cc5)P5(=O)Oc6ccccc6-c6ccccc65)cc4)=N3)cc2)Oc2ccccc2-c2ccccc21,,DOPO-based (additive),Designed,designed,P-N,6,N-hydroxyethyl,OH,Additive,C,2749.4199999999923,O=P1(C(Nc2ccccc2)c2ccc(OP3(Oc4ccc(C(Nc5ccccc5)P5(=O)Oc6ccccc6-c6ccccc65)cc4)=NP(Oc4ccc(C(Nc5ccccc5)P5(=O)Oc6ccccc6-c6ccccc65)cc4)(Oc4ccc(C(Nc5ccccc5)P5(=O)Oc6ccccc6-c6ccccc65)cc4)=NP(Oc4ccc(C(Nc5ccccc5)P5(=O)Oc6ccccc6-c6ccccc65)cc4)(Oc4ccc(C(Nc5ccccc5)P5(=O)Oc6ccccc6-c6ccccc65)cc4)=N3)cc2)Oc2ccccc2-c2ccccc21,10.139083879509162,4.585076125146408,0.0,0.0,0.0,False,False,"Parent=TRAIN_041 (CTP-DOPO); Change=Introduced one hydroxyethyl substituent on an N–H site. Regioisomer 1.; Attachment=NH_site_1; One-factor computational analogue. Parent_Tanimoto_r3=0.743; Max_Train_Tanimoto_r3=0.743; Risk=high molecular weight; high DOPO count; exploratory only; excluded from formal screening. Synthesis route, regioselectivity, stability, equivalent balance and EP compatibility require manual review.",True,True,True,False,synthesis_level_C_or_missing,6,1.0,1.0,0.0,0.0,0.0,0.0,Candidate
LIB_0200,CAND_R2_041,CTP-DOPO-NH-hydroxyethyl-all,O=P1(C(c2ccc(OP3(Oc4ccc(C(N(CCO)c5ccc(O)cc5)P5(=O)Oc6ccccc6-c6ccccc65)cc4)=NP(Oc4ccc(C(N(CCO)c5ccc(O)cc5)P5(=O)Oc6ccccc6-c6ccccc65)cc4)(Oc4ccc(C(N(CCO)c5ccc(O)cc5)P5(=O)Oc6ccccc6-c6ccccc65)cc4)=NP(Oc4ccc(C(N(CCO)c5ccc(O)cc5)P5(=O)Oc6ccccc6-c6ccccc65)cc4)(Oc4ccc(C(N(CCO)c5ccc(O)cc5)P5(=O)Oc6ccccc6-c6ccccc65)cc4)=N3)cc2)N(CCO)c2ccc(O)cc2)Oc2ccccc2-c2ccccc21,O=P1(C(c2ccc(OP3(Oc4ccc(C(N(CCO)c5ccc(O)cc5)P5(=O)Oc6ccccc6-c6ccccc65)cc4)=NP(Oc4ccc(C(N(CCO)c5ccc(O)cc5)P5(=O)Oc6ccccc6-c6ccccc65)cc4)(Oc4ccc(C(N(CCO)c5ccc(O)cc5)P5(=O)Oc6ccccc6-c6ccccc65)cc4)=NP(Oc4ccc(C(N(CCO)c5ccc(O)cc5)P5(=O)Oc6ccccc6-c6ccccc65)cc4)(Oc4ccc(C(N(CCO)c5ccc(O)cc5)P5(=O)Oc6ccccc6-c6ccccc65)cc4)=N3)cc2)N(CCO)c2ccc(O)cc2)Oc2ccccc2-c2ccccc21,,DOPO-based (additive),Designed,designed,P-N,6,N-hydroxyethyl-all,OH,Additive,C,2969.68499999999,O=P1(C(Nc2ccccc2)c2ccc(OP3(Oc4ccc(C(Nc5ccccc5)P5(=O)Oc6ccccc6-c6ccccc65)cc4)=NP(Oc4ccc(C(Nc5ccccc5)P5(=O)Oc6ccccc6-c6ccccc65)cc4)(Oc4ccc(C(Nc5ccccc5)P5(=O)Oc6ccccc6-c6ccccc65)cc4)=NP(Oc4ccc(C(Nc5ccccc5)P5(=O)Oc6ccccc6-c6ccccc65)cc4)(Oc4ccc(C(Nc5ccccc5)P5(=O)Oc6ccccc6-c6ccccc65)cc4)=N3)cc2)Oc2ccccc2-c2ccccc21,9.387056202930646,4.244995681360159,0.0,0.0,0.0,False,False,"Parent=TRAIN_041 (CTP-DOPO); Change=Introduced one hydroxyethyl substituent on an N–H site. Converted all N–H sites.; Attachment=all_NH; One-factor computational analogue. Parent_Tanimoto_r3=0.554; Max_Train_Tanimoto_r3=0.554; Risk=high molecular weight; high DOPO count; large structural change from parent; candidate may be outside strict in-domain threshold; exploratory only; excluded from formal screening. Synthesis route, regioselectivity, stability, equivalent balance and EP compatibility require manual review.",True,True,True,False,synthesis_level_C_or_missing,6,1.0,1.0,0.0,0.0,0.0,0.0,Candidate
LIB_0201,CAND_R2_042,CTP-DOPO-NH-glycidyl,O=P1(C(Nc2ccc(O)cc2)c2ccc(OP3(Oc4ccc(C(Nc5ccc(O)cc5)P5(=O)Oc6ccccc6-c6ccccc65)cc4)=NP(Oc4ccc(C(Nc5ccc(O)cc5)P5(=O)Oc6ccccc6-c6ccccc65)cc4)(Oc4ccc(C(Nc5ccc(O)cc5)P5(=O)Oc6ccccc6-c6ccccc65)cc4)=NP(Oc4ccc(C(Nc5ccc(O)cc5)P5(=O)Oc6ccccc6-c6ccccc65)cc4)(Oc4ccc(C(N(CC5CO5)c5ccc(O)cc5)P5(=O)Oc6ccccc6-c6ccccc65)cc4)=N3)cc2)Oc2ccccc2-c2ccccc21,O=P1(C(Nc2ccc(O)cc2)c2ccc(OP3(Oc4ccc(C(Nc5ccc(O)cc5)P5(=O)Oc6ccccc6-c6ccccc65)cc4)=NP(Oc4ccc(C(Nc5ccc(O)cc5)P5(=O)Oc6ccccc6-c6ccccc65)cc4)(Oc4ccc(C(Nc5ccc(O)cc5)P5(=O)Oc6ccccc6-c6ccccc65)cc4)=NP(Oc4ccc(C(Nc5ccc(O)cc5)P5(=O)Oc6ccccc6-c6ccccc65)cc4)(Oc4ccc(C(N(CC5CO5)c5ccc(O)cc5)P5(=O)Oc6ccccc6-c6ccccc65)cc4)=N3)cc2)Oc2ccccc2-c2ccccc21,,DOPO-based (Co-curing),Designed,designed,P-N,6,N-glycidyl,epoxy,Co-curing,C,2761.4309999999923,O=P1(C(Nc2ccccc2)c2ccc(OP3(Oc4ccc(C(Nc5ccccc5)P5(=O)Oc6ccccc6-c6ccccc65)cc4)=NP(Oc4ccc(C(Nc5ccccc5)P5(=O)Oc6ccccc6-c6ccccc65)cc4)(Oc4ccc(C(Nc5ccccc5)P5(=O)Oc6ccccc6-c6ccccc65)cc4)=NP(Oc4ccc(C(Nc5ccccc5)P5(=O)Oc6ccccc6-c6ccccc65)cc4)(Oc4ccc(C(N(CC5CO5)c5ccccc5)P5(=O)Oc6ccccc6-c6ccccc65)cc4)=N3)cc2)Oc2ccccc2-c2ccccc21,10.094983361887397,4.565133077741228,0.0,0.0,0.0,False,False,"Parent=TRAIN_041 (CTP-DOPO); Change=Introduced one glycidyl substituent on an N–H site. Regioisomer 1.; Attachment=NH_site_1; One-factor computational analogue. Parent_Tanimoto_r3=0.708; Max_Train_Tanimoto_r3=0.708; Risk=high molecular weight; high DOPO count; exploratory only; excluded from formal screening. Synthesis route, regioselectivity, stability, equivalent balance and EP compatibility require manual review.",True,True,True,False,synthesis_level_C_or_missing,6,1.0,1.0,0.0,0.0,0.0,2.0,Candidate
LIB_0202,CAND_R2_043,CTP-DOPO-NH-glycidyl-all,O=P1(C(c2ccc(OP3(Oc4ccc(C(N(CC5CO5)c5ccc(O)cc5)P5(=O)Oc6ccccc6-c6ccccc65)cc4)=NP(Oc4ccc(C(N(CC5CO5)c5ccc(O)cc5)P5(=O)Oc6ccccc6-c6ccccc65)cc4)(Oc4ccc(C(N(CC5CO5)c5ccc(O)cc5)P5(=O)Oc6ccccc6-c6ccccc65)cc4)=NP(Oc4ccc(C(N(CC5CO5)c5ccc(O)cc5)P5(=O)Oc6ccccc6-c6ccccc65)cc4)(Oc4ccc(C(N(CC5CO5)c5ccc(O)cc5)P5(=O)Oc6ccccc6-c6ccccc65)cc4)=N3)cc2)N(CC2CO2)c2ccc(O)cc2)Oc2ccccc2-c2ccccc21,O=P1(C(c2ccc(OP3(Oc4ccc(C(N(CC5CO5)c5ccc(O)cc5)P5(=O)Oc6ccccc6-c6ccccc65)cc4)=NP(Oc4ccc(C(N(CC5CO5)c5ccc(O)cc5)P5(=O)Oc6ccccc6-c6ccccc65)cc4)(Oc4ccc(C(N(CC5CO5)c5ccc(O)cc5)P5(=O)Oc6ccccc6-c6ccccc65)cc4)=NP(Oc4ccc(C(N(CC5CO5)c5ccc(O)cc5)P5(=O)Oc6ccccc6-c6ccccc65)cc4)(Oc4ccc(C(N(CC5CO5)c5ccc(O)cc5)P5(=O)Oc6ccccc6-c6ccccc65)cc4)=N3)cc2)N(CC2CO2)c2ccc(O)cc2)Oc2ccccc2-c2ccccc21,,DOPO-based (Co-curing),Designed,designed,P-N,6,N-glycidyl-all,epoxy,Co-curing,C,3041.7509999999893,O=P1(C(c2ccc(OP3(Oc4ccc(C(N(CC5CO5)c5ccccc5)P5(=O)Oc6ccccc6-c6ccccc65)cc4)=NP(Oc4ccc(C(N(CC5CO5)c5ccccc5)P5(=O)Oc6ccccc6-c6ccccc65)cc4)(Oc4ccc(C(N(CC5CO5)c5ccccc5)P5(=O)Oc6ccccc6-c6ccccc65)cc4)=NP(Oc4ccc(C(N(CC5CO5)c5ccccc5)P5(=O)Oc6ccccc6-c6ccccc65)cc4)(Oc4ccc(C(N(CC5CO5)c5ccccc5)P5(=O)Oc6ccccc6-c6ccccc65)cc4)=N3)cc2)N(CC2CO2)c2ccccc2)Oc2ccccc2-c2ccccc21,9.164655489551938,4.144422077941306,0.0,0.0,0.0,False,False,"Parent=TRAIN_041 (CTP-DOPO); Change=Introduced one glycidyl substituent on an N–H site. Converted all N–H sites.; Attachment=all_NH; One-factor computational analogue. Parent_Tanimoto_r3=0.528; Max_Train_Tanimoto_r3=0.528; Risk=high molecular weight; high DOPO count; large structural change from parent; candidate may be outside strict in-domain threshold; exploratory only; excluded from formal screening. Synthesis route, regioselectivity, stability, equivalent balance and EP compatibility require manual review.",True,True,True,False,synthesis_level_C_or_missing,6,1.0,1.0,0.0,0.0,0.0,2.0,Candidate
LIB_0203,CAND_R2_044,PBD-amino,N#Cc1ccc(Oc2cccc(NC(c3ccc(C(Nc4cccc(Oc5cc(N)c(C#N)c(C#N)c5)c4)P4(=O)Oc5ccccc5-c5ccccc54)cc3)P3(=O)Oc4ccccc4-c4ccccc43)c2)cc1C#N,N#Cc1ccc(Oc2cccc(NC(c3ccc(C(Nc4cccc(Oc5cc(N)c(C#N)c(C#N)c5)c4)P4(=O)Oc5ccccc5-c5ccccc54)cc3)P3(=O)Oc4ccccc4-c4ccccc43)c2)cc1C#N,,DOPO-based (Co-curing),Designed,designed,P-N,2,aryl-amino,NH2,Co-curing,B,1015.9630000000002,O=P1(C(Nc2cccc(Oc3ccccc3)c2)c2ccc(C(Nc3cccc(Oc4ccccc4)c3)P3(=O)Oc4ccccc4-c4ccccc43)cc2)Oc2ccccc2-c2ccccc21,6.097466147881368,9.650843583870671,0.0,0.0,0.0,False,True,"Parent=TRAIN_020 (PBD); Change=Added amino at aromatic atom 28.; Attachment=peripheral_aromatic; One-factor computational analogue. Parent_Tanimoto_r3=0.830; Max_Train_Tanimoto_r3=0.830; Risk=none. Synthesis route, regioselectivity, stability, equivalent balance and EP compatibility require manual review.",True,True,True,True,eligible,2,1.0,1.0,0.0,0.0,0.0,2.0,Candidate
LIB_0204,CAND_R2_045,PBD-hydroxy,N#Cc1ccc(Oc2cccc(NC(c3ccc(C(Nc4cccc(Oc5cc(O)c(C#N)c(C#N)c5)c4)P4(=O)Oc5ccccc5-c5ccccc54)cc3)P3(=O)Oc4ccccc4-c4ccccc43)c2)cc1C#N,N#Cc1ccc(Oc2cccc(NC(c3ccc(C(Nc4cccc(Oc5cc(O)c(C#N)c(C#N)c5)c4)P4(=O)Oc5ccccc5-c5ccccc54)cc3)P3(=O)Oc4ccccc4-c4ccccc43)c2)cc1C#N,,DOPO-based (additive),Designed,designed,P-N,2,aryl-hydroxy,OH,Additive,B,1016.9470000000001,O=P1(C(Nc2cccc(Oc3ccccc3)c2)c2ccc(C(Nc3cccc(Oc4ccccc4)c3)P3(=O)Oc4ccccc4-c4ccccc43)cc2)Oc2ccccc2-c2ccccc21,6.091566227148514,8.264147492445526,0.0,0.0,0.0,False,True,"Parent=TRAIN_020 (PBD); Change=Added hydroxy at aromatic atom 28.; Attachment=peripheral_aromatic; One-factor computational analogue. Parent_Tanimoto_r3=0.838; Max_Train_Tanimoto_r3=0.838; Risk=none. Synthesis route, regioselectivity, stability, equivalent balance and EP compatibility require manual review.",True,True,True,True,eligible,2,1.0,1.0,0.0,0.0,0.0,0.0,Candidate
LIB_0205,CAND_R2_046,PBD-hydroxymethyl,N#Cc1ccc(Oc2cccc(NC(c3ccc(C(Nc4cccc(Oc5cc(C#N)c(C#N)c(CO)c5)c4)P4(=O)Oc5ccccc5-c5ccccc54)cc3)P3(=O)Oc4ccccc4-c4ccccc43)c2)cc1C#N,N#Cc1ccc(Oc2cccc(NC(c3ccc(C(Nc4cccc(Oc5cc(C#N)c(C#N)c(CO)c5)c4)P4(=O)Oc5ccccc5-c5ccccc54)cc3)P3(=O)Oc4ccccc4-c4ccccc43)c2)cc1C#N,,DOPO-based (additive),Designed,designed,P-N,2,aryl-hydroxymethyl,CH2OH,Additive,B,1030.9740000000002,O=P1(C(Nc2cccc(Oc3ccccc3)c2)c2ccc(C(Nc3cccc(Oc4ccccc4)c3)P3(=O)Oc4ccccc4-c4ccccc43)cc2)Oc2ccccc2-c2ccccc21,6.008686930999229,8.15170896647248,0.0,0.0,0.0,False,True,"Parent=TRAIN_020 (PBD); Change=Added hydroxymethyl at aromatic atom 28.; Attachment=peripheral_aromatic; One-factor computational analogue. Parent_Tanimoto_r3=0.814; Max_Train_Tanimoto_r3=0.814; Risk=none. Synthesis route, regioselectivity, stability, equivalent balance and EP compatibility require manual review.",True,True,True,True,eligible,2,1.0,1.0,0.0,0.0,0.0,0.0,Candidate
LIB_0206,CAND_R2_047,PBD-carboxamide,N#Cc1ccc(Oc2cccc(NC(c3ccc(C(Nc4cccc(Oc5cc(C#N)c(C#N)c(C(N)=O)c5)c4)P4(=O)Oc5ccccc5-c5ccccc54)cc3)P3(=O)Oc4ccccc4-c4ccccc43)c2)cc1C#N,N#Cc1ccc(Oc2cccc(NC(c3ccc(C(Nc4cccc(Oc5cc(C#N)c(C#N)c(C(N)=O)c5)c4)P4(=O)Oc5ccccc5-c5ccccc54)cc3)P3(=O)Oc4ccccc4-c4ccccc43)c2)cc1C#N,,DOPO-based (additive),Designed,designed,P-N,2,aryl-carboxamide,amide,Additive,B,1043.9730000000004,O=P1(C(Nc2cccc(Oc3ccccc3)c2)c2ccc(C(Nc3cccc(Oc4ccccc4)c3)P3(=O)Oc4ccccc4-c4ccccc43)cc2)Oc2ccccc2-c2ccccc21,5.933869937249333,9.391909560879444,0.0,0.0,0.0,False,True,"Parent=TRAIN_020 (PBD); Change=Added carboxamide at aromatic atom 28.; Attachment=peripheral_aromatic; One-factor computational analogue. Parent_Tanimoto_r3=0.798; Max_Train_Tanimoto_r3=0.798; Risk=none. Synthesis route, regioselectivity, stability, equivalent balance and EP compatibility require manual review.",True,True,True,True,eligible,2,1.0,1.0,0.0,0.0,0.0,0.0,Candidate
LIB_0207,CAND_R2_048,PBD-boronic-acid,N#Cc1ccc(Oc2cccc(NC(c3ccc(C(Nc4cccc(Oc5cc(C#N)c(C#N)c(B(O)O)c5)c4)P4(=O)Oc5ccccc5-c5ccccc54)cc3)P3(=O)Oc4ccccc4-c4ccccc43)c2)cc1C#N,N#Cc1ccc(Oc2cccc(NC(c3ccc(C(Nc4cccc(Oc5cc(C#N)c(C#N)c(B(O)O)c5)c4)P4(=O)Oc5ccccc5-c5ccccc54)cc3)P3(=O)Oc4ccccc4-c4ccccc43)c2)cc1C#N,,DOPO-based (additive),Designed,designed,P-N-B,2,aryl-boronic-acid,B(OH)2,Additive,B,1044.7660000000003,O=P1(C(Nc2cccc(Oc3ccccc3)c2)c2ccc(C(Nc3cccc(Oc4ccccc4)c3)P3(=O)Oc4ccccc4-c4ccccc43)cc2)Oc2ccccc2-c2ccccc21,5.929366001573556,8.044097912834069,0.0,1.0348728806259007,0.0,False,True,"Parent=TRAIN_020 (PBD); Change=Added boronic_acid at aromatic atom 28.; Attachment=peripheral_aromatic; One-factor computational analogue. Parent_Tanimoto_r3=0.806; Max_Train_Tanimoto_r3=0.806; Risk=none. Synthesis route, regioselectivity, stability, equivalent balance and EP compatibility require manual review.",True,True,True,True,eligible,2,1.0,1.0,0.0,1.0,0.0,0.0,Candidate
LIB_0208,CAND_R2_049,PBD-pinacol-boronate,CC1(C)OB(c2cc(Oc3cccc(NC(c4ccc(C(Nc5cccc(Oc6ccc(C#N)c(C#N)c6)c5)P5(=O)Oc6ccccc6-c6ccccc65)cc4)P4(=O)Oc5ccccc5-c5ccccc54)c3)cc(C#N)c2C#N)OC1(C)C,CC1(C)OB(c2cc(Oc3cccc(NC(c4ccc(C(Nc5cccc(Oc6ccc(C#N)c(C#N)c6)c5)P5(=O)Oc6ccccc6-c6ccccc65)cc4)P4(=O)Oc5ccccc5-c5ccccc54)c3)cc(C#N)c2C#N)OC1(C)C,,DOPO-based (additive),Designed,designed,P-N-B,2,aryl-pinacol-boronate,pinacol boronate,Additive,B,1126.9119999999998,O=P1(C(Nc2cccc(Oc3ccccc3)c2)c2ccc(C(Nc3cccc(Oc4cccc(B5OCCO5)c4)c3)P3(=O)Oc4ccccc4-c4ccccc43)cc2)Oc2ccccc2-c2ccccc21,5.497146183552932,7.457725181735577,0.0,0.959436051794639,0.0,False,True,"Parent=TRAIN_020 (PBD); Change=Added pinacol_boronate at aromatic atom 28.; Attachment=peripheral_aromatic; One-factor computational analogue. Parent_Tanimoto_r3=0.748; Max_Train_Tanimoto_r3=0.748; Risk=none. Synthesis route, regioselectivity, stability, equivalent balance and EP compatibility require manual review.",True,True,True,True,eligible,2,1.0,1.0,0.0,1.0,0.0,0.0,Candidate
LIB_0209,CAND_R2_050,PBD-trimethoxysilyl,CO[Si](OC)(OC)c1cc(Oc2cccc(NC(c3ccc(C(Nc4cccc(Oc5ccc(C#N)c(C#N)c5)c4)P4(=O)Oc5ccccc5-c5ccccc54)cc3)P3(=O)Oc4ccccc4-c4ccccc43)c2)cc(C#N)c1C#N,CO[Si](OC)(OC)c1cc(Oc2cccc(NC(c3ccc(C(Nc4cccc(Oc5ccc(C#N)c(C#N)c5)c4)P4(=O)Oc5ccccc5-c5ccccc54)cc3)P3(=O)Oc4ccccc4-c4ccccc43)c2)cc(C#N)c1C#N,,DOPO-based (additive+ Secondary Crosslinking),Designed,designed,P-N-Si,2,aryl-trimethoxysilyl,Si(OCH3)3,Additive + Secondary Crosslinking,B,1121.1280000000004,O=P1(C(Nc2cccc(Oc3ccccc3)c2)c2ccc(C(Nc3cccc(Oc4ccccc4)c3)P3(=O)Oc4ccccc4-c4ccccc43)cc2)Oc2ccccc2-c2ccccc21,5.525506454213969,7.496200255457002,0.0,0.0,2.505155521938618,False,True,"Parent=TRAIN_020 (PBD); Change=Added trimethoxysilyl at aromatic atom 28.; Attachment=peripheral_aromatic; One-factor computational analogue. Parent_Tanimoto_r3=0.783; Max_Train_Tanimoto_r3=0.783; Risk=none. Synthesis route, regioselectivity, stability, equivalent balance and EP compatibility require manual review.",True,True,True,True,eligible,2,1.0,1.0,0.0,0.0,1.0,3.0,Candidate
LIB_0210,CAND_R2_051,PBD-triethoxysilyl,CCO[Si](OCC)(OCC)c1cc(Oc2cccc(NC(c3ccc(C(Nc4cccc(Oc5ccc(C#N)c(C#N)c5)c4)P4(=O)Oc5ccccc5-c5ccccc54)cc3)P3(=O)Oc4ccccc4-c4ccccc43)c2)cc(C#N)c1C#N,CCO[Si](OCC)(OCC)c1cc(Oc2cccc(NC(c3ccc(C(Nc4cccc(Oc5ccc(C#N)c(C#N)c5)c4)P4(=O)Oc5ccccc5-c5ccccc54)cc3)P3(=O)Oc4ccccc4-c4ccccc43)c2)cc(C#N)c1C#N,,DOPO-based (additive+ Secondary Crosslinking),Designed,designed,P-N-Si,2,aryl-triethoxysilyl,Si(OC2H5)3,Additive + Secondary Crosslinking,B,1163.209,O=P1(C(Nc2cccc(Oc3ccccc3)c2)c2ccc(C(Nc3cccc(Oc4ccccc4)c3)P3(=O)Oc4ccccc4-c4ccccc43)cc2)Oc2ccccc2-c2ccccc21,5.325612164280022,7.225012873868755,0.0,0.0,2.4145273979138744,False,True,"Parent=TRAIN_020 (PBD); Change=Added triethoxysilyl at aromatic atom 28.; Attachment=peripheral_aromatic; One-factor computational analogue. Parent_Tanimoto_r3=0.755; Max_Train_Tanimoto_r3=0.755; Risk=none. Synthesis route, regioselectivity, stability, equivalent balance and EP compatibility require manual review.",True,True,True,True,eligible,2,1.0,1.0,0.0,0.0,1.0,3.0,Candidate
LIB_0211,CAND_R2_052,PBD-disiloxane,C[Si](C)(C)O[Si](C)(C)c1cc(Oc2cccc(NC(c3ccc(C(Nc4cccc(Oc5ccc(C#N)c(C#N)c5)c4)P4(=O)Oc5ccccc5-c5ccccc54)cc3)P3(=O)Oc4ccccc4-c4ccccc43)c2)cc(C#N)c1C#N,C[Si](C)(C)O[Si](C)(C)c1cc(Oc2cccc(NC(c3ccc(C(Nc4cccc(Oc5ccc(C#N)c(C#N)c5)c4)P4(=O)Oc5ccccc5-c5ccccc54)cc3)P3(=O)Oc4ccccc4-c4ccccc43)c2)cc(C#N)c1C#N,,DOPO-based (additive),Designed,designed,P-N-Si,2,short-disiloxane,none,Additive,B,1147.286,O=P1(C(Nc2cccc(Oc3ccccc3)c2)c2ccc(C(Nc3cccc(Oc4ccccc4)c3)P3(=O)Oc4ccccc4-c4ccccc43)cc2)Oc2ccccc2-c2ccccc21,5.399525488849337,7.3252876789222565,0.0,0.0,4.8960764796223435,False,True,"Parent=TRAIN_020 (PBD); Change=Added disiloxane at aromatic atom 28.; Attachment=peripheral_aromatic; One-factor computational analogue. Parent_Tanimoto_r3=0.776; Max_Train_Tanimoto_r3=0.776; Risk=none. Synthesis route, regioselectivity, stability, equivalent balance and EP compatibility require manual review.",True,True,True,True,eligible,2,1.0,1.0,0.0,0.0,1.0,0.0,Candidate
LIB_0212,CAND_R2_053,PBD-glycidyloxy,N#Cc1ccc(Oc2cccc(NC(c3ccc(C(Nc4cccc(Oc5cc(C#N)c(C#N)c(OCC6CO6)c5)c4)P4(=O)Oc5ccccc5-c5ccccc54)cc3)P3(=O)Oc4ccccc4-c4ccccc43)c2)cc1C#N,N#Cc1ccc(Oc2cccc(NC(c3ccc(C(Nc4cccc(Oc5cc(C#N)c(C#N)c(OCC6CO6)c5)c4)P4(=O)Oc5ccccc5-c5ccccc54)cc3)P3(=O)Oc4ccccc4-c4ccccc43)c2)cc1C#N,,DOPO-based (Co-curing),Designed,designed,P-N,2,aryl-glycidyl-ether,epoxy,Co-curing,B,1073.0110000000004,O=P1(C(Nc2cccc(Oc3ccccc3)c2)c2ccc(C(Nc3cccc(Oc4cccc(OCC5CO5)c4)c3)P3(=O)Oc4ccccc4-c4ccccc43)cc2)Oc2ccccc2-c2ccccc21,5.773286573949379,7.8323521380489085,0.0,0.0,0.0,False,True,"Parent=TRAIN_020 (PBD); Change=Added glycidyloxy at aromatic atom 28.; Attachment=peripheral_aromatic; One-factor computational analogue. Parent_Tanimoto_r3=0.755; Max_Train_Tanimoto_r3=0.755; Risk=none. Synthesis route, regioselectivity, stability, equivalent balance and EP compatibility require manual review.",True,True,True,True,eligible,2,1.0,1.0,0.0,0.0,0.0,2.0,Candidate
LIB_0213,CAND_R2_054,PBD-diaminotriazine,N#Cc1ccc(Oc2cccc(NC(c3ccc(C(Nc4cccc(Oc5cc(C#N)c(C#N)c(-c6nc(N)nc(N)n6)c5)c4)P4(=O)Oc5ccccc5-c5ccccc54)cc3)P3(=O)Oc4ccccc4-c4ccccc43)c2)cc1C#N,N#Cc1ccc(Oc2cccc(NC(c3ccc(C(Nc4cccc(Oc5cc(C#N)c(C#N)c(-c6nc(N)nc(N)n6)c5)c4)P4(=O)Oc5ccccc5-c5ccccc54)cc3)P3(=O)Oc4ccccc4-c4ccccc43)c2)cc1C#N,,DOPO-based (Co-curing),Designed,designed,P-N,2,"diamino-1,3,5-triazine",NH2,Co-curing,B,1110.0400000000002,O=P1(C(Nc2cccc(Oc3ccccc3)c2)c2ccc(C(Nc3cccc(Oc4cccc(-c5ncncn5)c4)c3)P3(=O)Oc4ccccc4-c4ccccc43)cc2)Oc2ccccc2-c2ccccc21,5.580699794601996,13.880310619437136,0.0,0.0,0.0,False,True,"Parent=TRAIN_020 (PBD); Change=Added diaminotriazine at aromatic atom 28.; Attachment=peripheral_aromatic; One-factor computational analogue. Parent_Tanimoto_r3=0.755; Max_Train_Tanimoto_r3=0.755; Risk=none. Synthesis route, regioselectivity, stability, equivalent balance and EP compatibility require manual review.",True,True,True,True,eligible,2,1.0,1.0,0.0,0.0,0.0,2.0,Candidate
LIB_0214,CAND_R2_055,PBD-piperazine,N#Cc1ccc(Oc2cccc(NC(c3ccc(C(Nc4cccc(Oc5cc(C#N)c(C#N)c(N6CCNCC6)c5)c4)P4(=O)Oc5ccccc5-c5ccccc54)cc3)P3(=O)Oc4ccccc4-c4ccccc43)c2)cc1C#N,N#Cc1ccc(Oc2cccc(NC(c3ccc(C(Nc4cccc(Oc5cc(C#N)c(C#N)c(N6CCNCC6)c5)c4)P4(=O)Oc5ccccc5-c5ccccc54)cc3)P3(=O)Oc4ccccc4-c4ccccc43)c2)cc1C#N,,DOPO-based (Co-curing),Designed,designed,P-N,2,piperazine,NH,Co-curing,B,1085.0700000000004,O=P1(C(Nc2cccc(Oc3ccccc3)c2)c2ccc(C(Nc3cccc(Oc4cccc(N5CCNCC5)c4)c3)P3(=O)Oc4ccccc4-c4ccccc43)cc2)Oc2ccccc2-c2ccccc21,5.709124756928123,10.327075672537251,0.0,0.0,0.0,False,True,"Parent=TRAIN_020 (PBD); Change=Added piperazine at aromatic atom 28.; Attachment=peripheral_aromatic; One-factor computational analogue. Parent_Tanimoto_r3=0.741; Max_Train_Tanimoto_r3=0.741; Risk=none. Synthesis route, regioselectivity, stability, equivalent balance and EP compatibility require manual review.",True,True,True,True,eligible,2,1.0,1.0,0.0,0.0,0.0,2.0,Candidate
LIB_0215,CAND_R2_056,PBD-benzamide-linker,N#Cc1ccc(Oc2cccc(NC(c3ccc(C(Nc4cccc(Oc5cc(C#N)c(C#N)c(NC(=O)c6ccccc6)c5)c4)P4(=O)Oc5ccccc5-c5ccccc54)cc3)P3(=O)Oc4ccccc4-c4ccccc43)c2)cc1C#N,N#Cc1ccc(Oc2cccc(NC(c3ccc(C(Nc4cccc(Oc5cc(C#N)c(C#N)c(NC(=O)c6ccccc6)c5)c4)P4(=O)Oc5ccccc5-c5ccccc54)cc3)P3(=O)Oc4ccccc4-c4ccccc43)c2)cc1C#N,,DOPO-based (additive),Designed,designed,P-N,2,benzamide,amide,Additive,B,1120.0710000000004,O=C(Nc1cccc(Oc2cccc(NC(c3ccc(C(Nc4cccc(Oc5ccccc5)c4)P4(=O)Oc5ccccc5-c5ccccc54)cc3)P3(=O)Oc4ccccc4-c4ccccc43)c2)c1)c1ccccc1,5.530720820376564,8.753820070334823,0.0,0.0,0.0,False,True,"Parent=TRAIN_020 (PBD); Change=Added benzamide_linker at aromatic atom 28.; Attachment=peripheral_aromatic; One-factor computational analogue. Parent_Tanimoto_r3=0.728; Max_Train_Tanimoto_r3=0.728; Risk=none. Synthesis route, regioselectivity, stability, equivalent balance and EP compatibility require manual review.",True,True,True,True,eligible,2,1.0,1.0,0.0,0.0,0.0,0.0,Candidate
LIB_0216,CAND_R2_057,PBD-phenyl,N#Cc1ccc(Oc2cccc(NC(c3ccc(C(Nc4cccc(Oc5cc(C#N)c(C#N)c(-c6ccccc6)c5)c4)P4(=O)Oc5ccccc5-c5ccccc54)cc3)P3(=O)Oc4ccccc4-c4ccccc43)c2)cc1C#N,N#Cc1ccc(Oc2cccc(NC(c3ccc(C(Nc4cccc(Oc5cc(C#N)c(C#N)c(-c6ccccc6)c5)c4)P4(=O)Oc5ccccc5-c5ccccc54)cc3)P3(=O)Oc4ccccc4-c4ccccc43)c2)cc1C#N,,DOPO-based (additive),Designed,designed,P-N,2,phenyl,none,Additive,B,1077.0460000000005,O=P1(C(Nc2cccc(Oc3ccccc3)c2)c2ccc(C(Nc3cccc(Oc4cccc(-c5ccccc5)c4)c3)P3(=O)Oc4ccccc4-c4ccccc43)cc2)Oc2ccccc2-c2ccccc21,5.7516577750625295,7.803009342219363,0.0,0.0,0.0,False,True,"Parent=TRAIN_020 (PBD); Change=Added phenyl at aromatic atom 28.; Attachment=peripheral_aromatic; One-factor computational analogue. Parent_Tanimoto_r3=0.790; Max_Train_Tanimoto_r3=0.790; Risk=none. Synthesis route, regioselectivity, stability, equivalent balance and EP compatibility require manual review.",True,True,True,True,eligible,2,1.0,1.0,0.0,0.0,0.0,0.0,Candidate
LIB_0217,CAND_R2_058,PBD-biphenyl,N#Cc1ccc(Oc2cccc(NC(c3ccc(C(Nc4cccc(Oc5cc(C#N)c(C#N)c(-c6ccc(-c7ccccc7)cc6)c5)c4)P4(=O)Oc5ccccc5-c5ccccc54)cc3)P3(=O)Oc4ccccc4-c4ccccc43)c2)cc1C#N,N#Cc1ccc(Oc2cccc(NC(c3ccc(C(Nc4cccc(Oc5cc(C#N)c(C#N)c(-c6ccc(-c7ccccc7)cc6)c5)c4)P4(=O)Oc5ccccc5-c5ccccc54)cc3)P3(=O)Oc4ccccc4-c4ccccc43)c2)cc1C#N,,DOPO-based (additive),Designed,designed,P-N,2,biphenyl,none,Additive,B,1153.1440000000005,O=P1(C(Nc2cccc(Oc3ccccc3)c2)c2ccc(C(Nc3cccc(Oc4cccc(-c5ccc(-c6ccccc6)cc5)c4)c3)P3(=O)Oc4ccccc4-c4ccccc43)cc2)Oc2ccccc2-c2ccccc21,5.3720957660101405,7.2880750365956,0.0,0.0,0.0,False,True,"Parent=TRAIN_020 (PBD); Change=Added biphenyl at aromatic atom 28.; Attachment=peripheral_aromatic; One-factor computational analogue. Parent_Tanimoto_r3=0.748; Max_Train_Tanimoto_r3=0.748; Risk=none. Synthesis route, regioselectivity, stability, equivalent balance and EP compatibility require manual review.",True,True,True,True,eligible,2,1.0,1.0,0.0,0.0,0.0,0.0,Candidate
LIB_0218,CAND_R2_059,PBD-nitrile-to-amide,N#Cc1ccc(Oc2cccc(NC(c3ccc(C(Nc4cccc(Oc5ccc(C#N)c(C(N)=O)c5)c4)P4(=O)Oc5ccccc5-c5ccccc54)cc3)P3(=O)Oc4ccccc4-c4ccccc43)c2)cc1C#N,N#Cc1ccc(Oc2cccc(NC(c3ccc(C(Nc4cccc(Oc5ccc(C#N)c(C(N)=O)c5)c4)P4(=O)Oc5ccccc5-c5ccccc54)cc3)P3(=O)Oc4ccccc4-c4ccccc43)c2)cc1C#N,,DOPO-based (additive),Designed,designed,P-N,2,nitrile-to-amide,amide,Additive,B,1018.9630000000002,O=P1(C(Nc2cccc(Oc3ccccc3)c2)c2ccc(C(Nc3cccc(Oc4ccccc4)c3)P3(=O)Oc4ccccc4-c4ccccc43)cc2)Oc2ccccc2-c2ccccc21,6.079514172742287,8.247797025014647,0.0,0.0,0.0,False,True,"Parent=TRAIN_020 (PBD); Change=Converted one nitrile to a primary amide. Regioisomer 2.; Attachment=site_2; One-factor computational analogue. Parent_Tanimoto_r3=0.847; Max_Train_Tanimoto_r3=0.847; Risk=none. Synthesis route, regioselectivity, stability, equivalent balance and EP compatibility require manual review.",True,True,True,True,eligible,2,1.0,1.0,0.0,0.0,0.0,0.0,Candidate
LIB_0219,CAND_R2_060,PBD-nitrile-to-amide-all,NC(=O)c1ccc(Oc2cccc(NC(c3ccc(C(Nc4cccc(Oc5ccc(C(N)=O)c(C(N)=O)c5)c4)P4(=O)Oc5ccccc5-c5ccccc54)cc3)P3(=O)Oc4ccccc4-c4ccccc43)c2)cc1C(N)=O,NC(=O)c1ccc(Oc2cccc(NC(c3ccc(C(Nc4cccc(Oc5ccc(C(N)=O)c(C(N)=O)c5)c4)P4(=O)Oc5ccccc5-c5ccccc54)cc3)P3(=O)Oc4ccccc4-c4ccccc43)c2)cc1C(N)=O,,DOPO-based (additive),Designed,designed,P-N,2,nitrile-to-amide-all,amide,Additive,B,1073.0080000000005,O=P1(C(Nc2cccc(Oc3ccccc3)c2)c2ccc(C(Nc3cccc(Oc4ccccc4)c3)P3(=O)Oc4ccccc4-c4ccccc43)cc2)Oc2ccccc2-c2ccccc21,5.7733027153571985,7.832374036353873,0.0,0.0,0.0,False,True,"Parent=TRAIN_020 (PBD); Change=Converted one nitrile to a primary amide. Converted all matching groups.; Attachment=all_sites; One-factor computational analogue. Parent_Tanimoto_r3=0.680; Max_Train_Tanimoto_r3=0.680; Risk=candidate may be outside strict in-domain threshold. Synthesis route, regioselectivity, stability, equivalent balance and EP compatibility require manual review.",True,True,True,True,eligible,2,1.0,1.0,0.0,0.0,0.0,0.0,Candidate
LIB_0220,CAND_R2_061,PBD-nitrile-to-acid,N#Cc1ccc(Oc2cccc(NC(c3ccc(C(Nc4cccc(Oc5ccc(C(=O)O)c(C#N)c5)c4)P4(=O)Oc5ccccc5-c5ccccc54)cc3)P3(=O)Oc4ccccc4-c4ccccc43)c2)cc1C#N,N#Cc1ccc(Oc2cccc(NC(c3ccc(C(Nc4cccc(Oc5ccc(C(=O)O)c(C#N)c5)c4)P4(=O)Oc5ccccc5-c5ccccc54)cc3)P3(=O)Oc4ccccc4-c4ccccc43)c2)cc1C#N,,DOPO-based (additive),Designed,designed,P-N,2,nitrile-to-carboxylic-acid,COOH,Additive,B,1019.9470000000001,O=P1(C(Nc2cccc(Oc3ccccc3)c2)c2ccc(C(Nc3cccc(Oc4ccccc4)c3)P3(=O)Oc4ccccc4-c4ccccc43)cc2)Oc2ccccc2-c2ccccc21,6.073648924895116,6.866533261041995,0.0,0.0,0.0,False,True,"Parent=TRAIN_020 (PBD); Change=Converted one nitrile to a carboxylic acid. Regioisomer 1.; Attachment=site_1; One-factor computational analogue. Parent_Tanimoto_r3=0.865; Max_Train_Tanimoto_r3=0.865; Risk=none. Synthesis route, regioselectivity, stability, equivalent balance and EP compatibility require manual review.",True,True,True,True,eligible,2,1.0,1.0,0.0,0.0,0.0,0.0,Candidate
LIB_0221,CAND_R2_062,PBD-nitrile-to-acid-2,N#Cc1ccc(Oc2cccc(NC(c3ccc(C(Nc4cccc(Oc5ccc(C#N)c(C(=O)O)c5)c4)P4(=O)Oc5ccccc5-c5ccccc54)cc3)P3(=O)Oc4ccccc4-c4ccccc43)c2)cc1C#N,N#Cc1ccc(Oc2cccc(NC(c3ccc(C(Nc4cccc(Oc5ccc(C#N)c(C(=O)O)c5)c4)P4(=O)Oc5ccccc5-c5ccccc54)cc3)P3(=O)Oc4ccccc4-c4ccccc43)c2)cc1C#N,,DOPO-based (additive),Designed,designed,P-N,2,nitrile-to-carboxylic-acid,COOH,Additive,B,1019.9470000000001,O=P1(C(Nc2cccc(Oc3ccccc3)c2)c2ccc(C(Nc3cccc(Oc4ccccc4)c3)P3(=O)Oc4ccccc4-c4ccccc43)cc2)Oc2ccccc2-c2ccccc21,6.073648924895116,6.866533261041995,0.0,0.0,0.0,False,True,"Parent=TRAIN_020 (PBD); Change=Converted one nitrile to a carboxylic acid. Regioisomer 2.; Attachment=site_2; One-factor computational analogue. Parent_Tanimoto_r3=0.856; Max_Train_Tanimoto_r3=0.856; Risk=none. Synthesis route, regioselectivity, stability, equivalent balance and EP compatibility require manual review.",True,True,True,True,eligible,2,1.0,1.0,0.0,0.0,0.0,0.0,Candidate
LIB_0222,CAND_R2_063,PBD-nitrile-to-acid-all,O=C(O)c1ccc(Oc2cccc(NC(c3ccc(C(Nc4cccc(Oc5ccc(C(=O)O)c(C(=O)O)c5)c4)P4(=O)Oc5ccccc5-c5ccccc54)cc3)P3(=O)Oc4ccccc4-c4ccccc43)c2)cc1C(=O)O,O=C(O)c1ccc(Oc2cccc(NC(c3ccc(C(Nc4cccc(Oc5ccc(C(=O)O)c(C(=O)O)c5)c4)P4(=O)Oc5ccccc5-c5ccccc54)cc3)P3(=O)Oc4ccccc4-c4ccccc43)c2)cc1C(=O)O,,DOPO-based (additive),Designed,designed,P-N,2,nitrile-to-carboxylic-acid-all,COOH,Additive,B,1076.9440000000004,O=P1(C(Nc2cccc(Oc3ccccc3)c2)c2ccc(C(Nc3cccc(Oc4ccccc4)c3)P3(=O)Oc4ccccc4-c4ccccc43)cc2)Oc2ccccc2-c2ccccc21,5.752202528636585,2.601249461439034,0.0,0.0,0.0,False,True,"Parent=TRAIN_020 (PBD); Change=Converted one nitrile to a carboxylic acid. Converted all matching groups.; Attachment=all_sites; One-factor computational analogue. Parent_Tanimoto_r3=0.687; Max_Train_Tanimoto_r3=0.687; Risk=candidate may be outside strict in-domain threshold. Synthesis route, regioselectivity, stability, equivalent balance and EP compatibility require manual review.",True,True,True,True,eligible,2,1.0,1.0,0.0,0.0,0.0,0.0,Candidate
LIB_0223,CAND_R2_064,PBD-nitrile-to-aminomethyl,N#Cc1ccc(Oc2cccc(NC(c3ccc(C(Nc4cccc(Oc5ccc(CN)c(C#N)c5)c4)P4(=O)Oc5ccccc5-c5ccccc54)cc3)P3(=O)Oc4ccccc4-c4ccccc43)c2)cc1C#N,N#Cc1ccc(Oc2cccc(NC(c3ccc(C(Nc4cccc(Oc5ccc(CN)c(C#N)c5)c4)P4(=O)Oc5ccccc5-c5ccccc54)cc3)P3(=O)Oc4ccccc4-c4ccccc43)c2)cc1C#N,,DOPO-based (Co-curing),Designed,designed,P-N,2,nitrile-to-aminomethyl,NH2,Co-curing,B,1004.9800000000001,O=P1(C(Nc2cccc(Oc3ccccc3)c2)c2ccc(C(Nc3cccc(Oc4ccccc4)c3)P3(=O)Oc4ccccc4-c4ccccc43)cc2)Oc2ccccc2-c2ccccc21,6.164102768214292,8.362554478696094,0.0,0.0,0.0,False,True,"Parent=TRAIN_020 (PBD); Change=Reduced one nitrile to an aminomethyl group. Regioisomer 1.; Attachment=site_1; One-factor computational analogue. Parent_Tanimoto_r3=0.856; Max_Train_Tanimoto_r3=0.856; Risk=none. Synthesis route, regioselectivity, stability, equivalent balance and EP compatibility require manual review.",True,True,True,True,eligible,2,1.0,1.0,0.0,0.0,0.0,2.0,Candidate
LIB_0224,CAND_R2_065,PBD-nitrile-to-aminomethyl-2,N#Cc1ccc(Oc2cccc(NC(c3ccc(C(Nc4cccc(Oc5ccc(C#N)c(CN)c5)c4)P4(=O)Oc5ccccc5-c5ccccc54)cc3)P3(=O)Oc4ccccc4-c4ccccc43)c2)cc1C#N,N#Cc1ccc(Oc2cccc(NC(c3ccc(C(Nc4cccc(Oc5ccc(C#N)c(CN)c5)c4)P4(=O)Oc5ccccc5-c5ccccc54)cc3)P3(=O)Oc4ccccc4-c4ccccc43)c2)cc1C#N,,DOPO-based (Co-curing),Designed,designed,P-N,2,nitrile-to-aminomethyl,NH2,Co-curing,B,1004.9800000000001,O=P1(C(Nc2cccc(Oc3ccccc3)c2)c2ccc(C(Nc3cccc(Oc4ccccc4)c3)P3(=O)Oc4ccccc4-c4ccccc43)cc2)Oc2ccccc2-c2ccccc21,6.164102768214292,8.362554478696094,0.0,0.0,0.0,False,True,"Parent=TRAIN_020 (PBD); Change=Reduced one nitrile to an aminomethyl group. Regioisomer 2.; Attachment=site_2; One-factor computational analogue. Parent_Tanimoto_r3=0.856; Max_Train_Tanimoto_r3=0.856; Risk=none. Synthesis route, regioselectivity, stability, equivalent balance and EP compatibility require manual review.",True,True,True,True,eligible,2,1.0,1.0,0.0,0.0,0.0,2.0,Candidate
LIB_0225,CAND_R2_066,PBD-nitrile-to-aminomethyl-all,NCc1ccc(Oc2cccc(NC(c3ccc(C(Nc4cccc(Oc5ccc(CN)c(CN)c5)c4)P4(=O)Oc5ccccc5-c5ccccc54)cc3)P3(=O)Oc4ccccc4-c4ccccc43)c2)cc1CN,NCc1ccc(Oc2cccc(NC(c3ccc(C(Nc4cccc(Oc5ccc(CN)c(CN)c5)c4)P4(=O)Oc5ccccc5-c5ccccc54)cc3)P3(=O)Oc4ccccc4-c4ccccc43)c2)cc1CN,,DOPO-based (Co-curing),Designed,designed,P-N,2,nitrile-to-aminomethyl-all,NH2,Co-curing,B,1017.0760000000001,O=P1(C(Nc2cccc(Oc3ccccc3)c2)c2ccc(C(Nc3cccc(Oc4ccccc4)c3)P3(=O)Oc4ccccc4-c4ccccc43)cc2)Oc2ccccc2-c2ccccc21,6.090793608343919,8.263099316078641,0.0,0.0,0.0,False,True,"Parent=TRAIN_020 (PBD); Change=Reduced one nitrile to an aminomethyl group. Converted all matching groups.; Attachment=all_sites; One-factor computational analogue. Parent_Tanimoto_r3=0.687; Max_Train_Tanimoto_r3=0.687; Risk=candidate may be outside strict in-domain threshold. Synthesis route, regioselectivity, stability, equivalent balance and EP compatibility require manual review.",True,True,True,True,eligible,2,1.0,1.0,0.0,0.0,0.0,2.0,Candidate
LIB_0226,CAND_R2_067,PBD-NH-methyl,CN(c1cccc(Oc2ccc(C#N)c(C#N)c2)c1)C(c1ccc(C(Nc2cccc(Oc3ccc(C#N)c(C#N)c3)c2)P2(=O)Oc3ccccc3-c3ccccc32)cc1)P1(=O)Oc2ccccc2-c2ccccc21,CN(c1cccc(Oc2ccc(C#N)c(C#N)c2)c1)C(c1ccc(C(Nc2cccc(Oc3ccc(C#N)c(C#N)c3)c2)P2(=O)Oc3ccccc3-c3ccccc32)cc1)P1(=O)Oc2ccccc2-c2ccccc21,,DOPO-based (additive),Designed,designed,P-N,2,N-methyl,none,Additive,B,1014.9750000000003,O=P1(C(Nc2cccc(Oc3ccccc3)c2)c2ccc(C(Nc3cccc(Oc4ccccc4)c3)P3(=O)Oc4ccccc4-c4ccccc43)cc2)Oc2ccccc2-c2ccccc21,6.103401561614817,8.280203945909996,0.0,0.0,0.0,False,True,"Parent=TRAIN_020 (PBD); Change=Methylated one free N–H site, reducing curing activity. Regioisomer 1.; Attachment=NH_site_1; One-factor computational analogue. Parent_Tanimoto_r3=0.769; Max_Train_Tanimoto_r3=0.769; Risk=none. Synthesis route, regioselectivity, stability, equivalent balance and EP compatibility require manual review.",True,True,True,True,eligible,2,1.0,1.0,0.0,0.0,0.0,0.0,Candidate
LIB_0227,CAND_R2_068,PBD-NH-methyl-all,CN(c1cccc(Oc2ccc(C#N)c(C#N)c2)c1)C(c1ccc(C(N(C)c2cccc(Oc3ccc(C#N)c(C#N)c3)c2)P2(=O)Oc3ccccc3-c3ccccc32)cc1)P1(=O)Oc2ccccc2-c2ccccc21,CN(c1cccc(Oc2ccc(C#N)c(C#N)c2)c1)C(c1ccc(C(N(C)c2cccc(Oc3ccc(C#N)c(C#N)c3)c2)P2(=O)Oc3ccccc3-c3ccccc32)cc1)P1(=O)Oc2ccccc2-c2ccccc21,,DOPO-based (additive),Designed,designed,P-N,2,N-methyl-all,none,Additive,B,1029.0020000000002,O=P1(C(Nc2cccc(Oc3ccccc3)c2)c2ccc(C(Nc3cccc(Oc4ccccc4)c3)P3(=O)Oc4ccccc4-c4ccccc43)cc2)Oc2ccccc2-c2ccccc21,6.0202020987325575,8.16733106446829,0.0,0.0,0.0,False,True,"Parent=TRAIN_020 (PBD); Change=Methylated one free N–H site, reducing curing activity. Converted all N–H sites.; Attachment=all_NH; One-factor computational analogue. Parent_Tanimoto_r3=0.565; Max_Train_Tanimoto_r3=0.565; Risk=large structural change from parent; candidate may be outside strict in-domain threshold. Synthesis route, regioselectivity, stability, equivalent balance and EP compatibility require manual review.",True,True,True,True,eligible,2,1.0,1.0,0.0,0.0,0.0,0.0,Candidate
LIB_0228,CAND_R2_069,PBD-NH-hydroxyethyl,N#Cc1ccc(Oc2cccc(NC(c3ccc(C(N(CCO)c4cccc(Oc5ccc(C#N)c(C#N)c5)c4)P4(=O)Oc5ccccc5-c5ccccc54)cc3)P3(=O)Oc4ccccc4-c4ccccc43)c2)cc1C#N,N#Cc1ccc(Oc2cccc(NC(c3ccc(C(N(CCO)c4cccc(Oc5ccc(C#N)c(C#N)c5)c4)P4(=O)Oc5ccccc5-c5ccccc54)cc3)P3(=O)Oc4ccccc4-c4ccccc43)c2)cc1C#N,,DOPO-based (additive),Designed,designed,P-N,2,N-hydroxyethyl,OH,Additive,B,1045.0010000000004,O=P1(C(Nc2cccc(Oc3ccccc3)c2)c2ccc(C(Nc3cccc(Oc4ccccc4)c3)P3(=O)Oc4ccccc4-c4ccccc43)cc2)Oc2ccccc2-c2ccccc21,5.928032604753486,8.04228895474741,0.0,0.0,0.0,False,True,"Parent=TRAIN_020 (PBD); Change=Introduced one hydroxyethyl substituent on an N–H site. Regioisomer 1.; Attachment=NH_site_1; One-factor computational analogue. Parent_Tanimoto_r3=0.735; Max_Train_Tanimoto_r3=0.735; Risk=none. Synthesis route, regioselectivity, stability, equivalent balance and EP compatibility require manual review.",True,True,True,True,eligible,2,1.0,1.0,0.0,0.0,0.0,0.0,Candidate
LIB_0229,CAND_R2_070,PBD-NH-hydroxyethyl-all,N#Cc1ccc(Oc2cccc(N(CCO)C(c3ccc(C(N(CCO)c4cccc(Oc5ccc(C#N)c(C#N)c5)c4)P4(=O)Oc5ccccc5-c5ccccc54)cc3)P3(=O)Oc4ccccc4-c4ccccc43)c2)cc1C#N,N#Cc1ccc(Oc2cccc(N(CCO)C(c3ccc(C(N(CCO)c4cccc(Oc5ccc(C#N)c(C#N)c5)c4)P4(=O)Oc5ccccc5-c5ccccc54)cc3)P3(=O)Oc4ccccc4-c4ccccc43)c2)cc1C#N,,DOPO-based (additive),Designed,designed,P-N,2,N-hydroxyethyl-all,OH,Additive,C,1089.0540000000003,O=P1(C(Nc2cccc(Oc3ccccc3)c2)c2ccc(C(Nc3cccc(Oc4ccccc4)c3)P3(=O)Oc4ccccc4-c4ccccc43)cc2)Oc2ccccc2-c2ccccc21,5.688239517966968,7.716972712096919,0.0,0.0,0.0,False,False,"Parent=TRAIN_020 (PBD); Change=Introduced one hydroxyethyl substituent on an N–H site. Converted all N–H sites.; Attachment=all_NH; One-factor computational analogue. Parent_Tanimoto_r3=0.540; Max_Train_Tanimoto_r3=0.540; Risk=large structural change from parent; candidate may be outside strict in-domain threshold; exploratory only; excluded from formal screening. Synthesis route, regioselectivity, stability, equivalent balance and EP compatibility require manual review.",True,True,True,False,synthesis_level_C_or_missing,2,1.0,1.0,0.0,0.0,0.0,0.0,Candidate
LIB_0230,CAND_R2_071,PBD-NH-glycidyl,N#Cc1ccc(Oc2cccc(NC(c3ccc(C(N(CC4CO4)c4cccc(Oc5ccc(C#N)c(C#N)c5)c4)P4(=O)Oc5ccccc5-c5ccccc54)cc3)P3(=O)Oc4ccccc4-c4ccccc43)c2)cc1C#N,N#Cc1ccc(Oc2cccc(NC(c3ccc(C(N(CC4CO4)c4cccc(Oc5ccc(C#N)c(C#N)c5)c4)P4(=O)Oc5ccccc5-c5ccccc54)cc3)P3(=O)Oc4ccccc4-c4ccccc43)c2)cc1C#N,,DOPO-based (Co-curing),Designed,designed,P-N,2,N-glycidyl,epoxy,Co-curing,B,1057.0120000000004,O=P1(C(Nc2cccc(Oc3ccccc3)c2)c2ccc(C(N(CC3CO3)c3cccc(Oc4ccccc4)c3)P3(=O)Oc4ccccc4-c4ccccc43)cc2)Oc2ccccc2-c2ccccc21,5.8606714020276005,7.950903111790592,0.0,0.0,0.0,False,True,"Parent=TRAIN_020 (PBD); Change=Introduced one glycidyl substituent on an N–H site. Regioisomer 1.; Attachment=NH_site_1; One-factor computational analogue. Parent_Tanimoto_r3=0.728; Max_Train_Tanimoto_r3=0.728; Risk=none. Synthesis route, regioselectivity, stability, equivalent balance and EP compatibility require manual review.",True,True,True,True,eligible,2,1.0,1.0,0.0,0.0,0.0,2.0,Candidate
LIB_0231,CAND_R2_072,PBD-NH-glycidyl-all,N#Cc1ccc(Oc2cccc(N(CC3CO3)C(c3ccc(C(N(CC4CO4)c4cccc(Oc5ccc(C#N)c(C#N)c5)c4)P4(=O)Oc5ccccc5-c5ccccc54)cc3)P3(=O)Oc4ccccc4-c4ccccc43)c2)cc1C#N,N#Cc1ccc(Oc2cccc(N(CC3CO3)C(c3ccc(C(N(CC4CO4)c4cccc(Oc5ccc(C#N)c(C#N)c5)c4)P4(=O)Oc5ccccc5-c5ccccc54)cc3)P3(=O)Oc4ccccc4-c4ccccc43)c2)cc1C#N,,DOPO-based (Co-curing),Designed,designed,P-N,2,N-glycidyl-all,epoxy,Co-curing,C,1113.0760000000002,O=P1(C(c2ccc(C(N(CC3CO3)c3cccc(Oc4ccccc4)c3)P3(=O)Oc4ccccc4-c4ccccc43)cc2)N(CC2CO2)c2cccc(Oc3ccccc3)c2)Oc2ccccc2-c2ccccc21,5.565478008689433,7.550427823437033,0.0,0.0,0.0,False,False,"Parent=TRAIN_020 (PBD); Change=Introduced one glycidyl substituent on an N–H site. Converted all N–H sites.; Attachment=all_NH; One-factor computational analogue. Parent_Tanimoto_r3=0.535; Max_Train_Tanimoto_r3=0.535; Risk=large structural change from parent; candidate may be outside strict in-domain threshold; exploratory only; excluded from formal screening. Synthesis route, regioselectivity, stability, equivalent balance and EP compatibility require manual review.",True,True,True,False,synthesis_level_C_or_missing,2,1.0,1.0,0.0,0.0,0.0,2.0,Candidate
LIB_0232,CAND_R2_073,TDCA-DOPO-2-amino,Nc1ccc(P(=O)(OC(c2ccc(C(OP(=O)(c3ccccc3)c3ccccc3)P3(=O)Oc4ccccc4-c4ccccc43)cc2)P2(=O)Oc3ccccc3-c3ccccc32)c2ccccc2)cc1,Nc1ccc(P(=O)(OC(c2ccc(C(OP(=O)(c3ccccc3)c3ccccc3)P3(=O)Oc4ccccc4-c4ccccc43)cc2)P2(=O)Oc3ccccc3-c3ccccc32)c2ccccc2)cc1,,DOPO-based (Co-curing),Designed,designed,P-N,2,aryl-amino,NH2,Co-curing,B,981.8550000000001,O=P(OC(c1ccc(C(OP(=O)(c2ccccc2)c2ccccc2)P2(=O)Oc3ccccc3-c3ccccc32)cc1)P1(=O)Oc2ccccc2-c2ccccc21)(c1ccccc1)c1ccccc1,12.618563840893001,1.426585391936691,0.0,0.0,0.0,False,True,"Parent=TRAIN_136 (TDCA-DOPO-2); Change=Added amino at aromatic atom 65.; Attachment=peripheral_aromatic; One-factor computational analogue. Parent_Tanimoto_r3=0.859; Max_Train_Tanimoto_r3=0.859; Risk=none. Synthesis route, regioselectivity, stability, equivalent balance and EP compatibility require manual review.",True,True,True,True,eligible,2,1.0,1.0,0.0,0.0,0.0,2.0,Candidate
LIB_0233,CAND_R2_074,TDCA-DOPO-2-hydroxy,O=P(OC(c1ccc(C(OP(=O)(c2ccccc2)c2ccc(O)cc2)P2(=O)Oc3ccccc3-c3ccccc32)cc1)P1(=O)Oc2ccccc2-c2ccccc21)(c1ccccc1)c1ccccc1,O=P(OC(c1ccc(C(OP(=O)(c2ccccc2)c2ccc(O)cc2)P2(=O)Oc3ccccc3-c3ccccc32)cc1)P1(=O)Oc2ccccc2-c2ccccc21)(c1ccccc1)c1ccccc1,,DOPO-based (additive),Designed,designed,P-only,2,aryl-hydroxy,OH,Additive,B,982.8390000000002,O=P(OC(c1ccc(C(OP(=O)(c2ccccc2)c2ccccc2)P2(=O)Oc3ccccc3-c3ccccc32)cc1)P1(=O)Oc2ccccc2-c2ccccc21)(c1ccccc1)c1ccccc1,12.605930371098419,0.0,0.0,0.0,0.0,False,True,"Parent=TRAIN_136 (TDCA-DOPO-2); Change=Added hydroxy at aromatic atom 65.; Attachment=peripheral_aromatic; One-factor computational analogue. Parent_Tanimoto_r3=0.859; Max_Train_Tanimoto_r3=0.859; Risk=none. Synthesis route, regioselectivity, stability, equivalent balance and EP compatibility require manual review.",True,True,True,True,eligible,2,1.0,0.0,0.0,0.0,0.0,0.0,Candidate
LIB_0234,CAND_R2_075,TDCA-DOPO-2-hydroxymethyl,O=P(OC(c1ccc(C(OP(=O)(c2ccccc2)c2ccc(CO)cc2)P2(=O)Oc3ccccc3-c3ccccc32)cc1)P1(=O)Oc2ccccc2-c2ccccc21)(c1ccccc1)c1ccccc1,O=P(OC(c1ccc(C(OP(=O)(c2ccccc2)c2ccc(CO)cc2)P2(=O)Oc3ccccc3-c3ccccc32)cc1)P1(=O)Oc2ccccc2-c2ccccc21)(c1ccccc1)c1ccccc1,,DOPO-based (additive),Designed,designed,P-only,2,aryl-hydroxymethyl,CH2OH,Additive,B,996.8660000000001,O=P(OC(c1ccc(C(OP(=O)(c2ccccc2)c2ccccc2)P2(=O)Oc3ccccc3-c3ccccc32)cc1)P1(=O)Oc2ccccc2-c2ccccc21)(c1ccccc1)c1ccccc1,12.428551079081842,0.0,0.0,0.0,0.0,False,True,"Parent=TRAIN_136 (TDCA-DOPO-2); Change=Added hydroxymethyl at aromatic atom 65.; Attachment=peripheral_aromatic; One-factor computational analogue. Parent_Tanimoto_r3=0.824; Max_Train_Tanimoto_r3=0.824; Risk=none. Synthesis route, regioselectivity, stability, equivalent balance and EP compatibility require manual review.",True,True,True,True,eligible,2,1.0,0.0,0.0,0.0,0.0,0.0,Candidate
LIB_0235,CAND_R2_076,TDCA-DOPO-2-carboxamide,NC(=O)c1ccc(P(=O)(OC(c2ccc(C(OP(=O)(c3ccccc3)c3ccccc3)P3(=O)Oc4ccccc4-c4ccccc43)cc2)P2(=O)Oc3ccccc3-c3ccccc32)c2ccccc2)cc1,NC(=O)c1ccc(P(=O)(OC(c2ccc(C(OP(=O)(c3ccccc3)c3ccccc3)P3(=O)Oc4ccccc4-c4ccccc43)cc2)P2(=O)Oc3ccccc3-c3ccccc32)c2ccccc2)cc1,,DOPO-based (additive),Designed,designed,P-N,2,aryl-carboxamide,amide,Additive,B,1009.865,O=P(OC(c1ccc(C(OP(=O)(c2ccccc2)c2ccccc2)P2(=O)Oc3ccccc3-c3ccccc32)cc1)P1(=O)Oc2ccccc2-c2ccccc21)(c1ccccc1)c1ccccc1,12.268570551509361,1.3870170765399337,0.0,0.0,0.0,False,True,"Parent=TRAIN_136 (TDCA-DOPO-2); Change=Added carboxamide at aromatic atom 65.; Attachment=peripheral_aromatic; One-factor computational analogue. Parent_Tanimoto_r3=0.813; Max_Train_Tanimoto_r3=0.813; Risk=none. Synthesis route, regioselectivity, stability, equivalent balance and EP compatibility require manual review.",True,True,True,True,eligible,2,1.0,1.0,0.0,0.0,0.0,0.0,Candidate
LIB_0236,CAND_R2_077,TDCA-DOPO-2-boronic-acid,O=P(OC(c1ccc(C(OP(=O)(c2ccccc2)c2ccc(B(O)O)cc2)P2(=O)Oc3ccccc3-c3ccccc32)cc1)P1(=O)Oc2ccccc2-c2ccccc21)(c1ccccc1)c1ccccc1,O=P(OC(c1ccc(C(OP(=O)(c2ccccc2)c2ccc(B(O)O)cc2)P2(=O)Oc3ccccc3-c3ccccc32)cc1)P1(=O)Oc2ccccc2-c2ccccc21)(c1ccccc1)c1ccccc1,,DOPO-based (additive),Designed,designed,P-B,2,aryl-boronic-acid,B(OH)2,Additive,B,1010.6580000000001,O=P(OC(c1ccc(C(OP(=O)(c2ccccc2)c2ccccc2)P2(=O)Oc3ccccc3-c3ccccc32)cc1)P1(=O)Oc2ccccc2-c2ccccc21)(c1ccccc1)c1ccccc1,12.25894417300412,0.0,0.0,1.0697980919361445,0.0,False,True,"Parent=TRAIN_136 (TDCA-DOPO-2); Change=Added boronic_acid at aromatic atom 65.; Attachment=peripheral_aromatic; One-factor computational analogue. Parent_Tanimoto_r3=0.824; Max_Train_Tanimoto_r3=0.824; Risk=none. Synthesis route, regioselectivity, stability, equivalent balance and EP compatibility require manual review.",True,True,True,True,eligible,2,1.0,0.0,0.0,1.0,0.0,0.0,Candidate
LIB_0237,CAND_R2_078,TDCA-DOPO-2-pinacol-boronate,CC1(C)OB(c2ccc(P(=O)(OC(c3ccc(C(OP(=O)(c4ccccc4)c4ccccc4)P4(=O)Oc5ccccc5-c5ccccc54)cc3)P3(=O)Oc4ccccc4-c4ccccc43)c3ccccc3)cc2)OC1(C)C,CC1(C)OB(c2ccc(P(=O)(OC(c3ccc(C(OP(=O)(c4ccccc4)c4ccccc4)P4(=O)Oc5ccccc5-c5ccccc54)cc3)P3(=O)Oc4ccccc4-c4ccccc43)c3ccccc3)cc2)OC1(C)C,,DOPO-based (additive),Designed,designed,P-B,2,aryl-pinacol-boronate,pinacol boronate,Additive,B,1092.8039999999999,O=P(OC(c1ccc(C(OP(=O)(c2ccccc2)c2ccc(B3OCCO3)cc2)P2(=O)Oc3ccccc3-c3ccccc32)cc1)P1(=O)Oc2ccccc2-c2ccccc21)(c1ccccc1)c1ccccc1,11.337440199706444,0.0,0.0,0.9893814444310235,0.0,False,True,"Parent=TRAIN_136 (TDCA-DOPO-2); Change=Added pinacol_boronate at aromatic atom 65.; Attachment=peripheral_aromatic; One-factor computational analogue. Parent_Tanimoto_r3=0.744; Max_Train_Tanimoto_r3=0.744; Risk=none. Synthesis route, regioselectivity, stability, equivalent balance and EP compatibility require manual review.",True,True,True,True,eligible,2,1.0,0.0,0.0,1.0,0.0,0.0,Candidate
LIB_0238,CAND_R2_079,TDCA-DOPO-2-trimethoxysilyl,CO[Si](OC)(OC)c1ccc(P(=O)(OC(c2ccc(C(OP(=O)(c3ccccc3)c3ccccc3)P3(=O)Oc4ccccc4-c4ccccc43)cc2)P2(=O)Oc3ccccc3-c3ccccc32)c2ccccc2)cc1,CO[Si](OC)(OC)c1ccc(P(=O)(OC(c2ccc(C(OP(=O)(c3ccccc3)c3ccccc3)P3(=O)Oc4ccccc4-c4ccccc43)cc2)P2(=O)Oc3ccccc3-c3ccccc32)c2ccccc2)cc1,,DOPO-based (additive+ Secondary Crosslinking),Designed,designed,P-Si,2,aryl-trimethoxysilyl,Si(OCH3)3,Additive + Secondary Crosslinking,B,1087.0200000000002,O=P(OC(c1ccc(C(OP(=O)(c2ccccc2)c2ccccc2)P2(=O)Oc3ccccc3-c3ccccc32)cc1)P1(=O)Oc2ccccc2-c2ccccc21)(c1ccccc1)c1ccccc1,11.397766370443964,0.0,0.0,0.0,2.5837611083512715,False,True,"Parent=TRAIN_136 (TDCA-DOPO-2); Change=Added trimethoxysilyl at aromatic atom 65.; Attachment=peripheral_aromatic; One-factor computational analogue. Parent_Tanimoto_r3=0.792; Max_Train_Tanimoto_r3=0.792; Risk=none. Synthesis route, regioselectivity, stability, equivalent balance and EP compatibility require manual review.",True,True,True,True,eligible,2,1.0,0.0,0.0,0.0,1.0,3.0,Candidate
LIB_0239,CAND_R2_080,TDCA-DOPO-2-triethoxysilyl,CCO[Si](OCC)(OCC)c1ccc(P(=O)(OC(c2ccc(C(OP(=O)(c3ccccc3)c3ccccc3)P3(=O)Oc4ccccc4-c4ccccc43)cc2)P2(=O)Oc3ccccc3-c3ccccc32)c2ccccc2)cc1,CCO[Si](OCC)(OCC)c1ccc(P(=O)(OC(c2ccc(C(OP(=O)(c3ccccc3)c3ccccc3)P3(=O)Oc4ccccc4-c4ccccc43)cc2)P2(=O)Oc3ccccc3-c3ccccc32)c2ccccc2)cc1,,DOPO-based (additive+ Secondary Crosslinking),Designed,designed,P-Si,2,aryl-triethoxysilyl,Si(OC2H5)3,Additive + Secondary Crosslinking,B,1129.1010000000003,O=P(OC(c1ccc(C(OP(=O)(c2ccccc2)c2ccccc2)P2(=O)Oc3ccccc3-c3ccccc32)cc1)P1(=O)Oc2ccccc2-c2ccccc21)(c1ccccc1)c1ccccc1,10.972977616705677,0.0,0.0,0.0,2.4874656917317397,False,True,"Parent=TRAIN_136 (TDCA-DOPO-2); Change=Added triethoxysilyl at aromatic atom 65.; Attachment=peripheral_aromatic; One-factor computational analogue. Parent_Tanimoto_r3=0.753; Max_Train_Tanimoto_r3=0.753; Risk=none. Synthesis route, regioselectivity, stability, equivalent balance and EP compatibility require manual review.",True,True,True,True,eligible,2,1.0,0.0,0.0,0.0,1.0,3.0,Candidate
LIB_0240,CAND_R2_081,TDCA-DOPO-2-disiloxane,C[Si](C)(C)O[Si](C)(C)c1ccc(P(=O)(OC(c2ccc(C(OP(=O)(c3ccccc3)c3ccccc3)P3(=O)Oc4ccccc4-c4ccccc43)cc2)P2(=O)Oc3ccccc3-c3ccccc32)c2ccccc2)cc1,C[Si](C)(C)O[Si](C)(C)c1ccc(P(=O)(OC(c2ccc(C(OP(=O)(c3ccccc3)c3ccccc3)P3(=O)Oc4ccccc4-c4ccccc43)cc2)P2(=O)Oc3ccccc3-c3ccccc32)c2ccccc2)cc1,,DOPO-based (additive),Designed,designed,P-Si,2,short-disiloxane,none,Additive,B,1113.1780000000003,O=P(OC(c1ccc(C(OP(=O)(c2ccccc2)c2ccccc2)P2(=O)Oc3ccccc3-c3ccccc32)cc1)P1(=O)Oc2ccccc2-c2ccccc21)(c1ccccc1)c1ccccc1,11.12993609288002,0.0,0.0,0.0,5.046093257322727,False,True,"Parent=TRAIN_136 (TDCA-DOPO-2); Change=Added disiloxane at aromatic atom 65.; Attachment=peripheral_aromatic; One-factor computational analogue. Parent_Tanimoto_r3=0.772; Max_Train_Tanimoto_r3=0.772; Risk=none. Synthesis route, regioselectivity, stability, equivalent balance and EP compatibility require manual review.",True,True,True,True,eligible,2,1.0,0.0,0.0,0.0,1.0,0.0,Candidate
LIB_0241,CAND_R2_082,TDCA-DOPO-2-glycidyloxy,O=P(OC(c1ccc(C(OP(=O)(c2ccccc2)c2ccc(OCC3CO3)cc2)P2(=O)Oc3ccccc3-c3ccccc32)cc1)P1(=O)Oc2ccccc2-c2ccccc21)(c1ccccc1)c1ccccc1,O=P(OC(c1ccc(C(OP(=O)(c2ccccc2)c2ccc(OCC3CO3)cc2)P2(=O)Oc3ccccc3-c3ccccc32)cc1)P1(=O)Oc2ccccc2-c2ccccc21)(c1ccccc1)c1ccccc1,,DOPO-based (Co-curing),Designed,designed,P-only,2,aryl-glycidyl-ether,epoxy,Co-curing,B,1038.9030000000002,O=P(OC(c1ccc(C(OP(=O)(c2ccccc2)c2ccc(OCC3CO3)cc2)P2(=O)Oc3ccccc3-c3ccccc32)cc1)P1(=O)Oc2ccccc2-c2ccccc21)(c1ccccc1)c1ccccc1,11.925656196969301,0.0,0.0,0.0,0.0,False,True,"Parent=TRAIN_136 (TDCA-DOPO-2); Change=Added glycidyloxy at aromatic atom 65.; Attachment=peripheral_aromatic; One-factor computational analogue. Parent_Tanimoto_r3=0.744; Max_Train_Tanimoto_r3=0.744; Risk=none. Synthesis route, regioselectivity, stability, equivalent balance and EP compatibility require manual review.",True,True,True,True,eligible,2,1.0,0.0,0.0,0.0,0.0,2.0,Candidate
LIB_0242,CAND_R2_083,TDCA-DOPO-2-diaminotriazine,Nc1nc(N)nc(-c2ccc(P(=O)(OC(c3ccc(C(OP(=O)(c4ccccc4)c4ccccc4)P4(=O)Oc5ccccc5-c5ccccc54)cc3)P3(=O)Oc4ccccc4-c4ccccc43)c3ccccc3)cc2)n1,Nc1nc(N)nc(-c2ccc(P(=O)(OC(c3ccc(C(OP(=O)(c4ccccc4)c4ccccc4)P4(=O)Oc5ccccc5-c5ccccc54)cc3)P3(=O)Oc4ccccc4-c4ccccc43)c3ccccc3)cc2)n1,,DOPO-based (Co-curing),Designed,designed,P-N,2,"diamino-1,3,5-triazine",NH2,Co-curing,B,1075.9320000000002,O=P(OC(c1ccc(C(OP(=O)(c2ccccc2)c2ccc(-c3ncncn3)cc2)P2(=O)Oc3ccccc3-c3ccccc32)cc1)P1(=O)Oc2ccccc2-c2ccccc21)(c1ccccc1)c1ccccc1,11.515225869292852,6.509240360915,0.0,0.0,0.0,False,True,"Parent=TRAIN_136 (TDCA-DOPO-2); Change=Added diaminotriazine at aromatic atom 65.; Attachment=peripheral_aromatic; One-factor computational analogue. Parent_Tanimoto_r3=0.735; Max_Train_Tanimoto_r3=0.735; Risk=none. Synthesis route, regioselectivity, stability, equivalent balance and EP compatibility require manual review.",True,True,True,True,eligible,2,1.0,1.0,0.0,0.0,0.0,2.0,Candidate
LIB_0243,CAND_R2_084,TDCA-DOPO-2-piperazine,O=P(OC(c1ccc(C(OP(=O)(c2ccccc2)c2ccc(N3CCNCC3)cc2)P2(=O)Oc3ccccc3-c3ccccc32)cc1)P1(=O)Oc2ccccc2-c2ccccc21)(c1ccccc1)c1ccccc1,O=P(OC(c1ccc(C(OP(=O)(c2ccccc2)c2ccc(N3CCNCC3)cc2)P2(=O)Oc3ccccc3-c3ccccc32)cc1)P1(=O)Oc2ccccc2-c2ccccc21)(c1ccccc1)c1ccccc1,,DOPO-based (Co-curing),Designed,designed,P-N,2,piperazine,NH,Co-curing,B,1050.9620000000002,O=P(OC(c1ccc(C(OP(=O)(c2ccccc2)c2ccc(N3CCNCC3)cc2)P2(=O)Oc3ccccc3-c3ccccc32)cc1)P1(=O)Oc2ccccc2-c2ccccc21)(c1ccccc1)c1ccccc1,11.788818244617786,2.665557841292073,0.0,0.0,0.0,False,True,"Parent=TRAIN_136 (TDCA-DOPO-2); Change=Added piperazine at aromatic atom 65.; Attachment=peripheral_aromatic; One-factor computational analogue. Parent_Tanimoto_r3=0.726; Max_Train_Tanimoto_r3=0.726; Risk=none. Synthesis route, regioselectivity, stability, equivalent balance and EP compatibility require manual review.",True,True,True,True,eligible,2,1.0,1.0,0.0,0.0,0.0,2.0,Candidate
LIB_0244,CAND_R2_085,TDCA-DOPO-2-benzamide-linker,O=C(Nc1ccc(P(=O)(OC(c2ccc(C(OP(=O)(c3ccccc3)c3ccccc3)P3(=O)Oc4ccccc4-c4ccccc43)cc2)P2(=O)Oc3ccccc3-c3ccccc32)c2ccccc2)cc1)c1ccccc1,O=C(Nc1ccc(P(=O)(OC(c2ccc(C(OP(=O)(c3ccccc3)c3ccccc3)P3(=O)Oc4ccccc4-c4ccccc43)cc2)P2(=O)Oc3ccccc3-c3ccccc32)c2ccccc2)cc1)c1ccccc1,,DOPO-based (additive),Designed,designed,P-N,2,benzamide,amide,Additive,B,1085.9630000000002,O=C(Nc1ccc(P(=O)(OC(c2ccc(C(OP(=O)(c3ccccc3)c3ccccc3)P3(=O)Oc4ccccc4-c4ccccc43)cc2)P2(=O)Oc3ccccc3-c3ccccc32)c2ccccc2)cc1)c1ccccc1,11.40886015453565,1.2898229497690066,0.0,0.0,0.0,False,True,"Parent=TRAIN_136 (TDCA-DOPO-2); Change=Added benzamide_linker at aromatic atom 65.; Attachment=peripheral_aromatic; One-factor computational analogue. Parent_Tanimoto_r3=0.744; Max_Train_Tanimoto_r3=0.744; Risk=none. Synthesis route, regioselectivity, stability, equivalent balance and EP compatibility require manual review.",True,True,True,True,eligible,2,1.0,1.0,0.0,0.0,0.0,0.0,Candidate
LIB_0245,CAND_R2_086,TDCA-DOPO-2-phenyl,O=P(OC(c1ccc(C(OP(=O)(c2ccccc2)c2ccc(-c3ccccc3)cc2)P2(=O)Oc3ccccc3-c3ccccc32)cc1)P1(=O)Oc2ccccc2-c2ccccc21)(c1ccccc1)c1ccccc1,O=P(OC(c1ccc(C(OP(=O)(c2ccccc2)c2ccc(-c3ccccc3)cc2)P2(=O)Oc3ccccc3-c3ccccc32)cc1)P1(=O)Oc2ccccc2-c2ccccc21)(c1ccccc1)c1ccccc1,,DOPO-based (additive),Designed,designed,P-only,2,phenyl,none,Additive,B,1042.938,O=P(OC(c1ccc(C(OP(=O)(c2ccccc2)c2ccc(-c3ccccc3)cc2)P2(=O)Oc3ccccc3-c3ccccc32)cc1)P1(=O)Oc2ccccc2-c2ccccc21)(c1ccccc1)c1ccccc1,11.879517286741876,0.0,0.0,0.0,0.0,False,True,"Parent=TRAIN_136 (TDCA-DOPO-2); Change=Added phenyl at aromatic atom 65.; Attachment=peripheral_aromatic; One-factor computational analogue. Parent_Tanimoto_r3=0.836; Max_Train_Tanimoto_r3=0.836; Risk=none. Synthesis route, regioselectivity, stability, equivalent balance and EP compatibility require manual review.",True,True,True,True,eligible,2,1.0,0.0,0.0,0.0,0.0,0.0,Candidate
LIB_0246,CAND_R2_087,TDCA-DOPO-2-biphenyl,O=P(OC(c1ccc(C(OP(=O)(c2ccccc2)c2ccc(-c3ccc(-c4ccccc4)cc3)cc2)P2(=O)Oc3ccccc3-c3ccccc32)cc1)P1(=O)Oc2ccccc2-c2ccccc21)(c1ccccc1)c1ccccc1,O=P(OC(c1ccc(C(OP(=O)(c2ccccc2)c2ccc(-c3ccc(-c4ccccc4)cc3)cc2)P2(=O)Oc3ccccc3-c3ccccc32)cc1)P1(=O)Oc2ccccc2-c2ccccc21)(c1ccccc1)c1ccccc1,,DOPO-based (additive),Designed,designed,P-only,2,biphenyl,none,Additive,B,1119.0360000000003,O=P(OC(c1ccc(C(OP(=O)(c2ccccc2)c2ccc(-c3ccc(-c4ccccc4)cc3)cc2)P2(=O)Oc3ccccc3-c3ccccc32)cc1)P1(=O)Oc2ccccc2-c2ccccc21)(c1ccccc1)c1ccccc1,11.07167240374751,0.0,0.0,0.0,0.0,False,True,"Parent=TRAIN_136 (TDCA-DOPO-2); Change=Added biphenyl at aromatic atom 65.; Attachment=peripheral_aromatic; One-factor computational analogue. Parent_Tanimoto_r3=0.824; Max_Train_Tanimoto_r3=0.824; Risk=none. Synthesis route, regioselectivity, stability, equivalent balance and EP compatibility require manual review.",True,True,True,True,eligible,2,1.0,0.0,0.0,0.0,0.0,0.0,Candidate
LIB_0247,CAND_R2_088,DOPO-HPM-amino,Nc1cc(N2C(=O)CC(P3(=O)Oc4ccccc4-c4ccccc43)C2=O)ccc1OCC(O)Cn1c(=O)n(CC2CO2)c(=O)n(CC2CO2)c1=O,Nc1cc(N2C(=O)CC(P3(=O)Oc4ccccc4-c4ccccc43)C2=O)ccc1OCC(O)Cn1c(=O)n(CC2CO2)c(=O)n(CC2CO2)c1=O,,DOPO-based (Co-curing),Designed,designed,P-N,1,aryl-amino,NH2,Co-curing,B,717.6279999999999,O=C1CC(P2(=O)Oc3ccccc3-c3ccccc32)C(=O)N1c1ccc(OCCCn2c(=O)n(CC3CO3)c(=O)n(CC3CO3)c2=O)cc1,4.31616380631748,9.759234589508772,0.0,0.0,0.0,False,True,"Parent=TRAIN_007 (DOPO-HPM); Change=Added amino at aromatic atom 48.; Attachment=peripheral_aromatic; One-factor computational analogue. Parent_Tanimoto_r3=0.730; Max_Train_Tanimoto_r3=0.730; Risk=none. Synthesis route, regioselectivity, stability, equivalent balance and EP compatibility require manual review.",True,True,True,True,eligible,1,1.0,1.0,0.0,0.0,0.0,2.0,Candidate
LIB_0248,CAND_R2_089,DOPO-HPM-hydroxymethyl,O=C1CC(P2(=O)Oc3ccccc3-c3ccccc32)C(=O)N1c1ccc(OCC(O)Cn2c(=O)n(CC3CO3)c(=O)n(CC3CO3)c2=O)c(CO)c1,O=C1CC(P2(=O)Oc3ccccc3-c3ccccc32)C(=O)N1c1ccc(OCC(O)Cn2c(=O)n(CC3CO3)c(=O)n(CC3CO3)c2=O)c(CO)c1,,DOPO-based (additive),Designed,designed,P-N,1,aryl-hydroxymethyl,CH2OH,Additive,B,732.6390000000001,O=C1CC(P2(=O)Oc3ccccc3-c3ccccc32)C(=O)N1c1ccc(OCCCn2c(=O)n(CC3CO3)c(=O)n(CC3CO3)c2=O)cc1,4.227730164514856,7.647422536883785,0.0,0.0,0.0,False,True,"Parent=TRAIN_007 (DOPO-HPM); Change=Added hydroxymethyl at aromatic atom 48.; Attachment=peripheral_aromatic; One-factor computational analogue. Parent_Tanimoto_r3=0.724; Max_Train_Tanimoto_r3=0.724; Risk=none. Synthesis route, regioselectivity, stability, equivalent balance and EP compatibility require manual review.",True,True,True,True,eligible,1,1.0,1.0,0.0,0.0,0.0,0.0,Candidate
LIB_0249,CAND_R2_090,DOPO-HPM-carboxamide,NC(=O)c1cc(N2C(=O)CC(P3(=O)Oc4ccccc4-c4ccccc43)C2=O)ccc1OCC(O)Cn1c(=O)n(CC2CO2)c(=O)n(CC2CO2)c1=O,NC(=O)c1cc(N2C(=O)CC(P3(=O)Oc4ccccc4-c4ccccc43)C2=O)ccc1OCC(O)Cn1c(=O)n(CC2CO2)c(=O)n(CC2CO2)c1=O,,DOPO-based (additive),Designed,designed,P-N,1,aryl-carboxamide,amide,Additive,B,745.6379999999999,O=C1CC(P2(=O)Oc3ccccc3-c3ccccc32)C(=O)N1c1ccc(OCCCn2c(=O)n(CC3CO3)c(=O)n(CC3CO3)c2=O)cc1,4.154026484701692,9.392627521666011,0.0,0.0,0.0,False,True,"Parent=TRAIN_007 (DOPO-HPM); Change=Added carboxamide at aromatic atom 48.; Attachment=peripheral_aromatic; One-factor computational analogue. Parent_Tanimoto_r3=0.712; Max_Train_Tanimoto_r3=0.712; Risk=none. Synthesis route, regioselectivity, stability, equivalent balance and EP compatibility require manual review.",True,True,True,True,eligible,1,1.0,1.0,0.0,0.0,0.0,0.0,Candidate
LIB_0250,CAND_R2_091,DOPO-HPM-boronic-acid,O=C1CC(P2(=O)Oc3ccccc3-c3ccccc32)C(=O)N1c1ccc(OCC(O)Cn2c(=O)n(CC3CO3)c(=O)n(CC3CO3)c2=O)c(B(O)O)c1,O=C1CC(P2(=O)Oc3ccccc3-c3ccccc32)C(=O)N1c1ccc(OCC(O)Cn2c(=O)n(CC3CO3)c(=O)n(CC3CO3)c2=O)c(B(O)O)c1,,DOPO-based (additive),Designed,designed,P-N-B,1,aryl-boronic-acid,B(OH)2,Additive,B,746.4310000000003,O=C1CC(P2(=O)Oc3ccccc3-c3ccccc32)C(=O)N1c1ccc(OCCCn2c(=O)n(CC3CO3)c(=O)n(CC3CO3)c2=O)cc1,4.1496132931242125,7.506119118846883,0.0,1.4484928948556526,0.0,False,True,"Parent=TRAIN_007 (DOPO-HPM); Change=Added boronic_acid at aromatic atom 48.; Attachment=peripheral_aromatic; One-factor computational analogue. Parent_Tanimoto_r3=0.724; Max_Train_Tanimoto_r3=0.724; Risk=none. Synthesis route, regioselectivity, stability, equivalent balance and EP compatibility require manual review.",True,True,True,True,eligible,1,1.0,1.0,0.0,1.0,0.0,0.0,Candidate
LIB_0251,CAND_R2_092,DOPO-HPM-pinacol-boronate,CC1(C)OB(c2cc(N3C(=O)CC(P4(=O)Oc5ccccc5-c5ccccc54)C3=O)ccc2OCC(O)Cn2c(=O)n(CC3CO3)c(=O)n(CC3CO3)c2=O)OC1(C)C,CC1(C)OB(c2cc(N3C(=O)CC(P4(=O)Oc5ccccc5-c5ccccc54)C3=O)ccc2OCC(O)Cn2c(=O)n(CC3CO3)c(=O)n(CC3CO3)c2=O)OC1(C)C,,DOPO-based (additive),Designed,designed,P-N-B,1,aryl-pinacol-boronate,pinacol boronate,Additive,B,828.5769999999997,O=C1CC(P2(=O)Oc3ccccc3-c3ccccc32)C(=O)N1c1ccc(OCCCn2c(=O)n(CC3CO3)c(=O)n(CC3CO3)c2=O)c(B2OCCO2)c1,3.7382162430287122,6.761954531685048,0.0,1.3048877774787382,0.0,False,True,"Parent=TRAIN_007 (DOPO-HPM); Change=Added pinacol_boronate at aromatic atom 48.; Attachment=peripheral_aromatic; One-factor computational analogue. Parent_Tanimoto_r3=0.661; Max_Train_Tanimoto_r3=0.661; Risk=candidate may be outside strict in-domain threshold. Synthesis route, regioselectivity, stability, equivalent balance and EP compatibility require manual review.",True,True,True,True,eligible,1,1.0,1.0,0.0,1.0,0.0,0.0,Candidate
LIB_0252,CAND_R2_093,DOPO-HPM-trimethoxysilyl,CO[Si](OC)(OC)c1cc(N2C(=O)CC(P3(=O)Oc4ccccc4-c4ccccc43)C2=O)ccc1OCC(O)Cn1c(=O)n(CC2CO2)c(=O)n(CC2CO2)c1=O,CO[Si](OC)(OC)c1cc(N2C(=O)CC(P3(=O)Oc4ccccc4-c4ccccc43)C2=O)ccc1OCC(O)Cn1c(=O)n(CC2CO2)c(=O)n(CC2CO2)c1=O,,DOPO-based (additive+ Secondary Crosslinking),Designed,designed,P-N-Si,1,aryl-trimethoxysilyl,Si(OCH3)3,Additive + Secondary Crosslinking,B,822.7929999999998,O=C1CC(P2(=O)Oc3ccccc3-c3ccccc32)C(=O)N1c1ccc(OCCCn2c(=O)n(CC3CO3)c(=O)n(CC3CO3)c2=O)cc1,3.7644948364898596,6.809489142469615,0.0,0.0,3.413495253362633,False,True,"Parent=TRAIN_007 (DOPO-HPM); Change=Added trimethoxysilyl at aromatic atom 48.; Attachment=peripheral_aromatic; One-factor computational analogue. Parent_Tanimoto_r3=0.700; Max_Train_Tanimoto_r3=0.700; Risk=none. Synthesis route, regioselectivity, stability, equivalent balance and EP compatibility require manual review.",True,True,True,True,eligible,1,1.0,1.0,0.0,0.0,1.0,3.0,Candidate
LIB_0253,CAND_R2_094,DOPO-HPM-triethoxysilyl,CCO[Si](OCC)(OCC)c1cc(N2C(=O)CC(P3(=O)Oc4ccccc4-c4ccccc43)C2=O)ccc1OCC(O)Cn1c(=O)n(CC2CO2)c(=O)n(CC2CO2)c1=O,CCO[Si](OCC)(OCC)c1cc(N2C(=O)CC(P3(=O)Oc4ccccc4-c4ccccc43)C2=O)ccc1OCC(O)Cn1c(=O)n(CC2CO2)c(=O)n(CC2CO2)c1=O,,DOPO-based (additive+ Secondary Crosslinking),Designed,designed,P-N-Si,1,aryl-triethoxysilyl,Si(OC2H5)3,Additive + Secondary Crosslinking,B,864.8739999999997,O=C1CC(P2(=O)Oc3ccccc3-c3ccccc32)C(=O)N1c1ccc(OCCCn2c(=O)n(CC3CO3)c(=O)n(CC3CO3)c2=O)cc1,3.581330922192136,6.478169074339155,0.0,0.0,3.2474094492376935,False,True,"Parent=TRAIN_007 (DOPO-HPM); Change=Added triethoxysilyl at aromatic atom 48.; Attachment=peripheral_aromatic; One-factor computational analogue. Parent_Tanimoto_r3=0.689; Max_Train_Tanimoto_r3=0.689; Risk=candidate may be outside strict in-domain threshold. Synthesis route, regioselectivity, stability, equivalent balance and EP compatibility require manual review.",True,True,True,True,eligible,1,1.0,1.0,0.0,0.0,1.0,3.0,Candidate
LIB_0254,CAND_R2_095,DOPO-HPM-disiloxane,C[Si](C)(C)O[Si](C)(C)c1cc(N2C(=O)CC(P3(=O)Oc4ccccc4-c4ccccc43)C2=O)ccc1OCC(O)Cn1c(=O)n(CC2CO2)c(=O)n(CC2CO2)c1=O,C[Si](C)(C)O[Si](C)(C)c1cc(N2C(=O)CC(P3(=O)Oc4ccccc4-c4ccccc43)C2=O)ccc1OCC(O)Cn1c(=O)n(CC2CO2)c(=O)n(CC2CO2)c1=O,,DOPO-based (additive),Designed,designed,P-N-Si,1,short-disiloxane,none,Additive,B,848.9509999999998,O=C1CC(P2(=O)Oc3ccccc3-c3ccccc32)C(=O)N1c1ccc(OCCCn2c(=O)n(CC3CO3)c(=O)n(CC3CO3)c2=O)cc1,3.648502681544637,6.599674186142665,0.0,0.0,6.616636295852176,False,True,"Parent=TRAIN_007 (DOPO-HPM); Change=Added disiloxane at aromatic atom 48.; Attachment=peripheral_aromatic; One-factor computational analogue. Parent_Tanimoto_r3=0.689; Max_Train_Tanimoto_r3=0.689; Risk=candidate may be outside strict in-domain threshold. Synthesis route, regioselectivity, stability, equivalent balance and EP compatibility require manual review.",True,True,True,True,eligible,1,1.0,1.0,0.0,0.0,1.0,0.0,Candidate
LIB_0255,CAND_R2_096,DOPO-HPM-glycidyloxy,O=C1CC(P2(=O)Oc3ccccc3-c3ccccc32)C(=O)N1c1ccc(OCC(O)Cn2c(=O)n(CC3CO3)c(=O)n(CC3CO3)c2=O)c(OCC2CO2)c1,O=C1CC(P2(=O)Oc3ccccc3-c3ccccc32)C(=O)N1c1ccc(OCC(O)Cn2c(=O)n(CC3CO3)c(=O)n(CC3CO3)c2=O)c(OCC2CO2)c1,,DOPO-based (Co-curing),Designed,designed,P-N,1,aryl-glycidyl-ether,epoxy,Co-curing,B,774.676,O=C1CC(P2(=O)Oc3ccccc3-c3ccccc32)C(=O)N1c1ccc(OCCCn2c(=O)n(CC3CO3)c(=O)n(CC3CO3)c2=O)c(OCC2CO2)c1,3.9983167156333743,7.232442982614667,0.0,0.0,0.0,False,True,"Parent=TRAIN_007 (DOPO-HPM); Change=Added glycidyloxy at aromatic atom 48.; Attachment=peripheral_aromatic; One-factor computational analogue. Parent_Tanimoto_r3=0.706; Max_Train_Tanimoto_r3=0.706; Risk=none. Synthesis route, regioselectivity, stability, equivalent balance and EP compatibility require manual review.",True,True,True,True,eligible,1,1.0,1.0,0.0,0.0,0.0,2.0,Candidate
LIB_0256,CAND_R2_097,DOPO-HPM-diaminotriazine,Nc1nc(N)nc(-c2cc(N3C(=O)CC(P4(=O)Oc5ccccc5-c5ccccc54)C3=O)ccc2OCC(O)Cn2c(=O)n(CC3CO3)c(=O)n(CC3CO3)c2=O)n1,Nc1nc(N)nc(-c2cc(N3C(=O)CC(P4(=O)Oc5ccccc5-c5ccccc54)C3=O)ccc2OCC(O)Cn2c(=O)n(CC3CO3)c(=O)n(CC3CO3)c2=O)n1,,DOPO-based (Co-curing),Designed,designed,P-N,1,"diamino-1,3,5-triazine",NH2,Co-curing,B,811.7049999999998,O=C1CC(P2(=O)Oc3ccccc3-c3ccccc32)C(=O)N1c1ccc(OCCCn2c(=O)n(CC3CO3)c(=O)n(CC3CO3)c2=O)c(-c2ncncn2)c1,3.8159183447188334,15.530642289994523,0.0,0.0,0.0,False,True,"Parent=TRAIN_007 (DOPO-HPM); Change=Added diaminotriazine at aromatic atom 48.; Attachment=peripheral_aromatic; One-factor computational analogue. Parent_Tanimoto_r3=0.661; Max_Train_Tanimoto_r3=0.661; Risk=candidate may be outside strict in-domain threshold. Synthesis route, regioselectivity, stability, equivalent balance and EP compatibility require manual review.",True,True,True,True,eligible,1,1.0,1.0,0.0,0.0,0.0,2.0,Candidate
LIB_0257,CAND_R2_098,DOPO-HPM-piperazine,O=C1CC(P2(=O)Oc3ccccc3-c3ccccc32)C(=O)N1c1ccc(OCC(O)Cn2c(=O)n(CC3CO3)c(=O)n(CC3CO3)c2=O)c(N2CCNCC2)c1,O=C1CC(P2(=O)Oc3ccccc3-c3ccccc32)C(=O)N1c1ccc(OCC(O)Cn2c(=O)n(CC3CO3)c(=O)n(CC3CO3)c2=O)c(N2CCNCC2)c1,,DOPO-based (Co-curing),Designed,designed,P-N,1,piperazine,NH,Co-curing,B,786.7349999999998,O=C1CC(P2(=O)Oc3ccccc3-c3ccccc32)C(=O)N1c1ccc(OCCCn2c(=O)n(CC3CO3)c(=O)n(CC3CO3)c2=O)c(N2CCNCC2)c1,3.937030893502896,10.68237716639021,0.0,0.0,0.0,False,True,"Parent=TRAIN_007 (DOPO-HPM); Change=Added piperazine at aromatic atom 48.; Attachment=peripheral_aromatic; One-factor computational analogue. Parent_Tanimoto_r3=0.672; Max_Train_Tanimoto_r3=0.672; Risk=candidate may be outside strict in-domain threshold. Synthesis route, regioselectivity, stability, equivalent balance and EP compatibility require manual review.",True,True,True,True,eligible,1,1.0,1.0,0.0,0.0,0.0,2.0,Candidate
LIB_0258,CAND_R2_099,DOPO-HPM-benzamide-linker,O=C(Nc1cc(N2C(=O)CC(P3(=O)Oc4ccccc4-c4ccccc43)C2=O)ccc1OCC(O)Cn1c(=O)n(CC2CO2)c(=O)n(CC2CO2)c1=O)c1ccccc1,O=C(Nc1cc(N2C(=O)CC(P3(=O)Oc4ccccc4-c4ccccc43)C2=O)ccc1OCC(O)Cn1c(=O)n(CC2CO2)c(=O)n(CC2CO2)c1=O)c1ccccc1,,DOPO-based (additive),Designed,designed,P-N,1,benzamide,amide,Additive,B,821.7359999999999,O=C(Nc1cc(N2C(=O)CC(P3(=O)Oc4ccccc4-c4ccccc43)C2=O)ccc1OCCCn1c(=O)n(CC2CO2)c(=O)n(CC2CO2)c1=O)c1ccccc1,3.7693371107022213,8.522810245626333,0.0,0.0,0.0,False,True,"Parent=TRAIN_007 (DOPO-HPM); Change=Added benzamide_linker at aromatic atom 48.; Attachment=peripheral_aromatic; One-factor computational analogue. Parent_Tanimoto_r3=0.651; Max_Train_Tanimoto_r3=0.651; Risk=candidate may be outside strict in-domain threshold. Synthesis route, regioselectivity, stability, equivalent balance and EP compatibility require manual review.",True,True,True,True,eligible,1,1.0,1.0,0.0,0.0,0.0,0.0,Candidate
LIB_0259,CAND_R2_100,DOPO-HPM-phenyl,O=C1CC(P2(=O)Oc3ccccc3-c3ccccc32)C(=O)N1c1ccc(OCC(O)Cn2c(=O)n(CC3CO3)c(=O)n(CC3CO3)c2=O)c(-c2ccccc2)c1,O=C1CC(P2(=O)Oc3ccccc3-c3ccccc32)C(=O)N1c1ccc(OCC(O)Cn2c(=O)n(CC3CO3)c(=O)n(CC3CO3)c2=O)c(-c2ccccc2)c1,,DOPO-based (additive),Designed,designed,P-N,1,phenyl,none,Additive,B,778.7110000000001,O=C1CC(P2(=O)Oc3ccccc3-c3ccccc32)C(=O)N1c1ccc(OCCCn2c(=O)n(CC3CO3)c(=O)n(CC3CO3)c2=O)c(-c2ccccc2)c1,3.977598878146064,7.194967067371591,0.0,0.0,0.0,False,True,"Parent=TRAIN_007 (DOPO-HPM); Change=Added phenyl at aromatic atom 48.; Attachment=peripheral_aromatic; One-factor computational analogue. Parent_Tanimoto_r3=0.694; Max_Train_Tanimoto_r3=0.694; Risk=candidate may be outside strict in-domain threshold. Synthesis route, regioselectivity, stability, equivalent balance and EP compatibility require manual review.",True,True,True,True,eligible,1,1.0,1.0,0.0,0.0,0.0,0.0,Candidate
LIB_0260,CAND_R2_101,DOPO-HPM-biphenyl,O=C1CC(P2(=O)Oc3ccccc3-c3ccccc32)C(=O)N1c1ccc(OCC(O)Cn2c(=O)n(CC3CO3)c(=O)n(CC3CO3)c2=O)c(-c2ccc(-c3ccccc3)cc2)c1,O=C1CC(P2(=O)Oc3ccccc3-c3ccccc32)C(=O)N1c1ccc(OCC(O)Cn2c(=O)n(CC3CO3)c(=O)n(CC3CO3)c2=O)c(-c2ccc(-c3ccccc3)cc2)c1,,DOPO-based (additive),Designed,designed,P-N,1,biphenyl,none,Additive,B,854.8090000000001,O=C1CC(P2(=O)Oc3ccccc3-c3ccccc32)C(=O)N1c1ccc(OCCCn2c(=O)n(CC3CO3)c(=O)n(CC3CO3)c2=O)c(-c2ccc(-c3ccccc3)cc2)c1,3.6234995186059105,6.5544466658633675,0.0,0.0,0.0,False,True,"Parent=TRAIN_007 (DOPO-HPM); Change=Added biphenyl at aromatic atom 48.; Attachment=peripheral_aromatic; One-factor computational analogue. Parent_Tanimoto_r3=0.661; Max_Train_Tanimoto_r3=0.661; Risk=candidate may be outside strict in-domain threshold. Synthesis route, regioselectivity, stability, equivalent balance and EP compatibility require manual review.",True,True,True,True,eligible,1,1.0,1.0,0.0,0.0,0.0,0.0,Candidate
LIB_0261,CAND_R2_102,DOPO-HPM-OH-glycidyl,O=C1CC(P2(=O)Oc3ccccc3-c3ccccc32)C(=O)N1c1ccc(OCC(Cn2c(=O)n(CC3CO3)c(=O)n(CC3CO3)c2=O)OCC2CO2)cc1,O=C1CC(P2(=O)Oc3ccccc3-c3ccccc32)C(=O)N1c1ccc(OCC(Cn2c(=O)n(CC3CO3)c(=O)n(CC3CO3)c2=O)OCC2CO2)cc1,,DOPO-based (Co-curing),Designed,designed,P-N,1,OH-to-glycidyl-ether,epoxy,Co-curing,B,758.6770000000001,O=C1CC(P2(=O)Oc3ccccc3-c3ccccc32)C(=O)N1c1ccc(OCC(Cn2c(=O)n(CC3CO3)c(=O)n(CC3CO3)c2=O)OCC2CO2)cc1,4.082633320899407,7.3849609254004,0.0,0.0,0.0,False,True,"Parent=TRAIN_007 (DOPO-HPM); Change=Converted one OH group to a glycidyl ether. Regioisomer 1.; Attachment=OH_site_1; One-factor computational analogue. Parent_Tanimoto_r3=0.775; Max_Train_Tanimoto_r3=0.775; Risk=none. Synthesis route, regioselectivity, stability, equivalent balance and EP compatibility require manual review.",True,True,True,True,eligible,1,1.0,1.0,0.0,0.0,0.0,2.0,Candidate
LIB_0262,CAND_R2_103,DOPO-HPM-OH-methyl,COC(COc1ccc(N2C(=O)CC(P3(=O)Oc4ccccc4-c4ccccc43)C2=O)cc1)Cn1c(=O)n(CC2CO2)c(=O)n(CC2CO2)c1=O,COC(COc1ccc(N2C(=O)CC(P3(=O)Oc4ccccc4-c4ccccc43)C2=O)cc1)Cn1c(=O)n(CC2CO2)c(=O)n(CC2CO2)c1=O,,DOPO-based (additive),Designed,designed,P-N,1,OH-to-methyl-ether,none,Additive,B,716.6399999999999,O=C1CC(P2(=O)Oc3ccccc3-c3ccccc32)C(=O)N1c1ccc(OCCCn2c(=O)n(CC3CO3)c(=O)n(CC3CO3)c2=O)cc1,4.3221143112301865,7.818151373074349,0.0,0.0,0.0,False,True,"Parent=TRAIN_007 (DOPO-HPM); Change=Converted one OH group to a methyl ether. Regioisomer 1.; Attachment=OH_site_1; One-factor computational analogue. Parent_Tanimoto_r3=0.796; Max_Train_Tanimoto_r3=0.796; Risk=none. Synthesis route, regioselectivity, stability, equivalent balance and EP compatibility require manual review.",True,True,True,True,eligible,1,1.0,1.0,0.0,0.0,0.0,0.0,Candidate
LIB_0263,CAND_R2_104,DOPO-HPM-OH-acetyl,CC(=O)OC(COc1ccc(N2C(=O)CC(P3(=O)Oc4ccccc4-c4ccccc43)C2=O)cc1)Cn1c(=O)n(CC2CO2)c(=O)n(CC2CO2)c1=O,CC(=O)OC(COc1ccc(N2C(=O)CC(P3(=O)Oc4ccccc4-c4ccccc43)C2=O)cc1)Cn1c(=O)n(CC2CO2)c(=O)n(CC2CO2)c1=O,,DOPO-based (additive),Designed,designed,P-N,1,OH-to-acetate,none,Additive,B,744.6499999999999,O=C1CC(P2(=O)Oc3ccccc3-c3ccccc32)C(=O)N1c1ccc(OCCCn2c(=O)n(CC3CO3)c(=O)n(CC3CO3)c2=O)cc1,4.159538038004433,7.524071711542337,0.0,0.0,0.0,False,True,"Parent=TRAIN_007 (DOPO-HPM); Change=Converted one OH group to an acetate. Regioisomer 1.; Attachment=OH_site_1; One-factor computational analogue. Parent_Tanimoto_r3=0.770; Max_Train_Tanimoto_r3=0.770; Risk=none. Synthesis route, regioselectivity, stability, equivalent balance and EP compatibility require manual review.",True,True,True,True,eligible,1,1.0,1.0,0.0,0.0,0.0,0.0,Candidate
LIB_0264,CAND_R2_105,DOPO-HPM-OH-allyl,C=CCOC(COc1ccc(N2C(=O)CC(P3(=O)Oc4ccccc4-c4ccccc43)C2=O)cc1)Cn1c(=O)n(CC2CO2)c(=O)n(CC2CO2)c1=O,C=CCOC(COc1ccc(N2C(=O)CC(P3(=O)Oc4ccccc4-c4ccccc43)C2=O)cc1)Cn1c(=O)n(CC2CO2)c(=O)n(CC2CO2)c1=O,,DOPO-based (additive),Designed,designed,P-N,1,OH-to-allyl-ether,allyl,Additive,B,742.6779999999999,O=C1CC(P2(=O)Oc3ccccc3-c3ccccc32)C(=O)N1c1ccc(OCCCn2c(=O)n(CC3CO3)c(=O)n(CC3CO3)c2=O)cc1,4.170582675129734,7.54405004591492,0.0,0.0,0.0,False,True,"Parent=TRAIN_007 (DOPO-HPM); Change=Converted one OH group to an allyl ether; no EP reactivity is assumed. Regioisomer 1.; Attachment=OH_site_1; One-factor computational analogue. Parent_Tanimoto_r3=0.748; Max_Train_Tanimoto_r3=0.748; Risk=none. Synthesis route, regioselectivity, stability, equivalent balance and EP compatibility require manual review.",True,True,True,True,eligible,1,1.0,1.0,0.0,0.0,0.0,0.0,Candidate
LIB_0265,CAND_R2_106,DOPT-amino,Cc1ccc(S(=O)(=O)NP2(=O)Oc3ccccc3-c3ccccc32)cc1N,Cc1ccc(S(=O)(=O)NP2(=O)Oc3ccccc3-c3ccccc32)cc1N,,DOPO-based (Co-curing),Designed,designed,P-N-S,1,aryl-amino,NH2,Co-curing,B,400.39600000000013,O=P1(NS(=O)(=O)c2ccccc2)Oc2ccccc2-c2ccccc21,7.735841516898269,6.996573392341579,8.00882126694572,0.0,0.0,False,True,"Parent=TRAIN_090 (DOPT); Change=Added amino at aromatic atom 25.; Attachment=peripheral_aromatic; One-factor computational analogue. Parent_Tanimoto_r3=0.653; Max_Train_Tanimoto_r3=0.653; Risk=candidate may be outside strict in-domain threshold. Synthesis route, regioselectivity, stability, equivalent balance and EP compatibility require manual review.",True,True,True,True,eligible,1,1.0,1.0,1.0,0.0,0.0,2.0,Candidate
LIB_0266,CAND_R2_107,DOPT-hydroxy,Cc1ccc(S(=O)(=O)NP2(=O)Oc3ccccc3-c3ccccc32)cc1O,Cc1ccc(S(=O)(=O)NP2(=O)Oc3ccccc3-c3ccccc32)cc1O,,DOPO-based (additive),Designed,designed,P-N-S,1,aryl-hydroxy,OH,Additive,B,401.3800000000001,O=P1(NS(=O)(=O)c2ccccc2)Oc2ccccc2-c2ccccc21,7.716876775125814,3.489710498779211,7.989187303801881,0.0,0.0,False,True,"Parent=TRAIN_090 (DOPT); Change=Added hydroxy at aromatic atom 25.; Attachment=peripheral_aromatic; One-factor computational analogue. Parent_Tanimoto_r3=0.653; Max_Train_Tanimoto_r3=0.653; Risk=candidate may be outside strict in-domain threshold. Synthesis route, regioselectivity, stability, equivalent balance and EP compatibility require manual review.",True,True,True,True,eligible,1,1.0,1.0,1.0,0.0,0.0,0.0,Candidate
LIB_0267,CAND_R2_108,DOPT-hydroxymethyl,Cc1ccc(S(=O)(=O)NP2(=O)Oc3ccccc3-c3ccccc32)cc1CO,Cc1ccc(S(=O)(=O)NP2(=O)Oc3ccccc3-c3ccccc32)cc1CO,,DOPO-based (additive),Designed,designed,P-N-S,1,aryl-hydroxymethyl,CH2OH,Additive,B,415.40700000000015,O=P1(NS(=O)(=O)c2ccccc2)Oc2ccccc2-c2ccccc21,7.456301891879527,3.371873849020357,7.719417342509873,0.0,0.0,False,True,"Parent=TRAIN_090 (DOPT); Change=Added hydroxymethyl at aromatic atom 25.; Attachment=peripheral_aromatic; One-factor computational analogue. Parent_Tanimoto_r3=0.618; Max_Train_Tanimoto_r3=0.618; Risk=large structural change from parent; candidate may be outside strict in-domain threshold. Synthesis route, regioselectivity, stability, equivalent balance and EP compatibility require manual review.",True,True,True,True,eligible,1,1.0,1.0,1.0,0.0,0.0,0.0,Candidate
LIB_0268,CAND_R2_109,DOPT-carboxamide,Cc1ccc(S(=O)(=O)NP2(=O)Oc3ccccc3-c3ccccc32)cc1C(N)=O,Cc1ccc(S(=O)(=O)NP2(=O)Oc3ccccc3-c3ccccc32)cc1C(N)=O,,DOPO-based (additive),Designed,designed,P-N-S,1,aryl-carboxamide,amide,Additive,B,428.4060000000002,O=P1(NS(=O)(=O)c2ccccc2)Oc2ccccc2-c2ccccc21,7.2300574688496395,6.539124101903332,7.485189283063259,0.0,0.0,False,True,"Parent=TRAIN_090 (DOPT); Change=Added carboxamide at aromatic atom 25.; Attachment=peripheral_aromatic; One-factor computational analogue. Parent_Tanimoto_r3=0.610; Max_Train_Tanimoto_r3=0.610; Risk=large structural change from parent; candidate may be outside strict in-domain threshold. Synthesis route, regioselectivity, stability, equivalent balance and EP compatibility require manual review.",True,True,True,True,eligible,1,1.0,1.0,1.0,0.0,0.0,0.0,Candidate
LIB_0269,CAND_R2_110,DOPT-boronic-acid,Cc1ccc(S(=O)(=O)NP2(=O)Oc3ccccc3-c3ccccc32)cc1B(O)O,Cc1ccc(S(=O)(=O)NP2(=O)Oc3ccccc3-c3ccccc32)cc1B(O)O,,DOPO-based (additive),Designed,designed,P-N-B-S,1,aryl-boronic-acid,B(OH)2,Additive,B,429.1990000000001,O=P1(NS(=O)(=O)c2ccccc2)Oc2ccccc2-c2ccccc21,7.216699013744205,3.2635211172439815,7.471359439327675,2.5191111815265175,0.0,False,True,"Parent=TRAIN_090 (DOPT); Change=Added boronic_acid at aromatic atom 25.; Attachment=peripheral_aromatic; One-factor computational analogue. Parent_Tanimoto_r3=0.635; Max_Train_Tanimoto_r3=0.635; Risk=large structural change from parent; candidate may be outside strict in-domain threshold. Synthesis route, regioselectivity, stability, equivalent balance and EP compatibility require manual review.",True,True,True,True,eligible,1,1.0,1.0,1.0,1.0,0.0,0.0,Candidate
LIB_0270,CAND_R2_111,DOPT-pinacol-boronate,Cc1ccc(S(=O)(=O)NP2(=O)Oc3ccccc3-c3ccccc32)cc1B1OC(C)(C)C(C)(C)O1,Cc1ccc(S(=O)(=O)NP2(=O)Oc3ccccc3-c3ccccc32)cc1B1OC(C)(C)C(C)(C)O1,,DOPO-based (additive),Designed,designed,P-N-B-S,1,aryl-pinacol-boronate,pinacol boronate,Additive,B,511.3450000000003,O=P1(NS(=O)(=O)c2cccc(B3OCCO3)c2)Oc2ccccc2-c2ccccc21,6.0573585348443775,2.7392464969834442,6.271108547067045,2.1144237256646674,0.0,False,True,"Parent=TRAIN_090 (DOPT); Change=Added pinacol_boronate at aromatic atom 25.; Attachment=peripheral_aromatic; One-factor computational analogue. Parent_Tanimoto_r3=0.593; Max_Train_Tanimoto_r3=0.593; Risk=large structural change from parent; candidate may be outside strict in-domain threshold. Synthesis route, regioselectivity, stability, equivalent balance and EP compatibility require manual review.",True,True,True,True,eligible,1,1.0,1.0,1.0,1.0,0.0,0.0,Candidate
LIB_0271,CAND_R2_112,DOPT-trimethoxysilyl,CO[Si](OC)(OC)c1cc(S(=O)(=O)NP2(=O)Oc3ccccc3-c3ccccc32)ccc1C,CO[Si](OC)(OC)c1cc(S(=O)(=O)NP2(=O)Oc3ccccc3-c3ccccc32)ccc1C,,DOPO-based (additive+ Secondary Crosslinking),Designed,designed,P-N-Si-S,1,aryl-trimethoxysilyl,Si(OCH3)3,Additive + Secondary Crosslinking,B,505.56100000000026,O=P1(NS(=O)(=O)c2ccccc2)Oc2ccccc2-c2ccccc21,6.126659295317476,2.770585547540256,6.342854769256327,0.0,5.55541269995114,False,True,"Parent=TRAIN_090 (DOPT); Change=Added trimethoxysilyl at aromatic atom 25.; Attachment=peripheral_aromatic; One-factor computational analogue. Parent_Tanimoto_r3=0.595; Max_Train_Tanimoto_r3=0.595; Risk=large structural change from parent; candidate may be outside strict in-domain threshold. Synthesis route, regioselectivity, stability, equivalent balance and EP compatibility require manual review.",True,True,True,True,eligible,1,1.0,1.0,1.0,0.0,1.0,3.0,Candidate
LIB_0272,CAND_R2_113,DOPT-triethoxysilyl,CCO[Si](OCC)(OCC)c1cc(S(=O)(=O)NP2(=O)Oc3ccccc3-c3ccccc32)ccc1C,CCO[Si](OCC)(OCC)c1cc(S(=O)(=O)NP2(=O)Oc3ccccc3-c3ccccc32)ccc1C,,DOPO-based (additive+ Secondary Crosslinking),Designed,designed,P-N-Si-S,1,aryl-triethoxysilyl,Si(OC2H5)3,Additive + Secondary Crosslinking,B,547.6420000000002,O=P1(NS(=O)(=O)c2ccccc2)Oc2ccccc2-c2ccccc21,5.655884683789774,2.5576927993104976,5.85546762300919,0.0,5.128532873665641,False,True,"Parent=TRAIN_090 (DOPT); Change=Added triethoxysilyl at aromatic atom 25.; Attachment=peripheral_aromatic; One-factor computational analogue. Parent_Tanimoto_r3=0.573; Max_Train_Tanimoto_r3=0.573; Risk=large structural change from parent; candidate may be outside strict in-domain threshold. Synthesis route, regioselectivity, stability, equivalent balance and EP compatibility require manual review.",True,True,True,True,eligible,1,1.0,1.0,1.0,0.0,1.0,3.0,Candidate
LIB_0273,CAND_R2_114,DOPT-disiloxane,Cc1ccc(S(=O)(=O)NP2(=O)Oc3ccccc3-c3ccccc32)cc1[Si](C)(C)O[Si](C)(C)C,Cc1ccc(S(=O)(=O)NP2(=O)Oc3ccccc3-c3ccccc32)cc1[Si](C)(C)O[Si](C)(C)C,,DOPO-based (additive),Designed,designed,P-N-Si-S,1,short-disiloxane,none,Additive,B,531.7190000000002,O=P1(NS(=O)(=O)c2ccccc2)Oc2ccccc2-c2ccccc21,5.825257325767932,2.6342861549051277,6.030817029295547,0.0,10.564226593369803,False,True,"Parent=TRAIN_090 (DOPT); Change=Added disiloxane at aromatic atom 25.; Attachment=peripheral_aromatic; One-factor computational analogue. Parent_Tanimoto_r3=0.580; Max_Train_Tanimoto_r3=0.580; Risk=large structural change from parent; candidate may be outside strict in-domain threshold. Synthesis route, regioselectivity, stability, equivalent balance and EP compatibility require manual review.",True,True,True,True,eligible,1,1.0,1.0,1.0,0.0,1.0,0.0,Candidate
LIB_0274,CAND_R2_115,DOPT-glycidyloxy,Cc1ccc(S(=O)(=O)NP2(=O)Oc3ccccc3-c3ccccc32)cc1OCC1CO1,Cc1ccc(S(=O)(=O)NP2(=O)Oc3ccccc3-c3ccccc32)cc1OCC1CO1,,DOPO-based (Co-curing),Designed,designed,P-N-S,1,aryl-glycidyl-ether,epoxy,Co-curing,C,457.44400000000024,O=P1(NS(=O)(=O)c2cccc(OCC3CO3)c2)Oc2ccccc2-c2ccccc21,6.7711020365334305,3.062014148179885,7.01003838721242,0.0,0.0,False,False,"Parent=TRAIN_090 (DOPT); Change=Added glycidyloxy at aromatic atom 25.; Attachment=peripheral_aromatic; One-factor computational analogue. Parent_Tanimoto_r3=0.547; Max_Train_Tanimoto_r3=0.547; Risk=large structural change from parent; candidate may be outside strict in-domain threshold; exploratory only; excluded from formal screening. Synthesis route, regioselectivity, stability, equivalent balance and EP compatibility require manual review.",True,True,True,False,synthesis_level_C_or_missing,1,1.0,1.0,1.0,0.0,0.0,2.0,Candidate
LIB_0275,CAND_R2_116,DOPT-diaminotriazine,Cc1ccc(S(=O)(=O)NP2(=O)Oc3ccccc3-c3ccccc32)cc1-c1nc(N)nc(N)n1,Cc1ccc(S(=O)(=O)NP2(=O)Oc3ccccc3-c3ccccc32)cc1-c1nc(N)nc(N)n1,,DOPO-based (Co-curing),Designed,designed,P-N-S,1,"diamino-1,3,5-triazine",NH2,Co-curing,B,494.47300000000024,O=P1(NS(=O)(=O)c2cccc(-c3ncncn3)c2)Oc2ccccc2-c2ccccc21,6.264042728318834,16.99627684423618,6.485086142216053,0.0,0.0,False,True,"Parent=TRAIN_090 (DOPT); Change=Added diaminotriazine at aromatic atom 25.; Attachment=peripheral_aromatic; One-factor computational analogue. Parent_Tanimoto_r3=0.566; Max_Train_Tanimoto_r3=0.566; Risk=large structural change from parent; candidate may be outside strict in-domain threshold. Synthesis route, regioselectivity, stability, equivalent balance and EP compatibility require manual review.",True,True,True,True,eligible,1,1.0,1.0,1.0,0.0,0.0,2.0,Candidate
LIB_0276,CAND_R2_117,DOPT-piperazine,Cc1ccc(S(=O)(=O)NP2(=O)Oc3ccccc3-c3ccccc32)cc1N1CCNCC1,Cc1ccc(S(=O)(=O)NP2(=O)Oc3ccccc3-c3ccccc32)cc1N1CCNCC1,,DOPO-based (Co-curing),Designed,designed,P-N-S,1,piperazine,NH,Co-curing,B,469.50300000000027,O=P1(NS(=O)(=O)c2cccc(N3CCNCC3)c2)Oc2ccccc2-c2ccccc21,6.597188942349672,8.950102555255233,6.829988306783978,0.0,0.0,False,True,"Parent=TRAIN_090 (DOPT); Change=Added piperazine at aromatic atom 25.; Attachment=peripheral_aromatic; One-factor computational analogue. Parent_Tanimoto_r3=0.553; Max_Train_Tanimoto_r3=0.553; Risk=large structural change from parent; candidate may be outside strict in-domain threshold. Synthesis route, regioselectivity, stability, equivalent balance and EP compatibility require manual review.",True,True,True,True,eligible,1,1.0,1.0,1.0,0.0,0.0,2.0,Candidate
LIB_0277,CAND_R2_118,DOPT-benzamide-linker,Cc1ccc(S(=O)(=O)NP2(=O)Oc3ccccc3-c3ccccc32)cc1NC(=O)c1ccccc1,Cc1ccc(S(=O)(=O)NP2(=O)Oc3ccccc3-c3ccccc32)cc1NC(=O)c1ccccc1,,DOPO-based (additive),Designed,designed,P-N-S,1,benzamide,amide,Additive,C,504.5040000000002,O=C(Nc1cccc(S(=O)(=O)NP2(=O)Oc3ccccc3-c3ccccc32)c1)c1ccccc1,6.1394954252097085,5.5527805527805505,6.356143856143853,0.0,0.0,False,False,"Parent=TRAIN_090 (DOPT); Change=Added benzamide_linker at aromatic atom 25.; Attachment=peripheral_aromatic; One-factor computational analogue. Parent_Tanimoto_r3=0.540; Max_Train_Tanimoto_r3=0.540; Risk=large structural change from parent; candidate may be outside strict in-domain threshold; exploratory only; excluded from formal screening. Synthesis route, regioselectivity, stability, equivalent balance and EP compatibility require manual review.",True,True,True,False,synthesis_level_C_or_missing,1,1.0,1.0,1.0,0.0,0.0,0.0,Candidate
LIB_0278,CAND_R2_119,DOPT-phenyl,Cc1ccc(S(=O)(=O)NP2(=O)Oc3ccccc3-c3ccccc32)cc1-c1ccccc1,Cc1ccc(S(=O)(=O)NP2(=O)Oc3ccccc3-c3ccccc32)cc1-c1ccccc1,,DOPO-based (additive),Designed,designed,P-N-S,1,phenyl,none,Additive,B,461.47900000000016,O=P1(NS(=O)(=O)c2cccc(-c3ccccc3)c2)Oc2ccccc2-c2ccccc21,6.711898049532046,3.0352410402206806,6.948745230010464,0.0,0.0,False,True,"Parent=TRAIN_090 (DOPT); Change=Added phenyl at aromatic atom 25.; Attachment=peripheral_aromatic; One-factor computational analogue. Parent_Tanimoto_r3=0.603; Max_Train_Tanimoto_r3=0.603; Risk=large structural change from parent; candidate may be outside strict in-domain threshold. Synthesis route, regioselectivity, stability, equivalent balance and EP compatibility require manual review.",True,True,True,True,eligible,1,1.0,1.0,1.0,0.0,0.0,0.0,Candidate
LIB_0279,CAND_R2_120,DOPT-biphenyl,Cc1ccc(S(=O)(=O)NP2(=O)Oc3ccccc3-c3ccccc32)cc1-c1ccc(-c2ccccc2)cc1,Cc1ccc(S(=O)(=O)NP2(=O)Oc3ccccc3-c3ccccc32)cc1-c1ccc(-c2ccccc2)cc1,,DOPO-based (additive),Designed,designed,P-N-S,1,biphenyl,none,Additive,B,537.5770000000002,O=P1(NS(=O)(=O)c2cccc(-c3ccc(-c4ccccc4)cc3)c2)Oc2ccccc2-c2ccccc21,5.761779242787543,2.605580223856302,5.965098953266227,0.0,0.0,False,True,"Parent=TRAIN_090 (DOPT); Change=Added biphenyl at aromatic atom 25.; Attachment=peripheral_aromatic; One-factor computational analogue. Parent_Tanimoto_r3=0.566; Max_Train_Tanimoto_r3=0.566; Risk=large structural change from parent; candidate may be outside strict in-domain threshold. Synthesis route, regioselectivity, stability, equivalent balance and EP compatibility require manual review.",True,True,True,True,eligible,1,1.0,1.0,1.0,0.0,0.0,0.0,Candidate
LIB_0280,CAND_R2_121,DOPT-aryl-methyl-to-aldehyde,O=Cc1ccc(S(=O)(=O)NP2(=O)Oc3ccccc3-c3ccccc32)cc1,O=Cc1ccc(S(=O)(=O)NP2(=O)Oc3ccccc3-c3ccccc32)cc1,,DOPO-based (additive),Designed,designed,P-N-S,1,methyl-to-aldehyde,CHO,Additive,B,399.3640000000001,O=P1(NS(=O)(=O)c2ccccc2)Oc2ccccc2-c2ccccc21,7.755831772518302,3.5073266493725015,8.029516931921753,0.0,0.0,False,True,"Parent=TRAIN_090 (DOPT); Change=Oxidized one aryl methyl group to an aldehyde. Regioisomer 1.; Attachment=site_1; One-factor computational analogue. Parent_Tanimoto_r3=0.727; Max_Train_Tanimoto_r3=0.727; Risk=none. Synthesis route, regioselectivity, stability, equivalent balance and EP compatibility require manual review.",True,True,True,True,eligible,1,1.0,1.0,1.0,0.0,0.0,0.0,Candidate
LIB_0281,CAND_R2_122,DOPT-aryl-methyl-to-acid,O=C(O)c1ccc(S(=O)(=O)NP2(=O)Oc3ccccc3-c3ccccc32)cc1,O=C(O)c1ccc(S(=O)(=O)NP2(=O)Oc3ccccc3-c3ccccc32)cc1,,DOPO-based (additive),Designed,designed,P-N-S,1,methyl-to-carboxylic-acid,COOH,Additive,B,415.36300000000006,O=P1(NS(=O)(=O)c2ccccc2)Oc2ccccc2-c2ccccc21,7.457091748663217,3.3722310364668973,7.720235071491682,0.0,0.0,False,True,"Parent=TRAIN_090 (DOPT); Change=Oxidized one aryl methyl group to a carboxylic acid. Regioisomer 1.; Attachment=site_1; One-factor computational analogue. Parent_Tanimoto_r3=0.716; Max_Train_Tanimoto_r3=0.716; Risk=none. Synthesis route, regioselectivity, stability, equivalent balance and EP compatibility require manual review.",True,True,True,True,eligible,1,1.0,1.0,1.0,0.0,0.0,0.0,Candidate
LIB_0282,CAND_R2_123,DOPT-NH-methyl,Cc1ccc(S(=O)(=O)N(C)P2(=O)Oc3ccccc3-c3ccccc32)cc1,Cc1ccc(S(=O)(=O)N(C)P2(=O)Oc3ccccc3-c3ccccc32)cc1,,DOPO-based (additive),Designed,designed,P-N-S,1,N-methyl,none,Additive,C,399.4080000000001,O=P1(NS(=O)(=O)c2ccccc2)Oc2ccccc2-c2ccccc21,7.754977366502422,3.5069402716019704,8.028632375916354,0.0,0.0,False,False,"Parent=TRAIN_090 (DOPT); Change=Methylated one free N–H site, reducing curing activity. Regioisomer 1.; Attachment=NH_site_1; One-factor computational analogue. Parent_Tanimoto_r3=0.481; Max_Train_Tanimoto_r3=0.481; Risk=large structural change from parent; candidate may be outside strict in-domain threshold; exploratory only; excluded from formal screening. Synthesis route, regioselectivity, stability, equivalent balance and EP compatibility require manual review.",True,True,True,False,synthesis_level_C_or_missing,1,1.0,1.0,1.0,0.0,0.0,0.0,Candidate
LIB_0283,CAND_R2_124,DOPT-NH-hydroxyethyl,Cc1ccc(S(=O)(=O)N(CCO)P2(=O)Oc3ccccc3-c3ccccc32)cc1,Cc1ccc(S(=O)(=O)N(CCO)P2(=O)Oc3ccccc3-c3ccccc32)cc1,,DOPO-based (additive),Designed,designed,P-N-S,1,N-hydroxyethyl,OH,Additive,C,429.4340000000001,O=P1(NS(=O)(=O)c2ccccc2)Oc2ccccc2-c2ccccc21,7.212749805558013,3.261735214258768,7.4672708728232955,0.0,0.0,False,False,"Parent=TRAIN_090 (DOPT); Change=Introduced one hydroxyethyl substituent on an N–H site. Regioisomer 1.; Attachment=NH_site_1; One-factor computational analogue. Parent_Tanimoto_r3=0.440; Max_Train_Tanimoto_r3=0.440; Risk=large structural change from parent; candidate may be outside strict in-domain threshold; exploratory only; excluded from formal screening. Synthesis route, regioselectivity, stability, equivalent balance and EP compatibility require manual review.",True,True,True,False,synthesis_level_C_or_missing,1,1.0,1.0,1.0,0.0,0.0,0.0,Candidate
LIB_0284,CAND_R2_125,DOPT-NH-glycidyl,Cc1ccc(S(=O)(=O)N(CC2CO2)P2(=O)Oc3ccccc3-c3ccccc32)cc1,Cc1ccc(S(=O)(=O)N(CC2CO2)P2(=O)Oc3ccccc3-c3ccccc32)cc1,,DOPO-based (Co-curing),Designed,designed,P-N-S,1,N-glycidyl,epoxy,Co-curing,C,441.4450000000001,O=P1(N(CC2CO2)S(=O)(=O)c2ccccc2)Oc2ccccc2-c2ccccc21,7.016502622070698,3.17298870754001,7.264098585327728,0.0,0.0,False,False,"Parent=TRAIN_090 (DOPT); Change=Introduced one glycidyl substituent on an N–H site. Regioisomer 1.; Attachment=NH_site_1; One-factor computational analogue. Parent_Tanimoto_r3=0.420; Max_Train_Tanimoto_r3=0.420; Risk=large structural change from parent; candidate may be outside strict in-domain threshold; exploratory only; excluded from formal screening. Synthesis route, regioselectivity, stability, equivalent balance and EP compatibility require manual review.",True,True,True,False,synthesis_level_C_or_missing,1,1.0,1.0,1.0,0.0,0.0,2.0,Candidate
LIB_0285,CAND_R2_126,DIB-amino,Nc1nc(C(Nc2ccc(NC(c3c[nH]cn3)P3(=O)Oc4ccccc4-c4ccccc43)cc2)P2(=O)Oc3ccccc3-c3ccccc32)c[nH]1,Nc1nc(C(Nc2ccc(NC(c3c[nH]cn3)P3(=O)Oc4ccccc4-c4ccccc43)cc2)P2(=O)Oc3ccccc3-c3ccccc32)c[nH]1,,DOPO-based (Co-curing),Designed,designed,P-N,2,aryl-amino,NH2,Co-curing,B,711.6590000000001,O=P1(C(Nc2ccc(NC(c3c[nH]cn3)P3(=O)Oc4ccccc4-c4ccccc43)cc2)c2c[nH]cn2)Oc2ccccc2-c2ccccc21,8.704730776959188,13.77752547217136,0.0,0.0,0.0,False,True,"Parent=TRAIN_057 (DIB); Change=Added amino at aromatic atom 35.; Attachment=peripheral_aromatic; One-factor computational analogue. Parent_Tanimoto_r3=0.818; Max_Train_Tanimoto_r3=0.818; Risk=none. Synthesis route, regioselectivity, stability, equivalent balance and EP compatibility require manual review.",True,True,True,True,eligible,2,1.0,1.0,0.0,0.0,0.0,2.0,Candidate
LIB_0286,CAND_R2_127,DIB-hydroxy,O=P1(C(Nc2ccc(NC(c3c[nH]c(O)n3)P3(=O)Oc4ccccc4-c4ccccc43)cc2)c2c[nH]cn2)Oc2ccccc2-c2ccccc21,O=P1(C(Nc2ccc(NC(c3c[nH]c(O)n3)P3(=O)Oc4ccccc4-c4ccccc43)cc2)c2c[nH]cn2)Oc2ccccc2-c2ccccc21,,DOPO-based (additive),Designed,designed,P-N,2,aryl-hydroxy,OH,Additive,B,712.6430000000001,O=P1(C(Nc2ccc(NC(c3c[nH]cn3)P3(=O)Oc4ccccc4-c4ccccc43)cc2)c2c[nH]cn2)Oc2ccccc2-c2ccccc21,8.692711497902875,11.793001544953082,0.0,0.0,0.0,False,True,"Parent=TRAIN_057 (DIB); Change=Added hydroxy at aromatic atom 35.; Attachment=peripheral_aromatic; One-factor computational analogue. Parent_Tanimoto_r3=0.818; Max_Train_Tanimoto_r3=0.818; Risk=none. Synthesis route, regioselectivity, stability, equivalent balance and EP compatibility require manual review.",True,True,True,True,eligible,2,1.0,1.0,0.0,0.0,0.0,0.0,Candidate
LIB_0287,CAND_R2_128,DIB-hydroxymethyl,O=P1(C(Nc2ccc(NC(c3c[nH]c(CO)n3)P3(=O)Oc4ccccc4-c4ccccc43)cc2)c2c[nH]cn2)Oc2ccccc2-c2ccccc21,O=P1(C(Nc2ccc(NC(c3c[nH]c(CO)n3)P3(=O)Oc4ccccc4-c4ccccc43)cc2)c2c[nH]cn2)Oc2ccccc2-c2ccccc21,,DOPO-based (additive),Designed,designed,P-N,2,aryl-hydroxymethyl,CH2OH,Additive,B,726.6700000000001,O=P1(C(Nc2ccc(NC(c3c[nH]cn3)P3(=O)Oc4ccccc4-c4ccccc43)cc2)c2c[nH]cn2)Oc2ccccc2-c2ccccc21,8.52491502332558,11.565359791927559,0.0,0.0,0.0,False,True,"Parent=TRAIN_057 (DIB); Change=Added hydroxymethyl at aromatic atom 35.; Attachment=peripheral_aromatic; One-factor computational analogue. Parent_Tanimoto_r3=0.787; Max_Train_Tanimoto_r3=0.787; Risk=none. Synthesis route, regioselectivity, stability, equivalent balance and EP compatibility require manual review.",True,True,True,True,eligible,2,1.0,1.0,0.0,0.0,0.0,0.0,Candidate
LIB_0288,CAND_R2_129,DIB-carboxamide,NC(=O)c1nc(C(Nc2ccc(NC(c3c[nH]cn3)P3(=O)Oc4ccccc4-c4ccccc43)cc2)P2(=O)Oc3ccccc3-c3ccccc32)c[nH]1,NC(=O)c1nc(C(Nc2ccc(NC(c3c[nH]cn3)P3(=O)Oc4ccccc4-c4ccccc43)cc2)P2(=O)Oc3ccccc3-c3ccccc32)c[nH]1,,DOPO-based (additive),Designed,designed,P-N,2,aryl-carboxamide,amide,Additive,B,739.6690000000002,O=P1(C(Nc2ccc(NC(c3c[nH]cn3)P3(=O)Oc4ccccc4-c4ccccc43)cc2)c2c[nH]cn2)Oc2ccccc2-c2ccccc21,8.375097509832099,13.255794145759788,0.0,0.0,0.0,False,True,"Parent=TRAIN_057 (DIB); Change=Added carboxamide at aromatic atom 35.; Attachment=peripheral_aromatic; One-factor computational analogue. Parent_Tanimoto_r3=0.768; Max_Train_Tanimoto_r3=0.768; Risk=none. Synthesis route, regioselectivity, stability, equivalent balance and EP compatibility require manual review.",True,True,True,True,eligible,2,1.0,1.0,0.0,0.0,0.0,0.0,Candidate
LIB_0289,CAND_R2_130,DIB-boronic-acid,O=P1(C(Nc2ccc(NC(c3c[nH]c(B(O)O)n3)P3(=O)Oc4ccccc4-c4ccccc43)cc2)c2c[nH]cn2)Oc2ccccc2-c2ccccc21,O=P1(C(Nc2ccc(NC(c3c[nH]c(B(O)O)n3)P3(=O)Oc4ccccc4-c4ccccc43)cc2)c2c[nH]cn2)Oc2ccccc2-c2ccccc21,,DOPO-based (additive),Designed,designed,P-N-B,2,aryl-boronic-acid,B(OH)2,Additive,B,740.4620000000001,O=P1(C(Nc2ccc(NC(c3c[nH]cn3)P3(=O)Oc4ccccc4-c4ccccc43)cc2)c2c[nH]cn2)Oc2ccccc2-c2ccccc21,8.366128174031887,11.349940982791823,0.0,1.4601694617684633,0.0,False,True,"Parent=TRAIN_057 (DIB); Change=Added boronic_acid at aromatic atom 35.; Attachment=peripheral_aromatic; One-factor computational analogue. Parent_Tanimoto_r3=0.787; Max_Train_Tanimoto_r3=0.787; Risk=none. Synthesis route, regioselectivity, stability, equivalent balance and EP compatibility require manual review.",True,True,True,True,eligible,2,1.0,1.0,0.0,1.0,0.0,0.0,Candidate
LIB_0290,CAND_R2_131,DIB-pinacol-boronate,CC1(C)OB(c2nc(C(Nc3ccc(NC(c4c[nH]cn4)P4(=O)Oc5ccccc5-c5ccccc54)cc3)P3(=O)Oc4ccccc4-c4ccccc43)c[nH]2)OC1(C)C,CC1(C)OB(c2nc(C(Nc3ccc(NC(c4c[nH]cn4)P4(=O)Oc5ccccc5-c5ccccc54)cc3)P3(=O)Oc4ccccc4-c4ccccc43)c[nH]2)OC1(C)C,,DOPO-based (additive),Designed,designed,P-N-B,2,aryl-pinacol-boronate,pinacol boronate,Additive,B,822.6080000000002,O=P1(C(Nc2ccc(NC(c3c[nH]c(B4OCCO4)n3)P3(=O)Oc4ccccc4-c4ccccc43)cc2)c2c[nH]cn2)Oc2ccccc2-c2ccccc21,7.530682901211755,10.216530838503878,0.0,1.314356291210394,0.0,False,True,"Parent=TRAIN_057 (DIB); Change=Added pinacol_boronate at aromatic atom 35.; Attachment=peripheral_aromatic; One-factor computational analogue. Parent_Tanimoto_r3=0.700; Max_Train_Tanimoto_r3=0.700; Risk=none. Synthesis route, regioselectivity, stability, equivalent balance and EP compatibility require manual review.",True,True,True,True,eligible,2,1.0,1.0,0.0,1.0,0.0,0.0,Candidate
LIB_0291,CAND_R2_132,DIB-trimethoxysilyl,CO[Si](OC)(OC)c1nc(C(Nc2ccc(NC(c3c[nH]cn3)P3(=O)Oc4ccccc4-c4ccccc43)cc2)P2(=O)Oc3ccccc3-c3ccccc32)c[nH]1,CO[Si](OC)(OC)c1nc(C(Nc2ccc(NC(c3c[nH]cn3)P3(=O)Oc4ccccc4-c4ccccc43)cc2)P2(=O)Oc3ccccc3-c3ccccc32)c[nH]1,,DOPO-based (additive+ Secondary Crosslinking),Designed,designed,P-N-Si,2,aryl-trimethoxysilyl,Si(OCH3)3,Additive + Secondary Crosslinking,B,816.8240000000002,O=P1(C(Nc2ccc(NC(c3c[nH]cn3)P3(=O)Oc4ccccc4-c4ccccc43)cc2)c2c[nH]cn2)Oc2ccccc2-c2ccccc21,7.584008305338725,10.28887495959962,0.0,0.0,3.4384396148986798,False,True,"Parent=TRAIN_057 (DIB); Change=Added trimethoxysilyl at aromatic atom 35.; Attachment=peripheral_aromatic; One-factor computational analogue. Parent_Tanimoto_r3=0.750; Max_Train_Tanimoto_r3=0.750; Risk=none. Synthesis route, regioselectivity, stability, equivalent balance and EP compatibility require manual review.",True,True,True,True,eligible,2,1.0,1.0,0.0,0.0,1.0,3.0,Candidate
LIB_0292,CAND_R2_133,DIB-triethoxysilyl,CCO[Si](OCC)(OCC)c1nc(C(Nc2ccc(NC(c3c[nH]cn3)P3(=O)Oc4ccccc4-c4ccccc43)cc2)P2(=O)Oc3ccccc3-c3ccccc32)c[nH]1,CCO[Si](OCC)(OCC)c1nc(C(Nc2ccc(NC(c3c[nH]cn3)P3(=O)Oc4ccccc4-c4ccccc43)cc2)P2(=O)Oc3ccccc3-c3ccccc32)c[nH]1,,DOPO-based (additive+ Secondary Crosslinking),Designed,designed,P-N-Si,2,aryl-triethoxysilyl,Si(OC2H5)3,Additive + Secondary Crosslinking,B,858.9050000000001,O=P1(C(Nc2ccc(NC(c3c[nH]cn3)P3(=O)Oc4ccccc4-c4ccccc43)cc2)c2c[nH]cn2)Oc2ccccc2-c2ccccc21,7.2124390939626615,9.784784114657617,0.0,0.0,3.2699774713152205,False,True,"Parent=TRAIN_057 (DIB); Change=Added triethoxysilyl at aromatic atom 35.; Attachment=peripheral_aromatic; One-factor computational analogue. Parent_Tanimoto_r3=0.716; Max_Train_Tanimoto_r3=0.716; Risk=none. Synthesis route, regioselectivity, stability, equivalent balance and EP compatibility require manual review.",True,True,True,True,eligible,2,1.0,1.0,0.0,0.0,1.0,3.0,Candidate
LIB_0293,CAND_R2_134,DIB-disiloxane,C[Si](C)(C)O[Si](C)(C)c1nc(C(Nc2ccc(NC(c3c[nH]cn3)P3(=O)Oc4ccccc4-c4ccccc43)cc2)P2(=O)Oc3ccccc3-c3ccccc32)c[nH]1,C[Si](C)(C)O[Si](C)(C)c1nc(C(Nc2ccc(NC(c3c[nH]cn3)P3(=O)Oc4ccccc4-c4ccccc43)cc2)P2(=O)Oc3ccccc3-c3ccccc32)c[nH]1,,DOPO-based (additive),Designed,designed,P-N-Si,2,short-disiloxane,none,Additive,B,842.9820000000002,O=P1(C(Nc2ccc(NC(c3c[nH]cn3)P3(=O)Oc4ccccc4-c4ccccc43)cc2)c2c[nH]cn2)Oc2ccccc2-c2ccccc21,7.348674111665491,9.969607891983458,0.0,0.0,6.663487476600922,False,True,"Parent=TRAIN_057 (DIB); Change=Added disiloxane at aromatic atom 35.; Attachment=peripheral_aromatic; One-factor computational analogue. Parent_Tanimoto_r3=0.733; Max_Train_Tanimoto_r3=0.733; Risk=none. Synthesis route, regioselectivity, stability, equivalent balance and EP compatibility require manual review.",True,True,True,True,eligible,2,1.0,1.0,0.0,0.0,1.0,0.0,Candidate
LIB_0294,CAND_R2_135,DIB-glycidyloxy,O=P1(C(Nc2ccc(NC(c3c[nH]c(OCC4CO4)n3)P3(=O)Oc4ccccc4-c4ccccc43)cc2)c2c[nH]cn2)Oc2ccccc2-c2ccccc21,O=P1(C(Nc2ccc(NC(c3c[nH]c(OCC4CO4)n3)P3(=O)Oc4ccccc4-c4ccccc43)cc2)c2c[nH]cn2)Oc2ccccc2-c2ccccc21,,DOPO-based (Co-curing),Designed,designed,P-N,2,aryl-glycidyl-ether,epoxy,Co-curing,B,768.7070000000001,O=P1(C(Nc2ccc(NC(c3c[nH]c(OCC4CO4)n3)P3(=O)Oc4ccccc4-c4ccccc43)cc2)c2c[nH]cn2)Oc2ccccc2-c2ccccc21,8.05872718734186,10.932904214479638,0.0,0.0,0.0,False,True,"Parent=TRAIN_057 (DIB); Change=Added glycidyloxy at aromatic atom 35.; Attachment=peripheral_aromatic; One-factor computational analogue. Parent_Tanimoto_r3=0.700; Max_Train_Tanimoto_r3=0.700; Risk=none. Synthesis route, regioselectivity, stability, equivalent balance and EP compatibility require manual review.",True,True,True,True,eligible,2,1.0,1.0,0.0,0.0,0.0,2.0,Candidate
LIB_0295,CAND_R2_136,DIB-diaminotriazine,Nc1nc(N)nc(-c2nc(C(Nc3ccc(NC(c4c[nH]cn4)P4(=O)Oc5ccccc5-c5ccccc54)cc3)P3(=O)Oc4ccccc4-c4ccccc43)c[nH]2)n1,Nc1nc(N)nc(-c2nc(C(Nc3ccc(NC(c4c[nH]cn4)P4(=O)Oc5ccccc5-c5ccccc54)cc3)P3(=O)Oc4ccccc4-c4ccccc43)c[nH]2)n1,,DOPO-based (Co-curing),Designed,designed,P-N,2,"diamino-1,3,5-triazine",NH2,Co-curing,B,805.7360000000001,O=P1(C(Nc2ccc(NC(c3c[nH]c(-c4ncncn4)n3)P3(=O)Oc4ccccc4-c4ccccc43)cc2)c2c[nH]cn2)Oc2ccccc2-c2ccccc21,7.688374355868422,19.12251655629139,0.0,0.0,0.0,False,True,"Parent=TRAIN_057 (DIB); Change=Added diaminotriazine at aromatic atom 35.; Attachment=peripheral_aromatic; One-factor computational analogue. Parent_Tanimoto_r3=0.708; Max_Train_Tanimoto_r3=0.708; Risk=none. Synthesis route, regioselectivity, stability, equivalent balance and EP compatibility require manual review.",True,True,True,True,eligible,2,1.0,1.0,0.0,0.0,0.0,2.0,Candidate
LIB_0296,CAND_R2_137,DIB-piperazine,O=P1(C(Nc2ccc(NC(c3c[nH]c(N4CCNCC4)n3)P3(=O)Oc4ccccc4-c4ccccc43)cc2)c2c[nH]cn2)Oc2ccccc2-c2ccccc21,O=P1(C(Nc2ccc(NC(c3c[nH]c(N4CCNCC4)n3)P3(=O)Oc4ccccc4-c4ccccc43)cc2)c2c[nH]cn2)Oc2ccccc2-c2ccccc21,,DOPO-based (Co-curing),Designed,designed,P-N,2,piperazine,NH,Co-curing,B,780.7660000000001,O=P1(C(Nc2ccc(NC(c3c[nH]c(N4CCNCC4)n3)P3(=O)Oc4ccccc4-c4ccccc43)cc2)c2c[nH]cn2)Oc2ccccc2-c2ccccc21,7.934259432403562,14.352059387831948,0.0,0.0,0.0,False,True,"Parent=TRAIN_057 (DIB); Change=Added piperazine at aromatic atom 35.; Attachment=peripheral_aromatic; One-factor computational analogue. Parent_Tanimoto_r3=0.692; Max_Train_Tanimoto_r3=0.692; Risk=candidate may be outside strict in-domain threshold. Synthesis route, regioselectivity, stability, equivalent balance and EP compatibility require manual review.",True,True,True,True,eligible,2,1.0,1.0,0.0,0.0,0.0,2.0,Candidate
LIB_0297,CAND_R2_138,DIB-benzamide-linker,O=C(Nc1nc(C(Nc2ccc(NC(c3c[nH]cn3)P3(=O)Oc4ccccc4-c4ccccc43)cc2)P2(=O)Oc3ccccc3-c3ccccc32)c[nH]1)c1ccccc1,O=C(Nc1nc(C(Nc2ccc(NC(c3c[nH]cn3)P3(=O)Oc4ccccc4-c4ccccc43)cc2)P2(=O)Oc3ccccc3-c3ccccc32)c[nH]1)c1ccccc1,,DOPO-based (additive),Designed,designed,P-N,2,benzamide,amide,Additive,B,815.7670000000002,O=C(Nc1nc(C(Nc2ccc(NC(c3c[nH]cn3)P3(=O)Oc4ccccc4-c4ccccc43)cc2)P2(=O)Oc3ccccc3-c3ccccc32)c[nH]1)c1ccccc1,7.593835004357861,12.019240788117193,0.0,0.0,0.0,False,True,"Parent=TRAIN_057 (DIB); Change=Added benzamide_linker at aromatic atom 35.; Attachment=peripheral_aromatic; One-factor computational analogue. Parent_Tanimoto_r3=0.677; Max_Train_Tanimoto_r3=0.677; Risk=candidate may be outside strict in-domain threshold. Synthesis route, regioselectivity, stability, equivalent balance and EP compatibility require manual review.",True,True,True,True,eligible,2,1.0,1.0,0.0,0.0,0.0,0.0,Candidate
LIB_0298,CAND_R2_139,DIB-phenyl,O=P1(C(Nc2ccc(NC(c3c[nH]c(-c4ccccc4)n3)P3(=O)Oc4ccccc4-c4ccccc43)cc2)c2c[nH]cn2)Oc2ccccc2-c2ccccc21,O=P1(C(Nc2ccc(NC(c3c[nH]c(-c4ccccc4)n3)P3(=O)Oc4ccccc4-c4ccccc43)cc2)c2c[nH]cn2)Oc2ccccc2-c2ccccc21,,DOPO-based (additive),Designed,designed,P-N,2,phenyl,none,Additive,B,772.7420000000001,O=P1(C(Nc2ccc(NC(c3c[nH]c(-c4ccccc4)n3)P3(=O)Oc4ccccc4-c4ccccc43)cc2)c2c[nH]cn2)Oc2ccccc2-c2ccccc21,8.016647212135485,10.875816249149134,0.0,0.0,0.0,False,True,"Parent=TRAIN_057 (DIB); Change=Added phenyl at aromatic atom 35.; Attachment=peripheral_aromatic; One-factor computational analogue. Parent_Tanimoto_r3=0.750; Max_Train_Tanimoto_r3=0.750; Risk=none. Synthesis route, regioselectivity, stability, equivalent balance and EP compatibility require manual review.",True,True,True,True,eligible,2,1.0,1.0,0.0,0.0,0.0,0.0,Candidate
LIB_0299,CAND_R2_140,DIB-biphenyl,O=P1(C(Nc2ccc(NC(c3c[nH]c(-c4ccc(-c5ccccc5)cc4)n3)P3(=O)Oc4ccccc4-c4ccccc43)cc2)c2c[nH]cn2)Oc2ccccc2-c2ccccc21,O=P1(C(Nc2ccc(NC(c3c[nH]c(-c4ccc(-c5ccccc5)cc4)n3)P3(=O)Oc4ccccc4-c4ccccc43)cc2)c2c[nH]cn2)Oc2ccccc2-c2ccccc21,,DOPO-based (additive),Designed,designed,P-N,2,biphenyl,none,Additive,B,848.84,O=P1(C(Nc2ccc(NC(c3c[nH]c(-c4ccc(-c5ccccc5)cc4)n3)P3(=O)Oc4ccccc4-c4ccccc43)cc2)c2c[nH]cn2)Oc2ccccc2-c2ccccc21,7.297959568352104,9.900805805569954,0.0,0.0,0.0,False,True,"Parent=TRAIN_057 (DIB); Change=Added biphenyl at aromatic atom 35.; Attachment=peripheral_aromatic; One-factor computational analogue. Parent_Tanimoto_r3=0.708; Max_Train_Tanimoto_r3=0.708; Risk=none. Synthesis route, regioselectivity, stability, equivalent balance and EP compatibility require manual review.",True,True,True,True,eligible,2,1.0,1.0,0.0,0.0,0.0,0.0,Candidate
LIB_0300,CAND_R2_141,DIB-NH-methyl,CN(c1ccc(NC(c2c[nH]cn2)P2(=O)Oc3ccccc3-c3ccccc32)cc1)C(c1c[nH]cn1)P1(=O)Oc2ccccc2-c2ccccc21,CN(c1ccc(NC(c2c[nH]cn2)P2(=O)Oc3ccccc3-c3ccccc32)cc1)C(c1c[nH]cn1)P1(=O)Oc2ccccc2-c2ccccc21,,DOPO-based (additive),Designed,designed,P-N,2,N-methyl,none,Additive,B,710.6710000000002,O=P1(C(Nc2ccc(NC(c3c[nH]cn3)P3(=O)Oc4ccccc4-c4ccccc43)cc2)c2c[nH]cn2)Oc2ccccc2-c2ccccc21,8.716832402053832,11.82572526527746,0.0,0.0,0.0,False,True,"Parent=TRAIN_057 (DIB); Change=Methylated one free N–H site, reducing curing activity. Regioisomer 1.; Attachment=NH_site_1; One-factor computational analogue. Parent_Tanimoto_r3=0.738; Max_Train_Tanimoto_r3=0.738; Risk=none. Synthesis route, regioselectivity, stability, equivalent balance and EP compatibility require manual review.",True,True,True,True,eligible,2,1.0,1.0,0.0,0.0,0.0,0.0,Candidate
LIB_0301,CAND_R2_142,DIB-NH-hydroxyethyl,O=P1(C(Nc2ccc(N(CCO)C(c3c[nH]cn3)P3(=O)Oc4ccccc4-c4ccccc43)cc2)c2c[nH]cn2)Oc2ccccc2-c2ccccc21,O=P1(C(Nc2ccc(N(CCO)C(c3c[nH]cn3)P3(=O)Oc4ccccc4-c4ccccc43)cc2)c2c[nH]cn2)Oc2ccccc2-c2ccccc21,,DOPO-based (additive),Designed,designed,P-N,2,N-hydroxyethyl,OH,Additive,B,740.697,O=P1(C(Nc2ccc(NC(c3c[nH]cn3)P3(=O)Oc4ccccc4-c4ccccc43)cc2)c2c[nH]cn2)Oc2ccccc2-c2ccccc21,8.363473863131619,11.346340001377083,0.0,0.0,0.0,False,True,"Parent=TRAIN_057 (DIB); Change=Introduced one hydroxyethyl substituent on an N–H site. Regioisomer 1.; Attachment=NH_site_1; One-factor computational analogue. Parent_Tanimoto_r3=0.697; Max_Train_Tanimoto_r3=0.697; Risk=candidate may be outside strict in-domain threshold. Synthesis route, regioselectivity, stability, equivalent balance and EP compatibility require manual review.",True,True,True,True,eligible,2,1.0,1.0,0.0,0.0,0.0,0.0,Candidate
LIB_0302,CAND_R2_143,DIB-NH-glycidyl,O=P1(C(Nc2ccc(N(CC3CO3)C(c3c[nH]cn3)P3(=O)Oc4ccccc4-c4ccccc43)cc2)c2c[nH]cn2)Oc2ccccc2-c2ccccc21,O=P1(C(Nc2ccc(N(CC3CO3)C(c3c[nH]cn3)P3(=O)Oc4ccccc4-c4ccccc43)cc2)c2c[nH]cn2)Oc2ccccc2-c2ccccc21,,DOPO-based (Co-curing),Designed,designed,P-N,2,N-glycidyl,epoxy,Co-curing,B,752.708,O=P1(C(Nc2ccc(N(CC3CO3)C(c3c[nH]cn3)P3(=O)Oc4ccccc4-c4ccccc43)cc2)c2c[nH]cn2)Oc2ccccc2-c2ccccc21,8.230017483539434,11.165285874469252,0.0,0.0,0.0,False,True,"Parent=TRAIN_057 (DIB); Change=Introduced one glycidyl substituent on an N–H site. Regioisomer 1.; Attachment=NH_site_1; One-factor computational analogue. Parent_Tanimoto_r3=0.667; Max_Train_Tanimoto_r3=0.667; Risk=candidate may be outside strict in-domain threshold. Synthesis route, regioselectivity, stability, equivalent balance and EP compatibility require manual review.",True,True,True,True,eligible,2,1.0,1.0,0.0,0.0,0.0,2.0,Candidate
LIB_0303,CAND_R2_144,DTB-amino,CCC(O)Cn1c(=O)n(CC(O)COB(O)OC)c(=O)n(CC(O)CP2(=O)Oc3ccc(N)cc3-c3ccccc32)c1=O,CCC(O)Cn1c(=O)n(CC(O)COB(O)OC)c(=O)n(CC(O)CP2(=O)Oc3ccc(N)cc3-c3ccccc32)c1=O,,DOPO-based (Co-curing),Designed,designed,P-N-B,1,aryl-amino,NH2,Co-curing,B,620.3610000000002,O=c1[nH]c(=O)n(CCCP2(=O)Oc3ccccc3-c3ccccc32)c(=O)[nH]1,4.992899295732644,9.031515520801594,0.0,1.7428561756783545,0.0,False,True,"Parent=TRAIN_018 (DTB); Change=Added amino at aromatic atom 31.; Attachment=DOPO_core_aromatic; One-factor computational analogue. Parent_Tanimoto_r3=0.768; Max_Train_Tanimoto_r3=0.768; Risk=DOPO-core substitution route needs confirmation. Synthesis route, regioselectivity, stability, equivalent balance and EP compatibility require manual review.",True,True,True,True,eligible,1,1.0,1.0,0.0,1.0,0.0,2.0,Candidate
LIB_0304,CAND_R2_145,DTB-hydroxy,CCC(O)Cn1c(=O)n(CC(O)COB(O)OC)c(=O)n(CC(O)CP2(=O)Oc3ccc(O)cc3-c3ccccc32)c1=O,CCC(O)Cn1c(=O)n(CC(O)COB(O)OC)c(=O)n(CC(O)CP2(=O)Oc3ccc(O)cc3-c3ccccc32)c1=O,,DOPO-based (additive),Designed,designed,P-N-B,1,aryl-hydroxy,OH,Additive,B,621.3450000000003,O=c1[nH]c(=O)n(CCCP2(=O)Oc3ccccc3-c3ccccc32)c(=O)[nH]1,4.984992234587868,6.76290949472515,0.0,1.7400960818868738,0.0,False,True,"Parent=TRAIN_018 (DTB); Change=Added hydroxy at aromatic atom 31.; Attachment=DOPO_core_aromatic; One-factor computational analogue. Parent_Tanimoto_r3=0.768; Max_Train_Tanimoto_r3=0.768; Risk=DOPO-core substitution route needs confirmation. Synthesis route, regioselectivity, stability, equivalent balance and EP compatibility require manual review.",True,True,True,True,eligible,1,1.0,1.0,0.0,1.0,0.0,0.0,Candidate
LIB_0305,CAND_R2_146,DTB-hydroxymethyl,CCC(O)Cn1c(=O)n(CC(O)COB(O)OC)c(=O)n(CC(O)CP2(=O)Oc3ccc(CO)cc3-c3ccccc32)c1=O,CCC(O)Cn1c(=O)n(CC(O)COB(O)OC)c(=O)n(CC(O)CP2(=O)Oc3ccc(CO)cc3-c3ccccc32)c1=O,,DOPO-based (additive),Designed,designed,P-N-B,1,aryl-hydroxymethyl,CH2OH,Additive,B,635.3720000000003,O=c1[nH]c(=O)n(CCCP2(=O)Oc3ccccc3-c3ccccc32)c(=O)[nH]1,4.874939405576574,6.613605887574521,0.0,1.7016802754921518,0.0,False,True,"Parent=TRAIN_018 (DTB); Change=Added hydroxymethyl at aromatic atom 31.; Attachment=DOPO_core_aromatic; One-factor computational analogue. Parent_Tanimoto_r3=0.760; Max_Train_Tanimoto_r3=0.760; Risk=DOPO-core substitution route needs confirmation. Synthesis route, regioselectivity, stability, equivalent balance and EP compatibility require manual review.",True,True,True,True,eligible,1,1.0,1.0,0.0,1.0,0.0,0.0,Candidate
LIB_0306,CAND_R2_147,DTB-carboxamide,CCC(O)Cn1c(=O)n(CC(O)COB(O)OC)c(=O)n(CC(O)CP2(=O)Oc3ccc(C(N)=O)cc3-c3ccccc32)c1=O,CCC(O)Cn1c(=O)n(CC(O)COB(O)OC)c(=O)n(CC(O)CP2(=O)Oc3ccc(C(N)=O)cc3-c3ccccc32)c1=O,,DOPO-based (additive),Designed,designed,P-N-B,1,aryl-carboxamide,amide,Additive,B,648.3710000000002,O=c1[nH]c(=O)n(CCCP2(=O)Oc3ccccc3-c3ccccc32)c(=O)[nH]1,4.777203175342511,8.641348857367152,0.0,1.667563786782567,0.0,False,True,"Parent=TRAIN_018 (DTB); Change=Added carboxamide at aromatic atom 31.; Attachment=DOPO_core_aromatic; One-factor computational analogue. Parent_Tanimoto_r3=0.737; Max_Train_Tanimoto_r3=0.737; Risk=DOPO-core substitution route needs confirmation. Synthesis route, regioselectivity, stability, equivalent balance and EP compatibility require manual review.",True,True,True,True,eligible,1,1.0,1.0,0.0,1.0,0.0,0.0,Candidate
LIB_0307,CAND_R2_148,DTB-boronic-acid,CCC(O)Cn1c(=O)n(CC(O)COB(O)OC)c(=O)n(CC(O)CP2(=O)Oc3ccc(B(O)O)cc3-c3ccccc32)c1=O,CCC(O)Cn1c(=O)n(CC(O)COB(O)OC)c(=O)n(CC(O)CP2(=O)Oc3ccc(B(O)O)cc3-c3ccccc32)c1=O,,DOPO-based (additive),Designed,designed,P-N-B,1,aryl-boronic-acid,B(OH)2,Additive,B,649.1640000000002,O=c1[nH]c(=O)n(CCCP2(=O)Oc3ccccc3-c3ccccc32)c(=O)[nH]1,4.771367481868987,6.473094626319388,0.0,3.331053478011719,0.0,False,True,"Parent=TRAIN_018 (DTB); Change=Added boronic_acid at aromatic atom 31.; Attachment=DOPO_core_aromatic; One-factor computational analogue. Parent_Tanimoto_r3=0.777; Max_Train_Tanimoto_r3=0.777; Risk=DOPO-core substitution route needs confirmation. Synthesis route, regioselectivity, stability, equivalent balance and EP compatibility require manual review.",True,True,True,True,eligible,1,1.0,1.0,0.0,1.0,0.0,0.0,Candidate
LIB_0308,CAND_R2_149,DTB-pinacol-boronate,CCC(O)Cn1c(=O)n(CC(O)COB(O)OC)c(=O)n(CC(O)CP2(=O)Oc3ccc(B4OC(C)(C)C(C)(C)O4)cc3-c3ccccc32)c1=O,CCC(O)Cn1c(=O)n(CC(O)COB(O)OC)c(=O)n(CC(O)CP2(=O)Oc3ccc(B4OC(C)(C)C(C)(C)O4)cc3-c3ccccc32)c1=O,,DOPO-based (additive),Designed,designed,P-N-B,1,aryl-pinacol-boronate,pinacol boronate,Additive,B,731.3100000000001,O=c1[nH]c(=O)n(CCCP2(=O)Oc3ccc(B4OCCO4)cc3-c3ccccc32)c(=O)[nH]1,4.235413162680668,5.745990072609427,0.0,2.956885588874759,0.0,False,True,"Parent=TRAIN_018 (DTB); Change=Added pinacol_boronate at aromatic atom 31.; Attachment=DOPO_core_aromatic; One-factor computational analogue. Parent_Tanimoto_r3=0.689; Max_Train_Tanimoto_r3=0.689; Risk=DOPO-core substitution route needs confirmation; candidate may be outside strict in-domain threshold. Synthesis route, regioselectivity, stability, equivalent balance and EP compatibility require manual review.",True,True,True,True,eligible,1,1.0,1.0,0.0,1.0,0.0,0.0,Candidate
LIB_0309,CAND_R2_150,DTB-trimethoxysilyl,CCC(O)Cn1c(=O)n(CC(O)COB(O)OC)c(=O)n(CC(O)CP2(=O)Oc3ccc([Si](OC)(OC)OC)cc3-c3ccccc32)c1=O,CCC(O)Cn1c(=O)n(CC(O)COB(O)OC)c(=O)n(CC(O)CP2(=O)Oc3ccc([Si](OC)(OC)OC)cc3-c3ccccc32)c1=O,,DOPO-based (additive+ Secondary Crosslinking),Designed,designed,P-N-Si-B,1,aryl-trimethoxysilyl,Si(OCH3)3,Additive + Secondary Crosslinking,B,725.5260000000002,O=c1[nH]c(=O)n(CCCP2(=O)Oc3ccccc3-c3ccccc32)c(=O)[nH]1,4.26917849946108,5.79179795072816,0.0,1.4902291578799378,3.871122468388451,False,True,"Parent=TRAIN_018 (DTB); Change=Added trimethoxysilyl at aromatic atom 31.; Attachment=DOPO_core_aromatic; One-factor computational analogue. Parent_Tanimoto_r3=0.745; Max_Train_Tanimoto_r3=0.745; Risk=DOPO-core substitution route needs confirmation. Synthesis route, regioselectivity, stability, equivalent balance and EP compatibility require manual review.",True,True,True,True,eligible,1,1.0,1.0,0.0,1.0,1.0,3.0,Candidate
LIB_0310,CAND_R2_151,DTB-triethoxysilyl,CCO[Si](OCC)(OCC)c1ccc2c(c1)-c1ccccc1P(=O)(CC(O)Cn1c(=O)n(CC(O)CC)c(=O)n(CC(O)COB(O)OC)c1=O)O2,CCO[Si](OCC)(OCC)c1ccc2c(c1)-c1ccccc1P(=O)(CC(O)Cn1c(=O)n(CC(O)CC)c(=O)n(CC(O)COB(O)OC)c1=O)O2,,DOPO-based (additive+ Secondary Crosslinking),Designed,designed,P-N-Si-B,1,aryl-triethoxysilyl,Si(OC2H5)3,Additive + Secondary Crosslinking,B,767.6070000000001,O=c1[nH]c(=O)n(CCCP2(=O)Oc3ccccc3-c3ccccc32)c(=O)[nH]1,4.035137772323598,5.47428566962,0.0,1.4085332728857345,3.658903579566106,False,True,"Parent=TRAIN_018 (DTB); Change=Added triethoxysilyl at aromatic atom 31.; Attachment=DOPO_core_aromatic; One-factor computational analogue. Parent_Tanimoto_r3=0.716; Max_Train_Tanimoto_r3=0.716; Risk=DOPO-core substitution route needs confirmation. Synthesis route, regioselectivity, stability, equivalent balance and EP compatibility require manual review.",True,True,True,True,eligible,1,1.0,1.0,0.0,1.0,1.0,3.0,Candidate
LIB_0311,CAND_R2_152,DTB-disiloxane,CCC(O)Cn1c(=O)n(CC(O)COB(O)OC)c(=O)n(CC(O)CP2(=O)Oc3ccc([Si](C)(C)O[Si](C)(C)C)cc3-c3ccccc32)c1=O,CCC(O)Cn1c(=O)n(CC(O)COB(O)OC)c(=O)n(CC(O)CP2(=O)Oc3ccc([Si](C)(C)O[Si](C)(C)C)cc3-c3ccccc32)c1=O,,DOPO-based (additive),Designed,designed,P-N-Si-B,1,short-disiloxane,none,Additive,B,751.6840000000001,O=c1[nH]c(=O)n(CCCP2(=O)Oc3ccccc3-c3ccccc32)c(=O)[nH]1,4.120614513545585,5.590248029757185,0.0,1.438370379042257,7.472821025856609,False,True,"Parent=TRAIN_018 (DTB); Change=Added disiloxane at aromatic atom 31.; Attachment=DOPO_core_aromatic; One-factor computational analogue. Parent_Tanimoto_r3=0.716; Max_Train_Tanimoto_r3=0.716; Risk=DOPO-core substitution route needs confirmation. Synthesis route, regioselectivity, stability, equivalent balance and EP compatibility require manual review.",True,True,True,True,eligible,1,1.0,1.0,0.0,1.0,1.0,0.0,Candidate
LIB_0312,CAND_R2_153,DTB-diaminotriazine,CCC(O)Cn1c(=O)n(CC(O)COB(O)OC)c(=O)n(CC(O)CP2(=O)Oc3ccc(-c4nc(N)nc(N)n4)cc3-c3ccccc32)c1=O,CCC(O)Cn1c(=O)n(CC(O)COB(O)OC)c(=O)n(CC(O)CP2(=O)Oc3ccc(-c4nc(N)nc(N)n4)cc3-c3ccccc32)c1=O,,DOPO-based (Co-curing),Designed,designed,P-N-B,1,"diamino-1,3,5-triazine",NH2,Co-curing,B,714.4379999999999,O=c1[nH]c(=O)n(CCCP2(=O)Oc3ccc(-c4ncncn4)cc3-c3ccccc32)c(=O)[nH]1,4.335435685111935,15.684496065438852,0.0,1.5133573522125086,0.0,False,True,"Parent=TRAIN_018 (DTB); Change=Added diaminotriazine at aromatic atom 31.; Attachment=DOPO_core_aromatic; One-factor computational analogue. Parent_Tanimoto_r3=0.682; Max_Train_Tanimoto_r3=0.682; Risk=DOPO-core substitution route needs confirmation; candidate may be outside strict in-domain threshold. Synthesis route, regioselectivity, stability, equivalent balance and EP compatibility require manual review.",True,True,True,True,eligible,1,1.0,1.0,0.0,1.0,0.0,2.0,Candidate
LIB_0313,CAND_R2_154,DTB-piperazine,CCC(O)Cn1c(=O)n(CC(O)COB(O)OC)c(=O)n(CC(O)CP2(=O)Oc3ccc(N4CCNCC4)cc3-c3ccccc32)c1=O,CCC(O)Cn1c(=O)n(CC(O)COB(O)OC)c(=O)n(CC(O)CP2(=O)Oc3ccc(N4CCNCC4)cc3-c3ccccc32)c1=O,,DOPO-based (Co-curing),Designed,designed,P-N-B,1,piperazine,NH,Co-curing,B,689.4680000000001,O=c1[nH]c(=O)n(CCCP2(=O)Oc3ccc(N4CCNCC4)cc3-c3ccccc32)c(=O)[nH]1,4.492449250726647,10.15783183556017,0.0,1.5681656001438788,0.0,False,True,"Parent=TRAIN_018 (DTB); Change=Added piperazine at aromatic atom 31.; Attachment=DOPO_core_aromatic; One-factor computational analogue. Parent_Tanimoto_r3=0.689; Max_Train_Tanimoto_r3=0.689; Risk=DOPO-core substitution route needs confirmation; candidate may be outside strict in-domain threshold. Synthesis route, regioselectivity, stability, equivalent balance and EP compatibility require manual review.",True,True,True,True,eligible,1,1.0,1.0,0.0,1.0,0.0,2.0,Candidate
LIB_0314,CAND_R2_155,DTB-benzamide-linker,CCC(O)Cn1c(=O)n(CC(O)COB(O)OC)c(=O)n(CC(O)CP2(=O)Oc3ccc(NC(=O)c4ccccc4)cc3-c3ccccc32)c1=O,CCC(O)Cn1c(=O)n(CC(O)COB(O)OC)c(=O)n(CC(O)CP2(=O)Oc3ccc(NC(=O)c4ccccc4)cc3-c3ccccc32)c1=O,,DOPO-based (additive),Designed,designed,P-N-B,1,benzamide,amide,Additive,B,724.4690000000002,O=C(Nc1ccc2c(c1)-c1ccccc1P(=O)(CCCn1c(=O)[nH]c(=O)[nH]c1=O)O2)c1ccccc1,4.275407229294834,7.733664242362336,0.0,1.492403401663839,0.0,False,True,"Parent=TRAIN_018 (DTB); Change=Added benzamide_linker at aromatic atom 31.; Attachment=DOPO_core_aromatic; One-factor computational analogue. Parent_Tanimoto_r3=0.664; Max_Train_Tanimoto_r3=0.664; Risk=DOPO-core substitution route needs confirmation; candidate may be outside strict in-domain threshold. Synthesis route, regioselectivity, stability, equivalent balance and EP compatibility require manual review.",True,True,True,True,eligible,1,1.0,1.0,0.0,1.0,0.0,0.0,Candidate
LIB_0315,CAND_R2_156,DTB-phenyl,CCC(O)Cn1c(=O)n(CC(O)COB(O)OC)c(=O)n(CC(O)CP2(=O)Oc3ccc(-c4ccccc4)cc3-c3ccccc32)c1=O,CCC(O)Cn1c(=O)n(CC(O)COB(O)OC)c(=O)n(CC(O)CP2(=O)Oc3ccc(-c4ccccc4)cc3-c3ccccc32)c1=O,,DOPO-based (additive),Designed,designed,P-N-B,1,phenyl,none,Additive,B,681.4440000000003,O=c1[nH]c(=O)n(CCCP2(=O)Oc3ccc(-c4ccccc4)cc3-c3ccccc32)c(=O)[nH]1,4.545347820217066,6.166464155528552,0.0,1.5866307429517312,0.0,False,True,"Parent=TRAIN_018 (DTB); Change=Added phenyl at aromatic atom 31.; Attachment=DOPO_core_aromatic; One-factor computational analogue. Parent_Tanimoto_r3=0.723; Max_Train_Tanimoto_r3=0.723; Risk=DOPO-core substitution route needs confirmation. Synthesis route, regioselectivity, stability, equivalent balance and EP compatibility require manual review.",True,True,True,True,eligible,1,1.0,1.0,0.0,1.0,0.0,0.0,Candidate
LIB_0316,CAND_R2_157,DTB-biphenyl,CCC(O)Cn1c(=O)n(CC(O)COB(O)OC)c(=O)n(CC(O)CP2(=O)Oc3ccc(-c4ccc(-c5ccccc5)cc4)cc3-c3ccccc32)c1=O,CCC(O)Cn1c(=O)n(CC(O)COB(O)OC)c(=O)n(CC(O)CP2(=O)Oc3ccc(-c4ccc(-c5ccccc5)cc4)cc3-c3ccccc32)c1=O,,DOPO-based (additive),Designed,designed,P-N-B,1,biphenyl,none,Additive,B,757.5420000000003,O=c1[nH]c(=O)n(CCCP2(=O)Oc3ccc(-c4ccc(-c5ccccc5)cc4)cc3-c3ccccc32)c(=O)[nH]1,4.088750194708675,5.547019175174444,0.0,1.4272475981529733,0.0,False,True,"Parent=TRAIN_018 (DTB); Change=Added biphenyl at aromatic atom 31.; Attachment=DOPO_core_aromatic; One-factor computational analogue. Parent_Tanimoto_r3=0.709; Max_Train_Tanimoto_r3=0.709; Risk=DOPO-core substitution route needs confirmation. Synthesis route, regioselectivity, stability, equivalent balance and EP compatibility require manual review.",True,True,True,True,eligible,1,1.0,1.0,0.0,1.0,0.0,0.0,Candidate
LIB_0317,CAND_R2_158,DTB-OH-glycidyl,CCC(Cn1c(=O)n(CC(O)COB(O)OC)c(=O)n(CC(O)CP2(=O)Oc3ccccc3-c3ccccc32)c1=O)OCC1CO1,CCC(Cn1c(=O)n(CC(O)COB(O)OC)c(=O)n(CC(O)CP2(=O)Oc3ccccc3-c3ccccc32)c1=O)OCC1CO1,,DOPO-based (Co-curing),Designed,designed,P-N-B,1,OH-to-glycidyl-ether,epoxy,Co-curing,B,661.4100000000002,O=c1[nH]c(=O)n(CCOCC2CO2)c(=O)n1CCCP1(=O)Oc2ccccc2-c2ccccc21,4.683025657307871,6.353245339501972,0.0,1.6346895269197619,0.0,False,True,"Parent=TRAIN_018 (DTB); Change=Converted one OH group to a glycidyl ether. Regioisomer 1.; Attachment=OH_site_1; One-factor computational analogue. Parent_Tanimoto_r3=0.770; Max_Train_Tanimoto_r3=0.770; Risk=none. Synthesis route, regioselectivity, stability, equivalent balance and EP compatibility require manual review.",True,True,True,True,eligible,1,1.0,1.0,0.0,1.0,0.0,2.0,Candidate
LIB_0318,CAND_R2_159,DTB-OH-glycidyl-2,CCC(O)Cn1c(=O)n(CC(O)CP2(=O)Oc3ccccc3-c3ccccc32)c(=O)n(CC(COB(O)OC)OCC2CO2)c1=O,CCC(O)Cn1c(=O)n(CC(O)CP2(=O)Oc3ccccc3-c3ccccc32)c(=O)n(CC(COB(O)OC)OCC2CO2)c1=O,,DOPO-based (Co-curing),Designed,designed,P-N-B,1,OH-to-glycidyl-ether,epoxy,Co-curing,B,661.4100000000002,O=c1[nH]c(=O)n(CCOCC2CO2)c(=O)n1CCCP1(=O)Oc2ccccc2-c2ccccc21,4.683025657307871,6.353245339501972,0.0,1.6346895269197619,0.0,False,True,"Parent=TRAIN_018 (DTB); Change=Converted one OH group to a glycidyl ether. Regioisomer 2.; Attachment=OH_site_2; One-factor computational analogue. Parent_Tanimoto_r3=0.740; Max_Train_Tanimoto_r3=0.740; Risk=none. Synthesis route, regioselectivity, stability, equivalent balance and EP compatibility require manual review.",True,True,True,True,eligible,1,1.0,1.0,0.0,1.0,0.0,2.0,Candidate
LIB_0319,CAND_R2_160,DTB-OH-glycidyl-3,CCC(O)Cn1c(=O)n(CC(O)COB(O)OC)c(=O)n(CC(CP2(=O)Oc3ccccc3-c3ccccc32)OCC2CO2)c1=O,CCC(O)Cn1c(=O)n(CC(O)COB(O)OC)c(=O)n(CC(CP2(=O)Oc3ccccc3-c3ccccc32)OCC2CO2)c1=O,,DOPO-based (Co-curing),Designed,designed,P-N-B,1,OH-to-glycidyl-ether,epoxy,Co-curing,B,661.4100000000002,O=c1[nH]c(=O)n(CC(CP2(=O)Oc3ccccc3-c3ccccc32)OCC2CO2)c(=O)[nH]1,4.683025657307871,6.353245339501972,0.0,1.6346895269197619,0.0,False,True,"Parent=TRAIN_018 (DTB); Change=Converted one OH group to a glycidyl ether. Regioisomer 3.; Attachment=OH_site_3; One-factor computational analogue. Parent_Tanimoto_r3=0.725; Max_Train_Tanimoto_r3=0.725; Risk=none. Synthesis route, regioselectivity, stability, equivalent balance and EP compatibility require manual review.",True,True,True,True,eligible,1,1.0,1.0,0.0,1.0,0.0,2.0,Candidate
LIB_0320,CAND_R2_161,DTB-OH-glycidyl-all,CCC(Cn1c(=O)n(CC(COB(O)OC)OCC2CO2)c(=O)n(CC(CP2(=O)Oc3ccccc3-c3ccccc32)OCC2CO2)c1=O)OCC1CO1,CCC(Cn1c(=O)n(CC(COB(O)OC)OCC2CO2)c(=O)n(CC(CP2(=O)Oc3ccccc3-c3ccccc32)OCC2CO2)c1=O)OCC1CO1,,DOPO-based (Co-curing),Designed,designed,P-N-B,1,OH-to-glycidyl-ether-all,epoxy,Co-curing,B,773.5380000000001,O=c1n(CCOCC2CO2)c(=O)n(CC(CP2(=O)Oc3ccccc3-c3ccccc32)OCC2CO2)c(=O)n1CCOCC1CO1,4.004198888742375,5.432312310448872,0.0,1.3977335308672616,0.0,False,True,"Parent=TRAIN_018 (DTB); Change=Converted one OH group to a glycidyl ether. Converted all OH groups.; Attachment=all_OH; One-factor computational analogue. Parent_Tanimoto_r3=0.568; Max_Train_Tanimoto_r3=0.568; Risk=large structural change from parent; candidate may be outside strict in-domain threshold. Synthesis route, regioselectivity, stability, equivalent balance and EP compatibility require manual review.",True,True,True,True,eligible,1,1.0,1.0,0.0,1.0,0.0,2.0,Candidate
LIB_0321,CAND_R2_162,DTB-OH-methyl,CCC(Cn1c(=O)n(CC(O)COB(O)OC)c(=O)n(CC(O)CP2(=O)Oc3ccccc3-c3ccccc32)c1=O)OC,CCC(Cn1c(=O)n(CC(O)COB(O)OC)c(=O)n(CC(O)CP2(=O)Oc3ccccc3-c3ccccc32)c1=O)OC,,DOPO-based (additive),Designed,designed,P-N-B,1,OH-to-methyl-ether,none,Additive,B,619.3730000000003,O=c1[nH]c(=O)n(CCCP2(=O)Oc3ccccc3-c3ccccc32)c(=O)[nH]1,5.000863776754877,6.784441685381827,0.0,1.7456363128518673,0.0,False,True,"Parent=TRAIN_018 (DTB); Change=Converted one OH group to a methyl ether. Regioisomer 1.; Attachment=OH_site_1; One-factor computational analogue. Parent_Tanimoto_r3=0.865; Max_Train_Tanimoto_r3=0.865; Risk=none. Synthesis route, regioselectivity, stability, equivalent balance and EP compatibility require manual review.",True,True,True,True,eligible,1,1.0,1.0,0.0,1.0,0.0,0.0,Candidate
LIB_0322,CAND_R2_163,DTB-OH-methyl-2,CCC(O)Cn1c(=O)n(CC(O)CP2(=O)Oc3ccccc3-c3ccccc32)c(=O)n(CC(COB(O)OC)OC)c1=O,CCC(O)Cn1c(=O)n(CC(O)CP2(=O)Oc3ccccc3-c3ccccc32)c(=O)n(CC(COB(O)OC)OC)c1=O,,DOPO-based (additive),Designed,designed,P-N-B,1,OH-to-methyl-ether,none,Additive,B,619.3730000000003,O=c1[nH]c(=O)n(CCCP2(=O)Oc3ccccc3-c3ccccc32)c(=O)[nH]1,5.000863776754877,6.784441685381827,0.0,1.7456363128518673,0.0,False,True,"Parent=TRAIN_018 (DTB); Change=Converted one OH group to a methyl ether. Regioisomer 2.; Attachment=OH_site_2; One-factor computational analogue. Parent_Tanimoto_r3=0.813; Max_Train_Tanimoto_r3=0.813; Risk=none. Synthesis route, regioselectivity, stability, equivalent balance and EP compatibility require manual review.",True,True,True,True,eligible,1,1.0,1.0,0.0,1.0,0.0,0.0,Candidate
LIB_0323,CAND_R2_164,DTB-OH-methyl-3,CCC(O)Cn1c(=O)n(CC(O)COB(O)OC)c(=O)n(CC(CP2(=O)Oc3ccccc3-c3ccccc32)OC)c1=O,CCC(O)Cn1c(=O)n(CC(O)COB(O)OC)c(=O)n(CC(CP2(=O)Oc3ccccc3-c3ccccc32)OC)c1=O,,DOPO-based (additive),Designed,designed,P-N-B,1,OH-to-methyl-ether,none,Additive,B,619.3730000000003,O=c1[nH]c(=O)n(CCCP2(=O)Oc3ccccc3-c3ccccc32)c(=O)[nH]1,5.000863776754877,6.784441685381827,0.0,1.7456363128518673,0.0,False,True,"Parent=TRAIN_018 (DTB); Change=Converted one OH group to a methyl ether. Regioisomer 3.; Attachment=OH_site_3; One-factor computational analogue. Parent_Tanimoto_r3=0.813; Max_Train_Tanimoto_r3=0.813; Risk=none. Synthesis route, regioselectivity, stability, equivalent balance and EP compatibility require manual review.",True,True,True,True,eligible,1,1.0,1.0,0.0,1.0,0.0,0.0,Candidate
LIB_0324,CAND_R2_165,DTB-OH-methyl-all,CCC(Cn1c(=O)n(CC(COB(O)OC)OC)c(=O)n(CC(CP2(=O)Oc3ccccc3-c3ccccc32)OC)c1=O)OC,CCC(Cn1c(=O)n(CC(COB(O)OC)OC)c(=O)n(CC(CP2(=O)Oc3ccccc3-c3ccccc32)OC)c1=O)OC,,DOPO-based (additive),Designed,designed,P-N-B,1,OH-to-methyl-ether-all,none,Additive,B,647.4270000000002,O=c1[nH]c(=O)n(CCCP2(=O)Oc3ccccc3-c3ccccc32)c(=O)[nH]1,4.784168717090883,6.4904614728764765,0.0,1.6699952272611425,0.0,False,True,"Parent=TRAIN_018 (DTB); Change=Converted one OH group to a methyl ether. Converted all OH groups.; Attachment=all_OH; One-factor computational analogue. Parent_Tanimoto_r3=0.614; Max_Train_Tanimoto_r3=0.614; Risk=large structural change from parent; candidate may be outside strict in-domain threshold. Synthesis route, regioselectivity, stability, equivalent balance and EP compatibility require manual review.",True,True,True,True,eligible,1,1.0,1.0,0.0,1.0,0.0,0.0,Candidate
LIB_0325,CAND_R2_166,DTB-OH-acetyl,CCC(Cn1c(=O)n(CC(O)COB(O)OC)c(=O)n(CC(O)CP2(=O)Oc3ccccc3-c3ccccc32)c1=O)OC(C)=O,CCC(Cn1c(=O)n(CC(O)COB(O)OC)c(=O)n(CC(O)CP2(=O)Oc3ccccc3-c3ccccc32)c1=O)OC(C)=O,,DOPO-based (additive),Designed,designed,P-N-B,1,OH-to-acetate,none,Additive,B,647.3830000000003,O=c1[nH]c(=O)n(CCCP2(=O)Oc3ccccc3-c3ccccc32)c(=O)[nH]1,4.784493877658201,6.490902603250315,0.0,1.670108730071688,0.0,False,True,"Parent=TRAIN_018 (DTB); Change=Converted one OH group to an acetate. Regioisomer 1.; Attachment=OH_site_1; One-factor computational analogue. Parent_Tanimoto_r3=0.819; Max_Train_Tanimoto_r3=0.819; Risk=none. Synthesis route, regioselectivity, stability, equivalent balance and EP compatibility require manual review.",True,True,True,True,eligible,1,1.0,1.0,0.0,1.0,0.0,0.0,Candidate
LIB_0326,CAND_R2_167,DTB-OH-acetyl-2,CCC(O)Cn1c(=O)n(CC(O)CP2(=O)Oc3ccccc3-c3ccccc32)c(=O)n(CC(COB(O)OC)OC(C)=O)c1=O,CCC(O)Cn1c(=O)n(CC(O)CP2(=O)Oc3ccccc3-c3ccccc32)c(=O)n(CC(COB(O)OC)OC(C)=O)c1=O,,DOPO-based (additive),Designed,designed,P-N-B,1,OH-to-acetate,none,Additive,B,647.3830000000003,O=c1[nH]c(=O)n(CCCP2(=O)Oc3ccccc3-c3ccccc32)c(=O)[nH]1,4.784493877658201,6.490902603250315,0.0,1.670108730071688,0.0,False,True,"Parent=TRAIN_018 (DTB); Change=Converted one OH group to an acetate. Regioisomer 2.; Attachment=OH_site_2; One-factor computational analogue. Parent_Tanimoto_r3=0.771; Max_Train_Tanimoto_r3=0.771; Risk=none. Synthesis route, regioselectivity, stability, equivalent balance and EP compatibility require manual review.",True,True,True,True,eligible,1,1.0,1.0,0.0,1.0,0.0,0.0,Candidate
LIB_0327,CAND_R2_168,DTB-OH-acetyl-3,CCC(O)Cn1c(=O)n(CC(O)COB(O)OC)c(=O)n(CC(CP2(=O)Oc3ccccc3-c3ccccc32)OC(C)=O)c1=O,CCC(O)Cn1c(=O)n(CC(O)COB(O)OC)c(=O)n(CC(CP2(=O)Oc3ccccc3-c3ccccc32)OC(C)=O)c1=O,,DOPO-based (additive),Designed,designed,P-N-B,1,OH-to-acetate,none,Additive,B,647.3830000000003,O=c1[nH]c(=O)n(CCCP2(=O)Oc3ccccc3-c3ccccc32)c(=O)[nH]1,4.784493877658201,6.490902603250315,0.0,1.670108730071688,0.0,False,True,"Parent=TRAIN_018 (DTB); Change=Converted one OH group to an acetate. Regioisomer 3.; Attachment=OH_site_3; One-factor computational analogue. Parent_Tanimoto_r3=0.771; Max_Train_Tanimoto_r3=0.771; Risk=none. Synthesis route, regioselectivity, stability, equivalent balance and EP compatibility require manual review.",True,True,True,True,eligible,1,1.0,1.0,0.0,1.0,0.0,0.0,Candidate
LIB_0328,CAND_R2_169,DTB-OH-acetyl-all,CCC(Cn1c(=O)n(CC(COB(O)OC)OC(C)=O)c(=O)n(CC(CP2(=O)Oc3ccccc3-c3ccccc32)OC(C)=O)c1=O)OC(C)=O,CCC(Cn1c(=O)n(CC(COB(O)OC)OC(C)=O)c(=O)n(CC(CP2(=O)Oc3ccccc3-c3ccccc32)OC(C)=O)c1=O)OC(C)=O,,DOPO-based (additive),Designed,designed,P-N-B,1,OH-to-acetate-all,none,Additive,B,731.4570000000002,O=c1[nH]c(=O)n(CCCP2(=O)Oc3ccccc3-c3ccccc32)c(=O)[nH]1,4.234561976985659,5.74483530815892,0.0,1.47814567363495,0.0,False,True,"Parent=TRAIN_018 (DTB); Change=Converted one OH group to an acetate. Converted all OH groups.; Attachment=all_OH; One-factor computational analogue. Parent_Tanimoto_r3=0.574; Max_Train_Tanimoto_r3=0.574; Risk=large structural change from parent; candidate may be outside strict in-domain threshold. Synthesis route, regioselectivity, stability, equivalent balance and EP compatibility require manual review.",True,True,True,True,eligible,1,1.0,1.0,0.0,1.0,0.0,0.0,Candidate
LIB_0329,CAND_R2_170,DTB-OH-allyl,C=CCOC(CC)Cn1c(=O)n(CC(O)COB(O)OC)c(=O)n(CC(O)CP2(=O)Oc3ccccc3-c3ccccc32)c1=O,C=CCOC(CC)Cn1c(=O)n(CC(O)COB(O)OC)c(=O)n(CC(O)CP2(=O)Oc3ccccc3-c3ccccc32)c1=O,,DOPO-based (additive),Designed,designed,P-N-B,1,OH-to-allyl-ether,allyl,Additive,B,645.4110000000002,O=c1[nH]c(=O)n(CCCP2(=O)Oc3ccccc3-c3ccccc32)c(=O)[nH]1,4.799112503505517,6.510735020010504,0.0,1.675211609346602,0.0,False,True,"Parent=TRAIN_018 (DTB); Change=Converted one OH group to an allyl ether; no EP reactivity is assumed. Regioisomer 1.; Attachment=OH_site_1; One-factor computational analogue. Parent_Tanimoto_r3=0.786; Max_Train_Tanimoto_r3=0.786; Risk=none. Synthesis route, regioselectivity, stability, equivalent balance and EP compatibility require manual review.",True,True,True,True,eligible,1,1.0,1.0,0.0,1.0,0.0,0.0,Candidate
LIB_0330,CAND_R2_171,DTB-OH-allyl-2,C=CCOC(COB(O)OC)Cn1c(=O)n(CC(O)CC)c(=O)n(CC(O)CP2(=O)Oc3ccccc3-c3ccccc32)c1=O,C=CCOC(COB(O)OC)Cn1c(=O)n(CC(O)CC)c(=O)n(CC(O)CP2(=O)Oc3ccccc3-c3ccccc32)c1=O,,DOPO-based (additive),Designed,designed,P-N-B,1,OH-to-allyl-ether,allyl,Additive,B,645.4110000000002,O=c1[nH]c(=O)n(CCCP2(=O)Oc3ccccc3-c3ccccc32)c(=O)[nH]1,4.799112503505517,6.510735020010504,0.0,1.675211609346602,0.0,False,True,"Parent=TRAIN_018 (DTB); Change=Converted one OH group to an allyl ether; no EP reactivity is assumed. Regioisomer 2.; Attachment=OH_site_2; One-factor computational analogue. Parent_Tanimoto_r3=0.747; Max_Train_Tanimoto_r3=0.747; Risk=none. Synthesis route, regioselectivity, stability, equivalent balance and EP compatibility require manual review.",True,True,True,True,eligible,1,1.0,1.0,0.0,1.0,0.0,0.0,Candidate
LIB_0331,CAND_R2_172,DTB-OH-allyl-3,C=CCOC(Cn1c(=O)n(CC(O)CC)c(=O)n(CC(O)COB(O)OC)c1=O)CP1(=O)Oc2ccccc2-c2ccccc21,C=CCOC(Cn1c(=O)n(CC(O)CC)c(=O)n(CC(O)COB(O)OC)c1=O)CP1(=O)Oc2ccccc2-c2ccccc21,,DOPO-based (additive),Designed,designed,P-N-B,1,OH-to-allyl-ether,allyl,Additive,B,645.4110000000003,O=c1[nH]c(=O)n(CCCP2(=O)Oc3ccccc3-c3ccccc32)c(=O)[nH]1,4.799112503505516,6.510735020010503,0.0,1.6752116093466016,0.0,False,True,"Parent=TRAIN_018 (DTB); Change=Converted one OH group to an allyl ether; no EP reactivity is assumed. Regioisomer 3.; Attachment=OH_site_3; One-factor computational analogue. Parent_Tanimoto_r3=0.740; Max_Train_Tanimoto_r3=0.740; Risk=none. Synthesis route, regioselectivity, stability, equivalent balance and EP compatibility require manual review.",True,True,True,True,eligible,1,1.0,1.0,0.0,1.0,0.0,0.0,Candidate
LIB_0332,CAND_R2_173,DTB-OH-allyl-all,C=CCOC(CC)Cn1c(=O)n(CC(COB(O)OC)OCC=C)c(=O)n(CC(CP2(=O)Oc3ccccc3-c3ccccc32)OCC=C)c1=O,C=CCOC(CC)Cn1c(=O)n(CC(COB(O)OC)OCC=C)c(=O)n(CC(CP2(=O)Oc3ccccc3-c3ccccc32)OCC=C)c1=O,,DOPO-based (additive),Designed,designed,P-N-B,1,OH-to-allyl-ether-all,allyl,Additive,B,725.5410000000002,O=c1[nH]c(=O)n(CCCP2(=O)Oc3ccccc3-c3ccccc32)c(=O)[nH]1,4.2690902374917465,5.791678209777255,0.0,1.4901983485426733,0.0,False,True,"Parent=TRAIN_018 (DTB); Change=Converted one OH group to an allyl ether; no EP reactivity is assumed. Converted all OH groups.; Attachment=all_OH; One-factor computational analogue. Parent_Tanimoto_r3=0.568; Max_Train_Tanimoto_r3=0.568; Risk=large structural change from parent; candidate may be outside strict in-domain threshold. Synthesis route, regioselectivity, stability, equivalent balance and EP compatibility require manual review.",True,True,True,True,eligible,1,1.0,1.0,0.0,1.0,0.0,0.0,Candidate
LIB_0333,CAND_R2_174,DSD-amino,Nc1ccc(C(Nc2ccc(S(=O)(=O)c3ccc(NC(c4ccccc4O)P4(=O)Oc5ccccc5-c5ccccc54)cc3)cc2)P2(=O)Oc3ccccc3-c3ccccc32)c(O)c1,Nc1ccc(C(Nc2ccc(S(=O)(=O)c3ccc(NC(c4ccccc4O)P4(=O)Oc5ccccc5-c5ccccc54)cc3)cc2)P2(=O)Oc3ccccc3-c3ccccc32)c(O)c1,,DOPO-based (Co-curing),Designed,designed,P-N-S,2,aryl-amino,NH2,Co-curing,B,903.8900000000002,O=P1(C(Nc2ccc(S(=O)(=O)c3ccc(NC(c4ccccc4)P4(=O)Oc5ccccc5-c5ccccc54)cc3)cc2)c2ccccc2)Oc2ccccc2-c2ccccc21,6.853488809479028,4.648906393477081,3.547666198320591,0.0,0.0,False,True,"Parent=TRAIN_077 (DSD); Change=Added amino at aromatic atom 46.; Attachment=peripheral_aromatic; One-factor computational analogue. Parent_Tanimoto_r3=0.833; Max_Train_Tanimoto_r3=0.833; Risk=none. Synthesis route, regioselectivity, stability, equivalent balance and EP compatibility require manual review.",True,True,True,True,eligible,2,1.0,1.0,1.0,0.0,0.0,2.0,Candidate
LIB_0334,CAND_R2_175,DSD-hydroxy,O=P1(C(Nc2ccc(S(=O)(=O)c3ccc(NC(c4ccc(O)cc4O)P4(=O)Oc5ccccc5-c5ccccc54)cc3)cc2)c2ccccc2O)Oc2ccccc2-c2ccccc21,O=P1(C(Nc2ccc(S(=O)(=O)c3ccc(NC(c4ccc(O)cc4O)P4(=O)Oc5ccccc5-c5ccccc54)cc3)cc2)c2ccccc2O)Oc2ccccc2-c2ccccc21,,DOPO-based (additive),Designed,designed,P-N-S,2,aryl-hydroxy,OH,Additive,B,904.874,O=P1(C(Nc2ccc(S(=O)(=O)c3ccc(NC(c4ccccc4)P4(=O)Oc5ccccc5-c5ccccc54)cc3)cc2)c2ccccc2)Oc2ccccc2-c2ccccc21,6.846036022694872,3.0959006447306474,3.5438083092231625,0.0,0.0,False,True,"Parent=TRAIN_077 (DSD); Change=Added hydroxy at aromatic atom 46.; Attachment=peripheral_aromatic; One-factor computational analogue. Parent_Tanimoto_r3=0.854; Max_Train_Tanimoto_r3=0.854; Risk=none. Synthesis route, regioselectivity, stability, equivalent balance and EP compatibility require manual review.",True,True,True,True,eligible,2,1.0,1.0,1.0,0.0,0.0,0.0,Candidate
LIB_0335,CAND_R2_176,DSD-hydroxymethyl,O=P1(C(Nc2ccc(S(=O)(=O)c3ccc(NC(c4ccc(CO)cc4O)P4(=O)Oc5ccccc5-c5ccccc54)cc3)cc2)c2ccccc2O)Oc2ccccc2-c2ccccc21,O=P1(C(Nc2ccc(S(=O)(=O)c3ccc(NC(c4ccc(CO)cc4O)P4(=O)Oc5ccccc5-c5ccccc54)cc3)cc2)c2ccccc2O)Oc2ccccc2-c2ccccc21,,DOPO-based (additive),Designed,designed,P-N-S,2,aryl-hydroxymethyl,CH2OH,Additive,B,918.9010000000001,O=P1(C(Nc2ccc(S(=O)(=O)c3ccc(NC(c4ccccc4)P4(=O)Oc5ccccc5-c5ccccc54)cc3)cc2)c2ccccc2)Oc2ccccc2-c2ccccc21,6.7415314598634675,3.048641801456305,3.4897121670343156,0.0,0.0,False,True,"Parent=TRAIN_077 (DSD); Change=Added hydroxymethyl at aromatic atom 46.; Attachment=peripheral_aromatic; One-factor computational analogue. Parent_Tanimoto_r3=0.814; Max_Train_Tanimoto_r3=0.814; Risk=none. Synthesis route, regioselectivity, stability, equivalent balance and EP compatibility require manual review.",True,True,True,True,eligible,2,1.0,1.0,1.0,0.0,0.0,0.0,Candidate
LIB_0336,CAND_R2_177,DSD-carboxamide,NC(=O)c1ccc(C(Nc2ccc(S(=O)(=O)c3ccc(NC(c4ccccc4O)P4(=O)Oc5ccccc5-c5ccccc54)cc3)cc2)P2(=O)Oc3ccccc3-c3ccccc32)c(O)c1,NC(=O)c1ccc(C(Nc2ccc(S(=O)(=O)c3ccc(NC(c4ccccc4O)P4(=O)Oc5ccccc5-c5ccccc54)cc3)cc2)P2(=O)Oc3ccccc3-c3ccccc32)c(O)c1,,DOPO-based (additive),Designed,designed,P-N-S,2,aryl-carboxamide,amide,Additive,B,931.9000000000002,O=P1(C(Nc2ccc(S(=O)(=O)c3ccc(NC(c4ccccc4)P4(=O)Oc5ccccc5-c5ccccc54)cc3)cc2)c2ccccc2)Oc2ccccc2-c2ccccc21,6.64749436634832,4.509174804163536,3.4410344457559816,0.0,0.0,False,True,"Parent=TRAIN_077 (DSD); Change=Added carboxamide at aromatic atom 46.; Attachment=peripheral_aromatic; One-factor computational analogue. Parent_Tanimoto_r3=0.805; Max_Train_Tanimoto_r3=0.805; Risk=none. Synthesis route, regioselectivity, stability, equivalent balance and EP compatibility require manual review.",True,True,True,True,eligible,2,1.0,1.0,1.0,0.0,0.0,0.0,Candidate
LIB_0337,CAND_R2_178,DSD-boronic-acid,O=P1(C(Nc2ccc(S(=O)(=O)c3ccc(NC(c4ccc(B(O)O)cc4O)P4(=O)Oc5ccccc5-c5ccccc54)cc3)cc2)c2ccccc2O)Oc2ccccc2-c2ccccc21,O=P1(C(Nc2ccc(S(=O)(=O)c3ccc(NC(c4ccc(B(O)O)cc4O)P4(=O)Oc5ccccc5-c5ccccc54)cc3)cc2)c2ccccc2O)Oc2ccccc2-c2ccccc21,,DOPO-based (additive),Designed,designed,P-N-B-S,2,aryl-boronic-acid,B(OH)2,Additive,B,932.6930000000001,O=P1(C(Nc2ccc(S(=O)(=O)c3ccc(NC(c4ccccc4)P4(=O)Oc5ccccc5-c5ccccc54)cc3)cc2)c2ccccc2)Oc2ccccc2-c2ccccc21,6.641842492652994,3.003560657150852,3.4381087882079093,1.159223881813201,0.0,False,True,"Parent=TRAIN_077 (DSD); Change=Added boronic_acid at aromatic atom 46.; Attachment=peripheral_aromatic; One-factor computational analogue. Parent_Tanimoto_r3=0.814; Max_Train_Tanimoto_r3=0.814; Risk=none. Synthesis route, regioselectivity, stability, equivalent balance and EP compatibility require manual review.",True,True,True,True,eligible,2,1.0,1.0,1.0,1.0,0.0,0.0,Candidate
LIB_0338,CAND_R2_179,DSD-pinacol-boronate,CC1(C)OB(c2ccc(C(Nc3ccc(S(=O)(=O)c4ccc(NC(c5ccccc5O)P5(=O)Oc6ccccc6-c6ccccc65)cc4)cc3)P3(=O)Oc4ccccc4-c4ccccc43)c(O)c2)OC1(C)C,CC1(C)OB(c2ccc(C(Nc3ccc(S(=O)(=O)c4ccc(NC(c5ccccc5O)P5(=O)Oc6ccccc6-c6ccccc65)cc4)cc3)P3(=O)Oc4ccccc4-c4ccccc43)c(O)c2)OC1(C)C,,DOPO-based (additive),Designed,designed,P-N-B-S,2,aryl-pinacol-boronate,pinacol boronate,Additive,B,1014.8390000000002,O=P1(C(Nc2ccc(S(=O)(=O)c3ccc(NC(c4ccc(B5OCCO5)cc4)P4(=O)Oc5ccccc5-c5ccccc54)cc3)cc2)c2ccccc2)Oc2ccccc2-c2ccccc21,6.104219487031933,2.7604378625575086,3.159811556315829,1.0653906678793383,0.0,False,True,"Parent=TRAIN_077 (DSD); Change=Added pinacol_boronate at aromatic atom 46.; Attachment=peripheral_aromatic; One-factor computational analogue. Parent_Tanimoto_r3=0.737; Max_Train_Tanimoto_r3=0.737; Risk=none. Synthesis route, regioselectivity, stability, equivalent balance and EP compatibility require manual review.",True,True,True,True,eligible,2,1.0,1.0,1.0,1.0,0.0,0.0,Candidate
LIB_0339,CAND_R2_180,DSD-trimethoxysilyl,CO[Si](OC)(OC)c1ccc(C(Nc2ccc(S(=O)(=O)c3ccc(NC(c4ccccc4O)P4(=O)Oc5ccccc5-c5ccccc54)cc3)cc2)P2(=O)Oc3ccccc3-c3ccccc32)c(O)c1,CO[Si](OC)(OC)c1ccc(C(Nc2ccc(S(=O)(=O)c3ccc(NC(c4ccccc4O)P4(=O)Oc5ccccc5-c5ccccc54)cc3)cc2)P2(=O)Oc3ccccc3-c3ccccc32)c(O)c1,,DOPO-based (additive+ Secondary Crosslinking),Designed,designed,P-N-Si-S,2,aryl-trimethoxysilyl,Si(OCH3)3,Additive + Secondary Crosslinking,B,1009.0550000000002,O=P1(C(Nc2ccc(S(=O)(=O)c3ccc(NC(c4ccccc4)P4(=O)Oc5ccccc5-c5ccccc54)cc3)cc2)c2ccccc2)Oc2ccccc2-c2ccccc21,6.139209458354598,2.776260957034056,3.1779238990937055,0.0,2.783396346086189,False,True,"Parent=TRAIN_077 (DSD); Change=Added trimethoxysilyl at aromatic atom 46.; Attachment=peripheral_aromatic; One-factor computational analogue. Parent_Tanimoto_r3=0.769; Max_Train_Tanimoto_r3=0.769; Risk=none. Synthesis route, regioselectivity, stability, equivalent balance and EP compatibility require manual review.",True,True,True,True,eligible,2,1.0,1.0,1.0,0.0,1.0,3.0,Candidate
LIB_0340,CAND_R2_181,DSD-triethoxysilyl,CCO[Si](OCC)(OCC)c1ccc(C(Nc2ccc(S(=O)(=O)c3ccc(NC(c4ccccc4O)P4(=O)Oc5ccccc5-c5ccccc54)cc3)cc2)P2(=O)Oc3ccccc3-c3ccccc32)c(O)c1,CCO[Si](OCC)(OCC)c1ccc(C(Nc2ccc(S(=O)(=O)c3ccc(NC(c4ccccc4O)P4(=O)Oc5ccccc5-c5ccccc54)cc3)cc2)P2(=O)Oc3ccccc3-c3ccccc32)c(O)c1,,DOPO-based (additive+ Secondary Crosslinking),Designed,designed,P-N-Si-S,2,aryl-triethoxysilyl,Si(OC2H5)3,Additive + Secondary Crosslinking,B,1051.1360000000002,O=P1(C(Nc2ccc(S(=O)(=O)c3ccc(NC(c4ccccc4)P4(=O)Oc5ccccc5-c5ccccc54)cc3)cc2)c2ccccc2)Oc2ccccc2-c2ccccc21,5.893433390160739,2.6651165976619575,3.050699433755479,0.0,2.6719663297613243,False,True,"Parent=TRAIN_077 (DSD); Change=Added triethoxysilyl at aromatic atom 46.; Attachment=peripheral_aromatic; One-factor computational analogue. Parent_Tanimoto_r3=0.737; Max_Train_Tanimoto_r3=0.737; Risk=none. Synthesis route, regioselectivity, stability, equivalent balance and EP compatibility require manual review.",True,True,True,True,eligible,2,1.0,1.0,1.0,0.0,1.0,3.0,Candidate
LIB_0341,CAND_R2_182,DSD-disiloxane,C[Si](C)(C)O[Si](C)(C)c1ccc(C(Nc2ccc(S(=O)(=O)c3ccc(NC(c4ccccc4O)P4(=O)Oc5ccccc5-c5ccccc54)cc3)cc2)P2(=O)Oc3ccccc3-c3ccccc32)c(O)c1,C[Si](C)(C)O[Si](C)(C)c1ccc(C(Nc2ccc(S(=O)(=O)c3ccc(NC(c4ccccc4O)P4(=O)Oc5ccccc5-c5ccccc54)cc3)cc2)P2(=O)Oc3ccccc3-c3ccccc32)c(O)c1,,DOPO-based (additive),Designed,designed,P-N-Si-S,2,short-disiloxane,none,Additive,B,1035.2130000000002,O=P1(C(Nc2ccc(S(=O)(=O)c3ccc(NC(c4ccccc4)P4(=O)Oc5ccccc5-c5ccccc54)cc3)cc2)c2ccccc2)Oc2ccccc2-c2ccccc21,5.98408250282792,2.706109757122447,3.0976233876506565,0.0,5.426129695048264,False,True,"Parent=TRAIN_077 (DSD); Change=Added disiloxane at aromatic atom 46.; Attachment=peripheral_aromatic; One-factor computational analogue. Parent_Tanimoto_r3=0.753; Max_Train_Tanimoto_r3=0.753; Risk=none. Synthesis route, regioselectivity, stability, equivalent balance and EP compatibility require manual review.",True,True,True,True,eligible,2,1.0,1.0,1.0,0.0,1.0,0.0,Candidate
LIB_0342,CAND_R2_183,DSD-glycidyloxy,O=P1(C(Nc2ccc(S(=O)(=O)c3ccc(NC(c4ccc(OCC5CO5)cc4O)P4(=O)Oc5ccccc5-c5ccccc54)cc3)cc2)c2ccccc2O)Oc2ccccc2-c2ccccc21,O=P1(C(Nc2ccc(S(=O)(=O)c3ccc(NC(c4ccc(OCC5CO5)cc4O)P4(=O)Oc5ccccc5-c5ccccc54)cc3)cc2)c2ccccc2O)Oc2ccccc2-c2ccccc21,,DOPO-based (Co-curing),Designed,designed,P-N-S,2,aryl-glycidyl-ether,epoxy,Co-curing,B,960.9380000000002,O=P1(C(Nc2ccc(S(=O)(=O)c3ccc(NC(c4ccc(OCC5CO5)cc4)P4(=O)Oc5ccccc5-c5ccccc54)cc3)cc2)c2ccccc2)Oc2ccccc2-c2ccccc21,6.4466177838736725,2.915276531888633,3.3370519221843646,0.0,0.0,False,True,"Parent=TRAIN_077 (DSD); Change=Added glycidyloxy at aromatic atom 46.; Attachment=peripheral_aromatic; One-factor computational analogue. Parent_Tanimoto_r3=0.729; Max_Train_Tanimoto_r3=0.729; Risk=none. Synthesis route, regioselectivity, stability, equivalent balance and EP compatibility require manual review.",True,True,True,True,eligible,2,1.0,1.0,1.0,0.0,0.0,2.0,Candidate
LIB_0343,CAND_R2_184,DSD-diaminotriazine,Nc1nc(N)nc(-c2ccc(C(Nc3ccc(S(=O)(=O)c4ccc(NC(c5ccccc5O)P5(=O)Oc6ccccc6-c6ccccc65)cc4)cc3)P3(=O)Oc4ccccc4-c4ccccc43)c(O)c2)n1,Nc1nc(N)nc(-c2ccc(C(Nc3ccc(S(=O)(=O)c4ccc(NC(c5ccccc5O)P5(=O)Oc6ccccc6-c6ccccc65)cc4)cc3)P3(=O)Oc4ccccc4-c4ccccc43)c(O)c2)n1,,DOPO-based (Co-curing),Designed,designed,P-N-S,2,"diamino-1,3,5-triazine",NH2,Co-curing,B,997.9670000000001,O=P1(C(Nc2ccc(S(=O)(=O)c3ccc(NC(c4ccc(-c5ncncn5)cc4)P4(=O)Oc5ccccc5-c5ccccc54)cc3)cc2)c2ccccc2)Oc2ccccc2-c2ccccc21,6.2074196842180145,9.824873968778526,3.2132325016759067,0.0,0.0,False,True,"Parent=TRAIN_077 (DSD); Change=Added diaminotriazine at aromatic atom 46.; Attachment=peripheral_aromatic; One-factor computational analogue. Parent_Tanimoto_r3=0.729; Max_Train_Tanimoto_r3=0.729; Risk=none. Synthesis route, regioselectivity, stability, equivalent balance and EP compatibility require manual review.",True,True,True,True,eligible,2,1.0,1.0,1.0,0.0,0.0,2.0,Candidate
LIB_0344,CAND_R2_185,DSD-piperazine,O=P1(C(Nc2ccc(S(=O)(=O)c3ccc(NC(c4ccc(N5CCNCC5)cc4O)P4(=O)Oc5ccccc5-c5ccccc54)cc3)cc2)c2ccccc2O)Oc2ccccc2-c2ccccc21,O=P1(C(Nc2ccc(S(=O)(=O)c3ccc(NC(c4ccc(N5CCNCC5)cc4O)P4(=O)Oc5ccccc5-c5ccccc54)cc3)cc2)c2ccccc2O)Oc2ccccc2-c2ccccc21,,DOPO-based (Co-curing),Designed,designed,P-N-S,2,piperazine,NH,Co-curing,B,972.9970000000002,O=P1(C(Nc2ccc(S(=O)(=O)c3ccc(NC(c4ccc(N5CCNCC5)cc4)P4(=O)Oc5ccccc5-c5ccccc54)cc3)cc2)c2ccccc2)Oc2ccccc2-c2ccccc21,6.366720555150734,5.758291135532791,3.2956936146771256,0.0,0.0,False,True,"Parent=TRAIN_077 (DSD); Change=Added piperazine at aromatic atom 46.; Attachment=peripheral_aromatic; One-factor computational analogue. Parent_Tanimoto_r3=0.729; Max_Train_Tanimoto_r3=0.729; Risk=none. Synthesis route, regioselectivity, stability, equivalent balance and EP compatibility require manual review.",True,True,True,True,eligible,2,1.0,1.0,1.0,0.0,0.0,2.0,Candidate
LIB_0345,CAND_R2_186,DSD-benzamide-linker,O=C(Nc1ccc(C(Nc2ccc(S(=O)(=O)c3ccc(NC(c4ccccc4O)P4(=O)Oc5ccccc5-c5ccccc54)cc3)cc2)P2(=O)Oc3ccccc3-c3ccccc32)c(O)c1)c1ccccc1,O=C(Nc1ccc(C(Nc2ccc(S(=O)(=O)c3ccc(NC(c4ccccc4O)P4(=O)Oc5ccccc5-c5ccccc54)cc3)cc2)P2(=O)Oc3ccccc3-c3ccccc32)c(O)c1)c1ccccc1,,DOPO-based (additive),Designed,designed,P-N-S,2,benzamide,amide,Additive,B,1007.9980000000002,O=C(Nc1ccc(C(Nc2ccc(S(=O)(=O)c3ccc(NC(c4ccccc4)P4(=O)Oc5ccccc5-c5ccccc54)cc3)cc2)P2(=O)Oc3ccccc3-c3ccccc32)cc1)c1ccccc1,6.145647114379194,4.1687582713457765,3.1812563120164916,0.0,0.0,False,True,"Parent=TRAIN_077 (DSD); Change=Added benzamide_linker at aromatic atom 46.; Attachment=peripheral_aromatic; One-factor computational analogue. Parent_Tanimoto_r3=0.737; Max_Train_Tanimoto_r3=0.737; Risk=none. Synthesis route, regioselectivity, stability, equivalent balance and EP compatibility require manual review.",True,True,True,True,eligible,2,1.0,1.0,1.0,0.0,0.0,0.0,Candidate
LIB_0346,CAND_R2_187,DSD-phenyl,O=P1(C(Nc2ccc(S(=O)(=O)c3ccc(NC(c4ccc(-c5ccccc5)cc4O)P4(=O)Oc5ccccc5-c5ccccc54)cc3)cc2)c2ccccc2O)Oc2ccccc2-c2ccccc21,O=P1(C(Nc2ccc(S(=O)(=O)c3ccc(NC(c4ccc(-c5ccccc5)cc4O)P4(=O)Oc5ccccc5-c5ccccc54)cc3)cc2)c2ccccc2O)Oc2ccccc2-c2ccccc21,,DOPO-based (additive),Designed,designed,P-N-S,2,phenyl,none,Additive,B,964.9730000000001,O=P1(C(Nc2ccc(S(=O)(=O)c3ccc(NC(c4ccc(-c5ccccc5)cc4)P4(=O)Oc5ccccc5-c5ccccc54)cc3)cc2)c2ccccc2)Oc2ccccc2-c2ccccc21,6.419661482756512,2.903086407598969,3.3230981592231075,0.0,0.0,False,True,"Parent=TRAIN_077 (DSD); Change=Added phenyl at aromatic atom 46.; Attachment=peripheral_aromatic; One-factor computational analogue. Parent_Tanimoto_r3=0.787; Max_Train_Tanimoto_r3=0.787; Risk=none. Synthesis route, regioselectivity, stability, equivalent balance and EP compatibility require manual review.",True,True,True,True,eligible,2,1.0,1.0,1.0,0.0,0.0,0.0,Candidate
LIB_0347,CAND_R2_188,DSD-biphenyl,O=P1(C(Nc2ccc(S(=O)(=O)c3ccc(NC(c4ccc(-c5ccc(-c6ccccc6)cc5)cc4O)P4(=O)Oc5ccccc5-c5ccccc54)cc3)cc2)c2ccccc2O)Oc2ccccc2-c2ccccc21,O=P1(C(Nc2ccc(S(=O)(=O)c3ccc(NC(c4ccc(-c5ccc(-c6ccccc6)cc5)cc4O)P4(=O)Oc5ccccc5-c5ccccc54)cc3)cc2)c2ccccc2O)Oc2ccccc2-c2ccccc21,,DOPO-based (additive),Designed,designed,P-N-S,2,biphenyl,none,Additive,B,1041.0710000000001,O=P1(C(Nc2ccc(S(=O)(=O)c3ccc(NC(c4ccc(-c5ccc(-c6ccccc6)cc5)cc4)P4(=O)Oc5ccccc5-c5ccccc54)cc3)cc2)c2ccccc2)Oc2ccccc2-c2ccccc21,5.950410682844877,2.6908827543942726,3.08019337778115,0.0,0.0,False,True,"Parent=TRAIN_077 (DSD); Change=Added biphenyl at aromatic atom 46.; Attachment=peripheral_aromatic; One-factor computational analogue. Parent_Tanimoto_r3=0.761; Max_Train_Tanimoto_r3=0.761; Risk=none. Synthesis route, regioselectivity, stability, equivalent balance and EP compatibility require manual review.",True,True,True,True,eligible,2,1.0,1.0,1.0,0.0,0.0,0.0,Candidate
LIB_0348,CAND_R2_189,DSD-OH-glycidyl-all,O=P1(C(Nc2ccc(S(=O)(=O)c3ccc(NC(c4ccccc4OCC4CO4)P4(=O)Oc5ccccc5-c5ccccc54)cc3)cc2)c2ccccc2OCC2CO2)Oc2ccccc2-c2ccccc21,O=P1(C(Nc2ccc(S(=O)(=O)c3ccc(NC(c4ccccc4OCC4CO4)P4(=O)Oc5ccccc5-c5ccccc54)cc3)cc2)c2ccccc2OCC2CO2)Oc2ccccc2-c2ccccc21,,DOPO-based (Co-curing),Designed,designed,P-N-S,2,OH-to-glycidyl-ether-all,epoxy,Co-curing,B,1001.003,O=P1(C(Nc2ccc(S(=O)(=O)c3ccc(NC(c4ccccc4OCC4CO4)P4(=O)Oc5ccccc5-c5ccccc54)cc3)cc2)c2ccccc2OCC2CO2)Oc2ccccc2-c2ccccc21,6.188592841380095,2.7985930112097566,3.203486902636655,0.0,0.0,False,True,"Parent=TRAIN_077 (DSD); Change=Converted one OH group to a glycidyl ether. Converted all OH groups.; Attachment=all_OH; One-factor computational analogue. Parent_Tanimoto_r3=0.642; Max_Train_Tanimoto_r3=0.642; Risk=large structural change from parent; candidate may be outside strict in-domain threshold. Synthesis route, regioselectivity, stability, equivalent balance and EP compatibility require manual review.",True,True,True,True,eligible,2,1.0,1.0,1.0,0.0,0.0,2.0,Candidate
LIB_0349,CAND_R2_190,DSD-OH-methyl,COc1ccccc1C(Nc1ccc(S(=O)(=O)c2ccc(NC(c3ccccc3O)P3(=O)Oc4ccccc4-c4ccccc43)cc2)cc1)P1(=O)Oc2ccccc2-c2ccccc21,COc1ccccc1C(Nc1ccc(S(=O)(=O)c2ccc(NC(c3ccccc3O)P3(=O)Oc4ccccc4-c4ccccc43)cc2)cc1)P1(=O)Oc2ccccc2-c2ccccc21,,DOPO-based (additive),Designed,designed,P-N-S,2,OH-to-methyl-ether,none,Additive,B,902.9020000000002,O=P1(C(Nc2ccc(S(=O)(=O)c3ccc(NC(c4ccccc4)P4(=O)Oc5ccccc5-c5ccccc54)cc3)cc2)c2ccccc2)Oc2ccccc2-c2ccccc21,6.860988235711073,3.10266230443614,3.551548230040469,0.0,0.0,False,True,"Parent=TRAIN_077 (DSD); Change=Converted one OH group to a methyl ether. Regioisomer 1.; Attachment=OH_site_1; One-factor computational analogue. Parent_Tanimoto_r3=0.843; Max_Train_Tanimoto_r3=0.843; Risk=none. Synthesis route, regioselectivity, stability, equivalent balance and EP compatibility require manual review.",True,True,True,True,eligible,2,1.0,1.0,1.0,0.0,0.0,0.0,Candidate
LIB_0350,CAND_R2_191,DSD-OH-methyl-all,COc1ccccc1C(Nc1ccc(S(=O)(=O)c2ccc(NC(c3ccccc3OC)P3(=O)Oc4ccccc4-c4ccccc43)cc2)cc1)P1(=O)Oc2ccccc2-c2ccccc21,COc1ccccc1C(Nc1ccc(S(=O)(=O)c2ccc(NC(c3ccccc3OC)P3(=O)Oc4ccccc4-c4ccccc43)cc2)cc1)P1(=O)Oc2ccccc2-c2ccccc21,,DOPO-based (additive),Designed,designed,P-N-S,2,OH-to-methyl-ether-all,none,Additive,B,916.9290000000002,O=P1(C(Nc2ccc(S(=O)(=O)c3ccc(NC(c4ccccc4)P4(=O)Oc5ccccc5-c5ccccc54)cc3)cc2)c2ccccc2)Oc2ccccc2-c2ccccc21,6.7560301833620695,3.0551983850439886,3.4972173418007273,0.0,0.0,False,True,"Parent=TRAIN_077 (DSD); Change=Converted one OH group to a methyl ether. Converted all OH groups.; Attachment=all_OH; One-factor computational analogue. Parent_Tanimoto_r3=0.735; Max_Train_Tanimoto_r3=0.735; Risk=none. Synthesis route, regioselectivity, stability, equivalent balance and EP compatibility require manual review.",True,True,True,True,eligible,2,1.0,1.0,1.0,0.0,0.0,0.0,Candidate
LIB_0351,CAND_R2_192,DSD-OH-acetyl,CC(=O)Oc1ccccc1C(Nc1ccc(S(=O)(=O)c2ccc(NC(c3ccccc3O)P3(=O)Oc4ccccc4-c4ccccc43)cc2)cc1)P1(=O)Oc2ccccc2-c2ccccc21,CC(=O)Oc1ccccc1C(Nc1ccc(S(=O)(=O)c2ccc(NC(c3ccccc3O)P3(=O)Oc4ccccc4-c4ccccc43)cc2)cc1)P1(=O)Oc2ccccc2-c2ccccc21,,DOPO-based (additive),Designed,designed,P-N-S,2,OH-to-acetate,none,Additive,B,930.9120000000001,O=P1(C(Nc2ccc(S(=O)(=O)c3ccc(NC(c4ccccc4)P4(=O)Oc5ccccc5-c5ccccc54)cc3)cc2)c2ccccc2)Oc2ccccc2-c2ccccc21,6.654549517032758,3.0093070021656176,3.444686500979684,0.0,0.0,False,True,"Parent=TRAIN_077 (DSD); Change=Converted one OH group to an acetate. Regioisomer 1.; Attachment=OH_site_1; One-factor computational analogue. Parent_Tanimoto_r3=0.795; Max_Train_Tanimoto_r3=0.795; Risk=none. Synthesis route, regioselectivity, stability, equivalent balance and EP compatibility require manual review.",True,True,True,True,eligible,2,1.0,1.0,1.0,0.0,0.0,0.0,Candidate
LIB_0352,CAND_R2_193,DSD-OH-acetyl-all,CC(=O)Oc1ccccc1C(Nc1ccc(S(=O)(=O)c2ccc(NC(c3ccccc3OC(C)=O)P3(=O)Oc4ccccc4-c4ccccc43)cc2)cc1)P1(=O)Oc2ccccc2-c2ccccc21,CC(=O)Oc1ccccc1C(Nc1ccc(S(=O)(=O)c2ccc(NC(c3ccccc3OC(C)=O)P3(=O)Oc4ccccc4-c4ccccc43)cc2)cc1)P1(=O)Oc2ccccc2-c2ccccc21,,DOPO-based (additive),Designed,designed,P-N-S,2,OH-to-acetate-all,none,Additive,B,972.9490000000003,O=P1(C(Nc2ccc(S(=O)(=O)c3ccc(NC(c4ccccc4)P4(=O)Oc5ccccc5-c5ccccc54)cc3)cc2)c2ccccc2)Oc2ccccc2-c2ccccc21,6.3670346544371785,2.879287609114146,3.295856206234858,0.0,0.0,False,True,"Parent=TRAIN_077 (DSD); Change=Converted one OH group to an acetate. Converted all OH groups.; Attachment=all_OH; One-factor computational analogue. Parent_Tanimoto_r3=0.705; Max_Train_Tanimoto_r3=0.705; Risk=none. Synthesis route, regioselectivity, stability, equivalent balance and EP compatibility require manual review.",True,True,True,True,eligible,2,1.0,1.0,1.0,0.0,0.0,0.0,Candidate
LIB_0353,CAND_R2_194,DSD-OH-allyl,C=CCOc1ccccc1C(Nc1ccc(S(=O)(=O)c2ccc(NC(c3ccccc3O)P3(=O)Oc4ccccc4-c4ccccc43)cc2)cc1)P1(=O)Oc2ccccc2-c2ccccc21,C=CCOc1ccccc1C(Nc1ccc(S(=O)(=O)c2ccc(NC(c3ccccc3O)P3(=O)Oc4ccccc4-c4ccccc43)cc2)cc1)P1(=O)Oc2ccccc2-c2ccccc21,,DOPO-based (additive),Designed,designed,P-N-S,2,OH-to-allyl-ether,allyl,Additive,B,928.9400000000002,O=P1(C(Nc2ccc(S(=O)(=O)c3ccc(NC(c4ccccc4)P4(=O)Oc5ccccc5-c5ccccc54)cc3)cc2)c2ccccc2)Oc2ccccc2-c2ccccc21,6.668676125476348,3.0156953086313427,3.451999052683703,0.0,0.0,False,True,"Parent=TRAIN_077 (DSD); Change=Converted one OH group to an allyl ether; no EP reactivity is assumed. Regioisomer 1.; Attachment=OH_site_1; One-factor computational analogue. Parent_Tanimoto_r3=0.753; Max_Train_Tanimoto_r3=0.753; Risk=none. Synthesis route, regioselectivity, stability, equivalent balance and EP compatibility require manual review.",True,True,True,True,eligible,2,1.0,1.0,1.0,0.0,0.0,0.0,Candidate
LIB_0354,CAND_R2_195,DSD-OH-allyl-all,C=CCOc1ccccc1C(Nc1ccc(S(=O)(=O)c2ccc(NC(c3ccccc3OCC=C)P3(=O)Oc4ccccc4-c4ccccc43)cc2)cc1)P1(=O)Oc2ccccc2-c2ccccc21,C=CCOc1ccccc1C(Nc1ccc(S(=O)(=O)c2ccc(NC(c3ccccc3OCC=C)P3(=O)Oc4ccccc4-c4ccccc43)cc2)cc1)P1(=O)Oc2ccccc2-c2ccccc21,,DOPO-based (additive),Designed,designed,P-N-S,2,OH-to-allyl-ether-all,allyl,Additive,B,969.0050000000002,O=P1(C(Nc2ccc(S(=O)(=O)c3ccc(NC(c4ccccc4)P4(=O)Oc5ccccc5-c5ccccc54)cc3)cc2)c2ccccc2)Oc2ccccc2-c2ccccc21,6.392949468784989,2.891006754351112,3.309270849995613,0.0,0.0,False,True,"Parent=TRAIN_077 (DSD); Change=Converted one OH group to an allyl ether; no EP reactivity is assumed. Converted all OH groups.; Attachment=all_OH; One-factor computational analogue. Parent_Tanimoto_r3=0.656; Max_Train_Tanimoto_r3=0.656; Risk=candidate may be outside strict in-domain threshold. Synthesis route, regioselectivity, stability, equivalent balance and EP compatibility require manual review.",True,True,True,True,eligible,2,1.0,1.0,1.0,0.0,0.0,0.0,Candidate
LIB_0355,CAND_R2_196,DSD-NH-methyl,CN(c1ccc(S(=O)(=O)c2ccc(NC(c3ccccc3O)P3(=O)Oc4ccccc4-c4ccccc43)cc2)cc1)C(c1ccccc1O)P1(=O)Oc2ccccc2-c2ccccc21,CN(c1ccc(S(=O)(=O)c2ccc(NC(c3ccccc3O)P3(=O)Oc4ccccc4-c4ccccc43)cc2)cc1)C(c1ccccc1O)P1(=O)Oc2ccccc2-c2ccccc21,,DOPO-based (additive),Designed,designed,P-N-S,2,N-methyl,none,Additive,B,902.9020000000003,O=P1(C(Nc2ccc(S(=O)(=O)c3ccc(NC(c4ccccc4)P4(=O)Oc5ccccc5-c5ccccc54)cc3)cc2)c2ccccc2)Oc2ccccc2-c2ccccc21,6.860988235711072,3.1026623044361394,3.5515482300404684,0.0,0.0,False,True,"Parent=TRAIN_077 (DSD); Change=Methylated one free N–H site, reducing curing activity. Regioisomer 1.; Attachment=NH_site_1; One-factor computational analogue. Parent_Tanimoto_r3=0.761; Max_Train_Tanimoto_r3=0.761; Risk=none. Synthesis route, regioselectivity, stability, equivalent balance and EP compatibility require manual review.",True,True,True,True,eligible,2,1.0,1.0,1.0,0.0,0.0,0.0,Candidate
LIB_0356,CAND_R2_197,DSD-NH-methyl-all,CN(c1ccc(S(=O)(=O)c2ccc(N(C)C(c3ccccc3O)P3(=O)Oc4ccccc4-c4ccccc43)cc2)cc1)C(c1ccccc1O)P1(=O)Oc2ccccc2-c2ccccc21,CN(c1ccc(S(=O)(=O)c2ccc(N(C)C(c3ccccc3O)P3(=O)Oc4ccccc4-c4ccccc43)cc2)cc1)C(c1ccccc1O)P1(=O)Oc2ccccc2-c2ccccc21,,DOPO-based (additive),Designed,designed,P-N-S,2,N-methyl-all,none,Additive,B,916.9290000000002,O=P1(C(Nc2ccc(S(=O)(=O)c3ccc(NC(c4ccccc4)P4(=O)Oc5ccccc5-c5ccccc54)cc3)cc2)c2ccccc2)Oc2ccccc2-c2ccccc21,6.7560301833620695,3.0551983850439886,3.4972173418007273,0.0,0.0,False,True,"Parent=TRAIN_077 (DSD); Change=Methylated one free N–H site, reducing curing activity. Converted all N–H sites.; Attachment=all_NH; One-factor computational analogue. Parent_Tanimoto_r3=0.565; Max_Train_Tanimoto_r3=0.565; Risk=large structural change from parent; candidate may be outside strict in-domain threshold. Synthesis route, regioselectivity, stability, equivalent balance and EP compatibility require manual review.",True,True,True,True,eligible,2,1.0,1.0,1.0,0.0,0.0,0.0,Candidate
LIB_0357,CAND_R2_198,DSD-NH-hydroxyethyl,O=P1(C(Nc2ccc(S(=O)(=O)c3ccc(N(CCO)C(c4ccccc4O)P4(=O)Oc5ccccc5-c5ccccc54)cc3)cc2)c2ccccc2O)Oc2ccccc2-c2ccccc21,O=P1(C(Nc2ccc(S(=O)(=O)c3ccc(N(CCO)C(c4ccccc4O)P4(=O)Oc5ccccc5-c5ccccc54)cc3)cc2)c2ccccc2O)Oc2ccccc2-c2ccccc21,,DOPO-based (additive),Designed,designed,P-N-S,2,N-hydroxyethyl,OH,Additive,B,932.9280000000001,O=P1(C(Nc2ccc(S(=O)(=O)c3ccc(NC(c4ccccc4)P4(=O)Oc5ccccc5-c5ccccc54)cc3)cc2)c2ccccc2)Oc2ccccc2-c2ccccc21,6.640169445016121,3.0028040749125333,3.437242745420868,0.0,0.0,False,True,"Parent=TRAIN_077 (DSD); Change=Introduced one hydroxyethyl substituent on an N–H site. Regioisomer 1.; Attachment=NH_site_1; One-factor computational analogue. Parent_Tanimoto_r3=0.722; Max_Train_Tanimoto_r3=0.722; Risk=none. Synthesis route, regioselectivity, stability, equivalent balance and EP compatibility require manual review.",True,True,True,True,eligible,2,1.0,1.0,1.0,0.0,0.0,0.0,Candidate
LIB_0358,CAND_R2_199,DSD-NH-hydroxyethyl-all,O=P1(C(c2ccccc2O)N(CCO)c2ccc(S(=O)(=O)c3ccc(N(CCO)C(c4ccccc4O)P4(=O)Oc5ccccc5-c5ccccc54)cc3)cc2)Oc2ccccc2-c2ccccc21,O=P1(C(c2ccccc2O)N(CCO)c2ccc(S(=O)(=O)c3ccc(N(CCO)C(c4ccccc4O)P4(=O)Oc5ccccc5-c5ccccc54)cc3)cc2)Oc2ccccc2-c2ccccc21,,DOPO-based (additive),Designed,designed,P-N-S,2,N-hydroxyethyl-all,OH,Additive,C,976.9810000000002,O=P1(C(Nc2ccc(S(=O)(=O)c3ccc(NC(c4ccccc4)P4(=O)Oc5ccccc5-c5ccccc54)cc3)cc2)c2ccccc2)Oc2ccccc2-c2ccccc21,6.340757906243826,2.867404790881296,3.282254209651978,0.0,0.0,False,False,"Parent=TRAIN_077 (DSD); Change=Introduced one hydroxyethyl substituent on an N–H site. Converted all N–H sites.; Attachment=all_NH; One-factor computational analogue. Parent_Tanimoto_r3=0.536; Max_Train_Tanimoto_r3=0.536; Risk=large structural change from parent; candidate may be outside strict in-domain threshold; exploratory only; excluded from formal screening. Synthesis route, regioselectivity, stability, equivalent balance and EP compatibility require manual review.",True,True,True,False,synthesis_level_C_or_missing,2,1.0,1.0,1.0,0.0,0.0,0.0,Candidate
LIB_0359,CAND_R2_200,DSD-NH-glycidyl,O=P1(C(Nc2ccc(S(=O)(=O)c3ccc(N(CC4CO4)C(c4ccccc4O)P4(=O)Oc5ccccc5-c5ccccc54)cc3)cc2)c2ccccc2O)Oc2ccccc2-c2ccccc21,O=P1(C(Nc2ccc(S(=O)(=O)c3ccc(N(CC4CO4)C(c4ccccc4O)P4(=O)Oc5ccccc5-c5ccccc54)cc3)cc2)c2ccccc2O)Oc2ccccc2-c2ccccc21,,DOPO-based (Co-curing),Designed,designed,P-N-S,2,N-glycidyl,epoxy,Co-curing,B,944.9390000000002,O=P1(C(Nc2ccc(S(=O)(=O)c3ccc(N(CC4CO4)C(c4ccccc4)P4(=O)Oc5ccccc5-c5ccccc54)cc3)cc2)c2ccccc2)Oc2ccccc2-c2ccccc21,6.5557670918440225,2.964635812470434,3.3935523880377456,0.0,0.0,False,True,"Parent=TRAIN_077 (DSD); Change=Introduced one glycidyl substituent on an N–H site. Regioisomer 1.; Attachment=NH_site_1; One-factor computational analogue. Parent_Tanimoto_r3=0.693; Max_Train_Tanimoto_r3=0.693; Risk=candidate may be outside strict in-domain threshold. Synthesis route, regioselectivity, stability, equivalent balance and EP compatibility require manual review.",True,True,True,True,eligible,2,1.0,1.0,1.0,0.0,0.0,2.0,Candidate
LIB_0360,CAND_R2_201,DSD-NH-glycidyl-all,O=P1(C(c2ccccc2O)N(CC2CO2)c2ccc(S(=O)(=O)c3ccc(N(CC4CO4)C(c4ccccc4O)P4(=O)Oc5ccccc5-c5ccccc54)cc3)cc2)Oc2ccccc2-c2ccccc21,O=P1(C(c2ccccc2O)N(CC2CO2)c2ccc(S(=O)(=O)c3ccc(N(CC4CO4)C(c4ccccc4O)P4(=O)Oc5ccccc5-c5ccccc54)cc3)cc2)Oc2ccccc2-c2ccccc21,,DOPO-based (Co-curing),Designed,designed,P-N-S,2,N-glycidyl-all,epoxy,Co-curing,C,1001.0030000000003,O=P1(C(c2ccccc2)N(CC2CO2)c2ccc(S(=O)(=O)c3ccc(N(CC4CO4)C(c4ccccc4)P4(=O)Oc5ccccc5-c5ccccc54)cc3)cc2)Oc2ccccc2-c2ccccc21,6.188592841380094,2.798593011209756,3.2034869026366546,0.0,0.0,False,False,"Parent=TRAIN_077 (DSD); Change=Introduced one glycidyl substituent on an N–H site. Converted all N–H sites.; Attachment=all_NH; One-factor computational analogue. Parent_Tanimoto_r3=0.525; Max_Train_Tanimoto_r3=0.525; Risk=large structural change from parent; candidate may be outside strict in-domain threshold; exploratory only; excluded from formal screening. Synthesis route, regioselectivity, stability, equivalent balance and EP compatibility require manual review.",True,True,True,False,synthesis_level_C_or_missing,2,1.0,1.0,1.0,0.0,0.0,2.0,Candidate
LIB_0361,CAND_R2_202,DOPO-PPO-amino,Nc1ccc(P(=O)(Oc2ccc(C(O)P3(=O)Oc4ccccc4-c4ccccc43)cc2)Oc2ccc(C(O)P3(=O)Oc4ccccc4-c4ccccc43)cc2)cc1,Nc1ccc(P(=O)(Oc2ccc(C(O)P3(=O)Oc4ccccc4-c4ccccc43)cc2)Oc2ccc(C(O)P3(=O)Oc4ccccc4-c4ccccc43)cc2)cc1,,DOPO-based (Co-curing),Designed,designed,P-N,2,aryl-amino,NH2,Co-curing,B,813.6760000000004,O=P1(Cc2ccc(OP(=O)(Oc3ccc(CP4(=O)Oc5ccccc5-c5ccccc54)cc3)c3ccccc3)cc2)Oc2ccccc2-c2ccccc21,11.420024678127405,1.7214468658286584,0.0,0.0,0.0,False,True,"Parent=TRAIN_080 (DOPO-PPO); Change=Added amino at aromatic atom 53.; Attachment=peripheral_aromatic; One-factor computational analogue. Parent_Tanimoto_r3=0.797; Max_Train_Tanimoto_r3=0.797; Risk=none. Synthesis route, regioselectivity, stability, equivalent balance and EP compatibility require manual review.",True,True,True,True,eligible,2,1.0,1.0,0.0,0.0,0.0,2.0,Candidate
LIB_0362,CAND_R2_203,DOPO-PPO-hydroxy,O=P(Oc1ccc(C(O)P2(=O)Oc3ccccc3-c3ccccc32)cc1)(Oc1ccc(C(O)P2(=O)Oc3ccccc3-c3ccccc32)cc1)c1ccc(O)cc1,O=P(Oc1ccc(C(O)P2(=O)Oc3ccccc3-c3ccccc32)cc1)(Oc1ccc(C(O)P2(=O)Oc3ccccc3-c3ccccc32)cc1)c1ccc(O)cc1,,DOPO-based (additive),Designed,designed,P-only,2,aryl-hydroxy,OH,Additive,B,814.6600000000001,O=P1(Cc2ccc(OP(=O)(Oc3ccc(CP4(=O)Oc5ccccc5-c5ccccc54)cc3)c3ccccc3)cc2)Oc2ccccc2-c2ccccc21,11.406230820219475,0.0,0.0,0.0,0.0,False,True,"Parent=TRAIN_080 (DOPO-PPO); Change=Added hydroxy at aromatic atom 53.; Attachment=peripheral_aromatic; One-factor computational analogue. Parent_Tanimoto_r3=0.808; Max_Train_Tanimoto_r3=0.808; Risk=none. Synthesis route, regioselectivity, stability, equivalent balance and EP compatibility require manual review.",True,True,True,True,eligible,2,1.0,0.0,0.0,0.0,0.0,0.0,Candidate
LIB_0363,CAND_R2_204,DOPO-PPO-hydroxymethyl,O=P(Oc1ccc(C(O)P2(=O)Oc3ccccc3-c3ccccc32)cc1)(Oc1ccc(C(O)P2(=O)Oc3ccccc3-c3ccccc32)cc1)c1ccc(CO)cc1,O=P(Oc1ccc(C(O)P2(=O)Oc3ccccc3-c3ccccc32)cc1)(Oc1ccc(C(O)P2(=O)Oc3ccccc3-c3ccccc32)cc1)c1ccc(CO)cc1,,DOPO-based (additive),Designed,designed,P-only,2,aryl-hydroxymethyl,CH2OH,Additive,B,828.687,O=P1(Cc2ccc(OP(=O)(Oc3ccc(CP4(=O)Oc5ccccc5-c5ccccc54)cc3)c3ccccc3)cc2)Oc2ccccc2-c2ccccc21,11.213160095428067,0.0,0.0,0.0,0.0,False,True,"Parent=TRAIN_080 (DOPO-PPO); Change=Added hydroxymethyl at aromatic atom 53.; Attachment=peripheral_aromatic; One-factor computational analogue. Parent_Tanimoto_r3=0.778; Max_Train_Tanimoto_r3=0.778; Risk=none. Synthesis route, regioselectivity, stability, equivalent balance and EP compatibility require manual review.",True,True,True,True,eligible,2,1.0,0.0,0.0,0.0,0.0,0.0,Candidate
LIB_0364,CAND_R2_205,DOPO-PPO-carboxamide,NC(=O)c1ccc(P(=O)(Oc2ccc(C(O)P3(=O)Oc4ccccc4-c4ccccc43)cc2)Oc2ccc(C(O)P3(=O)Oc4ccccc4-c4ccccc43)cc2)cc1,NC(=O)c1ccc(P(=O)(Oc2ccc(C(O)P3(=O)Oc4ccccc4-c4ccccc43)cc2)Oc2ccc(C(O)P3(=O)Oc4ccccc4-c4ccccc43)cc2)cc1,,DOPO-based (additive),Designed,designed,P-N,2,aryl-carboxamide,amide,Additive,B,841.6860000000004,O=P1(Cc2ccc(OP(=O)(Oc3ccc(CP4(=O)Oc5ccccc5-c5ccccc54)cc3)c3ccccc3)cc2)Oc2ccccc2-c2ccccc21,11.03998403204995,1.6641597935572165,0.0,0.0,0.0,False,True,"Parent=TRAIN_080 (DOPO-PPO); Change=Added carboxamide at aromatic atom 53.; Attachment=peripheral_aromatic; One-factor computational analogue. Parent_Tanimoto_r3=0.768; Max_Train_Tanimoto_r3=0.768; Risk=none. Synthesis route, regioselectivity, stability, equivalent balance and EP compatibility require manual review.",True,True,True,True,eligible,2,1.0,1.0,0.0,0.0,0.0,0.0,Candidate
LIB_0365,CAND_R2_206,DOPO-PPO-boronic-acid,O=P(Oc1ccc(C(O)P2(=O)Oc3ccccc3-c3ccccc32)cc1)(Oc1ccc(C(O)P2(=O)Oc3ccccc3-c3ccccc32)cc1)c1ccc(B(O)O)cc1,O=P(Oc1ccc(C(O)P2(=O)Oc3ccccc3-c3ccccc32)cc1)(Oc1ccc(C(O)P2(=O)Oc3ccccc3-c3ccccc32)cc1)c1ccc(B(O)O)cc1,,DOPO-based (additive),Designed,designed,P-B,2,aryl-boronic-acid,B(OH)2,Additive,B,842.4790000000002,O=P1(Cc2ccc(OP(=O)(Oc3ccc(CP4(=O)Oc5ccccc5-c5ccccc54)cc3)c3ccccc3)cc2)Oc2ccccc2-c2ccccc21,11.029592429010096,0.0,0.0,1.2833554308178599,0.0,False,True,"Parent=TRAIN_080 (DOPO-PPO); Change=Added boronic_acid at aromatic atom 53.; Attachment=peripheral_aromatic; One-factor computational analogue. Parent_Tanimoto_r3=0.778; Max_Train_Tanimoto_r3=0.778; Risk=none. Synthesis route, regioselectivity, stability, equivalent balance and EP compatibility require manual review.",True,True,True,True,eligible,2,1.0,0.0,0.0,1.0,0.0,0.0,Candidate
LIB_0366,CAND_R2_207,DOPO-PPO-pinacol-boronate,CC1(C)OB(c2ccc(P(=O)(Oc3ccc(C(O)P4(=O)Oc5ccccc5-c5ccccc54)cc3)Oc3ccc(C(O)P4(=O)Oc5ccccc5-c5ccccc54)cc3)cc2)OC1(C)C,CC1(C)OB(c2ccc(P(=O)(Oc3ccc(C(O)P4(=O)Oc5ccccc5-c5ccccc54)cc3)Oc3ccc(C(O)P4(=O)Oc5ccccc5-c5ccccc54)cc3)cc2)OC1(C)C,,DOPO-based (additive),Designed,designed,P-B,2,aryl-pinacol-boronate,pinacol boronate,Additive,B,924.6250000000001,O=P1(Cc2ccc(OP(=O)(Oc3ccc(CP4(=O)Oc5ccccc5-c5ccccc54)cc3)c3ccc(B4OCCO4)cc3)cc2)Oc2ccccc2-c2ccccc21,10.049695822630794,0.0,0.0,1.1693389211842637,0.0,False,True,"Parent=TRAIN_080 (DOPO-PPO); Change=Added pinacol_boronate at aromatic atom 53.; Attachment=peripheral_aromatic; One-factor computational analogue. Parent_Tanimoto_r3=0.700; Max_Train_Tanimoto_r3=0.700; Risk=none. Synthesis route, regioselectivity, stability, equivalent balance and EP compatibility require manual review.",True,True,True,True,eligible,2,1.0,0.0,0.0,1.0,0.0,0.0,Candidate
LIB_0367,CAND_R2_208,DOPO-PPO-trimethoxysilyl,CO[Si](OC)(OC)c1ccc(P(=O)(Oc2ccc(C(O)P3(=O)Oc4ccccc4-c4ccccc43)cc2)Oc2ccc(C(O)P3(=O)Oc4ccccc4-c4ccccc43)cc2)cc1,CO[Si](OC)(OC)c1ccc(P(=O)(Oc2ccc(C(O)P3(=O)Oc4ccccc4-c4ccccc43)cc2)Oc2ccc(C(O)P3(=O)Oc4ccccc4-c4ccccc43)cc2)cc1,,DOPO-based (additive+ Secondary Crosslinking),Designed,designed,P-Si,2,aryl-trimethoxysilyl,Si(OCH3)3,Additive + Secondary Crosslinking,B,918.8410000000002,O=P1(Cc2ccc(OP(=O)(Oc3ccc(CP4(=O)Oc5ccccc5-c5ccccc54)cc3)c3ccccc3)cc2)Oc2ccccc2-c2ccccc21,10.112957519309647,0.0,0.0,0.0,3.056676835274002,False,True,"Parent=TRAIN_080 (DOPO-PPO); Change=Added trimethoxysilyl at aromatic atom 53.; Attachment=peripheral_aromatic; One-factor computational analogue. Parent_Tanimoto_r3=0.741; Max_Train_Tanimoto_r3=0.741; Risk=none. Synthesis route, regioselectivity, stability, equivalent balance and EP compatibility require manual review.",True,True,True,True,eligible,2,1.0,0.0,0.0,0.0,1.0,3.0,Candidate
LIB_0368,CAND_R2_209,DOPO-PPO-triethoxysilyl,CCO[Si](OCC)(OCC)c1ccc(P(=O)(Oc2ccc(C(O)P3(=O)Oc4ccccc4-c4ccccc43)cc2)Oc2ccc(C(O)P3(=O)Oc4ccccc4-c4ccccc43)cc2)cc1,CCO[Si](OCC)(OCC)c1ccc(P(=O)(Oc2ccc(C(O)P3(=O)Oc4ccccc4-c4ccccc43)cc2)Oc2ccc(C(O)P3(=O)Oc4ccccc4-c4ccccc43)cc2)cc1,,DOPO-based (additive+ Secondary Crosslinking),Designed,designed,P-Si,2,aryl-triethoxysilyl,Si(OC2H5)3,Additive + Secondary Crosslinking,B,960.9220000000003,O=P1(Cc2ccc(OP(=O)(Oc3ccc(CP4(=O)Oc5ccccc5-c5ccccc54)cc3)c3ccccc3)cc2)Oc2ccccc2-c2ccccc21,9.670087686617642,0.0,0.0,0.0,2.9228178769972994,False,True,"Parent=TRAIN_080 (DOPO-PPO); Change=Added triethoxysilyl at aromatic atom 53.; Attachment=peripheral_aromatic; One-factor computational analogue. Parent_Tanimoto_r3=0.708; Max_Train_Tanimoto_r3=0.708; Risk=none. Synthesis route, regioselectivity, stability, equivalent balance and EP compatibility require manual review.",True,True,True,True,eligible,2,1.0,0.0,0.0,0.0,1.0,3.0,Candidate
LIB_0369,CAND_R2_210,DOPO-PPO-disiloxane,C[Si](C)(C)O[Si](C)(C)c1ccc(P(=O)(Oc2ccc(C(O)P3(=O)Oc4ccccc4-c4ccccc43)cc2)Oc2ccc(C(O)P3(=O)Oc4ccccc4-c4ccccc43)cc2)cc1,C[Si](C)(C)O[Si](C)(C)c1ccc(P(=O)(Oc2ccc(C(O)P3(=O)Oc4ccccc4-c4ccccc43)cc2)Oc2ccc(C(O)P3(=O)Oc4ccccc4-c4ccccc43)cc2)cc1,,DOPO-based (additive),Designed,designed,P-Si,2,short-disiloxane,none,Additive,B,944.9990000000003,O=P1(Cc2ccc(OP(=O)(Oc3ccc(CP4(=O)Oc5ccccc5-c5ccccc54)cc3)c3ccccc3)cc2)Oc2ccccc2-c2ccccc21,9.833026278334682,0.0,0.0,0.0,5.944133274215103,False,True,"Parent=TRAIN_080 (DOPO-PPO); Change=Added disiloxane at aromatic atom 53.; Attachment=peripheral_aromatic; One-factor computational analogue. Parent_Tanimoto_r3=0.724; Max_Train_Tanimoto_r3=0.724; Risk=none. Synthesis route, regioselectivity, stability, equivalent balance and EP compatibility require manual review.",True,True,True,True,eligible,2,1.0,0.0,0.0,0.0,1.0,0.0,Candidate
LIB_0370,CAND_R2_211,DOPO-PPO-glycidyloxy,O=P(Oc1ccc(C(O)P2(=O)Oc3ccccc3-c3ccccc32)cc1)(Oc1ccc(C(O)P2(=O)Oc3ccccc3-c3ccccc32)cc1)c1ccc(OCC2CO2)cc1,O=P(Oc1ccc(C(O)P2(=O)Oc3ccccc3-c3ccccc32)cc1)(Oc1ccc(C(O)P2(=O)Oc3ccccc3-c3ccccc32)cc1)c1ccc(OCC2CO2)cc1,,DOPO-based (Co-curing),Designed,designed,P-only,2,aryl-glycidyl-ether,epoxy,Co-curing,B,870.7239999999999,O=P1(Cc2ccc(OP(=O)(Oc3ccc(CP4(=O)Oc5ccccc5-c5ccccc54)cc3)c3ccc(OCC4CO4)cc3)cc2)Oc2ccccc2-c2ccccc21,10.671808747662864,0.0,0.0,0.0,0.0,False,True,"Parent=TRAIN_080 (DOPO-PPO); Change=Added glycidyloxy at aromatic atom 53.; Attachment=peripheral_aromatic; One-factor computational analogue. Parent_Tanimoto_r3=0.716; Max_Train_Tanimoto_r3=0.716; Risk=none. Synthesis route, regioselectivity, stability, equivalent balance and EP compatibility require manual review.",True,True,True,True,eligible,2,1.0,0.0,0.0,0.0,0.0,2.0,Candidate
LIB_0371,CAND_R2_212,DOPO-PPO-diaminotriazine,Nc1nc(N)nc(-c2ccc(P(=O)(Oc3ccc(C(O)P4(=O)Oc5ccccc5-c5ccccc54)cc3)Oc3ccc(C(O)P4(=O)Oc5ccccc5-c5ccccc54)cc3)cc2)n1,Nc1nc(N)nc(-c2ccc(P(=O)(Oc3ccc(C(O)P4(=O)Oc5ccccc5-c5ccccc54)cc3)Oc3ccc(C(O)P4(=O)Oc5ccccc5-c5ccccc54)cc3)cc2)n1,,DOPO-based (Co-curing),Designed,designed,P-N,2,"diamino-1,3,5-triazine",NH2,Co-curing,B,907.7530000000003,O=P1(Cc2ccc(OP(=O)(Oc3ccc(CP4(=O)Oc5ccccc5-c5ccccc54)cc3)c3ccc(-c4ncncn4)cc3)cc2)Oc2ccccc2-c2ccccc21,10.236485035026044,7.715204466413218,0.0,0.0,0.0,False,True,"Parent=TRAIN_080 (DOPO-PPO); Change=Added diaminotriazine at aromatic atom 53.; Attachment=peripheral_aromatic; One-factor computational analogue. Parent_Tanimoto_r3=0.692; Max_Train_Tanimoto_r3=0.692; Risk=candidate may be outside strict in-domain threshold. Synthesis route, regioselectivity, stability, equivalent balance and EP compatibility require manual review.",True,True,True,True,eligible,2,1.0,1.0,0.0,0.0,0.0,2.0,Candidate
LIB_0372,CAND_R2_213,DOPO-PPO-piperazine,O=P(Oc1ccc(C(O)P2(=O)Oc3ccccc3-c3ccccc32)cc1)(Oc1ccc(C(O)P2(=O)Oc3ccccc3-c3ccccc32)cc1)c1ccc(N2CCNCC2)cc1,O=P(Oc1ccc(C(O)P2(=O)Oc3ccccc3-c3ccccc32)cc1)(Oc1ccc(C(O)P2(=O)Oc3ccccc3-c3ccccc32)cc1)c1ccc(N2CCNCC2)cc1,,DOPO-based (Co-curing),Designed,designed,P-N,2,piperazine,NH,Co-curing,B,882.7829999999997,O=P1(Cc2ccc(OP(=O)(Oc3ccc(CP4(=O)Oc5ccccc5-c5ccccc54)cc3)c3ccc(N4CCNCC4)cc3)cc2)Oc2ccccc2-c2ccccc21,10.526029613166545,3.173373297854627,0.0,0.0,0.0,False,True,"Parent=TRAIN_080 (DOPO-PPO); Change=Added piperazine at aromatic atom 53.; Attachment=peripheral_aromatic; One-factor computational analogue. Parent_Tanimoto_r3=0.685; Max_Train_Tanimoto_r3=0.685; Risk=candidate may be outside strict in-domain threshold. Synthesis route, regioselectivity, stability, equivalent balance and EP compatibility require manual review.",True,True,True,True,eligible,2,1.0,1.0,0.0,0.0,0.0,2.0,Candidate
LIB_0373,CAND_R2_214,DOPO-PPO-benzamide-linker,O=C(Nc1ccc(P(=O)(Oc2ccc(C(O)P3(=O)Oc4ccccc4-c4ccccc43)cc2)Oc2ccc(C(O)P3(=O)Oc4ccccc4-c4ccccc43)cc2)cc1)c1ccccc1,O=C(Nc1ccc(P(=O)(Oc2ccc(C(O)P3(=O)Oc4ccccc4-c4ccccc43)cc2)Oc2ccc(C(O)P3(=O)Oc4ccccc4-c4ccccc43)cc2)cc1)c1ccccc1,,DOPO-based (additive),Designed,designed,P-N,2,benzamide,amide,Additive,B,917.7840000000003,O=C(Nc1ccc(P(=O)(Oc2ccc(CP3(=O)Oc4ccccc4-c4ccccc43)cc2)Oc2ccc(CP3(=O)Oc4ccccc4-c4ccccc43)cc2)cc1)c1ccccc1,10.12460448210036,1.526176093721398,0.0,0.0,0.0,False,True,"Parent=TRAIN_080 (DOPO-PPO); Change=Added benzamide_linker at aromatic atom 53.; Attachment=peripheral_aromatic; One-factor computational analogue. Parent_Tanimoto_r3=0.742; Max_Train_Tanimoto_r3=0.742; Risk=none. Synthesis route, regioselectivity, stability, equivalent balance and EP compatibility require manual review.",True,True,True,True,eligible,2,1.0,1.0,0.0,0.0,0.0,0.0,Candidate
LIB_0374,CAND_R2_215,DOPO-PPO-phenyl,O=P(Oc1ccc(C(O)P2(=O)Oc3ccccc3-c3ccccc32)cc1)(Oc1ccc(C(O)P2(=O)Oc3ccccc3-c3ccccc32)cc1)c1ccc(-c2ccccc2)cc1,O=P(Oc1ccc(C(O)P2(=O)Oc3ccccc3-c3ccccc32)cc1)(Oc1ccc(C(O)P2(=O)Oc3ccccc3-c3ccccc32)cc1)c1ccc(-c2ccccc2)cc1,,DOPO-based (additive),Designed,designed,P-only,2,phenyl,none,Additive,B,874.759,O=P1(Cc2ccc(OP(=O)(Oc3ccc(CP4(=O)Oc5ccccc5-c5ccccc54)cc3)c3ccc(-c4ccccc4)cc3)cc2)Oc2ccccc2-c2ccccc21,10.622582905691738,0.0,0.0,0.0,0.0,False,True,"Parent=TRAIN_080 (DOPO-PPO); Change=Added phenyl at aromatic atom 53.; Attachment=peripheral_aromatic; One-factor computational analogue. Parent_Tanimoto_r3=0.802; Max_Train_Tanimoto_r3=0.802; Risk=none. Synthesis route, regioselectivity, stability, equivalent balance and EP compatibility require manual review.",True,True,True,True,eligible,2,1.0,0.0,0.0,0.0,0.0,0.0,Candidate
LIB_0375,CAND_R2_216,DOPO-PPO-biphenyl,O=P(Oc1ccc(C(O)P2(=O)Oc3ccccc3-c3ccccc32)cc1)(Oc1ccc(C(O)P2(=O)Oc3ccccc3-c3ccccc32)cc1)c1ccc(-c2ccc(-c3ccccc3)cc2)cc1,O=P(Oc1ccc(C(O)P2(=O)Oc3ccccc3-c3ccccc32)cc1)(Oc1ccc(C(O)P2(=O)Oc3ccccc3-c3ccccc32)cc1)c1ccc(-c2ccc(-c3ccccc3)cc2)cc1,,DOPO-based (additive),Designed,designed,P-only,2,biphenyl,none,Additive,B,950.857,O=P1(Cc2ccc(OP(=O)(Oc3ccc(CP4(=O)Oc5ccccc5-c5ccccc54)cc3)c3ccc(-c4ccc(-c5ccccc5)cc4)cc3)cc2)Oc2ccccc2-c2ccccc21,9.772447381677791,0.0,0.0,0.0,0.0,False,True,"Parent=TRAIN_080 (DOPO-PPO); Change=Added biphenyl at aromatic atom 53.; Attachment=peripheral_aromatic; One-factor computational analogue. Parent_Tanimoto_r3=0.793; Max_Train_Tanimoto_r3=0.793; Risk=none. Synthesis route, regioselectivity, stability, equivalent balance and EP compatibility require manual review.",True,True,True,True,eligible,2,1.0,0.0,0.0,0.0,0.0,0.0,Candidate
LIB_0376,CAND_R2_217,DOPO-PPO-OH-glycidyl-all,O=P(Oc1ccc(C(OCC2CO2)P2(=O)Oc3ccccc3-c3ccccc32)cc1)(Oc1ccc(C(OCC2CO2)P2(=O)Oc3ccccc3-c3ccccc32)cc1)c1ccccc1,O=P(Oc1ccc(C(OCC2CO2)P2(=O)Oc3ccccc3-c3ccccc32)cc1)(Oc1ccc(C(OCC2CO2)P2(=O)Oc3ccccc3-c3ccccc32)cc1)c1ccccc1,,DOPO-based (Co-curing),Designed,designed,P-only,2,OH-to-glycidyl-ether-all,epoxy,Co-curing,B,910.7890000000001,O=P(Oc1ccc(C(OCC2CO2)P2(=O)Oc3ccccc3-c3ccccc32)cc1)(Oc1ccc(C(OCC2CO2)P2(=O)Oc3ccccc3-c3ccccc32)cc1)c1ccccc1,10.202363006140827,0.0,0.0,0.0,0.0,False,True,"Parent=TRAIN_080 (DOPO-PPO); Change=Converted one OH group to a glycidyl ether. Converted all OH groups.; Attachment=all_OH; One-factor computational analogue. Parent_Tanimoto_r3=0.620; Max_Train_Tanimoto_r3=0.620; Risk=large structural change from parent; candidate may be outside strict in-domain threshold. Synthesis route, regioselectivity, stability, equivalent balance and EP compatibility require manual review.",True,True,True,True,eligible,2,1.0,0.0,0.0,0.0,0.0,2.0,Candidate
LIB_0377,CAND_R2_218,DOPO-PPO-OH-methyl,COC(c1ccc(OP(=O)(Oc2ccc(C(O)P3(=O)Oc4ccccc4-c4ccccc43)cc2)c2ccccc2)cc1)P1(=O)Oc2ccccc2-c2ccccc21,COC(c1ccc(OP(=O)(Oc2ccc(C(O)P3(=O)Oc4ccccc4-c4ccccc43)cc2)c2ccccc2)cc1)P1(=O)Oc2ccccc2-c2ccccc21,,DOPO-based (additive),Designed,designed,P-only,2,OH-to-methyl-ether,none,Additive,B,812.6880000000003,O=P1(Cc2ccc(OP(=O)(Oc3ccc(CP4(=O)Oc5ccccc5-c5ccccc54)cc3)c3ccccc3)cc2)Oc2ccccc2-c2ccccc21,11.433908215699008,0.0,0.0,0.0,0.0,False,True,"Parent=TRAIN_080 (DOPO-PPO); Change=Converted one OH group to a methyl ether. Regioisomer 1.; Attachment=OH_site_1; One-factor computational analogue. Parent_Tanimoto_r3=0.841; Max_Train_Tanimoto_r3=0.841; Risk=none. Synthesis route, regioselectivity, stability, equivalent balance and EP compatibility require manual review.",True,True,True,True,eligible,2,1.0,0.0,0.0,0.0,0.0,0.0,Candidate
LIB_0378,CAND_R2_219,DOPO-PPO-OH-methyl-all,COC(c1ccc(OP(=O)(Oc2ccc(C(OC)P3(=O)Oc4ccccc4-c4ccccc43)cc2)c2ccccc2)cc1)P1(=O)Oc2ccccc2-c2ccccc21,COC(c1ccc(OP(=O)(Oc2ccc(C(OC)P3(=O)Oc4ccccc4-c4ccccc43)cc2)c2ccccc2)cc1)P1(=O)Oc2ccccc2-c2ccccc21,,DOPO-based (additive),Designed,designed,P-only,2,OH-to-methyl-ether-all,none,Additive,B,826.7150000000003,O=P1(Cc2ccc(OP(=O)(Oc3ccc(CP4(=O)Oc5ccccc5-c5ccccc54)cc3)c3ccccc3)cc2)Oc2ccccc2-c2ccccc21,11.239907344127053,0.0,0.0,0.0,0.0,False,True,"Parent=TRAIN_080 (DOPO-PPO); Change=Converted one OH group to a methyl ether. Converted all OH groups.; Attachment=all_OH; One-factor computational analogue. Parent_Tanimoto_r3=0.695; Max_Train_Tanimoto_r3=0.695; Risk=candidate may be outside strict in-domain threshold. Synthesis route, regioselectivity, stability, equivalent balance and EP compatibility require manual review.",True,True,True,True,eligible,2,1.0,0.0,0.0,0.0,0.0,0.0,Candidate
LIB_0379,CAND_R2_220,DOPO-PPO-OH-acetyl,CC(=O)OC(c1ccc(OP(=O)(Oc2ccc(C(O)P3(=O)Oc4ccccc4-c4ccccc43)cc2)c2ccccc2)cc1)P1(=O)Oc2ccccc2-c2ccccc21,CC(=O)OC(c1ccc(OP(=O)(Oc2ccc(C(O)P3(=O)Oc4ccccc4-c4ccccc43)cc2)c2ccccc2)cc1)P1(=O)Oc2ccccc2-c2ccccc21,,DOPO-based (additive),Designed,designed,P-only,2,OH-to-acetate,none,Additive,B,840.6980000000002,O=P1(Cc2ccc(OP(=O)(Oc3ccc(CP4(=O)Oc5ccccc5-c5ccccc54)cc3)c3ccccc3)cc2)Oc2ccccc2-c2ccccc21,11.052958375064525,0.0,0.0,0.0,0.0,False,True,"Parent=TRAIN_080 (DOPO-PPO); Change=Converted one OH group to an acetate. Regioisomer 1.; Attachment=OH_site_1; One-factor computational analogue. Parent_Tanimoto_r3=0.812; Max_Train_Tanimoto_r3=0.812; Risk=none. Synthesis route, regioselectivity, stability, equivalent balance and EP compatibility require manual review.",True,True,True,True,eligible,2,1.0,0.0,0.0,0.0,0.0,0.0,Candidate
LIB_0380,CAND_R2_221,DOPO-PPO-OH-acetyl-all,CC(=O)OC(c1ccc(OP(=O)(Oc2ccc(C(OC(C)=O)P3(=O)Oc4ccccc4-c4ccccc43)cc2)c2ccccc2)cc1)P1(=O)Oc2ccccc2-c2ccccc21,CC(=O)OC(c1ccc(OP(=O)(Oc2ccc(C(OC(C)=O)P3(=O)Oc4ccccc4-c4ccccc43)cc2)c2ccccc2)cc1)P1(=O)Oc2ccccc2-c2ccccc21,,DOPO-based (additive),Designed,designed,P-only,2,OH-to-acetate-all,none,Additive,B,882.7350000000002,O=P1(Cc2ccc(OP(=O)(Oc3ccc(CP4(=O)Oc5ccccc5-c5ccccc54)cc3)c3ccccc3)cc2)Oc2ccccc2-c2ccccc21,10.526601981342075,0.0,0.0,0.0,0.0,False,True,"Parent=TRAIN_080 (DOPO-PPO); Change=Converted one OH group to an acetate. Converted all OH groups.; Attachment=all_OH; One-factor computational analogue. Parent_Tanimoto_r3=0.694; Max_Train_Tanimoto_r3=0.694; Risk=candidate may be outside strict in-domain threshold. Synthesis route, regioselectivity, stability, equivalent balance and EP compatibility require manual review.",True,True,True,True,eligible,2,1.0,0.0,0.0,0.0,0.0,0.0,Candidate
LIB_0381,CAND_R2_222,DOPO-PPO-OH-allyl,C=CCOC(c1ccc(OP(=O)(Oc2ccc(C(O)P3(=O)Oc4ccccc4-c4ccccc43)cc2)c2ccccc2)cc1)P1(=O)Oc2ccccc2-c2ccccc21,C=CCOC(c1ccc(OP(=O)(Oc2ccc(C(O)P3(=O)Oc4ccccc4-c4ccccc43)cc2)c2ccccc2)cc1)P1(=O)Oc2ccccc2-c2ccccc21,,DOPO-based (additive),Designed,designed,P-only,2,OH-to-allyl-ether,allyl,Additive,B,838.7260000000002,O=P1(Cc2ccc(OP(=O)(Oc3ccc(CP4(=O)Oc5ccccc5-c5ccccc54)cc3)c3ccccc3)cc2)Oc2ccccc2-c2ccccc21,11.078945925129299,0.0,0.0,0.0,0.0,False,True,"Parent=TRAIN_080 (DOPO-PPO); Change=Converted one OH group to an allyl ether; no EP reactivity is assumed. Regioisomer 1.; Attachment=OH_site_1; One-factor computational analogue. Parent_Tanimoto_r3=0.758; Max_Train_Tanimoto_r3=0.758; Risk=none. Synthesis route, regioselectivity, stability, equivalent balance and EP compatibility require manual review.",True,True,True,True,eligible,2,1.0,0.0,0.0,0.0,0.0,0.0,Candidate
LIB_0382,CAND_R2_223,DOPO-PPO-OH-allyl-all,C=CCOC(c1ccc(OP(=O)(Oc2ccc(C(OCC=C)P3(=O)Oc4ccccc4-c4ccccc43)cc2)c2ccccc2)cc1)P1(=O)Oc2ccccc2-c2ccccc21,C=CCOC(c1ccc(OP(=O)(Oc2ccc(C(OCC=C)P3(=O)Oc4ccccc4-c4ccccc43)cc2)c2ccccc2)cc1)P1(=O)Oc2ccccc2-c2ccccc21,,DOPO-based (additive),Designed,designed,P-only,2,OH-to-allyl-ether-all,allyl,Additive,B,878.7910000000003,O=P1(Cc2ccc(OP(=O)(Oc3ccc(CP4(=O)Oc5ccccc5-c5ccccc54)cc3)c3ccccc3)cc2)Oc2ccccc2-c2ccccc21,10.573845203239445,0.0,0.0,0.0,0.0,False,True,"Parent=TRAIN_080 (DOPO-PPO); Change=Converted one OH group to an allyl ether; no EP reactivity is assumed. Converted all OH groups.; Attachment=all_OH; One-factor computational analogue. Parent_Tanimoto_r3=0.626; Max_Train_Tanimoto_r3=0.626; Risk=large structural change from parent; candidate may be outside strict in-domain threshold. Synthesis route, regioselectivity, stability, equivalent balance and EP compatibility require manual review.",True,True,True,True,eligible,2,1.0,0.0,0.0,0.0,0.0,0.0,Candidate
LIB_0383,CAND_R2_224,PAD-amino,Nc1ccc2nc(NC(c3ccc(OP(=O)(Oc4ccc(C(Nc5nc6ccccc6s5)P5(=O)Oc6ccccc6-c6ccccc65)cc4)c4ccccc4)cc3)P3(=O)Oc4ccccc4-c4ccccc43)sc2c1,Nc1ccc2nc(NC(c3ccc(OP(=O)(Oc4ccc(C(Nc5nc6ccccc6s5)P5(=O)Oc6ccccc6-c6ccccc65)cc4)c4ccccc4)cc3)P3(=O)Oc4ccccc4-c4ccccc43)sc2c1,,DOPO-based (Co-curing),Designed,designed,P-N-S,2,aryl-amino,NH2,Co-curing,B,1078.058,O=P(Oc1ccc(C(Nc2nc3ccccc3s2)P2(=O)Oc3ccccc3-c3ccccc32)cc1)(Oc1ccc(C(Nc2nc3ccccc3s2)P2(=O)Oc3ccccc3-c3ccccc32)cc1)c1ccccc1,8.619387825144843,6.4964037185383345,5.949030571639002,0.0,0.0,False,True,"Parent=TRAIN_055 (PAD); Change=Added amino at aromatic atom 47.; Attachment=peripheral_aromatic; One-factor computational analogue. Parent_Tanimoto_r3=0.849; Max_Train_Tanimoto_r3=0.849; Risk=none. Synthesis route, regioselectivity, stability, equivalent balance and EP compatibility require manual review.",True,True,True,True,eligible,2,1.0,1.0,1.0,0.0,0.0,2.0,Candidate
LIB_0384,CAND_R2_225,PAD-hydroxy,O=P(Oc1ccc(C(Nc2nc3ccccc3s2)P2(=O)Oc3ccccc3-c3ccccc32)cc1)(Oc1ccc(C(Nc2nc3ccc(O)cc3s2)P2(=O)Oc3ccccc3-c3ccccc32)cc1)c1ccccc1,O=P(Oc1ccc(C(Nc2nc3ccccc3s2)P2(=O)Oc3ccccc3-c3ccccc32)cc1)(Oc1ccc(C(Nc2nc3ccc(O)cc3s2)P2(=O)Oc3ccccc3-c3ccccc32)cc1)c1ccccc1,,DOPO-based (additive),Designed,designed,P-N-S,2,aryl-hydroxy,OH,Additive,B,1079.0420000000001,O=P(Oc1ccc(C(Nc2nc3ccccc3s2)P2(=O)Oc3ccccc3-c3ccccc32)cc1)(Oc1ccc(C(Nc2nc3ccccc3s2)P2(=O)Oc3ccccc3-c3ccccc32)cc1)c1ccccc1,8.611527632844687,5.192383614354213,5.943605531573376,0.0,0.0,False,True,"Parent=TRAIN_055 (PAD); Change=Added hydroxy at aromatic atom 47.; Attachment=peripheral_aromatic; One-factor computational analogue. Parent_Tanimoto_r3=0.857; Max_Train_Tanimoto_r3=0.857; Risk=none. Synthesis route, regioselectivity, stability, equivalent balance and EP compatibility require manual review.",True,True,True,True,eligible,2,1.0,1.0,1.0,0.0,0.0,0.0,Candidate
LIB_0385,CAND_R2_226,PAD-hydroxymethyl,O=P(Oc1ccc(C(Nc2nc3ccccc3s2)P2(=O)Oc3ccccc3-c3ccccc32)cc1)(Oc1ccc(C(Nc2nc3ccc(CO)cc3s2)P2(=O)Oc3ccccc3-c3ccccc32)cc1)c1ccccc1,O=P(Oc1ccc(C(Nc2nc3ccccc3s2)P2(=O)Oc3ccccc3-c3ccccc32)cc1)(Oc1ccc(C(Nc2nc3ccc(CO)cc3s2)P2(=O)Oc3ccccc3-c3ccccc32)cc1)c1ccccc1,,DOPO-based (additive),Designed,designed,P-N-S,2,aryl-hydroxymethyl,CH2OH,Additive,B,1093.069,O=P(Oc1ccc(C(Nc2nc3ccccc3s2)P2(=O)Oc3ccccc3-c3ccccc32)cc1)(Oc1ccc(C(Nc2nc3ccccc3s2)P2(=O)Oc3ccccc3-c3ccccc32)cc1)c1ccccc1,8.501018691409234,5.125751439296147,5.867333169269277,0.0,0.0,False,True,"Parent=TRAIN_055 (PAD); Change=Added hydroxymethyl at aromatic atom 47.; Attachment=peripheral_aromatic; One-factor computational analogue. Parent_Tanimoto_r3=0.833; Max_Train_Tanimoto_r3=0.833; Risk=none. Synthesis route, regioselectivity, stability, equivalent balance and EP compatibility require manual review.",True,True,True,True,eligible,2,1.0,1.0,1.0,0.0,0.0,0.0,Candidate
LIB_0386,CAND_R2_227,PAD-carboxamide,NC(=O)c1ccc2nc(NC(c3ccc(OP(=O)(Oc4ccc(C(Nc5nc6ccccc6s5)P5(=O)Oc6ccccc6-c6ccccc65)cc4)c4ccccc4)cc3)P3(=O)Oc4ccccc4-c4ccccc43)sc2c1,NC(=O)c1ccc2nc(NC(c3ccc(OP(=O)(Oc4ccc(C(Nc5nc6ccccc6s5)P5(=O)Oc6ccccc6-c6ccccc65)cc4)c4ccccc4)cc3)P3(=O)Oc4ccccc4-c4ccccc43)sc2c1,,DOPO-based (additive),Designed,designed,P-N-S,2,aryl-carboxamide,amide,Additive,B,1106.0680000000002,O=P(Oc1ccc(C(Nc2nc3ccccc3s2)P2(=O)Oc3ccccc3-c3ccccc32)cc1)(Oc1ccc(C(Nc2nc3ccccc3s2)P2(=O)Oc3ccccc3-c3ccccc32)cc1)c1ccccc1,8.401110962436304,6.331889178603846,5.798377676598544,0.0,0.0,False,True,"Parent=TRAIN_055 (PAD); Change=Added carboxamide at aromatic atom 47.; Attachment=peripheral_aromatic; One-factor computational analogue. Parent_Tanimoto_r3=0.818; Max_Train_Tanimoto_r3=0.818; Risk=none. Synthesis route, regioselectivity, stability, equivalent balance and EP compatibility require manual review.",True,True,True,True,eligible,2,1.0,1.0,1.0,0.0,0.0,0.0,Candidate
LIB_0387,CAND_R2_228,PAD-boronic-acid,O=P(Oc1ccc(C(Nc2nc3ccccc3s2)P2(=O)Oc3ccccc3-c3ccccc32)cc1)(Oc1ccc(C(Nc2nc3ccc(B(O)O)cc3s2)P2(=O)Oc3ccccc3-c3ccccc32)cc1)c1ccccc1,O=P(Oc1ccc(C(Nc2nc3ccccc3s2)P2(=O)Oc3ccccc3-c3ccccc32)cc1)(Oc1ccc(C(Nc2nc3ccc(B(O)O)cc3s2)P2(=O)Oc3ccccc3-c3ccccc32)cc1)c1ccccc1,,DOPO-based (additive),Designed,designed,P-N-B-S,2,aryl-boronic-acid,B(OH)2,Additive,B,1106.861,O=P(Oc1ccc(C(Nc2nc3ccccc3s2)P2(=O)Oc3ccccc3-c3ccccc32)cc1)(Oc1ccc(C(Nc2nc3ccccc3s2)P2(=O)Oc3ccccc3-c3ccccc32)cc1)c1ccccc1,8.395092066664196,5.061882205624735,5.794223484249602,0.9768164204900163,0.0,False,True,"Parent=TRAIN_055 (PAD); Change=Added boronic_acid at aromatic atom 47.; Attachment=peripheral_aromatic; One-factor computational analogue. Parent_Tanimoto_r3=0.826; Max_Train_Tanimoto_r3=0.826; Risk=none. Synthesis route, regioselectivity, stability, equivalent balance and EP compatibility require manual review.",True,True,True,True,eligible,2,1.0,1.0,1.0,1.0,0.0,0.0,Candidate
LIB_0388,CAND_R2_229,PAD-pinacol-boronate,CC1(C)OB(c2ccc3nc(NC(c4ccc(OP(=O)(Oc5ccc(C(Nc6nc7ccccc7s6)P6(=O)Oc7ccccc7-c7ccccc76)cc5)c5ccccc5)cc4)P4(=O)Oc5ccccc5-c5ccccc54)sc3c2)OC1(C)C,CC1(C)OB(c2ccc3nc(NC(c4ccc(OP(=O)(Oc5ccc(C(Nc6nc7ccccc7s6)P6(=O)Oc7ccccc7-c7ccccc76)cc5)c5ccccc5)cc4)P4(=O)Oc5ccccc5-c5ccccc54)sc3c2)OC1(C)C,,DOPO-based (additive),Designed,designed,P-N-B-S,2,aryl-pinacol-boronate,pinacol boronate,Additive,B,1189.0069999999998,O=P(Oc1ccc(C(Nc2nc3ccccc3s2)P2(=O)Oc3ccccc3-c3ccccc32)cc1)(Oc1ccc(C(Nc2nc3ccc(B4OCCO4)cc3s2)P2(=O)Oc3ccccc3-c3ccccc32)cc1)c1ccccc1,7.815092762279785,4.712167380007015,5.393912735585241,0.9093302226143329,0.0,False,True,"Parent=TRAIN_055 (PAD); Change=Added pinacol_boronate at aromatic atom 47.; Attachment=peripheral_aromatic; One-factor computational analogue. Parent_Tanimoto_r3=0.769; Max_Train_Tanimoto_r3=0.769; Risk=none. Synthesis route, regioselectivity, stability, equivalent balance and EP compatibility require manual review.",True,True,True,True,eligible,2,1.0,1.0,1.0,1.0,0.0,0.0,Candidate
LIB_0389,CAND_R2_230,PAD-trimethoxysilyl,CO[Si](OC)(OC)c1ccc2nc(NC(c3ccc(OP(=O)(Oc4ccc(C(Nc5nc6ccccc6s5)P5(=O)Oc6ccccc6-c6ccccc65)cc4)c4ccccc4)cc3)P3(=O)Oc4ccccc4-c4ccccc43)sc2c1,CO[Si](OC)(OC)c1ccc2nc(NC(c3ccc(OP(=O)(Oc4ccc(C(Nc5nc6ccccc6s5)P5(=O)Oc6ccccc6-c6ccccc65)cc4)c4ccccc4)cc3)P3(=O)Oc4ccccc4-c4ccccc43)sc2c1,,DOPO-based (additive+ Secondary Crosslinking),Designed,designed,P-N-Si-S,2,aryl-trimethoxysilyl,Si(OCH3)3,Additive + Secondary Crosslinking,B,1183.2230000000002,O=P(Oc1ccc(C(Nc2nc3ccccc3s2)P2(=O)Oc3ccccc3-c3ccccc32)cc1)(Oc1ccc(C(Nc2nc3ccccc3s2)P2(=O)Oc3ccccc3-c3ccccc32)cc1)c1ccccc1,7.853295617140638,4.735202070953657,5.420280031743804,0.0,2.373686109887992,False,True,"Parent=TRAIN_055 (PAD); Change=Added trimethoxysilyl at aromatic atom 47.; Attachment=peripheral_aromatic; One-factor computational analogue. Parent_Tanimoto_r3=0.811; Max_Train_Tanimoto_r3=0.811; Risk=none. Synthesis route, regioselectivity, stability, equivalent balance and EP compatibility require manual review.",True,True,True,True,eligible,2,1.0,1.0,1.0,0.0,1.0,3.0,Candidate
LIB_0390,CAND_R2_231,PAD-triethoxysilyl,CCO[Si](OCC)(OCC)c1ccc2nc(NC(c3ccc(OP(=O)(Oc4ccc(C(Nc5nc6ccccc6s5)P5(=O)Oc6ccccc6-c6ccccc65)cc4)c4ccccc4)cc3)P3(=O)Oc4ccccc4-c4ccccc43)sc2c1,CCO[Si](OCC)(OCC)c1ccc2nc(NC(c3ccc(OP(=O)(Oc4ccc(C(Nc5nc6ccccc6s5)P5(=O)Oc6ccccc6-c6ccccc65)cc4)c4ccccc4)cc3)P3(=O)Oc4ccccc4-c4ccccc43)sc2c1,,DOPO-based (additive+ Secondary Crosslinking),Designed,designed,P-N-Si-S,2,aryl-triethoxysilyl,Si(OC2H5)3,Additive + Secondary Crosslinking,B,1225.3040000000003,O=P(Oc1ccc(C(Nc2nc3ccccc3s2)P2(=O)Oc3ccccc3-c3ccccc32)cc1)(Oc1ccc(C(Nc2nc3ccccc3s2)P2(=O)Oc3ccccc3-c3ccccc32)cc1)c1ccccc1,7.583587419938233,4.572579539444904,5.234129652722914,0.0,2.292165862512486,False,True,"Parent=TRAIN_055 (PAD); Change=Added triethoxysilyl at aromatic atom 47.; Attachment=peripheral_aromatic; One-factor computational analogue. Parent_Tanimoto_r3=0.789; Max_Train_Tanimoto_r3=0.789; Risk=high molecular weight. Synthesis route, regioselectivity, stability, equivalent balance and EP compatibility require manual review.",True,True,True,True,eligible,2,1.0,1.0,1.0,0.0,1.0,3.0,Candidate
LIB_0391,CAND_R2_232,PAD-disiloxane,C[Si](C)(C)O[Si](C)(C)c1ccc2nc(NC(c3ccc(OP(=O)(Oc4ccc(C(Nc5nc6ccccc6s5)P5(=O)Oc6ccccc6-c6ccccc65)cc4)c4ccccc4)cc3)P3(=O)Oc4ccccc4-c4ccccc43)sc2c1,C[Si](C)(C)O[Si](C)(C)c1ccc2nc(NC(c3ccc(OP(=O)(Oc4ccc(C(Nc5nc6ccccc6s5)P5(=O)Oc6ccccc6-c6ccccc65)cc4)c4ccccc4)cc3)P3(=O)Oc4ccccc4-c4ccccc43)sc2c1,,DOPO-based (additive),Designed,designed,P-N-Si-S,2,short-disiloxane,none,Additive,B,1209.3810000000003,O=P(Oc1ccc(C(Nc2nc3ccccc3s2)P2(=O)Oc3ccccc3-c3ccccc32)cc1)(Oc1ccc(C(Nc2nc3ccccc3s2)P2(=O)Oc3ccccc3-c3ccccc32)cc1)c1ccccc1,7.683434748850855,4.632783217199542,5.30304345776889,0.0,4.644690134870648,False,True,"Parent=TRAIN_055 (PAD); Change=Added disiloxane at aromatic atom 47.; Attachment=peripheral_aromatic; One-factor computational analogue. Parent_Tanimoto_r3=0.796; Max_Train_Tanimoto_r3=0.796; Risk=high molecular weight. Synthesis route, regioselectivity, stability, equivalent balance and EP compatibility require manual review.",True,True,True,True,eligible,2,1.0,1.0,1.0,0.0,1.0,0.0,Candidate
LIB_0392,CAND_R2_233,PAD-glycidyloxy,O=P(Oc1ccc(C(Nc2nc3ccccc3s2)P2(=O)Oc3ccccc3-c3ccccc32)cc1)(Oc1ccc(C(Nc2nc3ccc(OCC4CO4)cc3s2)P2(=O)Oc3ccccc3-c3ccccc32)cc1)c1ccccc1,O=P(Oc1ccc(C(Nc2nc3ccccc3s2)P2(=O)Oc3ccccc3-c3ccccc32)cc1)(Oc1ccc(C(Nc2nc3ccc(OCC4CO4)cc3s2)P2(=O)Oc3ccccc3-c3ccccc32)cc1)c1ccccc1,,DOPO-based (Co-curing),Designed,designed,P-N-S,2,aryl-glycidyl-ether,epoxy,Co-curing,B,1135.106,O=P(Oc1ccc(C(Nc2nc3ccccc3s2)P2(=O)Oc3ccccc3-c3ccccc32)cc1)(Oc1ccc(C(Nc2nc3ccc(OCC4CO4)cc3s2)P2(=O)Oc3ccccc3-c3ccccc32)cc1)c1ccccc1,8.186195826645264,4.935926688785012,5.650045017822124,0.0,0.0,False,True,"Parent=TRAIN_055 (PAD); Change=Added glycidyloxy at aromatic atom 47.; Attachment=peripheral_aromatic; One-factor computational analogue. Parent_Tanimoto_r3=0.776; Max_Train_Tanimoto_r3=0.776; Risk=none. Synthesis route, regioselectivity, stability, equivalent balance and EP compatibility require manual review.",True,True,True,True,eligible,2,1.0,1.0,1.0,0.0,0.0,2.0,Candidate
LIB_0393,CAND_R2_234,PAD-diaminotriazine,Nc1nc(N)nc(-c2ccc3nc(NC(c4ccc(OP(=O)(Oc5ccc(C(Nc6nc7ccccc7s6)P6(=O)Oc7ccccc7-c7ccccc76)cc5)c5ccccc5)cc4)P4(=O)Oc5ccccc5-c5ccccc54)sc3c2)n1,Nc1nc(N)nc(-c2ccc3nc(NC(c4ccc(OP(=O)(Oc5ccc(C(Nc6nc7ccccc7s6)P6(=O)Oc7ccccc7-c7ccccc76)cc5)c5ccccc5)cc4)P4(=O)Oc5ccccc5-c5ccccc54)sc3c2)n1,,DOPO-based (Co-curing),Designed,designed,P-N-S,2,"diamino-1,3,5-triazine",NH2,Co-curing,B,1172.1350000000002,O=P(Oc1ccc(C(Nc2nc3ccccc3s2)P2(=O)Oc3ccccc3-c3ccccc32)cc1)(Oc1ccc(C(Nc2nc3ccc(-c4ncncn4)cc3s2)P2(=O)Oc3ccccc3-c3ccccc32)cc1)c1ccccc1,7.927585133111798,10.754989826257214,5.47155404454265,0.0,0.0,False,True,"Parent=TRAIN_055 (PAD); Change=Added diaminotriazine at aromatic atom 47.; Attachment=peripheral_aromatic; One-factor computational analogue. Parent_Tanimoto_r3=0.783; Max_Train_Tanimoto_r3=0.783; Risk=none. Synthesis route, regioselectivity, stability, equivalent balance and EP compatibility require manual review.",True,True,True,True,eligible,2,1.0,1.0,1.0,0.0,0.0,2.0,Candidate
LIB_0394,CAND_R2_235,PAD-piperazine,O=P(Oc1ccc(C(Nc2nc3ccccc3s2)P2(=O)Oc3ccccc3-c3ccccc32)cc1)(Oc1ccc(C(Nc2nc3ccc(N4CCNCC4)cc3s2)P2(=O)Oc3ccccc3-c3ccccc32)cc1)c1ccccc1,O=P(Oc1ccc(C(Nc2nc3ccccc3s2)P2(=O)Oc3ccccc3-c3ccccc32)cc1)(Oc1ccc(C(Nc2nc3ccc(N4CCNCC4)cc3s2)P2(=O)Oc3ccccc3-c3ccccc32)cc1)c1ccccc1,,DOPO-based (Co-curing),Designed,designed,P-N-S,2,piperazine,NH,Co-curing,B,1147.1649999999997,O=P(Oc1ccc(C(Nc2nc3ccccc3s2)P2(=O)Oc3ccccc3-c3ccccc32)cc1)(Oc1ccc(C(Nc2nc3ccc(N4CCNCC4)cc3s2)P2(=O)Oc3ccccc3-c3ccccc32)cc1)c1ccccc1,8.100142525268815,7.326060331338563,5.590651737108438,0.0,0.0,False,True,"Parent=TRAIN_055 (PAD); Change=Added piperazine at aromatic atom 47.; Attachment=peripheral_aromatic; One-factor computational analogue. Parent_Tanimoto_r3=0.763; Max_Train_Tanimoto_r3=0.763; Risk=none. Synthesis route, regioselectivity, stability, equivalent balance and EP compatibility require manual review.",True,True,True,True,eligible,2,1.0,1.0,1.0,0.0,0.0,2.0,Candidate
LIB_0395,CAND_R2_236,PAD-benzamide-linker,O=C(Nc1ccc2nc(NC(c3ccc(OP(=O)(Oc4ccc(C(Nc5nc6ccccc6s5)P5(=O)Oc6ccccc6-c6ccccc65)cc4)c4ccccc4)cc3)P3(=O)Oc4ccccc4-c4ccccc43)sc2c1)c1ccccc1,O=C(Nc1ccc2nc(NC(c3ccc(OP(=O)(Oc4ccc(C(Nc5nc6ccccc6s5)P5(=O)Oc6ccccc6-c6ccccc65)cc4)c4ccccc4)cc3)P3(=O)Oc4ccccc4-c4ccccc43)sc2c1)c1ccccc1,,DOPO-based (additive),Designed,designed,P-N-S,2,benzamide,amide,Additive,B,1182.1660000000002,O=C(Nc1ccc2nc(NC(c3ccc(OP(=O)(Oc4ccc(C(Nc5nc6ccccc6s5)P5(=O)Oc6ccccc6-c6ccccc65)cc4)c4ccccc4)cc3)P3(=O)Oc4ccccc4-c4ccccc43)sc2c1)c1ccccc1,7.860317417350861,5.924294895979075,5.425126420485785,0.0,0.0,False,True,"Parent=TRAIN_055 (PAD); Change=Added benzamide_linker at aromatic atom 47.; Attachment=peripheral_aromatic; One-factor computational analogue. Parent_Tanimoto_r3=0.776; Max_Train_Tanimoto_r3=0.776; Risk=none. Synthesis route, regioselectivity, stability, equivalent balance and EP compatibility require manual review.",True,True,True,True,eligible,2,1.0,1.0,1.0,0.0,0.0,0.0,Candidate
LIB_0396,CAND_R2_237,PAD-phenyl,O=P(Oc1ccc(C(Nc2nc3ccccc3s2)P2(=O)Oc3ccccc3-c3ccccc32)cc1)(Oc1ccc(C(Nc2nc3ccc(-c4ccccc4)cc3s2)P2(=O)Oc3ccccc3-c3ccccc32)cc1)c1ccccc1,O=P(Oc1ccc(C(Nc2nc3ccccc3s2)P2(=O)Oc3ccccc3-c3ccccc32)cc1)(Oc1ccc(C(Nc2nc3ccc(-c4ccccc4)cc3s2)P2(=O)Oc3ccccc3-c3ccccc32)cc1)c1ccccc1,,DOPO-based (additive),Designed,designed,P-N-S,2,phenyl,none,Additive,B,1139.141,O=P(Oc1ccc(C(Nc2nc3ccccc3s2)P2(=O)Oc3ccccc3-c3ccccc32)cc1)(Oc1ccc(C(Nc2nc3ccc(-c4ccccc4)cc3s2)P2(=O)Oc3ccccc3-c3ccccc32)cc1)c1ccccc1,8.15719915269488,4.918442931998761,5.630031751995582,0.0,0.0,False,True,"Parent=TRAIN_055 (PAD); Change=Added phenyl at aromatic atom 47.; Attachment=peripheral_aromatic; One-factor computational analogue. Parent_Tanimoto_r3=0.826; Max_Train_Tanimoto_r3=0.826; Risk=none. Synthesis route, regioselectivity, stability, equivalent balance and EP compatibility require manual review.",True,True,True,True,eligible,2,1.0,1.0,1.0,0.0,0.0,0.0,Candidate
LIB_0397,CAND_R2_238,PAD-biphenyl,O=P(Oc1ccc(C(Nc2nc3ccccc3s2)P2(=O)Oc3ccccc3-c3ccccc32)cc1)(Oc1ccc(C(Nc2nc3ccc(-c4ccc(-c5ccccc5)cc4)cc3s2)P2(=O)Oc3ccccc3-c3ccccc32)cc1)c1ccccc1,O=P(Oc1ccc(C(Nc2nc3ccccc3s2)P2(=O)Oc3ccccc3-c3ccccc32)cc1)(Oc1ccc(C(Nc2nc3ccc(-c4ccc(-c5ccccc5)cc4)cc3s2)P2(=O)Oc3ccccc3-c3ccccc32)cc1)c1ccccc1,,DOPO-based (additive),Designed,designed,P-N-S,2,biphenyl,none,Additive,B,1215.239,O=P(Oc1ccc(C(Nc2nc3ccccc3s2)P2(=O)Oc3ccccc3-c3ccccc32)cc1)(Oc1ccc(C(Nc2nc3ccc(-c4ccc(-c5ccccc5)cc4)cc3s2)P2(=O)Oc3ccccc3-c3ccccc32)cc1)c1ccccc1,7.646397128466087,4.610451112908654,5.277480396860206,0.0,0.0,False,True,"Parent=TRAIN_055 (PAD); Change=Added biphenyl at aromatic atom 47.; Attachment=peripheral_aromatic; One-factor computational analogue. Parent_Tanimoto_r3=0.804; Max_Train_Tanimoto_r3=0.804; Risk=high molecular weight. Synthesis route, regioselectivity, stability, equivalent balance and EP compatibility require manual review.",True,True,True,True,eligible,2,1.0,1.0,1.0,0.0,0.0,0.0,Candidate
LIB_0398,CAND_R2_239,PAD-NH-methyl,CN(c1nc2ccccc2s1)C(c1ccc(OP(=O)(Oc2ccc(C(Nc3nc4ccccc4s3)P3(=O)Oc4ccccc4-c4ccccc43)cc2)c2ccccc2)cc1)P1(=O)Oc2ccccc2-c2ccccc21,CN(c1nc2ccccc2s1)C(c1ccc(OP(=O)(Oc2ccc(C(Nc3nc4ccccc4s3)P3(=O)Oc4ccccc4-c4ccccc43)cc2)c2ccccc2)cc1)P1(=O)Oc2ccccc2-c2ccccc21,,DOPO-based (additive),Designed,designed,P-N-S,2,N-methyl,none,Additive,B,1077.0700000000002,O=P(Oc1ccc(C(Nc2nc3ccccc3s2)P2(=O)Oc3ccccc3-c3ccccc32)cc1)(Oc1ccc(C(Nc2nc3ccccc3s2)P2(=O)Oc3ccccc3-c3ccccc32)cc1)c1ccccc1,8.627294419118533,5.201890313535795,5.954487637757991,0.0,0.0,False,True,"Parent=TRAIN_055 (PAD); Change=Methylated one free N–H site, reducing curing activity. Regioisomer 1.; Attachment=NH_site_1; One-factor computational analogue. Parent_Tanimoto_r3=0.796; Max_Train_Tanimoto_r3=0.796; Risk=none. Synthesis route, regioselectivity, stability, equivalent balance and EP compatibility require manual review.",True,True,True,True,eligible,2,1.0,1.0,1.0,0.0,0.0,0.0,Candidate
LIB_0399,CAND_R2_240,PAD-NH-methyl-all,CN(c1nc2ccccc2s1)C(c1ccc(OP(=O)(Oc2ccc(C(N(C)c3nc4ccccc4s3)P3(=O)Oc4ccccc4-c4ccccc43)cc2)c2ccccc2)cc1)P1(=O)Oc2ccccc2-c2ccccc21,CN(c1nc2ccccc2s1)C(c1ccc(OP(=O)(Oc2ccc(C(N(C)c3nc4ccccc4s3)P3(=O)Oc4ccccc4-c4ccccc43)cc2)c2ccccc2)cc1)P1(=O)Oc2ccccc2-c2ccccc21,,DOPO-based (additive),Designed,designed,P-N-S,2,N-methyl-all,none,Additive,B,1091.0970000000002,O=P(Oc1ccc(C(Nc2nc3ccccc3s2)P2(=O)Oc3ccccc3-c3ccccc32)cc1)(Oc1ccc(C(Nc2nc3ccccc3s2)P2(=O)Oc3ccccc3-c3ccccc32)cc1)c1ccccc1,8.516383053019116,5.13501549358123,5.877937525261272,0.0,0.0,False,True,"Parent=TRAIN_055 (PAD); Change=Methylated one free N–H site, reducing curing activity. Converted all N–H sites.; Attachment=all_NH; One-factor computational analogue. Parent_Tanimoto_r3=0.628; Max_Train_Tanimoto_r3=0.628; Risk=large structural change from parent; candidate may be outside strict in-domain threshold. Synthesis route, regioselectivity, stability, equivalent balance and EP compatibility require manual review.",True,True,True,True,eligible,2,1.0,1.0,1.0,0.0,0.0,0.0,Candidate
LIB_0400,CAND_R2_241,PAD-NH-hydroxyethyl,O=P(Oc1ccc(C(Nc2nc3ccccc3s2)P2(=O)Oc3ccccc3-c3ccccc32)cc1)(Oc1ccc(C(N(CCO)c2nc3ccccc3s2)P2(=O)Oc3ccccc3-c3ccccc32)cc1)c1ccccc1,O=P(Oc1ccc(C(Nc2nc3ccccc3s2)P2(=O)Oc3ccccc3-c3ccccc32)cc1)(Oc1ccc(C(N(CCO)c2nc3ccccc3s2)P2(=O)Oc3ccccc3-c3ccccc32)cc1)c1ccccc1,,DOPO-based (additive),Designed,designed,P-N-S,2,N-hydroxyethyl,OH,Additive,B,1107.096,O=P(Oc1ccc(C(Nc2nc3ccccc3s2)P2(=O)Oc3ccccc3-c3ccccc32)cc1)(Oc1ccc(C(Nc2nc3ccccc3s2)P2(=O)Oc3ccccc3-c3ccccc32)cc1)c1ccccc1,8.393310065251793,5.0608077348305835,5.792993561533959,0.0,0.0,False,True,"Parent=TRAIN_055 (PAD); Change=Introduced one hydroxyethyl substituent on an N–H site. Regioisomer 1.; Attachment=NH_site_1; One-factor computational analogue. Parent_Tanimoto_r3=0.763; Max_Train_Tanimoto_r3=0.763; Risk=none. Synthesis route, regioselectivity, stability, equivalent balance and EP compatibility require manual review.",True,True,True,True,eligible,2,1.0,1.0,1.0,0.0,0.0,0.0,Candidate
LIB_0401,CAND_R2_242,PAD-NH-hydroxyethyl-all,O=P(Oc1ccc(C(N(CCO)c2nc3ccccc3s2)P2(=O)Oc3ccccc3-c3ccccc32)cc1)(Oc1ccc(C(N(CCO)c2nc3ccccc3s2)P2(=O)Oc3ccccc3-c3ccccc32)cc1)c1ccccc1,O=P(Oc1ccc(C(N(CCO)c2nc3ccccc3s2)P2(=O)Oc3ccccc3-c3ccccc32)cc1)(Oc1ccc(C(N(CCO)c2nc3ccccc3s2)P2(=O)Oc3ccccc3-c3ccccc32)cc1)c1ccccc1,,DOPO-based (additive),Designed,designed,P-N-S,2,N-hydroxyethyl-all,OH,Additive,B,1151.149,O=P(Oc1ccc(C(Nc2nc3ccccc3s2)P2(=O)Oc3ccccc3-c3ccccc32)cc1)(Oc1ccc(C(Nc2nc3ccccc3s2)P2(=O)Oc3ccccc3-c3ccccc32)cc1)c1ccccc1,8.072108823445097,4.867137095197929,5.571303106722066,0.0,0.0,False,True,"Parent=TRAIN_055 (PAD); Change=Introduced one hydroxyethyl substituent on an N–H site. Converted all N–H sites.; Attachment=all_NH; One-factor computational analogue. Parent_Tanimoto_r3=0.593; Max_Train_Tanimoto_r3=0.593; Risk=large structural change from parent; candidate may be outside strict in-domain threshold. Synthesis route, regioselectivity, stability, equivalent balance and EP compatibility require manual review.",True,True,True,True,eligible,2,1.0,1.0,1.0,0.0,0.0,0.0,Candidate
LIB_0402,CAND_R2_243,PAD-NH-glycidyl,O=P(Oc1ccc(C(Nc2nc3ccccc3s2)P2(=O)Oc3ccccc3-c3ccccc32)cc1)(Oc1ccc(C(N(CC2CO2)c2nc3ccccc3s2)P2(=O)Oc3ccccc3-c3ccccc32)cc1)c1ccccc1,O=P(Oc1ccc(C(Nc2nc3ccccc3s2)P2(=O)Oc3ccccc3-c3ccccc32)cc1)(Oc1ccc(C(N(CC2CO2)c2nc3ccccc3s2)P2(=O)Oc3ccccc3-c3ccccc32)cc1)c1ccccc1,,DOPO-based (Co-curing),Designed,designed,P-N-S,2,N-glycidyl,epoxy,Co-curing,B,1119.107,O=P(Oc1ccc(C(Nc2nc3ccccc3s2)P2(=O)Oc3ccccc3-c3ccccc32)cc1)(Oc1ccc(C(N(CC2CO2)c2nc3ccccc3s2)P2(=O)Oc3ccccc3-c3ccccc32)cc1)c1ccccc1,8.303227484056483,5.006491783180697,5.730819305035175,0.0,0.0,False,True,"Parent=TRAIN_055 (PAD); Change=Introduced one glycidyl substituent on an N–H site. Regioisomer 1.; Attachment=NH_site_1; One-factor computational analogue. Parent_Tanimoto_r3=0.750; Max_Train_Tanimoto_r3=0.750; Risk=none. Synthesis route, regioselectivity, stability, equivalent balance and EP compatibility require manual review.",True,True,True,True,eligible,2,1.0,1.0,1.0,0.0,0.0,2.0,Candidate
LIB_0403,CAND_R2_244,PAD-NH-glycidyl-all,O=P(Oc1ccc(C(N(CC2CO2)c2nc3ccccc3s2)P2(=O)Oc3ccccc3-c3ccccc32)cc1)(Oc1ccc(C(N(CC2CO2)c2nc3ccccc3s2)P2(=O)Oc3ccccc3-c3ccccc32)cc1)c1ccccc1,O=P(Oc1ccc(C(N(CC2CO2)c2nc3ccccc3s2)P2(=O)Oc3ccccc3-c3ccccc32)cc1)(Oc1ccc(C(N(CC2CO2)c2nc3ccccc3s2)P2(=O)Oc3ccccc3-c3ccccc32)cc1)c1ccccc1,,DOPO-based (Co-curing),Designed,designed,P-N-S,2,N-glycidyl-all,epoxy,Co-curing,B,1175.1709999999998,O=P(Oc1ccc(C(N(CC2CO2)c2nc3ccccc3s2)P2(=O)Oc3ccccc3-c3ccccc32)cc1)(Oc1ccc(C(N(CC2CO2)c2nc3ccccc3s2)P2(=O)Oc3ccccc3-c3ccccc32)cc1)c1ccccc1,7.907104583077697,4.767646580795477,5.457418537387325,0.0,0.0,False,True,"Parent=TRAIN_055 (PAD); Change=Introduced one glycidyl substituent on an N–H site. Converted all N–H sites.; Attachment=all_NH; One-factor computational analogue. Parent_Tanimoto_r3=0.583; Max_Train_Tanimoto_r3=0.583; Risk=large structural change from parent; candidate may be outside strict in-domain threshold. Synthesis route, regioselectivity, stability, equivalent balance and EP compatibility require manual review.",True,True,True,True,eligible,2,1.0,1.0,1.0,0.0,0.0,2.0,Candidate
LIB_0404,CAND_R2_245,PAD-aromatic-S-to-O-all,O=P(Oc1ccc(C(Nc2nc3ccccc3o2)P2(=O)Oc3ccccc3-c3ccccc32)cc1)(Oc1ccc(C(Nc2nc3ccccc3o2)P2(=O)Oc3ccccc3-c3ccccc32)cc1)c1ccccc1,O=P(Oc1ccc(C(Nc2nc3ccccc3o2)P2(=O)Oc3ccccc3-c3ccccc32)cc1)(Oc1ccc(C(Nc2nc3ccccc3o2)P2(=O)Oc3ccccc3-c3ccccc32)cc1)c1ccccc1,,DOPO-based (additive),Designed,designed,P-N,2,heteroaromatic-S/O-analogue-all,none,Additive,B,1030.9070000000002,O=P(Oc1ccc(C(Nc2nc3ccccc3o2)P2(=O)Oc3ccccc3-c3ccccc32)cc1)(Oc1ccc(C(Nc2nc3ccccc3o2)P2(=O)Oc3ccccc3-c3ccccc32)cc1)c1ccccc1,9.013616165182697,5.434825837830182,0.0,0.0,0.0,False,True,"Parent=TRAIN_055 (PAD); Change=Replaced all aromatic sulfur atoms by oxygen.; Attachment=all_aromatic_S; One-factor computational analogue. Parent_Tanimoto_r3=0.682; Max_Train_Tanimoto_r3=0.682; Risk=candidate may be outside strict in-domain threshold. Synthesis route, regioselectivity, stability, equivalent balance and EP compatibility require manual review.",True,True,True,True,eligible,2,1.0,1.0,0.0,0.0,0.0,0.0,Candidate
LIB_0405,CAND_R2_246,DOPO-PEPA-hydroxy,O=P12OCC(COP3(=O)Oc4ccc(O)cc4-c4ccccc43)(CO1)CO2,O=P12OCC(COP3(=O)Oc4ccc(O)cc4-c4ccccc43)(CO1)CO2,,DOPO-based (additive),Designed,designed,P-only,1,aryl-hydroxy,OH,Additive,B,410.2550000000002,O=P12OCC(COP3(=O)Oc4ccccc4-c4ccccc43)(CO1)CO2,15.099876905826855,0.0,0.0,0.0,0.0,False,True,"Parent=TRAIN_075 (DOPO-PEPA); Change=Added hydroxy at aromatic atom 13.; Attachment=DOPO_core_aromatic; One-factor computational analogue. Parent_Tanimoto_r3=0.685; Max_Train_Tanimoto_r3=0.685; Risk=DOPO-core substitution route needs confirmation; candidate may be outside strict in-domain threshold. Synthesis route, regioselectivity, stability, equivalent balance and EP compatibility require manual review.",True,True,True,True,eligible,1,1.0,0.0,0.0,0.0,0.0,0.0,Candidate
LIB_0406,CAND_R2_247,DOPO-PEPA-hydroxymethyl,O=P12OCC(COP3(=O)Oc4ccc(CO)cc4-c4ccccc43)(CO1)CO2,O=P12OCC(COP3(=O)Oc4ccc(CO)cc4-c4ccccc43)(CO1)CO2,,DOPO-based (additive),Designed,designed,P-only,1,aryl-hydroxymethyl,CH2OH,Additive,B,424.2820000000002,O=P12OCC(COP3(=O)Oc4ccccc4-c4ccccc43)(CO1)CO2,14.600666537821537,0.0,0.0,0.0,0.0,False,True,"Parent=TRAIN_075 (DOPO-PEPA); Change=Added hydroxymethyl at aromatic atom 13.; Attachment=DOPO_core_aromatic; One-factor computational analogue. Parent_Tanimoto_r3=0.667; Max_Train_Tanimoto_r3=0.667; Risk=DOPO-core substitution route needs confirmation; candidate may be outside strict in-domain threshold. Synthesis route, regioselectivity, stability, equivalent balance and EP compatibility require manual review.",True,True,True,True,eligible,1,1.0,0.0,0.0,0.0,0.0,0.0,Candidate
LIB_0407,CAND_R2_248,DOPO-PEPA-carboxamide,NC(=O)c1ccc2c(c1)-c1ccccc1P(=O)(OCC13COP(=O)(OC1)OC3)O2,NC(=O)c1ccc2c(c1)-c1ccccc1P(=O)(OCC13COP(=O)(OC1)OC3)O2,,DOPO-based (additive),Designed,designed,P-N,1,aryl-carboxamide,amide,Additive,B,437.2810000000003,O=P12OCC(COP3(=O)Oc4ccccc4-c4ccccc43)(CO1)CO2,14.166634269497179,3.203203432118018,0.0,0.0,0.0,False,True,"Parent=TRAIN_075 (DOPO-PEPA); Change=Added carboxamide at aromatic atom 13.; Attachment=DOPO_core_aromatic; One-factor computational analogue. Parent_Tanimoto_r3=0.649; Max_Train_Tanimoto_r3=0.649; Risk=DOPO-core substitution route needs confirmation; large structural change from parent; candidate may be outside strict in-domain threshold. Synthesis route, regioselectivity, stability, equivalent balance and EP compatibility require manual review.",True,True,True,True,eligible,1,1.0,1.0,0.0,0.0,0.0,0.0,Candidate
LIB_0408,CAND_R2_249,DOPO-PEPA-boronic-acid,O=P12OCC(COP3(=O)Oc4ccc(B(O)O)cc4-c4ccccc43)(CO1)CO2,O=P12OCC(COP3(=O)Oc4ccc(B(O)O)cc4-c4ccccc43)(CO1)CO2,,DOPO-based (additive),Designed,designed,P-B,1,aryl-boronic-acid,B(OH)2,Additive,B,438.07400000000024,O=P12OCC(COP3(=O)Oc4ccccc4-c4ccccc43)(CO1)CO2,14.14098987842236,0.0,0.0,2.468076169779534,0.0,False,True,"Parent=TRAIN_075 (DOPO-PEPA); Change=Added boronic_acid at aromatic atom 13.; Attachment=DOPO_core_aromatic; One-factor computational analogue. Parent_Tanimoto_r3=0.658; Max_Train_Tanimoto_r3=0.658; Risk=DOPO-core substitution route needs confirmation; candidate may be outside strict in-domain threshold. Synthesis route, regioselectivity, stability, equivalent balance and EP compatibility require manual review.",True,True,True,True,eligible,1,1.0,0.0,0.0,1.0,0.0,0.0,Candidate
LIB_0409,CAND_R2_250,DOPO-PEPA-pinacol-boronate,CC1(C)OB(c2ccc3c(c2)-c2ccccc2P(=O)(OCC24COP(=O)(OC2)OC4)O3)OC1(C)C,CC1(C)OB(c2ccc3c(c2)-c2ccccc2P(=O)(OCC24COP(=O)(OC2)OC4)O3)OC1(C)C,,DOPO-based (additive),Designed,designed,P-B,1,aryl-pinacol-boronate,pinacol boronate,Additive,B,520.2200000000004,O=P12OCC(COP3(=O)Oc4ccc(B5OCCO5)cc4-c4ccccc43)(CO1)CO2,11.908038906616424,0.0,0.0,2.0783514666871694,0.0,False,True,"Parent=TRAIN_075 (DOPO-PEPA); Change=Added pinacol_boronate at aromatic atom 13.; Attachment=DOPO_core_aromatic; One-factor computational analogue. Parent_Tanimoto_r3=0.602; Max_Train_Tanimoto_r3=0.602; Risk=DOPO-core substitution route needs confirmation; large structural change from parent; candidate may be outside strict in-domain threshold. Synthesis route, regioselectivity, stability, equivalent balance and EP compatibility require manual review.",True,True,True,True,eligible,1,1.0,0.0,0.0,1.0,0.0,0.0,Candidate
LIB_0410,CAND_R2_251,DOPO-PEPA-trimethoxysilyl,CO[Si](OC)(OC)c1ccc2c(c1)-c1ccccc1P(=O)(OCC13COP(=O)(OC1)OC3)O2,CO[Si](OC)(OC)c1ccc2c(c1)-c1ccccc1P(=O)(OCC13COP(=O)(OC1)OC3)O2,,DOPO-based (additive+ Secondary Crosslinking),Designed,designed,P-Si,1,aryl-trimethoxysilyl,Si(OCH3)3,Additive + Secondary Crosslinking,B,514.4360000000004,O=P12OCC(COP3(=O)Oc4ccccc4-c4ccccc43)(CO1)CO2,12.041925526207333,0.0,0.0,0.0,5.459571258621088,False,True,"Parent=TRAIN_075 (DOPO-PEPA); Change=Added trimethoxysilyl at aromatic atom 13.; Attachment=DOPO_core_aromatic; One-factor computational analogue. Parent_Tanimoto_r3=0.633; Max_Train_Tanimoto_r3=0.633; Risk=DOPO-core substitution route needs confirmation; large structural change from parent; candidate may be outside strict in-domain threshold. Synthesis route, regioselectivity, stability, equivalent balance and EP compatibility require manual review.",True,True,True,True,eligible,1,1.0,0.0,0.0,0.0,1.0,3.0,Candidate
LIB_0411,CAND_R2_252,DOPO-PEPA-triethoxysilyl,CCO[Si](OCC)(OCC)c1ccc2c(c1)-c1ccccc1P(=O)(OCC13COP(=O)(OC1)OC3)O2,CCO[Si](OCC)(OCC)c1ccc2c(c1)-c1ccccc1P(=O)(OCC13COP(=O)(OC1)OC3)O2,,DOPO-based (additive+ Secondary Crosslinking),Designed,designed,P-Si,1,aryl-triethoxysilyl,Si(OC2H5)3,Additive + Secondary Crosslinking,B,556.5170000000002,O=P12OCC(COP3(=O)Oc4ccccc4-c4ccccc43)(CO1)CO2,11.131376040624094,0.0,0.0,0.0,5.046746101197266,False,True,"Parent=TRAIN_075 (DOPO-PEPA); Change=Added triethoxysilyl at aromatic atom 13.; Attachment=DOPO_core_aromatic; One-factor computational analogue. Parent_Tanimoto_r3=0.610; Max_Train_Tanimoto_r3=0.610; Risk=DOPO-core substitution route needs confirmation; large structural change from parent; candidate may be outside strict in-domain threshold. Synthesis route, regioselectivity, stability, equivalent balance and EP compatibility require manual review.",True,True,True,True,eligible,1,1.0,0.0,0.0,0.0,1.0,3.0,Candidate
LIB_0412,CAND_R2_253,DOPO-PEPA-disiloxane,C[Si](C)(C)O[Si](C)(C)c1ccc2c(c1)-c1ccccc1P(=O)(OCC13COP(=O)(OC1)OC3)O2,C[Si](C)(C)O[Si](C)(C)c1ccc2c(c1)-c1ccccc1P(=O)(OCC13COP(=O)(OC1)OC3)O2,,DOPO-based (additive),Designed,designed,P-Si,1,short-disiloxane,none,Additive,B,540.5940000000003,O=P12OCC(COP3(=O)Oc4ccccc4-c4ccccc43)(CO1)CO2,11.459246680503293,0.0,0.0,0.0,10.390792350636517,False,True,"Parent=TRAIN_075 (DOPO-PEPA); Change=Added disiloxane at aromatic atom 13.; Attachment=DOPO_core_aromatic; One-factor computational analogue. Parent_Tanimoto_r3=0.617; Max_Train_Tanimoto_r3=0.617; Risk=DOPO-core substitution route needs confirmation; large structural change from parent; candidate may be outside strict in-domain threshold. Synthesis route, regioselectivity, stability, equivalent balance and EP compatibility require manual review.",True,True,True,True,eligible,1,1.0,0.0,0.0,0.0,1.0,0.0,Candidate
LIB_0413,CAND_R2_254,DOPO-PEPA-glycidyloxy,O=P12OCC(COP3(=O)Oc4ccc(OCC5CO5)cc4-c4ccccc43)(CO1)CO2,O=P12OCC(COP3(=O)Oc4ccc(OCC5CO5)cc4-c4ccccc43)(CO1)CO2,,DOPO-based (Co-curing),Designed,designed,P-only,1,aryl-glycidyl-ether,epoxy,Co-curing,B,466.3190000000003,O=P12OCC(COP3(=O)Oc4ccc(OCC5CO5)cc4-c4ccccc43)(CO1)CO2,13.284468357497756,0.0,0.0,0.0,0.0,False,True,"Parent=TRAIN_075 (DOPO-PEPA); Change=Added glycidyloxy at aromatic atom 13.; Attachment=DOPO_core_aromatic; One-factor computational analogue. Parent_Tanimoto_r3=0.595; Max_Train_Tanimoto_r3=0.595; Risk=DOPO-core substitution route needs confirmation; large structural change from parent; candidate may be outside strict in-domain threshold. Synthesis route, regioselectivity, stability, equivalent balance and EP compatibility require manual review.",True,True,True,True,eligible,1,1.0,0.0,0.0,0.0,0.0,2.0,Candidate
LIB_0414,CAND_R2_255,DOPO-PEPA-diaminotriazine,Nc1nc(N)nc(-c2ccc3c(c2)-c2ccccc2P(=O)(OCC24COP(=O)(OC2)OC4)O3)n1,Nc1nc(N)nc(-c2ccc3c(c2)-c2ccccc2P(=O)(OCC24COP(=O)(OC2)OC4)O3)n1,,DOPO-based (Co-curing),Designed,designed,P-N,1,"diamino-1,3,5-triazine",NH2,Co-curing,B,503.34800000000035,O=P12OCC(COP3(=O)Oc4ccc(-c5ncncn5)cc4-c4ccccc43)(CO1)CO2,12.307191048737645,13.913832974403386,0.0,0.0,0.0,False,True,"Parent=TRAIN_075 (DOPO-PEPA); Change=Added diaminotriazine at aromatic atom 13.; Attachment=DOPO_core_aromatic; One-factor computational analogue. Parent_Tanimoto_r3=0.588; Max_Train_Tanimoto_r3=0.588; Risk=DOPO-core substitution route needs confirmation; large structural change from parent; candidate may be outside strict in-domain threshold. Synthesis route, regioselectivity, stability, equivalent balance and EP compatibility require manual review.",True,True,True,True,eligible,1,1.0,1.0,0.0,0.0,0.0,2.0,Candidate
LIB_0415,CAND_R2_256,DOPO-PEPA-piperazine,O=P12OCC(COP3(=O)Oc4ccc(N5CCNCC5)cc4-c4ccccc43)(CO1)CO2,O=P12OCC(COP3(=O)Oc4ccc(N5CCNCC5)cc4-c4ccccc43)(CO1)CO2,,DOPO-based (Co-curing),Designed,designed,P-N,1,piperazine,NH,Co-curing,B,478.3780000000004,O=P12OCC(COP3(=O)Oc4ccc(N5CCNCC5)cc4-c4ccccc43)(CO1)CO2,12.949592163519215,5.856038530199963,0.0,0.0,0.0,False,True,"Parent=TRAIN_075 (DOPO-PEPA); Change=Added piperazine at aromatic atom 13.; Attachment=DOPO_core_aromatic; One-factor computational analogue. Parent_Tanimoto_r3=0.588; Max_Train_Tanimoto_r3=0.588; Risk=DOPO-core substitution route needs confirmation; large structural change from parent; candidate may be outside strict in-domain threshold. Synthesis route, regioselectivity, stability, equivalent balance and EP compatibility require manual review.",True,True,True,True,eligible,1,1.0,1.0,0.0,0.0,0.0,2.0,Candidate
LIB_0416,CAND_R2_257,DOPO-PEPA-benzamide-linker,O=C(Nc1ccc2c(c1)-c1ccccc1P(=O)(OCC13COP(=O)(OC1)OC3)O2)c1ccccc1,O=C(Nc1ccc2c(c1)-c1ccccc1P(=O)(OCC13COP(=O)(OC1)OC3)O2)c1ccccc1,,DOPO-based (additive),Designed,designed,P-N,1,benzamide,amide,Additive,B,513.3790000000004,O=C(Nc1ccc2c(c1)-c1ccccc1P(=O)(OCC13COP(=O)(OC1)OC3)O2)c1ccccc1,12.066718739956242,2.7283936429031943,0.0,0.0,0.0,False,True,"Parent=TRAIN_075 (DOPO-PEPA); Change=Added benzamide_linker at aromatic atom 13.; Attachment=DOPO_core_aromatic; One-factor computational analogue. Parent_Tanimoto_r3=0.575; Max_Train_Tanimoto_r3=0.575; Risk=DOPO-core substitution route needs confirmation; large structural change from parent; candidate may be outside strict in-domain threshold. Synthesis route, regioselectivity, stability, equivalent balance and EP compatibility require manual review.",True,True,True,True,eligible,1,1.0,1.0,0.0,0.0,0.0,0.0,Candidate
LIB_0417,CAND_R2_258,DOPO-PEPA-phenyl,O=P12OCC(COP3(=O)Oc4ccc(-c5ccccc5)cc4-c4ccccc43)(CO1)CO2,O=P12OCC(COP3(=O)Oc4ccc(-c5ccccc5)cc4-c4ccccc43)(CO1)CO2,,DOPO-based (additive),Designed,designed,P-only,1,phenyl,none,Additive,B,470.3540000000002,O=P12OCC(COP3(=O)Oc4ccc(-c5ccccc5)cc4-c4ccccc43)(CO1)CO2,13.170505619171937,0.0,0.0,0.0,0.0,False,True,"Parent=TRAIN_075 (DOPO-PEPA); Change=Added phenyl at aromatic atom 13.; Attachment=DOPO_core_aromatic; One-factor computational analogue. Parent_Tanimoto_r3=0.641; Max_Train_Tanimoto_r3=0.641; Risk=DOPO-core substitution route needs confirmation; large structural change from parent; candidate may be outside strict in-domain threshold. Synthesis route, regioselectivity, stability, equivalent balance and EP compatibility require manual review.",True,True,True,True,eligible,1,1.0,0.0,0.0,0.0,0.0,0.0,Candidate
LIB_0418,CAND_R2_259,DOPO-PEPA-biphenyl,O=P12OCC(COP3(=O)Oc4ccc(-c5ccc(-c6ccccc6)cc5)cc4-c4ccccc43)(CO1)CO2,O=P12OCC(COP3(=O)Oc4ccc(-c5ccc(-c6ccccc6)cc5)cc4-c4ccccc43)(CO1)CO2,,DOPO-based (additive),Designed,designed,P-only,1,biphenyl,none,Additive,B,546.4520000000001,O=P12OCC(COP3(=O)Oc4ccc(-c5ccc(-c6ccccc6)cc5)cc4-c4ccccc43)(CO1)CO2,11.336402831355725,0.0,0.0,0.0,0.0,False,True,"Parent=TRAIN_075 (DOPO-PEPA); Change=Added biphenyl at aromatic atom 13.; Attachment=DOPO_core_aromatic; One-factor computational analogue. Parent_Tanimoto_r3=0.617; Max_Train_Tanimoto_r3=0.617; Risk=DOPO-core substitution route needs confirmation; large structural change from parent; candidate may be outside strict in-domain threshold. Synthesis route, regioselectivity, stability, equivalent balance and EP compatibility require manual review.",True,True,True,True,eligible,1,1.0,0.0,0.0,0.0,0.0,0.0,Candidate
LIB_0419,CAND_R2_260,TDCA-DOPO-3-amino,Nc1ccc(OP(=O)(Oc2ccccc2)OC(c2ccc(C(OP(=O)(Oc3ccccc3)Oc3ccccc3)P3(=O)Oc4ccccc4-c4ccccc43)cc2)P2(=O)Oc3ccccc3-c3ccccc32)cc1,Nc1ccc(OP(=O)(Oc2ccccc2)OC(c2ccc(C(OP(=O)(Oc3ccccc3)Oc3ccccc3)P3(=O)Oc4ccccc4-c4ccccc43)cc2)P2(=O)Oc3ccccc3-c3ccccc32)cc1,,DOPO-based (Co-curing),Designed,designed,P-N,2,aryl-amino,NH2,Co-curing,B,1045.8510000000003,O=P(Oc1ccccc1)(Oc1ccccc1)OC(c1ccc(C(OP(=O)(Oc2ccccc2)Oc2ccccc2)P2(=O)Oc3ccccc3-c3ccccc32)cc1)P1(=O)Oc2ccccc2-c2ccccc21,11.846429367089572,1.3392921171371444,0.0,0.0,0.0,False,True,"Parent=TRAIN_137 (TDCA-DOPO-3); Change=Added amino at aromatic atom 37.; Attachment=peripheral_aromatic; One-factor computational analogue. Parent_Tanimoto_r3=0.867; Max_Train_Tanimoto_r3=0.867; Risk=none. Synthesis route, regioselectivity, stability, equivalent balance and EP compatibility require manual review.",True,True,True,True,eligible,2,1.0,1.0,0.0,0.0,0.0,2.0,Candidate
LIB_0420,CAND_R2_261,TDCA-DOPO-3-hydroxy,O=P(Oc1ccccc1)(Oc1ccccc1)OC(c1ccc(C(OP(=O)(Oc2ccccc2)Oc2ccc(O)cc2)P2(=O)Oc3ccccc3-c3ccccc32)cc1)P1(=O)Oc2ccccc2-c2ccccc21,O=P(Oc1ccccc1)(Oc1ccccc1)OC(c1ccc(C(OP(=O)(Oc2ccccc2)Oc2ccc(O)cc2)P2(=O)Oc3ccccc3-c3ccccc32)cc1)P1(=O)Oc2ccccc2-c2ccccc21,,DOPO-based (additive),Designed,designed,P-only,2,aryl-hydroxy,OH,Additive,B,1046.8350000000003,O=P(Oc1ccccc1)(Oc1ccccc1)OC(c1ccc(C(OP(=O)(Oc2ccccc2)Oc2ccccc2)P2(=O)Oc3ccccc3-c3ccccc32)cc1)P1(=O)Oc2ccccc2-c2ccccc21,11.835294005263481,0.0,0.0,0.0,0.0,False,True,"Parent=TRAIN_137 (TDCA-DOPO-3); Change=Added hydroxy at aromatic atom 37.; Attachment=peripheral_aromatic; One-factor computational analogue. Parent_Tanimoto_r3=0.867; Max_Train_Tanimoto_r3=0.867; Risk=none. Synthesis route, regioselectivity, stability, equivalent balance and EP compatibility require manual review.",True,True,True,True,eligible,2,1.0,0.0,0.0,0.0,0.0,0.0,Candidate
LIB_0421,CAND_R2_262,TDCA-DOPO-3-hydroxymethyl,O=P(Oc1ccccc1)(Oc1ccccc1)OC(c1ccc(C(OP(=O)(Oc2ccccc2)Oc2ccc(CO)cc2)P2(=O)Oc3ccccc3-c3ccccc32)cc1)P1(=O)Oc2ccccc2-c2ccccc21,O=P(Oc1ccccc1)(Oc1ccccc1)OC(c1ccc(C(OP(=O)(Oc2ccccc2)Oc2ccc(CO)cc2)P2(=O)Oc3ccccc3-c3ccccc32)cc1)P1(=O)Oc2ccccc2-c2ccccc21,,DOPO-based (additive),Designed,designed,P-only,2,aryl-hydroxymethyl,CH2OH,Additive,B,1060.8620000000003,O=P(Oc1ccccc1)(Oc1ccccc1)OC(c1ccc(C(OP(=O)(Oc2ccccc2)Oc2ccccc2)P2(=O)Oc3ccccc3-c3ccccc32)cc1)P1(=O)Oc2ccccc2-c2ccccc21,11.678804594754075,0.0,0.0,0.0,0.0,False,True,"Parent=TRAIN_137 (TDCA-DOPO-3); Change=Added hydroxymethyl at aromatic atom 37.; Attachment=peripheral_aromatic; One-factor computational analogue. Parent_Tanimoto_r3=0.833; Max_Train_Tanimoto_r3=0.833; Risk=none. Synthesis route, regioselectivity, stability, equivalent balance and EP compatibility require manual review.",True,True,True,True,eligible,2,1.0,0.0,0.0,0.0,0.0,0.0,Candidate
LIB_0422,CAND_R2_263,TDCA-DOPO-3-carboxamide,NC(=O)c1ccc(OP(=O)(Oc2ccccc2)OC(c2ccc(C(OP(=O)(Oc3ccccc3)Oc3ccccc3)P3(=O)Oc4ccccc4-c4ccccc43)cc2)P2(=O)Oc3ccccc3-c3ccccc32)cc1,NC(=O)c1ccc(OP(=O)(Oc2ccccc2)OC(c2ccc(C(OP(=O)(Oc3ccccc3)Oc3ccccc3)P3(=O)Oc4ccccc4-c4ccccc43)cc2)P2(=O)Oc3ccccc3-c3ccccc32)cc1,,DOPO-based (additive),Designed,designed,P-N,2,aryl-carboxamide,amide,Additive,B,1073.8610000000003,O=P(Oc1ccccc1)(Oc1ccccc1)OC(c1ccc(C(OP(=O)(Oc2ccccc2)Oc2ccccc2)P2(=O)Oc3ccccc3-c3ccccc32)cc1)P1(=O)Oc2ccccc2-c2ccccc21,11.537433615710038,1.3043587577908125,0.0,0.0,0.0,False,True,"Parent=TRAIN_137 (TDCA-DOPO-3); Change=Added carboxamide at aromatic atom 37.; Attachment=peripheral_aromatic; One-factor computational analogue. Parent_Tanimoto_r3=0.823; Max_Train_Tanimoto_r3=0.823; Risk=none. Synthesis route, regioselectivity, stability, equivalent balance and EP compatibility require manual review.",True,True,True,True,eligible,2,1.0,1.0,0.0,0.0,0.0,0.0,Candidate
LIB_0423,CAND_R2_264,TDCA-DOPO-3-boronic-acid,O=P(Oc1ccccc1)(Oc1ccccc1)OC(c1ccc(C(OP(=O)(Oc2ccccc2)Oc2ccc(B(O)O)cc2)P2(=O)Oc3ccccc3-c3ccccc32)cc1)P1(=O)Oc2ccccc2-c2ccccc21,O=P(Oc1ccccc1)(Oc1ccccc1)OC(c1ccc(C(OP(=O)(Oc2ccccc2)Oc2ccc(B(O)O)cc2)P2(=O)Oc3ccccc3-c3ccccc32)cc1)P1(=O)Oc2ccccc2-c2ccccc21,,DOPO-based (additive),Designed,designed,P-B,2,aryl-boronic-acid,B(OH)2,Additive,B,1074.6540000000005,O=P(Oc1ccccc1)(Oc1ccccc1)OC(c1ccc(C(OP(=O)(Oc2ccccc2)Oc2ccccc2)P2(=O)Oc3ccccc3-c3ccccc32)cc1)P1(=O)Oc2ccccc2-c2ccccc21,11.528920005880957,0.0,0.0,1.0060912628622791,0.0,False,True,"Parent=TRAIN_137 (TDCA-DOPO-3); Change=Added boronic_acid at aromatic atom 37.; Attachment=peripheral_aromatic; One-factor computational analogue. Parent_Tanimoto_r3=0.833; Max_Train_Tanimoto_r3=0.833; Risk=none. Synthesis route, regioselectivity, stability, equivalent balance and EP compatibility require manual review.",True,True,True,True,eligible,2,1.0,0.0,0.0,1.0,0.0,0.0,Candidate
LIB_0424,CAND_R2_265,TDCA-DOPO-3-pinacol-boronate,CC1(C)OB(c2ccc(OP(=O)(Oc3ccccc3)OC(c3ccc(C(OP(=O)(Oc4ccccc4)Oc4ccccc4)P4(=O)Oc5ccccc5-c5ccccc54)cc3)P3(=O)Oc4ccccc4-c4ccccc43)cc2)OC1(C)C,CC1(C)OB(c2ccc(OP(=O)(Oc3ccccc3)OC(c3ccc(C(OP(=O)(Oc4ccccc4)Oc4ccccc4)P4(=O)Oc5ccccc5-c5ccccc54)cc3)P3(=O)Oc4ccccc4-c4ccccc43)cc2)OC1(C)C,,DOPO-based (additive),Designed,designed,P-B,2,aryl-pinacol-boronate,pinacol boronate,Additive,B,1156.8,O=P(Oc1ccccc1)(Oc1ccccc1)OC(c1ccc(C(OP(=O)(Oc2ccccc2)Oc2ccc(B3OCCO3)cc2)P2(=O)Oc3ccccc3-c3ccccc32)cc1)P1(=O)Oc2ccccc2-c2ccccc21,10.710235131396958,0.0,0.0,0.9346473029045644,0.0,False,True,"Parent=TRAIN_137 (TDCA-DOPO-3); Change=Added pinacol_boronate at aromatic atom 37.; Attachment=peripheral_aromatic; One-factor computational analogue. Parent_Tanimoto_r3=0.765; Max_Train_Tanimoto_r3=0.765; Risk=none. Synthesis route, regioselectivity, stability, equivalent balance and EP compatibility require manual review.",True,True,True,True,eligible,2,1.0,0.0,0.0,1.0,0.0,0.0,Candidate
LIB_0425,CAND_R2_266,TDCA-DOPO-3-trimethoxysilyl,CO[Si](OC)(OC)c1ccc(OP(=O)(Oc2ccccc2)OC(c2ccc(C(OP(=O)(Oc3ccccc3)Oc3ccccc3)P3(=O)Oc4ccccc4-c4ccccc43)cc2)P2(=O)Oc3ccccc3-c3ccccc32)cc1,CO[Si](OC)(OC)c1ccc(OP(=O)(Oc2ccccc2)OC(c2ccc(C(OP(=O)(Oc3ccccc3)Oc3ccccc3)P3(=O)Oc4ccccc4-c4ccccc43)cc2)P2(=O)Oc3ccccc3-c3ccccc32)cc1,,DOPO-based (additive+ Secondary Crosslinking),Designed,designed,P-Si,2,aryl-trimethoxysilyl,Si(OCH3)3,Additive + Secondary Crosslinking,B,1151.0160000000003,O=P(Oc1ccccc1)(Oc1ccccc1)OC(c1ccc(C(OP(=O)(Oc2ccccc2)Oc2ccccc2)P2(=O)Oc3ccccc3-c3ccccc32)cc1)P1(=O)Oc2ccccc2-c2ccccc21,10.76405540843915,0.0,0.0,0.0,2.440105089764173,False,True,"Parent=TRAIN_137 (TDCA-DOPO-3); Change=Added trimethoxysilyl at aromatic atom 37.; Attachment=peripheral_aromatic; One-factor computational analogue. Parent_Tanimoto_r3=0.802; Max_Train_Tanimoto_r3=0.802; Risk=none. Synthesis route, regioselectivity, stability, equivalent balance and EP compatibility require manual review.",True,True,True,True,eligible,2,1.0,0.0,0.0,0.0,1.0,3.0,Candidate
LIB_0426,CAND_R2_267,TDCA-DOPO-3-triethoxysilyl,CCO[Si](OCC)(OCC)c1ccc(OP(=O)(Oc2ccccc2)OC(c2ccc(C(OP(=O)(Oc3ccccc3)Oc3ccccc3)P3(=O)Oc4ccccc4-c4ccccc43)cc2)P2(=O)Oc3ccccc3-c3ccccc32)cc1,CCO[Si](OCC)(OCC)c1ccc(OP(=O)(Oc2ccccc2)OC(c2ccc(C(OP(=O)(Oc3ccccc3)Oc3ccccc3)P3(=O)Oc4ccccc4-c4ccccc43)cc2)P2(=O)Oc3ccccc3-c3ccccc32)cc1,,DOPO-based (additive+ Secondary Crosslinking),Designed,designed,P-Si,2,aryl-triethoxysilyl,Si(OC2H5)3,Additive + Secondary Crosslinking,B,1193.0970000000002,O=P(Oc1ccccc1)(Oc1ccccc1)OC(c1ccc(C(OP(=O)(Oc2ccccc2)Oc2ccccc2)P2(=O)Oc3ccccc3-c3ccccc32)cc1)P1(=O)Oc2ccccc2-c2ccccc21,10.384402944605508,0.0,0.0,0.0,2.3540416244446174,False,True,"Parent=TRAIN_137 (TDCA-DOPO-3); Change=Added triethoxysilyl at aromatic atom 37.; Attachment=peripheral_aromatic; One-factor computational analogue. Parent_Tanimoto_r3=0.765; Max_Train_Tanimoto_r3=0.765; Risk=none. Synthesis route, regioselectivity, stability, equivalent balance and EP compatibility require manual review.",True,True,True,True,eligible,2,1.0,0.0,0.0,0.0,1.0,3.0,Candidate
LIB_0427,CAND_R2_268,TDCA-DOPO-3-disiloxane,C[Si](C)(C)O[Si](C)(C)c1ccc(OP(=O)(Oc2ccccc2)OC(c2ccc(C(OP(=O)(Oc3ccccc3)Oc3ccccc3)P3(=O)Oc4ccccc4-c4ccccc43)cc2)P2(=O)Oc3ccccc3-c3ccccc32)cc1,C[Si](C)(C)O[Si](C)(C)c1ccc(OP(=O)(Oc2ccccc2)OC(c2ccc(C(OP(=O)(Oc3ccccc3)Oc3ccccc3)P3(=O)Oc4ccccc4-c4ccccc43)cc2)P2(=O)Oc3ccccc3-c3ccccc32)cc1,,DOPO-based (additive),Designed,designed,P-Si,2,short-disiloxane,none,Additive,B,1177.1740000000002,O=P(Oc1ccccc1)(Oc1ccccc1)OC(c1ccc(C(OP(=O)(Oc2ccccc2)Oc2ccccc2)P2(=O)Oc3ccccc3-c3ccccc32)cc1)P1(=O)Oc2ccccc2-c2ccccc21,10.524867181911933,0.0,0.0,0.0,4.771766960534295,False,True,"Parent=TRAIN_137 (TDCA-DOPO-3); Change=Added disiloxane at aromatic atom 37.; Attachment=peripheral_aromatic; One-factor computational analogue. Parent_Tanimoto_r3=0.783; Max_Train_Tanimoto_r3=0.783; Risk=none. Synthesis route, regioselectivity, stability, equivalent balance and EP compatibility require manual review.",True,True,True,True,eligible,2,1.0,0.0,0.0,0.0,1.0,0.0,Candidate
LIB_0428,CAND_R2_269,TDCA-DOPO-3-glycidyloxy,O=P(Oc1ccccc1)(Oc1ccccc1)OC(c1ccc(C(OP(=O)(Oc2ccccc2)Oc2ccc(OCC3CO3)cc2)P2(=O)Oc3ccccc3-c3ccccc32)cc1)P1(=O)Oc2ccccc2-c2ccccc21,O=P(Oc1ccccc1)(Oc1ccccc1)OC(c1ccc(C(OP(=O)(Oc2ccccc2)Oc2ccc(OCC3CO3)cc2)P2(=O)Oc3ccccc3-c3ccccc32)cc1)P1(=O)Oc2ccccc2-c2ccccc21,,DOPO-based (Co-curing),Designed,designed,P-only,2,aryl-glycidyl-ether,epoxy,Co-curing,B,1102.8990000000001,O=P(Oc1ccccc1)(Oc1ccccc1)OC(c1ccc(C(OP(=O)(Oc2ccccc2)Oc2ccc(OCC3CO3)cc2)P2(=O)Oc3ccccc3-c3ccccc32)cc1)P1(=O)Oc2ccccc2-c2ccccc21,11.233666908755923,0.0,0.0,0.0,0.0,False,True,"Parent=TRAIN_137 (TDCA-DOPO-3); Change=Added glycidyloxy at aromatic atom 37.; Attachment=peripheral_aromatic; One-factor computational analogue. Parent_Tanimoto_r3=0.774; Max_Train_Tanimoto_r3=0.774; Risk=none. Synthesis route, regioselectivity, stability, equivalent balance and EP compatibility require manual review.",True,True,True,True,eligible,2,1.0,0.0,0.0,0.0,0.0,2.0,Candidate
LIB_0429,CAND_R2_270,TDCA-DOPO-3-diaminotriazine,Nc1nc(N)nc(-c2ccc(OP(=O)(Oc3ccccc3)OC(c3ccc(C(OP(=O)(Oc4ccccc4)Oc4ccccc4)P4(=O)Oc5ccccc5-c5ccccc54)cc3)P3(=O)Oc4ccccc4-c4ccccc43)cc2)n1,Nc1nc(N)nc(-c2ccc(OP(=O)(Oc3ccccc3)OC(c3ccc(C(OP(=O)(Oc4ccccc4)Oc4ccccc4)P4(=O)Oc5ccccc5-c5ccccc54)cc3)P3(=O)Oc4ccccc4-c4ccccc43)cc2)n1,,DOPO-based (Co-curing),Designed,designed,P-N,2,"diamino-1,3,5-triazine",NH2,Co-curing,B,1139.9280000000003,O=P(Oc1ccccc1)(Oc1ccccc1)OC(c1ccc(C(OP(=O)(Oc2ccccc2)Oc2ccc(-c3ncncn3)cc2)P2(=O)Oc3ccccc3-c3ccccc32)cc1)P1(=O)Oc2ccccc2-c2ccccc21,10.868756623225323,6.143809082678904,0.0,0.0,0.0,False,True,"Parent=TRAIN_137 (TDCA-DOPO-3); Change=Added diaminotriazine at aromatic atom 37.; Attachment=peripheral_aromatic; One-factor computational analogue. Parent_Tanimoto_r3=0.756; Max_Train_Tanimoto_r3=0.756; Risk=none. Synthesis route, regioselectivity, stability, equivalent balance and EP compatibility require manual review.",True,True,True,True,eligible,2,1.0,1.0,0.0,0.0,0.0,2.0,Candidate
LIB_0430,CAND_R2_271,TDCA-DOPO-3-piperazine,O=P(Oc1ccccc1)(Oc1ccccc1)OC(c1ccc(C(OP(=O)(Oc2ccccc2)Oc2ccc(N3CCNCC3)cc2)P2(=O)Oc3ccccc3-c3ccccc32)cc1)P1(=O)Oc2ccccc2-c2ccccc21,O=P(Oc1ccccc1)(Oc1ccccc1)OC(c1ccc(C(OP(=O)(Oc2ccccc2)Oc2ccc(N3CCNCC3)cc2)P2(=O)Oc3ccccc3-c3ccccc32)cc1)P1(=O)Oc2ccccc2-c2ccccc21,,DOPO-based (Co-curing),Designed,designed,P-N,2,piperazine,NH,Co-curing,B,1114.9579999999999,O=P(Oc1ccccc1)(Oc1ccccc1)OC(c1ccc(C(OP(=O)(Oc2ccccc2)Oc2ccc(N3CCNCC3)cc2)P2(=O)Oc3ccccc3-c3ccccc32)cc1)P1(=O)Oc2ccccc2-c2ccccc21,11.112167453841312,2.5125610112667927,0.0,0.0,0.0,False,True,"Parent=TRAIN_137 (TDCA-DOPO-3); Change=Added piperazine at aromatic atom 37.; Attachment=peripheral_aromatic; One-factor computational analogue. Parent_Tanimoto_r3=0.739; Max_Train_Tanimoto_r3=0.739; Risk=none. Synthesis route, regioselectivity, stability, equivalent balance and EP compatibility require manual review.",True,True,True,True,eligible,2,1.0,1.0,0.0,0.0,0.0,2.0,Candidate
LIB_0431,CAND_R2_272,TDCA-DOPO-3-benzamide-linker,O=C(Nc1ccc(OP(=O)(Oc2ccccc2)OC(c2ccc(C(OP(=O)(Oc3ccccc3)Oc3ccccc3)P3(=O)Oc4ccccc4-c4ccccc43)cc2)P2(=O)Oc3ccccc3-c3ccccc32)cc1)c1ccccc1,O=C(Nc1ccc(OP(=O)(Oc2ccccc2)OC(c2ccc(C(OP(=O)(Oc3ccccc3)Oc3ccccc3)P3(=O)Oc4ccccc4-c4ccccc43)cc2)P2(=O)Oc3ccccc3-c3ccccc32)cc1)c1ccccc1,,DOPO-based (additive),Designed,designed,P-N,2,benzamide,amide,Additive,B,1149.9590000000003,O=C(Nc1ccc(OP(=O)(Oc2ccccc2)OC(c2ccc(C(OP(=O)(Oc3ccccc3)Oc3ccccc3)P3(=O)Oc4ccccc4-c4ccccc43)cc2)P2(=O)Oc3ccccc3-c3ccccc32)cc1)c1ccccc1,10.773949332106621,1.2180434258960535,0.0,0.0,0.0,False,True,"Parent=TRAIN_137 (TDCA-DOPO-3); Change=Added benzamide_linker at aromatic atom 37.; Attachment=peripheral_aromatic; One-factor computational analogue. Parent_Tanimoto_r3=0.747; Max_Train_Tanimoto_r3=0.747; Risk=none. Synthesis route, regioselectivity, stability, equivalent balance and EP compatibility require manual review.",True,True,True,True,eligible,2,1.0,1.0,0.0,0.0,0.0,0.0,Candidate
LIB_0432,CAND_R2_273,TDCA-DOPO-3-phenyl,O=P(Oc1ccccc1)(Oc1ccccc1)OC(c1ccc(C(OP(=O)(Oc2ccccc2)Oc2ccc(-c3ccccc3)cc2)P2(=O)Oc3ccccc3-c3ccccc32)cc1)P1(=O)Oc2ccccc2-c2ccccc21,O=P(Oc1ccccc1)(Oc1ccccc1)OC(c1ccc(C(OP(=O)(Oc2ccccc2)Oc2ccc(-c3ccccc3)cc2)P2(=O)Oc3ccccc3-c3ccccc32)cc1)P1(=O)Oc2ccccc2-c2ccccc21,,DOPO-based (additive),Designed,designed,P-only,2,phenyl,none,Additive,B,1106.9340000000002,O=P(Oc1ccccc1)(Oc1ccccc1)OC(c1ccc(C(OP(=O)(Oc2ccccc2)Oc2ccc(-c3ccccc3)cc2)P2(=O)Oc3ccccc3-c3ccccc32)cc1)P1(=O)Oc2ccccc2-c2ccccc21,11.19271790368712,0.0,0.0,0.0,0.0,False,True,"Parent=TRAIN_137 (TDCA-DOPO-3); Change=Added phenyl at aromatic atom 37.; Attachment=peripheral_aromatic; One-factor computational analogue. Parent_Tanimoto_r3=0.844; Max_Train_Tanimoto_r3=0.844; Risk=none. Synthesis route, regioselectivity, stability, equivalent balance and EP compatibility require manual review.",True,True,True,True,eligible,2,1.0,0.0,0.0,0.0,0.0,0.0,Candidate
LIB_0433,CAND_R2_274,TDCA-DOPO-3-biphenyl,O=P(Oc1ccccc1)(Oc1ccccc1)OC(c1ccc(C(OP(=O)(Oc2ccccc2)Oc2ccc(-c3ccc(-c4ccccc4)cc3)cc2)P2(=O)Oc3ccccc3-c3ccccc32)cc1)P1(=O)Oc2ccccc2-c2ccccc21,O=P(Oc1ccccc1)(Oc1ccccc1)OC(c1ccc(C(OP(=O)(Oc2ccccc2)Oc2ccc(-c3ccc(-c4ccccc4)cc3)cc2)P2(=O)Oc3ccccc3-c3ccccc32)cc1)P1(=O)Oc2ccccc2-c2ccccc21,,DOPO-based (additive),Designed,designed,P-only,2,biphenyl,none,Additive,B,1183.0320000000002,O=P(Oc1ccccc1)(Oc1ccccc1)OC(c1ccc(C(OP(=O)(Oc2ccccc2)Oc2ccc(-c3ccc(-c4ccccc4)cc3)cc2)P2(=O)Oc3ccccc3-c3ccccc32)cc1)P1(=O)Oc2ccccc2-c2ccccc21,10.47275137105336,0.0,0.0,0.0,0.0,False,True,"Parent=TRAIN_137 (TDCA-DOPO-3); Change=Added biphenyl at aromatic atom 37.; Attachment=peripheral_aromatic; One-factor computational analogue. Parent_Tanimoto_r3=0.833; Max_Train_Tanimoto_r3=0.833; Risk=none. Synthesis route, regioselectivity, stability, equivalent balance and EP compatibility require manual review.",True,True,True,True,eligible,2,1.0,0.0,0.0,0.0,0.0,0.0,Candidate
LIB_0434,CAND_R2_275,Ti-POSS-bisDOPO-amino,CC(C)C[Si@]12O[Si@@]3(CC(C)C)O[Si@@](CC(C)C)(O1)O[Si@]1(CC(C)C)O[Si@@]4(CC(C)C)[O][Ti]([O]C(C)C)([O]2)[O][Si@@](CC(C)C)(O[Si@@](CCCN(CP2(=O)Oc5ccccc5-c5ccccc52)CP2(=O)Oc5ccc(N)cc5-c5ccccc52)(O3)O4)O1,CC(C)C[Si@]12O[Si@@]3(CC(C)C)O[Si@@](CC(C)C)(O1)O[Si@]1(CC(C)C)O[Si@@]4(CC(C)C)O[Ti](OC(C)C)(O2)O[Si@@](CC(C)C)(O[Si@@](CCCN(CP2(=O)Oc5ccccc5-c5ccccc52)CP2(=O)Oc5ccc(N)cc5-c5ccccc52)(O3)O4)O1,,DOPO-based (Co-curing),Designed,designed,P-N-Si,2,aryl-amino,NH2,Co-curing,B,1367.734,O=P1(CN(CCC[Si]23O[SiH]4O[SiH]5O[SiH]6O[SiH](O[Ti](O[SiH](O5)O4)O[SiH](O6)O2)O3)CP2(=O)Oc3ccccc3-c3ccccc32)Oc2ccccc2-c2ccccc21,4.529243259288721,2.0482052796815755,0.0,0.0,14.374286228170096,False,True,"Parent=TRAIN_112 (Ti-POSS-bisDOPO); Change=Added amino at aromatic atom 72.; Attachment=DOPO_core_aromatic; One-factor computational analogue. Parent_Tanimoto_r3=0.846; Max_Train_Tanimoto_r3=0.846; Risk=DOPO-core substitution route needs confirmation; high molecular weight. Synthesis route, regioselectivity, stability, equivalent balance and EP compatibility require manual review.",True,True,True,True,eligible,2,1.0,1.0,0.0,0.0,1.0,2.0,Candidate
LIB_0435,CAND_R2_276,Ti-POSS-bisDOPO-hydroxy,CC(C)C[Si@]12O[Si@@]3(CC(C)C)O[Si@@](CC(C)C)(O1)O[Si@]1(CC(C)C)O[Si@@]4(CC(C)C)[O][Ti]([O]C(C)C)([O]2)[O][Si@@](CC(C)C)(O[Si@@](CCCN(CP2(=O)Oc5ccccc5-c5ccccc52)CP2(=O)Oc5ccc(O)cc5-c5ccccc52)(O3)O4)O1,CC(C)C[Si@]12O[Si@@]3(CC(C)C)O[Si@@](CC(C)C)(O1)O[Si@]1(CC(C)C)O[Si@@]4(CC(C)C)O[Ti](OC(C)C)(O2)O[Si@@](CC(C)C)(O[Si@@](CCCN(CP2(=O)Oc5ccccc5-c5ccccc52)CP2(=O)Oc5ccc(O)cc5-c5ccccc52)(O3)O4)O1,,DOPO-based (additive),Designed,designed,P-N-Si,2,aryl-hydroxy,OH,Additive,B,1368.7179999999998,O=P1(CN(CCC[Si]23O[SiH]4O[SiH]5O[SiH]6O[SiH](O[Ti](O[SiH](O5)O4)O[SiH](O6)O2)O3)CP2(=O)Oc3ccccc3-c3ccccc32)Oc2ccccc2-c2ccccc21,4.525987091570361,1.0233663910316078,0.0,0.0,14.3639522531303,False,True,"Parent=TRAIN_112 (Ti-POSS-bisDOPO); Change=Added hydroxy at aromatic atom 72.; Attachment=DOPO_core_aromatic; One-factor computational analogue. Parent_Tanimoto_r3=0.846; Max_Train_Tanimoto_r3=0.846; Risk=DOPO-core substitution route needs confirmation; high molecular weight. Synthesis route, regioselectivity, stability, equivalent balance and EP compatibility require manual review.",True,True,True,True,eligible,2,1.0,1.0,0.0,0.0,1.0,0.0,Candidate
LIB_0436,CAND_R2_277,Ti-POSS-bisDOPO-boronic-acid,CC(C)C[Si@]12O[Si@@]3(CC(C)C)O[Si@@](CC(C)C)(O1)O[Si@]1(CC(C)C)O[Si@@]4(CC(C)C)[O][Ti]([O]C(C)C)([O]2)[O][Si@@](CC(C)C)(O[Si@@](CCCN(CP2(=O)Oc5ccccc5-c5ccccc52)CP2(=O)Oc5ccc(B(O)O)cc5-c5ccccc52)(O3)O4)O1,CC(C)C[Si@]12O[Si@@]3(CC(C)C)O[Si@@](CC(C)C)(O1)O[Si@]1(CC(C)C)O[Si@@]4(CC(C)C)O[Ti](OC(C)C)(O2)O[Si@@](CC(C)C)(O[Si@@](CCCN(CP2(=O)Oc5ccccc5-c5ccccc52)CP2(=O)Oc5ccc(B(O)O)cc5-c5ccccc52)(O3)O4)O1,,DOPO-based (additive),Designed,designed,P-N-Si-B,2,aryl-boronic-acid,B(OH)2,Additive,B,1396.5369999999998,O=P1(CN(CCC[Si]23O[SiH]4O[SiH]5O[SiH]6O[SiH](O[Ti](O[SiH](O5)O4)O[SiH](O6)O2)O3)CP2(=O)Oc3ccccc3-c3ccccc32)Oc2ccccc2-c2ccccc21,4.435829483930609,1.002980945008976,0.0,0.7742007551536408,14.07782249951129,False,True,"Parent=TRAIN_112 (Ti-POSS-bisDOPO); Change=Added boronic_acid at aromatic atom 72.; Attachment=DOPO_core_aromatic; One-factor computational analogue. Parent_Tanimoto_r3=0.822; Max_Train_Tanimoto_r3=0.822; Risk=DOPO-core substitution route needs confirmation; high molecular weight. Synthesis route, regioselectivity, stability, equivalent balance and EP compatibility require manual review.",True,True,True,True,eligible,2,1.0,1.0,0.0,1.0,1.0,0.0,Candidate
LIB_0437,CAND_R2_278,Ti-POSS-bisDOPO-trimethoxysilyl,CO[Si](OC)(OC)c1ccc2c(c1)-c1ccccc1P(=O)(CN(CCC[Si@]13O[Si@@]4(CC(C)C)O[Si@@]5(CC(C)C)O[Si@](CC(C)C)(O4)O[Si@@]4(CC(C)C)O[Si@@](CC(C)C)([O][Ti]([O]C(C)C)([O]5)[O][Si@@](CC(C)C)(O1)O4)O3)CP1(=O)Oc3ccccc3-c3ccccc31)O2,CO[Si](OC)(OC)c1ccc2c(c1)-c1ccccc1P(=O)(CN(CCC[Si@]13O[Si@@]4(CC(C)C)O[Si@@]5(CC(C)C)O[Si@](CC(C)C)(O4)O[Si@@]4(CC(C)C)O[Si@@](CC(C)C)(O[Ti](OC(C)C)(O5)O[Si@@](CC(C)C)(O1)O4)O3)CP1(=O)Oc3ccccc3-c3ccccc31)O2,,DOPO-based (additive+ Secondary Crosslinking),Designed,designed,P-N-Si,2,aryl-trimethoxysilyl,Si(OCH3)3,Additive + Secondary Crosslinking,B,1472.8989999999997,O=P1(CN(CCC[Si]23O[SiH]4O[SiH]5O[SiH]6O[SiH](O[Ti](O[SiH](O5)O4)O[SiH](O6)O2)O3)CP2(=O)Oc3ccccc3-c3ccccc32)Oc2ccccc2-c2ccccc21,4.205855255519897,0.950981703429767,0.0,0.0,15.254813805970405,False,True,"Parent=TRAIN_112 (Ti-POSS-bisDOPO); Change=Added trimethoxysilyl at aromatic atom 72.; Attachment=DOPO_core_aromatic; One-factor computational analogue. Parent_Tanimoto_r3=0.807; Max_Train_Tanimoto_r3=0.807; Risk=DOPO-core substitution route needs confirmation; high molecular weight. Synthesis route, regioselectivity, stability, equivalent balance and EP compatibility require manual review.",True,True,True,True,eligible,2,1.0,1.0,0.0,0.0,1.0,3.0,Candidate
LIB_0438,CAND_R2_279,Ti-POSS-bisDOPO-disiloxane,CC(C)C[Si@]12O[Si@@]3(CC(C)C)O[Si@@](CC(C)C)(O1)O[Si@]1(CC(C)C)O[Si@@]4(CC(C)C)[O][Ti]([O]C(C)C)([O]2)[O][Si@@](CC(C)C)(O[Si@@](CCCN(CP2(=O)Oc5ccccc5-c5ccccc52)CP2(=O)Oc5ccc([Si](C)(C)O[Si](C)(C)C)cc5-c5ccccc52)(O3)O4)O1,CC(C)C[Si@]12O[Si@@]3(CC(C)C)O[Si@@](CC(C)C)(O1)O[Si@]1(CC(C)C)O[Si@@]4(CC(C)C)O[Ti](OC(C)C)(O2)O[Si@@](CC(C)C)(O[Si@@](CCCN(CP2(=O)Oc5ccccc5-c5ccccc52)CP2(=O)Oc5ccc([Si](C)(C)O[Si](C)(C)C)cc5-c5ccccc52)(O3)O4)O1,,DOPO-based (additive),Designed,designed,P-N-Si,2,short-disiloxane,none,Additive,B,1499.056999999999,O=P1(CN(CCC[Si]23O[SiH]4O[SiH]5O[SiH]6O[SiH](O[Ti](O[SiH](O5)O4)O[SiH](O6)O2)O3)CP2(=O)Oc3ccccc3-c3ccccc32)Oc2ccccc2-c2ccccc21,4.13246460941779,0.9343874182235905,0.0,0.0,16.86220070350895,False,True,"Parent=TRAIN_112 (Ti-POSS-bisDOPO); Change=Added disiloxane at aromatic atom 72.; Attachment=DOPO_core_aromatic; One-factor computational analogue. Parent_Tanimoto_r3=0.793; Max_Train_Tanimoto_r3=0.793; Risk=DOPO-core substitution route needs confirmation; high molecular weight. Synthesis route, regioselectivity, stability, equivalent balance and EP compatibility require manual review.",True,True,True,True,eligible,2,1.0,1.0,0.0,0.0,1.0,0.0,Candidate
LIB_0439,CAND_R2_280,Ti-POSS-bisDOPO-glycidyloxy,CC(C)C[Si@]12O[Si@@]3(CC(C)C)O[Si@@](CC(C)C)(O1)O[Si@]1(CC(C)C)O[Si@@]4(CC(C)C)[O][Ti]([O]C(C)C)([O]2)[O][Si@@](CC(C)C)(O[Si@@](CCCN(CP2(=O)Oc5ccccc5-c5ccccc52)CP2(=O)Oc5ccc(OCC6CO6)cc5-c5ccccc52)(O3)O4)O1,CC(C)C[Si@]12O[Si@@]3(CC(C)C)O[Si@@](CC(C)C)(O1)O[Si@]1(CC(C)C)O[Si@@]4(CC(C)C)O[Ti](OC(C)C)(O2)O[Si@@](CC(C)C)(O[Si@@](CCCN(CP2(=O)Oc5ccccc5-c5ccccc52)CP2(=O)Oc5ccc(OCC6CO6)cc5-c5ccccc52)(O3)O4)O1,,DOPO-based (Co-curing),Designed,designed,P-N-Si,2,aryl-glycidyl-ether,epoxy,Co-curing,B,1424.782,O=P1(CN(CCC[Si]23O[SiH]4O[SiH]5O[SiH]6O[SiH](O[Ti](O[SiH](O5)O4)O[SiH](O6)O2)O3)CP2(=O)Oc3ccc(OCC4CO4)cc3-c3ccccc32)Oc2ccccc2-c2ccccc21,4.347893221559509,0.9830977651317887,0.0,0.0,13.79874254447347,False,True,"Parent=TRAIN_112 (Ti-POSS-bisDOPO); Change=Added glycidyloxy at aromatic atom 72.; Attachment=DOPO_core_aromatic; One-factor computational analogue. Parent_Tanimoto_r3=0.759; Max_Train_Tanimoto_r3=0.759; Risk=DOPO-core substitution route needs confirmation; high molecular weight. Synthesis route, regioselectivity, stability, equivalent balance and EP compatibility require manual review.",True,True,True,True,eligible,2,1.0,1.0,0.0,0.0,1.0,2.0,Candidate
LIB_0440,CAND_R2_281,Ti-POSS-bisDOPO-diaminotriazine,CC(C)C[Si@]12O[Si@@]3(CC(C)C)O[Si@@](CC(C)C)(O1)O[Si@]1(CC(C)C)O[Si@@]4(CC(C)C)[O][Ti]([O]C(C)C)([O]2)[O][Si@@](CC(C)C)(O[Si@@](CCCN(CP2(=O)Oc5ccccc5-c5ccccc52)CP2(=O)Oc5ccc(-c6nc(N)nc(N)n6)cc5-c5ccccc52)(O3)O4)O1,CC(C)C[Si@]12O[Si@@]3(CC(C)C)O[Si@@](CC(C)C)(O1)O[Si@]1(CC(C)C)O[Si@@]4(CC(C)C)O[Ti](OC(C)C)(O2)O[Si@@](CC(C)C)(O[Si@@](CCCN(CP2(=O)Oc5ccccc5-c5ccccc52)CP2(=O)Oc5ccc(-c6nc(N)nc(N)n6)cc5-c5ccccc52)(O3)O4)O1,,DOPO-based (Co-curing),Designed,designed,P-N-Si,2,"diamino-1,3,5-triazine",NH2,Co-curing,B,1461.8110000000001,O=P1(CN(CCC[Si]23O[SiH]4O[SiH]5O[SiH]6O[SiH](O[Ti](O[SiH](O5)O4)O[SiH](O6)O2)O3)CP2(=O)Oc3ccc(-c4ncncn4)cc3-c3ccccc32)Oc2ccccc2-c2ccccc21,4.237757138234696,5.749170036345328,0.0,0.0,13.44920786613317,False,True,"Parent=TRAIN_112 (Ti-POSS-bisDOPO); Change=Added diaminotriazine at aromatic atom 72.; Attachment=DOPO_core_aromatic; One-factor computational analogue. Parent_Tanimoto_r3=0.759; Max_Train_Tanimoto_r3=0.759; Risk=DOPO-core substitution route needs confirmation; high molecular weight. Synthesis route, regioselectivity, stability, equivalent balance and EP compatibility require manual review.",True,True,True,True,eligible,2,1.0,1.0,0.0,0.0,1.0,2.0,Candidate
LIB_0441,CAND_R2_282,Ti-POSS-bisDOPO-piperazine,CC(C)C[Si@]12O[Si@@]3(CC(C)C)O[Si@@](CC(C)C)(O1)O[Si@]1(CC(C)C)O[Si@@]4(CC(C)C)[O][Ti]([O]C(C)C)([O]2)[O][Si@@](CC(C)C)(O[Si@@](CCCN(CP2(=O)Oc5ccccc5-c5ccccc52)CP2(=O)Oc5ccc(N6CCNCC6)cc5-c5ccccc52)(O3)O4)O1,CC(C)C[Si@]12O[Si@@]3(CC(C)C)O[Si@@](CC(C)C)(O1)O[Si@]1(CC(C)C)O[Si@@]4(CC(C)C)O[Ti](OC(C)C)(O2)O[Si@@](CC(C)C)(O[Si@@](CCCN(CP2(=O)Oc5ccccc5-c5ccccc52)CP2(=O)Oc5ccc(N6CCNCC6)cc5-c5ccccc52)(O3)O4)O1,,DOPO-based (Co-curing),Designed,designed,P-N-Si,2,piperazine,NH,Co-curing,B,1436.8410000000001,O=P1(CN(CCC[Si]23O[SiH]4O[SiH]5O[SiH]6O[SiH](O[Ti](O[SiH](O5)O4)O[SiH](O6)O2)O3)CP2(=O)Oc3ccc(N4CCNCC4)cc3-c3ccccc32)Oc2ccccc2-c2ccccc21,4.311402583862793,2.9245407111851622,0.0,0.0,13.682933602256615,False,True,"Parent=TRAIN_112 (Ti-POSS-bisDOPO); Change=Added piperazine at aromatic atom 72.; Attachment=DOPO_core_aromatic; One-factor computational analogue. Parent_Tanimoto_r3=0.752; Max_Train_Tanimoto_r3=0.752; Risk=DOPO-core substitution route needs confirmation; high molecular weight. Synthesis route, regioselectivity, stability, equivalent balance and EP compatibility require manual review.",True,True,True,True,eligible,2,1.0,1.0,0.0,0.0,1.0,2.0,Candidate
LIB_0442,CAND_R2_283,DGEBDB-amino,COc1cc(C(c2cc(N)c(OCC3CO3)c(OC)c2)P2(=O)Oc3ccccc3-c3ccccc32)ccc1OCC1CO1,COc1cc(C(c2cc(N)c(OCC3CO3)c(OC)c2)P2(=O)Oc3ccccc3-c3ccccc32)ccc1OCC1CO1,,DOPO-based (Co-curing),Designed,designed,P-N,1,aryl-amino,NH2,Co-curing,B,601.592,O=P1(C(c2ccc(OCC3CO3)cc2)c2ccc(OCC3CO3)cc2)Oc2ccccc2-c2ccccc21,5.1486721897897585,2.3283221851354408,0.0,0.0,0.0,False,True,"Parent=TRAIN_004 (DGEBDB); Change=Added amino at aromatic atom 35.; Attachment=peripheral_aromatic; One-factor computational analogue. Parent_Tanimoto_r3=0.785; Max_Train_Tanimoto_r3=0.785; Risk=none. Synthesis route, regioselectivity, stability, equivalent balance and EP compatibility require manual review.",True,True,True,True,eligible,1,1.0,1.0,0.0,0.0,0.0,2.0,Candidate
LIB_0443,CAND_R2_284,DGEBDB-hydroxy,COc1cc(C(c2cc(O)c(OCC3CO3)c(OC)c2)P2(=O)Oc3ccccc3-c3ccccc32)ccc1OCC1CO1,COc1cc(C(c2cc(O)c(OCC3CO3)c(OC)c2)P2(=O)Oc3ccccc3-c3ccccc32)ccc1OCC1CO1,,DOPO-based (additive),Designed,designed,P-only,1,aryl-hydroxy,OH,Additive,B,602.576,O=P1(C(c2ccc(OCC3CO3)cc2)c2ccc(OCC3CO3)cc2)Oc2ccccc2-c2ccccc21,5.140264464565465,0.0,0.0,0.0,0.0,False,True,"Parent=TRAIN_004 (DGEBDB); Change=Added hydroxy at aromatic atom 35.; Attachment=peripheral_aromatic; One-factor computational analogue. Parent_Tanimoto_r3=0.785; Max_Train_Tanimoto_r3=0.785; Risk=none. Synthesis route, regioselectivity, stability, equivalent balance and EP compatibility require manual review.",True,True,True,True,eligible,1,1.0,0.0,0.0,0.0,0.0,0.0,Candidate
LIB_0444,CAND_R2_285,DGEBDB-hydroxymethyl,COc1cc(C(c2cc(CO)c(OCC3CO3)c(OC)c2)P2(=O)Oc3ccccc3-c3ccccc32)ccc1OCC1CO1,COc1cc(C(c2cc(CO)c(OCC3CO3)c(OC)c2)P2(=O)Oc3ccccc3-c3ccccc32)ccc1OCC1CO1,,DOPO-based (additive),Designed,designed,P-only,1,aryl-hydroxymethyl,CH2OH,Additive,B,616.6030000000001,O=P1(C(c2ccc(OCC3CO3)cc2)c2ccc(OCC3CO3)cc2)Oc2ccccc2-c2ccccc21,5.023329435633625,0.0,0.0,0.0,0.0,False,True,"Parent=TRAIN_004 (DGEBDB); Change=Added hydroxymethyl at aromatic atom 35.; Attachment=peripheral_aromatic; One-factor computational analogue. Parent_Tanimoto_r3=0.768; Max_Train_Tanimoto_r3=0.768; Risk=none. Synthesis route, regioselectivity, stability, equivalent balance and EP compatibility require manual review.",True,True,True,True,eligible,1,1.0,0.0,0.0,0.0,0.0,0.0,Candidate
LIB_0445,CAND_R2_286,DGEBDB-carboxamide,COc1cc(C(c2cc(OC)c(OCC3CO3)c(C(N)=O)c2)P2(=O)Oc3ccccc3-c3ccccc32)ccc1OCC1CO1,COc1cc(C(c2cc(OC)c(OCC3CO3)c(C(N)=O)c2)P2(=O)Oc3ccccc3-c3ccccc32)ccc1OCC1CO1,,DOPO-based (additive),Designed,designed,P-N,1,aryl-carboxamide,amide,Additive,B,629.6020000000001,O=P1(C(c2ccc(OCC3CO3)cc2)c2ccc(OCC3CO3)cc2)Oc2ccccc2-c2ccccc21,4.91961588432057,2.224738803243954,0.0,0.0,0.0,False,True,"Parent=TRAIN_004 (DGEBDB); Change=Added carboxamide at aromatic atom 35.; Attachment=peripheral_aromatic; One-factor computational analogue. Parent_Tanimoto_r3=0.768; Max_Train_Tanimoto_r3=0.768; Risk=none. Synthesis route, regioselectivity, stability, equivalent balance and EP compatibility require manual review.",True,True,True,True,eligible,1,1.0,1.0,0.0,0.0,0.0,0.0,Candidate
LIB_0446,CAND_R2_287,DGEBDB-boronic-acid,COc1cc(C(c2cc(OC)c(OCC3CO3)c(B(O)O)c2)P2(=O)Oc3ccccc3-c3ccccc32)ccc1OCC1CO1,COc1cc(C(c2cc(OC)c(OCC3CO3)c(B(O)O)c2)P2(=O)Oc3ccccc3-c3ccccc32)ccc1OCC1CO1,,DOPO-based (additive),Designed,designed,P-B,1,aryl-boronic-acid,B(OH)2,Additive,B,630.395,O=P1(C(c2ccc(OCC3CO3)cc2)c2ccc(OCC3CO3)cc2)Oc2ccccc2-c2ccccc21,4.913427295584515,0.0,0.0,1.7151151262303794,0.0,False,True,"Parent=TRAIN_004 (DGEBDB); Change=Added boronic_acid at aromatic atom 35.; Attachment=peripheral_aromatic; One-factor computational analogue. Parent_Tanimoto_r3=0.768; Max_Train_Tanimoto_r3=0.768; Risk=none. Synthesis route, regioselectivity, stability, equivalent balance and EP compatibility require manual review.",True,True,True,True,eligible,1,1.0,0.0,0.0,1.0,0.0,0.0,Candidate
LIB_0447,CAND_R2_288,DGEBDB-pinacol-boronate,COc1cc(C(c2cc(OC)c(OCC3CO3)c(B3OC(C)(C)C(C)(C)O3)c2)P2(=O)Oc3ccccc3-c3ccccc32)ccc1OCC1CO1,COc1cc(C(c2cc(OC)c(OCC3CO3)c(B3OC(C)(C)C(C)(C)O3)c2)P2(=O)Oc3ccccc3-c3ccccc32)ccc1OCC1CO1,,DOPO-based (additive),Designed,designed,P-B,1,aryl-pinacol-boronate,pinacol boronate,Additive,B,712.541,O=P1(C(c2ccc(OCC3CO3)cc2)c2ccc(OCC3CO3)c(B3OCCO3)c2)Oc2ccccc2-c2ccccc21,4.346977928287635,0.0,0.0,1.5173863679423358,0.0,False,True,"Parent=TRAIN_004 (DGEBDB); Change=Added pinacol_boronate at aromatic atom 35.; Attachment=peripheral_aromatic; One-factor computational analogue. Parent_Tanimoto_r3=0.716; Max_Train_Tanimoto_r3=0.716; Risk=none. Synthesis route, regioselectivity, stability, equivalent balance and EP compatibility require manual review.",True,True,True,True,eligible,1,1.0,0.0,0.0,1.0,0.0,0.0,Candidate
LIB_0448,CAND_R2_289,DGEBDB-trimethoxysilyl,COc1cc(C(c2cc(OC)c(OCC3CO3)c([Si](OC)(OC)OC)c2)P2(=O)Oc3ccccc3-c3ccccc32)ccc1OCC1CO1,COc1cc(C(c2cc(OC)c(OCC3CO3)c([Si](OC)(OC)OC)c2)P2(=O)Oc3ccccc3-c3ccccc32)ccc1OCC1CO1,,DOPO-based (additive+ Secondary Crosslinking),Designed,designed,P-Si,1,aryl-trimethoxysilyl,Si(OCH3)3,Additive + Secondary Crosslinking,B,706.7570000000001,O=P1(C(c2ccc(OCC3CO3)cc2)c2ccc(OCC3CO3)cc2)Oc2ccccc2-c2ccccc21,4.382552984972204,0.0,0.0,0.0,3.9739259745570257,False,True,"Parent=TRAIN_004 (DGEBDB); Change=Added trimethoxysilyl at aromatic atom 35.; Attachment=peripheral_aromatic; One-factor computational analogue. Parent_Tanimoto_r3=0.760; Max_Train_Tanimoto_r3=0.760; Risk=none. Synthesis route, regioselectivity, stability, equivalent balance and EP compatibility require manual review.",True,True,True,True,eligible,1,1.0,0.0,0.0,0.0,1.0,3.0,Candidate
LIB_0449,CAND_R2_290,DGEBDB-triethoxysilyl,CCO[Si](OCC)(OCC)c1cc(C(c2ccc(OCC3CO3)c(OC)c2)P2(=O)Oc3ccccc3-c3ccccc32)cc(OC)c1OCC1CO1,CCO[Si](OCC)(OCC)c1cc(C(c2ccc(OCC3CO3)c(OC)c2)P2(=O)Oc3ccccc3-c3ccccc32)cc(OC)c1OCC1CO1,,DOPO-based (additive+ Secondary Crosslinking),Designed,designed,P-Si,1,aryl-triethoxysilyl,Si(OC2H5)3,Additive + Secondary Crosslinking,B,748.8380000000001,O=P1(C(c2ccc(OCC3CO3)cc2)c2ccc(OCC3CO3)cc2)Oc2ccccc2-c2ccccc21,4.136275135610105,0.0,0.0,0.0,3.7506109465598696,False,True,"Parent=TRAIN_004 (DGEBDB); Change=Added triethoxysilyl at aromatic atom 35.; Attachment=peripheral_aromatic; One-factor computational analogue. Parent_Tanimoto_r3=0.723; Max_Train_Tanimoto_r3=0.723; Risk=none. Synthesis route, regioselectivity, stability, equivalent balance and EP compatibility require manual review.",True,True,True,True,eligible,1,1.0,0.0,0.0,0.0,1.0,3.0,Candidate
LIB_0450,CAND_R2_291,DGEBDB-disiloxane,COc1cc(C(c2cc(OC)c(OCC3CO3)c([Si](C)(C)O[Si](C)(C)C)c2)P2(=O)Oc3ccccc3-c3ccccc32)ccc1OCC1CO1,COc1cc(C(c2cc(OC)c(OCC3CO3)c([Si](C)(C)O[Si](C)(C)C)c2)P2(=O)Oc3ccccc3-c3ccccc32)ccc1OCC1CO1,,DOPO-based (additive),Designed,designed,P-Si,1,short-disiloxane,none,Additive,B,732.9150000000001,O=P1(C(c2ccc(OCC3CO3)cc2)c2ccc(OCC3CO3)cc2)Oc2ccccc2-c2ccccc21,4.226138092411808,0.0,0.0,0.0,7.664190253985796,False,True,"Parent=TRAIN_004 (DGEBDB); Change=Added disiloxane at aromatic atom 35.; Attachment=peripheral_aromatic; One-factor computational analogue. Parent_Tanimoto_r3=0.730; Max_Train_Tanimoto_r3=0.730; Risk=none. Synthesis route, regioselectivity, stability, equivalent balance and EP compatibility require manual review.",True,True,True,True,eligible,1,1.0,0.0,0.0,0.0,1.0,0.0,Candidate
LIB_0451,CAND_R2_292,DGEBDB-glycidyloxy,COc1cc(C(c2cc(OC)c(OCC3CO3)c(OCC3CO3)c2)P2(=O)Oc3ccccc3-c3ccccc32)ccc1OCC1CO1,COc1cc(C(c2cc(OC)c(OCC3CO3)c(OCC3CO3)c2)P2(=O)Oc3ccccc3-c3ccccc32)ccc1OCC1CO1,,DOPO-based (Co-curing),Designed,designed,P-only,1,aryl-glycidyl-ether,epoxy,Co-curing,B,658.6400000000001,O=P1(C(c2ccc(OCC3CO3)cc2)c2ccc(OCC3CO3)c(OCC3CO3)c2)Oc2ccccc2-c2ccccc21,4.702720757925421,0.0,0.0,0.0,0.0,False,True,"Parent=TRAIN_004 (DGEBDB); Change=Added glycidyloxy at aromatic atom 35.; Attachment=peripheral_aromatic; One-factor computational analogue. Parent_Tanimoto_r3=0.811; Max_Train_Tanimoto_r3=0.811; Risk=none. Synthesis route, regioselectivity, stability, equivalent balance and EP compatibility require manual review.",True,True,True,True,eligible,1,1.0,0.0,0.0,0.0,0.0,2.0,Candidate
LIB_0452,CAND_R2_293,DGEBDB-diaminotriazine,COc1cc(C(c2cc(OC)c(OCC3CO3)c(-c3nc(N)nc(N)n3)c2)P2(=O)Oc3ccccc3-c3ccccc32)ccc1OCC1CO1,COc1cc(C(c2cc(OC)c(OCC3CO3)c(-c3nc(N)nc(N)n3)c2)P2(=O)Oc3ccccc3-c3ccccc32)ccc1OCC1CO1,,DOPO-based (Co-curing),Designed,designed,P-N,1,"diamino-1,3,5-triazine",NH2,Co-curing,B,695.6690000000001,O=P1(C(c2ccc(OCC3CO3)cc2)c2ccc(OCC3CO3)c(-c3ncncn3)c2)Oc2ccccc2-c2ccccc21,4.452404807458719,10.067287747477607,0.0,0.0,0.0,False,True,"Parent=TRAIN_004 (DGEBDB); Change=Added diaminotriazine at aromatic atom 35.; Attachment=peripheral_aromatic; One-factor computational analogue. Parent_Tanimoto_r3=0.702; Max_Train_Tanimoto_r3=0.702; Risk=none. Synthesis route, regioselectivity, stability, equivalent balance and EP compatibility require manual review.",True,True,True,True,eligible,1,1.0,1.0,0.0,0.0,0.0,2.0,Candidate
LIB_0453,CAND_R2_294,DGEBDB-piperazine,COc1cc(C(c2cc(OC)c(OCC3CO3)c(N3CCNCC3)c2)P2(=O)Oc3ccccc3-c3ccccc32)ccc1OCC1CO1,COc1cc(C(c2cc(OC)c(OCC3CO3)c(N3CCNCC3)c2)P2(=O)Oc3ccccc3-c3ccccc32)ccc1OCC1CO1,,DOPO-based (Co-curing),Designed,designed,P-N,1,piperazine,NH,Co-curing,B,670.6990000000002,O=P1(C(c2ccc(OCC3CO3)cc2)c2ccc(OCC3CO3)c(N3CCNCC3)c2)Oc2ccccc2-c2ccccc21,4.618167016798891,4.17683640500433,0.0,0.0,0.0,False,True,"Parent=TRAIN_004 (DGEBDB); Change=Added piperazine at aromatic atom 35.; Attachment=peripheral_aromatic; One-factor computational analogue. Parent_Tanimoto_r3=0.702; Max_Train_Tanimoto_r3=0.702; Risk=none. Synthesis route, regioselectivity, stability, equivalent balance and EP compatibility require manual review.",True,True,True,True,eligible,1,1.0,1.0,0.0,0.0,0.0,2.0,Candidate
LIB_0454,CAND_R2_295,DGEBDB-benzamide-linker,COc1cc(C(c2cc(NC(=O)c3ccccc3)c(OCC3CO3)c(OC)c2)P2(=O)Oc3ccccc3-c3ccccc32)ccc1OCC1CO1,COc1cc(C(c2cc(NC(=O)c3ccccc3)c(OCC3CO3)c(OC)c2)P2(=O)Oc3ccccc3-c3ccccc32)ccc1OCC1CO1,,DOPO-based (additive),Designed,designed,P-N,1,benzamide,amide,Additive,B,705.7000000000002,O=C(Nc1cc(C(c2ccc(OCC3CO3)cc2)P2(=O)Oc3ccccc3-c3ccccc32)ccc1OCC1CO1)c1ccccc1,4.389117188607056,1.9848377497520189,0.0,0.0,0.0,False,True,"Parent=TRAIN_004 (DGEBDB); Change=Added benzamide_linker at aromatic atom 35.; Attachment=peripheral_aromatic; One-factor computational analogue. Parent_Tanimoto_r3=0.695; Max_Train_Tanimoto_r3=0.695; Risk=candidate may be outside strict in-domain threshold. Synthesis route, regioselectivity, stability, equivalent balance and EP compatibility require manual review.",True,True,True,True,eligible,1,1.0,1.0,0.0,0.0,0.0,0.0,Candidate
LIB_0455,CAND_R2_296,DGEBDB-phenyl,COc1cc(C(c2cc(OC)c(OCC3CO3)c(-c3ccccc3)c2)P2(=O)Oc3ccccc3-c3ccccc32)ccc1OCC1CO1,COc1cc(C(c2cc(OC)c(OCC3CO3)c(-c3ccccc3)c2)P2(=O)Oc3ccccc3-c3ccccc32)ccc1OCC1CO1,,DOPO-based (additive),Designed,designed,P-only,1,phenyl,none,Additive,B,662.6750000000001,O=P1(C(c2ccc(OCC3CO3)cc2)c2ccc(OCC3CO3)c(-c3ccccc3)c2)Oc2ccccc2-c2ccccc21,4.674086090466669,0.0,0.0,0.0,0.0,False,True,"Parent=TRAIN_004 (DGEBDB); Change=Added phenyl at aromatic atom 35.; Attachment=peripheral_aromatic; One-factor computational analogue. Parent_Tanimoto_r3=0.753; Max_Train_Tanimoto_r3=0.753; Risk=none. Synthesis route, regioselectivity, stability, equivalent balance and EP compatibility require manual review.",True,True,True,True,eligible,1,1.0,0.0,0.0,0.0,0.0,0.0,Candidate
LIB_0456,CAND_R2_297,DGEBDB-biphenyl,COc1cc(C(c2cc(OC)c(OCC3CO3)c(-c3ccc(-c4ccccc4)cc3)c2)P2(=O)Oc3ccccc3-c3ccccc32)ccc1OCC1CO1,COc1cc(C(c2cc(OC)c(OCC3CO3)c(-c3ccc(-c4ccccc4)cc3)c2)P2(=O)Oc3ccccc3-c3ccccc32)ccc1OCC1CO1,,DOPO-based (additive),Designed,designed,P-only,1,biphenyl,none,Additive,B,738.773,O=P1(C(c2ccc(OCC3CO3)cc2)c2ccc(OCC3CO3)c(-c3ccc(-c4ccccc4)cc3)c2)Oc2ccccc2-c2ccccc21,4.192627505336551,0.0,0.0,0.0,0.0,False,True,"Parent=TRAIN_004 (DGEBDB); Change=Added biphenyl at aromatic atom 35.; Attachment=peripheral_aromatic; One-factor computational analogue. Parent_Tanimoto_r3=0.709; Max_Train_Tanimoto_r3=0.709; Risk=none. Synthesis route, regioselectivity, stability, equivalent balance and EP compatibility require manual review.",True,True,True,True,eligible,1,1.0,0.0,0.0,0.0,0.0,0.0,Candidate
LIB_0457,CAND_R2_298,DGEBDB-methoxy-to-phenol-all,O=P1(C(c2ccc(OCC3CO3)c(O)c2)c2ccc(OCC3CO3)c(O)c2)Oc2ccccc2-c2ccccc21,O=P1(C(c2ccc(OCC3CO3)c(O)c2)c2ccc(OCC3CO3)c(O)c2)Oc2ccccc2-c2ccccc21,,DOPO-based (additive),Designed,designed,P-only,1,demethylated-phenol-all,OH,Additive,B,558.5230000000003,O=P1(C(c2ccc(OCC3CO3)cc2)c2ccc(OCC3CO3)cc2)Oc2ccccc2-c2ccccc21,5.545698207593955,0.0,0.0,0.0,0.0,False,True,"Parent=TRAIN_004 (DGEBDB); Change=Demethylated one aryl methoxy group to phenolic OH. Converted all matching groups.; Attachment=all_sites; One-factor computational analogue. Parent_Tanimoto_r3=0.729; Max_Train_Tanimoto_r3=0.729; Risk=none. Synthesis route, regioselectivity, stability, equivalent balance and EP compatibility require manual review.",True,True,True,True,eligible,1,1.0,0.0,0.0,0.0,0.0,0.0,Candidate
LIB_0458,CAND_R2_299,D-AZ-amino,Nc1cnc(NP2(=O)Oc3ccccc3-c3ccccc32)s1,Nc1cnc(NP2(=O)Oc3ccccc3-c3ccccc32)s1,,DOPO-based (Co-curing),Designed,designed,P-N-S,1,aryl-amino,NH2,Co-curing,B,329.321,O=P1(Nc2nccs2)Oc2ccccc2-c2ccccc21,9.405412955748343,12.759890805627336,9.737307976108415,0.0,0.0,False,True,"Parent=TRAIN_042 (D-AZ); Change=Added amino at aromatic atom 6.; Attachment=peripheral_aromatic; One-factor computational analogue. Parent_Tanimoto_r3=0.623; Max_Train_Tanimoto_r3=0.623; Risk=large structural change from parent; candidate may be outside strict in-domain threshold. Synthesis route, regioselectivity, stability, equivalent balance and EP compatibility require manual review.",True,True,True,True,eligible,1,1.0,1.0,1.0,0.0,0.0,2.0,Candidate
LIB_0459,CAND_R2_300,D-AZ-hydroxy,O=P1(Nc2ncc(O)s2)Oc2ccccc2-c2ccccc21,O=P1(Nc2ncc(O)s2)Oc2ccccc2-c2ccccc21,,DOPO-based (additive),Designed,designed,P-N-S,1,aryl-hydroxy,OH,Additive,B,330.30500000000006,O=P1(Nc2nccs2)Oc2ccccc2-c2ccccc21,9.377393621047212,8.481252176019133,9.708299904633593,0.0,0.0,False,True,"Parent=TRAIN_042 (D-AZ); Change=Added hydroxy at aromatic atom 6.; Attachment=peripheral_aromatic; One-factor computational analogue. Parent_Tanimoto_r3=0.623; Max_Train_Tanimoto_r3=0.623; Risk=large structural change from parent; candidate may be outside strict in-domain threshold. Synthesis route, regioselectivity, stability, equivalent balance and EP compatibility require manual review.",True,True,True,True,eligible,1,1.0,1.0,1.0,0.0,0.0,0.0,Candidate
LIB_0460,CAND_R2_301,D-AZ-hydroxymethyl,O=P1(Nc2ncc(CO)s2)Oc2ccccc2-c2ccccc21,O=P1(Nc2ncc(CO)s2)Oc2ccccc2-c2ccccc21,,DOPO-based (additive),Designed,designed,P-N-S,1,aryl-hydroxymethyl,CH2OH,Additive,B,344.3320000000001,O=P1(Nc2nccs2)Oc2ccccc2-c2ccccc21,8.995388171880624,8.13575270378588,9.312814376822365,0.0,0.0,False,True,"Parent=TRAIN_042 (D-AZ); Change=Added hydroxymethyl at aromatic atom 6.; Attachment=peripheral_aromatic; One-factor computational analogue. Parent_Tanimoto_r3=0.597; Max_Train_Tanimoto_r3=0.597; Risk=large structural change from parent; candidate may be outside strict in-domain threshold. Synthesis route, regioselectivity, stability, equivalent balance and EP compatibility require manual review.",True,True,True,True,eligible,1,1.0,1.0,1.0,0.0,0.0,0.0,Candidate
LIB_0461,CAND_R2_302,D-AZ-carboxamide,NC(=O)c1cnc(NP2(=O)Oc3ccccc3-c3ccccc32)s1,NC(=O)c1cnc(NP2(=O)Oc3ccccc3-c3ccccc32)s1,,DOPO-based (additive),Designed,designed,P-N-S,1,aryl-carboxamide,amide,Additive,B,357.3310000000001,O=P1(Nc2nccs2)Oc2ccccc2-c2ccccc21,8.668153616674735,11.759684997943083,8.974032479689697,0.0,0.0,False,True,"Parent=TRAIN_042 (D-AZ); Change=Added carboxamide at aromatic atom 6.; Attachment=peripheral_aromatic; One-factor computational analogue. Parent_Tanimoto_r3=0.581; Max_Train_Tanimoto_r3=0.581; Risk=large structural change from parent; candidate may be outside strict in-domain threshold. Synthesis route, regioselectivity, stability, equivalent balance and EP compatibility require manual review.",True,True,True,True,eligible,1,1.0,1.0,1.0,0.0,0.0,0.0,Candidate
LIB_0462,CAND_R2_303,D-AZ-boronic-acid,O=P1(Nc2ncc(B(O)O)s2)Oc2ccccc2-c2ccccc21,O=P1(Nc2ncc(B(O)O)s2)Oc2ccccc2-c2ccccc21,,DOPO-based (additive),Designed,designed,P-N-B-S,1,aryl-boronic-acid,B(OH)2,Additive,B,358.1240000000001,O=P1(Nc2nccs2)Oc2ccccc2-c2ccccc21,8.64895957824664,7.822430219700437,8.954161128547652,3.0190660218248424,0.0,False,True,"Parent=TRAIN_042 (D-AZ); Change=Added boronic_acid at aromatic atom 6.; Attachment=peripheral_aromatic; One-factor computational analogue. Parent_Tanimoto_r3=0.589; Max_Train_Tanimoto_r3=0.589; Risk=large structural change from parent; candidate may be outside strict in-domain threshold. Synthesis route, regioselectivity, stability, equivalent balance and EP compatibility require manual review.",True,True,True,True,eligible,1,1.0,1.0,1.0,1.0,0.0,0.0,Candidate
LIB_0463,CAND_R2_304,D-AZ-pinacol-boronate,CC1(C)OB(c2cnc(NP3(=O)Oc4ccccc4-c4ccccc43)s2)OC1(C)C,CC1(C)OB(c2cnc(NP3(=O)Oc4ccccc4-c4ccccc43)s2)OC1(C)C,,DOPO-based (additive),Designed,designed,P-N-B-S,1,aryl-pinacol-boronate,pinacol boronate,Additive,C,440.2700000000002,O=P1(Nc2ncc(B3OCCO3)s2)Oc2ccccc2-c2ccccc21,7.035228382583411,6.362913666613666,7.283485134122239,2.4557657800894894,0.0,False,False,"Parent=TRAIN_042 (D-AZ); Change=Added pinacol_boronate at aromatic atom 6.; Attachment=peripheral_aromatic; One-factor computational analogue. Parent_Tanimoto_r3=0.537; Max_Train_Tanimoto_r3=0.537; Risk=large structural change from parent; candidate may be outside strict in-domain threshold; exploratory only; excluded from formal screening. Synthesis route, regioselectivity, stability, equivalent balance and EP compatibility require manual review.",True,True,True,False,synthesis_level_C_or_missing,1,1.0,1.0,1.0,1.0,0.0,0.0,Candidate
LIB_0464,CAND_R2_305,D-AZ-trimethoxysilyl,CO[Si](OC)(OC)c1cnc(NP2(=O)Oc3ccccc3-c3ccccc32)s1,CO[Si](OC)(OC)c1cnc(NP2(=O)Oc3ccccc3-c3ccccc32)s1,,DOPO-based (additive+ Secondary Crosslinking),Designed,designed,P-N-Si-S,1,aryl-trimethoxysilyl,Si(OCH3)3,Additive + Secondary Crosslinking,B,434.4860000000001,O=P1(Nc2nccs2)Oc2ccccc2-c2ccccc21,7.128883324203771,6.447618565385304,7.3804449395377505,0.0,6.464189870329537,False,True,"Parent=TRAIN_042 (D-AZ); Change=Added trimethoxysilyl at aromatic atom 6.; Attachment=peripheral_aromatic; One-factor computational analogue. Parent_Tanimoto_r3=0.558; Max_Train_Tanimoto_r3=0.558; Risk=large structural change from parent; candidate may be outside strict in-domain threshold. Synthesis route, regioselectivity, stability, equivalent balance and EP compatibility require manual review.",True,True,True,True,eligible,1,1.0,1.0,1.0,0.0,1.0,3.0,Candidate
LIB_0465,CAND_R2_306,D-AZ-triethoxysilyl,CCO[Si](OCC)(OCC)c1cnc(NP2(=O)Oc3ccccc3-c3ccccc32)s1,CCO[Si](OCC)(OCC)c1cnc(NP2(=O)Oc3ccccc3-c3ccccc32)s1,,DOPO-based (additive+ Secondary Crosslinking),Designed,designed,P-N-Si-S,1,aryl-triethoxysilyl,Si(OC2H5)3,Additive + Secondary Crosslinking,C,476.5670000000002,O=P1(Nc2nccs2)Oc2ccccc2-c2ccccc21,6.499400923689636,5.878292034488328,6.728749577708903,0.0,5.893400088549981,False,False,"Parent=TRAIN_042 (D-AZ); Change=Added triethoxysilyl at aromatic atom 6.; Attachment=peripheral_aromatic; One-factor computational analogue. Parent_Tanimoto_r3=0.531; Max_Train_Tanimoto_r3=0.531; Risk=large structural change from parent; candidate may be outside strict in-domain threshold; exploratory only; excluded from formal screening. Synthesis route, regioselectivity, stability, equivalent balance and EP compatibility require manual review.",True,True,True,False,synthesis_level_C_or_missing,1,1.0,1.0,1.0,0.0,1.0,3.0,Candidate
LIB_0466,CAND_R2_307,D-AZ-disiloxane,C[Si](C)(C)O[Si](C)(C)c1cnc(NP2(=O)Oc3ccccc3-c3ccccc32)s1,C[Si](C)(C)O[Si](C)(C)c1cnc(NP2(=O)Oc3ccccc3-c3ccccc32)s1,,DOPO-based (additive),Designed,designed,P-N-Si-S,1,short-disiloxane,none,Additive,B,460.6440000000002,O=P1(Nc2nccs2)Oc2ccccc2-c2ccccc21,6.724064570470904,6.0814859197124,6.96134107901112,0.0,12.194232422434673,False,True,"Parent=TRAIN_042 (D-AZ); Change=Added disiloxane at aromatic atom 6.; Attachment=peripheral_aromatic; One-factor computational analogue. Parent_Tanimoto_r3=0.551; Max_Train_Tanimoto_r3=0.551; Risk=large structural change from parent; candidate may be outside strict in-domain threshold. Synthesis route, regioselectivity, stability, equivalent balance and EP compatibility require manual review.",True,True,True,True,eligible,1,1.0,1.0,1.0,0.0,1.0,0.0,Candidate
LIB_0467,CAND_R2_308,D-AZ-glycidyloxy,O=P1(Nc2ncc(OCC3CO3)s2)Oc2ccccc2-c2ccccc21,O=P1(Nc2ncc(OCC3CO3)s2)Oc2ccccc2-c2ccccc21,,DOPO-based (Co-curing),Designed,designed,P-N-S,1,aryl-glycidyl-ether,epoxy,Co-curing,C,386.3690000000001,O=P1(Nc2ncc(OCC3CO3)s2)Oc2ccccc2-c2ccccc21,8.016688709497913,7.250581697807017,8.299578899963505,0.0,0.0,False,False,"Parent=TRAIN_042 (D-AZ); Change=Added glycidyloxy at aromatic atom 6.; Attachment=peripheral_aromatic; One-factor computational analogue. Parent_Tanimoto_r3=0.512; Max_Train_Tanimoto_r3=0.512; Risk=large structural change from parent; candidate may be outside strict in-domain threshold; exploratory only; excluded from formal screening. Synthesis route, regioselectivity, stability, equivalent balance and EP compatibility require manual review.",True,True,True,False,synthesis_level_C_or_missing,1,1.0,1.0,1.0,0.0,0.0,2.0,Candidate
LIB_0468,CAND_R2_309,D-AZ-diaminotriazine,Nc1nc(N)nc(-c2cnc(NP3(=O)Oc4ccccc4-c4ccccc43)s2)n1,Nc1nc(N)nc(-c2cnc(NP3(=O)Oc4ccccc4-c4ccccc43)s2)n1,,DOPO-based (Co-curing),Designed,designed,P-N-S,1,"diamino-1,3,5-triazine",NH2,Co-curing,C,423.3980000000001,O=P1(Nc2ncc(-c3ncncn3)s2)Oc2ccccc2-c2ccccc21,7.315575416038809,23.157643635539134,7.573724958549637,0.0,0.0,False,False,"Parent=TRAIN_042 (D-AZ); Change=Added diaminotriazine at aromatic atom 6.; Attachment=peripheral_aromatic; One-factor computational analogue. Parent_Tanimoto_r3=0.537; Max_Train_Tanimoto_r3=0.537; Risk=large structural change from parent; candidate may be outside strict in-domain threshold; exploratory only; excluded from formal screening. Synthesis route, regioselectivity, stability, equivalent balance and EP compatibility require manual review.",True,True,True,False,synthesis_level_C_or_missing,1,1.0,1.0,1.0,0.0,0.0,2.0,Candidate
LIB_0469,CAND_R2_310,D-AZ-piperazine,O=P1(Nc2ncc(N3CCNCC3)s2)Oc2ccccc2-c2ccccc21,O=P1(Nc2ncc(N3CCNCC3)s2)Oc2ccccc2-c2ccccc21,,DOPO-based (Co-curing),Designed,designed,P-N-S,1,piperazine,NH,Co-curing,C,398.4280000000001,O=P1(Nc2ncc(N3CCNCC3)s2)Oc2ccccc2-c2ccccc21,7.77405202445611,14.062264700272065,8.048380133926328,0.0,0.0,False,False,"Parent=TRAIN_042 (D-AZ); Change=Added piperazine at aromatic atom 6.; Attachment=peripheral_aromatic; One-factor computational analogue. Parent_Tanimoto_r3=0.518; Max_Train_Tanimoto_r3=0.518; Risk=large structural change from parent; candidate may be outside strict in-domain threshold; exploratory only; excluded from formal screening. Synthesis route, regioselectivity, stability, equivalent balance and EP compatibility require manual review.",True,True,True,False,synthesis_level_C_or_missing,1,1.0,1.0,1.0,0.0,0.0,2.0,Candidate
LIB_0470,CAND_R2_311,D-AZ-benzamide-linker,O=C(Nc1cnc(NP2(=O)Oc3ccccc3-c3ccccc32)s1)c1ccccc1,O=C(Nc1cnc(NP2(=O)Oc3ccccc3-c3ccccc32)s1)c1ccccc1,,DOPO-based (additive),Designed,designed,P-N-S,1,benzamide,amide,Additive,C,433.4290000000001,O=C(Nc1cnc(NP2(=O)Oc3ccccc3-c3ccccc32)s1)c1ccccc1,7.146268477651471,9.695013485484358,7.398443574380115,0.0,0.0,False,False,"Parent=TRAIN_042 (D-AZ); Change=Added benzamide_linker at aromatic atom 6.; Attachment=peripheral_aromatic; One-factor computational analogue. Parent_Tanimoto_r3=0.512; Max_Train_Tanimoto_r3=0.512; Risk=large structural change from parent; candidate may be outside strict in-domain threshold; exploratory only; excluded from formal screening. Synthesis route, regioselectivity, stability, equivalent balance and EP compatibility require manual review.",True,True,True,False,synthesis_level_C_or_missing,1,1.0,1.0,1.0,0.0,0.0,0.0,Candidate
LIB_0471,CAND_R2_312,D-AZ-phenyl,O=P1(Nc2ncc(-c3ccccc3)s2)Oc2ccccc2-c2ccccc21,O=P1(Nc2ncc(-c3ccccc3)s2)Oc2ccccc2-c2ccccc21,,DOPO-based (additive),Designed,designed,P-N-S,1,phenyl,none,Additive,B,390.4040000000001,O=P1(Nc2ncc(-c3ccccc3)s2)Oc2ccccc2-c2ccccc21,7.933832645157322,7.175643692175283,8.21379903894427,0.0,0.0,False,True,"Parent=TRAIN_042 (D-AZ); Change=Added phenyl at aromatic atom 6.; Attachment=peripheral_aromatic; One-factor computational analogue. Parent_Tanimoto_r3=0.566; Max_Train_Tanimoto_r3=0.566; Risk=large structural change from parent; candidate may be outside strict in-domain threshold. Synthesis route, regioselectivity, stability, equivalent balance and EP compatibility require manual review.",True,True,True,True,eligible,1,1.0,1.0,1.0,0.0,0.0,0.0,Candidate
LIB_0472,CAND_R2_313,D-AZ-biphenyl,O=P1(Nc2ncc(-c3ccc(-c4ccccc4)cc3)s2)Oc2ccccc2-c2ccccc21,O=P1(Nc2ncc(-c3ccc(-c4ccccc4)cc3)s2)Oc2ccccc2-c2ccccc21,,DOPO-based (additive),Designed,designed,P-N-S,1,biphenyl,none,Additive,C,466.5020000000002,O=P1(Nc2ncc(-c3ccc(-c4ccccc4)cc3)s2)Oc2ccccc2-c2ccccc21,6.639628554647137,6.0051189491149,6.87392551371698,0.0,0.0,False,False,"Parent=TRAIN_042 (D-AZ); Change=Added biphenyl at aromatic atom 6.; Attachment=peripheral_aromatic; One-factor computational analogue. Parent_Tanimoto_r3=0.524; Max_Train_Tanimoto_r3=0.524; Risk=large structural change from parent; candidate may be outside strict in-domain threshold; exploratory only; excluded from formal screening. Synthesis route, regioselectivity, stability, equivalent balance and EP compatibility require manual review.",True,True,True,False,synthesis_level_C_or_missing,1,1.0,1.0,1.0,0.0,0.0,0.0,Candidate
LIB_0473,CAND_R2_314,D-AZ-NH-methyl,CN(c1nccs1)P1(=O)Oc2ccccc2-c2ccccc21,CN(c1nccs1)P1(=O)Oc2ccccc2-c2ccccc21,,DOPO-based (additive),Designed,designed,P-N-S,1,N-methyl,none,Additive,C,328.333,O=P1(Nc2nccs2)Oc2ccccc2-c2ccccc21,9.433715161132143,8.532191403240002,9.766608900110556,0.0,0.0,False,False,"Parent=TRAIN_042 (D-AZ); Change=Methylated one free N–H site, reducing curing activity. Regioisomer 1.; Attachment=NH_site_1; One-factor computational analogue. Parent_Tanimoto_r3=0.436; Max_Train_Tanimoto_r3=0.436; Risk=large structural change from parent; candidate may be outside strict in-domain threshold; exploratory only; excluded from formal screening. Synthesis route, regioselectivity, stability, equivalent balance and EP compatibility require manual review.",True,True,True,False,synthesis_level_C_or_missing,1,1.0,1.0,1.0,0.0,0.0,0.0,Candidate
LIB_0474,CAND_R2_315,D-AZ-NH-hydroxyethyl,O=P1(N(CCO)c2nccs2)Oc2ccccc2-c2ccccc21,O=P1(N(CCO)c2nccs2)Oc2ccccc2-c2ccccc21,,DOPO-based (additive),Designed,designed,P-N-S,1,N-hydroxyethyl,OH,Additive,C,358.3590000000001,O=P1(Nc2nccs2)Oc2ccccc2-c2ccccc21,8.64328787612422,7.817300528241232,8.948289285325606,0.0,0.0,False,False,"Parent=TRAIN_042 (D-AZ); Change=Introduced one hydroxyethyl substituent on an N–H site. Regioisomer 1.; Attachment=NH_site_1; One-factor computational analogue. Parent_Tanimoto_r3=0.405; Max_Train_Tanimoto_r3=0.405; Risk=large structural change from parent; candidate may be outside strict in-domain threshold; exploratory only; excluded from formal screening. Synthesis route, regioselectivity, stability, equivalent balance and EP compatibility require manual review.",True,True,True,False,synthesis_level_C_or_missing,1,1.0,1.0,1.0,0.0,0.0,0.0,Candidate
LIB_0475,CAND_R2_316,D-AZ-NH-glycidyl,O=P1(N(CC2CO2)c2nccs2)Oc2ccccc2-c2ccccc21,O=P1(N(CC2CO2)c2nccs2)Oc2ccccc2-c2ccccc21,,DOPO-based (Co-curing),Designed,designed,P-N-S,1,N-glycidyl,epoxy,Co-curing,C,370.3700000000001,O=P1(N(CC2CO2)c2nccs2)Oc2ccccc2-c2ccccc21,8.36298836298836,7.563787563787562,8.658098658098655,0.0,0.0,False,False,"Parent=TRAIN_042 (D-AZ); Change=Introduced one glycidyl substituent on an N–H site. Regioisomer 1.; Attachment=NH_site_1; One-factor computational analogue. Parent_Tanimoto_r3=0.395; Max_Train_Tanimoto_r3=0.395; Risk=large structural change from parent; candidate may be outside strict in-domain threshold; exploratory only; excluded from formal screening. Synthesis route, regioselectivity, stability, equivalent balance and EP compatibility require manual review.",True,True,True,False,synthesis_level_C_or_missing,1,1.0,1.0,1.0,0.0,0.0,2.0,Candidate
LIB_0476,CAND_R2_317,BDO-amino,Nc1ccc(C(CP2(=O)Oc3ccccc3-c3ccccc32)Nc2n[nH]c(NC(c3cccs3)P3(=O)Oc4ccccc4-c4ccccc43)n2)s1,Nc1ccc(C(CP2(=O)Oc3ccccc3-c3ccccc32)Nc2n[nH]c(NC(c3cccs3)P3(=O)Oc4ccccc4-c4ccccc43)n2)s1,,DOPO-based (Co-curing),Designed,designed,P-N-S,2,aryl-amino,NH2,Co-curing,B,748.767,O=P1(CC(Nc2n[nH]c(NC(c3cccs3)P3(=O)Oc4ccccc4-c4ccccc43)n2)c2cccs2)Oc2ccccc2-c2ccccc21,8.273334695572855,11.224052342050332,8.56528132249418,0.0,0.0,False,True,"Parent=TRAIN_122 (BDO); Change=Added amino at aromatic atom 35.; Attachment=peripheral_aromatic; One-factor computational analogue. Parent_Tanimoto_r3=0.843; Max_Train_Tanimoto_r3=0.843; Risk=none. Synthesis route, regioselectivity, stability, equivalent balance and EP compatibility require manual review.",True,True,True,True,eligible,2,1.0,1.0,1.0,0.0,0.0,2.0,Candidate
LIB_0477,CAND_R2_318,BDO-hydroxy,O=P1(CC(Nc2n[nH]c(NC(c3cccs3)P3(=O)Oc4ccccc4-c4ccccc43)n2)c2ccc(O)s2)Oc2ccccc2-c2ccccc21,O=P1(CC(Nc2n[nH]c(NC(c3cccs3)P3(=O)Oc4ccccc4-c4ccccc43)n2)c2ccc(O)s2)Oc2ccccc2-c2ccccc21,,DOPO-based (additive),Designed,designed,P-N-S,2,aryl-hydroxy,OH,Additive,B,749.7510000000003,O=P1(CC(Nc2n[nH]c(NC(c3cccs3)P3(=O)Oc4ccccc4-c4ccccc43)n2)c2cccs2)Oc2ccccc2-c2ccccc21,8.262476475523204,9.34110124561354,8.554039941260495,0.0,0.0,False,True,"Parent=TRAIN_122 (BDO); Change=Added hydroxy at aromatic atom 35.; Attachment=peripheral_aromatic; One-factor computational analogue. Parent_Tanimoto_r3=0.843; Max_Train_Tanimoto_r3=0.843; Risk=none. Synthesis route, regioselectivity, stability, equivalent balance and EP compatibility require manual review.",True,True,True,True,eligible,2,1.0,1.0,1.0,0.0,0.0,0.0,Candidate
LIB_0478,CAND_R2_319,BDO-hydroxymethyl,O=P1(CC(Nc2n[nH]c(NC(c3cccs3)P3(=O)Oc4ccccc4-c4ccccc43)n2)c2ccc(CO)s2)Oc2ccccc2-c2ccccc21,O=P1(CC(Nc2n[nH]c(NC(c3cccs3)P3(=O)Oc4ccccc4-c4ccccc43)n2)c2ccc(CO)s2)Oc2ccccc2-c2ccccc21,,DOPO-based (additive),Designed,designed,P-N-S,2,aryl-hydroxymethyl,CH2OH,Additive,B,763.7780000000002,O=P1(CC(Nc2n[nH]c(NC(c3cccs3)P3(=O)Oc4ccccc4-c4ccccc43)n2)c2cccs2)Oc2ccccc2-c2ccccc21,8.110733747240689,9.169549266933583,8.396942567081007,0.0,0.0,False,True,"Parent=TRAIN_122 (BDO); Change=Added hydroxymethyl at aromatic atom 35.; Attachment=peripheral_aromatic; One-factor computational analogue. Parent_Tanimoto_r3=0.827; Max_Train_Tanimoto_r3=0.827; Risk=none. Synthesis route, regioselectivity, stability, equivalent balance and EP compatibility require manual review.",True,True,True,True,eligible,2,1.0,1.0,1.0,0.0,0.0,0.0,Candidate
LIB_0479,CAND_R2_320,BDO-carboxamide,NC(=O)c1ccc(C(CP2(=O)Oc3ccccc3-c3ccccc32)Nc2n[nH]c(NC(c3cccs3)P3(=O)Oc4ccccc4-c4ccccc43)n2)s1,NC(=O)c1ccc(C(CP2(=O)Oc3ccccc3-c3ccccc32)Nc2n[nH]c(NC(c3cccs3)P3(=O)Oc4ccccc4-c4ccccc43)n2)s1,,DOPO-based (additive),Designed,designed,P-N-S,2,aryl-carboxamide,amide,Additive,B,776.777,O=P1(CC(Nc2n[nH]c(NC(c3cccs3)P3(=O)Oc4ccccc4-c4ccccc43)n2)c2cccs2)Oc2ccccc2-c2ccccc21,7.975004409244867,10.81932137537543,8.256423658270004,0.0,0.0,False,True,"Parent=TRAIN_122 (BDO); Change=Added carboxamide at aromatic atom 35.; Attachment=peripheral_aromatic; One-factor computational analogue. Parent_Tanimoto_r3=0.804; Max_Train_Tanimoto_r3=0.804; Risk=none. Synthesis route, regioselectivity, stability, equivalent balance and EP compatibility require manual review.",True,True,True,True,eligible,2,1.0,1.0,1.0,0.0,0.0,0.0,Candidate
LIB_0480,CAND_R2_321,BDO-boronic-acid,O=P1(CC(Nc2n[nH]c(NC(c3cccs3)P3(=O)Oc4ccccc4-c4ccccc43)n2)c2ccc(B(O)O)s2)Oc2ccccc2-c2ccccc21,O=P1(CC(Nc2n[nH]c(NC(c3cccs3)P3(=O)Oc4ccccc4-c4ccccc43)n2)c2ccc(B(O)O)s2)Oc2ccccc2-c2ccccc21,,DOPO-based (additive),Designed,designed,P-N-B-S,2,aryl-boronic-acid,B(OH)2,Additive,B,777.5700000000004,O=P1(CC(Nc2n[nH]c(NC(c3cccs3)P3(=O)Oc4ccccc4-c4ccccc43)n2)c2cccs2)Oc2ccccc2-c2ccccc21,7.966871149864317,9.006906130637752,8.248003395192711,1.3904857440487666,0.0,False,True,"Parent=TRAIN_122 (BDO); Change=Added boronic_acid at aromatic atom 35.; Attachment=peripheral_aromatic; One-factor computational analogue. Parent_Tanimoto_r3=0.819; Max_Train_Tanimoto_r3=0.819; Risk=none. Synthesis route, regioselectivity, stability, equivalent balance and EP compatibility require manual review.",True,True,True,True,eligible,2,1.0,1.0,1.0,1.0,0.0,0.0,Candidate
LIB_0481,CAND_R2_322,BDO-pinacol-boronate,CC1(C)OB(c2ccc(C(CP3(=O)Oc4ccccc4-c4ccccc43)Nc3n[nH]c(NC(c4cccs4)P4(=O)Oc5ccccc5-c5ccccc54)n3)s2)OC1(C)C,CC1(C)OB(c2ccc(C(CP3(=O)Oc4ccccc4-c4ccccc43)Nc3n[nH]c(NC(c4cccs4)P4(=O)Oc5ccccc5-c5ccccc54)n3)s2)OC1(C)C,,DOPO-based (additive),Designed,designed,P-N-B-S,2,aryl-pinacol-boronate,pinacol boronate,Additive,B,859.716,O=P1(CC(Nc2n[nH]c(NC(c3cccs3)P3(=O)Oc4ccccc4-c4ccccc43)n2)c2ccc(B3OCCO3)s2)Oc2ccccc2-c2ccccc21,7.205635349347924,8.14629482294153,7.45990536409698,1.257624610918024,0.0,False,True,"Parent=TRAIN_122 (BDO); Change=Added pinacol_boronate at aromatic atom 35.; Attachment=peripheral_aromatic; One-factor computational analogue. Parent_Tanimoto_r3=0.754; Max_Train_Tanimoto_r3=0.754; Risk=none. Synthesis route, regioselectivity, stability, equivalent balance and EP compatibility require manual review.",True,True,True,True,eligible,2,1.0,1.0,1.0,1.0,0.0,0.0,Candidate
LIB_0482,CAND_R2_323,BDO-trimethoxysilyl,CO[Si](OC)(OC)c1ccc(C(CP2(=O)Oc3ccccc3-c3ccccc32)Nc2n[nH]c(NC(c3cccs3)P3(=O)Oc4ccccc4-c4ccccc43)n2)s1,CO[Si](OC)(OC)c1ccc(C(CP2(=O)Oc3ccccc3-c3ccccc32)Nc2n[nH]c(NC(c3cccs3)P3(=O)Oc4ccccc4-c4ccccc43)n2)s1,,DOPO-based (additive+ Secondary Crosslinking),Designed,designed,P-N-Si-S,2,aryl-trimethoxysilyl,Si(OCH3)3,Additive + Secondary Crosslinking,B,853.9320000000001,O=P1(CC(Nc2n[nH]c(NC(c3cccs3)P3(=O)Oc4ccccc4-c4ccccc43)n2)c2cccs2)Oc2ccccc2-c2ccccc21,7.254441805670708,8.20147271679712,7.5104340860864784,0.0,3.2890206714351957,False,True,"Parent=TRAIN_122 (BDO); Change=Added trimethoxysilyl at aromatic atom 35.; Attachment=peripheral_aromatic; One-factor computational analogue. Parent_Tanimoto_r3=0.782; Max_Train_Tanimoto_r3=0.782; Risk=none. Synthesis route, regioselectivity, stability, equivalent balance and EP compatibility require manual review.",True,True,True,True,eligible,2,1.0,1.0,1.0,0.0,1.0,3.0,Candidate
LIB_0483,CAND_R2_324,BDO-triethoxysilyl,CCO[Si](OCC)(OCC)c1ccc(C(CP2(=O)Oc3ccccc3-c3ccccc32)Nc2n[nH]c(NC(c3cccs3)P3(=O)Oc4ccccc4-c4ccccc43)n2)s1,CCO[Si](OCC)(OCC)c1ccc(C(CP2(=O)Oc3ccccc3-c3ccccc32)Nc2n[nH]c(NC(c3cccs3)P3(=O)Oc4ccccc4-c4ccccc43)n2)s1,,DOPO-based (additive+ Secondary Crosslinking),Designed,designed,P-N-Si-S,2,aryl-triethoxysilyl,Si(OC2H5)3,Additive + Secondary Crosslinking,B,896.0130000000001,O=P1(CC(Nc2n[nH]c(NC(c3cccs3)P3(=O)Oc4ccccc4-c4ccccc43)n2)c2cccs2)Oc2ccccc2-c2ccccc21,6.9137389747693385,7.8162928439654324,7.15770864931647,0.0,3.134552735283974,False,True,"Parent=TRAIN_122 (BDO); Change=Added triethoxysilyl at aromatic atom 35.; Attachment=peripheral_aromatic; One-factor computational analogue. Parent_Tanimoto_r3=0.761; Max_Train_Tanimoto_r3=0.761; Risk=none. Synthesis route, regioselectivity, stability, equivalent balance and EP compatibility require manual review.",True,True,True,True,eligible,2,1.0,1.0,1.0,0.0,1.0,3.0,Candidate
LIB_0484,CAND_R2_325,BDO-disiloxane,C[Si](C)(C)O[Si](C)(C)c1ccc(C(CP2(=O)Oc3ccccc3-c3ccccc32)Nc2n[nH]c(NC(c3cccs3)P3(=O)Oc4ccccc4-c4ccccc43)n2)s1,C[Si](C)(C)O[Si](C)(C)c1ccc(C(CP2(=O)Oc3ccccc3-c3ccccc32)Nc2n[nH]c(NC(c3cccs3)P3(=O)Oc4ccccc4-c4ccccc43)n2)s1,,DOPO-based (additive),Designed,designed,P-N-Si-S,2,short-disiloxane,none,Additive,B,880.0900000000001,O=P1(CC(Nc2n[nH]c(NC(c3cccs3)P3(=O)Oc4ccccc4-c4ccccc43)n2)c2cccs2)Oc2ccccc2-c2ccccc21,7.038825574657136,7.957708870683679,7.287209262689042,0.0,6.382529059528002,False,True,"Parent=TRAIN_122 (BDO); Change=Added disiloxane at aromatic atom 35.; Attachment=peripheral_aromatic; One-factor computational analogue. Parent_Tanimoto_r3=0.768; Max_Train_Tanimoto_r3=0.768; Risk=none. Synthesis route, regioselectivity, stability, equivalent balance and EP compatibility require manual review.",True,True,True,True,eligible,2,1.0,1.0,1.0,0.0,1.0,0.0,Candidate
LIB_0485,CAND_R2_326,BDO-glycidyloxy,O=P1(CC(Nc2n[nH]c(NC(c3cccs3)P3(=O)Oc4ccccc4-c4ccccc43)n2)c2ccc(OCC3CO3)s2)Oc2ccccc2-c2ccccc21,O=P1(CC(Nc2n[nH]c(NC(c3cccs3)P3(=O)Oc4ccccc4-c4ccccc43)n2)c2ccc(OCC3CO3)s2)Oc2ccccc2-c2ccccc21,,DOPO-based (Co-curing),Designed,designed,P-N-S,2,aryl-glycidyl-ether,epoxy,Co-curing,B,805.8150000000002,O=P1(CC(Nc2n[nH]c(NC(c3cccs3)P3(=O)Oc4ccccc4-c4ccccc43)n2)c2ccc(OCC3CO3)s2)Oc2ccccc2-c2ccccc21,7.687620607707723,8.691200833938309,7.95889875467694,0.0,0.0,False,True,"Parent=TRAIN_122 (BDO); Change=Added glycidyloxy at aromatic atom 35.; Attachment=peripheral_aromatic; One-factor computational analogue. Parent_Tanimoto_r3=0.735; Max_Train_Tanimoto_r3=0.735; Risk=none. Synthesis route, regioselectivity, stability, equivalent balance and EP compatibility require manual review.",True,True,True,True,eligible,2,1.0,1.0,1.0,0.0,0.0,2.0,Candidate
LIB_0486,CAND_R2_327,BDO-diaminotriazine,Nc1nc(N)nc(-c2ccc(C(CP3(=O)Oc4ccccc4-c4ccccc43)Nc3n[nH]c(NC(c4cccs4)P4(=O)Oc5ccccc5-c5ccccc54)n3)s2)n1,Nc1nc(N)nc(-c2ccc(C(CP3(=O)Oc4ccccc4-c4ccccc43)Nc3n[nH]c(NC(c4cccs4)P4(=O)Oc5ccccc5-c5ccccc54)n3)s2)n1,,DOPO-based (Co-curing),Designed,designed,P-N-S,2,"diamino-1,3,5-triazine",NH2,Co-curing,B,842.844,O=P1(CC(Nc2n[nH]c(NC(c3cccs3)P3(=O)Oc4ccccc4-c4ccccc43)n2)c2ccc(-c3ncncn3)s2)Oc2ccccc2-c2ccccc21,7.349877320120924,16.61873371584777,7.609237296581573,0.0,0.0,False,True,"Parent=TRAIN_122 (BDO); Change=Added diaminotriazine at aromatic atom 35.; Attachment=peripheral_aromatic; One-factor computational analogue. Parent_Tanimoto_r3=0.768; Max_Train_Tanimoto_r3=0.768; Risk=none. Synthesis route, regioselectivity, stability, equivalent balance and EP compatibility require manual review.",True,True,True,True,eligible,2,1.0,1.0,1.0,0.0,0.0,2.0,Candidate
LIB_0487,CAND_R2_328,BDO-piperazine,O=P1(CC(Nc2n[nH]c(NC(c3cccs3)P3(=O)Oc4ccccc4-c4ccccc43)n2)c2ccc(N3CCNCC3)s2)Oc2ccccc2-c2ccccc21,O=P1(CC(Nc2n[nH]c(NC(c3cccs3)P3(=O)Oc4ccccc4-c4ccccc43)n2)c2ccc(N3CCNCC3)s2)Oc2ccccc2-c2ccccc21,,DOPO-based (Co-curing),Designed,designed,P-N-S,2,piperazine,NH,Co-curing,B,817.8739999999999,O=P1(CC(Nc2n[nH]c(NC(c3cccs3)P3(=O)Oc4ccccc4-c4ccccc43)n2)c2ccc(N3CCNCC3)s2)Oc2ccccc2-c2ccccc21,7.574271831602424,11.988276922851197,7.841550165428905,0.0,0.0,False,True,"Parent=TRAIN_122 (BDO); Change=Added piperazine at aromatic atom 35.; Attachment=peripheral_aromatic; One-factor computational analogue. Parent_Tanimoto_r3=0.741; Max_Train_Tanimoto_r3=0.741; Risk=none. Synthesis route, regioselectivity, stability, equivalent balance and EP compatibility require manual review.",True,True,True,True,eligible,2,1.0,1.0,1.0,0.0,0.0,2.0,Candidate
LIB_0488,CAND_R2_329,BDO-benzamide-linker,O=C(Nc1ccc(C(CP2(=O)Oc3ccccc3-c3ccccc32)Nc2n[nH]c(NC(c3cccs3)P3(=O)Oc4ccccc4-c4ccccc43)n2)s1)c1ccccc1,O=C(Nc1ccc(C(CP2(=O)Oc3ccccc3-c3ccccc32)Nc2n[nH]c(NC(c3cccs3)P3(=O)Oc4ccccc4-c4ccccc43)n2)s1)c1ccccc1,,DOPO-based (additive),Designed,designed,P-N-S,2,benzamide,amide,Additive,B,852.875,O=C(Nc1ccc(C(CP2(=O)Oc3ccccc3-c3ccccc32)Nc2n[nH]c(NC(c3cccs3)P3(=O)Oc4ccccc4-c4ccccc43)n2)s1)c1ccccc1,7.263432507694563,9.853964531730911,7.519742048952073,0.0,0.0,False,True,"Parent=TRAIN_122 (BDO); Change=Added benzamide_linker at aromatic atom 35.; Attachment=peripheral_aromatic; One-factor computational analogue. Parent_Tanimoto_r3=0.729; Max_Train_Tanimoto_r3=0.729; Risk=none. Synthesis route, regioselectivity, stability, equivalent balance and EP compatibility require manual review.",True,True,True,True,eligible,2,1.0,1.0,1.0,0.0,0.0,0.0,Candidate
LIB_0489,CAND_R2_330,BDO-phenyl,O=P1(CC(Nc2n[nH]c(NC(c3cccs3)P3(=O)Oc4ccccc4-c4ccccc43)n2)c2ccc(-c3ccccc3)s2)Oc2ccccc2-c2ccccc21,O=P1(CC(Nc2n[nH]c(NC(c3cccs3)P3(=O)Oc4ccccc4-c4ccccc43)n2)c2ccc(-c3ccccc3)s2)Oc2ccccc2-c2ccccc21,,DOPO-based (additive),Designed,designed,P-N-S,2,phenyl,none,Additive,B,809.8500000000003,O=P1(CC(Nc2n[nH]c(NC(c3cccs3)P3(=O)Oc4ccccc4-c4ccccc43)n2)c2ccc(-c3ccccc3)s2)Oc2ccccc2-c2ccccc21,7.649317774896583,8.647897758844227,7.919244304500831,0.0,0.0,False,True,"Parent=TRAIN_122 (BDO); Change=Added phenyl at aromatic atom 35.; Attachment=peripheral_aromatic; One-factor computational analogue. Parent_Tanimoto_r3=0.789; Max_Train_Tanimoto_r3=0.789; Risk=none. Synthesis route, regioselectivity, stability, equivalent balance and EP compatibility require manual review.",True,True,True,True,eligible,2,1.0,1.0,1.0,0.0,0.0,0.0,Candidate
LIB_0490,CAND_R2_331,BDO-biphenyl,O=P1(CC(Nc2n[nH]c(NC(c3cccs3)P3(=O)Oc4ccccc4-c4ccccc43)n2)c2ccc(-c3ccc(-c4ccccc4)cc3)s2)Oc2ccccc2-c2ccccc21,O=P1(CC(Nc2n[nH]c(NC(c3cccs3)P3(=O)Oc4ccccc4-c4ccccc43)n2)c2ccc(-c3ccc(-c4ccccc4)cc3)s2)Oc2ccccc2-c2ccccc21,,DOPO-based (additive),Designed,designed,P-N-S,2,biphenyl,none,Additive,B,885.9480000000002,O=P1(CC(Nc2n[nH]c(NC(c3cccs3)P3(=O)Oc4ccccc4-c4ccccc43)n2)c2ccc(-c3ccc(-c4ccccc4)cc3)s2)Oc2ccccc2-c2ccccc21,6.992283971519772,7.905091495211907,7.239025315255521,0.0,0.0,False,True,"Parent=TRAIN_122 (BDO); Change=Added biphenyl at aromatic atom 35.; Attachment=peripheral_aromatic; One-factor computational analogue. Parent_Tanimoto_r3=0.754; Max_Train_Tanimoto_r3=0.754; Risk=none. Synthesis route, regioselectivity, stability, equivalent balance and EP compatibility require manual review.",True,True,True,True,eligible,2,1.0,1.0,1.0,0.0,0.0,0.0,Candidate
LIB_0491,CAND_R2_332,BDO-NH-methyl,CN(c1n[nH]c(NC(c2cccs2)P2(=O)Oc3ccccc3-c3ccccc32)n1)C(CP1(=O)Oc2ccccc2-c2ccccc21)c1cccs1,CN(c1n[nH]c(NC(c2cccs2)P2(=O)Oc3ccccc3-c3ccccc32)n1)C(CP1(=O)Oc2ccccc2-c2ccccc21)c1cccs1,,DOPO-based (additive),Designed,designed,P-N-S,2,N-methyl,none,Additive,B,747.7790000000001,O=P1(CC(Nc2n[nH]c(NC(c3cccs3)P3(=O)Oc4ccccc4-c4ccccc43)n2)c2cccs2)Oc2ccccc2-c2ccccc21,8.28426580580626,9.365735063434515,8.576598166035685,0.0,0.0,False,True,"Parent=TRAIN_122 (BDO); Change=Methylated one free N–H site, reducing curing activity. Regioisomer 1.; Attachment=NH_site_1; One-factor computational analogue. Parent_Tanimoto_r3=0.640; Max_Train_Tanimoto_r3=0.640; Risk=large structural change from parent; candidate may be outside strict in-domain threshold. Synthesis route, regioselectivity, stability, equivalent balance and EP compatibility require manual review.",True,True,True,True,eligible,2,1.0,1.0,1.0,0.0,0.0,0.0,Candidate
LIB_0492,CAND_R2_333,BDO-NH-methyl-2,CN(c1nc(NC(CP2(=O)Oc3ccccc3-c3ccccc32)c2cccs2)n[nH]1)C(c1cccs1)P1(=O)Oc2ccccc2-c2ccccc21,CN(c1nc(NC(CP2(=O)Oc3ccccc3-c3ccccc32)c2cccs2)n[nH]1)C(c1cccs1)P1(=O)Oc2ccccc2-c2ccccc21,,DOPO-based (additive),Designed,designed,P-N-S,2,N-methyl,none,Additive,B,747.7790000000001,O=P1(CC(Nc2n[nH]c(NC(c3cccs3)P3(=O)Oc4ccccc4-c4ccccc43)n2)c2cccs2)Oc2ccccc2-c2ccccc21,8.28426580580626,9.365735063434515,8.576598166035685,0.0,0.0,False,True,"Parent=TRAIN_122 (BDO); Change=Methylated one free N–H site, reducing curing activity. Regioisomer 2.; Attachment=NH_site_2; One-factor computational analogue. Parent_Tanimoto_r3=0.623; Max_Train_Tanimoto_r3=0.623; Risk=large structural change from parent; candidate may be outside strict in-domain threshold. Synthesis route, regioselectivity, stability, equivalent balance and EP compatibility require manual review.",True,True,True,True,eligible,2,1.0,1.0,1.0,0.0,0.0,0.0,Candidate
LIB_0493,CAND_R2_334,BDO-NH-hydroxyethyl,O=P1(CC(c2cccs2)N(CCO)c2n[nH]c(NC(c3cccs3)P3(=O)Oc4ccccc4-c4ccccc43)n2)Oc2ccccc2-c2ccccc21,O=P1(CC(c2cccs2)N(CCO)c2n[nH]c(NC(c3cccs3)P3(=O)Oc4ccccc4-c4ccccc43)n2)Oc2ccccc2-c2ccccc21,,DOPO-based (additive),Designed,designed,P-N-S,2,N-hydroxyethyl,OH,Additive,B,777.805,O=P1(CC(Nc2n[nH]c(NC(c3cccs3)P3(=O)Oc4ccccc4-c4ccccc43)n2)c2cccs2)Oc2ccccc2-c2ccccc21,7.964464100899327,9.004184853530127,8.245511407100752,0.0,0.0,False,True,"Parent=TRAIN_122 (BDO); Change=Introduced one hydroxyethyl substituent on an N–H site. Regioisomer 1.; Attachment=NH_site_1; One-factor computational analogue. Parent_Tanimoto_r3=0.619; Max_Train_Tanimoto_r3=0.619; Risk=large structural change from parent; candidate may be outside strict in-domain threshold. Synthesis route, regioselectivity, stability, equivalent balance and EP compatibility require manual review.",True,True,True,True,eligible,2,1.0,1.0,1.0,0.0,0.0,0.0,Candidate
LIB_0494,CAND_R2_335,BDO-NH-hydroxyethyl-2,O=P1(CC(Nc2n[nH]c(N(CCO)C(c3cccs3)P3(=O)Oc4ccccc4-c4ccccc43)n2)c2cccs2)Oc2ccccc2-c2ccccc21,O=P1(CC(Nc2n[nH]c(N(CCO)C(c3cccs3)P3(=O)Oc4ccccc4-c4ccccc43)n2)c2cccs2)Oc2ccccc2-c2ccccc21,,DOPO-based (additive),Designed,designed,P-N-S,2,N-hydroxyethyl,OH,Additive,B,777.8050000000001,O=P1(CC(Nc2n[nH]c(NC(c3cccs3)P3(=O)Oc4ccccc4-c4ccccc43)n2)c2cccs2)Oc2ccccc2-c2ccccc21,7.964464100899325,9.004184853530125,8.24551140710075,0.0,0.0,False,True,"Parent=TRAIN_122 (BDO); Change=Introduced one hydroxyethyl substituent on an N–H site. Regioisomer 2.; Attachment=NH_site_2; One-factor computational analogue. Parent_Tanimoto_r3=0.592; Max_Train_Tanimoto_r3=0.592; Risk=large structural change from parent; candidate may be outside strict in-domain threshold. Synthesis route, regioselectivity, stability, equivalent balance and EP compatibility require manual review.",True,True,True,True,eligible,2,1.0,1.0,1.0,0.0,0.0,0.0,Candidate
LIB_0495,CAND_R2_336,BDO-NH-glycidyl,O=P1(CC(c2cccs2)N(CC2CO2)c2n[nH]c(NC(c3cccs3)P3(=O)Oc4ccccc4-c4ccccc43)n2)Oc2ccccc2-c2ccccc21,O=P1(CC(c2cccs2)N(CC2CO2)c2n[nH]c(NC(c3cccs3)P3(=O)Oc4ccccc4-c4ccccc43)n2)Oc2ccccc2-c2ccccc21,,DOPO-based (Co-curing),Designed,designed,P-N-S,2,N-glycidyl,epoxy,Co-curing,B,789.8159999999999,O=P1(CC(c2cccs2)N(CC2CO2)c2n[nH]c(NC(c3cccs3)P3(=O)Oc4ccccc4-c4ccccc43)n2)Oc2ccccc2-c2ccccc21,7.843345791931286,8.867255158163422,8.12011911635115,0.0,0.0,False,True,"Parent=TRAIN_122 (BDO); Change=Introduced one glycidyl substituent on an N–H site. Regioisomer 1.; Attachment=NH_site_1; One-factor computational analogue. Parent_Tanimoto_r3=0.598; Max_Train_Tanimoto_r3=0.598; Risk=large structural change from parent; candidate may be outside strict in-domain threshold. Synthesis route, regioselectivity, stability, equivalent balance and EP compatibility require manual review.",True,True,True,True,eligible,2,1.0,1.0,1.0,0.0,0.0,2.0,Candidate
LIB_0496,CAND_R2_337,BDO-NH-glycidyl-2,O=P1(CC(Nc2n[nH]c(N(CC3CO3)C(c3cccs3)P3(=O)Oc4ccccc4-c4ccccc43)n2)c2cccs2)Oc2ccccc2-c2ccccc21,O=P1(CC(Nc2n[nH]c(N(CC3CO3)C(c3cccs3)P3(=O)Oc4ccccc4-c4ccccc43)n2)c2cccs2)Oc2ccccc2-c2ccccc21,,DOPO-based (Co-curing),Designed,designed,P-N-S,2,N-glycidyl,epoxy,Co-curing,B,789.816,O=P1(CC(Nc2n[nH]c(N(CC3CO3)C(c3cccs3)P3(=O)Oc4ccccc4-c4ccccc43)n2)c2cccs2)Oc2ccccc2-c2ccccc21,7.843345791931285,8.86725515816342,8.12011911635115,0.0,0.0,False,True,"Parent=TRAIN_122 (BDO); Change=Introduced one glycidyl substituent on an N–H site. Regioisomer 2.; Attachment=NH_site_2; One-factor computational analogue. Parent_Tanimoto_r3=0.573; Max_Train_Tanimoto_r3=0.573; Risk=large structural change from parent; candidate may be outside strict in-domain threshold. Synthesis route, regioselectivity, stability, equivalent balance and EP compatibility require manual review.",True,True,True,True,eligible,2,1.0,1.0,1.0,0.0,0.0,2.0,Candidate
LIB_0497,CAND_R2_338,BDO-aromatic-S-to-O,O=P1(CC(Nc2n[nH]c(NC(c3ccco3)P3(=O)Oc4ccccc4-c4ccccc43)n2)c2cccs2)Oc2ccccc2-c2ccccc21,O=P1(CC(Nc2n[nH]c(NC(c3ccco3)P3(=O)Oc4ccccc4-c4ccccc43)n2)c2cccs2)Oc2ccccc2-c2ccccc21,,DOPO-based (Co-curing),Designed,designed,P-N-S,2,heteroaromatic-S/O-analogue,none,Co-curing,B,717.6840000000002,O=P1(CC(Nc2n[nH]c(NC(c3ccco3)P3(=O)Oc4ccccc4-c4ccccc43)n2)c2cccs2)Oc2ccccc2-c2ccccc21,8.631654042726323,9.758473088434462,4.468122460581536,0.0,0.0,False,True,"Parent=TRAIN_122 (BDO); Change=Replaced aromatic sulfur site 1 by oxygen.; Attachment=S_site_1; One-factor computational analogue. Parent_Tanimoto_r3=0.806; Max_Train_Tanimoto_r3=0.806; Risk=none. Synthesis route, regioselectivity, stability, equivalent balance and EP compatibility require manual review.",True,True,True,True,eligible,2,1.0,1.0,1.0,0.0,0.0,2.0,Candidate
LIB_0498,CAND_R2_339,BDO-aromatic-S-to-O-all,O=P1(CC(Nc2n[nH]c(NC(c3ccco3)P3(=O)Oc4ccccc4-c4ccccc43)n2)c2ccco2)Oc2ccccc2-c2ccccc21,O=P1(CC(Nc2n[nH]c(NC(c3ccco3)P3(=O)Oc4ccccc4-c4ccccc43)n2)c2ccco2)Oc2ccccc2-c2ccccc21,,DOPO-based (additive),Designed,designed,P-N,2,heteroaromatic-S/O-analogue-all,none,Additive,B,701.6160000000002,O=P1(CC(Nc2n[nH]c(NC(c3ccco3)P3(=O)Oc4ccccc4-c4ccccc43)n2)c2ccco2)Oc2ccccc2-c2ccccc21,8.829331144101614,9.981955941711702,0.0,0.0,0.0,False,True,"Parent=TRAIN_122 (BDO); Change=Replaced all aromatic sulfur atoms by oxygen.; Attachment=all_aromatic_S; One-factor computational analogue. Parent_Tanimoto_r3=0.636; Max_Train_Tanimoto_r3=0.723; Risk=large structural change from parent. Synthesis route, regioselectivity, stability, equivalent balance and EP compatibility require manual review.",True,True,True,True,eligible,2,1.0,1.0,0.0,0.0,0.0,0.0,Candidate
LIB_0499,CAND_R2_340,TDA-amino,CCO[Si](CCCNCC(O)Cn1c(=O)n(CC(O)CNCCC[Si](OCC)(OCC)OCC)c(=O)n(CC(O)CP2(=O)Oc3ccc(N)cc3-c3ccccc32)c1=O)(OCC)OCC,CCO[Si](CCCNCC(O)Cn1c(=O)n(CC(O)CNCCC[Si](OCC)(OCC)OCC)c(=O)n(CC(O)CP2(=O)Oc3ccc(N)cc3-c3ccccc32)c1=O)(OCC)OCC,,DOPO-based (Co-curing),Designed,designed,P-N-Si,1,aryl-amino,NH2,Co-curing,B,971.2040000000001,O=c1[nH]c(=O)n(CCCP2(=O)Oc3ccccc3-c3ccccc32)c(=O)[nH]1,3.189237276617477,8.653382811438174,0.0,0.0,5.783748831347482,False,True,"Parent=TRAIN_010 (TDA); Change=Added amino at aromatic atom 47.; Attachment=DOPO_core_aromatic; One-factor computational analogue. Parent_Tanimoto_r3=0.778; Max_Train_Tanimoto_r3=0.778; Risk=DOPO-core substitution route needs confirmation. Synthesis route, regioselectivity, stability, equivalent balance and EP compatibility require manual review.",True,True,True,True,eligible,1,1.0,1.0,0.0,0.0,1.0,2.0,Candidate
LIB_0500,CAND_R2_341,TDA-hydroxy,CCO[Si](CCCNCC(O)Cn1c(=O)n(CC(O)CNCCC[Si](OCC)(OCC)OCC)c(=O)n(CC(O)CP2(=O)Oc3ccc(O)cc3-c3ccccc32)c1=O)(OCC)OCC,CCO[Si](CCCNCC(O)Cn1c(=O)n(CC(O)CNCCC[Si](OCC)(OCC)OCC)c(=O)n(CC(O)CP2(=O)Oc3ccc(O)cc3-c3ccccc32)c1=O)(OCC)OCC,,DOPO-based (additive),Designed,designed,P-N-Si,1,aryl-hydroxy,OH,Additive,B,972.1880000000002,O=c1[nH]c(=O)n(CCCP2(=O)Oc3ccccc3-c3ccccc32)c(=O)[nH]1,3.1860092903841637,7.203853575645861,0.0,0.0,5.777894810468756,False,True,"Parent=TRAIN_010 (TDA); Change=Added hydroxy at aromatic atom 47.; Attachment=DOPO_core_aromatic; One-factor computational analogue. Parent_Tanimoto_r3=0.778; Max_Train_Tanimoto_r3=0.778; Risk=DOPO-core substitution route needs confirmation. Synthesis route, regioselectivity, stability, equivalent balance and EP compatibility require manual review.",True,True,True,True,eligible,1,1.0,1.0,0.0,0.0,1.0,0.0,Candidate
LIB_0501,CAND_R2_342,TDA-hydroxymethyl,CCO[Si](CCCNCC(O)Cn1c(=O)n(CC(O)CNCCC[Si](OCC)(OCC)OCC)c(=O)n(CC(O)CP2(=O)Oc3ccc(CO)cc3-c3ccccc32)c1=O)(OCC)OCC,CCO[Si](CCCNCC(O)Cn1c(=O)n(CC(O)CNCCC[Si](OCC)(OCC)OCC)c(=O)n(CC(O)CP2(=O)Oc3ccc(CO)cc3-c3ccccc32)c1=O)(OCC)OCC,,DOPO-based (additive),Designed,designed,P-N-Si,1,aryl-hydroxymethyl,CH2OH,Additive,B,986.2150000000001,O=c1[nH]c(=O)n(CCCP2(=O)Oc3ccccc3-c3ccccc32)c(=O)[nH]1,3.140694473314642,7.101392698346708,0.0,0.0,5.695715437303224,False,True,"Parent=TRAIN_010 (TDA); Change=Added hydroxymethyl at aromatic atom 47.; Attachment=DOPO_core_aromatic; One-factor computational analogue. Parent_Tanimoto_r3=0.762; Max_Train_Tanimoto_r3=0.762; Risk=DOPO-core substitution route needs confirmation. Synthesis route, regioselectivity, stability, equivalent balance and EP compatibility require manual review.",True,True,True,True,eligible,1,1.0,1.0,0.0,0.0,1.0,0.0,Candidate
LIB_0502,CAND_R2_343,TDA-carboxamide,CCO[Si](CCCNCC(O)Cn1c(=O)n(CC(O)CNCCC[Si](OCC)(OCC)OCC)c(=O)n(CC(O)CP2(=O)Oc3ccc(C(N)=O)cc3-c3ccccc32)c1=O)(OCC)OCC,CCO[Si](CCCNCC(O)Cn1c(=O)n(CC(O)CNCCC[Si](OCC)(OCC)OCC)c(=O)n(CC(O)CP2(=O)Oc3ccc(C(N)=O)cc3-c3ccccc32)c1=O)(OCC)OCC,,DOPO-based (additive),Designed,designed,P-N-Si,1,aryl-carboxamide,amide,Additive,B,999.214,O=c1[nH]c(=O)n(CCCP2(=O)Oc3ccccc3-c3ccccc32)c(=O)[nH]1,3.0998364714665727,8.41081089736533,0.0,0.0,5.621618592213479,False,True,"Parent=TRAIN_010 (TDA); Change=Added carboxamide at aromatic atom 47.; Attachment=DOPO_core_aromatic; One-factor computational analogue. Parent_Tanimoto_r3=0.748; Max_Train_Tanimoto_r3=0.748; Risk=DOPO-core substitution route needs confirmation. Synthesis route, regioselectivity, stability, equivalent balance and EP compatibility require manual review.",True,True,True,True,eligible,1,1.0,1.0,0.0,0.0,1.0,0.0,Candidate
LIB_0503,CAND_R2_344,TDA-boronic-acid,CCO[Si](CCCNCC(O)Cn1c(=O)n(CC(O)CNCCC[Si](OCC)(OCC)OCC)c(=O)n(CC(O)CP2(=O)Oc3ccc(B(O)O)cc3-c3ccccc32)c1=O)(OCC)OCC,CCO[Si](CCCNCC(O)Cn1c(=O)n(CC(O)CNCCC[Si](OCC)(OCC)OCC)c(=O)n(CC(O)CP2(=O)Oc3ccc(B(O)O)cc3-c3ccccc32)c1=O)(OCC)OCC,,DOPO-based (additive),Designed,designed,P-N-Si-B,1,aryl-boronic-acid,B(OH)2,Additive,B,1000.0070000000003,O=c1[nH]c(=O)n(CCCP2(=O)Oc3ccccc3-c3ccccc32)c(=O)[nH]1,3.0973783183517707,7.003450975843167,0.0,1.0811924316529782,5.617160679875239,False,True,"Parent=TRAIN_010 (TDA); Change=Added boronic_acid at aromatic atom 47.; Attachment=DOPO_core_aromatic; One-factor computational analogue. Parent_Tanimoto_r3=0.770; Max_Train_Tanimoto_r3=0.770; Risk=DOPO-core substitution route needs confirmation. Synthesis route, regioselectivity, stability, equivalent balance and EP compatibility require manual review.",True,True,True,True,eligible,1,1.0,1.0,0.0,1.0,1.0,0.0,Candidate
LIB_0504,CAND_R2_345,TDA-pinacol-boronate,CCO[Si](CCCNCC(O)Cn1c(=O)n(CC(O)CNCCC[Si](OCC)(OCC)OCC)c(=O)n(CC(O)CP2(=O)Oc3ccc(B4OC(C)(C)C(C)(C)O4)cc3-c3ccccc32)c1=O)(OCC)OCC,CCO[Si](CCCNCC(O)Cn1c(=O)n(CC(O)CNCCC[Si](OCC)(OCC)OCC)c(=O)n(CC(O)CP2(=O)Oc3ccc(B4OC(C)(C)C(C)(C)O4)cc3-c3ccccc32)c1=O)(OCC)OCC,,DOPO-based (additive),Designed,designed,P-N-Si-B,1,aryl-pinacol-boronate,pinacol boronate,Additive,B,1082.153,O=c1[nH]c(=O)n(CCCP2(=O)Oc3ccc(B4OCCO4)cc3-c3ccccc32)c(=O)[nH]1,2.862257000627453,6.471820528150825,0.0,0.9991193481882876,5.190763228489871,False,True,"Parent=TRAIN_010 (TDA); Change=Added pinacol_boronate at aromatic atom 47.; Attachment=DOPO_core_aromatic; One-factor computational analogue. Parent_Tanimoto_r3=0.700; Max_Train_Tanimoto_r3=0.700; Risk=DOPO-core substitution route needs confirmation. Synthesis route, regioselectivity, stability, equivalent balance and EP compatibility require manual review.",True,True,True,True,eligible,1,1.0,1.0,0.0,1.0,1.0,0.0,Candidate
LIB_0505,CAND_R2_346,TDA-trimethoxysilyl,CCO[Si](CCCNCC(O)Cn1c(=O)n(CC(O)CNCCC[Si](OCC)(OCC)OCC)c(=O)n(CC(O)CP2(=O)Oc3ccc([Si](OC)(OC)OC)cc3-c3ccccc32)c1=O)(OCC)OCC,CCO[Si](CCCNCC(O)Cn1c(=O)n(CC(O)CNCCC[Si](OCC)(OCC)OCC)c(=O)n(CC(O)CP2(=O)Oc3ccc([Si](OC)(OC)OC)cc3-c3ccccc32)c1=O)(OCC)OCC,,DOPO-based (additive+ Secondary Crosslinking),Designed,designed,P-N-Si,1,aryl-trimethoxysilyl,Si(OCH3)3,Additive + Secondary Crosslinking,B,1076.3690000000001,O=c1[nH]c(=O)n(CCCP2(=O)Oc3ccccc3-c3ccccc32)c(=O)[nH]1,2.877637687447334,6.506597644488088,0.0,0.0,7.827984640954912,False,True,"Parent=TRAIN_010 (TDA); Change=Added trimethoxysilyl at aromatic atom 47.; Attachment=DOPO_core_aromatic; One-factor computational analogue. Parent_Tanimoto_r3=0.748; Max_Train_Tanimoto_r3=0.748; Risk=DOPO-core substitution route needs confirmation. Synthesis route, regioselectivity, stability, equivalent balance and EP compatibility require manual review.",True,True,True,True,eligible,1,1.0,1.0,0.0,0.0,1.0,3.0,Candidate
LIB_0506,CAND_R2_347,TDA-triethoxysilyl,CCO[Si](CCCNCC(O)Cn1c(=O)n(CC(O)CNCCC[Si](OCC)(OCC)OCC)c(=O)n(CC(O)CP2(=O)Oc3ccc([Si](OCC)(OCC)OCC)cc3-c3ccccc32)c1=O)(OCC)OCC,CCO[Si](CCCNCC(O)Cn1c(=O)n(CC(O)CNCCC[Si](OCC)(OCC)OCC)c(=O)n(CC(O)CP2(=O)Oc3ccc([Si](OCC)(OCC)OCC)cc3-c3ccccc32)c1=O)(OCC)OCC,,DOPO-based (additive+ Secondary Crosslinking),Designed,designed,P-N-Si,1,aryl-triethoxysilyl,Si(OC2H5)3,Additive + Secondary Crosslinking,B,1118.4499999999998,O=c1[nH]c(=O)n(CCCP2(=O)Oc3ccccc3-c3ccccc32)c(=O)[nH]1,2.7693683222316605,6.261790871295097,0.0,0.0,7.533461486879164,False,True,"Parent=TRAIN_010 (TDA); Change=Added triethoxysilyl at aromatic atom 47.; Attachment=DOPO_core_aromatic; One-factor computational analogue. Parent_Tanimoto_r3=0.755; Max_Train_Tanimoto_r3=0.755; Risk=DOPO-core substitution route needs confirmation. Synthesis route, regioselectivity, stability, equivalent balance and EP compatibility require manual review.",True,True,True,True,eligible,1,1.0,1.0,0.0,0.0,1.0,3.0,Candidate
LIB_0507,CAND_R2_348,TDA-disiloxane,CCO[Si](CCCNCC(O)Cn1c(=O)n(CC(O)CNCCC[Si](OCC)(OCC)OCC)c(=O)n(CC(O)CP2(=O)Oc3ccc([Si](C)(C)O[Si](C)(C)C)cc3-c3ccccc32)c1=O)(OCC)OCC,CCO[Si](CCCNCC(O)Cn1c(=O)n(CC(O)CNCCC[Si](OCC)(OCC)OCC)c(=O)n(CC(O)CP2(=O)Oc3ccc([Si](C)(C)O[Si](C)(C)C)cc3-c3ccccc32)c1=O)(OCC)OCC,,DOPO-based (additive),Designed,designed,P-N-Si,1,short-disiloxane,none,Additive,B,1102.527,O=c1[nH]c(=O)n(CCCP2(=O)Oc3ccccc3-c3ccccc32)c(=O)[nH]1,2.809364305817454,6.3522253876775805,0.0,0.0,10.189682429545943,False,True,"Parent=TRAIN_010 (TDA); Change=Added disiloxane at aromatic atom 47.; Attachment=DOPO_core_aromatic; One-factor computational analogue. Parent_Tanimoto_r3=0.726; Max_Train_Tanimoto_r3=0.726; Risk=DOPO-core substitution route needs confirmation. Synthesis route, regioselectivity, stability, equivalent balance and EP compatibility require manual review.",True,True,True,True,eligible,1,1.0,1.0,0.0,0.0,1.0,0.0,Candidate
LIB_0508,CAND_R2_349,TDA-glycidyloxy,CCO[Si](CCCNCC(O)Cn1c(=O)n(CC(O)CNCCC[Si](OCC)(OCC)OCC)c(=O)n(CC(O)CP2(=O)Oc3ccc(OCC4CO4)cc3-c3ccccc32)c1=O)(OCC)OCC,CCO[Si](CCCNCC(O)Cn1c(=O)n(CC(O)CNCCC[Si](OCC)(OCC)OCC)c(=O)n(CC(O)CP2(=O)Oc3ccc(OCC4CO4)cc3-c3ccccc32)c1=O)(OCC)OCC,,DOPO-based (Co-curing),Designed,designed,P-N-Si,1,aryl-glycidyl-ether,epoxy,Co-curing,B,1028.252,O=c1[nH]c(=O)n(CCCP2(=O)Oc3ccc(OCC4CO4)cc3-c3ccccc32)c(=O)[nH]1,3.0122965965541524,6.811073550063603,0.0,0.0,5.4628631891793065,False,True,"Parent=TRAIN_010 (TDA); Change=Added glycidyloxy at aromatic atom 47.; Attachment=DOPO_core_aromatic; One-factor computational analogue. Parent_Tanimoto_r3=0.694; Max_Train_Tanimoto_r3=0.694; Risk=DOPO-core substitution route needs confirmation; candidate may be outside strict in-domain threshold. Synthesis route, regioselectivity, stability, equivalent balance and EP compatibility require manual review.",True,True,True,True,eligible,1,1.0,1.0,0.0,0.0,1.0,2.0,Candidate
LIB_0509,CAND_R2_350,TDA-diaminotriazine,CCO[Si](CCCNCC(O)Cn1c(=O)n(CC(O)CNCCC[Si](OCC)(OCC)OCC)c(=O)n(CC(O)CP2(=O)Oc3ccc(-c4nc(N)nc(N)n4)cc3-c3ccccc32)c1=O)(OCC)OCC,CCO[Si](CCCNCC(O)Cn1c(=O)n(CC(O)CNCCC[Si](OCC)(OCC)OCC)c(=O)n(CC(O)CP2(=O)Oc3ccc(-c4nc(N)nc(N)n4)cc3-c3ccccc32)c1=O)(OCC)OCC,,DOPO-based (Co-curing),Designed,designed,P-N-Si,1,"diamino-1,3,5-triazine",NH2,Co-curing,B,1065.2809999999997,O=c1[nH]c(=O)n(CCCP2(=O)Oc3ccc(-c4ncncn4)cc3-c3ccccc32)c(=O)[nH]1,2.9075896406675805,13.14864340957926,0.0,0.0,5.272974923987193,False,True,"Parent=TRAIN_010 (TDA); Change=Added diaminotriazine at aromatic atom 47.; Attachment=DOPO_core_aromatic; One-factor computational analogue. Parent_Tanimoto_r3=0.700; Max_Train_Tanimoto_r3=0.700; Risk=DOPO-core substitution route needs confirmation. Synthesis route, regioselectivity, stability, equivalent balance and EP compatibility require manual review.",True,True,True,True,eligible,1,1.0,1.0,0.0,0.0,1.0,2.0,Candidate
LIB_0510,CAND_R2_351,TDA-piperazine,CCO[Si](CCCNCC(O)Cn1c(=O)n(CC(O)CNCCC[Si](OCC)(OCC)OCC)c(=O)n(CC(O)CP2(=O)Oc3ccc(N4CCNCC4)cc3-c3ccccc32)c1=O)(OCC)OCC,CCO[Si](CCCNCC(O)Cn1c(=O)n(CC(O)CNCCC[Si](OCC)(OCC)OCC)c(=O)n(CC(O)CP2(=O)Oc3ccc(N4CCNCC4)cc3-c3ccccc32)c1=O)(OCC)OCC,,DOPO-based (Co-curing),Designed,designed,P-N-Si,1,piperazine,NH,Co-curing,B,1040.3109999999997,O=c1[nH]c(=O)n(CCCP2(=O)Oc3ccc(N4CCNCC4)cc3-c3ccccc32)c(=O)[nH]1,2.9773788799695486,9.424970032999749,0.0,0.0,5.39953917626556,False,True,"Parent=TRAIN_010 (TDA); Change=Added piperazine at aromatic atom 47.; Attachment=DOPO_core_aromatic; One-factor computational analogue. Parent_Tanimoto_r3=0.694; Max_Train_Tanimoto_r3=0.694; Risk=DOPO-core substitution route needs confirmation; candidate may be outside strict in-domain threshold. Synthesis route, regioselectivity, stability, equivalent balance and EP compatibility require manual review.",True,True,True,True,eligible,1,1.0,1.0,0.0,0.0,1.0,2.0,Candidate
LIB_0511,CAND_R2_352,TDA-benzamide-linker,CCO[Si](CCCNCC(O)Cn1c(=O)n(CC(O)CNCCC[Si](OCC)(OCC)OCC)c(=O)n(CC(O)CP2(=O)Oc3ccc(NC(=O)c4ccccc4)cc3-c3ccccc32)c1=O)(OCC)OCC,CCO[Si](CCCNCC(O)Cn1c(=O)n(CC(O)CNCCC[Si](OCC)(OCC)OCC)c(=O)n(CC(O)CP2(=O)Oc3ccc(NC(=O)c4ccccc4)cc3-c3ccccc32)c1=O)(OCC)OCC,,DOPO-based (additive),Designed,designed,P-N-Si,1,benzamide,amide,Additive,B,1075.3120000000001,O=C(Nc1ccc2c(c1)-c1ccccc1P(=O)(CCCn1c(=O)[nH]c(=O)[nH]c1=O)O2)c1ccccc1,2.8804663204725696,7.815592125820227,0.0,0.0,5.223786212745695,False,True,"Parent=TRAIN_010 (TDA); Change=Added benzamide_linker at aromatic atom 47.; Attachment=DOPO_core_aromatic; One-factor computational analogue. Parent_Tanimoto_r3=0.681; Max_Train_Tanimoto_r3=0.681; Risk=DOPO-core substitution route needs confirmation; candidate may be outside strict in-domain threshold. Synthesis route, regioselectivity, stability, equivalent balance and EP compatibility require manual review.",True,True,True,True,eligible,1,1.0,1.0,0.0,0.0,1.0,0.0,Candidate
LIB_0512,CAND_R2_353,TDA-phenyl,CCO[Si](CCCNCC(O)Cn1c(=O)n(CC(O)CNCCC[Si](OCC)(OCC)OCC)c(=O)n(CC(O)CP2(=O)Oc3ccc(-c4ccccc4)cc3-c3ccccc32)c1=O)(OCC)OCC,CCO[Si](CCCNCC(O)Cn1c(=O)n(CC(O)CNCCC[Si](OCC)(OCC)OCC)c(=O)n(CC(O)CP2(=O)Oc3ccc(-c4ccccc4)cc3-c3ccccc32)c1=O)(OCC)OCC,,DOPO-based (additive),Designed,designed,P-N-Si,1,phenyl,none,Additive,B,1032.287,O=c1[nH]c(=O)n(CCCP2(=O)Oc3ccc(-c4ccccc4)cc3-c3ccccc32)c(=O)[nH]1,3.0005221416137178,6.784450448373369,0.0,0.0,5.441509967673718,False,True,"Parent=TRAIN_010 (TDA); Change=Added phenyl at aromatic atom 47.; Attachment=DOPO_core_aromatic; One-factor computational analogue. Parent_Tanimoto_r3=0.733; Max_Train_Tanimoto_r3=0.733; Risk=DOPO-core substitution route needs confirmation. Synthesis route, regioselectivity, stability, equivalent balance and EP compatibility require manual review.",True,True,True,True,eligible,1,1.0,1.0,0.0,0.0,1.0,0.0,Candidate
LIB_0513,CAND_R2_354,TDA-biphenyl,CCO[Si](CCCNCC(O)Cn1c(=O)n(CC(O)CNCCC[Si](OCC)(OCC)OCC)c(=O)n(CC(O)CP2(=O)Oc3ccc(-c4ccc(-c5ccccc5)cc4)cc3-c3ccccc32)c1=O)(OCC)OCC,CCO[Si](CCCNCC(O)Cn1c(=O)n(CC(O)CNCCC[Si](OCC)(OCC)OCC)c(=O)n(CC(O)CP2(=O)Oc3ccc(-c4ccc(-c5ccccc5)cc4)cc3-c3ccccc32)c1=O)(OCC)OCC,,DOPO-based (additive),Designed,designed,P-N-Si,1,biphenyl,none,Additive,B,1108.385,O=c1[nH]c(=O)n(CCCP2(=O)Oc3ccc(-c4ccc(-c5ccccc5)cc4)cc3-c3ccccc32)c(=O)[nH]1,2.794516345854554,6.31865281468082,0.0,0.0,5.067914127311358,False,True,"Parent=TRAIN_010 (TDA); Change=Added biphenyl at aromatic atom 47.; Attachment=DOPO_core_aromatic; One-factor computational analogue. Parent_Tanimoto_r3=0.720; Max_Train_Tanimoto_r3=0.720; Risk=DOPO-core substitution route needs confirmation. Synthesis route, regioselectivity, stability, equivalent balance and EP compatibility require manual review.",True,True,True,True,eligible,1,1.0,1.0,0.0,0.0,1.0,0.0,Candidate
LIB_0514,CAND_R2_355,TDA-OH-glycidyl,CCO[Si](CCCNCC(O)Cn1c(=O)n(CC(O)CP2(=O)Oc3ccccc3-c3ccccc32)c(=O)n(CC(CNCCC[Si](OCC)(OCC)OCC)OCC2CO2)c1=O)(OCC)OCC,CCO[Si](CCCNCC(O)Cn1c(=O)n(CC(O)CP2(=O)Oc3ccccc3-c3ccccc32)c(=O)n(CC(CNCCC[Si](OCC)(OCC)OCC)OCC2CO2)c1=O)(OCC)OCC,,DOPO-based (Co-curing),Designed,designed,P-N-Si,1,OH-to-glycidyl-ether,epoxy,Co-curing,B,1012.2529999999994,O=c1[nH]c(=O)n(CCOCC2CO2)c(=O)n1CCCP1(=O)Oc2ccccc2-c2ccccc21,3.0599069600188904,6.918724864238491,0.0,0.0,5.549205583979503,False,True,"Parent=TRAIN_010 (TDA); Change=Converted one OH group to a glycidyl ether. Regioisomer 1.; Attachment=OH_site_1; One-factor computational analogue. Parent_Tanimoto_r3=0.792; Max_Train_Tanimoto_r3=0.792; Risk=none. Synthesis route, regioselectivity, stability, equivalent balance and EP compatibility require manual review.",True,True,True,True,eligible,1,1.0,1.0,0.0,0.0,1.0,2.0,Candidate
LIB_0515,CAND_R2_356,TDA-OH-glycidyl-2,CCO[Si](CCCNCC(O)Cn1c(=O)n(CC(O)CNCCC[Si](OCC)(OCC)OCC)c(=O)n(CC(CP2(=O)Oc3ccccc3-c3ccccc32)OCC2CO2)c1=O)(OCC)OCC,CCO[Si](CCCNCC(O)Cn1c(=O)n(CC(O)CNCCC[Si](OCC)(OCC)OCC)c(=O)n(CC(CP2(=O)Oc3ccccc3-c3ccccc32)OCC2CO2)c1=O)(OCC)OCC,,DOPO-based (Co-curing),Designed,designed,P-N-Si,1,OH-to-glycidyl-ether,epoxy,Co-curing,B,1012.253,O=c1[nH]c(=O)n(CC(CP2(=O)Oc3ccccc3-c3ccccc32)OCC2CO2)c(=O)[nH]1,3.0599069600188886,6.918724864238485,0.0,0.0,5.549205583979499,False,True,"Parent=TRAIN_010 (TDA); Change=Converted one OH group to a glycidyl ether. Regioisomer 2.; Attachment=OH_site_2; One-factor computational analogue. Parent_Tanimoto_r3=0.743; Max_Train_Tanimoto_r3=0.743; Risk=none. Synthesis route, regioselectivity, stability, equivalent balance and EP compatibility require manual review.",True,True,True,True,eligible,1,1.0,1.0,0.0,0.0,1.0,2.0,Candidate
LIB_0516,CAND_R2_357,TDA-OH-glycidyl-all,CCO[Si](CCCNCC(Cn1c(=O)n(CC(CNCCC[Si](OCC)(OCC)OCC)OCC2CO2)c(=O)n(CC(CP2(=O)Oc3ccccc3-c3ccccc32)OCC2CO2)c1=O)OCC1CO1)(OCC)OCC,CCO[Si](CCCNCC(Cn1c(=O)n(CC(CNCCC[Si](OCC)(OCC)OCC)OCC2CO2)c(=O)n(CC(CP2(=O)Oc3ccccc3-c3ccccc32)OCC2CO2)c1=O)OCC1CO1)(OCC)OCC,,DOPO-based (Co-curing),Designed,designed,P-N-Si,1,OH-to-glycidyl-ether-all,epoxy,Co-curing,B,1124.3809999999999,O=c1n(CCOCC2CO2)c(=O)n(CC(CP2(=O)Oc3ccccc3-c3ccccc32)OCC2CO2)c(=O)n1CCOCC1CO1,2.754760174709463,6.22876053579703,0.0,0.0,4.995815475359332,False,True,"Parent=TRAIN_010 (TDA); Change=Converted one OH group to a glycidyl ether. Converted all OH groups.; Attachment=all_OH; One-factor computational analogue. Parent_Tanimoto_r3=0.616; Max_Train_Tanimoto_r3=0.616; Risk=large structural change from parent; candidate may be outside strict in-domain threshold. Synthesis route, regioselectivity, stability, equivalent balance and EP compatibility require manual review.",True,True,True,True,eligible,1,1.0,1.0,0.0,0.0,1.0,2.0,Candidate
LIB_0517,CAND_R2_358,TDA-OH-methyl,CCO[Si](CCCNCC(O)Cn1c(=O)n(CC(O)CP2(=O)Oc3ccccc3-c3ccccc32)c(=O)n(CC(CNCCC[Si](OCC)(OCC)OCC)OC)c1=O)(OCC)OCC,CCO[Si](CCCNCC(O)Cn1c(=O)n(CC(O)CP2(=O)Oc3ccccc3-c3ccccc32)c(=O)n(CC(CNCCC[Si](OCC)(OCC)OCC)OC)c1=O)(OCC)OCC,,DOPO-based (additive),Designed,designed,P-N-Si,1,OH-to-methyl-ether,none,Additive,B,970.2159999999994,O=c1[nH]c(=O)n(CCCP2(=O)Oc3ccccc3-c3ccccc32)c(=O)[nH]1,3.192484972418515,7.218495675189859,0.0,0.0,5.7896385959415255,False,True,"Parent=TRAIN_010 (TDA); Change=Converted one OH group to a methyl ether. Regioisomer 1.; Attachment=OH_site_1; One-factor computational analogue. Parent_Tanimoto_r3=0.875; Max_Train_Tanimoto_r3=0.875; Risk=none. Synthesis route, regioselectivity, stability, equivalent balance and EP compatibility require manual review.",True,True,True,True,eligible,1,1.0,1.0,0.0,0.0,1.0,0.0,Candidate
LIB_0518,CAND_R2_359,TDA-OH-methyl-2,CCO[Si](CCCNCC(O)Cn1c(=O)n(CC(O)CNCCC[Si](OCC)(OCC)OCC)c(=O)n(CC(CP2(=O)Oc3ccccc3-c3ccccc32)OC)c1=O)(OCC)OCC,CCO[Si](CCCNCC(O)Cn1c(=O)n(CC(O)CNCCC[Si](OCC)(OCC)OCC)c(=O)n(CC(CP2(=O)Oc3ccccc3-c3ccccc32)OC)c1=O)(OCC)OCC,,DOPO-based (additive),Designed,designed,P-N-Si,1,OH-to-methyl-ether,none,Additive,B,970.2160000000001,O=c1[nH]c(=O)n(CCCP2(=O)Oc3ccccc3-c3ccccc32)c(=O)[nH]1,3.1924849724185127,7.218495675189854,0.0,0.0,5.789638595941521,False,True,"Parent=TRAIN_010 (TDA); Change=Converted one OH group to a methyl ether. Regioisomer 2.; Attachment=OH_site_2; One-factor computational analogue. Parent_Tanimoto_r3=0.812; Max_Train_Tanimoto_r3=0.812; Risk=none. Synthesis route, regioselectivity, stability, equivalent balance and EP compatibility require manual review.",True,True,True,True,eligible,1,1.0,1.0,0.0,0.0,1.0,0.0,Candidate
LIB_0519,CAND_R2_360,TDA-OH-methyl-all,CCO[Si](CCCNCC(Cn1c(=O)n(CC(CNCCC[Si](OCC)(OCC)OCC)OC)c(=O)n(CC(CP2(=O)Oc3ccccc3-c3ccccc32)OC)c1=O)OC)(OCC)OCC,CCO[Si](CCCNCC(Cn1c(=O)n(CC(CNCCC[Si](OCC)(OCC)OCC)OC)c(=O)n(CC(CP2(=O)Oc3ccccc3-c3ccccc32)OC)c1=O)OC)(OCC)OCC,,DOPO-based (additive),Designed,designed,P-N-Si,1,OH-to-methyl-ether-all,none,Additive,B,998.2700000000001,O=c1[nH]c(=O)n(CCCP2(=O)Oc3ccccc3-c3ccccc32)c(=O)[nH]1,3.1027677882737135,7.015637052100133,0.0,0.0,5.626934596852554,False,True,"Parent=TRAIN_010 (TDA); Change=Converted one OH group to a methyl ether. Converted all OH groups.; Attachment=all_OH; One-factor computational analogue. Parent_Tanimoto_r3=0.676; Max_Train_Tanimoto_r3=0.676; Risk=candidate may be outside strict in-domain threshold. Synthesis route, regioselectivity, stability, equivalent balance and EP compatibility require manual review.",True,True,True,True,eligible,1,1.0,1.0,0.0,0.0,1.0,0.0,Candidate
LIB_0520,CAND_R2_361,TDA-OH-acetyl,CCO[Si](CCCNCC(O)Cn1c(=O)n(CC(O)CP2(=O)Oc3ccccc3-c3ccccc32)c(=O)n(CC(CNCCC[Si](OCC)(OCC)OCC)OC(C)=O)c1=O)(OCC)OCC,CCO[Si](CCCNCC(O)Cn1c(=O)n(CC(O)CP2(=O)Oc3ccccc3-c3ccccc32)c(=O)n(CC(CNCCC[Si](OCC)(OCC)OCC)OC(C)=O)c1=O)(OCC)OCC,,DOPO-based (additive),Designed,designed,P-N-Si,1,OH-to-acetate,none,Additive,B,998.2259999999994,O=c1[nH]c(=O)n(CCCP2(=O)Oc3ccccc3-c3ccccc32)c(=O)[nH]1,3.10290455267645,7.0159462887161865,0.0,0.0,5.6271826219713805,False,True,"Parent=TRAIN_010 (TDA); Change=Converted one OH group to an acetate. Regioisomer 1.; Attachment=OH_site_1; One-factor computational analogue. Parent_Tanimoto_r3=0.840; Max_Train_Tanimoto_r3=0.840; Risk=none. Synthesis route, regioselectivity, stability, equivalent balance and EP compatibility require manual review.",True,True,True,True,eligible,1,1.0,1.0,0.0,0.0,1.0,0.0,Candidate
LIB_0521,CAND_R2_362,TDA-OH-acetyl-2,CCO[Si](CCCNCC(O)Cn1c(=O)n(CC(O)CNCCC[Si](OCC)(OCC)OCC)c(=O)n(CC(CP2(=O)Oc3ccccc3-c3ccccc32)OC(C)=O)c1=O)(OCC)OCC,CCO[Si](CCCNCC(O)Cn1c(=O)n(CC(O)CNCCC[Si](OCC)(OCC)OCC)c(=O)n(CC(CP2(=O)Oc3ccccc3-c3ccccc32)OC(C)=O)c1=O)(OCC)OCC,,DOPO-based (additive),Designed,designed,P-N-Si,1,OH-to-acetate,none,Additive,B,998.2260000000001,O=c1[nH]c(=O)n(CCCP2(=O)Oc3ccccc3-c3ccccc32)c(=O)[nH]1,3.102904552676448,7.015946288716182,0.0,0.0,5.627182621971376,False,True,"Parent=TRAIN_010 (TDA); Change=Converted one OH group to an acetate. Regioisomer 2.; Attachment=OH_site_2; One-factor computational analogue. Parent_Tanimoto_r3=0.780; Max_Train_Tanimoto_r3=0.780; Risk=none. Synthesis route, regioselectivity, stability, equivalent balance and EP compatibility require manual review.",True,True,True,True,eligible,1,1.0,1.0,0.0,0.0,1.0,0.0,Candidate
LIB_0522,CAND_R2_363,TDA-OH-acetyl-all,CCO[Si](CCCNCC(Cn1c(=O)n(CC(CNCCC[Si](OCC)(OCC)OCC)OC(C)=O)c(=O)n(CC(CP2(=O)Oc3ccccc3-c3ccccc32)OC(C)=O)c1=O)OC(C)=O)(OCC)OCC,CCO[Si](CCCNCC(Cn1c(=O)n(CC(CNCCC[Si](OCC)(OCC)OCC)OC(C)=O)c(=O)n(CC(CP2(=O)Oc3ccccc3-c3ccccc32)OC(C)=O)c1=O)OC(C)=O)(OCC)OCC,,DOPO-based (additive),Designed,designed,P-N-Si,1,OH-to-acetate-all,none,Additive,B,1082.3,O=c1[nH]c(=O)n(CCCP2(=O)Oc3ccccc3-c3ccccc32)c(=O)[nH]1,2.8618682435553917,6.470941513443592,0.0,0.0,5.190058209368937,False,True,"Parent=TRAIN_010 (TDA); Change=Converted one OH group to an acetate. Converted all OH groups.; Attachment=all_OH; One-factor computational analogue. Parent_Tanimoto_r3=0.654; Max_Train_Tanimoto_r3=0.654; Risk=candidate may be outside strict in-domain threshold. Synthesis route, regioselectivity, stability, equivalent balance and EP compatibility require manual review.",True,True,True,True,eligible,1,1.0,1.0,0.0,0.0,1.0,0.0,Candidate
LIB_0523,CAND_R2_364,TDA-OH-allyl,C=CCOC(CNCCC[Si](OCC)(OCC)OCC)Cn1c(=O)n(CC(O)CNCCC[Si](OCC)(OCC)OCC)c(=O)n(CC(O)CP2(=O)Oc3ccccc3-c3ccccc32)c1=O,C=CCOC(CNCCC[Si](OCC)(OCC)OCC)Cn1c(=O)n(CC(O)CNCCC[Si](OCC)(OCC)OCC)c(=O)n(CC(O)CP2(=O)Oc3ccccc3-c3ccccc32)c1=O,,DOPO-based (additive),Designed,designed,P-N-Si,1,OH-to-allyl-ether,allyl,Additive,B,996.254,O=c1[nH]c(=O)n(CCCP2(=O)Oc3ccccc3-c3ccccc32)c(=O)[nH]1,3.10904648814459,7.029833757254676,0.0,0.0,5.638321151031764,False,True,"Parent=TRAIN_010 (TDA); Change=Converted one OH group to an allyl ether; no EP reactivity is assumed. Regioisomer 1.; Attachment=OH_site_1; One-factor computational analogue. Parent_Tanimoto_r3=0.808; Max_Train_Tanimoto_r3=0.808; Risk=none. Synthesis route, regioselectivity, stability, equivalent balance and EP compatibility require manual review.",True,True,True,True,eligible,1,1.0,1.0,0.0,0.0,1.0,0.0,Candidate
LIB_0524,CAND_R2_365,TDA-OH-allyl-2,C=CCOC(Cn1c(=O)n(CC(O)CNCCC[Si](OCC)(OCC)OCC)c(=O)n(CC(O)CNCCC[Si](OCC)(OCC)OCC)c1=O)CP1(=O)Oc2ccccc2-c2ccccc21,C=CCOC(Cn1c(=O)n(CC(O)CNCCC[Si](OCC)(OCC)OCC)c(=O)n(CC(O)CNCCC[Si](OCC)(OCC)OCC)c1=O)CP1(=O)Oc2ccccc2-c2ccccc21,,DOPO-based (additive),Designed,designed,P-N-Si,1,OH-to-allyl-ether,allyl,Additive,B,996.2539999999998,O=c1[nH]c(=O)n(CCCP2(=O)Oc3ccccc3-c3ccccc32)c(=O)[nH]1,3.1090464881445903,7.029833757254678,0.0,0.0,5.638321151031766,False,True,"Parent=TRAIN_010 (TDA); Change=Converted one OH group to an allyl ether; no EP reactivity is assumed. Regioisomer 2.; Attachment=OH_site_2; One-factor computational analogue. Parent_Tanimoto_r3=0.750; Max_Train_Tanimoto_r3=0.750; Risk=none. Synthesis route, regioselectivity, stability, equivalent balance and EP compatibility require manual review.",True,True,True,True,eligible,1,1.0,1.0,0.0,0.0,1.0,0.0,Candidate
LIB_0525,CAND_R2_366,TDA-OH-allyl-all,C=CCOC(CNCCC[Si](OCC)(OCC)OCC)Cn1c(=O)n(CC(CNCCC[Si](OCC)(OCC)OCC)OCC=C)c(=O)n(CC(CP2(=O)Oc3ccccc3-c3ccccc32)OCC=C)c1=O,C=CCOC(CNCCC[Si](OCC)(OCC)OCC)Cn1c(=O)n(CC(CNCCC[Si](OCC)(OCC)OCC)OCC=C)c(=O)n(CC(CP2(=O)Oc3ccccc3-c3ccccc32)OCC=C)c1=O,,DOPO-based (additive),Designed,designed,P-N-Si,1,OH-to-allyl-ether-all,allyl,Additive,B,1076.3839999999998,O=c1[nH]c(=O)n(CCCP2(=O)Oc3ccccc3-c3ccccc32)c(=O)[nH]1,2.877597585991617,6.5065069714897295,0.0,0.0,5.218583702470495,False,True,"Parent=TRAIN_010 (TDA); Change=Converted one OH group to an allyl ether; no EP reactivity is assumed. Converted all OH groups.; Attachment=all_OH; One-factor computational analogue. Parent_Tanimoto_r3=0.622; Max_Train_Tanimoto_r3=0.622; Risk=large structural change from parent; candidate may be outside strict in-domain threshold. Synthesis route, regioselectivity, stability, equivalent balance and EP compatibility require manual review.",True,True,True,True,eligible,1,1.0,1.0,0.0,0.0,1.0,0.0,Candidate
LIB_0526,CAND_R2_367,TDA-NH-methyl,CCO[Si](CCCNCC(O)Cn1c(=O)n(CC(O)CN(C)CCC[Si](OCC)(OCC)OCC)c(=O)n(CC(O)CP2(=O)Oc3ccccc3-c3ccccc32)c1=O)(OCC)OCC,CCO[Si](CCCNCC(O)Cn1c(=O)n(CC(O)CN(C)CCC[Si](OCC)(OCC)OCC)c(=O)n(CC(O)CP2(=O)Oc3ccccc3-c3ccccc32)c1=O)(OCC)OCC,,DOPO-based (additive),Designed,designed,P-N-Si,1,N-methyl,none,Additive,B,970.2160000000001,O=c1[nH]c(=O)n(CCCP2(=O)Oc3ccccc3-c3ccccc32)c(=O)[nH]1,3.1924849724185127,7.218495675189854,0.0,0.0,5.789638595941521,False,True,"Parent=TRAIN_010 (TDA); Change=Methylated one free N–H site, reducing curing activity. Regioisomer 1.; Attachment=NH_site_1; One-factor computational analogue. Parent_Tanimoto_r3=0.840; Max_Train_Tanimoto_r3=0.840; Risk=none. Synthesis route, regioselectivity, stability, equivalent balance and EP compatibility require manual review.",True,True,True,True,eligible,1,1.0,1.0,0.0,0.0,1.0,0.0,Candidate
LIB_0527,CAND_R2_368,TDA-NH-methyl-all,CCO[Si](CCCN(C)CC(O)Cn1c(=O)n(CC(O)CN(C)CCC[Si](OCC)(OCC)OCC)c(=O)n(CC(O)CP2(=O)Oc3ccccc3-c3ccccc32)c1=O)(OCC)OCC,CCO[Si](CCCN(C)CC(O)Cn1c(=O)n(CC(O)CN(C)CCC[Si](OCC)(OCC)OCC)c(=O)n(CC(O)CP2(=O)Oc3ccccc3-c3ccccc32)c1=O)(OCC)OCC,,DOPO-based (additive),Designed,designed,P-N-Si,1,N-methyl-all,none,Additive,B,984.243,O=c1[nH]c(=O)n(CCCP2(=O)Oc3ccccc3-c3ccccc32)c(=O)[nH]1,3.1469870753462303,7.1156208375370715,0.0,0.0,5.707127203343076,False,True,"Parent=TRAIN_010 (TDA); Change=Methylated one free N–H site, reducing curing activity. Converted all N–H sites.; Attachment=all_NH; One-factor computational analogue. Parent_Tanimoto_r3=0.710; Max_Train_Tanimoto_r3=0.710; Risk=none. Synthesis route, regioselectivity, stability, equivalent balance and EP compatibility require manual review.",True,True,True,True,eligible,1,1.0,1.0,0.0,0.0,1.0,0.0,Candidate
LIB_0528,CAND_R2_369,TDA-NH-hydroxyethyl,CCO[Si](CCCNCC(O)Cn1c(=O)n(CC(O)CN(CCO)CCC[Si](OCC)(OCC)OCC)c(=O)n(CC(O)CP2(=O)Oc3ccccc3-c3ccccc32)c1=O)(OCC)OCC,CCO[Si](CCCNCC(O)Cn1c(=O)n(CC(O)CN(CCO)CCC[Si](OCC)(OCC)OCC)c(=O)n(CC(O)CP2(=O)Oc3ccccc3-c3ccccc32)c1=O)(OCC)OCC,,DOPO-based (additive),Designed,designed,P-N-Si,1,N-hydroxyethyl,OH,Additive,B,1000.2420000000001,O=c1[nH]c(=O)n(CCCP2(=O)Oc3ccccc3-c3ccccc32)c(=O)[nH]1,3.096650610552246,7.001805563053741,0.0,0.0,5.61584096648611,False,True,"Parent=TRAIN_010 (TDA); Change=Introduced one hydroxyethyl substituent on an N–H site. Regioisomer 1.; Attachment=NH_site_1; One-factor computational analogue. Parent_Tanimoto_r3=0.808; Max_Train_Tanimoto_r3=0.808; Risk=none. Synthesis route, regioselectivity, stability, equivalent balance and EP compatibility require manual review.",True,True,True,True,eligible,1,1.0,1.0,0.0,0.0,1.0,0.0,Candidate
LIB_0529,CAND_R2_370,TDA-NH-hydroxyethyl-all,CCO[Si](CCCN(CCO)CC(O)Cn1c(=O)n(CC(O)CN(CCO)CCC[Si](OCC)(OCC)OCC)c(=O)n(CC(O)CP2(=O)Oc3ccccc3-c3ccccc32)c1=O)(OCC)OCC,CCO[Si](CCCN(CCO)CC(O)Cn1c(=O)n(CC(O)CN(CCO)CCC[Si](OCC)(OCC)OCC)c(=O)n(CC(O)CP2(=O)Oc3ccccc3-c3ccccc32)c1=O)(OCC)OCC,,DOPO-based (additive),Designed,designed,P-N-Si,1,N-hydroxyethyl-all,OH,Additive,B,1044.295,O=c1[nH]c(=O)n(CCCP2(=O)Oc3ccccc3-c3ccccc32)c(=O)[nH]1,2.966020137987829,6.706438314843985,0.0,0.0,5.378939858947902,False,True,"Parent=TRAIN_010 (TDA); Change=Introduced one hydroxyethyl substituent on an N–H site. Converted all N–H sites.; Attachment=all_NH; One-factor computational analogue. Parent_Tanimoto_r3=0.683; Max_Train_Tanimoto_r3=0.683; Risk=candidate may be outside strict in-domain threshold. Synthesis route, regioselectivity, stability, equivalent balance and EP compatibility require manual review.",True,True,True,True,eligible,1,1.0,1.0,0.0,0.0,1.0,0.0,Candidate
LIB_0530,CAND_R2_371,TDA-NH-glycidyl,CCO[Si](CCCNCC(O)Cn1c(=O)n(CC(O)CN(CCC[Si](OCC)(OCC)OCC)CC2CO2)c(=O)n(CC(O)CP2(=O)Oc3ccccc3-c3ccccc32)c1=O)(OCC)OCC,CCO[Si](CCCNCC(O)Cn1c(=O)n(CC(O)CN(CCC[Si](OCC)(OCC)OCC)CC2CO2)c(=O)n(CC(O)CP2(=O)Oc3ccccc3-c3ccccc32)c1=O)(OCC)OCC,,DOPO-based (Co-curing),Designed,designed,P-N-Si,1,N-glycidyl,epoxy,Co-curing,B,1012.253,O=c1[nH]c(=O)n(CCCP2(=O)Oc3ccccc3-c3ccccc32)c(=O)n1CCCNCC1CO1,3.0599069600188886,6.918724864238485,0.0,0.0,5.549205583979499,False,True,"Parent=TRAIN_010 (TDA); Change=Introduced one glycidyl substituent on an N–H site. Regioisomer 1.; Attachment=NH_site_1; One-factor computational analogue. Parent_Tanimoto_r3=0.771; Max_Train_Tanimoto_r3=0.771; Risk=none. Synthesis route, regioselectivity, stability, equivalent balance and EP compatibility require manual review.",True,True,True,True,eligible,1,1.0,1.0,0.0,0.0,1.0,2.0,Candidate
LIB_0531,CAND_R2_372,TDA-NH-glycidyl-all,CCO[Si](CCCN(CC(O)Cn1c(=O)n(CC(O)CN(CCC[Si](OCC)(OCC)OCC)CC2CO2)c(=O)n(CC(O)CP2(=O)Oc3ccccc3-c3ccccc32)c1=O)CC1CO1)(OCC)OCC,CCO[Si](CCCN(CC(O)Cn1c(=O)n(CC(O)CN(CCC[Si](OCC)(OCC)OCC)CC2CO2)c(=O)n(CC(O)CP2(=O)Oc3ccccc3-c3ccccc32)c1=O)CC1CO1)(OCC)OCC,,DOPO-based (Co-curing),Designed,designed,P-N-Si,1,N-glycidyl-all,epoxy,Co-curing,B,1068.3169999999998,O=c1n(CCCNCC2CO2)c(=O)n(CCCP2(=O)Oc3ccccc3-c3ccccc32)c(=O)n1CCCNCC1CO1,2.8993266979744785,6.555638448138522,0.0,0.0,5.257989903745799,False,True,"Parent=TRAIN_010 (TDA); Change=Introduced one glycidyl substituent on an N–H site. Converted all N–H sites.; Attachment=all_NH; One-factor computational analogue. Parent_Tanimoto_r3=0.651; Max_Train_Tanimoto_r3=0.651; Risk=candidate may be outside strict in-domain threshold. Synthesis route, regioselectivity, stability, equivalent balance and EP compatibility require manual review.",True,True,True,True,eligible,1,1.0,1.0,0.0,0.0,1.0,2.0,Candidate
LIB_0532,CAND_R2_373,TetraDSi-amino,CC(C)(c1ccc(O)c(CCCP2(=O)Oc3ccccc3-c3ccccc32)c1)c1ccc(O[Si](Oc2ccc(C(C)(C)c3ccc(O)c(CCCP4(=O)Oc5ccccc5-c5ccccc54)c3)cc2CCCP2(=O)Oc3ccccc3-c3ccccc32)(Oc2ccc(C(C)(C)c3ccc(O)c(CCCP4(=O)Oc5ccccc5-c5ccccc54)c3)cc2CCCP2(=O)Oc3ccccc3-c3ccccc32)Oc2ccc(C(C)(C)c3cc(CCCP4(=O)Oc5ccccc5-c5ccccc54)c(O)cc3N)cc2CCCP2(=O)Oc3ccccc3-c3ccccc32)c(CCCP2(=O)Oc3ccccc3-c3ccccc32)c1,CC(C)(c1ccc(O)c(CCCP2(=O)Oc3ccccc3-c3ccccc32)c1)c1ccc(O[Si](Oc2ccc(C(C)(C)c3ccc(O)c(CCCP4(=O)Oc5ccccc5-c5ccccc54)c3)cc2CCCP2(=O)Oc3ccccc3-c3ccccc32)(Oc2ccc(C(C)(C)c3ccc(O)c(CCCP4(=O)Oc5ccccc5-c5ccccc54)c3)cc2CCCP2(=O)Oc3ccccc3-c3ccccc32)Oc2ccc(C(C)(C)c3cc(CCCP4(=O)Oc5ccccc5-c5ccccc54)c(O)cc3N)cc2CCCP2(=O)Oc3ccccc3-c3ccccc32)c(CCCP2(=O)Oc3ccccc3-c3ccccc32)c1,,DOPO-based (Co-curing),Designed,designed,P-N-Si,8,aryl-amino,NH2,Co-curing,C,3002.1609999999914,O=P1(CCCc2cccc(Cc3ccc(O[Si](Oc4ccc(Cc5cccc(CCCP6(=O)Oc7ccccc7-c7ccccc76)c5)cc4CCCP4(=O)Oc5ccccc5-c5ccccc54)(Oc4ccc(Cc5cccc(CCCP6(=O)Oc7ccccc7-c7ccccc76)c5)cc4CCCP4(=O)Oc5ccccc5-c5ccccc54)Oc4ccc(Cc5cccc(CCCP6(=O)Oc7ccccc7-c7ccccc76)c5)cc4CCCP4(=O)Oc5ccccc5-c5ccccc54)c(CCCP4(=O)Oc5ccccc5-c5ccccc54)c3)c2)Oc2ccccc2-c2ccccc21,8.253787854815272,0.46656391845740586,0.0,0.0,0.9355261093592275,False,False,"Parent=TRAIN_103 (TetraDSi); Change=Added amino at aromatic atom 149.; Attachment=peripheral_aromatic; One-factor computational analogue. Parent_Tanimoto_r3=0.830; Max_Train_Tanimoto_r3=0.830; Risk=high molecular weight; high DOPO count; exploratory only; excluded from formal screening. Synthesis route, regioselectivity, stability, equivalent balance and EP compatibility require manual review.",True,True,True,False,synthesis_level_C_or_missing,8,1.0,1.0,0.0,0.0,1.0,2.0,Candidate
LIB_0533,CAND_R2_374,TetraDSi-hydroxy,CC(C)(c1ccc(O)c(CCCP2(=O)Oc3ccccc3-c3ccccc32)c1)c1ccc(O[Si](Oc2ccc(C(C)(C)c3ccc(O)c(CCCP4(=O)Oc5ccccc5-c5ccccc54)c3)cc2CCCP2(=O)Oc3ccccc3-c3ccccc32)(Oc2ccc(C(C)(C)c3ccc(O)c(CCCP4(=O)Oc5ccccc5-c5ccccc54)c3)cc2CCCP2(=O)Oc3ccccc3-c3ccccc32)Oc2ccc(C(C)(C)c3cc(CCCP4(=O)Oc5ccccc5-c5ccccc54)c(O)cc3O)cc2CCCP2(=O)Oc3ccccc3-c3ccccc32)c(CCCP2(=O)Oc3ccccc3-c3ccccc32)c1,CC(C)(c1ccc(O)c(CCCP2(=O)Oc3ccccc3-c3ccccc32)c1)c1ccc(O[Si](Oc2ccc(C(C)(C)c3ccc(O)c(CCCP4(=O)Oc5ccccc5-c5ccccc54)c3)cc2CCCP2(=O)Oc3ccccc3-c3ccccc32)(Oc2ccc(C(C)(C)c3ccc(O)c(CCCP4(=O)Oc5ccccc5-c5ccccc54)c3)cc2CCCP2(=O)Oc3ccccc3-c3ccccc32)Oc2ccc(C(C)(C)c3cc(CCCP4(=O)Oc5ccccc5-c5ccccc54)c(O)cc3O)cc2CCCP2(=O)Oc3ccccc3-c3ccccc32)c(CCCP2(=O)Oc3ccccc3-c3ccccc32)c1,,DOPO-based (additive),Designed,designed,P-Si,8,aryl-hydroxy,OH,Additive,C,3003.144999999991,O=P1(CCCc2cccc(Cc3ccc(O[Si](Oc4ccc(Cc5cccc(CCCP6(=O)Oc7ccccc7-c7ccccc76)c5)cc4CCCP4(=O)Oc5ccccc5-c5ccccc54)(Oc4ccc(Cc5cccc(CCCP6(=O)Oc7ccccc7-c7ccccc76)c5)cc4CCCP4(=O)Oc5ccccc5-c5ccccc54)Oc4ccc(Cc5cccc(CCCP6(=O)Oc7ccccc7-c7ccccc76)c5)cc4CCCP4(=O)Oc5ccccc5-c5ccccc54)c(CCCP4(=O)Oc5ccccc5-c5ccccc54)c3)c2)Oc2ccccc2-c2ccccc21,8.251083447519209,0.0,0.0,0.0,0.9352195781422503,False,False,"Parent=TRAIN_103 (TetraDSi); Change=Added hydroxy at aromatic atom 149.; Attachment=peripheral_aromatic; One-factor computational analogue. Parent_Tanimoto_r3=0.854; Max_Train_Tanimoto_r3=0.854; Risk=high molecular weight; high DOPO count; exploratory only; excluded from formal screening. Synthesis route, regioselectivity, stability, equivalent balance and EP compatibility require manual review.",True,True,True,False,synthesis_level_C_or_missing,8,1.0,0.0,0.0,0.0,1.0,0.0,Candidate
LIB_0534,CAND_R2_375,TetraDSi-boronic-acid,CC(C)(c1ccc(O)c(CCCP2(=O)Oc3ccccc3-c3ccccc32)c1)c1ccc(O[Si](Oc2ccc(C(C)(C)c3ccc(O)c(CCCP4(=O)Oc5ccccc5-c5ccccc54)c3)cc2CCCP2(=O)Oc3ccccc3-c3ccccc32)(Oc2ccc(C(C)(C)c3ccc(O)c(CCCP4(=O)Oc5ccccc5-c5ccccc54)c3)cc2CCCP2(=O)Oc3ccccc3-c3ccccc32)Oc2ccc(C(C)(C)c3cc(CCCP4(=O)Oc5ccccc5-c5ccccc54)c(O)cc3B(O)O)cc2CCCP2(=O)Oc3ccccc3-c3ccccc32)c(CCCP2(=O)Oc3ccccc3-c3ccccc32)c1,CC(C)(c1ccc(O)c(CCCP2(=O)Oc3ccccc3-c3ccccc32)c1)c1ccc(O[Si](Oc2ccc(C(C)(C)c3ccc(O)c(CCCP4(=O)Oc5ccccc5-c5ccccc54)c3)cc2CCCP2(=O)Oc3ccccc3-c3ccccc32)(Oc2ccc(C(C)(C)c3ccc(O)c(CCCP4(=O)Oc5ccccc5-c5ccccc54)c3)cc2CCCP2(=O)Oc3ccccc3-c3ccccc32)Oc2ccc(C(C)(C)c3cc(CCCP4(=O)Oc5ccccc5-c5ccccc54)c(O)cc3B(O)O)cc2CCCP2(=O)Oc3ccccc3-c3ccccc32)c(CCCP2(=O)Oc3ccccc3-c3ccccc32)c1,,DOPO-based (additive),Designed,designed,P-Si-B,8,aryl-boronic-acid,B(OH)2,Additive,C,3030.9639999999904,O=P1(CCCc2cccc(Cc3ccc(O[Si](Oc4ccc(Cc5cccc(CCCP6(=O)Oc7ccccc7-c7ccccc76)c5)cc4CCCP4(=O)Oc5ccccc5-c5ccccc54)(Oc4ccc(Cc5cccc(CCCP6(=O)Oc7ccccc7-c7ccccc76)c5)cc4CCCP4(=O)Oc5ccccc5-c5ccccc54)Oc4ccc(Cc5cccc(CCCP6(=O)Oc7ccccc7-c7ccccc76)c5)cc4CCCP4(=O)Oc5ccccc5-c5ccccc54)c(CCCP4(=O)Oc5ccccc5-c5ccccc54)c3)c2)Oc2ccccc2-c2ccccc21,8.175352792049024,0.0,0.0,0.35671819262782517,0.9266358821813815,False,False,"Parent=TRAIN_103 (TetraDSi); Change=Added boronic_acid at aromatic atom 149.; Attachment=peripheral_aromatic; One-factor computational analogue. Parent_Tanimoto_r3=0.830; Max_Train_Tanimoto_r3=0.830; Risk=high molecular weight; high DOPO count; exploratory only; excluded from formal screening. Synthesis route, regioselectivity, stability, equivalent balance and EP compatibility require manual review.",True,True,True,False,synthesis_level_C_or_missing,8,1.0,0.0,0.0,1.0,1.0,0.0,Candidate
LIB_0535,CAND_R2_376,TetraDSi-glycidyloxy,CC(C)(c1ccc(O)c(CCCP2(=O)Oc3ccccc3-c3ccccc32)c1)c1ccc(O[Si](Oc2ccc(C(C)(C)c3ccc(O)c(CCCP4(=O)Oc5ccccc5-c5ccccc54)c3)cc2CCCP2(=O)Oc3ccccc3-c3ccccc32)(Oc2ccc(C(C)(C)c3ccc(O)c(CCCP4(=O)Oc5ccccc5-c5ccccc54)c3)cc2CCCP2(=O)Oc3ccccc3-c3ccccc32)Oc2ccc(C(C)(C)c3cc(CCCP4(=O)Oc5ccccc5-c5ccccc54)c(O)cc3OCC3CO3)cc2CCCP2(=O)Oc3ccccc3-c3ccccc32)c(CCCP2(=O)Oc3ccccc3-c3ccccc32)c1,CC(C)(c1ccc(O)c(CCCP2(=O)Oc3ccccc3-c3ccccc32)c1)c1ccc(O[Si](Oc2ccc(C(C)(C)c3ccc(O)c(CCCP4(=O)Oc5ccccc5-c5ccccc54)c3)cc2CCCP2(=O)Oc3ccccc3-c3ccccc32)(Oc2ccc(C(C)(C)c3ccc(O)c(CCCP4(=O)Oc5ccccc5-c5ccccc54)c3)cc2CCCP2(=O)Oc3ccccc3-c3ccccc32)Oc2ccc(C(C)(C)c3cc(CCCP4(=O)Oc5ccccc5-c5ccccc54)c(O)cc3OCC3CO3)cc2CCCP2(=O)Oc3ccccc3-c3ccccc32)c(CCCP2(=O)Oc3ccccc3-c3ccccc32)c1,,DOPO-based (Co-curing),Designed,designed,P-Si,8,aryl-glycidyl-ether,epoxy,Co-curing,C,3059.2089999999907,O=P1(CCCc2cccc(Cc3ccc(O[Si](Oc4ccc(Cc5cccc(CCCP6(=O)Oc7ccccc7-c7ccccc76)c5)cc4CCCP4(=O)Oc5ccccc5-c5ccccc54)(Oc4ccc(Cc5cccc(CCCP6(=O)Oc7ccccc7-c7ccccc76)c5)cc4CCCP4(=O)Oc5ccccc5-c5ccccc54)Oc4ccc(Cc5cc(CCCP6(=O)Oc7ccccc7-c7ccccc76)ccc5OCC5CO5)cc4CCCP4(=O)Oc5ccccc5-c5ccccc54)c(CCCP4(=O)Oc5ccccc5-c5ccccc54)c3)c2)Oc2ccccc2-c2ccccc21,8.09987156810799,0.0,0.0,0.0,0.9180804580530485,False,False,"Parent=TRAIN_103 (TetraDSi); Change=Added glycidyloxy at aromatic atom 149.; Attachment=peripheral_aromatic; One-factor computational analogue. Parent_Tanimoto_r3=0.752; Max_Train_Tanimoto_r3=0.752; Risk=high molecular weight; high DOPO count; exploratory only; excluded from formal screening. Synthesis route, regioselectivity, stability, equivalent balance and EP compatibility require manual review.",True,True,True,False,synthesis_level_C_or_missing,8,1.0,0.0,0.0,0.0,1.0,2.0,Candidate
LIB_0536,CAND_R2_377,TetraDSi-OH-glycidyl-all,CC(C)(c1ccc(OCC2CO2)c(CCCP2(=O)Oc3ccccc3-c3ccccc32)c1)c1ccc(O[Si](Oc2ccc(C(C)(C)c3ccc(OCC4CO4)c(CCCP4(=O)Oc5ccccc5-c5ccccc54)c3)cc2CCCP2(=O)Oc3ccccc3-c3ccccc32)(Oc2ccc(C(C)(C)c3ccc(OCC4CO4)c(CCCP4(=O)Oc5ccccc5-c5ccccc54)c3)cc2CCCP2(=O)Oc3ccccc3-c3ccccc32)Oc2ccc(C(C)(C)c3ccc(OCC4CO4)c(CCCP4(=O)Oc5ccccc5-c5ccccc54)c3)cc2CCCP2(=O)Oc3ccccc3-c3ccccc32)c(CCCP2(=O)Oc3ccccc3-c3ccccc32)c1,CC(C)(c1ccc(OCC2CO2)c(CCCP2(=O)Oc3ccccc3-c3ccccc32)c1)c1ccc(O[Si](Oc2ccc(C(C)(C)c3ccc(OCC4CO4)c(CCCP4(=O)Oc5ccccc5-c5ccccc54)c3)cc2CCCP2(=O)Oc3ccccc3-c3ccccc32)(Oc2ccc(C(C)(C)c3ccc(OCC4CO4)c(CCCP4(=O)Oc5ccccc5-c5ccccc54)c3)cc2CCCP2(=O)Oc3ccccc3-c3ccccc32)Oc2ccc(C(C)(C)c3ccc(OCC4CO4)c(CCCP4(=O)Oc5ccccc5-c5ccccc54)c3)cc2CCCP2(=O)Oc3ccccc3-c3ccccc32)c(CCCP2(=O)Oc3ccccc3-c3ccccc32)c1,,DOPO-based (Co-curing),Designed,designed,P-Si,8,OH-to-glycidyl-ether-all,epoxy,Co-curing,C,3211.4019999999896,O=P1(CCCc2cc(Cc3ccc(O[Si](Oc4ccc(Cc5ccc(OCC6CO6)c(CCCP6(=O)Oc7ccccc7-c7ccccc76)c5)cc4CCCP4(=O)Oc5ccccc5-c5ccccc54)(Oc4ccc(Cc5ccc(OCC6CO6)c(CCCP6(=O)Oc7ccccc7-c7ccccc76)c5)cc4CCCP4(=O)Oc5ccccc5-c5ccccc54)Oc4ccc(Cc5ccc(OCC6CO6)c(CCCP6(=O)Oc7ccccc7-c7ccccc76)c5)cc4CCCP4(=O)Oc5ccccc5-c5ccccc54)c(CCCP4(=O)Oc5ccccc5-c5ccccc54)c3)ccc2OCC2CO2)Oc2ccccc2-c2ccccc21,7.716006902904115,0.0,0.0,0.0,0.8745712931610583,False,False,"Parent=TRAIN_103 (TetraDSi); Change=Converted one OH group to a glycidyl ether. Converted all OH groups.; Attachment=all_OH; One-factor computational analogue. Parent_Tanimoto_r3=0.724; Max_Train_Tanimoto_r3=0.724; Risk=high molecular weight; high DOPO count; exploratory only; excluded from formal screening. Synthesis route, regioselectivity, stability, equivalent balance and EP compatibility require manual review.",True,True,True,False,synthesis_level_C_or_missing,8,1.0,0.0,0.0,0.0,1.0,2.0,Candidate
LIB_0537,CAND_R2_378,TetraDSi-OH-methyl,COc1ccc(C(C)(C)c2ccc(O[Si](Oc3ccc(C(C)(C)c4ccc(O)c(CCCP5(=O)Oc6ccccc6-c6ccccc65)c4)cc3CCCP3(=O)Oc4ccccc4-c4ccccc43)(Oc3ccc(C(C)(C)c4ccc(O)c(CCCP5(=O)Oc6ccccc6-c6ccccc65)c4)cc3CCCP3(=O)Oc4ccccc4-c4ccccc43)Oc3ccc(C(C)(C)c4ccc(O)c(CCCP5(=O)Oc6ccccc6-c6ccccc65)c4)cc3CCCP3(=O)Oc4ccccc4-c4ccccc43)c(CCCP3(=O)Oc4ccccc4-c4ccccc43)c2)cc1CCCP1(=O)Oc2ccccc2-c2ccccc21,COc1ccc(C(C)(C)c2ccc(O[Si](Oc3ccc(C(C)(C)c4ccc(O)c(CCCP5(=O)Oc6ccccc6-c6ccccc65)c4)cc3CCCP3(=O)Oc4ccccc4-c4ccccc43)(Oc3ccc(C(C)(C)c4ccc(O)c(CCCP5(=O)Oc6ccccc6-c6ccccc65)c4)cc3CCCP3(=O)Oc4ccccc4-c4ccccc43)Oc3ccc(C(C)(C)c4ccc(O)c(CCCP5(=O)Oc6ccccc6-c6ccccc65)c4)cc3CCCP3(=O)Oc4ccccc4-c4ccccc43)c(CCCP3(=O)Oc4ccccc4-c4ccccc43)c2)cc1CCCP1(=O)Oc2ccccc2-c2ccccc21,,DOPO-based (additive),Designed,designed,P-Si,8,OH-to-methyl-ether,none,Additive,C,3001.172999999991,O=P1(CCCc2cccc(Cc3ccc(O[Si](Oc4ccc(Cc5cccc(CCCP6(=O)Oc7ccccc7-c7ccccc76)c5)cc4CCCP4(=O)Oc5ccccc5-c5ccccc54)(Oc4ccc(Cc5cccc(CCCP6(=O)Oc7ccccc7-c7ccccc76)c5)cc4CCCP4(=O)Oc5ccccc5-c5ccccc54)Oc4ccc(Cc5cccc(CCCP6(=O)Oc7ccccc7-c7ccccc76)c5)cc4CCCP4(=O)Oc5ccccc5-c5ccccc54)c(CCCP4(=O)Oc5ccccc5-c5ccccc54)c3)c2)Oc2ccccc2-c2ccccc21,8.256505039862772,0.0,0.0,0.0,0.9358340888712541,False,False,"Parent=TRAIN_103 (TetraDSi); Change=Converted one OH group to a methyl ether. Regioisomer 1.; Attachment=OH_site_1; One-factor computational analogue. Parent_Tanimoto_r3=0.946; Max_Train_Tanimoto_r3=0.946; Risk=high molecular weight; high DOPO count; exploratory only; excluded from formal screening. Synthesis route, regioselectivity, stability, equivalent balance and EP compatibility require manual review.",True,True,True,False,synthesis_level_C_or_missing,8,1.0,0.0,0.0,0.0,1.0,0.0,Candidate
LIB_0538,CAND_R2_379,TetraDSi-OH-methyl-all,COc1ccc(C(C)(C)c2ccc(O[Si](Oc3ccc(C(C)(C)c4ccc(OC)c(CCCP5(=O)Oc6ccccc6-c6ccccc65)c4)cc3CCCP3(=O)Oc4ccccc4-c4ccccc43)(Oc3ccc(C(C)(C)c4ccc(OC)c(CCCP5(=O)Oc6ccccc6-c6ccccc65)c4)cc3CCCP3(=O)Oc4ccccc4-c4ccccc43)Oc3ccc(C(C)(C)c4ccc(OC)c(CCCP5(=O)Oc6ccccc6-c6ccccc65)c4)cc3CCCP3(=O)Oc4ccccc4-c4ccccc43)c(CCCP3(=O)Oc4ccccc4-c4ccccc43)c2)cc1CCCP1(=O)Oc2ccccc2-c2ccccc21,COc1ccc(C(C)(C)c2ccc(O[Si](Oc3ccc(C(C)(C)c4ccc(OC)c(CCCP5(=O)Oc6ccccc6-c6ccccc65)c4)cc3CCCP3(=O)Oc4ccccc4-c4ccccc43)(Oc3ccc(C(C)(C)c4ccc(OC)c(CCCP5(=O)Oc6ccccc6-c6ccccc65)c4)cc3CCCP3(=O)Oc4ccccc4-c4ccccc43)Oc3ccc(C(C)(C)c4ccc(OC)c(CCCP5(=O)Oc6ccccc6-c6ccccc65)c4)cc3CCCP3(=O)Oc4ccccc4-c4ccccc43)c(CCCP3(=O)Oc4ccccc4-c4ccccc43)c2)cc1CCCP1(=O)Oc2ccccc2-c2ccccc21,,DOPO-based (additive),Designed,designed,P-Si,8,OH-to-methyl-ether-all,none,Additive,C,3043.2539999999904,O=P1(CCCc2cccc(Cc3ccc(O[Si](Oc4ccc(Cc5cccc(CCCP6(=O)Oc7ccccc7-c7ccccc76)c5)cc4CCCP4(=O)Oc5ccccc5-c5ccccc54)(Oc4ccc(Cc5cccc(CCCP6(=O)Oc7ccccc7-c7ccccc76)c5)cc4CCCP4(=O)Oc5ccccc5-c5ccccc54)Oc4ccc(Cc5cccc(CCCP6(=O)Oc7ccccc7-c7ccccc76)c5)cc4CCCP4(=O)Oc5ccccc5-c5ccccc54)c(CCCP4(=O)Oc5ccccc5-c5ccccc54)c3)c2)Oc2ccccc2-c2ccccc21,8.142337116783574,0.0,0.0,0.0,0.9228937183685649,False,False,"Parent=TRAIN_103 (TetraDSi); Change=Converted one OH group to a methyl ether. Converted all OH groups.; Attachment=all_OH; One-factor computational analogue. Parent_Tanimoto_r3=0.817; Max_Train_Tanimoto_r3=0.817; Risk=high molecular weight; high DOPO count; exploratory only; excluded from formal screening. Synthesis route, regioselectivity, stability, equivalent balance and EP compatibility require manual review.",True,True,True,False,synthesis_level_C_or_missing,8,1.0,0.0,0.0,0.0,1.0,0.0,Candidate
LIB_0539,CAND_R2_380,TetraDSi-OH-acetyl,CC(=O)Oc1ccc(C(C)(C)c2ccc(O[Si](Oc3ccc(C(C)(C)c4ccc(O)c(CCCP5(=O)Oc6ccccc6-c6ccccc65)c4)cc3CCCP3(=O)Oc4ccccc4-c4ccccc43)(Oc3ccc(C(C)(C)c4ccc(O)c(CCCP5(=O)Oc6ccccc6-c6ccccc65)c4)cc3CCCP3(=O)Oc4ccccc4-c4ccccc43)Oc3ccc(C(C)(C)c4ccc(O)c(CCCP5(=O)Oc6ccccc6-c6ccccc65)c4)cc3CCCP3(=O)Oc4ccccc4-c4ccccc43)c(CCCP3(=O)Oc4ccccc4-c4ccccc43)c2)cc1CCCP1(=O)Oc2ccccc2-c2ccccc21,CC(=O)Oc1ccc(C(C)(C)c2ccc(O[Si](Oc3ccc(C(C)(C)c4ccc(O)c(CCCP5(=O)Oc6ccccc6-c6ccccc65)c4)cc3CCCP3(=O)Oc4ccccc4-c4ccccc43)(Oc3ccc(C(C)(C)c4ccc(O)c(CCCP5(=O)Oc6ccccc6-c6ccccc65)c4)cc3CCCP3(=O)Oc4ccccc4-c4ccccc43)Oc3ccc(C(C)(C)c4ccc(O)c(CCCP5(=O)Oc6ccccc6-c6ccccc65)c4)cc3CCCP3(=O)Oc4ccccc4-c4ccccc43)c(CCCP3(=O)Oc4ccccc4-c4ccccc43)c2)cc1CCCP1(=O)Oc2ccccc2-c2ccccc21,,DOPO-based (additive),Designed,designed,P-Si,8,OH-to-acetate,none,Additive,C,3029.182999999991,O=P1(CCCc2cccc(Cc3ccc(O[Si](Oc4ccc(Cc5cccc(CCCP6(=O)Oc7ccccc7-c7ccccc76)c5)cc4CCCP4(=O)Oc5ccccc5-c5ccccc54)(Oc4ccc(Cc5cccc(CCCP6(=O)Oc7ccccc7-c7ccccc76)c5)cc4CCCP4(=O)Oc5ccccc5-c5ccccc54)Oc4ccc(Cc5cccc(CCCP6(=O)Oc7ccccc7-c7ccccc76)c5)cc4CCCP4(=O)Oc5ccccc5-c5ccccc54)c(CCCP4(=O)Oc5ccccc5-c5ccccc54)c3)c2)Oc2ccccc2-c2ccccc21,8.180159468741266,0.0,0.0,0.0,0.9271806952567766,False,False,"Parent=TRAIN_103 (TetraDSi); Change=Converted one OH group to an acetate. Regioisomer 1.; Attachment=OH_site_1; One-factor computational analogue. Parent_Tanimoto_r3=0.889; Max_Train_Tanimoto_r3=0.889; Risk=high molecular weight; high DOPO count; exploratory only; excluded from formal screening. Synthesis route, regioselectivity, stability, equivalent balance and EP compatibility require manual review.",True,True,True,False,synthesis_level_C_or_missing,8,1.0,0.0,0.0,0.0,1.0,0.0,Candidate
LIB_0540,CAND_R2_381,TetraDSi-OH-acetyl-all,CC(=O)Oc1ccc(C(C)(C)c2ccc(O[Si](Oc3ccc(C(C)(C)c4ccc(OC(C)=O)c(CCCP5(=O)Oc6ccccc6-c6ccccc65)c4)cc3CCCP3(=O)Oc4ccccc4-c4ccccc43)(Oc3ccc(C(C)(C)c4ccc(OC(C)=O)c(CCCP5(=O)Oc6ccccc6-c6ccccc65)c4)cc3CCCP3(=O)Oc4ccccc4-c4ccccc43)Oc3ccc(C(C)(C)c4ccc(OC(C)=O)c(CCCP5(=O)Oc6ccccc6-c6ccccc65)c4)cc3CCCP3(=O)Oc4ccccc4-c4ccccc43)c(CCCP3(=O)Oc4ccccc4-c4ccccc43)c2)cc1CCCP1(=O)Oc2ccccc2-c2ccccc21,CC(=O)Oc1ccc(C(C)(C)c2ccc(O[Si](Oc3ccc(C(C)(C)c4ccc(OC(C)=O)c(CCCP5(=O)Oc6ccccc6-c6ccccc65)c4)cc3CCCP3(=O)Oc4ccccc4-c4ccccc43)(Oc3ccc(C(C)(C)c4ccc(OC(C)=O)c(CCCP5(=O)Oc6ccccc6-c6ccccc65)c4)cc3CCCP3(=O)Oc4ccccc4-c4ccccc43)Oc3ccc(C(C)(C)c4ccc(OC(C)=O)c(CCCP5(=O)Oc6ccccc6-c6ccccc65)c4)cc3CCCP3(=O)Oc4ccccc4-c4ccccc43)c(CCCP3(=O)Oc4ccccc4-c4ccccc43)c2)cc1CCCP1(=O)Oc2ccccc2-c2ccccc21,,DOPO-based (additive),Designed,designed,P-Si,8,OH-to-acetate-all,none,Additive,C,3155.2939999999903,O=P1(CCCc2cccc(Cc3ccc(O[Si](Oc4ccc(Cc5cccc(CCCP6(=O)Oc7ccccc7-c7ccccc76)c5)cc4CCCP4(=O)Oc5ccccc5-c5ccccc54)(Oc4ccc(Cc5cccc(CCCP6(=O)Oc7ccccc7-c7ccccc76)c5)cc4CCCP4(=O)Oc5ccccc5-c5ccccc54)Oc4ccc(Cc5cccc(CCCP6(=O)Oc7ccccc7-c7ccccc76)c5)cc4CCCP4(=O)Oc5ccccc5-c5ccccc54)c(CCCP4(=O)Oc5ccccc5-c5ccccc54)c3)c2)Oc2ccccc2-c2ccccc21,7.853214312200409,0.0,0.0,0.0,0.8901230756943754,False,False,"Parent=TRAIN_103 (TetraDSi); Change=Converted one OH group to an acetate. Converted all OH groups.; Attachment=all_OH; One-factor computational analogue. Parent_Tanimoto_r3=0.778; Max_Train_Tanimoto_r3=0.778; Risk=high molecular weight; high DOPO count; exploratory only; excluded from formal screening. Synthesis route, regioselectivity, stability, equivalent balance and EP compatibility require manual review.",True,True,True,False,synthesis_level_C_or_missing,8,1.0,0.0,0.0,0.0,1.0,0.0,Candidate
LIB_0541,CAND_R2_382,TetraDSi-OH-allyl,C=CCOc1ccc(C(C)(C)c2ccc(O[Si](Oc3ccc(C(C)(C)c4ccc(O)c(CCCP5(=O)Oc6ccccc6-c6ccccc65)c4)cc3CCCP3(=O)Oc4ccccc4-c4ccccc43)(Oc3ccc(C(C)(C)c4ccc(O)c(CCCP5(=O)Oc6ccccc6-c6ccccc65)c4)cc3CCCP3(=O)Oc4ccccc4-c4ccccc43)Oc3ccc(C(C)(C)c4ccc(O)c(CCCP5(=O)Oc6ccccc6-c6ccccc65)c4)cc3CCCP3(=O)Oc4ccccc4-c4ccccc43)c(CCCP3(=O)Oc4ccccc4-c4ccccc43)c2)cc1CCCP1(=O)Oc2ccccc2-c2ccccc21,C=CCOc1ccc(C(C)(C)c2ccc(O[Si](Oc3ccc(C(C)(C)c4ccc(O)c(CCCP5(=O)Oc6ccccc6-c6ccccc65)c4)cc3CCCP3(=O)Oc4ccccc4-c4ccccc43)(Oc3ccc(C(C)(C)c4ccc(O)c(CCCP5(=O)Oc6ccccc6-c6ccccc65)c4)cc3CCCP3(=O)Oc4ccccc4-c4ccccc43)Oc3ccc(C(C)(C)c4ccc(O)c(CCCP5(=O)Oc6ccccc6-c6ccccc65)c4)cc3CCCP3(=O)Oc4ccccc4-c4ccccc43)c(CCCP3(=O)Oc4ccccc4-c4ccccc43)c2)cc1CCCP1(=O)Oc2ccccc2-c2ccccc21,,DOPO-based (additive),Designed,designed,P-Si,8,OH-to-allyl-ether,allyl,Additive,C,3027.2109999999907,O=P1(CCCc2cccc(Cc3ccc(O[Si](Oc4ccc(Cc5cccc(CCCP6(=O)Oc7ccccc7-c7ccccc76)c5)cc4CCCP4(=O)Oc5ccccc5-c5ccccc54)(Oc4ccc(Cc5cccc(CCCP6(=O)Oc7ccccc7-c7ccccc76)c5)cc4CCCP4(=O)Oc5ccccc5-c5ccccc54)Oc4ccc(Cc5cccc(CCCP6(=O)Oc7ccccc7-c7ccccc76)c5)cc4CCCP4(=O)Oc5ccccc5-c5ccccc54)c(CCCP4(=O)Oc5ccccc5-c5ccccc54)c3)c2)Oc2ccccc2-c2ccccc21,8.185488226621823,0.0,0.0,0.0,0.9277846836576666,False,False,"Parent=TRAIN_103 (TetraDSi); Change=Converted one OH group to an allyl ether; no EP reactivity is assumed. Regioisomer 1.; Attachment=OH_site_1; One-factor computational analogue. Parent_Tanimoto_r3=0.889; Max_Train_Tanimoto_r3=0.889; Risk=high molecular weight; high DOPO count; exploratory only; excluded from formal screening. Synthesis route, regioselectivity, stability, equivalent balance and EP compatibility require manual review.",True,True,True,False,synthesis_level_C_or_missing,8,1.0,0.0,0.0,0.0,1.0,0.0,Candidate
LIB_0542,CAND_R2_383,TetraDSi-OH-allyl-all,C=CCOc1ccc(C(C)(C)c2ccc(O[Si](Oc3ccc(C(C)(C)c4ccc(OCC=C)c(CCCP5(=O)Oc6ccccc6-c6ccccc65)c4)cc3CCCP3(=O)Oc4ccccc4-c4ccccc43)(Oc3ccc(C(C)(C)c4ccc(OCC=C)c(CCCP5(=O)Oc6ccccc6-c6ccccc65)c4)cc3CCCP3(=O)Oc4ccccc4-c4ccccc43)Oc3ccc(C(C)(C)c4ccc(OCC=C)c(CCCP5(=O)Oc6ccccc6-c6ccccc65)c4)cc3CCCP3(=O)Oc4ccccc4-c4ccccc43)c(CCCP3(=O)Oc4ccccc4-c4ccccc43)c2)cc1CCCP1(=O)Oc2ccccc2-c2ccccc21,C=CCOc1ccc(C(C)(C)c2ccc(O[Si](Oc3ccc(C(C)(C)c4ccc(OCC=C)c(CCCP5(=O)Oc6ccccc6-c6ccccc65)c4)cc3CCCP3(=O)Oc4ccccc4-c4ccccc43)(Oc3ccc(C(C)(C)c4ccc(OCC=C)c(CCCP5(=O)Oc6ccccc6-c6ccccc65)c4)cc3CCCP3(=O)Oc4ccccc4-c4ccccc43)Oc3ccc(C(C)(C)c4ccc(OCC=C)c(CCCP5(=O)Oc6ccccc6-c6ccccc65)c4)cc3CCCP3(=O)Oc4ccccc4-c4ccccc43)c(CCCP3(=O)Oc4ccccc4-c4ccccc43)c2)cc1CCCP1(=O)Oc2ccccc2-c2ccccc21,,DOPO-based (additive),Designed,designed,P-Si,8,OH-to-allyl-ether-all,allyl,Additive,C,3147.4059999999904,O=P1(CCCc2cccc(Cc3ccc(O[Si](Oc4ccc(Cc5cccc(CCCP6(=O)Oc7ccccc7-c7ccccc76)c5)cc4CCCP4(=O)Oc5ccccc5-c5ccccc54)(Oc4ccc(Cc5cccc(CCCP6(=O)Oc7ccccc7-c7ccccc76)c5)cc4CCCP4(=O)Oc5ccccc5-c5ccccc54)Oc4ccc(Cc5cccc(CCCP6(=O)Oc7ccccc7-c7ccccc76)c5)cc4CCCP4(=O)Oc5ccccc5-c5ccccc54)c(CCCP4(=O)Oc5ccccc5-c5ccccc54)c3)c2)Oc2ccccc2-c2ccccc21,7.872895965757222,0.0,0.0,0.0,0.8923538939685597,False,False,"Parent=TRAIN_103 (TetraDSi); Change=Converted one OH group to an allyl ether; no EP reactivity is assumed. Converted all OH groups.; Attachment=all_OH; One-factor computational analogue. Parent_Tanimoto_r3=0.778; Max_Train_Tanimoto_r3=0.778; Risk=high molecular weight; high DOPO count; exploratory only; excluded from formal screening. Synthesis route, regioselectivity, stability, equivalent balance and EP compatibility require manual review.",True,True,True,False,synthesis_level_C_or_missing,8,1.0,0.0,0.0,0.0,1.0,0.0,Candidate
LIB_0543,CAND_R2_384,BDHDP-amino,Nc1ccc2c(c1)-c1ccccc1P(=O)(CN(CCO)CCOB(OCCN(CCOB(O)O)CP1(=O)Oc3ccccc3-c3ccccc31)OCCN(CCOB(OCCN(CCOB(O)O)CP1(=O)Oc3ccccc3-c3ccccc31)OCCN(CCOB(O)O)CP1(=O)Oc3ccccc3-c3ccccc31)CP1(=O)Oc3ccccc3-c3ccccc31)O2,Nc1ccc2c(c1)-c1ccccc1P(=O)(CN(CCO)CCOB(OCCN(CCOB(O)O)CP1(=O)Oc3ccccc3-c3ccccc31)OCCN(CCOB(OCCN(CCOB(O)O)CP1(=O)Oc3ccccc3-c3ccccc31)OCCN(CCOB(O)O)CP1(=O)Oc3ccccc3-c3ccccc31)CP1(=O)Oc3ccccc3-c3ccccc31)O2,,DOPO-based (Co-curing),Designed,designed,P-N-B,5,aryl-amino,NH2,Co-curing,C,1828.6650000000002,O=P1(CNCCOB(OCCNCP2(=O)Oc3ccccc3-c3ccccc32)OCCN(CCOB(OCCNCP2(=O)Oc3ccccc3-c3ccccc32)OCCNCP2(=O)Oc3ccccc3-c3ccccc32)CP2(=O)Oc3ccccc3-c3ccccc32)Oc2ccccc2-c2ccccc21,8.469019749380012,4.59581169869823,0.0,2.9562549728900582,0.0,False,False,"Parent=TRAIN_107 (BDHDP); Change=Added amino at aromatic atom 117.; Attachment=DOPO_core_aromatic; One-factor computational analogue. Parent_Tanimoto_r3=0.816; Max_Train_Tanimoto_r3=0.816; Risk=DOPO-core substitution route needs confirmation; high molecular weight; high DOPO count; exploratory only; excluded from formal screening. Synthesis route, regioselectivity, stability, equivalent balance and EP compatibility require manual review.",True,True,True,False,synthesis_level_C_or_missing,5,1.0,1.0,0.0,1.0,0.0,2.0,Candidate
LIB_0544,CAND_R2_385,BDHDP-hydroxy,O=P1(CN(CCO)CCOB(OCCN(CCOB(O)O)CP2(=O)Oc3ccccc3-c3ccccc32)OCCN(CCOB(OCCN(CCOB(O)O)CP2(=O)Oc3ccccc3-c3ccccc32)OCCN(CCOB(O)O)CP2(=O)Oc3ccccc3-c3ccccc32)CP2(=O)Oc3ccccc3-c3ccccc32)Oc2ccc(O)cc2-c2ccccc21,O=P1(CN(CCO)CCOB(OCCN(CCOB(O)O)CP2(=O)Oc3ccccc3-c3ccccc32)OCCN(CCOB(OCCN(CCOB(O)O)CP2(=O)Oc3ccccc3-c3ccccc32)OCCN(CCOB(O)O)CP2(=O)Oc3ccccc3-c3ccccc32)CP2(=O)Oc3ccccc3-c3ccccc32)Oc2ccc(O)cc2-c2ccccc21,,DOPO-based (additive),Designed,designed,P-N-B,5,aryl-hydroxy,OH,Additive,C,1829.649,O=P1(CNCCOB(OCCNCP2(=O)Oc3ccccc3-c3ccccc32)OCCN(CCOB(OCCNCP2(=O)Oc3ccccc3-c3ccccc32)OCCNCP2(=O)Oc3ccccc3-c3ccccc32)CP2(=O)Oc3ccccc3-c3ccccc32)Oc2ccccc2-c2ccccc21,8.464465042202084,3.8277833617267576,0.0,2.954665075104569,0.0,False,False,"Parent=TRAIN_107 (BDHDP); Change=Added hydroxy at aromatic atom 117.; Attachment=DOPO_core_aromatic; One-factor computational analogue. Parent_Tanimoto_r3=0.826; Max_Train_Tanimoto_r3=0.826; Risk=DOPO-core substitution route needs confirmation; high molecular weight; high DOPO count; exploratory only; excluded from formal screening. Synthesis route, regioselectivity, stability, equivalent balance and EP compatibility require manual review.",True,True,True,False,synthesis_level_C_or_missing,5,1.0,1.0,0.0,1.0,0.0,0.0,Candidate
LIB_0545,CAND_R2_386,BDHDP-boronic-acid,O=P1(CN(CCO)CCOB(OCCN(CCOB(O)O)CP2(=O)Oc3ccccc3-c3ccccc32)OCCN(CCOB(OCCN(CCOB(O)O)CP2(=O)Oc3ccccc3-c3ccccc32)OCCN(CCOB(O)O)CP2(=O)Oc3ccccc3-c3ccccc32)CP2(=O)Oc3ccccc3-c3ccccc32)Oc2ccc(B(O)O)cc2-c2ccccc21,O=P1(CN(CCO)CCOB(OCCN(CCOB(O)O)CP2(=O)Oc3ccccc3-c3ccccc32)OCCN(CCOB(OCCN(CCOB(O)O)CP2(=O)Oc3ccccc3-c3ccccc32)OCCN(CCOB(O)O)CP2(=O)Oc3ccccc3-c3ccccc32)CP2(=O)Oc3ccccc3-c3ccccc32)Oc2ccc(B(O)O)cc2-c2ccccc21,,DOPO-based (additive),Designed,designed,P-N-B,5,aryl-boronic-acid,B(OH)2,Additive,C,1857.4679999999998,O=P1(CNCCOB(OCCNCP2(=O)Oc3ccccc3-c3ccccc32)OCCN(CCOB(OCCNCP2(=O)Oc3ccccc3-c3ccccc32)OCCNCP2(=O)Oc3ccccc3-c3ccccc32)CP2(=O)Oc3ccccc3-c3ccccc32)Oc2ccccc2-c2ccccc21,8.337694108323804,3.7704552649090055,0.0,3.4924962368126935,0.0,False,False,"Parent=TRAIN_107 (BDHDP); Change=Added boronic_acid at aromatic atom 117.; Attachment=DOPO_core_aromatic; One-factor computational analogue. Parent_Tanimoto_r3=0.816; Max_Train_Tanimoto_r3=0.816; Risk=DOPO-core substitution route needs confirmation; high molecular weight; high DOPO count; exploratory only; excluded from formal screening. Synthesis route, regioselectivity, stability, equivalent balance and EP compatibility require manual review.",True,True,True,False,synthesis_level_C_or_missing,5,1.0,1.0,0.0,1.0,0.0,0.0,Candidate
LIB_0546,CAND_R2_387,BDHDP-glycidyloxy,O=P1(CN(CCO)CCOB(OCCN(CCOB(O)O)CP2(=O)Oc3ccccc3-c3ccccc32)OCCN(CCOB(OCCN(CCOB(O)O)CP2(=O)Oc3ccccc3-c3ccccc32)OCCN(CCOB(O)O)CP2(=O)Oc3ccccc3-c3ccccc32)CP2(=O)Oc3ccccc3-c3ccccc32)Oc2ccc(OCC3CO3)cc2-c2ccccc21,O=P1(CN(CCO)CCOB(OCCN(CCOB(O)O)CP2(=O)Oc3ccccc3-c3ccccc32)OCCN(CCOB(OCCN(CCOB(O)O)CP2(=O)Oc3ccccc3-c3ccccc32)OCCN(CCOB(O)O)CP2(=O)Oc3ccccc3-c3ccccc32)CP2(=O)Oc3ccccc3-c3ccccc32)Oc2ccc(OCC3CO3)cc2-c2ccccc21,,DOPO-based (Co-curing),Designed,designed,P-N-B,5,aryl-glycidyl-ether,epoxy,Co-curing,C,1885.713,O=P1(CNCCOB(OCCNCP2(=O)Oc3ccccc3-c3ccccc32)OCCN(CCOB(OCCNCP2(=O)Oc3ccccc3-c3ccccc32)OCCNCP2(=O)Oc3ccc(OCC4CO4)cc3-c3ccccc32)CP2(=O)Oc3ccccc3-c3ccccc32)Oc2ccccc2-c2ccccc21,8.212808629945279,3.7139798049862307,0.0,2.8668201364682746,0.0,False,False,"Parent=TRAIN_107 (BDHDP); Change=Added glycidyloxy at aromatic atom 117.; Attachment=DOPO_core_aromatic; One-factor computational analogue. Parent_Tanimoto_r3=0.717; Max_Train_Tanimoto_r3=0.717; Risk=DOPO-core substitution route needs confirmation; high molecular weight; high DOPO count; exploratory only; excluded from formal screening. Synthesis route, regioselectivity, stability, equivalent balance and EP compatibility require manual review.",True,True,True,False,synthesis_level_C_or_missing,5,1.0,1.0,0.0,1.0,0.0,2.0,Candidate
LIB_0547,CAND_R2_388,BDHDP-OH-glycidyl,O=P1(CN(CCOCC2CO2)CCOB(OCCN(CCOB(O)O)CP2(=O)Oc3ccccc3-c3ccccc32)OCCN(CCOB(OCCN(CCOB(O)O)CP2(=O)Oc3ccccc3-c3ccccc32)OCCN(CCOB(O)O)CP2(=O)Oc3ccccc3-c3ccccc32)CP2(=O)Oc3ccccc3-c3ccccc32)Oc2ccccc2-c2ccccc21,O=P1(CN(CCOCC2CO2)CCOB(OCCN(CCOB(O)O)CP2(=O)Oc3ccccc3-c3ccccc32)OCCN(CCOB(OCCN(CCOB(O)O)CP2(=O)Oc3ccccc3-c3ccccc32)OCCN(CCOB(O)O)CP2(=O)Oc3ccccc3-c3ccccc32)CP2(=O)Oc3ccccc3-c3ccccc32)Oc2ccccc2-c2ccccc21,,DOPO-based (Co-curing),Designed,designed,P-N-B,5,OH-to-glycidyl-ether,epoxy,Co-curing,C,1869.714,O=P1(CNCCOB(OCCNCP2(=O)Oc3ccccc3-c3ccccc32)OCCN(CCOB(OCCNCP2(=O)Oc3ccccc3-c3ccccc32)OCCN(CCOCC2CO2)CP2(=O)Oc3ccccc3-c3ccccc32)CP2(=O)Oc3ccccc3-c3ccccc32)Oc2ccccc2-c2ccccc21,8.283085006583894,3.7457600467237238,0.0,2.8913512975781317,0.0,False,False,"Parent=TRAIN_107 (BDHDP); Change=Converted one OH group to a glycidyl ether. Regioisomer 1.; Attachment=OH_site_1; One-factor computational analogue. Parent_Tanimoto_r3=0.747; Max_Train_Tanimoto_r3=0.747; Risk=high molecular weight; high DOPO count; exploratory only; excluded from formal screening. Synthesis route, regioselectivity, stability, equivalent balance and EP compatibility require manual review.",True,True,True,False,synthesis_level_C_or_missing,5,1.0,1.0,0.0,1.0,0.0,2.0,Candidate
LIB_0548,CAND_R2_389,BDHDP-OH-methyl,COCCN(CCOB(OCCN(CCOB(O)O)CP1(=O)Oc2ccccc2-c2ccccc21)OCCN(CCOB(OCCN(CCOB(O)O)CP1(=O)Oc2ccccc2-c2ccccc21)OCCN(CCOB(O)O)CP1(=O)Oc2ccccc2-c2ccccc21)CP1(=O)Oc2ccccc2-c2ccccc21)CP1(=O)Oc2ccccc2-c2ccccc21,COCCN(CCOB(OCCN(CCOB(O)O)CP1(=O)Oc2ccccc2-c2ccccc21)OCCN(CCOB(OCCN(CCOB(O)O)CP1(=O)Oc2ccccc2-c2ccccc21)OCCN(CCOB(O)O)CP1(=O)Oc2ccccc2-c2ccccc21)CP1(=O)Oc2ccccc2-c2ccccc21)CP1(=O)Oc2ccccc2-c2ccccc21,,DOPO-based (additive),Designed,designed,P-N-B,5,OH-to-methyl-ether,none,Additive,C,1827.6769999999997,O=P1(CNCCOB(OCCNCP2(=O)Oc3ccccc3-c3ccccc32)OCCN(CCOB(OCCNCP2(=O)Oc3ccccc3-c3ccccc32)OCCNCP2(=O)Oc3ccccc3-c3ccccc32)CP2(=O)Oc3ccccc3-c3ccccc32)Oc2ccccc2-c2ccccc21,8.47359790597573,3.8319134070188556,0.0,2.957853056092515,0.0,False,False,"Parent=TRAIN_107 (BDHDP); Change=Converted one OH group to a methyl ether. Regioisomer 1.; Attachment=OH_site_1; One-factor computational analogue. Parent_Tanimoto_r3=0.833; Max_Train_Tanimoto_r3=0.833; Risk=high molecular weight; high DOPO count; exploratory only; excluded from formal screening. Synthesis route, regioselectivity, stability, equivalent balance and EP compatibility require manual review.",True,True,True,False,synthesis_level_C_or_missing,5,1.0,1.0,0.0,1.0,0.0,0.0,Candidate
LIB_0549,CAND_R2_390,BDHDP-OH-acetyl,CC(=O)OCCN(CCOB(OCCN(CCOB(O)O)CP1(=O)Oc2ccccc2-c2ccccc21)OCCN(CCOB(OCCN(CCOB(O)O)CP1(=O)Oc2ccccc2-c2ccccc21)OCCN(CCOB(O)O)CP1(=O)Oc2ccccc2-c2ccccc21)CP1(=O)Oc2ccccc2-c2ccccc21)CP1(=O)Oc2ccccc2-c2ccccc21,CC(=O)OCCN(CCOB(OCCN(CCOB(O)O)CP1(=O)Oc2ccccc2-c2ccccc21)OCCN(CCOB(OCCN(CCOB(O)O)CP1(=O)Oc2ccccc2-c2ccccc21)OCCN(CCOB(O)O)CP1(=O)Oc2ccccc2-c2ccccc21)CP1(=O)Oc2ccccc2-c2ccccc21)CP1(=O)Oc2ccccc2-c2ccccc21,,DOPO-based (additive),Designed,designed,P-N-B,5,OH-to-acetate,none,Additive,C,1855.6869999999997,O=P1(CNCCOB(OCCNCP2(=O)Oc3ccccc3-c3ccccc32)OCCN(CCOB(OCCNCP2(=O)Oc3ccccc3-c3ccccc32)OCCNCP2(=O)Oc3ccccc3-c3ccccc32)CP2(=O)Oc3ccccc3-c3ccccc32)Oc2ccccc2-c2ccccc21,8.345696230021552,3.774073968293145,0.0,2.9132068069669077,0.0,False,False,"Parent=TRAIN_107 (BDHDP); Change=Converted one OH group to an acetate. Regioisomer 1.; Attachment=OH_site_1; One-factor computational analogue. Parent_Tanimoto_r3=0.802; Max_Train_Tanimoto_r3=0.802; Risk=high molecular weight; high DOPO count; exploratory only; excluded from formal screening. Synthesis route, regioselectivity, stability, equivalent balance and EP compatibility require manual review.",True,True,True,False,synthesis_level_C_or_missing,5,1.0,1.0,0.0,1.0,0.0,0.0,Candidate
LIB_0550,CAND_R2_391,BDHDP-OH-allyl,C=CCOCCN(CCOB(OCCN(CCOB(O)O)CP1(=O)Oc2ccccc2-c2ccccc21)OCCN(CCOB(OCCN(CCOB(O)O)CP1(=O)Oc2ccccc2-c2ccccc21)OCCN(CCOB(O)O)CP1(=O)Oc2ccccc2-c2ccccc21)CP1(=O)Oc2ccccc2-c2ccccc21)CP1(=O)Oc2ccccc2-c2ccccc21,C=CCOCCN(CCOB(OCCN(CCOB(O)O)CP1(=O)Oc2ccccc2-c2ccccc21)OCCN(CCOB(OCCN(CCOB(O)O)CP1(=O)Oc2ccccc2-c2ccccc21)OCCN(CCOB(O)O)CP1(=O)Oc2ccccc2-c2ccccc21)CP1(=O)Oc2ccccc2-c2ccccc21)CP1(=O)Oc2ccccc2-c2ccccc21,,DOPO-based (additive),Designed,designed,P-N-B,5,OH-to-allyl-ether,allyl,Additive,C,1853.7149999999997,O=P1(CNCCOB(OCCNCP2(=O)Oc3ccccc3-c3ccccc32)OCCN(CCOB(OCCNCP2(=O)Oc3ccccc3-c3ccccc32)OCCNCP2(=O)Oc3ccccc3-c3ccccc32)CP2(=O)Oc3ccccc3-c3ccccc32)Oc2ccccc2-c2ccccc21,8.354574462633146,3.778088864793132,0.0,2.9163059046293522,0.0,False,False,"Parent=TRAIN_107 (BDHDP); Change=Converted one OH group to an allyl ether; no EP reactivity is assumed. Regioisomer 1.; Attachment=OH_site_1; One-factor computational analogue. Parent_Tanimoto_r3=0.774; Max_Train_Tanimoto_r3=0.774; Risk=high molecular weight; high DOPO count; exploratory only; excluded from formal screening. Synthesis route, regioselectivity, stability, equivalent balance and EP compatibility require manual review.",True,True,True,False,synthesis_level_C_or_missing,5,1.0,1.0,0.0,1.0,0.0,0.0,Candidate
LIB_0551,CAND_R2_392,BDHDP-boronic-ethylene,O=P1(CN(CCO)CCOB(OCCN(CCOB(O)O)CP2(=O)Oc3ccccc3-c3ccccc32)OCCN(CCOB(OCCN(CCOB(O)O)CP2(=O)Oc3ccccc3-c3ccccc32)OCCN(CCOB2OCCO2)CP2(=O)Oc3ccccc3-c3ccccc32)CP2(=O)Oc3ccccc3-c3ccccc32)Oc2ccccc2-c2ccccc21,O=P1(CN(CCO)CCOB(OCCN(CCOB(O)O)CP2(=O)Oc3ccccc3-c3ccccc32)OCCN(CCOB(OCCN(CCOB(O)O)CP2(=O)Oc3ccccc3-c3ccccc32)OCCN(CCOB2OCCO2)CP2(=O)Oc3ccccc3-c3ccccc32)CP2(=O)Oc3ccccc3-c3ccccc32)Oc2ccccc2-c2ccccc21,,DOPO-based (additive),Designed,designed,P-N-B,5,ethylene-boronate,boronate,Additive,C,1839.6879999999999,O=P1(CNCCOB(OCCNCP2(=O)Oc3ccccc3-c3ccccc32)OCCN(CCOB(OCCNCP2(=O)Oc3ccccc3-c3ccccc32)OCCN(CCOB2OCCO2)CP2(=O)Oc3ccccc3-c3ccccc32)CP2(=O)Oc3ccccc3-c3ccccc32)Oc2ccccc2-c2ccccc21,8.418275272763642,3.8068955170659375,0.0,2.9385417527319846,0.0,False,False,"Parent=TRAIN_107 (BDHDP); Change=Converted one B(OH)2 site to ethylene boronate ester; site 2.; Attachment=B_site_2; One-factor computational analogue. Parent_Tanimoto_r3=0.816; Max_Train_Tanimoto_r3=0.816; Risk=high molecular weight; high DOPO count; exploratory only; excluded from formal screening. Synthesis route, regioselectivity, stability, equivalent balance and EP compatibility require manual review.",True,True,True,False,synthesis_level_C_or_missing,5,1.0,1.0,0.0,1.0,0.0,0.0,Candidate
LIB_0552,CAND_R2_393,BDHDP-boronic-ethylene-all,O=P1(CN(CCO)CCOB(OCCN(CCOB2OCCO2)CP2(=O)Oc3ccccc3-c3ccccc32)OCCN(CCOB(OCCN(CCOB2OCCO2)CP2(=O)Oc3ccccc3-c3ccccc32)OCCN(CCOB2OCCO2)CP2(=O)Oc3ccccc3-c3ccccc32)CP2(=O)Oc3ccccc3-c3ccccc32)Oc2ccccc2-c2ccccc21,O=P1(CN(CCO)CCOB(OCCN(CCOB2OCCO2)CP2(=O)Oc3ccccc3-c3ccccc32)OCCN(CCOB(OCCN(CCOB2OCCO2)CP2(=O)Oc3ccccc3-c3ccccc32)OCCN(CCOB2OCCO2)CP2(=O)Oc3ccccc3-c3ccccc32)CP2(=O)Oc3ccccc3-c3ccccc32)Oc2ccccc2-c2ccccc21,,DOPO-based (additive),Designed,designed,P-N-B,5,ethylene-boronate-all,boronate,Additive,C,1891.7639999999997,O=P1(CNCCOB(OCCN(CCOB2OCCO2)CP2(=O)Oc3ccccc3-c3ccccc32)OCCN(CCOB(OCCN(CCOB2OCCO2)CP2(=O)Oc3ccccc3-c3ccccc32)OCCN(CCOB2OCCO2)CP2(=O)Oc3ccccc3-c3ccccc32)CP2(=O)Oc3ccccc3-c3ccccc32)Oc2ccccc2-c2ccccc21,8.18653912433052,3.7021002619777104,0.0,2.857650320018776,0.0,False,False,"Parent=TRAIN_107 (BDHDP); Change=Converted all B(OH)2 sites to ethylene boronate esters.; Attachment=all_B_sites; One-factor computational analogue. Parent_Tanimoto_r3=0.747; Max_Train_Tanimoto_r3=0.747; Risk=high molecular weight; high DOPO count; exploratory only; excluded from formal screening. Synthesis route, regioselectivity, stability, equivalent balance and EP compatibility require manual review.",True,True,True,False,synthesis_level_C_or_missing,5,1.0,1.0,0.0,1.0,0.0,0.0,Candidate
LIB_0553,CAND_R2_394,BDHDP-boronic-pinacol,CC1(C)OB(OCCN(CCOB(OCCN(CCO)CP2(=O)Oc3ccccc3-c3ccccc32)OCCN(CCOB(OCCN(CCOB(O)O)CP2(=O)Oc3ccccc3-c3ccccc32)OCCN(CCOB(O)O)CP2(=O)Oc3ccccc3-c3ccccc32)CP2(=O)Oc3ccccc3-c3ccccc32)CP2(=O)Oc3ccccc3-c3ccccc32)OC1(C)C,CC1(C)OB(OCCN(CCOB(OCCN(CCO)CP2(=O)Oc3ccccc3-c3ccccc32)OCCN(CCOB(OCCN(CCOB(O)O)CP2(=O)Oc3ccccc3-c3ccccc32)OCCN(CCOB(O)O)CP2(=O)Oc3ccccc3-c3ccccc32)CP2(=O)Oc3ccccc3-c3ccccc32)CP2(=O)Oc3ccccc3-c3ccccc32)OC1(C)C,,DOPO-based (additive),Designed,designed,P-N-B,5,pinacol-boronate,boronate,Additive,C,1895.7959999999996,O=P1(CNCCOB(OCCNCP2(=O)Oc3ccccc3-c3ccccc32)OCCN(CCOB(OCCNCP2(=O)Oc3ccccc3-c3ccccc32)OCCN(CCOB2OCCO2)CP2(=O)Oc3ccccc3-c3ccccc32)CP2(=O)Oc3ccccc3-c3ccccc32)Oc2ccccc2-c2ccccc21,8.169127901947258,3.694226594000621,0.0,2.8515726375622696,0.0,False,False,"Parent=TRAIN_107 (BDHDP); Change=Converted one B(OH)2 site to pinacol boronate ester; site 1.; Attachment=B_site_1; One-factor computational analogue. Parent_Tanimoto_r3=0.798; Max_Train_Tanimoto_r3=0.798; Risk=high molecular weight; high DOPO count; exploratory only; excluded from formal screening. Synthesis route, regioselectivity, stability, equivalent balance and EP compatibility require manual review.",True,True,True,False,synthesis_level_C_or_missing,5,1.0,1.0,0.0,1.0,0.0,0.0,Candidate
LIB_0554,CAND_R2_395,BDHDP-boronic-pinacol-2,CC1(C)OB(OCCN(CCOB(OCCN(CCOB(O)O)CP2(=O)Oc3ccccc3-c3ccccc32)OCCN(CCOB(OCCN(CCO)CP2(=O)Oc3ccccc3-c3ccccc32)OCCN(CCOB(O)O)CP2(=O)Oc3ccccc3-c3ccccc32)CP2(=O)Oc3ccccc3-c3ccccc32)CP2(=O)Oc3ccccc3-c3ccccc32)OC1(C)C,CC1(C)OB(OCCN(CCOB(OCCN(CCOB(O)O)CP2(=O)Oc3ccccc3-c3ccccc32)OCCN(CCOB(OCCN(CCO)CP2(=O)Oc3ccccc3-c3ccccc32)OCCN(CCOB(O)O)CP2(=O)Oc3ccccc3-c3ccccc32)CP2(=O)Oc3ccccc3-c3ccccc32)CP2(=O)Oc3ccccc3-c3ccccc32)OC1(C)C,,DOPO-based (additive),Designed,designed,P-N-B,5,pinacol-boronate,boronate,Additive,C,1895.7959999999996,O=P1(CNCCOB(OCCNCP2(=O)Oc3ccccc3-c3ccccc32)OCCN(CCOB(OCCNCP2(=O)Oc3ccccc3-c3ccccc32)OCCN(CCOB2OCCO2)CP2(=O)Oc3ccccc3-c3ccccc32)CP2(=O)Oc3ccccc3-c3ccccc32)Oc2ccccc2-c2ccccc21,8.169127901947258,3.694226594000621,0.0,2.8515726375622696,0.0,False,False,"Parent=TRAIN_107 (BDHDP); Change=Converted one B(OH)2 site to pinacol boronate ester; site 2.; Attachment=B_site_2; One-factor computational analogue. Parent_Tanimoto_r3=0.798; Max_Train_Tanimoto_r3=0.798; Risk=high molecular weight; high DOPO count; exploratory only; excluded from formal screening. Synthesis route, regioselectivity, stability, equivalent balance and EP compatibility require manual review.",True,True,True,False,synthesis_level_C_or_missing,5,1.0,1.0,0.0,1.0,0.0,0.0,Candidate
LIB_0555,CAND_R2_396,BDHDP-boronic-pinacol-all,CC1(C)OB(OCCN(CCOB(OCCN(CCO)CP2(=O)Oc3ccccc3-c3ccccc32)OCCN(CCOB(OCCN(CCOB2OC(C)(C)C(C)(C)O2)CP2(=O)Oc3ccccc3-c3ccccc32)OCCN(CCOB2OC(C)(C)C(C)(C)O2)CP2(=O)Oc3ccccc3-c3ccccc32)CP2(=O)Oc3ccccc3-c3ccccc32)CP2(=O)Oc3ccccc3-c3ccccc32)OC1(C)C,CC1(C)OB(OCCN(CCOB(OCCN(CCO)CP2(=O)Oc3ccccc3-c3ccccc32)OCCN(CCOB(OCCN(CCOB2OC(C)(C)C(C)(C)O2)CP2(=O)Oc3ccccc3-c3ccccc32)OCCN(CCOB2OC(C)(C)C(C)(C)O2)CP2(=O)Oc3ccccc3-c3ccccc32)CP2(=O)Oc3ccccc3-c3ccccc32)CP2(=O)Oc3ccccc3-c3ccccc32)OC1(C)C,,DOPO-based (additive),Designed,designed,P-N-B,5,pinacol-boronate-all,boronate,Additive,C,2060.087999999999,O=P1(CNCCOB(OCCN(CCOB2OCCO2)CP2(=O)Oc3ccccc3-c3ccccc32)OCCN(CCOB(OCCN(CCOB2OCCO2)CP2(=O)Oc3ccccc3-c3ccccc32)OCCN(CCOB2OCCO2)CP2(=O)Oc3ccccc3-c3ccccc32)CP2(=O)Oc3ccccc3-c3ccccc32)Oc2ccccc2-c2ccccc21,7.517640023144646,3.399612055407344,0.0,2.6241597446322693,0.0,False,False,"Parent=TRAIN_107 (BDHDP); Change=Converted all B(OH)2 sites to pinacol boronate esters.; Attachment=all_B_sites; One-factor computational analogue. Parent_Tanimoto_r3=0.730; Max_Train_Tanimoto_r3=0.730; Risk=high molecular weight; high DOPO count; exploratory only; excluded from formal screening. Synthesis route, regioselectivity, stability, equivalent balance and EP compatibility require manual review.",True,True,True,False,synthesis_level_C_or_missing,5,1.0,1.0,0.0,1.0,0.0,0.0,Candidate
LIB_0556,CAND_R2_397,BDHDP-boronic-catechol,O=P1(CN(CCO)CCOB(OCCN(CCOB(OCCN(CCOB(O)O)CP2(=O)Oc3ccccc3-c3ccccc32)OCCN(CCOB(O)O)CP2(=O)Oc3ccccc3-c3ccccc32)CP2(=O)Oc3ccccc3-c3ccccc32)OCCN(CCOB2Oc3ccccc3O2)CP2(=O)Oc3ccccc3-c3ccccc32)Oc2ccccc2-c2ccccc21,O=P1(CN(CCO)CCOB(OCCN(CCOB(OCCN(CCOB(O)O)CP2(=O)Oc3ccccc3-c3ccccc32)OCCN(CCOB(O)O)CP2(=O)Oc3ccccc3-c3ccccc32)CP2(=O)Oc3ccccc3-c3ccccc32)OCCN(CCOB2Oc3ccccc3O2)CP2(=O)Oc3ccccc3-c3ccccc32)Oc2ccccc2-c2ccccc21,,DOPO-based (additive),Designed,designed,P-N-B,5,catechol-boronate,boronate,Additive,C,1887.7320000000002,O=P1(CNCCOB(OCCNCP2(=O)Oc3ccccc3-c3ccccc32)OCCN(CCOB(OCCNCP2(=O)Oc3ccccc3-c3ccccc32)OCCN(CCOB2Oc3ccccc3O2)CP2(=O)Oc3ccccc3-c3ccccc32)CP2(=O)Oc3ccccc3-c3ccccc32)Oc2ccccc2-c2ccccc21,8.204024723848512,3.710007564633115,0.0,2.86375396507555,0.0,False,False,"Parent=TRAIN_107 (BDHDP); Change=Converted one B(OH)2 site to catechol boronate ester; site 1.; Attachment=B_site_1; One-factor computational analogue. Parent_Tanimoto_r3=0.826; Max_Train_Tanimoto_r3=0.826; Risk=high molecular weight; high DOPO count; exploratory only; excluded from formal screening. Synthesis route, regioselectivity, stability, equivalent balance and EP compatibility require manual review.",True,True,True,False,synthesis_level_C_or_missing,5,1.0,1.0,0.0,1.0,0.0,0.0,Candidate
LIB_0557,CAND_R2_398,BDHDP-boronic-catechol-2,O=P1(CN(CCO)CCOB(OCCN(CCOB(O)O)CP2(=O)Oc3ccccc3-c3ccccc32)OCCN(CCOB(OCCN(CCOB(O)O)CP2(=O)Oc3ccccc3-c3ccccc32)OCCN(CCOB2Oc3ccccc3O2)CP2(=O)Oc3ccccc3-c3ccccc32)CP2(=O)Oc3ccccc3-c3ccccc32)Oc2ccccc2-c2ccccc21,O=P1(CN(CCO)CCOB(OCCN(CCOB(O)O)CP2(=O)Oc3ccccc3-c3ccccc32)OCCN(CCOB(OCCN(CCOB(O)O)CP2(=O)Oc3ccccc3-c3ccccc32)OCCN(CCOB2Oc3ccccc3O2)CP2(=O)Oc3ccccc3-c3ccccc32)CP2(=O)Oc3ccccc3-c3ccccc32)Oc2ccccc2-c2ccccc21,,DOPO-based (additive),Designed,designed,P-N-B,5,catechol-boronate,boronate,Additive,C,1887.7319999999997,O=P1(CNCCOB(OCCNCP2(=O)Oc3ccccc3-c3ccccc32)OCCN(CCOB(OCCNCP2(=O)Oc3ccccc3-c3ccccc32)OCCN(CCOB2Oc3ccccc3O2)CP2(=O)Oc3ccccc3-c3ccccc32)CP2(=O)Oc3ccccc3-c3ccccc32)Oc2ccccc2-c2ccccc21,8.204024723848514,3.710007564633116,0.0,2.863753965075551,0.0,False,False,"Parent=TRAIN_107 (BDHDP); Change=Converted one B(OH)2 site to catechol boronate ester; site 2.; Attachment=B_site_2; One-factor computational analogue. Parent_Tanimoto_r3=0.826; Max_Train_Tanimoto_r3=0.826; Risk=high molecular weight; high DOPO count; exploratory only; excluded from formal screening. Synthesis route, regioselectivity, stability, equivalent balance and EP compatibility require manual review.",True,True,True,False,synthesis_level_C_or_missing,5,1.0,1.0,0.0,1.0,0.0,0.0,Candidate
LIB_0558,CAND_R2_399,BDHDP-boronic-catechol-all,O=P1(CN(CCO)CCOB(OCCN(CCOB(OCCN(CCOB2Oc3ccccc3O2)CP2(=O)Oc3ccccc3-c3ccccc32)OCCN(CCOB2Oc3ccccc3O2)CP2(=O)Oc3ccccc3-c3ccccc32)CP2(=O)Oc3ccccc3-c3ccccc32)OCCN(CCOB2Oc3ccccc3O2)CP2(=O)Oc3ccccc3-c3ccccc32)Oc2ccccc2-c2ccccc21,O=P1(CN(CCO)CCOB(OCCN(CCOB(OCCN(CCOB2Oc3ccccc3O2)CP2(=O)Oc3ccccc3-c3ccccc32)OCCN(CCOB2Oc3ccccc3O2)CP2(=O)Oc3ccccc3-c3ccccc32)CP2(=O)Oc3ccccc3-c3ccccc32)OCCN(CCOB2Oc3ccccc3O2)CP2(=O)Oc3ccccc3-c3ccccc32)Oc2ccccc2-c2ccccc21,,DOPO-based (additive),Designed,designed,P-N-B,5,catechol-boronate-all,boronate,Additive,C,2035.896,O=P1(CNCCOB(OCCN(CCOB(OCCN(CCOB2Oc3ccccc3O2)CP2(=O)Oc3ccccc3-c3ccccc32)OCCN(CCOB2Oc3ccccc3O2)CP2(=O)Oc3ccccc3-c3ccccc32)CP2(=O)Oc3ccccc3-c3ccccc32)OCCN(CCOB2Oc3ccccc3O2)CP2(=O)Oc3ccccc3-c3ccccc32)Oc2ccccc2-c2ccccc21,7.606970100633824,3.4400087234318453,0.0,2.655341923163069,0.0,False,False,"Parent=TRAIN_107 (BDHDP); Change=Converted all B(OH)2 sites to catechol boronate esters.; Attachment=all_B_sites; One-factor computational analogue. Parent_Tanimoto_r3=0.756; Max_Train_Tanimoto_r3=0.756; Risk=high molecular weight; high DOPO count; exploratory only; excluded from formal screening. Synthesis route, regioselectivity, stability, equivalent balance and EP compatibility require manual review.",True,True,True,False,synthesis_level_C_or_missing,5,1.0,1.0,0.0,1.0,0.0,0.0,Candidate
