outer_fold,feature,feature_group,mean_abs_shap,mean_signed_shap,rank,selected,top20
1,B/P ratio,elemental_composition,0.00012795453260903544,-0.0001278513735484113,405,1,0
1,B/P_ratio_sq,elemental_composition,9.682676599305121e-05,-9.501079705374751e-05,439,1,0
1,B/P_ratio_sqrt,elemental_composition,0.0009498626922516629,-0.00016679585742994933,132,1,0
1,B_content wt%,elemental_composition,0.000511152585530144,-0.000511152585530144,204,1,0
1,B_content_wt%_sq,elemental_composition,0.0002547069338356778,-0.0002547069338356778,303,1,0
1,B_content_wt%_sqrt,elemental_composition,0.001311144333821201,-0.00028341392745245586,102,1,0
1,B_loading_real,formulation_loading,0.00021077886224266733,-0.00021077886224266733,329,1,0
1,B_loading_real_sq,formulation_loading,6.893387994371857e-05,-6.893387994371857e-05,474,1,0
1,B_loading_real_sqrt,formulation_loading,0.0012092454795168174,-0.00023857268706516753,109,1,0
1,Co_FR_fraction,formulation_loading,0.00011559589786631685,0.00011559589786631685,420,1,0
1,Co_FR_present,other,7.20647090740082e-05,7.20647090740082e-05,467,1,0
1,Cure_Temp_Max,curing_and_preparation,0.0005104909497381508,1.4426204938351207e-05,206,1,0
1,CuringAgent_Has_B,molecular_descriptor,0.0,0.0,705,0,0
1,CuringAgent_Has_N,molecular_descriptor,0.0014805209928190444,0.00035817357146858793,97,1,0
1,CuringAgent_Has_P,molecular_descriptor,5.296694366229025e-07,2.8592399151724144e-07,617,1,0
1,CuringAgent_Has_S,molecular_descriptor,0.0016437305175038602,-0.0005042324554900281,87,1,0
1,Has_B,elemental_composition,0.00030128925005581345,-0.00030128925005581345,279,1,0
1,Has_N,elemental_composition,0.00225052737133731,-0.0005060251331400936,66,1,0
1,Has_P,elemental_composition,0.008735334746284023,-2.5590624782631173e-05,8,1,1
1,Has_S,elemental_composition,0.0001384586933522453,2.9903785339671347e-06,393,1,0
1,Has_Si,elemental_composition,0.0005219052205400172,-0.0001713822931050401,198,1,0
1,Loading_total_FR wt%,formulation_loading,0.007392946845073086,-6.361856699663176e-05,12,1,1
1,Loading_total_FR_sq,formulation_loading,0.003280536729724119,-0.00011486664902020907,42,1,0
1,Loading_total_FR_sqrt,formulation_loading,0.010162715969100396,-0.0008123951465562919,2,1,1
1,Loading_x_Synergy,formulation_loading,0.007646928345327347,-0.0017545625128003969,10,1,1
1,Main_FR_fraction,formulation_loading,0.008364801374918641,-4.5756529954132986e-05,9,1,1
1,Main_FR_present,other,0.012419511541621787,0.00011216193689834765,1,1,1
1,N/P ratio,elemental_composition,0.00042052623486781596,0.00014195703278862366,236,1,0
1,N/P_ratio_sq,elemental_composition,0.000345400760072238,6.303042786009644e-05,257,1,0
1,N/P_ratio_sqrt,elemental_composition,0.002038405713733664,-0.0005333734236414738,74,1,0
1,N_content wt%,elemental_composition,0.003994170772384563,-0.0008021749607839683,36,1,0
1,N_content_wt%_sq,elemental_composition,0.001953259530071839,-0.0002178754414221768,76,1,0
1,N_content_wt%_sqrt,elemental_composition,0.0034730268364394144,-0.0009661675236555134,40,1,0
1,N_loading_real,formulation_loading,0.003363862143970372,-0.0008578761077456913,41,1,0
1,N_loading_real_sq,formulation_loading,0.0018642428706279002,-0.00034432143040776853,81,1,0
1,N_loading_real_sqrt,formulation_loading,0.005209448892205431,-0.0014850199986250307,26,1,0
1,P_B_loading_product,formulation_loading,9.568791193436885e-05,-9.568791193436885e-05,440,1,0
1,P_B_loading_ratio,formulation_loading,0.004649835126597777,-0.00016753105039020026,28,1,0
1,P_B_loading_sum,formulation_loading,0.004221871081845621,8.695103990102958e-05,32,1,0
1,P_N_loading_product,formulation_loading,0.0026737950366291278,-0.0008276784387564681,57,1,0
1,P_N_loading_ratio,formulation_loading,0.00047656818027616717,4.171736640840251e-05,215,1,0
1,P_N_loading_sum,formulation_loading,0.003949209187774009,-0.00034904673533534474,37,1,0
1,P_S_loading_product,formulation_loading,0.00029839686977361954,-8.956705543722719e-05,282,1,0
1,P_S_loading_ratio,formulation_loading,0.0036135636522234412,0.00017037053499811776,39,1,0
1,P_S_loading_sum,formulation_loading,0.0044191234802455365,-0.00015915340760182603,30,1,0
1,P_Si_loading_product,formulation_loading,0.0003642032423004614,7.139358120606015e-05,251,1,0
1,P_Si_loading_ratio,formulation_loading,0.002920523572690248,-0.0003682496553371903,48,1,0
1,P_Si_loading_sum,formulation_loading,0.005591857330883154,-0.00013826503065247122,23,1,0
1,P_content wt%,elemental_composition,0.0060808692413196344,-0.0007208869422785591,20,1,1
1,P_content_log,elemental_composition,0.004549427287198002,-0.0006854008101115935,29,1,0
1,P_content_sq,elemental_composition,0.0040457380748349595,-0.00040590092475609635,34,1,0
1,P_content_sqrt,elemental_composition,0.009035361820904718,-0.0005617158645659615,5,1,1
1,P_loading_real,formulation_loading,0.005527960595976125,0.0001732528970439142,25,1,0
1,P_loading_real_sq,formulation_loading,0.002871739402244636,9.923628738683808e-05,49,1,0
1,P_loading_real_sqrt,formulation_loading,0.007606920084412117,-0.0005939655739434654,11,1,1
1,P_loading_x_Synergy,formulation_loading,0.006228480049346089,-0.0015863301821901381,19,1,1
1,P_x_CuringAgent_Has_B,molecular_descriptor,0.0,0.0,705,0,0
1,P_x_CuringAgent_Has_N,molecular_descriptor,0.00886487793090607,-1.5279323824874424e-05,6,1,1
1,P_x_CuringAgent_Has_P,molecular_descriptor,0.0,0.0,653,1,0
1,P_x_CuringAgent_Has_S,molecular_descriptor,0.0009241982613913377,-0.00011930002260157838,137,1,0
1,P_x_curing_AromaticRings,molecular_descriptor,0.009123666255470135,0.00038173383016832524,4,1,1
1,P_x_curing_FractionCSP3,molecular_descriptor,0.004750328752694347,-0.0005329574746376923,27,1,0
1,P_x_curing_HBA,molecular_descriptor,0.003784165147410721,-0.00035269454221832235,38,1,0
1,P_x_curing_HBD,molecular_descriptor,0.009380166588614089,0.00029044554973919776,3,1,1
1,P_x_curing_HeavyAtomCount,molecular_descriptor,0.006458885443234062,-0.0006472501396355372,18,1,1
1,P_x_curing_LogP,molecular_descriptor,0.006876494997454588,-0.00021927213418722932,15,1,1
1,P_x_curing_MolWt,molecular_descriptor,0.0069663986144190325,-0.0006290675828703722,14,1,1
1,P_x_curing_RingCount,molecular_descriptor,0.00874180048532081,-0.0013023557414263782,7,1,1
1,P_x_curing_RotBonds,molecular_descriptor,0.006721960502963741,3.538950718961224e-05,16,1,1
1,P_x_curing_TPSA,molecular_descriptor,0.004374885595581376,-0.00015066387206335452,31,1,0
1,Preparation_Method_DOPO-based (Additive + Secondary Crosslinking),curing_and_preparation,0.0012648135694477483,-0.0012648135694477483,105,1,0
1,Preparation_Method_DOPO-based (Co-curing),molecular_descriptor,0.0003418492149293949,2.529083477674159e-05,258,1,0
1,Preparation_Method_DOPO-based (additive),curing_and_preparation,0.0006091128232131698,-0.00037113443238891055,182,1,0
1,Preparation_Method_DOPO-based (reactive),curing_and_preparation,0.0007301182430296232,-0.0003663795389761739,154,1,0
1,S/P ratio,elemental_composition,0.00019460446664531613,-0.00010004584820945201,348,1,0
1,S/P_ratio_sq,elemental_composition,0.00010932737087905767,-8.739588824445673e-05,422,1,0
1,S/P_ratio_sqrt,elemental_composition,0.0004305738911088812,-2.942172972691677e-05,233,1,0
1,S_content wt%,elemental_composition,0.0004831128611197262,-0.00011034806952144055,213,1,0
1,S_content_wt%_sq,elemental_composition,0.0004641497050913893,-9.140692974697056e-05,221,1,0
1,S_content_wt%_sqrt,elemental_composition,0.0004867241053828763,-0.00011318953900028659,210,1,0
1,S_loading_real,formulation_loading,0.0006661498934139032,-0.00016223739249010948,171,1,0
1,S_loading_real_sq,formulation_loading,9.699312850658418e-05,-5.144859527680034e-06,438,1,0
1,S_loading_real_sqrt,formulation_loading,0.0011056511283735267,-1.6961912835805953e-05,117,1,0
1,Si/P ratio,elemental_composition,0.0001715237368867722,-9.315097350490001e-05,364,1,0
1,Si/P_ratio_sq,elemental_composition,0.00016860239853977687,-6.759616699971914e-05,366,1,0
1,Si/P_ratio_sqrt,elemental_composition,0.00029511906261894366,-0.00016359131507452196,285,1,0
1,Si_content wt%,elemental_composition,0.0005800752765028804,5.954866207845714e-05,185,1,0
1,Si_content_wt%_sq,elemental_composition,0.00033812290074397165,0.00027933079514083495,259,1,0
1,Si_content_wt%_sqrt,elemental_composition,0.0011086041047534908,0.0002503472849754944,116,1,0
1,Si_loading_real,formulation_loading,0.0007637876125746993,0.00019660846250992052,151,1,0
1,Si_loading_real_sq,formulation_loading,0.00022800100812692868,0.00012143791896120455,315,1,0
1,Si_loading_real_sqrt,formulation_loading,0.001444826510455452,4.093893866278602e-05,98,1,0
1,Synergy_flag(single=0&synergy=1),other,0.005746874611102554,-0.002644386872254501,21,1,0
1,Synergy_type_P-N,other,0.0012365477176576511,5.3655788247921335e-05,106,1,0
1,Synergy_type_P-N-Al,other,0.0,0.0,672,1,0
1,Synergy_type_P-N-B,other,6.565413792170854e-05,-5.7558989442820035e-05,478,1,0
1,Synergy_type_P-N-C,other,2.9169211029511646e-05,-2.9169211029511646e-05,546,1,0
1,Synergy_type_P-N-S,other,0.000267110520414925,-7.6935787269458e-05,298,1,0
1,Synergy_type_P-N-Si,other,5.3580970219802745e-05,-2.2485338622154757e-05,494,1,0
1,Synergy_type_P-N-Si-B,other,2.194295720275679e-05,-2.194295720275679e-05,564,1,0
1,Synergy_type_P-N-Si-S,other,0.00021656767978230258,-0.00021656767978230258,323,1,0
1,Synergy_type_P-N-Si-Ti,other,0.0,0.0,674,1,0
1,Synergy_type_P-N-Si-Zr,other,0.0,0.0,673,1,0
1,Synergy_type_P-P,other,0.0,0.0,675,1,0
1,Synergy_type_P-Si,other,3.6515731067873324e-05,1.5530121451566474e-05,533,1,0
1,Synergy_type_P-Si-B,other,0.0,0.0,676,1,0
1,Synergy_type_P-only,other,0.0007098928553606416,-0.0006112703557489693,158,1,0
1,UL94_Thickness_mm,test_condition,0.0011788659898981201,0.0006007288784973183,111,1,0
1,co_AliphaticRings,molecular_descriptor,0.0,0.0,659,1,0
1,co_AromaticCarbocycles,other,0.0,0.0,658,1,0
1,co_AromaticHeterocycles,other,4.696871668177965e-05,4.696871668177965e-05,508,1,0
1,co_AromaticRings,molecular_descriptor,2.161831032493764e-05,2.161831032493764e-05,566,1,0
1,co_BalabanJ,other,6.98470300896285e-05,6.98470300896285e-05,472,1,0
1,co_BertzCT,other,4.472212630111648e-05,3.973426057427786e-05,519,1,0
1,co_ExactMolWt,molecular_descriptor,1.0122849474151332e-05,5.608665631926773e-06,596,1,0
1,co_FractionCSP3,molecular_descriptor,4.1249267277534175e-05,4.1249267277534175e-05,526,1,0
1,co_HBA,other,1.614609255372872e-05,1.564252857393613e-05,581,1,0
1,co_HBD,other,8.723624992550564e-05,8.723624992550564e-05,453,1,0
1,co_HeavyAtomCount,other,2.770774560379625e-05,1.2858727604654832e-05,550,1,0
1,co_Kappa1,other,9.69168560318836e-06,1.367764091087212e-06,600,1,0
1,co_Kappa2,other,1.6826013814150224e-05,1.0114595560379614e-05,578,1,0
1,co_Kappa3,other,9.753229215776732e-06,9.5037460232561e-06,598,1,0
1,co_LabuteASA,other,1.23090273629916e-05,1.1354947820210423e-05,589,1,0
1,co_LogP,molecular_descriptor,5.4054410106295524e-06,5.327908406292814e-06,610,1,0
1,co_MolMR,other,3.578341159229442e-05,3.578341159229442e-05,534,1,0
1,co_MolWt,molecular_descriptor,4.694132690019615e-05,4.694132690019615e-05,509,1,0
1,co_NHOHCount,other,4.5337114434510624e-05,4.5337114434510624e-05,515,1,0
1,co_NOCount,other,6.817627936353828e-05,6.817627936353828e-05,475,1,0
1,co_NumHeteroAtoms,molecular_descriptor,2.2104065801108337e-05,2.102692703728179e-05,563,1,0
1,co_NumValenceElectrons,other,4.99388303694559e-05,4.99388303694559e-05,502,1,0
1,co_RingCount,molecular_descriptor,4.0648901473711394e-05,4.0648901473711394e-05,527,1,0
1,co_RotBonds,other,2.4237919633378633e-05,2.4237919633378633e-05,559,1,0
1,co_TPSA,molecular_descriptor,1.256543397832704e-05,9.640519591711286e-06,588,1,0
1,co_morgan_r3_0,molecular_fingerprint,0.0,0.0,705,0,0
1,co_morgan_r3_1,molecular_fingerprint,4.2613524148893905e-05,4.2613524148893905e-05,522,1,0
1,co_morgan_r3_12,molecular_fingerprint,0.0,0.0,657,1,0
1,co_morgan_r3_13,molecular_fingerprint,0.0,0.0,660,1,0
1,co_morgan_r3_138,molecular_fingerprint,0.00010541364580452259,0.00010541364580452259,426,1,0
1,co_morgan_r3_14,molecular_fingerprint,7.8719126759097e-06,7.8719126759097e-06,604,1,0
1,co_morgan_r3_144,molecular_fingerprint,0.0,0.0,669,1,0
1,co_morgan_r3_15,molecular_fingerprint,0.0,0.0,656,1,0
1,co_morgan_r3_175,molecular_fingerprint,0.0,0.0,667,1,0
1,co_morgan_r3_183,molecular_fingerprint,2.775156866694791e-05,-2.532754324874987e-05,549,1,0
1,co_morgan_r3_192,molecular_fingerprint,0.0,0.0,668,1,0
1,co_morgan_r3_214,molecular_fingerprint,0.00010230736920953454,0.00010230736920953454,429,1,0
1,co_morgan_r3_216,molecular_fingerprint,0.0,0.0,664,1,0
1,co_morgan_r3_241,molecular_fingerprint,0.0,0.0,665,1,0
1,co_morgan_r3_290,molecular_fingerprint,5.742139074653905e-05,5.742139074653905e-05,489,1,0
1,co_morgan_r3_294,molecular_fingerprint,6.327477506905174e-05,6.327477506905174e-05,480,1,0
1,co_morgan_r3_311,molecular_fingerprint,0.0,0.0,671,1,0
1,co_morgan_r3_33,molecular_fingerprint,6.939416511563147e-06,-6.743096324094547e-06,606,1,0
1,co_morgan_r3_356,molecular_fingerprint,8.599473710365007e-05,8.599473710365007e-05,455,1,0
1,co_morgan_r3_486,molecular_fingerprint,0.0,0.0,670,1,0
1,co_morgan_r3_507,molecular_fingerprint,0.0,0.0,663,1,0
1,co_morgan_r3_51,molecular_fingerprint,0.0,0.0,662,1,0
1,co_morgan_r3_64,molecular_fingerprint,0.0,0.0,661,1,0
1,co_morgan_r3_80,molecular_fingerprint,1.202528353638223e-05,1.0728941528618131e-05,592,1,0
1,co_morgan_r3_95,molecular_fingerprint,0.0,0.0,666,1,0
1,curing_AliphaticRings,molecular_descriptor,0.0008038294967574678,0.0008038294967574678,145,1,0
1,curing_AromaticRings,molecular_descriptor,0.0019070276610700728,0.0008618667533474738,80,1,0
1,curing_BalabanJ,molecular_descriptor,0.0022424887167693443,-0.00015275196176655,67,1,0
1,curing_BertzCT,molecular_descriptor,0.0015132944579569446,-0.00015691865684806948,94,1,0
1,curing_ExactMolWt,molecular_descriptor,0.0014902627506930438,-3.19532553207955e-05,96,1,0
1,curing_FractionCSP3,molecular_descriptor,0.0014258116985004514,0.00024394913501037902,100,1,0
1,curing_HBA,molecular_descriptor,0.003076226025270779,-0.00021825552832441508,46,1,0
1,curing_HBD,molecular_descriptor,0.0009400866348069791,0.0006015249549415734,134,1,0
1,curing_HeavyAtomCount,molecular_descriptor,0.0016373811128550936,0.00028000353678876884,88,1,0
1,curing_Kappa1,molecular_descriptor,0.002076658935537839,-0.0002325655789688438,72,1,0
1,curing_Kappa2,molecular_descriptor,0.000788116491120074,0.000403815010944931,147,1,0
1,curing_Kappa3,molecular_descriptor,0.000999632579112277,-1.1610285932002443e-05,127,1,0
1,curing_LabuteASA,molecular_descriptor,0.002407238912948991,-0.00011666147670450442,62,1,0
1,curing_LogP,molecular_descriptor,0.0013593077781853125,-1.4026513038629665e-05,101,1,0
1,curing_MolMR,molecular_descriptor,0.0012981441556823051,-3.165443556112129e-06,103,1,0
1,curing_MolWt,molecular_descriptor,0.0012816918600308392,0.00016594262261299431,104,1,0
1,curing_NHOHCount,molecular_descriptor,0.0021700477226862195,-4.887573023871211e-05,69,1,0
1,curing_NOCount,molecular_descriptor,0.0028337164698645093,-7.673979540009507e-06,51,1,0
1,curing_NumHeteroAtoms,molecular_descriptor,0.0026952955405447677,-0.00024806488460680186,56,1,0
1,curing_NumValenceElectrons,molecular_descriptor,0.001907562502579386,5.345361021148343e-05,79,1,0
1,curing_RingCount,molecular_descriptor,2.8895348508513054e-05,-2.3817933200689368e-05,548,1,0
1,curing_RotBonds,molecular_descriptor,0.0005601526709857454,0.00020869156430282793,190,1,0
1,curing_SaturatedRings,molecular_descriptor,0.0007307778526531669,0.0007307778526531669,153,1,0
1,curing_TPSA,molecular_descriptor,0.0009438821576663911,-0.0002624622652373216,133,1,0
1,curing_morgan_r3_1,molecular_fingerprint,0.0,0.0,705,0,0
1,curing_morgan_r3_100,molecular_fingerprint,0.0,0.0,635,1,0
1,curing_morgan_r3_138,molecular_fingerprint,0.0028183846396582926,0.0002291922137303161,52,1,0
1,curing_morgan_r3_144,molecular_fingerprint,0.0005947993594156742,-0.0003786820712845282,184,1,0
1,curing_morgan_r3_147,molecular_fingerprint,0.0015684800987773113,0.00043851696420543074,90,1,0
1,curing_morgan_r3_204,molecular_fingerprint,0.0,0.0,705,0,0
1,curing_morgan_r3_214,molecular_fingerprint,0.0023239733520379084,0.0011290429067977372,64,1,0
1,curing_morgan_r3_231,molecular_fingerprint,0.0,0.0,705,0,0
1,curing_morgan_r3_277,molecular_fingerprint,0.0,0.0,705,0,0
1,curing_morgan_r3_28,molecular_fingerprint,0.0,0.0,634,1,0
1,curing_morgan_r3_295,molecular_fingerprint,0.0,0.0,705,0,0
1,curing_morgan_r3_33,molecular_fingerprint,0.0,0.0,705,0,0
1,curing_morgan_r3_336,molecular_fingerprint,0.0,0.0,705,0,0
1,curing_morgan_r3_337,molecular_fingerprint,0.0,0.0,705,0,0
1,curing_morgan_r3_376,molecular_fingerprint,0.0,0.0,705,0,0
1,curing_morgan_r3_39,molecular_fingerprint,0.005570379624814938,2.4817604766095878e-05,24,1,0
1,curing_morgan_r3_477,molecular_fingerprint,0.0,0.0,705,0,0
1,curing_morgan_r3_66,molecular_fingerprint,0.0,0.0,705,0,0
1,curing_morgan_r3_80,molecular_fingerprint,0.004025513937472042,0.0003374526922422502,35,1,0
1,curing_morgan_r3_89,molecular_fingerprint,0.0,0.0,705,0,0
1,main_AliphaticRings,molecular_descriptor,0.002799800639267752,0.00013829373476923867,53,1,0
1,main_AromaticCarbocycles,other,0.0015096211667910114,8.283963324528384e-05,95,1,0
1,main_AromaticHeterocycles,other,0.00066784487192473,-0.00017620033239357406,170,1,0
1,main_AromaticRings,molecular_descriptor,0.0015550680792552917,-9.021902017963555e-05,91,1,0
1,main_BalabanJ,other,0.0031257389492487663,0.0005167299658989399,45,1,0
1,main_BertzCT,other,0.0011023025628777142,0.0002249810015016171,118,1,0
1,main_ExactMolWt,molecular_descriptor,0.0009652336945416638,4.8128293308300496e-05,131,1,0
1,main_FractionCSP3,molecular_descriptor,0.0007253221184296245,-0.00019209186530259127,156,1,0
1,main_HBA,other,0.0031605494629905564,0.00025455086244139064,43,1,0
1,main_HBD,other,0.000549563191629299,1.391327652435815e-05,191,1,0
1,main_HeavyAtomCount,other,0.002301212553236919,1.4130072605509092e-05,65,1,0
1,main_Kappa1,other,0.0017146364214249985,9.377027514269424e-05,85,1,0
1,main_Kappa2,other,0.0018629797895639178,8.041786488471005e-05,82,1,0
1,main_Kappa3,other,0.0016273922117014663,0.00020986451219877085,89,1,0
1,main_LabuteASA,other,0.001968973454535856,6.137834919620393e-05,75,1,0
1,main_LogP,molecular_descriptor,0.0010851913005567226,0.00027571380594915786,120,1,0
1,main_MolMR,other,0.0027606289093872415,-6.888688714152771e-05,54,1,0
1,main_MolWt,molecular_descriptor,0.0009725080547726389,-1.5931951517603608e-05,130,1,0
1,main_NHOHCount,other,0.0005193276463700908,-0.00015677886630563302,199,1,0
1,main_NOCount,other,0.001444005210509503,0.00014538233567053244,99,1,0
1,main_NumAmideBonds,other,7.513318079269814e-05,-6.928655272231606e-05,465,1,0
1,main_NumHeteroAtoms,molecular_descriptor,0.0025200546813658495,0.00013750278186510205,61,1,0
1,main_NumValenceElectrons,other,0.0020421126871345684,7.868337358729605e-05,73,1,0
1,main_RingCount,molecular_descriptor,0.002615018713054892,0.00012095424256220297,59,1,0
1,main_RotBonds,other,0.0006885635528951103,-0.00029870320952095456,164,1,0
1,main_SaturatedCarbocycles,other,3.113932858468615e-05,3.113932858468615e-05,541,1,0
1,main_SaturatedHeterocycles,other,0.0007091724827295367,-0.00017570353759999654,159,1,0
1,main_SaturatedRings,molecular_descriptor,0.00072778543308617,-4.208392789956212e-06,155,1,0
1,main_TPSA,molecular_descriptor,0.003135757707232566,-0.00012235400788253198,44,1,0
1,main_co_similarity,other,9.240038816061415e-05,9.240038816061415e-05,443,1,0
1,main_co_similarity_sq,other,4.481835713313052e-05,4.481835713313052e-05,518,1,0
1,main_morgan_r3_0,molecular_fingerprint,0.0003206222588327743,-0.00022209085614097586,270,1,0
1,main_morgan_r3_1,molecular_fingerprint,0.0029306153141295615,0.0005983156721213312,47,1,0
1,main_morgan_r3_10,molecular_fingerprint,6.566219312323557e-05,-9.380217443732711e-06,477,1,0
1,main_morgan_r3_100,molecular_fingerprint,0.0,0.0,648,1,0
1,main_morgan_r3_101,molecular_fingerprint,5.9563751382382995e-05,-5.9563751382382995e-05,485,1,0
1,main_morgan_r3_102,molecular_fingerprint,0.0004273881067924159,-0.00011915038315980237,234,1,0
1,main_morgan_r3_103,molecular_fingerprint,0.00022190071728990312,0.00022190071728990312,320,1,0
1,main_morgan_r3_104,molecular_fingerprint,0.0003269874251049662,0.00019633337616293525,266,1,0
1,main_morgan_r3_105,molecular_fingerprint,0.0,0.0,705,0,0
1,main_morgan_r3_106,molecular_fingerprint,1.6795066934112886e-05,-1.6795066934112886e-05,579,1,0
1,main_morgan_r3_107,molecular_fingerprint,0.00010831231045857,-5.108243972700106e-05,423,1,0
1,main_morgan_r3_108,molecular_fingerprint,0.0006856300300165688,0.0001298133918579146,165,1,0
1,main_morgan_r3_109,molecular_fingerprint,0.0005326318731600092,0.00028173611931448607,195,1,0
1,main_morgan_r3_11,molecular_fingerprint,0.0001028448625766032,-0.0001028448625766032,428,1,0
1,main_morgan_r3_110,molecular_fingerprint,0.00047246206100011386,0.00047246206100011386,220,1,0
1,main_morgan_r3_111,molecular_fingerprint,0.0008276188280395201,-0.00041458195054445925,143,1,0
1,main_morgan_r3_112,molecular_fingerprint,0.00020872994693295113,-6.6290494946012195e-06,331,1,0
1,main_morgan_r3_113,molecular_fingerprint,1.6384735469803976e-05,-1.6384735469803976e-05,580,1,0
1,main_morgan_r3_114,molecular_fingerprint,0.00020619660717478995,0.00014547200983193367,335,1,0
1,main_morgan_r3_115,molecular_fingerprint,6.373962907218812e-05,6.373962907218812e-05,479,1,0
1,main_morgan_r3_116,molecular_fingerprint,0.0004333827272204062,0.0004333827272204062,232,1,0
1,main_morgan_r3_117,molecular_fingerprint,0.00048805486344773397,0.00037848589060753885,209,1,0
1,main_morgan_r3_118,molecular_fingerprint,0.000254511945293269,-3.31285124027087e-05,304,1,0
1,main_morgan_r3_119,molecular_fingerprint,0.0008711056544853729,-0.0006946563180744333,139,1,0
1,main_morgan_r3_12,molecular_fingerprint,0.001036393982560525,-0.000300321842989055,123,1,0
1,main_morgan_r3_120,molecular_fingerprint,0.00032642860571159977,-0.00010928244673095833,267,1,0
1,main_morgan_r3_121,molecular_fingerprint,0.0015299385795226861,-0.000661595261836041,93,1,0
1,main_morgan_r3_122,molecular_fingerprint,0.0002468586665572698,0.0002468586665572698,308,1,0
1,main_morgan_r3_123,molecular_fingerprint,0.0004386189191865243,-0.0004386189191865243,231,1,0
1,main_morgan_r3_124,molecular_fingerprint,0.00011004621528640097,6.16303945092669e-05,421,1,0
1,main_morgan_r3_125,molecular_fingerprint,0.00010198101103570581,0.00010198101103570581,430,1,0
1,main_morgan_r3_126,molecular_fingerprint,0.0001815189674392867,0.0001815189674392867,356,1,0
1,main_morgan_r3_127,molecular_fingerprint,0.0,0.0,619,1,0
1,main_morgan_r3_128,molecular_fingerprint,0.006989478829724838,-0.0017183442777806114,13,1,1
1,main_morgan_r3_129,molecular_fingerprint,5.166258798737998e-05,-1.6831017810166815e-06,498,1,0
1,main_morgan_r3_13,molecular_fingerprint,0.0003295663313984991,-6.792718207749872e-05,265,1,0
1,main_morgan_r3_130,molecular_fingerprint,0.0,0.0,625,1,0
1,main_morgan_r3_131,molecular_fingerprint,0.0005191252109698042,4.514457888510666e-05,200,1,0
1,main_morgan_r3_132,molecular_fingerprint,0.0002983671874949323,-0.0002740149416763416,283,1,0
1,main_morgan_r3_133,molecular_fingerprint,0.0026591603407446294,-0.0005164252663028851,58,1,0
1,main_morgan_r3_134,molecular_fingerprint,0.00040040759260132096,-4.7345047959529063e-05,243,1,0
1,main_morgan_r3_135,molecular_fingerprint,0.0018421187724331936,-0.00014545788654069097,83,1,0
1,main_morgan_r3_137,molecular_fingerprint,0.0,0.0,626,1,0
1,main_morgan_r3_139,molecular_fingerprint,0.00012561769145204632,-0.00012561769145204632,409,1,0
1,main_morgan_r3_14,molecular_fingerprint,0.00017294334773724696,0.00014154882808687332,360,1,0
1,main_morgan_r3_140,molecular_fingerprint,0.00021949770695802798,7.343898059998664e-05,321,1,0
1,main_morgan_r3_141,molecular_fingerprint,0.0,0.0,643,1,0
1,main_morgan_r3_142,molecular_fingerprint,0.0,0.0,644,1,0
1,main_morgan_r3_143,molecular_fingerprint,9.502491544834717e-06,-6.472070855983882e-06,601,1,0
1,main_morgan_r3_145,molecular_fingerprint,5.150061237316094e-05,1.7644698651477277e-05,499,1,0
1,main_morgan_r3_146,molecular_fingerprint,0.00041053465833607315,-0.00014281575883571187,240,1,0
1,main_morgan_r3_147,molecular_fingerprint,0.0002960445736458123,9.346315283656912e-05,284,1,0
1,main_morgan_r3_148,molecular_fingerprint,5.859577485078186e-05,-2.8080510148274446e-05,487,1,0
1,main_morgan_r3_149,molecular_fingerprint,0.00015550452202736173,0.00015550452202736173,376,1,0
1,main_morgan_r3_15,molecular_fingerprint,0.00010402003129373027,-2.907317206189457e-05,427,1,0
1,main_morgan_r3_150,molecular_fingerprint,2.459725619120137e-05,-1.6617576019244652e-05,558,1,0
1,main_morgan_r3_151,molecular_fingerprint,1.2152026661201238e-05,7.151572649459265e-06,591,1,0
1,main_morgan_r3_152,molecular_fingerprint,0.00012219438463666345,-0.00010413943437242781,414,1,0
1,main_morgan_r3_153,molecular_fingerprint,2.37632747121097e-05,-2.37632747121097e-05,560,1,0
1,main_morgan_r3_154,molecular_fingerprint,0.0,0.0,621,1,0
1,main_morgan_r3_155,molecular_fingerprint,0.00017170460772623146,-4.305160408421215e-05,363,1,0
1,main_morgan_r3_156,molecular_fingerprint,4.8060454565472805e-05,-6.080232792966298e-06,506,1,0
1,main_morgan_r3_157,molecular_fingerprint,0.00020709021308454737,-8.343130132269986e-05,334,1,0
1,main_morgan_r3_158,molecular_fingerprint,4.528268524179819e-05,-3.514597791991037e-05,516,1,0
1,main_morgan_r3_159,molecular_fingerprint,0.000977708224414376,-0.00039759512544318594,129,1,0
1,main_morgan_r3_16,molecular_fingerprint,0.0,0.0,654,1,0
1,main_morgan_r3_160,molecular_fingerprint,5.140901265399908e-05,-4.0411068122112846e-05,500,1,0
1,main_morgan_r3_161,molecular_fingerprint,2.062841995237048e-05,6.302941463774108e-06,568,1,0
1,main_morgan_r3_162,molecular_fingerprint,0.0006107626938464211,-0.00012128826509878203,181,1,0
1,main_morgan_r3_163,molecular_fingerprint,0.00062936498640342,-0.00012677811386762464,175,1,0
1,main_morgan_r3_164,molecular_fingerprint,9.701528988277315e-05,9.701528988277315e-05,437,1,0
1,main_morgan_r3_165,molecular_fingerprint,7.585523834475478e-05,7.585523834475478e-05,464,1,0
1,main_morgan_r3_166,molecular_fingerprint,0.0,0.0,628,1,0
1,main_morgan_r3_167,molecular_fingerprint,0.00045992379959673214,0.0001662265133654649,222,1,0
1,main_morgan_r3_168,molecular_fingerprint,0.0002832979749085022,0.00011091146569450907,290,1,0
1,main_morgan_r3_169,molecular_fingerprint,0.0,0.0,622,1,0
1,main_morgan_r3_17,molecular_fingerprint,0.00012614540706585504,-9.456943634101361e-05,407,1,0
1,main_morgan_r3_170,molecular_fingerprint,0.0,0.0,627,1,0
1,main_morgan_r3_171,molecular_fingerprint,0.00019894556021396185,2.135924864311444e-06,343,1,0
1,main_morgan_r3_172,molecular_fingerprint,8.558076011007012e-05,-5.6590260184634646e-05,456,1,0
1,main_morgan_r3_173,molecular_fingerprint,0.00011856217113391824,0.00011856217113391824,417,1,0
1,main_morgan_r3_174,molecular_fingerprint,0.0002821997311797178,-0.00021772063097223003,292,1,0
1,main_morgan_r3_176,molecular_fingerprint,0.00048520839303355004,-0.00041801526605127036,211,1,0
1,main_morgan_r3_177,molecular_fingerprint,0.0005793542128508497,-0.00025129145901148486,187,1,0
1,main_morgan_r3_178,molecular_fingerprint,0.001533658174287861,-0.0005862416800817213,92,1,0
1,main_morgan_r3_179,molecular_fingerprint,0.0,0.0,623,1,0
1,main_morgan_r3_18,molecular_fingerprint,0.00041913571453448286,-0.00013717363905271099,237,1,0
1,main_morgan_r3_180,molecular_fingerprint,0.0002073562967659528,-2.950571905286225e-05,333,1,0
1,main_morgan_r3_181,molecular_fingerprint,0.00016113337218997731,2.417174301192976e-05,371,1,0
1,main_morgan_r3_182,molecular_fingerprint,0.0006492115067442346,0.00013633513958092732,173,1,0
1,main_morgan_r3_183,molecular_fingerprint,0.004186680923813352,4.3585479045147006e-05,33,1,0
1,main_morgan_r3_185,molecular_fingerprint,9.30220990539965e-06,9.30220990539965e-06,602,1,0
1,main_morgan_r3_186,molecular_fingerprint,0.0006729815648263816,0.0002245662631770607,169,1,0
1,main_morgan_r3_187,molecular_fingerprint,9.414033406395658e-05,2.5449882443173207e-05,442,1,0
1,main_morgan_r3_188,molecular_fingerprint,0.0001930224691267944,-0.0001930224691267944,350,1,0
1,main_morgan_r3_189,molecular_fingerprint,9.021094047356982e-05,6.1225818290861565e-06,447,1,0
1,main_morgan_r3_19,molecular_fingerprint,0.00013958337532660577,5.7165678245220253e-05,390,1,0
1,main_morgan_r3_190,molecular_fingerprint,0.0,0.0,638,1,0
1,main_morgan_r3_191,molecular_fingerprint,0.0002753855641061284,2.0779195513181358e-05,294,1,0
1,main_morgan_r3_192,molecular_fingerprint,1.3942175573902205e-05,1.3942175573902205e-05,585,1,0
1,main_morgan_r3_193,molecular_fingerprint,0.0002742765449999891,0.00011370929369086798,295,1,0
1,main_morgan_r3_194,molecular_fingerprint,0.0004747706862058797,-6.530459381792709e-06,216,1,0
1,main_morgan_r3_195,molecular_fingerprint,0.0,0.0,637,1,0
1,main_morgan_r3_196,molecular_fingerprint,0.000213869496489778,4.193894269957826e-05,327,1,0
1,main_morgan_r3_197,molecular_fingerprint,0.00029866564466633213,-8.905390980678536e-05,281,1,0
1,main_morgan_r3_198,molecular_fingerprint,0.0,0.0,639,1,0
1,main_morgan_r3_199,molecular_fingerprint,0.0007055878008431825,-0.00037944324342998605,160,1,0
1,main_morgan_r3_2,molecular_fingerprint,0.0002539461974396633,0.00017890407109572628,305,1,0
1,main_morgan_r3_20,molecular_fingerprint,6.30033566173754e-05,-3.3791824808481066e-05,482,1,0
1,main_morgan_r3_200,molecular_fingerprint,7.09032341066202e-05,2.6725603480662756e-05,471,1,0
1,main_morgan_r3_201,molecular_fingerprint,0.0016727519190712315,3.24607165097746e-05,86,1,0
1,main_morgan_r3_202,molecular_fingerprint,0.0012113252967153364,0.0010364202220061712,108,1,0
1,main_morgan_r3_203,molecular_fingerprint,0.00031064236052199287,0.0001811157826619099,273,1,0
1,main_morgan_r3_204,molecular_fingerprint,0.0010828416266576032,-0.0003897777774459933,121,1,0
1,main_morgan_r3_205,molecular_fingerprint,1.3971392486887965e-05,-1.3971392486887965e-05,584,1,0
1,main_morgan_r3_206,molecular_fingerprint,0.0006180251590839781,0.0003318155846063003,179,1,0
1,main_morgan_r3_207,molecular_fingerprint,0.0,0.0,705,0,0
1,main_morgan_r3_208,molecular_fingerprint,0.00017532915651132598,-2.6660773267571552e-05,358,1,0
1,main_morgan_r3_209,molecular_fingerprint,9.759722544087327e-05,4.668488947729482e-05,436,1,0
1,main_morgan_r3_21,molecular_fingerprint,0.006638711007832762,-0.0007043023581686076,17,1,1
1,main_morgan_r3_210,molecular_fingerprint,8.608719081192044e-05,8.627872127312409e-06,454,1,0
1,main_morgan_r3_211,molecular_fingerprint,6.015417990789097e-06,6.015417990789097e-06,608,1,0
1,main_morgan_r3_212,molecular_fingerprint,0.00033448269656387606,8.068992283044218e-05,262,1,0
1,main_morgan_r3_213,molecular_fingerprint,1.8612656418781625e-06,1.8612656418781625e-06,615,1,0
1,main_morgan_r3_215,molecular_fingerprint,4.336884477197599e-05,-3.51340985990747e-05,521,1,0
1,main_morgan_r3_216,molecular_fingerprint,0.00012313289639795106,3.888931306161363e-05,413,1,0
1,main_morgan_r3_217,molecular_fingerprint,0.0,0.0,640,1,0
1,main_morgan_r3_218,molecular_fingerprint,0.0027230045977915396,0.0011245169011744774,55,1,0
1,main_morgan_r3_219,molecular_fingerprint,0.002863806355483776,-0.00011723026129956002,50,1,0
1,main_morgan_r3_22,molecular_fingerprint,0.0008556559065965691,-6.167397231806146e-05,140,1,0
1,main_morgan_r3_221,molecular_fingerprint,0.0002769556520097815,-4.839425297971742e-05,293,1,0
1,main_morgan_r3_222,molecular_fingerprint,0.00028584613821023045,-0.0002680266085809535,289,1,0
1,main_morgan_r3_223,molecular_fingerprint,0.00017184472011371732,-0.00017184472011371732,361,1,0
1,main_morgan_r3_224,molecular_fingerprint,4.724046564564648e-05,4.724046564564648e-05,507,1,0
1,main_morgan_r3_226,molecular_fingerprint,0.00026649144118942385,-0.00026649144118942385,299,1,0
1,main_morgan_r3_227,molecular_fingerprint,0.0007963505057642803,-0.0004603433470476324,146,1,0
1,main_morgan_r3_228,molecular_fingerprint,0.0,0.0,705,0,0
1,main_morgan_r3_229,molecular_fingerprint,6.177405492356531e-06,8.381826849775581e-07,607,1,0
1,main_morgan_r3_23,molecular_fingerprint,6.81560127376694e-05,6.188715965600345e-05,476,1,0
1,main_morgan_r3_230,molecular_fingerprint,0.0003749210574071387,0.00019449726805381343,248,1,0
1,main_morgan_r3_231,molecular_fingerprint,0.00013605053807424773,-0.00012319476961254435,394,1,0
1,main_morgan_r3_232,molecular_fingerprint,1.7067251002345083e-05,-1.7067251002345083e-05,577,1,0
1,main_morgan_r3_233,molecular_fingerprint,0.0004135155496019827,-0.000294500546632928,239,1,0
1,main_morgan_r3_235,molecular_fingerprint,6.312031335394546e-05,6.312031335394546e-05,481,1,0
1,main_morgan_r3_236,molecular_fingerprint,0.00017901625274021178,0.00017901625274021178,357,1,0
1,main_morgan_r3_237,molecular_fingerprint,7.18123104961658e-05,-3.0613362198216515e-07,468,1,0
1,main_morgan_r3_238,molecular_fingerprint,0.0002266961331071747,-0.0002266961331071747,316,1,0
1,main_morgan_r3_239,molecular_fingerprint,5.2876540725669135e-05,-5.2876540725669135e-05,496,1,0
1,main_morgan_r3_24,molecular_fingerprint,7.138827987365598e-05,-2.1673712120760208e-05,470,1,0
1,main_morgan_r3_240,molecular_fingerprint,2.3419426315993202e-05,-2.3419426315993202e-05,561,1,0
1,main_morgan_r3_241,molecular_fingerprint,0.0001247117916133631,-7.552832643930346e-05,411,1,0
1,main_morgan_r3_242,molecular_fingerprint,0.0001274210780554736,-4.378812722592329e-05,406,1,0
1,main_morgan_r3_243,molecular_fingerprint,0.0005639229702102788,-0.0005639229702102788,189,1,0
1,main_morgan_r3_244,molecular_fingerprint,0.0007122602256080885,-0.00018118510346431786,157,1,0
1,main_morgan_r3_246,molecular_fingerprint,0.00011642899076403206,-7.457074822367658e-05,419,1,0
1,main_morgan_r3_247,molecular_fingerprint,4.641112004934359e-05,2.0443673307176544e-05,512,1,0
1,main_morgan_r3_248,molecular_fingerprint,3.4222065827502024e-05,-1.2677443640901243e-05,536,1,0
1,main_morgan_r3_25,molecular_fingerprint,0.00027282000540228377,-0.00027282000540228377,296,1,0
1,main_morgan_r3_250,molecular_fingerprint,0.0005284567963424852,-0.00019107800529391113,196,1,0
1,main_morgan_r3_251,molecular_fingerprint,0.0006274048920653286,-1.512301439902332e-05,176,1,0
1,main_morgan_r3_253,molecular_fingerprint,3.411010830000628e-05,8.416981182158959e-06,537,1,0
1,main_morgan_r3_254,molecular_fingerprint,0.00032474075124860576,0.00012979429696763928,269,1,0
1,main_morgan_r3_255,molecular_fingerprint,0.00015920893333804445,-7.486241939780714e-05,374,1,0
1,main_morgan_r3_256,molecular_fingerprint,0.0,0.0,629,1,0
1,main_morgan_r3_257,molecular_fingerprint,0.0,0.0,631,1,0
1,main_morgan_r3_258,molecular_fingerprint,0.00014152584112151894,9.726431673395073e-06,388,1,0
1,main_morgan_r3_259,molecular_fingerprint,0.0003102244267746654,0.00010047977848128341,275,1,0
1,main_morgan_r3_26,molecular_fingerprint,0.0009090203210866815,-0.0005790882091401134,138,1,0
1,main_morgan_r3_260,molecular_fingerprint,8.790051428503728e-05,8.790051428503728e-05,451,1,0
1,main_morgan_r3_261,molecular_fingerprint,0.0,0.0,630,1,0
1,main_morgan_r3_263,molecular_fingerprint,0.0002884045331915215,0.0002884045331915215,288,1,0
1,main_morgan_r3_264,molecular_fingerprint,1.0869036148398613e-05,1.0869036148398613e-05,594,1,0
1,main_morgan_r3_265,molecular_fingerprint,0.0005800574775139466,0.00027646791974348165,186,1,0
1,main_morgan_r3_266,molecular_fingerprint,0.00013080718227377256,6.72463032619793e-05,399,1,0
1,main_morgan_r3_267,molecular_fingerprint,9.188356098510065e-05,8.113566418741254e-06,445,1,0
1,main_morgan_r3_268,molecular_fingerprint,6.153072508090596e-05,1.6322317214366573e-06,483,1,0
1,main_morgan_r3_269,molecular_fingerprint,6.048477407779906e-05,6.048477407779906e-05,484,1,0
1,main_morgan_r3_27,molecular_fingerprint,2.942914454990843e-05,4.3343028454501194e-06,545,1,0
1,main_morgan_r3_270,molecular_fingerprint,0.00016519157880862974,-0.00016519157880862974,368,1,0
1,main_morgan_r3_271,molecular_fingerprint,0.0005408160671596579,-0.0005408160671596579,194,1,0
1,main_morgan_r3_273,molecular_fingerprint,0.000134448952159005,5.36338694942441e-05,395,1,0
1,main_morgan_r3_274,molecular_fingerprint,0.0,0.0,705,0,0
1,main_morgan_r3_275,molecular_fingerprint,0.0007719483189941084,0.0003875203788965227,149,1,0
1,main_morgan_r3_276,molecular_fingerprint,0.0,0.0,632,1,0
1,main_morgan_r3_277,molecular_fingerprint,9.003009205950245e-05,-2.098892530663457e-05,448,1,0
1,main_morgan_r3_278,molecular_fingerprint,0.0004139913652917452,7.181961781381263e-06,238,1,0
1,main_morgan_r3_279,molecular_fingerprint,1.942347759710275e-05,1.2501975317794251e-05,571,1,0
1,main_morgan_r3_28,molecular_fingerprint,0.0001960609322057079,5.864532463495683e-05,346,1,0
1,main_morgan_r3_280,molecular_fingerprint,4.674755715541324e-05,-4.674755715541324e-05,511,1,0
1,main_morgan_r3_281,molecular_fingerprint,0.00031551903003593424,1.330496842173704e-05,271,1,0
1,main_morgan_r3_283,molecular_fingerprint,0.00017050008317495173,-3.044018051253673e-05,365,1,0
1,main_morgan_r3_284,molecular_fingerprint,0.0,0.0,633,1,0
1,main_morgan_r3_285,molecular_fingerprint,3.106941774711281e-05,1.4189288980269844e-05,542,1,0
1,main_morgan_r3_286,molecular_fingerprint,0.0007779231900721898,0.00022571723859235882,148,1,0
1,main_morgan_r3_287,molecular_fingerprint,0.0003307614088241491,4.8025322818989e-05,264,1,0
1,main_morgan_r3_288,molecular_fingerprint,0.0,0.0,705,0,0
1,main_morgan_r3_289,molecular_fingerprint,0.0003036730010590717,-7.28526756705723e-06,278,1,0
1,main_morgan_r3_29,molecular_fingerprint,0.00045798965905894485,1.3205650605290984e-05,223,1,0
1,main_morgan_r3_290,molecular_fingerprint,0.0010009674749375743,1.8230771689028772e-05,125,1,0
1,main_morgan_r3_291,molecular_fingerprint,3.221295270571368e-05,3.095734598742991e-05,539,1,0
1,main_morgan_r3_292,molecular_fingerprint,4.982343933088865e-05,3.399340569555104e-05,503,1,0
1,main_morgan_r3_293,molecular_fingerprint,0.00033265121109482646,-3.959062554679112e-05,263,1,0
1,main_morgan_r3_294,molecular_fingerprint,9.1335834132838e-05,-4.862323040698236e-05,446,1,0
1,main_morgan_r3_295,molecular_fingerprint,0.0011408174419142883,-0.0003523613140472727,112,1,0
1,main_morgan_r3_296,molecular_fingerprint,8.739748350421905e-05,-5.517002472907328e-05,452,1,0
1,main_morgan_r3_299,molecular_fingerprint,0.0,0.0,636,1,0
1,main_morgan_r3_3,molecular_fingerprint,0.00021547795790292896,-0.00010384802766861551,324,1,0
1,main_morgan_r3_30,molecular_fingerprint,2.467676729578569e-05,-1.671448836166039e-05,557,1,0
1,main_morgan_r3_300,molecular_fingerprint,0.0,0.0,705,0,0
1,main_morgan_r3_301,molecular_fingerprint,0.00014164793919487945,-8.883860690313363e-05,387,1,0
1,main_morgan_r3_303,molecular_fingerprint,5.289830407062054e-05,-3.987550473412841e-05,495,1,0
1,main_morgan_r3_304,molecular_fingerprint,0.00012883093935120847,0.00012883093935120847,402,1,0
1,main_morgan_r3_305,molecular_fingerprint,0.00023165197685366315,0.0001813260353958887,314,1,0
1,main_morgan_r3_306,molecular_fingerprint,4.468193984349809e-05,1.7046764041942374e-05,520,1,0
1,main_morgan_r3_307,molecular_fingerprint,0.00019668514935198376,6.992771725700118e-05,345,1,0
1,main_morgan_r3_308,molecular_fingerprint,0.00031431299838067807,-2.577452965447767e-06,272,1,0
1,main_morgan_r3_309,molecular_fingerprint,0.000700305581552525,-0.0001018595165522878,162,1,0
1,main_morgan_r3_31,molecular_fingerprint,0.0001466170928731319,0.0001466170928731319,382,1,0
1,main_morgan_r3_310,molecular_fingerprint,0.00047427281665641315,5.167568704805663e-05,217,1,0
1,main_morgan_r3_311,molecular_fingerprint,2.9697958790898665e-05,2.9697958790898665e-05,544,1,0
1,main_morgan_r3_312,molecular_fingerprint,0.000678048519800806,0.0005145498612689733,168,1,0
1,main_morgan_r3_313,molecular_fingerprint,5.327573924205353e-06,5.327573924205353e-06,611,1,0
1,main_morgan_r3_314,molecular_fingerprint,0.0021423150083445188,-7.353427483083568e-05,71,1,0
1,main_morgan_r3_315,molecular_fingerprint,9.995240613712833e-05,-1.335684599848403e-05,433,1,0
1,main_morgan_r3_316,molecular_fingerprint,9.223837849664243e-05,3.921029206434272e-05,444,1,0
1,main_morgan_r3_317,molecular_fingerprint,0.0004011481928391003,-6.885317576250514e-05,242,1,0
1,main_morgan_r3_318,molecular_fingerprint,5.756152523923042e-05,5.756152523923042e-05,488,1,0
1,main_morgan_r3_319,molecular_fingerprint,0.000603182675861965,-6.472661595393467e-05,183,1,0
1,main_morgan_r3_32,molecular_fingerprint,0.00030094076390248074,-0.00030094076390248074,280,1,0
1,main_morgan_r3_320,molecular_fingerprint,0.0005107454028661273,-9.79454175831052e-05,205,1,0
1,main_morgan_r3_321,molecular_fingerprint,0.00036147372361104637,-0.0001970314881966968,252,1,0
1,main_morgan_r3_322,molecular_fingerprint,0.0019162559551141104,0.0008366837066668768,77,1,0
1,main_morgan_r3_323,molecular_fingerprint,3.750493612251265e-05,-7.606891071409743e-06,532,1,0
1,main_morgan_r3_324,molecular_fingerprint,0.00019978860271553208,3.204718806544963e-05,342,1,0
1,main_morgan_r3_325,molecular_fingerprint,0.00015519254267624025,-7.920702618079645e-05,377,1,0
1,main_morgan_r3_326,molecular_fingerprint,0.0025471983634263546,-0.00033540854281318626,60,1,0
1,main_morgan_r3_328,molecular_fingerprint,4.690376663935088e-05,-4.690376663935088e-05,510,1,0
1,main_morgan_r3_329,molecular_fingerprint,0.0003592623751015051,-4.14849935522928e-05,254,1,0
1,main_morgan_r3_33,molecular_fingerprint,0.0010911925975606094,-0.0007998118298338205,119,1,0
1,main_morgan_r3_330,molecular_fingerprint,4.141408133907338e-05,2.7374232797683323e-06,525,1,0
1,main_morgan_r3_331,molecular_fingerprint,0.0006125432613658826,0.00028908360093438996,180,1,0
1,main_morgan_r3_332,molecular_fingerprint,0.0001598470583659643,-3.1516162789557714e-05,373,1,0
1,main_morgan_r3_333,molecular_fingerprint,0.0005459501130848326,-0.00045494762747545634,192,1,0
1,main_morgan_r3_335,molecular_fingerprint,0.00024020556494513633,2.244338977372244e-06,312,1,0
1,main_morgan_r3_336,molecular_fingerprint,4.727445209987814e-06,-4.727445209987814e-06,612,1,0
1,main_morgan_r3_338,molecular_fingerprint,0.00012840810962654883,-4.147034523958285e-05,403,1,0
1,main_morgan_r3_339,molecular_fingerprint,0.00022512460001302602,-0.00021209143726230828,317,1,0
1,main_morgan_r3_34,molecular_fingerprint,4.503571557266797e-05,3.2803013592936436e-06,517,1,0
1,main_morgan_r3_340,molecular_fingerprint,5.4586291920423316e-05,2.438871780649757e-05,492,1,0
1,main_morgan_r3_341,molecular_fingerprint,0.005597045657209854,0.0004980589338244591,22,1,0
1,main_morgan_r3_342,molecular_fingerprint,0.0001718313416991969,0.00010592160763214526,362,1,0
1,main_morgan_r3_344,molecular_fingerprint,0.0,0.0,705,0,0
1,main_morgan_r3_345,molecular_fingerprint,4.611467771433633e-05,3.140422984744064e-05,513,1,0
1,main_morgan_r3_346,molecular_fingerprint,0.00048329453167829725,0.00025215399827859035,212,1,0
1,main_morgan_r3_347,molecular_fingerprint,0.00032624331044214865,-0.00032624331044214865,268,1,0
1,main_morgan_r3_348,molecular_fingerprint,0.00019883978611934093,-1.8657562303651003e-05,344,1,0
1,main_morgan_r3_349,molecular_fingerprint,0.00012433013572351432,-0.00012433013572351432,412,1,0
1,main_morgan_r3_35,molecular_fingerprint,1.8040962335545727e-05,9.571426140679598e-06,575,1,0
1,main_morgan_r3_351,molecular_fingerprint,3.4264126739521495e-05,-3.251588749625019e-05,535,1,0
1,main_morgan_r3_353,molecular_fingerprint,0.0,0.0,641,1,0
1,main_morgan_r3_354,molecular_fingerprint,0.00020393190744022775,3.858614486426225e-06,337,1,0
1,main_morgan_r3_357,molecular_fingerprint,0.00025935300451694827,-0.0001499775535104754,301,1,0
1,main_morgan_r3_358,molecular_fingerprint,0.0,0.0,705,0,0
1,main_morgan_r3_359,molecular_fingerprint,3.1201089640641543e-05,3.1201089640641543e-05,540,1,0
1,main_morgan_r3_36,molecular_fingerprint,0.000448937689667193,-0.00013226808198965053,227,1,0
1,main_morgan_r3_360,molecular_fingerprint,0.0004726301069767658,0.00011497305640266596,219,1,0
1,main_morgan_r3_361,molecular_fingerprint,0.00020855034936766338,-2.3662828111146874e-05,332,1,0
1,main_morgan_r3_362,molecular_fingerprint,0.00012019074392658995,2.7234953728212626e-05,416,1,0
1,main_morgan_r3_363,molecular_fingerprint,0.0021550728298725666,0.00045898307906210267,70,1,0
1,main_morgan_r3_364,molecular_fingerprint,0.0,0.0,642,1,0
1,main_morgan_r3_365,molecular_fingerprint,0.00012986303477467863,-9.296013462435186e-05,400,1,0
1,main_morgan_r3_366,molecular_fingerprint,0.0001393426009043629,6.966034912044465e-06,391,1,0
1,main_morgan_r3_367,molecular_fingerprint,0.000833489798556231,-0.0003397679577419962,142,1,0
1,main_morgan_r3_37,molecular_fingerprint,0.0001486054566843601,-1.1489549681426866e-05,380,1,0
1,main_morgan_r3_370,molecular_fingerprint,0.0006265332263068206,-0.0002862972457408989,177,1,0
1,main_morgan_r3_371,molecular_fingerprint,0.0002923421035615726,0.0001734872933299256,286,1,0
1,main_morgan_r3_372,molecular_fingerprint,0.0,0.0,620,1,0
1,main_morgan_r3_373,molecular_fingerprint,0.00014562013825200872,1.586048187854929e-05,384,1,0
1,main_morgan_r3_374,molecular_fingerprint,0.00013432560585785488,-6.17097632237239e-05,396,1,0
1,main_morgan_r3_375,molecular_fingerprint,0.0005717441093100386,0.00028407082967229753,188,1,0
1,main_morgan_r3_376,molecular_fingerprint,4.811819981922678e-05,-8.579591348178734e-06,505,1,0
1,main_morgan_r3_377,molecular_fingerprint,0.00024845516858516386,4.3468846261163214e-05,306,1,0
1,main_morgan_r3_378,molecular_fingerprint,0.0007662010092348294,0.00014984953591732015,150,1,0
1,main_morgan_r3_379,molecular_fingerprint,0.00048160438797384094,-0.0001479255649786243,214,1,0
1,main_morgan_r3_38,molecular_fingerprint,0.0,0.0,705,0,0
1,main_morgan_r3_381,molecular_fingerprint,0.00012140004696094465,-3.2723585590398815e-05,415,1,0
1,main_morgan_r3_382,molecular_fingerprint,0.00018641171277958317,0.0001339910268314447,353,1,0
1,main_morgan_r3_383,molecular_fingerprint,0.000125278559696369,1.346214254558238e-05,410,1,0
1,main_morgan_r3_384,molecular_fingerprint,4.551361165012067e-05,4.139986828628631e-05,514,1,0
1,main_morgan_r3_385,molecular_fingerprint,0.0003985892452535229,-0.00014932705843023078,245,1,0
1,main_morgan_r3_386,molecular_fingerprint,0.00019251513303651617,3.547569911129736e-05,351,1,0
1,main_morgan_r3_387,molecular_fingerprint,0.0009939343975744444,0.00046758934044562896,128,1,0
1,main_morgan_r3_388,molecular_fingerprint,0.0,0.0,705,0,0
1,main_morgan_r3_389,molecular_fingerprint,0.0002722912835490021,-0.00010924098163815899,297,1,0
1,main_morgan_r3_39,molecular_fingerprint,0.0002415520725821966,-7.140388477525208e-05,310,1,0
1,main_morgan_r3_390,molecular_fingerprint,6.961134282429766e-05,-4.113851834353631e-05,473,1,0
1,main_morgan_r3_391,molecular_fingerprint,0.000128937019997295,-7.64474622186463e-05,401,1,0
1,main_morgan_r3_392,molecular_fingerprint,0.0010216547875473397,0.00019893439219730317,124,1,0
1,main_morgan_r3_393,molecular_fingerprint,0.0006566132310006701,-0.00011347266169890543,172,1,0
1,main_morgan_r3_394,molecular_fingerprint,0.0,0.0,705,0,0
1,main_morgan_r3_395,molecular_fingerprint,2.102919444723738e-05,1.5336445800484303e-05,567,1,0
1,main_morgan_r3_396,molecular_fingerprint,0.00018615690157174763,-8.892525811777185e-05,354,1,0
1,main_morgan_r3_397,molecular_fingerprint,2.5600718758545946e-05,-5.826141966483397e-06,555,1,0
1,main_morgan_r3_398,molecular_fingerprint,9.711895232469047e-06,-2.8740536382482826e-06,599,1,0
1,main_morgan_r3_399,molecular_fingerprint,0.0008380905763947842,-3.204303681690771e-06,141,1,0
1,main_morgan_r3_4,molecular_fingerprint,2.031983135717988e-05,6.703992914178043e-06,569,1,0
1,main_morgan_r3_40,molecular_fingerprint,0.0003478032775463349,-0.0003478032775463349,256,1,0
1,main_morgan_r3_400,molecular_fingerprint,1.4970195384952e-05,1.0866884402831701e-05,583,1,0
1,main_morgan_r3_401,molecular_fingerprint,0.00012804347926599272,5.0106983959084225e-05,404,1,0
1,main_morgan_r3_402,molecular_fingerprint,1.102805419486054e-05,6.412632975999105e-06,593,1,0
1,main_morgan_r3_403,molecular_fingerprint,0.0,0.0,624,1,0
1,main_morgan_r3_404,molecular_fingerprint,3.213261852452989e-06,-3.213261852452989e-06,613,1,0
1,main_morgan_r3_405,molecular_fingerprint,0.0009365654311495242,8.016592099983834e-05,135,1,0
1,main_morgan_r3_406,molecular_fingerprint,5.1881928340043916e-05,-5.993341221079008e-07,497,1,0
1,main_morgan_r3_407,molecular_fingerprint,0.00019980522003227937,-8.852430364261936e-05,341,1,0
1,main_morgan_r3_408,molecular_fingerprint,2.7659667224118797e-05,-2.7659667224118797e-05,551,1,0
1,main_morgan_r3_409,molecular_fingerprint,1.5544224198088655e-05,-5.048978639163377e-06,582,1,0
1,main_morgan_r3_41,molecular_fingerprint,0.000518797055573496,-0.00020774106863817736,201,1,0
1,main_morgan_r3_410,molecular_fingerprint,0.00045648228635646623,0.00015424210199872356,225,1,0
1,main_morgan_r3_411,molecular_fingerprint,0.0004253430485380645,-0.00028315050379563425,235,1,0
1,main_morgan_r3_412,molecular_fingerprint,0.00022296540184697734,0.00022296540184697734,318,1,0
1,main_morgan_r3_413,molecular_fingerprint,4.167603722755253e-05,-3.4332682174067495e-05,524,1,0
1,main_morgan_r3_414,molecular_fingerprint,0.0011371115461596382,0.00015818194376687232,114,1,0
1,main_morgan_r3_415,molecular_fingerprint,0.0004445012523806232,-0.00026978541186775505,228,1,0
1,main_morgan_r3_416,molecular_fingerprint,0.0007054901396644317,0.00040270505098559704,161,1,0
1,main_morgan_r3_417,molecular_fingerprint,0.00010089127494817755,0.00010089127494817755,431,1,0
1,main_morgan_r3_418,molecular_fingerprint,0.0001412217215330398,4.497746805139652e-05,389,1,0
1,main_morgan_r3_419,molecular_fingerprint,0.00015882571573597046,-9.984618729745873e-05,375,1,0
1,main_morgan_r3_42,molecular_fingerprint,3.241935686373962e-05,2.767478310175875e-05,538,1,0
1,main_morgan_r3_420,molecular_fingerprint,8.8778046334175e-05,-2.227538463496733e-05,450,1,0
1,main_morgan_r3_421,molecular_fingerprint,0.00014265701244355,-5.234852248000899e-05,385,1,0
1,main_morgan_r3_422,molecular_fingerprint,0.0001332266301397706,5.076846315663234e-05,397,1,0
1,main_morgan_r3_423,molecular_fingerprint,0.0009273772451997946,0.00025892684652006887,136,1,0
1,main_morgan_r3_424,molecular_fingerprint,0.00024845240191128125,-1.9072333205482665e-05,307,1,0
1,main_morgan_r3_425,molecular_fingerprint,0.0011385285348467433,0.00013845110961409232,113,1,0
1,main_morgan_r3_426,molecular_fingerprint,2.1831390084798845e-05,1.1459355905445689e-05,565,1,0
1,main_morgan_r3_427,molecular_fingerprint,5.6776525771399616e-05,-3.425646827877986e-05,490,1,0
1,main_morgan_r3_428,molecular_fingerprint,0.0003094206089938862,-3.454764464144157e-05,276,1,0
1,main_morgan_r3_429,molecular_fingerprint,0.0006192026844370545,-8.0769179720856e-06,178,1,0
1,main_morgan_r3_43,molecular_fingerprint,1.7807898005154738e-05,1.619095224428848e-05,576,1,0
1,main_morgan_r3_430,molecular_fingerprint,2.3157319658050957e-05,-1.0458101165606119e-05,562,1,0
1,main_morgan_r3_432,molecular_fingerprint,0.0004977238074974209,0.0003317355190910041,208,1,0
1,main_morgan_r3_433,molecular_fingerprint,0.00021101105269113725,6.401115821521191e-05,328,1,0
1,main_morgan_r3_434,molecular_fingerprint,0.0002918318396248369,-0.00014553743775575217,287,1,0
1,main_morgan_r3_436,molecular_fingerprint,1.0619339771740976e-05,1.0619339771740976e-05,595,1,0
1,main_morgan_r3_437,molecular_fingerprint,0.0,0.0,647,1,0
1,main_morgan_r3_438,molecular_fingerprint,0.00010790130572372742,8.229673277706221e-05,424,1,0
1,main_morgan_r3_439,molecular_fingerprint,9.838635052307472e-05,9.838635052307472e-05,434,1,0
1,main_morgan_r3_44,molecular_fingerprint,0.0,0.0,650,1,0
1,main_morgan_r3_440,molecular_fingerprint,0.0,0.0,646,1,0
1,main_morgan_r3_441,molecular_fingerprint,0.00021507452696501635,-6.951603562564895e-05,326,1,0
1,main_morgan_r3_442,molecular_fingerprint,0.00033500980215103623,2.729037557512483e-05,261,1,0
1,main_morgan_r3_443,molecular_fingerprint,8.166137237323159e-05,-6.59895952226937e-05,459,1,0
1,main_morgan_r3_444,molecular_fingerprint,0.000160305541081382,4.6898860109334033e-05,372,1,0
1,main_morgan_r3_445,molecular_fingerprint,1.8716093880723547e-05,-1.8716093880723547e-05,574,1,0
1,main_morgan_r3_447,molecular_fingerprint,0.00038005890256701826,-0.00010511611437222107,246,1,0
1,main_morgan_r3_448,molecular_fingerprint,8.909538102885665e-05,-3.5174560139113165e-05,449,1,0
1,main_morgan_r3_449,molecular_fingerprint,0.0,0.0,652,1,0
1,main_morgan_r3_45,molecular_fingerprint,0.00025512762794363655,-0.000203907248780979,302,1,0
1,main_morgan_r3_450,molecular_fingerprint,8.224822482184712e-05,-8.224822482184712e-05,458,1,0
1,main_morgan_r3_451,molecular_fingerprint,0.0005439226585778085,-2.1432219590609372e-05,193,1,0
1,main_morgan_r3_452,molecular_fingerprint,4.876060043465338e-05,7.264565950036137e-06,504,1,0
1,main_morgan_r3_453,molecular_fingerprint,3.827091692819015e-05,1.2124255301336628e-05,531,1,0
1,main_morgan_r3_455,molecular_fingerprint,2.6968804605758136e-05,2.6968804605758136e-05,553,1,0
1,main_morgan_r3_456,molecular_fingerprint,7.895610122828045e-05,6.582693097683606e-05,460,1,0
1,main_morgan_r3_458,molecular_fingerprint,9.753937117946205e-06,9.176258893906679e-06,597,1,0
1,main_morgan_r3_459,molecular_fingerprint,0.0,0.0,649,1,0
1,main_morgan_r3_46,molecular_fingerprint,0.00047382513044982806,0.00020005386254728322,218,1,0
1,main_morgan_r3_460,molecular_fingerprint,0.001908787029781353,1.9508479623095438e-05,78,1,0
1,main_morgan_r3_461,molecular_fingerprint,0.00024005871666054815,-0.00023781413235803302,313,1,0
1,main_morgan_r3_462,molecular_fingerprint,0.0001859952864795705,-6.274921892729897e-05,355,1,0
1,main_morgan_r3_463,molecular_fingerprint,1.2158490620903546e-05,1.0808608452761188e-05,590,1,0
1,main_morgan_r3_464,molecular_fingerprint,2.9809709775084537e-05,-2.9809709775084537e-05,543,1,0
1,main_morgan_r3_465,molecular_fingerprint,8.954679328275638e-07,-8.954679328275638e-07,616,1,0
1,main_morgan_r3_466,molecular_fingerprint,0.0006962075523339688,-0.00020107892934952866,163,1,0
1,main_morgan_r3_467,molecular_fingerprint,0.000763703287345202,-0.0005864412886963539,152,1,0
1,main_morgan_r3_468,molecular_fingerprint,0.00016488907792334276,4.176683917461413e-05,369,1,0
1,main_morgan_r3_469,molecular_fingerprint,0.0022362027341989847,-5.419634199763364e-05,68,1,0
1,main_morgan_r3_47,molecular_fingerprint,0.00037505945244114327,-7.137996173597112e-05,247,1,0
1,main_morgan_r3_473,molecular_fingerprint,0.0005123762138358186,4.887021054518608e-05,203,1,0
1,main_morgan_r3_474,molecular_fingerprint,3.958227855327499e-05,2.746106324025277e-05,529,1,0
1,main_morgan_r3_475,molecular_fingerprint,7.167762048964791e-05,7.088510804221374e-05,469,1,0
1,main_morgan_r3_476,molecular_fingerprint,0.00035693035319199994,-4.4679396796046457e-05,255,1,0
1,main_morgan_r3_477,molecular_fingerprint,4.171231894979934e-05,-2.424493565576489e-05,523,1,0
1,main_morgan_r3_478,molecular_fingerprint,0.0,0.0,651,1,0
1,main_morgan_r3_479,molecular_fingerprint,0.0008219596560939461,0.0004940570096149107,144,1,0
1,main_morgan_r3_48,molecular_fingerprint,9.806778739036623e-05,-6.867288072612609e-05,435,1,0
1,main_morgan_r3_480,molecular_fingerprint,2.528886571187488e-05,-2.0312798616512535e-05,556,1,0
1,main_morgan_r3_481,molecular_fingerprint,0.00014742245477647331,0.00014742245477647331,381,1,0
1,main_morgan_r3_482,molecular_fingerprint,0.0002151536804785476,8.304397284332609e-05,325,1,0
1,main_morgan_r3_483,molecular_fingerprint,0.00016289596015879061,-1.9517223075777373e-05,370,1,0
1,main_morgan_r3_484,molecular_fingerprint,0.0,0.0,705,0,0
1,main_morgan_r3_485,molecular_fingerprint,0.00028308707302080117,0.00020994381572614254,291,1,0
1,main_morgan_r3_486,molecular_fingerprint,0.0003055386854562335,-0.0003055386854562335,277,1,0
1,main_morgan_r3_487,molecular_fingerprint,0.00014651566448454405,-0.00010023963379062983,383,1,0
1,main_morgan_r3_488,molecular_fingerprint,0.0005129506855477453,-5.1669795613582785e-06,202,1,0
1,main_morgan_r3_489,molecular_fingerprint,0.0002037209456599953,-0.0002037209456599953,338,1,0
1,main_morgan_r3_49,molecular_fingerprint,0.000240781284937523,6.42664099146057e-05,311,1,0
1,main_morgan_r3_490,molecular_fingerprint,0.00020955467293977872,0.00010882698909742624,330,1,0
1,main_morgan_r3_491,molecular_fingerprint,0.0004444453624441282,0.0004444453624441282,229,1,0
1,main_morgan_r3_492,molecular_fingerprint,0.00012571771119308683,3.819944998644093e-05,408,1,0
1,main_morgan_r3_493,molecular_fingerprint,9.453646710475199e-05,8.166319266970213e-05,441,1,0
1,main_morgan_r3_494,molecular_fingerprint,0.00036742115831978756,-0.00015188373673474586,250,1,0
1,main_morgan_r3_495,molecular_fingerprint,0.0010812145759716547,-0.00021608994830522865,122,1,0
1,main_morgan_r3_496,molecular_fingerprint,0.0005226767825932934,-0.00013744751235428114,197,1,0
1,main_morgan_r3_497,molecular_fingerprint,1.2859486919043975e-05,-6.313202818546415e-06,586,1,0
1,main_morgan_r3_498,molecular_fingerprint,0.000217477997059253,-0.00010607445883313933,322,1,0
1,main_morgan_r3_499,molecular_fingerprint,0.0006852044493211708,-0.0001405300191365634,166,1,0
1,main_morgan_r3_5,molecular_fingerprint,0.0011284729272313617,-0.0004986989656236556,115,1,0
1,main_morgan_r3_50,molecular_fingerprint,0.0011880605819923555,0.00036210336776592715,110,1,0
1,main_morgan_r3_500,molecular_fingerprint,2.9043611001498002e-05,-2.9043611001498002e-05,547,1,0
1,main_morgan_r3_501,molecular_fingerprint,0.00010544819361295291,4.693467719751727e-05,425,1,0
1,main_morgan_r3_502,molecular_fingerprint,0.00041007189637266747,-8.464771412510187e-05,241,1,0
1,main_morgan_r3_503,molecular_fingerprint,0.0004492625751413311,-2.264353378712422e-06,226,1,0
1,main_morgan_r3_504,molecular_fingerprint,0.00017317808962894154,-0.00017317808962894154,359,1,0
1,main_morgan_r3_505,molecular_fingerprint,5.3944233798025215e-05,5.38435491637617e-05,493,1,0
1,main_morgan_r3_506,molecular_fingerprint,2.7171142202809682e-05,-2.7171142202809682e-05,552,1,0
1,main_morgan_r3_507,molecular_fingerprint,0.0006459330994594202,-1.4142780126225797e-05,174,1,0
1,main_morgan_r3_508,molecular_fingerprint,7.660235646982177e-05,-7.660235646982177e-05,462,1,0
1,main_morgan_r3_51,molecular_fingerprint,5.534556029522897e-05,2.6528661029014225e-05,491,1,0
1,main_morgan_r3_510,molecular_fingerprint,0.0001496322739287987,-0.0001496322739287987,379,1,0
1,main_morgan_r3_511,molecular_fingerprint,1.8815025706354995e-05,1.82874553390396e-05,573,1,0
1,main_morgan_r3_52,molecular_fingerprint,5.870276564524583e-05,5.621013424111253e-05,486,1,0
1,main_morgan_r3_53,molecular_fingerprint,8.41201198580974e-06,8.41201198580974e-06,603,1,0
1,main_morgan_r3_54,molecular_fingerprint,0.0,0.0,705,0,0
1,main_morgan_r3_55,molecular_fingerprint,0.0017788625557347436,0.00020525735974675013,84,1,0
1,main_morgan_r3_56,molecular_fingerprint,1.9941329233511677e-05,-1.9941329233511677e-05,570,1,0
1,main_morgan_r3_57,molecular_fingerprint,0.0,0.0,655,1,0
1,main_morgan_r3_58,molecular_fingerprint,1.8911392742463956e-05,7.652742563348308e-06,572,1,0
1,main_morgan_r3_59,molecular_fingerprint,0.00013216844497467012,-0.00012402294786625134,398,1,0
1,main_morgan_r3_6,molecular_fingerprint,0.0002227725150230716,6.27169723419267e-05,319,1,0
1,main_morgan_r3_60,molecular_fingerprint,0.0001912181452115292,6.941486490873278e-05,352,1,0
1,main_morgan_r3_61,molecular_fingerprint,7.447518579218756e-05,7.447518579218756e-05,466,1,0
1,main_morgan_r3_62,molecular_fingerprint,0.0,0.0,645,1,0
1,main_morgan_r3_63,molecular_fingerprint,0.00020608026834752173,-0.00020608026834752173,336,1,0
1,main_morgan_r3_66,molecular_fingerprint,0.0004988455993445128,-0.00012564500394801888,207,1,0
1,main_morgan_r3_67,molecular_fingerprint,0.00037381301860095744,8.187016107440411e-05,249,1,0
1,main_morgan_r3_68,molecular_fingerprint,2.0293036237085796e-07,-2.0293036237085796e-07,618,1,0
1,main_morgan_r3_69,molecular_fingerprint,7.764505840941956e-06,3.561550697470909e-06,605,1,0
1,main_morgan_r3_7,molecular_fingerprint,0.00010000040416653313,4.443809201088951e-05,432,1,0
1,main_morgan_r3_70,molecular_fingerprint,0.00020201624878798916,0.00020201624878798916,340,1,0
1,main_morgan_r3_71,molecular_fingerprint,0.0006821663846531774,-0.0001716361272011785,167,1,0
1,main_morgan_r3_72,molecular_fingerprint,3.8529935953116974e-05,1.966531315600959e-05,530,1,0
1,main_morgan_r3_73,molecular_fingerprint,0.0002644667902470765,-6.019535724527082e-05,300,1,0
1,main_morgan_r3_74,molecular_fingerprint,4.0074963513568995e-05,-2.585059853607338e-05,528,1,0
1,main_morgan_r3_75,molecular_fingerprint,2.6722078188186058e-05,1.4457054410159906e-05,554,1,0
1,main_morgan_r3_76,molecular_fingerprint,0.00011712265354762821,-0.00010190819179184825,418,1,0
1,main_morgan_r3_77,molecular_fingerprint,0.00013925443017524114,-5.9278313416294075e-05,392,1,0
1,main_morgan_r3_78,molecular_fingerprint,0.00020358492903647455,0.00020358492903647455,339,1,0
1,main_morgan_r3_79,molecular_fingerprint,0.002397886695537761,0.00026197957611437465,63,1,0
1,main_morgan_r3_8,molecular_fingerprint,0.0003604855673634805,-0.0001963545548800699,253,1,0
1,main_morgan_r3_80,molecular_fingerprint,0.001215393058937282,6.852213135220593e-05,107,1,0
1,main_morgan_r3_81,molecular_fingerprint,0.00014258051253419364,-9.070009350817066e-06,386,1,0
1,main_morgan_r3_82,molecular_fingerprint,0.0004000476382161524,-0.00023169504371272368,244,1,0
1,main_morgan_r3_83,molecular_fingerprint,0.00019309524721835365,0.00019309524721835365,349,1,0
1,main_morgan_r3_84,molecular_fingerprint,0.0004431608112641544,0.00017699517810051981,230,1,0
1,main_morgan_r3_85,molecular_fingerprint,0.00015272811937317484,-0.00010324245953244017,378,1,0
1,main_morgan_r3_87,molecular_fingerprint,8.262822159647638e-05,-8.262822159647638e-05,457,1,0
1,main_morgan_r3_88,molecular_fingerprint,1.2700095645009745e-05,-1.2700095645009745e-05,587,1,0
1,main_morgan_r3_89,molecular_fingerprint,0.0001949382391590386,4.995963849201718e-05,347,1,0
1,main_morgan_r3_9,molecular_fingerprint,7.78077411647694e-05,8.322202695312499e-06,461,1,0
1,main_morgan_r3_90,molecular_fingerprint,0.0003367067193527423,-6.452519811724975e-05,260,1,0
1,main_morgan_r3_91,molecular_fingerprint,1.9026629173721535e-06,9.180705680794046e-07,614,1,0
1,main_morgan_r3_92,molecular_fingerprint,5.738382513098053e-06,-3.2721235078901776e-06,609,1,0
1,main_morgan_r3_93,molecular_fingerprint,5.135161181013044e-05,5.026970980225088e-05,501,1,0
1,main_morgan_r3_94,molecular_fingerprint,0.0009997736843883824,0.0002019593664794191,126,1,0
1,main_morgan_r3_95,molecular_fingerprint,0.000310248963939033,-0.00011500845944905475,274,1,0
1,main_morgan_r3_96,molecular_fingerprint,7.617663926617351e-05,-7.617663926617351e-05,463,1,0
1,main_morgan_r3_97,molecular_fingerprint,0.0004570962207740574,9.458799854030529e-05,224,1,0
1,main_morgan_r3_98,molecular_fingerprint,0.0001671913339604694,-3.607224693483758e-05,367,1,0
1,main_morgan_r3_99,molecular_fingerprint,0.00024265950523354393,0.00024265950523354393,309,1,0
2,B/P ratio,elemental_composition,0.0,0.0,657,1,0
2,B/P_ratio_sq,elemental_composition,0.0,0.0,147,1,0
2,B/P_ratio_sqrt,elemental_composition,0.0,0.0,146,1,0
2,B_content wt%,elemental_composition,0.00016586944928734536,-0.00016586944928734536,112,1,0
2,B_content_wt%_sq,elemental_composition,9.591521441172476e-05,-9.591521441172476e-05,116,1,0
2,B_content_wt%_sqrt,elemental_composition,0.0002421169357666182,-0.0002421169357666182,106,1,0
2,B_loading_real,formulation_loading,0.0,0.0,166,1,0
2,B_loading_real_sq,formulation_loading,0.0,0.0,128,1,0
2,B_loading_real_sqrt,formulation_loading,0.0,0.0,127,1,0
2,Co_FR_fraction,formulation_loading,0.0,0.0,368,1,0
2,Co_FR_present,other,0.0,0.0,134,1,0
2,Cure_Temp_Max,curing_and_preparation,0.00043084994900403786,0.0001202276414889691,96,1,0
2,CuringAgent_Has_B,molecular_descriptor,0.0,0.0,672,1,0
2,CuringAgent_Has_N,molecular_descriptor,0.0,0.0,675,1,0
2,CuringAgent_Has_P,molecular_descriptor,0.0,0.0,673,1,0
2,CuringAgent_Has_S,molecular_descriptor,0.0,0.0,674,1,0
2,Has_B,elemental_composition,0.0,0.0,677,1,0
2,Has_N,elemental_composition,0.0,0.0,577,1,0
2,Has_P,elemental_composition,0.0,0.0,584,1,0
2,Has_S,elemental_composition,0.0,0.0,676,1,0
2,Has_Si,elemental_composition,0.0,0.0,438,1,0
2,Loading_total_FR wt%,formulation_loading,0.0022069874814659783,-0.0002089431368412541,42,1,0
2,Loading_total_FR_sq,formulation_loading,0.0017200909486372296,-0.0005185559644907353,53,1,0
2,Loading_total_FR_sqrt,formulation_loading,0.00015570043096753175,-0.00014499798263916102,114,1,0
2,Loading_x_Synergy,formulation_loading,0.005784313131405966,-0.0006696805861131809,20,1,1
2,Main_FR_fraction,formulation_loading,0.0,0.0,365,1,0
2,Main_FR_present,other,0.0,0.0,135,1,0
2,N/P ratio,elemental_composition,0.0,0.0,659,1,0
2,N/P_ratio_sq,elemental_composition,0.0,0.0,130,1,0
2,N/P_ratio_sqrt,elemental_composition,0.0,0.0,129,1,0
2,N_content wt%,elemental_composition,0.01110482245995113,-0.00029935068708306437,16,1,1
2,N_content_wt%_sq,elemental_composition,0.005651591992954173,-0.00043698809029761235,22,1,0
2,N_content_wt%_sqrt,elemental_composition,0.0015413673604518694,0.000177544266697224,59,1,0
2,N_loading_real,formulation_loading,0.001351257582744376,-0.00017819358493652393,64,1,0
2,N_loading_real_sq,formulation_loading,0.0015725787544543816,-0.0002920014178920989,58,1,0
2,N_loading_real_sqrt,formulation_loading,0.001392901356909643,-4.110473055460608e-05,63,1,0
2,P_B_loading_product,formulation_loading,0.0,0.0,139,1,0
2,P_B_loading_ratio,formulation_loading,4.894120997243851e-05,5.54408848463362e-06,121,1,0
2,P_B_loading_sum,formulation_loading,0.03693635141295684,-0.004722571622064651,1,1,1
2,P_N_loading_product,formulation_loading,0.004491581283431271,-0.00043854068294554014,27,1,0
2,P_N_loading_ratio,formulation_loading,0.0017103100926374318,-0.0012140252958223563,54,1,0
2,P_N_loading_sum,formulation_loading,0.032828207895579914,-0.007561727665883067,2,1,1
2,P_S_loading_product,formulation_loading,0.0,0.0,138,1,0
2,P_S_loading_ratio,formulation_loading,0.0009723002494456353,-0.0002891330822442438,69,1,0
2,P_S_loading_sum,formulation_loading,0.014141104810104542,-0.002004792297996446,14,1,1
2,P_Si_loading_product,formulation_loading,0.0,0.0,140,1,0
2,P_Si_loading_ratio,formulation_loading,0.005664982007466857,-0.0010350935528453977,21,1,0
2,P_Si_loading_sum,formulation_loading,0.0044296861514138385,-0.0032922567981515014,28,1,0
2,P_content wt%,elemental_composition,0.0,0.0,678,1,0
2,P_content_log,elemental_composition,0.000362245873749196,6.492690029399168e-05,98,1,0
2,P_content_sq,elemental_composition,0.0004756050608075962,-0.0002632061307529401,93,1,0
2,P_content_sqrt,elemental_composition,2.259239908652309e-06,-2.259239908652309e-06,125,1,0
2,P_loading_real,formulation_loading,0.0016430656132143825,6.78791510654171e-05,57,1,0
2,P_loading_real_sq,formulation_loading,0.0,0.0,168,1,0
2,P_loading_real_sqrt,formulation_loading,0.0,0.0,167,1,0
2,P_loading_x_Synergy,formulation_loading,0.031937005799978734,-0.001208827693836501,3,1,1
2,P_x_CuringAgent_Has_B,molecular_descriptor,0.0,0.0,142,1,0
2,P_x_CuringAgent_Has_N,molecular_descriptor,0.02513484416440315,-0.002768791655289964,7,1,1
2,P_x_CuringAgent_Has_P,molecular_descriptor,0.0,0.0,143,1,0
2,P_x_CuringAgent_Has_S,molecular_descriptor,5.1616335295489136e-05,-5.1616335295489136e-05,120,1,0
2,P_x_curing_AromaticRings,molecular_descriptor,0.019249700409970413,-0.0012648015864499655,9,1,1
2,P_x_curing_FractionCSP3,molecular_descriptor,0.028421879852666594,-0.0003066786376131122,4,1,1
2,P_x_curing_HBA,molecular_descriptor,0.001914544727186857,0.0009990661328621408,47,1,0
2,P_x_curing_HBD,molecular_descriptor,0.017850530693882576,-0.001454130341182556,10,1,1
2,P_x_curing_HeavyAtomCount,molecular_descriptor,0.0023130618289559555,-0.001199290522617972,38,1,0
2,P_x_curing_LogP,molecular_descriptor,0.026798144123587546,-0.005357682614334405,6,1,1
2,P_x_curing_MolWt,molecular_descriptor,0.0011305106547501308,-0.00019935917851999802,67,1,0
2,P_x_curing_RingCount,molecular_descriptor,0.0017710647136043825,-0.0005058400477189632,52,1,0
2,P_x_curing_RotBonds,molecular_descriptor,0.0,0.0,141,1,0
2,P_x_curing_TPSA,molecular_descriptor,0.00047668959182028476,4.969036657276772e-05,92,1,0
2,Preparation_Method_DOPO-based (Additive + Secondary Crosslinking),curing_and_preparation,0.009185572002996039,-0.0028738392928379743,17,1,1
2,Preparation_Method_DOPO-based (Co-curing),molecular_descriptor,0.0,0.0,483,1,0
2,Preparation_Method_DOPO-based (additive),curing_and_preparation,0.0,0.0,137,1,0
2,Preparation_Method_DOPO-based (reactive),curing_and_preparation,0.0,0.0,136,1,0
2,S/P ratio,elemental_composition,0.0,0.0,658,1,0
2,S/P_ratio_sq,elemental_composition,0.0,0.0,149,1,0
2,S/P_ratio_sqrt,elemental_composition,0.0,0.0,148,1,0
2,S_content wt%,elemental_composition,0.0005448720880441541,-0.00019254143743197675,86,1,0
2,S_content_wt%_sq,elemental_composition,0.0008596318790477422,-0.00032038223068424625,71,1,0
2,S_content_wt%_sqrt,elemental_composition,0.0,0.0,133,1,0
2,S_loading_real,formulation_loading,0.0002641977359278698,-3.085455578658664e-05,105,1,0
2,S_loading_real_sq,formulation_loading,0.00036091327096312816,-0.00012780083289730466,99,1,0
2,S_loading_real_sqrt,formulation_loading,0.00038963979646600226,-0.00013797301048367006,97,1,0
2,Si/P ratio,elemental_composition,0.0,0.0,661,1,0
2,Si/P_ratio_sq,elemental_composition,0.0,0.0,145,1,0
2,Si/P_ratio_sqrt,elemental_composition,0.0,0.0,144,1,0
2,Si_content wt%,elemental_composition,0.0,0.0,660,1,0
2,Si_content_wt%_sq,elemental_composition,0.0,0.0,132,1,0
2,Si_content_wt%_sqrt,elemental_composition,0.0,0.0,131,1,0
2,Si_loading_real,formulation_loading,0.0,0.0,126,1,0
2,Si_loading_real_sq,formulation_loading,0.0,0.0,669,1,0
2,Si_loading_real_sqrt,formulation_loading,0.0,0.0,662,1,0
2,Synergy_flag(single=0&synergy=1),other,0.0,0.0,377,1,0
2,Synergy_type_P-N,other,0.0,0.0,164,1,0
2,Synergy_type_P-N-Al,other,0.0,0.0,163,1,0
2,Synergy_type_P-N-B,other,0.0,0.0,162,1,0
2,Synergy_type_P-N-C,other,0.0,0.0,161,1,0
2,Synergy_type_P-N-S,other,0.0,0.0,523,1,0
2,Synergy_type_P-N-Si,other,0.0,0.0,514,1,0
2,Synergy_type_P-N-Si-B,other,0.0,0.0,507,1,0
2,Synergy_type_P-N-Si-S,other,0.0,0.0,505,1,0
2,Synergy_type_P-N-Si-Ti,other,0.0,0.0,705,0,0
2,Synergy_type_P-N-Si-Zr,other,0.0,0.0,705,0,0
2,Synergy_type_P-P,other,0.0,0.0,502,1,0
2,Synergy_type_P-Si,other,0.0,0.0,501,1,0
2,Synergy_type_P-Si-B,other,0.0,0.0,497,1,0
2,Synergy_type_P-only,other,0.0,0.0,492,1,0
2,UL94_Thickness_mm,test_condition,0.0,0.0,165,1,0
2,co_AliphaticRings,molecular_descriptor,0.0,0.0,603,1,0
2,co_AromaticCarbocycles,other,0.0,0.0,602,1,0
2,co_AromaticHeterocycles,other,0.0,0.0,601,1,0
2,co_AromaticRings,molecular_descriptor,0.0,0.0,610,1,0
2,co_BalabanJ,other,0.0,0.0,604,1,0
2,co_BertzCT,other,0.0,0.0,605,1,0
2,co_ExactMolWt,molecular_descriptor,0.0,0.0,587,1,0
2,co_FractionCSP3,molecular_descriptor,0.0,0.0,608,1,0
2,co_HBA,other,0.0,0.0,613,1,0
2,co_HBD,other,0.0,0.0,614,1,0
2,co_HeavyAtomCount,other,0.0,0.0,609,1,0
2,co_Kappa1,other,0.0,0.0,632,1,0
2,co_Kappa2,other,0.0,0.0,631,1,0
2,co_Kappa3,other,0.0,0.0,630,1,0
2,co_LabuteASA,other,0.0,0.0,616,1,0
2,co_LogP,molecular_descriptor,0.0,0.0,615,1,0
2,co_MolMR,other,0.0,0.0,586,1,0
2,co_MolWt,molecular_descriptor,0.0,0.0,588,1,0
2,co_NHOHCount,other,0.0,0.0,629,1,0
2,co_NOCount,other,0.0,0.0,628,1,0
2,co_NumHeteroAtoms,molecular_descriptor,0.0,0.0,606,1,0
2,co_NumValenceElectrons,other,0.0,0.0,607,1,0
2,co_RingCount,molecular_descriptor,0.0,0.0,611,1,0
2,co_RotBonds,other,0.0,0.0,612,1,0
2,co_TPSA,molecular_descriptor,0.0,0.0,585,1,0
2,co_morgan_r3_0,molecular_fingerprint,0.0,0.0,627,1,0
2,co_morgan_r3_1,molecular_fingerprint,0.0,0.0,626,1,0
2,co_morgan_r3_12,molecular_fingerprint,0.0,0.0,625,1,0
2,co_morgan_r3_13,molecular_fingerprint,0.0,0.0,705,0,0
2,co_morgan_r3_138,molecular_fingerprint,0.0,0.0,705,0,0
2,co_morgan_r3_14,molecular_fingerprint,0.0,0.0,705,0,0
2,co_morgan_r3_144,molecular_fingerprint,0.0,0.0,705,0,0
2,co_morgan_r3_15,molecular_fingerprint,0.0,0.0,624,1,0
2,co_morgan_r3_175,molecular_fingerprint,0.0,0.0,618,1,0
2,co_morgan_r3_183,molecular_fingerprint,0.0,0.0,617,1,0
2,co_morgan_r3_192,molecular_fingerprint,0.0,0.0,647,1,0
2,co_morgan_r3_214,molecular_fingerprint,0.0,0.0,576,1,0
2,co_morgan_r3_216,molecular_fingerprint,0.0,0.0,705,0,0
2,co_morgan_r3_241,molecular_fingerprint,0.0,0.0,562,1,0
2,co_morgan_r3_290,molecular_fingerprint,0.0,0.0,705,0,0
2,co_morgan_r3_294,molecular_fingerprint,0.0,0.0,705,0,0
2,co_morgan_r3_311,molecular_fingerprint,0.0,0.0,705,0,0
2,co_morgan_r3_33,molecular_fingerprint,0.0,0.0,623,1,0
2,co_morgan_r3_356,molecular_fingerprint,0.0,0.0,555,1,0
2,co_morgan_r3_486,molecular_fingerprint,0.0,0.0,705,0,0
2,co_morgan_r3_507,molecular_fingerprint,0.0,0.0,705,0,0
2,co_morgan_r3_51,molecular_fingerprint,0.0,0.0,622,1,0
2,co_morgan_r3_64,molecular_fingerprint,0.0,0.0,621,1,0
2,co_morgan_r3_80,molecular_fingerprint,0.0,0.0,620,1,0
2,co_morgan_r3_95,molecular_fingerprint,0.0,0.0,619,1,0
2,curing_AliphaticRings,molecular_descriptor,0.0,0.0,643,1,0
2,curing_AromaticRings,molecular_descriptor,0.0,0.0,634,1,0
2,curing_BalabanJ,molecular_descriptor,0.0,0.0,644,1,0
2,curing_BertzCT,molecular_descriptor,0.0,0.0,645,1,0
2,curing_ExactMolWt,molecular_descriptor,0.0,0.0,531,1,0
2,curing_FractionCSP3,molecular_descriptor,0.0,0.0,456,1,0
2,curing_HBA,molecular_descriptor,0.0,0.0,637,1,0
2,curing_HBD,molecular_descriptor,0.0,0.0,638,1,0
2,curing_HeavyAtomCount,molecular_descriptor,0.0,0.0,633,1,0
2,curing_Kappa1,molecular_descriptor,0.0,0.0,664,1,0
2,curing_Kappa2,molecular_descriptor,0.0,0.0,663,1,0
2,curing_Kappa3,molecular_descriptor,0.0007056885677700734,0.00028454657302090974,78,1,0
2,curing_LabuteASA,molecular_descriptor,0.0,0.0,640,1,0
2,curing_LogP,molecular_descriptor,0.0,0.0,639,1,0
2,curing_MolMR,molecular_descriptor,0.0,0.0,642,1,0
2,curing_MolWt,molecular_descriptor,0.0,0.0,538,1,0
2,curing_NHOHCount,molecular_descriptor,0.0,0.0,428,1,0
2,curing_NOCount,molecular_descriptor,0.0,0.0,424,1,0
2,curing_NumHeteroAtoms,molecular_descriptor,0.0,0.0,646,1,0
2,curing_NumValenceElectrons,molecular_descriptor,0.0,0.0,432,1,0
2,curing_RingCount,molecular_descriptor,0.0,0.0,635,1,0
2,curing_RotBonds,molecular_descriptor,0.0,0.0,636,1,0
2,curing_SaturatedRings,molecular_descriptor,0.0,0.0,665,1,0
2,curing_TPSA,molecular_descriptor,0.0,0.0,641,1,0
2,curing_morgan_r3_1,molecular_fingerprint,0.0,0.0,418,1,0
2,curing_morgan_r3_100,molecular_fingerprint,0.0,0.0,668,1,0
2,curing_morgan_r3_138,molecular_fingerprint,0.0,0.0,667,1,0
2,curing_morgan_r3_144,molecular_fingerprint,0.0,0.0,666,1,0
2,curing_morgan_r3_147,molecular_fingerprint,0.0,0.0,656,1,0
2,curing_morgan_r3_204,molecular_fingerprint,0.0,0.0,655,1,0
2,curing_morgan_r3_214,molecular_fingerprint,0.0,0.0,654,1,0
2,curing_morgan_r3_231,molecular_fingerprint,0.0,0.0,653,1,0
2,curing_morgan_r3_277,molecular_fingerprint,0.0,0.0,652,1,0
2,curing_morgan_r3_28,molecular_fingerprint,0.0,0.0,393,1,0
2,curing_morgan_r3_295,molecular_fingerprint,0.0,0.0,651,1,0
2,curing_morgan_r3_33,molecular_fingerprint,0.0,0.0,383,1,0
2,curing_morgan_r3_336,molecular_fingerprint,0.0,0.0,650,1,0
2,curing_morgan_r3_337,molecular_fingerprint,0.0,0.0,649,1,0
2,curing_morgan_r3_376,molecular_fingerprint,0.0,0.0,648,1,0
2,curing_morgan_r3_39,molecular_fingerprint,0.0,0.0,381,1,0
2,curing_morgan_r3_477,molecular_fingerprint,0.0,0.0,453,1,0
2,curing_morgan_r3_66,molecular_fingerprint,0.0,0.0,671,1,0
2,curing_morgan_r3_80,molecular_fingerprint,0.0,0.0,670,1,0
2,curing_morgan_r3_89,molecular_fingerprint,0.0009203295751393298,0.0002191666828413571,70,1,0
2,main_AliphaticRings,molecular_descriptor,0.0022738325493085556,-0.00025692888935818076,39,1,0
2,main_AromaticCarbocycles,other,0.001823409326438445,-0.0004163760759493141,50,1,0
2,main_AromaticHeterocycles,other,0.0,0.0,159,1,0
2,main_AromaticRings,molecular_descriptor,0.004908451861435078,-0.0013808979666512862,25,1,0
2,main_BalabanJ,other,0.0017899041339434227,0.0002953843894595656,51,1,0
2,main_BertzCT,other,0.011105017285508325,-0.0021122869817312884,15,1,1
2,main_ExactMolWt,molecular_descriptor,0.0,0.0,153,1,0
2,main_FractionCSP3,molecular_descriptor,0.00553702701135923,-0.001521830429032886,24,1,0
2,main_HBA,other,0.00402881390179858,-0.00032678014871350477,31,1,0
2,main_HBD,other,0.0,0.0,151,1,0
2,main_HeavyAtomCount,other,0.0,0.0,170,1,0
2,main_Kappa1,other,0.0022216143397148177,0.0001962159591748311,40,1,0
2,main_Kappa2,other,0.004039548902730286,0.00036704490650102433,30,1,0
2,main_Kappa3,other,0.0037032258351883418,-0.0005221038503074691,35,1,0
2,main_LabuteASA,other,0.0,0.0,152,1,0
2,main_LogP,molecular_descriptor,0.02260581708548441,0.0008509269665673025,8,1,1
2,main_MolMR,other,0.0014567385712517778,-2.0641409174629445e-05,61,1,0
2,main_MolWt,molecular_descriptor,0.0,0.0,154,1,0
2,main_NHOHCount,other,0.0,0.0,183,1,0
2,main_NOCount,other,0.0022161331591003673,-0.0002294053208598442,41,1,0
2,main_NumAmideBonds,other,0.0,0.0,182,1,0
2,main_NumHeteroAtoms,molecular_descriptor,0.002047237737327496,-0.00032454680026181053,45,1,0
2,main_NumValenceElectrons,other,0.0,0.0,169,1,0
2,main_RingCount,molecular_descriptor,0.0,0.0,150,1,0
2,main_RotBonds,other,0.006293660620106873,-0.0003941357458054627,19,1,1
2,main_SaturatedCarbocycles,other,0.0,0.0,158,1,0
2,main_SaturatedHeterocycles,other,0.0,0.0,157,1,0
2,main_SaturatedRings,molecular_descriptor,0.0,0.0,160,1,0
2,main_TPSA,molecular_descriptor,0.017609564526600206,-0.0027402785681705146,12,1,1
2,main_co_similarity,other,0.0,0.0,156,1,0
2,main_co_similarity_sq,other,0.0,0.0,155,1,0
2,main_morgan_r3_0,molecular_fingerprint,0.0,0.0,181,1,0
2,main_morgan_r3_1,molecular_fingerprint,0.0,0.0,180,1,0
2,main_morgan_r3_10,molecular_fingerprint,0.0,0.0,173,1,0
2,main_morgan_r3_100,molecular_fingerprint,0.0,0.0,261,1,0
2,main_morgan_r3_101,molecular_fingerprint,0.0,0.0,260,1,0
2,main_morgan_r3_102,molecular_fingerprint,0.0,0.0,259,1,0
2,main_morgan_r3_103,molecular_fingerprint,0.0,0.0,258,1,0
2,main_morgan_r3_104,molecular_fingerprint,0.0,0.0,257,1,0
2,main_morgan_r3_105,molecular_fingerprint,0.0,0.0,256,1,0
2,main_morgan_r3_106,molecular_fingerprint,0.0,0.0,255,1,0
2,main_morgan_r3_107,molecular_fingerprint,0.0,0.0,254,1,0
2,main_morgan_r3_108,molecular_fingerprint,0.0,0.0,253,1,0
2,main_morgan_r3_109,molecular_fingerprint,0.001460005624522783,-0.001460005624522783,60,1,0
2,main_morgan_r3_11,molecular_fingerprint,0.0,0.0,172,1,0
2,main_morgan_r3_110,molecular_fingerprint,0.0,0.0,252,1,0
2,main_morgan_r3_111,molecular_fingerprint,0.0,0.0,251,1,0
2,main_morgan_r3_112,molecular_fingerprint,0.0,0.0,250,1,0
2,main_morgan_r3_113,molecular_fingerprint,0.0,0.0,278,1,0
2,main_morgan_r3_114,molecular_fingerprint,0.0,0.0,277,1,0
2,main_morgan_r3_115,molecular_fingerprint,0.0,0.0,276,1,0
2,main_morgan_r3_116,molecular_fingerprint,0.00035843031049128597,0.00029640374471775696,100,1,0
2,main_morgan_r3_117,molecular_fingerprint,0.0,0.0,275,1,0
2,main_morgan_r3_118,molecular_fingerprint,0.0,0.0,274,1,0
2,main_morgan_r3_119,molecular_fingerprint,0.0,0.0,273,1,0
2,main_morgan_r3_12,molecular_fingerprint,0.0,0.0,171,1,0
2,main_morgan_r3_120,molecular_fingerprint,0.0,0.0,272,1,0
2,main_morgan_r3_121,molecular_fingerprint,0.0,0.0,271,1,0
2,main_morgan_r3_122,molecular_fingerprint,0.0,0.0,270,1,0
2,main_morgan_r3_123,molecular_fingerprint,0.0,0.0,269,1,0
2,main_morgan_r3_124,molecular_fingerprint,0.0,0.0,268,1,0
2,main_morgan_r3_125,molecular_fingerprint,0.0,0.0,267,1,0
2,main_morgan_r3_126,molecular_fingerprint,0.0,0.0,266,1,0
2,main_morgan_r3_127,molecular_fingerprint,0.0,0.0,265,1,0
2,main_morgan_r3_128,molecular_fingerprint,0.027857529011411877,-9.630673606783949e-05,5,1,1
2,main_morgan_r3_129,molecular_fingerprint,0.0,0.0,291,1,0
2,main_morgan_r3_13,molecular_fingerprint,0.0,0.0,195,1,0
2,main_morgan_r3_130,molecular_fingerprint,0.0002215113927652066,0.0002215113927652066,108,1,0
2,main_morgan_r3_131,molecular_fingerprint,0.0,0.0,290,1,0
2,main_morgan_r3_132,molecular_fingerprint,0.0,0.0,289,1,0
2,main_morgan_r3_133,molecular_fingerprint,0.0,0.0,288,1,0
2,main_morgan_r3_134,molecular_fingerprint,0.0,0.0,287,1,0
2,main_morgan_r3_135,molecular_fingerprint,0.0,0.0,360,1,0
2,main_morgan_r3_137,molecular_fingerprint,0.0,0.0,286,1,0
2,main_morgan_r3_139,molecular_fingerprint,0.0,0.0,285,1,0
2,main_morgan_r3_14,molecular_fingerprint,0.0,0.0,194,1,0
2,main_morgan_r3_140,molecular_fingerprint,0.000750055339404693,-0.0002575704451866512,75,1,0
2,main_morgan_r3_141,molecular_fingerprint,0.0,0.0,284,1,0
2,main_morgan_r3_142,molecular_fingerprint,0.0,0.0,283,1,0
2,main_morgan_r3_143,molecular_fingerprint,0.0,0.0,282,1,0
2,main_morgan_r3_145,molecular_fingerprint,0.0,0.0,281,1,0
2,main_morgan_r3_146,molecular_fingerprint,0.0,0.0,280,1,0
2,main_morgan_r3_147,molecular_fingerprint,0.0,0.0,279,1,0
2,main_morgan_r3_148,molecular_fingerprint,0.0,0.0,307,1,0
2,main_morgan_r3_149,molecular_fingerprint,0.0,0.0,306,1,0
2,main_morgan_r3_15,molecular_fingerprint,0.0,0.0,193,1,0
2,main_morgan_r3_150,molecular_fingerprint,0.0,0.0,305,1,0
2,main_morgan_r3_151,molecular_fingerprint,0.0,0.0,304,1,0
2,main_morgan_r3_152,molecular_fingerprint,0.0,0.0,303,1,0
2,main_morgan_r3_153,molecular_fingerprint,0.0,0.0,302,1,0
2,main_morgan_r3_154,molecular_fingerprint,0.0,0.0,301,1,0
2,main_morgan_r3_155,molecular_fingerprint,0.0,0.0,300,1,0
2,main_morgan_r3_156,molecular_fingerprint,0.0,0.0,299,1,0
2,main_morgan_r3_157,molecular_fingerprint,0.0,0.0,298,1,0
2,main_morgan_r3_158,molecular_fingerprint,0.0,0.0,297,1,0
2,main_morgan_r3_159,molecular_fingerprint,0.0,0.0,296,1,0
2,main_morgan_r3_16,molecular_fingerprint,0.0,0.0,192,1,0
2,main_morgan_r3_160,molecular_fingerprint,0.0,0.0,295,1,0
2,main_morgan_r3_161,molecular_fingerprint,0.0,0.0,294,1,0
2,main_morgan_r3_162,molecular_fingerprint,0.0,0.0,293,1,0
2,main_morgan_r3_163,molecular_fingerprint,0.0,0.0,292,1,0
2,main_morgan_r3_164,molecular_fingerprint,0.0,0.0,322,1,0
2,main_morgan_r3_165,molecular_fingerprint,0.0,0.0,321,1,0
2,main_morgan_r3_166,molecular_fingerprint,0.0,0.0,320,1,0
2,main_morgan_r3_167,molecular_fingerprint,0.0016839021569838514,0.0008173730234278246,56,1,0
2,main_morgan_r3_168,molecular_fingerprint,0.0,0.0,319,1,0
2,main_morgan_r3_169,molecular_fingerprint,0.0,0.0,318,1,0
2,main_morgan_r3_17,molecular_fingerprint,0.0,0.0,191,1,0
2,main_morgan_r3_170,molecular_fingerprint,0.0,0.0,705,0,0
2,main_morgan_r3_171,molecular_fingerprint,0.0,0.0,317,1,0
2,main_morgan_r3_172,molecular_fingerprint,0.0,0.0,316,1,0
2,main_morgan_r3_173,molecular_fingerprint,0.0,0.0,315,1,0
2,main_morgan_r3_174,molecular_fingerprint,0.0,0.0,314,1,0
2,main_morgan_r3_176,molecular_fingerprint,0.0,0.0,313,1,0
2,main_morgan_r3_177,molecular_fingerprint,0.0,0.0,312,1,0
2,main_morgan_r3_178,molecular_fingerprint,0.0,0.0,311,1,0
2,main_morgan_r3_179,molecular_fingerprint,0.0,0.0,705,0,0
2,main_morgan_r3_18,molecular_fingerprint,0.0,0.0,190,1,0
2,main_morgan_r3_180,molecular_fingerprint,0.0,0.0,310,1,0
2,main_morgan_r3_181,molecular_fingerprint,0.0,0.0,309,1,0
2,main_morgan_r3_182,molecular_fingerprint,0.0,0.0,308,1,0
2,main_morgan_r3_183,molecular_fingerprint,0.0023947628969281176,-0.00022873188457812985,37,1,0
2,main_morgan_r3_185,molecular_fingerprint,0.0,0.0,336,1,0
2,main_morgan_r3_186,molecular_fingerprint,0.0005320495951668811,-9.949700767413444e-05,87,1,0
2,main_morgan_r3_187,molecular_fingerprint,0.0,0.0,335,1,0
2,main_morgan_r3_188,molecular_fingerprint,0.0,0.0,334,1,0
2,main_morgan_r3_189,molecular_fingerprint,0.0,0.0,333,1,0
2,main_morgan_r3_19,molecular_fingerprint,0.0002151569104038381,-3.073121844886056e-05,109,1,0
2,main_morgan_r3_190,molecular_fingerprint,0.0,0.0,332,1,0
2,main_morgan_r3_191,molecular_fingerprint,0.0,0.0,331,1,0
2,main_morgan_r3_192,molecular_fingerprint,0.0,0.0,330,1,0
2,main_morgan_r3_193,molecular_fingerprint,0.0,0.0,329,1,0
2,main_morgan_r3_194,molecular_fingerprint,0.0,0.0,705,0,0
2,main_morgan_r3_195,molecular_fingerprint,0.0,0.0,328,1,0
2,main_morgan_r3_196,molecular_fingerprint,0.0,0.0,327,1,0
2,main_morgan_r3_197,molecular_fingerprint,0.0,0.0,326,1,0
2,main_morgan_r3_198,molecular_fingerprint,0.0,0.0,325,1,0
2,main_morgan_r3_199,molecular_fingerprint,0.0,0.0,324,1,0
2,main_morgan_r3_2,molecular_fingerprint,0.0,0.0,179,1,0
2,main_morgan_r3_20,molecular_fingerprint,0.0,0.0,189,1,0
2,main_morgan_r3_200,molecular_fingerprint,0.0,0.0,323,1,0
2,main_morgan_r3_201,molecular_fingerprint,0.0013209391263907895,-0.0005963140334358066,65,1,0
2,main_morgan_r3_202,molecular_fingerprint,0.0,0.0,350,1,0
2,main_morgan_r3_203,molecular_fingerprint,0.0,0.0,349,1,0
2,main_morgan_r3_204,molecular_fingerprint,0.0,0.0,348,1,0
2,main_morgan_r3_205,molecular_fingerprint,0.0,0.0,347,1,0
2,main_morgan_r3_206,molecular_fingerprint,0.0007345629512955857,0.0003063365497145027,76,1,0
2,main_morgan_r3_207,molecular_fingerprint,0.0,0.0,346,1,0
2,main_morgan_r3_208,molecular_fingerprint,0.0,0.0,345,1,0
2,main_morgan_r3_209,molecular_fingerprint,0.0,0.0,344,1,0
2,main_morgan_r3_21,molecular_fingerprint,0.0,0.0,188,1,0
2,main_morgan_r3_210,molecular_fingerprint,0.0,0.0,343,1,0
2,main_morgan_r3_211,molecular_fingerprint,0.0,0.0,342,1,0
2,main_morgan_r3_212,molecular_fingerprint,0.0,0.0,341,1,0
2,main_morgan_r3_213,molecular_fingerprint,0.0,0.0,340,1,0
2,main_morgan_r3_215,molecular_fingerprint,0.0,0.0,339,1,0
2,main_morgan_r3_216,molecular_fingerprint,0.0,0.0,338,1,0
2,main_morgan_r3_217,molecular_fingerprint,0.0,0.0,337,1,0
2,main_morgan_r3_218,molecular_fingerprint,0.017679952813633652,-0.0031095855171490933,11,1,1
2,main_morgan_r3_219,molecular_fingerprint,0.001896310134787418,0.0006981561140184808,49,1,0
2,main_morgan_r3_22,molecular_fingerprint,0.0,0.0,187,1,0
2,main_morgan_r3_221,molecular_fingerprint,0.0,0.0,364,1,0
2,main_morgan_r3_222,molecular_fingerprint,0.0,0.0,363,1,0
2,main_morgan_r3_223,molecular_fingerprint,0.0,0.0,705,0,0
2,main_morgan_r3_224,molecular_fingerprint,0.0,0.0,362,1,0
2,main_morgan_r3_226,molecular_fingerprint,0.0,0.0,361,1,0
2,main_morgan_r3_227,molecular_fingerprint,0.0020376357782787304,0.000181892489989202,46,1,0
2,main_morgan_r3_228,molecular_fingerprint,0.0,0.0,359,1,0
2,main_morgan_r3_229,molecular_fingerprint,0.0,0.0,705,0,0
2,main_morgan_r3_23,molecular_fingerprint,0.0,0.0,186,1,0
2,main_morgan_r3_230,molecular_fingerprint,0.0,0.0,358,1,0
2,main_morgan_r3_231,molecular_fingerprint,0.0,0.0,357,1,0
2,main_morgan_r3_232,molecular_fingerprint,0.0,0.0,356,1,0
2,main_morgan_r3_233,molecular_fingerprint,0.0,0.0,355,1,0
2,main_morgan_r3_235,molecular_fingerprint,0.0,0.0,354,1,0
2,main_morgan_r3_236,molecular_fingerprint,0.0,0.0,353,1,0
2,main_morgan_r3_237,molecular_fingerprint,0.0,0.0,352,1,0
2,main_morgan_r3_238,molecular_fingerprint,0.0,0.0,351,1,0
2,main_morgan_r3_239,molecular_fingerprint,0.00045208277220557924,-0.00045208277220557924,94,1,0
2,main_morgan_r3_24,molecular_fingerprint,0.0,0.0,185,1,0
2,main_morgan_r3_240,molecular_fingerprint,0.0,0.0,380,1,0
2,main_morgan_r3_241,molecular_fingerprint,0.0,0.0,379,1,0
2,main_morgan_r3_242,molecular_fingerprint,0.0,0.0,378,1,0
2,main_morgan_r3_243,molecular_fingerprint,0.001107082882403794,-0.001107082882403794,68,1,0
2,main_morgan_r3_244,molecular_fingerprint,0.0,0.0,376,1,0
2,main_morgan_r3_246,molecular_fingerprint,0.0,0.0,375,1,0
2,main_morgan_r3_247,molecular_fingerprint,0.0,0.0,374,1,0
2,main_morgan_r3_248,molecular_fingerprint,0.0,0.0,373,1,0
2,main_morgan_r3_25,molecular_fingerprint,0.0019116377315870664,0.0019116377315870664,48,1,0
2,main_morgan_r3_250,molecular_fingerprint,0.0,0.0,372,1,0
2,main_morgan_r3_251,molecular_fingerprint,0.0,0.0,371,1,0
2,main_morgan_r3_253,molecular_fingerprint,0.0,0.0,370,1,0
2,main_morgan_r3_254,molecular_fingerprint,0.0,0.0,369,1,0
2,main_morgan_r3_255,molecular_fingerprint,0.0007111188387664113,0.00019094157298251842,77,1,0
2,main_morgan_r3_256,molecular_fingerprint,0.0,0.0,705,0,0
2,main_morgan_r3_257,molecular_fingerprint,0.0,0.0,367,1,0
2,main_morgan_r3_258,molecular_fingerprint,0.0,0.0,366,1,0
2,main_morgan_r3_259,molecular_fingerprint,0.0,0.0,397,1,0
2,main_morgan_r3_26,molecular_fingerprint,8.381740175534987e-05,-7.30866514244896e-05,117,1,0
2,main_morgan_r3_260,molecular_fingerprint,0.0,0.0,705,0,0
2,main_morgan_r3_261,molecular_fingerprint,0.0,0.0,705,0,0
2,main_morgan_r3_263,molecular_fingerprint,0.0,0.0,396,1,0
2,main_morgan_r3_264,molecular_fingerprint,0.0,0.0,395,1,0
2,main_morgan_r3_265,molecular_fingerprint,0.0,0.0,394,1,0
2,main_morgan_r3_266,molecular_fingerprint,0.0017014798847050636,5.5599699469488814e-05,55,1,0
2,main_morgan_r3_267,molecular_fingerprint,0.0,0.0,392,1,0
2,main_morgan_r3_268,molecular_fingerprint,0.0,0.0,391,1,0
2,main_morgan_r3_269,molecular_fingerprint,0.0,0.0,390,1,0
2,main_morgan_r3_27,molecular_fingerprint,0.0,0.0,184,1,0
2,main_morgan_r3_270,molecular_fingerprint,0.0,0.0,389,1,0
2,main_morgan_r3_271,molecular_fingerprint,0.0,0.0,388,1,0
2,main_morgan_r3_273,molecular_fingerprint,0.0,0.0,387,1,0
2,main_morgan_r3_274,molecular_fingerprint,0.0,0.0,386,1,0
2,main_morgan_r3_275,molecular_fingerprint,0.0,0.0,385,1,0
2,main_morgan_r3_276,molecular_fingerprint,0.0,0.0,384,1,0
2,main_morgan_r3_277,molecular_fingerprint,3.128864270572797e-05,3.128864270572797e-05,122,1,0
2,main_morgan_r3_278,molecular_fingerprint,0.0,0.0,382,1,0
2,main_morgan_r3_279,molecular_fingerprint,0.0,0.0,412,1,0
2,main_morgan_r3_28,molecular_fingerprint,0.0001453455039433142,-0.0001453455039433142,115,1,0
2,main_morgan_r3_280,molecular_fingerprint,0.0,0.0,411,1,0
2,main_morgan_r3_281,molecular_fingerprint,0.0,0.0,410,1,0
2,main_morgan_r3_283,molecular_fingerprint,0.0,0.0,409,1,0
2,main_morgan_r3_284,molecular_fingerprint,0.0,0.0,408,1,0
2,main_morgan_r3_285,molecular_fingerprint,0.0,0.0,407,1,0
2,main_morgan_r3_286,molecular_fingerprint,0.0,0.0,406,1,0
2,main_morgan_r3_287,molecular_fingerprint,0.0,0.0,405,1,0
2,main_morgan_r3_288,molecular_fingerprint,0.0,0.0,404,1,0
2,main_morgan_r3_289,molecular_fingerprint,0.0,0.0,403,1,0
2,main_morgan_r3_29,molecular_fingerprint,0.0,0.0,210,1,0
2,main_morgan_r3_290,molecular_fingerprint,0.003891543143697219,-0.0011766469549484475,32,1,0
2,main_morgan_r3_291,molecular_fingerprint,0.0,0.0,402,1,0
2,main_morgan_r3_292,molecular_fingerprint,0.0,0.0,401,1,0
2,main_morgan_r3_293,molecular_fingerprint,0.0,0.0,400,1,0
2,main_morgan_r3_294,molecular_fingerprint,0.0,0.0,399,1,0
2,main_morgan_r3_295,molecular_fingerprint,0.0,0.0,398,1,0
2,main_morgan_r3_296,molecular_fingerprint,0.0004855446404567102,-9.481990596961832e-05,91,1,0
2,main_morgan_r3_299,molecular_fingerprint,0.0,0.0,705,0,0
2,main_morgan_r3_3,molecular_fingerprint,0.0,0.0,178,1,0
2,main_morgan_r3_30,molecular_fingerprint,0.0,0.0,209,1,0
2,main_morgan_r3_300,molecular_fingerprint,0.0,0.0,427,1,0
2,main_morgan_r3_301,molecular_fingerprint,0.0,0.0,426,1,0
2,main_morgan_r3_303,molecular_fingerprint,0.0,0.0,425,1,0
2,main_morgan_r3_304,molecular_fingerprint,2.002669200438779e-05,2.002669200438779e-05,123,1,0
2,main_morgan_r3_305,molecular_fingerprint,0.0,0.0,423,1,0
2,main_morgan_r3_306,molecular_fingerprint,0.0,0.0,422,1,0
2,main_morgan_r3_307,molecular_fingerprint,0.0,0.0,421,1,0
2,main_morgan_r3_308,molecular_fingerprint,0.0,0.0,420,1,0
2,main_morgan_r3_309,molecular_fingerprint,0.0,0.0,419,1,0
2,main_morgan_r3_31,molecular_fingerprint,0.0,0.0,208,1,0
2,main_morgan_r3_310,molecular_fingerprint,0.0008315435557136803,-0.00023897784277932725,73,1,0
2,main_morgan_r3_311,molecular_fingerprint,0.0,0.0,417,1,0
2,main_morgan_r3_312,molecular_fingerprint,0.0,0.0,416,1,0
2,main_morgan_r3_313,molecular_fingerprint,0.0,0.0,415,1,0
2,main_morgan_r3_314,molecular_fingerprint,0.0,0.0,414,1,0
2,main_morgan_r3_315,molecular_fingerprint,0.0,0.0,413,1,0
2,main_morgan_r3_316,molecular_fingerprint,0.0,0.0,443,1,0
2,main_morgan_r3_317,molecular_fingerprint,0.0,0.0,442,1,0
2,main_morgan_r3_318,molecular_fingerprint,0.0,0.0,441,1,0
2,main_morgan_r3_319,molecular_fingerprint,0.0,0.0,440,1,0
2,main_morgan_r3_32,molecular_fingerprint,0.0,0.0,207,1,0
2,main_morgan_r3_320,molecular_fingerprint,0.004687696343410991,-0.00023958579229108412,26,1,0
2,main_morgan_r3_321,molecular_fingerprint,0.0,0.0,439,1,0
2,main_morgan_r3_322,molecular_fingerprint,0.0005503283814911382,-0.00016145538442874634,85,1,0
2,main_morgan_r3_323,molecular_fingerprint,0.0,0.0,437,1,0
2,main_morgan_r3_324,molecular_fingerprint,0.0,0.0,436,1,0
2,main_morgan_r3_325,molecular_fingerprint,0.0,0.0,435,1,0
2,main_morgan_r3_326,molecular_fingerprint,0.0,0.0,434,1,0
2,main_morgan_r3_328,molecular_fingerprint,0.0,0.0,433,1,0
2,main_morgan_r3_329,molecular_fingerprint,0.000648335272886251,4.0265713478533e-06,80,1,0
2,main_morgan_r3_33,molecular_fingerprint,0.0,0.0,206,1,0
2,main_morgan_r3_330,molecular_fingerprint,0.0,0.0,431,1,0
2,main_morgan_r3_331,molecular_fingerprint,0.0,0.0,430,1,0
2,main_morgan_r3_332,molecular_fingerprint,0.0,0.0,429,1,0
2,main_morgan_r3_333,molecular_fingerprint,0.0,0.0,458,1,0
2,main_morgan_r3_335,molecular_fingerprint,0.0,0.0,457,1,0
2,main_morgan_r3_336,molecular_fingerprint,6.489290595692028e-05,-6.489290595692028e-05,119,1,0
2,main_morgan_r3_338,molecular_fingerprint,0.0,0.0,455,1,0
2,main_morgan_r3_339,molecular_fingerprint,0.0,0.0,454,1,0
2,main_morgan_r3_34,molecular_fingerprint,0.0,0.0,205,1,0
2,main_morgan_r3_340,molecular_fingerprint,1.3416812461469483e-05,-2.649694136592051e-06,124,1,0
2,main_morgan_r3_341,molecular_fingerprint,0.0037630933640233665,-0.0006721665392923562,34,1,0
2,main_morgan_r3_342,molecular_fingerprint,0.0,0.0,452,1,0
2,main_morgan_r3_344,molecular_fingerprint,0.0,0.0,451,1,0
2,main_morgan_r3_345,molecular_fingerprint,0.0,0.0,450,1,0
2,main_morgan_r3_346,molecular_fingerprint,0.0,0.0,449,1,0
2,main_morgan_r3_347,molecular_fingerprint,0.0,0.0,448,1,0
2,main_morgan_r3_348,molecular_fingerprint,0.0,0.0,447,1,0
2,main_morgan_r3_349,molecular_fingerprint,0.0,0.0,446,1,0
2,main_morgan_r3_35,molecular_fingerprint,0.0,0.0,204,1,0
2,main_morgan_r3_351,molecular_fingerprint,0.0,0.0,445,1,0
2,main_morgan_r3_353,molecular_fingerprint,0.0,0.0,444,1,0
2,main_morgan_r3_354,molecular_fingerprint,0.0,0.0,473,1,0
2,main_morgan_r3_357,molecular_fingerprint,0.0,0.0,472,1,0
2,main_morgan_r3_358,molecular_fingerprint,0.0,0.0,471,1,0
2,main_morgan_r3_359,molecular_fingerprint,0.0,0.0,470,1,0
2,main_morgan_r3_36,molecular_fingerprint,0.0,0.0,203,1,0
2,main_morgan_r3_360,molecular_fingerprint,0.0,0.0,469,1,0
2,main_morgan_r3_361,molecular_fingerprint,0.0,0.0,468,1,0
2,main_morgan_r3_362,molecular_fingerprint,0.0,0.0,467,1,0
2,main_morgan_r3_363,molecular_fingerprint,0.014548676806670675,2.523283654276183e-05,13,1,1
2,main_morgan_r3_364,molecular_fingerprint,0.0,0.0,466,1,0
2,main_morgan_r3_365,molecular_fingerprint,0.0,0.0,465,1,0
2,main_morgan_r3_366,molecular_fingerprint,0.0,0.0,464,1,0
2,main_morgan_r3_367,molecular_fingerprint,0.0,0.0,463,1,0
2,main_morgan_r3_37,molecular_fingerprint,0.0,0.0,202,1,0
2,main_morgan_r3_370,molecular_fingerprint,0.0,0.0,462,1,0
2,main_morgan_r3_371,molecular_fingerprint,0.0,0.0,461,1,0
2,main_morgan_r3_372,molecular_fingerprint,0.0,0.0,460,1,0
2,main_morgan_r3_373,molecular_fingerprint,0.0,0.0,459,1,0
2,main_morgan_r3_374,molecular_fingerprint,0.0,0.0,489,1,0
2,main_morgan_r3_375,molecular_fingerprint,0.0,0.0,488,1,0
2,main_morgan_r3_376,molecular_fingerprint,0.0,0.0,487,1,0
2,main_morgan_r3_377,molecular_fingerprint,0.0,0.0,486,1,0
2,main_morgan_r3_378,molecular_fingerprint,0.0,0.0,485,1,0
2,main_morgan_r3_379,molecular_fingerprint,0.0,0.0,484,1,0
2,main_morgan_r3_38,molecular_fingerprint,0.0,0.0,201,1,0
2,main_morgan_r3_381,molecular_fingerprint,0.0007934106708506742,-0.0001221577435979178,74,1,0
2,main_morgan_r3_382,molecular_fingerprint,0.0,0.0,482,1,0
2,main_morgan_r3_383,molecular_fingerprint,0.0,0.0,481,1,0
2,main_morgan_r3_384,molecular_fingerprint,0.0,0.0,480,1,0
2,main_morgan_r3_385,molecular_fingerprint,0.0,0.0,479,1,0
2,main_morgan_r3_386,molecular_fingerprint,0.0,0.0,478,1,0
2,main_morgan_r3_387,molecular_fingerprint,0.0,0.0,477,1,0
2,main_morgan_r3_388,molecular_fingerprint,0.0,0.0,476,1,0
2,main_morgan_r3_389,molecular_fingerprint,0.0,0.0,475,1,0
2,main_morgan_r3_39,molecular_fingerprint,0.0,0.0,200,1,0
2,main_morgan_r3_390,molecular_fingerprint,0.0,0.0,474,1,0
2,main_morgan_r3_391,molecular_fingerprint,6.523340725432297e-05,-4.961584955068305e-05,118,1,0
2,main_morgan_r3_392,molecular_fingerprint,0.0,0.0,504,1,0
2,main_morgan_r3_393,molecular_fingerprint,0.0,0.0,503,1,0
2,main_morgan_r3_394,molecular_fingerprint,0.0007021210057887804,0.0004971549327997349,79,1,0
2,main_morgan_r3_395,molecular_fingerprint,0.0002707944877645285,-0.0001169910677160422,104,1,0
2,main_morgan_r3_396,molecular_fingerprint,0.0,0.0,500,1,0
2,main_morgan_r3_397,molecular_fingerprint,0.0,0.0,499,1,0
2,main_morgan_r3_398,molecular_fingerprint,0.0,0.0,498,1,0
2,main_morgan_r3_399,molecular_fingerprint,0.00127847862658442,0.00019264607277435307,66,1,0
2,main_morgan_r3_4,molecular_fingerprint,0.0,0.0,177,1,0
2,main_morgan_r3_40,molecular_fingerprint,0.0055826777657408365,0.001732689485298641,23,1,0
2,main_morgan_r3_400,molecular_fingerprint,0.0,0.0,496,1,0
2,main_morgan_r3_401,molecular_fingerprint,0.0,0.0,495,1,0
2,main_morgan_r3_402,molecular_fingerprint,0.0,0.0,494,1,0
2,main_morgan_r3_403,molecular_fingerprint,0.0,0.0,705,0,0
2,main_morgan_r3_404,molecular_fingerprint,0.0,0.0,493,1,0
2,main_morgan_r3_405,molecular_fingerprint,0.0004511294348118597,0.00024160188608261972,95,1,0
2,main_morgan_r3_406,molecular_fingerprint,0.0,0.0,491,1,0
2,main_morgan_r3_407,molecular_fingerprint,0.0,0.0,490,1,0
2,main_morgan_r3_408,molecular_fingerprint,0.0,0.0,705,0,0
2,main_morgan_r3_409,molecular_fingerprint,0.0,0.0,521,1,0
2,main_morgan_r3_41,molecular_fingerprint,0.0,0.0,199,1,0
2,main_morgan_r3_410,molecular_fingerprint,0.0,0.0,520,1,0
2,main_morgan_r3_411,molecular_fingerprint,0.0,0.0,519,1,0
2,main_morgan_r3_412,molecular_fingerprint,0.0,0.0,518,1,0
2,main_morgan_r3_413,molecular_fingerprint,0.0,0.0,517,1,0
2,main_morgan_r3_414,molecular_fingerprint,0.0,0.0,516,1,0
2,main_morgan_r3_415,molecular_fingerprint,0.0,0.0,515,1,0
2,main_morgan_r3_416,molecular_fingerprint,0.00023474821450232837,-0.0001919768594398091,107,1,0
2,main_morgan_r3_417,molecular_fingerprint,0.0,0.0,513,1,0
2,main_morgan_r3_418,molecular_fingerprint,0.0,0.0,512,1,0
2,main_morgan_r3_419,molecular_fingerprint,0.0,0.0,511,1,0
2,main_morgan_r3_42,molecular_fingerprint,0.0,0.0,198,1,0
2,main_morgan_r3_420,molecular_fingerprint,0.0,0.0,510,1,0
2,main_morgan_r3_421,molecular_fingerprint,0.0,0.0,509,1,0
2,main_morgan_r3_422,molecular_fingerprint,0.0,0.0,508,1,0
2,main_morgan_r3_423,molecular_fingerprint,0.0006175457486391545,0.0001129913281935488,83,1,0
2,main_morgan_r3_424,molecular_fingerprint,0.0,0.0,506,1,0
2,main_morgan_r3_425,molecular_fingerprint,0.0,0.0,537,1,0
2,main_morgan_r3_426,molecular_fingerprint,0.0,0.0,536,1,0
2,main_morgan_r3_427,molecular_fingerprint,0.0,0.0,535,1,0
2,main_morgan_r3_428,molecular_fingerprint,0.0,0.0,534,1,0
2,main_morgan_r3_429,molecular_fingerprint,0.0,0.0,533,1,0
2,main_morgan_r3_43,molecular_fingerprint,0.0,0.0,197,1,0
2,main_morgan_r3_430,molecular_fingerprint,0.0,0.0,532,1,0
2,main_morgan_r3_432,molecular_fingerprint,0.002191320671075662,6.426276785934504e-05,43,1,0
2,main_morgan_r3_433,molecular_fingerprint,0.0,0.0,530,1,0
2,main_morgan_r3_434,molecular_fingerprint,0.0,0.0,529,1,0
2,main_morgan_r3_436,molecular_fingerprint,0.0,0.0,528,1,0
2,main_morgan_r3_437,molecular_fingerprint,0.0,0.0,527,1,0
2,main_morgan_r3_438,molecular_fingerprint,0.0,0.0,526,1,0
2,main_morgan_r3_439,molecular_fingerprint,0.0,0.0,525,1,0
2,main_morgan_r3_44,molecular_fingerprint,0.0,0.0,196,1,0
2,main_morgan_r3_440,molecular_fingerprint,0.0,0.0,524,1,0
2,main_morgan_r3_441,molecular_fingerprint,0.0006060150559704529,-4.3821981842040694e-05,84,1,0
2,main_morgan_r3_442,molecular_fingerprint,0.0,0.0,522,1,0
2,main_morgan_r3_443,molecular_fingerprint,0.0,0.0,553,1,0
2,main_morgan_r3_444,molecular_fingerprint,0.0,0.0,552,1,0
2,main_morgan_r3_445,molecular_fingerprint,0.0,0.0,551,1,0
2,main_morgan_r3_447,molecular_fingerprint,0.0,0.0,550,1,0
2,main_morgan_r3_448,molecular_fingerprint,0.0,0.0,549,1,0
2,main_morgan_r3_449,molecular_fingerprint,0.0,0.0,548,1,0
2,main_morgan_r3_45,molecular_fingerprint,0.0008528948609128477,-1.9085005330378846e-05,72,1,0
2,main_morgan_r3_450,molecular_fingerprint,0.0,0.0,547,1,0
2,main_morgan_r3_451,molecular_fingerprint,0.0,0.0,546,1,0
2,main_morgan_r3_452,molecular_fingerprint,0.0,0.0,545,1,0
2,main_morgan_r3_453,molecular_fingerprint,0.0,0.0,544,1,0
2,main_morgan_r3_455,molecular_fingerprint,0.0,0.0,543,1,0
2,main_morgan_r3_456,molecular_fingerprint,0.0,0.0,542,1,0
2,main_morgan_r3_458,molecular_fingerprint,0.0,0.0,541,1,0
2,main_morgan_r3_459,molecular_fingerprint,0.0,0.0,540,1,0
2,main_morgan_r3_46,molecular_fingerprint,0.0,0.0,224,1,0
2,main_morgan_r3_460,molecular_fingerprint,0.0,0.0,539,1,0
2,main_morgan_r3_461,molecular_fingerprint,0.000302986646730632,4.5604801981413915e-05,102,1,0
2,main_morgan_r3_462,molecular_fingerprint,0.0,0.0,568,1,0
2,main_morgan_r3_463,molecular_fingerprint,0.0,0.0,567,1,0
2,main_morgan_r3_464,molecular_fingerprint,0.0,0.0,566,1,0
2,main_morgan_r3_465,molecular_fingerprint,0.0,0.0,565,1,0
2,main_morgan_r3_466,molecular_fingerprint,0.0,0.0,564,1,0
2,main_morgan_r3_467,molecular_fingerprint,0.0,0.0,563,1,0
2,main_morgan_r3_468,molecular_fingerprint,0.0005231811105592793,3.0424580693190136e-05,88,1,0
2,main_morgan_r3_469,molecular_fingerprint,0.004330292294789296,-0.004330292294789296,29,1,0
2,main_morgan_r3_47,molecular_fingerprint,0.0,0.0,223,1,0
2,main_morgan_r3_473,molecular_fingerprint,0.0,0.0,561,1,0
2,main_morgan_r3_474,molecular_fingerprint,0.0,0.0,560,1,0
2,main_morgan_r3_475,molecular_fingerprint,0.0,0.0,559,1,0
2,main_morgan_r3_476,molecular_fingerprint,0.0,0.0,558,1,0
2,main_morgan_r3_477,molecular_fingerprint,0.0,0.0,557,1,0
2,main_morgan_r3_478,molecular_fingerprint,0.0,0.0,556,1,0
2,main_morgan_r3_479,molecular_fingerprint,0.0006435294138410902,0.00020405981747512736,81,1,0
2,main_morgan_r3_48,molecular_fingerprint,0.0,0.0,222,1,0
2,main_morgan_r3_480,molecular_fingerprint,0.0,0.0,554,1,0
2,main_morgan_r3_481,molecular_fingerprint,0.00019478624762329935,0.00010121994047799874,110,1,0
2,main_morgan_r3_482,molecular_fingerprint,0.0,0.0,583,1,0
2,main_morgan_r3_483,molecular_fingerprint,0.0,0.0,582,1,0
2,main_morgan_r3_484,molecular_fingerprint,0.0,0.0,581,1,0
2,main_morgan_r3_485,molecular_fingerprint,0.0,0.0,580,1,0
2,main_morgan_r3_486,molecular_fingerprint,0.0,0.0,579,1,0
2,main_morgan_r3_487,molecular_fingerprint,0.0,0.0,578,1,0
2,main_morgan_r3_488,molecular_fingerprint,0.0,0.0,705,0,0
2,main_morgan_r3_489,molecular_fingerprint,0.0004990850387321177,2.3745324439871985e-05,90,1,0
2,main_morgan_r3_49,molecular_fingerprint,0.0,0.0,221,1,0
2,main_morgan_r3_490,molecular_fingerprint,0.0006193848174235424,-2.5072556411863002e-05,82,1,0
2,main_morgan_r3_491,molecular_fingerprint,0.0,0.0,575,1,0
2,main_morgan_r3_492,molecular_fingerprint,0.0,0.0,574,1,0
2,main_morgan_r3_493,molecular_fingerprint,0.0,0.0,573,1,0
2,main_morgan_r3_494,molecular_fingerprint,0.0,0.0,572,1,0
2,main_morgan_r3_495,molecular_fingerprint,0.0,0.0,571,1,0
2,main_morgan_r3_496,molecular_fingerprint,0.0,0.0,570,1,0
2,main_morgan_r3_497,molecular_fingerprint,0.0,0.0,569,1,0
2,main_morgan_r3_498,molecular_fingerprint,0.0,0.0,600,1,0
2,main_morgan_r3_499,molecular_fingerprint,0.0,0.0,599,1,0
2,main_morgan_r3_5,molecular_fingerprint,0.0038123231153005172,0.002796946289081938,33,1,0
2,main_morgan_r3_50,molecular_fingerprint,0.0,0.0,220,1,0
2,main_morgan_r3_500,molecular_fingerprint,0.0,0.0,598,1,0
2,main_morgan_r3_501,molecular_fingerprint,0.0,0.0,597,1,0
2,main_morgan_r3_502,molecular_fingerprint,0.0,0.0,596,1,0
2,main_morgan_r3_503,molecular_fingerprint,0.0,0.0,595,1,0
2,main_morgan_r3_504,molecular_fingerprint,0.0,0.0,594,1,0
2,main_morgan_r3_505,molecular_fingerprint,0.0,0.0,593,1,0
2,main_morgan_r3_506,molecular_fingerprint,0.0,0.0,592,1,0
2,main_morgan_r3_507,molecular_fingerprint,0.0,0.0,591,1,0
2,main_morgan_r3_508,molecular_fingerprint,0.0,0.0,705,0,0
2,main_morgan_r3_51,molecular_fingerprint,0.0,0.0,219,1,0
2,main_morgan_r3_510,molecular_fingerprint,0.0,0.0,590,1,0
2,main_morgan_r3_511,molecular_fingerprint,0.0,0.0,589,1,0
2,main_morgan_r3_52,molecular_fingerprint,0.0,0.0,218,1,0
2,main_morgan_r3_53,molecular_fingerprint,0.0,0.0,217,1,0
2,main_morgan_r3_54,molecular_fingerprint,0.0,0.0,216,1,0
2,main_morgan_r3_55,molecular_fingerprint,0.0,0.0,215,1,0
2,main_morgan_r3_56,molecular_fingerprint,0.0,0.0,214,1,0
2,main_morgan_r3_57,molecular_fingerprint,0.0,0.0,213,1,0
2,main_morgan_r3_58,molecular_fingerprint,0.00015594314736740598,-0.00015137626341095448,113,1,0
2,main_morgan_r3_59,molecular_fingerprint,0.0,0.0,212,1,0
2,main_morgan_r3_6,molecular_fingerprint,0.0002760602117155305,-9.561364988100141e-05,103,1,0
2,main_morgan_r3_60,molecular_fingerprint,0.0,0.0,211,1,0
2,main_morgan_r3_61,molecular_fingerprint,0.0,0.0,237,1,0
2,main_morgan_r3_62,molecular_fingerprint,0.0,0.0,705,0,0
2,main_morgan_r3_63,molecular_fingerprint,0.0020803630500613097,-0.0020803630500613097,44,1,0
2,main_morgan_r3_66,molecular_fingerprint,0.0,0.0,236,1,0
2,main_morgan_r3_67,molecular_fingerprint,0.0,0.0,235,1,0
2,main_morgan_r3_68,molecular_fingerprint,0.0,0.0,234,1,0
2,main_morgan_r3_69,molecular_fingerprint,0.0,0.0,233,1,0
2,main_morgan_r3_7,molecular_fingerprint,0.0,0.0,176,1,0
2,main_morgan_r3_70,molecular_fingerprint,0.0,0.0,232,1,0
2,main_morgan_r3_71,molecular_fingerprint,0.0,0.0,231,1,0
2,main_morgan_r3_72,molecular_fingerprint,0.0,0.0,230,1,0
2,main_morgan_r3_73,molecular_fingerprint,0.0,0.0,229,1,0
2,main_morgan_r3_74,molecular_fingerprint,0.0,0.0,228,1,0
2,main_morgan_r3_75,molecular_fingerprint,0.0,0.0,227,1,0
2,main_morgan_r3_76,molecular_fingerprint,0.0,0.0,226,1,0
2,main_morgan_r3_77,molecular_fingerprint,0.0,0.0,225,1,0
2,main_morgan_r3_78,molecular_fingerprint,0.0003327364826351905,9.561455383970086e-05,101,1,0
2,main_morgan_r3_79,molecular_fingerprint,0.0032265768615107795,0.001156668302509535,36,1,0
2,main_morgan_r3_8,molecular_fingerprint,0.0,0.0,175,1,0
2,main_morgan_r3_80,molecular_fingerprint,0.0,0.0,249,1,0
2,main_morgan_r3_81,molecular_fingerprint,0.000502524988148565,0.00013563986243962967,89,1,0
2,main_morgan_r3_82,molecular_fingerprint,0.006307850233361909,-0.000495382232474896,18,1,1
2,main_morgan_r3_83,molecular_fingerprint,0.0,0.0,248,1,0
2,main_morgan_r3_84,molecular_fingerprint,0.00018149227073238107,0.00018149227073238107,111,1,0
2,main_morgan_r3_85,molecular_fingerprint,0.0,0.0,247,1,0
2,main_morgan_r3_87,molecular_fingerprint,0.0,0.0,246,1,0
2,main_morgan_r3_88,molecular_fingerprint,0.0,0.0,245,1,0
2,main_morgan_r3_89,molecular_fingerprint,0.0,0.0,244,1,0
2,main_morgan_r3_9,molecular_fingerprint,0.0,0.0,174,1,0
2,main_morgan_r3_90,molecular_fingerprint,0.0,0.0,243,1,0
2,main_morgan_r3_91,molecular_fingerprint,0.0,0.0,242,1,0
2,main_morgan_r3_92,molecular_fingerprint,0.0,0.0,241,1,0
2,main_morgan_r3_93,molecular_fingerprint,0.0,0.0,240,1,0
2,main_morgan_r3_94,molecular_fingerprint,0.0014363299572100119,0.00011593364488227311,62,1,0
2,main_morgan_r3_95,molecular_fingerprint,0.0,0.0,239,1,0
2,main_morgan_r3_96,molecular_fingerprint,0.0,0.0,238,1,0
2,main_morgan_r3_97,molecular_fingerprint,0.0,0.0,264,1,0
2,main_morgan_r3_98,molecular_fingerprint,0.0,0.0,263,1,0
2,main_morgan_r3_99,molecular_fingerprint,0.0,0.0,262,1,0
3,B/P ratio,elemental_composition,5.0501956505084105e-05,5.0501956505084105e-05,529,1,0
3,B/P_ratio_sq,elemental_composition,1.5430270005304515e-05,1.5430270005304515e-05,606,1,0
3,B/P_ratio_sqrt,elemental_composition,0.0017383034268055374,-0.00018635047127241305,71,1,0
3,B_content wt%,elemental_composition,0.00014977490761730727,0.00014977490761730727,376,1,0
3,B_content_wt%_sq,elemental_composition,6.520798914784286e-05,6.520798914784286e-05,502,1,0
3,B_content_wt%_sqrt,elemental_composition,0.0014113352395525504,8.632365352746546e-07,93,1,0
3,B_loading_real,formulation_loading,2.0526647716299822e-05,2.0526647716299822e-05,596,1,0
3,B_loading_real_sq,formulation_loading,6.221879933339854e-08,6.221879933339854e-08,642,1,0
3,B_loading_real_sqrt,formulation_loading,0.001428485877440077,8.16310886049602e-05,89,1,0
3,Co_FR_fraction,formulation_loading,0.0006868093112999908,0.00019085967249313598,157,1,0
3,Co_FR_present,other,0.00014853741316364408,5.0020814356912524e-05,380,1,0
3,Cure_Temp_Max,curing_and_preparation,0.00038487583112618075,-0.00023476901728030809,237,1,0
3,CuringAgent_Has_B,molecular_descriptor,9.229300966479868e-06,-9.229300966479868e-06,620,1,0
3,CuringAgent_Has_N,molecular_descriptor,0.0008813037851659072,0.0003907591209951988,128,1,0
3,CuringAgent_Has_P,molecular_descriptor,0.0,0.0,643,1,0
3,CuringAgent_Has_S,molecular_descriptor,0.00028145340624217535,-7.450237723546135e-05,273,1,0
3,Has_B,elemental_composition,7.273396622622385e-05,7.273396622622385e-05,488,1,0
3,Has_N,elemental_composition,0.005113830158096138,0.00039122172048643145,23,1,0
3,Has_P,elemental_composition,0.007428379254553068,-0.00075204135581872,14,1,1
3,Has_S,elemental_composition,0.00040482084102592345,-0.00015918756593808636,233,1,0
3,Has_Si,elemental_composition,0.0001886548475606196,3.0535406942904475e-05,337,1,0
3,Loading_total_FR wt%,formulation_loading,0.005845865237111457,-0.0016559494206343217,17,1,1
3,Loading_total_FR_sq,formulation_loading,0.0039034626923099857,-0.0014539259131352642,32,1,0
3,Loading_total_FR_sqrt,formulation_loading,0.008976332290410805,-0.0030037871910458414,8,1,1
3,Loading_x_Synergy,formulation_loading,0.00917732784205581,6.313153876562294e-05,7,1,1
3,Main_FR_fraction,formulation_loading,0.007086092684477212,-0.00109151060966146,15,1,1
3,Main_FR_present,other,0.0,0.0,705,0,0
3,N/P ratio,elemental_composition,0.0014540990777177942,-8.231384764904706e-05,86,1,0
3,N/P_ratio_sq,elemental_composition,0.0005575268424540841,-0.00016066576185287494,187,1,0
3,N/P_ratio_sqrt,elemental_composition,0.0016514344617225049,-0.0001602372725075401,76,1,0
3,N_content wt%,elemental_composition,0.0024866583257415675,-0.0009673722688166703,50,1,0
3,N_content_wt%_sq,elemental_composition,0.0012660365126254782,-0.0007451876451788666,104,1,0
3,N_content_wt%_sqrt,elemental_composition,0.0036167926752763116,-0.0005612518033242172,36,1,0
3,N_loading_real,formulation_loading,0.002712997633478689,-0.000346535604885183,47,1,0
3,N_loading_real_sq,formulation_loading,0.0012049445849403747,-0.00029884593494965394,108,1,0
3,N_loading_real_sqrt,formulation_loading,0.005809223119710617,-0.0008702439830867766,18,1,1
3,P_B_loading_product,formulation_loading,5.340537959455105e-06,5.336670815268007e-06,632,1,0
3,P_B_loading_ratio,formulation_loading,0.004810158244154121,-0.001973472781068308,27,1,0
3,P_B_loading_sum,formulation_loading,0.004364823738210759,-0.0018001937650876495,29,1,0
3,P_N_loading_product,formulation_loading,0.0030529599992707764,-0.0004262967368737381,40,1,0
3,P_N_loading_ratio,formulation_loading,0.00030387053446390095,-0.00015654842037189808,267,1,0
3,P_N_loading_sum,formulation_loading,0.0036592626087298386,-0.001648871227203534,35,1,0
3,P_S_loading_product,formulation_loading,0.00033193487520992773,-4.0210389294830716e-05,254,1,0
3,P_S_loading_ratio,formulation_loading,0.004869408284006741,-0.0029456767966610092,26,1,0
3,P_S_loading_sum,formulation_loading,0.0037298208519164905,-0.001543932681168872,33,1,0
3,P_Si_loading_product,formulation_loading,0.00011417316808130333,-2.0798102385192074e-05,413,1,0
3,P_Si_loading_ratio,formulation_loading,0.0029657568049145564,-0.0016859717864521862,42,1,0
3,P_Si_loading_sum,formulation_loading,0.0033054333814093503,-0.0015512657898231017,38,1,0
3,P_content wt%,elemental_composition,0.005157616679023488,-0.0024482515657275267,22,1,0
3,P_content_log,elemental_composition,0.004918892240023439,-0.0017029899594040302,24,1,0
3,P_content_sq,elemental_composition,0.0041437102492503505,-0.0014956763606038558,30,1,0
3,P_content_sqrt,elemental_composition,0.010428939354581836,-0.0028582525553017923,1,1,1
3,P_loading_real,formulation_loading,0.004675919877045728,-0.002056218541108789,28,1,0
3,P_loading_real_sq,formulation_loading,0.002638096498304937,-0.0011929295292246538,48,1,0
3,P_loading_real_sqrt,formulation_loading,0.007907673987243239,-0.002536185369715116,12,1,1
3,P_loading_x_Synergy,formulation_loading,0.005744507243610472,-0.0006043488718324815,19,1,1
3,P_x_CuringAgent_Has_B,molecular_descriptor,9.13213317592938e-06,-9.13213317592938e-06,621,1,0
3,P_x_CuringAgent_Has_N,molecular_descriptor,0.009303005419163778,-0.00045681444083128656,5,1,1
3,P_x_CuringAgent_Has_P,molecular_descriptor,0.0,0.0,668,1,0
3,P_x_CuringAgent_Has_S,molecular_descriptor,0.0007813331122960335,-0.00033129716978088747,139,1,0
3,P_x_curing_AromaticRings,molecular_descriptor,0.008861430506225764,-0.0007763558361547813,9,1,1
3,P_x_curing_FractionCSP3,molecular_descriptor,0.003711338252201221,-0.000676052169067754,34,1,0
3,P_x_curing_HBA,molecular_descriptor,0.004070294898810193,-0.0013336945743175055,31,1,0
3,P_x_curing_HBD,molecular_descriptor,0.009269276297065011,-0.0015876270468248028,6,1,1
3,P_x_curing_HeavyAtomCount,molecular_descriptor,0.009407259356805916,-0.0025256207740934045,3,1,1
3,P_x_curing_LogP,molecular_descriptor,0.005653995610594998,-0.00038216940318837946,20,1,1
3,P_x_curing_MolWt,molecular_descriptor,0.0077177923500638705,-0.0021870768823661515,13,1,1
3,P_x_curing_RingCount,molecular_descriptor,0.009529891663010097,-0.0003644286818696743,2,1,1
3,P_x_curing_RotBonds,molecular_descriptor,0.008472397133306638,-0.0009987119804972422,11,1,1
3,P_x_curing_TPSA,molecular_descriptor,0.005336799497524274,-0.0018883885222794445,21,1,0
3,Preparation_Method_DOPO-based (Additive + Secondary Crosslinking),curing_and_preparation,0.0007354454536877909,-7.656420721787077e-05,149,1,0
3,Preparation_Method_DOPO-based (Co-curing),molecular_descriptor,0.0010857404294721624,0.0003699403097001369,116,1,0
3,Preparation_Method_DOPO-based (additive),curing_and_preparation,0.0007713724656150985,0.00022996745516804158,140,1,0
3,Preparation_Method_DOPO-based (reactive),curing_and_preparation,0.0005503067129713242,-0.0001840251946148541,190,1,0
3,S/P ratio,elemental_composition,0.0008323872705415798,-0.0004892912507254245,132,1,0
3,S/P_ratio_sq,elemental_composition,0.0007700333219202726,-0.0005328528335564266,141,1,0
3,S/P_ratio_sqrt,elemental_composition,0.0013343343351397154,-0.0005679319980963428,98,1,0
3,S_content wt%,elemental_composition,0.0009026693680962692,0.00044103650617838904,125,1,0
3,S_content_wt%_sq,elemental_composition,0.0004473551003558719,8.10616112321187e-06,211,1,0
3,S_content_wt%_sqrt,elemental_composition,0.0007513363716426586,-0.0001106988752508838,145,1,0
3,S_loading_real,formulation_loading,0.0006733965498159005,0.00030170616679743345,159,1,0
3,S_loading_real_sq,formulation_loading,0.0004153463654470909,5.5533883710362874e-05,229,1,0
3,S_loading_real_sqrt,formulation_loading,0.001952350897886848,4.502663015660197e-05,60,1,0
3,Si/P ratio,elemental_composition,0.00010192224602964156,4.657238744064626e-05,437,1,0
3,Si/P_ratio_sq,elemental_composition,7.699285727039437e-05,6.39652210274101e-05,479,1,0
3,Si/P_ratio_sqrt,elemental_composition,0.0005746790733125333,3.15612861699163e-05,179,1,0
3,Si_content wt%,elemental_composition,0.00010036847053288829,4.578515886466206e-05,441,1,0
3,Si_content_wt%_sq,elemental_composition,0.00010868742421908767,-2.67335752042186e-05,427,1,0
3,Si_content_wt%_sqrt,elemental_composition,0.00020494002587462034,-8.78602132624608e-06,322,1,0
3,Si_loading_real,formulation_loading,0.00020823657121702075,-8.294478238326511e-06,316,1,0
3,Si_loading_real_sq,formulation_loading,7.634670251150053e-05,-8.029361541035644e-06,480,1,0
3,Si_loading_real_sqrt,formulation_loading,0.0003752048790456581,-6.429861555591998e-05,243,1,0
3,Synergy_flag(single=0&synergy=1),other,0.008826570434363468,0.0016508947045914442,10,1,1
3,Synergy_type_P-N,other,0.0029678609259023276,1.7284519207711827e-05,41,1,0
3,Synergy_type_P-N-Al,other,0.0,0.0,647,1,0
3,Synergy_type_P-N-B,other,0.0,0.0,705,0,0
3,Synergy_type_P-N-C,other,8.129247286584967e-08,-8.129247286584967e-08,641,1,0
3,Synergy_type_P-N-S,other,0.0,0.0,705,0,0
3,Synergy_type_P-N-Si,other,3.5181672918898576e-05,1.0609374410993013e-05,566,1,0
3,Synergy_type_P-N-Si-B,other,0.0,0.0,705,0,0
3,Synergy_type_P-N-Si-S,other,0.0,0.0,705,0,0
3,Synergy_type_P-N-Si-Ti,other,0.0,0.0,645,1,0
3,Synergy_type_P-N-Si-Zr,other,0.0,0.0,646,1,0
3,Synergy_type_P-P,other,8.187229971604715e-05,8.187229971604715e-05,470,1,0
3,Synergy_type_P-Si,other,3.097607958106133e-05,-1.8045550015636373e-05,570,1,0
3,Synergy_type_P-Si-B,other,0.0,0.0,705,0,0
3,Synergy_type_P-only,other,0.0011622364662474875,0.0009596654778278219,110,1,0
3,UL94_Thickness_mm,test_condition,0.0006527164853271649,3.6071114081399865e-05,164,1,0
3,co_AliphaticRings,molecular_descriptor,0.0,0.0,677,1,0
3,co_AromaticCarbocycles,other,0.00021541928354256213,-9.459186557150027e-06,314,1,0
3,co_AromaticHeterocycles,other,8.989377507330369e-05,8.989377507330369e-05,459,1,0
3,co_AromaticRings,molecular_descriptor,0.00020185179063623255,9.416525849878278e-05,324,1,0
3,co_BalabanJ,other,0.00017046726280985541,-3.280557585374783e-05,353,1,0
3,co_BertzCT,other,0.00022454885256239425,-8.160729723596547e-09,307,1,0
3,co_ExactMolWt,molecular_descriptor,0.0001540144640325201,3.146042905680384e-05,368,1,0
3,co_FractionCSP3,molecular_descriptor,5.66196781760987e-05,5.66196781760987e-05,516,1,0
3,co_HBA,other,7.902457345658652e-05,7.008567304637836e-05,474,1,0
3,co_HBD,other,4.921020982894535e-05,-2.8540938386261888e-05,531,1,0
3,co_HeavyAtomCount,other,0.00010097534084707152,6.772671324344832e-05,440,1,0
3,co_Kappa1,other,9.45989156778321e-05,1.4444662267831315e-05,452,1,0
3,co_Kappa2,other,4.2283661612903706e-05,2.9216480659973357e-05,547,1,0
3,co_Kappa3,other,0.00010025137411755878,-3.940328699273879e-05,443,1,0
3,co_LabuteASA,other,5.651722014186411e-05,5.100345582428012e-05,517,1,0
3,co_LogP,molecular_descriptor,4.6398035955361496e-05,1.3207547539827323e-05,534,1,0
3,co_MolMR,other,0.00015206974962059876,6.272272150479493e-05,372,1,0
3,co_MolWt,molecular_descriptor,7.90533907175157e-05,4.4136767692558956e-05,473,1,0
3,co_NHOHCount,other,4.58482716024062e-05,-4.3722109878672214e-05,535,1,0
3,co_NOCount,other,0.00011592020328976108,6.602173999087627e-05,410,1,0
3,co_NumHeteroAtoms,molecular_descriptor,8.502635083762774e-05,5.2872440210194324e-05,466,1,0
3,co_NumValenceElectrons,other,2.1549105085796323e-05,6.267442874256328e-06,594,1,0
3,co_RingCount,molecular_descriptor,0.00036797368096560824,0.0001755656357762645,247,1,0
3,co_RotBonds,other,3.5502716130698266e-05,2.9281693923621787e-05,564,1,0
3,co_TPSA,molecular_descriptor,0.00011891842242713821,2.357536983342672e-05,408,1,0
3,co_morgan_r3_0,molecular_fingerprint,0.0,0.0,676,1,0
3,co_morgan_r3_1,molecular_fingerprint,5.8785448618436935e-05,5.8785448618436935e-05,514,1,0
3,co_morgan_r3_12,molecular_fingerprint,0.00010035189467695695,-0.00010035189467695695,442,1,0
3,co_morgan_r3_13,molecular_fingerprint,0.0,0.0,680,1,0
3,co_morgan_r3_138,molecular_fingerprint,9.861444184240197e-05,-4.5217304682031054e-05,447,1,0
3,co_morgan_r3_14,molecular_fingerprint,6.417649730994728e-05,6.417649730994728e-05,504,1,0
3,co_morgan_r3_144,molecular_fingerprint,0.0,0.0,679,1,0
3,co_morgan_r3_15,molecular_fingerprint,0.0,0.0,705,0,0
3,co_morgan_r3_175,molecular_fingerprint,9.968889545941942e-05,-9.968889545941942e-05,444,1,0
3,co_morgan_r3_183,molecular_fingerprint,0.00023141364303834658,-0.00023141364303834658,300,1,0
3,co_morgan_r3_192,molecular_fingerprint,0.0,0.0,705,0,0
3,co_morgan_r3_214,molecular_fingerprint,0.00012072728490263917,9.952015005208322e-05,404,1,0
3,co_morgan_r3_216,molecular_fingerprint,0.0003819176430442894,-0.0003819176430442894,239,1,0
3,co_morgan_r3_241,molecular_fingerprint,0.0,0.0,705,0,0
3,co_morgan_r3_290,molecular_fingerprint,7.193480013180911e-05,7.193480013180911e-05,489,1,0
3,co_morgan_r3_294,molecular_fingerprint,8.98538898723523e-05,8.98538898723523e-05,460,1,0
3,co_morgan_r3_311,molecular_fingerprint,0.0,0.0,705,0,0
3,co_morgan_r3_33,molecular_fingerprint,6.174881229930584e-05,6.174881229930584e-05,508,1,0
3,co_morgan_r3_356,molecular_fingerprint,0.00047878523466958256,0.00015553299841081352,204,1,0
3,co_morgan_r3_486,molecular_fingerprint,0.00035203880768474644,-0.00035203880768474644,249,1,0
3,co_morgan_r3_507,molecular_fingerprint,0.0001975898735281589,-0.0001975898735281589,330,1,0
3,co_morgan_r3_51,molecular_fingerprint,0.00025552299402584644,7.170380578423244e-05,284,1,0
3,co_morgan_r3_64,molecular_fingerprint,0.0,0.0,705,0,0
3,co_morgan_r3_80,molecular_fingerprint,3.880542953993425e-05,3.880542953993425e-05,554,1,0
3,co_morgan_r3_95,molecular_fingerprint,0.0,0.0,705,0,0
3,curing_AliphaticRings,molecular_descriptor,0.00029461934479185303,-5.879537299026401e-05,271,1,0
3,curing_AromaticRings,molecular_descriptor,0.0014523229031709664,0.000845682585893365,87,1,0
3,curing_BalabanJ,molecular_descriptor,0.0008026104192877648,-8.487593498958631e-06,137,1,0
3,curing_BertzCT,molecular_descriptor,0.0005629907691066038,0.00013996761127234297,185,1,0
3,curing_ExactMolWt,molecular_descriptor,0.000505480624793293,5.7629382763172056e-05,199,1,0
3,curing_FractionCSP3,molecular_descriptor,0.0014046883639840262,0.0003538900694422232,95,1,0
3,curing_HBA,molecular_descriptor,0.0014149899440722622,-0.00010751881858475483,92,1,0
3,curing_HBD,molecular_descriptor,0.0004590020837441165,4.360050517593415e-05,208,1,0
3,curing_HeavyAtomCount,molecular_descriptor,0.0009987453272703322,0.00044584649534399994,119,1,0
3,curing_Kappa1,molecular_descriptor,0.0015273472344463814,-2.947895819179142e-06,83,1,0
3,curing_Kappa2,molecular_descriptor,0.0005585782902334321,6.087298301628783e-05,186,1,0
3,curing_Kappa3,molecular_descriptor,0.0004273800769305562,2.1551440576475212e-05,223,1,0
3,curing_LabuteASA,molecular_descriptor,0.0015989847822159853,0.0005698406672254759,78,1,0
3,curing_LogP,molecular_descriptor,0.0008077864866707943,6.672397494690412e-06,134,1,0
3,curing_MolMR,molecular_descriptor,0.0008181074021160762,0.00021214960666254815,133,1,0
3,curing_MolWt,molecular_descriptor,0.0006899148348079208,-3.80152486593488e-05,155,1,0
3,curing_NHOHCount,molecular_descriptor,0.0009289723611881425,0.0003977399004088511,123,1,0
3,curing_NOCount,molecular_descriptor,0.0006343546067148074,6.508298344828714e-06,165,1,0
3,curing_NumHeteroAtoms,molecular_descriptor,0.0006276049149526998,8.208217931660832e-05,167,1,0
3,curing_NumValenceElectrons,molecular_descriptor,0.0011322548148482924,0.0004539081024416525,111,1,0
3,curing_RingCount,molecular_descriptor,0.00018176302376307133,0.00018176302376307133,343,1,0
3,curing_RotBonds,molecular_descriptor,0.0003718552670023377,0.0001736589969553708,244,1,0
3,curing_SaturatedRings,molecular_descriptor,0.0002523813604691188,9.327182061093047e-07,286,1,0
3,curing_TPSA,molecular_descriptor,0.0007901454826409567,-0.00014980364899695384,138,1,0
3,curing_morgan_r3_1,molecular_fingerprint,7.84426824086242e-06,-7.84426824086242e-06,627,1,0
3,curing_morgan_r3_100,molecular_fingerprint,2.9898430711909908e-05,-2.9898430711909908e-05,573,1,0
3,curing_morgan_r3_138,molecular_fingerprint,0.0017780111937735293,-5.480249279304337e-05,69,1,0
3,curing_morgan_r3_144,molecular_fingerprint,0.00026665054273331007,0.00026665054273331007,277,1,0
3,curing_morgan_r3_147,molecular_fingerprint,0.00144269384016569,0.0008034175490884208,88,1,0
3,curing_morgan_r3_204,molecular_fingerprint,0.002275557779619785,0.00017014172583998288,53,1,0
3,curing_morgan_r3_214,molecular_fingerprint,0.001419641947843501,0.0008375938331422126,91,1,0
3,curing_morgan_r3_231,molecular_fingerprint,4.044795587712239e-05,4.044795587712239e-05,551,1,0
3,curing_morgan_r3_277,molecular_fingerprint,0.0001610246216788861,0.0001610246216788861,359,1,0
3,curing_morgan_r3_28,molecular_fingerprint,0.0002518808966323781,0.0002518808966323781,287,1,0
3,curing_morgan_r3_295,molecular_fingerprint,0.00012134258115338521,0.00012134258115338521,403,1,0
3,curing_morgan_r3_33,molecular_fingerprint,0.00016456907791217017,4.0210096304412635e-05,356,1,0
3,curing_morgan_r3_336,molecular_fingerprint,0.001354284864928938,0.0007836688673918007,97,1,0
3,curing_morgan_r3_337,molecular_fingerprint,0.00030229409066069785,0.00030229409066069785,269,1,0
3,curing_morgan_r3_376,molecular_fingerprint,0.0007634008077659023,0.0005213807146221878,142,1,0
3,curing_morgan_r3_39,molecular_fingerprint,0.0019760435211252534,0.0002861276912472338,59,1,0
3,curing_morgan_r3_477,molecular_fingerprint,0.0001493160954714767,1.1836295412245404e-05,378,1,0
3,curing_morgan_r3_66,molecular_fingerprint,2.4473468955774383e-06,-2.4473468955774383e-06,636,1,0
3,curing_morgan_r3_80,molecular_fingerprint,0.0019474395658421726,-0.00024033967044867193,61,1,0
3,curing_morgan_r3_89,molecular_fingerprint,0.0019207897286811404,6.45386429423508e-05,66,1,0
3,main_AliphaticRings,molecular_descriptor,0.0016662653932729933,-0.0003831525890063581,74,1,0
3,main_AromaticCarbocycles,other,0.0012084121243313027,-0.0002432363818836771,107,1,0
3,main_AromaticHeterocycles,other,0.0019221897838860276,-0.000682718101324568,65,1,0
3,main_AromaticRings,molecular_descriptor,0.0023519360174346264,-0.00015264798670102663,52,1,0
3,main_BalabanJ,other,0.0015027647972037641,-0.0006703566184550762,84,1,0
3,main_BertzCT,other,0.0024178208812306993,-0.0005331550069209517,51,1,0
3,main_ExactMolWt,molecular_descriptor,0.001584973515932671,-0.00029377616135144104,81,1,0
3,main_FractionCSP3,molecular_descriptor,0.0006186928980940425,0.00022364138726220037,169,1,0
3,main_HBA,other,0.0019361890875515895,-6.277968137633237e-05,63,1,0
3,main_HBD,other,0.0007451434854860789,-0.00017338085380532199,147,1,0
3,main_HeavyAtomCount,other,0.0009627477556025988,-0.0002821548921600384,121,1,0
3,main_Kappa1,other,0.0008407953821339949,-0.00021915669074478686,131,1,0
3,main_Kappa2,other,0.0021315250453953554,-0.00023793579821490278,56,1,0
3,main_Kappa3,other,0.0014110798285502297,-0.0001316583916751826,94,1,0
3,main_LabuteASA,other,0.0017628283194978185,-0.00027111074662760384,70,1,0
3,main_LogP,molecular_descriptor,0.0007554794606883344,-8.921024630035943e-05,143,1,0
3,main_MolMR,other,0.0018855242965032369,-0.0003089880498794401,67,1,0
3,main_MolWt,molecular_descriptor,0.001796193623768205,-8.243490925565707e-05,68,1,0
3,main_NHOHCount,other,0.0005645459205353928,0.00018683529506219543,183,1,0
3,main_NOCount,other,0.0019321442774071428,-0.00016011894083172213,64,1,0
3,main_NumAmideBonds,other,0.00019287986581130353,-0.00011570155348263395,333,1,0
3,main_NumHeteroAtoms,molecular_descriptor,0.0029551529059483705,-0.00039436037955671046,44,1,0
3,main_NumValenceElectrons,other,0.001068223974749895,-0.00018693413362624276,117,1,0
3,main_RingCount,molecular_descriptor,0.0020610900225139514,-0.0002945978909643069,58,1,0
3,main_RotBonds,other,0.001697774568073906,-4.906114047849365e-05,72,1,0
3,main_SaturatedCarbocycles,other,0.0,0.0,669,1,0
3,main_SaturatedHeterocycles,other,0.0009370469783458351,-0.00014973539465838967,122,1,0
3,main_SaturatedRings,molecular_descriptor,0.0005801849743245197,-7.17921539575488e-05,175,1,0
3,main_TPSA,molecular_descriptor,0.0022566156645085853,-0.0002830904984717522,54,1,0
3,main_co_similarity,other,0.0005198830966603256,0.000277531309568278,195,1,0
3,main_co_similarity_sq,other,0.0003799230782993214,0.00018281102751289938,240,1,0
3,main_morgan_r3_0,molecular_fingerprint,0.00027340680939423845,0.00013018971159905625,274,1,0
3,main_morgan_r3_1,molecular_fingerprint,0.002084385718313445,-0.0005059556924767723,57,1,0
3,main_morgan_r3_10,molecular_fingerprint,1.2598679389424683e-05,-5.522256573012245e-06,613,1,0
3,main_morgan_r3_100,molecular_fingerprint,1.3775660692469199e-05,1.3775660692469199e-05,610,1,0
3,main_morgan_r3_101,molecular_fingerprint,1.6646669840459558e-05,1.6646669840459558e-05,604,1,0
3,main_morgan_r3_102,molecular_fingerprint,0.00012465053096036624,1.866239497483472e-05,399,1,0
3,main_morgan_r3_103,molecular_fingerprint,0.0005013648488618906,-0.0004985958609769468,201,1,0
3,main_morgan_r3_104,molecular_fingerprint,0.0,0.0,683,1,0
3,main_morgan_r3_105,molecular_fingerprint,1.3069456694615334e-05,-4.446764032763895e-06,611,1,0
3,main_morgan_r3_106,molecular_fingerprint,0.0,0.0,681,1,0
3,main_morgan_r3_107,molecular_fingerprint,0.0006323054778408811,-4.658403123938133e-05,166,1,0
3,main_morgan_r3_108,molecular_fingerprint,4.461708810468838e-05,4.461708810468838e-05,539,1,0
3,main_morgan_r3_109,molecular_fingerprint,0.00022488066439968363,0.00019821596056165922,306,1,0
3,main_morgan_r3_11,molecular_fingerprint,6.866625626154627e-05,3.187086769546313e-05,495,1,0
3,main_morgan_r3_110,molecular_fingerprint,0.00011139024651533374,-3.5672856860805474e-05,423,1,0
3,main_morgan_r3_111,molecular_fingerprint,0.0001682374195319072,0.0001682374195319072,354,1,0
3,main_morgan_r3_112,molecular_fingerprint,0.0002209724444785069,-0.00018133990886653353,311,1,0
3,main_morgan_r3_113,molecular_fingerprint,0.0001622256719456219,-0.00013514626069517516,358,1,0
3,main_morgan_r3_114,molecular_fingerprint,6.668253337402852e-05,4.77939002675814e-05,498,1,0
3,main_morgan_r3_115,molecular_fingerprint,0.00010565601950588644,0.00010565601950588644,432,1,0
3,main_morgan_r3_116,molecular_fingerprint,0.00011175123420729162,-8.817252436788048e-05,422,1,0
3,main_morgan_r3_117,molecular_fingerprint,0.00024384989268526173,0.00014423560376352877,295,1,0
3,main_morgan_r3_118,molecular_fingerprint,0.00020573119436540491,-9.530101614533099e-05,320,1,0
3,main_morgan_r3_119,molecular_fingerprint,0.0003048621052907189,-3.69906791306423e-05,266,1,0
3,main_morgan_r3_12,molecular_fingerprint,8.203971887442978e-05,4.8759130411168706e-05,469,1,0
3,main_morgan_r3_120,molecular_fingerprint,2.9952515304911582e-05,2.9952515304911582e-05,572,1,0
3,main_morgan_r3_121,molecular_fingerprint,0.0026288002438932838,7.234129977064971e-05,49,1,0
3,main_morgan_r3_122,molecular_fingerprint,4.223029142672709e-05,-4.223029142672709e-05,548,1,0
3,main_morgan_r3_123,molecular_fingerprint,0.0005507835378159595,0.00016356983871610781,189,1,0
3,main_morgan_r3_124,molecular_fingerprint,2.2656096325022196e-05,-1.4530023162946136e-05,591,1,0
3,main_morgan_r3_125,molecular_fingerprint,0.0,0.0,705,0,0
3,main_morgan_r3_126,molecular_fingerprint,0.00022664476800830216,1.5870974224172748e-05,303,1,0
3,main_morgan_r3_127,molecular_fingerprint,3.481982752722009e-05,3.481982752722009e-05,567,1,0
3,main_morgan_r3_128,molecular_fingerprint,0.0019362205122483186,-2.374994355665115e-05,62,1,0
3,main_morgan_r3_129,molecular_fingerprint,5.284061955004894e-05,5.16918553272363e-05,525,1,0
3,main_morgan_r3_13,molecular_fingerprint,1.7923468714242418e-05,1.18148157817662e-05,601,1,0
3,main_morgan_r3_130,molecular_fingerprint,0.00019018980159261095,-3.5023046530050625e-05,335,1,0
3,main_morgan_r3_131,molecular_fingerprint,5.191533891960708e-05,-1.7042397417594338e-05,527,1,0
3,main_morgan_r3_132,molecular_fingerprint,0.00018358185144904844,4.077054656799342e-05,341,1,0
3,main_morgan_r3_133,molecular_fingerprint,0.005953711814636571,-0.0008424019833311845,16,1,1
3,main_morgan_r3_134,molecular_fingerprint,0.00020542916655019277,0.0002045821582560848,321,1,0
3,main_morgan_r3_135,molecular_fingerprint,0.0014229125615555342,-8.948100871501943e-05,90,1,0
3,main_morgan_r3_137,molecular_fingerprint,0.00010330832633346492,5.168229149527786e-05,436,1,0
3,main_morgan_r3_139,molecular_fingerprint,3.9438388313202364e-05,1.869587445500858e-05,553,1,0
3,main_morgan_r3_14,molecular_fingerprint,9.056535623440787e-05,8.021373962649869e-05,457,1,0
3,main_morgan_r3_140,molecular_fingerprint,0.00011469543686498834,-7.763191903469155e-05,411,1,0
3,main_morgan_r3_141,molecular_fingerprint,0.0,0.0,705,0,0
3,main_morgan_r3_142,molecular_fingerprint,2.1032934069403887e-05,-2.1032934069403887e-05,595,1,0
3,main_morgan_r3_143,molecular_fingerprint,0.0,0.0,682,1,0
3,main_morgan_r3_145,molecular_fingerprint,4.469263216542963e-05,-4.8860350947658515e-06,538,1,0
3,main_morgan_r3_146,molecular_fingerprint,0.00042966677120205473,3.973882584937312e-05,220,1,0
3,main_morgan_r3_147,molecular_fingerprint,0.00013353708576068144,-2.6760552307685265e-05,393,1,0
3,main_morgan_r3_148,molecular_fingerprint,5.5583668531021957e-05,-7.978955392849853e-07,520,1,0
3,main_morgan_r3_149,molecular_fingerprint,0.0,0.0,674,1,0
3,main_morgan_r3_15,molecular_fingerprint,0.00021612081162301262,-0.00021612081162301262,313,1,0
3,main_morgan_r3_150,molecular_fingerprint,0.00014615823584929584,-0.00011551662074996073,382,1,0
3,main_morgan_r3_151,molecular_fingerprint,3.697612327572288e-05,-3.681621565299843e-05,560,1,0
3,main_morgan_r3_152,molecular_fingerprint,0.0005700145813092502,-0.0004225621884893371,181,1,0
3,main_morgan_r3_153,molecular_fingerprint,6.0704567139314116e-05,6.021073847569548e-05,511,1,0
3,main_morgan_r3_154,molecular_fingerprint,0.0,0.0,675,1,0
3,main_morgan_r3_155,molecular_fingerprint,0.00030372383236651354,-2.729208696483929e-05,268,1,0
3,main_morgan_r3_156,molecular_fingerprint,0.00011123482196059818,2.6961967648004613e-05,424,1,0
3,main_morgan_r3_157,molecular_fingerprint,9.59164974616221e-05,-2.2147586138490595e-05,451,1,0
3,main_morgan_r3_158,molecular_fingerprint,0.0,0.0,678,1,0
3,main_morgan_r3_159,molecular_fingerprint,0.0002578299362472375,-1.8778748000739163e-05,283,1,0
3,main_morgan_r3_16,molecular_fingerprint,2.5424666353299266e-05,-2.5424666353299266e-05,584,1,0
3,main_morgan_r3_160,molecular_fingerprint,4.307935639240492e-05,4.307935639240492e-05,542,1,0
3,main_morgan_r3_161,molecular_fingerprint,4.240371903651723e-05,-4.240371903651723e-05,546,1,0
3,main_morgan_r3_162,molecular_fingerprint,0.0005925947902033871,-0.0004198160453915792,172,1,0
3,main_morgan_r3_163,molecular_fingerprint,0.0007213267503460547,-0.0002501135474390439,151,1,0
3,main_morgan_r3_164,molecular_fingerprint,0.00015268410882457478,5.237076642244021e-05,370,1,0
3,main_morgan_r3_165,molecular_fingerprint,0.00010994788775658687,8.478510432420686e-06,425,1,0
3,main_morgan_r3_166,molecular_fingerprint,0.0,0.0,705,0,0
3,main_morgan_r3_167,molecular_fingerprint,0.001271807349895578,-0.0007208747959348273,103,1,0
3,main_morgan_r3_168,molecular_fingerprint,9.130912610294851e-05,5.993668672646081e-05,456,1,0
3,main_morgan_r3_169,molecular_fingerprint,0.0,0.0,672,1,0
3,main_morgan_r3_17,molecular_fingerprint,3.676090256028097e-05,1.124679853641434e-05,561,1,0
3,main_morgan_r3_170,molecular_fingerprint,0.0,0.0,670,1,0
3,main_morgan_r3_171,molecular_fingerprint,0.0005382620669635289,0.0002539648799254795,191,1,0
3,main_morgan_r3_172,molecular_fingerprint,8.628831559563978e-05,8.528950895525768e-05,464,1,0
3,main_morgan_r3_173,molecular_fingerprint,3.775791120763946e-05,3.775791120763946e-05,558,1,0
3,main_morgan_r3_174,molecular_fingerprint,7.036975428036385e-05,6.928905967116507e-05,492,1,0
3,main_morgan_r3_176,molecular_fingerprint,0.00044283524115353457,7.416581631684625e-06,213,1,0
3,main_morgan_r3_177,molecular_fingerprint,0.0005212156263722692,-0.00034285515277424067,194,1,0
3,main_morgan_r3_178,molecular_fingerprint,0.0011194466784318119,0.0002863123490767174,112,1,0
3,main_morgan_r3_179,molecular_fingerprint,0.0,0.0,664,1,0
3,main_morgan_r3_18,molecular_fingerprint,0.00024761747753502,-7.551095493866069e-05,292,1,0
3,main_morgan_r3_180,molecular_fingerprint,5.399252712139615e-05,1.8123935592295012e-05,522,1,0
3,main_morgan_r3_181,molecular_fingerprint,0.00010157182831736437,2.568481286993399e-05,438,1,0
3,main_morgan_r3_182,molecular_fingerprint,0.0011096249947015876,-8.256354959984139e-05,114,1,0
3,main_morgan_r3_183,molecular_fingerprint,0.002732344525618448,0.00046550892203540745,46,1,0
3,main_morgan_r3_185,molecular_fingerprint,7.946226537822236e-06,-7.857543835648862e-06,626,1,0
3,main_morgan_r3_186,molecular_fingerprint,0.0004844853680565423,-0.0002188999886513443,203,1,0
3,main_morgan_r3_187,molecular_fingerprint,0.0001918303507569559,-0.0001410566870889341,334,1,0
3,main_morgan_r3_188,molecular_fingerprint,6.52836980804968e-05,-6.52836980804968e-05,501,1,0
3,main_morgan_r3_189,molecular_fingerprint,0.00013023631158405794,-0.00013023631158405794,396,1,0
3,main_morgan_r3_19,molecular_fingerprint,0.0001896776023290019,-0.0001800387457831536,336,1,0
3,main_morgan_r3_190,molecular_fingerprint,0.0,0.0,666,1,0
3,main_morgan_r3_191,molecular_fingerprint,0.00016776009241917386,-0.00010705315420145058,355,1,0
3,main_morgan_r3_192,molecular_fingerprint,0.00010515609339032986,8.053770498539354e-05,434,1,0
3,main_morgan_r3_193,molecular_fingerprint,0.00011400086422968214,1.1539268048466062e-05,415,1,0
3,main_morgan_r3_194,molecular_fingerprint,0.0003698844439873029,-0.0003698844439873029,246,1,0
3,main_morgan_r3_195,molecular_fingerprint,2.7388989841357316e-05,2.7388989841357316e-05,579,1,0
3,main_morgan_r3_196,molecular_fingerprint,0.00010835692869685925,1.6451677436180055e-06,428,1,0
3,main_morgan_r3_197,molecular_fingerprint,0.00031525791495874326,-3.977484884621338e-05,262,1,0
3,main_morgan_r3_198,molecular_fingerprint,0.00039266545900179355,0.00012649977444286582,235,1,0
3,main_morgan_r3_199,molecular_fingerprint,0.00011177739993853052,-7.275506202478572e-05,421,1,0
3,main_morgan_r3_2,molecular_fingerprint,0.00017408978383185865,-1.5334275588101157e-05,351,1,0
3,main_morgan_r3_20,molecular_fingerprint,0.00024871700843208145,0.00012712667633429237,291,1,0
3,main_morgan_r3_200,molecular_fingerprint,0.00012242433508248497,-6.6575767248038e-05,402,1,0
3,main_morgan_r3_201,molecular_fingerprint,0.0004595477192567583,0.0004595477192567583,207,1,0
3,main_morgan_r3_202,molecular_fingerprint,0.0015903833957181092,0.0005518934400805146,80,1,0
3,main_morgan_r3_203,molecular_fingerprint,0.00010120624881804946,-2.2248892429743688e-05,439,1,0
3,main_morgan_r3_204,molecular_fingerprint,0.0016934943828595236,0.0006677329741555366,73,1,0
3,main_morgan_r3_205,molecular_fingerprint,2.7092182895636083e-05,1.9486743925744875e-05,580,1,0
3,main_morgan_r3_206,molecular_fingerprint,0.0008056758617975865,-0.0005971040920378969,135,1,0
3,main_morgan_r3_207,molecular_fingerprint,0.0006269920817392935,-0.00020791504548292827,168,1,0
3,main_morgan_r3_208,molecular_fingerprint,0.0003073585519346504,7.20290823540558e-05,264,1,0
3,main_morgan_r3_209,molecular_fingerprint,0.00013243943631411836,-0.00011792230931177984,394,1,0
3,main_morgan_r3_21,molecular_fingerprint,0.009321728063313862,-0.0020553011605546896,4,1,1
3,main_morgan_r3_210,molecular_fingerprint,0.00045798605713343927,0.00029921538351168744,210,1,0
3,main_morgan_r3_211,molecular_fingerprint,8.703490619937939e-05,4.261801022412075e-05,463,1,0
3,main_morgan_r3_212,molecular_fingerprint,0.0001772186721069839,0.0001602450368351467,349,1,0
3,main_morgan_r3_213,molecular_fingerprint,1.1373667744641762e-05,9.913711266891472e-06,615,1,0
3,main_morgan_r3_215,molecular_fingerprint,1.6922128859025384e-05,3.922219608385705e-06,603,1,0
3,main_morgan_r3_216,molecular_fingerprint,0.00018551143162269225,-0.0001737396739081099,339,1,0
3,main_morgan_r3_217,molecular_fingerprint,1.2957352437802502e-05,-1.2957352437802502e-05,612,1,0
3,main_morgan_r3_218,molecular_fingerprint,0.0011994003637312996,-8.713237791589277e-05,109,1,0
3,main_morgan_r3_219,molecular_fingerprint,0.0029591531348267435,-0.0005706859968393965,43,1,0
3,main_morgan_r3_22,molecular_fingerprint,0.00024896144260769086,1.3085756509312311e-05,289,1,0
3,main_morgan_r3_221,molecular_fingerprint,0.00021631525997773023,0.0002158108230963131,312,1,0
3,main_morgan_r3_222,molecular_fingerprint,0.00032127652694233173,9.955830004944088e-05,259,1,0
3,main_morgan_r3_223,molecular_fingerprint,8.995086736578941e-05,2.8587568197306404e-05,458,1,0
3,main_morgan_r3_224,molecular_fingerprint,0.00011411198352688092,-5.174616424457985e-05,414,1,0
3,main_morgan_r3_226,molecular_fingerprint,4.077074260243939e-05,4.077074260243939e-05,550,1,0
3,main_morgan_r3_227,molecular_fingerprint,0.000430626355000084,0.0003422829130307409,218,1,0
3,main_morgan_r3_228,molecular_fingerprint,0.00042918145612727836,-0.00042918145612727836,222,1,0
3,main_morgan_r3_229,molecular_fingerprint,0.0,0.0,705,0,0
3,main_morgan_r3_23,molecular_fingerprint,3.697710429630913e-05,3.697710429630913e-05,559,1,0
3,main_morgan_r3_230,molecular_fingerprint,7.583679402601873e-05,1.4324973826281474e-05,481,1,0
3,main_morgan_r3_231,molecular_fingerprint,0.00036387312765207616,-2.544761511044768e-05,248,1,0
3,main_morgan_r3_232,molecular_fingerprint,9.51967098394056e-06,-7.2933262279346065e-06,619,1,0
3,main_morgan_r3_233,molecular_fingerprint,0.00046581821341512894,-2.8158035725456028e-05,205,1,0
3,main_morgan_r3_235,molecular_fingerprint,3.273754797593398e-05,5.320252444506305e-06,568,1,0
3,main_morgan_r3_236,molecular_fingerprint,0.0,0.0,653,1,0
3,main_morgan_r3_237,molecular_fingerprint,7.451894394124438e-05,-4.988511232050364e-06,484,1,0
3,main_morgan_r3_238,molecular_fingerprint,0.0,0.0,705,0,0
3,main_morgan_r3_239,molecular_fingerprint,1.0654195711039294e-05,-9.013932012749136e-06,618,1,0
3,main_morgan_r3_24,molecular_fingerprint,0.00022179469678829043,-0.00010808956678172559,310,1,0
3,main_morgan_r3_240,molecular_fingerprint,0.00044222928704300567,-0.00011621422938983666,214,1,0
3,main_morgan_r3_241,molecular_fingerprint,0.00030746053232011,2.3818215896243216e-05,263,1,0
3,main_morgan_r3_242,molecular_fingerprint,0.0010373820707131247,0.00014157843692456617,118,1,0
3,main_morgan_r3_243,molecular_fingerprint,2.4050098421513312e-05,-2.4050098421513312e-05,587,1,0
3,main_morgan_r3_244,molecular_fingerprint,0.000516841464667258,-7.56130561289265e-06,196,1,0
3,main_morgan_r3_246,molecular_fingerprint,0.0003363773029956166,-0.00013473559173664593,251,1,0
3,main_morgan_r3_247,molecular_fingerprint,4.3275390947464934e-05,-3.4501960431280538e-06,541,1,0
3,main_morgan_r3_248,molecular_fingerprint,0.00010636905450488778,-4.8872467498329005e-05,430,1,0
3,main_morgan_r3_25,molecular_fingerprint,0.0,0.0,654,1,0
3,main_morgan_r3_250,molecular_fingerprint,0.00043478287628393754,0.00043478287628393754,217,1,0
3,main_morgan_r3_251,molecular_fingerprint,0.0002445983709381179,4.687514673592986e-05,294,1,0
3,main_morgan_r3_253,molecular_fingerprint,0.00019986821891042916,-3.498795801745143e-05,327,1,0
3,main_morgan_r3_254,molecular_fingerprint,2.8468594389544758e-05,3.475915449023937e-06,576,1,0
3,main_morgan_r3_255,molecular_fingerprint,0.0001254143481379799,-2.4200825941973227e-05,397,1,0
3,main_morgan_r3_256,molecular_fingerprint,0.0,0.0,656,1,0
3,main_morgan_r3_257,molecular_fingerprint,0.00015512632292433807,0.00015512632292433807,366,1,0
3,main_morgan_r3_258,molecular_fingerprint,0.00011892110669817965,-0.00011554304655785723,407,1,0
3,main_morgan_r3_259,molecular_fingerprint,0.0016276114415938482,-0.00011632156937010293,77,1,0
3,main_morgan_r3_26,molecular_fingerprint,0.0005842165734125301,-4.485610853521388e-05,173,1,0
3,main_morgan_r3_260,molecular_fingerprint,3.978404043436966e-05,-3.949186898226899e-05,552,1,0
3,main_morgan_r3_261,molecular_fingerprint,7.419875203645966e-06,-7.419875203645966e-06,629,1,0
3,main_morgan_r3_263,molecular_fingerprint,0.00017685501892936864,0.00011336913429449029,350,1,0
3,main_morgan_r3_264,molecular_fingerprint,3.8592636962814835e-05,2.3150327921825927e-05,555,1,0
3,main_morgan_r3_265,molecular_fingerprint,0.0005644606072614047,1.3759926113152678e-05,184,1,0
3,main_morgan_r3_266,molecular_fingerprint,0.0002270080495449318,0.00016795502335961984,302,1,0
3,main_morgan_r3_267,molecular_fingerprint,4.770581336591325e-06,-3.973532101705736e-06,633,1,0
3,main_morgan_r3_268,molecular_fingerprint,4.100140193774534e-05,4.071102009382186e-05,549,1,0
3,main_morgan_r3_269,molecular_fingerprint,5.5146668399477974e-05,-2.3465279285927762e-05,521,1,0
3,main_morgan_r3_27,molecular_fingerprint,0.00013645239656846618,-0.00011309763576043173,390,1,0
3,main_morgan_r3_270,molecular_fingerprint,0.00011282340021210755,3.492929678047732e-05,418,1,0
3,main_morgan_r3_271,molecular_fingerprint,9.168831577401054e-05,8.294611524977174e-05,454,1,0
3,main_morgan_r3_273,molecular_fingerprint,0.00023355247041228222,-7.902776552792066e-06,299,1,0
3,main_morgan_r3_274,molecular_fingerprint,1.6245596331524819e-06,-1.1951532986939938e-06,637,1,0
3,main_morgan_r3_275,molecular_fingerprint,0.0003782307941338559,-0.00013100464633459475,241,1,0
3,main_morgan_r3_276,molecular_fingerprint,0.0003210624956644399,0.0001835016068397029,260,1,0
3,main_morgan_r3_277,molecular_fingerprint,4.701167349202883e-05,4.701167349202883e-05,533,1,0
3,main_morgan_r3_278,molecular_fingerprint,0.001359084224613033,-0.0006349667122117353,96,1,0
3,main_morgan_r3_279,molecular_fingerprint,6.903197628174795e-05,6.903197628174795e-05,494,1,0
3,main_morgan_r3_28,molecular_fingerprint,0.00017900206357530297,-0.00017900206357530297,347,1,0
3,main_morgan_r3_280,molecular_fingerprint,6.011080342596467e-05,4.185398542164066e-05,512,1,0
3,main_morgan_r3_281,molecular_fingerprint,0.0006659335735767199,0.0002820386588189194,160,1,0
3,main_morgan_r3_283,molecular_fingerprint,5.879549056380205e-05,-4.538138202519804e-05,513,1,0
3,main_morgan_r3_284,molecular_fingerprint,0.0,0.0,662,1,0
3,main_morgan_r3_285,molecular_fingerprint,8.551461629748599e-06,8.551461629748599e-06,623,1,0
3,main_morgan_r3_286,molecular_fingerprint,0.0005664885102179895,0.00019724945244555296,182,1,0
3,main_morgan_r3_287,molecular_fingerprint,0.0008603240596329203,-0.00020845571358382776,129,1,0
3,main_morgan_r3_288,molecular_fingerprint,7.0019990875557085e-06,5.202827086476544e-06,630,1,0
3,main_morgan_r3_289,molecular_fingerprint,0.0007549142470859609,-7.750196497766698e-05,144,1,0
3,main_morgan_r3_29,molecular_fingerprint,0.00010617392544039226,-1.8799161866304025e-05,431,1,0
3,main_morgan_r3_290,molecular_fingerprint,0.0015307829848621977,0.00025462186582337324,82,1,0
3,main_morgan_r3_291,molecular_fingerprint,0.00012032501640861584,3.2923715689826674e-05,405,1,0
3,main_morgan_r3_292,molecular_fingerprint,0.0004147938255157947,-0.0002755091282825914,230,1,0
3,main_morgan_r3_293,molecular_fingerprint,0.00013586368904213938,-0.00010087898904184081,391,1,0
3,main_morgan_r3_294,molecular_fingerprint,3.7791761892896786e-05,2.6003991518734892e-05,557,1,0
3,main_morgan_r3_295,molecular_fingerprint,0.0010882086580164029,0.0002577860560325284,115,1,0
3,main_morgan_r3_296,molecular_fingerprint,0.00015019444491293316,-0.00012862235543426294,375,1,0
3,main_morgan_r3_299,molecular_fingerprint,1.7521859521770642e-05,-1.7521859521770642e-05,602,1,0
3,main_morgan_r3_3,molecular_fingerprint,4.973769317306026e-05,1.961915431855409e-05,530,1,0
3,main_morgan_r3_30,molecular_fingerprint,1.4731896248810649e-05,-1.4731896248810649e-05,608,1,0
3,main_morgan_r3_300,molecular_fingerprint,0.0,0.0,648,1,0
3,main_morgan_r3_301,molecular_fingerprint,4.328942890828734e-07,-4.328942890828734e-07,639,1,0
3,main_morgan_r3_303,molecular_fingerprint,0.00011251671199082766,0.00011183284173940133,420,1,0
3,main_morgan_r3_304,molecular_fingerprint,0.00027027511916445396,0.00011583737371602686,275,1,0
3,main_morgan_r3_305,molecular_fingerprint,0.00023867809214272656,-0.0002110074151886465,298,1,0
3,main_morgan_r3_306,molecular_fingerprint,4.30930505697486e-06,-3.031246156347657e-06,634,1,0
3,main_morgan_r3_307,molecular_fingerprint,0.00037036345001809366,-0.00020467039779468232,245,1,0
3,main_morgan_r3_308,molecular_fingerprint,0.0003844463600115786,1.8464174279668233e-05,238,1,0
3,main_morgan_r3_309,molecular_fingerprint,0.0011177559182947842,-0.0006565681238447495,113,1,0
3,main_morgan_r3_31,molecular_fingerprint,7.155560997781484e-05,4.735427800205634e-08,491,1,0
3,main_morgan_r3_310,molecular_fingerprint,0.0004187083378641917,-7.001450953880667e-05,227,1,0
3,main_morgan_r3_311,molecular_fingerprint,0.0,0.0,644,1,0
3,main_morgan_r3_312,molecular_fingerprint,0.0002853301266485966,0.00010406146544855546,272,1,0
3,main_morgan_r3_313,molecular_fingerprint,2.5066831237962916e-05,-2.5066831237962916e-05,586,1,0
3,main_morgan_r3_314,molecular_fingerprint,0.004916965018506309,-0.002255568331541377,25,1,0
3,main_morgan_r3_315,molecular_fingerprint,0.00022182983532007466,7.097104183194527e-06,309,1,0
3,main_morgan_r3_316,molecular_fingerprint,9.775255293220657e-05,-1.6836012156065616e-05,449,1,0
3,main_morgan_r3_317,molecular_fingerprint,0.0012347585100768931,0.00015021909659559973,106,1,0
3,main_morgan_r3_318,molecular_fingerprint,7.402600722520625e-05,7.402600722520625e-05,486,1,0
3,main_morgan_r3_319,molecular_fingerprint,0.00045855767821570404,9.656201961958132e-06,209,1,0
3,main_morgan_r3_32,molecular_fingerprint,0.0,0.0,655,1,0
3,main_morgan_r3_320,molecular_fingerprint,0.00044176194165503237,-0.00013219654259223214,215,1,0
3,main_morgan_r3_321,molecular_fingerprint,6.296900567684186e-05,5.6286721834782054e-05,506,1,0
3,main_morgan_r3_322,molecular_fingerprint,0.0013220535633333543,-0.00010510288837654659,99,1,0
3,main_morgan_r3_323,molecular_fingerprint,1.9354112854443877e-05,-7.198338789622645e-06,598,1,0
3,main_morgan_r3_324,molecular_fingerprint,0.0003017569320326174,-0.0003017569320326174,270,1,0
3,main_morgan_r3_325,molecular_fingerprint,0.0002580191536150206,-8.119280515397831e-05,282,1,0
3,main_morgan_r3_326,molecular_fingerprint,0.0032742880393882056,-0.0009050127726721003,39,1,0
3,main_morgan_r3_328,molecular_fingerprint,0.0,0.0,663,1,0
3,main_morgan_r3_329,molecular_fingerprint,0.00014893026932855672,-1.5385863180542892e-06,379,1,0
3,main_morgan_r3_33,molecular_fingerprint,0.0005982077617495207,0.0003913729319318706,171,1,0
3,main_morgan_r3_330,molecular_fingerprint,0.00015800277331657573,-3.322744023743476e-05,362,1,0
3,main_morgan_r3_331,molecular_fingerprint,0.0006876072006720691,-0.0002647883735823302,156,1,0
3,main_morgan_r3_332,molecular_fingerprint,0.0007365873986721757,-0.00012562240138752008,148,1,0
3,main_morgan_r3_333,molecular_fingerprint,3.1961643539943903e-05,-3.0499456005499156e-05,569,1,0
3,main_morgan_r3_335,molecular_fingerprint,2.5506840170111074e-05,-1.542762067237567e-05,583,1,0
3,main_morgan_r3_336,molecular_fingerprint,5.2443185846426694e-05,-4.225532373355791e-05,526,1,0
3,main_morgan_r3_338,molecular_fingerprint,8.216407584099114e-05,4.984818855310399e-05,468,1,0
3,main_morgan_r3_339,molecular_fingerprint,0.00020058463266138911,-1.5916670977718334e-05,325,1,0
3,main_morgan_r3_34,molecular_fingerprint,0.00017869070234188272,-0.00014853587538620077,348,1,0
3,main_morgan_r3_340,molecular_fingerprint,0.0003336155008277804,-0.00011744057231661977,252,1,0
3,main_morgan_r3_341,molecular_fingerprint,0.002198362755600619,-0.0002675082380627063,55,1,0
3,main_morgan_r3_342,molecular_fingerprint,7.490137438209231e-05,5.476891230860778e-05,483,1,0
3,main_morgan_r3_344,molecular_fingerprint,2.741984552705566e-05,-2.741984552705566e-05,578,1,0
3,main_morgan_r3_345,molecular_fingerprint,0.0001560727244403084,-0.00014576769644132054,365,1,0
3,main_morgan_r3_346,molecular_fingerprint,0.0003244540886876182,-0.0002575651505187596,256,1,0
3,main_morgan_r3_347,molecular_fingerprint,0.0,0.0,650,1,0
3,main_morgan_r3_348,molecular_fingerprint,0.00014379282611141914,-0.00014379282611141914,385,1,0
3,main_morgan_r3_349,molecular_fingerprint,0.00024878907534609126,-0.00011570363589321962,290,1,0
3,main_morgan_r3_35,molecular_fingerprint,2.2969379142444443e-05,2.2379060173405047e-05,590,1,0
3,main_morgan_r3_351,molecular_fingerprint,7.703115856290626e-05,-7.703115856290626e-05,477,1,0
3,main_morgan_r3_353,molecular_fingerprint,0.0,0.0,651,1,0
3,main_morgan_r3_354,molecular_fingerprint,0.0003229692076180553,5.659395293384423e-05,258,1,0
3,main_morgan_r3_357,molecular_fingerprint,0.0002504945241338418,-0.00012287106389067054,288,1,0
3,main_morgan_r3_358,molecular_fingerprint,0.0,0.0,705,0,0
3,main_morgan_r3_359,molecular_fingerprint,0.0,0.0,649,1,0
3,main_morgan_r3_36,molecular_fingerprint,5.63166681743294e-05,2.62675703432554e-05,518,1,0
3,main_morgan_r3_360,molecular_fingerprint,0.0005569479632369698,-0.00028930663691508266,188,1,0
3,main_morgan_r3_361,molecular_fingerprint,0.00018085760699616715,0.00016437865008267895,344,1,0
3,main_morgan_r3_362,molecular_fingerprint,6.913003181681334e-05,-5.393570219717327e-06,493,1,0
3,main_morgan_r3_363,molecular_fingerprint,0.0015918270036791033,-1.7665947852284113e-05,79,1,0
3,main_morgan_r3_364,molecular_fingerprint,0.0,0.0,657,1,0
3,main_morgan_r3_365,molecular_fingerprint,2.3241446410161698e-05,-3.3245809755852765e-06,589,1,0
3,main_morgan_r3_366,molecular_fingerprint,0.00016337428077096188,0.00010107492557468818,357,1,0
3,main_morgan_r3_367,molecular_fingerprint,0.0009884346688531786,9.958534701393919e-05,120,1,0
3,main_morgan_r3_37,molecular_fingerprint,0.00015720316621689611,-0.00015720316621689611,364,1,0
3,main_morgan_r3_370,molecular_fingerprint,0.0001440942523752002,0.0001440942523752002,384,1,0
3,main_morgan_r3_371,molecular_fingerprint,0.00030682465982092964,5.3483141937123116e-05,265,1,0
3,main_morgan_r3_372,molecular_fingerprint,0.0,0.0,705,0,0
3,main_morgan_r3_373,molecular_fingerprint,0.0006812381792434657,-0.00021400158611615066,158,1,0
3,main_morgan_r3_374,molecular_fingerprint,7.725992795896119e-05,3.1568991773711875e-05,476,1,0
3,main_morgan_r3_375,molecular_fingerprint,0.00022977251863315313,6.883238238948764e-05,301,1,0
3,main_morgan_r3_376,molecular_fingerprint,0.00019865040560729445,-4.0999671629909536e-05,328,1,0
3,main_morgan_r3_377,molecular_fingerprint,0.000527416662852755,-2.9319076535038068e-05,193,1,0
3,main_morgan_r3_378,molecular_fingerprint,0.0007278994987735105,-9.726065393036243e-05,150,1,0
3,main_morgan_r3_379,molecular_fingerprint,0.00015148304093666332,-1.4000566324278266e-05,374,1,0
3,main_morgan_r3_38,molecular_fingerprint,1.1184792318898779e-05,-1.1184792318898779e-05,616,1,0
3,main_morgan_r3_381,molecular_fingerprint,0.00011301681096395241,0.00011200321073437814,417,1,0
3,main_morgan_r3_382,molecular_fingerprint,0.00011469461802972898,-3.292231427047278e-05,412,1,0
3,main_morgan_r3_383,molecular_fingerprint,0.0001804662495036208,8.038231889452322e-05,345,1,0
3,main_morgan_r3_384,molecular_fingerprint,4.291772627128568e-05,2.9306620775552524e-05,543,1,0
3,main_morgan_r3_385,molecular_fingerprint,0.0002651829665785243,-0.00019582643753781505,278,1,0
3,main_morgan_r3_386,molecular_fingerprint,0.0005824554855932243,0.00010213270626384964,174,1,0
3,main_morgan_r3_387,molecular_fingerprint,0.0012956956758256373,0.00018707354013919932,100,1,0
3,main_morgan_r3_388,molecular_fingerprint,0.0,0.0,660,1,0
3,main_morgan_r3_389,molecular_fingerprint,0.0001871795914016082,2.629375987428912e-05,338,1,0
3,main_morgan_r3_39,molecular_fingerprint,0.0003990653288312116,-6.974276703698164e-05,234,1,0
3,main_morgan_r3_390,molecular_fingerprint,0.00020768236860108558,9.429584315583387e-05,317,1,0
3,main_morgan_r3_391,molecular_fingerprint,5.597072900722346e-05,-1.5677164671248848e-05,519,1,0
3,main_morgan_r3_392,molecular_fingerprint,0.0001493918180009738,1.0632823582707499e-06,377,1,0
3,main_morgan_r3_393,molecular_fingerprint,0.0004456041636875972,-3.813226890230234e-06,212,1,0
3,main_morgan_r3_394,molecular_fingerprint,0.0001540604787120653,-0.0001540604787120653,367,1,0
3,main_morgan_r3_395,molecular_fingerprint,6.835609064700697e-05,6.835609064700697e-05,496,1,0
3,main_morgan_r3_396,molecular_fingerprint,0.00010741595540076157,-4.9270925703063385e-05,429,1,0
3,main_morgan_r3_397,molecular_fingerprint,8.503675287657746e-05,-2.5563037694382737e-05,465,1,0
3,main_morgan_r3_398,molecular_fingerprint,1.0016911438191931e-06,1.0016911438191931e-06,638,1,0
3,main_morgan_r3_399,molecular_fingerprint,0.000803473966999617,-0.000803473966999617,136,1,0
3,main_morgan_r3_4,molecular_fingerprint,0.00021085090061932177,8.701704888046102e-05,315,1,0
3,main_morgan_r3_40,molecular_fingerprint,0.00018013604003246856,0.00018013604003246856,346,1,0
3,main_morgan_r3_400,molecular_fingerprint,0.00011277197262036984,-5.128413251036868e-05,419,1,0
3,main_morgan_r3_401,molecular_fingerprint,0.00015274822251762368,3.1865658757131654e-06,369,1,0
3,main_morgan_r3_402,molecular_fingerprint,4.539075319036731e-05,2.9981057699930923e-05,536,1,0
3,main_morgan_r3_403,molecular_fingerprint,0.0,0.0,659,1,0
3,main_morgan_r3_404,molecular_fingerprint,1.3859245600037363e-05,-1.3319303029675213e-05,609,1,0
3,main_morgan_r3_405,molecular_fingerprint,0.0002540373699035096,6.713806475021201e-05,285,1,0
3,main_morgan_r3_406,molecular_fingerprint,0.00013575742583496562,-0.00012646992861803602,392,1,0
3,main_morgan_r3_407,molecular_fingerprint,0.0004293056582355979,-0.0004293056582355979,221,1,0
3,main_morgan_r3_408,molecular_fingerprint,0.00044082064717410204,-0.00016372186766552163,216,1,0
3,main_morgan_r3_409,molecular_fingerprint,1.2458179029282396e-05,4.425551847665096e-06,614,1,0
3,main_morgan_r3_41,molecular_fingerprint,0.00026337384973065613,-9.45688031335242e-05,280,1,0
3,main_morgan_r3_410,molecular_fingerprint,8.82938536371035e-05,-4.78750782395565e-05,462,1,0
3,main_morgan_r3_411,molecular_fingerprint,0.00032662660036227926,4.816925900886173e-06,255,1,0
3,main_morgan_r3_412,molecular_fingerprint,0.00031787748499716086,-0.00011656598984934082,261,1,0
3,main_morgan_r3_413,molecular_fingerprint,0.0001575922198176253,0.00010306372357097378,363,1,0
3,main_morgan_r3_414,molecular_fingerprint,0.001657367962366618,-0.00045014894561272776,75,1,0
3,main_morgan_r3_415,molecular_fingerprint,0.00014434349432862115,-2.3659454917633764e-05,383,1,0
3,main_morgan_r3_416,molecular_fingerprint,0.00037785795766958805,-0.00015781708587415014,242,1,0
3,main_morgan_r3_417,molecular_fingerprint,0.0,0.0,652,1,0
3,main_morgan_r3_418,molecular_fingerprint,0.0005760950118350335,-0.0005141940923701801,177,1,0
3,main_morgan_r3_419,molecular_fingerprint,3.5223210074503994e-05,-3.5223210074503994e-05,565,1,0
3,main_morgan_r3_42,molecular_fingerprint,0.0002259656020548719,-0.0001690280354722517,304,1,0
3,main_morgan_r3_420,molecular_fingerprint,3.80305677981833e-05,1.87302233842088e-05,556,1,0
3,main_morgan_r3_421,molecular_fingerprint,0.0006590116902096059,-0.00011295500036749299,163,1,0
3,main_morgan_r3_422,molecular_fingerprint,0.0004925575814718285,-4.5288135131897856e-05,202,1,0
3,main_morgan_r3_423,molecular_fingerprint,0.0005776142502029793,-0.000305954242379632,176,1,0
3,main_morgan_r3_424,molecular_fingerprint,0.0001581201114315592,-5.648856206202405e-05,361,1,0
3,main_morgan_r3_425,molecular_fingerprint,0.0006631403387181145,-9.995689011188031e-05,162,1,0
3,main_morgan_r3_426,molecular_fingerprint,0.00014267697003611418,4.651616091804398e-05,386,1,0
3,main_morgan_r3_427,molecular_fingerprint,0.00011982689452250068,4.1827199408999144e-05,406,1,0
3,main_morgan_r3_428,molecular_fingerprint,0.00026729412150639496,-0.00013760063222473132,276,1,0
3,main_morgan_r3_429,molecular_fingerprint,5.811893532748198e-05,-3.619076882020839e-05,515,1,0
3,main_morgan_r3_43,molecular_fingerprint,6.651773987414347e-05,9.631871972083502e-06,499,1,0
3,main_morgan_r3_430,molecular_fingerprint,1.8263933178559455e-05,3.2609771368343985e-06,599,1,0
3,main_morgan_r3_432,molecular_fingerprint,0.0008902169046355684,-5.935750960811487e-05,126,1,0
3,main_morgan_r3_433,molecular_fingerprint,7.702294413004691e-05,-7.336425252447046e-05,478,1,0
3,main_morgan_r3_434,molecular_fingerprint,0.00010543183333654819,7.666752888436037e-05,433,1,0
3,main_morgan_r3_436,molecular_fingerprint,7.509712559820198e-05,-5.857162425652658e-05,482,1,0
3,main_morgan_r3_437,molecular_fingerprint,3.460203164548956e-07,-3.460203164548956e-07,640,1,0
3,main_morgan_r3_438,molecular_fingerprint,1.5680819859716797e-05,7.584639398032774e-06,605,1,0
3,main_morgan_r3_439,molecular_fingerprint,9.623153629121358e-05,-7.214726699920168e-05,450,1,0
3,main_morgan_r3_44,molecular_fingerprint,0.0,0.0,705,0,0
3,main_morgan_r3_440,molecular_fingerprint,0.0,0.0,665,1,0
3,main_morgan_r3_441,molecular_fingerprint,0.0006033422066945108,-7.420508059235923e-05,170,1,0
3,main_morgan_r3_442,molecular_fingerprint,8.07610010766287e-05,1.9521457486335844e-05,472,1,0
3,main_morgan_r3_443,molecular_fingerprint,6.341205925076725e-05,7.377860403284194e-06,505,1,0
3,main_morgan_r3_444,molecular_fingerprint,0.00020002541877434812,9.364563686969204e-05,326,1,0
3,main_morgan_r3_445,molecular_fingerprint,0.00019725417306795459,5.235167138658247e-05,331,1,0
3,main_morgan_r3_447,molecular_fingerprint,0.0,0.0,673,1,0
3,main_morgan_r3_448,molecular_fingerprint,2.628984326611947e-05,-1.649328138825013e-05,582,1,0
3,main_morgan_r3_449,molecular_fingerprint,4.527715929855149e-05,-4.287562203826509e-05,537,1,0
3,main_morgan_r3_45,molecular_fingerprint,0.00011347837388096118,-5.0107850016887464e-05,416,1,0
3,main_morgan_r3_450,molecular_fingerprint,0.0,0.0,705,0,0
3,main_morgan_r3_451,molecular_fingerprint,0.00041704218303163673,-0.0001306561754949264,228,1,0
3,main_morgan_r3_452,molecular_fingerprint,0.0001981092769787236,0.0001952516005630085,329,1,0
3,main_morgan_r3_453,molecular_fingerprint,0.00010954412618161776,1.4566371885520209e-05,426,1,0
3,main_morgan_r3_455,molecular_fingerprint,9.164469277341896e-05,-9.164469277341896e-05,455,1,0
3,main_morgan_r3_456,molecular_fingerprint,9.452056466195636e-05,8.060912681331603e-05,453,1,0
3,main_morgan_r3_458,molecular_fingerprint,2.632022139373981e-05,-2.632022139373981e-05,581,1,0
3,main_morgan_r3_459,molecular_fingerprint,8.246319961876401e-06,8.246319961876401e-06,624,1,0
3,main_morgan_r3_46,molecular_fingerprint,0.00015233568579339928,3.4978372756364874e-05,371,1,0
3,main_morgan_r3_460,molecular_fingerprint,0.0012353434845857058,0.00048082500357572304,105,1,0
3,main_morgan_r3_461,molecular_fingerprint,0.0002620646431176177,-2.742897508389949e-05,281,1,0
3,main_morgan_r3_462,molecular_fingerprint,2.3861479322956964e-05,-1.2388537852151176e-05,588,1,0
3,main_morgan_r3_463,molecular_fingerprint,6.241157713898498e-05,-6.241157713898498e-05,507,1,0
3,main_morgan_r3_464,molecular_fingerprint,7.623139198737287e-06,-4.152680024213221e-06,628,1,0
3,main_morgan_r3_465,molecular_fingerprint,2.5277612462054494e-05,2.5277612462054494e-05,585,1,0
3,main_morgan_r3_466,molecular_fingerprint,5.131576470829833e-05,-3.803600124948206e-05,528,1,0
3,main_morgan_r3_467,molecular_fingerprint,0.00026383551712195677,1.894702094989812e-05,279,1,0
3,main_morgan_r3_468,molecular_fingerprint,0.0008850625667929061,-0.00013588044556369838,127,1,0
3,main_morgan_r3_469,molecular_fingerprint,0.00011826090796988509,2.0769075757698327e-06,409,1,0
3,main_morgan_r3_47,molecular_fingerprint,0.00010358098947844183,9.101634797509137e-06,435,1,0
3,main_morgan_r3_473,molecular_fingerprint,0.0006905886849085226,-0.0005983043405567024,154,1,0
3,main_morgan_r3_474,molecular_fingerprint,6.140490690572876e-05,-5.7053752132772856e-05,510,1,0
3,main_morgan_r3_475,molecular_fingerprint,0.0,0.0,667,1,0
3,main_morgan_r3_476,molecular_fingerprint,0.0002049010461916762,9.492480153934615e-05,323,1,0
3,main_morgan_r3_477,molecular_fingerprint,0.00017389677171732076,4.332741430384126e-05,352,1,0
3,main_morgan_r3_478,molecular_fingerprint,9.884018731504006e-05,-9.884018731504006e-05,446,1,0
3,main_morgan_r3_479,molecular_fingerprint,0.0007497003227556182,-2.8388250774974513e-05,146,1,0
3,main_morgan_r3_48,molecular_fingerprint,0.00033253662237067743,-0.00017005543813575566,253,1,0
3,main_morgan_r3_480,molecular_fingerprint,2.8371948296555467e-05,9.450973830351163e-06,577,1,0
3,main_morgan_r3_481,molecular_fingerprint,2.6246657684067846e-06,1.0762006546529944e-06,635,1,0
3,main_morgan_r3_482,molecular_fingerprint,0.0004640779472589055,-5.952332231823911e-05,206,1,0
3,main_morgan_r3_483,molecular_fingerprint,2.8546488734567293e-05,-2.851128010080275e-05,575,1,0
3,main_morgan_r3_484,molecular_fingerprint,8.156562136415839e-06,-8.156562136415839e-06,625,1,0
3,main_morgan_r3_485,molecular_fingerprint,0.0001409969276667451,4.036775826458931e-05,388,1,0
3,main_morgan_r3_486,molecular_fingerprint,0.00020585409500888037,0.00019247176009179782,319,1,0
3,main_morgan_r3_487,molecular_fingerprint,0.0004194527974318084,-0.0004194527974318084,226,1,0
3,main_morgan_r3_488,molecular_fingerprint,0.0004218419738372682,-0.0004218419738372682,225,1,0
3,main_morgan_r3_489,molecular_fingerprint,0.0005069611233119844,-5.1785004684745653e-05,198,1,0
3,main_morgan_r3_49,molecular_fingerprint,4.2745893606858484e-05,2.9454561979112727e-05,544,1,0
3,main_morgan_r3_490,molecular_fingerprint,0.0005021478296475833,0.00011811410996667993,200,1,0
3,main_morgan_r3_491,molecular_fingerprint,6.81635032995271e-05,-6.149054561976505e-05,497,1,0
3,main_morgan_r3_492,molecular_fingerprint,7.42319853857983e-05,-6.459322446643359e-06,485,1,0
3,main_morgan_r3_493,molecular_fingerprint,8.950153249794351e-05,-4.481205048530037e-05,461,1,0
3,main_morgan_r3_494,molecular_fingerprint,9.826716347154571e-05,-1.898089392210996e-05,448,1,0
3,main_morgan_r3_495,molecular_fingerprint,0.0004089213371361607,0.0001312541892829305,232,1,0
3,main_morgan_r3_496,molecular_fingerprint,0.0008417261807761003,0.0005019404705756692,130,1,0
3,main_morgan_r3_497,molecular_fingerprint,2.2256558954375635e-05,2.1563157609136852e-05,592,1,0
3,main_morgan_r3_498,molecular_fingerprint,9.908142139705786e-05,-9.797365866524564e-05,445,1,0
3,main_morgan_r3_499,molecular_fingerprint,0.0007118335133852593,0.00037337240295266105,152,1,0
3,main_morgan_r3_5,molecular_fingerprint,0.0012793089440341985,-0.00016020537676635302,101,1,0
3,main_morgan_r3_50,molecular_fingerprint,0.0003883569198552788,-0.0002009647964934183,236,1,0
3,main_morgan_r3_500,molecular_fingerprint,4.270061048499781e-05,-4.270061048499781e-05,545,1,0
3,main_morgan_r3_501,molecular_fingerprint,0.00023972356000762654,7.678751626703693e-05,297,1,0
3,main_morgan_r3_502,molecular_fingerprint,0.00043025282745825263,0.00022557004857335112,219,1,0
3,main_morgan_r3_503,molecular_fingerprint,0.0005750511740612929,-0.00033241116583506406,178,1,0
3,main_morgan_r3_504,molecular_fingerprint,5.660531929202584e-06,5.660531929202584e-06,631,1,0
3,main_morgan_r3_505,molecular_fingerprint,6.437640231853142e-05,-1.9215226739864495e-05,503,1,0
3,main_morgan_r3_506,molecular_fingerprint,5.360242895408066e-05,-4.951095423251673e-05,523,1,0
3,main_morgan_r3_507,molecular_fingerprint,0.00042233729760493327,-0.00037065353274573373,224,1,0
3,main_morgan_r3_508,molecular_fingerprint,8.169040769391559e-05,-8.141983826691201e-05,471,1,0
3,main_morgan_r3_51,molecular_fingerprint,2.8841738325379785e-05,-2.8841738325379785e-05,574,1,0
3,main_morgan_r3_510,molecular_fingerprint,6.171921292889238e-05,6.069709227454547e-05,509,1,0
3,main_morgan_r3_511,molecular_fingerprint,0.00014109078275588953,-0.00011743187100241433,387,1,0
3,main_morgan_r3_52,molecular_fingerprint,0.00016075103670652247,-9.504265125912068e-05,360,1,0
3,main_morgan_r3_53,molecular_fingerprint,8.55525657546726e-06,8.55525657546726e-06,622,1,0
3,main_morgan_r3_54,molecular_fingerprint,0.0,0.0,661,1,0
3,main_morgan_r3_55,molecular_fingerprint,0.0005719279333158371,0.00013035864479071788,180,1,0
3,main_morgan_r3_56,molecular_fingerprint,0.00012361730399548936,-0.00012361730399548936,401,1,0
3,main_morgan_r3_57,molecular_fingerprint,7.307275263378366e-05,-7.307275263378366e-05,487,1,0
3,main_morgan_r3_58,molecular_fingerprint,3.559019209739567e-05,-3.237273893385387e-05,563,1,0
3,main_morgan_r3_59,molecular_fingerprint,0.00014830670740770477,0.00014830670740770477,381,1,0
3,main_morgan_r3_6,molecular_fingerprint,0.0003240157405332096,8.078709272439253e-05,257,1,0
3,main_morgan_r3_60,molecular_fingerprint,0.00022319190577984536,0.00016210760059142307,308,1,0
3,main_morgan_r3_61,molecular_fingerprint,0.00015190483774136097,2.3106028883634144e-05,373,1,0
3,main_morgan_r3_62,molecular_fingerprint,0.0,0.0,658,1,0
3,main_morgan_r3_63,molecular_fingerprint,0.0012777108035638522,0.0009920492698161827,102,1,0
3,main_morgan_r3_66,molecular_fingerprint,0.0014983391086210549,-0.00031015613650423534,85,1,0
3,main_morgan_r3_67,molecular_fingerprint,8.261378910573413e-05,-4.2338452462142115e-05,467,1,0
3,main_morgan_r3_68,molecular_fingerprint,7.182327441613429e-05,-2.6440946351853084e-05,490,1,0
3,main_morgan_r3_69,molecular_fingerprint,1.085296607647655e-05,-8.932168882943695e-06,617,1,0
3,main_morgan_r3_7,molecular_fingerprint,4.847237759990482e-05,9.722214062028753e-06,532,1,0
3,main_morgan_r3_70,molecular_fingerprint,5.342302387134621e-05,-2.6946317281171008e-05,524,1,0
3,main_morgan_r3_71,molecular_fingerprint,0.0005103474543424526,0.0003150966399380275,197,1,0
3,main_morgan_r3_72,molecular_fingerprint,0.0001941862925926645,-0.00010555640304706532,332,1,0
3,main_morgan_r3_73,molecular_fingerprint,0.000691964055777166,-0.00026001130231252185,153,1,0
3,main_morgan_r3_74,molecular_fingerprint,3.0241216584272476e-05,1.933813050274895e-05,571,1,0
3,main_morgan_r3_75,molecular_fingerprint,4.378080617205647e-05,-2.353569073812246e-05,540,1,0
3,main_morgan_r3_76,molecular_fingerprint,0.0003416104766992273,-7.105776794415104e-05,250,1,0
3,main_morgan_r3_77,molecular_fingerprint,0.00024071743947847007,-0.0002298585138448317,296,1,0
3,main_morgan_r3_78,molecular_fingerprint,7.849193676861432e-05,-7.849193676861432e-05,475,1,0
3,main_morgan_r3_79,molecular_fingerprint,0.0034735693608641646,-0.0015794883062323429,37,1,0
3,main_morgan_r3_8,molecular_fingerprint,0.00018289484315938884,8.337138205417521e-05,342,1,0
3,main_morgan_r3_80,molecular_fingerprint,0.0029093489851917983,-0.0003826518412622952,45,1,0
3,main_morgan_r3_81,molecular_fingerprint,0.0009205763976868291,0.0002744781330882676,124,1,0
3,main_morgan_r3_82,molecular_fingerprint,0.00022552654780620674,6.728651062811903e-05,305,1,0
3,main_morgan_r3_83,molecular_fingerprint,0.00013102919473087442,3.01174528787366e-05,395,1,0
3,main_morgan_r3_84,molecular_fingerprint,0.00014004666472843826,0.00011502587218751773,389,1,0
3,main_morgan_r3_85,molecular_fingerprint,0.0005336271878129157,-0.0001844629076119493,192,1,0
3,main_morgan_r3_87,molecular_fingerprint,0.0,0.0,671,1,0
3,main_morgan_r3_88,molecular_fingerprint,2.208088212278704e-05,1.7437369168773228e-05,593,1,0
3,main_morgan_r3_89,molecular_fingerprint,1.822065239634993e-05,6.5785345001422185e-06,600,1,0
3,main_morgan_r3_9,molecular_fingerprint,6.567899525868549e-05,-6.4784288851835e-05,500,1,0
3,main_morgan_r3_90,molecular_fingerprint,0.0006633205726393854,4.0037876458755104e-05,161,1,0
3,main_morgan_r3_91,molecular_fingerprint,1.985027688066212e-05,1.310364644811873e-05,597,1,0
3,main_morgan_r3_92,molecular_fingerprint,1.519758714853954e-05,1.3478197736465816e-05,607,1,0
3,main_morgan_r3_93,molecular_fingerprint,0.00012441955109579795,-0.00010905371062739909,400,1,0
3,main_morgan_r3_94,molecular_fingerprint,0.0004121619500666738,-0.00011913320196331119,231,1,0
3,main_morgan_r3_95,molecular_fingerprint,0.00018453240315052157,0.0001836137225693769,340,1,0
3,main_morgan_r3_96,molecular_fingerprint,0.00012517982434271996,-2.3097369217389815e-05,398,1,0
3,main_morgan_r3_97,molecular_fingerprint,0.00024741456869643727,3.055795214461591e-05,293,1,0
3,main_morgan_r3_98,molecular_fingerprint,3.6231202322293636e-05,3.6231202322293636e-05,562,1,0
3,main_morgan_r3_99,molecular_fingerprint,0.00020652726166979894,4.857717492484425e-05,318,1,0
4,B/P ratio,elemental_composition,0.0001246597411447207,-6.469672971560513e-05,434,1,0
4,B/P_ratio_sq,elemental_composition,0.00019058068466039097,-6.648315153294485e-05,369,1,0
4,B/P_ratio_sqrt,elemental_composition,0.0007322316464790727,-0.0003495175825167332,164,1,0
4,B_content wt%,elemental_composition,0.00021693112341608867,-2.7470056514226183e-05,344,1,0
4,B_content_wt%_sq,elemental_composition,0.00012731007853596395,-2.5209492018581787e-05,431,1,0
4,B_content_wt%_sqrt,elemental_composition,0.0005092999087443989,-0.0001338728942177012,215,1,0
4,B_loading_real,formulation_loading,0.00026215408195614343,-7.497779357537492e-07,315,1,0
4,B_loading_real_sq,formulation_loading,5.3966791276454595e-05,-2.9062787517533353e-05,528,1,0
4,B_loading_real_sqrt,formulation_loading,0.0013606865466320212,-0.0005429283858289737,97,1,0
4,Co_FR_fraction,formulation_loading,6.661065767948081e-05,8.979125460371048e-06,511,1,0
4,Co_FR_present,other,0.00033637894267052885,-8.89434306885543e-05,287,1,0
4,Cure_Temp_Max,curing_and_preparation,0.00036784429176539075,-2.4385671366411708e-05,270,1,0
4,CuringAgent_Has_B,molecular_descriptor,0.0,0.0,671,1,0
4,CuringAgent_Has_N,molecular_descriptor,0.0005901730776807629,-0.00035775261997445017,197,1,0
4,CuringAgent_Has_P,molecular_descriptor,0.0,0.0,669,1,0
4,CuringAgent_Has_S,molecular_descriptor,0.0023016667453708796,-4.656563016782109e-05,57,1,0
4,Has_B,elemental_composition,0.00011274646174990094,-2.990334924665679e-05,451,1,0
4,Has_N,elemental_composition,0.000951375589634146,4.8604189611162326e-05,136,1,0
4,Has_P,elemental_composition,0.00525627598013999,-0.001975537107095735,29,1,0
4,Has_S,elemental_composition,0.0008122932168819988,-0.000649893260345604,156,1,0
4,Has_Si,elemental_composition,0.001148057150598763,-0.0011084460192041156,117,1,0
4,Loading_total_FR wt%,formulation_loading,0.011290621019478768,0.00010598704894154334,3,1,1
4,Loading_total_FR_sq,formulation_loading,0.007752502006199294,-0.0002550675743230753,12,1,1
4,Loading_total_FR_sqrt,formulation_loading,0.01359799505532714,-0.0012468436688551656,1,1,1
4,Loading_x_Synergy,formulation_loading,0.011090047480173792,-0.0013762150521027666,4,1,1
4,Main_FR_fraction,formulation_loading,0.004546478248912094,-0.0017683530905935009,32,1,0
4,Main_FR_present,other,0.0062711746030739346,-0.002414889648102366,22,1,0
4,N/P ratio,elemental_composition,0.0004972772744905907,-1.1613206664127725e-05,219,1,0
4,N/P_ratio_sq,elemental_composition,0.00031996132150380964,-9.033686862503979e-05,296,1,0
4,N/P_ratio_sqrt,elemental_composition,0.00041191577964533636,5.048308609145736e-05,251,1,0
4,N_content wt%,elemental_composition,0.003920649826034778,0.000415393038202837,42,1,0
4,N_content_wt%_sq,elemental_composition,0.002658466070163803,0.0008050854731894338,52,1,0
4,N_content_wt%_sqrt,elemental_composition,0.0036562854859369365,0.0001673245221713652,46,1,0
4,N_loading_real,formulation_loading,0.00437748345471429,0.00039243364276542365,37,1,0
4,N_loading_real_sq,formulation_loading,0.0015636845477185783,0.00044313267178540747,84,1,0
4,N_loading_real_sqrt,formulation_loading,0.007424467710663534,-7.641756759100973e-05,14,1,1
4,P_B_loading_product,formulation_loading,3.556888006162102e-05,-7.2202881571886066e-06,565,1,0
4,P_B_loading_ratio,formulation_loading,0.005398031014751909,-0.00018943362537959015,27,1,0
4,P_B_loading_sum,formulation_loading,0.006896642253171048,0.0003568012386378506,18,1,1
4,P_N_loading_product,formulation_loading,0.00364974102508688,0.0003482525856773726,47,1,0
4,P_N_loading_ratio,formulation_loading,0.0007594873988109857,0.00027942571107079315,159,1,0
4,P_N_loading_sum,formulation_loading,0.006685231001306991,0.0004002222939252911,21,1,0
4,P_S_loading_product,formulation_loading,0.0008037094065486276,-0.0004589414826772477,157,1,0
4,P_S_loading_ratio,formulation_loading,0.004483992578793809,0.000515638854488384,34,1,0
4,P_S_loading_sum,formulation_loading,0.007836314325418241,-0.00016001418181278885,11,1,1
4,P_Si_loading_product,formulation_loading,0.00025496993478517035,-0.00020475491409519634,316,1,0
4,P_Si_loading_ratio,formulation_loading,0.0053479628109875475,0.00035195709199688875,28,1,0
4,P_Si_loading_sum,formulation_loading,0.00493221517298672,-0.00043319286080505023,31,1,0
4,P_content wt%,elemental_composition,0.007913870989157287,1.4392986490429904e-05,10,1,1
4,P_content_log,elemental_composition,0.0044566862896250736,0.0011457908144884108,35,1,0
4,P_content_sq,elemental_composition,0.004366682502278108,0.00012997986925076356,38,1,0
4,P_content_sqrt,elemental_composition,0.008879061453725912,-0.0007974991794278383,6,1,1
4,P_loading_real,formulation_loading,0.006078417452253134,0.00039073804316459593,23,1,0
4,P_loading_real_sq,formulation_loading,0.003878204128988679,0.0004775755277765202,43,1,0
4,P_loading_real_sqrt,formulation_loading,0.012531632795869392,-0.0006327271302778117,2,1,1
4,P_loading_x_Synergy,formulation_loading,0.008044848783602603,0.00033582391508646045,8,1,1
4,P_x_CuringAgent_Has_B,molecular_descriptor,0.0,0.0,667,1,0
4,P_x_CuringAgent_Has_N,molecular_descriptor,0.007060006013176303,-0.0018829131336631005,17,1,1
4,P_x_CuringAgent_Has_P,molecular_descriptor,0.0,0.0,668,1,0
4,P_x_CuringAgent_Has_S,molecular_descriptor,0.0006000487950780412,-0.0002650237843192512,193,1,0
4,P_x_curing_AromaticRings,molecular_descriptor,0.008295415975088117,-0.001947285112314782,7,1,1
4,P_x_curing_FractionCSP3,molecular_descriptor,0.004522955288789345,-0.00034497303346762894,33,1,0
4,P_x_curing_HBA,molecular_descriptor,0.0037429297861295715,-0.0001061334318091016,44,1,0
4,P_x_curing_HBD,molecular_descriptor,0.007060959088674105,-0.0016316412694598547,16,1,1
4,P_x_curing_HeavyAtomCount,molecular_descriptor,0.006870301593372822,-0.0003304836164658063,20,1,1
4,P_x_curing_LogP,molecular_descriptor,0.007598105104633797,-0.0013245059331144782,13,1,1
4,P_x_curing_MolWt,molecular_descriptor,0.008008783110531057,-0.00011287364414797761,9,1,1
4,P_x_curing_RingCount,molecular_descriptor,0.007415706480947194,-0.00037245642193328455,15,1,1
4,P_x_curing_RotBonds,molecular_descriptor,0.006892361496129569,-0.0012210501956461223,19,1,1
4,P_x_curing_TPSA,molecular_descriptor,0.004397120079789639,-0.0003455606263914509,36,1,0
4,Preparation_Method_DOPO-based (Additive + Secondary Crosslinking),curing_and_preparation,0.00029266361261682676,-0.0002144573901008408,301,1,0
4,Preparation_Method_DOPO-based (Co-curing),molecular_descriptor,0.0005970722298844995,-0.00015994766051223607,194,1,0
4,Preparation_Method_DOPO-based (additive),curing_and_preparation,0.0005047318801708064,-0.0001606785406781539,216,1,0
4,Preparation_Method_DOPO-based (reactive),curing_and_preparation,0.00046277618661103487,-2.2889667394922805e-05,234,1,0
4,S/P ratio,elemental_composition,0.00046597189214485504,-0.0003267288616402988,232,1,0
4,S/P_ratio_sq,elemental_composition,0.0006171906864616734,-0.000419434180248896,188,1,0
4,S/P_ratio_sqrt,elemental_composition,0.0009361540424950081,-0.0006225261394193872,138,1,0
4,S_content wt%,elemental_composition,0.001965343919513726,-0.0012696608848948023,67,1,0
4,S_content_wt%_sq,elemental_composition,0.0015044920280698512,-0.0010274608559802173,87,1,0
4,S_content_wt%_sqrt,elemental_composition,0.0021049297578410154,-0.0016699409184961188,61,1,0
4,S_loading_real,formulation_loading,0.000983408537482736,-0.0006325946821514589,132,1,0
4,S_loading_real_sq,formulation_loading,0.0007356007970670611,-0.00042967877271684723,163,1,0
4,S_loading_real_sqrt,formulation_loading,0.0015117887380770548,-0.001100736204377502,85,1,0
4,Si/P ratio,elemental_composition,0.0004340606660638475,-0.00038817879470384584,243,1,0
4,Si/P_ratio_sq,elemental_composition,0.00013203810794727312,-0.00012967841327287666,424,1,0
4,Si/P_ratio_sqrt,elemental_composition,0.0005458219065456542,-0.0005074047324224826,208,1,0
4,Si_content wt%,elemental_composition,0.00038894531685839534,-0.00038894531685839534,259,1,0
4,Si_content_wt%_sq,elemental_composition,0.00020940440496692266,-0.00016864986149474562,350,1,0
4,Si_content_wt%_sqrt,elemental_composition,0.0004712636667018286,-0.0004346359597212768,230,1,0
4,Si_loading_real,formulation_loading,0.00042353211241773025,-0.0003253466672731835,248,1,0
4,Si_loading_real_sq,formulation_loading,0.00023577932271569087,-0.00017238858556795994,327,1,0
4,Si_loading_real_sqrt,formulation_loading,0.0006373072813274896,-0.0005183995090024337,184,1,0
4,Synergy_flag(single=0&synergy=1),other,0.004317807051715777,-0.000659994837942119,39,1,0
4,Synergy_type_P-N,other,0.0022640359886030564,-0.0002425674626608733,59,1,0
4,Synergy_type_P-N-Al,other,0.0,0.0,705,0,0
4,Synergy_type_P-N-B,other,0.0,0.0,705,0,0
4,Synergy_type_P-N-C,other,3.2642492887033665e-06,3.1704588966224235e-06,631,1,0
4,Synergy_type_P-N-S,other,0.00021398911722981338,-0.00016815202895060114,347,1,0
4,Synergy_type_P-N-Si,other,6.0251397708081335e-05,6.0251397708081335e-05,517,1,0
4,Synergy_type_P-N-Si-B,other,0.0003888812291232727,-0.0003888812291232727,260,1,0
4,Synergy_type_P-N-Si-S,other,0.0003820750379206098,-0.0003820750379206098,261,1,0
4,Synergy_type_P-N-Si-Ti,other,6.060411423176346e-06,-6.060411423176346e-06,626,1,0
4,Synergy_type_P-N-Si-Zr,other,1.4347658583978446e-06,1.1658173611471687e-06,634,1,0
4,Synergy_type_P-P,other,2.4511563680020584e-05,2.4511563680020584e-05,595,1,0
4,Synergy_type_P-Si,other,1.3519495889669194e-05,-2.0697292174847682e-06,615,1,0
4,Synergy_type_P-Si-B,other,0.0,0.0,670,1,0
4,Synergy_type_P-only,other,0.0006474032668062239,0.00035118858620895334,181,1,0
4,UL94_Thickness_mm,test_condition,0.0009973760823195202,0.0002689799729170397,129,1,0
4,co_AliphaticRings,molecular_descriptor,0.0,0.0,659,1,0
4,co_AromaticCarbocycles,other,0.0,0.0,658,1,0
4,co_AromaticHeterocycles,other,0.00022175836123273666,-6.16732392869482e-05,339,1,0
4,co_AromaticRings,molecular_descriptor,5.450403777356566e-05,2.6487249587666566e-05,527,1,0
4,co_BalabanJ,other,5.549257052608583e-05,4.46324656700704e-06,525,1,0
4,co_BertzCT,other,0.00014781687081393913,-5.887701530734074e-05,407,1,0
4,co_ExactMolWt,molecular_descriptor,2.9819843007696063e-05,8.185722428429982e-06,579,1,0
4,co_FractionCSP3,molecular_descriptor,4.7986697351613355e-05,6.119736404394238e-06,542,1,0
4,co_HBA,other,0.0001541284148782375,-3.237059524748371e-05,396,1,0
4,co_HBD,other,2.4408537174167568e-05,2.4408537174167568e-05,596,1,0
4,co_HeavyAtomCount,other,3.063353188635018e-05,2.8663620887527935e-05,577,1,0
4,co_Kappa1,other,0.0001108300411998976,5.432083255117151e-05,455,1,0
4,co_Kappa2,other,8.21886464768795e-05,5.7579828555339585e-05,491,1,0
4,co_Kappa3,other,8.239747992806516e-05,3.278285889861208e-05,490,1,0
4,co_LabuteASA,other,0.00011099322473278838,1.9092639386902493e-05,454,1,0
4,co_LogP,molecular_descriptor,3.406540671600548e-05,2.7065442556653988e-05,568,1,0
4,co_MolMR,other,0.00010768599586375177,2.4711515510363016e-05,458,1,0
4,co_MolWt,molecular_descriptor,7.682657441768644e-05,4.1003128777043066e-05,498,1,0
4,co_NHOHCount,other,0.0,0.0,705,0,0
4,co_NOCount,other,5.748768812288238e-05,3.410513590444629e-05,523,1,0
4,co_NumHeteroAtoms,molecular_descriptor,0.0001027786541233885,3.695621256434201e-05,462,1,0
4,co_NumValenceElectrons,other,0.00012225577335761448,2.9301097629791522e-05,438,1,0
4,co_RingCount,molecular_descriptor,4.322171481002595e-05,-1.0232991211359554e-05,552,1,0
4,co_RotBonds,other,0.00022655616317125447,-7.489350867722853e-05,332,1,0
4,co_TPSA,molecular_descriptor,5.560542202936683e-05,3.579871527076902e-05,524,1,0
4,co_morgan_r3_0,molecular_fingerprint,0.0,0.0,657,1,0
4,co_morgan_r3_1,molecular_fingerprint,0.0,0.0,705,0,0
4,co_morgan_r3_12,molecular_fingerprint,0.0,0.0,705,0,0
4,co_morgan_r3_13,molecular_fingerprint,0.0,0.0,663,1,0
4,co_morgan_r3_138,molecular_fingerprint,0.00018935285172195414,-8.9395270166632e-05,370,1,0
4,co_morgan_r3_14,molecular_fingerprint,5.0772576905728776e-05,5.0772576905728776e-05,535,1,0
4,co_morgan_r3_144,molecular_fingerprint,0.0,0.0,705,0,0
4,co_morgan_r3_15,molecular_fingerprint,0.0,0.0,666,1,0
4,co_morgan_r3_175,molecular_fingerprint,0.0,0.0,705,0,0
4,co_morgan_r3_183,molecular_fingerprint,0.0,0.0,705,0,0
4,co_morgan_r3_192,molecular_fingerprint,0.0,0.0,705,0,0
4,co_morgan_r3_214,molecular_fingerprint,0.00012296578557652535,0.00012296578557652535,436,1,0
4,co_morgan_r3_216,molecular_fingerprint,0.0,0.0,705,0,0
4,co_morgan_r3_241,molecular_fingerprint,0.0,0.0,705,0,0
4,co_morgan_r3_290,molecular_fingerprint,0.0,0.0,705,0,0
4,co_morgan_r3_294,molecular_fingerprint,0.0,0.0,705,0,0
4,co_morgan_r3_311,molecular_fingerprint,0.0,0.0,665,1,0
4,co_morgan_r3_33,molecular_fingerprint,0.0,0.0,705,0,0
4,co_morgan_r3_356,molecular_fingerprint,0.00024157142040684857,-1.9465902803782837e-05,321,1,0
4,co_morgan_r3_486,molecular_fingerprint,0.0,0.0,705,0,0
4,co_morgan_r3_507,molecular_fingerprint,0.0,0.0,705,0,0
4,co_morgan_r3_51,molecular_fingerprint,0.0,0.0,705,0,0
4,co_morgan_r3_64,molecular_fingerprint,0.0,0.0,705,0,0
4,co_morgan_r3_80,molecular_fingerprint,0.0,0.0,705,0,0
4,co_morgan_r3_95,molecular_fingerprint,0.0,0.0,705,0,0
4,curing_AliphaticRings,molecular_descriptor,0.0003500008694091624,-0.0003500008694091624,277,1,0
4,curing_AromaticRings,molecular_descriptor,0.0009235170849357627,-0.00047683552332677617,143,1,0
4,curing_BalabanJ,molecular_descriptor,0.0010222800180801057,-7.885205738347196e-06,127,1,0
4,curing_BertzCT,molecular_descriptor,0.0011579842906771867,-0.0001099313911403183,115,1,0
4,curing_ExactMolWt,molecular_descriptor,0.0010432619154003263,-0.00018206404882126906,124,1,0
4,curing_FractionCSP3,molecular_descriptor,0.001167816064229012,-0.00021833980496688176,111,1,0
4,curing_HBA,molecular_descriptor,0.0022742301503416553,-0.00041432921843068013,58,1,0
4,curing_HBD,molecular_descriptor,0.0002517449579301633,-0.0002517449579301633,319,1,0
4,curing_HeavyAtomCount,molecular_descriptor,0.0017143692706431716,-0.0001413958581461984,77,1,0
4,curing_Kappa1,molecular_descriptor,0.0020744767397426734,-0.00041340117181877956,62,1,0
4,curing_Kappa2,molecular_descriptor,0.000655440902513868,-0.00016350125310860157,177,1,0
4,curing_Kappa3,molecular_descriptor,0.0009546390281352361,-0.00020552305407123744,134,1,0
4,curing_LabuteASA,molecular_descriptor,0.001837694640591449,-0.00023038252507565145,73,1,0
4,curing_LogP,molecular_descriptor,0.0025915084953140864,-0.0004942460107457056,53,1,0
4,curing_MolMR,molecular_descriptor,0.0012201603390216554,-8.795036089717697e-05,105,1,0
4,curing_MolWt,molecular_descriptor,0.0018752789530612703,-0.00019011302484515453,70,1,0
4,curing_NHOHCount,molecular_descriptor,0.0004817345081106497,-0.000373438473694326,224,1,0
4,curing_NOCount,molecular_descriptor,0.003693741072099909,-0.0005709107620634135,45,1,0
4,curing_NumHeteroAtoms,molecular_descriptor,0.002443984092153452,-0.0005832499297573202,54,1,0
4,curing_NumValenceElectrons,molecular_descriptor,0.00141996587786464,-0.00015262947793818048,93,1,0
4,curing_RingCount,molecular_descriptor,6.683984745147128e-05,6.683984745147128e-05,510,1,0
4,curing_RotBonds,molecular_descriptor,0.0003359035500804767,-0.00022519909495637573,288,1,0
4,curing_SaturatedRings,molecular_descriptor,4.2356040774822963e-05,-4.2356040774822963e-05,553,1,0
4,curing_TPSA,molecular_descriptor,0.0014489463619635342,-0.0001865286593948036,89,1,0
4,curing_morgan_r3_1,molecular_fingerprint,0.0,0.0,672,1,0
4,curing_morgan_r3_100,molecular_fingerprint,0.0,0.0,705,0,0
4,curing_morgan_r3_138,molecular_fingerprint,0.003951598580214233,-0.0006727332287793949,41,1,0
4,curing_morgan_r3_144,molecular_fingerprint,0.0001270373047197558,0.0001270373047197558,432,1,0
4,curing_morgan_r3_147,molecular_fingerprint,0.0,0.0,705,0,0
4,curing_morgan_r3_204,molecular_fingerprint,0.005981169534693728,-0.0010697738538192189,24,1,0
4,curing_morgan_r3_214,molecular_fingerprint,0.0007281733235008877,-0.0003732698290223386,165,1,0
4,curing_morgan_r3_231,molecular_fingerprint,0.0,0.0,705,0,0
4,curing_morgan_r3_277,molecular_fingerprint,0.00011983137508145267,0.00011983137508145267,440,1,0
4,curing_morgan_r3_28,molecular_fingerprint,0.00019836365334211027,0.00019836365334211027,359,1,0
4,curing_morgan_r3_295,molecular_fingerprint,0.00010833991563534561,0.00010833991563534561,457,1,0
4,curing_morgan_r3_33,molecular_fingerprint,8.944054476943266e-05,-8.944054476943266e-05,480,1,0
4,curing_morgan_r3_336,molecular_fingerprint,0.0006540790487972952,-0.0003774970384777513,178,1,0
4,curing_morgan_r3_337,molecular_fingerprint,8.60930607475691e-05,8.60930607475691e-05,484,1,0
4,curing_morgan_r3_376,molecular_fingerprint,0.0006135290681204553,-0.0003958462895323893,190,1,0
4,curing_morgan_r3_39,molecular_fingerprint,0.0056809770663616005,-0.0011902083736494422,25,1,0
4,curing_morgan_r3_477,molecular_fingerprint,4.996832301028714e-05,-4.996832301028714e-05,537,1,0
4,curing_morgan_r3_66,molecular_fingerprint,0.0,0.0,639,1,0
4,curing_morgan_r3_80,molecular_fingerprint,0.004104379793805718,-0.000891824777287458,40,1,0
4,curing_morgan_r3_89,molecular_fingerprint,0.004943094981472853,-0.0009507886625297599,30,1,0
4,main_AliphaticRings,molecular_descriptor,0.0009247621784907145,-0.00042634508038437994,141,1,0
4,main_AromaticCarbocycles,other,0.0010458244755835804,-0.00023561308448636956,123,1,0
4,main_AromaticHeterocycles,other,0.0006659162182420443,-0.000189280272836604,175,1,0
4,main_AromaticRings,molecular_descriptor,0.0016069539547645007,-0.0003790857977528162,81,1,0
4,main_BalabanJ,other,0.002692497436758817,-0.0006933561798381603,51,1,0
4,main_BertzCT,other,0.0010850850597712805,-0.0001345474377759527,121,1,0
4,main_ExactMolWt,molecular_descriptor,0.0008500248665940526,-8.953415897183349e-05,150,1,0
4,main_FractionCSP3,molecular_descriptor,0.0007006735419306213,-0.00013788119326178677,171,1,0
4,main_HBA,other,0.0010031116150469208,-0.0001621486712824666,128,1,0
4,main_HBD,other,0.0005687487974523047,-0.0002206358072361978,204,1,0
4,main_HeavyAtomCount,other,0.0007746924867402545,-5.791132530565809e-05,158,1,0
4,main_Kappa1,other,0.0009139465272017194,-0.0002149675706141036,145,1,0
4,main_Kappa2,other,0.001408363954691493,-0.00017385396989452205,94,1,0
4,main_Kappa3,other,0.0014233999440802737,-0.00014903915587493759,92,1,0
4,main_LabuteASA,other,0.0013176479838638018,-0.00014812112569878008,101,1,0
4,main_LogP,molecular_descriptor,0.0017257168506273344,-0.0008940504858379228,75,1,0
4,main_MolMR,other,0.0017277495575252174,-0.00032129990650536024,74,1,0
4,main_MolWt,molecular_descriptor,0.002045880680950078,-0.0004933747925448758,64,1,0
4,main_NHOHCount,other,0.0004814028890412597,-7.474133484841162e-05,225,1,0
4,main_NOCount,other,0.0013436788060120486,-0.00024935398501504437,98,1,0
4,main_NumAmideBonds,other,3.844643269859364e-05,-2.293730295175718e-05,559,1,0
4,main_NumHeteroAtoms,molecular_descriptor,0.0014793966022685317,-0.0003218704689490684,88,1,0
4,main_NumValenceElectrons,other,0.001874836381457765,-0.0005433358632632885,71,1,0
4,main_RingCount,molecular_descriptor,0.0009029957950102957,3.850424043209544e-05,146,1,0
4,main_RotBonds,other,0.0013799970351066986,-0.00025891697705020136,95,1,0
4,main_SaturatedCarbocycles,other,0.0,0.0,705,0,0
4,main_SaturatedHeterocycles,other,0.0,0.0,705,0,0
4,main_SaturatedRings,molecular_descriptor,0.00036036854495236526,-3.059605752448469e-05,274,1,0
4,main_TPSA,molecular_descriptor,0.0013233439717430387,-4.012585054653466e-05,100,1,0
4,main_co_similarity,other,0.0002370665987287326,1.4145079058336147e-05,325,1,0
4,main_co_similarity_sq,other,0.000285412511902747,-0.00011556092516441492,304,1,0
4,main_morgan_r3_0,molecular_fingerprint,0.00040927188657801603,-0.00021839802457441086,252,1,0
4,main_morgan_r3_1,molecular_fingerprint,0.002023247988011892,-0.0004627729910074803,65,1,0
4,main_morgan_r3_10,molecular_fingerprint,9.799447132549073e-05,-7.705605419093646e-05,469,1,0
4,main_morgan_r3_100,molecular_fingerprint,9.918126116695526e-05,1.2872112606601152e-05,467,1,0
4,main_morgan_r3_101,molecular_fingerprint,3.898615891052435e-05,-3.603223592714736e-05,558,1,0
4,main_morgan_r3_102,molecular_fingerprint,0.00012749144725217337,-5.844505999256457e-05,430,1,0
4,main_morgan_r3_103,molecular_fingerprint,0.00012406675563840882,-7.6288294642117e-05,435,1,0
4,main_morgan_r3_104,molecular_fingerprint,6.765248979844626e-05,-6.765248979844626e-05,508,1,0
4,main_morgan_r3_105,molecular_fingerprint,0.0,0.0,645,1,0
4,main_morgan_r3_106,molecular_fingerprint,3.307461385702481e-05,-3.102147325181352e-05,570,1,0
4,main_morgan_r3_107,molecular_fingerprint,0.000743246549755179,0.0001930647809589559,162,1,0
4,main_morgan_r3_108,molecular_fingerprint,0.000265514676082006,-0.000265514676082006,312,1,0
4,main_morgan_r3_109,molecular_fingerprint,0.0006498147881121795,-0.0006498147881121795,180,1,0
4,main_morgan_r3_11,molecular_fingerprint,5.79094908653133e-05,5.79094908653133e-05,520,1,0
4,main_morgan_r3_110,molecular_fingerprint,0.0007519519149027726,-0.0006188370627141161,161,1,0
4,main_morgan_r3_111,molecular_fingerprint,0.00027756106542761293,-0.00014408512297248106,306,1,0
4,main_morgan_r3_112,molecular_fingerprint,0.00034234456721182803,-0.0002137730079646063,282,1,0
4,main_morgan_r3_113,molecular_fingerprint,0.0001003402216369093,-7.999149552808323e-05,464,1,0
4,main_morgan_r3_114,molecular_fingerprint,0.0005356316407665121,-0.00043321917670547175,210,1,0
4,main_morgan_r3_115,molecular_fingerprint,0.00014294354364873622,-2.944684986933529e-05,409,1,0
4,main_morgan_r3_116,molecular_fingerprint,0.0005274608528768314,-0.000290983686979871,212,1,0
4,main_morgan_r3_117,molecular_fingerprint,0.00031226416754674815,-7.264114989901318e-05,297,1,0
4,main_morgan_r3_118,molecular_fingerprint,0.0002247088197810144,-0.00015596112271370062,336,1,0
4,main_morgan_r3_119,molecular_fingerprint,0.000982509927222045,0.0006083277703301979,133,1,0
4,main_morgan_r3_12,molecular_fingerprint,0.0005772487057914332,-0.0004622546242800812,200,1,0
4,main_morgan_r3_120,molecular_fingerprint,0.0002031357285349284,-0.0002031357285349284,355,1,0
4,main_morgan_r3_121,molecular_fingerprint,0.002238024240869549,-0.0005407028449455385,60,1,0
4,main_morgan_r3_122,molecular_fingerprint,0.00011522132822364032,-8.356966605911492e-05,446,1,0
4,main_morgan_r3_123,molecular_fingerprint,0.000817100931079153,0.0003589545981986929,155,1,0
4,main_morgan_r3_124,molecular_fingerprint,0.00011527024458997756,-5.9484489240162476e-05,445,1,0
4,main_morgan_r3_125,molecular_fingerprint,0.00026871292791484956,0.00026871292791484956,310,1,0
4,main_morgan_r3_126,molecular_fingerprint,0.00013997303470205226,1.656282418783426e-05,413,1,0
4,main_morgan_r3_127,molecular_fingerprint,0.0,0.0,644,1,0
4,main_morgan_r3_128,molecular_fingerprint,0.0008715088112526144,-0.0001622284850780531,149,1,0
4,main_morgan_r3_129,molecular_fingerprint,8.864994201417176e-05,-8.864994201417176e-05,482,1,0
4,main_morgan_r3_13,molecular_fingerprint,9.023468119200586e-05,-2.7960122049566708e-05,477,1,0
4,main_morgan_r3_130,molecular_fingerprint,3.495504064567791e-05,2.8042647283225757e-05,567,1,0
4,main_morgan_r3_131,molecular_fingerprint,0.0001974365197272239,-1.9074488320837993e-05,360,1,0
4,main_morgan_r3_132,molecular_fingerprint,8.313093771928633e-05,5.440567655973095e-06,489,1,0
4,main_morgan_r3_133,molecular_fingerprint,0.0024243808110334924,-0.0007176263351176083,55,1,0
4,main_morgan_r3_134,molecular_fingerprint,0.0006374122181698245,0.0005343005634593467,183,1,0
4,main_morgan_r3_135,molecular_fingerprint,0.0015976722445463706,-0.00021319199871590574,82,1,0
4,main_morgan_r3_137,molecular_fingerprint,1.3255958414220002e-05,9.338539463467696e-06,616,1,0
4,main_morgan_r3_139,molecular_fingerprint,0.0002217317481476715,-6.192094421466028e-05,340,1,0
4,main_morgan_r3_14,molecular_fingerprint,0.00012252965133967563,-6.593761003756525e-05,437,1,0
4,main_morgan_r3_140,molecular_fingerprint,0.0004797353177240755,0.00015170935580082395,226,1,0
4,main_morgan_r3_141,molecular_fingerprint,0.0,0.0,652,1,0
4,main_morgan_r3_142,molecular_fingerprint,2.2036579315075264e-05,-2.2036579315075264e-05,601,1,0
4,main_morgan_r3_143,molecular_fingerprint,3.7595068813642564e-05,3.323917553984755e-05,562,1,0
4,main_morgan_r3_145,molecular_fingerprint,0.00019653521774123088,-2.149082222048311e-05,361,1,0
4,main_morgan_r3_146,molecular_fingerprint,0.00033808974463712894,-2.053123748130147e-05,286,1,0
4,main_morgan_r3_147,molecular_fingerprint,0.00022229931787585934,-0.00014921876262045928,338,1,0
4,main_morgan_r3_148,molecular_fingerprint,0.0004292714141187858,-0.00010313153227814243,247,1,0
4,main_morgan_r3_149,molecular_fingerprint,0.0,0.0,705,0,0
4,main_morgan_r3_15,molecular_fingerprint,0.000206060431472805,-0.00015530617068786038,352,1,0
4,main_morgan_r3_150,molecular_fingerprint,0.0,0.0,705,0,0
4,main_morgan_r3_151,molecular_fingerprint,3.916494753462354e-05,2.4958185556695552e-05,557,1,0
4,main_morgan_r3_152,molecular_fingerprint,0.0004731958739523004,0.0001303279236163412,229,1,0
4,main_morgan_r3_153,molecular_fingerprint,3.059080223010824e-05,5.264954062719579e-06,578,1,0
4,main_morgan_r3_154,molecular_fingerprint,0.0,0.0,646,1,0
4,main_morgan_r3_155,molecular_fingerprint,0.00023928921303811046,-5.888262577373535e-05,322,1,0
4,main_morgan_r3_156,molecular_fingerprint,0.00011605247308243823,-9.412858967195347e-05,443,1,0
4,main_morgan_r3_157,molecular_fingerprint,0.00017700446897927455,0.00011854233450311115,377,1,0
4,main_morgan_r3_158,molecular_fingerprint,5.758621248771886e-05,-7.96000592872461e-06,522,1,0
4,main_morgan_r3_159,molecular_fingerprint,0.0008326859278513157,-0.0004391053625979899,154,1,0
4,main_morgan_r3_16,molecular_fingerprint,4.097983035636491e-05,4.097983035636491e-05,556,1,0
4,main_morgan_r3_160,molecular_fingerprint,2.7803000633765706e-05,1.788741160807048e-05,584,1,0
4,main_morgan_r3_161,molecular_fingerprint,1.736593549139798e-05,1.736593549139798e-05,606,1,0
4,main_morgan_r3_162,molecular_fingerprint,0.0009283569756958066,-0.0005837841508835238,140,1,0
4,main_morgan_r3_163,molecular_fingerprint,0.0016103521038190467,-0.0005656333392001674,80,1,0
4,main_morgan_r3_164,molecular_fingerprint,0.00013568564253157927,-6.998782976571273e-06,418,1,0
4,main_morgan_r3_165,molecular_fingerprint,2.4860721313820653e-05,-2.1387220469174886e-05,591,1,0
4,main_morgan_r3_166,molecular_fingerprint,0.0,0.0,654,1,0
4,main_morgan_r3_167,molecular_fingerprint,0.0005324824212933542,0.00010724944164562361,211,1,0
4,main_morgan_r3_168,molecular_fingerprint,0.00011334073383951882,7.256461862549323e-05,448,1,0
4,main_morgan_r3_169,molecular_fingerprint,1.9903609326219235e-06,1.9903609326219235e-06,632,1,0
4,main_morgan_r3_17,molecular_fingerprint,2.9785901713681696e-05,-2.9785901713681696e-05,580,1,0
4,main_morgan_r3_170,molecular_fingerprint,2.919047917708263e-05,-2.919047917708263e-05,583,1,0
4,main_morgan_r3_171,molecular_fingerprint,0.00024890794068840687,-5.433966125163497e-05,320,1,0
4,main_morgan_r3_172,molecular_fingerprint,0.00011251088269198642,1.912319654789169e-05,452,1,0
4,main_morgan_r3_173,molecular_fingerprint,1.182069815917607e-05,-8.317620927805868e-06,619,1,0
4,main_morgan_r3_174,molecular_fingerprint,4.801746430957444e-05,5.545290150771445e-06,541,1,0
4,main_morgan_r3_176,molecular_fingerprint,0.0018590548148564783,-0.0006442014771739065,72,1,0
4,main_morgan_r3_177,molecular_fingerprint,0.000444506610244654,-0.00027125067817381567,240,1,0
4,main_morgan_r3_178,molecular_fingerprint,0.001366716561084892,-0.0007517562279643244,96,1,0
4,main_morgan_r3_179,molecular_fingerprint,1.8782856886900848e-06,1.3881351782806127e-06,633,1,0
4,main_morgan_r3_18,molecular_fingerprint,0.00012540395143806414,-4.134837900083868e-05,433,1,0
4,main_morgan_r3_180,molecular_fingerprint,0.0001918289238421443,0.00014715794897496277,365,1,0
4,main_morgan_r3_181,molecular_fingerprint,0.00020874604444145464,-0.00014278695350823355,351,1,0
4,main_morgan_r3_182,molecular_fingerprint,0.002314879258080526,-0.002314879258080526,56,1,0
4,main_morgan_r3_183,molecular_fingerprint,0.0055141432766195415,-0.0005561940848263374,26,1,0
4,main_morgan_r3_185,molecular_fingerprint,6.859388009211722e-05,2.4537053595850003e-05,506,1,0
4,main_morgan_r3_186,molecular_fingerprint,0.0001598404401798664,6.757269582831467e-05,391,1,0
4,main_morgan_r3_187,molecular_fingerprint,7.68891729339474e-05,5.530880043127995e-06,497,1,0
4,main_morgan_r3_188,molecular_fingerprint,0.0010745683720143181,0.00034801870416174553,122,1,0
4,main_morgan_r3_189,molecular_fingerprint,6.957332098800685e-05,-1.924154747345913e-05,505,1,0
4,main_morgan_r3_19,molecular_fingerprint,0.00013571119030539568,1.7968559420277566e-05,417,1,0
4,main_morgan_r3_190,molecular_fingerprint,5.723994076510685e-07,-5.723994076510685e-07,637,1,0
4,main_morgan_r3_191,molecular_fingerprint,0.0004437428741671527,-0.0002946049752166423,241,1,0
4,main_morgan_r3_192,molecular_fingerprint,3.204529669031014e-05,-1.818644034945768e-05,575,1,0
4,main_morgan_r3_193,molecular_fingerprint,0.00025373009726753227,-0.00012356219800931315,318,1,0
4,main_morgan_r3_194,molecular_fingerprint,0.0006581665987101182,-0.00036900085947005835,176,1,0
4,main_morgan_r3_195,molecular_fingerprint,0.00016109894988479333,2.0347395566962714e-05,390,1,0
4,main_morgan_r3_196,molecular_fingerprint,0.0004339743165566607,0.00024782577400627126,244,1,0
4,main_morgan_r3_197,molecular_fingerprint,0.0001733086987573213,-0.00017220877838863342,381,1,0
4,main_morgan_r3_198,molecular_fingerprint,0.00027213735062143004,-9.034988158027268e-05,308,1,0
4,main_morgan_r3_199,molecular_fingerprint,0.000574035127964218,0.00016599491258580823,201,1,0
4,main_morgan_r3_2,molecular_fingerprint,0.0003409470366383852,8.352981926706037e-05,283,1,0
4,main_morgan_r3_20,molecular_fingerprint,0.00020488086651721145,0.00020446073081297793,353,1,0
4,main_morgan_r3_200,molecular_fingerprint,0.00011031658754361786,4.4853704170336874e-05,456,1,0
4,main_morgan_r3_201,molecular_fingerprint,0.00059065340391999,-0.00014857438778949786,195,1,0
4,main_morgan_r3_202,molecular_fingerprint,0.00034054983987573444,9.090716909153368e-05,284,1,0
4,main_morgan_r3_203,molecular_fingerprint,0.00057199841215581,-0.00036366267359268386,202,1,0
4,main_morgan_r3_204,molecular_fingerprint,0.0010424753181246477,-0.0002057823695789315,125,1,0
4,main_morgan_r3_205,molecular_fingerprint,1.59929955420779e-05,9.474428080654067e-06,610,1,0
4,main_morgan_r3_206,molecular_fingerprint,0.00023356835978104423,4.9026320799801834e-06,328,1,0
4,main_morgan_r3_207,molecular_fingerprint,0.0006417842724860951,0.0006417842724860951,182,1,0
4,main_morgan_r3_208,molecular_fingerprint,0.0007077973454296525,-0.0007077973454296525,170,1,0
4,main_morgan_r3_209,molecular_fingerprint,0.00013227617591950663,-7.536497259580067e-05,422,1,0
4,main_morgan_r3_21,molecular_fingerprint,0.009524428513695839,-0.001742947750820021,5,1,1
4,main_morgan_r3_210,molecular_fingerprint,0.00026305937903556596,-9.427661962604359e-05,313,1,0
4,main_morgan_r3_211,molecular_fingerprint,0.0001572935578799988,-7.663427802850401e-05,395,1,0
4,main_morgan_r3_212,molecular_fingerprint,0.0002914440557842192,0.00020985706949328489,302,1,0
4,main_morgan_r3_213,molecular_fingerprint,7.332218791273386e-05,-1.4821047937453309e-06,502,1,0
4,main_morgan_r3_215,molecular_fingerprint,8.402725721907702e-06,-2.097357964758986e-06,623,1,0
4,main_morgan_r3_216,molecular_fingerprint,0.00010372180317346708,-0.00010372180317346708,460,1,0
4,main_morgan_r3_217,molecular_fingerprint,0.0,0.0,651,1,0
4,main_morgan_r3_218,molecular_fingerprint,0.0017204278050965787,-0.0004218734211718337,76,1,0
4,main_morgan_r3_219,molecular_fingerprint,0.0018864327442046247,-0.0001858650361599482,69,1,0
4,main_morgan_r3_22,molecular_fingerprint,0.0010996826604926942,-0.00043995248508298655,120,1,0
4,main_morgan_r3_221,molecular_fingerprint,0.0004948633352545626,-0.0002872042127994787,221,1,0
4,main_morgan_r3_222,molecular_fingerprint,0.0015083755928752872,-0.00019817293203974235,86,1,0
4,main_morgan_r3_223,molecular_fingerprint,0.00012919884385054398,0.00012919884385054398,428,1,0
4,main_morgan_r3_224,molecular_fingerprint,2.479521327267598e-05,-6.782860635294381e-06,593,1,0
4,main_morgan_r3_226,molecular_fingerprint,0.0004677534878692313,-0.0004677534878692313,231,1,0
4,main_morgan_r3_227,molecular_fingerprint,0.00019093090817750156,2.527025600980911e-05,368,1,0
4,main_morgan_r3_228,molecular_fingerprint,0.00062017547996321,-0.00033619610634155414,187,1,0
4,main_morgan_r3_229,molecular_fingerprint,6.380457341745366e-06,-6.133031531337311e-06,625,1,0
4,main_morgan_r3_23,molecular_fingerprint,6.18310779896092e-05,2.554312903940728e-05,515,1,0
4,main_morgan_r3_230,molecular_fingerprint,0.0002909850234950461,-0.0002628857535327553,303,1,0
4,main_morgan_r3_231,molecular_fingerprint,0.00037436376414782185,-0.00011221224538283501,266,1,0
4,main_morgan_r3_232,molecular_fingerprint,7.255122696708188e-05,4.8897920849716076e-05,503,1,0
4,main_morgan_r3_233,molecular_fingerprint,0.00036435793511005346,-0.00016003291881387945,272,1,0
4,main_morgan_r3_235,molecular_fingerprint,2.677229439276137e-05,2.282924489425871e-06,588,1,0
4,main_morgan_r3_236,molecular_fingerprint,0.0005877279905071001,0.00034184143279108846,198,1,0
4,main_morgan_r3_237,molecular_fingerprint,6.221241959180033e-05,-3.8329584119070304e-05,514,1,0
4,main_morgan_r3_238,molecular_fingerprint,0.00022615044140621878,-0.00014211428467120863,333,1,0
4,main_morgan_r3_239,molecular_fingerprint,3.7661441002809524e-05,3.7661441002809524e-05,561,1,0
4,main_morgan_r3_24,molecular_fingerprint,5.83220512191297e-05,1.850954139822786e-05,519,1,0
4,main_morgan_r3_240,molecular_fingerprint,0.0011675837309774242,-0.0003855952539530548,112,1,0
4,main_morgan_r3_241,molecular_fingerprint,0.00013018016081022975,-8.276791405257376e-05,427,1,0
4,main_morgan_r3_242,molecular_fingerprint,0.0002015196179450621,8.180367339837365e-05,357,1,0
4,main_morgan_r3_243,molecular_fingerprint,0.0006326600530127913,-0.0005940832829188974,185,1,0
4,main_morgan_r3_244,molecular_fingerprint,0.0009885157489138924,-0.0005585116164993031,131,1,0
4,main_morgan_r3_246,molecular_fingerprint,0.00011581731719843445,-8.666979156468335e-05,444,1,0
4,main_morgan_r3_247,molecular_fingerprint,9.414400892151457e-05,-1.1902489521528679e-05,473,1,0
4,main_morgan_r3_248,molecular_fingerprint,2.2483190938594865e-05,-2.172490386666621e-05,600,1,0
4,main_morgan_r3_25,molecular_fingerprint,0.00033846950971059826,-0.00033846950971059826,285,1,0
4,main_morgan_r3_250,molecular_fingerprint,0.0012362487064103158,0.0007933698450869996,104,1,0
4,main_morgan_r3_251,molecular_fingerprint,0.00028289308204644715,6.231350887777747e-05,305,1,0
4,main_morgan_r3_253,molecular_fingerprint,0.00015858213423914293,4.292287058825021e-05,392,1,0
4,main_morgan_r3_254,molecular_fingerprint,5.182170980684003e-05,3.6999842318089616e-05,531,1,0
4,main_morgan_r3_255,molecular_fingerprint,0.0003463146019825559,0.0003081240586351757,280,1,0
4,main_morgan_r3_256,molecular_fingerprint,0.0001795897300366455,0.0001795897300366455,373,1,0
4,main_morgan_r3_257,molecular_fingerprint,4.574895321120999e-05,-1.3656636651199337e-05,546,1,0
4,main_morgan_r3_258,molecular_fingerprint,0.00013380207761280697,-5.167000880378381e-05,421,1,0
4,main_morgan_r3_259,molecular_fingerprint,0.001025741024853614,-0.00036952681510690847,126,1,0
4,main_morgan_r3_26,molecular_fingerprint,0.0014306863312991266,0.0014306863312991266,90,1,0
4,main_morgan_r3_260,molecular_fingerprint,8.053403479443152e-06,-4.382215059182373e-06,624,1,0
4,main_morgan_r3_261,molecular_fingerprint,5.595087600719732e-06,2.517517100765569e-06,627,1,0
4,main_morgan_r3_263,molecular_fingerprint,3.10851058157703e-05,2.8852894190944452e-05,576,1,0
4,main_morgan_r3_264,molecular_fingerprint,0.00023270057790152047,-0.00015201552921401647,329,1,0
4,main_morgan_r3_265,molecular_fingerprint,0.0011520670413239663,-0.0009353428949539951,116,1,0
4,main_morgan_r3_266,molecular_fingerprint,0.00013127075531746375,7.586478458231724e-06,425,1,0
4,main_morgan_r3_267,molecular_fingerprint,5.1662541465715446e-05,-4.600278351587248e-05,532,1,0
4,main_morgan_r3_268,molecular_fingerprint,1.683067975872316e-05,1.4348463697836502e-05,608,1,0
4,main_morgan_r3_269,molecular_fingerprint,3.2408774580087786e-05,-7.378973686576902e-06,574,1,0
4,main_morgan_r3_27,molecular_fingerprint,8.341518658232317e-05,-7.63894714214904e-05,488,1,0
4,main_morgan_r3_270,molecular_fingerprint,0.00015763756289640838,-9.39108331225214e-05,394,1,0
4,main_morgan_r3_271,molecular_fingerprint,0.0009961805692281051,-0.00014999448502725463,130,1,0
4,main_morgan_r3_273,molecular_fingerprint,8.869464633603584e-05,-1.9467874257878113e-05,481,1,0
4,main_morgan_r3_274,molecular_fingerprint,1.7601117054558324e-05,1.2467713898634731e-05,605,1,0
4,main_morgan_r3_275,molecular_fingerprint,0.0003651400583299611,0.0002152585722541211,271,1,0
4,main_morgan_r3_276,molecular_fingerprint,0.0001924196764276135,-3.705428742902384e-05,364,1,0
4,main_morgan_r3_277,molecular_fingerprint,0.00013452325821936665,0.00012562722627721873,420,1,0
4,main_morgan_r3_278,molecular_fingerprint,0.00013541880617244341,5.01921186879094e-05,419,1,0
4,main_morgan_r3_279,molecular_fingerprint,7.911547340045091e-05,-3.399045800452746e-05,494,1,0
4,main_morgan_r3_28,molecular_fingerprint,4.565459308445775e-05,4.565459308445775e-05,547,1,0
4,main_morgan_r3_280,molecular_fingerprint,0.00013793979329149248,-0.00013793979329149248,415,1,0
4,main_morgan_r3_281,molecular_fingerprint,0.0003758333096727837,-0.0001915127093500107,265,1,0
4,main_morgan_r3_283,molecular_fingerprint,0.00014126652836896232,-0.00014126652836896232,412,1,0
4,main_morgan_r3_284,molecular_fingerprint,1.1766990283174687e-05,-6.983067540507672e-07,620,1,0
4,main_morgan_r3_285,molecular_fingerprint,1.6125152692502026e-05,-1.3584028819132565e-05,609,1,0
4,main_morgan_r3_286,molecular_fingerprint,0.0004969910457097822,0.00011768778772715647,220,1,0
4,main_morgan_r3_287,molecular_fingerprint,0.000688429438831035,-0.0003810763879539693,173,1,0
4,main_morgan_r3_288,molecular_fingerprint,4.963227569937266e-05,-6.766969046212687e-06,539,1,0
4,main_morgan_r3_289,molecular_fingerprint,0.0011608545186151927,-0.0004971000476523894,113,1,0
4,main_morgan_r3_29,molecular_fingerprint,0.0011373497745444498,-8.478249183992957e-05,118,1,0
4,main_morgan_r3_290,molecular_fingerprint,0.001683447727244275,-0.0003946336771142001,79,1,0
4,main_morgan_r3_291,molecular_fingerprint,0.00011160365972715326,-0.00011160365972715326,453,1,0
4,main_morgan_r3_292,molecular_fingerprint,0.00022602252744901658,-0.00013460165158164726,335,1,0
4,main_morgan_r3_293,molecular_fingerprint,0.0003273208568201844,-0.0002398828824267854,292,1,0
4,main_morgan_r3_294,molecular_fingerprint,9.701380606118609e-05,-5.257167018036233e-05,470,1,0
4,main_morgan_r3_295,molecular_fingerprint,0.0011583146740813612,-0.00015347679888443055,114,1,0
4,main_morgan_r3_296,molecular_fingerprint,0.0001211691518394452,0.0001086242711108317,439,1,0
4,main_morgan_r3_299,molecular_fingerprint,0.0,0.0,705,0,0
4,main_morgan_r3_3,molecular_fingerprint,0.0009546138677236235,-0.0002788873441969761,135,1,0
4,main_morgan_r3_30,molecular_fingerprint,4.467026825588662e-05,1.767723464609282e-05,549,1,0
4,main_morgan_r3_300,molecular_fingerprint,5.129811516073662e-05,-4.4035406038650166e-05,533,1,0
4,main_morgan_r3_301,molecular_fingerprint,4.101707894146027e-05,-4.101707894146027e-05,555,1,0
4,main_morgan_r3_303,molecular_fingerprint,0.0001532246796577713,0.0001257381980763562,397,1,0
4,main_morgan_r3_304,molecular_fingerprint,3.298160552857452e-05,-3.21498339030768e-05,571,1,0
4,main_morgan_r3_305,molecular_fingerprint,0.000421960127758041,-0.0002805064413535281,249,1,0
4,main_morgan_r3_306,molecular_fingerprint,1.2554335903839981e-05,-1.004764184547942e-05,617,1,0
4,main_morgan_r3_307,molecular_fingerprint,9.02253817471996e-05,3.144670972885757e-05,478,1,0
4,main_morgan_r3_308,molecular_fingerprint,0.0003589366100184716,0.00019556738625477502,275,1,0
4,main_morgan_r3_309,molecular_fingerprint,0.00041519415644668105,-8.897411168202751e-05,250,1,0
4,main_morgan_r3_31,molecular_fingerprint,0.0001778386728792863,-0.00012378324742144282,374,1,0
4,main_morgan_r3_310,molecular_fingerprint,0.0007246819808280156,-0.00038605666216632526,166,1,0
4,main_morgan_r3_311,molecular_fingerprint,0.0,0.0,705,0,0
4,main_morgan_r3_312,molecular_fingerprint,0.0004077873884403655,-0.00027536081987733507,253,1,0
4,main_morgan_r3_313,molecular_fingerprint,3.391096630060196e-05,3.8826200989521774e-06,569,1,0
4,main_morgan_r3_314,molecular_fingerprint,0.002053911989700552,-0.0004806532956897139,63,1,0
4,main_morgan_r3_315,molecular_fingerprint,0.00021275996785975886,-0.000205654655207377,348,1,0
4,main_morgan_r3_316,molecular_fingerprint,0.00048571383479836545,0.00014042896875149634,223,1,0
4,main_morgan_r3_317,molecular_fingerprint,0.0006077079543534719,0.00011362576517425102,191,1,0
4,main_morgan_r3_318,molecular_fingerprint,1.4102214269466153e-06,-1.4102214269466153e-06,635,1,0
4,main_morgan_r3_319,molecular_fingerprint,0.0007085257043518408,-0.00016788854175257966,169,1,0
4,main_morgan_r3_32,molecular_fingerprint,5.2909446033027066e-05,-1.8740629151731506e-05,530,1,0
4,main_morgan_r3_320,molecular_fingerprint,0.00045601761471364925,-0.00017471835328352524,237,1,0
4,main_morgan_r3_321,molecular_fingerprint,0.00037007626256834353,0.00037007626256834353,269,1,0
4,main_morgan_r3_322,molecular_fingerprint,0.0020225952299517116,-0.00010187686970217182,66,1,0
4,main_morgan_r3_323,molecular_fingerprint,4.509611206536986e-05,4.4329409255487764e-05,548,1,0
4,main_morgan_r3_324,molecular_fingerprint,0.00022911715893622872,2.6664861067378828e-05,330,1,0
4,main_morgan_r3_325,molecular_fingerprint,0.00037680593555406246,1.4866065120797272e-06,264,1,0
4,main_morgan_r3_326,molecular_fingerprint,0.0031495572758424126,-0.0006702804654831982,48,1,0
4,main_morgan_r3_328,molecular_fingerprint,2.5736164796449482e-05,1.4628450942382191e-05,589,1,0
4,main_morgan_r3_329,molecular_fingerprint,0.0006523272561365169,-0.00028136579200720505,179,1,0
4,main_morgan_r3_33,molecular_fingerprint,0.0008738283378859733,-0.0005242806121432902,148,1,0
4,main_morgan_r3_330,molecular_fingerprint,9.006491578072466e-05,-6.667047300546692e-05,479,1,0
4,main_morgan_r3_331,molecular_fingerprint,0.0015842452533368048,-0.0013126269299928676,83,1,0
4,main_morgan_r3_332,molecular_fingerprint,0.0006205725761554959,-0.0004086463004510833,186,1,0
4,main_morgan_r3_333,molecular_fingerprint,2.4860288031681587e-05,7.559033239961838e-06,592,1,0
4,main_morgan_r3_335,molecular_fingerprint,6.786160658468216e-05,-4.684930502310495e-06,507,1,0
4,main_morgan_r3_336,molecular_fingerprint,0.0,0.0,640,1,0
4,main_morgan_r3_338,molecular_fingerprint,0.0,0.0,705,0,0
4,main_morgan_r3_339,molecular_fingerprint,0.00015277708486798427,0.00013801036083862074,399,1,0
4,main_morgan_r3_34,molecular_fingerprint,4.111755143566815e-05,-4.209470272555172e-06,554,1,0
4,main_morgan_r3_340,molecular_fingerprint,0.00047478481565014537,9.366964061219583e-05,228,1,0
4,main_morgan_r3_341,molecular_fingerprint,0.001294736671798105,1.9990540228827988e-05,102,1,0
4,main_morgan_r3_342,molecular_fingerprint,0.00010153441385391992,3.618060365940641e-05,463,1,0
4,main_morgan_r3_344,molecular_fingerprint,0.0,0.0,642,1,0
4,main_morgan_r3_345,molecular_fingerprint,6.695881697592339e-05,1.4328781418081843e-05,509,1,0
4,main_morgan_r3_346,molecular_fingerprint,0.001216970115635081,-9.369291083431444e-05,106,1,0
4,main_morgan_r3_347,molecular_fingerprint,0.00011326796410457977,1.952411446104127e-05,450,1,0
4,main_morgan_r3_348,molecular_fingerprint,0.00026851282243607475,0.00020461446104655398,311,1,0
4,main_morgan_r3_349,molecular_fingerprint,0.0002032511986803658,-0.00018450017110315756,354,1,0
4,main_morgan_r3_35,molecular_fingerprint,1.231219531342099e-05,-1.1210088533112457e-05,618,1,0
4,main_morgan_r3_351,molecular_fingerprint,4.755416207747959e-05,3.8626470288565746e-05,543,1,0
4,main_morgan_r3_353,molecular_fingerprint,1.5277512573498423e-05,-1.42404529083251e-05,613,1,0
4,main_morgan_r3_354,molecular_fingerprint,0.0004300000177287681,-0.00024020803307343562,246,1,0
4,main_morgan_r3_357,molecular_fingerprint,0.00033300496970621265,-0.00018496144138258012,290,1,0
4,main_morgan_r3_358,molecular_fingerprint,0.0,0.0,643,1,0
4,main_morgan_r3_359,molecular_fingerprint,5.135838565972031e-06,2.337600199603508e-06,628,1,0
4,main_morgan_r3_36,molecular_fingerprint,0.00021532769793136848,0.00021532769793136848,345,1,0
4,main_morgan_r3_360,molecular_fingerprint,0.0002379694971885726,-5.222138188478375e-05,324,1,0
4,main_morgan_r3_361,molecular_fingerprint,0.00011788724107671239,-0.00011788724107671239,442,1,0
4,main_morgan_r3_362,molecular_fingerprint,0.00022779840868988944,-1.2071844757315372e-05,331,1,0
4,main_morgan_r3_363,molecular_fingerprint,0.0012080812878190424,-0.0003700641673462871,109,1,0
4,main_morgan_r3_364,molecular_fingerprint,1.5946392658053004e-05,-1.5946392658053004e-05,611,1,0
4,main_morgan_r3_365,molecular_fingerprint,9.378718963047404e-05,-4.482020678058992e-05,474,1,0
4,main_morgan_r3_366,molecular_fingerprint,0.00017348964387912884,-0.00012297727754644129,380,1,0
4,main_morgan_r3_367,molecular_fingerprint,0.0006877556968595318,0.00010521925754661742,174,1,0
4,main_morgan_r3_37,molecular_fingerprint,0.000437817698407075,0.000437817698407075,242,1,0
4,main_morgan_r3_370,molecular_fingerprint,0.000500688113889838,0.000500688113889838,218,1,0
4,main_morgan_r3_371,molecular_fingerprint,0.00021706336886157687,-0.00018419258746958016,343,1,0
4,main_morgan_r3_372,molecular_fingerprint,1.3521684214134033e-05,-1.3417054213581041e-05,614,1,0
4,main_morgan_r3_373,molecular_fingerprint,0.00010303776052473444,-8.247055343695643e-05,461,1,0
4,main_morgan_r3_374,molecular_fingerprint,0.00034818561229138186,-5.82074181227199e-05,279,1,0
4,main_morgan_r3_375,molecular_fingerprint,0.00032475960960311916,-0.00026602550097889577,293,1,0
4,main_morgan_r3_376,molecular_fingerprint,3.7858378821372047e-05,3.602138583984368e-05,560,1,0
4,main_morgan_r3_377,molecular_fingerprint,0.0007100921212079925,0.00032291893974461215,168,1,0
4,main_morgan_r3_378,molecular_fingerprint,0.0016972892934202382,-0.0008848880738080835,78,1,0
4,main_morgan_r3_379,molecular_fingerprint,0.0011372236578948663,-0.00023550992529243969,119,1,0
4,main_morgan_r3_38,molecular_fingerprint,0.0,0.0,664,1,0
4,main_morgan_r3_381,molecular_fingerprint,8.589123999767722e-05,6.891183981731312e-05,485,1,0
4,main_morgan_r3_382,molecular_fingerprint,0.00047947619874684553,-2.1353518814919422e-05,227,1,0
4,main_morgan_r3_383,molecular_fingerprint,0.000177467228608508,-7.518752351316493e-05,376,1,0
4,main_morgan_r3_384,molecular_fingerprint,2.3524411047017364e-05,8.555850764019448e-06,598,1,0
4,main_morgan_r3_385,molecular_fingerprint,0.00040498959579402866,-0.00026653675741513896,254,1,0
4,main_morgan_r3_386,molecular_fingerprint,0.0007227713808558811,-0.0002941657289535253,167,1,0
4,main_morgan_r3_387,molecular_fingerprint,0.0019179704586793232,4.71893005928968e-05,68,1,0
4,main_morgan_r3_388,molecular_fingerprint,0.0,0.0,638,1,0
4,main_morgan_r3_389,molecular_fingerprint,0.00032367391988649056,1.8531965169026576e-05,295,1,0
4,main_morgan_r3_39,molecular_fingerprint,0.00016725971486595076,3.0458343807645682e-05,387,1,0
4,main_morgan_r3_390,molecular_fingerprint,8.612703758322325e-05,-2.0413858735845263e-05,483,1,0
4,main_morgan_r3_391,molecular_fingerprint,1.9407143672462242e-05,2.290262930715572e-06,604,1,0
4,main_morgan_r3_392,molecular_fingerprint,0.00021211390462130364,-5.693744321566007e-05,349,1,0
4,main_morgan_r3_393,molecular_fingerprint,0.00027030891991332035,-1.345696261916076e-05,309,1,0
4,main_morgan_r3_394,molecular_fingerprint,0.00016518708096380322,-6.457540972075293e-05,388,1,0
4,main_morgan_r3_395,molecular_fingerprint,7.977738195750006e-05,4.745244445602893e-05,492,1,0
4,main_morgan_r3_396,molecular_fingerprint,0.0001397897170809238,-5.218334084244388e-05,414,1,0
4,main_morgan_r3_397,molecular_fingerprint,0.00015809455550958596,-0.00012483638495208678,393,1,0
4,main_morgan_r3_398,molecular_fingerprint,2.689369739250146e-05,2.2530532153268726e-05,587,1,0
4,main_morgan_r3_399,molecular_fingerprint,0.0005515135628354528,-0.00011286536606007759,207,1,0
4,main_morgan_r3_4,molecular_fingerprint,0.00017971908334479908,0.00017971908334479908,372,1,0
4,main_morgan_r3_40,molecular_fingerprint,8.409098137260823e-05,8.409098137260823e-05,487,1,0
4,main_morgan_r3_400,molecular_fingerprint,0.00039579674891004717,-0.00010492543077800874,255,1,0
4,main_morgan_r3_401,molecular_fingerprint,0.0004451305309166761,-8.373713267131517e-05,239,1,0
4,main_morgan_r3_402,molecular_fingerprint,5.1234930362700973e-05,4.2734802229284075e-05,534,1,0
4,main_morgan_r3_403,molecular_fingerprint,0.000239127160893986,0.000239127160893986,323,1,0
4,main_morgan_r3_404,molecular_fingerprint,1.2038202924537068e-06,1.2038202924537068e-06,636,1,0
4,main_morgan_r3_405,molecular_fingerprint,0.0008387015327436605,0.0005992953237683371,152,1,0
4,main_morgan_r3_406,molecular_fingerprint,0.00011327957193233354,9.965033937262211e-05,449,1,0
4,main_morgan_r3_407,molecular_fingerprint,0.00030296169934722957,0.0002523598687985718,299,1,0
4,main_morgan_r3_408,molecular_fingerprint,0.00043015606534987043,0.00043015606534987043,245,1,0
4,main_morgan_r3_409,molecular_fingerprint,3.7542950156219174e-05,-3.053227003369505e-05,563,1,0
4,main_morgan_r3_41,molecular_fingerprint,0.0009245697730526812,-0.00027502315950726265,142,1,0
4,main_morgan_r3_410,molecular_fingerprint,0.00014277705588027192,-6.110697431301069e-05,410,1,0
4,main_morgan_r3_411,molecular_fingerprint,0.0005204573450240504,-0.0002497247059671025,213,1,0
4,main_morgan_r3_412,molecular_fingerprint,0.00013653368171819442,0.00013653368171819442,416,1,0
4,main_morgan_r3_413,molecular_fingerprint,1.556024062973431e-05,5.8241254624470505e-06,612,1,0
4,main_morgan_r3_414,molecular_fingerprint,0.0028821514187905425,-0.00138185853974857,49,1,0
4,main_morgan_r3_415,molecular_fingerprint,0.00014861164445156936,0.00010824818421198755,405,1,0
4,main_morgan_r3_416,molecular_fingerprint,0.0003237625829841572,0.00011025739050558197,294,1,0
4,main_morgan_r3_417,molecular_fingerprint,0.0,0.0,641,1,0
4,main_morgan_r3_418,molecular_fingerprint,5.0162485278993515e-05,1.351792034114396e-05,536,1,0
4,main_morgan_r3_419,molecular_fingerprint,0.000171738147307489,-0.00011851301442176364,382,1,0
4,main_morgan_r3_42,molecular_fingerprint,7.621870237032779e-05,-7.6017805964265e-05,500,1,0
4,main_morgan_r3_420,molecular_fingerprint,0.0001777696815973842,6.459553750409619e-05,375,1,0
4,main_morgan_r3_421,molecular_fingerprint,0.00034868494699724005,-0.00013086886138732247,278,1,0
4,main_morgan_r3_422,molecular_fingerprint,0.0001501550566215176,-3.6525188279167905e-05,403,1,0
4,main_morgan_r3_423,molecular_fingerprint,0.0005696977108260314,-0.00023044829688574164,203,1,0
4,main_morgan_r3_424,molecular_fingerprint,0.00012839398915125518,-0.000117546857866352,429,1,0
4,main_morgan_r3_425,molecular_fingerprint,0.0005784548153073705,-0.00024553842086889844,199,1,0
4,main_morgan_r3_426,molecular_fingerprint,2.945236656349455e-05,-2.1114136913461655e-05,581,1,0
4,main_morgan_r3_427,molecular_fingerprint,4.580906834843765e-05,-3.2293387101710716e-05,545,1,0
4,main_morgan_r3_428,molecular_fingerprint,0.0003116725206025449,7.935207052581106e-05,298,1,0
4,main_morgan_r3_429,molecular_fingerprint,0.0002763048782570523,0.0002763048782570523,307,1,0
4,main_morgan_r3_43,molecular_fingerprint,6.161231137550912e-05,-5.713130846806458e-05,516,1,0
4,main_morgan_r3_430,molecular_fingerprint,0.00011870231092264777,8.392507371960716e-07,441,1,0
4,main_morgan_r3_432,molecular_fingerprint,0.0014253495061186075,-0.0005543193052795281,91,1,0
4,main_morgan_r3_433,molecular_fingerprint,0.00019095891057239336,-8.93426937109254e-05,367,1,0
4,main_morgan_r3_434,molecular_fingerprint,0.0005398984720713113,-0.00045745721246690776,209,1,0
4,main_morgan_r3_436,molecular_fingerprint,0.0,0.0,650,1,0
4,main_morgan_r3_437,molecular_fingerprint,1.711366246228054e-05,-1.4669320407847406e-05,607,1,0
4,main_morgan_r3_438,molecular_fingerprint,0.00016870884967475931,-0.00016870884967475931,385,1,0
4,main_morgan_r3_439,molecular_fingerprint,0.0001445728396126671,-0.00014380125136237133,408,1,0
4,main_morgan_r3_44,molecular_fingerprint,0.0,0.0,660,1,0
4,main_morgan_r3_440,molecular_fingerprint,0.0,0.0,705,0,0
4,main_morgan_r3_441,molecular_fingerprint,0.000176746577050532,0.000176746577050532,378,1,0
4,main_morgan_r3_442,molecular_fingerprint,0.00015227539796537965,-0.00015227539796537965,400,1,0
4,main_morgan_r3_443,molecular_fingerprint,5.911084975968115e-05,-9.21741356359954e-06,518,1,0
4,main_morgan_r3_444,molecular_fingerprint,0.00011346867468917961,2.001928946127047e-06,447,1,0
4,main_morgan_r3_445,molecular_fingerprint,8.608516711521788e-06,-2.2633257079481476e-07,622,1,0
4,main_morgan_r3_447,molecular_fingerprint,0.00023670951176831695,0.00023670951176831695,326,1,0
4,main_morgan_r3_448,molecular_fingerprint,0.0,0.0,649,1,0
4,main_morgan_r3_449,molecular_fingerprint,2.7755886615068443e-05,-4.97352980523323e-06,585,1,0
4,main_morgan_r3_45,molecular_fingerprint,0.0011932795894208207,-0.0004312948780732738,110,1,0
4,main_morgan_r3_450,molecular_fingerprint,0.00017011274199628835,-0.00017011274199628835,383,1,0
4,main_morgan_r3_451,molecular_fingerprint,0.00019933114069508193,-5.3640908712328564e-05,358,1,0
4,main_morgan_r3_452,molecular_fingerprint,5.4806183685798265e-05,-5.4806183685798265e-05,526,1,0
4,main_morgan_r3_453,molecular_fingerprint,4.9605817820482407e-05,3.149034461488201e-05,540,1,0
4,main_morgan_r3_455,molecular_fingerprint,0.00016808807635129602,9.392193919021949e-05,386,1,0
4,main_morgan_r3_456,molecular_fingerprint,0.00022611572460107257,4.625081670490594e-05,334,1,0
4,main_morgan_r3_458,molecular_fingerprint,3.727994649753757e-05,-3.6453289084413944e-05,564,1,0
4,main_morgan_r3_459,molecular_fingerprint,2.7404692301142097e-05,-1.0100341676617416e-05,586,1,0
4,main_morgan_r3_46,molecular_fingerprint,0.00033047322408819474,-4.613537553639606e-05,291,1,0
4,main_morgan_r3_460,molecular_fingerprint,0.0006936760945205534,0.00018005212547633317,172,1,0
4,main_morgan_r3_461,molecular_fingerprint,0.000464436322401743,-4.173824485218031e-05,233,1,0
4,main_morgan_r3_462,molecular_fingerprint,0.000456069561748696,-5.855058340260838e-06,236,1,0
4,main_morgan_r3_463,molecular_fingerprint,0.00014996562395253927,0.00011913416858305938,404,1,0
4,main_morgan_r3_464,molecular_fingerprint,0.0,0.0,648,1,0
4,main_morgan_r3_465,molecular_fingerprint,4.15598016717114e-06,-2.082002284977433e-06,630,1,0
4,main_morgan_r3_466,molecular_fingerprint,0.00015063658590911983,-0.00014357361859083549,402,1,0
4,main_morgan_r3_467,molecular_fingerprint,6.30445295142105e-05,3.649666594925173e-05,513,1,0
4,main_morgan_r3_468,molecular_fingerprint,0.00021993031478487527,1.025388676873076e-06,341,1,0
4,main_morgan_r3_469,molecular_fingerprint,0.0009195125460831834,-0.0005761082650834876,144,1,0
4,main_morgan_r3_47,molecular_fingerprint,0.00019327646981257845,-3.462303344829508e-06,363,1,0
4,main_morgan_r3_473,molecular_fingerprint,0.00132536230633611,-0.0001434768473983341,99,1,0
4,main_morgan_r3_474,molecular_fingerprint,2.940610028749309e-05,1.5023456107599031e-05,582,1,0
4,main_morgan_r3_475,molecular_fingerprint,2.4585696701346184e-05,-1.7673197844582468e-05,594,1,0
4,main_morgan_r3_476,molecular_fingerprint,0.00013226060941053995,-4.5180806867711626e-05,423,1,0
4,main_morgan_r3_477,molecular_fingerprint,9.925121587946876e-05,9.58515370580433e-05,466,1,0
4,main_morgan_r3_478,molecular_fingerprint,0.0,0.0,653,1,0
4,main_morgan_r3_479,molecular_fingerprint,0.0005580513212177921,-0.0005580513212177921,205,1,0
4,main_morgan_r3_48,molecular_fingerprint,0.00014176998829820302,-0.00014176998829820302,411,1,0
4,main_morgan_r3_480,molecular_fingerprint,2.0754467082453076e-05,1.4219532511769249e-05,603,1,0
4,main_morgan_r3_481,molecular_fingerprint,0.00019503425996933598,3.707390068850854e-05,362,1,0
4,main_morgan_r3_482,molecular_fingerprint,0.000454211541494954,-0.0002182519947180318,238,1,0
4,main_morgan_r3_483,molecular_fingerprint,4.9858027994452604e-05,-3.464910459301665e-05,538,1,0
4,main_morgan_r3_484,molecular_fingerprint,0.0,0.0,647,1,0
4,main_morgan_r3_485,molecular_fingerprint,0.0005015685386539639,0.00019433032997901657,217,1,0
4,main_morgan_r3_486,molecular_fingerprint,0.0003781371690488476,-0.0003368726424243265,262,1,0
4,main_morgan_r3_487,molecular_fingerprint,9.655762572517941e-05,-5.0331625864651476e-05,471,1,0
4,main_morgan_r3_488,molecular_fingerprint,0.0008349315911832238,-0.0006577414631587746,153,1,0
4,main_morgan_r3_489,molecular_fingerprint,0.0008882328993976708,0.000552113203137839,147,1,0
4,main_morgan_r3_49,molecular_fingerprint,9.310585063196363e-05,9.310585063196363e-05,475,1,0
4,main_morgan_r3_490,molecular_fingerprint,0.0003627714151298278,0.0003627714151298278,273,1,0
4,main_morgan_r3_491,molecular_fingerprint,0.00035855491356024863,6.708173685091712e-06,276,1,0
4,main_morgan_r3_492,molecular_fingerprint,3.2930126608934835e-05,-7.053581546819663e-06,572,1,0
4,main_morgan_r3_493,molecular_fingerprint,4.444089701256043e-05,-3.4667307566770122e-06,550,1,0
4,main_morgan_r3_494,molecular_fingerprint,9.541168445310907e-05,-9.101699359533596e-05,472,1,0
4,main_morgan_r3_495,molecular_fingerprint,0.0012149720998666188,-0.00046553093723641963,107,1,0
4,main_morgan_r3_496,molecular_fingerprint,0.00039424223336442224,-0.0002912827321999008,256,1,0
4,main_morgan_r3_497,molecular_fingerprint,7.481853892370239e-05,7.318703515089846e-05,501,1,0
4,main_morgan_r3_498,molecular_fingerprint,0.00010019279877285368,-7.135797868522156e-05,465,1,0
4,main_morgan_r3_499,molecular_fingerprint,0.0012900774397882008,-0.001107233714532572,103,1,0
4,main_morgan_r3_5,molecular_fingerprint,0.0012111556744971116,-0.00018822504137050246,108,1,0
4,main_morgan_r3_50,molecular_fingerprint,0.00039289321270593463,-0.000245538138749958,257,1,0
4,main_morgan_r3_500,molecular_fingerprint,4.434999501477755e-05,-1.8398879005872012e-05,551,1,0
4,main_morgan_r3_501,molecular_fingerprint,0.00029856056296124063,-0.00011507361044757484,300,1,0
4,main_morgan_r3_502,molecular_fingerprint,0.0003459119205094415,-0.00014477825163601837,281,1,0
4,main_morgan_r3_503,molecular_fingerprint,0.0006047603978334515,0.0002454913771646892,192,1,0
4,main_morgan_r3_504,molecular_fingerprint,0.0003343526125806621,-0.0003343526125806621,289,1,0
4,main_morgan_r3_505,molecular_fingerprint,4.696806807343832e-05,4.476794913679151e-05,544,1,0
4,main_morgan_r3_506,molecular_fingerprint,6.611015880508828e-05,1.4972441927277996e-05,512,1,0
4,main_morgan_r3_507,molecular_fingerprint,0.00015289285745047777,3.1278636788481464e-05,398,1,0
4,main_morgan_r3_508,molecular_fingerprint,3.530435230168729e-05,-3.514332582009653e-05,566,1,0
4,main_morgan_r3_51,molecular_fingerprint,0.0001634754748757435,0.0001634754748757435,389,1,0
4,main_morgan_r3_510,molecular_fingerprint,0.0003709310940916389,-3.83752675803535e-07,268,1,0
4,main_morgan_r3_511,molecular_fingerprint,2.176768808908492e-05,2.176768808908492e-05,602,1,0
4,main_morgan_r3_52,molecular_fingerprint,7.882437005043305e-05,-4.558061466405476e-06,495,1,0
4,main_morgan_r3_53,molecular_fingerprint,0.0001479991191496942,-9.671773340730603e-05,406,1,0
4,main_morgan_r3_54,molecular_fingerprint,0.0,0.0,661,1,0
4,main_morgan_r3_55,molecular_fingerprint,0.000590476800052393,7.168290519526722e-05,196,1,0
4,main_morgan_r3_56,molecular_fingerprint,2.30487727546031e-05,-1.618985852328731e-05,599,1,0
4,main_morgan_r3_57,molecular_fingerprint,0.0,0.0,656,1,0
4,main_morgan_r3_58,molecular_fingerprint,2.3758429855923343e-05,1.9696949005047295e-05,597,1,0
4,main_morgan_r3_59,molecular_fingerprint,0.0002021682062171395,0.00020184819147554356,356,1,0
4,main_morgan_r3_6,molecular_fingerprint,0.0003713952338852127,-0.0002509767828932436,267,1,0
4,main_morgan_r3_60,molecular_fingerprint,0.00021442755071411236,-6.679404408739884e-06,346,1,0
4,main_morgan_r3_61,molecular_fingerprint,0.0004928071112432046,-0.0004928071112432046,222,1,0
4,main_morgan_r3_62,molecular_fingerprint,0.0,0.0,662,1,0
4,main_morgan_r3_63,molecular_fingerprint,0.0009297540215277146,-0.00016672289457697706,139,1,0
4,main_morgan_r3_66,molecular_fingerprint,0.0004609122786995336,8.171487839454982e-05,235,1,0
4,main_morgan_r3_67,molecular_fingerprint,9.848550477777788e-05,2.3074304442742595e-05,468,1,0
4,main_morgan_r3_68,molecular_fingerprint,5.772355145179769e-05,-5.772355145179769e-05,521,1,0
4,main_morgan_r3_69,molecular_fingerprint,3.286645372289363e-05,2.8756360912641167e-05,573,1,0
4,main_morgan_r3_7,molecular_fingerprint,0.0002624374514744963,1.8065763992368827e-05,314,1,0
4,main_morgan_r3_70,molecular_fingerprint,0.0003777811116755301,-0.0003347692071318105,263,1,0
4,main_morgan_r3_71,molecular_fingerprint,0.0001913012179536208,3.281741149066086e-05,366,1,0
4,main_morgan_r3_72,molecular_fingerprint,0.00025418370129260537,0.00025418370129260537,317,1,0
4,main_morgan_r3_73,molecular_fingerprint,0.00022388973248659735,-1.3465472077637876e-05,337,1,0
4,main_morgan_r3_74,molecular_fingerprint,7.694276999220367e-05,-1.4044527773080525e-05,496,1,0
4,main_morgan_r3_75,molecular_fingerprint,1.0599468399290242e-05,-7.470197740152189e-07,621,1,0
4,main_morgan_r3_76,molecular_fingerprint,9.234534453749494e-05,-1.7034226682544812e-05,476,1,0
4,main_morgan_r3_77,molecular_fingerprint,0.00013117781704919038,9.478489081217842e-05,426,1,0
4,main_morgan_r3_78,molecular_fingerprint,7.92199158060056e-05,-7.92199158060056e-05,493,1,0
4,main_morgan_r3_79,molecular_fingerprint,0.0001700433800253048,3.784204276008017e-05,384,1,0
4,main_morgan_r3_8,molecular_fingerprint,0.000556574392080099,-0.00038400894735854895,206,1,0
4,main_morgan_r3_80,molecular_fingerprint,0.002796389517066148,-0.00026463454209268793,50,1,0
4,main_morgan_r3_81,molecular_fingerprint,0.0005176285130679365,-0.0001500747565187213,214,1,0
4,main_morgan_r3_82,molecular_fingerprint,0.0007577622803857605,7.70040713706205e-05,160,1,0
4,main_morgan_r3_83,molecular_fingerprint,0.0001752779519965012,0.0001752779519965012,379,1,0
4,main_morgan_r3_84,molecular_fingerprint,0.00021921165775564886,-3.1956653670653816e-05,342,1,0
4,main_morgan_r3_85,molecular_fingerprint,0.00018259553013730094,-7.688558289580608e-05,371,1,0
4,main_morgan_r3_87,molecular_fingerprint,0.0,0.0,705,0,0
4,main_morgan_r3_88,molecular_fingerprint,2.5132267919853264e-05,2.4417338782980216e-05,590,1,0
4,main_morgan_r3_89,molecular_fingerprint,5.362542046896124e-05,-2.9671114008225323e-05,529,1,0
4,main_morgan_r3_9,molecular_fingerprint,7.631847311687225e-05,-6.1037647694017e-05,499,1,0
4,main_morgan_r3_90,molecular_fingerprint,0.0009490992207322358,6.227964146106442e-05,137,1,0
4,main_morgan_r3_91,molecular_fingerprint,0.0,0.0,655,1,0
4,main_morgan_r3_92,molecular_fingerprint,4.3338870908529415e-06,1.3620881267999936e-06,629,1,0
4,main_morgan_r3_93,molecular_fingerprint,8.454424983995073e-05,-2.250896849438454e-05,486,1,0
4,main_morgan_r3_94,molecular_fingerprint,0.0006166644230262364,-0.00040003200645508563,189,1,0
4,main_morgan_r3_95,molecular_fingerprint,0.00015168706918221317,7.884126976993538e-05,401,1,0
4,main_morgan_r3_96,molecular_fingerprint,7.186237776623883e-05,-7.186237776623883e-05,504,1,0
4,main_morgan_r3_97,molecular_fingerprint,0.0008389541093957732,0.00047482445301031686,151,1,0
4,main_morgan_r3_98,molecular_fingerprint,0.00010581070373531375,0.00010581070373531375,459,1,0
4,main_morgan_r3_99,molecular_fingerprint,0.000392611554180249,6.527094604233558e-05,258,1,0
5,B/P ratio,elemental_composition,0.0,0.0,646,1,0
5,B/P_ratio_sq,elemental_composition,0.0,0.0,684,1,0
5,B/P_ratio_sqrt,elemental_composition,0.0006935878532052207,-0.00021451944372024128,156,1,0
5,B_content wt%,elemental_composition,0.0,0.0,645,1,0
5,B_content_wt%_sq,elemental_composition,0.0,0.0,687,1,0
5,B_content_wt%_sqrt,elemental_composition,0.0009442422805619168,-0.0002912274107459072,123,1,0
5,B_loading_real,formulation_loading,0.0,0.0,683,1,0
5,B_loading_real_sq,formulation_loading,0.0,0.0,682,1,0
5,B_loading_real_sqrt,formulation_loading,0.000799649947463068,-0.00027296378919901244,138,1,0
5,Co_FR_fraction,formulation_loading,0.0001305424697228672,-9.468551217954275e-05,397,1,0
5,Co_FR_present,other,0.0005327851403279106,-0.0005176524993049093,190,1,0
5,Cure_Temp_Max,curing_and_preparation,0.0003550469083347154,-3.705675790281291e-06,257,1,0
5,CuringAgent_Has_B,molecular_descriptor,1.544553916674987e-05,1.544553916674987e-05,602,1,0
5,CuringAgent_Has_N,molecular_descriptor,0.00013759457928660235,-4.576203545577567e-05,389,1,0
5,CuringAgent_Has_P,molecular_descriptor,0.0,0.0,705,0,0
5,CuringAgent_Has_S,molecular_descriptor,0.0007321751260615546,-4.571915579924099e-06,148,1,0
5,Has_B,elemental_composition,0.0,0.0,665,1,0
5,Has_N,elemental_composition,0.0017764225277293309,-0.0006619535684210265,76,1,0
5,Has_P,elemental_composition,0.006222204741012927,-0.002168900974007152,19,1,1
5,Has_S,elemental_composition,0.0001786844007187937,6.267719468654478e-05,352,1,0
5,Has_Si,elemental_composition,0.0004959699518562072,0.0004959699518562072,199,1,0
5,Loading_total_FR wt%,formulation_loading,0.005271654416235552,-0.0015840356028890936,26,1,0
5,Loading_total_FR_sq,formulation_loading,0.005062909489709519,-0.001506089016079828,27,1,0
5,Loading_total_FR_sqrt,formulation_loading,0.010557638387403485,-0.0029917153029139472,4,1,1
5,Loading_x_Synergy,formulation_loading,0.008589457255630921,-0.0016863927796284528,8,1,1
5,Main_FR_fraction,formulation_loading,0.00457726986017216,-0.0012940192478788498,33,1,0
5,Main_FR_present,other,0.005561458141788637,-0.001348414914297993,23,1,0
5,N/P ratio,elemental_composition,0.0007651728631730732,7.040926355679112e-05,141,1,0
5,N/P_ratio_sq,elemental_composition,0.0004889677552943538,0.00011058300283913521,202,1,0
5,N/P_ratio_sqrt,elemental_composition,0.0022059421420137764,-0.0002810088884035937,59,1,0
5,N_content wt%,elemental_composition,0.0033417177263076188,-0.0016350261311780458,45,1,0
5,N_content_wt%_sq,elemental_composition,0.0024516701858086206,-0.00105676590878039,56,1,0
5,N_content_wt%_sqrt,elemental_composition,0.0045465312768646765,-0.0019659679163830587,34,1,0
5,N_loading_real,formulation_loading,0.0028625363409874103,-0.0018011319661536543,48,1,0
5,N_loading_real_sq,formulation_loading,0.0019537870760647324,-0.00105835583508574,68,1,0
5,N_loading_real_sqrt,formulation_loading,0.004801886612376199,-0.00240730193556352,28,1,0
5,P_B_loading_product,formulation_loading,0.0,0.0,685,1,0
5,P_B_loading_ratio,formulation_loading,0.004385895617232971,-0.0012891229809474088,35,1,0
5,P_B_loading_sum,formulation_loading,0.004660904635059014,-0.0009783914155824254,31,1,0
5,P_N_loading_product,formulation_loading,0.002302349801496572,-0.0013076169038920644,57,1,0
5,P_N_loading_ratio,formulation_loading,0.0006699682808517885,0.0002120257148582204,166,1,0
5,P_N_loading_sum,formulation_loading,0.005482719500642617,-0.002158277389154706,25,1,0
5,P_S_loading_product,formulation_loading,0.00048363556132885487,-0.0003665557682348068,209,1,0
5,P_S_loading_ratio,formulation_loading,0.0036839272689999855,-0.0003769662607763438,42,1,0
5,P_S_loading_sum,formulation_loading,0.004790309625221106,-0.0016687359230246085,29,1,0
5,P_Si_loading_product,formulation_loading,8.590510428714676e-05,8.590510428714676e-05,457,1,0
5,P_Si_loading_ratio,formulation_loading,0.0038324548306205393,-0.0011774582601407645,40,1,0
5,P_Si_loading_sum,formulation_loading,0.0038945273736250867,-0.0007252511222367276,39,1,0
5,P_content wt%,elemental_composition,0.00992268409666933,-0.0015080465007315303,5,1,1
5,P_content_log,elemental_composition,0.005762480971208208,0.0002105006174416641,22,1,0
5,P_content_sq,elemental_composition,0.003934531873804148,-0.0006252016252293126,38,1,0
5,P_content_sqrt,elemental_composition,0.011018172042350522,-0.002301874745121495,3,1,1
5,P_loading_real,formulation_loading,0.0047315088942922485,-0.0012295193421912529,30,1,0
5,P_loading_real_sq,formulation_loading,0.002691337247433871,-0.0006181124601927599,51,1,0
5,P_loading_real_sqrt,formulation_loading,0.008064484245579722,-0.0019182522045739683,12,1,1
5,P_loading_x_Synergy,formulation_loading,0.006612834947865665,-0.0010646130173032893,17,1,1
5,P_x_CuringAgent_Has_B,molecular_descriptor,1.9827675148715363e-06,-1.9827675148715363e-06,635,1,0
5,P_x_CuringAgent_Has_N,molecular_descriptor,0.009816370445808622,-0.002082796061650684,6,1,1
5,P_x_CuringAgent_Has_P,molecular_descriptor,0.0,0.0,705,0,0
5,P_x_CuringAgent_Has_S,molecular_descriptor,0.0003644167031605771,-2.4521982083773135e-05,254,1,0
5,P_x_curing_AromaticRings,molecular_descriptor,0.009298649788250839,-0.0018964440787733303,7,1,1
5,P_x_curing_FractionCSP3,molecular_descriptor,0.003343240355382569,-0.000767141010835673,44,1,0
5,P_x_curing_HBA,molecular_descriptor,0.005900242864305091,-0.0010963306883880414,21,1,0
5,P_x_curing_HBD,molecular_descriptor,0.011061987531744448,-0.002688282400728691,2,1,1
5,P_x_curing_HeavyAtomCount,molecular_descriptor,0.008091582159054481,-0.000983178458073233,11,1,1
5,P_x_curing_LogP,molecular_descriptor,0.008102785060742697,-0.0010660858896608043,10,1,1
5,P_x_curing_MolWt,molecular_descriptor,0.007557082299205227,-0.001318387184288134,15,1,1
5,P_x_curing_RingCount,molecular_descriptor,0.007604670583735263,-0.00154951253855046,13,1,1
5,P_x_curing_RotBonds,molecular_descriptor,0.007575135702561798,-0.0015106039330425244,14,1,1
5,P_x_curing_TPSA,molecular_descriptor,0.007073682745069292,-0.0010451572058296332,16,1,1
5,Preparation_Method_DOPO-based (Additive + Secondary Crosslinking),curing_and_preparation,0.0016277775980776078,-0.0016277775980776078,82,1,0
5,Preparation_Method_DOPO-based (Co-curing),molecular_descriptor,0.0004847092771051029,1.9995069281159132e-05,208,1,0
5,Preparation_Method_DOPO-based (additive),curing_and_preparation,0.0005796057112524187,-4.464141879842662e-05,179,1,0
5,Preparation_Method_DOPO-based (reactive),curing_and_preparation,0.0006269395019324817,0.00018106397753384502,170,1,0
5,S/P ratio,elemental_composition,0.00014998623353417573,0.00014608468489004482,376,1,0
5,S/P_ratio_sq,elemental_composition,0.0003030478093173074,0.00027390022609030966,281,1,0
5,S/P_ratio_sqrt,elemental_composition,0.0005541590486782392,-0.00010611740620303878,186,1,0
5,S_content wt%,elemental_composition,0.000733901238966565,-0.0004729088154207122,147,1,0
5,S_content_wt%_sq,elemental_composition,0.000801553616514923,-0.0006617772979234678,137,1,0
5,S_content_wt%_sqrt,elemental_composition,0.0011474252645856905,-0.0006479129425354162,112,1,0
5,S_loading_real,formulation_loading,0.001234624055246564,-0.0008081797898895122,104,1,0
5,S_loading_real_sq,formulation_loading,0.00028610221278469806,-0.000150810054846965,288,1,0
5,S_loading_real_sqrt,formulation_loading,0.0013948066271131172,-0.0009769522691820498,98,1,0
5,Si/P ratio,elemental_composition,0.00016949242582490519,0.00016949242582490519,358,1,0
5,Si/P_ratio_sq,elemental_composition,6.683103607113277e-05,6.683103607113277e-05,483,1,0
5,Si/P_ratio_sqrt,elemental_composition,0.0006170255887166973,0.00014965064311319842,173,1,0
5,Si_content wt%,elemental_composition,8.896353611210848e-05,8.896353611210848e-05,455,1,0
5,Si_content_wt%_sq,elemental_composition,8.438114641434266e-05,8.438114641434266e-05,459,1,0
5,Si_content_wt%_sqrt,elemental_composition,0.0007256244941461884,0.0002136867598554204,149,1,0
5,Si_loading_real,formulation_loading,0.00029344327546844,0.00029344327546844,284,1,0
5,Si_loading_real_sq,formulation_loading,1.9514701830619035e-05,1.9514701830619035e-05,592,1,0
5,Si_loading_real_sqrt,formulation_loading,0.00042075373108016527,0.00038349645566945073,227,1,0
5,Synergy_flag(single=0&synergy=1),other,0.006318506214042322,-0.0014860061083860248,18,1,1
5,Synergy_type_P-N,other,0.0006786890068893411,-0.00011925483056194884,162,1,0
5,Synergy_type_P-N-Al,other,0.0,0.0,663,1,0
5,Synergy_type_P-N-B,other,0.0,0.0,662,1,0
5,Synergy_type_P-N-C,other,0.0,0.0,661,1,0
5,Synergy_type_P-N-S,other,0.0002888660773947531,0.00019439085145306318,287,1,0
5,Synergy_type_P-N-Si,other,3.0814728450663e-05,1.6782955678801652e-05,568,1,0
5,Synergy_type_P-N-Si-B,other,0.0,0.0,658,1,0
5,Synergy_type_P-N-Si-S,other,0.0,0.0,659,1,0
5,Synergy_type_P-N-Si-Ti,other,0.0,0.0,660,1,0
5,Synergy_type_P-N-Si-Zr,other,0.0,0.0,675,1,0
5,Synergy_type_P-P,other,6.700802165984974e-05,3.925061144293017e-06,482,1,0
5,Synergy_type_P-Si,other,3.3895091197943355e-05,-3.3895091197943355e-05,560,1,0
5,Synergy_type_P-Si-B,other,0.0,0.0,680,1,0
5,Synergy_type_P-only,other,0.000561802381019163,0.00024094134417336152,183,1,0
5,UL94_Thickness_mm,test_condition,0.0019298360109566085,-0.0006415643456889156,69,1,0
5,co_AliphaticRings,molecular_descriptor,2.9199248533081518e-05,2.9199248533081518e-05,571,1,0
5,co_AromaticCarbocycles,other,7.942091859856895e-05,-7.75553774747095e-05,462,1,0
5,co_AromaticHeterocycles,other,0.0,0.0,705,0,0
5,co_AromaticRings,molecular_descriptor,5.718585375190185e-05,-4.278216644675266e-05,504,1,0
5,co_BalabanJ,other,5.479664394240696e-05,7.322860923927184e-06,515,1,0
5,co_BertzCT,other,0.0004044912336785779,-0.0003677363176886198,236,1,0
5,co_ExactMolWt,molecular_descriptor,0.0001264943869224706,-0.00011759470261185673,403,1,0
5,co_FractionCSP3,molecular_descriptor,1.1117925637841433e-05,8.00209418230224e-06,613,1,0
5,co_HBA,other,0.00012887945336615303,-0.00010434476509873194,400,1,0
5,co_HBD,other,0.0003779924510273405,-0.00029605184026422645,251,1,0
5,co_HeavyAtomCount,other,0.00038407536291414453,-0.00036849390706120453,247,1,0
5,co_Kappa1,other,0.00018132637282772317,-0.00015797770010004156,351,1,0
5,co_Kappa2,other,0.00020420700845448885,-0.0001511688023456435,336,1,0
5,co_Kappa3,other,0.0002279264894463672,-0.00016475824589684231,321,1,0
5,co_LabuteASA,other,0.00029177176394360534,-0.0002281996953003803,285,1,0
5,co_LogP,molecular_descriptor,7.4978182106962e-05,6.884919894673658e-05,469,1,0
5,co_MolMR,other,0.0002852366024404142,-0.00027841982816476557,289,1,0
5,co_MolWt,molecular_descriptor,0.00013079256620389713,-0.00011970569658621518,396,1,0
5,co_NHOHCount,other,0.0004834551661009653,-0.0003798767369671117,210,1,0
5,co_NOCount,other,0.00015648245214139125,-0.0001498543342708874,367,1,0
5,co_NumHeteroAtoms,molecular_descriptor,0.0003035999063385791,-0.0002803586729822251,280,1,0
5,co_NumValenceElectrons,other,0.00012179350688127337,-0.00010378744483985099,407,1,0
5,co_RingCount,molecular_descriptor,0.00022908712709042659,-0.00022908712709042659,319,1,0
5,co_RotBonds,other,5.1250213063617075e-05,-3.9331035852935895e-05,522,1,0
5,co_TPSA,molecular_descriptor,0.00015597701346228927,-0.00013764125933681573,368,1,0
5,co_morgan_r3_0,molecular_fingerprint,0.0,0.0,676,1,0
5,co_morgan_r3_1,molecular_fingerprint,0.0,0.0,705,0,0
5,co_morgan_r3_12,molecular_fingerprint,0.000339446441367828,-0.000339446441367828,260,1,0
5,co_morgan_r3_13,molecular_fingerprint,0.0,0.0,679,1,0
5,co_morgan_r3_138,molecular_fingerprint,0.00013034311908793623,-0.00012154505630052073,398,1,0
5,co_morgan_r3_14,molecular_fingerprint,0.0,0.0,705,0,0
5,co_morgan_r3_144,molecular_fingerprint,6.550590901421555e-05,6.550590901421555e-05,487,1,0
5,co_morgan_r3_15,molecular_fingerprint,7.494205591986736e-05,7.494205591986736e-05,470,1,0
5,co_morgan_r3_175,molecular_fingerprint,0.00044582098687783405,-0.00044582098687783405,223,1,0
5,co_morgan_r3_183,molecular_fingerprint,0.0006826695771666083,-0.0004852456211041397,160,1,0
5,co_morgan_r3_192,molecular_fingerprint,0.00048671165054808336,-0.00048671165054808336,205,1,0
5,co_morgan_r3_214,molecular_fingerprint,0.0,0.0,705,0,0
5,co_morgan_r3_216,molecular_fingerprint,0.0,0.0,705,0,0
5,co_morgan_r3_241,molecular_fingerprint,0.0004087194429064311,0.0004087194429064311,232,1,0
5,co_morgan_r3_290,molecular_fingerprint,0.0,0.0,705,0,0
5,co_morgan_r3_294,molecular_fingerprint,0.0,0.0,705,0,0
5,co_morgan_r3_311,molecular_fingerprint,6.183302288971187e-05,6.151267294727504e-05,494,1,0
5,co_morgan_r3_33,molecular_fingerprint,0.0,0.0,678,1,0
5,co_morgan_r3_356,molecular_fingerprint,0.0005663512434651985,-0.0005648543814325537,181,1,0
5,co_morgan_r3_486,molecular_fingerprint,0.0006704883710910457,-0.0006704883710910457,165,1,0
5,co_morgan_r3_507,molecular_fingerprint,0.0006843098635353172,-0.0006843098635353172,159,1,0
5,co_morgan_r3_51,molecular_fingerprint,0.00024328199645406954,-0.00024328199645406954,308,1,0
5,co_morgan_r3_64,molecular_fingerprint,0.00016889022068981938,-0.00016889022068981938,359,1,0
5,co_morgan_r3_80,molecular_fingerprint,1.1723171172788066e-05,1.0392277453219216e-05,611,1,0
5,co_morgan_r3_95,molecular_fingerprint,0.0004137308966471822,0.0004137308966471822,229,1,0
5,curing_AliphaticRings,molecular_descriptor,8.983438130346459e-05,-8.983438130346459e-05,452,1,0
5,curing_AromaticRings,molecular_descriptor,0.00014190146091525295,-4.5643588626313046e-05,382,1,0
5,curing_BalabanJ,molecular_descriptor,0.00038471341035119596,6.800147008966127e-06,245,1,0
5,curing_BertzCT,molecular_descriptor,0.0005599087504618989,-3.34966436571449e-05,185,1,0
5,curing_ExactMolWt,molecular_descriptor,0.0006188356752242818,4.661802756905178e-05,172,1,0
5,curing_FractionCSP3,molecular_descriptor,0.0005162057646548768,-7.622928263343299e-05,193,1,0
5,curing_HBA,molecular_descriptor,0.0014366972956224955,-0.00021358446174038666,95,1,0
5,curing_HBD,molecular_descriptor,0.0002971572047441541,-0.00023196171407739198,282,1,0
5,curing_HeavyAtomCount,molecular_descriptor,0.0007554921125336812,-0.00014089532308549083,142,1,0
5,curing_Kappa1,molecular_descriptor,0.0005682917703667479,-6.448194883900905e-05,180,1,0
5,curing_Kappa2,molecular_descriptor,0.00023006858467814094,4.426525989559752e-05,315,1,0
5,curing_Kappa3,molecular_descriptor,0.00018164702702411738,1.1159876134582997e-05,350,1,0
5,curing_LabuteASA,molecular_descriptor,0.0002681166495249778,-4.567182048213504e-05,294,1,0
5,curing_LogP,molecular_descriptor,0.0006932441701058184,3.318178155707427e-05,157,1,0
5,curing_MolMR,molecular_descriptor,0.00015453383012252678,-4.33673262060097e-05,371,1,0
5,curing_MolWt,molecular_descriptor,0.0005020217686981708,6.78544190979046e-05,197,1,0
5,curing_NHOHCount,molecular_descriptor,0.00031921475797005896,-0.00019247661663050693,272,1,0
5,curing_NOCount,molecular_descriptor,0.000827343968674954,-1.4166550490478495e-06,136,1,0
5,curing_NumHeteroAtoms,molecular_descriptor,0.0009901277807370294,-6.26620587136194e-05,121,1,0
5,curing_NumValenceElectrons,molecular_descriptor,0.0005614059532498079,3.962589595981095e-05,184,1,0
5,curing_RingCount,molecular_descriptor,2.2877474537179098e-05,5.972478566036442e-06,584,1,0
5,curing_RotBonds,molecular_descriptor,0.00017718023443977562,-5.1417706630319185e-05,353,1,0
5,curing_SaturatedRings,molecular_descriptor,0.0,0.0,643,1,0
5,curing_TPSA,molecular_descriptor,0.0004674205573287634,5.9557927724540614e-05,216,1,0
5,curing_morgan_r3_1,molecular_fingerprint,0.0,0.0,688,1,0
5,curing_morgan_r3_100,molecular_fingerprint,0.0,0.0,644,1,0
5,curing_morgan_r3_138,molecular_fingerprint,0.0015865213090750453,-0.00010477466303887197,85,1,0
5,curing_morgan_r3_144,molecular_fingerprint,5.287374997199853e-05,-1.1073273920677213e-05,518,1,0
5,curing_morgan_r3_147,molecular_fingerprint,0.00015019570675001942,-7.060234011551834e-05,375,1,0
5,curing_morgan_r3_204,molecular_fingerprint,0.002595707166850253,-0.0003685655371464078,53,1,0
5,curing_morgan_r3_214,molecular_fingerprint,0.00033681892993387097,-0.0001600342606678219,262,1,0
5,curing_morgan_r3_231,molecular_fingerprint,0.0,0.0,681,1,0
5,curing_morgan_r3_277,molecular_fingerprint,0.0,0.0,705,0,0
5,curing_morgan_r3_28,molecular_fingerprint,0.0,0.0,705,0,0
5,curing_morgan_r3_295,molecular_fingerprint,0.0,0.0,705,0,0
5,curing_morgan_r3_33,molecular_fingerprint,0.0001027687896481034,0.0001027687896481034,433,1,0
5,curing_morgan_r3_336,molecular_fingerprint,0.000256487612033488,-8.340284398078287e-05,299,1,0
5,curing_morgan_r3_337,molecular_fingerprint,5.516301360608447e-05,3.081537837235575e-05,511,1,0
5,curing_morgan_r3_376,molecular_fingerprint,0.00022957516864510004,-6.2202285393956e-05,316,1,0
5,curing_morgan_r3_39,molecular_fingerprint,0.0018589187534522723,-0.00014335529800829267,75,1,0
5,curing_morgan_r3_477,molecular_fingerprint,0.0,0.0,686,1,0
5,curing_morgan_r3_66,molecular_fingerprint,0.0,0.0,648,1,0
5,curing_morgan_r3_80,molecular_fingerprint,0.00190426457656469,-0.00024302255866570497,71,1,0
5,curing_morgan_r3_89,molecular_fingerprint,0.0016338857638690423,-0.0004217399243095738,81,1,0
5,main_AliphaticRings,molecular_descriptor,0.0015747545175355446,-0.00012561794572870925,86,1,0
5,main_AromaticCarbocycles,other,0.0015601262705239847,-0.0001501582597552087,88,1,0
5,main_AromaticHeterocycles,other,0.0010428789369455653,0.0005561331433077833,117,1,0
5,main_AromaticRings,molecular_descriptor,0.0019633513503624824,-0.000654186395465711,67,1,0
5,main_BalabanJ,other,0.003955063009914307,-0.0007554528746358277,37,1,0
5,main_BertzCT,other,0.001593508974641572,-0.0002792217107676246,83,1,0
5,main_ExactMolWt,molecular_descriptor,0.0024670094577339476,-0.0004911182299823874,55,1,0
5,main_FractionCSP3,molecular_descriptor,0.0009717201461769615,6.549844410140321e-05,122,1,0
5,main_HBA,other,0.0006121096597440275,-6.917807640707313e-05,175,1,0
5,main_HBD,other,0.001218805510648014,0.00020375914873943507,106,1,0
5,main_HeavyAtomCount,other,0.0013561085163025883,3.313310481742982e-05,100,1,0
5,main_Kappa1,other,0.0012344877785922866,-0.00025215225369605164,105,1,0
5,main_Kappa2,other,0.0011237141770783048,-2.6038767318597367e-05,115,1,0
5,main_Kappa3,other,0.0010116609209373372,0.00011736073028284334,119,1,0
5,main_LabuteASA,other,0.0015736040081987409,-0.0004909217731957701,87,1,0
5,main_LogP,molecular_descriptor,0.0029916529583961923,-0.0008051336870545986,46,1,0
5,main_MolMR,other,0.0018986981824992658,-0.0006003138228719291,72,1,0
5,main_MolWt,molecular_descriptor,0.002079624674163152,-0.00041988440003745356,64,1,0
5,main_NHOHCount,other,0.0015045300233360274,0.00021547063295489333,91,1,0
5,main_NOCount,other,0.0016730634985523377,2.6673258613030573e-06,80,1,0
5,main_NumAmideBonds,other,1.2659383018811043e-05,5.264808111241513e-06,609,1,0
5,main_NumHeteroAtoms,molecular_descriptor,0.0020647691775304445,-2.132931963673615e-05,65,1,0
5,main_NumValenceElectrons,other,0.0017314347346287402,-0.0005039247105534273,77,1,0
5,main_RingCount,molecular_descriptor,0.0015921916223794522,-0.00038738201571085544,84,1,0
5,main_RotBonds,other,0.0020959584413352997,0.00013204230685314404,63,1,0
5,main_SaturatedCarbocycles,other,0.0,0.0,677,1,0
5,main_SaturatedHeterocycles,other,0.0007830637676398825,5.53713241050601e-05,139,1,0
5,main_SaturatedRings,molecular_descriptor,0.0007192669297959418,9.732873010954617e-05,150,1,0
5,main_TPSA,molecular_descriptor,0.0020119709267128797,-0.0003516807436209432,66,1,0
5,main_co_similarity,other,0.00011723074364946716,-0.00010668993793830037,417,1,0
5,main_co_similarity_sq,other,0.00012666951017283485,-6.815679546535749e-05,402,1,0
5,main_morgan_r3_0,molecular_fingerprint,0.00047371376069268415,0.00028304536179694364,215,1,0
5,main_morgan_r3_1,molecular_fingerprint,0.00593908037186659,-0.0011930058101174428,20,1,1
5,main_morgan_r3_10,molecular_fingerprint,2.1789235641007406e-05,-9.77807398903173e-06,589,1,0
5,main_morgan_r3_100,molecular_fingerprint,1.602477797253717e-05,1.602477797253717e-05,599,1,0
5,main_morgan_r3_101,molecular_fingerprint,1.4228273564261444e-05,-8.322331072447595e-06,606,1,0
5,main_morgan_r3_102,molecular_fingerprint,0.00047905000593494716,-4.9601321636573246e-05,212,1,0
5,main_morgan_r3_103,molecular_fingerprint,9.621160364228366e-05,9.621160364228366e-05,444,1,0
5,main_morgan_r3_104,molecular_fingerprint,0.0,0.0,669,1,0
5,main_morgan_r3_105,molecular_fingerprint,5.483166657945227e-05,5.483166657945227e-05,513,1,0
5,main_morgan_r3_106,molecular_fingerprint,2.144419278364593e-06,2.144419278364593e-06,634,1,0
5,main_morgan_r3_107,molecular_fingerprint,0.00041133415672507873,0.0004054013078424468,230,1,0
5,main_morgan_r3_108,molecular_fingerprint,8.592331093192725e-06,6.641370564466345e-06,619,1,0
5,main_morgan_r3_109,molecular_fingerprint,0.0003054515689629827,-0.0002904900205253903,277,1,0
5,main_morgan_r3_11,molecular_fingerprint,0.0001547651679036082,0.0001547651679036082,369,1,0
5,main_morgan_r3_110,molecular_fingerprint,0.0005171275631634368,-0.0005171275631634368,192,1,0
5,main_morgan_r3_111,molecular_fingerprint,0.0001053721105409346,8.146501845481503e-05,430,1,0
5,main_morgan_r3_112,molecular_fingerprint,0.0006749270372336248,4.5211625085978365e-05,164,1,0
5,main_morgan_r3_113,molecular_fingerprint,0.0001383567307417858,-0.0001383567307417858,387,1,0
5,main_morgan_r3_114,molecular_fingerprint,0.0004889348764807107,-0.00033368731470792074,203,1,0
5,main_morgan_r3_115,molecular_fingerprint,0.0,0.0,668,1,0
5,main_morgan_r3_116,molecular_fingerprint,0.0025636136319433147,-0.0011065881622436616,54,1,0
5,main_morgan_r3_117,molecular_fingerprint,0.00016681958837111207,-3.594385729922717e-05,361,1,0
5,main_morgan_r3_118,molecular_fingerprint,0.00019357329460325284,-1.5911104151121496e-06,343,1,0
5,main_morgan_r3_119,molecular_fingerprint,0.0009307146148437557,0.0009307146148437557,124,1,0
5,main_morgan_r3_12,molecular_fingerprint,0.00021360789203564914,-0.00018560085919438682,329,1,0
5,main_morgan_r3_120,molecular_fingerprint,5.636034733009232e-05,5.636034733009232e-05,506,1,0
5,main_morgan_r3_121,molecular_fingerprint,0.0021328036915666516,-0.000642043234121843,62,1,0
5,main_morgan_r3_122,molecular_fingerprint,3.794704818308977e-05,3.794704818308977e-05,552,1,0
5,main_morgan_r3_123,molecular_fingerprint,0.0001578142906643936,0.0001578142906643936,365,1,0
5,main_morgan_r3_124,molecular_fingerprint,1.4464537602457816e-05,1.0238100519851892e-05,604,1,0
5,main_morgan_r3_125,molecular_fingerprint,0.0,0.0,657,1,0
5,main_morgan_r3_126,molecular_fingerprint,0.00011784907313616107,2.6822458354571517e-05,415,1,0
5,main_morgan_r3_127,molecular_fingerprint,6.300366697157895e-06,5.911415077106438e-06,622,1,0
5,main_morgan_r3_128,molecular_fingerprint,0.00827573362031673,-0.001282672328084576,9,1,1
5,main_morgan_r3_129,molecular_fingerprint,0.00032261066128192004,0.00013765330236182647,267,1,0
5,main_morgan_r3_13,molecular_fingerprint,6.55959582275519e-05,5.191783202262298e-05,486,1,0
5,main_morgan_r3_130,molecular_fingerprint,6.224015976967064e-05,6.224015976967064e-05,493,1,0
5,main_morgan_r3_131,molecular_fingerprint,0.0005030675021219762,-0.00010364734361278106,196,1,0
5,main_morgan_r3_132,molecular_fingerprint,6.0948675249569015e-05,5.92648233003956e-05,496,1,0
5,main_morgan_r3_133,molecular_fingerprint,0.0037840077018502097,-0.0003593549255084836,41,1,0
5,main_morgan_r3_134,molecular_fingerprint,0.0012733921795822626,-0.000290887809461727,102,1,0
5,main_morgan_r3_135,molecular_fingerprint,0.001879742545105871,-0.0006045581359228672,73,1,0
5,main_morgan_r3_137,molecular_fingerprint,2.882811735995952e-05,2.8112673203648017e-05,572,1,0
5,main_morgan_r3_139,molecular_fingerprint,5.874577990431996e-05,-5.874577990431996e-05,501,1,0
5,main_morgan_r3_14,molecular_fingerprint,7.185090800942049e-05,2.67188095423718e-05,475,1,0
5,main_morgan_r3_140,molecular_fingerprint,0.00038652493685330236,-0.00038652493685330236,244,1,0
5,main_morgan_r3_141,molecular_fingerprint,7.537755384368614e-05,-7.537755384368614e-05,468,1,0
5,main_morgan_r3_142,molecular_fingerprint,6.560746674545549e-07,6.560746674545549e-07,639,1,0
5,main_morgan_r3_143,molecular_fingerprint,1.6707367498535568e-05,1.5571060578673097e-05,597,1,0
5,main_morgan_r3_145,molecular_fingerprint,0.0001221518317327587,-5.650086399277319e-05,406,1,0
5,main_morgan_r3_146,molecular_fingerprint,0.000304711478894267,9.628119724108646e-05,278,1,0
5,main_morgan_r3_147,molecular_fingerprint,0.0002461287956718177,-6.813179717116529e-05,305,1,0
5,main_morgan_r3_148,molecular_fingerprint,0.0001073483779335523,0.0001073483779335523,428,1,0
5,main_morgan_r3_149,molecular_fingerprint,0.0,0.0,664,1,0
5,main_morgan_r3_15,molecular_fingerprint,0.00041484324731300154,-0.00041484324731300154,228,1,0
5,main_morgan_r3_150,molecular_fingerprint,2.673625524052012e-05,1.2495097655447449e-05,574,1,0
5,main_morgan_r3_151,molecular_fingerprint,1.5534231340489494e-05,1.0797309357144512e-05,601,1,0
5,main_morgan_r3_152,molecular_fingerprint,0.0003577316096222838,-3.0283742563518173e-05,256,1,0
5,main_morgan_r3_153,molecular_fingerprint,2.5865628540171008e-05,6.598593591888863e-07,578,1,0
5,main_morgan_r3_154,molecular_fingerprint,0.0,0.0,705,0,0
5,main_morgan_r3_155,molecular_fingerprint,0.0003042753966211129,-3.4754744515679033e-05,279,1,0
5,main_morgan_r3_156,molecular_fingerprint,7.25623765035345e-05,-4.751131524562721e-05,472,1,0
5,main_morgan_r3_157,molecular_fingerprint,0.00011066458087258171,3.4351793022501125e-05,423,1,0
5,main_morgan_r3_158,molecular_fingerprint,4.339652996653359e-05,5.638706691873572e-06,537,1,0
5,main_morgan_r3_159,molecular_fingerprint,0.0001322026302210904,5.943873096368989e-05,394,1,0
5,main_morgan_r3_16,molecular_fingerprint,2.771628202279114e-05,-1.1103134282469303e-05,573,1,0
5,main_morgan_r3_160,molecular_fingerprint,1.3234526999970815e-05,-1.158927130556246e-05,608,1,0
5,main_morgan_r3_161,molecular_fingerprint,2.6084398814418826e-05,-2.3583193271608462e-05,577,1,0
5,main_morgan_r3_162,molecular_fingerprint,0.0007038146995307827,-0.00010463358237427341,153,1,0
5,main_morgan_r3_163,molecular_fingerprint,0.0010020500244736787,-0.0002053726257324979,120,1,0
5,main_morgan_r3_164,molecular_fingerprint,0.0001589145287358128,0.00010626040964192875,364,1,0
5,main_morgan_r3_165,molecular_fingerprint,7.147111081596655e-05,-7.147111081596655e-05,476,1,0
5,main_morgan_r3_166,molecular_fingerprint,0.0,0.0,666,1,0
5,main_morgan_r3_167,molecular_fingerprint,0.00013158968776211724,-4.988598932053871e-05,395,1,0
5,main_morgan_r3_168,molecular_fingerprint,0.00016692645913763402,-1.143355697011196e-05,360,1,0
5,main_morgan_r3_169,molecular_fingerprint,0.0,0.0,651,1,0
5,main_morgan_r3_17,molecular_fingerprint,2.9245848748094727e-05,4.4518775846806084e-06,570,1,0
5,main_morgan_r3_170,molecular_fingerprint,0.0,0.0,652,1,0
5,main_morgan_r3_171,molecular_fingerprint,5.9509463965178426e-05,6.427138199253732e-06,499,1,0
5,main_morgan_r3_172,molecular_fingerprint,0.00010047730901571104,9.499762657141113e-06,438,1,0
5,main_morgan_r3_173,molecular_fingerprint,7.315208899348768e-07,-7.315208899348768e-07,638,1,0
5,main_morgan_r3_174,molecular_fingerprint,0.00015063405486406126,0.00013846841788651753,374,1,0
5,main_morgan_r3_176,molecular_fingerprint,0.0011544307317627382,-0.0004093628006965527,111,1,0
5,main_morgan_r3_177,molecular_fingerprint,0.00017707383532562446,0.00017707383532562446,354,1,0
5,main_morgan_r3_178,molecular_fingerprint,0.00137175370243577,-0.00027227005770491525,99,1,0
5,main_morgan_r3_179,molecular_fingerprint,8.817635682337119e-06,-7.2548716576016515e-06,618,1,0
5,main_morgan_r3_18,molecular_fingerprint,0.00027417934126026304,-0.000159636853552243,291,1,0
5,main_morgan_r3_180,molecular_fingerprint,0.00022074400763920547,0.00017195409912631023,325,1,0
5,main_morgan_r3_181,molecular_fingerprint,0.00015291767371245957,7.427769192733854e-05,372,1,0
5,main_morgan_r3_182,molecular_fingerprint,0.0033816415857967274,0.0015990521438208642,43,1,0
5,main_morgan_r3_183,molecular_fingerprint,0.0045819580433019685,0.0002468954222129505,32,1,0
5,main_morgan_r3_185,molecular_fingerprint,4.467969559350928e-06,-5.744249627544678e-07,629,1,0
5,main_morgan_r3_186,molecular_fingerprint,0.00019554985197249802,7.061910816587789e-05,339,1,0
5,main_morgan_r3_187,molecular_fingerprint,6.582223402505054e-05,5.810482643261771e-05,484,1,0
5,main_morgan_r3_188,molecular_fingerprint,3.635260602196568e-05,3.635260602196568e-05,555,1,0
5,main_morgan_r3_189,molecular_fingerprint,4.248019307442833e-05,-3.8840156883455595e-05,540,1,0
5,main_morgan_r3_19,molecular_fingerprint,0.00021789962895631733,-4.676832406524057e-05,327,1,0
5,main_morgan_r3_190,molecular_fingerprint,9.327876501983052e-07,7.229158908709601e-07,637,1,0
5,main_morgan_r3_191,molecular_fingerprint,0.00019145770457435884,-2.1843034349535485e-05,345,1,0
5,main_morgan_r3_192,molecular_fingerprint,2.2595961762464055e-05,-2.2160953133152358e-05,585,1,0
5,main_morgan_r3_193,molecular_fingerprint,0.00036444502196287805,-5.6384770500067646e-05,253,1,0
5,main_morgan_r3_194,molecular_fingerprint,0.0007777379058845529,-0.0007777379058845529,140,1,0
5,main_morgan_r3_195,molecular_fingerprint,5.5989825007429765e-05,5.5989825007429765e-05,509,1,0
5,main_morgan_r3_196,molecular_fingerprint,0.00024115736407566153,-0.00011747993109906931,309,1,0
5,main_morgan_r3_197,molecular_fingerprint,9.918787959476402e-05,6.604907521452534e-05,439,1,0
5,main_morgan_r3_198,molecular_fingerprint,0.000715913252101927,0.0005480780323291082,152,1,0
5,main_morgan_r3_199,molecular_fingerprint,0.0005826117773031886,0.0002722565794062525,178,1,0
5,main_morgan_r3_2,molecular_fingerprint,0.0002155401472197127,5.226689524931772e-05,328,1,0
5,main_morgan_r3_20,molecular_fingerprint,0.00013884875414956038,-4.70750471430392e-05,386,1,0
5,main_morgan_r3_200,molecular_fingerprint,0.00032628664979812244,-0.000290542715830371,265,1,0
5,main_morgan_r3_201,molecular_fingerprint,9.736509925735009e-05,6.560839569608047e-06,441,1,0
5,main_morgan_r3_202,molecular_fingerprint,0.0009112460786985189,-9.743492121553268e-05,127,1,0
5,main_morgan_r3_203,molecular_fingerprint,0.0004888900238300347,-0.0003114740471759111,204,1,0
5,main_morgan_r3_204,molecular_fingerprint,0.0016862898126028527,-0.0005876270553784162,78,1,0
5,main_morgan_r3_205,molecular_fingerprint,0.0001018148728131665,9.923073276215493e-05,435,1,0
5,main_morgan_r3_206,molecular_fingerprint,0.0007390569839638928,-0.00018343040750544833,145,1,0
5,main_morgan_r3_207,molecular_fingerprint,0.0004812041425283395,0.0004812041425283395,211,1,0
5,main_morgan_r3_208,molecular_fingerprint,0.00010268087996842546,-0.00010268087996842546,434,1,0
5,main_morgan_r3_209,molecular_fingerprint,6.914433292994066e-05,-1.5361044548127568e-05,478,1,0
5,main_morgan_r3_21,molecular_fingerprint,0.011734816716459146,-0.0008756399608181989,1,1,1
5,main_morgan_r3_210,molecular_fingerprint,0.00068715595705511,0.0004369973876652644,158,1,0
5,main_morgan_r3_211,molecular_fingerprint,4.4754749153841865e-05,1.0772550064770166e-05,536,1,0
5,main_morgan_r3_212,molecular_fingerprint,0.00022956026292327966,-5.36960943003193e-05,317,1,0
5,main_morgan_r3_213,molecular_fingerprint,2.3289081752864156e-05,-1.0015422041457602e-06,583,1,0
5,main_morgan_r3_215,molecular_fingerprint,0.00011605843636169133,-1.1030591100317603e-05,418,1,0
5,main_morgan_r3_216,molecular_fingerprint,0.00023570297849486916,0.00017895661222346528,312,1,0
5,main_morgan_r3_217,molecular_fingerprint,0.0,0.0,705,0,0
5,main_morgan_r3_218,molecular_fingerprint,0.004050138351541748,-0.0010967544968019047,36,1,0
5,main_morgan_r3_219,molecular_fingerprint,0.0027955664695980425,-0.0005194940307714233,49,1,0
5,main_morgan_r3_22,molecular_fingerprint,0.000876354595213999,0.00032697936021639325,132,1,0
5,main_morgan_r3_221,molecular_fingerprint,9.606922747650515e-05,-8.341503634123151e-05,445,1,0
5,main_morgan_r3_222,molecular_fingerprint,0.0003215012631192672,7.929251740765474e-05,269,1,0
5,main_morgan_r3_223,molecular_fingerprint,0.00026864841370525025,0.00026864841370525025,293,1,0
5,main_morgan_r3_224,molecular_fingerprint,0.00011073423950241092,-0.00010972983902193943,422,1,0
5,main_morgan_r3_226,molecular_fingerprint,0.0,0.0,656,1,0
5,main_morgan_r3_227,molecular_fingerprint,0.0005661976414670021,5.286294539166293e-05,182,1,0
5,main_morgan_r3_228,molecular_fingerprint,0.0006975745560875011,-0.0006975745560875011,154,1,0
5,main_morgan_r3_229,molecular_fingerprint,0.0,0.0,655,1,0
5,main_morgan_r3_23,molecular_fingerprint,4.004141689594892e-05,4.004141689594892e-05,546,1,0
5,main_morgan_r3_230,molecular_fingerprint,0.0004353262893782053,-0.0001265638937977403,225,1,0
5,main_morgan_r3_231,molecular_fingerprint,0.00020752680728785818,-5.2476841527967114e-06,332,1,0
5,main_morgan_r3_232,molecular_fingerprint,3.275895680834158e-05,3.275895680834158e-05,564,1,0
5,main_morgan_r3_233,molecular_fingerprint,0.00040554418120458246,0.00018965731951780537,235,1,0
5,main_morgan_r3_235,molecular_fingerprint,5.355633749382428e-05,1.836212179215282e-05,517,1,0
5,main_morgan_r3_236,molecular_fingerprint,0.000888077646281131,-0.0003487007610314821,130,1,0
5,main_morgan_r3_237,molecular_fingerprint,0.0003817363907475938,-1.9035649063931094e-05,250,1,0
5,main_morgan_r3_238,molecular_fingerprint,0.00011882146993962625,0.00011882146993962625,414,1,0
5,main_morgan_r3_239,molecular_fingerprint,1.8312998812082998e-06,1.8312998812082998e-06,636,1,0
5,main_morgan_r3_24,molecular_fingerprint,0.00011032448337440806,0.00011032448337440806,424,1,0
5,main_morgan_r3_240,molecular_fingerprint,0.000389545291468494,0.00032166407804323983,243,1,0
5,main_morgan_r3_241,molecular_fingerprint,0.00026176596243036306,-4.2008097634575536e-05,297,1,0
5,main_morgan_r3_242,molecular_fingerprint,0.0004537742703856258,9.794321510139997e-05,220,1,0
5,main_morgan_r3_243,molecular_fingerprint,7.750170123535506e-05,4.4933136488983396e-05,464,1,0
5,main_morgan_r3_244,molecular_fingerprint,0.0015156342164041768,0.00037351853141957516,90,1,0
5,main_morgan_r3_246,molecular_fingerprint,3.300869541757518e-05,-2.5875874209665052e-05,562,1,0
5,main_morgan_r3_247,molecular_fingerprint,9.645744905762559e-05,9.349668380280385e-05,442,1,0
5,main_morgan_r3_248,molecular_fingerprint,3.956152398056173e-05,-3.5399486126961064e-06,548,1,0
5,main_morgan_r3_25,molecular_fingerprint,2.625500315212372e-05,-2.232132151953516e-05,576,1,0
5,main_morgan_r3_250,molecular_fingerprint,0.0005075031440983619,0.0002636627025136326,195,1,0
5,main_morgan_r3_251,molecular_fingerprint,0.00039269656100789974,8.454528491534393e-05,240,1,0
5,main_morgan_r3_253,molecular_fingerprint,0.00010516986731894286,5.6112457473776404e-05,431,1,0
5,main_morgan_r3_254,molecular_fingerprint,5.5860627630326885e-05,-2.3615376396498452e-05,510,1,0
5,main_morgan_r3_255,molecular_fingerprint,0.00040770013143300184,0.0002356678310266286,233,1,0
5,main_morgan_r3_256,molecular_fingerprint,0.00015159555661436268,0.00015159555661436268,373,1,0
5,main_morgan_r3_257,molecular_fingerprint,0.0,0.0,647,1,0
5,main_morgan_r3_258,molecular_fingerprint,0.0002461015467344573,3.8286332575378545e-05,306,1,0
5,main_morgan_r3_259,molecular_fingerprint,0.000493842198071756,-0.0001833548348181087,201,1,0
5,main_morgan_r3_26,molecular_fingerprint,0.0006167042365383836,0.00033789639893670823,174,1,0
5,main_morgan_r3_260,molecular_fingerprint,2.1855192341414903e-05,2.1855192341414903e-05,588,1,0
5,main_morgan_r3_261,molecular_fingerprint,1.0554400677291497e-05,-1.0299281406736959e-05,615,1,0
5,main_morgan_r3_263,molecular_fingerprint,0.0001701524143432051,-6.747298821273451e-06,357,1,0
5,main_morgan_r3_264,molecular_fingerprint,5.848093080500245e-06,-9.278136218742678e-07,625,1,0
5,main_morgan_r3_265,molecular_fingerprint,0.00034424889943718685,-0.00034424889943718685,259,1,0
5,main_morgan_r3_266,molecular_fingerprint,3.920606328060375e-05,-2.805116254215533e-05,550,1,0
5,main_morgan_r3_267,molecular_fingerprint,5.611954440054331e-06,3.0662056726921748e-06,626,1,0
5,main_morgan_r3_268,molecular_fingerprint,4.003094229198547e-05,2.1736574058290138e-05,547,1,0
5,main_morgan_r3_269,molecular_fingerprint,2.3397326579694473e-05,-2.1182945675740767e-05,582,1,0
5,main_morgan_r3_27,molecular_fingerprint,2.6336257964424534e-05,8.310163742414213e-06,575,1,0
5,main_morgan_r3_270,molecular_fingerprint,0.00031444168103751246,-9.935491450797763e-05,274,1,0
5,main_morgan_r3_271,molecular_fingerprint,3.292749851766531e-05,-8.969856523511525e-06,563,1,0
5,main_morgan_r3_273,molecular_fingerprint,0.00012107123324839837,9.306477088642456e-05,408,1,0
5,main_morgan_r3_274,molecular_fingerprint,4.14316973991744e-05,-4.14316973991744e-05,544,1,0
5,main_morgan_r3_275,molecular_fingerprint,0.00043394259394397575,8.270802032812857e-05,226,1,0
5,main_morgan_r3_276,molecular_fingerprint,0.0006775395398988043,0.00026507301021619416,163,1,0
5,main_morgan_r3_277,molecular_fingerprint,0.000273127317329656,0.0001193812401829241,292,1,0
5,main_morgan_r3_278,molecular_fingerprint,0.0004856283081166523,-0.00012476523415352615,206,1,0
5,main_morgan_r3_279,molecular_fingerprint,4.533957562595484e-05,-2.3612328610245935e-05,535,1,0
5,main_morgan_r3_28,molecular_fingerprint,5.714762942845813e-05,-5.479133328716698e-05,505,1,0
5,main_morgan_r3_280,molecular_fingerprint,9.241936962616312e-05,-9.241936962616312e-05,448,1,0
5,main_morgan_r3_281,molecular_fingerprint,0.00015911774768457892,5.864087588507674e-05,363,1,0
5,main_morgan_r3_283,molecular_fingerprint,7.569414741100092e-05,4.6031445382178966e-05,466,1,0
5,main_morgan_r3_284,molecular_fingerprint,0.000458175722049216,0.000458175722049216,219,1,0
5,main_morgan_r3_285,molecular_fingerprint,1.9896140382419008e-05,1.9810127847550673e-05,591,1,0
5,main_morgan_r3_286,molecular_fingerprint,0.0008328855188195344,0.0004287913254074342,134,1,0
5,main_morgan_r3_287,molecular_fingerprint,0.0008322185658068863,-0.00021367867127991425,135,1,0
5,main_morgan_r3_288,molecular_fingerprint,0.00014449361761165842,-0.00014449361761165842,381,1,0
5,main_morgan_r3_289,molecular_fingerprint,0.0005475990278687939,0.0002015607532015749,189,1,0
5,main_morgan_r3_29,molecular_fingerprint,3.4104834468564605e-05,2.7526741655081977e-05,559,1,0
5,main_morgan_r3_290,molecular_fingerprint,0.0006794243325847304,9.609205867064136e-05,161,1,0
5,main_morgan_r3_291,molecular_fingerprint,3.537356017247363e-05,1.4030024841073578e-05,557,1,0
5,main_morgan_r3_292,molecular_fingerprint,0.00010432345835356376,0.00010313493904331181,432,1,0
5,main_morgan_r3_293,molecular_fingerprint,0.00013711441013458943,-0.00012182938292781392,390,1,0
5,main_morgan_r3_294,molecular_fingerprint,7.901359763587201e-05,7.761331204695427e-05,463,1,0
5,main_morgan_r3_295,molecular_fingerprint,0.001442366365061558,0.000160538643989775,94,1,0
5,main_morgan_r3_296,molecular_fingerprint,7.459065739905355e-05,-2.1724569806483234e-05,471,1,0
5,main_morgan_r3_299,molecular_fingerprint,0.0,0.0,705,0,0
5,main_morgan_r3_3,molecular_fingerprint,0.0009093352527251062,0.00032918089507811974,128,1,0
5,main_morgan_r3_30,molecular_fingerprint,1.5598466581663054e-05,1.0309125501572048e-05,600,1,0
5,main_morgan_r3_300,molecular_fingerprint,0.00012471803365365805,-0.00012471803365365805,404,1,0
5,main_morgan_r3_301,molecular_fingerprint,0.0,0.0,650,1,0
5,main_morgan_r3_303,molecular_fingerprint,9.489114421484141e-05,-6.467714902104009e-05,447,1,0
5,main_morgan_r3_304,molecular_fingerprint,5.4821587495628896e-05,-5.4821587495628896e-05,514,1,0
5,main_morgan_r3_305,molecular_fingerprint,0.0002443505276285565,3.1427410830973356e-05,307,1,0
5,main_morgan_r3_306,molecular_fingerprint,4.449726567625274e-06,4.41121501694397e-06,630,1,0
5,main_morgan_r3_307,molecular_fingerprint,0.0003459217400720149,9.799097310639756e-06,258,1,0
5,main_morgan_r3_308,molecular_fingerprint,0.00018421259354735426,7.974064853098325e-05,349,1,0
5,main_morgan_r3_309,molecular_fingerprint,0.0006049162830408425,0.00021868597882050583,176,1,0
5,main_morgan_r3_31,molecular_fingerprint,8.924937614949614e-05,-5.8416285754863854e-05,454,1,0
5,main_morgan_r3_310,molecular_fingerprint,0.001274728424610806,-0.00015442988179856338,101,1,0
5,main_morgan_r3_311,molecular_fingerprint,0.0,0.0,642,1,0
5,main_morgan_r3_312,molecular_fingerprint,0.0006018018196395146,-0.0005033266502369987,177,1,0
5,main_morgan_r3_313,molecular_fingerprint,8.24676135342391e-06,-9.988325460754893e-08,620,1,0
5,main_morgan_r3_314,molecular_fingerprint,0.0007424406099355,0.00022993930160178402,144,1,0
5,main_morgan_r3_315,molecular_fingerprint,0.00011120122991769677,1.0584318863872488e-05,421,1,0
5,main_morgan_r3_316,molecular_fingerprint,3.302636063848595e-05,2.068578363744362e-05,561,1,0
5,main_morgan_r3_317,molecular_fingerprint,0.0014755748677721192,0.0002073993996351457,92,1,0
5,main_morgan_r3_318,molecular_fingerprint,2.22651914454117e-05,-2.22651914454117e-05,587,1,0
5,main_morgan_r3_319,molecular_fingerprint,0.0003911460941507468,8.964311757031299e-05,241,1,0
5,main_morgan_r3_32,molecular_fingerprint,2.35968727368648e-05,2.35968727368648e-05,581,1,0
5,main_morgan_r3_320,molecular_fingerprint,0.0001201518187862247,-0.0001139262091616426,410,1,0
5,main_morgan_r3_321,molecular_fingerprint,0.0004751448983097205,-6.753920914634809e-05,213,1,0
5,main_morgan_r3_322,molecular_fingerprint,0.0016736889319179233,-0.00035412686163506166,79,1,0
5,main_morgan_r3_323,molecular_fingerprint,3.941270284334071e-05,3.0547566167216344e-05,549,1,0
5,main_morgan_r3_324,molecular_fingerprint,4.8491811453712e-05,-2.626178532333748e-05,527,1,0
5,main_morgan_r3_325,molecular_fingerprint,0.00022323021387775396,-1.235163223302355e-05,323,1,0
5,main_morgan_r3_326,molecular_fingerprint,0.0027316560697881443,-0.0011108618317085548,50,1,0
5,main_morgan_r3_328,molecular_fingerprint,6.226544288134999e-05,6.226544288134999e-05,492,1,0
5,main_morgan_r3_329,molecular_fingerprint,0.00047471353837480034,2.45461901678189e-06,214,1,0
5,main_morgan_r3_33,molecular_fingerprint,0.000696852095667582,-0.00010336402102986934,155,1,0
5,main_morgan_r3_330,molecular_fingerprint,0.0002588927157251517,0.00016843653982220197,298,1,0
5,main_morgan_r3_331,molecular_fingerprint,0.000652480724032848,-0.0003213635681144133,168,1,0
5,main_morgan_r3_332,molecular_fingerprint,0.0002837840485263616,-0.0002480493308227475,290,1,0
5,main_morgan_r3_333,molecular_fingerprint,4.6583153892861966e-05,3.1901562982296935e-05,530,1,0
5,main_morgan_r3_335,molecular_fingerprint,3.1840022608599204e-05,1.0406897342565772e-05,565,1,0
5,main_morgan_r3_336,molecular_fingerprint,2.3848682277945142e-05,1.3121297242264516e-05,580,1,0
5,main_morgan_r3_338,molecular_fingerprint,0.00023517328908762158,0.00016870268976504124,313,1,0
5,main_morgan_r3_339,molecular_fingerprint,5.03164974809225e-05,-9.208494400417704e-06,524,1,0
5,main_morgan_r3_34,molecular_fingerprint,0.00010066562750277321,1.67793414983761e-05,436,1,0
5,main_morgan_r3_340,molecular_fingerprint,0.00022121324101148174,0.00010114676563729416,324,1,0
5,main_morgan_r3_341,molecular_fingerprint,0.00223172839093772,-0.0009197597810043355,58,1,0
5,main_morgan_r3_342,molecular_fingerprint,4.9879335224937274e-05,-4.9879335224937274e-05,526,1,0
5,main_morgan_r3_344,molecular_fingerprint,1.8226937152563652e-05,-1.538825351335365e-05,593,1,0
5,main_morgan_r3_345,molecular_fingerprint,4.6464479492619324e-05,-2.1795913280205544e-05,531,1,0
5,main_morgan_r3_346,molecular_fingerprint,0.001540873348258403,-0.0009752104077218447,89,1,0
5,main_morgan_r3_347,molecular_fingerprint,0.00019247482628694955,0.0001701547289798731,344,1,0
5,main_morgan_r3_348,molecular_fingerprint,4.2385265363944e-05,4.1869281034476244e-05,541,1,0
5,main_morgan_r3_349,molecular_fingerprint,9.164037809237392e-05,-9.164037809237392e-05,449,1,0
5,main_morgan_r3_35,molecular_fingerprint,9.62013206958545e-06,7.534479469010571e-06,617,1,0
5,main_morgan_r3_351,molecular_fingerprint,4.597805261836483e-05,1.8739930326571793e-05,534,1,0
5,main_morgan_r3_353,molecular_fingerprint,5.134057842648569e-05,-5.116126488044555e-05,521,1,0
5,main_morgan_r3_354,molecular_fingerprint,0.0001948582328386945,-0.0001940842825394561,340,1,0
5,main_morgan_r3_357,molecular_fingerprint,0.0007362580381168172,8.620949251830251e-05,146,1,0
5,main_morgan_r3_358,molecular_fingerprint,0.0,0.0,649,1,0
5,main_morgan_r3_359,molecular_fingerprint,1.759546300680389e-05,-7.890162343073821e-06,596,1,0
5,main_morgan_r3_36,molecular_fingerprint,0.0004090045493866039,-0.00010758874284025272,231,1,0
5,main_morgan_r3_360,molecular_fingerprint,0.0003827605599259933,0.0002233592784768806,248,1,0
5,main_morgan_r3_361,molecular_fingerprint,0.0006422726790864884,0.000390908900594095,169,1,0
5,main_morgan_r3_362,molecular_fingerprint,0.0004668780541329988,0.00021714257613067412,217,1,0
5,main_morgan_r3_363,molecular_fingerprint,0.002668936207782416,-0.00024071236720991528,52,1,0
5,main_morgan_r3_364,molecular_fingerprint,1.8173770324160102e-05,1.8050854727991656e-05,594,1,0
5,main_morgan_r3_365,molecular_fingerprint,0.0003385364046315766,0.00011599177221034055,261,1,0
5,main_morgan_r3_366,molecular_fingerprint,0.00019428979959046607,7.089289044080891e-05,342,1,0
5,main_morgan_r3_367,molecular_fingerprint,0.0012523845084920027,-0.00015581207179594925,103,1,0
5,main_morgan_r3_37,molecular_fingerprint,0.0003724780976762708,0.0003724780976762708,252,1,0
5,main_morgan_r3_370,molecular_fingerprint,0.00019639238177818343,0.00019639238177818343,337,1,0
5,main_morgan_r3_371,molecular_fingerprint,0.00013334072833458778,-0.00011207313016775008,392,1,0
5,main_morgan_r3_372,molecular_fingerprint,6.295640281071731e-06,5.997861917421688e-06,623,1,0
5,main_morgan_r3_373,molecular_fingerprint,4.2557875818450464e-05,4.074051092554024e-05,539,1,0
5,main_morgan_r3_374,molecular_fingerprint,0.0001279644702296186,0.00012351344085946575,401,1,0
5,main_morgan_r3_375,molecular_fingerprint,5.2417790273864276e-05,3.359834357041791e-05,519,1,0
5,main_morgan_r3_376,molecular_fingerprint,3.442218238622747e-05,-3.111108158906164e-05,558,1,0
5,main_morgan_r3_377,molecular_fingerprint,0.0002289064209049407,0.00010571687790445598,320,1,0
5,main_morgan_r3_378,molecular_fingerprint,0.0011817724218487415,0.00023653247089852646,109,1,0
5,main_morgan_r3_379,molecular_fingerprint,0.00010753261057718393,0.00010753261057718393,427,1,0
5,main_morgan_r3_38,molecular_fingerprint,1.3838499297788883e-05,1.3838499297788883e-05,607,1,0
5,main_morgan_r3_381,molecular_fingerprint,6.768671203158444e-05,-7.565500747672456e-06,479,1,0
5,main_morgan_r3_382,molecular_fingerprint,0.0002056590790247507,0.0002056590790247507,334,1,0
5,main_morgan_r3_383,molecular_fingerprint,0.0002509621445252385,-7.398105482077236e-05,303,1,0
5,main_morgan_r3_384,molecular_fingerprint,0.0,0.0,654,1,0
5,main_morgan_r3_385,molecular_fingerprint,0.0004532512956001097,-0.00016676975686062679,221,1,0
5,main_morgan_r3_386,molecular_fingerprint,9.108806044120383e-05,6.180610829334098e-05,450,1,0
5,main_morgan_r3_387,molecular_fingerprint,0.0011402509749776732,-0.0005274312182749971,114,1,0
5,main_morgan_r3_388,molecular_fingerprint,0.0,0.0,653,1,0
5,main_morgan_r3_389,molecular_fingerprint,0.00048483976169429275,0.00032255389443200903,207,1,0
5,main_morgan_r3_39,molecular_fingerprint,0.00014903140012913397,-5.488411519169272e-05,378,1,0
5,main_morgan_r3_390,molecular_fingerprint,0.00017262402666694414,1.321355114024915e-06,356,1,0
5,main_morgan_r3_391,molecular_fingerprint,4.787947685178057e-05,1.5296625813666273e-05,528,1,0
5,main_morgan_r3_392,molecular_fingerprint,0.00023783296930764104,-0.00016107512314107841,310,1,0
5,main_morgan_r3_393,molecular_fingerprint,0.0011722335081576314,0.00032188660023897524,110,1,0
5,main_morgan_r3_394,molecular_fingerprint,6.336899273492236e-05,-6.327871720335073e-05,489,1,0
5,main_morgan_r3_395,molecular_fingerprint,5.4342662344311066e-05,1.8967623442639097e-05,516,1,0
5,main_morgan_r3_396,molecular_fingerprint,0.00014144330649000852,9.28203715477199e-05,383,1,0
5,main_morgan_r3_397,molecular_fingerprint,0.0002893602361585736,-7.512694616290598e-05,286,1,0
5,main_morgan_r3_398,molecular_fingerprint,1.6368767299531512e-05,-3.433500634426101e-06,598,1,0
5,main_morgan_r3_399,molecular_fingerprint,0.0022029010445466053,-0.0022029010445466053,60,1,0
5,main_morgan_r3_4,molecular_fingerprint,5.615817212009866e-05,-3.321771162682632e-05,507,1,0
5,main_morgan_r3_40,molecular_fingerprint,0.0001159582422641531,0.00011309108500003932,419,1,0
5,main_morgan_r3_400,molecular_fingerprint,0.00022913984409146646,-1.5405353938338804e-05,318,1,0
5,main_morgan_r3_401,molecular_fingerprint,0.00029539583960221365,-5.2415657022161597e-05,283,1,0
5,main_morgan_r3_402,molecular_fingerprint,3.0903387223336016e-05,3.055879623161672e-05,567,1,0
5,main_morgan_r3_403,molecular_fingerprint,0.00019093540663258564,0.00019093540663258564,346,1,0
5,main_morgan_r3_404,molecular_fingerprint,5.610890603057959e-05,-3.2773510028900115e-05,508,1,0
5,main_morgan_r3_405,molecular_fingerprint,0.00043549950752981836,0.00021081212512819375,224,1,0
5,main_morgan_r3_406,molecular_fingerprint,0.00013763695632077445,-3.483517964241402e-05,388,1,0
5,main_morgan_r3_407,molecular_fingerprint,0.00020987857610931665,0.00020987857610931665,330,1,0
5,main_morgan_r3_408,molecular_fingerprint,0.000255802937158478,0.00025422219113301655,300,1,0
5,main_morgan_r3_409,molecular_fingerprint,6.327215417496429e-05,4.647522142889214e-05,490,1,0
5,main_morgan_r3_41,molecular_fingerprint,0.0009184681816286242,0.00013499081163429429,125,1,0
5,main_morgan_r3_410,molecular_fingerprint,0.00014935308642570534,-0.00012876813159271998,377,1,0
5,main_morgan_r3_411,molecular_fingerprint,0.0003599235128408414,0.00023526510155624203,255,1,0
5,main_morgan_r3_412,molecular_fingerprint,0.00011935936424316016,2.1405160500383623e-05,412,1,0
5,main_morgan_r3_413,molecular_fingerprint,0.00011919510967029762,0.00011919510967029762,413,1,0
5,main_morgan_r3_414,molecular_fingerprint,0.002194091354644974,0.0001458189219681059,61,1,0
5,main_morgan_r3_415,molecular_fingerprint,7.203121806202577e-05,1.1283558342335531e-05,473,1,0
5,main_morgan_r3_416,molecular_fingerprint,0.0010408197682689033,0.00025584927546300196,118,1,0
5,main_morgan_r3_417,molecular_fingerprint,4.204936562296603e-05,1.07173876704615e-05,543,1,0
5,main_morgan_r3_418,molecular_fingerprint,0.00020743087564211593,-8.159414619828777e-06,333,1,0
5,main_morgan_r3_419,molecular_fingerprint,1.119231656553489e-05,1.119231656553489e-05,612,1,0
5,main_morgan_r3_42,molecular_fingerprint,8.13990564789593e-05,-6.253264097191883e-05,461,1,0
5,main_morgan_r3_420,molecular_fingerprint,6.752019848508362e-05,-3.210231610927632e-05,480,1,0
5,main_morgan_r3_421,molecular_fingerprint,0.00039307412072212694,5.920079970880784e-05,239,1,0
5,main_morgan_r3_422,molecular_fingerprint,6.578550636561428e-05,3.1146047375677386e-05,485,1,0
5,main_morgan_r3_423,molecular_fingerprint,0.0004956413726828008,0.00013079880522752775,200,1,0
5,main_morgan_r3_424,molecular_fingerprint,0.00026525859505511563,9.329175581424601e-05,296,1,0
5,main_morgan_r3_425,molecular_fingerprint,0.0029408610873602,0.0006544094800418222,47,1,0
5,main_morgan_r3_426,molecular_fingerprint,4.215437356227387e-05,3.5325781699510945e-06,542,1,0
5,main_morgan_r3_427,molecular_fingerprint,5.497077041012076e-05,3.2473930172708735e-06,512,1,0
5,main_morgan_r3_428,molecular_fingerprint,0.0006626540261277902,0.00022182012641566623,167,1,0
5,main_morgan_r3_429,molecular_fingerprint,7.676341086064696e-05,7.62261600270146e-05,465,1,0
5,main_morgan_r3_43,molecular_fingerprint,1.0886677649877029e-05,1.0886677649877029e-05,614,1,0
5,main_morgan_r3_430,molecular_fingerprint,3.828054067412268e-05,3.228921917563337e-05,551,1,0
5,main_morgan_r3_432,molecular_fingerprint,0.0011417033434655203,-0.000510247355481239,113,1,0
5,main_morgan_r3_433,molecular_fingerprint,0.00016327012875088878,-2.875417835824122e-05,362,1,0
5,main_morgan_r3_434,molecular_fingerprint,0.00023238388777297163,6.839951228639522e-05,314,1,0
5,main_morgan_r3_436,molecular_fingerprint,9.830693269476691e-06,-9.830693269476691e-06,616,1,0
5,main_morgan_r3_437,molecular_fingerprint,1.2539525700200705e-05,-3.1831614233447494e-06,610,1,0
5,main_morgan_r3_438,molecular_fingerprint,5.0011194118763706e-05,-1.4896225156704182e-05,525,1,0
5,main_morgan_r3_439,molecular_fingerprint,0.00013898364118977225,-0.0001076197482228578,385,1,0
5,main_morgan_r3_44,molecular_fingerprint,0.0,0.0,673,1,0
5,main_morgan_r3_440,molecular_fingerprint,6.283234902487794e-05,6.283234902487794e-05,491,1,0
5,main_morgan_r3_441,molecular_fingerprint,0.0003249028480601939,-0.0003249028480601939,266,1,0
5,main_morgan_r3_442,molecular_fingerprint,4.7791043077533386e-05,2.096368307983691e-05,529,1,0
5,main_morgan_r3_443,molecular_fingerprint,0.0001577294914375206,6.790098450616176e-05,366,1,0
5,main_morgan_r3_444,molecular_fingerprint,0.00022624571946670984,8.636748726795909e-05,322,1,0
5,main_morgan_r3_445,molecular_fingerprint,3.166348814014933e-05,-3.166348814014933e-05,566,1,0
5,main_morgan_r3_447,molecular_fingerprint,7.07823460263689e-05,7.07823460263689e-05,477,1,0
5,main_morgan_r3_448,molecular_fingerprint,0.00024774816382013405,-0.00014963357478498383,304,1,0
5,main_morgan_r3_449,molecular_fingerprint,3.7972111638535155e-06,2.1304941472206134e-06,631,1,0
5,main_morgan_r3_45,molecular_fingerprint,0.00010796153430544252,-6.662504160064803e-06,426,1,0
5,main_morgan_r3_450,molecular_fingerprint,0.0,0.0,667,1,0
5,main_morgan_r3_451,molecular_fingerprint,0.00032903874336746045,0.00011742657147501374,264,1,0
5,main_morgan_r3_452,molecular_fingerprint,5.853804113516821e-05,-4.369082603773221e-05,502,1,0
5,main_morgan_r3_453,molecular_fingerprint,0.00010929212825052066,4.402232676233729e-05,425,1,0
5,main_morgan_r3_455,molecular_fingerprint,3.7403447264397175e-06,-2.7848032618749138e-06,632,1,0
5,main_morgan_r3_456,molecular_fingerprint,7.187359228770637e-05,-6.897683024694364e-06,474,1,0
5,main_morgan_r3_458,molecular_fingerprint,0.00013506874487095253,2.5739668946142832e-05,391,1,0
5,main_morgan_r3_459,molecular_fingerprint,1.4984345280279544e-05,2.3554546333394275e-06,603,1,0
5,main_morgan_r3_46,molecular_fingerprint,0.0009170279514090355,-0.00027086954075461814,126,1,0
5,main_morgan_r3_460,molecular_fingerprint,0.0018619304984224744,-0.0006845006735071638,74,1,0
5,main_morgan_r3_461,molecular_fingerprint,0.0004074104819909823,0.00011154444817274603,234,1,0
5,main_morgan_r3_462,molecular_fingerprint,5.9221010835636277e-05,5.497392165946421e-05,500,1,0
5,main_morgan_r3_463,molecular_fingerprint,2.005172270124767e-05,-1.0277606135057724e-05,590,1,0
5,main_morgan_r3_464,molecular_fingerprint,4.991143236515605e-06,3.096009151906603e-06,628,1,0
5,main_morgan_r3_465,molecular_fingerprint,0.0,0.0,705,0,0
5,main_morgan_r3_466,molecular_fingerprint,4.326949140131356e-05,1.3534758090906328e-05,538,1,0
5,main_morgan_r3_467,molecular_fingerprint,0.00018639246185698106,0.00018620730811905328,348,1,0
5,main_morgan_r3_468,molecular_fingerprint,0.0003212869549864116,0.00014950143252452755,270,1,0
5,main_morgan_r3_469,molecular_fingerprint,0.0013993818853034017,0.0013993818853034017,97,1,0
5,main_morgan_r3_47,molecular_fingerprint,0.00012019894278220712,-2.8430441097743685e-06,409,1,0
5,main_morgan_r3_473,molecular_fingerprint,0.00039111134773257947,-3.808306283353998e-05,242,1,0
5,main_morgan_r3_474,molecular_fingerprint,6.713667496882178e-05,-8.194986499303366e-06,481,1,0
5,main_morgan_r3_475,molecular_fingerprint,3.648372558308843e-05,2.4349594489068392e-05,554,1,0
5,main_morgan_r3_476,molecular_fingerprint,0.00044780993273112326,0.00020849516410578414,222,1,0
5,main_morgan_r3_477,molecular_fingerprint,0.0002360194252636836,6.859784427475465e-05,311,1,0
5,main_morgan_r3_478,molecular_fingerprint,0.0,0.0,670,1,0
5,main_morgan_r3_479,molecular_fingerprint,0.00026655481699505246,-0.00026655481699505246,295,1,0
5,main_morgan_r3_48,molecular_fingerprint,0.00011241752079184958,0.00011241752079184958,420,1,0
5,main_morgan_r3_480,molecular_fingerprint,7.556721886929713e-05,-6.298074603383461e-05,467,1,0
5,main_morgan_r3_481,molecular_fingerprint,3.0098296080293748e-05,3.0098296080293748e-05,569,1,0
5,main_morgan_r3_482,molecular_fingerprint,0.00038455022432925834,-0.00023232583954887153,246,1,0
5,main_morgan_r3_483,molecular_fingerprint,5.06666496286022e-05,2.1873112014232114e-05,523,1,0
5,main_morgan_r3_484,molecular_fingerprint,1.7556327899607518e-08,-1.7556327899607518e-08,641,1,0
5,main_morgan_r3_485,molecular_fingerprint,0.0004610259676569701,0.00010541745903875863,218,1,0
5,main_morgan_r3_486,molecular_fingerprint,0.00040232608133619705,-5.147753880600529e-05,237,1,0
5,main_morgan_r3_487,molecular_fingerprint,0.0002536446709154916,0.0002536446709154916,301,1,0
5,main_morgan_r3_488,molecular_fingerprint,0.0005239959997326575,-0.0005239959997326575,191,1,0
5,main_morgan_r3_489,molecular_fingerprint,0.0006243234577916864,0.0006243234577916864,171,1,0
5,main_morgan_r3_49,molecular_fingerprint,0.00012002244845708294,4.1086258578263263e-07,411,1,0
5,main_morgan_r3_490,molecular_fingerprint,0.0001446637966673591,5.0122304672323515e-05,380,1,0
5,main_morgan_r3_491,molecular_fingerprint,0.000129209612984798,-0.000129209612984798,399,1,0
5,main_morgan_r3_492,molecular_fingerprint,8.524827392837629e-05,7.118860070313027e-05,458,1,0
5,main_morgan_r3_493,molecular_fingerprint,0.0003176115203026104,0.00010450926515659376,273,1,0
5,main_morgan_r3_494,molecular_fingerprint,4.638419387807363e-05,-1.0626862523332014e-05,532,1,0
5,main_morgan_r3_495,molecular_fingerprint,0.0012111229106221088,0.0003626152889865449,108,1,0
5,main_morgan_r3_496,molecular_fingerprint,0.0007162140607844946,-0.0002090934542700673,151,1,0
5,main_morgan_r3_497,molecular_fingerprint,0.00015459343916770897,0.00014328631382997837,370,1,0
5,main_morgan_r3_498,molecular_fingerprint,8.991653188319207e-05,1.920371543658599e-05,451,1,0
5,main_morgan_r3_499,molecular_fingerprint,0.0012119013648591527,0.0005025423451868013,107,1,0
5,main_morgan_r3_5,molecular_fingerprint,0.0009017393756697502,0.0004578997964996588,129,1,0
5,main_morgan_r3_50,molecular_fingerprint,0.0005488577448898012,-0.0005488577448898012,188,1,0
5,main_morgan_r3_500,molecular_fingerprint,0.00012442891479910007,0.00012442891479910007,405,1,0
5,main_morgan_r3_501,molecular_fingerprint,0.00020422330450034883,-8.961078227135507e-05,335,1,0
5,main_morgan_r3_502,molecular_fingerprint,0.00031131745129284947,0.00016804075805029902,276,1,0
5,main_morgan_r3_503,molecular_fingerprint,0.0001960272859846175,-1.608504922267508e-05,338,1,0
5,main_morgan_r3_504,molecular_fingerprint,1.4379568673174649e-05,6.663092039265922e-06,605,1,0
5,main_morgan_r3_505,molecular_fingerprint,0.00010054969704570897,-9.54265930426522e-05,437,1,0
5,main_morgan_r3_506,molecular_fingerprint,4.6243608023246434e-05,4.542788770139496e-05,533,1,0
5,main_morgan_r3_507,molecular_fingerprint,0.00018848284324398098,-4.6149880123888606e-05,347,1,0
5,main_morgan_r3_508,molecular_fingerprint,8.336280503493123e-05,-8.116196922445498e-05,460,1,0
5,main_morgan_r3_51,molecular_fingerprint,6.521969675964732e-05,3.0771675165258036e-06,488,1,0
5,main_morgan_r3_510,molecular_fingerprint,0.00017355007262355888,-3.725017303016396e-06,355,1,0
5,main_morgan_r3_511,molecular_fingerprint,9.798729574009078e-05,2.3164516913488515e-05,440,1,0
5,main_morgan_r3_52,molecular_fingerprint,0.0002519850136451396,0.00012375539833764534,302,1,0
5,main_morgan_r3_53,molecular_fingerprint,1.7889283574277213e-05,-1.7889283574277213e-05,595,1,0
5,main_morgan_r3_54,molecular_fingerprint,0.0,0.0,672,1,0
5,main_morgan_r3_55,molecular_fingerprint,0.0010585384779842066,-0.00037763048739988234,116,1,0
5,main_morgan_r3_56,molecular_fingerprint,5.7197892171751e-05,4.38260639191728e-05,503,1,0
5,main_morgan_r3_57,molecular_fingerprint,6.0612628866591785e-05,-6.0612628866591785e-05,497,1,0
5,main_morgan_r3_58,molecular_fingerprint,0.00010655974526029706,-0.00010655974526029706,429,1,0
5,main_morgan_r3_59,molecular_fingerprint,3.683833014103278e-05,9.544530334121899e-06,553,1,0
5,main_morgan_r3_6,molecular_fingerprint,0.00038225454824015515,0.00030778597812839185,249,1,0
5,main_morgan_r3_60,molecular_fingerprint,0.0003312961328513589,0.00016723617044874574,263,1,0
5,main_morgan_r3_61,molecular_fingerprint,4.10231347844577e-05,-3.982094542834603e-05,545,1,0
5,main_morgan_r3_62,molecular_fingerprint,0.0,0.0,671,1,0
5,main_morgan_r3_63,molecular_fingerprint,0.0008473926818103587,0.00037356046966882173,133,1,0
5,main_morgan_r3_66,molecular_fingerprint,0.0008837981751418529,0.0002412795314127436,131,1,0
5,main_morgan_r3_67,molecular_fingerprint,9.636180546275832e-05,-2.359937079050818e-06,443,1,0
5,main_morgan_r3_68,molecular_fingerprint,0.0,0.0,674,1,0
5,main_morgan_r3_69,molecular_fingerprint,0.00014627162464320365,9.255344367501394e-05,379,1,0
5,main_morgan_r3_7,molecular_fingerprint,0.000552513563648789,0.0005172529622790497,187,1,0
5,main_morgan_r3_70,molecular_fingerprint,9.527953806239804e-05,3.703879122805157e-05,446,1,0
5,main_morgan_r3_71,molecular_fingerprint,0.0004003852565249686,7.731879636394645e-05,238,1,0
5,main_morgan_r3_72,molecular_fingerprint,0.00014061571436299245,7.82271131096321e-05,384,1,0
5,main_morgan_r3_73,molecular_fingerprint,0.00011762385513751246,0.00010354353439838508,416,1,0
5,main_morgan_r3_74,molecular_fingerprint,8.976314013030635e-05,4.446465237562177e-05,453,1,0
5,main_morgan_r3_75,molecular_fingerprint,7.343073572074995e-06,6.404510872926032e-06,621,1,0
5,main_morgan_r3_76,molecular_fingerprint,3.5900492185029344e-05,4.4104777027500716e-06,556,1,0
5,main_morgan_r3_77,molecular_fingerprint,0.000194649760931919,-4.9033880488333146e-05,341,1,0
5,main_morgan_r3_78,molecular_fingerprint,5.232342556685882e-05,-2.6076673107379786e-05,520,1,0
5,main_morgan_r3_79,molecular_fingerprint,0.0014307845409673484,0.0010004450747842478,96,1,0
5,main_morgan_r3_8,molecular_fingerprint,0.00031331690833044483,7.670987577003058e-05,275,1,0
5,main_morgan_r3_80,molecular_fingerprint,0.0054874423454189,0.0009960661166439598,24,1,0
5,main_morgan_r3_81,molecular_fingerprint,0.00032180808049089485,-0.00031812760248101313,268,1,0
5,main_morgan_r3_82,molecular_fingerprint,0.0005144127686614613,-0.0002932178629773969,194,1,0
5,main_morgan_r3_83,molecular_fingerprint,6.869468633239093e-08,-6.869468633239093e-08,640,1,0
5,main_morgan_r3_84,molecular_fingerprint,0.0003201665550720633,-0.00015338240229518694,271,1,0
5,main_morgan_r3_85,molecular_fingerprint,8.824497567303523e-05,5.7317620685890035e-05,456,1,0
5,main_morgan_r3_87,molecular_fingerprint,6.259312861200469e-06,3.296475589801653e-06,624,1,0
5,main_morgan_r3_88,molecular_fingerprint,5.349201401006416e-06,4.823893047816653e-07,627,1,0
5,main_morgan_r3_89,molecular_fingerprint,0.00013275512430482197,-7.961975821268019e-05,393,1,0
5,main_morgan_r3_9,molecular_fingerprint,0.00020794627364163412,-5.1391768547546225e-05,331,1,0
5,main_morgan_r3_90,molecular_fingerprint,0.0019052041445059866,-2.392758956663724e-06,70,1,0
5,main_morgan_r3_91,molecular_fingerprint,2.232767691238122e-05,-2.1200185461920137e-05,586,1,0
5,main_morgan_r3_92,molecular_fingerprint,3.0606379748911014e-06,2.1385463490888557e-06,633,1,0
5,main_morgan_r3_93,molecular_fingerprint,6.016780450206878e-05,5.13680285924541e-06,498,1,0
5,main_morgan_r3_94,molecular_fingerprint,0.0014471752112769167,-0.0002467151007234572,93,1,0
5,main_morgan_r3_95,molecular_fingerprint,0.0002184682098415338,0.00013152542493600095,326,1,0
5,main_morgan_r3_96,molecular_fingerprint,2.5425600575140883e-05,-2.5425600575140883e-05,579,1,0
5,main_morgan_r3_97,molecular_fingerprint,0.0007549181218524718,0.00035760231170186386,143,1,0
5,main_morgan_r3_98,molecular_fingerprint,0.0004979920842929174,-0.00030042500518301086,198,1,0
5,main_morgan_r3_99,molecular_fingerprint,6.182675469921782e-05,-6.182675469921782e-05,495,1,0
