feature,feature_group,mean_abs_shap_all_folds,mean_abs_shap_when_selected,mean_signed_shap_all_folds,mean_signed_shap_when_selected,selected_feature_frequency,top20_frequency,direction_consistency,positive_direction_fraction_when_selected,mean_rank_all_folds,folds_present,n_shap_folds
P_x_CuringAgent_Has_N,molecular_descriptor,0.012035820794691584,0.012035820794691584,-0.0014413189230519819,-0.0014413189230519819,1.0,1.0,1.0,0.0,8.2,5,5
P_loading_x_Synergy,formulation_loading,0.011713535364880713,0.011713535364880713,-0.0008256591700151899,-0.0008256591700151899,1.0,1.0,0.8,0.2,13.2,5,5
P_x_curing_LogP,molecular_descriptor,0.011005904979402726,0.011005904979402726,-0.0016699431948970593,-0.0016699431948970593,1.0,1.0,1.0,0.0,12.8,5,5
P_x_curing_AromaticRings,molecular_descriptor,0.010965772587001054,0.010965772587001054,-0.0011006305567049068,-0.0011006305567049068,1.0,1.0,0.8,0.2,7.2,5,5
P_x_curing_HBD,molecular_descriptor,0.010924584039996046,0.010924584039996046,-0.0014142471016913413,-0.0014142471016913413,1.0,1.0,0.8,0.2,7.4,5,5
Loading_x_Synergy,formulation_loading,0.008457614810918767,0.008457614810918767,-0.001084743878375835,-0.001084743878375835,1.0,1.0,0.8,0.2,9.8,5,5
Loading_total_FR_sqrt,formulation_loading,0.008690076426641873,0.008690076426641873,-0.0016399478584020813,-0.0016399478584020813,1.0,0.8,1.0,0.0,25.8,5,5
P_content_sqrt,elemental_composition,0.007872758782294329,0.007872758782294329,-0.0013043203168651477,-0.0013043203168651477,1.0,0.8,1.0,0.0,28.0,5,5
main_morgan_r3_21,molecular_fingerprint,0.007443936860260321,0.007443936860260321,-0.0010756382460723034,-0.0010756382460723034,1.0,0.8,1.0,0.0,43.0,5,5
P_loading_real_sqrt,formulation_loading,0.007222142222620893,0.007222142222620893,-0.0011362260557020722,-0.0011362260557020722,1.0,0.8,1.0,0.0,40.8,5,5
P_x_curing_RingCount,molecular_descriptor,0.0070126267853235485,0.0070126267853235485,-0.000818918686299752,-0.000818918686299752,1.0,0.8,1.0,0.0,17.8,5,5
P_x_curing_HeavyAtomCount,molecular_descriptor,0.006628218076284648,0.006628218076284648,-0.0011371647021771905,-0.0011371647021771905,1.0,0.8,1.0,0.0,18.0,5,5
P_x_curing_MolWt,molecular_descriptor,0.006276113405793864,0.006276113405793864,-0.0008893528944385265,-0.0008893528944385265,1.0,0.8,1.0,0.0,23.6,5,5
P_x_curing_RotBonds,molecular_descriptor,0.005932370966992349,0.005932370966992349,-0.0007389953203992553,-0.0007389953203992553,1.0,0.8,0.75,0.25,40.2,5,5
main_morgan_r3_128,molecular_fingerprint,0.009186094156990874,0.009186094156990874,-0.0006566603541135462,-0.0006566603541135462,1.0,0.6,1.0,0.0,47.6,5,5
Loading_total_FR wt%,formulation_loading,0.006401614999872969,0.006401614999872969,-0.0006813119356839515,-0.0006813119356839515,1.0,0.6,0.8,0.2,20.0,5,5
P_content wt%,elemental_composition,0.005815008201233948,0.005815008201233948,-0.0009325584044494372,-0.0009325584044494372,1.0,0.6,0.75,0.25,147.0,5,5
Has_P,elemental_composition,0.005528438944398002,0.005528438944398002,-0.0009844140123408476,-0.0009844140123408476,1.0,0.6,1.0,0.0,130.8,5,5
P_B_loading_sum,formulation_loading,0.011416118624248657,0.011416118624248657,-0.0014114809048391692,-0.0014114809048391692,1.0,0.4,0.6,0.4,22.2,5,5
P_S_loading_sum,formulation_loading,0.006983334618581183,0.006983334618581183,-0.0011073256983209082,-0.0011073256983209082,1.0,0.4,1.0,0.0,23.4,5,5
Synergy_flag(single=0&synergy=1),other,0.005041951662244824,0.005041951662244824,-0.0006278986227982402,-0.0006278986227982402,1.0,0.4,0.75,0.25,93.0,5,5
N_loading_real_sqrt,formulation_loading,0.004927585538373086,0.004927585538373086,-0.0009760176430841887,-0.0009760176430841887,1.0,0.4,1.0,0.0,29.8,5,5
Main_FR_fraction,formulation_loading,0.004914928433696022,0.004914928433696022,-0.0008399278956175889,-0.0008399278956175889,1.0,0.4,1.0,0.0,90.8,5,5
P_N_loading_sum,formulation_loading,0.010520926038806673,0.010520926038806673,-0.002263540144730272,-0.002263540144730272,1.0,0.2,0.8,0.2,24.0,5,5
P_x_curing_FractionCSP3,molecular_descriptor,0.008949948500346815,0.008949948500346815,-0.0005255604651243721,-0.0005255604651243721,1.0,0.2,1.0,0.0,28.4,5,5
main_LogP,molecular_descriptor,0.005832771531150599,0.005832771531150599,-0.00013235072933528408,-0.00013235072933528408,1.0,0.2,0.6,0.4,78.4,5,5
main_morgan_r3_218,molecular_fingerprint,0.005474584786358963,0.005474584786358963,-0.0007181657823728494,-0.0007181657823728494,1.0,0.2,0.8,0.2,57.4,5,5
main_TPSA,molecular_descriptor,0.005267450559359455,0.005267450559359455,-0.0007075059337384554,-0.0007075059337384554,1.0,0.2,1.0,0.0,55.2,5,5
N_content wt%,elemental_composition,0.004969603822083931,0.004969603822083931,-0.0006577062019317824,-0.0006577062019317824,1.0,0.2,0.8,0.2,37.8,5,5
main_morgan_r3_363,molecular_fingerprint,0.0044345188271647604,0.0044345188271647604,-2.8845313360724392e-05,-2.8845313360724392e-05,1.0,0.2,0.6,0.4,64.6,5,5
Loading_total_FR_sq,formulation_loading,0.00434390037331603,0.00434390037331603,-0.0007697010234098224,-0.0007697010234098224,1.0,0.2,1.0,0.0,33.2,5,5
P_x_curing_TPSA,molecular_descriptor,0.004331835501956973,0.004331835501956973,-0.000676015971998223,-0.000676015971998223,1.0,0.2,0.8,0.2,39.2,5,5
main_BertzCT,other,0.003460746952805918,0.003460746952805918,-0.00056684602713884,-0.00056684602713884,1.0,0.2,0.8,0.2,77.6,5,5
main_morgan_r3_133,molecular_fingerprint,0.0029642521336529807,0.0029642521336529807,-0.00048716170205203235,-0.00048716170205203235,1.0,0.2,1.0,0.0,91.6,5,5
Preparation_Method_DOPO-based (Additive + Secondary Crosslinking),curing_and_preparation,0.0026212544473652026,0.0026212544473652026,-0.0012114904115364084,-0.0012114904115364084,1.0,0.2,1.0,0.0,130.8,5,5
main_morgan_r3_1,molecular_fingerprint,0.0025954658784642973,0.0025954658784642973,-0.00031268376429607284,-0.00031268376429607284,1.0,0.2,0.75,0.25,73.8,5,5
main_RotBonds,other,0.0024311908435035775,0.0024311908435035775,-0.00017375495320039367,-0.00017375495320039367,1.0,0.2,0.8,0.2,82.6,5,5
main_morgan_r3_82,molecular_fingerprint,0.001641119893686298,0.001641119893686298,-0.0001752009114332554,-0.0001752009114332554,1.0,0.2,0.6,0.4,184.2,5,5
Main_FR_present,other,0.004850428857296872,0.00606303607162109,-0.0007302285251004024,-0.0009127856563755029,0.8,0.2,0.6666666666666666,0.3333333333333333,177.2,4,5
P_loading_real,formulation_loading,0.004531374486556323,0.004531374486556323,-0.0005307735584052229,-0.0005307735584052229,1.0,0.0,0.6,0.6,32.6,5,5
P_Si_loading_sum,formulation_loading,0.00443074388206363,0.00443074388206363,-0.0012280463203337704,-0.0012280463203337704,1.0,0.0,1.0,0.0,31.8,5,5
P_Si_loading_ratio,formulation_loading,0.004146336005335949,0.004146336005335949,-0.0007829632325557299,-0.0007829632325557299,1.0,0.0,0.8,0.2,35.8,5,5
P_content_log,elemental_composition,0.004009946532360783,0.004009946532360783,-0.00019343448745831146,-0.00019343448745831146,1.0,0.0,0.6,0.6,41.6,5,5
P_x_curing_HBA,molecular_descriptor,0.003882435484768487,0.003882435484768487,-0.000377957420774166,-0.000377957420774166,1.0,0.0,0.8,0.2,36.2,5,5
main_morgan_r3_183,molecular_fingerprint,0.003881977933256285,0.003881977933256285,-5.787229222192465e-06,-5.787229222192465e-06,1.0,0.0,0.6,0.6,34.8,5,5
P_B_loading_ratio,formulation_loading,0.003858572242541843,0.003858572242541843,-0.0007228032698601748,-0.0007228032698601748,1.0,0.0,0.8,0.2,47.6,5,5
P_S_loading_ratio,formulation_loading,0.0035246384066939225,0.0035246384066939225,-0.0005851533500390191,-0.0005851533500390191,1.0,0.0,0.6,0.4,42.0,5,5
P_content_sq,elemental_composition,0.0033932535521950325,0.0033932535521950325,-0.0005320010344182883,-0.0005320010344182883,1.0,0.0,0.8,0.2,46.6,5,5
N_content_wt%_sqrt,elemental_composition,0.003366800726993842,0.003366800726993842,-0.00062970369089884,-0.00062970369089884,1.0,0.0,0.6,0.4,43.0,5,5
P_N_loading_product,formulation_loading,0.0032340854291829256,0.0032340854291829256,-0.0005303760353580876,-0.0005303760353580876,1.0,0.0,0.8,0.2,45.6,5,5
curing_morgan_r3_39,molecular_fingerprint,0.0030172637931508125,0.0030172637931508125,-0.00020452367512888104,-0.00020452367512888104,1.0,0.0,0.5,0.5,112.8,5,5
main_morgan_r3_341,molecular_fingerprint,0.0030169933679139328,0.0030169933679139328,-0.00026827701686122214,-0.00026827701686122214,1.0,0.0,0.6,0.4,54.2,5,5
N_loading_real,formulation_loading,0.0029336274311790277,0.0029336274311790277,-0.0005582607241911258,-0.0005582607241911258,1.0,0.0,0.8,0.2,47.4,5,5
N_content_wt%_sq,elemental_composition,0.002796204858324783,0.002796204858324783,-0.0003303463224979224,-0.0003303463224979224,1.0,0.0,0.8,0.2,62.0,5,5
main_BalabanJ,other,0.0026131936654138154,0.0026131936654138154,-0.0002614102635141118,-0.0002614102635141118,1.0,0.0,0.6,0.4,53.6,5,5
main_morgan_r3_80,molecular_fingerprint,0.0024817147813228253,0.0024817147813228253,8.346037292823651e-05,8.346037292823651e-05,1.0,0.0,0.5,0.5,95.0,5,5
main_morgan_r3_219,molecular_fingerprint,0.002480253767780121,0.002480253767780121,-0.00013902384221036945,-0.00013902384221036945,1.0,0.0,0.8,0.2,52.0,5,5
main_AromaticRings,molecular_descriptor,0.002477152252650396,0.002477152252650396,-0.0005314074333500952,-0.0005314074333500952,1.0,0.0,1.0,0.0,63.2,5,5
P_loading_real_sq,formulation_loading,0.0024158754553944245,0.0024158754553944245,-0.0002468460348508111,-0.0002468460348508111,1.0,0.0,0.5,0.5,71.8,5,5
curing_morgan_r3_80,molecular_fingerprint,0.0023963195747369248,0.0023963195747369248,-0.00020754686283191694,-0.00020754686283191694,1.0,0.0,0.75,0.25,175.4,5,5
main_morgan_r3_326,molecular_fingerprint,0.0023405399496890236,0.0023405399496890236,-0.0006043127225354079,-0.0006043127225354079,1.0,0.0,1.0,0.0,126.2,5,5
main_NumHeteroAtoms,molecular_descriptor,0.0022133222208881383,0.0022133222208881383,-0.0001849208373078447,-0.0001849208373078447,1.0,0.0,0.8,0.2,60.6,5,5
main_HBA,other,0.002148154745426335,0.002148154745426335,-7.326714306759725e-05,-7.326714306759725e-05,1.0,0.0,0.8,0.2,88.0,5,5
main_morgan_r3_79,molecular_fingerprint,0.0021397721677810714,0.0021397721677810714,0.00017548933798717893,0.00017548933798717893,1.0,0.0,0.8,0.8,123.2,5,5
main_Kappa2,other,0.002113226373891871,0.002113226373891871,1.926847191542441e-06,1.926847191542441e-06,1.0,0.0,0.6,0.4,75.4,5,5
curing_morgan_r3_138,molecular_fingerprint,0.00202690314454422,0.00202690314454422,-0.00012062363417619882,-0.00012062363417619882,1.0,0.0,0.75,0.25,182.8,5,5
Has_N,elemental_composition,0.002018431129359385,0.002018431129359385,-0.00014563055829270525,-0.00014563055829270525,1.0,0.0,0.5,0.5,175.6,5,5
main_morgan_r3_314,molecular_fingerprint,0.001971126525297376,0.001971126525297376,-0.0005159633200920285,-0.0005159633200920285,1.0,0.0,0.75,0.25,143.4,5,5
main_MolMR,other,0.001945867903433348,0.001945867903433348,-0.00026402601511457734,-0.00026402601511457734,1.0,0.0,1.0,0.0,65.6,5,5
main_AliphaticRings,molecular_descriptor,0.001847883055575112,0.001847883055575112,-0.0002107501539416779,-0.0002107501539416779,1.0,0.0,0.8,0.2,78.6,5,5
main_Kappa3,other,0.00183535174809153,0.00183535174809153,-9.511523107519503e-05,-9.511523107519503e-05,1.0,0.0,0.6,0.4,85.8,5,5
main_morgan_r3_469,molecular_fingerprint,0.0018007300736689502,0.0018007300736689502,-0.0007118276217982491,-0.0007118276217982491,1.0,0.0,0.6,0.4,149.4,5,5
main_morgan_r3_290,molecular_fingerprint,0.0017572331326651993,0.0017572331326651993,-0.00024046718717592083,-0.00024046718717592083,1.0,0.0,0.6,0.6,95.8,5,5
main_NOCount,other,0.0017218049903162801,0.0017218049903162801,-9.816571703495503e-05,-9.816571703495503e-05,1.0,0.0,0.6,0.4,76.4,5,5
main_FractionCSP3,molecular_descriptor,0.001710687143198096,0.001710687143198096,-0.00031253273124673213,-0.00031253273124673213,1.0,0.0,0.6,0.4,128.4,5,5
main_morgan_r3_121,molecular_fingerprint,0.001705913351170434,0.001705913351170434,-0.0003544000082265545,-0.0003544000082265545,1.0,0.0,0.75,0.25,107.0,5,5
main_morgan_r3_5,molecular_fingerprint,0.001666600007346588,0.001666600007346588,0.0004815433403642172,0.0004815433403642172,1.0,0.0,0.6,0.4,97.2,5,5
curing_HBA,molecular_descriptor,0.0016404286830614383,0.0016404286830614383,-0.00019073760541604733,-0.00019073760541604733,1.0,0.0,1.0,0.0,185.6,5,5
N_loading_real_sq,formulation_loading,0.0016318475667611934,0.0016318475667611934,-0.00031007838930997074,-0.00031007838930997074,1.0,0.0,0.8,0.2,79.8,5,5
curing_NOCount,molecular_descriptor,0.0015978312234708359,0.0015978312234708359,-0.00011469861966152842,-0.00011469861966152842,1.0,0.0,0.75,0.25,164.2,5,5
main_morgan_r3_414,molecular_fingerprint,0.0015741444563923544,0.0015741444563923544,-0.0003056013239252639,-0.0003056013239252639,1.0,0.0,0.5,0.5,163.0,5,5
main_morgan_r3_322,molecular_fingerprint,0.0014969844123616477,0.0014969844123616477,2.282434050487007e-05,2.282434050487007e-05,1.0,0.0,0.8,0.2,81.2,5,5
main_morgan_r3_182,molecular_fingerprint,0.0014910714690646151,0.0014910714690646151,-0.00013241110485571515,-0.00013241110485571515,1.0,0.0,0.5,0.5,138.8,5,5
main_RingCount,molecular_descriptor,0.0014342592305917183,0.0014342592305917183,-0.0001045042847361728,-0.0001045042847361728,1.0,0.0,0.5,0.5,99.4,5,5
main_AromaticCarbocycles,other,0.0014294786727336649,0.0014294786727336649,-0.00019250883376585714,-0.00019250883376585714,1.0,0.0,0.8,0.2,92.6,5,5
Synergy_type_P-N,other,0.0014294267278104752,0.0014294267278104752,-5.81763971534378e-05,-5.81763971534378e-05,1.0,0.0,0.5,0.5,106.4,5,5
main_Kappa1,other,0.0013850960898135634,0.0013850960898135634,-7.925805614748336e-05,-7.925805614748336e-05,1.0,0.0,0.6,0.4,101.2,5,5
main_MolWt,molecular_descriptor,0.0013788414067308148,0.0013788414067308148,-0.00020232521067111803,-0.00020232521067111803,1.0,0.0,1.0,0.0,96.0,5,5
curing_NumHeteroAtoms,molecular_descriptor,0.0013514024656775896,0.0013514024656775896,-0.00016237893875222664,-0.00016237893875222664,1.0,0.0,0.75,0.25,208.8,5,5
main_morgan_r3_135,molecular_fingerprint,0.001348489224728194,0.001348489224728194,-0.0002105378059788967,-0.0002105378059788967,1.0,0.0,1.0,0.0,137.6,5,5
main_NumValenceElectrons,other,0.0013433215555941937,0.0013433215555941937,-0.00023110226677113248,-0.00023110226677113248,1.0,0.0,0.75,0.25,101.4,5,5
main_LabuteASA,other,0.0013246107532192436,0.0013246107532192436,-0.00016975505926519,-0.00016975505926519,1.0,0.0,0.75,0.25,97.0,5,5
S_loading_real_sqrt,formulation_loading,0.0012708474375833097,0.0012708474375833097,-0.0004375193533444852,-0.0004375193533444852,1.0,0.0,0.8,0.2,91.4,5,5
main_morgan_r3_40,molecular_fingerprint,0.0012621332613912803,0.0012621332613912803,0.0003524408628314844,0.0003524408628314844,1.0,0.0,0.8,0.8,306.2,5,5
N/P_ratio_sqrt,elemental_composition,0.0012615396194230564,0.0012615396194230564,-0.00018482729969223005,-0.00018482729969223005,1.0,0.0,0.75,0.25,117.8,5,5
curing_Kappa1,molecular_descriptor,0.0012493549360187283,0.0012493549360187283,-0.0001426793190891623,-0.0001426793190891623,1.0,0.0,1.0,0.0,212.2,5,5
main_morgan_r3_320,molecular_fingerprint,0.001243274624286405,0.001243274624286405,-0.00015167446298231787,-0.00015167446298231787,1.0,0.0,1.0,0.0,218.6,5,5
main_morgan_r3_432,molecular_fingerprint,0.001229262846558556,0.001229262846558556,-0.00014558517668370653,-0.00014558517668370653,1.0,0.0,0.6,0.4,116.2,5,5
curing_LabuteASA,molecular_descriptor,0.0012224069970562805,0.0012224069970562805,3.5424968992636996e-05,3.5424968992636996e-05,1.0,0.0,0.75,0.25,229.4,5,5
main_ExactMolWt,molecular_descriptor,0.001173448306960467,0.001173448306960467,-0.00016526005139947227,-0.00016526005139947227,1.0,0.0,0.75,0.25,114.0,5,5
main_morgan_r3_460,molecular_fingerprint,0.0011399474214620173,0.0011399474214620173,-8.230129664024222e-07,-8.230129664024222e-07,1.0,0.0,0.75,0.75,193.6,5,5
main_morgan_r3_399,molecular_fingerprint,0.001134891555472176,0.001134891555472176,-0.0005859597217027275,-0.0005859597217027275,1.0,0.0,0.8,0.2,122.0,5,5
main_morgan_r3_204,molecular_fingerprint,0.0011010202280489253,0.0011010202280489253,-0.00010309084564956088,-0.00010309084564956088,1.0,0.0,0.75,0.25,149.0,5,5
curing_LogP,molecular_descriptor,0.0010903693860552022,0.0010903693860552022,-9.36836689465141e-05,-9.36836689465141e-05,1.0,0.0,0.5,0.5,216.8,5,5
main_HeavyAtomCount,other,0.001078952262376472,0.001078952262376472,-5.856060800855151e-05,-5.856060800855151e-05,1.0,0.0,0.5,0.5,122.8,5,5
main_morgan_r3_178,molecular_fingerprint,0.001078315023248067,0.001078315023248067,-0.00026479112333484874,-0.00026479112333484874,1.0,0.0,0.75,0.25,142.0,5,5
main_morgan_r3_387,molecular_fingerprint,0.0010695703014114157,0.0010695703014114157,3.4884192580545586e-05,3.4884192580545586e-05,1.0,0.0,0.75,0.75,177.4,5,5
main_morgan_r3_63,molecular_fingerprint,0.0010682601650621516,0.0010682601650621516,-0.0002175112947001608,-0.0002175112947001608,1.0,0.0,0.6,0.4,150.8,5,5
main_morgan_r3_425,molecular_fingerprint,0.0010641969552464855,0.0010641969552464855,8.947305573502715e-05,8.947305573502715e-05,1.0,0.0,0.5,0.5,211.6,5,5
curing_HeavyAtomCount,molecular_descriptor,0.0010211975646604557,0.0010211975646604557,8.87117701802159e-05,8.87117701802159e-05,1.0,0.0,0.5,0.5,211.8,5,5
curing_NumValenceElectrons,molecular_descriptor,0.0010042378297084253,0.0010042378297084253,7.887162613495328e-05,7.887162613495328e-05,1.0,0.0,0.75,0.75,179.8,5,5
CuringAgent_Has_S,molecular_descriptor,0.000991805159035694,0.000991805159035694,-0.00012597447569464695,-0.00012597447569464695,1.0,0.0,1.0,0.0,247.8,5,5
main_morgan_r3_94,molecular_fingerprint,0.0009824210451936442,0.0009824210451936442,-8.959745955603236e-05,-8.959745955603236e-05,1.0,0.0,0.6,0.4,140.2,5,5
main_morgan_r3_295,molecular_fingerprint,0.000965941427814722,0.000965941427814722,-1.7502682581879968e-05,-1.7502682581879968e-05,1.0,0.0,0.5,0.5,166.6,5,5
curing_morgan_r3_214,molecular_fingerprint,0.0009617215106632337,0.0009617215106632337,0.0002866665300499579,0.0002866665300499579,1.0,0.0,0.5,0.5,247.2,5,5
B_loading_real_sqrt,formulation_loading,0.0009596135702103967,0.0009596135702103967,-0.0001945667546976387,-0.0001945667546976387,1.0,0.0,0.75,0.25,112.0,5,5
UL94_Thickness_mm,test_condition,0.0009517589137002828,0.0009517589137002828,5.2843123961368455e-05,5.2843123961368455e-05,1.0,0.0,0.75,0.75,127.6,5,5
S_content wt%,elemental_composition,0.0009259798951480882,0.0009259798951480882,-0.0003208845402181086,-0.0003208845402181086,1.0,0.0,0.8,0.2,127.6,5,5
curing_FractionCSP3,molecular_descriptor,0.0009029043782736734,0.0009029043782736734,6.0654023370457505e-05,6.0654023370457505e-05,1.0,0.0,0.5,0.5,191.0,5,5
S_content_wt%_sqrt,elemental_composition,0.0008980830998904482,0.0008980830998904482,-0.0005083484550565411,-0.0005083484550565411,1.0,0.0,1.0,0.0,132.2,5,5
curing_BalabanJ,molecular_descriptor,0.000890418512897682,0.000890418512897682,-3.246492279897794e-05,-3.246492279897794e-05,1.0,0.0,0.75,0.25,244.0,5,5
curing_AromaticRings,molecular_descriptor,0.000884953822018411,0.000884953822018411,0.00023701404545754993,0.00023701404545754993,1.0,0.0,0.5,0.5,265.2,5,5
B_content_wt%_sqrt,elemental_composition,0.000883627739689337,0.000883627739689337,-0.00018995358632948158,-0.00018995358632948158,1.0,0.0,0.8,0.2,127.8,5,5
main_morgan_r3_378,molecular_fingerprint,0.000874632444655464,0.000874632444655464,-0.00011915334418451985,-0.00011915334418451985,1.0,0.0,0.5,0.5,194.4,5,5
curing_MolWt,molecular_descriptor,0.0008697814833196402,0.0008697814833196402,1.1337536412791182e-06,1.1337536412791182e-06,1.0,0.0,0.5,0.5,212.8,5,5
main_AromaticHeterocycles,other,0.0008597659621996734,0.0008597659621996734,-9.841311264939256e-05,-9.841311264939256e-05,1.0,0.0,0.75,0.25,137.2,5,5
main_morgan_r3_201,molecular_fingerprint,0.0008282514535792238,0.0008282514535792238,-4.926382917783271e-05,-4.926382917783271e-05,1.0,0.0,0.6,0.6,198.8,5,5
B/P_ratio_sqrt,elemental_composition,0.0008227971237482988,0.0008227971237482988,-0.00018343667098786736,-0.00018343667098786736,1.0,0.0,1.0,0.0,133.8,5,5
main_morgan_r3_167,molecular_fingerprint,0.0008159410831063265,0.0008159410831063265,6.401763863670941e-05,6.401763863670941e-05,1.0,0.0,0.6,0.6,197.4,5,5
S_content_wt%_sq,elemental_composition,0.0008154364658159556,0.0008154364658159556,-0.000418584230642338,-0.000418584230642338,1.0,0.0,0.8,0.2,145.4,5,5
main_morgan_r3_202,molecular_fingerprint,0.0008107009222015398,0.0008107009222015398,0.0003163571819925374,0.0003163571819925374,1.0,0.0,0.75,0.75,189.8,5,5
main_morgan_r3_227,molecular_fingerprint,0.0008043482377375196,0.0008043482377375196,2.8393051474756516e-05,2.8393051474756516e-05,1.0,0.0,0.8,0.8,192.0,5,5
main_morgan_r3_55,molecular_fingerprint,0.000799961153417436,0.000799961153417436,5.9336844665705764e-06,5.9336844665705764e-06,1.0,0.0,0.75,0.75,158.2,5,5
main_morgan_r3_116,molecular_fingerprint,0.0007989277513478259,0.0007989277513478259,-0.00015119158033064997,-0.00015119158033064997,1.0,0.0,0.6,0.4,204.0,5,5
main_morgan_r3_163,molecular_fingerprint,0.0007926187730084401,0.0007926187730084401,-0.00022957952524786676,-0.00022957952524786676,1.0,0.0,1.0,0.0,163.6,5,5
main_morgan_r3_176,molecular_fingerprint,0.0007883058361612602,0.0007883058361612602,-0.000292832592458009,-0.000292832592458009,1.0,0.0,0.75,0.25,184.0,5,5
P_N_loading_ratio,formulation_loading,0.0007840408974080549,0.0007840408974080549,-0.00016748098477136768,-0.00016748098477136768,1.0,0.0,0.6,0.6,172.2,5,5
main_morgan_r3_495,molecular_fingerprint,0.0007832461847193086,0.0007832461847193086,-3.755028145443458e-05,-3.755028145443458e-05,1.0,0.0,0.5,0.5,228.0,5,5
curing_NHOHCount,molecular_descriptor,0.0007799938699910141,0.0007799938699910141,-4.341018403093878e-05,-4.341018403093878e-05,1.0,0.0,0.75,0.25,223.2,5,5
main_morgan_r3_499,molecular_fingerprint,0.0007798033534707567,0.0007798033534707567,-7.436979710593462e-05,-7.436979710593462e-05,1.0,0.0,0.5,0.5,225.4,5,5
main_morgan_r3_90,molecular_fingerprint,0.00077086613144607,0.00077086613144607,7.07991216918121e-06,7.07991216918121e-06,1.0,0.0,0.5,0.5,174.2,5,5
S_loading_real,formulation_loading,0.0007643553543773946,0.0007643553543773946,-0.00026643205070404674,-0.00026643205070404674,1.0,0.0,0.8,0.2,134.2,5,5
curing_BertzCT,molecular_descriptor,0.0007588356536405267,0.0007588356536405267,-3.207581607463795e-05,-3.207581607463795e-05,1.0,0.0,0.75,0.25,244.8,5,5
main_morgan_r3_367,molecular_fingerprint,0.0007524129345521888,0.0007524129345521888,-5.8155084995477766e-05,-5.8155084995477766e-05,1.0,0.0,0.5,0.5,200.4,5,5
main_morgan_r3_244,molecular_fingerprint,0.0007466503311186831,0.0007466503311186831,-7.47478988313877e-05,-7.47478988313877e-05,1.0,0.0,0.75,0.25,190.0,5,5
main_morgan_r3_310,molecular_fingerprint,0.0007447870231346214,0.0007447870231346214,-0.0001595606418469932,-0.0001595606418469932,1.0,0.0,0.8,0.2,156.8,5,5
main_morgan_r3_317,molecular_fingerprint,0.000743837905008317,0.000743837905008317,8.047821712849827e-05,8.047821712849827e-05,1.0,0.0,0.75,0.75,214.6,5,5
curing_ExactMolWt,molecular_descriptor,0.0007315681932221889,0.0007315681932221889,-2.1953978761968142e-05,-2.1953978761968142e-05,1.0,0.0,0.5,0.5,224.4,5,5
curing_TPSA,molecular_descriptor,0.0007300789119199291,0.0007300789119199291,-0.00010784732918090768,-0.00010784732918090768,1.0,0.0,0.75,0.25,243.4,5,5
main_morgan_r3_26,molecular_fingerprint,0.0007248889728184143,0.0007248889728184143,0.0002143103522272036,0.0002143103522272036,1.0,0.0,0.6,0.4,138.4,5,5
main_morgan_r3_346,molecular_fingerprint,0.0007131184168518798,0.0007131184168518798,-0.0002148628941592657,-0.0002148628941592657,1.0,0.0,0.75,0.25,222.4,5,5
main_morgan_r3_331,molecular_fingerprint,0.0007073752878815209,0.0007073752878815209,-0.0003219390541510442,-0.0003219390541510442,1.0,0.0,0.75,0.25,203.4,5,5
curing_MolMR,molecular_descriptor,0.0006981891453885127,0.0006981891453885127,1.553329520064987e-05,1.553329520064987e-05,1.0,0.0,0.75,0.25,270.8,5,5
main_morgan_r3_259,molecular_fingerprint,0.0006914838182587766,0.0006914838182587766,-0.00011374468816276733,-0.00011374468816276733,1.0,0.0,0.75,0.25,215.2,5,5
main_morgan_r3_66,molecular_fingerprint,0.0006683790323613909,0.0006683790323613909,-2.2561346128992163e-05,-2.2561346128992163e-05,1.0,0.0,0.5,0.5,178.8,5,5
curing_Kappa3,molecular_descriptor,0.0006537974557944521,0.0006537974557944521,2.002490994574562e-05,2.002490994574562e-05,1.0,0.0,0.6,0.6,182.4,5,5
main_morgan_r3_33,molecular_fingerprint,0.000652016158572737,0.000652016158572737,-0.00020721670621502188,-0.00020721670621502188,1.0,0.0,0.75,0.25,159.8,5,5
S/P_ratio_sqrt,elemental_composition,0.0006510442634843688,0.0006510442634843688,-0.0002651994546891371,-0.0002651994546891371,1.0,0.0,1.0,0.0,160.6,5,5
main_morgan_r3_423,molecular_fingerprint,0.0006375752655101521,0.0006375752655101521,-6.737111864845645e-06,-6.737111864845645e-06,1.0,0.0,0.6,0.6,159.6,5,5
main_morgan_r3_109,molecular_fingerprint,0.0006345569038315276,0.0006345569038315276,-0.0003840716706568415,-0.0003840716706568415,1.0,0.0,0.6,0.4,203.6,5,5
N/P ratio,elemental_composition,0.0006274150900498548,0.0006274150900498548,2.3687848406448e-05,2.3687848406448e-05,1.0,0.0,0.5,0.5,268.2,5,5
main_morgan_r3_206,molecular_fingerprint,0.0006261778631844174,0.0006261778631844174,-2.749594662851242e-05,-2.749594662851242e-05,1.0,0.0,0.6,0.6,172.6,5,5
CuringAgent_Has_N,molecular_descriptor,0.0006179184869904632,0.0006179184869904632,6.908360740671218e-05,6.908360740671218e-05,1.0,0.0,0.5,0.5,297.2,5,5
main_morgan_r3_119,molecular_fingerprint,0.0006178384603683785,0.0006178384603683785,0.0001614790775937756,0.0001614790775937756,1.0,0.0,0.5,0.5,187.0,5,5
main_HBD,other,0.0006164521970431394,0.0006164521970431394,-3.526884715554531e-05,-3.526884715554531e-05,1.0,0.0,0.5,0.5,159.8,5,5
Synergy_type_P-only,other,0.0006162669938867032,0.0006162669938867032,0.00018810501049223348,0.00018810501049223348,1.0,0.0,0.75,0.75,224.8,5,5
main_morgan_r3_22,molecular_fingerprint,0.0006161309209821907,0.0006161309209821907,-3.231226813506849e-05,-3.231226813506849e-05,1.0,0.0,0.5,0.5,173.6,5,5
main_NHOHCount,other,0.000613961295856554,0.000613961295856554,3.415714537260882e-05,3.415714537260882e-05,1.0,0.0,0.5,0.5,176.2,5,5
main_morgan_r3_479,molecular_fingerprint,0.0006079591061806998,0.0006079591061806998,-3.0975512379556224e-05,-3.0975512379556224e-05,1.0,0.0,0.6,0.4,174.2,5,5
main_morgan_r3_473,molecular_fingerprint,0.0005838877105626061,0.0005838877105626061,-0.0001461988080486781,-0.0001461988080486781,1.0,0.0,0.75,0.25,251.8,5,5
main_morgan_r3_405,molecular_fingerprint,0.0005831866552276745,0.0005831866552276745,0.00023980266414584022,0.00023980266414584022,1.0,0.0,1.0,1.0,178.2,5,5
Si_loading_real_sqrt,formulation_loading,0.000575618480381753,0.000575618480381753,-3.165254604522339e-05,-3.165254604522339e-05,1.0,0.0,0.5,0.5,282.8,5,5
main_morgan_r3_309,molecular_fingerprint,0.0005676343878669665,0.0005676343878669665,-0.0001257431546517118,-0.0001257431546517118,1.0,0.0,0.75,0.25,224.0,5,5
main_morgan_r3_162,molecular_fingerprint,0.0005671058318552795,0.0005671058318552795,-0.00024590440874963166,-0.00024590440874963166,1.0,0.0,1.0,0.0,187.8,5,5
main_morgan_r3_289,molecular_fingerprint,0.0005534081589258039,0.0005534081589258039,-7.606530539910772e-05,-7.606530539910772e-05,1.0,0.0,0.75,0.25,225.4,5,5
main_morgan_r3_489,molecular_fingerprint,0.0005444646929786909,0.0005444646929786909,0.00018893520700493128,0.00018893520700493128,1.0,0.0,0.6,0.6,188.8,5,5
P_x_CuringAgent_Has_S,molecular_descriptor,0.0005443226414442958,0.0005443226414442958,-0.00015835185881619585,-0.00015835185881619585,1.0,0.0,1.0,0.0,168.6,5,5
main_morgan_r3_287,molecular_fingerprint,0.0005423466946189981,0.0005423466946189981,-0.00015103708999974447,-0.00015103708999974447,1.0,0.0,0.75,0.25,221.2,5,5
main_morgan_r3_250,molecular_fingerprint,0.0005413983046270201,0.0005413983046270201,0.0002601474837181317,0.0002601474837181317,1.0,0.0,0.75,0.75,216.8,5,5
main_morgan_r3_416,molecular_fingerprint,0.0005365357326178818,0.0005365357326178818,8.380355432804435e-05,8.380355432804435e-05,1.0,0.0,0.6,0.6,184.4,5,5
main_morgan_r3_286,molecular_fingerprint,0.0005348576529638992,0.0005348576529638992,0.0001938891608345005,0.0001938891608345005,1.0,0.0,1.0,1.0,218.0,5,5
main_morgan_r3_265,molecular_fingerprint,0.000528166805107301,0.000528166805107301,-0.00019787278970690952,-0.00019787278970690952,1.0,0.0,0.5,0.5,227.8,5,5
main_morgan_r3_41,molecular_fingerprint,0.0005250417719970914,0.0005250417719970914,-8.846844392893399e-05,-8.846844392893399e-05,1.0,0.0,0.75,0.25,189.4,5,5
main_morgan_r3_25,molecular_fingerprint,0.0005098364499704144,0.0005098364499704144,0.00025560537899092984,0.00025560537899092984,1.0,0.0,0.75,0.25,371.8,5,5
main_morgan_r3_393,molecular_fingerprint,0.0005089519645518438,0.0005089519645518438,3.822874980613577e-05,3.822874980613577e-05,1.0,0.0,0.75,0.25,261.2,5,5
main_morgan_r3_45,molecular_fingerprint,0.0005045483972927417,0.0005045483972927417,-0.00014221149727231675,-0.00014221149727231675,1.0,0.0,1.0,0.0,265.2,5,5
main_morgan_r3_50,molecular_fingerprint,0.000503633691888674,0.000503633691888674,-0.00012665146247345008,-0.00012665146247345008,1.0,0.0,0.75,0.25,202.2,5,5
main_morgan_r3_134,molecular_fingerprint,0.0005033282313807202,0.0005033282313807202,8.01299728588351e-05,8.01299728588351e-05,1.0,0.0,0.5,0.5,227.2,5,5
Si_content_wt%_sqrt,elemental_composition,0.0005020864582952256,0.0005020864582952256,4.122412756678393e-06,4.122412756678393e-06,1.0,0.0,0.5,0.5,189.6,5,5
Preparation_Method_DOPO-based (Co-curing),molecular_descriptor,0.000501874230278232,0.000501874230278232,5.105571064916031e-05,5.105571064916031e-05,1.0,0.0,0.75,0.75,251.8,5,5
main_morgan_r3_496,molecular_fingerprint,0.0004949718515036622,0.0004949718515036622,-2.7176645649715995e-05,-2.7176645649715995e-05,1.0,0.0,0.75,0.25,260.8,5,5
Preparation_Method_DOPO-based (additive),curing_and_preparation,0.0004929645760502986,0.0004929645760502986,-6.92973873394899e-05,-6.92973873394899e-05,1.0,0.0,0.75,0.25,170.8,5,5
main_morgan_r3_222,molecular_fingerprint,0.00048739990422942334,0.00048739990422942334,-5.7469744632720056e-05,-5.7469744632720056e-05,1.0,0.0,0.5,0.5,253.2,5,5
main_morgan_r3_243,molecular_fingerprint,0.00048104354105674656,0.00048104354105674656,-0.0004488412194931001,-0.0004488412194931001,1.0,0.0,0.8,0.2,298.6,5,5
main_morgan_r3_81,molecular_fingerprint,0.0004810236983856839,0.0004810236983856839,-1.343087456453085e-05,-1.343087456453085e-05,1.0,0.0,0.6,0.4,216.2,5,5
main_morgan_r3_278,molecular_fingerprint,0.0004788245408387748,0.0004788245408387748,-0.00014047157317919413,-0.00014047157317919413,1.0,0.0,0.5,0.5,268.2,5,5
main_SaturatedRings,molecular_descriptor,0.0004775211764317993,0.0004775211764317993,-1.8535748324887053e-06,-1.8535748324887053e-06,1.0,0.0,0.75,0.25,182.8,5,5
Preparation_Method_DOPO-based (reactive),curing_and_preparation,0.0004740281289088927,0.0004740281289088927,-7.844608469042117e-05,-7.844608469042117e-05,1.0,0.0,0.75,0.25,176.8,5,5
Has_Si,elemental_composition,0.0004709174341111214,0.0004709174341111214,-0.00015066459070200882,-0.00015066459070200882,1.0,0.0,0.5,0.5,257.8,5,5
main_morgan_r3_97,molecular_fingerprint,0.00045967660414374795,0.00045967660414374795,0.00019151454307942038,0.00019151454307942038,1.0,0.0,1.0,1.0,215.0,5,5
main_morgan_r3_329,molecular_fingerprint,0.000456713742365526,0.000456713742365526,-6.358163630258339e-05,-6.358163630258339e-05,1.0,0.0,0.6,0.4,221.2,5,5
curing_Kappa2,molecular_descriptor,0.000446440853709103,0.000446440853709103,6.909040014964296e-05,6.909040014964296e-05,1.0,0.0,0.75,0.75,297.6,5,5
main_morgan_r3_266,molecular_fingerprint,0.0004459543870243671,0.0004459543870243671,5.406726840143288e-05,5.406726840143288e-05,1.0,0.0,0.8,0.8,346.2,5,5
main_morgan_r3_159,molecular_fingerprint,0.0004400853437468039,0.0004400853437468039,-0.00015920810101564502,-0.00015920810101564502,1.0,0.0,0.75,0.25,251.2,5,5
main_morgan_r3_319,molecular_fingerprint,0.00043228243051605134,0.00043228243051605134,-2.6663167634848635e-05,-2.6663167634848635e-05,1.0,0.0,0.5,0.5,248.4,5,5
main_morgan_r3_3,molecular_fingerprint,0.0004258329543049438,0.0004258329543049438,-6.78706449378356e-06,-6.78706449378356e-06,1.0,0.0,0.5,0.5,259.0,5,5
main_morgan_r3_468,molecular_fingerprint,0.000422870005009363,0.000422870005009363,1.73675591011013e-05,1.73675591011013e-05,1.0,0.0,0.8,0.8,239.0,5,5
Cure_Temp_Max,curing_and_preparation,0.00040982158599369513,0.00040982158599369513,-2.5641303601936157e-05,-2.5641303601936157e-05,1.0,0.0,0.6,0.4,213.2,5,5
main_morgan_r3_186,molecular_fingerprint,0.00040898136404043386,0.00040898136404043386,8.872214169154907e-06,8.872214169154907e-06,1.0,0.0,0.6,0.6,237.8,5,5
Si/P_ratio_sqrt,elemental_composition,0.00040652912623876573,0.00040652912623876573,-9.795682364277799e-05,-9.795682364277799e-05,1.0,0.0,0.5,0.5,197.8,5,5
main_morgan_r3_240,molecular_fingerprint,0.0004045555471609835,0.0004045555471609835,-4.071296632312896e-05,-4.071296632312896e-05,1.0,0.0,0.75,0.25,302.0,5,5
main_morgan_r3_199,molecular_fingerprint,0.00039480242120982394,0.00039480242120982394,-2.789362692542214e-06,-2.789362692542214e-06,1.0,0.0,0.5,0.5,256.8,5,5
main_morgan_r3_312,molecular_fingerprint,0.00039459357090585655,0.00039459357090585655,-3.201522867936099e-05,-3.201522867936099e-05,1.0,0.0,0.5,0.5,257.2,5,5
main_morgan_r3_123,molecular_fingerprint,0.0003928635357492061,0.0003928635357492061,4.834396167853401e-05,4.834396167853401e-05,1.0,0.0,0.75,0.75,241.8,5,5
main_morgan_r3_140,molecular_fingerprint,0.00039010174756101744,0.00039010174756101744,-9.931579293476691e-05,-9.931579293476691e-05,1.0,0.0,0.6,0.4,255.4,5,5
main_morgan_r3_275,molecular_fingerprint,0.0003898523530803802,0.0003898523530803802,0.00011089646502883551,0.00011089646502883551,1.0,0.0,0.75,0.75,254.4,5,5
curing_HBD,molecular_descriptor,0.00038959817624508255,0.00038959817624508255,3.2283757621990455e-05,3.2283757621990455e-05,1.0,0.0,0.5,0.5,316.2,5,5
main_morgan_r3_441,molecular_fingerprint,0.00038521624294814117,0.00038521624294814117,-6.713987381394215e-05,-6.713987381394215e-05,1.0,0.0,0.8,0.2,244.8,5,5
P_S_loading_product,formulation_loading,0.00038353534257220596,0.00038353534257220596,-0.00019105493912882247,-0.00019105493912882247,1.0,0.0,1.0,0.0,208.0,5,5
main_morgan_r3_12,molecular_fingerprint,0.0003818580598524074,0.0003818580598524074,-0.0001798836392104709,-0.0001798836392104709,1.0,0.0,0.75,0.25,258.4,5,5
main_morgan_r3_107,molecular_fingerprint,0.00037903969895594175,0.00037903969895594175,0.00010015992356700407,0.00010015992356700407,1.0,0.0,0.5,0.5,247.0,5,5
S_loading_real_sq,formulation_loading,0.0003789911549537125,0.0003789911549537125,-0.0001315801272556868,-0.0001315801272556868,1.0,0.0,0.8,0.2,243.4,5,5
main_morgan_r3_379,molecular_fingerprint,0.0003755687394765109,0.0003755687394765109,-5.798068920363166e-05,-5.798068920363166e-05,1.0,0.0,0.75,0.25,323.6,5,5
main_morgan_r3_46,molecular_fingerprint,0.0003747323983480915,0.0003747323983480915,-1.6394536197473218e-05,-1.6394536197473218e-05,1.0,0.0,0.5,0.5,246.0,5,5
main_morgan_r3_110,molecular_fingerprint,0.0003705863571163314,0.0003705863571163314,-0.00013983508434764892,-0.00013983508434764892,1.0,0.0,0.75,0.25,249.6,5,5
main_morgan_r3_490,molecular_fingerprint,0.0003677045063616183,0.0003677045063616183,0.0001229524524908789,0.0001229524524908789,1.0,0.0,0.8,0.8,253.0,5,5
main_morgan_r3_503,molecular_fingerprint,0.0003650202866041386,0.0003650202866041386,-2.1053838254352477e-05,-2.1053838254352477e-05,1.0,0.0,0.75,0.25,305.8,5,5
main_morgan_r3_242,molecular_fingerprint,0.0003640194074198573,0.0003640194074198573,5.55074396396833e-05,5.55074396396833e-05,1.0,0.0,0.75,0.75,295.8,5,5
main_morgan_r3_332,molecular_fingerprint,0.0003601582163439995,0.0003601582163439995,-0.0001627668390901817,-0.0001627668390901817,1.0,0.0,1.0,0.0,285.2,5,5
S/P_ratio_sq,elemental_composition,0.00035991983771566224,0.00035991983771566224,-0.0001531565351918939,-0.0001531565351918939,1.0,0.0,0.75,0.25,236.2,5,5
main_morgan_r3_71,molecular_fingerprint,0.0003568400626948439,0.0003568400626948439,5.0719344118291256e-05,5.0719344118291256e-05,1.0,0.0,0.75,0.75,239.8,5,5
main_morgan_r3_255,molecular_fingerprint,0.00034995137073159867,0.00034995137073159867,0.00012713404346090848,0.00012713404346090848,1.0,0.0,0.6,0.6,272.2,5,5
main_morgan_r3_29,molecular_fingerprint,0.0003471236387024703,0.0003471236387024703,-1.2569852289172129e-05,-1.2569852289172129e-05,1.0,0.0,0.5,0.5,308.2,5,5
main_morgan_r3_177,molecular_fingerprint,0.0003444300569586795,0.0003444300569586795,-0.00013766469092678333,-0.00013766469092678333,1.0,0.0,0.75,0.25,257.4,5,5
main_morgan_r3_377,molecular_fingerprint,0.0003429740747101704,0.0003429740747101704,8.855711747503866e-05,8.855711747503866e-05,1.0,0.0,0.75,0.75,294.6,5,5
N/P_ratio_sq,elemental_composition,0.0003423713358648971,0.0003423713358648971,-1.5477839955736615e-05,-1.5477839955736615e-05,1.0,0.0,0.5,0.5,214.4,5,5
Si_loading_real,formulation_loading,0.000337799914335578,0.000337799914335578,3.12821184933701e-05,3.12821184933701e-05,1.0,0.0,0.5,0.5,225.0,5,5
main_morgan_r3_461,molecular_fingerprint,0.0003353913621803046,0.0003353913621803046,-2.9966420427990576e-05,-2.9966420427990576e-05,1.0,0.0,0.6,0.4,232.6,5,5
main_morgan_r3_271,molecular_fingerprint,0.0003323224901358878,0.0003323224901358878,-0.00012336685869213047,-0.00012336685869213047,1.0,0.0,0.75,0.25,345.8,5,5
main_morgan_r3_236,molecular_fingerprint,0.00033096437790568857,0.00033096437790568857,3.443138489996363e-05,3.443138489996363e-05,1.0,0.0,0.6666666666666666,0.6666666666666666,338.2,5,5
main_morgan_r3_360,molecular_fingerprint,0.0003300616254656603,0.0003300616254656603,-6.391367840639744e-07,-6.391367840639744e-07,1.0,0.0,0.5,0.5,289.6,5,5
main_morgan_r3_233,molecular_fingerprint,0.0003298471758663495,0.0003298471758663495,-5.860683633089162e-05,-5.860683633089162e-05,1.0,0.0,0.75,0.25,261.2,5,5
S/P ratio,elemental_composition,0.0003285899725731853,0.0003285899725731853,-0.00015399625513702608,-0.00015399625513702608,1.0,0.0,0.75,0.25,349.2,5,5
main_morgan_r3_411,molecular_fingerprint,0.00032647010135304714,0.00032647010135304714,-5.85586364611217e-05,-5.85586364611217e-05,1.0,0.0,0.5,0.5,295.4,5,5
main_morgan_r3_392,molecular_fingerprint,0.0003241986958954516,0.0003241986958954516,-3.6029783602329107e-06,-3.6029783602329107e-06,1.0,0.0,0.5,0.5,332.8,5,5
main_morgan_r3_386,molecular_fingerprint,0.0003177660119853651,0.0003177660119853651,-1.8950243057007463e-05,-1.8950243057007463e-05,1.0,0.0,0.75,0.75,324.0,5,5
main_morgan_r3_357,molecular_fingerprint,0.00031582210729476395,0.00031582210729476395,-7.43201132530847e-05,-7.43201132530847e-05,1.0,0.0,0.75,0.25,299.4,5,5
main_morgan_r3_6,molecular_fingerprint,0.0003152996498794359,0.0003152996498794359,2.0939922084093217e-05,2.0939922084093217e-05,1.0,0.0,0.6,0.6,239.0,5,5
main_morgan_r3_428,molecular_fingerprint,0.00031020825544612326,0.00031020825544612326,2.5804784015060876e-05,2.5804784015060876e-05,1.0,0.0,0.5,0.5,310.2,5,5
main_morgan_r3_251,molecular_fingerprint,0.0003095185812115587,0.0003095185812115587,3.572218522600558e-05,3.572218522600558e-05,1.0,0.0,0.75,0.75,277.2,5,5
main_morgan_r3_421,molecular_fingerprint,0.0003086855540745046,0.0003086855540745046,-4.739431690520332e-05,-4.739431690520332e-05,1.0,0.0,0.75,0.25,314.8,5,5
curing_AliphaticRings,molecular_descriptor,0.00030765681845238953,0.00030765681845238953,6.103977461091535e-05,6.103977461091535e-05,1.0,0.0,0.75,0.25,357.6,5,5
Has_S,elemental_composition,0.00030685143039579227,0.00030685143039579227,-0.00014868265061263568,-0.00014868265061263568,1.0,0.0,0.5,0.5,362.0,5,5
main_morgan_r3_152,molecular_fingerprint,0.00030462728990409956,0.00030462728990409956,-8.533148836178839e-05,-8.533148836178839e-05,1.0,0.0,0.75,0.25,276.6,5,5
main_morgan_r3_385,molecular_fingerprint,0.00030440262064523714,0.00030440262064523714,-0.0001556920020487623,-0.0001556920020487623,1.0,0.0,1.0,0.0,295.4,5,5
main_morgan_r3_482,molecular_fingerprint,0.0003035986787123331,0.0003035986787123331,-8.541143674836328e-05,-8.541143674836328e-05,1.0,0.0,0.75,0.25,319.6,5,5
main_morgan_r3_281,molecular_fingerprint,0.0003032807321940033,0.0003032807321940033,3.249435875514449e-05,3.249435875514449e-05,1.0,0.0,0.75,0.75,293.8,5,5
main_morgan_r3_502,molecular_fingerprint,0.0002995108191266422,0.0002995108191266422,3.2836968172505974e-05,3.2836968172505974e-05,1.0,0.0,0.5,0.5,322.6,5,5
main_morgan_r3_210,molecular_fingerprint,0.0002988577168072071,0.0002988577168072071,0.00013011280473564413,0.00013011280473564413,1.0,0.0,0.75,0.75,295.6,5,5
main_morgan_r3_451,molecular_fingerprint,0.00029786694513439754,0.00029786694513439754,-1.7660546464570115e-05,-1.7660546464570115e-05,1.0,0.0,0.75,0.25,317.8,5,5
main_morgan_r3_146,molecular_fingerprint,0.00029660053061390476,0.00029660053061390476,-5.465394645310755e-06,-5.465394645310755e-06,1.0,0.0,0.5,0.5,260.8,5,5
main_morgan_r3_0,molecular_fingerprint,0.0002954029430995426,0.0002954029430995426,-5.450761463877366e-06,-5.450761463877366e-06,1.0,0.0,0.5,0.5,238.4,5,5
main_morgan_r3_203,molecular_fingerprint,0.00029454740906517744,0.00029454740906517744,-0.00010325396610728573,-0.00010325396610728573,1.0,0.0,0.75,0.25,293.4,5,5
main_morgan_r3_370,molecular_fingerprint,0.0002935415948700084,0.0002935415948700084,0.00011097550046046455,0.00011097550046046455,1.0,0.0,0.75,0.75,315.6,5,5
main_morgan_r3_112,molecular_fingerprint,0.0002893947991713822,0.0002893947991713822,-7.130606824795253e-05,-7.130606824795253e-05,1.0,0.0,0.75,0.25,267.6,5,5
curing_RotBonds,molecular_descriptor,0.0002890183445016671,0.0002890183445016671,2.114675193430076e-05,2.114675193430076e-05,1.0,0.0,0.5,0.5,342.2,5,5
main_morgan_r3_8,molecular_fingerprint,0.0002826543421866826,0.0002826543421866826,-8.405644888288262e-05,-8.405644888288262e-05,1.0,0.0,0.5,0.5,250.2,5,5
main_morgan_r3_507,molecular_fingerprint,0.00028192921955176245,0.00028192921955176245,-7.993351124147333e-05,-7.993351124147333e-05,1.0,0.0,0.75,0.25,346.8,5,5
main_morgan_r3_485,molecular_fingerprint,0.00027733570139969605,0.00027733570139969605,0.0001100118726017014,0.0001100118726017014,1.0,0.0,1.0,1.0,338.8,5,5
main_morgan_r3_198,molecular_fingerprint,0.00027614321234503014,0.00027614321234503014,0.00011684558503834027,0.00011684558503834027,1.0,0.0,0.6666666666666666,0.6666666666666666,331.8,5,5
main_morgan_r3_111,molecular_fingerprint,0.00027575788470799497,0.00027575788470799497,-6.179292710604362e-05,-6.179292710604362e-05,1.0,0.0,0.5,0.5,296.8,5,5
co_morgan_r3_356,molecular_fingerprint,0.00027454052712905594,0.00027454052712905594,-6.855850974437459e-05,-6.855850974437459e-05,1.0,0.0,0.5,0.5,343.2,5,5
main_morgan_r3_188,molecular_fingerprint,0.000273845429048715,0.000273845429048715,2.5213028595283995e-05,2.5213028595283995e-05,1.0,0.0,0.5,0.5,372.4,5,5
main_morgan_r3_84,molecular_fingerprint,0.00026081559191053715,0.00026081559191053715,5.763485301091556e-05,5.763485301091556e-05,1.0,0.0,0.6,0.6,268.6,5,5
main_morgan_r3_73,molecular_fingerprint,0.0002595888867296705,0.0002595888867296705,-4.60257194474091e-05,-4.60257194474091e-05,1.0,0.0,0.75,0.25,287.0,5,5
main_morgan_r3_114,molecular_fingerprint,0.0002594891315592082,0.0002594891315592082,-0.00011472811626277548,-0.00011472811626277548,1.0,0.0,0.5,0.5,304.6,5,5
main_morgan_r3_208,molecular_fingerprint,0.0002586331867688109,0.0002586331867688109,-0.00015302198326231874,-0.00015302198326231874,1.0,0.0,0.75,0.25,314.2,5,5
main_morgan_r3_486,molecular_fingerprint,0.0002583712061700317,0.0002583712061700317,-0.0001002834213189535,-0.0001002834213189535,1.0,0.0,0.75,0.25,334.8,5,5
main_morgan_r3_467,molecular_fingerprint,0.0002553951591676701,0.0002553951591676701,-6.895805873563016e-05,-6.895805873563016e-05,1.0,0.0,0.75,0.75,371.0,5,5
main_morgan_r3_131,molecular_fingerprint,0.00025430891434772223,0.00025430891434772223,-1.8923930093221345e-05,-1.8923930093221345e-05,1.0,0.0,0.75,0.25,314.6,5,5
main_morgan_r3_321,molecular_fingerprint,0.00025393277803319045,0.00025393277803319045,3.2358457412016146e-05,3.2358457412016146e-05,1.0,0.0,0.5,0.5,335.8,5,5
main_morgan_r3_389,molecular_fingerprint,0.00025359691130627873,0.00025359691130627873,5.1627727567433146e-05,5.1627727567433146e-05,1.0,0.0,0.75,0.75,322.4,5,5
main_morgan_r3_308,molecular_fingerprint,0.0002483817123916165,0.0002483817123916165,5.823895121999575e-05,5.823895121999575e-05,1.0,0.0,0.75,0.75,310.8,5,5
main_morgan_r3_117,molecular_fingerprint,0.0002421977024101712,0.0002421977024101712,8.282729743456545e-05,8.282729743456545e-05,1.0,0.0,0.5,0.5,287.4,5,5
main_morgan_r3_276,molecular_fingerprint,0.00023820434239817155,0.00023820434239817155,8.230406592537463e-05,8.230406592537463e-05,1.0,0.0,0.6666666666666666,0.6666666666666666,360.6,5,5
main_morgan_r3_381,molecular_fingerprint,0.00023628109616096656,0.00023628109616096656,3.6936441231404408e-06,3.6936441231404408e-06,1.0,0.0,0.6,0.4,374.0,5,5
main_morgan_r3_375,molecular_fingerprint,0.00023573880556403506,0.00023573880556403506,2.4095210930661466e-05,2.4095210930661466e-05,1.0,0.0,0.75,0.75,357.8,5,5
main_morgan_r3_230,molecular_fingerprint,0.0002354138328612818,0.0002354138328612818,-3.6125481090080144e-05,-3.6125481090080144e-05,1.0,0.0,0.5,0.5,323.0,5,5
main_morgan_r3_434,molecular_fingerprint,0.0002339092065611336,0.0002339092065611336,-9.158552181038087e-05,-9.158552181038087e-05,1.0,0.0,0.5,0.5,354.4,5,5
main_morgan_r3_102,molecular_fingerprint,0.00023171601818798056,0.00023171601818798056,-4.1706873962821096e-05,-4.1706873962821096e-05,1.0,0.0,0.75,0.25,306.8,5,5
Si_content wt%,elemental_composition,0.00023167052000125447,0.00023167052000125447,-3.892959196063353e-05,-3.892959196063353e-05,1.0,0.0,0.75,0.75,400.0,5,5
main_morgan_r3_354,molecular_fingerprint,0.00023035187312514912,0.00023035187312514912,-7.476794963852425e-05,-7.476794963852425e-05,1.0,0.0,0.5,0.5,330.8,5,5
main_morgan_r3_361,molecular_fingerprint,0.00022991357530540625,0.00022991357530540625,8.274749629778294e-05,8.274749629778294e-05,1.0,0.0,0.5,0.5,351.0,5,5
main_morgan_r3_407,molecular_fingerprint,0.00022839023074488468,0.00022839023074488468,-1.1118303394065773e-05,-1.1118303394065773e-05,1.0,0.0,0.5,0.5,336.2,5,5
main_morgan_r3_476,molecular_fingerprint,0.00022838038830506787,0.00022838038830506787,4.271195239627444e-05,4.271195239627444e-05,1.0,0.0,0.5,0.5,356.2,5,5
main_morgan_r3_305,molecular_fingerprint,0.00022732814487659743,0.00022732814487659743,-5.57520820630625e-05,-5.57520820630625e-05,1.0,0.0,0.5,0.5,318.2,5,5
main_morgan_r3_36,molecular_fingerprint,0.00022591732103189894,0.00022591732103189894,3.47688688944126e-07,3.47688688944126e-07,1.0,0.0,0.5,0.5,304.8,5,5
main_morgan_r3_37,molecular_fingerprint,0.00022322088379692038,0.00022322088379692038,0.00012832061603700458,0.00012832061603700458,1.0,0.0,0.5,0.5,288.0,5,5
main_morgan_r3_340,molecular_fingerprint,0.00021952333237426004,0.00021952333237426004,1.9822971520555147e-05,1.9822971520555147e-05,1.0,0.0,0.6,0.6,284.0,5,5
Co_FR_present,other,0.00021795324104721832,0.00021795324104721832,-9.690208131250858e-05,-9.690208131250858e-05,1.0,0.0,0.5,0.5,291.6,5,5
main_morgan_r3_221,molecular_fingerprint,0.0002168406949437159,0.0002168406949437159,-4.0640535804822904e-05,-4.0640535804822904e-05,1.0,0.0,0.75,0.25,327.0,5,5
main_morgan_r3_231,molecular_fingerprint,0.00021636284743240078,0.00021636284743240078,-5.322046285172474e-05,-5.322046285172474e-05,1.0,0.0,1.0,0.0,319.4,5,5
main_morgan_r3_191,molecular_fingerprint,0.00021566924705336278,0.00021566924705336278,-8.054439365088941e-05,-8.054439365088941e-05,1.0,0.0,0.75,0.25,313.2,5,5
main_morgan_r3_18,molecular_fingerprint,0.00021326729695356602,0.00021326729695356602,-8.273396530889066e-05,-8.273396530889066e-05,1.0,0.0,1.0,0.0,288.6,5,5
main_morgan_r3_171,molecular_fingerprint,0.00020912500636621523,0.00020912500636621523,4.163765634748194e-05,4.163765634748194e-05,1.0,0.0,0.75,0.75,334.0,5,5
B_content wt%,elemental_composition,0.00020874561317017708,0.00020874561317017708,-0.00011094343674288166,-0.00011094343674288166,1.0,0.0,0.75,0.25,336.2,5,5
curing_morgan_r3_144,molecular_fingerprint,0.00020827219136814774,0.00020827219136814774,7.865004495720883e-07,7.865004495720883e-07,1.0,0.0,0.5,0.5,415.4,5,5
main_morgan_r3_212,molecular_fingerprint,0.00020654113747567174,0.00020654113747567174,7.941918697171089e-05,7.941918697171089e-05,1.0,0.0,0.75,0.75,314.2,5,5
main_morgan_r3_429,molecular_fingerprint,0.00020607798177644715,0.00020607798177644715,6.165267029835458e-05,6.165267029835458e-05,1.0,0.0,0.5,0.5,399.6,5,5
curing_SaturatedRings,molecular_descriptor,0.0002051030507794217,0.0002051030507794217,0.00013787090601689064,0.00013787090601689064,1.0,0.0,0.6666666666666666,0.6666666666666666,460.0,5,5
main_morgan_r3_401,molecular_fingerprint,0.00020426361446050124,0.00020426361446050124,-1.6571847971735873e-05,-1.6571847971735873e-05,1.0,0.0,0.5,0.5,358.0,5,5
main_morgan_r3_155,molecular_fingerprint,0.00020379860995039368,0.00020379860995039368,-3.2796212267693164e-05,-3.2796212267693164e-05,1.0,0.0,1.0,0.0,306.4,5,5
main_morgan_r3_325,molecular_fingerprint,0.00020264956914461545,0.00020264956914461545,-3.425297141114372e-05,-3.425297141114372e-05,1.0,0.0,0.75,0.25,336.2,5,5
main_morgan_r3_193,molecular_fingerprint,0.00020129050569201633,0.00020129050569201633,-1.0939681354009352e-05,-1.0939681354009352e-05,1.0,0.0,0.5,0.5,322.0,5,5
main_morgan_r3_108,molecular_fingerprint,0.0002008708250592912,0.0002008708250592912,-1.6888565110987334e-05,-1.6888565110987334e-05,1.0,0.0,0.75,0.75,377.6,5,5
main_morgan_r3_307,molecular_fingerprint,0.0002006391442378584,0.0002006391442378584,-1.8699374699636765e-05,-1.8699374699636765e-05,1.0,0.0,0.75,0.75,349.4,5,5
main_morgan_r3_491,molecular_fingerprint,0.00020007467845774038,0.00020007467845774038,5.209067550493138e-05,5.209067550493138e-05,1.0,0.0,0.5,0.5,395.2,5,5
Co_FR_fraction,formulation_loading,0.00019991166731373115,0.00019991166731373115,4.414983672805622e-05,4.414983672805622e-05,1.0,0.0,0.75,0.75,370.6,5,5
main_morgan_r3_196,molecular_fingerprint,0.00019947162116379187,0.00019947162116379187,3.478599067007964e-05,3.478599067007964e-05,1.0,0.0,0.75,0.75,327.0,5,5
main_morgan_r3_382,molecular_fingerprint,0.00019724832171618168,0.00019724832171618168,5.707485455416064e-05,5.707485455416064e-05,1.0,0.0,0.5,0.5,361.6,5,5
main_morgan_r3_2,molecular_fingerprint,0.00019690463302592397,0.00019690463302592397,5.987330200480065e-05,5.987330200480065e-05,1.0,0.0,0.75,0.75,289.2,5,5
main_morgan_r3_418,molecular_fingerprint,0.00019498201885783653,0.00019498201885783653,-9.277162371949368e-05,-9.277162371949368e-05,1.0,0.0,0.5,0.5,389.4,5,5
main_morgan_r3_373,molecular_fingerprint,0.00019449079076773188,0.00019449079076773188,-4.797422934980351e-05,-4.797422934980351e-05,1.0,0.0,0.5,0.5,400.2,5,5
main_co_similarity,other,0.00019331616543982792,0.00019331616543982792,5.547736776978558e-05,5.547736776978558e-05,1.0,0.0,0.75,0.75,307.2,5,5
main_morgan_r3_7,molecular_fingerprint,0.00019268475937794465,0.00019268475937794465,0.00011789580646886736,0.00011789580646886736,1.0,0.0,1.0,1.0,328.2,5,5
main_morgan_r3_60,molecular_fingerprint,0.00019202674691136916,0.00019202674691136916,7.841584630803234e-05,7.841584630803234e-05,1.0,0.0,0.75,0.75,296.0,5,5
main_morgan_r3_85,molecular_fingerprint,0.00019143916259928534,0.00019143916259928534,-6.14546658708611e-05,-6.14546658708611e-05,1.0,0.0,0.75,0.25,328.8,5,5
main_morgan_r3_39,molecular_fingerprint,0.00019138170328169857,0.00019138170328169857,-3.311448463925615e-05,-3.311448463925615e-05,1.0,0.0,0.75,0.25,301.8,5,5
main_morgan_r3_371,molecular_fingerprint,0.00018991417211573338,0.00018991417211573338,-1.3859056474056308e-05,-1.3859056474056308e-05,1.0,0.0,0.5,0.5,349.4,5,5
main_morgan_r3_103,molecular_fingerprint,0.00018870878508649722,0.00018870878508649722,-5.135436693737539e-05,-5.135436693737539e-05,1.0,0.0,0.5,0.5,331.6,5,5
main_morgan_r3_466,molecular_fingerprint,0.00018828587887054012,0.00018828587887054012,-7.383075821978797e-05,-7.383075821978797e-05,1.0,0.0,0.75,0.25,439.0,5,5
main_morgan_r3_15,molecular_fingerprint,0.0001882089043405099,0.0001882089043405099,-0.00016306868033715382,-0.00016306868033715382,1.0,0.0,1.0,0.0,302.6,5,5
main_morgan_r3_293,molecular_fingerprint,0.00018659003341834794,0.00018659003341834794,-0.00010043637598864626,-0.00010043637598864626,1.0,0.0,1.0,0.0,347.2,5,5
main_morgan_r3_296,molecular_fingerprint,0.00018377927562247224,0.00018377927562247224,-3.834251696572123e-05,-3.834251696572123e-05,1.0,0.0,0.8,0.2,365.6,5,5
main_morgan_r3_487,molecular_fingerprint,0.00018323415171140467,0.00018323415171140467,-6.327587723431963e-05,-6.327587723431963e-05,1.0,0.0,0.75,0.25,391.8,5,5
main_morgan_r3_99,molecular_fingerprint,0.00018072501515656195,0.00018072501515656195,5.893617430030118e-05,5.893617430030118e-05,1.0,0.0,0.75,0.75,328.4,5,5
main_morgan_r3_19,molecular_fingerprint,0.00017960574146423175,0.00017960574146423175,-3.648081012635138e-05,-3.648081012635138e-05,1.0,0.0,0.6,0.4,315.8,5,5
main_morgan_r3_147,molecular_fingerprint,0.00017960195459083416,0.00017960195459083416,-3.012959185254814e-05,-3.012959185254814e-05,1.0,0.0,0.75,0.25,319.8,5,5
main_morgan_r3_197,molecular_fingerprint,0.00017728402759543214,0.00017728402759543214,-4.699769236542137e-05,-4.699769236542137e-05,1.0,0.0,0.75,0.25,337.8,5,5
main_morgan_r3_362,molecular_fingerprint,0.0001767994477132583,0.0001767994477132583,4.538242297637081e-05,4.538242297637081e-05,1.0,0.0,0.5,0.5,384.8,5,5
main_morgan_r3_118,molecular_fingerprint,0.00017570505080858825,0.00017570505080858825,-5.71963523353705e-05,-5.71963523353705e-05,1.0,0.0,1.0,0.0,315.4,5,5
Si/P ratio,elemental_composition,0.0001753998149610333,0.0001753998149610333,-5.305299098863887e-05,-5.305299098863887e-05,1.0,0.0,0.5,0.5,412.6,5,5
main_morgan_r3_95,molecular_fingerprint,0.0001729873292226603,0.0001729873292226603,5.579439156525169e-05,5.579439156525169e-05,1.0,0.0,0.75,0.75,316.0,5,5
main_morgan_r3_501,molecular_fingerprint,0.00016959112421643382,0.00016959112421643382,-1.619243985087514e-05,-1.619243985087514e-05,1.0,0.0,0.5,0.5,390.8,5,5
main_morgan_r3_422,molecular_fingerprint,0.0001683449549197462,0.0001683449549197462,2.0237424248793367e-08,2.0237424248793367e-08,1.0,0.0,0.5,0.5,399.0,5,5
main_morgan_r3_410,molecular_fingerprint,0.0001673812564599094,0.0001673812564599094,-1.6701616429312723e-05,-1.6701616429312723e-05,1.0,0.0,0.75,0.25,398.8,5,5
main_co_similarity_sq,other,0.00016736469150160677,0.00016736469150160677,8.782332803251498e-06,8.782332803251498e-06,1.0,0.0,0.5,0.5,323.8,5,5
main_morgan_r3_241,molecular_fingerprint,0.0001648236894348132,0.0001648236894348132,-3.529722444604191e-05,-3.529722444604191e-05,1.0,0.0,0.75,0.25,355.4,5,5
co_BertzCT,other,0.00016431581667120554,0.00016431581667120554,-7.737744663028125e-05,-7.737744663028125e-05,1.0,0.0,0.75,0.25,414.8,5,5
P_Si_loading_product,formulation_loading,0.00016385028989081637,0.00016385028989081637,-1.36508661974363e-05,-1.36508661974363e-05,1.0,0.0,0.5,0.5,315.4,5,5
main_morgan_r3_415,molecular_fingerprint,0.0001618975218445679,0.0001618975218445679,-3.478262484621315e-05,-3.478262484621315e-05,1.0,0.0,0.5,0.5,400.8,5,5
main_morgan_r3_98,molecular_fingerprint,0.00016144506486219886,0.00016144506486219886,-3.889106921204821e-05,-3.889106921204821e-05,1.0,0.0,0.5,0.5,369.8,5,5
main_morgan_r3_424,molecular_fingerprint,0.00016004501950984224,0.00016004501950984224,-1.9963199463922537e-05,-1.9963199463922537e-05,1.0,0.0,0.75,0.25,379.8,5,5
main_morgan_r3_412,molecular_fingerprint,0.00015934718656109855,0.00015934718656109855,5.2867650843242914e-05,5.2867650843242914e-05,1.0,0.0,0.75,0.75,385.0,5,5
main_morgan_r3_292,molecular_fingerprint,0.00015899265012985276,0.00015899265012985276,-5.4596487025075166e-05,-5.4596487025075166e-05,1.0,0.0,0.5,0.5,380.2,5,5
main_morgan_r3_47,molecular_fingerprint,0.00015842317090287414,0.00015842317090287414,-1.3716734878613173e-05,-1.3716734878613173e-05,1.0,0.0,0.75,0.25,335.4,5,5
main_morgan_r3_324,molecular_fingerprint,0.00015583090102761803,0.00015583090102761803,-5.3861333644625286e-05,-5.3861333644625286e-05,1.0,0.0,0.5,0.5,381.0,5,5
main_morgan_r3_226,molecular_fingerprint,0.00015500313433221893,0.00015500313433221893,-0.00013869483729124314,-0.00013869483729124314,1.0,0.0,0.6666666666666666,0.3333333333333333,419.4,5,5
main_morgan_r3_61,molecular_fingerprint,0.00015204205391224218,0.00015204205391224218,-8.700936839914578e-05,-8.700936839914578e-05,1.0,0.0,0.5,0.5,368.6,5,5
main_morgan_r3_510,molecular_fingerprint,0.00015116653071457778,0.00015116653071457778,-1.860879032661463e-05,-1.860879032661463e-05,1.0,0.0,0.75,0.25,420.2,5,5
main_morgan_r3_400,molecular_fingerprint,0.0001505357522013671,0.0001505357522013671,-3.214960656477691e-05,-3.214960656477691e-05,1.0,0.0,0.75,0.25,414.2,5,5
main_morgan_r3_270,molecular_fingerprint,0.00015001884459093164,0.00015001884459093164,-6.470560593173029e-05,-6.470560593173029e-05,1.0,0.0,0.75,0.25,368.6,5,5
main_morgan_r3_78,molecular_fingerprint,0.00014927133796262875,0.00014927133796262875,2.308219143883514e-05,2.308219143883514e-05,1.0,0.0,0.6,0.4,385.6,5,5
Si_content_wt%_sq,elemental_composition,0.00014811917526886496,0.00014811917526886496,3.366570097124268e-05,3.366570097124268e-05,1.0,0.0,0.5,0.5,325.4,5,5
main_morgan_r3_383,molecular_fingerprint,0.00014683483646674725,0.00014683483646674725,-1.1064823378766338e-05,-1.1064823378766338e-05,1.0,0.0,0.5,0.5,383.0,5,5
main_morgan_r3_70,molecular_fingerprint,0.0001456999844794527,0.0001456999844794527,-2.453209687938816e-05,-2.453209687938816e-05,1.0,0.0,0.5,0.5,361.0,5,5
main_morgan_r3_462,molecular_fingerprint,0.00014502946767737192,0.00014502946767737192,-5.203778692049354e-06,-5.203778692049354e-06,1.0,0.0,0.75,0.25,449.4,5,5
main_morgan_r3_316,molecular_fingerprint,0.0001417462253731401,0.0001417462253731401,3.669780645944341e-05,3.669780645944341e-05,1.0,0.0,0.75,0.75,424.0,5,5
main_morgan_r3_77,molecular_fingerprint,0.00014115988952696413,0.00014115988952696413,-4.86771633874561e-05,-4.86771633874561e-05,1.0,0.0,0.75,0.25,336.0,5,5
main_morgan_r3_444,molecular_fingerprint,0.0001400090708023239,0.0001400090708023239,4.578278263862244e-05,4.578278263862244e-05,1.0,0.0,1.0,1.0,403.8,5,5
main_morgan_r3_374,molecular_fingerprint,0.00013754712326756333,0.00013754712326756333,7.033050257346767e-06,7.033050257346767e-06,1.0,0.0,0.5,0.5,408.2,5,5
main_morgan_r3_447,molecular_fingerprint,0.00013751015207234083,0.00013751015207234083,4.0475148684492955e-05,4.0475148684492955e-05,1.0,0.0,0.6666666666666666,0.6666666666666666,454.4,5,5
main_morgan_r3_48,molecular_fingerprint,0.00013695838377021926,0.00013695838377021926,-5.361615727364703e-05,-5.361615727364703e-05,1.0,0.0,0.75,0.25,348.2,5,5
co_RingCount,molecular_descriptor,0.00013618628486795442,0.00013618628486795442,-4.6211162103620505e-06,-4.6211162103620505e-06,1.0,0.0,0.5,0.5,451.2,5,5
main_morgan_r3_180,molecular_fingerprint,0.00013478435107373976,0.00013478435107373976,6.154605292814116e-05,6.154605292814116e-05,1.0,0.0,0.75,0.75,371.0,5,5
main_morgan_r3_366,molecular_fingerprint,0.00013409926502898394,0.00013409926502898394,1.1191314676220053e-05,1.1191314676220053e-05,1.0,0.0,0.75,0.75,386.8,5,5
main_morgan_r3_349,molecular_fingerprint,0.00013360215756846907,0.00013360215756846907,-0.00010323486416245308,-0.00010323486416245308,1.0,0.0,1.0,0.0,390.2,5,5
main_morgan_r3_263,molecular_fingerprint,0.0001332994144559731,0.0001332994144559731,8.477585257113656e-05,8.477585257113656e-05,1.0,0.0,0.75,0.75,393.4,5,5
main_morgan_r3_126,molecular_fingerprint,0.00013319716865716044,0.00013319716865716044,4.815504484117305e-05,4.815504484117305e-05,1.0,0.0,1.0,1.0,350.6,5,5
main_morgan_r3_20,molecular_fingerprint,0.00013108999714324575,0.00013108999714324575,5.0144107039150004e-05,5.0144107039150004e-05,1.0,0.0,0.5,0.5,340.2,5,5
main_morgan_r3_168,molecular_fingerprint,0.00013097485879772072,0.00013097485879772072,4.639584281527023e-05,4.639584281527023e-05,1.0,0.0,0.75,0.75,374.6,5,5
main_morgan_r3_348,molecular_fingerprint,0.00013070614000615578,0.00013070614000615578,1.6806670733192018e-05,1.6806670733192018e-05,1.0,0.0,0.5,0.5,405.6,5,5
main_morgan_r3_67,molecular_fingerprint,0.00013025482358944556,0.00013025482358944556,1.2049215195190754e-05,1.2049215195190754e-05,1.0,0.0,0.5,0.5,372.4,5,5
main_morgan_r3_148,molecular_fingerprint,0.0001301598470868284,0.0001301598470868284,-4.932312006429915e-06,-4.932312006429915e-06,1.0,0.0,0.75,0.25,397.8,5,5
main_morgan_r3_333,molecular_fingerprint,0.00012987103970986402,0.00012987103970986402,-8.919729745173934e-05,-8.919729745173934e-05,1.0,0.0,0.5,0.5,468.2,5,5
main_morgan_r3_216,molecular_fingerprint,0.00012961382193779592,0.00012961382193779592,-1.1923110359299618e-05,-1.1923110359299618e-05,1.0,0.0,0.5,0.5,372.4,5,5
main_morgan_r3_315,molecular_fingerprint,0.00012914868784693172,0.00012914868784693172,-4.0266015631758803e-05,-4.0266015631758803e-05,1.0,0.0,0.5,0.5,384.8,5,5
main_morgan_r3_433,molecular_fingerprint,0.00012845260722889324,0.00012845260722889324,-2.5489993275685032e-05,-2.5489993275685032e-05,1.0,0.0,0.75,0.25,413.0,5,5
main_morgan_r3_258,molecular_fingerprint,0.00012807011443339257,0.00012807011443339257,-2.3840058222573486e-05,-2.3840058222573486e-05,1.0,0.0,0.5,0.5,377.6,5,5
main_morgan_r3_347,molecular_fingerprint,0.00012639722016673558,0.00012639722016673558,-2.7312893400246854e-05,-2.7312893400246854e-05,1.0,0.0,0.6666666666666666,0.6666666666666666,432.0,5,5
main_morgan_r3_200,molecular_fingerprint,0.0001259861613061691,0.0001259861613061691,-5.710783508548188e-05,-5.710783508548188e-05,1.0,0.0,0.5,0.5,383.4,5,5
main_morgan_r3_339,molecular_fingerprint,0.00012576056300466436,0.00012576056300466436,-1.9841248360364716e-05,-1.9841248360364716e-05,1.0,0.0,0.75,0.25,403.8,5,5
main_morgan_r3_72,molecular_fingerprint,0.00012550312884027586,0.00012550312884027586,4.930394490223635e-05,4.930394490223635e-05,1.0,0.0,0.75,0.75,358.6,5,5
main_morgan_r3_132,molecular_fingerprint,0.0001252057303825672,0.0001252057303825672,-3.3707800830395895e-05,-3.3707800830395895e-05,1.0,0.0,0.75,0.75,379.6,5,5
main_morgan_r3_181,molecular_fingerprint,0.0001248737837322512,0.0001248737837322512,-3.7305411398062516e-06,-3.7305411398062516e-06,1.0,0.0,0.75,0.75,368.2,5,5
main_morgan_r3_28,molecular_fingerprint,0.0001246421444474482,0.0001246421444474482,-5.496779661727392e-05,-5.496779661727392e-05,1.0,0.0,0.6,0.4,372.0,5,5
main_morgan_r3_120,molecular_fingerprint,0.00012317543937630641,0.00012317543937630641,-4.522106252617657e-05,-4.522106252617657e-05,1.0,0.0,0.5,0.5,394.4,5,5
main_morgan_r3_442,molecular_fingerprint,0.0001231674488541156,0.0001231674488541156,-1.689997636481641e-05,-1.689997636481641e-05,1.0,0.0,0.75,0.75,436.8,5,5
main_morgan_r3_494,molecular_fingerprint,0.00012149684002450321,0.00012149684002450321,-5.450169735510476e-05,-5.450169735510476e-05,1.0,0.0,1.0,0.0,454.8,5,5
main_morgan_r3_246,molecular_fingerprint,0.00012032646127513166,0.00012032646127513166,-6.437040114693419e-05,-6.437040114693419e-05,1.0,0.0,1.0,0.0,410.2,5,5
main_morgan_r3_157,molecular_fingerprint,0.00011813515207960514,0.00011813515207960514,9.463048012884364e-06,9.463048012884364e-06,1.0,0.0,0.5,0.5,376.6,5,5
main_morgan_r3_237,molecular_fingerprint,0.00011805601295536087,0.00011805601295536087,-1.2531975607406787e-05,-1.2531975607406787e-05,1.0,0.0,1.0,0.0,413.6,5,5
main_morgan_r3_76,molecular_fingerprint,0.00011739579339387597,0.00011739579339387597,-3.711794174315881e-05,-3.711794174315881e-05,1.0,0.0,0.75,0.25,385.2,5,5
main_morgan_r3_365,molecular_fingerprint,0.00011708561508937819,0.00011708561508937819,-5.0226300340373045e-06,-5.0226300340373045e-06,1.0,0.0,0.75,0.25,437.8,5,5
co_MolMR,other,0.00011615515190341182,0.00011615515190341182,-3.104043591146264e-05,-3.104043591146264e-05,1.0,0.0,0.75,0.75,447.8,5,5
main_morgan_r3_273,molecular_fingerprint,0.00011555346043114428,0.00011555346043114428,2.3865597913999696e-05,2.3865597913999696e-05,1.0,0.0,0.5,0.5,394.0,5,5
main_morgan_r3_277,molecular_fingerprint,0.00011519619676125638,0.00011519619676125638,6.046397147025302e-05,6.046397147025302e-05,1.0,0.0,0.8,0.8,363.0,5,5
main_morgan_r3_396,molecular_fingerprint,0.0001149611761086883,0.0001149611761086883,-1.951183062311184e-05,-1.951183062311184e-05,1.0,0.0,0.75,0.25,416.0,5,5
main_morgan_r3_481,molecular_fingerprint,0.00011399318484356182,0.00011399318484356182,6.337815853558546e-05,6.337815853558546e-05,1.0,0.0,1.0,1.0,411.4,5,5
Si_loading_real_sq,formulation_loading,0.00011192834703694782,0.00011192834703694782,-7.893065263434402e-06,-7.893065263434402e-06,1.0,0.0,0.5,0.5,476.6,5,5
main_morgan_r3_397,molecular_fingerprint,0.0001116184526606566,0.0001116184526606566,-4.627050215517178e-05,-4.627050215517178e-05,1.0,0.0,1.0,0.0,439.6,5,5
main_morgan_r3_239,molecular_fingerprint,0.00011102124990526108,0.00011102124990526108,-9.489610081199593e-05,-9.489610081199593e-05,1.0,0.0,0.6,0.4,481.0,5,5
main_morgan_r3_174,molecular_fingerprint,0.00011024420092674346,0.00011024420092674346,-8.835726527551993e-07,-8.835726527551993e-07,1.0,0.0,0.75,0.75,402.6,5,5
main_morgan_r3_477,molecular_fingerprint,0.00011017594636205451,0.00011017594636205451,3.670637199617486e-05,3.670637199617486e-05,1.0,0.0,0.75,0.75,441.8,5,5
main_morgan_r3_52,molecular_fingerprint,0.0001100526372094682,0.0001100526372094682,1.6072963970646343e-05,1.6072963970646343e-05,1.0,0.0,0.5,0.5,372.2,5,5
main_morgan_r3_330,molecular_fingerprint,0.00010967489723230509,0.00010967489723230509,1.4255209971813723e-05,1.4255209971813723e-05,1.0,0.0,0.5,0.5,419.0,5,5
main_morgan_r3_493,molecular_fingerprint,0.00010921808338357325,0.00010921808338357325,2.7578735316863702e-05,2.7578735316863702e-05,1.0,0.0,0.5,0.5,459.6,5,5
main_morgan_r3_164,molecular_fingerprint,0.000108859913994948,0.000108859913994948,4.9729536594114165e-05,4.9729536594114165e-05,1.0,0.0,0.75,0.75,382.2,5,5
co_HeavyAtomCount,other,0.00010867839625027251,0.00010867839625027251,-5.184896906511469e-05,-5.184896906511469e-05,1.0,0.0,0.75,0.75,484.6,5,5
B_content_wt%_sq,elemental_composition,0.00010862804318624187,0.00010862804318624187,-6.21247302236283e-05,-6.21247302236283e-05,1.0,0.0,0.75,0.25,407.8,5,5
co_HBD,other,0.00010776948959119181,0.00010776948959119181,-4.2589598310163026e-05,-4.2589598310163026e-05,1.0,0.0,0.5,0.5,489.0,5,5
main_morgan_r3_390,molecular_fingerprint,0.00010720895513511013,0.00010720895513511013,6.81296423809544e-06,6.81296423809544e-06,1.0,0.0,0.5,0.5,420.6,5,5
main_morgan_r3_504,molecular_fingerprint,0.00010551416056239616,0.00010551416056239616,-9.904141564822703e-05,-9.904141564822703e-05,1.0,0.0,0.5,0.5,495.6,5,5
main_morgan_r3_59,molecular_fingerprint,0.00010389633774810942,0.00010389633774810942,4.7135296270223776e-05,4.7135296270223776e-05,1.0,0.0,0.75,0.75,380.0,5,5
main_morgan_r3_129,molecular_fingerprint,0.00010315276216670414,0.00010315276216670414,1.9802422778774867e-05,1.9802422778774867e-05,1.0,0.0,0.5,0.5,412.6,5,5
co_NumHeteroAtoms,molecular_descriptor,0.00010270179542014074,0.00010270179542014074,-3.39006186340814e-05,-3.39006186340814e-05,1.0,0.0,0.75,0.75,475.4,5,5
main_morgan_r3_130,molecular_fingerprint,0.00010177927895463321,0.00010177927895463321,5.5354230657610476e-05,5.5354230657610476e-05,1.0,0.0,0.75,0.75,425.6,5,5
main_morgan_r3_304,molecular_fingerprint,0.00010138718870885072,0.00010138718870885072,3.554471673458349e-05,3.554471673458349e-05,1.0,0.0,0.6,0.6,377.0,5,5
main_morgan_r3_498,molecular_fingerprint,0.00010133374982247133,0.00010133374982247133,-5.12404761494041e-05,-5.12404761494041e-05,1.0,0.0,0.75,0.25,456.6,5,5
main_morgan_r3_13,molecular_fingerprint,0.00010066408790645985,0.00010066408790645985,-6.43093126453525e-06,-6.43093126453525e-06,1.0,0.0,0.5,0.5,404.8,5,5
main_morgan_r3_83,molecular_fingerprint,9.989421772641234e-05,9.989421772641234e-05,7.968439148145182e-05,7.968439148145182e-05,1.0,0.0,0.75,0.75,402.2,5,5
main_morgan_r3_253,molecular_fingerprint,9.954606575370425e-05,9.954606575370425e-05,1.4492870245346828e-05,1.4492870245346828e-05,1.0,0.0,0.75,0.75,411.4,5,5
main_morgan_r3_49,molecular_fingerprint,9.933109552668562e-05,9.933109552668562e-05,3.744753702229294e-05,3.744753702229294e-05,1.0,0.0,1.0,1.0,392.4,5,5
main_morgan_r3_395,molecular_fingerprint,9.88599634321168e-05,9.88599634321168e-05,6.62430732602342e-06,6.62430732602342e-06,1.0,0.0,0.8,0.8,435.0,5,5
B_loading_real,formulation_loading,9.869191838302212e-05,9.869191838302212e-05,-3.8200398492424246e-05,-3.8200398492424246e-05,1.0,0.0,0.6666666666666666,0.3333333333333333,417.8,5,5
Has_B,elemental_composition,9.735393560638765e-05,9.735393560638765e-05,-5.169172661524928e-05,-5.169172661524928e-05,1.0,0.0,0.6666666666666666,0.3333333333333333,512.0,5,5
main_morgan_r3_31,molecular_fingerprint,9.705215037594585e-05,9.705215037594585e-05,-7.107017205034544e-06,-7.107017205034544e-06,1.0,0.0,0.5,0.5,381.8,5,5
main_morgan_r3_439,molecular_fingerprint,9.563487352334553e-05,9.563487352334553e-05,-4.5036383212271215e-05,-4.5036383212271215e-05,1.0,0.0,0.75,0.25,440.4,5,5
co_LabuteASA,other,9.431824723624988e-05,9.431824723624988e-05,-2.934973045379745e-05,-2.934973045379745e-05,1.0,0.0,0.75,0.75,492.2,5,5
main_morgan_r3_456,molecular_fingerprint,9.429319655580314e-05,9.429319655580314e-05,3.715783829407274e-05,3.715783829407274e-05,1.0,0.0,0.75,0.75,452.6,5,5
main_morgan_r3_284,molecular_fingerprint,9.398854246647815e-05,9.398854246647815e-05,9.149548305903305e-05,9.149548305903305e-05,1.0,0.0,0.5,0.5,508.4,5,5
main_morgan_r3_4,molecular_fingerprint,9.340959748827988e-05,9.340959748827988e-05,4.804448270252237e-05,4.804448270252237e-05,1.0,0.0,0.75,0.75,388.0,5,5
main_morgan_r3_24,molecular_fingerprint,9.236590225109685e-05,9.236590225109685e-05,-1.8585082596997437e-07,-1.8585082596997437e-07,1.0,0.0,0.5,0.5,381.6,5,5
main_morgan_r3_254,molecular_fingerprint,9.217833661506348e-05,9.217833661506348e-05,2.933093566765088e-05,2.933093566765088e-05,1.0,0.0,0.75,0.75,451.0,5,5
main_morgan_r3_14,molecular_fingerprint,9.157785266415018e-05,9.157785266415018e-05,3.650875344363571e-05,3.650875344363571e-05,1.0,0.0,0.75,0.75,384.6,5,5
main_morgan_r3_283,molecular_fingerprint,8.92512499037434e-05,8.92512499037434e-05,-3.421132910490362e-05,-3.421132910490362e-05,1.0,0.0,0.75,0.25,433.0,5,5
main_morgan_r3_139,molecular_fingerprint,8.910672156344803e-05,8.910672156344803e-05,-4.55177082232036e-05,-4.55177082232036e-05,1.0,0.0,0.75,0.25,417.6,5,5
Si/P_ratio_sq,elemental_composition,8.889287996571542e-05,8.889287996571542e-05,-1.3295664634810586e-05,-1.3295664634810586e-05,1.0,0.0,0.5,0.5,379.4,5,5
main_morgan_r3_122,molecular_fingerprint,8.84514668781454e-05,8.84514668781454e-05,3.180115145090351e-05,3.180115145090351e-05,1.0,0.0,0.5,0.5,424.8,5,5
main_morgan_r3_406,molecular_fingerprint,8.77111764856235e-05,8.77111764856235e-05,-1.2450820601987169e-05,-1.2450820601987169e-05,1.0,0.0,0.75,0.25,443.4,5,5
main_morgan_r3_209,molecular_fingerprint,8.629143412088779e-05,8.629143412088779e-05,-3.2392687395682656e-05,-3.2392687395682656e-05,1.0,0.0,0.75,0.25,414.8,5,5
main_morgan_r3_187,molecular_fingerprint,8.57364183559821e-05,8.57364183559821e-05,-1.0394219634003036e-05,-1.0394219634003036e-05,1.0,0.0,0.75,0.75,418.4,5,5
main_morgan_r3_9,molecular_fingerprint,8.555029663639225e-05,8.555029663639225e-05,-3.377830047961714e-05,-3.377830047961714e-05,1.0,0.0,0.75,0.25,393.0,5,5
co_Kappa3,other,8.406571454155359e-05,8.406571454155359e-05,-3.237498559354258e-05,-3.237498559354258e-05,1.0,0.0,0.5,0.5,496.4,5,5
main_morgan_r3_113,molecular_fingerprint,8.346147195882419e-05,8.346147195882419e-05,-7.397584448696963e-05,-7.397584448696963e-05,1.0,0.0,1.0,0.0,413.4,5,5
main_morgan_r3_42,molecular_fingerprint,8.320054355357971e-05,8.320054355357971e-05,-5.5980739861335354e-05,-5.5980739861335354e-05,1.0,0.0,0.75,0.25,400.2,5,5
main_morgan_r3_145,molecular_fingerprint,8.297605880251602e-05,8.297605880251602e-05,-1.3046604531308974e-05,-1.3046604531308974e-05,1.0,0.0,0.75,0.25,417.0,5,5
main_morgan_r3_303,molecular_fingerprint,8.270616798681218e-05,8.270616798681218e-05,2.6603677212117807e-05,2.6603677212117807e-05,1.0,0.0,0.5,0.5,436.8,5,5
main_morgan_r3_89,molecular_fingerprint,7.990788726583435e-05,7.990788726583435e-05,-1.0550539845749225e-05,-1.0550539845749225e-05,1.0,0.0,0.5,0.5,422.6,5,5
main_morgan_r3_342,molecular_fingerprint,7.962929303202928e-05,7.962929303202928e-05,2.9398357675044434e-05,2.9398357675044434e-05,1.0,0.0,0.75,0.75,457.2,5,5
co_NOCount,other,7.961332458351459e-05,7.961332458351459e-05,3.689764197594683e-06,3.689764197594683e-06,1.0,0.0,0.75,0.75,480.6,5,5
co_Kappa1,other,7.928940306172825e-05,7.928940306172825e-05,-1.7568888237990306e-05,-1.7568888237990306e-05,1.0,0.0,0.75,0.75,498.0,5,5
main_morgan_r3_104,molecular_fingerprint,7.89279829806825e-05,7.89279829806825e-05,2.5736177272897796e-05,2.5736177272897796e-05,1.0,0.0,0.5,0.5,476.6,5,5
main_morgan_r3_172,molecular_fingerprint,7.697145348268147e-05,7.697145348268147e-05,1.1464441595131167e-05,1.1464441595131167e-05,1.0,0.0,0.75,0.75,425.2,5,5
main_morgan_r3_11,molecular_fingerprint,7.68371555214142e-05,7.68371555214142e-05,2.834013277755629e-05,2.834013277755629e-05,1.0,0.0,0.75,0.75,396.8,5,5
co_HBA,other,7.563570685094115e-05,7.563570685094115e-05,-1.0197431745180232e-05,-1.0197431745180232e-05,1.0,0.0,0.5,0.5,492.8,5,5
main_morgan_r3_32,molecular_fingerprint,7.548941653447451e-05,7.548941653447451e-05,-5.9216904063469496e-05,-5.9216904063469496e-05,1.0,0.0,0.6666666666666666,0.3333333333333333,450.6,5,5
main_morgan_r3_419,molecular_fingerprint,7.539587793669966e-05,7.539587793669966e-05,-4.8478019045638295e-05,-4.8478019045638295e-05,1.0,0.0,0.75,0.25,489.0,5,5
main_morgan_r3_420,molecular_fingerprint,7.441969884296523e-05,7.441969884296523e-05,5.78961202881227e-06,5.78961202881227e-06,1.0,0.0,0.5,0.5,474.2,5,5
main_morgan_r3_34,molecular_fingerprint,7.310191937059841e-05,7.310191937059841e-05,-2.6537140560217237e-05,-2.6537140560217237e-05,1.0,0.0,0.5,0.5,412.0,5,5
main_morgan_r3_335,molecular_fingerprint,7.308280686170576e-05,7.308280686170576e-05,-1.4922629709496298e-06,-1.4922629709496298e-06,1.0,0.0,0.5,0.5,484.8,5,5
main_morgan_r3_448,molecular_fingerprint,7.262667762302203e-05,7.262667762302203e-05,-4.026028326246943e-05,-4.026028326246943e-05,1.0,0.0,1.0,0.0,506.6,5,5
main_morgan_r3_443,molecular_fingerprint,7.238275456424012e-05,7.238275456424012e-05,1.4367224630541754e-08,1.4367224630541754e-08,1.0,0.0,0.5,0.5,480.2,5,5
main_morgan_r3_452,molecular_fingerprint,7.204282044686869e-05,7.204282044686869e-05,2.080383135790284e-05,2.080383135790284e-05,1.0,0.0,0.5,0.5,481.2,5,5
co_BalabanJ,other,7.012070147359534e-05,7.012070147359534e-05,9.765512345362977e-06,9.765512345362977e-06,1.0,0.0,0.75,0.75,493.8,5,5
main_morgan_r3_156,molecular_fingerprint,6.958202522240874e-05,6.958202522240874e-05,-2.415163401250847e-05,-2.415163401250847e-05,1.0,0.0,0.75,0.25,428.8,5,5
co_Kappa2,other,6.910106607168446e-05,6.910106607168446e-05,-1.085157951399019e-05,-1.085157951399019e-05,1.0,0.0,0.75,0.75,516.6,5,5
co_TPSA,molecular_descriptor,6.861325837942426e-05,6.861325837942426e-05,-1.372533092818174e-05,-1.372533092818174e-05,1.0,0.0,0.75,0.75,494.6,5,5
main_morgan_r3_438,molecular_fingerprint,6.846043387539344e-05,6.846043387539344e-05,-1.87447405312737e-05,-1.87447405312737e-05,1.0,0.0,0.5,0.5,493.0,5,5
main_morgan_r3_58,molecular_fingerprint,6.81525814646972e-05,6.81525814646972e-05,-5.259181120734195e-05,-5.259181120734195e-05,1.0,0.0,0.6,0.4,454.8,5,5
co_RotBonds,other,6.750940239978968e-05,6.750940239978968e-05,-1.21409861946328e-05,-1.21409861946328e-05,1.0,0.0,0.5,0.5,517.8,5,5
main_morgan_r3_280,molecular_fingerprint,6.74435046998067e-05,6.74435046998067e-05,-4.705054693028564e-05,-4.705054693028564e-05,1.0,0.0,0.75,0.25,459.4,5,5
co_AromaticRings,molecular_descriptor,6.703199849732755e-05,6.703199849732755e-05,1.9897730392926868e-05,1.9897730392926868e-05,1.0,0.0,0.75,0.75,506.2,5,5
main_morgan_r3_413,molecular_fingerprint,6.680472146904196e-05,6.680472146904196e-05,3.87500553059302e-05,3.87500553059302e-05,1.0,0.0,0.75,0.75,485.8,5,5
co_MolWt,molecular_descriptor,6.67227716478591e-05,6.67227716478591e-05,2.4751053567166e-06,2.4751053567166e-06,1.0,0.0,0.75,0.75,492.8,5,5
main_morgan_r3_189,molecular_fingerprint,6.65001532240126e-05,6.65001532240126e-05,-3.64390868223773e-05,-3.64390868223773e-05,1.0,0.0,0.75,0.25,444.2,5,5
main_morgan_r3_93,molecular_fingerprint,6.409664344958957e-05,6.409664344958957e-05,-1.5231233292057466e-05,-1.5231233292057466e-05,1.0,0.0,0.5,0.5,425.0,5,5
co_ExactMolWt,molecular_descriptor,6.409030868736762e-05,6.409030868736762e-05,-1.4467977098939226e-05,-1.4467977098939226e-05,1.0,0.0,0.75,0.75,506.6,5,5
main_NumAmideBonds,other,6.382377246428128e-05,6.382377246428128e-05,-4.053212020909314e-05,-4.053212020909314e-05,1.0,0.0,0.75,0.25,429.6,5,5
main_morgan_r3_376,molecular_fingerprint,6.380983332682414e-05,6.380983332682414e-05,-8.933791745461247e-06,-8.933791745461247e-06,1.0,0.0,0.75,0.25,487.6,5,5
main_morgan_r3_492,molecular_fingerprint,6.362561942323925e-05,6.362561942323925e-05,1.9175029339221636e-05,1.9175029339221636e-05,1.0,0.0,0.5,0.5,499.4,5,5
main_morgan_r3_391,molecular_fingerprint,6.348555535661685e-05,6.348555535661685e-05,-2.4830717539239273e-05,-2.4830717539239273e-05,1.0,0.0,0.6,0.4,434.0,5,5
main_morgan_r3_345,molecular_fingerprint,6.312213972463748e-05,6.312213972463748e-05,-2.436611969120072e-05,-2.436611969120072e-05,1.0,0.0,0.5,0.5,473.6,5,5
co_NumValenceElectrons,other,6.310744313882802e-05,6.310744313882802e-05,-3.6560147932694484e-06,-3.6560147932694484e-06,1.0,0.0,0.75,0.75,509.6,5,5
main_morgan_r3_51,molecular_fingerprint,6.257649405119991e-05,6.257649405119991e-05,3.2847913019180746e-05,3.2847913019180746e-05,1.0,0.0,0.75,0.75,432.2,5,5
main_morgan_r3_115,molecular_fingerprint,6.246783844536215e-05,6.246783844536215e-05,2.798975974174786e-05,2.798975974174786e-05,1.0,0.0,0.6666666666666666,0.6666666666666666,452.8,5,5
main_morgan_r3_453,molecular_fingerprint,6.13425978361622e-05,6.13425978361622e-05,2.0440659712815227e-05,2.0440659712815227e-05,1.0,0.0,1.0,1.0,493.2,5,5
main_morgan_r3_294,molecular_fingerprint,6.103099994455857e-05,6.103099994455857e-05,4.844805956688943e-07,4.844805956688943e-07,1.0,0.0,0.5,0.5,467.0,5,5
B/P ratio,elemental_composition,6.062324605176806e-05,6.062324605176806e-05,-2.8409229351786463e-05,-2.8409229351786463e-05,1.0,0.0,0.6666666666666666,0.3333333333333333,534.2,5,5
B/P_ratio_sq,elemental_composition,6.0567544131749334e-05,6.0567544131749334e-05,-2.921273571627757e-05,-2.921273571627757e-05,1.0,0.0,0.6666666666666666,0.3333333333333333,449.0,5,5
curing_RingCount,molecular_descriptor,6.0075138852046956e-05,6.0075138852046956e-05,4.615148331597794e-05,4.615148331597794e-05,1.0,0.0,0.75,0.75,524.0,5,5
main_morgan_r3_291,molecular_fingerprint,5.990303780279128e-05,5.990303780279128e-05,-6.73851464176462e-06,-6.73851464176462e-06,1.0,0.0,0.75,0.75,471.2,5,5
main_morgan_r3_96,molecular_fingerprint,5.972888839005464e-05,5.972888839005464e-05,-3.931239736498861e-05,-3.931239736498861e-05,1.0,0.0,1.0,0.0,436.4,5,5
main_morgan_r3_224,molecular_fingerprint,5.9376380389522854e-05,5.9376380389522854e-05,-2.4203679651233437e-05,-2.4203679651233437e-05,1.0,0.0,0.75,0.25,459.6,5,5
main_morgan_r3_211,molecular_fingerprint,5.901972624480183e-05,5.901972624480183e-05,-3.4456599497648e-06,-3.4456599497648e-06,1.0,0.0,0.75,0.75,468.8,5,5
co_AromaticCarbocycles,other,5.896804042822622e-05,5.896804042822622e-05,-1.7402912806371905e-05,-1.7402912806371905e-05,1.0,0.0,1.0,0.0,538.8,5,5
main_morgan_r3_483,molecular_fingerprint,5.839342530328254e-05,5.839342530328254e-05,-1.216089915107293e-05,-1.216089915107293e-05,1.0,0.0,0.75,0.25,517.6,5,5
main_morgan_r3_455,molecular_fingerprint,5.808838369138257e-05,5.808838369138257e-05,5.29224955213675e-06,5.29224955213675e-06,1.0,0.0,0.5,0.5,513.8,5,5
main_morgan_r3_264,molecular_fingerprint,5.7602068818646835e-05,5.7602068818646835e-05,-2.378479575313324e-05,-2.378479575313324e-05,1.0,0.0,0.5,0.5,499.6,5,5
main_morgan_r3_165,molecular_fingerprint,5.642699164622577e-05,5.642699164622577e-05,-1.7049165015931929e-06,-1.7049165015931929e-06,1.0,0.0,0.5,0.5,455.4,5,5
main_morgan_r3_247,molecular_fingerprint,5.605759379518974e-05,5.605759379518974e-05,1.9717534309064733e-05,1.9717534309064733e-05,1.0,0.0,0.5,0.5,468.4,5,5
main_morgan_r3_511,molecular_fingerprint,5.5932158458284043e-05,5.5932158458284043e-05,-1.0842442132160258e-05,-1.0842442132160258e-05,1.0,0.0,0.75,0.75,518.2,5,5
main_morgan_r3_427,molecular_fingerprint,5.547665181049174e-05,5.547665181049174e-05,-4.2950525908441115e-06,-4.2950525908441115e-06,1.0,0.0,0.5,0.5,497.6,5,5
main_morgan_r3_27,molecular_fingerprint,5.512659713302445e-05,5.512659713302445e-05,-3.536852811881156e-05,-3.536852811881156e-05,1.0,0.0,0.5,0.5,436.4,5,5
main_morgan_r3_505,molecular_fingerprint,5.316768024714078e-05,5.316768024714078e-05,-3.2060642963926986e-06,-3.2060642963926986e-06,1.0,0.0,0.5,0.5,514.0,5,5
main_morgan_r3_497,molecular_fingerprint,5.290560479296619e-05,5.290560479296619e-05,4.634466075429345e-05,4.634466075429345e-05,1.0,0.0,0.75,0.75,523.6,5,5
main_morgan_r3_124,molecular_fingerprint,5.248741876077172e-05,5.248741876077172e-05,-4.2920347479796254e-07,-4.2920347479796254e-07,1.0,0.0,0.5,0.5,465.8,5,5
main_morgan_r3_445,molecular_fingerprint,5.124845436006984e-05,5.124845436006984e-05,3.491513589829557e-07,3.491513589829557e-07,1.0,0.0,0.75,0.25,528.8,5,5
main_morgan_r3_463,molecular_fingerprint,4.891748288273509e-05,4.891748288273509e-05,1.1450718752355573e-05,1.1450718752355573e-05,1.0,0.0,0.5,0.5,531.6,5,5
main_morgan_r3_195,molecular_fingerprint,4.8895552946716076e-05,4.8895552946716076e-05,2.074524208314996e-05,2.074524208314996e-05,1.0,0.0,1.0,1.0,488.6,5,5
main_morgan_r3_500,molecular_fingerprint,4.810462626007469e-05,4.810462626007469e-05,6.857162861346453e-06,6.857162861346453e-06,1.0,0.0,0.75,0.25,529.2,5,5
main_morgan_r3_74,molecular_fingerprint,4.74044180440703e-05,4.74044180440703e-05,4.781531313843364e-06,4.781531313843364e-06,1.0,0.0,0.5,0.5,455.2,5,5
main_morgan_r3_426,molecular_fingerprint,4.722302004933629e-05,4.722302004933629e-05,8.078791615995822e-06,8.078791615995822e-06,1.0,0.0,0.75,0.75,522.0,5,5
main_morgan_r3_56,molecular_fingerprint,4.476105963107103e-05,4.476105963107103e-05,-2.3184485566623104e-05,-2.3184485566623104e-05,1.0,0.0,0.75,0.25,457.4,5,5
main_morgan_r3_17,molecular_fingerprint,4.4387612017582494e-05,4.4387612017582494e-05,-2.173133238672007e-05,-2.173133238672007e-05,1.0,0.0,0.5,0.5,461.8,5,5
main_morgan_r3_279,molecular_fingerprint,4.2582100581051287e-05,4.2582100581051287e-05,4.786232996953761e-06,4.786232996953761e-06,1.0,0.0,0.5,0.5,501.2,5,5
main_morgan_r3_458,molecular_fingerprint,4.1684569976035224e-05,4.1684569976035224e-05,-5.571516527620849e-06,-5.571516527620849e-06,1.0,0.0,0.5,0.5,534.8,5,5
main_morgan_r3_23,molecular_fingerprint,4.140112238390733e-05,4.140112238390733e-05,3.288976197753376e-05,3.288976197753376e-05,1.0,0.0,1.0,1.0,456.4,5,5
main_morgan_r3_351,molecular_fingerprint,4.096549999965444e-05,4.096549999965444e-05,-1.0436129088803782e-05,-1.0436129088803782e-05,1.0,0.0,0.5,0.5,506.8,5,5
main_morgan_r3_248,molecular_fingerprint,4.052716705030928e-05,4.052716705030928e-05,-1.736295272371851e-05,-1.736295272371851e-05,1.0,0.0,1.0,0.0,497.4,5,5
main_morgan_r3_257,molecular_fingerprint,4.0175055227109616e-05,4.0175055227109616e-05,2.8293937254627748e-05,2.8293937254627748e-05,1.0,0.0,0.5,0.5,511.4,5,5
main_morgan_r3_430,molecular_fingerprint,3.9680820886676165e-05,3.9680820886676165e-05,5.186269176811543e-06,5.186269176811543e-06,1.0,0.0,0.75,0.75,537.0,5,5
main_morgan_r3_10,molecular_fingerprint,3.960891589583168e-05,3.960891589583168e-05,-2.034732043934263e-05,-2.034732043934263e-05,1.0,0.0,1.0,0.0,464.2,5,5
main_morgan_r3_69,molecular_fingerprint,3.955111005670316e-05,3.955111005670316e-05,2.3187837280436464e-05,2.3187837280436464e-05,1.0,0.0,0.75,0.75,481.4,5,5
main_morgan_r3_474,molecular_fingerprint,3.9505992143063725e-05,3.9505992143063725e-05,-4.552843856844884e-06,-4.552843856844884e-06,1.0,0.0,0.5,0.5,532.4,5,5
main_morgan_r3_506,molecular_fingerprint,3.8625467597045004e-05,3.8625467597045004e-05,-3.2563533613306935e-06,-3.2563533613306935e-06,1.0,0.0,0.5,0.5,542.4,5,5
main_morgan_r3_215,molecular_fingerprint,3.6950427142920084e-05,3.6950427142920084e-05,-8.867965611153116e-06,-8.867965611153116e-06,1.0,0.0,0.75,0.25,500.8,5,5
main_morgan_r3_301,molecular_fingerprint,3.6619582485084515e-05,3.6619582485084515e-05,-2.6057716026735355e-05,-2.6057716026735355e-05,1.0,0.0,1.0,0.0,531.4,5,5
main_morgan_r3_53,molecular_fingerprint,3.657113425704969e-05,3.657113425704969e-05,-1.9527949684061247e-05,-1.9527949684061247e-05,1.0,0.0,0.5,0.5,488.6,5,5
Synergy_type_P-N-Si,other,3.5965753859489134e-05,3.5965753859489134e-05,1.303167783514425e-05,1.303167783514425e-05,1.0,0.0,0.75,0.75,531.8,5,5
main_morgan_r3_235,molecular_fingerprint,3.5237298643293026e-05,3.5237298643293026e-05,1.781712241600609e-05,1.781712241600609e-05,1.0,0.0,1.0,1.0,501.6,5,5
main_morgan_r3_192,molecular_fingerprint,3.4747905483401256e-05,3.4747905483401256e-05,1.0826497415337141e-05,1.0826497415337141e-05,1.0,0.0,0.5,0.5,501.8,5,5
Synergy_type_P-P,other,3.46783770111835e-05,3.46783770111835e-05,2.206178490807215e-05,2.206178490807215e-05,1.0,0.0,1.0,1.0,544.8,5,5
main_morgan_r3_269,molecular_fingerprint,3.428750872741186e-05,3.428750872741186e-05,1.691515085910726e-06,1.691515085910726e-06,1.0,0.0,0.75,0.25,510.2,5,5
main_morgan_r3_173,molecular_fingerprint,3.377446027813373e-05,3.377446027813373e-05,2.9454188104763387e-05,2.9454188104763387e-05,1.0,0.0,0.5,0.5,509.4,5,5
co_LogP,molecular_descriptor,3.216941315779171e-05,3.216941315779171e-05,2.2890019489902144e-05,2.2890019489902144e-05,1.0,0.0,1.0,1.0,559.2,5,5
main_morgan_r3_268,molecular_fingerprint,3.187874981387199e-05,3.187874981387199e-05,1.568565791427703e-05,1.568565791427703e-05,1.0,0.0,1.0,1.0,515.6,5,5
main_morgan_r3_205,molecular_fingerprint,3.177428874755369e-05,3.177428874755369e-05,2.2844102456333182e-05,2.2844102456333182e-05,1.0,0.0,0.75,0.75,511.2,5,5
co_FractionCSP3,molecular_descriptor,3.1394713688617534e-05,3.1394713688617534e-05,2.239815520806587e-05,2.239815520806587e-05,1.0,0.0,1.0,1.0,561.0,5,5
main_morgan_r3_43,molecular_fingerprint,3.136492538093687e-05,3.136492538093687e-05,-4.084361320363113e-06,-4.084361320363113e-06,1.0,0.0,0.75,0.75,480.4,5,5
main_morgan_r3_318,molecular_fingerprint,3.105258906735899e-05,3.105258906735899e-05,2.1582423918415668e-05,2.1582423918415668e-05,1.0,0.0,0.5,0.5,527.4,5,5
main_morgan_r3_267,molecular_fingerprint,3.0785727645492346e-05,3.0785727645492346e-05,-7.759308705228957e-06,-7.759308705228957e-06,1.0,0.0,0.5,0.5,525.6,5,5
main_morgan_r3_480,molecular_fingerprint,2.9996499992036115e-05,2.9996499992036115e-05,-1.1924607661645347e-05,-1.1924607661645347e-05,1.0,0.0,0.5,0.5,551.4,5,5
main_morgan_r3_158,molecular_fingerprint,2.9253085539210127e-05,2.9253085539210127e-05,-7.493455431352281e-06,-7.493455431352281e-06,1.0,0.0,0.6666666666666666,0.3333333333333333,510.0,5,5
main_morgan_r3_336,molecular_fingerprint,2.9182443858255986e-05,2.9182443858255986e-05,-1.9750875531640296e-05,-1.9750875531640296e-05,1.0,0.0,0.75,0.25,495.4,5,5
main_morgan_r3_137,molecular_fingerprint,2.9078480421528885e-05,2.9078480421528885e-05,1.7826700832478715e-05,1.7826700832478715e-05,1.0,0.0,1.0,1.0,507.2,5,5
main_morgan_r3_417,molecular_fingerprint,2.8588128114228717e-05,2.8588128114228717e-05,2.232173252372781e-05,2.232173252372781e-05,1.0,0.0,1.0,1.0,556.0,5,5
main_morgan_r3_323,molecular_fingerprint,2.827357277713342e-05,2.827357277713342e-05,1.2014349112334345e-05,1.2014349112334345e-05,1.0,0.0,0.5,0.5,532.8,5,5
main_morgan_r3_153,molecular_fingerprint,2.818485452434061e-05,2.818485452434061e-05,8.474455437098847e-06,8.474455437098847e-06,1.0,0.0,0.75,0.75,505.8,5,5
main_morgan_r3_402,molecular_fingerprint,2.7711424994252968e-05,2.7711424994252968e-05,2.1937457827366164e-05,2.1937457827366164e-05,1.0,0.0,1.0,1.0,544.8,5,5
P_B_loading_product,formulation_loading,2.7319465991088992e-05,2.7319465991088992e-05,-1.9514305855257892e-05,-1.9514305855257892e-05,1.0,0.0,0.6666666666666666,0.3333333333333333,492.2,5,5
main_morgan_r3_160,molecular_fingerprint,2.7105179336028103e-05,2.7105179336028103e-05,1.7932857145600185e-06,1.7932857145600185e-06,1.0,0.0,0.5,0.5,505.8,5,5
main_morgan_r3_328,molecular_fingerprint,2.698107486343007e-05,2.698107486343007e-05,5.99802543687626e-06,5.99802543687626e-06,1.0,0.0,0.6666666666666666,0.6666666666666666,537.4,5,5
main_morgan_r3_57,molecular_fingerprint,2.6737076300075085e-05,2.6737076300075085e-05,-2.6737076300075085e-05,-2.6737076300075085e-05,1.0,0.0,1.0,0.0,501.6,5,5
main_morgan_r3_475,molecular_fingerprint,2.6549408554816503e-05,2.6549408554816503e-05,1.551230093733993e-05,1.551230093733993e-05,1.0,0.0,0.6666666666666666,0.6666666666666666,568.6,5,5
main_morgan_r3_232,molecular_fingerprint,2.6379421152341817e-05,2.6379421152341817e-05,1.1459260085555594e-05,1.1459260085555594e-05,1.0,0.0,0.5,0.5,523.8,5,5
main_morgan_r3_68,molecular_fingerprint,2.5949951246060564e-05,2.5949951246060564e-05,-1.6873485633204324e-05,-1.6873485633204324e-05,1.0,0.0,1.0,0.0,507.4,5,5
main_morgan_r3_101,molecular_fingerprint,2.588497073952567e-05,2.588497073952567e-05,-1.7454329708303678e-05,-1.7454329708303678e-05,1.0,0.0,0.75,0.25,502.6,5,5
main_morgan_r3_100,molecular_fingerprint,2.5796339966392326e-05,2.5796339966392326e-05,8.534510254321504e-06,8.534510254321504e-06,1.0,0.0,1.0,1.0,517.0,5,5
main_morgan_r3_409,molecular_fingerprint,2.5763501511710904e-05,2.5763501511710904e-05,3.0639049207397626e-06,3.0639049207397626e-06,1.0,0.0,0.5,0.5,554.0,5,5
B_loading_real_sq,formulation_loading,2.459257800390131e-05,2.459257800390131e-05,-1.9586889732383704e-05,-1.9586889732383704e-05,1.0,0.0,0.6666666666666666,0.3333333333333333,490.8,5,5
Synergy_type_P-Si,other,2.2981279547309437e-05,2.2981279547309437e-05,-7.696049795899604e-06,-7.696049795899604e-06,1.0,0.0,0.75,0.25,555.8,5,5
main_morgan_r3_384,molecular_fingerprint,2.2391149793684743e-05,2.2391149793684743e-05,1.5852467965171655e-05,1.5852467965171655e-05,1.0,0.0,1.0,1.0,557.8,5,5
main_morgan_r3_213,molecular_fingerprint,2.1969240610423586e-05,2.1969240610423586e-05,1.8582659821757086e-06,1.8582659821757086e-06,1.0,0.0,0.5,0.5,531.0,5,5
main_morgan_r3_161,molecular_fingerprint,2.12964946589409e-05,2.12964946589409e-05,-8.463607070590722e-06,-8.463607070590722e-06,1.0,0.0,0.5,0.5,518.2,5,5
main_morgan_r3_151,molecular_fingerprint,2.076546576240743e-05,2.076546576240743e-05,1.2181703820601795e-06,1.2181703820601795e-06,1.0,0.0,0.75,0.75,522.6,5,5
main_morgan_r3_30,molecular_fingerprint,1.9935479676429204e-05,1.9935479676429204e-05,-6.920048925612343e-07,-6.920048925612343e-07,1.0,0.0,0.5,0.5,504.6,5,5
main_morgan_r3_478,molecular_fingerprint,1.976803746300801e-05,1.976803746300801e-05,-1.976803746300801e-05,-1.976803746300801e-05,1.0,0.0,1.0,0.0,595.2,5,5
main_morgan_r3_436,molecular_fingerprint,1.9109431727883928e-05,1.9109431727883928e-05,-1.1556595550852458e-05,-1.1556595550852458e-05,1.0,0.0,0.6666666666666666,0.3333333333333333,574.2,5,5
main_morgan_r3_16,molecular_fingerprint,1.8824155746491063e-05,1.8824155746491063e-05,8.904059441192675e-07,8.904059441192675e-07,1.0,0.0,0.6666666666666666,0.3333333333333333,511.8,5,5
main_morgan_r3_185,molecular_fingerprint,1.806205721893801e-05,1.806205721893801e-05,5.081458940569265e-06,5.081458940569265e-06,1.0,0.0,0.5,0.5,539.8,5,5
main_morgan_r3_75,molecular_fingerprint,1.7689085266321557e-05,1.7689085266321557e-05,-6.84229045810348e-07,-6.84229045810348e-07,1.0,0.0,0.5,0.5,512.6,5,5
main_morgan_r3_449,molecular_fingerprint,1.5366051415494686e-05,1.5366051415494686e-05,-9.143731539255542e-06,-9.143731539255542e-06,1.0,0.0,0.6666666666666666,0.3333333333333333,590.6,5,5
main_morgan_r3_285,molecular_fingerprint,1.512843449035649e-05,1.512843449035649e-05,5.793369927687311e-06,5.793369927687311e-06,1.0,0.0,0.75,0.75,554.4,5,5
main_morgan_r3_404,molecular_fingerprint,1.487704675510473e-05,1.487704675510473e-05,-9.620450923714922e-06,-9.620450923714922e-06,1.0,0.0,0.75,0.25,571.8,5,5
main_morgan_r3_313,molecular_fingerprint,1.4510426563238828e-05,1.4510426563238828e-05,-3.191304093882587e-06,-3.191304093882587e-06,1.0,0.0,0.5,0.5,560.2,5,5
main_morgan_r3_353,molecular_fingerprint,1.3323618199996822e-05,1.3323618199996822e-05,-1.308034355775413e-05,-1.308034355775413e-05,1.0,0.0,1.0,0.0,574.0,5,5
main_morgan_r3_306,molecular_fingerprint,1.3199061474387643e-05,1.3199061474387643e-05,1.6758182114118535e-06,1.6758182114118535e-06,1.0,0.0,0.5,0.5,564.6,5,5
main_morgan_r3_88,molecular_fingerprint,1.3052489417731292e-05,1.3052489417731292e-05,5.927400322305073e-06,5.927400322305073e-06,1.0,0.0,0.75,0.75,528.4,5,5
main_morgan_r3_143,molecular_fingerprint,1.2760985571402569e-05,1.2760985571402569e-05,8.467633052507352e-06,8.467633052507352e-06,1.0,0.0,0.6666666666666666,0.6666666666666666,544.8,5,5
main_morgan_r3_35,molecular_fingerprint,1.2588533772199323e-05,1.2588533772199323e-05,5.6549754499965515e-06,5.6549754499965515e-06,1.0,0.0,0.75,0.75,520.8,5,5
main_morgan_r3_398,molecular_fingerprint,1.0795210213664242e-05,1.0795210213664242e-05,3.444933804882707e-06,3.444933804882707e-06,1.0,0.0,0.5,0.5,584.0,5,5
main_morgan_r3_359,molecular_fingerprint,1.0786478242683493e-05,1.0786478242683493e-05,5.129705499434246e-06,5.129705499434246e-06,1.0,0.0,0.6666666666666666,0.6666666666666666,576.6,5,5
main_morgan_r3_106,molecular_fingerprint,1.0402820013900459e-05,1.0402820013900459e-05,-9.134424181512361e-06,-9.134424181512361e-06,1.0,0.0,0.6666666666666666,0.3333333333333333,543.8,5,5
main_morgan_r3_459,molecular_fingerprint,1.0127071508659608e-05,1.0127071508659608e-05,1.0028658371968265e-07,1.0028658371968265e-07,1.0,0.0,0.6666666666666666,0.6666666666666666,600.4,5,5
main_morgan_r3_91,molecular_fingerprint,8.816123342083099e-06,8.816123342083099e-06,-1.4356936891444006e-06,-1.4356936891444006e-06,1.0,0.0,0.6666666666666666,0.6666666666666666,538.8,5,5
main_morgan_r3_142,molecular_fingerprint,8.745117610386741e-06,8.745117610386741e-06,-8.48268774340492e-06,-8.48268774340492e-06,1.0,0.0,0.6666666666666666,0.3333333333333333,552.4,5,5
main_morgan_r3_464,molecular_fingerprint,8.484798442067486e-06,8.484798442067486e-06,-6.173276129478231e-06,-6.173276129478231e-06,1.0,0.0,0.6666666666666666,0.3333333333333333,602.6,5,5
main_morgan_r3_127,molecular_fingerprint,8.224038844875597e-06,8.224038844875597e-06,8.146248520865306e-06,8.146248520865306e-06,1.0,0.0,1.0,1.0,543.4,5,5
main_morgan_r3_364,molecular_fingerprint,6.824032596442621e-06,6.824032596442621e-06,4.208924139877305e-07,4.208924139877305e-07,1.0,0.0,0.5,0.5,594.0,5,5
Synergy_type_P-N-C,other,6.502950558216173e-06,6.502950558216173e-06,-5.216008921151014e-06,-5.216008921151014e-06,1.0,0.0,0.6666666666666666,0.3333333333333333,528.0,5,5
main_morgan_r3_437,molecular_fingerprint,5.999841695787229e-06,5.999841695787229e-06,-3.63970042952941e-06,-3.63970042952941e-06,1.0,0.0,1.0,0.0,606.2,5,5
co_AliphaticRings,molecular_descriptor,5.839849706616304e-06,5.839849706616304e-06,5.839849706616304e-06,5.839849706616304e-06,1.0,0.0,1.0,1.0,633.8,5,5
main_morgan_r3_92,molecular_fingerprint,5.666098945476327e-06,5.666098945476327e-06,2.741341740892898e-06,2.741341740892898e-06,1.0,0.0,0.75,0.75,543.8,5,5
main_morgan_r3_169,molecular_fingerprint,3.980721865243847e-07,3.980721865243847e-07,3.980721865243847e-07,3.980721865243847e-07,1.0,0.0,1.0,1.0,579.0,5,5
main_morgan_r3_190,molecular_fingerprint,3.0103741156987475e-07,3.0103741156987475e-07,3.010329664397832e-08,3.010329664397832e-08,1.0,0.0,0.5,0.5,582.0,5,5
curing_morgan_r3_204,molecular_fingerprint,0.002170486896232753,0.0027131086202909415,-0.00025363953302512876,-0.00031704941628141095,0.8,0.0,0.6666666666666666,0.3333333333333333,298.0,4,5
curing_morgan_r3_89,molecular_fingerprint,0.001883620009832473,0.0023545250122905914,-0.00021776465221112515,-0.00027220581526390643,0.8,0.0,0.5,0.5,190.4,4,5
curing_morgan_r3_147,molecular_fingerprint,0.0006322739291386041,0.0007903424114232551,0.00023426643463566663,0.0002928330432945833,0.8,0.0,0.6666666666666666,0.6666666666666666,382.8,4,5
main_SaturatedHeterocycles,other,0.00048585664574305083,0.0006073208071788135,-5.401352163066522e-05,-6.751690203833153e-05,0.8,0.0,0.6666666666666666,0.3333333333333333,256.4,4,5
main_morgan_r3_488,molecular_fingerprint,0.0004587440500601789,0.0005734300625752236,-0.0003217492832580117,-0.0004021866040725146,0.8,0.0,1.0,0.0,295.2,4,5
main_morgan_r3_194,molecular_fingerprint,0.0004561119269575707,0.0005701399086969634,-0.00030463073374474136,-0.0003807884171809267,0.8,0.0,1.0,0.0,296.6,4,5
curing_morgan_r3_336,molecular_fingerprint,0.0004529703051519442,0.0005662128814399302,6.455379698665331e-05,8.069224623331663e-05,0.8,0.0,0.6666666666666666,0.3333333333333333,385.8,4,5
main_morgan_r3_207,molecular_fingerprint,0.0003499960993507456,0.00043749512418843204,0.00018301467390630127,0.00022876834238287657,0.8,0.0,0.6666666666666666,0.6666666666666666,322.4,4,5
main_morgan_r3_228,molecular_fingerprint,0.0003493862984355979,0.0004367328730444974,-0.0002925904237112667,-0.0003657380296390834,0.8,0.0,1.0,0.0,325.4,4,5
curing_morgan_r3_376,molecular_fingerprint,0.0003213010089062916,0.00040162626113286444,1.2666427939168499e-05,1.5833034923960624e-05,0.8,0.0,0.6666666666666666,0.3333333333333333,400.2,4,5
main_morgan_r3_408,molecular_fingerprint,0.00023088786338131386,0.0002886098292266423,9.859934431864933e-05,0.00012324918039831166,0.8,0.0,0.5,0.5,403.4,4,5
main_morgan_r3_394,molecular_fingerprint,0.00021694751163991421,0.0002711843895498928,4.304806543271319e-05,5.3810081790891485e-05,0.8,0.0,0.75,0.25,405.6,4,5
co_morgan_r3_183,molecular_fingerprint,0.00018836695777438056,0.0002354586972179757,-0.00014839736147824722,-0.00018549670184780904,0.8,0.0,1.0,0.0,466.2,4,5
Synergy_type_P-N-S,other,0.00015399314300789828,0.00019249142875987286,-1.0139392953399196e-05,-1.2674241191748995e-05,0.8,0.0,0.6666666666666666,0.3333333333333333,432.0,4,5
main_morgan_r3_223,molecular_fingerprint,0.00013192856900706018,0.00016491071125882524,5.0918021127876666e-05,6.364752640984583e-05,0.8,0.0,0.75,0.75,449.0,4,5
Synergy_type_P-N-Si-S,other,0.00011972854354058249,0.0001496606794257281,-0.00011972854354058249,-0.0001496606794257281,0.8,0.0,1.0,0.0,490.6,4,5
co_NHOHCount,other,0.00011492811042757643,0.00014366013803447054,-7.565234648225466e-05,-9.456543310281833e-05,0.8,0.0,0.6666666666666666,0.3333333333333333,518.8,4,5
main_morgan_r3_238,molecular_fingerprint,0.00011433360889060394,0.00014291701111325493,-4.999778956775141e-05,-6.249723695968926e-05,0.8,0.0,0.6666666666666666,0.3333333333333333,423.8,4,5
co_morgan_r3_175,molecular_fingerprint,0.0001091019764674507,0.00013637747058431338,-0.0001091019764674507,-0.00013637747058431338,0.8,0.0,1.0,0.0,531.4,4,5
co_morgan_r3_138,molecular_fingerprint,0.00010474481169136299,0.00013093101461420374,-3.014879706893224e-05,-3.76859963361653e-05,0.8,0.0,0.75,0.25,469.2,4,5
co_morgan_r3_51,molecular_fingerprint,9.97609980959832e-05,0.000124701247619979,-3.431563813396742e-05,-4.2894547667459275e-05,0.8,0.0,0.5,0.5,516.2,4,5
curing_morgan_r3_28,molecular_fingerprint,9.004890999489768e-05,0.0001125611374936221,9.004890999489768e-05,0.0001125611374936221,0.8,0.0,1.0,1.0,475.6,4,5
main_morgan_r3_338,molecular_fingerprint,8.91490949110323e-05,0.00011143636863879039,3.5416106615712475e-05,4.42701332696406e-05,0.8,0.0,0.6666666666666666,0.6666666666666666,468.8,4,5
curing_morgan_r3_337,molecular_fingerprint,8.871003300287029e-05,0.00011088754125358786,8.384050595612454e-05,0.00010480063244515568,0.8,0.0,1.0,1.0,523.6,4,5
co_morgan_r3_12,molecular_fingerprint,8.795966720895699e-05,0.00010994958401119624,-8.795966720895699e-05,-0.00010994958401119624,0.8,0.0,1.0,0.0,537.8,4,5
main_morgan_r3_403,molecular_fingerprint,8.601251350531432e-05,0.0001075156418816429,8.601251350531432e-05,0.0001075156418816429,0.8,0.0,1.0,1.0,531.4,4,5
Synergy_type_P-N-Si-B,other,8.216483726520589e-05,0.00010270604658150737,-8.216483726520589e-05,-0.00010270604658150737,0.8,0.0,1.0,0.0,538.8,4,5
main_morgan_r3_125,molecular_fingerprint,7.413878779011107e-05,9.267348473763885e-05,7.413878779011107e-05,9.267348473763885e-05,0.8,0.0,1.0,1.0,473.8,4,5
co_AromaticHeterocycles,other,7.1724170597564e-05,8.9655213246955e-05,1.503785049362703e-05,1.8797313117033786e-05,0.8,0.0,0.6666666666666666,0.6666666666666666,522.4,4,5
curing_morgan_r3_33,molecular_fingerprint,7.135568246594125e-05,8.919460308242655e-05,1.0707668236616677e-05,1.3384585295770845e-05,0.8,0.0,0.6666666666666666,0.6666666666666666,471.4,4,5
co_morgan_r3_214,molecular_fingerprint,6.92000879377398e-05,8.650010992217476e-05,6.495866096762862e-05,8.119832620953577e-05,0.8,0.0,1.0,1.0,510.0,4,5
main_morgan_r3_256,molecular_fingerprint,6.623705733020163e-05,8.279632166275204e-05,6.623705733020163e-05,8.279632166275204e-05,0.8,0.0,1.0,1.0,547.2,4,5
main_morgan_r3_508,molecular_fingerprint,5.539198430007117e-05,6.923998037508896e-05,-5.4865497956257057e-05,-6.858187244532132e-05,0.8,0.0,1.0,0.0,532.8,4,5
main_morgan_r3_450,molecular_fingerprint,5.047219336362709e-05,6.309024170453386e-05,-5.047219336362709e-05,-6.309024170453386e-05,0.8,0.0,1.0,0.0,552.0,4,5
main_morgan_r3_288,molecular_fingerprint,4.022557847971736e-05,5.0281973099646694e-05,-2.921155191427891e-05,-3.651443989284864e-05,0.8,0.0,0.6666666666666666,0.3333333333333333,531.8,4,5
curing_morgan_r3_477,molecular_fingerprint,3.985688369635277e-05,4.982110462044096e-05,-7.6264055196083464e-06,-9.533006899510433e-06,0.8,0.0,0.5,0.5,551.8,4,5
main_morgan_r3_150,molecular_fingerprint,3.949834945620347e-05,4.9372936820254334e-05,-2.3927819822751586e-05,-2.9909774778439482e-05,0.8,0.0,0.6666666666666666,0.3333333333333333,504.8,4,5
main_morgan_r3_300,molecular_fingerprint,3.520322976287894e-05,4.400403720359867e-05,-3.375068793846164e-05,-4.218835992307706e-05,0.8,0.0,1.0,0.0,543.4,4,5
main_morgan_r3_260,molecular_fingerprint,3.151863010805301e-05,3.9398287635066255e-05,1.3176324517000165e-05,1.6470405646250205e-05,0.8,0.0,0.5,0.5,584.0,4,5
main_morgan_r3_149,molecular_fingerprint,3.1100904405472344e-05,3.8876130506840434e-05,3.1100904405472344e-05,3.8876130506840434e-05,0.8,0.0,1.0,1.0,545.0,4,5
main_morgan_r3_87,molecular_fingerprint,1.777750689153537e-05,2.2221883614419213e-05,-1.5866349201334946e-05,-1.9832936501668683e-05,0.8,0.0,0.5,0.5,540.6,4,5
main_morgan_r3_141,molecular_fingerprint,1.5075510768737229e-05,1.8844388460921536e-05,-1.5075510768737229e-05,-1.8844388460921536e-05,0.8,0.0,1.0,0.0,550.4,4,5
co_morgan_r3_15,molecular_fingerprint,1.4988411183973471e-05,1.873551397996684e-05,1.4988411183973471e-05,1.873551397996684e-05,0.8,0.0,1.0,1.0,624.2,4,5
co_morgan_r3_33,molecular_fingerprint,1.3737645762173799e-05,1.7172057202717248e-05,1.1001143195042258e-05,1.3751428993802824e-05,0.8,0.0,0.5,0.5,624.0,4,5
main_morgan_r3_105,molecular_fingerprint,1.358022465481352e-05,1.69752808185169e-05,1.0076980509337676e-05,1.2596225636672094e-05,0.8,0.0,0.5,0.5,546.0,4,5
main_morgan_r3_440,molecular_fingerprint,1.2566469804975587e-05,1.5708087256219485e-05,1.2566469804975587e-05,1.5708087256219485e-05,0.8,0.0,1.0,1.0,606.2,4,5
co_morgan_r3_80,molecular_fingerprint,1.2510776849820912e-05,1.563847106227614e-05,1.198532970435432e-05,1.49816621304429e-05,0.8,0.0,1.0,1.0,616.4,4,5
main_morgan_r3_274,molecular_fingerprint,1.2131474817377041e-05,1.5164343521721302e-05,-6.031827359846732e-06,-7.539784199808414e-06,0.8,0.0,0.6666666666666666,0.3333333333333333,575.4,4,5
main_morgan_r3_344,molecular_fingerprint,9.129356535923862e-06,1.1411695669904828e-05,-8.561619808081863e-06,-1.0702024760102328e-05,0.8,0.0,1.0,0.0,593.8,4,5
main_SaturatedCarbocycles,other,6.227865716937229e-06,7.784832146171537e-06,6.227865716937229e-06,7.784832146171537e-06,0.8,0.0,1.0,1.0,550.0,4,5
main_morgan_r3_465,molecular_fingerprint,6.065812112410639e-06,7.582265140513299e-06,4.4600284488499e-06,5.575035561062374e-06,0.8,0.0,0.6666666666666666,0.3333333333333333,620.2,4,5
curing_morgan_r3_100,molecular_fingerprint,5.979686142381982e-06,7.474607677977477e-06,-5.979686142381982e-06,-7.474607677977477e-06,0.8,0.0,1.0,0.0,645.0,4,5
main_morgan_r3_311,molecular_fingerprint,5.9395917581797334e-06,7.424489697724666e-06,5.9395917581797334e-06,7.424489697724666e-06,0.8,0.0,1.0,1.0,590.4,4,5
main_morgan_r3_170,molecular_fingerprint,5.838095835416526e-06,7.297619794270657e-06,-5.838095835416526e-06,-7.297619794270657e-06,0.8,0.0,1.0,0.0,647.4,4,5
main_morgan_r3_38,molecular_fingerprint,5.004658323337532e-06,6.255822904171915e-06,5.307413957780209e-07,6.634267447225262e-07,0.8,0.0,0.5,0.5,558.6,4,5
CuringAgent_Has_B,molecular_descriptor,4.934968026645947e-06,6.168710033307434e-06,1.2432476400540005e-06,1.5540595500675006e-06,0.8,0.0,0.5,0.5,654.0,4,5
main_morgan_r3_261,molecular_fingerprint,4.713872696331439e-06,5.892340870414299e-06,-3.040327901923471e-06,-3.800409877404339e-06,0.8,0.0,0.6666666666666666,0.3333333333333333,641.2,4,5
main_morgan_r3_372,molecular_fingerprint,3.963464899041153e-06,4.954331123801441e-06,-1.4838384592318706e-06,-1.8547980740398383e-06,0.8,0.0,0.5,0.5,604.4,4,5
main_morgan_r3_217,molecular_fingerprint,2.5914704875605e-06,3.2393381094506255e-06,-2.5914704875605e-06,-3.2393381094506255e-06,0.8,0.0,1.0,0.0,589.0,4,5
P_x_CuringAgent_Has_B,molecular_descriptor,2.222980138160183e-06,2.778725172700229e-06,-2.222980138160183e-06,-2.778725172700229e-06,0.8,0.0,1.0,0.0,554.0,4,5
main_morgan_r3_179,molecular_fingerprint,2.1391842742054408e-06,2.673980342756801e-06,-1.1733472958642078e-06,-1.4666841198302598e-06,0.8,0.0,0.5,0.5,648.6,4,5
main_morgan_r3_484,molecular_fingerprint,1.6348236928630893e-06,2.0435296160788616e-06,-1.6348236928630893e-06,-2.0435296160788616e-06,0.8,0.0,1.0,0.0,639.8,4,5
curing_morgan_r3_1,molecular_fingerprint,1.5688536481724842e-06,1.961067060215605e-06,-1.5688536481724842e-06,-1.961067060215605e-06,0.8,0.0,1.0,0.0,622.0,4,5
Synergy_type_P-N-Si-Ti,other,1.2120822846352693e-06,1.5151028557940866e-06,-1.2120822846352693e-06,-1.5151028557940866e-06,0.8,0.0,1.0,0.0,662.0,4,5
curing_morgan_r3_66,molecular_fingerprint,4.894693791154877e-07,6.118367238943596e-07,-4.894693791154877e-07,-6.118367238943596e-07,0.8,0.0,1.0,0.0,659.8,4,5
Synergy_type_P-N-Si-Zr,other,2.8695317167956895e-07,3.5869146459946116e-07,2.3316347222943375e-07,2.914543402867922e-07,0.8,0.0,1.0,1.0,666.6,4,5
CuringAgent_Has_P,molecular_descriptor,1.059338873245805e-07,1.3241735915572562e-07,5.718479830344829e-08,7.148099787931036e-08,0.8,0.0,1.0,1.0,661.4,4,5
P_x_CuringAgent_Has_P,molecular_descriptor,0.0,0.0,0.0,0.0,0.8,0.0,,,567.4,4,5
Synergy_type_P-N-Al,other,0.0,0.0,0.0,0.0,0.8,0.0,,,570.0,4,5
Synergy_type_P-Si-B,other,0.0,0.0,0.0,0.0,0.8,0.0,,,645.6,4,5
co_morgan_r3_0,molecular_fingerprint,0.0,0.0,0.0,0.0,0.8,0.0,,,668.2,4,5
co_morgan_r3_13,molecular_fingerprint,0.0,0.0,0.0,0.0,0.8,0.0,,,677.4,4,5
main_morgan_r3_154,molecular_fingerprint,0.0,0.0,0.0,0.0,0.8,0.0,,,589.6,4,5
main_morgan_r3_166,molecular_fingerprint,0.0,0.0,0.0,0.0,0.8,0.0,,,594.6,4,5
main_morgan_r3_388,molecular_fingerprint,0.0,0.0,0.0,0.0,0.8,0.0,,,626.4,4,5
main_morgan_r3_44,molecular_fingerprint,0.0,0.0,0.0,0.0,0.8,0.0,,,576.8,4,5
main_morgan_r3_54,molecular_fingerprint,0.0,0.0,0.0,0.0,0.8,0.0,,,583.0,4,5
main_morgan_r3_62,molecular_fingerprint,0.0,0.0,0.0,0.0,0.8,0.0,,,668.2,4,5
co_morgan_r3_486,molecular_fingerprint,0.00020450543575515845,0.00034084239292526405,-0.00020450543575515845,-0.00034084239292526405,0.6,0.0,1.0,0.0,498.8,3,5
co_morgan_r3_507,molecular_fingerprint,0.0001763799474126952,0.00029396657902115865,-0.0001763799474126952,-0.00029396657902115865,0.6,0.0,1.0,0.0,512.4,3,5
co_morgan_r3_192,molecular_fingerprint,9.734233010961668e-05,0.0001622372168493611,-9.734233010961668e-05,-0.0001622372168493611,0.6,0.0,1.0,0.0,586.0,3,5
co_morgan_r3_95,molecular_fingerprint,8.274617932943644e-05,0.00013791029888239405,8.274617932943644e-05,0.00013791029888239405,0.6,0.0,1.0,1.0,584.8,3,5
co_morgan_r3_241,molecular_fingerprint,8.174388858128622e-05,0.0001362398143021437,8.174388858128622e-05,0.0001362398143021437,0.6,0.0,1.0,1.0,573.8,3,5
curing_morgan_r3_277,molecular_fingerprint,5.617119935206775e-05,9.361866558677959e-05,5.617119935206775e-05,9.361866558677959e-05,0.6,0.0,1.0,1.0,572.2,3,5
curing_morgan_r3_295,molecular_fingerprint,4.593649935774617e-05,7.656083226291028e-05,4.593649935774617e-05,7.656083226291028e-05,0.6,0.0,1.0,1.0,584.2,3,5
co_morgan_r3_64,molecular_fingerprint,3.3778044137963874e-05,5.6296740229939794e-05,-3.3778044137963874e-05,-5.6296740229939794e-05,0.6,0.0,1.0,0.0,610.2,3,5
co_morgan_r3_14,molecular_fingerprint,2.4564197378317152e-05,4.094032896386192e-05,2.4564197378317152e-05,4.094032896386192e-05,0.6,0.0,1.0,1.0,610.6,3,5
co_morgan_r3_1,molecular_fingerprint,2.027979455346617e-05,3.379965758911028e-05,2.027979455346617e-05,3.379965758911028e-05,0.6,0.0,1.0,1.0,614.4,3,5
Synergy_type_P-N-B,other,1.3130827584341708e-05,2.1884712640569514e-05,-1.1511797888564007e-05,-1.9186329814273344e-05,0.6,0.0,1.0,0.0,542.4,3,5
co_morgan_r3_144,molecular_fingerprint,1.310118180284311e-05,2.1835303004738515e-05,1.310118180284311e-05,2.1835303004738515e-05,0.6,0.0,1.0,1.0,649.0,3,5
co_morgan_r3_311,molecular_fingerprint,1.2366604577942374e-05,2.0611007629903958e-05,1.2302534589455008e-05,2.0504224315758346e-05,0.6,0.0,1.0,1.0,648.0,3,5
curing_morgan_r3_231,molecular_fingerprint,8.089591175424477e-06,1.3482651959040796e-05,8.089591175424477e-06,1.3482651959040796e-05,0.6,0.0,1.0,1.0,659.0,3,5
main_morgan_r3_229,molecular_fingerprint,2.5115725668203794e-06,4.185954278033966e-06,-1.0589697692719506e-06,-1.7649496154532508e-06,0.6,0.0,0.5,0.5,659.4,3,5
main_morgan_r3_358,molecular_fingerprint,0.0,0.0,0.0,0.0,0.6,0.0,,,634.6,3,5
co_morgan_r3_216,molecular_fingerprint,7.638352860885788e-05,0.0001909588215221447,-7.638352860885788e-05,-0.0001909588215221447,0.4,0.0,1.0,0.0,603.6,2,5
co_morgan_r3_294,molecular_fingerprint,3.062573298828081e-05,7.656433247070202e-05,3.062573298828081e-05,7.656433247070202e-05,0.4,0.0,1.0,1.0,611.0,2,5
co_morgan_r3_290,molecular_fingerprint,2.5871238175669634e-05,6.467809543917408e-05,2.5871238175669634e-05,6.467809543917408e-05,0.4,0.0,1.0,1.0,618.6,2,5
main_morgan_r3_299,molecular_fingerprint,3.5043719043541284e-06,8.760929760885321e-06,-3.5043719043541284e-06,-8.760929760885321e-06,0.4,0.0,1.0,0.0,670.6,2,5
