outer_fold,feature,feature_group,mean_abs_shap,mean_signed_shap,rank,selected,top20
1,Co_FR_fraction,formulation_loading,0.0,0.0,427,0,0
1,Co_FR_present,other,0.0,0.0,427,0,0
1,Cure_Temp_Max,curing_and_preparation,1.6038405300619911,-0.5964225273140861,3,1,1
1,CuringAgent_Has_N,molecular_descriptor,0.01410960631807232,0.011643280168063942,99,1,0
1,CuringAgent_Has_P,molecular_descriptor,0.0,0.0,427,0,0
1,CuringAgent_Has_S,molecular_descriptor,2.8806696830749403,-2.1537741634966294,2,1,1
1,EP_matrix_Tg,ep_baseline,5.007674843366774,2.0968037468670975,1,1,1
1,EP_matrix_Tg_sq,ep_baseline,0.7363577144748218,0.35937914397050114,10,1,1
1,EP_matrix_Tg_sqrt,ep_baseline,0.32998021453877696,0.08776809701126899,17,1,1
1,Has_N,elemental_composition,0.0,0.0,191,1,0
1,Has_P,elemental_composition,0.0,0.0,190,1,0
1,Has_S,elemental_composition,0.0,0.0,199,1,0
1,Has_Si,elemental_composition,0.0,0.0,427,0,0
1,Loading_total_FR wt%,formulation_loading,0.08719234221970613,0.029220893073167345,56,1,0
1,Loading_total_FR_sq,formulation_loading,0.025906439417869694,0.006748884599138463,84,1,0
1,Loading_total_FR_sqrt,formulation_loading,0.029444063522128597,0.015683973869308834,80,1,0
1,Loading_x_Synergy,formulation_loading,0.15191949680240618,0.00967699625322387,39,1,0
1,Main_FR_fraction,formulation_loading,0.02441365391222966,-0.004155366029590365,87,1,0
1,N/P ratio,elemental_composition,0.22533009571954607,0.10440220733017973,29,1,0
1,N/P_ratio_sq,elemental_composition,0.012483844495792368,0.002600985048856175,102,1,0
1,N/P_ratio_sqrt,elemental_composition,0.0,0.0,142,1,0
1,N_content wt%,elemental_composition,0.037362414703885495,0.009942373352047678,74,1,0
1,N_content_wt%_sq,elemental_composition,0.08273505989203436,-0.01524164136395686,57,1,0
1,N_content_wt%_sqrt,elemental_composition,0.00022670810421307884,0.0001889234201775657,139,1,0
1,P_B_loading_ratio,formulation_loading,0.07007357711457494,-0.03211303899265154,61,1,0
1,P_B_loading_sum,formulation_loading,0.0,0.0,259,1,0
1,P_N_loading_ratio,formulation_loading,0.9297577270404954,0.40846448678782005,6,1,1
1,P_N_loading_sum,formulation_loading,0.04854821205320252,-0.006563035755469982,67,1,0
1,P_S_loading_ratio,formulation_loading,0.22557575721972775,-0.030203350877402245,28,1,0
1,P_S_loading_sum,formulation_loading,0.5702308810698903,0.05961572081031692,13,1,1
1,P_Si_loading_product,formulation_loading,0.0,0.0,262,1,0
1,P_Si_loading_ratio,formulation_loading,0.04736780366045424,-0.009045239479099914,68,1,0
1,P_Si_loading_sum,formulation_loading,0.09249232749422338,0.03336493598743497,53,1,0
1,P_content wt%,elemental_composition,0.14983722938703267,0.07353123068330913,40,1,0
1,P_content_log,elemental_composition,0.1464380053179856,0.01376440243614423,41,1,0
1,P_content_sq,elemental_composition,0.0012091517117288383,0.0012091517117288383,135,1,0
1,P_content_sqrt,elemental_composition,0.0,0.0,175,1,0
1,P_content_x_EP_matrix_Tg,formulation_interaction,0.16652218379959882,0.09344374582533616,34,1,0
1,P_loading_real,formulation_loading,0.014172636578894329,-0.003474156628880237,98,1,0
1,P_loading_real_sq,formulation_loading,0.010845065560812753,0.0007870389697038467,108,1,0
1,P_loading_real_sqrt,formulation_loading,0.007878067277164925,-0.0011508957782967227,117,1,0
1,P_loading_x_Synergy,formulation_loading,0.6125901736434186,0.2702209068570907,12,1,1
1,P_x_CuringAgent_Has_N,molecular_descriptor,0.0,0.0,427,0,0
1,P_x_CuringAgent_Has_P,molecular_descriptor,0.0,0.0,427,0,0
1,P_x_CuringAgent_Has_S,molecular_descriptor,0.10183436604747034,0.09528829807221581,52,1,0
1,P_x_curing_AromaticRings,molecular_descriptor,0.0,0.0,427,0,0
1,P_x_curing_FractionCSP3,molecular_descriptor,0.5693013593968419,-0.09222721097111287,14,1,1
1,P_x_curing_HBA,molecular_descriptor,0.0821455832715663,0.049557549500217034,58,1,0
1,P_x_curing_HBD,molecular_descriptor,0.10943898694512119,0.026980103351848406,48,1,0
1,P_x_curing_HeavyAtomCount,molecular_descriptor,0.16248280016032768,0.054582473351102744,37,1,0
1,P_x_curing_LogP,molecular_descriptor,0.9214382827840747,0.003691259747784988,7,1,1
1,P_x_curing_MolWt,molecular_descriptor,0.20229414071370336,0.008373415357329782,30,1,0
1,P_x_curing_RingCount,molecular_descriptor,0.06341243779137987,0.00624797174855808,63,1,0
1,P_x_curing_RotBonds,molecular_descriptor,0.18350895652237034,0.15391857902312447,31,1,0
1,P_x_curing_TPSA,molecular_descriptor,0.058030941673657965,0.028489897059690628,64,1,0
1,Preparation_Method_DOPO-based (Additive + Secondary Crosslinking),curing_and_preparation,0.021135951356651878,0.021135951356651878,90,1,0
1,Preparation_Method_DOPO-based (Co-curing),molecular_descriptor,0.024795325294447446,-0.0007970609707343915,85,1,0
1,Preparation_Method_DOPO-based (additive),curing_and_preparation,0.0,0.0,427,0,0
1,Preparation_Method_DOPO-based (reactive),curing_and_preparation,0.0,0.0,427,0,0
1,S/P ratio,elemental_composition,0.14513728494891745,-0.08855356068124016,42,1,0
1,S/P_ratio_sq,elemental_composition,0.034714653491973856,-0.02390886674324673,76,1,0
1,S/P_ratio_sqrt,elemental_composition,0.0,0.0,141,1,0
1,S_content wt%,elemental_composition,0.05231358713185828,-0.019793538249666908,66,1,0
1,S_content_wt%_sqrt,elemental_composition,0.0,0.0,176,1,0
1,S_loading_real,formulation_loading,0.08213858101516962,-0.032821908170978256,59,1,0
1,S_loading_real_sqrt,formulation_loading,0.0012126307313640912,-0.0012126307313640912,134,1,0
1,Si/P ratio,elemental_composition,0.0,0.0,427,0,0
1,Si/P_ratio_sqrt,elemental_composition,0.0,0.0,427,0,0
1,Si_content wt%,elemental_composition,0.03849606309500005,-0.01706958756471675,73,1,0
1,Si_content_wt%_sq,elemental_composition,0.0,0.0,177,1,0
1,Si_content_wt%_sqrt,elemental_composition,0.0,0.0,180,1,0
1,Si_loading_real,formulation_loading,0.00822242869115952,-0.003601294028986659,115,1,0
1,Si_loading_real_sq,formulation_loading,0.0,0.0,263,1,0
1,Si_loading_real_sqrt,formulation_loading,0.0,0.0,261,1,0
1,Synergy_type_P-N,other,0.0,0.0,427,0,0
1,Synergy_type_P-N-B,other,0.0,0.0,427,0,0
1,Synergy_type_P-N-C,other,0.0,0.0,427,0,0
1,Synergy_type_P-N-S,other,0.0,0.0,200,1,0
1,Synergy_type_P-Si,other,0.010970874928817565,0.010970874928817565,107,1,0
1,Synergy_type_P-only,other,0.00011854206315345235,-0.00011854206315345235,140,1,0
1,Synergy_x_EP_matrix_Tg,formulation_interaction,0.23316284177359192,0.05984727467979407,25,1,0
1,co_BalabanJ,other,0.0,0.0,427,0,0
1,co_BertzCT,other,0.0,0.0,427,0,0
1,co_ExactMolWt,molecular_descriptor,0.0,0.0,427,0,0
1,co_HBA,other,0.0,0.0,427,0,0
1,co_HeavyAtomCount,other,0.0,0.0,427,0,0
1,co_Kappa1,other,0.0,0.0,427,0,0
1,co_Kappa2,other,0.0,0.0,427,0,0
1,co_Kappa3,other,0.0,0.0,427,0,0
1,co_LabuteASA,other,0.0,0.0,427,0,0
1,co_LogP,molecular_descriptor,0.0,0.0,427,0,0
1,co_MolMR,other,0.0,0.0,427,0,0
1,co_MolWt,molecular_descriptor,0.0,0.0,427,0,0
1,co_NumHeteroAtoms,molecular_descriptor,0.0,0.0,427,0,0
1,co_NumValenceElectrons,other,0.0,0.0,427,0,0
1,co_RingCount,molecular_descriptor,0.0,0.0,427,0,0
1,co_RotBonds,other,0.0,0.0,427,0,0
1,co_TPSA,molecular_descriptor,0.0,0.0,427,0,0
1,curing_AliphaticRings,molecular_descriptor,0.0,0.0,192,1,0
1,curing_AromaticRings,molecular_descriptor,0.0,0.0,197,1,0
1,curing_BalabanJ,molecular_descriptor,0.0,0.0,427,0,0
1,curing_BertzCT,molecular_descriptor,0.0,0.0,201,1,0
1,curing_ExactMolWt,molecular_descriptor,1.080639588170258,-0.45780249786194555,5,1,1
1,curing_FractionCSP3,molecular_descriptor,0.0,0.0,195,1,0
1,curing_HBA,molecular_descriptor,0.0,0.0,265,1,0
1,curing_HBD,molecular_descriptor,0.26924314023099,-0.06069985474356347,22,1,0
1,curing_HeavyAtomCount,molecular_descriptor,0.0,0.0,196,1,0
1,curing_Kappa1,molecular_descriptor,0.0,0.0,189,1,0
1,curing_Kappa2,molecular_descriptor,0.0,0.0,427,0,0
1,curing_Kappa3,molecular_descriptor,0.09020891150459648,-0.09020891150459648,54,1,0
1,curing_LabuteASA,molecular_descriptor,0.26953475923173964,0.26953475923173964,21,1,0
1,curing_LogP,molecular_descriptor,0.0,0.0,427,0,0
1,curing_MolMR,molecular_descriptor,1.3004705103326382,0.2491036015536843,4,1,1
1,curing_MolWt,molecular_descriptor,0.07477236575809203,0.06855633492064145,60,1,0
1,curing_NHOHCount,molecular_descriptor,0.10295839824610281,0.011584316452758172,51,1,0
1,curing_NOCount,molecular_descriptor,0.0,0.0,202,1,0
1,curing_NumHeteroAtoms,molecular_descriptor,0.31833811620463776,0.13230552174441976,19,1,1
1,curing_NumValenceElectrons,molecular_descriptor,0.0,0.0,194,1,0
1,curing_RingCount,molecular_descriptor,0.0,0.0,198,1,0
1,curing_RotBonds,molecular_descriptor,0.00483343730059763,-0.004717318685725334,125,1,0
1,curing_SaturatedRings,molecular_descriptor,0.0,0.0,193,1,0
1,curing_TPSA,molecular_descriptor,0.25370145955304085,-0.19889833824424477,24,1,0
1,curing_morgan_r3_100,molecular_fingerprint,0.0,0.0,267,1,0
1,curing_morgan_r3_138,molecular_fingerprint,0.020940299911631467,0.006022950005200176,91,1,0
1,curing_morgan_r3_144,molecular_fingerprint,0.01428512865987916,0.0053438448419587435,97,1,0
1,curing_morgan_r3_147,molecular_fingerprint,0.0,0.0,268,1,0
1,curing_morgan_r3_214,molecular_fingerprint,0.0,0.0,269,1,0
1,curing_morgan_r3_231,molecular_fingerprint,0.00040294504620962655,0.00040294504620962655,137,1,0
1,curing_morgan_r3_28,molecular_fingerprint,0.0,0.0,188,1,0
1,curing_morgan_r3_295,molecular_fingerprint,0.5006046224364805,0.5006046224364805,15,1,1
1,curing_morgan_r3_336,molecular_fingerprint,0.0,0.0,427,0,0
1,curing_morgan_r3_337,molecular_fingerprint,0.09016646363837122,0.06582116475548704,55,1,0
1,curing_morgan_r3_39,molecular_fingerprint,0.04417516190144746,-0.029230716245041966,69,1,0
1,curing_morgan_r3_477,molecular_fingerprint,0.0,0.0,270,1,0
1,curing_morgan_r3_66,molecular_fingerprint,0.0,0.0,266,1,0
1,curing_morgan_r3_80,molecular_fingerprint,0.2276037688582437,-0.13506943479820613,26,1,0
1,main_AromaticCarbocycles,other,0.032500824889996,-0.0021233710025747635,77,1,0
1,main_AromaticHeterocycles,other,0.0,0.0,427,0,0
1,main_AromaticRings,molecular_descriptor,0.0,0.0,179,1,0
1,main_BalabanJ,other,0.8702570082284773,0.46179759247319035,8,1,1
1,main_BertzCT,other,0.31341374868022587,0.024010829667418476,20,1,1
1,main_ExactMolWt,molecular_descriptor,0.0,0.0,427,0,0
1,main_FractionCSP3,molecular_descriptor,0.7561454636520815,-0.03645518685535844,9,1,1
1,main_HBA,other,0.0,0.0,427,0,0
1,main_HeavyAtomCount,other,0.0,0.0,427,0,0
1,main_Kappa1,other,0.0,0.0,427,0,0
1,main_Kappa2,other,0.0,0.0,427,0,0
1,main_Kappa3,other,0.0,0.0,427,0,0
1,main_LabuteASA,other,0.0,0.0,427,0,0
1,main_LogP,molecular_descriptor,0.18095352596551584,-0.03774355539793355,32,1,0
1,main_MolMR,other,0.0,0.0,427,0,0
1,main_MolWt,molecular_descriptor,0.0,0.0,427,0,0
1,main_NHOHCount,other,0.0,0.0,427,0,0
1,main_NumAmideBonds,other,0.0,0.0,427,0,0
1,main_NumValenceElectrons,other,0.0,0.0,427,0,0
1,main_RingCount,molecular_descriptor,0.3281336075900537,-0.03974779706603537,18,1,1
1,main_co_similarity,other,0.0,0.0,427,0,0
1,main_co_similarity_sq,other,0.0,0.0,427,0,0
1,main_morgan_r3_0,molecular_fingerprint,0.0,0.0,178,1,0
1,main_morgan_r3_1,molecular_fingerprint,0.02232821283861994,-0.0031777762518160886,89,1,0
1,main_morgan_r3_10,molecular_fingerprint,0.0,0.0,181,1,0
1,main_morgan_r3_100,molecular_fingerprint,0.0,0.0,427,0,0
1,main_morgan_r3_101,molecular_fingerprint,0.00025248942172361745,-0.00025248942172361745,138,1,0
1,main_morgan_r3_102,molecular_fingerprint,0.0,0.0,427,0,0
1,main_morgan_r3_103,molecular_fingerprint,0.0,0.0,151,1,0
1,main_morgan_r3_106,molecular_fingerprint,0.0,0.0,427,0,0
1,main_morgan_r3_111,molecular_fingerprint,0.0,0.0,155,1,0
1,main_morgan_r3_116,molecular_fingerprint,0.0,0.0,154,1,0
1,main_morgan_r3_117,molecular_fingerprint,0.008504297848170006,-0.0010542517993599179,114,1,0
1,main_morgan_r3_118,molecular_fingerprint,0.023713547766415606,0.004554568697801894,88,1,0
1,main_morgan_r3_119,molecular_fingerprint,0.0,0.0,153,1,0
1,main_morgan_r3_12,molecular_fingerprint,0.0,0.0,427,0,0
1,main_morgan_r3_120,molecular_fingerprint,0.0,0.0,427,0,0
1,main_morgan_r3_124,molecular_fingerprint,0.0,0.0,427,0,0
1,main_morgan_r3_125,molecular_fingerprint,0.0,0.0,427,0,0
1,main_morgan_r3_126,molecular_fingerprint,0.0,0.0,152,1,0
1,main_morgan_r3_128,molecular_fingerprint,0.0,0.0,150,1,0
1,main_morgan_r3_13,molecular_fingerprint,0.0,0.0,182,1,0
1,main_morgan_r3_130,molecular_fingerprint,0.0,0.0,149,1,0
1,main_morgan_r3_131,molecular_fingerprint,0.17226198509671822,-0.04581166250087943,33,1,0
1,main_morgan_r3_132,molecular_fingerprint,0.0,0.0,427,0,0
1,main_morgan_r3_137,molecular_fingerprint,0.0,0.0,147,1,0
1,main_morgan_r3_139,molecular_fingerprint,0.0,0.0,148,1,0
1,main_morgan_r3_14,molecular_fingerprint,0.04250032529364236,0.014313068672652472,71,1,0
1,main_morgan_r3_140,molecular_fingerprint,0.0,0.0,427,0,0
1,main_morgan_r3_145,molecular_fingerprint,0.0,0.0,427,0,0
1,main_morgan_r3_146,molecular_fingerprint,0.0,0.0,427,0,0
1,main_morgan_r3_147,molecular_fingerprint,0.0,0.0,146,1,0
1,main_morgan_r3_15,molecular_fingerprint,0.0,0.0,183,1,0
1,main_morgan_r3_151,molecular_fingerprint,0.0,0.0,145,1,0
1,main_morgan_r3_152,molecular_fingerprint,0.0,0.0,144,1,0
1,main_morgan_r3_16,molecular_fingerprint,0.0,0.0,427,0,0
1,main_morgan_r3_161,molecular_fingerprint,0.0,0.0,143,1,0
1,main_morgan_r3_162,molecular_fingerprint,0.009881536610838442,0.0033927219526635266,113,1,0
1,main_morgan_r3_163,molecular_fingerprint,0.0,0.0,427,0,0
1,main_morgan_r3_164,molecular_fingerprint,0.0,0.0,427,0,0
1,main_morgan_r3_165,molecular_fingerprint,0.0,0.0,229,1,0
1,main_morgan_r3_166,molecular_fingerprint,0.0,0.0,205,1,0
1,main_morgan_r3_167,molecular_fingerprint,0.0,0.0,427,0,0
1,main_morgan_r3_168,molecular_fingerprint,0.03021040568128228,-0.01567455950503548,79,1,0
1,main_morgan_r3_173,molecular_fingerprint,0.0,0.0,206,1,0
1,main_morgan_r3_174,molecular_fingerprint,0.012361501906481063,0.006558509634600742,103,1,0
1,main_morgan_r3_176,molecular_fingerprint,0.0033801190037694236,0.002396811648375458,130,1,0
1,main_morgan_r3_177,molecular_fingerprint,0.0,0.0,427,0,0
1,main_morgan_r3_178,molecular_fingerprint,0.0,0.0,427,0,0
1,main_morgan_r3_179,molecular_fingerprint,0.0,0.0,427,0,0
1,main_morgan_r3_18,molecular_fingerprint,0.0,0.0,166,1,0
1,main_morgan_r3_180,molecular_fingerprint,0.0,0.0,427,0,0
1,main_morgan_r3_181,molecular_fingerprint,0.029346565407597384,-0.01633220301113195,81,1,0
1,main_morgan_r3_183,molecular_fingerprint,0.02934554500091406,0.008613089577605332,82,1,0
1,main_morgan_r3_185,molecular_fingerprint,0.0011904891983916355,0.0011904891983916355,136,1,0
1,main_morgan_r3_186,molecular_fingerprint,0.0,0.0,427,0,0
1,main_morgan_r3_189,molecular_fingerprint,0.0,0.0,427,0,0
1,main_morgan_r3_19,molecular_fingerprint,0.0,0.0,427,0,0
1,main_morgan_r3_190,molecular_fingerprint,0.0,0.0,227,1,0
1,main_morgan_r3_191,molecular_fingerprint,0.0,0.0,228,1,0
1,main_morgan_r3_192,molecular_fingerprint,0.0,0.0,427,0,0
1,main_morgan_r3_193,molecular_fingerprint,0.0,0.0,427,0,0
1,main_morgan_r3_196,molecular_fingerprint,0.0,0.0,226,1,0
1,main_morgan_r3_197,molecular_fingerprint,0.0,0.0,225,1,0
1,main_morgan_r3_198,molecular_fingerprint,0.0,0.0,224,1,0
1,main_morgan_r3_199,molecular_fingerprint,0.0,0.0,427,0,0
1,main_morgan_r3_2,molecular_fingerprint,0.0,0.0,427,0,0
1,main_morgan_r3_20,molecular_fingerprint,0.0,0.0,184,1,0
1,main_morgan_r3_201,molecular_fingerprint,0.024699699613783113,-0.019494391017489964,86,1,0
1,main_morgan_r3_203,molecular_fingerprint,0.0,0.0,223,1,0
1,main_morgan_r3_204,molecular_fingerprint,0.004575439401798783,0.0023287550318572266,126,1,0
1,main_morgan_r3_205,molecular_fingerprint,0.0,0.0,427,0,0
1,main_morgan_r3_206,molecular_fingerprint,0.002550255610711043,0.0017377847971187703,132,1,0
1,main_morgan_r3_208,molecular_fingerprint,0.2558182173325785,-0.2558182173325785,23,1,0
1,main_morgan_r3_209,molecular_fingerprint,0.010157073910037675,0.010157073910037675,110,1,0
1,main_morgan_r3_21,molecular_fingerprint,0.0,0.0,186,1,0
1,main_morgan_r3_210,molecular_fingerprint,0.0,0.0,230,1,0
1,main_morgan_r3_211,molecular_fingerprint,0.0,0.0,427,0,0
1,main_morgan_r3_213,molecular_fingerprint,0.0,0.0,427,0,0
1,main_morgan_r3_216,molecular_fingerprint,0.0,0.0,232,1,0
1,main_morgan_r3_218,molecular_fingerprint,0.0,0.0,427,0,0
1,main_morgan_r3_22,molecular_fingerprint,0.0,0.0,185,1,0
1,main_morgan_r3_221,molecular_fingerprint,0.0,0.0,427,0,0
1,main_morgan_r3_226,molecular_fingerprint,0.03144362453164325,0.03144362453164325,78,1,0
1,main_morgan_r3_227,molecular_fingerprint,0.0,0.0,231,1,0
1,main_morgan_r3_229,molecular_fingerprint,0.0,0.0,427,0,0
1,main_morgan_r3_23,molecular_fingerprint,0.0,0.0,427,0,0
1,main_morgan_r3_231,molecular_fingerprint,0.0,0.0,427,0,0
1,main_morgan_r3_233,molecular_fingerprint,0.04324680502629942,0.004482453010148472,70,1,0
1,main_morgan_r3_236,molecular_fingerprint,0.0,0.0,233,1,0
1,main_morgan_r3_238,molecular_fingerprint,0.0,0.0,427,0,0
1,main_morgan_r3_24,molecular_fingerprint,0.0,0.0,427,0,0
1,main_morgan_r3_241,molecular_fingerprint,0.0,0.0,427,0,0
1,main_morgan_r3_242,molecular_fingerprint,0.0,0.0,427,0,0
1,main_morgan_r3_243,molecular_fingerprint,0.0,0.0,427,0,0
1,main_morgan_r3_244,molecular_fingerprint,0.0,0.0,234,1,0
1,main_morgan_r3_246,molecular_fingerprint,0.0,0.0,236,1,0
1,main_morgan_r3_248,molecular_fingerprint,0.0,0.0,427,0,0
1,main_morgan_r3_25,molecular_fingerprint,0.0,0.0,427,0,0
1,main_morgan_r3_250,molecular_fingerprint,0.0,0.0,427,0,0
1,main_morgan_r3_251,molecular_fingerprint,0.0,0.0,427,0,0
1,main_morgan_r3_257,molecular_fingerprint,0.0,0.0,235,1,0
1,main_morgan_r3_259,molecular_fingerprint,0.0,0.0,427,0,0
1,main_morgan_r3_26,molecular_fingerprint,0.0,0.0,168,1,0
1,main_morgan_r3_261,molecular_fingerprint,0.007446172424695556,-0.003908868958759639,118,1,0
1,main_morgan_r3_265,molecular_fingerprint,0.0060272341014610395,-0.0060272341014610395,122,1,0
1,main_morgan_r3_266,molecular_fingerprint,0.0,0.0,204,1,0
1,main_morgan_r3_268,molecular_fingerprint,0.0,0.0,427,0,0
1,main_morgan_r3_27,molecular_fingerprint,0.01854576118626736,-0.01854576118626736,93,1,0
1,main_morgan_r3_271,molecular_fingerprint,0.0,0.0,427,0,0
1,main_morgan_r3_277,molecular_fingerprint,0.0,0.0,427,0,0
1,main_morgan_r3_28,molecular_fingerprint,0.0,0.0,167,1,0
1,main_morgan_r3_281,molecular_fingerprint,0.0,0.0,203,1,0
1,main_morgan_r3_285,molecular_fingerprint,0.0,0.0,427,0,0
1,main_morgan_r3_286,molecular_fingerprint,0.013665904932034524,-0.002843224232912893,100,1,0
1,main_morgan_r3_287,molecular_fingerprint,0.004557329220697283,-0.0005332304464860094,127,1,0
1,main_morgan_r3_288,molecular_fingerprint,0.0,0.0,427,0,0
1,main_morgan_r3_289,molecular_fingerprint,0.12319989061215889,-0.015085711355269371,45,1,0
1,main_morgan_r3_29,molecular_fingerprint,0.0,0.0,170,1,0
1,main_morgan_r3_290,molecular_fingerprint,0.0172550419014361,-0.0040156525414850935,95,1,0
1,main_morgan_r3_292,molecular_fingerprint,0.017584104272536934,-0.01060546650913441,94,1,0
1,main_morgan_r3_293,molecular_fingerprint,0.010620049308571545,-0.00975750719921456,109,1,0
1,main_morgan_r3_295,molecular_fingerprint,0.12481029628776012,0.03605407723743055,44,1,0
1,main_morgan_r3_30,molecular_fingerprint,0.0,0.0,427,0,0
1,main_morgan_r3_300,molecular_fingerprint,0.0,0.0,214,1,0
1,main_morgan_r3_301,molecular_fingerprint,0.0,0.0,215,1,0
1,main_morgan_r3_303,molecular_fingerprint,0.0,0.0,216,1,0
1,main_morgan_r3_304,molecular_fingerprint,0.0,0.0,427,0,0
1,main_morgan_r3_305,molecular_fingerprint,0.0,0.0,217,1,0
1,main_morgan_r3_306,molecular_fingerprint,0.0,0.0,427,0,0
1,main_morgan_r3_307,molecular_fingerprint,0.0,0.0,427,0,0
1,main_morgan_r3_308,molecular_fingerprint,0.0,0.0,218,1,0
1,main_morgan_r3_31,molecular_fingerprint,0.0,0.0,169,1,0
1,main_morgan_r3_314,molecular_fingerprint,0.0,0.0,427,0,0
1,main_morgan_r3_315,molecular_fingerprint,0.0,0.0,427,0,0
1,main_morgan_r3_317,molecular_fingerprint,0.0,0.0,219,1,0
1,main_morgan_r3_318,molecular_fingerprint,0.0,0.0,220,1,0
1,main_morgan_r3_319,molecular_fingerprint,0.0,0.0,427,0,0
1,main_morgan_r3_32,molecular_fingerprint,0.0015362145508536033,0.0009217287387905848,133,1,0
1,main_morgan_r3_322,molecular_fingerprint,0.0,0.0,221,1,0
1,main_morgan_r3_324,molecular_fingerprint,0.0,0.0,222,1,0
1,main_morgan_r3_326,molecular_fingerprint,0.16540302092002496,-0.07280074850552615,35,1,0
1,main_morgan_r3_328,molecular_fingerprint,0.0,0.0,427,0,0
1,main_morgan_r3_329,molecular_fingerprint,0.0,0.0,212,1,0
1,main_morgan_r3_33,molecular_fingerprint,0.0,0.0,427,0,0
1,main_morgan_r3_330,molecular_fingerprint,0.009974610264309576,-0.009974610264309576,111,1,0
1,main_morgan_r3_331,molecular_fingerprint,0.011109885929359329,-0.010048113208678032,106,1,0
1,main_morgan_r3_333,molecular_fingerprint,0.0,0.0,427,0,0
1,main_morgan_r3_335,molecular_fingerprint,0.0,0.0,427,0,0
1,main_morgan_r3_336,molecular_fingerprint,0.0,0.0,427,0,0
1,main_morgan_r3_338,molecular_fingerprint,0.006079432368278505,-0.0012866523530748152,121,1,0
1,main_morgan_r3_34,molecular_fingerprint,0.0,0.0,171,1,0
1,main_morgan_r3_340,molecular_fingerprint,0.0,0.0,427,0,0
1,main_morgan_r3_341,molecular_fingerprint,0.0,0.0,427,0,0
1,main_morgan_r3_344,molecular_fingerprint,0.0,0.0,211,1,0
1,main_morgan_r3_346,molecular_fingerprint,0.011744114657243076,0.004843617909484441,105,1,0
1,main_morgan_r3_351,molecular_fingerprint,0.0,0.0,213,1,0
1,main_morgan_r3_354,molecular_fingerprint,0.10538328269289608,-0.10538328269289608,50,1,0
1,main_morgan_r3_357,molecular_fingerprint,0.0,0.0,208,1,0
1,main_morgan_r3_358,molecular_fingerprint,0.0,0.0,427,0,0
1,main_morgan_r3_36,molecular_fingerprint,0.0,0.0,427,0,0
1,main_morgan_r3_360,molecular_fingerprint,0.0,0.0,209,1,0
1,main_morgan_r3_361,molecular_fingerprint,0.0,0.0,210,1,0
1,main_morgan_r3_363,molecular_fingerprint,0.038901238831070564,0.030036793242001713,72,1,0
1,main_morgan_r3_365,molecular_fingerprint,0.0,0.0,427,0,0
1,main_morgan_r3_366,molecular_fingerprint,0.0,0.0,427,0,0
1,main_morgan_r3_367,molecular_fingerprint,0.0,0.0,207,1,0
1,main_morgan_r3_370,molecular_fingerprint,0.0,0.0,427,0,0
1,main_morgan_r3_371,molecular_fingerprint,0.004205310980065002,0.0014993721308807551,128,1,0
1,main_morgan_r3_374,molecular_fingerprint,0.008081551591037881,-0.002303743912424481,116,1,0
1,main_morgan_r3_375,molecular_fingerprint,0.0,0.0,427,0,0
1,main_morgan_r3_379,molecular_fingerprint,0.11310010036660567,-0.03959926889174515,46,1,0
1,main_morgan_r3_381,molecular_fingerprint,0.0,0.0,255,1,0
1,main_morgan_r3_384,molecular_fingerprint,0.0,0.0,427,0,0
1,main_morgan_r3_385,molecular_fingerprint,0.0,0.0,249,1,0
1,main_morgan_r3_386,molecular_fingerprint,0.40596622444779823,-0.20122623603622847,16,1,1
1,main_morgan_r3_387,molecular_fingerprint,0.00990628213311235,0.0073597112980981665,112,1,0
1,main_morgan_r3_389,molecular_fingerprint,0.1649090352734654,-0.06003738392170312,36,1,0
1,main_morgan_r3_390,molecular_fingerprint,0.005855510000449914,0.005855510000449914,123,1,0
1,main_morgan_r3_393,molecular_fingerprint,0.0,0.0,238,1,0
1,main_morgan_r3_398,molecular_fingerprint,0.0,0.0,427,0,0
1,main_morgan_r3_399,molecular_fingerprint,0.003977418150752784,-0.003977418150752784,129,1,0
1,main_morgan_r3_4,molecular_fingerprint,0.0,0.0,187,1,0
1,main_morgan_r3_40,molecular_fingerprint,0.0,0.0,172,1,0
1,main_morgan_r3_400,molecular_fingerprint,0.0,0.0,427,0,0
1,main_morgan_r3_401,molecular_fingerprint,0.13899357113831992,-0.004717267596473297,43,1,0
1,main_morgan_r3_405,molecular_fingerprint,0.0,0.0,237,1,0
1,main_morgan_r3_406,molecular_fingerprint,0.0,0.0,427,0,0
1,main_morgan_r3_409,molecular_fingerprint,0.0,0.0,427,0,0
1,main_morgan_r3_41,molecular_fingerprint,0.005243447139445279,-0.003026179929988252,124,1,0
1,main_morgan_r3_412,molecular_fingerprint,0.0,0.0,250,1,0
1,main_morgan_r3_413,molecular_fingerprint,0.0,0.0,427,0,0
1,main_morgan_r3_415,molecular_fingerprint,0.1519847702022849,0.013534349150334793,38,1,0
1,main_morgan_r3_418,molecular_fingerprint,0.0,0.0,427,0,0
1,main_morgan_r3_419,molecular_fingerprint,0.0,0.0,252,1,0
1,main_morgan_r3_42,molecular_fingerprint,0.0,0.0,427,0,0
1,main_morgan_r3_420,molecular_fingerprint,0.0,0.0,427,0,0
1,main_morgan_r3_421,molecular_fingerprint,0.0,0.0,427,0,0
1,main_morgan_r3_423,molecular_fingerprint,0.0,0.0,251,1,0
1,main_morgan_r3_425,molecular_fingerprint,0.027490408681333036,0.000744412777324521,83,1,0
1,main_morgan_r3_426,molecular_fingerprint,0.0,0.0,427,0,0
1,main_morgan_r3_428,molecular_fingerprint,0.011934487369791087,5.894206748861449e-05,104,1,0
1,main_morgan_r3_43,molecular_fingerprint,0.0,0.0,427,0,0
1,main_morgan_r3_430,molecular_fingerprint,0.0,0.0,253,1,0
1,main_morgan_r3_432,molecular_fingerprint,0.0,0.0,254,1,0
1,main_morgan_r3_433,molecular_fingerprint,0.015746805006638154,0.0076141288679921005,96,1,0
1,main_morgan_r3_434,molecular_fingerprint,0.0,0.0,427,0,0
1,main_morgan_r3_438,molecular_fingerprint,0.0,0.0,247,1,0
1,main_morgan_r3_44,molecular_fingerprint,0.0,0.0,173,1,0
1,main_morgan_r3_441,molecular_fingerprint,0.0,0.0,427,0,0
1,main_morgan_r3_442,molecular_fingerprint,0.0,0.0,427,0,0
1,main_morgan_r3_448,molecular_fingerprint,0.0,0.0,248,1,0
1,main_morgan_r3_449,molecular_fingerprint,0.019287565267748306,-0.019287565267748306,92,1,0
1,main_morgan_r3_452,molecular_fingerprint,0.0,0.0,242,1,0
1,main_morgan_r3_453,molecular_fingerprint,0.0,0.0,427,0,0
1,main_morgan_r3_456,molecular_fingerprint,0.0,0.0,243,1,0
1,main_morgan_r3_460,molecular_fingerprint,0.0,0.0,244,1,0
1,main_morgan_r3_463,molecular_fingerprint,0.0,0.0,245,1,0
1,main_morgan_r3_464,molecular_fingerprint,0.0,0.0,246,1,0
1,main_morgan_r3_469,molecular_fingerprint,0.0,0.0,427,0,0
1,main_morgan_r3_473,molecular_fingerprint,0.0,0.0,427,0,0
1,main_morgan_r3_474,molecular_fingerprint,0.0,0.0,240,1,0
1,main_morgan_r3_476,molecular_fingerprint,0.0,0.0,427,0,0
1,main_morgan_r3_479,molecular_fingerprint,0.0,0.0,239,1,0
1,main_morgan_r3_48,molecular_fingerprint,0.0,0.0,427,0,0
1,main_morgan_r3_480,molecular_fingerprint,0.0,0.0,241,1,0
1,main_morgan_r3_481,molecular_fingerprint,0.0,0.0,427,0,0
1,main_morgan_r3_485,molecular_fingerprint,0.0,0.0,260,1,0
1,main_morgan_r3_486,molecular_fingerprint,0.0,0.0,427,0,0
1,main_morgan_r3_488,molecular_fingerprint,0.0,0.0,258,1,0
1,main_morgan_r3_492,molecular_fingerprint,0.0,0.0,257,1,0
1,main_morgan_r3_493,molecular_fingerprint,0.00641164487020837,-0.001850340469843811,119,1,0
1,main_morgan_r3_494,molecular_fingerprint,0.0,0.0,264,1,0
1,main_morgan_r3_495,molecular_fingerprint,0.0,0.0,256,1,0
1,main_morgan_r3_496,molecular_fingerprint,0.0,0.0,427,0,0
1,main_morgan_r3_50,molecular_fingerprint,0.0,0.0,174,1,0
1,main_morgan_r3_500,molecular_fingerprint,0.0,0.0,427,0,0
1,main_morgan_r3_501,molecular_fingerprint,0.06992173051328994,-0.004969315918440571,62,1,0
1,main_morgan_r3_502,molecular_fingerprint,0.006248938623401854,0.0023602647085984546,120,1,0
1,main_morgan_r3_507,molecular_fingerprint,0.10749256507778121,-0.027537813702753437,49,1,0
1,main_morgan_r3_51,molecular_fingerprint,0.0,0.0,427,0,0
1,main_morgan_r3_54,molecular_fingerprint,0.0,0.0,427,0,0
1,main_morgan_r3_55,molecular_fingerprint,0.05727338791488565,0.002210070782392804,65,1,0
1,main_morgan_r3_56,molecular_fingerprint,0.0,0.0,427,0,0
1,main_morgan_r3_58,molecular_fingerprint,0.0,0.0,160,1,0
1,main_morgan_r3_59,molecular_fingerprint,0.0,0.0,159,1,0
1,main_morgan_r3_60,molecular_fingerprint,0.03709797252745677,-0.005641951157918401,75,1,0
1,main_morgan_r3_61,molecular_fingerprint,0.0,0.0,163,1,0
1,main_morgan_r3_63,molecular_fingerprint,0.0,0.0,427,0,0
1,main_morgan_r3_66,molecular_fingerprint,0.0,0.0,427,0,0
1,main_morgan_r3_67,molecular_fingerprint,0.0,0.0,427,0,0
1,main_morgan_r3_69,molecular_fingerprint,0.0,0.0,427,0,0
1,main_morgan_r3_70,molecular_fingerprint,0.0,0.0,164,1,0
1,main_morgan_r3_73,molecular_fingerprint,0.6435329859945664,-0.40072015488895374,11,1,1
1,main_morgan_r3_74,molecular_fingerprint,0.0,0.0,427,0,0
1,main_morgan_r3_75,molecular_fingerprint,0.0,0.0,427,0,0
1,main_morgan_r3_79,molecular_fingerprint,0.0,0.0,427,0,0
1,main_morgan_r3_80,molecular_fingerprint,0.0,0.0,161,1,0
1,main_morgan_r3_81,molecular_fingerprint,0.0,0.0,165,1,0
1,main_morgan_r3_82,molecular_fingerprint,0.0,0.0,427,0,0
1,main_morgan_r3_83,molecular_fingerprint,0.0,0.0,162,1,0
1,main_morgan_r3_84,molecular_fingerprint,0.0,0.0,156,1,0
1,main_morgan_r3_85,molecular_fingerprint,0.2270210199482326,-0.2270210199482326,27,1,0
1,main_morgan_r3_88,molecular_fingerprint,0.0,0.0,427,0,0
1,main_morgan_r3_89,molecular_fingerprint,0.0,0.0,427,0,0
1,main_morgan_r3_90,molecular_fingerprint,0.012992683368890246,0.004451923087601447,101,1,0
1,main_morgan_r3_92,molecular_fingerprint,0.11242301331108642,-0.11242301331108642,47,1,0
1,main_morgan_r3_94,molecular_fingerprint,0.0026989783595005677,0.002229590817458102,131,1,0
1,main_morgan_r3_95,molecular_fingerprint,0.0,0.0,157,1,0
1,main_morgan_r3_98,molecular_fingerprint,0.0,0.0,158,1,0
2,Co_FR_fraction,formulation_loading,0.0,0.0,427,0,0
2,Co_FR_present,other,0.0,0.0,427,0,0
2,Cure_Temp_Max,curing_and_preparation,3.4069034619400753,0.3483997319288512,2,1,1
2,CuringAgent_Has_N,molecular_descriptor,0.0649722064886656,-0.025975661442304655,59,1,0
2,CuringAgent_Has_P,molecular_descriptor,0.0,0.0,186,1,0
2,CuringAgent_Has_S,molecular_descriptor,2.558290068882568,-0.8514711233401776,3,1,1
2,EP_matrix_Tg,ep_baseline,4.538048289765785,-2.6563829975745943,1,1,1
2,EP_matrix_Tg_sq,ep_baseline,1.4148301376430836,-0.6994451903818277,4,1,1
2,EP_matrix_Tg_sqrt,ep_baseline,0.709593019319905,-0.3346602618404561,12,1,1
2,Has_N,elemental_composition,0.0,0.0,187,1,0
2,Has_P,elemental_composition,0.0,0.0,188,1,0
2,Has_S,elemental_composition,0.0,0.0,189,1,0
2,Has_Si,elemental_composition,0.056626130350761916,0.04026102986600662,65,1,0
2,Loading_total_FR wt%,formulation_loading,0.23441125511819141,-0.11151555885502601,28,1,0
2,Loading_total_FR_sq,formulation_loading,0.04494694254878494,-0.02842414761169088,72,1,0
2,Loading_total_FR_sqrt,formulation_loading,0.008060554518985253,-0.007915895068500607,111,1,0
2,Loading_x_Synergy,formulation_loading,0.12522371223299858,-0.025451222557264057,37,1,0
2,Main_FR_fraction,formulation_loading,0.007961210347712033,0.002422977052628994,112,1,0
2,N/P ratio,elemental_composition,0.09332564466037892,-0.006835054486420835,50,1,0
2,N/P_ratio_sq,elemental_composition,0.0,0.0,178,1,0
2,N/P_ratio_sqrt,elemental_composition,0.0,0.0,177,1,0
2,N_content wt%,elemental_composition,0.1399167382489476,-0.005870209909044204,35,1,0
2,N_content_wt%_sq,elemental_composition,0.040656205380025,-0.0063101639489953724,74,1,0
2,N_content_wt%_sqrt,elemental_composition,0.009854986369609846,8.644724885622547e-05,105,1,0
2,P_B_loading_ratio,formulation_loading,0.09745408620064455,-0.0006605944513446739,47,1,0
2,P_B_loading_sum,formulation_loading,0.0,0.0,206,1,0
2,P_N_loading_ratio,formulation_loading,0.2992709526233374,-0.04916311029344798,20,1,1
2,P_N_loading_sum,formulation_loading,0.29606922004682307,-0.043809730467490024,21,1,0
2,P_S_loading_ratio,formulation_loading,0.15107677190732724,-0.00847989737250221,34,1,0
2,P_S_loading_sum,formulation_loading,0.7751810933643072,-0.06323542798520064,9,1,1
2,P_Si_loading_product,formulation_loading,0.0,0.0,267,1,0
2,P_Si_loading_ratio,formulation_loading,0.22985756819809072,-0.017594508221631666,29,1,0
2,P_Si_loading_sum,formulation_loading,0.10116726368096554,-0.052773716027020585,46,1,0
2,P_content wt%,elemental_composition,0.19681648952692435,0.0005930507132628303,30,1,0
2,P_content_log,elemental_composition,0.27127530275236084,-0.014992920268559824,25,1,0
2,P_content_sq,elemental_composition,0.011467057982873584,0.0007794811048855386,102,1,0
2,P_content_sqrt,elemental_composition,0.001791551858186723,0.001791551858186723,143,1,0
2,P_content_x_EP_matrix_Tg,formulation_interaction,0.11638191197817735,-0.012339032031854413,39,1,0
2,P_loading_real,formulation_loading,0.06073915832520775,0.006876699622823961,62,1,0
2,P_loading_real_sq,formulation_loading,0.011172361464964023,0.001580106636716262,103,1,0
2,P_loading_real_sqrt,formulation_loading,0.0,0.0,261,1,0
2,P_loading_x_Synergy,formulation_loading,0.17803687025378973,-0.02895815349675508,32,1,0
2,P_x_CuringAgent_Has_N,molecular_descriptor,0.0,0.0,427,0,0
2,P_x_CuringAgent_Has_P,molecular_descriptor,0.0,0.0,191,1,0
2,P_x_CuringAgent_Has_S,molecular_descriptor,0.04584888848754217,0.010811099496657131,70,1,0
2,P_x_curing_AromaticRings,molecular_descriptor,0.09404193383020658,0.02044997706698875,49,1,0
2,P_x_curing_FractionCSP3,molecular_descriptor,0.6658972187981839,-0.003844572800832474,13,1,1
2,P_x_curing_HBA,molecular_descriptor,0.06562980075625496,0.011222461013433828,57,1,0
2,P_x_curing_HBD,molecular_descriptor,0.014130895660103608,0.0015886727940394643,96,1,0
2,P_x_curing_HeavyAtomCount,molecular_descriptor,0.043580734015752874,-0.013072532647185863,73,1,0
2,P_x_curing_LogP,molecular_descriptor,0.8079233435194729,-0.044371526337021766,8,1,1
2,P_x_curing_MolWt,molecular_descriptor,0.1729587535337648,-0.04759444025655586,33,1,0
2,P_x_curing_RingCount,molecular_descriptor,0.08169431673311107,0.0018843647490979886,53,1,0
2,P_x_curing_RotBonds,molecular_descriptor,0.05451366580298378,0.014265437644595895,67,1,0
2,P_x_curing_TPSA,molecular_descriptor,0.12936531505495724,0.004885496786381628,36,1,0
2,Preparation_Method_DOPO-based (Additive + Secondary Crosslinking),curing_and_preparation,0.25131699478822866,0.11204783834879181,26,1,0
2,Preparation_Method_DOPO-based (Co-curing),molecular_descriptor,0.03275444816810906,0.010196667538257315,79,1,0
2,Preparation_Method_DOPO-based (additive),curing_and_preparation,0.08951429347740486,0.029466439109140378,52,1,0
2,Preparation_Method_DOPO-based (reactive),curing_and_preparation,0.0,0.0,427,0,0
2,S/P ratio,elemental_composition,0.009566121701565055,-0.005188012822634646,106,1,0
2,S/P_ratio_sq,elemental_composition,0.0022453901057855946,0.0018438731620295176,141,1,0
2,S/P_ratio_sqrt,elemental_composition,0.0,0.0,193,1,0
2,S_content wt%,elemental_composition,0.0,0.0,427,0,0
2,S_content_wt%_sqrt,elemental_composition,0.047866701380504896,0.010023964891572376,68,1,0
2,S_loading_real,formulation_loading,0.0,0.0,427,0,0
2,S_loading_real_sqrt,formulation_loading,0.04509371686571586,0.019093117834482753,71,1,0
2,Si/P ratio,elemental_composition,0.0,0.0,427,0,0
2,Si/P_ratio_sqrt,elemental_composition,0.0,0.0,192,1,0
2,Si_content wt%,elemental_composition,0.015155156891172129,0.00439987156436675,93,1,0
2,Si_content_wt%_sq,elemental_composition,0.0,0.0,162,1,0
2,Si_content_wt%_sqrt,elemental_composition,0.0,0.0,185,1,0
2,Si_loading_real,formulation_loading,0.0024394756803909927,-0.0011860720399353233,138,1,0
2,Si_loading_real_sq,formulation_loading,0.0,0.0,427,0,0
2,Si_loading_real_sqrt,formulation_loading,0.00011224174665080177,0.00011224174665080177,154,1,0
2,Synergy_type_P-N,other,0.0,0.0,427,0,0
2,Synergy_type_P-N-B,other,0.0,0.0,190,1,0
2,Synergy_type_P-N-C,other,0.0,0.0,427,0,0
2,Synergy_type_P-N-S,other,0.12431950969259359,0.08539088036192376,38,1,0
2,Synergy_type_P-Si,other,0.08145573554922722,0.028562431284226465,54,1,0
2,Synergy_type_P-only,other,0.001095840466829638,0.0009857979121928417,150,1,0
2,Synergy_x_EP_matrix_Tg,formulation_interaction,0.24902617818339629,-0.06198468832635425,27,1,0
2,co_BalabanJ,other,0.0,0.0,427,0,0
2,co_BertzCT,other,0.0,0.0,427,0,0
2,co_ExactMolWt,molecular_descriptor,0.0,0.0,427,0,0
2,co_HBA,other,0.0,0.0,427,0,0
2,co_HeavyAtomCount,other,0.0,0.0,427,0,0
2,co_Kappa1,other,0.0,0.0,427,0,0
2,co_Kappa2,other,0.0,0.0,427,0,0
2,co_Kappa3,other,0.0,0.0,427,0,0
2,co_LabuteASA,other,0.0,0.0,427,0,0
2,co_LogP,molecular_descriptor,0.0,0.0,427,0,0
2,co_MolMR,other,0.0,0.0,427,0,0
2,co_MolWt,molecular_descriptor,0.0,0.0,427,0,0
2,co_NumHeteroAtoms,molecular_descriptor,0.0,0.0,427,0,0
2,co_NumValenceElectrons,other,0.0,0.0,427,0,0
2,co_RingCount,molecular_descriptor,0.0,0.0,427,0,0
2,co_RotBonds,other,0.0,0.0,427,0,0
2,co_TPSA,molecular_descriptor,0.0,0.0,427,0,0
2,curing_AliphaticRings,molecular_descriptor,0.010672040407856305,0.010672040407856305,104,1,0
2,curing_AromaticRings,molecular_descriptor,0.0,0.0,175,1,0
2,curing_BalabanJ,molecular_descriptor,0.0,0.0,181,1,0
2,curing_BertzCT,molecular_descriptor,0.0,0.0,184,1,0
2,curing_ExactMolWt,molecular_descriptor,0.2893070077805573,-0.07078974427112067,22,1,0
2,curing_FractionCSP3,molecular_descriptor,0.0,0.0,183,1,0
2,curing_HBA,molecular_descriptor,0.06557954591285024,0.055975066838372084,58,1,0
2,curing_HBD,molecular_descriptor,0.2778920703671045,0.2778920703671045,24,1,0
2,curing_HeavyAtomCount,molecular_descriptor,0.11059102969658043,-0.024424761866943732,42,1,0
2,curing_Kappa1,molecular_descriptor,0.06015878058918234,-0.00559191644657403,63,1,0
2,curing_Kappa2,molecular_descriptor,0.0,0.0,427,0,0
2,curing_Kappa3,molecular_descriptor,0.11421978993496545,0.11421978993496545,40,1,0
2,curing_LabuteASA,molecular_descriptor,0.01583876540884375,-0.007030170992430715,90,1,0
2,curing_LogP,molecular_descriptor,0.0,0.0,427,0,0
2,curing_MolMR,molecular_descriptor,0.9049568145696282,-0.45931237042208933,6,1,1
2,curing_MolWt,molecular_descriptor,0.03832105194321937,-0.008571407905676296,76,1,0
2,curing_NHOHCount,molecular_descriptor,0.34391987510517036,-0.16421787719733807,18,1,1
2,curing_NOCount,molecular_descriptor,0.05582680014453619,0.01325900052544765,66,1,0
2,curing_NumHeteroAtoms,molecular_descriptor,0.0,0.0,427,0,0
2,curing_NumValenceElectrons,molecular_descriptor,0.0,0.0,180,1,0
2,curing_RingCount,molecular_descriptor,0.0,0.0,176,1,0
2,curing_RotBonds,molecular_descriptor,0.11282902798887033,0.11282902798887033,41,1,0
2,curing_SaturatedRings,molecular_descriptor,0.0,0.0,182,1,0
2,curing_TPSA,molecular_descriptor,0.7559460645029321,-0.2358334423216163,10,1,1
2,curing_morgan_r3_100,molecular_fingerprint,0.0,0.0,268,1,0
2,curing_morgan_r3_138,molecular_fingerprint,0.00917810775236123,0.0005366509687155491,108,1,0
2,curing_morgan_r3_144,molecular_fingerprint,0.002785547853757938,0.0017984086958070596,134,1,0
2,curing_morgan_r3_147,molecular_fingerprint,0.007742444881910668,-0.006862693114671861,114,1,0
2,curing_morgan_r3_214,molecular_fingerprint,0.0,0.0,269,1,0
2,curing_morgan_r3_231,molecular_fingerprint,0.0012427247232860987,0.0012427247232860987,148,1,0
2,curing_morgan_r3_28,molecular_fingerprint,0.0,0.0,179,1,0
2,curing_morgan_r3_295,molecular_fingerprint,0.3071542553701956,0.3071542553701956,19,1,1
2,curing_morgan_r3_336,molecular_fingerprint,0.0,0.0,270,1,0
2,curing_morgan_r3_337,molecular_fingerprint,0.0077358403175862255,0.004277117433957754,115,1,0
2,curing_morgan_r3_39,molecular_fingerprint,0.07658828219502332,0.012878942405805,56,1,0
2,curing_morgan_r3_477,molecular_fingerprint,0.0015296493005007503,-0.0015296493005007503,146,1,0
2,curing_morgan_r3_66,molecular_fingerprint,0.0,0.0,194,1,0
2,curing_morgan_r3_80,molecular_fingerprint,0.07849366605074869,0.014289479725476775,55,1,0
2,main_AromaticCarbocycles,other,0.0,0.0,196,1,0
2,main_AromaticHeterocycles,other,0.06001974527646479,-0.01951465323903702,64,1,0
2,main_AromaticRings,molecular_descriptor,0.06444699413065487,0.0028146727328809628,60,1,0
2,main_BalabanJ,other,0.8769824582452163,-0.11053840941076888,7,1,1
2,main_BertzCT,other,0.5383594299515244,0.03940058784779262,16,1,1
2,main_ExactMolWt,molecular_descriptor,0.0,0.0,427,0,0
2,main_FractionCSP3,molecular_descriptor,1.2536567878520057,-0.8177606447689083,5,1,1
2,main_HBA,other,0.0,0.0,427,0,0
2,main_HeavyAtomCount,other,0.0,0.0,427,0,0
2,main_Kappa1,other,0.0,0.0,427,0,0
2,main_Kappa2,other,0.0,0.0,427,0,0
2,main_Kappa3,other,0.0,0.0,427,0,0
2,main_LabuteASA,other,0.0,0.0,427,0,0
2,main_LogP,molecular_descriptor,0.10364465496968478,-0.004384484622730973,45,1,0
2,main_MolMR,other,0.0,0.0,427,0,0
2,main_MolWt,molecular_descriptor,0.0,0.0,427,0,0
2,main_NHOHCount,other,0.0,0.0,427,0,0
2,main_NumAmideBonds,other,0.0,0.0,427,0,0
2,main_NumValenceElectrons,other,0.0,0.0,427,0,0
2,main_RingCount,molecular_descriptor,0.08953571904010862,0.008445706916196893,51,1,0
2,main_co_similarity,other,0.0,0.0,427,0,0
2,main_co_similarity_sq,other,0.0,0.0,427,0,0
2,main_morgan_r3_0,molecular_fingerprint,0.01455913426871929,0.005013966359612015,95,1,0
2,main_morgan_r3_1,molecular_fingerprint,0.0,0.0,195,1,0
2,main_morgan_r3_10,molecular_fingerprint,0.0,0.0,197,1,0
2,main_morgan_r3_100,molecular_fingerprint,0.0,0.0,158,1,0
2,main_morgan_r3_101,molecular_fingerprint,0.0011195257616539787,-0.0011195257616539787,149,1,0
2,main_morgan_r3_102,molecular_fingerprint,0.0,0.0,427,0,0
2,main_morgan_r3_103,molecular_fingerprint,0.0,0.0,427,0,0
2,main_morgan_r3_106,molecular_fingerprint,0.0,0.0,427,0,0
2,main_morgan_r3_111,molecular_fingerprint,0.0,0.0,157,1,0
2,main_morgan_r3_116,molecular_fingerprint,0.0,0.0,427,0,0
2,main_morgan_r3_117,molecular_fingerprint,0.002971424457824066,0.0015489340299326521,132,1,0
2,main_morgan_r3_118,molecular_fingerprint,0.0,0.0,427,0,0
2,main_morgan_r3_119,molecular_fingerprint,0.0017569105409913595,0.0017569105409913595,144,1,0
2,main_morgan_r3_12,molecular_fingerprint,0.0,0.0,202,1,0
2,main_morgan_r3_120,molecular_fingerprint,0.0,0.0,427,0,0
2,main_morgan_r3_124,molecular_fingerprint,0.0,0.0,155,1,0
2,main_morgan_r3_125,molecular_fingerprint,0.0,0.0,427,0,0
2,main_morgan_r3_126,molecular_fingerprint,0.0,0.0,156,1,0
2,main_morgan_r3_128,molecular_fingerprint,0.024595563976715005,-0.009449358131322595,84,1,0
2,main_morgan_r3_13,molecular_fingerprint,0.0,0.0,427,0,0
2,main_morgan_r3_130,molecular_fingerprint,0.00736733425615562,0.0064149524250792156,117,1,0
2,main_morgan_r3_131,molecular_fingerprint,0.5385931660942472,-0.002244163305731482,15,1,1
2,main_morgan_r3_132,molecular_fingerprint,0.0,0.0,427,0,0
2,main_morgan_r3_137,molecular_fingerprint,0.0,0.0,427,0,0
2,main_morgan_r3_139,molecular_fingerprint,0.004765814770427016,-0.0024825411434802745,127,1,0
2,main_morgan_r3_14,molecular_fingerprint,0.02027090999297797,-0.006712059476930236,87,1,0
2,main_morgan_r3_140,molecular_fingerprint,0.0,0.0,427,0,0
2,main_morgan_r3_145,molecular_fingerprint,0.0,0.0,427,0,0
2,main_morgan_r3_146,molecular_fingerprint,0.0,0.0,427,0,0
2,main_morgan_r3_147,molecular_fingerprint,0.006870718065442307,-0.0016028550794968935,119,1,0
2,main_morgan_r3_15,molecular_fingerprint,0.0,0.0,161,1,0
2,main_morgan_r3_151,molecular_fingerprint,0.0,0.0,427,0,0
2,main_morgan_r3_152,molecular_fingerprint,0.0,0.0,228,1,0
2,main_morgan_r3_16,molecular_fingerprint,0.0,0.0,427,0,0
2,main_morgan_r3_161,molecular_fingerprint,0.0,0.0,427,0,0
2,main_morgan_r3_162,molecular_fingerprint,0.0,0.0,427,0,0
2,main_morgan_r3_163,molecular_fingerprint,0.0,0.0,427,0,0
2,main_morgan_r3_164,molecular_fingerprint,0.0,0.0,427,0,0
2,main_morgan_r3_165,molecular_fingerprint,0.0,0.0,227,1,0
2,main_morgan_r3_166,molecular_fingerprint,0.0,0.0,229,1,0
2,main_morgan_r3_167,molecular_fingerprint,0.02950238617137075,0.00035919846552941306,81,1,0
2,main_morgan_r3_168,molecular_fingerprint,0.0055810901605420635,-0.0004245929233729837,125,1,0
2,main_morgan_r3_173,molecular_fingerprint,0.0,0.0,226,1,0
2,main_morgan_r3_174,molecular_fingerprint,0.002666583680030371,0.0022221530663470435,135,1,0
2,main_morgan_r3_176,molecular_fingerprint,0.015240807040697989,0.0033066935133602916,92,1,0
2,main_morgan_r3_177,molecular_fingerprint,0.0,0.0,427,0,0
2,main_morgan_r3_178,molecular_fingerprint,0.0,0.0,239,1,0
2,main_morgan_r3_179,molecular_fingerprint,0.0,0.0,427,0,0
2,main_morgan_r3_18,molecular_fingerprint,0.03181957112625245,-0.005399339031428097,80,1,0
2,main_morgan_r3_180,molecular_fingerprint,0.0,0.0,427,0,0
2,main_morgan_r3_181,molecular_fingerprint,0.006127427696353858,-0.0042545926529500245,122,1,0
2,main_morgan_r3_183,molecular_fingerprint,0.0,0.0,427,0,0
2,main_morgan_r3_185,molecular_fingerprint,0.026101584923971036,-0.008811148362648156,83,1,0
2,main_morgan_r3_186,molecular_fingerprint,0.004903679947472279,-0.0005795085678497946,126,1,0
2,main_morgan_r3_189,molecular_fingerprint,0.0,0.0,427,0,0
2,main_morgan_r3_19,molecular_fingerprint,0.0,0.0,427,0,0
2,main_morgan_r3_190,molecular_fingerprint,0.0,0.0,225,1,0
2,main_morgan_r3_191,molecular_fingerprint,0.013479595683101158,0.0007094435497290576,97,1,0
2,main_morgan_r3_192,molecular_fingerprint,0.0,0.0,230,1,0
2,main_morgan_r3_193,molecular_fingerprint,0.0,0.0,427,0,0
2,main_morgan_r3_196,molecular_fingerprint,0.0,0.0,235,1,0
2,main_morgan_r3_197,molecular_fingerprint,0.0,0.0,233,1,0
2,main_morgan_r3_198,molecular_fingerprint,0.0,0.0,234,1,0
2,main_morgan_r3_199,molecular_fingerprint,0.0,0.0,427,0,0
2,main_morgan_r3_2,molecular_fingerprint,0.0,0.0,427,0,0
2,main_morgan_r3_20,molecular_fingerprint,0.0,0.0,200,1,0
2,main_morgan_r3_201,molecular_fingerprint,0.012714890732119486,-0.005004314923038084,100,1,0
2,main_morgan_r3_203,molecular_fingerprint,0.002266895300708712,-0.0017873597471043474,140,1,0
2,main_morgan_r3_204,molecular_fingerprint,0.0,0.0,232,1,0
2,main_morgan_r3_205,molecular_fingerprint,0.0,0.0,427,0,0
2,main_morgan_r3_206,molecular_fingerprint,0.0,0.0,231,1,0
2,main_morgan_r3_208,molecular_fingerprint,0.4848380867896291,-0.009141567356418813,17,1,1
2,main_morgan_r3_209,molecular_fingerprint,0.020500783431343726,0.0015460208394668152,86,1,0
2,main_morgan_r3_21,molecular_fingerprint,0.0,0.0,199,1,0
2,main_morgan_r3_210,molecular_fingerprint,0.0,0.0,236,1,0
2,main_morgan_r3_211,molecular_fingerprint,0.0,0.0,427,0,0
2,main_morgan_r3_213,molecular_fingerprint,0.0,0.0,427,0,0
2,main_morgan_r3_216,molecular_fingerprint,0.0,0.0,427,0,0
2,main_morgan_r3_218,molecular_fingerprint,0.278727945660034,-0.009839943416106204,23,1,0
2,main_morgan_r3_22,molecular_fingerprint,0.004016953473910687,0.003564152344026497,130,1,0
2,main_morgan_r3_221,molecular_fingerprint,0.0,0.0,427,0,0
2,main_morgan_r3_226,molecular_fingerprint,0.017205763461016533,0.017205763461016533,89,1,0
2,main_morgan_r3_227,molecular_fingerprint,0.0025200508074421026,0.0018341571625529096,136,1,0
2,main_morgan_r3_229,molecular_fingerprint,0.0,0.0,427,0,0
2,main_morgan_r3_23,molecular_fingerprint,0.0,0.0,427,0,0
2,main_morgan_r3_231,molecular_fingerprint,0.0,0.0,427,0,0
2,main_morgan_r3_233,molecular_fingerprint,0.10940008469055308,-0.018125810116891638,43,1,0
2,main_morgan_r3_236,molecular_fingerprint,0.0019647150445315587,0.0019647150445315587,142,1,0
2,main_morgan_r3_238,molecular_fingerprint,0.0,0.0,427,0,0
2,main_morgan_r3_24,molecular_fingerprint,0.0,0.0,427,0,0
2,main_morgan_r3_241,molecular_fingerprint,0.0,0.0,237,1,0
2,main_morgan_r3_242,molecular_fingerprint,0.0,0.0,427,0,0
2,main_morgan_r3_243,molecular_fingerprint,0.0,0.0,238,1,0
2,main_morgan_r3_244,molecular_fingerprint,0.0,0.0,214,1,0
2,main_morgan_r3_246,molecular_fingerprint,0.03688338633212775,-0.0055586959007713575,77,1,0
2,main_morgan_r3_248,molecular_fingerprint,0.0,0.0,427,0,0
2,main_morgan_r3_25,molecular_fingerprint,0.0,0.0,427,0,0
2,main_morgan_r3_250,molecular_fingerprint,0.0,0.0,427,0,0
2,main_morgan_r3_251,molecular_fingerprint,0.0,0.0,213,1,0
2,main_morgan_r3_257,molecular_fingerprint,0.0,0.0,224,1,0
2,main_morgan_r3_259,molecular_fingerprint,0.0,0.0,427,0,0
2,main_morgan_r3_26,molecular_fingerprint,0.0,0.0,201,1,0
2,main_morgan_r3_261,molecular_fingerprint,0.0,0.0,223,1,0
2,main_morgan_r3_265,molecular_fingerprint,0.0,0.0,216,1,0
2,main_morgan_r3_266,molecular_fingerprint,0.0089228696655482,-0.00399404642172158,109,1,0
2,main_morgan_r3_268,molecular_fingerprint,0.0,0.0,215,1,0
2,main_morgan_r3_27,molecular_fingerprint,0.0,0.0,204,1,0
2,main_morgan_r3_271,molecular_fingerprint,0.0,0.0,427,0,0
2,main_morgan_r3_277,molecular_fingerprint,0.0,0.0,218,1,0
2,main_morgan_r3_28,molecular_fingerprint,0.0,0.0,427,0,0
2,main_morgan_r3_281,molecular_fingerprint,0.0,0.0,427,0,0
2,main_morgan_r3_285,molecular_fingerprint,0.0,0.0,217,1,0
2,main_morgan_r3_286,molecular_fingerprint,0.0,0.0,219,1,0
2,main_morgan_r3_287,molecular_fingerprint,0.008742538735580948,0.0010442382847476348,110,1,0
2,main_morgan_r3_288,molecular_fingerprint,0.0,0.0,427,0,0
2,main_morgan_r3_289,molecular_fingerprint,0.0,0.0,427,0,0
2,main_morgan_r3_29,molecular_fingerprint,0.0,0.0,203,1,0
2,main_morgan_r3_290,molecular_fingerprint,0.0,0.0,220,1,0
2,main_morgan_r3_292,molecular_fingerprint,0.0,0.0,427,0,0
2,main_morgan_r3_293,molecular_fingerprint,0.0,0.0,221,1,0
2,main_morgan_r3_295,molecular_fingerprint,0.00563021612250143,0.0021164046186539867,124,1,0
2,main_morgan_r3_30,molecular_fingerprint,0.0008897715098121091,-0.0008874388416815127,151,1,0
2,main_morgan_r3_300,molecular_fingerprint,0.0,0.0,427,0,0
2,main_morgan_r3_301,molecular_fingerprint,0.0,0.0,222,1,0
2,main_morgan_r3_303,molecular_fingerprint,0.0,0.0,212,1,0
2,main_morgan_r3_304,molecular_fingerprint,0.00042765311275919267,-0.00026893649871150666,152,1,0
2,main_morgan_r3_305,molecular_fingerprint,0.0,0.0,427,0,0
2,main_morgan_r3_306,molecular_fingerprint,0.0,0.0,427,0,0
2,main_morgan_r3_307,molecular_fingerprint,0.009253563889198827,-2.494220932324741e-05,107,1,0
2,main_morgan_r3_308,molecular_fingerprint,0.006686485579444307,0.0038025381250513923,120,1,0
2,main_morgan_r3_31,molecular_fingerprint,0.0,0.0,205,1,0
2,main_morgan_r3_314,molecular_fingerprint,0.0,0.0,427,0,0
2,main_morgan_r3_315,molecular_fingerprint,0.0,0.0,427,0,0
2,main_morgan_r3_317,molecular_fingerprint,0.0,0.0,210,1,0
2,main_morgan_r3_318,molecular_fingerprint,0.0,0.0,211,1,0
2,main_morgan_r3_319,molecular_fingerprint,0.0,0.0,427,0,0
2,main_morgan_r3_32,molecular_fingerprint,0.001722224543078079,-0.001722224543078079,145,1,0
2,main_morgan_r3_322,molecular_fingerprint,0.0014642346960802876,0.0003486273085905447,147,1,0
2,main_morgan_r3_324,molecular_fingerprint,0.0,0.0,427,0,0
2,main_morgan_r3_326,molecular_fingerprint,0.01235332290331522,0.0036177588502566017,101,1,0
2,main_morgan_r3_328,molecular_fingerprint,0.0,0.0,427,0,0
2,main_morgan_r3_329,molecular_fingerprint,0.0,0.0,427,0,0
2,main_morgan_r3_33,molecular_fingerprint,0.03552134222923391,-0.002327133498070503,78,1,0
2,main_morgan_r3_330,molecular_fingerprint,0.03843001826148894,-0.0032092356950872473,75,1,0
2,main_morgan_r3_331,molecular_fingerprint,0.027571273632864986,0.0006486915108851253,82,1,0
2,main_morgan_r3_333,molecular_fingerprint,0.0,0.0,427,0,0
2,main_morgan_r3_335,molecular_fingerprint,0.004511744620071517,-0.0013945392353667152,128,1,0
2,main_morgan_r3_336,molecular_fingerprint,0.0,0.0,427,0,0
2,main_morgan_r3_338,molecular_fingerprint,0.0,0.0,209,1,0
2,main_morgan_r3_34,molecular_fingerprint,0.0,0.0,427,0,0
2,main_morgan_r3_340,molecular_fingerprint,0.0,0.0,427,0,0
2,main_morgan_r3_341,molecular_fingerprint,0.0,0.0,427,0,0
2,main_morgan_r3_344,molecular_fingerprint,0.0,0.0,208,1,0
2,main_morgan_r3_346,molecular_fingerprint,0.09701563794217592,0.00990571610577818,48,1,0
2,main_morgan_r3_351,molecular_fingerprint,0.0,0.0,427,0,0
2,main_morgan_r3_354,molecular_fingerprint,0.0,0.0,207,1,0
2,main_morgan_r3_357,molecular_fingerprint,0.004034435147316091,-0.002554697189997467,129,1,0
2,main_morgan_r3_358,molecular_fingerprint,0.0,0.0,255,1,0
2,main_morgan_r3_36,molecular_fingerprint,0.0,0.0,159,1,0
2,main_morgan_r3_360,molecular_fingerprint,0.020744730857614847,0.005069567445769079,85,1,0
2,main_morgan_r3_361,molecular_fingerprint,0.0,0.0,256,1,0
2,main_morgan_r3_363,molecular_fingerprint,0.00721940018650558,-0.002843872105909719,118,1,0
2,main_morgan_r3_365,molecular_fingerprint,0.0,0.0,259,1,0
2,main_morgan_r3_366,molecular_fingerprint,0.0,0.0,427,0,0
2,main_morgan_r3_367,molecular_fingerprint,0.0,0.0,257,1,0
2,main_morgan_r3_370,molecular_fingerprint,0.0,0.0,427,0,0
2,main_morgan_r3_371,molecular_fingerprint,0.0,0.0,258,1,0
2,main_morgan_r3_374,molecular_fingerprint,0.04597609984248671,0.013319289076607675,69,1,0
2,main_morgan_r3_375,molecular_fingerprint,0.007439358560368413,-0.001273573099945983,116,1,0
2,main_morgan_r3_379,molecular_fingerprint,0.0,0.0,427,0,0
2,main_morgan_r3_381,molecular_fingerprint,0.0,0.0,250,1,0
2,main_morgan_r3_384,molecular_fingerprint,0.0,0.0,427,0,0
2,main_morgan_r3_385,molecular_fingerprint,0.0,0.0,252,1,0
2,main_morgan_r3_386,molecular_fingerprint,0.0,0.0,251,1,0
2,main_morgan_r3_387,molecular_fingerprint,0.0,0.0,253,1,0
2,main_morgan_r3_389,molecular_fingerprint,0.0029164767389496162,0.0005707262001103826,133,1,0
2,main_morgan_r3_390,molecular_fingerprint,0.0,0.0,254,1,0
2,main_morgan_r3_393,molecular_fingerprint,0.0,0.0,427,0,0
2,main_morgan_r3_398,molecular_fingerprint,0.0,0.0,427,0,0
2,main_morgan_r3_399,molecular_fingerprint,0.0,0.0,427,0,0
2,main_morgan_r3_4,molecular_fingerprint,0.0,0.0,198,1,0
2,main_morgan_r3_40,molecular_fingerprint,0.0,0.0,166,1,0
2,main_morgan_r3_400,molecular_fingerprint,0.0,0.0,427,0,0
2,main_morgan_r3_401,molecular_fingerprint,0.0,0.0,427,0,0
2,main_morgan_r3_405,molecular_fingerprint,0.0,0.0,427,0,0
2,main_morgan_r3_406,molecular_fingerprint,0.0,0.0,427,0,0
2,main_morgan_r3_409,molecular_fingerprint,0.0033740356191992726,-0.0033740356191992726,131,1,0
2,main_morgan_r3_41,molecular_fingerprint,0.0,0.0,160,1,0
2,main_morgan_r3_412,molecular_fingerprint,0.0,0.0,247,1,0
2,main_morgan_r3_413,molecular_fingerprint,0.0,0.0,427,0,0
2,main_morgan_r3_415,molecular_fingerprint,0.0,0.0,427,0,0
2,main_morgan_r3_418,molecular_fingerprint,0.0,0.0,427,0,0
2,main_morgan_r3_419,molecular_fingerprint,0.0,0.0,427,0,0
2,main_morgan_r3_42,molecular_fingerprint,0.0,0.0,170,1,0
2,main_morgan_r3_420,molecular_fingerprint,0.0,0.0,427,0,0
2,main_morgan_r3_421,molecular_fingerprint,0.0,0.0,427,0,0
2,main_morgan_r3_423,molecular_fingerprint,0.0,0.0,427,0,0
2,main_morgan_r3_425,molecular_fingerprint,0.0,0.0,248,1,0
2,main_morgan_r3_426,molecular_fingerprint,0.0,0.0,427,0,0
2,main_morgan_r3_428,molecular_fingerprint,0.0,0.0,249,1,0
2,main_morgan_r3_43,molecular_fingerprint,0.0,0.0,169,1,0
2,main_morgan_r3_430,molecular_fingerprint,0.0,0.0,427,0,0
2,main_morgan_r3_432,molecular_fingerprint,0.0197950371420787,-0.0035104919922175916,88,1,0
2,main_morgan_r3_433,molecular_fingerprint,0.0,0.0,427,0,0
2,main_morgan_r3_434,molecular_fingerprint,0.0,0.0,427,0,0
2,main_morgan_r3_438,molecular_fingerprint,0.0,0.0,427,0,0
2,main_morgan_r3_44,molecular_fingerprint,0.0,0.0,168,1,0
2,main_morgan_r3_441,molecular_fingerprint,0.015448965996296884,0.0062135401730322205,91,1,0
2,main_morgan_r3_442,molecular_fingerprint,0.0,0.0,427,0,0
2,main_morgan_r3_448,molecular_fingerprint,0.0,0.0,260,1,0
2,main_morgan_r3_449,molecular_fingerprint,0.0,0.0,427,0,0
2,main_morgan_r3_452,molecular_fingerprint,0.0,0.0,245,1,0
2,main_morgan_r3_453,molecular_fingerprint,0.0,0.0,427,0,0
2,main_morgan_r3_456,molecular_fingerprint,0.0,0.0,246,1,0
2,main_morgan_r3_460,molecular_fingerprint,0.0,0.0,243,1,0
2,main_morgan_r3_463,molecular_fingerprint,0.0,0.0,241,1,0
2,main_morgan_r3_464,molecular_fingerprint,0.0,0.0,427,0,0
2,main_morgan_r3_469,molecular_fingerprint,0.0,0.0,242,1,0
2,main_morgan_r3_473,molecular_fingerprint,0.00039532227234707906,0.00016201732473240964,153,1,0
2,main_morgan_r3_474,molecular_fingerprint,0.0,0.0,240,1,0
2,main_morgan_r3_476,molecular_fingerprint,0.0,0.0,244,1,0
2,main_morgan_r3_479,molecular_fingerprint,0.0,0.0,262,1,0
2,main_morgan_r3_48,molecular_fingerprint,0.0,0.0,427,0,0
2,main_morgan_r3_480,molecular_fingerprint,0.0,0.0,266,1,0
2,main_morgan_r3_481,molecular_fingerprint,0.0,0.0,427,0,0
2,main_morgan_r3_485,molecular_fingerprint,0.0,0.0,427,0,0
2,main_morgan_r3_486,molecular_fingerprint,0.0,0.0,427,0,0
2,main_morgan_r3_488,molecular_fingerprint,0.013405864221147371,-0.0030953943967405315,98,1,0
2,main_morgan_r3_492,molecular_fingerprint,0.0,0.0,265,1,0
2,main_morgan_r3_493,molecular_fingerprint,0.0,0.0,264,1,0
2,main_morgan_r3_494,molecular_fingerprint,0.0,0.0,427,0,0
2,main_morgan_r3_495,molecular_fingerprint,0.0,0.0,263,1,0
2,main_morgan_r3_496,molecular_fingerprint,0.0,0.0,427,0,0
2,main_morgan_r3_50,molecular_fingerprint,0.0,0.0,427,0,0
2,main_morgan_r3_500,molecular_fingerprint,0.0,0.0,427,0,0
2,main_morgan_r3_501,molecular_fingerprint,0.64203812493684,-0.1302866506457536,14,1,1
2,main_morgan_r3_502,molecular_fingerprint,0.0,0.0,427,0,0
2,main_morgan_r3_507,molecular_fingerprint,0.005654855474001828,0.0019074990558955401,123,1,0
2,main_morgan_r3_51,molecular_fingerprint,0.06431086266206369,0.0019462345333562975,61,1,0
2,main_morgan_r3_54,molecular_fingerprint,0.0,0.0,167,1,0
2,main_morgan_r3_55,molecular_fingerprint,0.007868616100814614,-0.0029145636326736875,113,1,0
2,main_morgan_r3_56,molecular_fingerprint,0.0,0.0,427,0,0
2,main_morgan_r3_58,molecular_fingerprint,0.0,0.0,427,0,0
2,main_morgan_r3_59,molecular_fingerprint,0.0,0.0,173,1,0
2,main_morgan_r3_60,molecular_fingerprint,0.0,0.0,172,1,0
2,main_morgan_r3_61,molecular_fingerprint,0.0,0.0,171,1,0
2,main_morgan_r3_63,molecular_fingerprint,0.0,0.0,174,1,0
2,main_morgan_r3_66,molecular_fingerprint,0.0,0.0,427,0,0
2,main_morgan_r3_67,molecular_fingerprint,0.18642283891431158,0.056254280004650374,31,1,0
2,main_morgan_r3_69,molecular_fingerprint,0.002267928803727651,-0.0022663159416212385,139,1,0
2,main_morgan_r3_70,molecular_fingerprint,0.0062827311187154695,-0.0029123506757120295,121,1,0
2,main_morgan_r3_73,molecular_fingerprint,0.0,0.0,427,0,0
2,main_morgan_r3_74,molecular_fingerprint,0.0,0.0,427,0,0
2,main_morgan_r3_75,molecular_fingerprint,0.0,0.0,427,0,0
2,main_morgan_r3_79,molecular_fingerprint,0.0,0.0,164,1,0
2,main_morgan_r3_80,molecular_fingerprint,0.013074498312133885,0.005909999920469192,99,1,0
2,main_morgan_r3_81,molecular_fingerprint,0.0,0.0,163,1,0
2,main_morgan_r3_82,molecular_fingerprint,0.0,0.0,427,0,0
2,main_morgan_r3_83,molecular_fingerprint,0.0,0.0,427,0,0
2,main_morgan_r3_84,molecular_fingerprint,0.002491429986225234,-0.002491429986225234,137,1,0
2,main_morgan_r3_85,molecular_fingerprint,0.7113313705043403,0.016850292957517242,11,1,1
2,main_morgan_r3_88,molecular_fingerprint,0.0,0.0,427,0,0
2,main_morgan_r3_89,molecular_fingerprint,0.0,0.0,427,0,0
2,main_morgan_r3_90,molecular_fingerprint,0.0,0.0,427,0,0
2,main_morgan_r3_92,molecular_fingerprint,0.0,0.0,427,0,0
2,main_morgan_r3_94,molecular_fingerprint,0.01511480805257128,0.009211918381560179,94,1,0
2,main_morgan_r3_95,molecular_fingerprint,0.10544637064139058,0.010475252121686927,44,1,0
2,main_morgan_r3_98,molecular_fingerprint,0.0,0.0,165,1,0
3,Co_FR_fraction,formulation_loading,0.0,0.0,266,1,0
3,Co_FR_present,other,0.0,0.0,179,1,0
3,Cure_Temp_Max,curing_and_preparation,2.9150648054027175,-1.3704719016296765,3,1,1
3,CuringAgent_Has_N,molecular_descriptor,0.05125300017392469,0.011888367336036432,67,1,0
3,CuringAgent_Has_P,molecular_descriptor,0.014129513233072226,-0.014129513233072226,99,1,0
3,CuringAgent_Has_S,molecular_descriptor,3.10621995774667,1.2566596366284004,2,1,1
3,EP_matrix_Tg,ep_baseline,4.634338354419712,-0.7526234409870167,1,1,1
3,EP_matrix_Tg_sq,ep_baseline,1.673944190874333,-0.12427152115980993,4,1,1
3,EP_matrix_Tg_sqrt,ep_baseline,0.23593009527255265,-0.013685696306121032,21,1,0
3,Has_N,elemental_composition,0.0,0.0,427,0,0
3,Has_P,elemental_composition,0.0,0.0,177,1,0
3,Has_S,elemental_composition,0.0,0.0,178,1,0
3,Has_Si,elemental_composition,0.0,0.0,427,0,0
3,Loading_total_FR wt%,formulation_loading,0.27782506241556904,0.043164589488846515,17,1,1
3,Loading_total_FR_sq,formulation_loading,0.020404561472435797,0.003910774224334293,90,1,0
3,Loading_total_FR_sqrt,formulation_loading,0.009551247074786157,0.005508681550208063,105,1,0
3,Loading_x_Synergy,formulation_loading,0.19018243359492365,0.032173019221906234,26,1,0
3,Main_FR_fraction,formulation_loading,0.0,0.0,267,1,0
3,N/P ratio,elemental_composition,0.215455917247778,0.06952197996537303,23,1,0
3,N/P_ratio_sq,elemental_composition,0.0026452336615572355,-0.0014326144848018881,131,1,0
3,N/P_ratio_sqrt,elemental_composition,0.0,0.0,228,1,0
3,N_content wt%,elemental_composition,0.0,0.0,427,0,0
3,N_content_wt%_sq,elemental_composition,0.0,0.0,427,0,0
3,N_content_wt%_sqrt,elemental_composition,0.0,0.0,427,0,0
3,P_B_loading_ratio,formulation_loading,0.046873802057881324,0.01987947825031976,71,1,0
3,P_B_loading_sum,formulation_loading,0.02458146112013815,0.0006015917495824406,86,1,0
3,P_N_loading_ratio,formulation_loading,0.2650236336396644,0.06369676280883138,18,1,1
3,P_N_loading_sum,formulation_loading,0.10196338307836815,-0.0002643418125808213,46,1,0
3,P_S_loading_ratio,formulation_loading,0.2966119764341663,0.04175567709840832,16,1,1
3,P_S_loading_sum,formulation_loading,0.24520240866553242,0.0384164993146745,20,1,1
3,P_Si_loading_product,formulation_loading,0.0,0.0,427,0,0
3,P_Si_loading_ratio,formulation_loading,0.13768362545899032,0.013784797030619095,38,1,0
3,P_Si_loading_sum,formulation_loading,0.06391685463876157,0.018768135666485043,57,1,0
3,P_content wt%,elemental_composition,0.33753388286794583,0.01830121014105519,14,1,1
3,P_content_log,elemental_composition,0.2264129630214948,-0.04424490594641407,22,1,0
3,P_content_sq,elemental_composition,0.06002748475513526,0.018142051123496563,58,1,0
3,P_content_sqrt,elemental_composition,0.0,0.0,227,1,0
3,P_content_x_EP_matrix_Tg,formulation_interaction,0.05681594029146555,0.018698858690396367,62,1,0
3,P_loading_real,formulation_loading,0.04539317841615735,0.007546343488566993,73,1,0
3,P_loading_real_sq,formulation_loading,0.001754436200070712,-0.0006826351758920488,138,1,0
3,P_loading_real_sqrt,formulation_loading,0.0005425326877997981,0.00010850655742817454,143,1,0
3,P_loading_x_Synergy,formulation_loading,0.4905129497842347,-0.05146823026783142,12,1,1
3,P_x_CuringAgent_Has_N,molecular_descriptor,0.21213668641323846,0.002832008248919418,24,1,0
3,P_x_CuringAgent_Has_P,molecular_descriptor,0.0,0.0,243,1,0
3,P_x_CuringAgent_Has_S,molecular_descriptor,0.0,0.0,427,0,0
3,P_x_curing_AromaticRings,molecular_descriptor,0.0,0.0,427,0,0
3,P_x_curing_FractionCSP3,molecular_descriptor,0.1929436333869105,0.004595056474823239,25,1,0
3,P_x_curing_HBA,molecular_descriptor,0.17449070067170805,0.047100802919465216,31,1,0
3,P_x_curing_HBD,molecular_descriptor,0.05474869839355556,0.015234574928827993,64,1,0
3,P_x_curing_HeavyAtomCount,molecular_descriptor,0.04839696654429036,0.011268663567801322,70,1,0
3,P_x_curing_LogP,molecular_descriptor,1.13703982790544,0.0472442205449463,6,1,1
3,P_x_curing_MolWt,molecular_descriptor,0.07997067460635056,0.03844002727367398,51,1,0
3,P_x_curing_RingCount,molecular_descriptor,0.05837713778122434,0.0167076973689513,60,1,0
3,P_x_curing_RotBonds,molecular_descriptor,0.12944147486860552,0.06025843336143428,41,1,0
3,P_x_curing_TPSA,molecular_descriptor,0.11926145977211286,0.02809596255654469,43,1,0
3,Preparation_Method_DOPO-based (Additive + Secondary Crosslinking),curing_and_preparation,0.13753723353095768,-0.13753723353095768,39,1,0
3,Preparation_Method_DOPO-based (Co-curing),molecular_descriptor,0.03174479194658084,-0.025980778025566705,77,1,0
3,Preparation_Method_DOPO-based (additive),curing_and_preparation,0.0,0.0,427,0,0
3,Preparation_Method_DOPO-based (reactive),curing_and_preparation,0.0,0.0,427,0,0
3,S/P ratio,elemental_composition,0.0005487756886416011,-0.00010824978765514166,142,1,0
3,S/P_ratio_sq,elemental_composition,0.0,0.0,245,1,0
3,S/P_ratio_sqrt,elemental_composition,0.0,0.0,246,1,0
3,S_content wt%,elemental_composition,0.0,0.0,427,0,0
3,S_content_wt%_sqrt,elemental_composition,0.014716140064928256,-0.006294535553703703,98,1,0
3,S_loading_real,formulation_loading,0.0,0.0,427,0,0
3,S_loading_real_sqrt,formulation_loading,0.0,0.0,427,0,0
3,Si/P ratio,elemental_composition,0.0,0.0,427,0,0
3,Si/P_ratio_sqrt,elemental_composition,0.0,0.0,427,0,0
3,Si_content wt%,elemental_composition,0.0,0.0,427,0,0
3,Si_content_wt%_sq,elemental_composition,0.0,0.0,427,0,0
3,Si_content_wt%_sqrt,elemental_composition,0.0,0.0,427,0,0
3,Si_loading_real,formulation_loading,0.0,0.0,427,0,0
3,Si_loading_real_sq,formulation_loading,0.0,0.0,427,0,0
3,Si_loading_real_sqrt,formulation_loading,0.0,0.0,427,0,0
3,Synergy_type_P-N,other,0.0,0.0,427,0,0
3,Synergy_type_P-N-B,other,0.0035289334381620107,0.0035289334381620107,125,1,0
3,Synergy_type_P-N-C,other,0.002626734439852749,-0.0023336518780949205,132,1,0
3,Synergy_type_P-N-S,other,0.0,0.0,175,1,0
3,Synergy_type_P-Si,other,0.0,0.0,427,0,0
3,Synergy_type_P-only,other,0.010875900291527307,-0.0035335311697175117,103,1,0
3,Synergy_x_EP_matrix_Tg,formulation_interaction,0.48582605451345434,-0.13236235521682016,13,1,1
3,co_BalabanJ,other,0.0,0.0,259,1,0
3,co_BertzCT,other,0.0,0.0,262,1,0
3,co_ExactMolWt,molecular_descriptor,0.0,0.0,249,1,0
3,co_HBA,other,0.0,0.0,257,1,0
3,co_HeavyAtomCount,other,0.0,0.0,258,1,0
3,co_Kappa1,other,0.0,0.0,265,1,0
3,co_Kappa2,other,0.0,0.0,264,1,0
3,co_Kappa3,other,0.0,0.0,263,1,0
3,co_LabuteASA,other,0.0,0.0,250,1,0
3,co_LogP,molecular_descriptor,0.0,0.0,251,1,0
3,co_MolMR,other,0.0,0.0,248,1,0
3,co_MolWt,molecular_descriptor,0.0,0.0,252,1,0
3,co_NumHeteroAtoms,molecular_descriptor,0.0,0.0,261,1,0
3,co_NumValenceElectrons,other,0.0,0.0,260,1,0
3,co_RingCount,molecular_descriptor,0.0,0.0,255,1,0
3,co_RotBonds,other,0.0,0.0,256,1,0
3,co_TPSA,molecular_descriptor,0.0,0.0,247,1,0
3,curing_AliphaticRings,molecular_descriptor,0.0,0.0,169,1,0
3,curing_AromaticRings,molecular_descriptor,0.18840344759583882,0.07380089007059322,27,1,0
3,curing_BalabanJ,molecular_descriptor,0.1028738612433275,0.08442762752374014,45,1,0
3,curing_BertzCT,molecular_descriptor,0.024639722963588094,0.024639722963588094,85,1,0
3,curing_ExactMolWt,molecular_descriptor,0.2978802635205728,0.2617860187435548,15,1,1
3,curing_FractionCSP3,molecular_descriptor,0.0,0.0,180,1,0
3,curing_HBA,molecular_descriptor,0.0,0.0,181,1,0
3,curing_HBD,molecular_descriptor,0.0,0.0,176,1,0
3,curing_HeavyAtomCount,molecular_descriptor,0.1247293905070465,0.0549608429102227,42,1,0
3,curing_Kappa1,molecular_descriptor,0.026612789460147415,0.003156435378930634,83,1,0
3,curing_Kappa2,molecular_descriptor,0.18598898609944933,0.004362549372017387,28,1,0
3,curing_Kappa3,molecular_descriptor,0.8725939404483263,0.8725939404483263,9,1,1
3,curing_LabuteASA,molecular_descriptor,0.00934029720723629,0.00934029720723629,107,1,0
3,curing_LogP,molecular_descriptor,0.0,0.0,427,0,0
3,curing_MolMR,molecular_descriptor,1.3112819372689246,0.1878562876424338,5,1,1
3,curing_MolWt,molecular_descriptor,0.9169427097632757,0.5938822575500752,8,1,1
3,curing_NHOHCount,molecular_descriptor,0.0,0.0,269,1,0
3,curing_NOCount,molecular_descriptor,0.0,0.0,427,0,0
3,curing_NumHeteroAtoms,molecular_descriptor,0.0,0.0,427,0,0
3,curing_NumValenceElectrons,molecular_descriptor,0.0,0.0,166,1,0
3,curing_RingCount,molecular_descriptor,0.1530303540701667,0.1530303540701667,34,1,0
3,curing_RotBonds,molecular_descriptor,0.2479372869095662,0.2479372869095662,19,1,1
3,curing_SaturatedRings,molecular_descriptor,0.0,0.0,165,1,0
3,curing_TPSA,molecular_descriptor,0.18059190166493258,0.09873800167813897,29,1,0
3,curing_morgan_r3_100,molecular_fingerprint,0.0,0.0,270,1,0
3,curing_morgan_r3_138,molecular_fingerprint,0.0,0.0,427,0,0
3,curing_morgan_r3_144,molecular_fingerprint,0.024229181949178575,-0.006825341613730417,87,1,0
3,curing_morgan_r3_147,molecular_fingerprint,0.0038721821043226426,-0.003244260682000051,122,1,0
3,curing_morgan_r3_214,molecular_fingerprint,0.0031631237620280872,-0.00017290389165282183,127,1,0
3,curing_morgan_r3_231,molecular_fingerprint,0.0,0.0,427,0,0
3,curing_morgan_r3_28,molecular_fingerprint,0.0,0.0,268,1,0
3,curing_morgan_r3_295,molecular_fingerprint,0.0,0.0,427,0,0
3,curing_morgan_r3_336,molecular_fingerprint,0.0,0.0,427,0,0
3,curing_morgan_r3_337,molecular_fingerprint,0.0,0.0,427,0,0
3,curing_morgan_r3_39,molecular_fingerprint,0.0,0.0,427,0,0
3,curing_morgan_r3_477,molecular_fingerprint,0.0,0.0,427,0,0
3,curing_morgan_r3_66,molecular_fingerprint,0.0,0.0,427,0,0
3,curing_morgan_r3_80,molecular_fingerprint,0.15554700850560851,0.02116565929156626,33,1,0
3,main_AromaticCarbocycles,other,0.0,0.0,427,0,0
3,main_AromaticHeterocycles,other,0.0,0.0,427,0,0
3,main_AromaticRings,molecular_descriptor,0.0,0.0,427,0,0
3,main_BalabanJ,other,0.918948402745494,0.21581461770589355,7,1,1
3,main_BertzCT,other,0.0,0.0,427,0,0
3,main_ExactMolWt,molecular_descriptor,0.0,0.0,427,0,0
3,main_FractionCSP3,molecular_descriptor,0.5341919642232823,0.39465316033986814,11,1,1
3,main_HBA,other,0.0,0.0,427,0,0
3,main_HeavyAtomCount,other,0.0,0.0,427,0,0
3,main_Kappa1,other,0.0,0.0,427,0,0
3,main_Kappa2,other,0.0,0.0,427,0,0
3,main_Kappa3,other,0.0,0.0,427,0,0
3,main_LabuteASA,other,0.0,0.0,427,0,0
3,main_LogP,molecular_descriptor,0.0,0.0,427,0,0
3,main_MolMR,other,0.0,0.0,427,0,0
3,main_MolWt,molecular_descriptor,0.0,0.0,427,0,0
3,main_NHOHCount,other,0.0,0.0,427,0,0
3,main_NumAmideBonds,other,0.0,0.0,217,1,0
3,main_NumValenceElectrons,other,0.0,0.0,427,0,0
3,main_RingCount,molecular_descriptor,0.0,0.0,427,0,0
3,main_co_similarity,other,0.0,0.0,215,1,0
3,main_co_similarity_sq,other,0.0,0.0,216,1,0
3,main_morgan_r3_0,molecular_fingerprint,0.0,0.0,427,0,0
3,main_morgan_r3_1,molecular_fingerprint,0.006539325569238925,0.005320591732031767,118,1,0
3,main_morgan_r3_10,molecular_fingerprint,0.0,0.0,427,0,0
3,main_morgan_r3_100,molecular_fingerprint,0.0,0.0,427,0,0
3,main_morgan_r3_101,molecular_fingerprint,0.0,0.0,163,1,0
3,main_morgan_r3_102,molecular_fingerprint,0.0311882571141339,0.013125460230124491,78,1,0
3,main_morgan_r3_103,molecular_fingerprint,0.0,0.0,427,0,0
3,main_morgan_r3_106,molecular_fingerprint,0.0,0.0,162,1,0
3,main_morgan_r3_111,molecular_fingerprint,0.0,0.0,156,1,0
3,main_morgan_r3_116,molecular_fingerprint,0.0,0.0,427,0,0
3,main_morgan_r3_117,molecular_fingerprint,0.004257378271884388,0.0024578678628636736,121,1,0
3,main_morgan_r3_118,molecular_fingerprint,0.0,0.0,427,0,0
3,main_morgan_r3_119,molecular_fingerprint,0.1769018749975496,0.10346947332016292,30,1,0
3,main_morgan_r3_12,molecular_fingerprint,0.0,0.0,427,0,0
3,main_morgan_r3_120,molecular_fingerprint,0.0,0.0,427,0,0
3,main_morgan_r3_124,molecular_fingerprint,0.0,0.0,155,1,0
3,main_morgan_r3_125,molecular_fingerprint,0.0025985357206728715,0.0025985357206728715,133,1,0
3,main_morgan_r3_126,molecular_fingerprint,0.0,0.0,157,1,0
3,main_morgan_r3_128,molecular_fingerprint,0.0,0.0,427,0,0
3,main_morgan_r3_13,molecular_fingerprint,0.11018186931187902,0.08759614536952644,44,1,0
3,main_morgan_r3_130,molecular_fingerprint,0.0032274943093458805,-0.0032274943093458805,126,1,0
3,main_morgan_r3_131,molecular_fingerprint,0.14987470504284525,-0.051817994149557,36,1,0
3,main_morgan_r3_132,molecular_fingerprint,0.017267420917438967,-0.017267420917438967,94,1,0
3,main_morgan_r3_137,molecular_fingerprint,0.0,0.0,158,1,0
3,main_morgan_r3_139,molecular_fingerprint,0.0,0.0,427,0,0
3,main_morgan_r3_14,molecular_fingerprint,0.00951310005452898,-0.0041480096843507525,106,1,0
3,main_morgan_r3_140,molecular_fingerprint,0.0,0.0,427,0,0
3,main_morgan_r3_145,molecular_fingerprint,0.0,0.0,427,0,0
3,main_morgan_r3_146,molecular_fingerprint,0.1513033249063624,0.05869853955900503,35,1,0
3,main_morgan_r3_147,molecular_fingerprint,0.0,0.0,153,1,0
3,main_morgan_r3_15,molecular_fingerprint,0.0,0.0,213,1,0
3,main_morgan_r3_151,molecular_fingerprint,0.0,0.0,183,1,0
3,main_morgan_r3_152,molecular_fingerprint,0.0,0.0,184,1,0
3,main_morgan_r3_16,molecular_fingerprint,0.0,0.0,427,0,0
3,main_morgan_r3_161,molecular_fingerprint,0.0,0.0,147,1,0
3,main_morgan_r3_162,molecular_fingerprint,0.0,0.0,427,0,0
3,main_morgan_r3_163,molecular_fingerprint,0.0,0.0,427,0,0
3,main_morgan_r3_164,molecular_fingerprint,0.0,0.0,427,0,0
3,main_morgan_r3_165,molecular_fingerprint,0.0,0.0,148,1,0
3,main_morgan_r3_166,molecular_fingerprint,0.0,0.0,149,1,0
3,main_morgan_r3_167,molecular_fingerprint,0.007604681607335805,0.0005498611989120647,113,1,0
3,main_morgan_r3_168,molecular_fingerprint,0.0,0.0,182,1,0
3,main_morgan_r3_173,molecular_fingerprint,0.0,0.0,427,0,0
3,main_morgan_r3_174,molecular_fingerprint,0.0027573231012663906,-0.0016523476095042294,130,1,0
3,main_morgan_r3_176,molecular_fingerprint,0.0,0.0,427,0,0
3,main_morgan_r3_177,molecular_fingerprint,0.006344160447931955,-0.004634940605610608,120,1,0
3,main_morgan_r3_178,molecular_fingerprint,0.0,0.0,427,0,0
3,main_morgan_r3_179,molecular_fingerprint,0.0,0.0,146,1,0
3,main_morgan_r3_18,molecular_fingerprint,0.0,0.0,214,1,0
3,main_morgan_r3_180,molecular_fingerprint,0.0,0.0,427,0,0
3,main_morgan_r3_181,molecular_fingerprint,0.0,0.0,150,1,0
3,main_morgan_r3_183,molecular_fingerprint,0.0,0.0,202,1,0
3,main_morgan_r3_185,molecular_fingerprint,0.0,0.0,200,1,0
3,main_morgan_r3_186,molecular_fingerprint,0.0,0.0,427,0,0
3,main_morgan_r3_189,molecular_fingerprint,0.002861056230548355,0.0027989437472489146,129,1,0
3,main_morgan_r3_19,molecular_fingerprint,0.0,0.0,211,1,0
3,main_morgan_r3_190,molecular_fingerprint,0.0,0.0,427,0,0
3,main_morgan_r3_191,molecular_fingerprint,0.026740394452741987,0.009629954450712014,82,1,0
3,main_morgan_r3_192,molecular_fingerprint,0.0,0.0,427,0,0
3,main_morgan_r3_193,molecular_fingerprint,0.0,0.0,199,1,0
3,main_morgan_r3_196,molecular_fingerprint,0.0,0.0,427,0,0
3,main_morgan_r3_197,molecular_fingerprint,0.0,0.0,427,0,0
3,main_morgan_r3_198,molecular_fingerprint,0.0,0.0,185,1,0
3,main_morgan_r3_199,molecular_fingerprint,0.0,0.0,196,1,0
3,main_morgan_r3_2,molecular_fingerprint,0.0,0.0,427,0,0
3,main_morgan_r3_20,molecular_fingerprint,0.023489548315604524,0.023489548315604524,88,1,0
3,main_morgan_r3_201,molecular_fingerprint,0.0,0.0,186,1,0
3,main_morgan_r3_203,molecular_fingerprint,0.009258384086812543,-0.0012887693662196377,108,1,0
3,main_morgan_r3_204,molecular_fingerprint,0.0,0.0,427,0,0
3,main_morgan_r3_205,molecular_fingerprint,0.0018486994504928601,0.0014635537316401812,137,1,0
3,main_morgan_r3_206,molecular_fingerprint,0.0,0.0,197,1,0
3,main_morgan_r3_208,molecular_fingerprint,0.07796029559931617,-0.07796029559931617,53,1,0
3,main_morgan_r3_209,molecular_fingerprint,0.09269222674664993,0.0016078184134352797,49,1,0
3,main_morgan_r3_21,molecular_fingerprint,0.06572879350382008,-0.008461298664721346,55,1,0
3,main_morgan_r3_210,molecular_fingerprint,0.0,0.0,198,1,0
3,main_morgan_r3_211,molecular_fingerprint,0.0,0.0,427,0,0
3,main_morgan_r3_213,molecular_fingerprint,0.0,0.0,427,0,0
3,main_morgan_r3_216,molecular_fingerprint,0.0,0.0,427,0,0
3,main_morgan_r3_218,molecular_fingerprint,0.0,0.0,427,0,0
3,main_morgan_r3_22,molecular_fingerprint,0.0,0.0,152,1,0
3,main_morgan_r3_221,molecular_fingerprint,0.0,0.0,427,0,0
3,main_morgan_r3_226,molecular_fingerprint,0.05091775044074488,0.05091775044074488,68,1,0
3,main_morgan_r3_227,molecular_fingerprint,0.055013115840394894,0.0037533730452155908,63,1,0
3,main_morgan_r3_229,molecular_fingerprint,0.0,0.0,427,0,0
3,main_morgan_r3_23,molecular_fingerprint,0.0,0.0,151,1,0
3,main_morgan_r3_231,molecular_fingerprint,0.0,0.0,427,0,0
3,main_morgan_r3_233,molecular_fingerprint,0.0,0.0,427,0,0
3,main_morgan_r3_236,molecular_fingerprint,0.0,0.0,427,0,0
3,main_morgan_r3_238,molecular_fingerprint,0.0035417938939968333,-0.0035417938939968333,124,1,0
3,main_morgan_r3_24,molecular_fingerprint,0.002970006304482621,-0.002238765859769451,128,1,0
3,main_morgan_r3_241,molecular_fingerprint,0.0,0.0,427,0,0
3,main_morgan_r3_242,molecular_fingerprint,0.02177613705189691,-0.002449044918434486,89,1,0
3,main_morgan_r3_243,molecular_fingerprint,0.06985083777444541,0.011632028606901362,54,1,0
3,main_morgan_r3_244,molecular_fingerprint,0.0,0.0,427,0,0
3,main_morgan_r3_246,molecular_fingerprint,0.0,0.0,195,1,0
3,main_morgan_r3_248,molecular_fingerprint,0.0,0.0,427,0,0
3,main_morgan_r3_25,molecular_fingerprint,0.0,0.0,427,0,0
3,main_morgan_r3_250,molecular_fingerprint,0.0,0.0,194,1,0
3,main_morgan_r3_251,molecular_fingerprint,0.01218748934566975,-0.009161065816879272,102,1,0
3,main_morgan_r3_257,molecular_fingerprint,0.0,0.0,427,0,0
3,main_morgan_r3_259,molecular_fingerprint,0.0,0.0,427,0,0
3,main_morgan_r3_26,molecular_fingerprint,0.0,0.0,427,0,0
3,main_morgan_r3_261,molecular_fingerprint,0.0,0.0,427,0,0
3,main_morgan_r3_265,molecular_fingerprint,0.017233367489857803,0.013110425047990348,95,1,0
3,main_morgan_r3_266,molecular_fingerprint,0.0,0.0,193,1,0
3,main_morgan_r3_268,molecular_fingerprint,0.0,0.0,192,1,0
3,main_morgan_r3_27,molecular_fingerprint,0.0,0.0,189,1,0
3,main_morgan_r3_271,molecular_fingerprint,0.0,0.0,427,0,0
3,main_morgan_r3_277,molecular_fingerprint,0.0,0.0,191,1,0
3,main_morgan_r3_28,molecular_fingerprint,0.0,0.0,427,0,0
3,main_morgan_r3_281,molecular_fingerprint,0.0,0.0,427,0,0
3,main_morgan_r3_285,molecular_fingerprint,0.0,0.0,224,1,0
3,main_morgan_r3_286,molecular_fingerprint,0.0,0.0,427,0,0
3,main_morgan_r3_287,molecular_fingerprint,0.0,0.0,223,1,0
3,main_morgan_r3_288,molecular_fingerprint,0.0,0.0,190,1,0
3,main_morgan_r3_289,molecular_fingerprint,0.0,0.0,427,0,0
3,main_morgan_r3_29,molecular_fingerprint,0.0019003379479464555,0.0002641725426332817,136,1,0
3,main_morgan_r3_290,molecular_fingerprint,0.0,0.0,218,1,0
3,main_morgan_r3_292,molecular_fingerprint,0.0,0.0,427,0,0
3,main_morgan_r3_293,molecular_fingerprint,0.0,0.0,427,0,0
3,main_morgan_r3_295,molecular_fingerprint,0.018108879112535052,0.013023356948461797,93,1,0
3,main_morgan_r3_30,molecular_fingerprint,0.0166516311528782,-0.00027072242150703933,96,1,0
3,main_morgan_r3_300,molecular_fingerprint,0.0,0.0,188,1,0
3,main_morgan_r3_301,molecular_fingerprint,0.0,0.0,427,0,0
3,main_morgan_r3_303,molecular_fingerprint,0.0,0.0,187,1,0
3,main_morgan_r3_304,molecular_fingerprint,0.0,0.0,427,0,0
3,main_morgan_r3_305,molecular_fingerprint,0.007155370934762885,-0.0004084460902959111,115,1,0
3,main_morgan_r3_306,molecular_fingerprint,0.0017152251417024264,0.0017152251417024264,139,1,0
3,main_morgan_r3_307,molecular_fingerprint,0.0,0.0,427,0,0
3,main_morgan_r3_308,molecular_fingerprint,0.027884998027649186,-0.004144590933703714,81,1,0
3,main_morgan_r3_31,molecular_fingerprint,0.0,0.0,206,1,0
3,main_morgan_r3_314,molecular_fingerprint,0.0788842230580081,0.04501485326639441,52,1,0
3,main_morgan_r3_315,molecular_fingerprint,0.0,0.0,219,1,0
3,main_morgan_r3_317,molecular_fingerprint,0.006592833268352676,0.0034535518795665763,117,1,0
3,main_morgan_r3_318,molecular_fingerprint,0.0,0.0,427,0,0
3,main_morgan_r3_319,molecular_fingerprint,0.0,0.0,427,0,0
3,main_morgan_r3_32,molecular_fingerprint,0.007480095638893551,0.007480095638893551,114,1,0
3,main_morgan_r3_322,molecular_fingerprint,0.0,0.0,427,0,0
3,main_morgan_r3_324,molecular_fingerprint,0.0,0.0,427,0,0
3,main_morgan_r3_326,molecular_fingerprint,0.0,0.0,427,0,0
3,main_morgan_r3_328,molecular_fingerprint,0.0857219958388143,0.04249262809339494,50,1,0
3,main_morgan_r3_329,molecular_fingerprint,0.0,0.0,427,0,0
3,main_morgan_r3_33,molecular_fingerprint,0.0,0.0,427,0,0
3,main_morgan_r3_330,molecular_fingerprint,0.04109981856050177,-0.011629951195273965,75,1,0
3,main_morgan_r3_331,molecular_fingerprint,0.05199726989596254,0.010162420567745963,66,1,0
3,main_morgan_r3_333,molecular_fingerprint,0.001576092661254935,0.0004997366956538623,140,1,0
3,main_morgan_r3_335,molecular_fingerprint,0.0,0.0,427,0,0
3,main_morgan_r3_336,molecular_fingerprint,0.0,0.0,427,0,0
3,main_morgan_r3_338,molecular_fingerprint,0.0,0.0,427,0,0
3,main_morgan_r3_34,molecular_fingerprint,0.001218333554764589,-0.0003855486089984577,141,1,0
3,main_morgan_r3_340,molecular_fingerprint,0.0,0.0,427,0,0
3,main_morgan_r3_341,molecular_fingerprint,0.06535637153209084,0.02499649577360186,56,1,0
3,main_morgan_r3_344,molecular_fingerprint,0.0,0.0,427,0,0
3,main_morgan_r3_346,molecular_fingerprint,0.0,0.0,220,1,0
3,main_morgan_r3_351,molecular_fingerprint,0.0,0.0,427,0,0
3,main_morgan_r3_354,molecular_fingerprint,0.05710801434082286,0.0446516993445241,61,1,0
3,main_morgan_r3_357,molecular_fingerprint,0.0,0.0,221,1,0
3,main_morgan_r3_358,molecular_fingerprint,0.0,0.0,427,0,0
3,main_morgan_r3_36,molecular_fingerprint,0.0,0.0,204,1,0
3,main_morgan_r3_360,molecular_fingerprint,0.0,0.0,222,1,0
3,main_morgan_r3_361,molecular_fingerprint,0.0,0.0,209,1,0
3,main_morgan_r3_363,molecular_fingerprint,0.008384936457862037,0.002578422511772553,110,1,0
3,main_morgan_r3_365,molecular_fingerprint,0.0,0.0,427,0,0
3,main_morgan_r3_366,molecular_fingerprint,0.0,0.0,427,0,0
3,main_morgan_r3_367,molecular_fingerprint,0.0,0.0,427,0,0
3,main_morgan_r3_370,molecular_fingerprint,0.0,0.0,210,1,0
3,main_morgan_r3_371,molecular_fingerprint,0.013099547490063649,-0.00830472680636578,101,1,0
3,main_morgan_r3_374,molecular_fingerprint,0.0,0.0,427,0,0
3,main_morgan_r3_375,molecular_fingerprint,0.0,0.0,427,0,0
3,main_morgan_r3_379,molecular_fingerprint,0.0,0.0,427,0,0
3,main_morgan_r3_381,molecular_fingerprint,0.0,0.0,208,1,0
3,main_morgan_r3_384,molecular_fingerprint,0.0,0.0,427,0,0
3,main_morgan_r3_385,molecular_fingerprint,0.0024675954288492616,-0.0016408883314579738,134,1,0
3,main_morgan_r3_386,molecular_fingerprint,0.17255663983420355,0.12498160701917693,32,1,0
3,main_morgan_r3_387,molecular_fingerprint,0.0,0.0,207,1,0
3,main_morgan_r3_389,molecular_fingerprint,0.1383949784766365,0.008850330140493403,37,1,0
3,main_morgan_r3_390,molecular_fingerprint,0.0,0.0,238,1,0
3,main_morgan_r3_393,molecular_fingerprint,0.0071014714665297045,-0.0030693574022087806,116,1,0
3,main_morgan_r3_398,molecular_fingerprint,0.0,0.0,237,1,0
3,main_morgan_r3_399,molecular_fingerprint,0.018425179017293795,0.014249284442307202,92,1,0
3,main_morgan_r3_4,molecular_fingerprint,0.0,0.0,212,1,0
3,main_morgan_r3_40,molecular_fingerprint,0.0,0.0,205,1,0
3,main_morgan_r3_400,molecular_fingerprint,0.025597203740746612,0.01798583890259679,84,1,0
3,main_morgan_r3_401,molecular_fingerprint,0.13001679668649252,0.06836443740441206,40,1,0
3,main_morgan_r3_405,molecular_fingerprint,0.0,0.0,236,1,0
3,main_morgan_r3_406,molecular_fingerprint,0.043450327724632296,0.043450327724632296,74,1,0
3,main_morgan_r3_409,molecular_fingerprint,0.007676066851450333,-0.007676066851450333,112,1,0
3,main_morgan_r3_41,molecular_fingerprint,0.0,0.0,203,1,0
3,main_morgan_r3_412,molecular_fingerprint,0.0,0.0,427,0,0
3,main_morgan_r3_413,molecular_fingerprint,0.0,0.0,427,0,0
3,main_morgan_r3_415,molecular_fingerprint,0.09946063929703085,-0.04893469798637349,47,1,0
3,main_morgan_r3_418,molecular_fingerprint,0.0,0.0,235,1,0
3,main_morgan_r3_419,molecular_fingerprint,0.0,0.0,427,0,0
3,main_morgan_r3_42,molecular_fingerprint,0.0,0.0,201,1,0
3,main_morgan_r3_420,molecular_fingerprint,0.0,0.0,427,0,0
3,main_morgan_r3_421,molecular_fingerprint,0.0,0.0,427,0,0
3,main_morgan_r3_423,molecular_fingerprint,0.028099822927680276,0.00806843916161193,80,1,0
3,main_morgan_r3_425,molecular_fingerprint,0.09586949954753639,0.004155041183888291,48,1,0
3,main_morgan_r3_426,molecular_fingerprint,0.0,0.0,233,1,0
3,main_morgan_r3_428,molecular_fingerprint,0.0036777873448510115,0.0010101239815250866,123,1,0
3,main_morgan_r3_43,molecular_fingerprint,0.0063525544293224845,-0.0063525544293224845,119,1,0
3,main_morgan_r3_430,molecular_fingerprint,0.0,0.0,427,0,0
3,main_morgan_r3_432,molecular_fingerprint,0.0,0.0,234,1,0
3,main_morgan_r3_433,molecular_fingerprint,0.0,0.0,427,0,0
3,main_morgan_r3_434,molecular_fingerprint,0.0,0.0,427,0,0
3,main_morgan_r3_438,molecular_fingerprint,0.0,0.0,427,0,0
3,main_morgan_r3_44,molecular_fingerprint,0.0,0.0,427,0,0
3,main_morgan_r3_441,molecular_fingerprint,0.0,0.0,427,0,0
3,main_morgan_r3_442,molecular_fingerprint,0.010854060855797588,0.002428637617785071,104,1,0
3,main_morgan_r3_448,molecular_fingerprint,0.0,0.0,427,0,0
3,main_morgan_r3_449,molecular_fingerprint,0.0,0.0,226,1,0
3,main_morgan_r3_452,molecular_fingerprint,0.0,0.0,225,1,0
3,main_morgan_r3_453,molecular_fingerprint,0.0,0.0,427,0,0
3,main_morgan_r3_456,molecular_fingerprint,0.0,0.0,232,1,0
3,main_morgan_r3_460,molecular_fingerprint,0.0,0.0,427,0,0
3,main_morgan_r3_463,molecular_fingerprint,0.0,0.0,427,0,0
3,main_morgan_r3_464,molecular_fingerprint,0.0,0.0,231,1,0
3,main_morgan_r3_469,molecular_fingerprint,0.0,0.0,427,0,0
3,main_morgan_r3_473,molecular_fingerprint,0.0,0.0,427,0,0
3,main_morgan_r3_474,molecular_fingerprint,0.0,0.0,230,1,0
3,main_morgan_r3_476,molecular_fingerprint,0.0,0.0,229,1,0
3,main_morgan_r3_479,molecular_fingerprint,0.0,0.0,427,0,0
3,main_morgan_r3_48,molecular_fingerprint,0.0,0.0,168,1,0
3,main_morgan_r3_480,molecular_fingerprint,0.0,0.0,427,0,0
3,main_morgan_r3_481,molecular_fingerprint,0.00023115471419360903,0.00023115471419360903,145,1,0
3,main_morgan_r3_485,molecular_fingerprint,0.0,0.0,244,1,0
3,main_morgan_r3_486,molecular_fingerprint,0.0,0.0,242,1,0
3,main_morgan_r3_488,molecular_fingerprint,0.0,0.0,241,1,0
3,main_morgan_r3_492,molecular_fingerprint,0.0005084275205930074,0.0005084275205930074,144,1,0
3,main_morgan_r3_493,molecular_fingerprint,0.0,0.0,240,1,0
3,main_morgan_r3_494,molecular_fingerprint,0.0,0.0,239,1,0
3,main_morgan_r3_495,molecular_fingerprint,0.013649162774802081,0.0022485908291613077,100,1,0
3,main_morgan_r3_496,molecular_fingerprint,0.0,0.0,253,1,0
3,main_morgan_r3_50,molecular_fingerprint,0.0,0.0,167,1,0
3,main_morgan_r3_500,molecular_fingerprint,0.0,0.0,254,1,0
3,main_morgan_r3_501,molecular_fingerprint,0.5886027729309473,-0.05482216240889912,10,1,1
3,main_morgan_r3_502,molecular_fingerprint,0.008277035456978608,0.005257349931117558,111,1,0
3,main_morgan_r3_507,molecular_fingerprint,0.0,0.0,427,0,0
3,main_morgan_r3_51,molecular_fingerprint,0.0,0.0,170,1,0
3,main_morgan_r3_54,molecular_fingerprint,0.0,0.0,173,1,0
3,main_morgan_r3_55,molecular_fingerprint,0.0,0.0,427,0,0
3,main_morgan_r3_56,molecular_fingerprint,0.0,0.0,172,1,0
3,main_morgan_r3_58,molecular_fingerprint,0.0,0.0,171,1,0
3,main_morgan_r3_59,molecular_fingerprint,0.008971140798595213,-0.008971140798595213,109,1,0
3,main_morgan_r3_60,molecular_fingerprint,0.03274568857625128,0.00045908148297005454,76,1,0
3,main_morgan_r3_61,molecular_fingerprint,0.002125608701672822,-0.0018453086457318755,135,1,0
3,main_morgan_r3_63,molecular_fingerprint,0.0,0.0,427,0,0
3,main_morgan_r3_66,molecular_fingerprint,0.04841013053923637,0.04203238617292502,69,1,0
3,main_morgan_r3_67,molecular_fingerprint,0.04590778210562551,0.01119603815126337,72,1,0
3,main_morgan_r3_69,molecular_fingerprint,0.0,0.0,174,1,0
3,main_morgan_r3_70,molecular_fingerprint,0.05325524344833357,0.017560378133008862,65,1,0
3,main_morgan_r3_73,molecular_fingerprint,0.0,0.0,427,0,0
3,main_morgan_r3_74,molecular_fingerprint,0.0,0.0,427,0,0
3,main_morgan_r3_75,molecular_fingerprint,0.0,0.0,427,0,0
3,main_morgan_r3_79,molecular_fingerprint,0.0,0.0,427,0,0
3,main_morgan_r3_80,molecular_fingerprint,0.019047964896178902,-0.004969536442076786,91,1,0
3,main_morgan_r3_81,molecular_fingerprint,0.030421728032589353,0.007459802173026314,79,1,0
3,main_morgan_r3_82,molecular_fingerprint,0.0,0.0,161,1,0
3,main_morgan_r3_83,molecular_fingerprint,0.0,0.0,427,0,0
3,main_morgan_r3_84,molecular_fingerprint,0.0,0.0,427,0,0
3,main_morgan_r3_85,molecular_fingerprint,0.0,0.0,160,1,0
3,main_morgan_r3_88,molecular_fingerprint,0.0,0.0,159,1,0
3,main_morgan_r3_89,molecular_fingerprint,0.0,0.0,427,0,0
3,main_morgan_r3_90,molecular_fingerprint,0.01578260780829523,0.004044524077326058,97,1,0
3,main_morgan_r3_92,molecular_fingerprint,0.0,0.0,427,0,0
3,main_morgan_r3_94,molecular_fingerprint,0.0,0.0,154,1,0
3,main_morgan_r3_95,molecular_fingerprint,0.05961761752764384,0.03187978042496574,59,1,0
3,main_morgan_r3_98,molecular_fingerprint,0.0,0.0,164,1,0
4,Co_FR_fraction,formulation_loading,0.0,0.0,270,1,0
4,Co_FR_present,other,0.0,0.0,238,1,0
4,Cure_Temp_Max,curing_and_preparation,2.648624312685526,-0.06310596072917511,2,1,1
4,CuringAgent_Has_N,molecular_descriptor,0.045419659781877675,0.004592355620913657,65,1,0
4,CuringAgent_Has_P,molecular_descriptor,0.0005767537004969737,-0.0005767537004969737,194,1,0
4,CuringAgent_Has_S,molecular_descriptor,2.072995888032386,0.5681196801466825,3,1,1
4,EP_matrix_Tg,ep_baseline,4.933083950008633,-0.3794393311389987,1,1,1
4,EP_matrix_Tg_sq,ep_baseline,2.0095093525883514,-0.12587637925935546,4,1,1
4,EP_matrix_Tg_sqrt,ep_baseline,1.037909711609756,-0.021457568035657446,6,1,1
4,Has_N,elemental_composition,0.0,0.0,427,0,0
4,Has_P,elemental_composition,0.0031521533805169855,0.0007627863638292719,153,1,0
4,Has_S,elemental_composition,0.0004727772384002393,-3.28815489127818e-05,199,1,0
4,Has_Si,elemental_composition,0.0017767775994926292,-5.249526774436915e-05,172,1,0
4,Loading_total_FR wt%,formulation_loading,0.13444971625728314,-0.007507194036094284,35,1,0
4,Loading_total_FR_sq,formulation_loading,0.03241651931299808,-0.01266313759094002,79,1,0
4,Loading_total_FR_sqrt,formulation_loading,0.01493955233588134,-0.0035769788786516685,109,1,0
4,Loading_x_Synergy,formulation_loading,0.3256516149377852,-0.07317155391800582,19,1,1
4,Main_FR_fraction,formulation_loading,0.0,0.0,427,0,0
4,N/P ratio,elemental_composition,0.1007183521052327,-0.02628264638080171,40,1,0
4,N/P_ratio_sq,elemental_composition,0.0261871447222007,-0.007982215791560991,88,1,0
4,N/P_ratio_sqrt,elemental_composition,0.01634127271500296,-0.006040278534065117,105,1,0
4,N_content wt%,elemental_composition,0.0,0.0,427,0,0
4,N_content_wt%_sq,elemental_composition,0.0,0.0,427,0,0
4,N_content_wt%_sqrt,elemental_composition,0.0,0.0,427,0,0
4,P_B_loading_ratio,formulation_loading,0.04935956951608036,-0.005996322644749419,62,1,0
4,P_B_loading_sum,formulation_loading,0.02065747539877015,-0.009256373323559176,95,1,0
4,P_N_loading_ratio,formulation_loading,0.2969570940493159,-0.1169431539773938,20,1,1
4,P_N_loading_sum,formulation_loading,0.13276224247668253,-0.043666112198957836,36,1,0
4,P_S_loading_ratio,formulation_loading,0.5297238784020306,-0.09281678954103506,13,1,1
4,P_S_loading_sum,formulation_loading,0.26236383145063746,-0.1007572175399858,24,1,0
4,P_Si_loading_product,formulation_loading,0.0030487522755477895,0.0002591018183307756,157,1,0
4,P_Si_loading_ratio,formulation_loading,0.16589726037840605,-0.06384456120980084,29,1,0
4,P_Si_loading_sum,formulation_loading,0.12190862580072834,-0.05357209061824002,37,1,0
4,P_content wt%,elemental_composition,0.16096501709832575,-0.058641501321532535,31,1,0
4,P_content_log,elemental_composition,0.19462274758060188,-0.057442120445701704,27,1,0
4,P_content_sq,elemental_composition,0.0330555759795445,-0.0027622433616070973,78,1,0
4,P_content_sqrt,elemental_composition,0.012141214872326934,-0.0035147359850802983,117,1,0
4,P_content_x_EP_matrix_Tg,formulation_interaction,0.0,0.0,427,0,0
4,P_loading_real,formulation_loading,0.07234202781276614,-0.029553738666369036,53,1,0
4,P_loading_real_sq,formulation_loading,0.0,0.0,427,0,0
4,P_loading_real_sqrt,formulation_loading,0.03729551556942441,-0.010165841497523444,73,1,0
4,P_loading_x_Synergy,formulation_loading,0.9018405890545599,-0.13208091738782296,8,1,1
4,P_x_CuringAgent_Has_N,molecular_descriptor,0.0,0.0,427,0,0
4,P_x_CuringAgent_Has_P,molecular_descriptor,0.0,0.0,256,1,0
4,P_x_CuringAgent_Has_S,molecular_descriptor,0.010006111229077862,-0.00552558242519067,123,1,0
4,P_x_curing_AromaticRings,molecular_descriptor,0.0,0.0,427,0,0
4,P_x_curing_FractionCSP3,molecular_descriptor,0.4166359556912296,-0.1582820423518145,17,1,1
4,P_x_curing_HBA,molecular_descriptor,0.10521904191365909,-0.030105901189840713,38,1,0
4,P_x_curing_HBD,molecular_descriptor,0.0,0.0,427,0,0
4,P_x_curing_HeavyAtomCount,molecular_descriptor,0.05157931469366842,-0.021025187611839677,60,1,0
4,P_x_curing_LogP,molecular_descriptor,0.4584447384309034,-0.15221525237058545,14,1,1
4,P_x_curing_MolWt,molecular_descriptor,0.054250193002741,-0.018702507486070517,59,1,0
4,P_x_curing_RingCount,molecular_descriptor,0.04225660217400961,-0.012740162822360788,68,1,0
4,P_x_curing_RotBonds,molecular_descriptor,0.10195236070183729,-0.03873483824747113,39,1,0
4,P_x_curing_TPSA,molecular_descriptor,0.16476672130712328,-0.08992808568641687,30,1,0
4,Preparation_Method_DOPO-based (Additive + Secondary Crosslinking),curing_and_preparation,0.0,0.0,427,0,0
4,Preparation_Method_DOPO-based (Co-curing),molecular_descriptor,0.0,0.0,427,0,0
4,Preparation_Method_DOPO-based (additive),curing_and_preparation,0.14159846627498657,-0.0076823862267661296,33,1,0
4,Preparation_Method_DOPO-based (reactive),curing_and_preparation,0.0,0.0,427,0,0
4,S/P ratio,elemental_composition,0.010605435688813922,0.00043919435019941185,121,1,0
4,S/P_ratio_sq,elemental_composition,0.002007036107070572,0.001829737292460373,170,1,0
4,S/P_ratio_sqrt,elemental_composition,0.0016387982733862443,-0.0002767503083386045,174,1,0
4,S_content wt%,elemental_composition,0.0,0.0,427,0,0
4,S_content_wt%_sqrt,elemental_composition,0.019174590561586366,0.019174590561586366,97,1,0
4,S_loading_real,formulation_loading,0.0,0.0,427,0,0
4,S_loading_real_sqrt,formulation_loading,0.0,0.0,427,0,0
4,Si/P ratio,elemental_composition,0.008027122221721113,-0.003928275560104306,132,1,0
4,Si/P_ratio_sqrt,elemental_composition,0.009688053850544819,-0.0030352199558520048,124,1,0
4,Si_content wt%,elemental_composition,0.01866054571716058,0.005664726341778145,98,1,0
4,Si_content_wt%_sq,elemental_composition,0.0038332802402092723,0.002179142617069711,148,1,0
4,Si_content_wt%_sqrt,elemental_composition,0.002453354905309323,0.0006292513942025833,166,1,0
4,Si_loading_real,formulation_loading,0.0034784547485927483,0.0008183188757107858,150,1,0
4,Si_loading_real_sq,formulation_loading,0.0,0.0,427,0,0
4,Si_loading_real_sqrt,formulation_loading,0.004815843235868402,0.0008926005193832141,143,1,0
4,Synergy_type_P-N,other,0.06430176725102853,0.002797443593288468,56,1,0
4,Synergy_type_P-N-B,other,1.4562234282493586e-05,1.4562234282493586e-05,230,1,0
4,Synergy_type_P-N-C,other,0.0,0.0,427,0,0
4,Synergy_type_P-N-S,other,0.017355727398784503,0.01733994195922369,102,1,0
4,Synergy_type_P-Si,other,0.007194101742417037,0.007194101742417037,133,1,0
4,Synergy_type_P-only,other,0.0,0.0,427,0,0
4,Synergy_x_EP_matrix_Tg,formulation_interaction,0.6756805658518448,0.15105427164175594,11,1,1
4,co_BalabanJ,other,0.0,0.0,266,1,0
4,co_BertzCT,other,0.0,0.0,268,1,0
4,co_ExactMolWt,molecular_descriptor,0.0,0.0,250,1,0
4,co_HBA,other,0.0,0.0,261,1,0
4,co_HeavyAtomCount,other,0.0,0.0,257,1,0
4,co_Kappa1,other,0.0,0.0,265,1,0
4,co_Kappa2,other,0.0,0.0,264,1,0
4,co_Kappa3,other,0.0,0.0,263,1,0
4,co_LabuteASA,other,0.0,0.0,255,1,0
4,co_LogP,molecular_descriptor,0.0,0.0,258,1,0
4,co_MolMR,other,0.0,0.0,249,1,0
4,co_MolWt,molecular_descriptor,0.0,0.0,251,1,0
4,co_NumHeteroAtoms,molecular_descriptor,0.0,0.0,267,1,0
4,co_NumValenceElectrons,other,0.0,0.0,262,1,0
4,co_RingCount,molecular_descriptor,0.0,0.0,259,1,0
4,co_RotBonds,other,0.0,0.0,260,1,0
4,co_TPSA,molecular_descriptor,0.0,0.0,248,1,0
4,curing_AliphaticRings,molecular_descriptor,0.003052684339366991,0.003052684339366991,156,1,0
4,curing_AromaticRings,molecular_descriptor,0.0,0.0,427,0,0
4,curing_BalabanJ,molecular_descriptor,0.08487037245269338,0.031092701648842733,45,1,0
4,curing_BertzCT,molecular_descriptor,0.14673998474156377,0.04643485606350522,32,1,0
4,curing_ExactMolWt,molecular_descriptor,0.0734765881198756,0.018622416443077206,52,1,0
4,curing_FractionCSP3,molecular_descriptor,0.0510409245057316,0.010072925627399747,61,1,0
4,curing_HBA,molecular_descriptor,0.03562697494426244,-0.0014637786808156365,75,1,0
4,curing_HBD,molecular_descriptor,0.008211332660478849,-0.008211332660478849,128,1,0
4,curing_HeavyAtomCount,molecular_descriptor,0.27966049791123987,0.09276266339881761,21,1,0
4,curing_Kappa1,molecular_descriptor,0.0293598231341457,0.004847742332494819,84,1,0
4,curing_Kappa2,molecular_descriptor,0.03103670367119506,0.018824569193702363,80,1,0
4,curing_Kappa3,molecular_descriptor,0.0,0.0,427,0,0
4,curing_LabuteASA,molecular_descriptor,0.21505345219759164,-0.03341689405325773,26,1,0
4,curing_LogP,molecular_descriptor,0.4404955475317546,0.4404955475317546,15,1,1
4,curing_MolMR,molecular_descriptor,1.061431125543421,-0.12764846585322326,5,1,1
4,curing_MolWt,molecular_descriptor,0.2715266702954304,-0.02676042312614972,22,1,0
4,curing_NHOHCount,molecular_descriptor,0.08680066053402023,-0.0014538484005498893,44,1,0
4,curing_NOCount,molecular_descriptor,0.18973968300801322,0.08945788158281683,28,1,0
4,curing_NumHeteroAtoms,molecular_descriptor,0.02254971918545413,-0.0037855720287943424,92,1,0
4,curing_NumValenceElectrons,molecular_descriptor,0.2575256309191443,0.0811216911252187,25,1,0
4,curing_RingCount,molecular_descriptor,0.0,0.0,236,1,0
4,curing_RotBonds,molecular_descriptor,0.0028931089717230793,0.0028931089717230793,159,1,0
4,curing_SaturatedRings,molecular_descriptor,0.0002559748878357587,-0.0002559748878357587,208,1,0
4,curing_TPSA,molecular_descriptor,0.7095972973755905,0.48517137171148694,10,1,1
4,curing_morgan_r3_100,molecular_fingerprint,0.0,0.0,269,1,0
4,curing_morgan_r3_138,molecular_fingerprint,0.013892858323675619,0.003989475302191243,114,1,0
4,curing_morgan_r3_144,molecular_fingerprint,0.015126198675802532,-0.005888088613239773,108,1,0
4,curing_morgan_r3_147,molecular_fingerprint,0.0030316602405272767,-0.002756233882801435,158,1,0
4,curing_morgan_r3_214,molecular_fingerprint,0.003960005047308557,-0.0009414248572472757,145,1,0
4,curing_morgan_r3_231,molecular_fingerprint,0.09441485104220057,0.09441485104220057,41,1,0
4,curing_morgan_r3_28,molecular_fingerprint,0.0,0.0,427,0,0
4,curing_morgan_r3_295,molecular_fingerprint,0.0,0.0,427,0,0
4,curing_morgan_r3_336,molecular_fingerprint,0.004634363301081098,0.0003578018708396012,144,1,0
4,curing_morgan_r3_337,molecular_fingerprint,0.0,0.0,427,0,0
4,curing_morgan_r3_39,molecular_fingerprint,0.7889683043671756,0.07297129172033029,9,1,1
4,curing_morgan_r3_477,molecular_fingerprint,0.061062425545274496,0.061062425545274496,57,1,0
4,curing_morgan_r3_66,molecular_fingerprint,0.04289950788400516,0.04289950788400516,66,1,0
4,curing_morgan_r3_80,molecular_fingerprint,0.0,0.0,427,0,0
4,main_AromaticCarbocycles,other,0.00918665723949137,-4.4103746861057294e-05,126,1,0
4,main_AromaticHeterocycles,other,0.0,0.0,427,0,0
4,main_AromaticRings,molecular_descriptor,0.04028853003824662,0.023864368421391533,69,1,0
4,main_BalabanJ,other,1.0320081140339528,-0.4300790298857519,7,1,1
4,main_BertzCT,other,0.6602319975322648,-0.3121040171505297,12,1,1
4,main_ExactMolWt,molecular_descriptor,0.0,0.0,427,0,0
4,main_FractionCSP3,molecular_descriptor,0.42254589388027297,-0.08865092685722561,16,1,1
4,main_HBA,other,0.0,0.0,427,0,0
4,main_HeavyAtomCount,other,0.0,0.0,427,0,0
4,main_Kappa1,other,0.0,0.0,427,0,0
4,main_Kappa2,other,0.0,0.0,427,0,0
4,main_Kappa3,other,0.0,0.0,427,0,0
4,main_LabuteASA,other,0.0,0.0,427,0,0
4,main_LogP,molecular_descriptor,0.0,0.0,427,0,0
4,main_MolMR,other,0.0,0.0,427,0,0
4,main_MolWt,molecular_descriptor,0.0,0.0,427,0,0
4,main_NHOHCount,other,0.35912900590460156,-0.07854228275679849,18,1,1
4,main_NumAmideBonds,other,0.0,0.0,427,0,0
4,main_NumValenceElectrons,other,0.0,0.0,427,0,0
4,main_RingCount,molecular_descriptor,0.0,0.0,427,0,0
4,main_co_similarity,other,0.0,0.0,254,1,0
4,main_co_similarity_sq,other,0.0,0.0,253,1,0
4,main_morgan_r3_0,molecular_fingerprint,0.0013885772142115185,-0.0005990060163592851,177,1,0
4,main_morgan_r3_1,molecular_fingerprint,0.0,0.0,427,0,0
4,main_morgan_r3_10,molecular_fingerprint,0.0008727517198443548,-0.0007897040150042069,184,1,0
4,main_morgan_r3_100,molecular_fingerprint,0.0,0.0,427,0,0
4,main_morgan_r3_101,molecular_fingerprint,0.0,0.0,427,0,0
4,main_morgan_r3_102,molecular_fingerprint,0.017655751831447963,-0.004362586960961818,101,1,0
4,main_morgan_r3_103,molecular_fingerprint,0.0,0.0,427,0,0
4,main_morgan_r3_106,molecular_fingerprint,1.5114652234371063e-06,-1.5114652234371063e-06,233,1,0
4,main_morgan_r3_111,molecular_fingerprint,0.00044073826322952903,-0.00040100060541320735,201,1,0
4,main_morgan_r3_116,molecular_fingerprint,0.0,0.0,427,0,0
4,main_morgan_r3_117,molecular_fingerprint,0.0,0.0,427,0,0
4,main_morgan_r3_118,molecular_fingerprint,0.0015581426931614126,0.0002136897641941214,175,1,0
4,main_morgan_r3_119,molecular_fingerprint,0.0,0.0,427,0,0
4,main_morgan_r3_12,molecular_fingerprint,0.0,0.0,427,0,0
4,main_morgan_r3_120,molecular_fingerprint,0.07439916153783324,-0.07439916153783324,51,1,0
4,main_morgan_r3_124,molecular_fingerprint,3.511490550375097e-05,-2.9739161039254185e-05,226,1,0
4,main_morgan_r3_125,molecular_fingerprint,0.0,0.0,240,1,0
4,main_morgan_r3_126,molecular_fingerprint,0.0,0.0,427,0,0
4,main_morgan_r3_128,molecular_fingerprint,0.0,0.0,427,0,0
4,main_morgan_r3_13,molecular_fingerprint,0.0,0.0,427,0,0
4,main_morgan_r3_130,molecular_fingerprint,0.0,0.0,427,0,0
4,main_morgan_r3_131,molecular_fingerprint,0.0,0.0,427,0,0
4,main_morgan_r3_132,molecular_fingerprint,0.0,0.0,427,0,0
4,main_morgan_r3_137,molecular_fingerprint,0.0,0.0,427,0,0
4,main_morgan_r3_139,molecular_fingerprint,0.0023360698039781437,0.00018511687224316936,168,1,0
4,main_morgan_r3_14,molecular_fingerprint,0.000492150924573825,-0.0003101690961651644,197,1,0
4,main_morgan_r3_140,molecular_fingerprint,0.0,0.0,427,0,0
4,main_morgan_r3_145,molecular_fingerprint,0.0,0.0,427,0,0
4,main_morgan_r3_146,molecular_fingerprint,0.017133038740085555,-0.0036544836253139053,103,1,0
4,main_morgan_r3_147,molecular_fingerprint,0.0,0.0,427,0,0
4,main_morgan_r3_15,molecular_fingerprint,0.0007307682751626187,0.0001167659490386507,189,1,0
4,main_morgan_r3_151,molecular_fingerprint,0.0038537611825288174,-0.0038537611825288174,147,1,0
4,main_morgan_r3_152,molecular_fingerprint,0.00024673187406733634,0.0001768248655005462,209,1,0
4,main_morgan_r3_16,molecular_fingerprint,2.056036178988439e-06,1.3113199491743688e-06,232,1,0
4,main_morgan_r3_161,molecular_fingerprint,0.0,0.0,427,0,0
4,main_morgan_r3_162,molecular_fingerprint,0.0,0.0,427,0,0
4,main_morgan_r3_163,molecular_fingerprint,0.0,0.0,427,0,0
4,main_morgan_r3_164,molecular_fingerprint,0.0751082783352575,0.0751082783352575,50,1,0
4,main_morgan_r3_165,molecular_fingerprint,0.0,0.0,239,1,0
4,main_morgan_r3_166,molecular_fingerprint,0.0,0.0,427,0,0
4,main_morgan_r3_167,molecular_fingerprint,0.0,0.0,427,0,0
4,main_morgan_r3_168,molecular_fingerprint,0.002387049022002396,-0.0007811097598352245,167,1,0
4,main_morgan_r3_173,molecular_fingerprint,0.0,0.0,237,1,0
4,main_morgan_r3_174,molecular_fingerprint,0.000385806684261533,-3.098696530624121e-05,204,1,0
4,main_morgan_r3_176,molecular_fingerprint,0.0,0.0,427,0,0
4,main_morgan_r3_177,molecular_fingerprint,0.0,0.0,427,0,0
4,main_morgan_r3_178,molecular_fingerprint,0.0,0.0,427,0,0
4,main_morgan_r3_179,molecular_fingerprint,0.0,0.0,427,0,0
4,main_morgan_r3_18,molecular_fingerprint,0.0053744912080044204,0.0020128626207696026,139,1,0
4,main_morgan_r3_180,molecular_fingerprint,3.926438512280585e-05,3.824335669546769e-05,225,1,0
4,main_morgan_r3_181,molecular_fingerprint,0.0,0.0,427,0,0
4,main_morgan_r3_183,molecular_fingerprint,0.0,0.0,427,0,0
4,main_morgan_r3_185,molecular_fingerprint,0.00031235786249723154,0.00026669561750841924,207,1,0
4,main_morgan_r3_186,molecular_fingerprint,0.027635809589183834,-0.011709366974763628,87,1,0
4,main_morgan_r3_189,molecular_fingerprint,3.376087570493972e-05,-1.103272299385733e-05,227,1,0
4,main_morgan_r3_19,molecular_fingerprint,0.0,0.0,427,0,0
4,main_morgan_r3_190,molecular_fingerprint,0.0,0.0,427,0,0
4,main_morgan_r3_191,molecular_fingerprint,0.029369352266205375,-0.004046785832572453,83,1,0
4,main_morgan_r3_192,molecular_fingerprint,0.0007088866794085204,4.4381308791882974e-05,191,1,0
4,main_morgan_r3_193,molecular_fingerprint,0.0,0.0,427,0,0
4,main_morgan_r3_196,molecular_fingerprint,0.0016518532208822398,5.003803651090017e-05,173,1,0
4,main_morgan_r3_197,molecular_fingerprint,0.0056542629143654325,-0.0022513952142024347,137,1,0
4,main_morgan_r3_198,molecular_fingerprint,3.1529794688578006e-06,-3.1529794688578006e-06,231,1,0
4,main_morgan_r3_199,molecular_fingerprint,0.0,0.0,427,0,0
4,main_morgan_r3_2,molecular_fingerprint,0.0,0.0,427,0,0
4,main_morgan_r3_20,molecular_fingerprint,0.0004158280149567872,0.00016920905217476603,202,1,0
4,main_morgan_r3_201,molecular_fingerprint,0.0,0.0,427,0,0
4,main_morgan_r3_203,molecular_fingerprint,0.0009841945272637531,-0.0004980958165833727,181,1,0
4,main_morgan_r3_204,molecular_fingerprint,0.030054243081777468,-0.022694301126024653,81,1,0
4,main_morgan_r3_205,molecular_fingerprint,0.001974014154445657,-0.001540547709187701,171,1,0
4,main_morgan_r3_206,molecular_fingerprint,0.012834559861329142,0.001030949470996685,116,1,0
4,main_morgan_r3_208,molecular_fingerprint,0.27020321209669224,0.12391476259622895,23,1,0
4,main_morgan_r3_209,molecular_fingerprint,0.004926043533487245,0.004926043533487245,141,1,0
4,main_morgan_r3_21,molecular_fingerprint,0.0,0.0,427,0,0
4,main_morgan_r3_210,molecular_fingerprint,0.0,0.0,243,1,0
4,main_morgan_r3_211,molecular_fingerprint,0.0,0.0,427,0,0
4,main_morgan_r3_213,molecular_fingerprint,0.0,0.0,427,0,0
4,main_morgan_r3_216,molecular_fingerprint,0.0,0.0,427,0,0
4,main_morgan_r3_218,molecular_fingerprint,0.0,0.0,427,0,0
4,main_morgan_r3_22,molecular_fingerprint,0.02309622097242498,-0.007616666233090521,91,1,0
4,main_morgan_r3_221,molecular_fingerprint,0.0,0.0,427,0,0
4,main_morgan_r3_226,molecular_fingerprint,0.0,0.0,427,0,0
4,main_morgan_r3_227,molecular_fingerprint,0.021201685789074633,-0.005477622222921734,94,1,0
4,main_morgan_r3_229,molecular_fingerprint,0.0,0.0,427,0,0
4,main_morgan_r3_23,molecular_fingerprint,0.0,0.0,427,0,0
4,main_morgan_r3_231,molecular_fingerprint,0.0,0.0,427,0,0
4,main_morgan_r3_233,molecular_fingerprint,0.033323921992883296,-0.01159679095110429,77,1,0
4,main_morgan_r3_236,molecular_fingerprint,0.003944338264118413,-0.003944338264118413,146,1,0
4,main_morgan_r3_238,molecular_fingerprint,4.662203567999379e-05,4.662203567999379e-05,224,1,0
4,main_morgan_r3_24,molecular_fingerprint,0.0,0.0,427,0,0
4,main_morgan_r3_241,molecular_fingerprint,0.0,0.0,427,0,0
4,main_morgan_r3_242,molecular_fingerprint,0.0,0.0,427,0,0
4,main_morgan_r3_243,molecular_fingerprint,0.013498149919409858,-0.007271575066174761,115,1,0
4,main_morgan_r3_244,molecular_fingerprint,0.0,0.0,427,0,0
4,main_morgan_r3_246,molecular_fingerprint,0.0393290435713802,-0.0393290435713802,70,1,0
4,main_morgan_r3_248,molecular_fingerprint,0.006595074222530929,-0.003948589752156598,135,1,0
4,main_morgan_r3_25,molecular_fingerprint,0.0,0.0,427,0,0
4,main_morgan_r3_250,molecular_fingerprint,0.0,0.0,427,0,0
4,main_morgan_r3_251,molecular_fingerprint,0.014202897419046269,-0.003162542467213858,113,1,0
4,main_morgan_r3_257,molecular_fingerprint,0.0007574330691110206,-0.0002420553075218643,187,1,0
4,main_morgan_r3_259,molecular_fingerprint,0.004955838726385049,-0.0011031036196638728,140,1,0
4,main_morgan_r3_26,molecular_fingerprint,3.108448038498561e-05,-3.108448038498561e-05,228,1,0
4,main_morgan_r3_261,molecular_fingerprint,0.0007953444046735833,-0.0007708219389853722,185,1,0
4,main_morgan_r3_265,molecular_fingerprint,0.0011197022546871767,4.21671672288707e-05,180,1,0
4,main_morgan_r3_266,molecular_fingerprint,0.0009554945866963222,-0.0007662447307127339,183,1,0
4,main_morgan_r3_268,molecular_fingerprint,0.0,0.0,246,1,0
4,main_morgan_r3_27,molecular_fingerprint,0.010770747734177685,0.006566435776681086,119,1,0
4,main_morgan_r3_271,molecular_fingerprint,0.0,0.0,427,0,0
4,main_morgan_r3_277,molecular_fingerprint,8.52876442001649e-05,-3.617743159540826e-05,213,1,0
4,main_morgan_r3_28,molecular_fingerprint,0.0,0.0,427,0,0
4,main_morgan_r3_281,molecular_fingerprint,0.0,0.0,427,0,0
4,main_morgan_r3_285,molecular_fingerprint,0.0,0.0,427,0,0
4,main_morgan_r3_286,molecular_fingerprint,0.0032121685682472553,-0.0025101199531086926,152,1,0
4,main_morgan_r3_287,molecular_fingerprint,0.02926136299122138,-0.017104793200177715,85,1,0
4,main_morgan_r3_288,molecular_fingerprint,0.0,0.0,427,0,0
4,main_morgan_r3_289,molecular_fingerprint,0.0,0.0,427,0,0
4,main_morgan_r3_29,molecular_fingerprint,0.0,0.0,427,0,0
4,main_morgan_r3_290,molecular_fingerprint,0.0026795412390492853,0.001521056208466352,162,1,0
4,main_morgan_r3_292,molecular_fingerprint,0.0,0.0,427,0,0
4,main_morgan_r3_293,molecular_fingerprint,0.0027497977389376272,0.0015616709158833449,160,1,0
4,main_morgan_r3_295,molecular_fingerprint,0.02218778579317283,-0.005063682803462076,93,1,0
4,main_morgan_r3_30,molecular_fingerprint,0.0,0.0,427,0,0
4,main_morgan_r3_300,molecular_fingerprint,0.01781627645112436,0.0003578353926746383,99,1,0
4,main_morgan_r3_301,molecular_fingerprint,0.0005222378046838224,0.0004980872719790094,195,1,0
4,main_morgan_r3_303,molecular_fingerprint,0.00019091601893133316,6.044880172272246e-05,210,1,0
4,main_morgan_r3_304,molecular_fingerprint,0.0,0.0,427,0,0
4,main_morgan_r3_305,molecular_fingerprint,0.08070464122217984,0.018316677962634628,47,1,0
4,main_morgan_r3_306,molecular_fingerprint,0.0,0.0,427,0,0
4,main_morgan_r3_307,molecular_fingerprint,0.09105973230563301,-0.03439714073257939,42,1,0
4,main_morgan_r3_308,molecular_fingerprint,0.0,0.0,427,0,0
4,main_morgan_r3_31,molecular_fingerprint,0.00041358977079788154,0.0003570703516015784,203,1,0
4,main_morgan_r3_314,molecular_fingerprint,0.0,0.0,427,0,0
4,main_morgan_r3_315,molecular_fingerprint,0.002526319353233299,-0.000630571621220076,163,1,0
4,main_morgan_r3_317,molecular_fingerprint,0.0802407336404549,-0.07844792672573626,48,1,0
4,main_morgan_r3_318,molecular_fingerprint,6.789114809146631e-05,-5.9536390989604924e-05,219,1,0
4,main_morgan_r3_319,molecular_fingerprint,0.008065802923223666,-0.005284830833600912,131,1,0
4,main_morgan_r3_32,molecular_fingerprint,0.0,0.0,427,0,0
4,main_morgan_r3_322,molecular_fingerprint,0.020435348385858733,0.0006594364831431045,96,1,0
4,main_morgan_r3_324,molecular_fingerprint,0.0,0.0,427,0,0
4,main_morgan_r3_326,molecular_fingerprint,0.0,0.0,427,0,0
4,main_morgan_r3_328,molecular_fingerprint,0.0,0.0,427,0,0
4,main_morgan_r3_329,molecular_fingerprint,0.010127795779812408,-0.00522342860309571,122,1,0
4,main_morgan_r3_33,molecular_fingerprint,0.03786436772551597,-0.014659665353296818,72,1,0
4,main_morgan_r3_330,molecular_fingerprint,0.014830663111211768,0.005910591155881301,111,1,0
4,main_morgan_r3_331,molecular_fingerprint,0.13801398592077424,-0.014329869541806046,34,1,0
4,main_morgan_r3_333,molecular_fingerprint,0.0,0.0,427,0,0
4,main_morgan_r3_335,molecular_fingerprint,0.0,0.0,427,0,0
4,main_morgan_r3_336,molecular_fingerprint,6.733711377752048e-05,-6.733711377752048e-05,221,1,0
4,main_morgan_r3_338,molecular_fingerprint,0.042272714111728685,-0.020842377852117077,67,1,0
4,main_morgan_r3_34,molecular_fingerprint,6.003692138215731e-05,4.3300492300962415e-05,222,1,0
4,main_morgan_r3_340,molecular_fingerprint,5.087179166299324e-05,-3.980478202855146e-05,223,1,0
4,main_morgan_r3_341,molecular_fingerprint,0.0,0.0,427,0,0
4,main_morgan_r3_344,molecular_fingerprint,0.010766428363405996,-0.008760999564633325,120,1,0
4,main_morgan_r3_346,molecular_fingerprint,0.03668408129321135,-0.011859843091547697,74,1,0
4,main_morgan_r3_351,molecular_fingerprint,0.0,0.0,427,0,0
4,main_morgan_r3_354,molecular_fingerprint,0.07179933047370504,-0.020082170980879003,54,1,0
4,main_morgan_r3_357,molecular_fingerprint,0.029860019618494403,-0.004408223172153897,82,1,0
4,main_morgan_r3_358,molecular_fingerprint,0.0,0.0,241,1,0
4,main_morgan_r3_36,molecular_fingerprint,0.0,0.0,242,1,0
4,main_morgan_r3_360,molecular_fingerprint,0.0,0.0,427,0,0
4,main_morgan_r3_361,molecular_fingerprint,0.0007739307657229125,4.360922181081982e-05,186,1,0
4,main_morgan_r3_363,molecular_fingerprint,0.0,0.0,427,0,0
4,main_morgan_r3_365,molecular_fingerprint,0.009259303461326958,-0.003435116826106052,125,1,0
4,main_morgan_r3_366,molecular_fingerprint,0.006105906503405464,0.00014630318789083245,136,1,0
4,main_morgan_r3_367,molecular_fingerprint,0.0,0.0,427,0,0
4,main_morgan_r3_370,molecular_fingerprint,8.131142153784083e-05,8.131142153784083e-05,216,1,0
4,main_morgan_r3_371,molecular_fingerprint,0.0030544741083630713,0.0007200267409616906,155,1,0
4,main_morgan_r3_374,molecular_fingerprint,0.008139238761359595,0.008088882846991679,130,1,0
4,main_morgan_r3_375,molecular_fingerprint,0.0156923750417708,-0.0003302810863587419,107,1,0
4,main_morgan_r3_379,molecular_fingerprint,0.0,0.0,427,0,0
4,main_morgan_r3_381,molecular_fingerprint,0.0,0.0,427,0,0
4,main_morgan_r3_384,molecular_fingerprint,1.7713153631322915e-05,-1.7713153631322915e-05,229,1,0
4,main_morgan_r3_385,molecular_fingerprint,0.0007231580226518281,0.0004882029463381818,190,1,0
4,main_morgan_r3_386,molecular_fingerprint,0.034579109722512345,-0.006897843802456648,76,1,0
4,main_morgan_r3_387,molecular_fingerprint,0.0,0.0,427,0,0
4,main_morgan_r3_389,molecular_fingerprint,0.0,0.0,427,0,0
4,main_morgan_r3_390,molecular_fingerprint,0.011356679142287857,-0.004702925512699746,118,1,0
4,main_morgan_r3_393,molecular_fingerprint,0.014886789223690154,0.0017397352935060756,110,1,0
4,main_morgan_r3_398,molecular_fingerprint,0.000732750016538409,0.0004193566970126187,188,1,0
4,main_morgan_r3_399,molecular_fingerprint,0.06710283550756116,-0.006592771489015807,55,1,0
4,main_morgan_r3_4,molecular_fingerprint,0.016778636450568835,0.016778636450568835,104,1,0
4,main_morgan_r3_40,molecular_fingerprint,0.0,0.0,247,1,0
4,main_morgan_r3_400,molecular_fingerprint,0.0,0.0,427,0,0
4,main_morgan_r3_401,molecular_fingerprint,0.0,0.0,427,0,0
4,main_morgan_r3_405,molecular_fingerprint,6.780770348591936e-05,-6.780770348591936e-05,220,1,0
4,main_morgan_r3_406,molecular_fingerprint,0.0808483158571956,-0.027401410635146825,46,1,0
4,main_morgan_r3_409,molecular_fingerprint,8.427018265205401e-05,3.6552088266169586e-05,214,1,0
4,main_morgan_r3_41,molecular_fingerprint,0.0013508789185181272,-0.0008255505272757514,178,1,0
4,main_morgan_r3_412,molecular_fingerprint,0.0,0.0,427,0,0
4,main_morgan_r3_413,molecular_fingerprint,0.0,0.0,427,0,0
4,main_morgan_r3_415,molecular_fingerprint,0.0,0.0,427,0,0
4,main_morgan_r3_418,molecular_fingerprint,0.00018413583989496584,0.0001532861944805417,211,1,0
4,main_morgan_r3_419,molecular_fingerprint,0.0,0.0,427,0,0
4,main_morgan_r3_42,molecular_fingerprint,0.0,0.0,245,1,0
4,main_morgan_r3_420,molecular_fingerprint,0.0006277403574764588,-0.0005371089503858927,192,1,0
4,main_morgan_r3_421,molecular_fingerprint,0.0,0.0,427,0,0
4,main_morgan_r3_423,molecular_fingerprint,0.029159618217252308,-1.8015533720178058e-05,86,1,0
4,main_morgan_r3_425,molecular_fingerprint,0.0,0.0,427,0,0
4,main_morgan_r3_426,molecular_fingerprint,0.0,0.0,427,0,0
4,main_morgan_r3_428,molecular_fingerprint,0.0,0.0,427,0,0
4,main_morgan_r3_43,molecular_fingerprint,0.0004770534149267609,5.243266673965579e-05,198,1,0
4,main_morgan_r3_430,molecular_fingerprint,7.606795954483527e-05,-7.606795954483527e-05,218,1,0
4,main_morgan_r3_432,molecular_fingerprint,0.0024989081411250585,-0.002118805560444511,164,1,0
4,main_morgan_r3_433,molecular_fingerprint,0.0,0.0,427,0,0
4,main_morgan_r3_434,molecular_fingerprint,0.0,0.0,427,0,0
4,main_morgan_r3_438,molecular_fingerprint,0.0,0.0,427,0,0
4,main_morgan_r3_44,molecular_fingerprint,9.656104224699515e-07,-9.656104224699515e-07,234,1,0
4,main_morgan_r3_441,molecular_fingerprint,0.0,0.0,427,0,0
4,main_morgan_r3_442,molecular_fingerprint,0.016121108827377346,-0.0014841705671170967,106,1,0
4,main_morgan_r3_448,molecular_fingerprint,0.0006142428272869438,-0.000270570910199442,193,1,0
4,main_morgan_r3_449,molecular_fingerprint,0.001130901855261375,0.00020767906620339647,179,1,0
4,main_morgan_r3_452,molecular_fingerprint,0.0024861003034230733,0.002470654290583398,165,1,0
4,main_morgan_r3_453,molecular_fingerprint,0.0,0.0,427,0,0
4,main_morgan_r3_456,molecular_fingerprint,0.00037167619523609534,8.240692759432863e-05,205,1,0
4,main_morgan_r3_460,molecular_fingerprint,0.014340324817247969,-0.011143553969283213,112,1,0
4,main_morgan_r3_463,molecular_fingerprint,0.0003239224280265194,-0.0003239224280265194,206,1,0
4,main_morgan_r3_464,molecular_fingerprint,0.0,0.0,252,1,0
4,main_morgan_r3_469,molecular_fingerprint,0.0,0.0,427,0,0
4,main_morgan_r3_473,molecular_fingerprint,0.00699955202388217,-0.0017067617438738976,134,1,0
4,main_morgan_r3_474,molecular_fingerprint,0.00321614897135145,0.00321614897135145,151,1,0
4,main_morgan_r3_476,molecular_fingerprint,0.005553779176488105,0.000650741402986804,138,1,0
4,main_morgan_r3_479,molecular_fingerprint,0.008172095052777202,-0.008172095052777202,129,1,0
4,main_morgan_r3_48,molecular_fingerprint,0.0,0.0,427,0,0
4,main_morgan_r3_480,molecular_fingerprint,8.139839257906985e-05,-4.212076051367648e-06,215,1,0
4,main_morgan_r3_481,molecular_fingerprint,0.0,0.0,427,0,0
4,main_morgan_r3_485,molecular_fingerprint,0.0,0.0,427,0,0
4,main_morgan_r3_486,molecular_fingerprint,0.0,0.0,427,0,0
4,main_morgan_r3_488,molecular_fingerprint,0.00307533740962821,-8.707158612432213e-06,154,1,0
4,main_morgan_r3_492,molecular_fingerprint,0.000967973480410701,-0.00041492535312297863,182,1,0
4,main_morgan_r3_493,molecular_fingerprint,0.004884265633461635,-0.004884265633461635,142,1,0
4,main_morgan_r3_494,molecular_fingerprint,0.0,0.0,427,0,0
4,main_morgan_r3_495,molecular_fingerprint,0.05885922044329668,-0.017984522085079568,58,1,0
4,main_morgan_r3_496,molecular_fingerprint,0.017799633417701074,-0.0061282486248226764,100,1,0
4,main_morgan_r3_50,molecular_fingerprint,0.002145405580220674,-0.00044424462632310633,169,1,0
4,main_morgan_r3_500,molecular_fingerprint,0.0,0.0,427,0,0
4,main_morgan_r3_501,molecular_fingerprint,0.08931776159338403,0.003556486590802064,43,1,0
4,main_morgan_r3_502,molecular_fingerprint,0.0,0.0,427,0,0
4,main_morgan_r3_507,molecular_fingerprint,0.0,0.0,427,0,0
4,main_morgan_r3_51,molecular_fingerprint,0.00044130923260969125,-0.00028025573498948863,200,1,0
4,main_morgan_r3_54,molecular_fingerprint,0.0,0.0,427,0,0
4,main_morgan_r3_55,molecular_fingerprint,0.04813494057378127,-0.04648953863587478,63,1,0
4,main_morgan_r3_56,molecular_fingerprint,0.0,0.0,427,0,0
4,main_morgan_r3_58,molecular_fingerprint,0.0,0.0,244,1,0
4,main_morgan_r3_59,molecular_fingerprint,0.0,0.0,427,0,0
4,main_morgan_r3_60,molecular_fingerprint,0.045646649389215144,-0.011246707830610426,64,1,0
4,main_morgan_r3_61,molecular_fingerprint,0.02522017410003442,0.004998762577608296,89,1,0
4,main_morgan_r3_63,molecular_fingerprint,0.0,0.0,427,0,0
4,main_morgan_r3_66,molecular_fingerprint,0.0,0.0,427,0,0
4,main_morgan_r3_67,molecular_fingerprint,7.960487553780829e-05,2.4067120523088517e-05,217,1,0
4,main_morgan_r3_69,molecular_fingerprint,0.03799097329184102,-0.03799097329184102,71,1,0
4,main_morgan_r3_70,molecular_fingerprint,0.002701813001832407,0.0013304058533524059,161,1,0
4,main_morgan_r3_73,molecular_fingerprint,0.0,0.0,427,0,0
4,main_morgan_r3_74,molecular_fingerprint,0.0,0.0,427,0,0
4,main_morgan_r3_75,molecular_fingerprint,0.0,0.0,427,0,0
4,main_morgan_r3_79,molecular_fingerprint,0.008632239628361143,-0.0023811050508218746,127,1,0
4,main_morgan_r3_80,molecular_fingerprint,0.07938262942698064,-0.006875286940715647,49,1,0
4,main_morgan_r3_81,molecular_fingerprint,0.003626921012473758,-0.0003115991122602415,149,1,0
4,main_morgan_r3_82,molecular_fingerprint,0.001486377967715574,0.00018702095385244173,176,1,0
4,main_morgan_r3_83,molecular_fingerprint,0.0,0.0,427,0,0
4,main_morgan_r3_84,molecular_fingerprint,0.0001616623375944241,3.0195205127475383e-06,212,1,0
4,main_morgan_r3_85,molecular_fingerprint,0.0,0.0,427,0,0
4,main_morgan_r3_88,molecular_fingerprint,0.0,0.0,427,0,0
4,main_morgan_r3_89,molecular_fingerprint,0.0,0.0,427,0,0
4,main_morgan_r3_90,molecular_fingerprint,0.0,0.0,427,0,0
4,main_morgan_r3_92,molecular_fingerprint,0.0,0.0,427,0,0
4,main_morgan_r3_94,molecular_fingerprint,0.0005022467773394765,-0.00024688088901004656,196,1,0
4,main_morgan_r3_95,molecular_fingerprint,0.023411834792339627,-0.01487478306405979,90,1,0
4,main_morgan_r3_98,molecular_fingerprint,6.948124306897324e-07,-6.948124306897324e-07,235,1,0
5,Co_FR_fraction,formulation_loading,0.0,0.0,427,0,0
5,Co_FR_present,other,0.0,0.0,427,0,0
5,Cure_Temp_Max,curing_and_preparation,1.4236681162947262,0.17080241014199082,3,1,1
5,CuringAgent_Has_N,molecular_descriptor,0.1324336880499808,-0.059809346651675636,45,1,0
5,CuringAgent_Has_P,molecular_descriptor,0.0,0.0,261,1,0
5,CuringAgent_Has_S,molecular_descriptor,1.3190602534632978,0.021786431998091958,5,1,1
5,EP_matrix_Tg,ep_baseline,4.167201701893543,-0.2058119842442992,1,1,1
5,EP_matrix_Tg_sq,ep_baseline,1.4011665924778582,-0.08170066206431974,4,1,1
5,EP_matrix_Tg_sqrt,ep_baseline,0.9147354443134206,-0.05839410529737639,7,1,1
5,Has_N,elemental_composition,0.0015865128737749294,-1.2420485414892252e-05,192,1,0
5,Has_P,elemental_composition,0.0008676595166239336,0.00014946297281076784,199,1,0
5,Has_S,elemental_composition,0.0,0.0,427,0,0
5,Has_Si,elemental_composition,0.0,0.0,427,0,0
5,Loading_total_FR wt%,formulation_loading,0.08779894429797355,-0.05948351318337124,58,1,0
5,Loading_total_FR_sq,formulation_loading,0.026520348209236957,-0.020920053358946738,97,1,0
5,Loading_total_FR_sqrt,formulation_loading,0.011967229928656405,-0.000492868566237761,128,1,0
5,Loading_x_Synergy,formulation_loading,0.12801170092733458,0.04093386634680496,47,1,0
5,Main_FR_fraction,formulation_loading,0.0007085598955745808,3.9014946787911305e-05,204,1,0
5,N/P ratio,elemental_composition,0.07837360365909665,-0.035363156865367076,63,1,0
5,N/P_ratio_sq,elemental_composition,0.03296959695050274,-0.016723535724646625,92,1,0
5,N/P_ratio_sqrt,elemental_composition,0.00943942268878918,-0.00077014237866226,133,1,0
5,N_content wt%,elemental_composition,0.19650296410804544,0.060680813131272146,34,1,0
5,N_content_wt%_sq,elemental_composition,0.0,0.0,427,0,0
5,N_content_wt%_sqrt,elemental_composition,0.07170870786587194,0.027449608871155995,65,1,0
5,P_B_loading_ratio,formulation_loading,0.05096781888204902,0.001933051937769592,74,1,0
5,P_B_loading_sum,formulation_loading,0.03347831882691229,0.008221214768585658,91,1,0
5,P_N_loading_ratio,formulation_loading,0.37303461269726246,-0.073363817656896,17,1,1
5,P_N_loading_sum,formulation_loading,0.1869812348391962,0.07600875907406522,38,1,0
5,P_S_loading_ratio,formulation_loading,0.34928457853737405,-0.05064974538781628,19,1,1
5,P_S_loading_sum,formulation_loading,0.5672017729687197,0.2134425034726107,12,1,1
5,P_Si_loading_product,formulation_loading,0.0007458679497681766,0.00047973534131112196,203,1,0
5,P_Si_loading_ratio,formulation_loading,0.3090963311869375,0.06789075103622359,22,1,0
5,P_Si_loading_sum,formulation_loading,0.09248274235557294,0.0027137485265747146,56,1,0
5,P_content wt%,elemental_composition,0.11565389440647775,0.002626774371483745,49,1,0
5,P_content_log,elemental_composition,0.32118300197576216,0.008513972814223421,20,1,1
5,P_content_sq,elemental_composition,0.06571317906484855,0.012792225396561087,68,1,0
5,P_content_sqrt,elemental_composition,0.011722573772308184,0.004409598148428847,129,1,0
5,P_content_x_EP_matrix_Tg,formulation_interaction,0.2119220386532753,0.05887823008123194,30,1,0
5,P_loading_real,formulation_loading,0.03706475956672673,0.00956513330836228,87,1,0
5,P_loading_real_sq,formulation_loading,0.023368725931935907,0.011777462107862381,104,1,0
5,P_loading_real_sqrt,formulation_loading,0.01393800769178698,0.002999757602602014,122,1,0
5,P_loading_x_Synergy,formulation_loading,0.3869914455182582,0.16663998845326547,16,1,1
5,P_x_CuringAgent_Has_N,molecular_descriptor,0.0,0.0,427,0,0
5,P_x_CuringAgent_Has_P,molecular_descriptor,0.0,0.0,264,1,0
5,P_x_CuringAgent_Has_S,molecular_descriptor,0.01203919045092469,0.00988933133099366,127,1,0
5,P_x_curing_AromaticRings,molecular_descriptor,0.0,0.0,427,0,0
5,P_x_curing_FractionCSP3,molecular_descriptor,0.04307542308387148,-0.025696002024225083,81,1,0
5,P_x_curing_HBA,molecular_descriptor,0.04954411493813461,0.013157211308767994,76,1,0
5,P_x_curing_HBD,molecular_descriptor,0.26772629195642705,0.05717061150330698,23,1,0
5,P_x_curing_HeavyAtomCount,molecular_descriptor,0.03658029885717782,-0.027858208940692915,88,1,0
5,P_x_curing_LogP,molecular_descriptor,0.18891372980831406,-0.031112401700912513,37,1,0
5,P_x_curing_MolWt,molecular_descriptor,0.04477871846139789,0.01584979181072817,80,1,0
5,P_x_curing_RingCount,molecular_descriptor,0.1114365892204983,0.040105977244025724,50,1,0
5,P_x_curing_RotBonds,molecular_descriptor,0.2570086519173923,-0.036079707183614834,24,1,0
5,P_x_curing_TPSA,molecular_descriptor,0.07990223006664464,0.03047700848467515,62,1,0
5,Preparation_Method_DOPO-based (Additive + Secondary Crosslinking),curing_and_preparation,0.0002777011061294211,-0.0002739692289658167,229,1,0
5,Preparation_Method_DOPO-based (Co-curing),molecular_descriptor,0.0,0.0,427,0,0
5,Preparation_Method_DOPO-based (additive),curing_and_preparation,0.0,0.0,427,0,0
5,Preparation_Method_DOPO-based (reactive),curing_and_preparation,0.061264191095298744,-0.003967084335681982,70,1,0
5,S/P ratio,elemental_composition,0.0,0.0,427,0,0
5,S/P_ratio_sq,elemental_composition,0.0,0.0,427,0,0
5,S/P_ratio_sqrt,elemental_composition,0.0,0.0,427,0,0
5,S_content wt%,elemental_composition,0.0,0.0,427,0,0
5,S_content_wt%_sqrt,elemental_composition,0.0,0.0,427,0,0
5,S_loading_real,formulation_loading,0.0,0.0,427,0,0
5,S_loading_real_sqrt,formulation_loading,0.0,0.0,427,0,0
5,Si/P ratio,elemental_composition,0.0,0.0,427,0,0
5,Si/P_ratio_sqrt,elemental_composition,0.0,0.0,427,0,0
5,Si_content wt%,elemental_composition,0.02164004588708512,-0.0030908892729240955,106,1,0
5,Si_content_wt%_sq,elemental_composition,0.002479139155922759,0.0011182386425746325,175,1,0
5,Si_content_wt%_sqrt,elemental_composition,0.004461952308392264,0.001535009510132821,163,1,0
5,Si_loading_real,formulation_loading,0.006210830626466,0.0007369305434123682,150,1,0
5,Si_loading_real_sq,formulation_loading,0.0,0.0,427,0,0
5,Si_loading_real_sqrt,formulation_loading,0.006000814650844268,0.0018464814073053681,151,1,0
5,Synergy_type_P-N,other,0.0,0.0,427,0,0
5,Synergy_type_P-N-B,other,0.0,0.0,258,1,0
5,Synergy_type_P-N-C,other,0.0,0.0,427,0,0
5,Synergy_type_P-N-S,other,0.0,0.0,427,0,0
5,Synergy_type_P-Si,other,0.0012414572625722793,-0.0010235844964497818,195,1,0
5,Synergy_type_P-only,other,0.0006591267759709067,0.000651531147401935,205,1,0
5,Synergy_x_EP_matrix_Tg,formulation_interaction,0.5462068826173223,0.05949995579400248,13,1,1
5,co_BalabanJ,other,0.0,0.0,270,1,0
5,co_BertzCT,other,0.0,0.0,427,0,0
5,co_ExactMolWt,molecular_descriptor,0.0,0.0,427,0,0
5,co_HBA,other,0.0,0.0,427,0,0
5,co_HeavyAtomCount,other,0.0,0.0,427,0,0
5,co_Kappa1,other,0.0,0.0,427,0,0
5,co_Kappa2,other,0.0,0.0,427,0,0
5,co_Kappa3,other,0.0,0.0,427,0,0
5,co_LabuteASA,other,0.0,0.0,427,0,0
5,co_LogP,molecular_descriptor,0.0,0.0,427,0,0
5,co_MolMR,other,0.0,0.0,427,0,0
5,co_MolWt,molecular_descriptor,0.0,0.0,427,0,0
5,co_NumHeteroAtoms,molecular_descriptor,0.0,0.0,269,1,0
5,co_NumValenceElectrons,other,0.0,0.0,427,0,0
5,co_RingCount,molecular_descriptor,0.0,0.0,427,0,0
5,co_RotBonds,other,0.0,0.0,427,0,0
5,co_TPSA,molecular_descriptor,0.0,0.0,427,0,0
5,curing_AliphaticRings,molecular_descriptor,0.031038339474341946,0.00024728725974758364,93,1,0
5,curing_AromaticRings,molecular_descriptor,0.004656936931510076,0.0012288935881763418,159,1,0
5,curing_BalabanJ,molecular_descriptor,0.014967711703092962,0.0015989984844431827,118,1,0
5,curing_BertzCT,molecular_descriptor,0.08365639611651814,-0.0002731672623108569,60,1,0
5,curing_ExactMolWt,molecular_descriptor,0.11869596999936255,0.02544342906537673,48,1,0
5,curing_FractionCSP3,molecular_descriptor,0.14345458163468044,0.033088152874972555,40,1,0
5,curing_HBA,molecular_descriptor,0.19705163324234526,0.0350520132415652,33,1,0
5,curing_HBD,molecular_descriptor,0.36005812722892083,-0.005508124372464864,18,1,1
5,curing_HeavyAtomCount,molecular_descriptor,0.11071457149040527,-0.004379628670199216,52,1,0
5,curing_Kappa1,molecular_descriptor,0.02055018855336432,0.0051402036824125695,108,1,0
5,curing_Kappa2,molecular_descriptor,0.0,0.0,427,0,0
5,curing_Kappa3,molecular_descriptor,0.08053012437359602,0.005431778736895429,61,1,0
5,curing_LabuteASA,molecular_descriptor,0.20330469187562505,0.055356839071265054,32,1,0
5,curing_LogP,molecular_descriptor,0.0,0.0,427,0,0
5,curing_MolMR,molecular_descriptor,2.456812643089582,0.6084936312458874,2,1,1
5,curing_MolWt,molecular_descriptor,0.42729794461627196,0.11639769578100344,15,1,1
5,curing_NHOHCount,molecular_descriptor,0.43497058578120146,0.10495541736664665,14,1,1
5,curing_NOCount,molecular_descriptor,0.10350743478586082,0.004863067732232453,55,1,0
5,curing_NumHeteroAtoms,molecular_descriptor,0.0,0.0,427,0,0
5,curing_NumValenceElectrons,molecular_descriptor,0.1316430058399284,-0.001117246163215627,46,1,0
5,curing_RingCount,molecular_descriptor,0.005017950379686361,0.005017950379686361,156,1,0
5,curing_RotBonds,molecular_descriptor,0.0470498747263897,-0.0001320093082850461,78,1,0
5,curing_SaturatedRings,molecular_descriptor,0.0047135799014251,-5.127914612077974e-05,157,1,0
5,curing_TPSA,molecular_descriptor,0.050070994881192474,-0.01618303635242531,75,1,0
5,curing_morgan_r3_100,molecular_fingerprint,0.0,0.0,427,0,0
5,curing_morgan_r3_138,molecular_fingerprint,0.0,0.0,427,0,0
5,curing_morgan_r3_144,molecular_fingerprint,0.8596615610271044,-0.24673254028210595,8,1,1
5,curing_morgan_r3_147,molecular_fingerprint,0.0,0.0,427,0,0
5,curing_morgan_r3_214,molecular_fingerprint,0.008232188794311325,-0.0033207639401317216,140,1,0
5,curing_morgan_r3_231,molecular_fingerprint,0.0,0.0,427,0,0
5,curing_morgan_r3_28,molecular_fingerprint,0.0016750180686789524,0.0016750180686789524,187,1,0
5,curing_morgan_r3_295,molecular_fingerprint,0.6307255965151339,0.6307255965151339,10,1,1
5,curing_morgan_r3_336,molecular_fingerprint,0.04790555836432353,-0.009270022006002599,77,1,0
5,curing_morgan_r3_337,molecular_fingerprint,0.06538437394547618,-0.023360004561281695,69,1,0
5,curing_morgan_r3_39,molecular_fingerprint,0.0,0.0,427,0,0
5,curing_morgan_r3_477,molecular_fingerprint,0.013265715677946535,0.0002415284946457378,123,1,0
5,curing_morgan_r3_66,molecular_fingerprint,0.0018722672919156392,-0.0018722672919156392,184,1,0
5,curing_morgan_r3_80,molecular_fingerprint,1.106282584190399,0.33486814920832547,6,1,1
5,main_AromaticCarbocycles,other,0.02344439514530543,-0.0031300283529358077,103,1,0
5,main_AromaticHeterocycles,other,0.0670479592645144,0.007309994789743706,67,1,0
5,main_AromaticRings,molecular_descriptor,0.024937248310410786,-0.009428384835133601,100,1,0
5,main_BalabanJ,other,0.6091015411182721,-0.02830342254004857,11,1,1
5,main_BertzCT,other,0.3180318680610375,0.03332505796321938,21,1,0
5,main_ExactMolWt,molecular_descriptor,0.02701423851811544,0.0022547003537773786,96,1,0
5,main_FractionCSP3,molecular_descriptor,0.1894354876717855,0.10862693324420737,36,1,0
5,main_HBA,other,0.2569957147748465,0.04175152527646587,25,1,0
5,main_HeavyAtomCount,other,0.010213688980280427,0.002402875236241893,130,1,0
5,main_Kappa1,other,0.04067840860980344,0.005356992571361371,82,1,0
5,main_Kappa2,other,0.1389961568714177,0.020189926382241815,43,1,0
5,main_Kappa3,other,0.11086275534702443,0.004652536556324639,51,1,0
5,main_LabuteASA,other,0.03786961648586266,0.001878857969336591,85,1,0
5,main_LogP,molecular_descriptor,0.1052519502802399,0.007455237264203557,53,1,0
5,main_MolMR,other,0.03722217536906775,-0.006214178906771446,86,1,0
5,main_MolWt,molecular_descriptor,0.10417355989878864,0.0018079431287521838,54,1,0
5,main_NHOHCount,other,0.22321255197432982,-0.13994983415172982,27,1,0
5,main_NumAmideBonds,other,0.0,0.0,427,0,0
5,main_NumValenceElectrons,other,0.007518672566996732,0.00012126905667914625,144,1,0
5,main_RingCount,molecular_descriptor,0.026088881638482206,0.0021074577302601085,98,1,0
5,main_co_similarity,other,0.0,0.0,427,0,0
5,main_co_similarity_sq,other,0.0,0.0,427,0,0
5,main_morgan_r3_0,molecular_fingerprint,0.002894060390015647,-0.00022995134621817622,172,1,0
5,main_morgan_r3_1,molecular_fingerprint,0.006258172345171462,-0.000591234389503371,148,1,0
5,main_morgan_r3_10,molecular_fingerprint,0.000788675754522922,0.0007661337039273889,201,1,0
5,main_morgan_r3_100,molecular_fingerprint,0.0,0.0,427,0,0
5,main_morgan_r3_101,molecular_fingerprint,0.0003831826122822584,-0.0003831826122822584,224,1,0
5,main_morgan_r3_102,molecular_fingerprint,0.0,0.0,427,0,0
5,main_morgan_r3_103,molecular_fingerprint,0.0002794959234328149,0.00023369371756281758,228,1,0
5,main_morgan_r3_106,molecular_fingerprint,0.0,0.0,427,0,0
5,main_morgan_r3_111,molecular_fingerprint,6.966506286213796e-07,-6.966506286213796e-07,257,1,0
5,main_morgan_r3_116,molecular_fingerprint,0.0,0.0,427,0,0
5,main_morgan_r3_117,molecular_fingerprint,0.004603357799087124,0.0019132418321613739,160,1,0
5,main_morgan_r3_118,molecular_fingerprint,0.0,0.0,427,0,0
5,main_morgan_r3_119,molecular_fingerprint,0.0,0.0,427,0,0
5,main_morgan_r3_12,molecular_fingerprint,0.0,0.0,427,0,0
5,main_morgan_r3_120,molecular_fingerprint,0.0,0.0,427,0,0
5,main_morgan_r3_124,molecular_fingerprint,6.947782982024365e-05,2.1442844089405196e-05,241,1,0
5,main_morgan_r3_125,molecular_fingerprint,0.0,0.0,427,0,0
5,main_morgan_r3_126,molecular_fingerprint,0.0,0.0,427,0,0
5,main_morgan_r3_128,molecular_fingerprint,0.0195627381951851,-0.006375164503613767,111,1,0
5,main_morgan_r3_13,molecular_fingerprint,0.0,0.0,427,0,0
5,main_morgan_r3_130,molecular_fingerprint,1.7423412258115902e-05,-1.7423412258115902e-05,249,1,0
5,main_morgan_r3_131,molecular_fingerprint,0.2180757108503517,0.06780572932622078,28,1,0
5,main_morgan_r3_132,molecular_fingerprint,0.0,0.0,427,0,0
5,main_morgan_r3_137,molecular_fingerprint,0.0,0.0,427,0,0
5,main_morgan_r3_139,molecular_fingerprint,0.021527186458147805,0.021527186458147805,107,1,0
5,main_morgan_r3_14,molecular_fingerprint,0.0,0.0,427,0,0
5,main_morgan_r3_140,molecular_fingerprint,0.00922273933212704,-0.0001329531771329198,136,1,0
5,main_morgan_r3_145,molecular_fingerprint,0.03527608681189896,-0.012833728903378533,89,1,0
5,main_morgan_r3_146,molecular_fingerprint,0.0,0.0,427,0,0
5,main_morgan_r3_147,molecular_fingerprint,0.00014158083712337196,-6.393908178088847e-05,234,1,0
5,main_morgan_r3_15,molecular_fingerprint,0.002474718593574061,0.002474718593574061,176,1,0
5,main_morgan_r3_151,molecular_fingerprint,6.512058381405146e-06,2.9911833849770065e-06,253,1,0
5,main_morgan_r3_152,molecular_fingerprint,0.0005608680189039593,-0.0005608680189039593,211,1,0
5,main_morgan_r3_16,molecular_fingerprint,0.0,0.0,427,0,0
5,main_morgan_r3_161,molecular_fingerprint,1.9623023216371183e-05,1.9623023216371183e-05,247,1,0
5,main_morgan_r3_162,molecular_fingerprint,0.03472462170128117,0.012824797164484395,90,1,0
5,main_morgan_r3_163,molecular_fingerprint,0.015012193304056487,0.004439643265909077,117,1,0
5,main_morgan_r3_164,molecular_fingerprint,0.0,0.0,427,0,0
5,main_morgan_r3_165,molecular_fingerprint,0.0,0.0,427,0,0
5,main_morgan_r3_166,molecular_fingerprint,0.0,0.0,262,1,0
5,main_morgan_r3_167,molecular_fingerprint,0.0,0.0,427,0,0
5,main_morgan_r3_168,molecular_fingerprint,0.008348696326892998,0.0017403161105553244,139,1,0
5,main_morgan_r3_173,molecular_fingerprint,0.00015775141047520773,-0.00015775141047520773,233,1,0
5,main_morgan_r3_174,molecular_fingerprint,0.0005052471224701514,0.000478961857346197,214,1,0
5,main_morgan_r3_176,molecular_fingerprint,0.0,0.0,427,0,0
5,main_morgan_r3_177,molecular_fingerprint,0.0,0.0,427,0,0
5,main_morgan_r3_178,molecular_fingerprint,0.0,0.0,427,0,0
5,main_morgan_r3_179,molecular_fingerprint,0.0,0.0,427,0,0
5,main_morgan_r3_18,molecular_fingerprint,0.003412041986761053,0.0012650730244597615,167,1,0
5,main_morgan_r3_180,molecular_fingerprint,0.0,0.0,427,0,0
5,main_morgan_r3_181,molecular_fingerprint,0.006499854644266803,-0.006499854644266803,147,1,0
5,main_morgan_r3_183,molecular_fingerprint,0.045791412726674176,-0.006592227313327989,79,1,0
5,main_morgan_r3_185,molecular_fingerprint,0.0020133754177583834,-0.0020133754177583834,181,1,0
5,main_morgan_r3_186,molecular_fingerprint,0.00165879422098105,-0.0012491215859255235,189,1,0
5,main_morgan_r3_189,molecular_fingerprint,0.0004942657601916128,0.0004889137634179659,215,1,0
5,main_morgan_r3_19,molecular_fingerprint,0.0,0.0,427,0,0
5,main_morgan_r3_190,molecular_fingerprint,0.0005474158859363307,-0.0005474158859363307,212,1,0
5,main_morgan_r3_191,molecular_fingerprint,0.024075270158080253,-0.0021811023356416697,102,1,0
5,main_morgan_r3_192,molecular_fingerprint,6.0912692160518085e-05,-6.0912692160518085e-05,242,1,0
5,main_morgan_r3_193,molecular_fingerprint,0.0,0.0,427,0,0
5,main_morgan_r3_196,molecular_fingerprint,0.00043831443417325836,0.0004189116695650026,219,1,0
5,main_morgan_r3_197,molecular_fingerprint,0.0005659051786103561,0.00024485838425957986,210,1,0
5,main_morgan_r3_198,molecular_fingerprint,0.0,0.0,266,1,0
5,main_morgan_r3_199,molecular_fingerprint,0.21462876099884007,-0.07389251099759281,29,1,0
5,main_morgan_r3_2,molecular_fingerprint,0.007979827338980004,-0.0016564741053837313,141,1,0
5,main_morgan_r3_20,molecular_fingerprint,0.012556410782897192,-0.0046074694099499745,124,1,0
5,main_morgan_r3_201,molecular_fingerprint,0.012373936103254825,0.007976417764897362,125,1,0
5,main_morgan_r3_203,molecular_fingerprint,0.0,0.0,427,0,0
5,main_morgan_r3_204,molecular_fingerprint,0.007944904473239417,-0.002713367112748394,142,1,0
5,main_morgan_r3_205,molecular_fingerprint,0.0,0.0,427,0,0
5,main_morgan_r3_206,molecular_fingerprint,0.03852045166449291,-0.01665644669930366,84,1,0
5,main_morgan_r3_208,molecular_fingerprint,0.0898488154527904,0.04287007600586448,57,1,0
5,main_morgan_r3_209,molecular_fingerprint,0.0024878659358418425,-0.0015935692938283963,174,1,0
5,main_morgan_r3_21,molecular_fingerprint,0.0023080471131564717,0.000238412359704617,177,1,0
5,main_morgan_r3_210,molecular_fingerprint,0.0,0.0,427,0,0
5,main_morgan_r3_211,molecular_fingerprint,0.0050454076562029375,0.0050454076562029375,155,1,0
5,main_morgan_r3_213,molecular_fingerprint,3.226646890484349e-05,-3.226646890484349e-05,243,1,0
5,main_morgan_r3_216,molecular_fingerprint,0.0,0.0,427,0,0
5,main_morgan_r3_218,molecular_fingerprint,0.0,0.0,427,0,0
5,main_morgan_r3_22,molecular_fingerprint,0.005483054887941024,0.002879469446499434,154,1,0
5,main_morgan_r3_221,molecular_fingerprint,0.0005986291440893655,0.0005986291440893655,207,1,0
5,main_morgan_r3_226,molecular_fingerprint,0.0016328134066942663,-0.0009219779791655363,190,1,0
5,main_morgan_r3_227,molecular_fingerprint,0.006226568347990031,0.0027403765109678107,149,1,0
5,main_morgan_r3_229,molecular_fingerprint,1.8871635612514284e-05,1.8871635612514284e-05,248,1,0
5,main_morgan_r3_23,molecular_fingerprint,0.0,0.0,427,0,0
5,main_morgan_r3_231,molecular_fingerprint,0.14182452106388085,-0.004947486521872361,41,1,0
5,main_morgan_r3_233,molecular_fingerprint,0.0,0.0,427,0,0
5,main_morgan_r3_236,molecular_fingerprint,0.0005661807058344562,-0.00043276052361492206,209,1,0
5,main_morgan_r3_238,molecular_fingerprint,6.455010562031359e-06,6.455010562031359e-06,254,1,0
5,main_morgan_r3_24,molecular_fingerprint,1.3198420336401022e-05,4.27691007239951e-06,251,1,0
5,main_morgan_r3_241,molecular_fingerprint,0.0,0.0,427,0,0
5,main_morgan_r3_242,molecular_fingerprint,0.0,0.0,427,0,0
5,main_morgan_r3_243,molecular_fingerprint,0.0,0.0,265,1,0
5,main_morgan_r3_244,molecular_fingerprint,0.014346040277159775,0.010546931355600935,119,1,0
5,main_morgan_r3_246,molecular_fingerprint,0.0,0.0,427,0,0
5,main_morgan_r3_248,molecular_fingerprint,0.0,0.0,427,0,0
5,main_morgan_r3_25,molecular_fingerprint,0.05430824200174323,-0.05430824200174323,73,1,0
5,main_morgan_r3_250,molecular_fingerprint,0.0003563329969377567,-0.0003563329969377567,225,1,0
5,main_morgan_r3_251,molecular_fingerprint,0.024262638146131024,-0.008108295751498431,101,1,0
5,main_morgan_r3_257,molecular_fingerprint,0.0004862938203883392,-0.0004862938203883392,216,1,0
5,main_morgan_r3_259,molecular_fingerprint,0.0,0.0,427,0,0
5,main_morgan_r3_26,molecular_fingerprint,0.0025463042718399287,0.0025463042718399287,173,1,0
5,main_morgan_r3_261,molecular_fingerprint,0.00012409349782737314,9.649788771100614e-05,237,1,0
5,main_morgan_r3_265,molecular_fingerprint,0.008499115093188635,-0.008499115093188635,138,1,0
5,main_morgan_r3_266,molecular_fingerprint,0.009667053923764832,-0.0014920719382186056,132,1,0
5,main_morgan_r3_268,molecular_fingerprint,0.019649042972510126,0.009152698678576765,110,1,0
5,main_morgan_r3_27,molecular_fingerprint,0.0,0.0,427,0,0
5,main_morgan_r3_271,molecular_fingerprint,9.591980164663658e-05,-1.701696034244918e-05,239,1,0
5,main_morgan_r3_277,molecular_fingerprint,0.0004010405605313953,-0.0004010405605313953,221,1,0
5,main_morgan_r3_28,molecular_fingerprint,0.0,0.0,427,0,0
5,main_morgan_r3_281,molecular_fingerprint,0.0,0.0,427,0,0
5,main_morgan_r3_285,molecular_fingerprint,0.0,0.0,427,0,0
5,main_morgan_r3_286,molecular_fingerprint,0.008637969603786821,-0.004799696791602334,137,1,0
5,main_morgan_r3_287,molecular_fingerprint,0.01801259839438663,-0.0013508347916407122,115,1,0
5,main_morgan_r3_288,molecular_fingerprint,0.0,0.0,427,0,0
5,main_morgan_r3_289,molecular_fingerprint,0.0,0.0,427,0,0
5,main_morgan_r3_29,molecular_fingerprint,0.001607908194634581,0.001002530282238257,191,1,0
5,main_morgan_r3_290,molecular_fingerprint,0.018019939325458832,0.009364332010230066,113,1,0
5,main_morgan_r3_292,molecular_fingerprint,0.0,0.0,427,0,0
5,main_morgan_r3_293,molecular_fingerprint,0.0,0.0,427,0,0
5,main_morgan_r3_295,molecular_fingerprint,0.20442067944086031,-0.09579524109464763,31,1,0
5,main_morgan_r3_30,molecular_fingerprint,0.0007593429185174128,-0.0007593429185174128,202,1,0
5,main_morgan_r3_300,molecular_fingerprint,0.003156568372484159,-0.003156568372484159,170,1,0
5,main_morgan_r3_301,molecular_fingerprint,0.0,0.0,263,1,0
5,main_morgan_r3_303,molecular_fingerprint,0.1336766236410498,0.1336766236410498,44,1,0
5,main_morgan_r3_304,molecular_fingerprint,0.0,0.0,427,0,0
5,main_morgan_r3_305,molecular_fingerprint,0.0,0.0,427,0,0
5,main_morgan_r3_306,molecular_fingerprint,0.0,0.0,427,0,0
5,main_morgan_r3_307,molecular_fingerprint,0.009408625989443085,-0.0019342207652193286,134,1,0
5,main_morgan_r3_308,molecular_fingerprint,0.0021991703677512876,-0.002183600083797636,178,1,0
5,main_morgan_r3_31,molecular_fingerprint,0.0,0.0,427,0,0
5,main_morgan_r3_314,molecular_fingerprint,0.0,0.0,427,0,0
5,main_morgan_r3_315,molecular_fingerprint,0.0,0.0,427,0,0
5,main_morgan_r3_317,molecular_fingerprint,0.016949961568132967,-0.009004330549068981,116,1,0
5,main_morgan_r3_318,molecular_fingerprint,0.00018410118316145,0.00018364684468704384,232,1,0
5,main_morgan_r3_319,molecular_fingerprint,0.0,0.0,427,0,0
5,main_morgan_r3_32,molecular_fingerprint,0.001144629100346248,-0.001144629100346248,197,1,0
5,main_morgan_r3_322,molecular_fingerprint,0.025239407059152306,-0.005703323259744876,99,1,0
5,main_morgan_r3_324,molecular_fingerprint,0.0,0.0,427,0,0
5,main_morgan_r3_326,molecular_fingerprint,0.003237207274405928,-0.0024261548676818,168,1,0
5,main_morgan_r3_328,molecular_fingerprint,0.0,0.0,427,0,0
5,main_morgan_r3_329,molecular_fingerprint,0.0,0.0,427,0,0
5,main_morgan_r3_33,molecular_fingerprint,0.0,0.0,427,0,0
5,main_morgan_r3_330,molecular_fingerprint,0.0,0.0,427,0,0
5,main_morgan_r3_331,molecular_fingerprint,0.22698179502218002,-0.03972104056506565,26,1,0
5,main_morgan_r3_333,molecular_fingerprint,0.0,0.0,427,0,0
5,main_morgan_r3_335,molecular_fingerprint,0.0,0.0,427,0,0
5,main_morgan_r3_336,molecular_fingerprint,0.0,0.0,427,0,0
5,main_morgan_r3_338,molecular_fingerprint,0.0010393109703134677,0.0006169441288242254,198,1,0
5,main_morgan_r3_34,molecular_fingerprint,0.0002380618428018082,0.00018757049727288107,231,1,0
5,main_morgan_r3_340,molecular_fingerprint,0.00035312395029770267,0.00035312395029770267,226,1,0
5,main_morgan_r3_341,molecular_fingerprint,0.0,0.0,427,0,0
5,main_morgan_r3_344,molecular_fingerprint,0.00011235694162745925,-9.023210765681815e-05,238,1,0
5,main_morgan_r3_346,molecular_fingerprint,0.13923662599711897,-0.006402558017235369,42,1,0
5,main_morgan_r3_351,molecular_fingerprint,0.0,0.0,427,0,0
5,main_morgan_r3_354,molecular_fingerprint,0.7028873605202645,-0.17409141561059563,9,1,1
5,main_morgan_r3_357,molecular_fingerprint,0.0,0.0,427,0,0
5,main_morgan_r3_358,molecular_fingerprint,0.0,0.0,268,1,0
5,main_morgan_r3_36,molecular_fingerprint,2.2927719961713855e-05,2.2927719961713855e-05,244,1,0
5,main_morgan_r3_360,molecular_fingerprint,0.15426234894847674,-0.10082557673136498,39,1,0
5,main_morgan_r3_361,molecular_fingerprint,0.002177630539519197,0.0011461852866300937,179,1,0
5,main_morgan_r3_363,molecular_fingerprint,0.06949504645730485,0.04674717071413869,66,1,0
5,main_morgan_r3_365,molecular_fingerprint,0.005535633264603179,-0.005535633264603179,153,1,0
5,main_morgan_r3_366,molecular_fingerprint,0.0,0.0,427,0,0
5,main_morgan_r3_367,molecular_fingerprint,0.0008672476663559795,9.68186843386286e-05,200,1,0
5,main_morgan_r3_370,molecular_fingerprint,0.0004821429684482239,0.0004821429684482239,217,1,0
5,main_morgan_r3_371,molecular_fingerprint,0.0,0.0,427,0,0
5,main_morgan_r3_374,molecular_fingerprint,0.029563649876958895,0.00462793824548296,95,1,0
5,main_morgan_r3_375,molecular_fingerprint,0.0,0.0,427,0,0
5,main_morgan_r3_379,molecular_fingerprint,0.0,0.0,427,0,0
5,main_morgan_r3_381,molecular_fingerprint,0.0016685559822966483,0.0014031006383636308,188,1,0
5,main_morgan_r3_384,molecular_fingerprint,0.0,0.0,427,0,0
5,main_morgan_r3_385,molecular_fingerprint,0.010122258822502096,-3.536467377098576e-05,131,1,0
5,main_morgan_r3_386,molecular_fingerprint,0.19304000011229186,-0.19304000011229186,35,1,0
5,main_morgan_r3_387,molecular_fingerprint,0.0,0.0,427,0,0
5,main_morgan_r3_389,molecular_fingerprint,0.08503920840097298,-0.027367040812775186,59,1,0
5,main_morgan_r3_390,molecular_fingerprint,0.007182388981907733,0.004000659074323872,145,1,0
5,main_morgan_r3_393,molecular_fingerprint,0.0,0.0,427,0,0
5,main_morgan_r3_398,molecular_fingerprint,0.0,0.0,427,0,0
5,main_morgan_r3_399,molecular_fingerprint,0.0045063167964313105,-0.0045063167964313105,161,1,0
5,main_morgan_r3_4,molecular_fingerprint,0.0011942145535377446,0.00039425019416268237,196,1,0
5,main_morgan_r3_40,molecular_fingerprint,0.0,0.0,260,1,0
5,main_morgan_r3_400,molecular_fingerprint,0.0,0.0,427,0,0
5,main_morgan_r3_401,molecular_fingerprint,0.0038275483627027516,-0.0037896630635778244,166,1,0
5,main_morgan_r3_405,molecular_fingerprint,0.0,0.0,427,0,0
5,main_morgan_r3_406,molecular_fingerprint,0.0005887667991057109,-0.00020094654365459936,208,1,0
5,main_morgan_r3_409,molecular_fingerprint,0.014272654127088134,0.00037492973298800485,120,1,0
5,main_morgan_r3_41,molecular_fingerprint,0.0006506631954430808,0.0004909682749119519,206,1,0
5,main_morgan_r3_412,molecular_fingerprint,0.0,0.0,267,1,0
5,main_morgan_r3_413,molecular_fingerprint,0.0014092845687021815,0.0005039040968511943,193,1,0
5,main_morgan_r3_415,molecular_fingerprint,0.022160051566488283,0.005678556214250557,105,1,0
5,main_morgan_r3_418,molecular_fingerprint,0.000530293220222962,0.00046759877707464265,213,1,0
5,main_morgan_r3_419,molecular_fingerprint,0.0,0.0,427,0,0
5,main_morgan_r3_42,molecular_fingerprint,0.0,0.0,427,0,0
5,main_morgan_r3_420,molecular_fingerprint,0.0,0.0,427,0,0
5,main_morgan_r3_421,molecular_fingerprint,0.020410918668774817,-0.014055037629635387,109,1,0
5,main_morgan_r3_423,molecular_fingerprint,0.009287635507035128,-0.009206908913388526,135,1,0
5,main_morgan_r3_425,molecular_fingerprint,0.001917749898221465,0.0007946957919975156,182,1,0
5,main_morgan_r3_426,molecular_fingerprint,0.0,0.0,427,0,0
5,main_morgan_r3_428,molecular_fingerprint,0.0,0.0,427,0,0
5,main_morgan_r3_43,molecular_fingerprint,0.0,0.0,427,0,0
5,main_morgan_r3_430,molecular_fingerprint,0.0001264923645390405,-0.00012332981245385277,236,1,0
5,main_morgan_r3_432,molecular_fingerprint,0.0392862548307285,0.009117338986171591,83,1,0
5,main_morgan_r3_433,molecular_fingerprint,0.0,0.0,427,0,0
5,main_morgan_r3_434,molecular_fingerprint,0.012371937327347784,-0.009449300804030995,126,1,0
5,main_morgan_r3_438,molecular_fingerprint,0.0,0.0,427,0,0
5,main_morgan_r3_44,molecular_fingerprint,4.765595550890322e-06,-4.765595550890322e-06,255,1,0
5,main_morgan_r3_441,molecular_fingerprint,0.0,0.0,427,0,0
5,main_morgan_r3_442,molecular_fingerprint,0.0,0.0,427,0,0
5,main_morgan_r3_448,molecular_fingerprint,0.002027487937680066,0.002027487937680066,180,1,0
5,main_morgan_r3_449,molecular_fingerprint,0.0,0.0,427,0,0
5,main_morgan_r3_452,molecular_fingerprint,0.0,0.0,427,0,0
5,main_morgan_r3_453,molecular_fingerprint,0.0003933688403210706,0.00024193771580165188,223,1,0
5,main_morgan_r3_456,molecular_fingerprint,0.001676914686562399,-0.001475122921644167,186,1,0
5,main_morgan_r3_460,molecular_fingerprint,0.005803338578291546,-0.002721695376350436,152,1,0
5,main_morgan_r3_463,molecular_fingerprint,7.402039926361155e-05,7.402039926361155e-05,240,1,0
5,main_morgan_r3_464,molecular_fingerprint,0.0,0.0,427,0,0
5,main_morgan_r3_469,molecular_fingerprint,0.0,0.0,427,0,0
5,main_morgan_r3_473,molecular_fingerprint,0.007878989351415336,0.007878989351415336,143,1,0
5,main_morgan_r3_474,molecular_fingerprint,0.0,0.0,427,0,0
5,main_morgan_r3_476,molecular_fingerprint,0.0,0.0,427,0,0
5,main_morgan_r3_479,molecular_fingerprint,0.0,0.0,427,0,0
5,main_morgan_r3_48,molecular_fingerprint,0.0,0.0,427,0,0
5,main_morgan_r3_480,molecular_fingerprint,0.0002868137770780811,-0.0002546216719956309,227,1,0
5,main_morgan_r3_481,molecular_fingerprint,0.0,0.0,427,0,0
5,main_morgan_r3_485,molecular_fingerprint,0.0,0.0,427,0,0
5,main_morgan_r3_486,molecular_fingerprint,0.0,0.0,427,0,0
5,main_morgan_r3_488,molecular_fingerprint,0.004226534399721359,-0.0010028268648656423,164,1,0
5,main_morgan_r3_492,molecular_fingerprint,0.006513039780291837,-3.425700249122351e-05,146,1,0
5,main_morgan_r3_493,molecular_fingerprint,0.0032133059826662275,-0.0032133059826662275,169,1,0
5,main_morgan_r3_494,molecular_fingerprint,0.0,0.0,427,0,0
5,main_morgan_r3_495,molecular_fingerprint,0.018018520761677925,0.009943239739912789,114,1,0
5,main_morgan_r3_496,molecular_fingerprint,0.0,0.0,427,0,0
5,main_morgan_r3_50,molecular_fingerprint,0.0,0.0,259,1,0
5,main_morgan_r3_500,molecular_fingerprint,1.5278054332291655e-05,-1.507228861252468e-05,250,1,0
5,main_morgan_r3_501,molecular_fingerprint,0.05991804318378584,0.028980961364803885,71,1,0
5,main_morgan_r3_502,molecular_fingerprint,0.0,0.0,427,0,0
5,main_morgan_r3_507,molecular_fingerprint,0.05633396667285489,-0.027152441431185094,72,1,0
5,main_morgan_r3_51,molecular_fingerprint,0.0018874475168478154,-0.0018874475168478154,183,1,0
5,main_morgan_r3_54,molecular_fingerprint,1.3007135647866458e-06,1.3007135647866458e-06,256,1,0
5,main_morgan_r3_55,molecular_fingerprint,0.07405445762235172,-0.025715592749270228,64,1,0
5,main_morgan_r3_56,molecular_fingerprint,0.0,0.0,427,0,0
5,main_morgan_r3_58,molecular_fingerprint,0.0002627993499239287,0.0002627993499239287,230,1,0
5,main_morgan_r3_59,molecular_fingerprint,0.00013538709463318808,0.00013538709463318808,235,1,0
5,main_morgan_r3_60,molecular_fingerprint,0.00046959693731709934,0.00037946311410417324,218,1,0
5,main_morgan_r3_61,molecular_fingerprint,0.0,0.0,427,0,0
5,main_morgan_r3_63,molecular_fingerprint,0.0,0.0,427,0,0
5,main_morgan_r3_66,molecular_fingerprint,0.0,0.0,427,0,0
5,main_morgan_r3_67,molecular_fingerprint,0.013968101869729624,-0.00933921948366333,121,1,0
5,main_morgan_r3_69,molecular_fingerprint,0.00183722968860012,-0.0006084501295764411,185,1,0
5,main_morgan_r3_70,molecular_fingerprint,0.00467811692169764,-0.00467811692169764,158,1,0
5,main_morgan_r3_73,molecular_fingerprint,0.0,0.0,427,0,0
5,main_morgan_r3_74,molecular_fingerprint,1.2120110159567385e-05,1.2120110159567385e-05,252,1,0
5,main_morgan_r3_75,molecular_fingerprint,2.2532359558950973e-05,2.2532359558950973e-05,245,1,0
5,main_morgan_r3_79,molecular_fingerprint,0.030930352271949502,0.026596329290558867,94,1,0
5,main_morgan_r3_80,molecular_fingerprint,0.01911571557249031,-0.002868715696259406,112,1,0
5,main_morgan_r3_81,molecular_fingerprint,0.0038481458092832744,0.0027445533241283303,165,1,0
5,main_morgan_r3_82,molecular_fingerprint,0.00039457125518108836,-0.0002321406783044545,222,1,0
5,main_morgan_r3_83,molecular_fingerprint,0.0,0.0,427,0,0
5,main_morgan_r3_84,molecular_fingerprint,0.0004095677580011801,-0.0004095677580011801,220,1,0
5,main_morgan_r3_85,molecular_fingerprint,2.095905822460298e-05,1.883383805829066e-05,246,1,0
5,main_morgan_r3_88,molecular_fingerprint,0.0,0.0,427,0,0
5,main_morgan_r3_89,molecular_fingerprint,0.004467373948708108,-0.0011883910887236534,162,1,0
5,main_morgan_r3_90,molecular_fingerprint,0.0,0.0,427,0,0
5,main_morgan_r3_92,molecular_fingerprint,0.0,0.0,427,0,0
5,main_morgan_r3_94,molecular_fingerprint,0.0030313082366397056,-0.0003087742956079267,171,1,0
5,main_morgan_r3_95,molecular_fingerprint,0.001243797528140594,0.0010036919111425285,194,1,0
5,main_morgan_r3_98,molecular_fingerprint,0.0,0.0,427,0,0
