outer_fold,feature,feature_group,mean_abs_shap,mean_signed_shap,rank,selected,top20
1,B/P ratio,elemental_composition,0.0,0.0,292,0,0
1,B/P_ratio_sq,elemental_composition,0.0,0.0,292,0,0
1,B/P_ratio_sqrt,elemental_composition,0.0,0.0,292,0,0
1,B_content wt%,elemental_composition,0.00023920100902210433,9.671845540045372e-05,211,1,0
1,B_content_wt%_sq,elemental_composition,0.00016568508690397723,3.0471574856265854e-05,222,1,0
1,B_content_wt%_sqrt,elemental_composition,0.00023569570447256813,2.360496335717877e-05,212,1,0
1,B_loading_real,formulation_loading,0.00019725404269087848,-7.463450792581879e-05,217,1,0
1,B_loading_real_sq,formulation_loading,0.00017167639042276682,1.0105371216519001e-05,220,1,0
1,B_loading_real_sqrt,formulation_loading,0.0001983773596334181,7.810906566495154e-05,216,1,0
1,Co_FR_fraction,formulation_loading,1.3547892910234322e-05,6.761254197853206e-06,241,1,0
1,Co_FR_present,other,1.2010858651289409e-05,5.451319375424647e-06,242,1,0
1,Cure_Temp_Max,curing_and_preparation,0.11201855530743421,0.055163662226393524,9,1,1
1,CuringAgent_Has_B,molecular_descriptor,0.0,0.0,292,0,0
1,CuringAgent_Has_N,molecular_descriptor,0.0012467430544388152,0.0010414525649432313,182,1,0
1,CuringAgent_Has_P,molecular_descriptor,0.0,0.0,292,0,0
1,CuringAgent_Has_S,molecular_descriptor,0.004824267167291507,0.0011087243628359526,135,1,0
1,EP_matrix_LOI,ep_baseline,0.1303538390597799,-0.03271957519896421,7,1,1
1,EP_matrix_LOI_sq,ep_baseline,0.15622122386665577,-0.04227316234792138,5,1,1
1,EP_matrix_LOI_sqrt,ep_baseline,0.150657601973091,-0.04378707013570857,6,1,1
1,Has_B,elemental_composition,0.00010558509938871591,-8.962541535664868e-05,224,1,0
1,Has_N,elemental_composition,0.002568321224815818,0.00014909789566344345,159,1,0
1,Has_P,elemental_composition,0.0,0.0,252,1,0
1,Has_S,elemental_composition,0.000554291227454592,-0.00013273240386448988,199,1,0
1,Has_Si,elemental_composition,0.013077198682250228,-0.007323592782508462,82,1,0
1,LOI_Thickness_mm,test_condition,0.03889938592773615,-0.013533788431527556,35,1,0
1,Loading_total_FR wt%,formulation_loading,0.014969626645353678,-0.005846654069649227,78,1,0
1,Loading_total_FR_sq,formulation_loading,0.010090802803508278,-0.0031331667321659825,96,1,0
1,Loading_total_FR_sqrt,formulation_loading,0.02397013480745184,-0.008880920047377127,53,1,0
1,Loading_x_EP_matrix_LOI,formulation_interaction,0.018905783539534014,-0.00825666972220069,65,1,0
1,Loading_x_Synergy,formulation_loading,0.06674516109761866,-0.013760928574401985,19,1,1
1,Main_FR_fraction,formulation_loading,0.2193917437216103,-0.023496340557217076,3,1,1
1,Main_FR_present,other,2.0455907514039424,-0.21284488488713063,1,1,1
1,N/P ratio,elemental_composition,0.009196945443462274,0.001257151127257872,100,1,0
1,N/P_ratio_sq,elemental_composition,0.0031040562445669656,0.001211064743962424,149,1,0
1,N/P_ratio_sqrt,elemental_composition,0.023279225149221486,-0.0004952323589142475,55,1,0
1,N_content wt%,elemental_composition,0.019773972988451006,0.005092067250778124,63,1,0
1,N_content_wt%_sq,elemental_composition,0.010552096278786522,0.0023666616920215546,95,1,0
1,N_content_wt%_sqrt,elemental_composition,0.021394820829192182,0.00457826079296827,58,1,0
1,N_loading_real,formulation_loading,0.021957667906006634,-0.0010298135637267735,57,1,0
1,N_loading_real_sq,formulation_loading,0.011340285977378623,-0.001555504907119914,91,1,0
1,N_loading_real_sqrt,formulation_loading,0.045017898207701926,-0.002579254601423125,30,1,0
1,P_B_loading_product,formulation_loading,4.273514746778851e-05,-7.168239082804777e-06,232,1,0
1,P_B_loading_ratio,formulation_loading,0.014591673267555814,-0.005694892954389464,79,1,0
1,P_B_loading_sum,formulation_loading,0.020640952851721177,-0.008152797972745702,60,1,0
1,P_N_loading_product,formulation_loading,0.00960486808092526,-0.0007432028739399738,99,1,0
1,P_N_loading_ratio,formulation_loading,0.0047539982172349615,-0.0032142306052561284,137,1,0
1,P_N_loading_sum,formulation_loading,0.018209952084348516,-0.0046836289961205094,66,1,0
1,P_S_loading_product,formulation_loading,0.0001687473464244249,-0.00011654890061436165,221,1,0
1,P_S_loading_ratio,formulation_loading,0.029510613962748226,-0.008998234188646754,48,1,0
1,P_S_loading_sum,formulation_loading,0.01643188790868073,-0.005967578278247236,72,1,0
1,P_Si_loading_ratio,formulation_loading,0.03228858689536726,-0.010752523260958673,44,1,0
1,P_Si_loading_sum,formulation_loading,0.02459629002771913,-0.010055997720988395,51,1,0
1,P_content wt%,elemental_composition,0.04725026679967117,-0.018051173904064376,29,1,0
1,P_content_log,elemental_composition,0.06006670480775675,-0.03027274108766847,22,1,0
1,P_content_sq,elemental_composition,0.022110181233193766,-0.008402910867557819,56,1,0
1,P_content_sqrt,elemental_composition,0.0824020937677978,-0.03466394043960337,15,1,1
1,P_content_x_EP_matrix_LOI,formulation_interaction,0.09712326436654546,-0.049009329858582105,14,1,1
1,P_loading_real,formulation_loading,0.01692347547451931,-0.0071111288039089485,68,1,0
1,P_loading_real_sq,formulation_loading,0.009836590968454224,-0.0038828180827599422,97,1,0
1,P_loading_real_sqrt,formulation_loading,0.036155999899084156,-0.01396444964422478,40,1,0
1,P_loading_x_Synergy,formulation_loading,0.05652988317076777,-0.01274752553342997,24,1,0
1,P_x_CuringAgent_Has_B,molecular_descriptor,0.0,0.0,292,0,0
1,P_x_CuringAgent_Has_N,molecular_descriptor,0.0693558254255051,-0.029616318463967818,18,1,1
1,P_x_CuringAgent_Has_P,molecular_descriptor,0.0,0.0,292,0,0
1,P_x_CuringAgent_Has_S,molecular_descriptor,0.007861939349988663,0.000462416758525958,111,1,0
1,P_x_curing_AromaticRings,molecular_descriptor,0.099255290760434,-0.04837003248702236,13,1,1
1,P_x_curing_FractionCSP3,molecular_descriptor,0.012562495981711694,-0.003375383766843198,83,1,0
1,P_x_curing_HBA,molecular_descriptor,0.019894936370053812,-0.006536084103699504,62,1,0
1,P_x_curing_HBD,molecular_descriptor,0.10735657058805022,-0.04983498242583842,12,1,1
1,P_x_curing_HeavyAtomCount,molecular_descriptor,0.03749532511129674,-0.01749494153799636,38,1,0
1,P_x_curing_LogP,molecular_descriptor,0.11919749114043823,-0.03959394031876364,8,1,1
1,P_x_curing_MolWt,molecular_descriptor,0.03790380645345621,-0.01710122303761084,37,1,0
1,P_x_curing_RingCount,molecular_descriptor,0.04084884007658791,-0.015347872255118519,32,1,0
1,P_x_curing_RotBonds,molecular_descriptor,0.06094688243840731,-0.0272000833259014,21,1,0
1,P_x_curing_TPSA,molecular_descriptor,0.02793406438736007,-0.009174243955550469,50,1,0
1,Preparation_Method_DOPO-based (Additive + Secondary Crosslinking),curing_and_preparation,0.05539648512379953,-0.05539648512379953,25,1,0
1,Preparation_Method_DOPO-based (Co-curing),molecular_descriptor,0.032370972253819144,-0.009514520061153654,43,1,0
1,Preparation_Method_DOPO-based (additive),curing_and_preparation,0.011214810119721063,0.0045978949459026175,92,1,0
1,Preparation_Method_DOPO-based (reactive),curing_and_preparation,0.016949530988784055,0.009602232441787222,67,1,0
1,S/P ratio,elemental_composition,0.0005315802722456434,-2.3206038425769305e-05,201,1,0
1,S/P_ratio_sq,elemental_composition,0.0004930864523721032,0.00019229032560285004,203,1,0
1,S/P_ratio_sqrt,elemental_composition,0.0003050837811248484,-4.558432275176629e-05,208,1,0
1,S_content wt%,elemental_composition,0.0003651831289835173,-2.9075480655491342e-05,206,1,0
1,S_content_wt%_sq,elemental_composition,0.00025055650202160796,5.58225299918528e-05,210,1,0
1,S_content_wt%_sqrt,elemental_composition,0.0007085518230906016,4.463994186153288e-05,192,1,0
1,S_loading_real,formulation_loading,0.00019307227793351314,-5.6367720743474415e-05,219,1,0
1,S_loading_real_sq,formulation_loading,0.00015103232619518772,7.867249413114535e-06,223,1,0
1,S_loading_real_sqrt,formulation_loading,0.0005868242539552032,-7.100341944477705e-05,197,1,0
1,Si/P ratio,elemental_composition,0.004900379015093928,0.0008789306161480052,134,1,0
1,Si/P_ratio_sq,elemental_composition,0.0036686181913688004,0.0011138400223803225,144,1,0
1,Si/P_ratio_sqrt,elemental_composition,0.0,0.0,292,0,0
1,Si_content wt%,elemental_composition,0.009037412102998386,0.0024409569527099623,102,1,0
1,Si_content_wt%_sqrt,elemental_composition,0.008876092372413243,0.003813241045438391,106,1,0
1,Si_loading_real_sqrt,formulation_loading,0.009013013877679504,0.0024325748717941697,104,1,0
1,Synergy_flag(single=0&synergy=1),other,0.08235987638152766,-0.009797419975429116,16,1,1
1,Synergy_type_P-N,other,0.004901303050626716,-0.0011172880827492314,133,1,0
1,Synergy_type_P-N-Al,other,0.0,0.0,292,0,0
1,Synergy_type_P-N-B,other,0.0,0.0,254,1,0
1,Synergy_type_P-N-S,other,0.0,0.0,292,0,0
1,Synergy_type_P-N-Si,other,0.0,0.0,292,0,0
1,Synergy_type_P-N-Si-B,other,0.0,0.0,255,1,0
1,Synergy_type_P-N-Si-S,other,0.0,0.0,292,0,0
1,Synergy_type_P-N-Si-Ti,other,0.0,0.0,256,1,0
1,Synergy_type_P-N-Si-Zr,other,0.0,0.0,292,0,0
1,Synergy_type_P-P,other,0.000653862014843172,-0.0006028222465415134,196,1,0
1,Synergy_type_P-Si,other,0.00025727243006662707,-0.00025727243006662707,209,1,0
1,Synergy_type_P-Si-B,other,0.0,0.0,253,1,0
1,Synergy_type_P-only,other,0.0,0.0,292,0,0
1,Synergy_x_EP_matrix_LOI,formulation_interaction,0.16032028771807702,-0.03324804262748892,4,1,1
1,co_AromaticRings,molecular_descriptor,3.731186128536339e-05,3.731186128536339e-05,234,1,0
1,co_FractionCSP3,molecular_descriptor,1.654528960999515e-06,-1.6133764034344086e-06,248,1,0
1,co_HBA,other,1.1226727823062297e-05,-5.000831480275438e-06,244,1,0
1,co_HBD,other,1.6045703927779363e-06,1.6045703927779363e-06,249,1,0
1,co_HeavyAtomCount,other,2.4556393653054134e-05,-1.2943331727102408e-05,238,1,0
1,co_LogP,molecular_descriptor,3.1424715129509825e-05,3.1004962159689354e-05,237,1,0
1,co_MolWt,molecular_descriptor,6.636332680500346e-05,6.078749030469529e-05,227,1,0
1,co_RingCount,molecular_descriptor,1.1831168794742554e-05,8.455152300383713e-06,243,1,0
1,co_RotBonds,other,7.69799873559249e-05,-1.6878228872580312e-05,225,1,0
1,co_TPSA,molecular_descriptor,4.3057854182330226e-05,-6.9543504554935214e-06,231,1,0
1,co_morgan_r2_0,molecular_fingerprint,0.0,0.0,292,0,0
1,co_morgan_r2_1,molecular_fingerprint,0.0,0.0,292,0,0
1,co_morgan_r2_10,molecular_fingerprint,3.213404839496232e-05,1.3655063190122343e-05,235,1,0
1,co_morgan_r2_100,molecular_fingerprint,4.7535173677412477e-05,4.694362099043145e-05,230,1,0
1,co_morgan_r2_102,molecular_fingerprint,0.0,0.0,292,0,0
1,co_morgan_r2_113,molecular_fingerprint,1.410651766087136e-05,1.3093089865934521e-05,240,1,0
1,co_morgan_r2_123,molecular_fingerprint,8.034947806865805e-06,8.034947806865805e-06,246,1,0
1,co_morgan_r2_13,molecular_fingerprint,0.0,0.0,257,1,0
1,co_morgan_r2_16,molecular_fingerprint,0.0,0.0,292,0,0
1,co_morgan_r2_3,molecular_fingerprint,1.042952502353323e-05,1.042952502353323e-05,245,1,0
1,co_morgan_r2_38,molecular_fingerprint,0.0,0.0,292,0,0
1,co_morgan_r2_39,molecular_fingerprint,0.0,0.0,292,0,0
1,co_morgan_r2_45,molecular_fingerprint,5.303945237149795e-05,-5.303945237149795e-05,229,1,0
1,co_morgan_r2_5,molecular_fingerprint,0.0,0.0,258,1,0
1,co_morgan_r2_51,molecular_fingerprint,3.182367260807142e-05,-3.0918079581978314e-05,236,1,0
1,co_morgan_r2_55,molecular_fingerprint,0.0,0.0,292,0,0
1,co_morgan_r2_7,molecular_fingerprint,0.0,0.0,259,1,0
1,co_morgan_r2_80,molecular_fingerprint,4.1261551604192305e-05,2.3875198902614005e-05,233,1,0
1,co_morgan_r2_81,molecular_fingerprint,0.0,0.0,292,0,0
1,co_morgan_r2_9,molecular_fingerprint,2.264015919839342e-05,2.264015919839342e-05,239,1,0
1,curing_AromaticRings,molecular_descriptor,0.0003823841602732299,6.951311864314548e-05,205,1,0
1,curing_FractionCSP3,molecular_descriptor,0.0030315490412302403,0.0012188292097903286,150,1,0
1,curing_HBA,molecular_descriptor,0.11015236019599875,0.026877866841417065,10,1,1
1,curing_HBD,molecular_descriptor,0.015492096447673655,0.005365013689200472,77,1,0
1,curing_HeavyAtomCount,molecular_descriptor,0.0029695718904844807,0.0010394170324247575,152,1,0
1,curing_LogP,molecular_descriptor,0.023309389926151503,0.005108119166542971,54,1,0
1,curing_MolWt,molecular_descriptor,0.002522578158285064,0.0018186533685794373,160,1,0
1,curing_RingCount,molecular_descriptor,0.0,0.0,292,0,0
1,curing_RotBonds,molecular_descriptor,0.0080025500298042,0.001221847370589886,110,1,0
1,curing_TPSA,molecular_descriptor,0.019922140401764255,-0.0017203765909107446,61,1,0
1,curing_morgan_r2_1,molecular_fingerprint,0.0,0.0,250,1,0
1,curing_morgan_r2_10,molecular_fingerprint,0.10904307021911712,0.028681683400856802,11,1,1
1,curing_morgan_r2_114,molecular_fingerprint,0.0,0.0,260,1,0
1,curing_morgan_r2_12,molecular_fingerprint,0.01207685968815592,-0.010274621460662776,88,1,0
1,curing_morgan_r2_123,molecular_fingerprint,0.0,0.0,292,0,0
1,curing_morgan_r2_18,molecular_fingerprint,0.0028539554133506797,0.0011922661721150182,155,1,0
1,curing_morgan_r2_19,molecular_fingerprint,0.00040569752542271283,0.00035083651481020053,204,1,0
1,curing_morgan_r2_33,molecular_fingerprint,0.008940894381278973,-0.003251854972364121,105,1,0
1,curing_morgan_r2_4,molecular_fingerprint,0.003942788503247558,0.0029827993350449505,143,1,0
1,curing_morgan_r2_49,molecular_fingerprint,0.015507600100944626,-0.006706825366204107,76,1,0
1,curing_morgan_r2_5,molecular_fingerprint,0.0,0.0,292,0,0
1,curing_morgan_r2_66,molecular_fingerprint,0.0,0.0,251,1,0
1,curing_morgan_r2_68,molecular_fingerprint,0.0015737874524817624,0.0002215778539822268,176,1,0
1,curing_morgan_r2_73,molecular_fingerprint,0.0,0.0,292,0,0
1,curing_morgan_r2_78,molecular_fingerprint,0.0,0.0,292,0,0
1,curing_morgan_r2_8,molecular_fingerprint,0.0,0.0,292,0,0
1,curing_morgan_r2_80,molecular_fingerprint,0.0,0.0,292,0,0
1,curing_morgan_r2_81,molecular_fingerprint,0.00020703204214846154,0.0001335544553007316,215,1,0
1,curing_morgan_r2_86,molecular_fingerprint,0.0007252277869782928,-0.0007252277869782928,189,1,0
1,main_AromaticRings,molecular_descriptor,0.06111683879531824,-0.0015996042732236535,20,1,1
1,main_FractionCSP3,molecular_descriptor,0.016522251224737564,0.006878853725515468,71,1,0
1,main_HBA,other,0.05091357039241322,0.0014473688960484612,26,1,0
1,main_HBD,other,0.028777068290605456,0.017394069507057183,49,1,0
1,main_HeavyAtomCount,other,0.043669389417348166,-0.0011815228881864135,31,1,0
1,main_LogP,molecular_descriptor,0.005552898575540565,0.0014701732758439648,126,1,0
1,main_MolWt,molecular_descriptor,0.05033996964682681,0.0011492730099747757,27,1,0
1,main_RingCount,molecular_descriptor,0.05721255422800651,-0.0035425134823765993,23,1,0
1,main_RotBonds,other,0.011049506844252589,0.007857534118349746,94,1,0
1,main_TPSA,molecular_descriptor,0.0797289308088864,0.005413684876338795,17,1,1
1,main_co_similarity,other,0.00032133983330721904,3.731195099236274e-05,207,1,0
1,main_co_similarity_sq,other,0.00021716491318178062,0.0001427955890595614,214,1,0
1,main_morgan_r2_0,molecular_fingerprint,0.029976277718273252,-0.005831439159149485,47,1,0
1,main_morgan_r2_1,molecular_fingerprint,0.008492113592932482,-0.0004902427821985436,107,1,0
1,main_morgan_r2_101,molecular_fingerprint,0.0010394511773332243,0.0005426844240325105,185,1,0
1,main_morgan_r2_102,molecular_fingerprint,0.005209804277563612,-0.0010475544400974789,128,1,0
1,main_morgan_r2_103,molecular_fingerprint,0.0019006727558073385,-0.0002807742349467747,170,1,0
1,main_morgan_r2_104,molecular_fingerprint,0.003502775522408747,0.00027437894228234604,146,1,0
1,main_morgan_r2_105,molecular_fingerprint,0.038830813645219384,0.009745518521439307,36,1,0
1,main_morgan_r2_106,molecular_fingerprint,0.0072245289101323966,0.0019524530253622488,113,1,0
1,main_morgan_r2_107,molecular_fingerprint,0.03458454335132526,-0.005357768184444213,41,1,0
1,main_morgan_r2_108,molecular_fingerprint,0.0016719048774095633,0.0014148549911952716,174,1,0
1,main_morgan_r2_109,molecular_fingerprint,0.0020678876932063556,0.0016605631392230358,164,1,0
1,main_morgan_r2_11,molecular_fingerprint,0.034303339144042974,-0.02043640713829418,42,1,0
1,main_morgan_r2_110,molecular_fingerprint,0.030679226231963588,0.004687676948140306,46,1,0
1,main_morgan_r2_111,molecular_fingerprint,0.006774923796647653,0.0013625349666721025,117,1,0
1,main_morgan_r2_114,molecular_fingerprint,0.0033362690576619666,0.0005874638538249301,147,1,0
1,main_morgan_r2_115,molecular_fingerprint,0.0361568738847619,0.028715357311743406,39,1,0
1,main_morgan_r2_116,molecular_fingerprint,0.0030030967842768993,0.0004998233485955301,151,1,0
1,main_morgan_r2_117,molecular_fingerprint,0.005134373126892849,-0.001328334965164054,129,1,0
1,main_morgan_r2_118,molecular_fingerprint,0.0007806282154767058,0.0003474937294767085,188,1,0
1,main_morgan_r2_119,molecular_fingerprint,0.01599793499164649,0.006918329250589496,73,1,0
1,main_morgan_r2_12,molecular_fingerprint,0.031378957875606066,0.016667826111543226,45,1,0
1,main_morgan_r2_120,molecular_fingerprint,0.00289180307374017,0.0018351997077410132,153,1,0
1,main_morgan_r2_121,molecular_fingerprint,0.007324607694346999,-0.0003915559691018998,112,1,0
1,main_morgan_r2_122,molecular_fingerprint,0.016758971200053516,0.0025599579752171534,70,1,0
1,main_morgan_r2_123,molecular_fingerprint,0.004801270172892044,0.0028537059109713585,136,1,0
1,main_morgan_r2_125,molecular_fingerprint,0.0019712405955154585,-0.0005798298889971604,167,1,0
1,main_morgan_r2_126,molecular_fingerprint,0.0005293166045819617,0.0004473754895030249,202,1,0
1,main_morgan_r2_127,molecular_fingerprint,0.0013889999925280944,0.00041584532490674065,177,1,0
1,main_morgan_r2_13,molecular_fingerprint,0.0005690421538136233,-0.000404777577597694,198,1,0
1,main_morgan_r2_14,molecular_fingerprint,0.006644149122463813,-0.0032822873667494906,118,1,0
1,main_morgan_r2_15,molecular_fingerprint,0.0007237751535922142,0.0002204566993643514,190,1,0
1,main_morgan_r2_17,molecular_fingerprint,0.009643323327480795,0.005389580314903051,98,1,0
1,main_morgan_r2_18,molecular_fingerprint,0.0012231763226801852,0.00015465161151161682,183,1,0
1,main_morgan_r2_19,molecular_fingerprint,0.0032743442354194476,0.00018347771338641088,148,1,0
1,main_morgan_r2_2,molecular_fingerprint,0.0009399607196271771,0.0005368197408637975,186,1,0
1,main_morgan_r2_20,molecular_fingerprint,0.0036456437897534966,0.002565917975058862,145,1,0
1,main_morgan_r2_21,molecular_fingerprint,0.000531906562230486,0.00019670805853062726,200,1,0
1,main_morgan_r2_22,molecular_fingerprint,0.005728164597739495,0.0035650532829346704,123,1,0
1,main_morgan_r2_23,molecular_fingerprint,0.03893306396755646,0.0026423367911091746,34,1,0
1,main_morgan_r2_24,molecular_fingerprint,0.00618476240035534,-0.003787457400587754,122,1,0
1,main_morgan_r2_25,molecular_fingerprint,0.0013441012424920014,0.0006425571055855998,178,1,0
1,main_morgan_r2_26,molecular_fingerprint,0.0018950961675540787,0.0013124224997131423,171,1,0
1,main_morgan_r2_27,molecular_fingerprint,0.01913316820192702,0.012208248205189795,64,1,0
1,main_morgan_r2_28,molecular_fingerprint,0.000714457814763389,-0.000250025248326185,191,1,0
1,main_morgan_r2_29,molecular_fingerprint,0.002166105219826528,0.00169173551032044,163,1,0
1,main_morgan_r2_3,molecular_fingerprint,0.005050681178763499,0.0013955166425553968,131,1,0
1,main_morgan_r2_30,molecular_fingerprint,0.0018678955289847937,0.00010865650820619518,172,1,0
1,main_morgan_r2_31,molecular_fingerprint,0.2446121686670493,0.015512317838912635,2,1,1
1,main_morgan_r2_32,molecular_fingerprint,0.00022256741222337153,0.0002101436456422967,213,1,0
1,main_morgan_r2_33,molecular_fingerprint,0.024574114314875592,-0.00760788191478197,52,1,0
1,main_morgan_r2_34,molecular_fingerprint,0.004237028985030583,0.0016917050813632134,141,1,0
1,main_morgan_r2_35,molecular_fingerprint,0.00454103759929871,0.0011733408331522496,138,1,0
1,main_morgan_r2_36,molecular_fingerprint,0.0012529751169636759,0.0003927974815228987,181,1,0
1,main_morgan_r2_37,molecular_fingerprint,0.01117874209316205,-0.004930602970815697,93,1,0
1,main_morgan_r2_38,molecular_fingerprint,0.00842611382591498,0.0005894265873983949,108,1,0
1,main_morgan_r2_39,molecular_fingerprint,0.008279249779749535,0.0005204691588746768,109,1,0
1,main_morgan_r2_4,molecular_fingerprint,0.000691731200201199,0.0004827110786663979,193,1,0
1,main_morgan_r2_40,molecular_fingerprint,0.04764502976489584,0.03172511949840435,28,1,0
1,main_morgan_r2_41,molecular_fingerprint,0.0016700989144813624,0.001200477784481235,175,1,0
1,main_morgan_r2_43,molecular_fingerprint,0.00416715218688408,-0.0020321960305494553,142,1,0
1,main_morgan_r2_44,molecular_fingerprint,0.007124077490445492,-0.0023666511395876765,115,1,0
1,main_morgan_r2_45,molecular_fingerprint,0.015578712330731527,0.0026724499580652477,75,1,0
1,main_morgan_r2_46,molecular_fingerprint,0.0006716279545964374,-0.0004279261495969421,194,1,0
1,main_morgan_r2_48,molecular_fingerprint,0.007169157190491608,-0.0007698793843471521,114,1,0
1,main_morgan_r2_49,molecular_fingerprint,0.002619318400199973,0.00027564157431015713,157,1,0
1,main_morgan_r2_5,molecular_fingerprint,0.012227667406376985,-0.0007643423475779325,86,1,0
1,main_morgan_r2_50,molecular_fingerprint,0.0044607646815544265,0.0006676746671606937,139,1,0
1,main_morgan_r2_51,molecular_fingerprint,0.005067473866877334,0.0022402502626981563,130,1,0
1,main_morgan_r2_52,molecular_fingerprint,0.04066053014680292,0.008537486010191315,33,1,0
1,main_morgan_r2_53,molecular_fingerprint,7.638208852666947e-06,-5.430389816562335e-06,247,1,0
1,main_morgan_r2_54,molecular_fingerprint,0.0013154245574852062,0.00022135464275063692,180,1,0
1,main_morgan_r2_55,molecular_fingerprint,0.002578555713569382,0.0008516228265481612,158,1,0
1,main_morgan_r2_56,molecular_fingerprint,5.4903925863780174e-05,-5.4903925863780174e-05,228,1,0
1,main_morgan_r2_57,molecular_fingerprint,0.001951701836173419,-0.00150702301723868,168,1,0
1,main_morgan_r2_58,molecular_fingerprint,0.012486822225223227,0.0018135949884021507,84,1,0
1,main_morgan_r2_59,molecular_fingerprint,0.001070296349761798,0.00034342020441992325,184,1,0
1,main_morgan_r2_6,molecular_fingerprint,0.002007221566660619,0.0008255079303151231,166,1,0
1,main_morgan_r2_60,molecular_fingerprint,0.0013395658107330946,-0.000596371840421044,179,1,0
1,main_morgan_r2_61,molecular_fingerprint,0.006476166768107483,-0.0008811899239795671,120,1,0
1,main_morgan_r2_62,molecular_fingerprint,0.002027958538674283,-0.0009802161764754516,165,1,0
1,main_morgan_r2_63,molecular_fingerprint,0.009019850269779363,-2.408973169072674e-05,103,1,0
1,main_morgan_r2_65,molecular_fingerprint,0.000664768771419707,0.0005220025054490584,195,1,0
1,main_morgan_r2_66,molecular_fingerprint,0.012408299478829325,0.0037674599342242083,85,1,0
1,main_morgan_r2_67,molecular_fingerprint,0.005636200861068392,0.0026042735664199134,125,1,0
1,main_morgan_r2_68,molecular_fingerprint,0.006628254135558159,-0.0023235930271923483,119,1,0
1,main_morgan_r2_69,molecular_fingerprint,0.005639877228469079,-0.001435887070432879,124,1,0
1,main_morgan_r2_7,molecular_fingerprint,0.0022846352408566876,0.001366254218202635,162,1,0
1,main_morgan_r2_71,molecular_fingerprint,0.0049201445972721575,-0.002803758892149138,132,1,0
1,main_morgan_r2_72,molecular_fingerprint,0.0,0.0,292,0,0
1,main_morgan_r2_74,molecular_fingerprint,0.011491119282114196,0.0023022086913882366,89,1,0
1,main_morgan_r2_75,molecular_fingerprint,0.006820074158398485,0.0056803485303257495,116,1,0
1,main_morgan_r2_76,molecular_fingerprint,0.014155089769370946,0.006474173509169722,80,1,0
1,main_morgan_r2_77,molecular_fingerprint,0.0209720964893174,0.0004751541424990231,59,1,0
1,main_morgan_r2_78,molecular_fingerprint,0.012088195300623918,0.005150595214175838,87,1,0
1,main_morgan_r2_79,molecular_fingerprint,0.0008472331988866064,-0.00021073168232880506,187,1,0
1,main_morgan_r2_80,molecular_fingerprint,0.006424761916158952,0.0023024781619553876,121,1,0
1,main_morgan_r2_82,molecular_fingerprint,0.011457640452339952,0.008623859053307875,90,1,0
1,main_morgan_r2_83,molecular_fingerprint,0.00019473073058785906,-0.00014634873503584656,218,1,0
1,main_morgan_r2_84,molecular_fingerprint,0.0027698484398489304,-0.0003083686463151026,156,1,0
1,main_morgan_r2_85,molecular_fingerprint,0.005445263545799338,-0.00014893872830021535,127,1,0
1,main_morgan_r2_89,molecular_fingerprint,0.004321575131883972,-0.000773423371427447,140,1,0
1,main_morgan_r2_9,molecular_fingerprint,0.0018472587385690534,-0.0005084205412809851,173,1,0
1,main_morgan_r2_90,molecular_fingerprint,0.016797437024151558,0.000310391834858087,69,1,0
1,main_morgan_r2_91,molecular_fingerprint,0.0019322690427720263,0.0005241025114532425,169,1,0
1,main_morgan_r2_92,molecular_fingerprint,0.002867653880633346,0.0012943331058078106,154,1,0
1,main_morgan_r2_93,molecular_fingerprint,0.0,0.0,292,0,0
1,main_morgan_r2_94,molecular_fingerprint,0.01358424084168683,0.008161504760422026,81,1,0
1,main_morgan_r2_95,molecular_fingerprint,0.0025092032799759393,0.0007856219282353375,161,1,0
1,main_morgan_r2_97,molecular_fingerprint,7.158280706688757e-05,1.3246705268304347e-05,226,1,0
1,main_morgan_r2_98,molecular_fingerprint,0.01575437278995713,0.0009903878582269959,74,1,0
1,main_morgan_r2_99,molecular_fingerprint,0.009118199303943208,-0.0021969859654353105,101,1,0
2,B/P ratio,elemental_composition,0.0,0.0,292,0,0
2,B/P_ratio_sq,elemental_composition,0.0,0.0,155,1,0
2,B/P_ratio_sqrt,elemental_composition,0.0,0.0,292,0,0
2,B_content wt%,elemental_composition,0.0,0.0,235,1,0
2,B_content_wt%_sq,elemental_composition,0.0,0.0,108,1,0
2,B_content_wt%_sqrt,elemental_composition,0.0,0.0,107,1,0
2,B_loading_real,formulation_loading,0.0,0.0,138,1,0
2,B_loading_real_sq,formulation_loading,0.0,0.0,139,1,0
2,B_loading_real_sqrt,formulation_loading,0.0,0.0,140,1,0
2,Co_FR_fraction,formulation_loading,0.0,0.0,130,1,0
2,Co_FR_present,other,0.0,0.0,104,1,0
2,Cure_Temp_Max,curing_and_preparation,0.09383969179044176,-0.0670512733401524,18,1,1
2,CuringAgent_Has_B,molecular_descriptor,0.0,0.0,116,1,0
2,CuringAgent_Has_N,molecular_descriptor,0.002274182329161298,0.0008674716100924544,88,1,0
2,CuringAgent_Has_P,molecular_descriptor,0.0,0.0,115,1,0
2,CuringAgent_Has_S,molecular_descriptor,0.0,0.0,114,1,0
2,EP_matrix_LOI,ep_baseline,0.10710040529284423,0.004622239741341525,14,1,1
2,EP_matrix_LOI_sq,ep_baseline,0.10428999512417553,0.008793876673896896,15,1,1
2,EP_matrix_LOI_sqrt,ep_baseline,0.09942730620749195,0.015452390524895028,17,1,1
2,Has_B,elemental_composition,0.0,0.0,292,0,0
2,Has_N,elemental_composition,0.0,0.0,112,1,0
2,Has_P,elemental_composition,0.0,0.0,111,1,0
2,Has_S,elemental_composition,0.0,0.0,113,1,0
2,Has_Si,elemental_composition,0.0,0.0,292,0,0
2,LOI_Thickness_mm,test_condition,0.08977097179313806,0.007999085763650432,19,1,1
2,Loading_total_FR wt%,formulation_loading,0.011930059815446533,0.0016374591903554065,56,1,0
2,Loading_total_FR_sq,formulation_loading,0.0,0.0,103,1,0
2,Loading_total_FR_sqrt,formulation_loading,0.018429335662060304,-0.002549974417520896,45,1,0
2,Loading_x_EP_matrix_LOI,formulation_interaction,0.0660600599656916,0.023264934035121566,25,1,0
2,Loading_x_Synergy,formulation_loading,0.058373865710002255,0.03536106316502104,26,1,0
2,Main_FR_fraction,formulation_loading,0.0,0.0,233,1,0
2,Main_FR_present,other,0.0,0.0,292,0,0
2,N/P ratio,elemental_composition,0.0007597521278593275,-0.0004370255602730642,98,1,0
2,N/P_ratio_sq,elemental_composition,0.0038239436674242203,-0.0003583111577770779,77,1,0
2,N/P_ratio_sqrt,elemental_composition,0.015737346170159677,0.00010864560544076908,50,1,0
2,N_content wt%,elemental_composition,0.02028941082250742,-0.005801030391206343,44,1,0
2,N_content_wt%_sq,elemental_composition,0.11574319000640464,-0.015688658117368404,11,1,1
2,N_content_wt%_sqrt,elemental_composition,0.08095111601365108,0.00914793632096715,23,1,0
2,N_loading_real,formulation_loading,0.037874964836519205,0.005724679366426749,32,1,0
2,N_loading_real_sq,formulation_loading,0.08680171908862476,0.024859738395963293,21,1,0
2,N_loading_real_sqrt,formulation_loading,0.15730254250268144,0.046507431866808085,10,1,1
2,P_B_loading_product,formulation_loading,0.0,0.0,150,1,0
2,P_B_loading_ratio,formulation_loading,0.0029270278786619496,0.0003955443079272907,80,1,0
2,P_B_loading_sum,formulation_loading,0.001341036425696479,0.0009848236251208515,95,1,0
2,P_N_loading_product,formulation_loading,0.19990879647123322,0.06964493668224249,9,1,1
2,P_N_loading_ratio,formulation_loading,0.0,0.0,292,0,0
2,P_N_loading_sum,formulation_loading,0.03539798605566225,-0.005904164233555397,33,1,0
2,P_S_loading_product,formulation_loading,0.0,0.0,102,1,0
2,P_S_loading_ratio,formulation_loading,0.05235824889244721,0.004519281530649296,28,1,0
2,P_S_loading_sum,formulation_loading,0.0023715221571425586,-0.0009279869310557847,87,1,0
2,P_Si_loading_ratio,formulation_loading,0.2744313795658591,0.0010290530015805016,7,1,1
2,P_Si_loading_sum,formulation_loading,0.026773574048032364,-0.00445702929670612,39,1,0
2,P_content wt%,elemental_composition,0.0,0.0,248,1,0
2,P_content_log,elemental_composition,0.01189259853214024,-0.004487773030996325,57,1,0
2,P_content_sq,elemental_composition,0.0,0.0,101,1,0
2,P_content_sqrt,elemental_composition,0.0014310598125060398,0.0012804219375054042,93,1,0
2,P_content_x_EP_matrix_LOI,formulation_interaction,0.30924103639715916,0.05445148501085998,5,1,1
2,P_loading_real,formulation_loading,0.0,0.0,105,1,0
2,P_loading_real_sq,formulation_loading,0.0,0.0,133,1,0
2,P_loading_real_sqrt,formulation_loading,0.0,0.0,134,1,0
2,P_loading_x_Synergy,formulation_loading,0.2218081896538691,0.018868269890727887,8,1,1
2,P_x_CuringAgent_Has_B,molecular_descriptor,0.0,0.0,152,1,0
2,P_x_CuringAgent_Has_N,molecular_descriptor,0.0,0.0,119,1,0
2,P_x_CuringAgent_Has_P,molecular_descriptor,0.0,0.0,153,1,0
2,P_x_CuringAgent_Has_S,molecular_descriptor,0.0009719439006100098,-0.0009719439006100098,96,1,0
2,P_x_curing_AromaticRings,molecular_descriptor,0.3392372745047841,-0.06533832509691515,4,1,1
2,P_x_curing_FractionCSP3,molecular_descriptor,0.0,0.0,292,0,0
2,P_x_curing_HBA,molecular_descriptor,0.017356879574557133,-0.004945521851380658,48,1,0
2,P_x_curing_HBD,molecular_descriptor,0.30615484779416063,-0.015432449493091553,6,1,1
2,P_x_curing_HeavyAtomCount,molecular_descriptor,0.0,0.0,149,1,0
2,P_x_curing_LogP,molecular_descriptor,0.44803486201291304,-0.009065452923273879,3,1,1
2,P_x_curing_MolWt,molecular_descriptor,0.01759518705618879,-0.0045728375980009645,47,1,0
2,P_x_curing_RingCount,molecular_descriptor,0.0,0.0,151,1,0
2,P_x_curing_RotBonds,molecular_descriptor,0.8525431357562131,-0.2511579279425658,1,1,1
2,P_x_curing_TPSA,molecular_descriptor,0.02171758320674094,-0.006584800556560769,42,1,0
2,Preparation_Method_DOPO-based (Additive + Secondary Crosslinking),curing_and_preparation,0.07771485836762522,0.07771485836762522,24,1,0
2,Preparation_Method_DOPO-based (Co-curing),molecular_descriptor,0.0,0.0,243,1,0
2,Preparation_Method_DOPO-based (additive),curing_and_preparation,0.0,0.0,242,1,0
2,Preparation_Method_DOPO-based (reactive),curing_and_preparation,0.0352051960966653,-0.007722312200090111,34,1,0
2,S/P ratio,elemental_composition,0.0,0.0,117,1,0
2,S/P_ratio_sq,elemental_composition,0.0,0.0,122,1,0
2,S/P_ratio_sqrt,elemental_composition,0.0,0.0,121,1,0
2,S_content wt%,elemental_composition,0.0,0.0,244,1,0
2,S_content_wt%_sq,elemental_composition,0.0,0.0,106,1,0
2,S_content_wt%_sqrt,elemental_composition,0.015557601172477026,-0.004043286573141817,51,1,0
2,S_loading_real,formulation_loading,0.0,0.0,135,1,0
2,S_loading_real_sq,formulation_loading,0.0,0.0,136,1,0
2,S_loading_real_sqrt,formulation_loading,0.0,0.0,137,1,0
2,Si/P ratio,elemental_composition,0.0,0.0,100,1,0
2,Si/P_ratio_sq,elemental_composition,0.00448656299461921,0.003733978234231472,74,1,0
2,Si/P_ratio_sqrt,elemental_composition,0.0,0.0,156,1,0
2,Si_content wt%,elemental_composition,0.0,0.0,292,0,0
2,Si_content_wt%_sqrt,elemental_composition,0.0,0.0,292,0,0
2,Si_loading_real_sqrt,formulation_loading,0.0023939411052399224,0.0019888126105070112,86,1,0
2,Synergy_flag(single=0&synergy=1),other,0.0,0.0,109,1,0
2,Synergy_type_P-N,other,0.001434799035390218,-0.000346330801645915,92,1,0
2,Synergy_type_P-N-Al,other,0.0,0.0,142,1,0
2,Synergy_type_P-N-B,other,0.0,0.0,141,1,0
2,Synergy_type_P-N-S,other,0.0,0.0,144,1,0
2,Synergy_type_P-N-Si,other,0.0,0.0,246,1,0
2,Synergy_type_P-N-Si-B,other,0.0,0.0,247,1,0
2,Synergy_type_P-N-Si-S,other,0.0,0.0,241,1,0
2,Synergy_type_P-N-Si-Ti,other,0.0,0.0,240,1,0
2,Synergy_type_P-N-Si-Zr,other,0.0,0.0,239,1,0
2,Synergy_type_P-P,other,0.0025437684626215024,-0.00014057455998327988,83,1,0
2,Synergy_type_P-Si,other,0.0,0.0,238,1,0
2,Synergy_type_P-Si-B,other,0.0,0.0,237,1,0
2,Synergy_type_P-only,other,0.0,0.0,292,0,0
2,Synergy_x_EP_matrix_LOI,formulation_interaction,0.5472112534634975,0.16422431517444144,2,1,1
2,co_AromaticRings,molecular_descriptor,0.0,0.0,223,1,0
2,co_FractionCSP3,molecular_descriptor,0.0,0.0,292,0,0
2,co_HBA,other,0.0,0.0,231,1,0
2,co_HBD,other,0.0,0.0,230,1,0
2,co_HeavyAtomCount,other,0.0,0.0,222,1,0
2,co_LogP,molecular_descriptor,0.0,0.0,229,1,0
2,co_MolWt,molecular_descriptor,0.0,0.0,236,1,0
2,co_RingCount,molecular_descriptor,0.0,0.0,224,1,0
2,co_RotBonds,other,0.0,0.0,232,1,0
2,co_TPSA,molecular_descriptor,0.0,0.0,234,1,0
2,co_morgan_r2_0,molecular_fingerprint,0.0,0.0,221,1,0
2,co_morgan_r2_1,molecular_fingerprint,0.0,0.0,220,1,0
2,co_morgan_r2_10,molecular_fingerprint,0.0,0.0,292,0,0
2,co_morgan_r2_100,molecular_fingerprint,0.0,0.0,292,0,0
2,co_morgan_r2_102,molecular_fingerprint,0.0,0.0,255,1,0
2,co_morgan_r2_113,molecular_fingerprint,0.0,0.0,292,0,0
2,co_morgan_r2_123,molecular_fingerprint,0.0,0.0,292,0,0
2,co_morgan_r2_13,molecular_fingerprint,0.0,0.0,132,1,0
2,co_morgan_r2_16,molecular_fingerprint,0.0,0.0,292,0,0
2,co_morgan_r2_3,molecular_fingerprint,0.0,0.0,292,0,0
2,co_morgan_r2_38,molecular_fingerprint,0.0,0.0,131,1,0
2,co_morgan_r2_39,molecular_fingerprint,0.0,0.0,292,0,0
2,co_morgan_r2_45,molecular_fingerprint,0.0,0.0,292,0,0
2,co_morgan_r2_5,molecular_fingerprint,0.0,0.0,219,1,0
2,co_morgan_r2_51,molecular_fingerprint,0.0,0.0,124,1,0
2,co_morgan_r2_55,molecular_fingerprint,0.0,0.0,256,1,0
2,co_morgan_r2_7,molecular_fingerprint,0.0,0.0,129,1,0
2,co_morgan_r2_80,molecular_fingerprint,0.0,0.0,292,0,0
2,co_morgan_r2_81,molecular_fingerprint,0.0,0.0,292,0,0
2,co_morgan_r2_9,molecular_fingerprint,0.0,0.0,292,0,0
2,curing_AromaticRings,molecular_descriptor,0.0,0.0,250,1,0
2,curing_FractionCSP3,molecular_descriptor,0.0008609705418348303,0.0002869901806116104,97,1,0
2,curing_HBA,molecular_descriptor,0.008127887668605475,0.0016671258412922425,66,1,0
2,curing_HBD,molecular_descriptor,0.0,0.0,254,1,0
2,curing_HeavyAtomCount,molecular_descriptor,0.0,0.0,249,1,0
2,curing_LogP,molecular_descriptor,0.08865519553422928,-2.4981495613854895e-05,20,1,1
2,curing_MolWt,molecular_descriptor,0.01507830748955408,0.004606587953037685,52,1,0
2,curing_RingCount,molecular_descriptor,0.0,0.0,251,1,0
2,curing_RotBonds,molecular_descriptor,0.0,0.0,253,1,0
2,curing_TPSA,molecular_descriptor,0.00839212376934787,-0.0019417492828021456,64,1,0
2,curing_morgan_r2_1,molecular_fingerprint,0.0,0.0,260,1,0
2,curing_morgan_r2_10,molecular_fingerprint,0.0,0.0,257,1,0
2,curing_morgan_r2_114,molecular_fingerprint,0.0,0.0,126,1,0
2,curing_morgan_r2_12,molecular_fingerprint,0.011400852325475878,-0.006127606766919292,58,1,0
2,curing_morgan_r2_123,molecular_fingerprint,0.0,0.0,110,1,0
2,curing_morgan_r2_18,molecular_fingerprint,0.0,0.0,118,1,0
2,curing_morgan_r2_19,molecular_fingerprint,0.0,0.0,123,1,0
2,curing_morgan_r2_33,molecular_fingerprint,0.0,0.0,120,1,0
2,curing_morgan_r2_4,molecular_fingerprint,0.0,0.0,259,1,0
2,curing_morgan_r2_49,molecular_fingerprint,0.012413678929313188,-0.01006144559269564,55,1,0
2,curing_morgan_r2_5,molecular_fingerprint,0.0,0.0,292,0,0
2,curing_morgan_r2_66,molecular_fingerprint,0.0,0.0,127,1,0
2,curing_morgan_r2_68,molecular_fingerprint,0.0,0.0,128,1,0
2,curing_morgan_r2_73,molecular_fingerprint,0.0,0.0,292,0,0
2,curing_morgan_r2_78,molecular_fingerprint,0.005288852943728367,0.0012702485236028838,71,1,0
2,curing_morgan_r2_8,molecular_fingerprint,0.0,0.0,258,1,0
2,curing_morgan_r2_80,molecular_fingerprint,0.027418931799863166,0.007274306101802113,38,1,0
2,curing_morgan_r2_81,molecular_fingerprint,0.0,0.0,125,1,0
2,curing_morgan_r2_86,molecular_fingerprint,0.0,0.0,292,0,0
2,main_AromaticRings,molecular_descriptor,0.032681361778328824,-0.01807680783482889,35,1,0
2,main_FractionCSP3,molecular_descriptor,0.008358546909358769,0.004561079036858349,65,1,0
2,main_HBA,other,0.05221629113062389,0.05221629113062389,29,1,0
2,main_HBD,other,0.032577623760508774,-0.032577623760508774,36,1,0
2,main_HeavyAtomCount,other,0.01662549461341567,-0.007691837103209564,49,1,0
2,main_LogP,molecular_descriptor,0.11571527475594645,-0.07347061349441193,12,1,1
2,main_MolWt,molecular_descriptor,0.009586071898746816,0.008970257809592609,62,1,0
2,main_RingCount,molecular_descriptor,0.025824681870225408,-0.014666225870864255,40,1,0
2,main_RotBonds,other,0.0031948142550471768,-0.00018906979821622355,79,1,0
2,main_TPSA,molecular_descriptor,0.05103360954568621,0.02903177729290392,30,1,0
2,main_co_similarity,other,0.0,0.0,292,0,0
2,main_co_similarity_sq,other,0.0,0.0,292,0,0
2,main_morgan_r2_0,molecular_fingerprint,0.0,0.0,143,1,0
2,main_morgan_r2_1,molecular_fingerprint,0.0,0.0,148,1,0
2,main_morgan_r2_101,molecular_fingerprint,0.007974686163167152,-0.0002255756035447127,68,1,0
2,main_morgan_r2_102,molecular_fingerprint,0.021560577597831268,0.007947140187801174,43,1,0
2,main_morgan_r2_103,molecular_fingerprint,0.0,0.0,201,1,0
2,main_morgan_r2_104,molecular_fingerprint,0.0,0.0,218,1,0
2,main_morgan_r2_105,molecular_fingerprint,0.0,0.0,217,1,0
2,main_morgan_r2_106,molecular_fingerprint,0.0,0.0,292,0,0
2,main_morgan_r2_107,molecular_fingerprint,0.0,0.0,216,1,0
2,main_morgan_r2_108,molecular_fingerprint,0.0,0.0,215,1,0
2,main_morgan_r2_109,molecular_fingerprint,0.0,0.0,214,1,0
2,main_morgan_r2_11,molecular_fingerprint,0.08590785896256826,0.041873689536457974,22,1,0
2,main_morgan_r2_110,molecular_fingerprint,0.053221364362786246,0.030789624622816023,27,1,0
2,main_morgan_r2_111,molecular_fingerprint,0.006013989843454008,0.0010775041390055178,70,1,0
2,main_morgan_r2_114,molecular_fingerprint,0.0,0.0,213,1,0
2,main_morgan_r2_115,molecular_fingerprint,0.0,0.0,227,1,0
2,main_morgan_r2_116,molecular_fingerprint,0.002540139555931091,0.0009769767522811886,84,1,0
2,main_morgan_r2_117,molecular_fingerprint,0.0,0.0,226,1,0
2,main_morgan_r2_118,molecular_fingerprint,0.0,0.0,225,1,0
2,main_morgan_r2_119,molecular_fingerprint,0.0,0.0,207,1,0
2,main_morgan_r2_12,molecular_fingerprint,0.0,0.0,292,0,0
2,main_morgan_r2_120,molecular_fingerprint,0.0,0.0,208,1,0
2,main_morgan_r2_121,molecular_fingerprint,0.0,0.0,206,1,0
2,main_morgan_r2_122,molecular_fingerprint,0.0,0.0,205,1,0
2,main_morgan_r2_123,molecular_fingerprint,0.0,0.0,252,1,0
2,main_morgan_r2_125,molecular_fingerprint,0.004432439059019089,-0.0004086645940939585,75,1,0
2,main_morgan_r2_126,molecular_fingerprint,0.018001552909328086,0.008288035308036741,46,1,0
2,main_morgan_r2_127,molecular_fingerprint,0.0,0.0,245,1,0
2,main_morgan_r2_13,molecular_fingerprint,0.0,0.0,164,1,0
2,main_morgan_r2_14,molecular_fingerprint,0.001835436336696148,0.001019686853720082,90,1,0
2,main_morgan_r2_15,molecular_fingerprint,0.006727849100199015,-0.0004346644081589243,69,1,0
2,main_morgan_r2_17,molecular_fingerprint,0.0,0.0,192,1,0
2,main_morgan_r2_18,molecular_fingerprint,0.004817768995546636,0.0033137633196181756,73,1,0
2,main_morgan_r2_19,molecular_fingerprint,0.0,0.0,157,1,0
2,main_morgan_r2_2,molecular_fingerprint,0.0,0.0,147,1,0
2,main_morgan_r2_20,molecular_fingerprint,0.0,0.0,292,0,0
2,main_morgan_r2_21,molecular_fingerprint,0.0,0.0,190,1,0
2,main_morgan_r2_22,molecular_fingerprint,0.0,0.0,191,1,0
2,main_morgan_r2_23,molecular_fingerprint,0.0,0.0,193,1,0
2,main_morgan_r2_24,molecular_fingerprint,0.0,0.0,196,1,0
2,main_morgan_r2_25,molecular_fingerprint,0.0,0.0,195,1,0
2,main_morgan_r2_26,molecular_fingerprint,0.0,0.0,194,1,0
2,main_morgan_r2_27,molecular_fingerprint,0.003877072036266331,-0.0032955112308263815,76,1,0
2,main_morgan_r2_28,molecular_fingerprint,0.0,0.0,167,1,0
2,main_morgan_r2_29,molecular_fingerprint,0.0,0.0,292,0,0
2,main_morgan_r2_3,molecular_fingerprint,0.0029149362444877624,-0.0007557242115338643,81,1,0
2,main_morgan_r2_30,molecular_fingerprint,0.0,0.0,169,1,0
2,main_morgan_r2_31,molecular_fingerprint,0.011078398076610431,-0.002914387573384576,59,1,0
2,main_morgan_r2_32,molecular_fingerprint,0.0,0.0,172,1,0
2,main_morgan_r2_33,molecular_fingerprint,0.012853390848936715,0.003932438096186767,54,1,0
2,main_morgan_r2_34,molecular_fingerprint,0.0,0.0,171,1,0
2,main_morgan_r2_35,molecular_fingerprint,0.0,0.0,170,1,0
2,main_morgan_r2_36,molecular_fingerprint,0.04351288928158789,-0.0006772097683925597,31,1,0
2,main_morgan_r2_37,molecular_fingerprint,0.025203938511872883,0.002778702012211497,41,1,0
2,main_morgan_r2_38,molecular_fingerprint,0.0,0.0,161,1,0
2,main_morgan_r2_39,molecular_fingerprint,0.0,0.0,173,1,0
2,main_morgan_r2_4,molecular_fingerprint,0.0,0.0,146,1,0
2,main_morgan_r2_40,molecular_fingerprint,0.09955285829550126,0.0422567280936184,16,1,1
2,main_morgan_r2_41,molecular_fingerprint,0.009780272692441938,0.0016041416095362783,61,1,0
2,main_morgan_r2_43,molecular_fingerprint,0.0,0.0,163,1,0
2,main_morgan_r2_44,molecular_fingerprint,0.0,0.0,162,1,0
2,main_morgan_r2_45,molecular_fingerprint,0.0,0.0,158,1,0
2,main_morgan_r2_46,molecular_fingerprint,0.0017926961017979543,-0.001268004559808308,91,1,0
2,main_morgan_r2_48,molecular_fingerprint,0.0,0.0,185,1,0
2,main_morgan_r2_49,molecular_fingerprint,0.0,0.0,175,1,0
2,main_morgan_r2_5,molecular_fingerprint,0.0,0.0,145,1,0
2,main_morgan_r2_50,molecular_fingerprint,0.0033709027711302016,0.0004139705157528319,78,1,0
2,main_morgan_r2_51,molecular_fingerprint,0.0,0.0,174,1,0
2,main_morgan_r2_52,molecular_fingerprint,0.030318007771339698,-0.02376770409858888,37,1,0
2,main_morgan_r2_53,molecular_fingerprint,0.0,0.0,178,1,0
2,main_morgan_r2_54,molecular_fingerprint,0.0,0.0,177,1,0
2,main_morgan_r2_55,molecular_fingerprint,0.0,0.0,179,1,0
2,main_morgan_r2_56,molecular_fingerprint,0.0,0.0,180,1,0
2,main_morgan_r2_57,molecular_fingerprint,0.0,0.0,176,1,0
2,main_morgan_r2_58,molecular_fingerprint,0.0,0.0,165,1,0
2,main_morgan_r2_59,molecular_fingerprint,0.0,0.0,166,1,0
2,main_morgan_r2_6,molecular_fingerprint,0.0,0.0,154,1,0
2,main_morgan_r2_60,molecular_fingerprint,0.0029059247858822337,-0.0029059247858822337,82,1,0
2,main_morgan_r2_61,molecular_fingerprint,0.0005189144363005956,0.0001729714787668652,99,1,0
2,main_morgan_r2_62,molecular_fingerprint,0.0,0.0,168,1,0
2,main_morgan_r2_63,molecular_fingerprint,0.0,0.0,189,1,0
2,main_morgan_r2_65,molecular_fingerprint,0.0,0.0,203,1,0
2,main_morgan_r2_66,molecular_fingerprint,0.0,0.0,202,1,0
2,main_morgan_r2_67,molecular_fingerprint,0.00933569700457156,-0.0007479242235422138,63,1,0
2,main_morgan_r2_68,molecular_fingerprint,0.010396675247336843,0.002487393675837665,60,1,0
2,main_morgan_r2_69,molecular_fingerprint,0.005261879016955689,0.002447385589281719,72,1,0
2,main_morgan_r2_7,molecular_fingerprint,0.0,0.0,160,1,0
2,main_morgan_r2_71,molecular_fingerprint,0.0,0.0,188,1,0
2,main_morgan_r2_72,molecular_fingerprint,0.0,0.0,187,1,0
2,main_morgan_r2_74,molecular_fingerprint,0.0019370328262448301,0.0016838259208533494,89,1,0
2,main_morgan_r2_75,molecular_fingerprint,0.11204783674226035,-0.07430258387441024,13,1,1
2,main_morgan_r2_76,molecular_fingerprint,0.0,0.0,181,1,0
2,main_morgan_r2_77,molecular_fingerprint,0.0,0.0,182,1,0
2,main_morgan_r2_78,molecular_fingerprint,0.014848959174576322,-0.011804103275709271,53,1,0
2,main_morgan_r2_79,molecular_fingerprint,0.0,0.0,183,1,0
2,main_morgan_r2_80,molecular_fingerprint,0.0,0.0,184,1,0
2,main_morgan_r2_82,molecular_fingerprint,0.0,0.0,186,1,0
2,main_morgan_r2_83,molecular_fingerprint,0.0,0.0,211,1,0
2,main_morgan_r2_84,molecular_fingerprint,0.0,0.0,210,1,0
2,main_morgan_r2_85,molecular_fingerprint,0.0,0.0,209,1,0
2,main_morgan_r2_89,molecular_fingerprint,0.0,0.0,228,1,0
2,main_morgan_r2_9,molecular_fingerprint,0.0,0.0,159,1,0
2,main_morgan_r2_90,molecular_fingerprint,0.008111813273280855,0.0016528230098386604,67,1,0
2,main_morgan_r2_91,molecular_fingerprint,0.0,0.0,204,1,0
2,main_morgan_r2_92,molecular_fingerprint,0.0,0.0,212,1,0
2,main_morgan_r2_93,molecular_fingerprint,0.0,0.0,197,1,0
2,main_morgan_r2_94,molecular_fingerprint,0.0013960279524326325,-0.0004188083857297897,94,1,0
2,main_morgan_r2_95,molecular_fingerprint,0.002407804110811816,-0.0009650712832808492,85,1,0
2,main_morgan_r2_97,molecular_fingerprint,0.0,0.0,198,1,0
2,main_morgan_r2_98,molecular_fingerprint,0.0,0.0,200,1,0
2,main_morgan_r2_99,molecular_fingerprint,0.0,0.0,199,1,0
3,B/P ratio,elemental_composition,0.0,0.0,292,0,0
3,B/P_ratio_sq,elemental_composition,0.0,0.0,292,0,0
3,B/P_ratio_sqrt,elemental_composition,0.0,0.0,161,1,0
3,B_content wt%,elemental_composition,0.0,0.0,292,0,0
3,B_content_wt%_sq,elemental_composition,0.0,0.0,292,0,0
3,B_content_wt%_sqrt,elemental_composition,0.0,0.0,292,0,0
3,B_loading_real,formulation_loading,0.0,0.0,292,0,0
3,B_loading_real_sq,formulation_loading,0.0,0.0,292,0,0
3,B_loading_real_sqrt,formulation_loading,0.0,0.0,292,0,0
3,Co_FR_fraction,formulation_loading,2.336400043633249e-05,2.336400043633249e-05,100,1,0
3,Co_FR_present,other,0.0,0.0,240,1,0
3,Cure_Temp_Max,curing_and_preparation,0.29229916305591647,-0.29229916305591647,3,1,1
3,CuringAgent_Has_B,molecular_descriptor,0.0,0.0,122,1,0
3,CuringAgent_Has_N,molecular_descriptor,0.0,0.0,132,1,0
3,CuringAgent_Has_P,molecular_descriptor,0.0,0.0,130,1,0
3,CuringAgent_Has_S,molecular_descriptor,0.0,0.0,131,1,0
3,EP_matrix_LOI,ep_baseline,0.19952122988541499,0.07854013023432341,10,1,1
3,EP_matrix_LOI_sq,ep_baseline,0.21618478913481035,0.1049098816819282,8,1,1
3,EP_matrix_LOI_sqrt,ep_baseline,0.1616224933156951,0.10934779954453308,12,1,1
3,Has_B,elemental_composition,0.0,0.0,126,1,0
3,Has_N,elemental_composition,0.0,0.0,128,1,0
3,Has_P,elemental_composition,0.0,0.0,129,1,0
3,Has_S,elemental_composition,0.0,0.0,125,1,0
3,Has_Si,elemental_composition,0.0,0.0,127,1,0
3,LOI_Thickness_mm,test_condition,0.0,0.0,292,0,0
3,Loading_total_FR wt%,formulation_loading,0.0038235614547092026,-0.0026825213240873487,85,1,0
3,Loading_total_FR_sq,formulation_loading,0.0014329480007290866,0.0004935709780289064,98,1,0
3,Loading_total_FR_sqrt,formulation_loading,0.0,0.0,176,1,0
3,Loading_x_EP_matrix_LOI,formulation_interaction,0.031269954727031285,-0.015875319292665353,36,1,0
3,Loading_x_Synergy,formulation_loading,0.02622162751905206,-0.01083389001536287,39,1,0
3,Main_FR_fraction,formulation_loading,0.0,0.0,237,1,0
3,Main_FR_present,other,0.0,0.0,239,1,0
3,N/P ratio,elemental_composition,0.030451052746114628,0.0021340943272742966,37,1,0
3,N/P_ratio_sq,elemental_composition,0.06732312255648946,0.00784520371551884,23,1,0
3,N/P_ratio_sqrt,elemental_composition,0.006990929698157639,-0.00041869451912740957,70,1,0
3,N_content wt%,elemental_composition,0.09133731040379245,-0.03387914781251714,19,1,1
3,N_content_wt%_sq,elemental_composition,0.10151638735396175,-0.027883167023667044,16,1,1
3,N_content_wt%_sqrt,elemental_composition,0.09555195133098296,-0.02067688752793604,17,1,1
3,N_loading_real,formulation_loading,0.15277843030557656,-0.05474443505802705,13,1,1
3,N_loading_real_sq,formulation_loading,0.0,0.0,197,1,0
3,N_loading_real_sqrt,formulation_loading,0.13630619578166966,-0.05204916022097069,14,1,1
3,P_B_loading_product,formulation_loading,0.0,0.0,292,0,0
3,P_B_loading_ratio,formulation_loading,0.07345398655782143,-0.02402813233435155,21,1,0
3,P_B_loading_sum,formulation_loading,0.0,0.0,145,1,0
3,P_N_loading_product,formulation_loading,0.09399246366558747,-0.018508243379118435,18,1,1
3,P_N_loading_ratio,formulation_loading,0.01646238354241682,0.002857820303696725,46,1,0
3,P_N_loading_sum,formulation_loading,0.05197088119250519,-0.0267134597171874,27,1,0
3,P_S_loading_product,formulation_loading,0.0,0.0,146,1,0
3,P_S_loading_ratio,formulation_loading,0.020526160773717692,-0.006231577433645725,43,1,0
3,P_S_loading_sum,formulation_loading,0.047690862350993665,-0.013865224934286545,28,1,0
3,P_Si_loading_ratio,formulation_loading,0.19829803549374148,-0.037430209823780584,11,1,1
3,P_Si_loading_sum,formulation_loading,0.029720219340589302,0.010323765799403192,38,1,0
3,P_content wt%,elemental_composition,0.0,0.0,249,1,0
3,P_content_log,elemental_composition,0.01626770910910434,0.004290061208109056,47,1,0
3,P_content_sq,elemental_composition,0.0,0.0,179,1,0
3,P_content_sqrt,elemental_composition,0.0,0.0,178,1,0
3,P_content_x_EP_matrix_LOI,formulation_interaction,0.2744574449811545,-0.03939995575308179,5,1,1
3,P_loading_real,formulation_loading,0.0,0.0,175,1,0
3,P_loading_real_sq,formulation_loading,0.0014964981511649152,-0.0009927264963173201,97,1,0
3,P_loading_real_sqrt,formulation_loading,0.0,0.0,174,1,0
3,P_loading_x_Synergy,formulation_loading,0.26539393572654174,-0.08822858375962826,7,1,1
3,P_x_CuringAgent_Has_B,molecular_descriptor,0.0,0.0,144,1,0
3,P_x_CuringAgent_Has_N,molecular_descriptor,0.005722185075283047,-0.0013205042481422434,76,1,0
3,P_x_CuringAgent_Has_P,molecular_descriptor,0.0,0.0,147,1,0
3,P_x_CuringAgent_Has_S,molecular_descriptor,0.0038049578790863335,-0.0035145030791560775,86,1,0
3,P_x_curing_AromaticRings,molecular_descriptor,0.010399738981698959,-0.002345558277641733,58,1,0
3,P_x_curing_FractionCSP3,molecular_descriptor,0.011129559068423174,8.261629380285819e-05,56,1,0
3,P_x_curing_HBA,molecular_descriptor,0.034692388741403,-0.020196380148020884,35,1,0
3,P_x_curing_HBD,molecular_descriptor,0.26969099706116456,-0.07339621499827548,6,1,1
3,P_x_curing_HeavyAtomCount,molecular_descriptor,0.022438013637438414,-0.005265936906346019,41,1,0
3,P_x_curing_LogP,molecular_descriptor,0.43479570348423696,-0.11137544113767542,2,1,1
3,P_x_curing_MolWt,molecular_descriptor,0.011310623217270607,-0.00430289728515264,55,1,0
3,P_x_curing_RingCount,molecular_descriptor,0.011368154535690948,-0.0022576942419012384,54,1,0
3,P_x_curing_RotBonds,molecular_descriptor,1.1235329126023372,-0.196410103924055,1,1,1
3,P_x_curing_TPSA,molecular_descriptor,0.06892048187553874,-0.025420269373183438,22,1,0
3,Preparation_Method_DOPO-based (Additive + Secondary Crosslinking),curing_and_preparation,0.11659881106526081,-0.06938799357196936,15,1,1
3,Preparation_Method_DOPO-based (Co-curing),molecular_descriptor,0.052000922644769604,0.007697366896965026,26,1,0
3,Preparation_Method_DOPO-based (additive),curing_and_preparation,0.0,0.0,241,1,0
3,Preparation_Method_DOPO-based (reactive),curing_and_preparation,0.03695885482813336,0.00548676665406674,34,1,0
3,S/P ratio,elemental_composition,0.0,0.0,102,1,0
3,S/P_ratio_sq,elemental_composition,0.0,0.0,140,1,0
3,S/P_ratio_sqrt,elemental_composition,0.0,0.0,162,1,0
3,S_content wt%,elemental_composition,0.0,0.0,238,1,0
3,S_content_wt%_sq,elemental_composition,0.0,0.0,177,1,0
3,S_content_wt%_sqrt,elemental_composition,0.0,0.0,137,1,0
3,S_loading_real,formulation_loading,0.0,0.0,198,1,0
3,S_loading_real_sq,formulation_loading,0.0,0.0,199,1,0
3,S_loading_real_sqrt,formulation_loading,0.0,0.0,200,1,0
3,Si/P ratio,elemental_composition,0.0,0.0,103,1,0
3,Si/P_ratio_sq,elemental_composition,0.006612250984956822,0.0017303507092098394,72,1,0
3,Si/P_ratio_sqrt,elemental_composition,0.0,0.0,292,0,0
3,Si_content wt%,elemental_composition,0.0,0.0,292,0,0
3,Si_content_wt%_sqrt,elemental_composition,0.0,0.0,292,0,0
3,Si_loading_real_sqrt,formulation_loading,0.0036056425898439363,0.0009753584706534939,88,1,0
3,Synergy_flag(single=0&synergy=1),other,0.0,0.0,124,1,0
3,Synergy_type_P-N,other,0.013018848079567161,-0.006699491891389093,52,1,0
3,Synergy_type_P-N-Al,other,0.0,0.0,292,0,0
3,Synergy_type_P-N-B,other,0.0,0.0,292,0,0
3,Synergy_type_P-N-S,other,0.0,0.0,192,1,0
3,Synergy_type_P-N-Si,other,0.016011031568050386,-0.005431530333331064,48,1,0
3,Synergy_type_P-N-Si-B,other,0.0,0.0,292,0,0
3,Synergy_type_P-N-Si-S,other,0.0,0.0,191,1,0
3,Synergy_type_P-N-Si-Ti,other,0.0,0.0,247,1,0
3,Synergy_type_P-N-Si-Zr,other,0.0,0.0,245,1,0
3,Synergy_type_P-P,other,0.0024305275744862026,0.0024305275744862026,92,1,0
3,Synergy_type_P-Si,other,0.0,0.0,246,1,0
3,Synergy_type_P-Si-B,other,0.0,0.0,242,1,0
3,Synergy_type_P-only,other,0.0,0.0,292,0,0
3,Synergy_x_EP_matrix_LOI,formulation_interaction,0.20931067036283726,0.15446083471411845,9,1,1
3,co_AromaticRings,molecular_descriptor,0.0,0.0,233,1,0
3,co_FractionCSP3,molecular_descriptor,0.0,0.0,243,1,0
3,co_HBA,other,0.0,0.0,248,1,0
3,co_HBD,other,0.0,0.0,251,1,0
3,co_HeavyAtomCount,other,0.0,0.0,244,1,0
3,co_LogP,molecular_descriptor,0.004125567985077698,0.00031735138346751453,83,1,0
3,co_MolWt,molecular_descriptor,0.0,0.0,228,1,0
3,co_RingCount,molecular_descriptor,0.0,0.0,234,1,0
3,co_RotBonds,other,0.0,0.0,292,0,0
3,co_TPSA,molecular_descriptor,0.0,0.0,252,1,0
3,co_morgan_r2_0,molecular_fingerprint,0.0,0.0,236,1,0
3,co_morgan_r2_1,molecular_fingerprint,0.0,0.0,235,1,0
3,co_morgan_r2_10,molecular_fingerprint,0.0,0.0,292,0,0
3,co_morgan_r2_100,molecular_fingerprint,0.0,0.0,108,1,0
3,co_morgan_r2_102,molecular_fingerprint,0.0,0.0,107,1,0
3,co_morgan_r2_113,molecular_fingerprint,0.0,0.0,104,1,0
3,co_morgan_r2_123,molecular_fingerprint,0.0,0.0,101,1,0
3,co_morgan_r2_13,molecular_fingerprint,0.0,0.0,292,0,0
3,co_morgan_r2_16,molecular_fingerprint,0.0,0.0,292,0,0
3,co_morgan_r2_3,molecular_fingerprint,0.0,0.0,229,1,0
3,co_morgan_r2_38,molecular_fingerprint,0.0,0.0,292,0,0
3,co_morgan_r2_39,molecular_fingerprint,0.0,0.0,292,0,0
3,co_morgan_r2_45,molecular_fingerprint,0.0,0.0,292,0,0
3,co_morgan_r2_5,molecular_fingerprint,0.0,0.0,230,1,0
3,co_morgan_r2_51,molecular_fingerprint,0.0,0.0,232,1,0
3,co_morgan_r2_55,molecular_fingerprint,0.0,0.0,292,0,0
3,co_morgan_r2_7,molecular_fingerprint,0.0,0.0,292,0,0
3,co_morgan_r2_80,molecular_fingerprint,0.0,0.0,224,1,0
3,co_morgan_r2_81,molecular_fingerprint,0.0,0.0,223,1,0
3,co_morgan_r2_9,molecular_fingerprint,0.0,0.0,231,1,0
3,curing_AromaticRings,molecular_descriptor,0.0,0.0,256,1,0
3,curing_FractionCSP3,molecular_descriptor,0.0,0.0,254,1,0
3,curing_HBA,molecular_descriptor,0.03776240345711512,0.012424678510675826,33,1,0
3,curing_HBD,molecular_descriptor,0.0,0.0,257,1,0
3,curing_HeavyAtomCount,molecular_descriptor,0.0,0.0,253,1,0
3,curing_LogP,molecular_descriptor,0.006012781695462765,0.0031994618196040385,74,1,0
3,curing_MolWt,molecular_descriptor,0.007479571501413983,0.0006799610455830888,68,1,0
3,curing_RingCount,molecular_descriptor,0.0,0.0,255,1,0
3,curing_RotBonds,molecular_descriptor,0.0019651888310909253,0.0019651888310909253,94,1,0
3,curing_TPSA,molecular_descriptor,0.01869387165953715,0.01869387165953715,44,1,0
3,curing_morgan_r2_1,molecular_fingerprint,0.0,0.0,250,1,0
3,curing_morgan_r2_10,molecular_fingerprint,0.0,0.0,258,1,0
3,curing_morgan_r2_114,molecular_fingerprint,0.0,0.0,292,0,0
3,curing_morgan_r2_12,molecular_fingerprint,0.00324684820137918,0.0017376098937044542,89,1,0
3,curing_morgan_r2_123,molecular_fingerprint,0.003103966930777664,0.003103966930777664,90,1,0
3,curing_morgan_r2_18,molecular_fingerprint,0.0,0.0,112,1,0
3,curing_morgan_r2_19,molecular_fingerprint,0.0,0.0,111,1,0
3,curing_morgan_r2_33,molecular_fingerprint,0.008480553322782115,0.008480553322782115,62,1,0
3,curing_morgan_r2_4,molecular_fingerprint,0.0,0.0,123,1,0
3,curing_morgan_r2_49,molecular_fingerprint,0.0076398071377641605,0.0038731511040694154,67,1,0
3,curing_morgan_r2_5,molecular_fingerprint,0.0,0.0,260,1,0
3,curing_morgan_r2_66,molecular_fingerprint,0.0,0.0,110,1,0
3,curing_morgan_r2_68,molecular_fingerprint,0.0,0.0,109,1,0
3,curing_morgan_r2_73,molecular_fingerprint,0.0,0.0,116,1,0
3,curing_morgan_r2_78,molecular_fingerprint,0.0,0.0,115,1,0
3,curing_morgan_r2_8,molecular_fingerprint,0.0,0.0,259,1,0
3,curing_morgan_r2_80,molecular_fingerprint,0.04545985314581126,0.004972958065983328,29,1,0
3,curing_morgan_r2_81,molecular_fingerprint,0.0,0.0,106,1,0
3,curing_morgan_r2_86,molecular_fingerprint,0.0,0.0,105,1,0
3,main_AromaticRings,molecular_descriptor,0.008388176948711688,0.0014017210065180228,63,1,0
3,main_FractionCSP3,molecular_descriptor,0.014167893742107685,-0.00624566362446381,49,1,0
3,main_HBA,other,0.026194785152846536,0.026194785152846536,40,1,0
3,main_HBD,other,0.007931096528967221,-0.002779246196150779,66,1,0
3,main_HeavyAtomCount,other,0.011677947292725248,-0.00109968863427639,53,1,0
3,main_LogP,molecular_descriptor,0.03962627043869966,0.016690866540237836,32,1,0
3,main_MolWt,molecular_descriptor,0.0017321765650477653,-0.00040540302586224353,95,1,0
3,main_RingCount,molecular_descriptor,0.0014069713341693082,0.0007265507709234952,99,1,0
3,main_RotBonds,other,0.0,0.0,138,1,0
3,main_TPSA,molecular_descriptor,0.289203200852369,-0.03697590620787298,4,1,1
3,main_co_similarity,other,0.0,0.0,135,1,0
3,main_co_similarity_sq,other,0.0,0.0,136,1,0
3,main_morgan_r2_0,molecular_fingerprint,0.0,0.0,139,1,0
3,main_morgan_r2_1,molecular_fingerprint,0.0,0.0,143,1,0
3,main_morgan_r2_101,molecular_fingerprint,0.006830224767327309,-0.0010412510484457016,71,1,0
3,main_morgan_r2_102,molecular_fingerprint,0.009697738754459553,-0.004904061803180314,61,1,0
3,main_morgan_r2_103,molecular_fingerprint,0.0,0.0,205,1,0
3,main_morgan_r2_104,molecular_fingerprint,0.0,0.0,212,1,0
3,main_morgan_r2_105,molecular_fingerprint,0.0,0.0,211,1,0
3,main_morgan_r2_106,molecular_fingerprint,0.004002225355555608,0.001571831080234714,84,1,0
3,main_morgan_r2_107,molecular_fingerprint,0.0,0.0,210,1,0
3,main_morgan_r2_108,molecular_fingerprint,0.004446593473354979,-0.004446593473354979,81,1,0
3,main_morgan_r2_109,molecular_fingerprint,0.0,0.0,209,1,0
3,main_morgan_r2_11,molecular_fingerprint,0.04501394818226496,-0.020983318306971345,30,1,0
3,main_morgan_r2_110,molecular_fingerprint,0.05500933297858058,-0.013460769241468776,25,1,0
3,main_morgan_r2_111,molecular_fingerprint,0.0061166277662333445,0.00286988525133994,73,1,0
3,main_morgan_r2_114,molecular_fingerprint,0.0,0.0,222,1,0
3,main_morgan_r2_115,molecular_fingerprint,0.0,0.0,221,1,0
3,main_morgan_r2_116,molecular_fingerprint,0.0,0.0,220,1,0
3,main_morgan_r2_117,molecular_fingerprint,0.0,0.0,219,1,0
3,main_morgan_r2_118,molecular_fingerprint,0.0,0.0,218,1,0
3,main_morgan_r2_119,molecular_fingerprint,0.007060954678389761,-0.0007873793194691344,69,1,0
3,main_morgan_r2_12,molecular_fingerprint,0.0,0.0,114,1,0
3,main_morgan_r2_120,molecular_fingerprint,0.0,0.0,217,1,0
3,main_morgan_r2_121,molecular_fingerprint,0.0,0.0,216,1,0
3,main_morgan_r2_122,molecular_fingerprint,0.0,0.0,215,1,0
3,main_morgan_r2_123,molecular_fingerprint,0.0,0.0,214,1,0
3,main_morgan_r2_125,molecular_fingerprint,0.0,0.0,213,1,0
3,main_morgan_r2_126,molecular_fingerprint,0.04053568224629596,-0.018377576401043268,31,1,0
3,main_morgan_r2_127,molecular_fingerprint,0.008139629165331518,-0.008139629165331518,65,1,0
3,main_morgan_r2_13,molecular_fingerprint,0.0,0.0,292,0,0
3,main_morgan_r2_14,molecular_fingerprint,0.0,0.0,113,1,0
3,main_morgan_r2_15,molecular_fingerprint,0.005968634784221655,-0.0021673813462257364,75,1,0
3,main_morgan_r2_17,molecular_fingerprint,0.0,0.0,149,1,0
3,main_morgan_r2_18,molecular_fingerprint,0.003756140872008272,0.0006459605321288107,87,1,0
3,main_morgan_r2_19,molecular_fingerprint,0.0,0.0,150,1,0
3,main_morgan_r2_2,molecular_fingerprint,0.0,0.0,121,1,0
3,main_morgan_r2_20,molecular_fingerprint,0.0,0.0,148,1,0
3,main_morgan_r2_21,molecular_fingerprint,0.021367460601031785,-0.005227885097265241,42,1,0
3,main_morgan_r2_22,molecular_fingerprint,0.0,0.0,163,1,0
3,main_morgan_r2_23,molecular_fingerprint,0.005215950504255791,0.005215950504255791,77,1,0
3,main_morgan_r2_24,molecular_fingerprint,0.0,0.0,196,1,0
3,main_morgan_r2_25,molecular_fingerprint,0.0,0.0,195,1,0
3,main_morgan_r2_26,molecular_fingerprint,0.0,0.0,164,1,0
3,main_morgan_r2_27,molecular_fingerprint,0.001642839207003514,-0.001137350220233202,96,1,0
3,main_morgan_r2_28,molecular_fingerprint,0.0,0.0,133,1,0
3,main_morgan_r2_29,molecular_fingerprint,0.0,0.0,292,0,0
3,main_morgan_r2_3,molecular_fingerprint,0.0,0.0,141,1,0
3,main_morgan_r2_30,molecular_fingerprint,0.004490666440170674,0.00035174932951728466,80,1,0
3,main_morgan_r2_31,molecular_fingerprint,0.09078787761378199,-0.005627555168854698,20,1,1
3,main_morgan_r2_32,molecular_fingerprint,0.0,0.0,134,1,0
3,main_morgan_r2_33,molecular_fingerprint,0.0,0.0,165,1,0
3,main_morgan_r2_34,molecular_fingerprint,0.0,0.0,166,1,0
3,main_morgan_r2_35,molecular_fingerprint,0.0,0.0,194,1,0
3,main_morgan_r2_36,molecular_fingerprint,0.0,0.0,193,1,0
3,main_morgan_r2_37,molecular_fingerprint,0.0,0.0,160,1,0
3,main_morgan_r2_38,molecular_fingerprint,0.0020847991481423374,-0.0011881113424897195,93,1,0
3,main_morgan_r2_39,molecular_fingerprint,0.0,0.0,159,1,0
3,main_morgan_r2_4,molecular_fingerprint,0.0,0.0,142,1,0
3,main_morgan_r2_40,molecular_fingerprint,0.0,0.0,158,1,0
3,main_morgan_r2_41,molecular_fingerprint,0.0,0.0,157,1,0
3,main_morgan_r2_43,molecular_fingerprint,0.0,0.0,155,1,0
3,main_morgan_r2_44,molecular_fingerprint,0.0,0.0,154,1,0
3,main_morgan_r2_45,molecular_fingerprint,0.0029568205277125054,-2.4640171064270697e-05,91,1,0
3,main_morgan_r2_46,molecular_fingerprint,0.0,0.0,153,1,0
3,main_morgan_r2_48,molecular_fingerprint,0.0,0.0,151,1,0
3,main_morgan_r2_49,molecular_fingerprint,0.0,0.0,156,1,0
3,main_morgan_r2_5,molecular_fingerprint,0.0,0.0,120,1,0
3,main_morgan_r2_50,molecular_fingerprint,0.0,0.0,152,1,0
3,main_morgan_r2_51,molecular_fingerprint,0.0,0.0,184,1,0
3,main_morgan_r2_52,molecular_fingerprint,0.009790463600721626,0.006666763380376833,60,1,0
3,main_morgan_r2_53,molecular_fingerprint,0.0,0.0,182,1,0
3,main_morgan_r2_54,molecular_fingerprint,0.0,0.0,181,1,0
3,main_morgan_r2_55,molecular_fingerprint,0.0,0.0,173,1,0
3,main_morgan_r2_56,molecular_fingerprint,0.0,0.0,171,1,0
3,main_morgan_r2_57,molecular_fingerprint,0.0,0.0,170,1,0
3,main_morgan_r2_58,molecular_fingerprint,0.0,0.0,169,1,0
3,main_morgan_r2_59,molecular_fingerprint,0.0,0.0,180,1,0
3,main_morgan_r2_6,molecular_fingerprint,0.0,0.0,119,1,0
3,main_morgan_r2_60,molecular_fingerprint,0.013091386885692675,0.013091386885692675,51,1,0
3,main_morgan_r2_61,molecular_fingerprint,0.00838801165163103,-0.00026959077299883004,64,1,0
3,main_morgan_r2_62,molecular_fingerprint,0.0,0.0,167,1,0
3,main_morgan_r2_63,molecular_fingerprint,0.0044205568606654816,-3.180256734291731e-05,82,1,0
3,main_morgan_r2_65,molecular_fingerprint,0.004605985147257649,-3.2227805091274675e-05,79,1,0
3,main_morgan_r2_66,molecular_fingerprint,0.0,0.0,172,1,0
3,main_morgan_r2_67,molecular_fingerprint,0.0,0.0,168,1,0
3,main_morgan_r2_68,molecular_fingerprint,0.0,0.0,204,1,0
3,main_morgan_r2_69,molecular_fingerprint,0.0,0.0,203,1,0
3,main_morgan_r2_7,molecular_fingerprint,0.0,0.0,117,1,0
3,main_morgan_r2_71,molecular_fingerprint,0.0,0.0,202,1,0
3,main_morgan_r2_72,molecular_fingerprint,0.0,0.0,292,0,0
3,main_morgan_r2_74,molecular_fingerprint,0.0,0.0,201,1,0
3,main_morgan_r2_75,molecular_fingerprint,0.05778961768658416,0.005514969717349028,24,1,0
3,main_morgan_r2_76,molecular_fingerprint,0.0,0.0,190,1,0
3,main_morgan_r2_77,molecular_fingerprint,0.018333726262466783,-0.009086508806794883,45,1,0
3,main_morgan_r2_78,molecular_fingerprint,0.010367455645981762,-0.004736415650695558,59,1,0
3,main_morgan_r2_79,molecular_fingerprint,0.0,0.0,189,1,0
3,main_morgan_r2_80,molecular_fingerprint,0.004741294584237037,0.0009783623745251036,78,1,0
3,main_morgan_r2_82,molecular_fingerprint,0.010754977746142287,-0.010754977746142287,57,1,0
3,main_morgan_r2_83,molecular_fingerprint,0.0,0.0,292,0,0
3,main_morgan_r2_84,molecular_fingerprint,0.0,0.0,187,1,0
3,main_morgan_r2_85,molecular_fingerprint,0.0,0.0,186,1,0
3,main_morgan_r2_89,molecular_fingerprint,0.0,0.0,185,1,0
3,main_morgan_r2_9,molecular_fingerprint,0.0,0.0,118,1,0
3,main_morgan_r2_90,molecular_fingerprint,0.0,0.0,188,1,0
3,main_morgan_r2_91,molecular_fingerprint,0.0,0.0,183,1,0
3,main_morgan_r2_92,molecular_fingerprint,0.0,0.0,227,1,0
3,main_morgan_r2_93,molecular_fingerprint,0.0,0.0,226,1,0
3,main_morgan_r2_94,molecular_fingerprint,0.0,0.0,225,1,0
3,main_morgan_r2_95,molecular_fingerprint,0.0,0.0,208,1,0
3,main_morgan_r2_97,molecular_fingerprint,0.0,0.0,207,1,0
3,main_morgan_r2_98,molecular_fingerprint,0.0,0.0,206,1,0
3,main_morgan_r2_99,molecular_fingerprint,0.0140832424021533,-0.0031826914161340227,50,1,0
4,B/P ratio,elemental_composition,0.0,0.0,292,0,0
4,B/P_ratio_sq,elemental_composition,0.0,0.0,292,0,0
4,B/P_ratio_sqrt,elemental_composition,0.0,0.0,292,0,0
4,B_content wt%,elemental_composition,0.0003267865474077147,-0.0003267865474077147,196,1,0
4,B_content_wt%_sq,elemental_composition,6.028933717903715e-06,3.698711861269894e-06,232,1,0
4,B_content_wt%_sqrt,elemental_composition,0.0003891684478623102,2.9830491898960807e-05,193,1,0
4,B_loading_real,formulation_loading,5.30636141775176e-06,-5.30636141775176e-06,233,1,0
4,B_loading_real_sq,formulation_loading,6.420665756902761e-06,-6.31161202262673e-06,231,1,0
4,B_loading_real_sqrt,formulation_loading,0.0008239175934620478,-6.008030915701884e-07,169,1,0
4,Co_FR_fraction,formulation_loading,0.00010302739276085048,-0.00010302739276085048,216,1,0
4,Co_FR_present,other,4.945449634558625e-07,4.945449634558625e-07,237,1,0
4,Cure_Temp_Max,curing_and_preparation,0.20743722606811854,-0.12409681968016986,9,1,1
4,CuringAgent_Has_B,molecular_descriptor,0.0,0.0,244,1,0
4,CuringAgent_Has_N,molecular_descriptor,0.0027980997252571214,0.0027980997252571214,134,1,0
4,CuringAgent_Has_P,molecular_descriptor,0.0,0.0,247,1,0
4,CuringAgent_Has_S,molecular_descriptor,0.00654814715294513,0.00047602866525098644,102,1,0
4,EP_matrix_LOI,ep_baseline,0.21962076413919948,0.16768809424032224,7,1,1
4,EP_matrix_LOI_sq,ep_baseline,0.06752708363606225,0.05107279957321305,23,1,0
4,EP_matrix_LOI_sqrt,ep_baseline,0.03438362398709513,0.026506952750216976,39,1,0
4,Has_B,elemental_composition,0.0,0.0,292,0,0
4,Has_N,elemental_composition,0.0002089980120029025,-9.85044878729645e-05,205,1,0
4,Has_P,elemental_composition,5.978484301724369e-05,-1.861694919945741e-05,225,1,0
4,Has_S,elemental_composition,6.46213934743611e-05,3.0527707463921464e-06,224,1,0
4,Has_Si,elemental_composition,0.00015673802823248147,-0.00012271293266436528,210,1,0
4,LOI_Thickness_mm,test_condition,0.0,0.0,292,0,0
4,Loading_total_FR wt%,formulation_loading,0.026719427871207187,-0.009199628411493166,52,1,0
4,Loading_total_FR_sq,formulation_loading,0.007660506526577606,-0.0025098935650217525,94,1,0
4,Loading_total_FR_sqrt,formulation_loading,0.005387346638943837,-0.002328508251781487,108,1,0
4,Loading_x_EP_matrix_LOI,formulation_interaction,0.08893496161918274,-0.052712102508022426,16,1,1
4,Loading_x_Synergy,formulation_loading,0.11376861942615876,-0.007197587027866469,12,1,1
4,Main_FR_fraction,formulation_loading,0.043787870325126675,0.0027087456005763146,30,1,0
4,Main_FR_present,other,0.003564448760330884,0.0002626557358868283,121,1,0
4,N/P ratio,elemental_composition,0.0349065594228075,-0.002899473890598123,38,1,0
4,N/P_ratio_sq,elemental_composition,0.003943194634691988,9.187603394585267e-05,117,1,0
4,N/P_ratio_sqrt,elemental_composition,0.001806519753978406,-0.00026262462603679325,152,1,0
4,N_content wt%,elemental_composition,0.1069575706368819,-0.010532519836372605,13,1,1
4,N_content_wt%_sq,elemental_composition,0.02521294158046489,-0.005135169155364058,53,1,0
4,N_content_wt%_sqrt,elemental_composition,0.011641330880138499,-0.0016212602317998267,83,1,0
4,N_loading_real,formulation_loading,0.09383506386238691,-0.014060120238057363,15,1,1
4,N_loading_real_sq,formulation_loading,0.03730965434585095,-0.005456100768903054,37,1,0
4,N_loading_real_sqrt,formulation_loading,0.070050120281151,-0.012443079511885695,22,1,0
4,P_B_loading_product,formulation_loading,1.4962536645018394e-05,-1.4962536645018394e-05,228,1,0
4,P_B_loading_ratio,formulation_loading,0.005206659079291664,-0.0007444739653679051,109,1,0
4,P_B_loading_sum,formulation_loading,0.013692701311839993,0.008653003486875623,75,1,0
4,P_N_loading_product,formulation_loading,0.1504676072192624,-0.05533739186847275,10,1,1
4,P_N_loading_ratio,formulation_loading,0.03019065634901936,-0.003632123618352766,45,1,0
4,P_N_loading_sum,formulation_loading,0.13328270587663812,-0.030822227130147782,11,1,1
4,P_S_loading_product,formulation_loading,0.0015009946718243928,0.00033614692391253155,156,1,0
4,P_S_loading_ratio,formulation_loading,0.04586620405819495,-0.023651692615518437,29,1,0
4,P_S_loading_sum,formulation_loading,0.012095455427353735,0.0028348061794697416,78,1,0
4,P_Si_loading_ratio,formulation_loading,0.34343592015032454,-0.01340846986011253,4,1,1
4,P_Si_loading_sum,formulation_loading,0.05138709785027795,-0.0042026054125765076,28,1,0
4,P_content wt%,elemental_composition,0.015240604908334284,-0.004473938120230807,70,1,0
4,P_content_log,elemental_composition,0.005500633908262042,-0.0023310901408855763,107,1,0
4,P_content_sq,elemental_composition,0.0028419247903426967,-0.0009912753925510952,133,1,0
4,P_content_sqrt,elemental_composition,0.0025195332600813146,-0.00038019970479850874,139,1,0
4,P_content_x_EP_matrix_LOI,formulation_interaction,0.37019290706535085,-0.18255399542980752,3,1,1
4,P_loading_real,formulation_loading,0.0028819283114521746,0.00044583153087943313,131,1,0
4,P_loading_real_sq,formulation_loading,0.0013603032261308994,0.00023855273448159808,159,1,0
4,P_loading_real_sqrt,formulation_loading,0.0023064257791138186,-6.0126368570039404e-05,143,1,0
4,P_loading_x_Synergy,formulation_loading,0.21227028584440513,-0.019543401135677718,8,1,1
4,P_x_CuringAgent_Has_B,molecular_descriptor,0.0,0.0,240,1,0
4,P_x_CuringAgent_Has_N,molecular_descriptor,0.07721097709641607,0.015001624623928036,18,1,1
4,P_x_CuringAgent_Has_P,molecular_descriptor,0.0,0.0,241,1,0
4,P_x_CuringAgent_Has_S,molecular_descriptor,0.007564607189671937,-0.0023773471034729907,96,1,0
4,P_x_curing_AromaticRings,molecular_descriptor,0.03121038329365092,0.005703688183301963,42,1,0
4,P_x_curing_FractionCSP3,molecular_descriptor,0.03902649457792644,0.0001706013796268503,33,1,0
4,P_x_curing_HBA,molecular_descriptor,0.019419649258497883,-0.006977918429526348,58,1,0
4,P_x_curing_HBD,molecular_descriptor,0.4055162668493361,0.017919234486594337,2,1,1
4,P_x_curing_HeavyAtomCount,molecular_descriptor,0.02891488723906891,-0.007102662282838907,47,1,0
4,P_x_curing_LogP,molecular_descriptor,0.1022850927368622,0.014162609746139667,14,1,1
4,P_x_curing_MolWt,molecular_descriptor,0.05173616751121058,-0.00881044307949398,27,1,0
4,P_x_curing_RingCount,molecular_descriptor,0.015761641411752993,0.0024954581423137115,69,1,0
4,P_x_curing_RotBonds,molecular_descriptor,1.286151873556008,0.19856516786523276,1,1,1
4,P_x_curing_TPSA,molecular_descriptor,0.02989620597788484,-0.007886597614715355,46,1,0
4,Preparation_Method_DOPO-based (Additive + Secondary Crosslinking),curing_and_preparation,0.05344475031914584,-0.0164685226771649,26,1,0
4,Preparation_Method_DOPO-based (Co-curing),molecular_descriptor,0.03396202476441868,0.009534236646869192,40,1,0
4,Preparation_Method_DOPO-based (additive),curing_and_preparation,0.011105070150781814,-0.0010513469237824857,84,1,0
4,Preparation_Method_DOPO-based (reactive),curing_and_preparation,0.0380222162912505,0.007529684992421491,35,1,0
4,S/P ratio,elemental_composition,0.0003398830747553599,4.1876948047569455e-05,195,1,0
4,S/P_ratio_sq,elemental_composition,0.00047296636723870127,-0.00018181612386359593,189,1,0
4,S/P_ratio_sqrt,elemental_composition,0.0006952492871971993,-2.0927638922364188e-05,177,1,0
4,S_content wt%,elemental_composition,0.003037576927257827,0.0012512254734604164,128,1,0
4,S_content_wt%_sq,elemental_composition,0.00023413247882773353,0.00018154958195265396,202,1,0
4,S_content_wt%_sqrt,elemental_composition,0.0002462885731000386,0.0001384235862476796,201,1,0
4,S_loading_real,formulation_loading,0.0015968781024562136,0.00012729359478456636,155,1,0
4,S_loading_real_sq,formulation_loading,0.00019982079311982182,0.00013844366465221987,207,1,0
4,S_loading_real_sqrt,formulation_loading,0.00020163725955003262,-5.912687888161999e-06,206,1,0
4,Si/P ratio,elemental_composition,0.0007371954667434224,-0.0003309624781522198,175,1,0
4,Si/P_ratio_sq,elemental_composition,9.362450400388937e-05,-6.092858033500508e-05,219,1,0
4,Si/P_ratio_sqrt,elemental_composition,0.00015043295448810602,-0.000108167154852102,211,1,0
4,Si_content wt%,elemental_composition,0.0,0.0,292,0,0
4,Si_content_wt%_sqrt,elemental_composition,0.0,0.0,292,0,0
4,Si_loading_real_sqrt,formulation_loading,0.002101093638959557,0.0002833000584717041,146,1,0
4,Synergy_flag(single=0&synergy=1),other,0.028308923553982075,0.0032467201070755475,49,1,0
4,Synergy_type_P-N,other,0.002988595050030739,-0.0005914187929021052,129,1,0
4,Synergy_type_P-N-Al,other,0.0,0.0,292,0,0
4,Synergy_type_P-N-B,other,0.0,0.0,246,1,0
4,Synergy_type_P-N-S,other,0.0003233866809528585,0.00014670613583937797,197,1,0
4,Synergy_type_P-N-Si,other,9.423377441163649e-05,-9.423377441163649e-05,218,1,0
4,Synergy_type_P-N-Si-B,other,0.0,0.0,292,0,0
4,Synergy_type_P-N-Si-S,other,0.0,0.0,292,0,0
4,Synergy_type_P-N-Si-Ti,other,0.0,0.0,292,0,0
4,Synergy_type_P-N-Si-Zr,other,7.704583953859078e-06,7.704583953859078e-06,230,1,0
4,Synergy_type_P-P,other,0.0002732104784768631,-0.0002732104784768631,199,1,0
4,Synergy_type_P-Si,other,0.0012518916988564235,0.0006823416212271835,161,1,0
4,Synergy_type_P-Si-B,other,0.0,0.0,245,1,0
4,Synergy_type_P-only,other,8.82225320324155e-05,5.630738647057485e-05,221,1,0
4,Synergy_x_EP_matrix_LOI,formulation_interaction,0.3204276176275976,0.22799327191604787,5,1,1
4,co_AromaticRings,molecular_descriptor,0.0008152458833582287,-0.0008152458833582287,170,1,0
4,co_FractionCSP3,molecular_descriptor,0.0,0.0,250,1,0
4,co_HBA,other,6.626984449448409e-07,6.626984449448409e-07,236,1,0
4,co_HBD,other,0.0,0.0,248,1,0
4,co_HeavyAtomCount,other,0.0,0.0,243,1,0
4,co_LogP,molecular_descriptor,0.0,0.0,242,1,0
4,co_MolWt,molecular_descriptor,0.00014438125552799277,-0.00014438125552799277,212,1,0
4,co_RingCount,molecular_descriptor,3.8545605666176593e-07,-3.8545605666176593e-07,238,1,0
4,co_RotBonds,other,0.0,0.0,249,1,0
4,co_TPSA,molecular_descriptor,0.00013953257132218118,-0.00013953257132218118,213,1,0
4,co_morgan_r2_0,molecular_fingerprint,0.0,0.0,252,1,0
4,co_morgan_r2_1,molecular_fingerprint,0.0,0.0,292,0,0
4,co_morgan_r2_10,molecular_fingerprint,1.480473138616179e-05,1.480473138616179e-05,229,1,0
4,co_morgan_r2_100,molecular_fingerprint,7.681359706179204e-05,-7.681359706179204e-05,223,1,0
4,co_morgan_r2_102,molecular_fingerprint,0.0,0.0,257,1,0
4,co_morgan_r2_113,molecular_fingerprint,0.0,0.0,260,1,0
4,co_morgan_r2_123,molecular_fingerprint,0.0,0.0,292,0,0
4,co_morgan_r2_13,molecular_fingerprint,0.0,0.0,292,0,0
4,co_morgan_r2_16,molecular_fingerprint,0.0,0.0,254,1,0
4,co_morgan_r2_3,molecular_fingerprint,0.0,0.0,251,1,0
4,co_morgan_r2_38,molecular_fingerprint,0.0,0.0,292,0,0
4,co_morgan_r2_39,molecular_fingerprint,0.0,0.0,253,1,0
4,co_morgan_r2_45,molecular_fingerprint,0.0,0.0,259,1,0
4,co_morgan_r2_5,molecular_fingerprint,0.0,0.0,292,0,0
4,co_morgan_r2_51,molecular_fingerprint,0.0,0.0,258,1,0
4,co_morgan_r2_55,molecular_fingerprint,0.0,0.0,292,0,0
4,co_morgan_r2_7,molecular_fingerprint,0.0,0.0,256,1,0
4,co_morgan_r2_80,molecular_fingerprint,0.0,0.0,292,0,0
4,co_morgan_r2_81,molecular_fingerprint,0.0,0.0,292,0,0
4,co_morgan_r2_9,molecular_fingerprint,0.0,0.0,255,1,0
4,curing_AromaticRings,molecular_descriptor,0.0007769562514322051,-4.3342397731504665e-05,173,1,0
4,curing_FractionCSP3,molecular_descriptor,0.0023583885121398556,0.00019499647820743512,142,1,0
4,curing_HBA,molecular_descriptor,0.06517600780696403,0.01184383339526027,25,1,0
4,curing_HBD,molecular_descriptor,0.000548358793177478,0.000548358793177478,182,1,0
4,curing_HeavyAtomCount,molecular_descriptor,0.0036443401151100927,0.0004532801089879756,119,1,0
4,curing_LogP,molecular_descriptor,0.03387444150228812,0.006578257358746161,41,1,0
4,curing_MolWt,molecular_descriptor,0.017543599214666215,0.0037095036655820763,64,1,0
4,curing_RingCount,molecular_descriptor,8.736560275321136e-05,7.131950413437422e-05,222,1,0
4,curing_RotBonds,molecular_descriptor,0.0017257133978300435,0.0013714052913699698,153,1,0
4,curing_TPSA,molecular_descriptor,0.02033092882394326,0.02033092882394326,55,1,0
4,curing_morgan_r2_1,molecular_fingerprint,0.0,0.0,292,0,0
4,curing_morgan_r2_10,molecular_fingerprint,0.0034152463535779293,0.0002784753434550821,123,1,0
4,curing_morgan_r2_114,molecular_fingerprint,0.0,0.0,292,0,0
4,curing_morgan_r2_12,molecular_fingerprint,0.00038209323943697704,2.49217966194448e-05,194,1,0
4,curing_morgan_r2_123,molecular_fingerprint,0.0002776281034985678,-8.35938875604404e-05,198,1,0
4,curing_morgan_r2_18,molecular_fingerprint,0.0,0.0,292,0,0
4,curing_morgan_r2_19,molecular_fingerprint,0.0,0.0,292,0,0
4,curing_morgan_r2_33,molecular_fingerprint,0.011689488402022373,0.0024015306917135586,81,1,0
4,curing_morgan_r2_4,molecular_fingerprint,0.0002292222800099774,0.0002292222800099774,203,1,0
4,curing_morgan_r2_49,molecular_fingerprint,0.008652181414026593,0.004115115220734473,91,1,0
4,curing_morgan_r2_5,molecular_fingerprint,0.0,0.0,292,0,0
4,curing_morgan_r2_66,molecular_fingerprint,2.698551484004214e-06,2.698551484004214e-06,234,1,0
4,curing_morgan_r2_68,molecular_fingerprint,0.0,0.0,292,0,0
4,curing_morgan_r2_73,molecular_fingerprint,2.4514759166373153e-06,-1.878382862304096e-06,235,1,0
4,curing_morgan_r2_78,molecular_fingerprint,0.030760383505283727,0.005916781504533062,44,1,0
4,curing_morgan_r2_8,molecular_fingerprint,0.00019734339982581641,0.0001969518739281706,208,1,0
4,curing_morgan_r2_80,molecular_fingerprint,0.0,0.0,292,0,0
4,curing_morgan_r2_81,molecular_fingerprint,5.018637009319112e-05,4.1433991716783355e-05,226,1,0
4,curing_morgan_r2_86,molecular_fingerprint,0.0011352711340091278,3.841786736437049e-05,164,1,0
4,main_AromaticRings,molecular_descriptor,0.012221987955138553,0.002181465285935381,77,1,0
4,main_FractionCSP3,molecular_descriptor,0.07127787222114312,0.005354800174788362,21,1,0
4,main_HBA,other,0.031081185721407785,0.005253294440268812,43,1,0
4,main_HBD,other,0.07589201270756314,0.025912049155145656,20,1,1
4,main_HeavyAtomCount,other,0.006675315904281736,0.0007291558704388181,101,1,0
4,main_LogP,molecular_descriptor,0.038759857792365106,-0.005307304777184241,34,1,0
4,main_MolWt,molecular_descriptor,0.017174419340266193,0.0033955234848343507,65,1,0
4,main_RingCount,molecular_descriptor,0.019441597503358235,-0.0032354160393186213,57,1,0
4,main_RotBonds,other,0.019940237946614075,0.0009234677024985804,56,1,0
4,main_TPSA,molecular_descriptor,0.232338570330645,0.04347984329459909,6,1,1
4,main_co_similarity,other,0.00044151776974710324,-0.00044151776974710324,191,1,0
4,main_co_similarity_sq,other,0.0005377898083005911,-0.0005377898083005911,185,1,0
4,main_morgan_r2_0,molecular_fingerprint,0.04335687382741424,-0.0007405073611779588,32,1,0
4,main_morgan_r2_1,molecular_fingerprint,0.0005116990547811736,2.640303156230972e-05,187,1,0
4,main_morgan_r2_101,molecular_fingerprint,0.0,0.0,292,0,0
4,main_morgan_r2_102,molecular_fingerprint,0.004887373880228027,-0.00019948628472924915,112,1,0
4,main_morgan_r2_103,molecular_fingerprint,0.0002632665586538173,-5.322246398901828e-06,200,1,0
4,main_morgan_r2_104,molecular_fingerprint,0.006953309935320417,0.002329525938549624,98,1,0
4,main_morgan_r2_105,molecular_fingerprint,0.018547840190379385,0.006491364934233592,62,1,0
4,main_morgan_r2_106,molecular_fingerprint,0.0,0.0,292,0,0
4,main_morgan_r2_107,molecular_fingerprint,0.008123481846958519,-0.0024295317135305653,93,1,0
4,main_morgan_r2_108,molecular_fingerprint,0.006694366674703444,0.005787581282052594,100,1,0
4,main_morgan_r2_109,molecular_fingerprint,0.00122828362867006,-0.00029964088910236134,162,1,0
4,main_morgan_r2_11,molecular_fingerprint,0.028392942923739475,0.02015527809373789,48,1,0
4,main_morgan_r2_110,molecular_fingerprint,0.02351737094184568,0.001163823252178798,54,1,0
4,main_morgan_r2_111,molecular_fingerprint,0.0007689635607824097,5.717022274135811e-06,174,1,0
4,main_morgan_r2_114,molecular_fingerprint,0.012028469401884484,-0.003751752402339057,80,1,0
4,main_morgan_r2_115,molecular_fingerprint,0.019252952811834638,-0.009128799415324872,60,1,0
4,main_morgan_r2_116,molecular_fingerprint,0.005528925097845519,0.0012423339306688924,106,1,0
4,main_morgan_r2_117,molecular_fingerprint,0.002669852121767961,-1.1345827028386012e-06,136,1,0
4,main_morgan_r2_118,molecular_fingerprint,0.0040680634995543296,0.00027600622570254793,116,1,0
4,main_morgan_r2_119,molecular_fingerprint,0.00253358571934061,-0.0013112675925246243,138,1,0
4,main_morgan_r2_12,molecular_fingerprint,0.0024660992207736847,-0.00017156829712803304,140,1,0
4,main_morgan_r2_120,molecular_fingerprint,0.0004466213805508904,0.0003333630147569609,190,1,0
4,main_morgan_r2_121,molecular_fingerprint,0.0011251365868590968,-9.818128320687351e-05,165,1,0
4,main_morgan_r2_122,molecular_fingerprint,0.006696359286655917,-0.0009707128304072896,99,1,0
4,main_morgan_r2_123,molecular_fingerprint,0.0019287417974434599,0.0002601857193345765,150,1,0
4,main_morgan_r2_125,molecular_fingerprint,0.008772749779964551,0.008772749779964551,90,1,0
4,main_morgan_r2_126,molecular_fingerprint,0.012029254954745232,0.002511421483380184,79,1,0
4,main_morgan_r2_127,molecular_fingerprint,0.0025934461603813997,-0.00017473643684247183,137,1,0
4,main_morgan_r2_13,molecular_fingerprint,3.4191176579312273e-05,-2.4172286238926643e-05,227,1,0
4,main_morgan_r2_14,molecular_fingerprint,0.0004341457637612485,-0.0002774850704877787,192,1,0
4,main_morgan_r2_15,molecular_fingerprint,0.0050809945152482045,-0.0050809945152482045,110,1,0
4,main_morgan_r2_17,molecular_fingerprint,0.002263036728196372,-8.627932531533553e-05,145,1,0
4,main_morgan_r2_18,molecular_fingerprint,0.005764502818041433,0.0007138983372011289,104,1,0
4,main_morgan_r2_19,molecular_fingerprint,0.0032250609841296177,0.00025876606256689346,126,1,0
4,main_morgan_r2_2,molecular_fingerprint,0.011685452586948654,-0.0008756150140642501,82,1,0
4,main_morgan_r2_20,molecular_fingerprint,0.0,0.0,292,0,0
4,main_morgan_r2_21,molecular_fingerprint,9.0569952579379e-05,-5.1207471228230556e-06,220,1,0
4,main_morgan_r2_22,molecular_fingerprint,0.0028589653690882923,0.0022213466728438413,132,1,0
4,main_morgan_r2_23,molecular_fingerprint,0.0013727925067952913,-3.125539178856544e-05,158,1,0
4,main_morgan_r2_24,molecular_fingerprint,0.0029115094694312856,0.001764470775353605,130,1,0
4,main_morgan_r2_25,molecular_fingerprint,0.013960676908337282,-0.007795618242393917,74,1,0
4,main_morgan_r2_26,molecular_fingerprint,0.0008771938205508273,0.00026448902869863854,168,1,0
4,main_morgan_r2_27,molecular_fingerprint,0.0019206303085674231,-0.00017577193238240514,151,1,0
4,main_morgan_r2_28,molecular_fingerprint,0.00011245497787900537,2.1195756140783768e-05,215,1,0
4,main_morgan_r2_29,molecular_fingerprint,0.001191939321090305,-0.0005802186177404817,163,1,0
4,main_morgan_r2_3,molecular_fingerprint,0.017584457066805722,-0.002445917394402554,63,1,0
4,main_morgan_r2_30,molecular_fingerprint,0.0007934437533868665,0.0005580922140529767,172,1,0
4,main_morgan_r2_31,molecular_fingerprint,0.04359701477762867,0.02200516961377482,31,1,0
4,main_morgan_r2_32,molecular_fingerprint,0.0005431049693814001,-0.0001305836917338268,183,1,0
4,main_morgan_r2_33,molecular_fingerprint,0.02683407849507889,-0.0038926021077260752,51,1,0
4,main_morgan_r2_34,molecular_fingerprint,0.014471812281017096,-6.753043375670986e-05,71,1,0
4,main_morgan_r2_35,molecular_fingerprint,0.006339357808034984,-0.001351640706618329,103,1,0
4,main_morgan_r2_36,molecular_fingerprint,0.0009574449091343447,0.00023315257650581244,167,1,0
4,main_morgan_r2_37,molecular_fingerprint,0.009715204430303685,0.0062044328905033206,87,1,0
4,main_morgan_r2_38,molecular_fingerprint,0.0020548274412451268,-0.0010147597854214567,147,1,0
4,main_morgan_r2_39,molecular_fingerprint,0.019103613097604555,0.001954051147368452,61,1,0
4,main_morgan_r2_4,molecular_fingerprint,0.0012764879367346614,-0.0007806447069095965,160,1,0
4,main_morgan_r2_40,molecular_fingerprint,0.016632069246666947,0.0002505069957307439,67,1,0
4,main_morgan_r2_41,molecular_fingerprint,0.0006363107215899313,8.117989925974844e-05,180,1,0
4,main_morgan_r2_43,molecular_fingerprint,0.0005400500699074151,0.0005400500699074151,184,1,0
4,main_morgan_r2_44,molecular_fingerprint,0.0007955765212433039,-0.00017048738120811993,171,1,0
4,main_morgan_r2_45,molecular_fingerprint,0.003428899792170341,0.0005126564608390589,122,1,0
4,main_morgan_r2_46,molecular_fingerprint,0.0016235358730416376,-0.00038819487954242524,154,1,0
4,main_morgan_r2_48,molecular_fingerprint,0.000173318261065813,-9.078913422635432e-05,209,1,0
4,main_morgan_r2_49,molecular_fingerprint,0.0005151995244503066,-0.0002544001666784526,186,1,0
4,main_morgan_r2_5,molecular_fingerprint,0.00277756137222965,-7.633977068053351e-05,135,1,0
4,main_morgan_r2_50,molecular_fingerprint,0.0036333178801527927,-0.0006271141751194928,120,1,0
4,main_morgan_r2_51,molecular_fingerprint,0.0,0.0,292,0,0
4,main_morgan_r2_52,molecular_fingerprint,0.07792811833250096,0.02756447869422118,17,1,1
4,main_morgan_r2_53,molecular_fingerprint,0.0,0.0,292,0,0
4,main_morgan_r2_54,molecular_fingerprint,0.0019337653722073741,-0.0003844211701002849,149,1,0
4,main_morgan_r2_55,molecular_fingerprint,0.014009668822779563,-0.0023157881822091298,73,1,0
4,main_morgan_r2_56,molecular_fingerprint,0.0,0.0,239,1,0
4,main_morgan_r2_57,molecular_fingerprint,0.00021001825275123804,0.00021001825275123804,204,1,0
4,main_morgan_r2_58,molecular_fingerprint,0.027869862057058423,0.009729903353025426,50,1,0
4,main_morgan_r2_59,molecular_fingerprint,0.0006794620657904118,-0.000573349159579906,178,1,0
4,main_morgan_r2_6,molecular_fingerprint,0.0007037341493967822,0.00014269243571275354,176,1,0
4,main_morgan_r2_60,molecular_fingerprint,0.0005839449655252759,0.00014474371225568812,181,1,0
4,main_morgan_r2_61,molecular_fingerprint,0.010119858491327953,-0.0017371081981772723,85,1,0
4,main_morgan_r2_62,molecular_fingerprint,0.0033962034576096047,0.0012397801016481094,124,1,0
4,main_morgan_r2_63,molecular_fingerprint,0.008940463145733062,0.0020407859171414377,88,1,0
4,main_morgan_r2_65,molecular_fingerprint,0.004971762486037968,0.004971762486037968,111,1,0
4,main_morgan_r2_66,molecular_fingerprint,0.01639629349354883,0.003131322726601243,68,1,0
4,main_morgan_r2_67,molecular_fingerprint,0.0037214891095690887,0.00034104549085929684,118,1,0
4,main_morgan_r2_68,molecular_fingerprint,0.003146438945121325,0.002220475795644166,127,1,0
4,main_morgan_r2_69,molecular_fingerprint,0.008614868206160888,0.0025313707994995696,92,1,0
4,main_morgan_r2_7,molecular_fingerprint,0.0004772470885048583,-0.0001806184224160798,188,1,0
4,main_morgan_r2_71,molecular_fingerprint,0.007618012591852943,0.00011641504213946117,95,1,0
4,main_morgan_r2_72,molecular_fingerprint,0.004870951244595708,0.0015846897864112525,113,1,0
4,main_morgan_r2_74,molecular_fingerprint,0.01933819203038149,0.005669402256042774,59,1,0
4,main_morgan_r2_75,molecular_fingerprint,0.07641889338516844,-0.025882406214439727,19,1,1
4,main_morgan_r2_76,molecular_fingerprint,0.00327471768884472,0.0001040275983827828,125,1,0
4,main_morgan_r2_77,molecular_fingerprint,0.002450350158387159,0.0003838231551090183,141,1,0
4,main_morgan_r2_78,molecular_fingerprint,0.03751214615867756,-0.012027979094356463,36,1,0
4,main_morgan_r2_79,molecular_fingerprint,0.0022850613293842427,-0.0014983551912929988,144,1,0
4,main_morgan_r2_80,molecular_fingerprint,0.001962418930822962,-0.00045322420074205206,148,1,0
4,main_morgan_r2_82,molecular_fingerprint,0.009886131800270688,-0.006302321972646801,86,1,0
4,main_morgan_r2_83,molecular_fingerprint,0.005740490254236785,0.005740490254236785,105,1,0
4,main_morgan_r2_84,molecular_fingerprint,0.014280383184245866,-0.003561927408313244,72,1,0
4,main_morgan_r2_85,molecular_fingerprint,0.008839189060642166,0.0010999375569279571,89,1,0
4,main_morgan_r2_89,molecular_fingerprint,0.017067714505048095,-0.0015635058876008162,66,1,0
4,main_morgan_r2_9,molecular_fingerprint,0.004091513597914957,0.0028422318282362003,115,1,0
4,main_morgan_r2_90,molecular_fingerprint,0.01333363737648075,0.002578633242587954,76,1,0
4,main_morgan_r2_91,molecular_fingerprint,0.00010054518045594533,-8.949720924849525e-06,217,1,0
4,main_morgan_r2_92,molecular_fingerprint,0.000115475306613546,9.333317466741768e-05,214,1,0
4,main_morgan_r2_93,molecular_fingerprint,0.0010683018883342066,-0.00015426300139720467,166,1,0
4,main_morgan_r2_94,molecular_fingerprint,0.0668852576574648,0.012061025589223227,24,1,0
4,main_morgan_r2_95,molecular_fingerprint,0.0014521613126190556,-0.0008417351373618996,157,1,0
4,main_morgan_r2_97,molecular_fingerprint,0.000644067161246548,-0.00032094303768611033,179,1,0
4,main_morgan_r2_98,molecular_fingerprint,0.007358690882312525,0.00046674094088437545,97,1,0
4,main_morgan_r2_99,molecular_fingerprint,0.004849782318418605,0.0011583300266977824,114,1,0
5,B/P ratio,elemental_composition,0.0,0.0,114,1,0
5,B/P_ratio_sq,elemental_composition,0.0,0.0,292,0,0
5,B/P_ratio_sqrt,elemental_composition,0.0002882570442226199,-0.0002882570442226199,108,1,0
5,B_content wt%,elemental_composition,0.0,0.0,128,1,0
5,B_content_wt%_sq,elemental_composition,0.0,0.0,130,1,0
5,B_content_wt%_sqrt,elemental_composition,0.0,0.0,131,1,0
5,B_loading_real,formulation_loading,0.0,0.0,112,1,0
5,B_loading_real_sq,formulation_loading,0.0,0.0,110,1,0
5,B_loading_real_sqrt,formulation_loading,0.0,0.0,150,1,0
5,Co_FR_fraction,formulation_loading,0.021084146710733588,0.021084146710733588,42,1,0
5,Co_FR_present,other,0.0,0.0,158,1,0
5,Cure_Temp_Max,curing_and_preparation,0.15261333039651326,0.08971679955720899,13,1,1
5,CuringAgent_Has_B,molecular_descriptor,0.0,0.0,242,1,0
5,CuringAgent_Has_N,molecular_descriptor,0.0,0.0,292,0,0
5,CuringAgent_Has_P,molecular_descriptor,0.0,0.0,241,1,0
5,CuringAgent_Has_S,molecular_descriptor,0.0,0.0,243,1,0
5,EP_matrix_LOI,ep_baseline,0.3132123640531468,-0.24601388781202135,5,1,1
5,EP_matrix_LOI_sq,ep_baseline,0.2358562819917117,-0.19038689314530025,8,1,1
5,EP_matrix_LOI_sqrt,ep_baseline,0.23187777537619694,-0.1818194849168261,9,1,1
5,Has_B,elemental_composition,0.0,0.0,122,1,0
5,Has_N,elemental_composition,0.0,0.0,116,1,0
5,Has_P,elemental_composition,0.0,0.0,115,1,0
5,Has_S,elemental_composition,0.0,0.0,125,1,0
5,Has_Si,elemental_composition,0.0,0.0,123,1,0
5,LOI_Thickness_mm,test_condition,0.03597659056799281,-0.021733421551891507,35,1,0
5,Loading_total_FR wt%,formulation_loading,0.0,0.0,117,1,0
5,Loading_total_FR_sq,formulation_loading,0.0,0.0,157,1,0
5,Loading_total_FR_sqrt,formulation_loading,0.00028424298183785536,0.00028424298183785536,109,1,0
5,Loading_x_EP_matrix_LOI,formulation_interaction,0.0422604302544561,0.014132802785477707,29,1,0
5,Loading_x_Synergy,formulation_loading,0.25393423371185125,-0.020266044016073775,7,1,1
5,Main_FR_fraction,formulation_loading,0.0,0.0,126,1,0
5,Main_FR_present,other,0.0,0.0,248,1,0
5,N/P ratio,elemental_composition,0.01879385509062559,-0.010695645497180523,47,1,0
5,N/P_ratio_sq,elemental_composition,0.023713260395452396,-0.005511150551545952,39,1,0
5,N/P_ratio_sqrt,elemental_composition,0.007012098223074446,-0.0039040339246599193,69,1,0
5,N_content wt%,elemental_composition,0.06366119383291033,-0.0027985738494640407,22,1,0
5,N_content_wt%_sq,elemental_composition,0.10678443514069337,-0.004203807448243926,16,1,1
5,N_content_wt%_sqrt,elemental_composition,0.030112555083922195,-0.001587562889197014,38,1,0
5,N_loading_real,formulation_loading,0.035841642573424114,0.012080993182801952,36,1,0
5,N_loading_real_sq,formulation_loading,0.04554464773637138,0.006579783876012597,28,1,0
5,N_loading_real_sqrt,formulation_loading,0.062479802071530775,0.0025193863108547193,23,1,0
5,P_B_loading_product,formulation_loading,0.0,0.0,153,1,0
5,P_B_loading_ratio,formulation_loading,0.0021072938313914653,0.0006432791695826588,93,1,0
5,P_B_loading_sum,formulation_loading,0.0014675273249546697,0.0003913406199879115,99,1,0
5,P_N_loading_product,formulation_loading,0.04039295784094268,0.014815351153827375,32,1,0
5,P_N_loading_ratio,formulation_loading,0.007224823165064055,-0.0007272250888248279,67,1,0
5,P_N_loading_sum,formulation_loading,0.10073172018138897,-0.028540066395782767,18,1,1
5,P_S_loading_product,formulation_loading,0.0,0.0,132,1,0
5,P_S_loading_ratio,formulation_loading,0.10219284569171985,-0.01380532868516942,17,1,1
5,P_S_loading_sum,formulation_loading,0.1575555451048746,-0.0379341683143543,12,1,1
5,P_Si_loading_ratio,formulation_loading,0.12879955261247236,-0.01025521663095182,15,1,1
5,P_Si_loading_sum,formulation_loading,0.006224989372616017,0.0015943284363796315,74,1,0
5,P_content wt%,elemental_composition,0.00395787302870304,0.002698678989480768,78,1,0
5,P_content_log,elemental_composition,0.006197874500519703,0.0014310151524841808,75,1,0
5,P_content_sq,elemental_composition,0.0036851992209752434,0.0018425996104876187,83,1,0
5,P_content_sqrt,elemental_composition,0.003059905224169296,0.0026003961089170646,87,1,0
5,P_content_x_EP_matrix_LOI,formulation_interaction,0.37975113931862226,0.1027289722016495,3,1,1
5,P_loading_real,formulation_loading,0.0007264186679903003,0.0005943425465375185,106,1,0
5,P_loading_real_sq,formulation_loading,0.0007873984881573252,0.0006442351266741752,105,1,0
5,P_loading_real_sqrt,formulation_loading,0.0,0.0,159,1,0
5,P_loading_x_Synergy,formulation_loading,0.28201378844303293,-0.017786103527242733,6,1,1
5,P_x_CuringAgent_Has_B,molecular_descriptor,0.0,0.0,145,1,0
5,P_x_CuringAgent_Has_N,molecular_descriptor,0.01032448134850711,0.0065466042002663045,58,1,0
5,P_x_CuringAgent_Has_P,molecular_descriptor,0.0,0.0,149,1,0
5,P_x_CuringAgent_Has_S,molecular_descriptor,0.0031188974684725206,-0.0031188974684725206,86,1,0
5,P_x_curing_AromaticRings,molecular_descriptor,0.046198345825800465,0.011222770210459,27,1,0
5,P_x_curing_FractionCSP3,molecular_descriptor,0.04154876514648399,-0.011857182249012922,30,1,0
5,P_x_curing_HBA,molecular_descriptor,0.00415437051405509,0.0031424084657596194,77,1,0
5,P_x_curing_HBD,molecular_descriptor,0.225684177851201,-0.04796468322527492,10,1,1
5,P_x_curing_HeavyAtomCount,molecular_descriptor,0.0,0.0,147,1,0
5,P_x_curing_LogP,molecular_descriptor,0.4718603432344065,-0.09278940823239583,2,1,1
5,P_x_curing_MolWt,molecular_descriptor,0.0007950630784034729,0.0006183823943138124,104,1,0
5,P_x_curing_RingCount,molecular_descriptor,0.0019822595123615526,0.0012699829186830248,94,1,0
5,P_x_curing_RotBonds,molecular_descriptor,1.0008748824133848,-0.3572961723416422,1,1,1
5,P_x_curing_TPSA,molecular_descriptor,0.0332729902366797,-0.003004390522837639,37,1,0
5,Preparation_Method_DOPO-based (Additive + Secondary Crosslinking),curing_and_preparation,0.09418205863744432,-0.023460526518627185,19,1,1
5,Preparation_Method_DOPO-based (Co-curing),molecular_descriptor,0.037374752501087224,-0.008696481850557674,34,1,0
5,Preparation_Method_DOPO-based (additive),curing_and_preparation,0.0015385369573616323,0.00022405878019829571,98,1,0
5,Preparation_Method_DOPO-based (reactive),curing_and_preparation,0.07891697087674406,0.002492610805202276,20,1,1
5,S/P ratio,elemental_composition,0.0,0.0,129,1,0
5,S/P_ratio_sq,elemental_composition,0.0,0.0,156,1,0
5,S/P_ratio_sqrt,elemental_composition,0.0,0.0,155,1,0
5,S_content wt%,elemental_composition,0.0,0.0,127,1,0
5,S_content_wt%_sq,elemental_composition,0.0,0.0,152,1,0
5,S_content_wt%_sqrt,elemental_composition,0.0,0.0,151,1,0
5,S_loading_real,formulation_loading,0.0,0.0,160,1,0
5,S_loading_real_sq,formulation_loading,0.0,0.0,161,1,0
5,S_loading_real_sqrt,formulation_loading,0.0,0.0,111,1,0
5,Si/P ratio,elemental_composition,0.0,0.0,292,0,0
5,Si/P_ratio_sq,elemental_composition,0.0,0.0,292,0,0
5,Si/P_ratio_sqrt,elemental_composition,0.0,0.0,292,0,0
5,Si_content wt%,elemental_composition,0.0,0.0,292,0,0
5,Si_content_wt%_sqrt,elemental_composition,0.006964457589719034,0.0023619731515646006,70,1,0
5,Si_loading_real_sqrt,formulation_loading,0.020299537975548048,-0.020299537975548048,44,1,0
5,Synergy_flag(single=0&synergy=1),other,0.05626178370167813,-0.018844966385513553,24,1,0
5,Synergy_type_P-N,other,0.008418655813568172,0.0008527092832244108,60,1,0
5,Synergy_type_P-N-Al,other,0.0,0.0,292,0,0
5,Synergy_type_P-N-B,other,0.0,0.0,238,1,0
5,Synergy_type_P-N-S,other,0.0,0.0,237,1,0
5,Synergy_type_P-N-Si,other,0.0,0.0,292,0,0
5,Synergy_type_P-N-Si-B,other,0.0,0.0,292,0,0
5,Synergy_type_P-N-Si-S,other,0.0,0.0,292,0,0
5,Synergy_type_P-N-Si-Ti,other,0.019022928502721092,-0.019022928502721092,46,1,0
5,Synergy_type_P-N-Si-Zr,other,0.0,0.0,239,1,0
5,Synergy_type_P-P,other,0.0,0.0,292,0,0
5,Synergy_type_P-Si,other,0.0,0.0,240,1,0
5,Synergy_type_P-Si-B,other,0.0,0.0,292,0,0
5,Synergy_type_P-only,other,0.0,0.0,292,0,0
5,Synergy_x_EP_matrix_LOI,formulation_interaction,0.0,0.0,292,0,0
5,co_AromaticRings,molecular_descriptor,0.0,0.0,231,1,0
5,co_FractionCSP3,molecular_descriptor,0.0,0.0,229,1,0
5,co_HBA,other,0.0,0.0,234,1,0
5,co_HBD,other,0.0,0.0,292,0,0
5,co_HeavyAtomCount,other,0.0,0.0,230,1,0
5,co_LogP,molecular_descriptor,0.0,0.0,235,1,0
5,co_MolWt,molecular_descriptor,0.0,0.0,220,1,0
5,co_RingCount,molecular_descriptor,0.0,0.0,232,1,0
5,co_RotBonds,other,0.0,0.0,233,1,0
5,co_TPSA,molecular_descriptor,0.0,0.0,221,1,0
5,co_morgan_r2_0,molecular_fingerprint,0.0,0.0,292,0,0
5,co_morgan_r2_1,molecular_fingerprint,0.0,0.0,236,1,0
5,co_morgan_r2_10,molecular_fingerprint,0.0,0.0,245,1,0
5,co_morgan_r2_100,molecular_fingerprint,0.0,0.0,254,1,0
5,co_morgan_r2_102,molecular_fingerprint,0.0,0.0,253,1,0
5,co_morgan_r2_113,molecular_fingerprint,0.0,0.0,259,1,0
5,co_morgan_r2_123,molecular_fingerprint,0.0,0.0,258,1,0
5,co_morgan_r2_13,molecular_fingerprint,0.0,0.0,249,1,0
5,co_morgan_r2_16,molecular_fingerprint,0.0,0.0,250,1,0
5,co_morgan_r2_3,molecular_fingerprint,0.0,0.0,244,1,0
5,co_morgan_r2_38,molecular_fingerprint,0.0,0.0,292,0,0
5,co_morgan_r2_39,molecular_fingerprint,0.0,0.0,251,1,0
5,co_morgan_r2_45,molecular_fingerprint,0.0,0.0,252,1,0
5,co_morgan_r2_5,molecular_fingerprint,0.0,0.0,292,0,0
5,co_morgan_r2_51,molecular_fingerprint,0.0,0.0,256,1,0
5,co_morgan_r2_55,molecular_fingerprint,0.0,0.0,292,0,0
5,co_morgan_r2_7,molecular_fingerprint,0.0,0.0,247,1,0
5,co_morgan_r2_80,molecular_fingerprint,0.0,0.0,255,1,0
5,co_morgan_r2_81,molecular_fingerprint,0.0,0.0,292,0,0
5,co_morgan_r2_9,molecular_fingerprint,0.0,0.0,246,1,0
5,curing_AromaticRings,molecular_descriptor,0.0030590778718599,-0.0017609230185755434,88,1,0
5,curing_FractionCSP3,molecular_descriptor,0.005658924455444024,-0.0014414241537451745,76,1,0
5,curing_HBA,molecular_descriptor,0.04957057367829192,-0.01916416660856662,26,1,0
5,curing_HBD,molecular_descriptor,0.002376863418353926,-0.0005797683778736329,91,1,0
5,curing_HeavyAtomCount,molecular_descriptor,0.008146509993821383,-0.0011433698236942291,62,1,0
5,curing_LogP,molecular_descriptor,0.037849866965164757,-0.013392032461447876,33,1,0
5,curing_MolWt,molecular_descriptor,0.0,0.0,257,1,0
5,curing_RingCount,molecular_descriptor,0.0,0.0,124,1,0
5,curing_RotBonds,molecular_descriptor,0.008688669927004306,-0.0070219170281456645,59,1,0
5,curing_TPSA,molecular_descriptor,0.014563995832577344,-0.009537052403514585,52,1,0
5,curing_morgan_r2_1,molecular_fingerprint,0.0,0.0,121,1,0
5,curing_morgan_r2_10,molecular_fingerprint,0.003840757523042464,-0.0007341732390017986,81,1,0
5,curing_morgan_r2_114,molecular_fingerprint,0.0,0.0,292,0,0
5,curing_morgan_r2_12,molecular_fingerprint,0.0,0.0,118,1,0
5,curing_morgan_r2_123,molecular_fingerprint,0.0072479221007476285,-0.006009842880691087,66,1,0
5,curing_morgan_r2_18,molecular_fingerprint,0.0010670424811542038,0.0009396344237029552,103,1,0
5,curing_morgan_r2_19,molecular_fingerprint,0.0,0.0,113,1,0
5,curing_morgan_r2_33,molecular_fingerprint,0.0,0.0,292,0,0
5,curing_morgan_r2_4,molecular_fingerprint,0.0,0.0,119,1,0
5,curing_morgan_r2_49,molecular_fingerprint,0.0038837299827072344,-0.003400881952709622,79,1,0
5,curing_morgan_r2_5,molecular_fingerprint,0.0,0.0,292,0,0
5,curing_morgan_r2_66,molecular_fingerprint,0.0,0.0,292,0,0
5,curing_morgan_r2_68,molecular_fingerprint,0.0,0.0,154,1,0
5,curing_morgan_r2_73,molecular_fingerprint,0.0,0.0,260,1,0
5,curing_morgan_r2_78,molecular_fingerprint,0.017616611728962093,-0.006103574869015976,49,1,0
5,curing_morgan_r2_8,molecular_fingerprint,0.0,0.0,120,1,0
5,curing_morgan_r2_80,molecular_fingerprint,0.0,0.0,292,0,0
5,curing_morgan_r2_81,molecular_fingerprint,0.0,0.0,292,0,0
5,curing_morgan_r2_86,molecular_fingerprint,0.003595253320203887,-0.003595253320203887,84,1,0
5,main_AromaticRings,molecular_descriptor,0.006614891933277246,0.0012685300642624484,72,1,0
5,main_FractionCSP3,molecular_descriptor,0.01463964510398607,0.0008612469283656926,51,1,0
5,main_HBA,other,0.007892903026400347,-0.0024176807794719945,64,1,0
5,main_HBD,other,0.020128683685842474,-0.010606930117226307,45,1,0
5,main_HeavyAtomCount,other,0.0014444383280351762,0.0014444383280351762,100,1,0
5,main_LogP,molecular_descriptor,0.07579170547813795,0.022492434470138194,21,1,0
5,main_MolWt,molecular_descriptor,0.04054994834819808,-0.01635891693100955,31,1,0
5,main_RingCount,molecular_descriptor,0.14853246277909624,0.004507152581613296,14,1,1
5,main_RotBonds,other,0.02233553681729569,-0.01613644547967448,40,1,0
5,main_TPSA,molecular_descriptor,0.34419911446774165,0.04164646030170844,4,1,1
5,main_co_similarity,other,0.0,0.0,148,1,0
5,main_co_similarity_sq,other,0.0,0.0,146,1,0
5,main_morgan_r2_0,molecular_fingerprint,0.0,0.0,144,1,0
5,main_morgan_r2_1,molecular_fingerprint,0.0,0.0,143,1,0
5,main_morgan_r2_101,molecular_fingerprint,0.0,0.0,210,1,0
5,main_morgan_r2_102,molecular_fingerprint,0.0,0.0,212,1,0
5,main_morgan_r2_103,molecular_fingerprint,0.0,0.0,211,1,0
5,main_morgan_r2_104,molecular_fingerprint,0.0,0.0,228,1,0
5,main_morgan_r2_105,molecular_fingerprint,0.0,0.0,209,1,0
5,main_morgan_r2_106,molecular_fingerprint,0.0,0.0,292,0,0
5,main_morgan_r2_107,molecular_fingerprint,0.0,0.0,226,1,0
5,main_morgan_r2_108,molecular_fingerprint,0.0,0.0,227,1,0
5,main_morgan_r2_109,molecular_fingerprint,0.0,0.0,208,1,0
5,main_morgan_r2_11,molecular_fingerprint,0.007202500493213944,0.0006832840311754905,68,1,0
5,main_morgan_r2_110,molecular_fingerprint,0.0,0.0,222,1,0
5,main_morgan_r2_111,molecular_fingerprint,0.0,0.0,224,1,0
5,main_morgan_r2_114,molecular_fingerprint,0.0,0.0,223,1,0
5,main_morgan_r2_115,molecular_fingerprint,0.0,0.0,225,1,0
5,main_morgan_r2_116,molecular_fingerprint,0.0005837798801561198,-0.0001716999647517999,107,1,0
5,main_morgan_r2_117,molecular_fingerprint,0.0,0.0,215,1,0
5,main_morgan_r2_118,molecular_fingerprint,0.0,0.0,214,1,0
5,main_morgan_r2_119,molecular_fingerprint,0.0,0.0,213,1,0
5,main_morgan_r2_12,molecular_fingerprint,0.0,0.0,135,1,0
5,main_morgan_r2_120,molecular_fingerprint,0.013210364533588294,-0.011643636664375666,54,1,0
5,main_morgan_r2_121,molecular_fingerprint,0.0,0.0,216,1,0
5,main_morgan_r2_122,molecular_fingerprint,0.0,0.0,218,1,0
5,main_morgan_r2_123,molecular_fingerprint,0.0,0.0,217,1,0
5,main_morgan_r2_125,molecular_fingerprint,0.0,0.0,219,1,0
5,main_morgan_r2_126,molecular_fingerprint,0.01836973638829983,-0.01836973638829983,48,1,0
5,main_morgan_r2_127,molecular_fingerprint,0.012842018123095234,0.0002022804454382921,55,1,0
5,main_morgan_r2_13,molecular_fingerprint,0.0,0.0,136,1,0
5,main_morgan_r2_14,molecular_fingerprint,0.003698278159006604,-0.0014474600641470826,82,1,0
5,main_morgan_r2_15,molecular_fingerprint,0.0,0.0,133,1,0
5,main_morgan_r2_17,molecular_fingerprint,0.0,0.0,134,1,0
5,main_morgan_r2_18,molecular_fingerprint,0.011587951996674143,0.004360414926583571,57,1,0
5,main_morgan_r2_19,molecular_fingerprint,0.008022190967781681,-0.0010913243082662425,63,1,0
5,main_morgan_r2_2,molecular_fingerprint,0.0,0.0,142,1,0
5,main_morgan_r2_20,molecular_fingerprint,0.0,0.0,192,1,0
5,main_morgan_r2_21,molecular_fingerprint,0.0,0.0,188,1,0
5,main_morgan_r2_22,molecular_fingerprint,0.0,0.0,196,1,0
5,main_morgan_r2_23,molecular_fingerprint,0.015095791763936476,0.009201318763403432,50,1,0
5,main_morgan_r2_24,molecular_fingerprint,0.0,0.0,193,1,0
5,main_morgan_r2_25,molecular_fingerprint,0.0,0.0,194,1,0
5,main_morgan_r2_26,molecular_fingerprint,0.0,0.0,195,1,0
5,main_morgan_r2_27,molecular_fingerprint,0.0,0.0,189,1,0
5,main_morgan_r2_28,molecular_fingerprint,0.0,0.0,190,1,0
5,main_morgan_r2_29,molecular_fingerprint,0.0,0.0,162,1,0
5,main_morgan_r2_3,molecular_fingerprint,0.0,0.0,141,1,0
5,main_morgan_r2_30,molecular_fingerprint,0.0,0.0,191,1,0
5,main_morgan_r2_31,molecular_fingerprint,0.0,0.0,164,1,0
5,main_morgan_r2_32,molecular_fingerprint,0.0,0.0,187,1,0
5,main_morgan_r2_33,molecular_fingerprint,0.021538092256911712,-0.002822015342535449,41,1,0
5,main_morgan_r2_34,molecular_fingerprint,0.0,0.0,186,1,0
5,main_morgan_r2_35,molecular_fingerprint,0.0,0.0,163,1,0
5,main_morgan_r2_36,molecular_fingerprint,0.012316532276001654,-0.0015212624750307062,56,1,0
5,main_morgan_r2_37,molecular_fingerprint,0.0016406704319847968,-0.0004568955633375376,96,1,0
5,main_morgan_r2_38,molecular_fingerprint,0.0,0.0,173,1,0
5,main_morgan_r2_39,molecular_fingerprint,0.0029584146787722905,0.001295400510231655,89,1,0
5,main_morgan_r2_4,molecular_fingerprint,0.0,0.0,137,1,0
5,main_morgan_r2_40,molecular_fingerprint,0.0,0.0,175,1,0
5,main_morgan_r2_41,molecular_fingerprint,0.0,0.0,292,0,0
5,main_morgan_r2_43,molecular_fingerprint,0.0,0.0,172,1,0
5,main_morgan_r2_44,molecular_fingerprint,0.0,0.0,174,1,0
5,main_morgan_r2_45,molecular_fingerprint,0.007292153924289679,0.004179832558665008,65,1,0
5,main_morgan_r2_46,molecular_fingerprint,0.006949735996830799,-0.0005001024084372641,71,1,0
5,main_morgan_r2_48,molecular_fingerprint,0.0,0.0,171,1,0
5,main_morgan_r2_49,molecular_fingerprint,0.008334217740533252,-0.0018186623152966301,61,1,0
5,main_morgan_r2_5,molecular_fingerprint,0.050525712884134724,-0.006538621667358612,25,1,0
5,main_morgan_r2_50,molecular_fingerprint,0.0,0.0,170,1,0
5,main_morgan_r2_51,molecular_fingerprint,0.0,0.0,169,1,0
5,main_morgan_r2_52,molecular_fingerprint,0.0,0.0,168,1,0
5,main_morgan_r2_53,molecular_fingerprint,0.0,0.0,167,1,0
5,main_morgan_r2_54,molecular_fingerprint,0.0,0.0,166,1,0
5,main_morgan_r2_55,molecular_fingerprint,0.0,0.0,165,1,0
5,main_morgan_r2_56,molecular_fingerprint,0.0,0.0,180,1,0
5,main_morgan_r2_57,molecular_fingerprint,0.0,0.0,179,1,0
5,main_morgan_r2_58,molecular_fingerprint,0.013342150126894313,0.0011083384437693478,53,1,0
5,main_morgan_r2_59,molecular_fingerprint,0.0,0.0,178,1,0
5,main_morgan_r2_6,molecular_fingerprint,0.0,0.0,138,1,0
5,main_morgan_r2_60,molecular_fingerprint,0.0,0.0,207,1,0
5,main_morgan_r2_61,molecular_fingerprint,0.0,0.0,176,1,0
5,main_morgan_r2_62,molecular_fingerprint,0.0,0.0,292,0,0
5,main_morgan_r2_63,molecular_fingerprint,0.0,0.0,177,1,0
5,main_morgan_r2_65,molecular_fingerprint,0.0027047334611415863,-0.0023117380009757145,90,1,0
5,main_morgan_r2_66,molecular_fingerprint,0.0019103092845115387,0.00040612874552607524,95,1,0
5,main_morgan_r2_67,molecular_fingerprint,0.00159285929467943,-0.0013937518828445008,97,1,0
5,main_morgan_r2_68,molecular_fingerprint,0.0,0.0,292,0,0
5,main_morgan_r2_69,molecular_fingerprint,0.0,0.0,185,1,0
5,main_morgan_r2_7,molecular_fingerprint,0.0,0.0,139,1,0
5,main_morgan_r2_71,molecular_fingerprint,0.0035912503798802694,0.0018346605201562246,85,1,0
5,main_morgan_r2_72,molecular_fingerprint,0.0,0.0,184,1,0
5,main_morgan_r2_74,molecular_fingerprint,0.0,0.0,183,1,0
5,main_morgan_r2_75,molecular_fingerprint,0.16314594509817348,0.06416739704824674,11,1,1
5,main_morgan_r2_76,molecular_fingerprint,0.0,0.0,182,1,0
5,main_morgan_r2_77,molecular_fingerprint,0.0,0.0,181,1,0
5,main_morgan_r2_78,molecular_fingerprint,0.0022392940914465315,0.0011991058683229819,92,1,0
5,main_morgan_r2_79,molecular_fingerprint,0.0,0.0,205,1,0
5,main_morgan_r2_80,molecular_fingerprint,0.0,0.0,206,1,0
5,main_morgan_r2_82,molecular_fingerprint,0.003852462747858632,-0.002717000043226613,80,1,0
5,main_morgan_r2_83,molecular_fingerprint,0.0,0.0,292,0,0
5,main_morgan_r2_84,molecular_fingerprint,0.0,0.0,202,1,0
5,main_morgan_r2_85,molecular_fingerprint,0.0,0.0,203,1,0
5,main_morgan_r2_89,molecular_fingerprint,0.0,0.0,204,1,0
5,main_morgan_r2_9,molecular_fingerprint,0.0,0.0,140,1,0
5,main_morgan_r2_90,molecular_fingerprint,0.020869263632533448,-0.00289729251060635,43,1,0
5,main_morgan_r2_91,molecular_fingerprint,0.0,0.0,201,1,0
5,main_morgan_r2_92,molecular_fingerprint,0.0,0.0,199,1,0
5,main_morgan_r2_93,molecular_fingerprint,0.0012494546237091224,0.0003196279269953568,102,1,0
5,main_morgan_r2_94,molecular_fingerprint,0.0,0.0,200,1,0
5,main_morgan_r2_95,molecular_fingerprint,0.006475657212237518,-0.005728465995440881,73,1,0
5,main_morgan_r2_97,molecular_fingerprint,0.0,0.0,198,1,0
5,main_morgan_r2_98,molecular_fingerprint,0.0012801044351524776,0.0002782835728592344,101,1,0
5,main_morgan_r2_99,molecular_fingerprint,0.0,0.0,197,1,0
