Candidate_ID,Candidate_Name,Parent_Seed_ID,Parent_Name,Transformation_Code,Design_Change,Attachment_Position,Design_Rationale,Linker_Type,Reactive_Group,Preparation_Type,Synthesis_Level,Parent_Tanimoto_r3,Max_Train_Tanimoto_r3,Risk_Flags
CAND_R2_001,APN-DOPO-amino,TRAIN_019,APN-DOPO,amino,Added amino at aromatic atom 3.,peripheral_aromatic,Introduced one aryl amino group to add a P–N motif and a potential epoxy co-curing site.,aryl-amino,NH2,Co-curing,B,0.7052631578947368,0.7052631578947368,none
CAND_R2_002,APN-DOPO-hydroxy,TRAIN_019,APN-DOPO,hydroxy,Added hydroxy at aromatic atom 3.,peripheral_aromatic,Introduced one phenolic hydroxyl group; kept as Additive unless a validated pre-reaction route is available.,aryl-hydroxy,OH,Additive,B,0.7052631578947368,0.7052631578947368,none
CAND_R2_003,APN-DOPO-hydroxymethyl,TRAIN_019,APN-DOPO,hydroxymethyl,Added hydroxymethyl at aromatic atom 3.,peripheral_aromatic,Introduced one hydroxymethyl group to increase polarity; not automatically treated as an epoxy-reactive group.,aryl-hydroxymethyl,CH2OH,Additive,B,0.6979166666666666,0.6979166666666666,candidate may be outside strict in-domain threshold
CAND_R2_004,APN-DOPO-carboxamide,TRAIN_019,APN-DOPO,carboxamide,Added carboxamide at aromatic atom 3.,peripheral_aromatic,"Introduced one primary carboxamide as a polar, hydrogen-bonding substituent.",aryl-carboxamide,amide,Additive,B,0.6767676767676768,0.6767676767676768,candidate may be outside strict in-domain threshold
CAND_R2_005,APN-DOPO-boronic-acid,TRAIN_019,APN-DOPO,boronic_acid,Added boronic_acid at aromatic atom 3.,peripheral_aromatic,Introduced one aryl boronic acid group to create a P–B candidate.,aryl-boronic-acid,B(OH)2,Additive,B,0.6836734693877551,0.6836734693877551,candidate may be outside strict in-domain threshold
CAND_R2_006,APN-DOPO-pinacol-boronate,TRAIN_019,APN-DOPO,pinacol_boronate,Added pinacol_boronate at aromatic atom 3.,peripheral_aromatic,Introduced one pinacol boronate to create a more protected P–B analogue.,aryl-pinacol-boronate,pinacol boronate,Additive,B,0.6320754716981132,0.6320754716981132,large structural change from parent; candidate may be outside strict in-domain threshold
CAND_R2_007,APN-DOPO-trimethoxysilyl,TRAIN_019,APN-DOPO,trimethoxysilyl,Added trimethoxysilyl at aromatic atom 3.,peripheral_aromatic,Introduced one trialkoxysilane unit; secondary siloxane-network formation requires hydrolysis/condensation conditions.,aryl-trimethoxysilyl,Si(OCH3)3,Additive + Secondary Crosslinking,B,0.6633663366336634,0.6633663366336634,candidate may be outside strict in-domain threshold
CAND_R2_008,APN-DOPO-triethoxysilyl,TRAIN_019,APN-DOPO,triethoxysilyl,Added triethoxysilyl at aromatic atom 3.,peripheral_aromatic,Introduced one triethoxysilane unit as a P–Si candidate.,aryl-triethoxysilyl,Si(OC2H5)3,Additive + Secondary Crosslinking,B,0.6442307692307693,0.6442307692307693,large structural change from parent; candidate may be outside strict in-domain threshold
CAND_R2_009,APN-DOPO-disiloxane,TRAIN_019,APN-DOPO,disiloxane,Added disiloxane at aromatic atom 3.,peripheral_aromatic,Introduced a short disiloxane substituent without assuming epoxy-network reactivity.,short-disiloxane,none,Additive,B,0.6504854368932039,0.6504854368932039,candidate may be outside strict in-domain threshold
CAND_R2_010,APN-DOPO-glycidyloxy,TRAIN_019,APN-DOPO,glycidyloxy,Added glycidyloxy at aromatic atom 3.,peripheral_aromatic,Introduced one glycidyl ether group for co-curing with the epoxy hardener.,aryl-glycidyl-ether,epoxy,Co-curing,B,0.6699029126213593,0.6699029126213593,candidate may be outside strict in-domain threshold
CAND_R2_011,APN-DOPO-diaminotriazine,TRAIN_019,APN-DOPO,diaminotriazine,Added diaminotriazine at aromatic atom 3.,peripheral_aromatic,Introduced one diamino-triazine substituent to add nitrogen and potential co-curing sites.,"diamino-1,3,5-triazine",NH2,Co-curing,B,0.6476190476190476,0.6476190476190476,large structural change from parent; candidate may be outside strict in-domain threshold
CAND_R2_012,APN-DOPO-piperazine,TRAIN_019,APN-DOPO,piperazine,Added piperazine at aromatic atom 3.,peripheral_aromatic,Introduced a monosubstituted piperazine unit retaining one secondary N–H site.,piperazine,NH,Co-curing,B,0.6261682242990654,0.6261682242990654,large structural change from parent; candidate may be outside strict in-domain threshold
CAND_R2_013,APN-DOPO-benzamide-linker,TRAIN_019,APN-DOPO,benzamide_linker,Added benzamide_linker at aromatic atom 3.,peripheral_aromatic,Introduced a benzamide substituent; amide nitrogen is not treated as a normal amine curing site.,benzamide,amide,Additive,B,0.6146788990825688,0.6146788990825688,large structural change from parent; candidate may be outside strict in-domain threshold
CAND_R2_014,APN-DOPO-phenyl,TRAIN_019,APN-DOPO,phenyl,Added phenyl at aromatic atom 3.,peripheral_aromatic,Extended the aromatic linker by one phenyl group.,phenyl,none,Additive,B,0.67,0.67,candidate may be outside strict in-domain threshold
CAND_R2_015,APN-DOPO-biphenyl,TRAIN_019,APN-DOPO,biphenyl,Added biphenyl at aromatic atom 3.,peripheral_aromatic,Extended the rigid aromatic linker to a biphenyl unit.,biphenyl,none,Additive,B,0.638095238095238,0.638095238095238,large structural change from parent; candidate may be outside strict in-domain threshold
CAND_R2_016,APN-DOPO-nitrile-to-amide,TRAIN_019,APN-DOPO,nitrile_to_amide,Converted one nitrile to a primary amide. Regioisomer 2.,site_2,Converted one nitrile to a primary amide.,nitrile-to-amide,amide,Additive,B,0.7608695652173914,0.7608695652173914,none
CAND_R2_017,APN-DOPO-nitrile-to-amide-all,TRAIN_019,APN-DOPO,nitrile_to_amide_all,Converted one nitrile to a primary amide. Converted all matching groups.,all_sites,Converted one nitrile to a primary amide. All equivalent sites were changed.,nitrile-to-amide-all,amide,Additive,B,0.6631578947368421,0.6631578947368421,candidate may be outside strict in-domain threshold
CAND_R2_018,APN-DOPO-nitrile-to-acid,TRAIN_019,APN-DOPO,nitrile_to_acid,Converted one nitrile to a carboxylic acid. Regioisomer 1.,site_1,Converted one nitrile to a carboxylic acid.,nitrile-to-carboxylic-acid,COOH,Additive,B,0.7692307692307693,0.7692307692307693,none
CAND_R2_019,APN-DOPO-nitrile-to-acid-2,TRAIN_019,APN-DOPO,nitrile_to_acid,Converted one nitrile to a carboxylic acid. Regioisomer 2.,site_2,Converted one nitrile to a carboxylic acid.,nitrile-to-carboxylic-acid,COOH,Additive,B,0.7608695652173914,0.7608695652173914,none
CAND_R2_020,APN-DOPO-nitrile-to-acid-all,TRAIN_019,APN-DOPO,nitrile_to_acid_all,Converted one nitrile to a carboxylic acid. Converted all matching groups.,all_sites,Converted one nitrile to a carboxylic acid. All equivalent sites were changed.,nitrile-to-carboxylic-acid-all,COOH,Additive,B,0.6702127659574468,0.6702127659574468,candidate may be outside strict in-domain threshold
CAND_R2_021,APN-DOPO-nitrile-to-aminomethyl,TRAIN_019,APN-DOPO,nitrile_to_aminomethyl,Reduced one nitrile to an aminomethyl group. Regioisomer 1.,site_1,Reduced one nitrile to an aminomethyl group.,nitrile-to-aminomethyl,NH2,Co-curing,B,0.7692307692307693,0.7692307692307693,none
CAND_R2_022,APN-DOPO-nitrile-to-aminomethyl-2,TRAIN_019,APN-DOPO,nitrile_to_aminomethyl,Reduced one nitrile to an aminomethyl group. Regioisomer 2.,site_2,Reduced one nitrile to an aminomethyl group.,nitrile-to-aminomethyl,NH2,Co-curing,B,0.7692307692307693,0.7692307692307693,none
CAND_R2_023,APN-DOPO-nitrile-to-aminomethyl-all,TRAIN_019,APN-DOPO,nitrile_to_aminomethyl_all,Reduced one nitrile to an aminomethyl group. Converted all matching groups.,all_sites,Reduced one nitrile to an aminomethyl group. All equivalent sites were changed.,nitrile-to-aminomethyl-all,NH2,Co-curing,B,0.6774193548387096,0.6774193548387096,candidate may be outside strict in-domain threshold
CAND_R2_024,APN-DOPO-NH-methyl,TRAIN_019,APN-DOPO,NH_methyl,"Methylated one free N–H site, reducing curing activity. Regioisomer 1.",NH_site_1,"Methylated one free N–H site, reducing curing activity.",N-methyl,none,Additive,B,0.6161616161616161,0.6228070175438597,large structural change from parent; candidate may be outside strict in-domain threshold
CAND_R2_025,APN-DOPO-NH-hydroxyethyl,TRAIN_019,APN-DOPO,NH_hydroxyethyl,Introduced one hydroxyethyl substituent on an N–H site. Regioisomer 1.,NH_site_1,Introduced one hydroxyethyl substituent on an N–H site.,N-hydroxyethyl,OH,Additive,B,0.5714285714285714,0.6814159292035398,large structural change from parent; candidate may be outside strict in-domain threshold
CAND_R2_026,APN-DOPO-NH-glycidyl,TRAIN_019,APN-DOPO,NH_glycidyl,Introduced one glycidyl substituent on an N–H site. Regioisomer 1.,NH_site_1,Introduced one glycidyl substituent on an N–H site.,N-glycidyl,epoxy,Co-curing,B,0.5754716981132075,0.6551724137931034,large structural change from parent; candidate may be outside strict in-domain threshold
CAND_R2_027,CTP-DOPO-amino,TRAIN_041,CTP-DOPO,amino,Added amino at aromatic atom 157.,peripheral_aromatic,Introduced one aryl amino group to add a P–N motif and a potential epoxy co-curing site.,aryl-amino,NH2,Co-curing,C,0.8333333333333334,0.8333333333333334,high molecular weight; high DOPO count; exploratory only; excluded from formal screening
CAND_R2_028,CTP-DOPO-hydroxy,TRAIN_041,CTP-DOPO,hydroxy,Added hydroxy at aromatic atom 157.,peripheral_aromatic,Introduced one phenolic hydroxyl group; kept as Additive unless a validated pre-reaction route is available.,aryl-hydroxy,OH,Additive,C,0.8522727272727273,0.8522727272727273,high molecular weight; high DOPO count; exploratory only; excluded from formal screening
CAND_R2_029,CTP-DOPO-boronic-acid,TRAIN_041,CTP-DOPO,boronic_acid,Added boronic_acid at aromatic atom 157.,peripheral_aromatic,Introduced one aryl boronic acid group to create a P–B candidate.,aryl-boronic-acid,B(OH)2,Additive,C,0.7978723404255319,0.7978723404255319,high molecular weight; high DOPO count; exploratory only; excluded from formal screening
CAND_R2_030,CTP-DOPO-glycidyloxy,TRAIN_041,CTP-DOPO,glycidyloxy,Added glycidyloxy at aromatic atom 157.,peripheral_aromatic,Introduced one glycidyl ether group for co-curing with the epoxy hardener.,aryl-glycidyl-ether,epoxy,Co-curing,C,0.7142857142857143,0.7142857142857143,high molecular weight; high DOPO count; exploratory only; excluded from formal screening
CAND_R2_031,CTP-DOPO-OH-glycidyl-all,TRAIN_041,CTP-DOPO,OH_glycidyl_all,Converted one OH group to a glycidyl ether. Converted all OH groups.,all_OH,Converted one OH group to a glycidyl ether. All OH sites were changed.,OH-to-glycidyl-ether-all,epoxy,Co-curing,C,0.7311827956989247,0.7311827956989247,high molecular weight; high DOPO count; exploratory only; excluded from formal screening
CAND_R2_032,CTP-DOPO-OH-methyl,TRAIN_041,CTP-DOPO,OH_methyl,Converted one OH group to a methyl ether. Regioisomer 1.,OH_site_1,Converted one OH group to a methyl ether.,OH-to-methyl-ether,none,Additive,C,0.9146341463414634,0.9146341463414634,high molecular weight; high DOPO count; exploratory only; excluded from formal screening
CAND_R2_033,CTP-DOPO-OH-methyl-all,TRAIN_041,CTP-DOPO,OH_methyl_all,Converted one OH group to a methyl ether. Converted all OH groups.,all_OH,Converted one OH group to a methyl ether. All OH sites were changed.,OH-to-methyl-ether-all,none,Additive,C,0.8292682926829268,0.8292682926829268,high molecular weight; high DOPO count; exploratory only; excluded from formal screening
CAND_R2_034,CTP-DOPO-OH-acetyl,TRAIN_041,CTP-DOPO,OH_acetyl,Converted one OH group to an acetate. Regioisomer 1.,OH_site_1,Converted one OH group to an acetate.,OH-to-acetate,none,Additive,C,0.8928571428571429,0.8928571428571429,high molecular weight; high DOPO count; exploratory only; excluded from formal screening
CAND_R2_035,CTP-DOPO-OH-acetyl-all,TRAIN_041,CTP-DOPO,OH_acetyl_all,Converted one OH group to an acetate. Converted all OH groups.,all_OH,Converted one OH group to an acetate. All OH sites were changed.,OH-to-acetate-all,none,Additive,C,0.8214285714285714,0.8214285714285714,high molecular weight; high DOPO count; exploratory only; excluded from formal screening
CAND_R2_036,CTP-DOPO-OH-allyl,TRAIN_041,CTP-DOPO,OH_allyl,Converted one OH group to an allyl ether; no EP reactivity is assumed. Regioisomer 1.,OH_site_1,Converted one OH group to an allyl ether; no EP reactivity is assumed.,OH-to-allyl-ether,allyl,Additive,C,0.8241758241758241,0.8241758241758241,high molecular weight; high DOPO count; exploratory only; excluded from formal screening
CAND_R2_037,CTP-DOPO-OH-allyl-all,TRAIN_041,CTP-DOPO,OH_allyl_all,Converted one OH group to an allyl ether; no EP reactivity is assumed. Converted all OH groups.,all_OH,Converted one OH group to an allyl ether; no EP reactivity is assumed. All OH sites were changed.,OH-to-allyl-ether-all,allyl,Additive,C,0.7472527472527473,0.7472527472527473,high molecular weight; high DOPO count; exploratory only; excluded from formal screening
CAND_R2_038,CTP-DOPO-NH-methyl,TRAIN_041,CTP-DOPO,NH_methyl,"Methylated one free N–H site, reducing curing activity. Regioisomer 1.",NH_site_1,"Methylated one free N–H site, reducing curing activity.",N-methyl,none,Additive,C,0.7731958762886598,0.7731958762886598,high molecular weight; high DOPO count; exploratory only; excluded from formal screening
CAND_R2_039,CTP-DOPO-NH-methyl-all,TRAIN_041,CTP-DOPO,NH_methyl_all,"Methylated one free N–H site, reducing curing activity. Converted all N–H sites.",all_NH,"Methylated one free N–H site, reducing curing activity. All free N–H sites were changed.",N-methyl-all,none,Additive,C,0.5773195876288659,0.5773195876288659,high molecular weight; high DOPO count; large structural change from parent; candidate may be outside strict in-domain threshold; exploratory only; excluded from formal screening
CAND_R2_040,CTP-DOPO-NH-hydroxyethyl,TRAIN_041,CTP-DOPO,NH_hydroxyethyl,Introduced one hydroxyethyl substituent on an N–H site. Regioisomer 1.,NH_site_1,Introduced one hydroxyethyl substituent on an N–H site.,N-hydroxyethyl,OH,Additive,C,0.7425742574257426,0.7425742574257426,high molecular weight; high DOPO count; exploratory only; excluded from formal screening
CAND_R2_041,CTP-DOPO-NH-hydroxyethyl-all,TRAIN_041,CTP-DOPO,NH_hydroxyethyl_all,Introduced one hydroxyethyl substituent on an N–H site. Converted all N–H sites.,all_NH,Introduced one hydroxyethyl substituent on an N–H site. All free N–H sites were changed.,N-hydroxyethyl-all,OH,Additive,C,0.5544554455445545,0.5544554455445545,high molecular weight; high DOPO count; large structural change from parent; candidate may be outside strict in-domain threshold; exploratory only; excluded from formal screening
CAND_R2_042,CTP-DOPO-NH-glycidyl,TRAIN_041,CTP-DOPO,NH_glycidyl,Introduced one glycidyl substituent on an N–H site. Regioisomer 1.,NH_site_1,Introduced one glycidyl substituent on an N–H site.,N-glycidyl,epoxy,Co-curing,C,0.7075471698113207,0.7075471698113207,high molecular weight; high DOPO count; exploratory only; excluded from formal screening
CAND_R2_043,CTP-DOPO-NH-glycidyl-all,TRAIN_041,CTP-DOPO,NH_glycidyl_all,Introduced one glycidyl substituent on an N–H site. Converted all N–H sites.,all_NH,Introduced one glycidyl substituent on an N–H site. All free N–H sites were changed.,N-glycidyl-all,epoxy,Co-curing,C,0.5283018867924528,0.5283018867924528,high molecular weight; high DOPO count; large structural change from parent; candidate may be outside strict in-domain threshold; exploratory only; excluded from formal screening
CAND_R2_044,PBD-amino,TRAIN_020,PBD,amino,Added amino at aromatic atom 28.,peripheral_aromatic,Introduced one aryl amino group to add a P–N motif and a potential epoxy co-curing site.,aryl-amino,NH2,Co-curing,B,0.83,0.83,none
CAND_R2_045,PBD-hydroxy,TRAIN_020,PBD,hydroxy,Added hydroxy at aromatic atom 28.,peripheral_aromatic,Introduced one phenolic hydroxyl group; kept as Additive unless a validated pre-reaction route is available.,aryl-hydroxy,OH,Additive,B,0.8383838383838383,0.8383838383838383,none
CAND_R2_046,PBD-hydroxymethyl,TRAIN_020,PBD,hydroxymethyl,Added hydroxymethyl at aromatic atom 28.,peripheral_aromatic,Introduced one hydroxymethyl group to increase polarity; not automatically treated as an epoxy-reactive group.,aryl-hydroxymethyl,CH2OH,Additive,B,0.8137254901960784,0.8137254901960784,none
CAND_R2_047,PBD-carboxamide,TRAIN_020,PBD,carboxamide,Added carboxamide at aromatic atom 28.,peripheral_aromatic,"Introduced one primary carboxamide as a polar, hydrogen-bonding substituent.",aryl-carboxamide,amide,Additive,B,0.7980769230769231,0.7980769230769231,none
CAND_R2_048,PBD-boronic-acid,TRAIN_020,PBD,boronic_acid,Added boronic_acid at aromatic atom 28.,peripheral_aromatic,Introduced one aryl boronic acid group to create a P–B candidate.,aryl-boronic-acid,B(OH)2,Additive,B,0.8058252427184466,0.8058252427184466,none
CAND_R2_049,PBD-pinacol-boronate,TRAIN_020,PBD,pinacol_boronate,Added pinacol_boronate at aromatic atom 28.,peripheral_aromatic,Introduced one pinacol boronate to create a more protected P–B analogue.,aryl-pinacol-boronate,pinacol boronate,Additive,B,0.7477477477477478,0.7477477477477478,none
CAND_R2_050,PBD-trimethoxysilyl,TRAIN_020,PBD,trimethoxysilyl,Added trimethoxysilyl at aromatic atom 28.,peripheral_aromatic,Introduced one trialkoxysilane unit; secondary siloxane-network formation requires hydrolysis/condensation conditions.,aryl-trimethoxysilyl,Si(OCH3)3,Additive + Secondary Crosslinking,B,0.7830188679245284,0.7830188679245284,none
CAND_R2_051,PBD-triethoxysilyl,TRAIN_020,PBD,triethoxysilyl,Added triethoxysilyl at aromatic atom 28.,peripheral_aromatic,Introduced one triethoxysilane unit as a P–Si candidate.,aryl-triethoxysilyl,Si(OC2H5)3,Additive + Secondary Crosslinking,B,0.7545454545454545,0.7545454545454545,none
CAND_R2_052,PBD-disiloxane,TRAIN_020,PBD,disiloxane,Added disiloxane at aromatic atom 28.,peripheral_aromatic,Introduced a short disiloxane substituent without assuming epoxy-network reactivity.,short-disiloxane,none,Additive,B,0.7757009345794392,0.7757009345794392,none
CAND_R2_053,PBD-glycidyloxy,TRAIN_020,PBD,glycidyloxy,Added glycidyloxy at aromatic atom 28.,peripheral_aromatic,Introduced one glycidyl ether group for co-curing with the epoxy hardener.,aryl-glycidyl-ether,epoxy,Co-curing,B,0.7545454545454545,0.7545454545454545,none
CAND_R2_054,PBD-diaminotriazine,TRAIN_020,PBD,diaminotriazine,Added diaminotriazine at aromatic atom 28.,peripheral_aromatic,Introduced one diamino-triazine substituent to add nitrogen and potential co-curing sites.,"diamino-1,3,5-triazine",NH2,Co-curing,B,0.7545454545454545,0.7545454545454545,none
CAND_R2_055,PBD-piperazine,TRAIN_020,PBD,piperazine,Added piperazine at aromatic atom 28.,peripheral_aromatic,Introduced a monosubstituted piperazine unit retaining one secondary N–H site.,piperazine,NH,Co-curing,B,0.7410714285714286,0.7410714285714286,none
CAND_R2_056,PBD-benzamide-linker,TRAIN_020,PBD,benzamide_linker,Added benzamide_linker at aromatic atom 28.,peripheral_aromatic,Introduced a benzamide substituent; amide nitrogen is not treated as a normal amine curing site.,benzamide,amide,Additive,B,0.7280701754385965,0.7280701754385965,none
CAND_R2_057,PBD-phenyl,TRAIN_020,PBD,phenyl,Added phenyl at aromatic atom 28.,peripheral_aromatic,Extended the aromatic linker by one phenyl group.,phenyl,none,Additive,B,0.7904761904761904,0.7904761904761904,none
CAND_R2_058,PBD-biphenyl,TRAIN_020,PBD,biphenyl,Added biphenyl at aromatic atom 28.,peripheral_aromatic,Extended the rigid aromatic linker to a biphenyl unit.,biphenyl,none,Additive,B,0.7477477477477478,0.7477477477477478,none
CAND_R2_059,PBD-nitrile-to-amide,TRAIN_020,PBD,nitrile_to_amide,Converted one nitrile to a primary amide. Regioisomer 2.,site_2,Converted one nitrile to a primary amide.,nitrile-to-amide,amide,Additive,B,0.8469387755102041,0.8469387755102041,none
CAND_R2_060,PBD-nitrile-to-amide-all,TRAIN_020,PBD,nitrile_to_amide_all,Converted one nitrile to a primary amide. Converted all matching groups.,all_sites,Converted one nitrile to a primary amide. All equivalent sites were changed.,nitrile-to-amide-all,amide,Additive,B,0.68,0.68,candidate may be outside strict in-domain threshold
CAND_R2_061,PBD-nitrile-to-acid,TRAIN_020,PBD,nitrile_to_acid,Converted one nitrile to a carboxylic acid. Regioisomer 1.,site_1,Converted one nitrile to a carboxylic acid.,nitrile-to-carboxylic-acid,COOH,Additive,B,0.8645833333333334,0.8645833333333334,none
CAND_R2_062,PBD-nitrile-to-acid-2,TRAIN_020,PBD,nitrile_to_acid,Converted one nitrile to a carboxylic acid. Regioisomer 2.,site_2,Converted one nitrile to a carboxylic acid.,nitrile-to-carboxylic-acid,COOH,Additive,B,0.8556701030927835,0.8556701030927835,none
CAND_R2_063,PBD-nitrile-to-acid-all,TRAIN_020,PBD,nitrile_to_acid_all,Converted one nitrile to a carboxylic acid. Converted all matching groups.,all_sites,Converted one nitrile to a carboxylic acid. All equivalent sites were changed.,nitrile-to-carboxylic-acid-all,COOH,Additive,B,0.6868686868686869,0.6868686868686869,candidate may be outside strict in-domain threshold
CAND_R2_064,PBD-nitrile-to-aminomethyl,TRAIN_020,PBD,nitrile_to_aminomethyl,Reduced one nitrile to an aminomethyl group. Regioisomer 1.,site_1,Reduced one nitrile to an aminomethyl group.,nitrile-to-aminomethyl,NH2,Co-curing,B,0.8556701030927835,0.8556701030927835,none
CAND_R2_065,PBD-nitrile-to-aminomethyl-2,TRAIN_020,PBD,nitrile_to_aminomethyl,Reduced one nitrile to an aminomethyl group. Regioisomer 2.,site_2,Reduced one nitrile to an aminomethyl group.,nitrile-to-aminomethyl,NH2,Co-curing,B,0.8556701030927835,0.8556701030927835,none
CAND_R2_066,PBD-nitrile-to-aminomethyl-all,TRAIN_020,PBD,nitrile_to_aminomethyl_all,Reduced one nitrile to an aminomethyl group. Converted all matching groups.,all_sites,Reduced one nitrile to an aminomethyl group. All equivalent sites were changed.,nitrile-to-aminomethyl-all,NH2,Co-curing,B,0.6868686868686869,0.6868686868686869,candidate may be outside strict in-domain threshold
CAND_R2_067,PBD-NH-methyl,TRAIN_020,PBD,NH_methyl,"Methylated one free N–H site, reducing curing activity. Regioisomer 1.",NH_site_1,"Methylated one free N–H site, reducing curing activity.",N-methyl,none,Additive,B,0.7685185185185185,0.7685185185185185,none
CAND_R2_068,PBD-NH-methyl-all,TRAIN_020,PBD,NH_methyl_all,"Methylated one free N–H site, reducing curing activity. Converted all N–H sites.",all_NH,"Methylated one free N–H site, reducing curing activity. All free N–H sites were changed.",N-methyl-all,none,Additive,B,0.5648148148148148,0.5648148148148148,large structural change from parent; candidate may be outside strict in-domain threshold
CAND_R2_069,PBD-NH-hydroxyethyl,TRAIN_020,PBD,NH_hydroxyethyl,Introduced one hydroxyethyl substituent on an N–H site. Regioisomer 1.,NH_site_1,Introduced one hydroxyethyl substituent on an N–H site.,N-hydroxyethyl,OH,Additive,B,0.7345132743362832,0.7345132743362832,none
CAND_R2_070,PBD-NH-hydroxyethyl-all,TRAIN_020,PBD,NH_hydroxyethyl_all,Introduced one hydroxyethyl substituent on an N–H site. Converted all N–H sites.,all_NH,Introduced one hydroxyethyl substituent on an N–H site. All free N–H sites were changed.,N-hydroxyethyl-all,OH,Additive,C,0.5398230088495575,0.5398230088495575,large structural change from parent; candidate may be outside strict in-domain threshold; exploratory only; excluded from formal screening
CAND_R2_071,PBD-NH-glycidyl,TRAIN_020,PBD,NH_glycidyl,Introduced one glycidyl substituent on an N–H site. Regioisomer 1.,NH_site_1,Introduced one glycidyl substituent on an N–H site.,N-glycidyl,epoxy,Co-curing,B,0.7280701754385965,0.7280701754385965,none
CAND_R2_072,PBD-NH-glycidyl-all,TRAIN_020,PBD,NH_glycidyl_all,Introduced one glycidyl substituent on an N–H site. Converted all N–H sites.,all_NH,Introduced one glycidyl substituent on an N–H site. All free N–H sites were changed.,N-glycidyl-all,epoxy,Co-curing,C,0.5350877192982456,0.5350877192982456,large structural change from parent; candidate may be outside strict in-domain threshold; exploratory only; excluded from formal screening
CAND_R2_073,TDCA-DOPO-2-amino,TRAIN_136,TDCA-DOPO-2,amino,Added amino at aromatic atom 65.,peripheral_aromatic,Introduced one aryl amino group to add a P–N motif and a potential epoxy co-curing site.,aryl-amino,NH2,Co-curing,B,0.8591549295774648,0.8591549295774648,none
CAND_R2_074,TDCA-DOPO-2-hydroxy,TRAIN_136,TDCA-DOPO-2,hydroxy,Added hydroxy at aromatic atom 65.,peripheral_aromatic,Introduced one phenolic hydroxyl group; kept as Additive unless a validated pre-reaction route is available.,aryl-hydroxy,OH,Additive,B,0.8591549295774648,0.8591549295774648,none
CAND_R2_075,TDCA-DOPO-2-hydroxymethyl,TRAIN_136,TDCA-DOPO-2,hydroxymethyl,Added hydroxymethyl at aromatic atom 65.,peripheral_aromatic,Introduced one hydroxymethyl group to increase polarity; not automatically treated as an epoxy-reactive group.,aryl-hydroxymethyl,CH2OH,Additive,B,0.8243243243243243,0.8243243243243243,none
CAND_R2_076,TDCA-DOPO-2-carboxamide,TRAIN_136,TDCA-DOPO-2,carboxamide,Added carboxamide at aromatic atom 65.,peripheral_aromatic,"Introduced one primary carboxamide as a polar, hydrogen-bonding substituent.",aryl-carboxamide,amide,Additive,B,0.8133333333333334,0.8133333333333334,none
CAND_R2_077,TDCA-DOPO-2-boronic-acid,TRAIN_136,TDCA-DOPO-2,boronic_acid,Added boronic_acid at aromatic atom 65.,peripheral_aromatic,Introduced one aryl boronic acid group to create a P–B candidate.,aryl-boronic-acid,B(OH)2,Additive,B,0.8243243243243243,0.8243243243243243,none
CAND_R2_078,TDCA-DOPO-2-pinacol-boronate,TRAIN_136,TDCA-DOPO-2,pinacol_boronate,Added pinacol_boronate at aromatic atom 65.,peripheral_aromatic,Introduced one pinacol boronate to create a more protected P–B analogue.,aryl-pinacol-boronate,pinacol boronate,Additive,B,0.7439024390243902,0.7439024390243902,none
CAND_R2_079,TDCA-DOPO-2-trimethoxysilyl,TRAIN_136,TDCA-DOPO-2,trimethoxysilyl,Added trimethoxysilyl at aromatic atom 65.,peripheral_aromatic,Introduced one trialkoxysilane unit; secondary siloxane-network formation requires hydrolysis/condensation conditions.,aryl-trimethoxysilyl,Si(OCH3)3,Additive + Secondary Crosslinking,B,0.7922077922077922,0.7922077922077922,none
CAND_R2_080,TDCA-DOPO-2-triethoxysilyl,TRAIN_136,TDCA-DOPO-2,triethoxysilyl,Added triethoxysilyl at aromatic atom 65.,peripheral_aromatic,Introduced one triethoxysilane unit as a P–Si candidate.,aryl-triethoxysilyl,Si(OC2H5)3,Additive + Secondary Crosslinking,B,0.7530864197530864,0.7530864197530864,none
CAND_R2_081,TDCA-DOPO-2-disiloxane,TRAIN_136,TDCA-DOPO-2,disiloxane,Added disiloxane at aromatic atom 65.,peripheral_aromatic,Introduced a short disiloxane substituent without assuming epoxy-network reactivity.,short-disiloxane,none,Additive,B,0.7721518987341772,0.7721518987341772,none
CAND_R2_082,TDCA-DOPO-2-glycidyloxy,TRAIN_136,TDCA-DOPO-2,glycidyloxy,Added glycidyloxy at aromatic atom 65.,peripheral_aromatic,Introduced one glycidyl ether group for co-curing with the epoxy hardener.,aryl-glycidyl-ether,epoxy,Co-curing,B,0.7439024390243902,0.7439024390243902,none
CAND_R2_083,TDCA-DOPO-2-diaminotriazine,TRAIN_136,TDCA-DOPO-2,diaminotriazine,Added diaminotriazine at aromatic atom 65.,peripheral_aromatic,Introduced one diamino-triazine substituent to add nitrogen and potential co-curing sites.,"diamino-1,3,5-triazine",NH2,Co-curing,B,0.7349397590361446,0.7349397590361446,none
CAND_R2_084,TDCA-DOPO-2-piperazine,TRAIN_136,TDCA-DOPO-2,piperazine,Added piperazine at aromatic atom 65.,peripheral_aromatic,Introduced a monosubstituted piperazine unit retaining one secondary N–H site.,piperazine,NH,Co-curing,B,0.7261904761904762,0.7261904761904762,none
CAND_R2_085,TDCA-DOPO-2-benzamide-linker,TRAIN_136,TDCA-DOPO-2,benzamide_linker,Added benzamide_linker at aromatic atom 65.,peripheral_aromatic,Introduced a benzamide substituent; amide nitrogen is not treated as a normal amine curing site.,benzamide,amide,Additive,B,0.7439024390243902,0.7439024390243902,none
CAND_R2_086,TDCA-DOPO-2-phenyl,TRAIN_136,TDCA-DOPO-2,phenyl,Added phenyl at aromatic atom 65.,peripheral_aromatic,Extended the aromatic linker by one phenyl group.,phenyl,none,Additive,B,0.8356164383561644,0.8356164383561644,none
CAND_R2_087,TDCA-DOPO-2-biphenyl,TRAIN_136,TDCA-DOPO-2,biphenyl,Added biphenyl at aromatic atom 65.,peripheral_aromatic,Extended the rigid aromatic linker to a biphenyl unit.,biphenyl,none,Additive,B,0.8243243243243243,0.8243243243243243,none
CAND_R2_088,DOPO-HPM-amino,TRAIN_007,DOPO-HPM,amino,Added amino at aromatic atom 48.,peripheral_aromatic,Introduced one aryl amino group to add a P–N motif and a potential epoxy co-curing site.,aryl-amino,NH2,Co-curing,B,0.7304347826086957,0.7304347826086957,none
CAND_R2_089,DOPO-HPM-hydroxymethyl,TRAIN_007,DOPO-HPM,hydroxymethyl,Added hydroxymethyl at aromatic atom 48.,peripheral_aromatic,Introduced one hydroxymethyl group to increase polarity; not automatically treated as an epoxy-reactive group.,aryl-hydroxymethyl,CH2OH,Additive,B,0.7241379310344828,0.7241379310344828,none
CAND_R2_090,DOPO-HPM-carboxamide,TRAIN_007,DOPO-HPM,carboxamide,Added carboxamide at aromatic atom 48.,peripheral_aromatic,"Introduced one primary carboxamide as a polar, hydrogen-bonding substituent.",aryl-carboxamide,amide,Additive,B,0.711864406779661,0.711864406779661,none
CAND_R2_091,DOPO-HPM-boronic-acid,TRAIN_007,DOPO-HPM,boronic_acid,Added boronic_acid at aromatic atom 48.,peripheral_aromatic,Introduced one aryl boronic acid group to create a P–B candidate.,aryl-boronic-acid,B(OH)2,Additive,B,0.7241379310344828,0.7241379310344828,none
CAND_R2_092,DOPO-HPM-pinacol-boronate,TRAIN_007,DOPO-HPM,pinacol_boronate,Added pinacol_boronate at aromatic atom 48.,peripheral_aromatic,Introduced one pinacol boronate to create a more protected P–B analogue.,aryl-pinacol-boronate,pinacol boronate,Additive,B,0.6614173228346457,0.6614173228346457,candidate may be outside strict in-domain threshold
CAND_R2_093,DOPO-HPM-trimethoxysilyl,TRAIN_007,DOPO-HPM,trimethoxysilyl,Added trimethoxysilyl at aromatic atom 48.,peripheral_aromatic,Introduced one trialkoxysilane unit; secondary siloxane-network formation requires hydrolysis/condensation conditions.,aryl-trimethoxysilyl,Si(OCH3)3,Additive + Secondary Crosslinking,B,0.7,0.7,none
CAND_R2_094,DOPO-HPM-triethoxysilyl,TRAIN_007,DOPO-HPM,triethoxysilyl,Added triethoxysilyl at aromatic atom 48.,peripheral_aromatic,Introduced one triethoxysilane unit as a P–Si candidate.,aryl-triethoxysilyl,Si(OC2H5)3,Additive + Secondary Crosslinking,B,0.6885245901639344,0.6885245901639344,candidate may be outside strict in-domain threshold
CAND_R2_095,DOPO-HPM-disiloxane,TRAIN_007,DOPO-HPM,disiloxane,Added disiloxane at aromatic atom 48.,peripheral_aromatic,Introduced a short disiloxane substituent without assuming epoxy-network reactivity.,short-disiloxane,none,Additive,B,0.6885245901639344,0.6885245901639344,candidate may be outside strict in-domain threshold
CAND_R2_096,DOPO-HPM-glycidyloxy,TRAIN_007,DOPO-HPM,glycidyloxy,Added glycidyloxy at aromatic atom 48.,peripheral_aromatic,Introduced one glycidyl ether group for co-curing with the epoxy hardener.,aryl-glycidyl-ether,epoxy,Co-curing,B,0.7058823529411765,0.7058823529411765,none
CAND_R2_097,DOPO-HPM-diaminotriazine,TRAIN_007,DOPO-HPM,diaminotriazine,Added diaminotriazine at aromatic atom 48.,peripheral_aromatic,Introduced one diamino-triazine substituent to add nitrogen and potential co-curing sites.,"diamino-1,3,5-triazine",NH2,Co-curing,B,0.6614173228346457,0.6614173228346457,candidate may be outside strict in-domain threshold
CAND_R2_098,DOPO-HPM-piperazine,TRAIN_007,DOPO-HPM,piperazine,Added piperazine at aromatic atom 48.,peripheral_aromatic,Introduced a monosubstituted piperazine unit retaining one secondary N–H site.,piperazine,NH,Co-curing,B,0.672,0.672,candidate may be outside strict in-domain threshold
CAND_R2_099,DOPO-HPM-benzamide-linker,TRAIN_007,DOPO-HPM,benzamide_linker,Added benzamide_linker at aromatic atom 48.,peripheral_aromatic,Introduced a benzamide substituent; amide nitrogen is not treated as a normal amine curing site.,benzamide,amide,Additive,B,0.6511627906976745,0.6511627906976745,candidate may be outside strict in-domain threshold
CAND_R2_100,DOPO-HPM-phenyl,TRAIN_007,DOPO-HPM,phenyl,Added phenyl at aromatic atom 48.,peripheral_aromatic,Extended the aromatic linker by one phenyl group.,phenyl,none,Additive,B,0.6942148760330579,0.6942148760330579,candidate may be outside strict in-domain threshold
CAND_R2_101,DOPO-HPM-biphenyl,TRAIN_007,DOPO-HPM,biphenyl,Added biphenyl at aromatic atom 48.,peripheral_aromatic,Extended the rigid aromatic linker to a biphenyl unit.,biphenyl,none,Additive,B,0.6614173228346457,0.6614173228346457,candidate may be outside strict in-domain threshold
CAND_R2_102,DOPO-HPM-OH-glycidyl,TRAIN_007,DOPO-HPM,OH_glycidyl,Converted one OH group to a glycidyl ether. Regioisomer 1.,OH_site_1,Converted one OH group to a glycidyl ether.,OH-to-glycidyl-ether,epoxy,Co-curing,B,0.7747747747747747,0.7747747747747747,none
CAND_R2_103,DOPO-HPM-OH-methyl,TRAIN_007,DOPO-HPM,OH_methyl,Converted one OH group to a methyl ether. Regioisomer 1.,OH_site_1,Converted one OH group to a methyl ether.,OH-to-methyl-ether,none,Additive,B,0.7962962962962963,0.7962962962962963,none
CAND_R2_104,DOPO-HPM-OH-acetyl,TRAIN_007,DOPO-HPM,OH_acetyl,Converted one OH group to an acetate. Regioisomer 1.,OH_site_1,Converted one OH group to an acetate.,OH-to-acetate,none,Additive,B,0.7699115044247787,0.7699115044247787,none
CAND_R2_105,DOPO-HPM-OH-allyl,TRAIN_007,DOPO-HPM,OH_allyl,Converted one OH group to an allyl ether; no EP reactivity is assumed. Regioisomer 1.,OH_site_1,Converted one OH group to an allyl ether; no EP reactivity is assumed.,OH-to-allyl-ether,allyl,Additive,B,0.7478260869565218,0.7478260869565218,none
CAND_R2_106,DOPT-amino,TRAIN_090,DOPT,amino,Added amino at aromatic atom 25.,peripheral_aromatic,Introduced one aryl amino group to add a P–N motif and a potential epoxy co-curing site.,aryl-amino,NH2,Co-curing,B,0.6527777777777778,0.6527777777777778,candidate may be outside strict in-domain threshold
CAND_R2_107,DOPT-hydroxy,TRAIN_090,DOPT,hydroxy,Added hydroxy at aromatic atom 25.,peripheral_aromatic,Introduced one phenolic hydroxyl group; kept as Additive unless a validated pre-reaction route is available.,aryl-hydroxy,OH,Additive,B,0.6527777777777778,0.6527777777777778,candidate may be outside strict in-domain threshold
CAND_R2_108,DOPT-hydroxymethyl,TRAIN_090,DOPT,hydroxymethyl,Added hydroxymethyl at aromatic atom 25.,peripheral_aromatic,Introduced one hydroxymethyl group to increase polarity; not automatically treated as an epoxy-reactive group.,aryl-hydroxymethyl,CH2OH,Additive,B,0.618421052631579,0.618421052631579,large structural change from parent; candidate may be outside strict in-domain threshold
CAND_R2_109,DOPT-carboxamide,TRAIN_090,DOPT,carboxamide,Added carboxamide at aromatic atom 25.,peripheral_aromatic,"Introduced one primary carboxamide as a polar, hydrogen-bonding substituent.",aryl-carboxamide,amide,Additive,B,0.6103896103896104,0.6103896103896104,large structural change from parent; candidate may be outside strict in-domain threshold
CAND_R2_110,DOPT-boronic-acid,TRAIN_090,DOPT,boronic_acid,Added boronic_acid at aromatic atom 25.,peripheral_aromatic,Introduced one aryl boronic acid group to create a P–B candidate.,aryl-boronic-acid,B(OH)2,Additive,B,0.6351351351351351,0.6351351351351351,large structural change from parent; candidate may be outside strict in-domain threshold
CAND_R2_111,DOPT-pinacol-boronate,TRAIN_090,DOPT,pinacol_boronate,Added pinacol_boronate at aromatic atom 25.,peripheral_aromatic,Introduced one pinacol boronate to create a more protected P–B analogue.,aryl-pinacol-boronate,pinacol boronate,Additive,B,0.5925925925925926,0.5925925925925926,large structural change from parent; candidate may be outside strict in-domain threshold
CAND_R2_112,DOPT-trimethoxysilyl,TRAIN_090,DOPT,trimethoxysilyl,Added trimethoxysilyl at aromatic atom 25.,peripheral_aromatic,Introduced one trialkoxysilane unit; secondary siloxane-network formation requires hydrolysis/condensation conditions.,aryl-trimethoxysilyl,Si(OCH3)3,Additive + Secondary Crosslinking,B,0.5949367088607594,0.5949367088607594,large structural change from parent; candidate may be outside strict in-domain threshold
CAND_R2_113,DOPT-triethoxysilyl,TRAIN_090,DOPT,triethoxysilyl,Added triethoxysilyl at aromatic atom 25.,peripheral_aromatic,Introduced one triethoxysilane unit as a P–Si candidate.,aryl-triethoxysilyl,Si(OC2H5)3,Additive + Secondary Crosslinking,B,0.573170731707317,0.573170731707317,large structural change from parent; candidate may be outside strict in-domain threshold
CAND_R2_114,DOPT-disiloxane,TRAIN_090,DOPT,disiloxane,Added disiloxane at aromatic atom 25.,peripheral_aromatic,Introduced a short disiloxane substituent without assuming epoxy-network reactivity.,short-disiloxane,none,Additive,B,0.5802469135802469,0.5802469135802469,large structural change from parent; candidate may be outside strict in-domain threshold
CAND_R2_115,DOPT-glycidyloxy,TRAIN_090,DOPT,glycidyloxy,Added glycidyloxy at aromatic atom 25.,peripheral_aromatic,Introduced one glycidyl ether group for co-curing with the epoxy hardener.,aryl-glycidyl-ether,epoxy,Co-curing,C,0.5465116279069767,0.5465116279069767,large structural change from parent; candidate may be outside strict in-domain threshold; exploratory only; excluded from formal screening
CAND_R2_116,DOPT-diaminotriazine,TRAIN_090,DOPT,diaminotriazine,Added diaminotriazine at aromatic atom 25.,peripheral_aromatic,Introduced one diamino-triazine substituent to add nitrogen and potential co-curing sites.,"diamino-1,3,5-triazine",NH2,Co-curing,B,0.5662650602409639,0.5662650602409639,large structural change from parent; candidate may be outside strict in-domain threshold
CAND_R2_117,DOPT-piperazine,TRAIN_090,DOPT,piperazine,Added piperazine at aromatic atom 25.,peripheral_aromatic,Introduced a monosubstituted piperazine unit retaining one secondary N–H site.,piperazine,NH,Co-curing,B,0.5529411764705883,0.5529411764705883,large structural change from parent; candidate may be outside strict in-domain threshold
CAND_R2_118,DOPT-benzamide-linker,TRAIN_090,DOPT,benzamide_linker,Added benzamide_linker at aromatic atom 25.,peripheral_aromatic,Introduced a benzamide substituent; amide nitrogen is not treated as a normal amine curing site.,benzamide,amide,Additive,C,0.5402298850574713,0.5402298850574713,large structural change from parent; candidate may be outside strict in-domain threshold; exploratory only; excluded from formal screening
CAND_R2_119,DOPT-phenyl,TRAIN_090,DOPT,phenyl,Added phenyl at aromatic atom 25.,peripheral_aromatic,Extended the aromatic linker by one phenyl group.,phenyl,none,Additive,B,0.6025641025641025,0.6025641025641025,large structural change from parent; candidate may be outside strict in-domain threshold
CAND_R2_120,DOPT-biphenyl,TRAIN_090,DOPT,biphenyl,Added biphenyl at aromatic atom 25.,peripheral_aromatic,Extended the rigid aromatic linker to a biphenyl unit.,biphenyl,none,Additive,B,0.5662650602409639,0.5662650602409639,large structural change from parent; candidate may be outside strict in-domain threshold
CAND_R2_121,DOPT-aryl-methyl-to-aldehyde,TRAIN_090,DOPT,aryl_methyl_to_aldehyde,Oxidized one aryl methyl group to an aldehyde. Regioisomer 1.,site_1,Oxidized one aryl methyl group to an aldehyde.,methyl-to-aldehyde,CHO,Additive,B,0.7272727272727273,0.7272727272727273,none
CAND_R2_122,DOPT-aryl-methyl-to-acid,TRAIN_090,DOPT,aryl_methyl_to_acid,Oxidized one aryl methyl group to a carboxylic acid. Regioisomer 1.,site_1,Oxidized one aryl methyl group to a carboxylic acid.,methyl-to-carboxylic-acid,COOH,Additive,B,0.7164179104477612,0.7164179104477612,none
CAND_R2_123,DOPT-NH-methyl,TRAIN_090,DOPT,NH_methyl,"Methylated one free N–H site, reducing curing activity. Regioisomer 1.",NH_site_1,"Methylated one free N–H site, reducing curing activity.",N-methyl,none,Additive,C,0.4805194805194805,0.4805194805194805,large structural change from parent; candidate may be outside strict in-domain threshold; exploratory only; excluded from formal screening
CAND_R2_124,DOPT-NH-hydroxyethyl,TRAIN_090,DOPT,NH_hydroxyethyl,Introduced one hydroxyethyl substituent on an N–H site. Regioisomer 1.,NH_site_1,Introduced one hydroxyethyl substituent on an N–H site.,N-hydroxyethyl,OH,Additive,C,0.44047619047619047,0.44047619047619047,large structural change from parent; candidate may be outside strict in-domain threshold; exploratory only; excluded from formal screening
CAND_R2_125,DOPT-NH-glycidyl,TRAIN_090,DOPT,NH_glycidyl,Introduced one glycidyl substituent on an N–H site. Regioisomer 1.,NH_site_1,Introduced one glycidyl substituent on an N–H site.,N-glycidyl,epoxy,Co-curing,C,0.42045454545454547,0.42045454545454547,large structural change from parent; candidate may be outside strict in-domain threshold; exploratory only; excluded from formal screening
CAND_R2_126,DIB-amino,TRAIN_057,DIB,amino,Added amino at aromatic atom 35.,peripheral_aromatic,Introduced one aryl amino group to add a P–N motif and a potential epoxy co-curing site.,aryl-amino,NH2,Co-curing,B,0.8181818181818182,0.8181818181818182,none
CAND_R2_127,DIB-hydroxy,TRAIN_057,DIB,hydroxy,Added hydroxy at aromatic atom 35.,peripheral_aromatic,Introduced one phenolic hydroxyl group; kept as Additive unless a validated pre-reaction route is available.,aryl-hydroxy,OH,Additive,B,0.8181818181818182,0.8181818181818182,none
CAND_R2_128,DIB-hydroxymethyl,TRAIN_057,DIB,hydroxymethyl,Added hydroxymethyl at aromatic atom 35.,peripheral_aromatic,Introduced one hydroxymethyl group to increase polarity; not automatically treated as an epoxy-reactive group.,aryl-hydroxymethyl,CH2OH,Additive,B,0.7875,0.7875,none
CAND_R2_129,DIB-carboxamide,TRAIN_057,DIB,carboxamide,Added carboxamide at aromatic atom 35.,peripheral_aromatic,"Introduced one primary carboxamide as a polar, hydrogen-bonding substituent.",aryl-carboxamide,amide,Additive,B,0.7682926829268293,0.7682926829268293,none
CAND_R2_130,DIB-boronic-acid,TRAIN_057,DIB,boronic_acid,Added boronic_acid at aromatic atom 35.,peripheral_aromatic,Introduced one aryl boronic acid group to create a P–B candidate.,aryl-boronic-acid,B(OH)2,Additive,B,0.7875,0.7875,none
CAND_R2_131,DIB-pinacol-boronate,TRAIN_057,DIB,pinacol_boronate,Added pinacol_boronate at aromatic atom 35.,peripheral_aromatic,Introduced one pinacol boronate to create a more protected P–B analogue.,aryl-pinacol-boronate,pinacol boronate,Additive,B,0.7,0.7,none
CAND_R2_132,DIB-trimethoxysilyl,TRAIN_057,DIB,trimethoxysilyl,Added trimethoxysilyl at aromatic atom 35.,peripheral_aromatic,Introduced one trialkoxysilane unit; secondary siloxane-network formation requires hydrolysis/condensation conditions.,aryl-trimethoxysilyl,Si(OCH3)3,Additive + Secondary Crosslinking,B,0.75,0.75,none
CAND_R2_133,DIB-triethoxysilyl,TRAIN_057,DIB,triethoxysilyl,Added triethoxysilyl at aromatic atom 35.,peripheral_aromatic,Introduced one triethoxysilane unit as a P–Si candidate.,aryl-triethoxysilyl,Si(OC2H5)3,Additive + Secondary Crosslinking,B,0.7159090909090909,0.7159090909090909,none
CAND_R2_134,DIB-disiloxane,TRAIN_057,DIB,disiloxane,Added disiloxane at aromatic atom 35.,peripheral_aromatic,Introduced a short disiloxane substituent without assuming epoxy-network reactivity.,short-disiloxane,none,Additive,B,0.7325581395348837,0.7325581395348837,none
CAND_R2_135,DIB-glycidyloxy,TRAIN_057,DIB,glycidyloxy,Added glycidyloxy at aromatic atom 35.,peripheral_aromatic,Introduced one glycidyl ether group for co-curing with the epoxy hardener.,aryl-glycidyl-ether,epoxy,Co-curing,B,0.7,0.7,none
CAND_R2_136,DIB-diaminotriazine,TRAIN_057,DIB,diaminotriazine,Added diaminotriazine at aromatic atom 35.,peripheral_aromatic,Introduced one diamino-triazine substituent to add nitrogen and potential co-curing sites.,"diamino-1,3,5-triazine",NH2,Co-curing,B,0.7078651685393258,0.7078651685393258,none
CAND_R2_137,DIB-piperazine,TRAIN_057,DIB,piperazine,Added piperazine at aromatic atom 35.,peripheral_aromatic,Introduced a monosubstituted piperazine unit retaining one secondary N–H site.,piperazine,NH,Co-curing,B,0.6923076923076923,0.6923076923076923,candidate may be outside strict in-domain threshold
CAND_R2_138,DIB-benzamide-linker,TRAIN_057,DIB,benzamide_linker,Added benzamide_linker at aromatic atom 35.,peripheral_aromatic,Introduced a benzamide substituent; amide nitrogen is not treated as a normal amine curing site.,benzamide,amide,Additive,B,0.6774193548387096,0.6774193548387096,candidate may be outside strict in-domain threshold
CAND_R2_139,DIB-phenyl,TRAIN_057,DIB,phenyl,Added phenyl at aromatic atom 35.,peripheral_aromatic,Extended the aromatic linker by one phenyl group.,phenyl,none,Additive,B,0.75,0.75,none
CAND_R2_140,DIB-biphenyl,TRAIN_057,DIB,biphenyl,Added biphenyl at aromatic atom 35.,peripheral_aromatic,Extended the rigid aromatic linker to a biphenyl unit.,biphenyl,none,Additive,B,0.7078651685393258,0.7078651685393258,none
CAND_R2_141,DIB-NH-methyl,TRAIN_057,DIB,NH_methyl,"Methylated one free N–H site, reducing curing activity. Regioisomer 1.",NH_site_1,"Methylated one free N–H site, reducing curing activity.",N-methyl,none,Additive,B,0.7380952380952381,0.7380952380952381,none
CAND_R2_142,DIB-NH-hydroxyethyl,TRAIN_057,DIB,NH_hydroxyethyl,Introduced one hydroxyethyl substituent on an N–H site. Regioisomer 1.,NH_site_1,Introduced one hydroxyethyl substituent on an N–H site.,N-hydroxyethyl,OH,Additive,B,0.6966292134831461,0.6966292134831461,candidate may be outside strict in-domain threshold
CAND_R2_143,DIB-NH-glycidyl,TRAIN_057,DIB,NH_glycidyl,Introduced one glycidyl substituent on an N–H site. Regioisomer 1.,NH_site_1,Introduced one glycidyl substituent on an N–H site.,N-glycidyl,epoxy,Co-curing,B,0.6666666666666666,0.6666666666666666,candidate may be outside strict in-domain threshold
CAND_R2_144,DTB-amino,TRAIN_018,DTB,amino,Added amino at aromatic atom 31.,DOPO_core_aromatic,Introduced one aryl amino group to add a P–N motif and a potential epoxy co-curing site.,aryl-amino,NH2,Co-curing,B,0.7684210526315789,0.7684210526315789,DOPO-core substitution route needs confirmation
CAND_R2_145,DTB-hydroxy,TRAIN_018,DTB,hydroxy,Added hydroxy at aromatic atom 31.,DOPO_core_aromatic,Introduced one phenolic hydroxyl group; kept as Additive unless a validated pre-reaction route is available.,aryl-hydroxy,OH,Additive,B,0.7684210526315789,0.7684210526315789,DOPO-core substitution route needs confirmation
CAND_R2_146,DTB-hydroxymethyl,TRAIN_018,DTB,hydroxymethyl,Added hydroxymethyl at aromatic atom 31.,DOPO_core_aromatic,Introduced one hydroxymethyl group to increase polarity; not automatically treated as an epoxy-reactive group.,aryl-hydroxymethyl,CH2OH,Additive,B,0.7604166666666666,0.7604166666666666,DOPO-core substitution route needs confirmation
CAND_R2_147,DTB-carboxamide,TRAIN_018,DTB,carboxamide,Added carboxamide at aromatic atom 31.,DOPO_core_aromatic,"Introduced one primary carboxamide as a polar, hydrogen-bonding substituent.",aryl-carboxamide,amide,Additive,B,0.7373737373737373,0.7373737373737373,DOPO-core substitution route needs confirmation
CAND_R2_148,DTB-boronic-acid,TRAIN_018,DTB,boronic_acid,Added boronic_acid at aromatic atom 31.,DOPO_core_aromatic,Introduced one aryl boronic acid group to create a P–B candidate.,aryl-boronic-acid,B(OH)2,Additive,B,0.776595744680851,0.776595744680851,DOPO-core substitution route needs confirmation
CAND_R2_149,DTB-pinacol-boronate,TRAIN_018,DTB,pinacol_boronate,Added pinacol_boronate at aromatic atom 31.,DOPO_core_aromatic,Introduced one pinacol boronate to create a more protected P–B analogue.,aryl-pinacol-boronate,pinacol boronate,Additive,B,0.6886792452830188,0.6886792452830188,DOPO-core substitution route needs confirmation; candidate may be outside strict in-domain threshold
CAND_R2_150,DTB-trimethoxysilyl,TRAIN_018,DTB,trimethoxysilyl,Added trimethoxysilyl at aromatic atom 31.,DOPO_core_aromatic,Introduced one trialkoxysilane unit; secondary siloxane-network formation requires hydrolysis/condensation conditions.,aryl-trimethoxysilyl,Si(OCH3)3,Additive + Secondary Crosslinking,B,0.7448979591836735,0.7448979591836735,DOPO-core substitution route needs confirmation
CAND_R2_151,DTB-triethoxysilyl,TRAIN_018,DTB,triethoxysilyl,Added triethoxysilyl at aromatic atom 31.,DOPO_core_aromatic,Introduced one triethoxysilane unit as a P–Si candidate.,aryl-triethoxysilyl,Si(OC2H5)3,Additive + Secondary Crosslinking,B,0.7156862745098039,0.7156862745098039,DOPO-core substitution route needs confirmation
CAND_R2_152,DTB-disiloxane,TRAIN_018,DTB,disiloxane,Added disiloxane at aromatic atom 31.,DOPO_core_aromatic,Introduced a short disiloxane substituent without assuming epoxy-network reactivity.,short-disiloxane,none,Additive,B,0.7156862745098039,0.7156862745098039,DOPO-core substitution route needs confirmation
CAND_R2_153,DTB-diaminotriazine,TRAIN_018,DTB,diaminotriazine,Added diaminotriazine at aromatic atom 31.,DOPO_core_aromatic,Introduced one diamino-triazine substituent to add nitrogen and potential co-curing sites.,"diamino-1,3,5-triazine",NH2,Co-curing,B,0.6822429906542056,0.6822429906542056,DOPO-core substitution route needs confirmation; candidate may be outside strict in-domain threshold
CAND_R2_154,DTB-piperazine,TRAIN_018,DTB,piperazine,Added piperazine at aromatic atom 31.,DOPO_core_aromatic,Introduced a monosubstituted piperazine unit retaining one secondary N–H site.,piperazine,NH,Co-curing,B,0.6886792452830188,0.6886792452830188,DOPO-core substitution route needs confirmation; candidate may be outside strict in-domain threshold
CAND_R2_155,DTB-benzamide-linker,TRAIN_018,DTB,benzamide_linker,Added benzamide_linker at aromatic atom 31.,DOPO_core_aromatic,Introduced a benzamide substituent; amide nitrogen is not treated as a normal amine curing site.,benzamide,amide,Additive,B,0.6636363636363637,0.6636363636363637,DOPO-core substitution route needs confirmation; candidate may be outside strict in-domain threshold
CAND_R2_156,DTB-phenyl,TRAIN_018,DTB,phenyl,Added phenyl at aromatic atom 31.,DOPO_core_aromatic,Extended the aromatic linker by one phenyl group.,phenyl,none,Additive,B,0.7227722772277227,0.7227722772277227,DOPO-core substitution route needs confirmation
CAND_R2_157,DTB-biphenyl,TRAIN_018,DTB,biphenyl,Added biphenyl at aromatic atom 31.,DOPO_core_aromatic,Extended the rigid aromatic linker to a biphenyl unit.,biphenyl,none,Additive,B,0.7087378640776699,0.7087378640776699,DOPO-core substitution route needs confirmation
CAND_R2_158,DTB-OH-glycidyl,TRAIN_018,DTB,OH_glycidyl,Converted one OH group to a glycidyl ether. Regioisomer 1.,OH_site_1,Converted one OH group to a glycidyl ether.,OH-to-glycidyl-ether,epoxy,Co-curing,B,0.77,0.77,none
CAND_R2_159,DTB-OH-glycidyl-2,TRAIN_018,DTB,OH_glycidyl,Converted one OH group to a glycidyl ether. Regioisomer 2.,OH_site_2,Converted one OH group to a glycidyl ether.,OH-to-glycidyl-ether,epoxy,Co-curing,B,0.74,0.74,none
CAND_R2_160,DTB-OH-glycidyl-3,TRAIN_018,DTB,OH_glycidyl,Converted one OH group to a glycidyl ether. Regioisomer 3.,OH_site_3,Converted one OH group to a glycidyl ether.,OH-to-glycidyl-ether,epoxy,Co-curing,B,0.7254901960784313,0.7254901960784313,none
CAND_R2_161,DTB-OH-glycidyl-all,TRAIN_018,DTB,OH_glycidyl_all,Converted one OH group to a glycidyl ether. Converted all OH groups.,all_OH,Converted one OH group to a glycidyl ether. All OH sites were changed.,OH-to-glycidyl-ether-all,epoxy,Co-curing,B,0.5675675675675675,0.5675675675675675,large structural change from parent; candidate may be outside strict in-domain threshold
CAND_R2_162,DTB-OH-methyl,TRAIN_018,DTB,OH_methyl,Converted one OH group to a methyl ether. Regioisomer 1.,OH_site_1,Converted one OH group to a methyl ether.,OH-to-methyl-ether,none,Additive,B,0.8651685393258427,0.8651685393258427,none
CAND_R2_163,DTB-OH-methyl-2,TRAIN_018,DTB,OH_methyl,Converted one OH group to a methyl ether. Regioisomer 2.,OH_site_2,Converted one OH group to a methyl ether.,OH-to-methyl-ether,none,Additive,B,0.8131868131868132,0.8131868131868132,none
CAND_R2_164,DTB-OH-methyl-3,TRAIN_018,DTB,OH_methyl,Converted one OH group to a methyl ether. Regioisomer 3.,OH_site_3,Converted one OH group to a methyl ether.,OH-to-methyl-ether,none,Additive,B,0.8131868131868132,0.8131868131868132,none
CAND_R2_165,DTB-OH-methyl-all,TRAIN_018,DTB,OH_methyl_all,Converted one OH group to a methyl ether. Converted all OH groups.,all_OH,Converted one OH group to a methyl ether. All OH sites were changed.,OH-to-methyl-ether-all,none,Additive,B,0.6138613861386139,0.6138613861386139,large structural change from parent; candidate may be outside strict in-domain threshold
CAND_R2_166,DTB-OH-acetyl,TRAIN_018,DTB,OH_acetyl,Converted one OH group to an acetate. Regioisomer 1.,OH_site_1,Converted one OH group to an acetate.,OH-to-acetate,none,Additive,B,0.8191489361702128,0.8191489361702128,none
CAND_R2_167,DTB-OH-acetyl-2,TRAIN_018,DTB,OH_acetyl,Converted one OH group to an acetate. Regioisomer 2.,OH_site_2,Converted one OH group to an acetate.,OH-to-acetate,none,Additive,B,0.7708333333333334,0.7708333333333334,none
CAND_R2_168,DTB-OH-acetyl-3,TRAIN_018,DTB,OH_acetyl,Converted one OH group to an acetate. Regioisomer 3.,OH_site_3,Converted one OH group to an acetate.,OH-to-acetate,none,Additive,B,0.7708333333333334,0.7708333333333334,none
CAND_R2_169,DTB-OH-acetyl-all,TRAIN_018,DTB,OH_acetyl_all,Converted one OH group to an acetate. Converted all OH groups.,all_OH,Converted one OH group to an acetate. All OH sites were changed.,OH-to-acetate-all,none,Additive,B,0.5740740740740741,0.5740740740740741,large structural change from parent; candidate may be outside strict in-domain threshold
CAND_R2_170,DTB-OH-allyl,TRAIN_018,DTB,OH_allyl,Converted one OH group to an allyl ether; no EP reactivity is assumed. Regioisomer 1.,OH_site_1,Converted one OH group to an allyl ether; no EP reactivity is assumed.,OH-to-allyl-ether,allyl,Additive,B,0.7857142857142857,0.7857142857142857,none
CAND_R2_171,DTB-OH-allyl-2,TRAIN_018,DTB,OH_allyl,Converted one OH group to an allyl ether; no EP reactivity is assumed. Regioisomer 2.,OH_site_2,Converted one OH group to an allyl ether; no EP reactivity is assumed.,OH-to-allyl-ether,allyl,Additive,B,0.7474747474747475,0.7474747474747475,none
CAND_R2_172,DTB-OH-allyl-3,TRAIN_018,DTB,OH_allyl,Converted one OH group to an allyl ether; no EP reactivity is assumed. Regioisomer 3.,OH_site_3,Converted one OH group to an allyl ether; no EP reactivity is assumed.,OH-to-allyl-ether,allyl,Additive,B,0.74,0.74,none
CAND_R2_173,DTB-OH-allyl-all,TRAIN_018,DTB,OH_allyl_all,Converted one OH group to an allyl ether; no EP reactivity is assumed. Converted all OH groups.,all_OH,Converted one OH group to an allyl ether; no EP reactivity is assumed. All OH sites were changed.,OH-to-allyl-ether-all,allyl,Additive,B,0.5675675675675675,0.5675675675675675,large structural change from parent; candidate may be outside strict in-domain threshold
CAND_R2_174,DSD-amino,TRAIN_077,DSD,amino,Added amino at aromatic atom 46.,peripheral_aromatic,Introduced one aryl amino group to add a P–N motif and a potential epoxy co-curing site.,aryl-amino,NH2,Co-curing,B,0.8333333333333334,0.8333333333333334,none
CAND_R2_175,DSD-hydroxy,TRAIN_077,DSD,hydroxy,Added hydroxy at aromatic atom 46.,peripheral_aromatic,Introduced one phenolic hydroxyl group; kept as Additive unless a validated pre-reaction route is available.,aryl-hydroxy,OH,Additive,B,0.8536585365853658,0.8536585365853658,none
CAND_R2_176,DSD-hydroxymethyl,TRAIN_077,DSD,hydroxymethyl,Added hydroxymethyl at aromatic atom 46.,peripheral_aromatic,Introduced one hydroxymethyl group to increase polarity; not automatically treated as an epoxy-reactive group.,aryl-hydroxymethyl,CH2OH,Additive,B,0.813953488372093,0.813953488372093,none
CAND_R2_177,DSD-carboxamide,TRAIN_077,DSD,carboxamide,Added carboxamide at aromatic atom 46.,peripheral_aromatic,"Introduced one primary carboxamide as a polar, hydrogen-bonding substituent.",aryl-carboxamide,amide,Additive,B,0.8045977011494253,0.8045977011494253,none
CAND_R2_178,DSD-boronic-acid,TRAIN_077,DSD,boronic_acid,Added boronic_acid at aromatic atom 46.,peripheral_aromatic,Introduced one aryl boronic acid group to create a P–B candidate.,aryl-boronic-acid,B(OH)2,Additive,B,0.813953488372093,0.813953488372093,none
CAND_R2_179,DSD-pinacol-boronate,TRAIN_077,DSD,pinacol_boronate,Added pinacol_boronate at aromatic atom 46.,peripheral_aromatic,Introduced one pinacol boronate to create a more protected P–B analogue.,aryl-pinacol-boronate,pinacol boronate,Additive,B,0.7368421052631579,0.7368421052631579,none
CAND_R2_180,DSD-trimethoxysilyl,TRAIN_077,DSD,trimethoxysilyl,Added trimethoxysilyl at aromatic atom 46.,peripheral_aromatic,Introduced one trialkoxysilane unit; secondary siloxane-network formation requires hydrolysis/condensation conditions.,aryl-trimethoxysilyl,Si(OCH3)3,Additive + Secondary Crosslinking,B,0.7692307692307693,0.7692307692307693,none
CAND_R2_181,DSD-triethoxysilyl,TRAIN_077,DSD,triethoxysilyl,Added triethoxysilyl at aromatic atom 46.,peripheral_aromatic,Introduced one triethoxysilane unit as a P–Si candidate.,aryl-triethoxysilyl,Si(OC2H5)3,Additive + Secondary Crosslinking,B,0.7368421052631579,0.7368421052631579,none
CAND_R2_182,DSD-disiloxane,TRAIN_077,DSD,disiloxane,Added disiloxane at aromatic atom 46.,peripheral_aromatic,Introduced a short disiloxane substituent without assuming epoxy-network reactivity.,short-disiloxane,none,Additive,B,0.7526881720430108,0.7526881720430108,none
CAND_R2_183,DSD-glycidyloxy,TRAIN_077,DSD,glycidyloxy,Added glycidyloxy at aromatic atom 46.,peripheral_aromatic,Introduced one glycidyl ether group for co-curing with the epoxy hardener.,aryl-glycidyl-ether,epoxy,Co-curing,B,0.7291666666666666,0.7291666666666666,none
CAND_R2_184,DSD-diaminotriazine,TRAIN_077,DSD,diaminotriazine,Added diaminotriazine at aromatic atom 46.,peripheral_aromatic,Introduced one diamino-triazine substituent to add nitrogen and potential co-curing sites.,"diamino-1,3,5-triazine",NH2,Co-curing,B,0.7291666666666666,0.7291666666666666,none
CAND_R2_185,DSD-piperazine,TRAIN_077,DSD,piperazine,Added piperazine at aromatic atom 46.,peripheral_aromatic,Introduced a monosubstituted piperazine unit retaining one secondary N–H site.,piperazine,NH,Co-curing,B,0.7291666666666666,0.7291666666666666,none
CAND_R2_186,DSD-benzamide-linker,TRAIN_077,DSD,benzamide_linker,Added benzamide_linker at aromatic atom 46.,peripheral_aromatic,Introduced a benzamide substituent; amide nitrogen is not treated as a normal amine curing site.,benzamide,amide,Additive,B,0.7368421052631579,0.7368421052631579,none
CAND_R2_187,DSD-phenyl,TRAIN_077,DSD,phenyl,Added phenyl at aromatic atom 46.,peripheral_aromatic,Extended the aromatic linker by one phenyl group.,phenyl,none,Additive,B,0.7865168539325843,0.7865168539325843,none
CAND_R2_188,DSD-biphenyl,TRAIN_077,DSD,biphenyl,Added biphenyl at aromatic atom 46.,peripheral_aromatic,Extended the rigid aromatic linker to a biphenyl unit.,biphenyl,none,Additive,B,0.7608695652173914,0.7608695652173914,none
CAND_R2_189,DSD-OH-glycidyl-all,TRAIN_077,DSD,OH_glycidyl_all,Converted one OH group to a glycidyl ether. Converted all OH groups.,all_OH,Converted one OH group to a glycidyl ether. All OH sites were changed.,OH-to-glycidyl-ether-all,epoxy,Co-curing,B,0.6421052631578947,0.6421052631578947,large structural change from parent; candidate may be outside strict in-domain threshold
CAND_R2_190,DSD-OH-methyl,TRAIN_077,DSD,OH_methyl,Converted one OH group to a methyl ether. Regioisomer 1.,OH_site_1,Converted one OH group to a methyl ether.,OH-to-methyl-ether,none,Additive,B,0.8433734939759037,0.8433734939759037,none
CAND_R2_191,DSD-OH-methyl-all,TRAIN_077,DSD,OH_methyl_all,Converted one OH group to a methyl ether. Converted all OH groups.,all_OH,Converted one OH group to a methyl ether. All OH sites were changed.,OH-to-methyl-ether-all,none,Additive,B,0.7349397590361446,0.7349397590361446,none
CAND_R2_192,DSD-OH-acetyl,TRAIN_077,DSD,OH_acetyl,Converted one OH group to an acetate. Regioisomer 1.,OH_site_1,Converted one OH group to an acetate.,OH-to-acetate,none,Additive,B,0.7954545454545454,0.7954545454545454,none
CAND_R2_193,DSD-OH-acetyl-all,TRAIN_077,DSD,OH_acetyl_all,Converted one OH group to an acetate. Converted all OH groups.,all_OH,Converted one OH group to an acetate. All OH sites were changed.,OH-to-acetate-all,none,Additive,B,0.7045454545454546,0.7045454545454546,none
CAND_R2_194,DSD-OH-allyl,TRAIN_077,DSD,OH_allyl,Converted one OH group to an allyl ether; no EP reactivity is assumed. Regioisomer 1.,OH_site_1,Converted one OH group to an allyl ether; no EP reactivity is assumed.,OH-to-allyl-ether,allyl,Additive,B,0.7526881720430108,0.7526881720430108,none
CAND_R2_195,DSD-OH-allyl-all,TRAIN_077,DSD,OH_allyl_all,Converted one OH group to an allyl ether; no EP reactivity is assumed. Converted all OH groups.,all_OH,Converted one OH group to an allyl ether; no EP reactivity is assumed. All OH sites were changed.,OH-to-allyl-ether-all,allyl,Additive,B,0.6559139784946236,0.6559139784946236,candidate may be outside strict in-domain threshold
CAND_R2_196,DSD-NH-methyl,TRAIN_077,DSD,NH_methyl,"Methylated one free N–H site, reducing curing activity. Regioisomer 1.",NH_site_1,"Methylated one free N–H site, reducing curing activity.",N-methyl,none,Additive,B,0.7608695652173914,0.7608695652173914,none
CAND_R2_197,DSD-NH-methyl-all,TRAIN_077,DSD,NH_methyl_all,"Methylated one free N–H site, reducing curing activity. Converted all N–H sites.",all_NH,"Methylated one free N–H site, reducing curing activity. All free N–H sites were changed.",N-methyl-all,none,Additive,B,0.5652173913043478,0.5652173913043478,large structural change from parent; candidate may be outside strict in-domain threshold
CAND_R2_198,DSD-NH-hydroxyethyl,TRAIN_077,DSD,NH_hydroxyethyl,Introduced one hydroxyethyl substituent on an N–H site. Regioisomer 1.,NH_site_1,Introduced one hydroxyethyl substituent on an N–H site.,N-hydroxyethyl,OH,Additive,B,0.7216494845360825,0.7216494845360825,none
CAND_R2_199,DSD-NH-hydroxyethyl-all,TRAIN_077,DSD,NH_hydroxyethyl_all,Introduced one hydroxyethyl substituent on an N–H site. Converted all N–H sites.,all_NH,Introduced one hydroxyethyl substituent on an N–H site. All free N–H sites were changed.,N-hydroxyethyl-all,OH,Additive,C,0.5360824742268041,0.5360824742268041,large structural change from parent; candidate may be outside strict in-domain threshold; exploratory only; excluded from formal screening
CAND_R2_200,DSD-NH-glycidyl,TRAIN_077,DSD,NH_glycidyl,Introduced one glycidyl substituent on an N–H site. Regioisomer 1.,NH_site_1,Introduced one glycidyl substituent on an N–H site.,N-glycidyl,epoxy,Co-curing,B,0.693069306930693,0.693069306930693,candidate may be outside strict in-domain threshold
CAND_R2_201,DSD-NH-glycidyl-all,TRAIN_077,DSD,NH_glycidyl_all,Introduced one glycidyl substituent on an N–H site. Converted all N–H sites.,all_NH,Introduced one glycidyl substituent on an N–H site. All free N–H sites were changed.,N-glycidyl-all,epoxy,Co-curing,C,0.5247524752475248,0.5247524752475248,large structural change from parent; candidate may be outside strict in-domain threshold; exploratory only; excluded from formal screening
CAND_R2_202,DOPO-PPO-amino,TRAIN_080,DOPO-PPO,amino,Added amino at aromatic atom 53.,peripheral_aromatic,Introduced one aryl amino group to add a P–N motif and a potential epoxy co-curing site.,aryl-amino,NH2,Co-curing,B,0.7974683544303798,0.7974683544303798,none
CAND_R2_203,DOPO-PPO-hydroxy,TRAIN_080,DOPO-PPO,hydroxy,Added hydroxy at aromatic atom 53.,peripheral_aromatic,Introduced one phenolic hydroxyl group; kept as Additive unless a validated pre-reaction route is available.,aryl-hydroxy,OH,Additive,B,0.8076923076923077,0.8076923076923077,none
CAND_R2_204,DOPO-PPO-hydroxymethyl,TRAIN_080,DOPO-PPO,hydroxymethyl,Added hydroxymethyl at aromatic atom 53.,peripheral_aromatic,Introduced one hydroxymethyl group to increase polarity; not automatically treated as an epoxy-reactive group.,aryl-hydroxymethyl,CH2OH,Additive,B,0.7777777777777778,0.7777777777777778,none
CAND_R2_205,DOPO-PPO-carboxamide,TRAIN_080,DOPO-PPO,carboxamide,Added carboxamide at aromatic atom 53.,peripheral_aromatic,"Introduced one primary carboxamide as a polar, hydrogen-bonding substituent.",aryl-carboxamide,amide,Additive,B,0.7682926829268293,0.7682926829268293,none
CAND_R2_206,DOPO-PPO-boronic-acid,TRAIN_080,DOPO-PPO,boronic_acid,Added boronic_acid at aromatic atom 53.,peripheral_aromatic,Introduced one aryl boronic acid group to create a P–B candidate.,aryl-boronic-acid,B(OH)2,Additive,B,0.7777777777777778,0.7777777777777778,none
CAND_R2_207,DOPO-PPO-pinacol-boronate,TRAIN_080,DOPO-PPO,pinacol_boronate,Added pinacol_boronate at aromatic atom 53.,peripheral_aromatic,Introduced one pinacol boronate to create a more protected P–B analogue.,aryl-pinacol-boronate,pinacol boronate,Additive,B,0.7,0.7,none
CAND_R2_208,DOPO-PPO-trimethoxysilyl,TRAIN_080,DOPO-PPO,trimethoxysilyl,Added trimethoxysilyl at aromatic atom 53.,peripheral_aromatic,Introduced one trialkoxysilane unit; secondary siloxane-network formation requires hydrolysis/condensation conditions.,aryl-trimethoxysilyl,Si(OCH3)3,Additive + Secondary Crosslinking,B,0.7411764705882353,0.7411764705882353,none
CAND_R2_209,DOPO-PPO-triethoxysilyl,TRAIN_080,DOPO-PPO,triethoxysilyl,Added triethoxysilyl at aromatic atom 53.,peripheral_aromatic,Introduced one triethoxysilane unit as a P–Si candidate.,aryl-triethoxysilyl,Si(OC2H5)3,Additive + Secondary Crosslinking,B,0.7078651685393258,0.7078651685393258,none
CAND_R2_210,DOPO-PPO-disiloxane,TRAIN_080,DOPO-PPO,disiloxane,Added disiloxane at aromatic atom 53.,peripheral_aromatic,Introduced a short disiloxane substituent without assuming epoxy-network reactivity.,short-disiloxane,none,Additive,B,0.7241379310344828,0.7241379310344828,none
CAND_R2_211,DOPO-PPO-glycidyloxy,TRAIN_080,DOPO-PPO,glycidyloxy,Added glycidyloxy at aromatic atom 53.,peripheral_aromatic,Introduced one glycidyl ether group for co-curing with the epoxy hardener.,aryl-glycidyl-ether,epoxy,Co-curing,B,0.7159090909090909,0.7159090909090909,none
CAND_R2_212,DOPO-PPO-diaminotriazine,TRAIN_080,DOPO-PPO,diaminotriazine,Added diaminotriazine at aromatic atom 53.,peripheral_aromatic,Introduced one diamino-triazine substituent to add nitrogen and potential co-curing sites.,"diamino-1,3,5-triazine",NH2,Co-curing,B,0.6923076923076923,0.6923076923076923,candidate may be outside strict in-domain threshold
CAND_R2_213,DOPO-PPO-piperazine,TRAIN_080,DOPO-PPO,piperazine,Added piperazine at aromatic atom 53.,peripheral_aromatic,Introduced a monosubstituted piperazine unit retaining one secondary N–H site.,piperazine,NH,Co-curing,B,0.6847826086956522,0.6847826086956522,candidate may be outside strict in-domain threshold
CAND_R2_214,DOPO-PPO-benzamide-linker,TRAIN_080,DOPO-PPO,benzamide_linker,Added benzamide_linker at aromatic atom 53.,peripheral_aromatic,Introduced a benzamide substituent; amide nitrogen is not treated as a normal amine curing site.,benzamide,amide,Additive,B,0.7415730337078652,0.7415730337078652,none
CAND_R2_215,DOPO-PPO-phenyl,TRAIN_080,DOPO-PPO,phenyl,Added phenyl at aromatic atom 53.,peripheral_aromatic,Extended the aromatic linker by one phenyl group.,phenyl,none,Additive,B,0.8024691358024691,0.8024691358024691,none
CAND_R2_216,DOPO-PPO-biphenyl,TRAIN_080,DOPO-PPO,biphenyl,Added biphenyl at aromatic atom 53.,peripheral_aromatic,Extended the rigid aromatic linker to a biphenyl unit.,biphenyl,none,Additive,B,0.7926829268292683,0.7926829268292683,none
CAND_R2_217,DOPO-PPO-OH-glycidyl-all,TRAIN_080,DOPO-PPO,OH_glycidyl_all,Converted one OH group to a glycidyl ether. Converted all OH groups.,all_OH,Converted one OH group to a glycidyl ether. All OH sites were changed.,OH-to-glycidyl-ether-all,epoxy,Co-curing,B,0.6195652173913043,0.6195652173913043,large structural change from parent; candidate may be outside strict in-domain threshold
CAND_R2_218,DOPO-PPO-OH-methyl,TRAIN_080,DOPO-PPO,OH_methyl,Converted one OH group to a methyl ether. Regioisomer 1.,OH_site_1,Converted one OH group to a methyl ether.,OH-to-methyl-ether,none,Additive,B,0.8414634146341463,0.8414634146341463,none
CAND_R2_219,DOPO-PPO-OH-methyl-all,TRAIN_080,DOPO-PPO,OH_methyl_all,Converted one OH group to a methyl ether. Converted all OH groups.,all_OH,Converted one OH group to a methyl ether. All OH sites were changed.,OH-to-methyl-ether-all,none,Additive,B,0.6951219512195121,0.6951219512195121,candidate may be outside strict in-domain threshold
CAND_R2_220,DOPO-PPO-OH-acetyl,TRAIN_080,DOPO-PPO,OH_acetyl,Converted one OH group to an acetate. Regioisomer 1.,OH_site_1,Converted one OH group to an acetate.,OH-to-acetate,none,Additive,B,0.8117647058823529,0.8117647058823529,none
CAND_R2_221,DOPO-PPO-OH-acetyl-all,TRAIN_080,DOPO-PPO,OH_acetyl_all,Converted one OH group to an acetate. Converted all OH groups.,all_OH,Converted one OH group to an acetate. All OH sites were changed.,OH-to-acetate-all,none,Additive,B,0.6941176470588235,0.6941176470588235,candidate may be outside strict in-domain threshold
CAND_R2_222,DOPO-PPO-OH-allyl,TRAIN_080,DOPO-PPO,OH_allyl,Converted one OH group to an allyl ether; no EP reactivity is assumed. Regioisomer 1.,OH_site_1,Converted one OH group to an allyl ether; no EP reactivity is assumed.,OH-to-allyl-ether,allyl,Additive,B,0.7582417582417582,0.7582417582417582,none
CAND_R2_223,DOPO-PPO-OH-allyl-all,TRAIN_080,DOPO-PPO,OH_allyl_all,Converted one OH group to an allyl ether; no EP reactivity is assumed. Converted all OH groups.,all_OH,Converted one OH group to an allyl ether; no EP reactivity is assumed. All OH sites were changed.,OH-to-allyl-ether-all,allyl,Additive,B,0.6263736263736264,0.6263736263736264,large structural change from parent; candidate may be outside strict in-domain threshold
CAND_R2_224,PAD-amino,TRAIN_055,PAD,amino,Added amino at aromatic atom 47.,peripheral_aromatic,Introduced one aryl amino group to add a P–N motif and a potential epoxy co-curing site.,aryl-amino,NH2,Co-curing,B,0.8490566037735849,0.8490566037735849,none
CAND_R2_225,PAD-hydroxy,TRAIN_055,PAD,hydroxy,Added hydroxy at aromatic atom 47.,peripheral_aromatic,Introduced one phenolic hydroxyl group; kept as Additive unless a validated pre-reaction route is available.,aryl-hydroxy,OH,Additive,B,0.8571428571428571,0.8571428571428571,none
CAND_R2_226,PAD-hydroxymethyl,TRAIN_055,PAD,hydroxymethyl,Added hydroxymethyl at aromatic atom 47.,peripheral_aromatic,Introduced one hydroxymethyl group to increase polarity; not automatically treated as an epoxy-reactive group.,aryl-hydroxymethyl,CH2OH,Additive,B,0.8333333333333334,0.8333333333333334,none
CAND_R2_227,PAD-carboxamide,TRAIN_055,PAD,carboxamide,Added carboxamide at aromatic atom 47.,peripheral_aromatic,"Introduced one primary carboxamide as a polar, hydrogen-bonding substituent.",aryl-carboxamide,amide,Additive,B,0.8181818181818182,0.8181818181818182,none
CAND_R2_228,PAD-boronic-acid,TRAIN_055,PAD,boronic_acid,Added boronic_acid at aromatic atom 47.,peripheral_aromatic,Introduced one aryl boronic acid group to create a P–B candidate.,aryl-boronic-acid,B(OH)2,Additive,B,0.8256880733944955,0.8256880733944955,none
CAND_R2_229,PAD-pinacol-boronate,TRAIN_055,PAD,pinacol_boronate,Added pinacol_boronate at aromatic atom 47.,peripheral_aromatic,Introduced one pinacol boronate to create a more protected P–B analogue.,aryl-pinacol-boronate,pinacol boronate,Additive,B,0.7692307692307693,0.7692307692307693,none
CAND_R2_230,PAD-trimethoxysilyl,TRAIN_055,PAD,trimethoxysilyl,Added trimethoxysilyl at aromatic atom 47.,peripheral_aromatic,Introduced one trialkoxysilane unit; secondary siloxane-network formation requires hydrolysis/condensation conditions.,aryl-trimethoxysilyl,Si(OCH3)3,Additive + Secondary Crosslinking,B,0.8108108108108109,0.8108108108108109,none
CAND_R2_231,PAD-triethoxysilyl,TRAIN_055,PAD,triethoxysilyl,Added triethoxysilyl at aromatic atom 47.,peripheral_aromatic,Introduced one triethoxysilane unit as a P–Si candidate.,aryl-triethoxysilyl,Si(OC2H5)3,Additive + Secondary Crosslinking,B,0.7894736842105263,0.7894736842105263,high molecular weight
CAND_R2_232,PAD-disiloxane,TRAIN_055,PAD,disiloxane,Added disiloxane at aromatic atom 47.,peripheral_aromatic,Introduced a short disiloxane substituent without assuming epoxy-network reactivity.,short-disiloxane,none,Additive,B,0.7964601769911505,0.7964601769911505,high molecular weight
CAND_R2_233,PAD-glycidyloxy,TRAIN_055,PAD,glycidyloxy,Added glycidyloxy at aromatic atom 47.,peripheral_aromatic,Introduced one glycidyl ether group for co-curing with the epoxy hardener.,aryl-glycidyl-ether,epoxy,Co-curing,B,0.7758620689655172,0.7758620689655172,none
CAND_R2_234,PAD-diaminotriazine,TRAIN_055,PAD,diaminotriazine,Added diaminotriazine at aromatic atom 47.,peripheral_aromatic,Introduced one diamino-triazine substituent to add nitrogen and potential co-curing sites.,"diamino-1,3,5-triazine",NH2,Co-curing,B,0.782608695652174,0.782608695652174,none
CAND_R2_235,PAD-piperazine,TRAIN_055,PAD,piperazine,Added piperazine at aromatic atom 47.,peripheral_aromatic,Introduced a monosubstituted piperazine unit retaining one secondary N–H site.,piperazine,NH,Co-curing,B,0.7627118644067796,0.7627118644067796,none
CAND_R2_236,PAD-benzamide-linker,TRAIN_055,PAD,benzamide_linker,Added benzamide_linker at aromatic atom 47.,peripheral_aromatic,Introduced a benzamide substituent; amide nitrogen is not treated as a normal amine curing site.,benzamide,amide,Additive,B,0.7758620689655172,0.7758620689655172,none
CAND_R2_237,PAD-phenyl,TRAIN_055,PAD,phenyl,Added phenyl at aromatic atom 47.,peripheral_aromatic,Extended the aromatic linker by one phenyl group.,phenyl,none,Additive,B,0.8256880733944955,0.8256880733944955,none
CAND_R2_238,PAD-biphenyl,TRAIN_055,PAD,biphenyl,Added biphenyl at aromatic atom 47.,peripheral_aromatic,Extended the rigid aromatic linker to a biphenyl unit.,biphenyl,none,Additive,B,0.8035714285714286,0.8035714285714286,high molecular weight
CAND_R2_239,PAD-NH-methyl,TRAIN_055,PAD,NH_methyl,"Methylated one free N–H site, reducing curing activity. Regioisomer 1.",NH_site_1,"Methylated one free N–H site, reducing curing activity.",N-methyl,none,Additive,B,0.7964601769911505,0.7964601769911505,none
CAND_R2_240,PAD-NH-methyl-all,TRAIN_055,PAD,NH_methyl_all,"Methylated one free N–H site, reducing curing activity. Converted all N–H sites.",all_NH,"Methylated one free N–H site, reducing curing activity. All free N–H sites were changed.",N-methyl-all,none,Additive,B,0.6283185840707964,0.6283185840707964,large structural change from parent; candidate may be outside strict in-domain threshold
CAND_R2_241,PAD-NH-hydroxyethyl,TRAIN_055,PAD,NH_hydroxyethyl,Introduced one hydroxyethyl substituent on an N–H site. Regioisomer 1.,NH_site_1,Introduced one hydroxyethyl substituent on an N–H site.,N-hydroxyethyl,OH,Additive,B,0.7627118644067796,0.7627118644067796,none
CAND_R2_242,PAD-NH-hydroxyethyl-all,TRAIN_055,PAD,NH_hydroxyethyl_all,Introduced one hydroxyethyl substituent on an N–H site. Converted all N–H sites.,all_NH,Introduced one hydroxyethyl substituent on an N–H site. All free N–H sites were changed.,N-hydroxyethyl-all,OH,Additive,B,0.5932203389830508,0.5932203389830508,large structural change from parent; candidate may be outside strict in-domain threshold
CAND_R2_243,PAD-NH-glycidyl,TRAIN_055,PAD,NH_glycidyl,Introduced one glycidyl substituent on an N–H site. Regioisomer 1.,NH_site_1,Introduced one glycidyl substituent on an N–H site.,N-glycidyl,epoxy,Co-curing,B,0.75,0.75,none
CAND_R2_244,PAD-NH-glycidyl-all,TRAIN_055,PAD,NH_glycidyl_all,Introduced one glycidyl substituent on an N–H site. Converted all N–H sites.,all_NH,Introduced one glycidyl substituent on an N–H site. All free N–H sites were changed.,N-glycidyl-all,epoxy,Co-curing,B,0.5833333333333334,0.5833333333333334,large structural change from parent; candidate may be outside strict in-domain threshold
CAND_R2_245,PAD-aromatic-S-to-O-all,TRAIN_055,PAD,aromatic_S_to_O_all,Replaced all aromatic sulfur atoms by oxygen.,all_aromatic_S,Generated the fully oxygen-substituted heteroaromatic analogue.,heteroaromatic-S/O-analogue-all,none,Additive,B,0.6822429906542056,0.6822429906542056,candidate may be outside strict in-domain threshold
CAND_R2_246,DOPO-PEPA-hydroxy,TRAIN_075,DOPO-PEPA,hydroxy,Added hydroxy at aromatic atom 13.,DOPO_core_aromatic,Introduced one phenolic hydroxyl group; kept as Additive unless a validated pre-reaction route is available.,aryl-hydroxy,OH,Additive,B,0.684931506849315,0.684931506849315,DOPO-core substitution route needs confirmation; candidate may be outside strict in-domain threshold
CAND_R2_247,DOPO-PEPA-hydroxymethyl,TRAIN_075,DOPO-PEPA,hydroxymethyl,Added hydroxymethyl at aromatic atom 13.,DOPO_core_aromatic,Introduced one hydroxymethyl group to increase polarity; not automatically treated as an epoxy-reactive group.,aryl-hydroxymethyl,CH2OH,Additive,B,0.6666666666666666,0.6666666666666666,DOPO-core substitution route needs confirmation; candidate may be outside strict in-domain threshold
CAND_R2_248,DOPO-PEPA-carboxamide,TRAIN_075,DOPO-PEPA,carboxamide,Added carboxamide at aromatic atom 13.,DOPO_core_aromatic,"Introduced one primary carboxamide as a polar, hydrogen-bonding substituent.",aryl-carboxamide,amide,Additive,B,0.6493506493506493,0.6493506493506493,DOPO-core substitution route needs confirmation; large structural change from parent; candidate may be outside strict in-domain threshold
CAND_R2_249,DOPO-PEPA-boronic-acid,TRAIN_075,DOPO-PEPA,boronic_acid,Added boronic_acid at aromatic atom 13.,DOPO_core_aromatic,Introduced one aryl boronic acid group to create a P–B candidate.,aryl-boronic-acid,B(OH)2,Additive,B,0.6578947368421053,0.6578947368421053,DOPO-core substitution route needs confirmation; candidate may be outside strict in-domain threshold
CAND_R2_250,DOPO-PEPA-pinacol-boronate,TRAIN_075,DOPO-PEPA,pinacol_boronate,Added pinacol_boronate at aromatic atom 13.,DOPO_core_aromatic,Introduced one pinacol boronate to create a more protected P–B analogue.,aryl-pinacol-boronate,pinacol boronate,Additive,B,0.6024096385542169,0.6024096385542169,DOPO-core substitution route needs confirmation; large structural change from parent; candidate may be outside strict in-domain threshold
CAND_R2_251,DOPO-PEPA-trimethoxysilyl,TRAIN_075,DOPO-PEPA,trimethoxysilyl,Added trimethoxysilyl at aromatic atom 13.,DOPO_core_aromatic,Introduced one trialkoxysilane unit; secondary siloxane-network formation requires hydrolysis/condensation conditions.,aryl-trimethoxysilyl,Si(OCH3)3,Additive + Secondary Crosslinking,B,0.6329113924050633,0.6329113924050633,DOPO-core substitution route needs confirmation; large structural change from parent; candidate may be outside strict in-domain threshold
CAND_R2_252,DOPO-PEPA-triethoxysilyl,TRAIN_075,DOPO-PEPA,triethoxysilyl,Added triethoxysilyl at aromatic atom 13.,DOPO_core_aromatic,Introduced one triethoxysilane unit as a P–Si candidate.,aryl-triethoxysilyl,Si(OC2H5)3,Additive + Secondary Crosslinking,B,0.6097560975609756,0.6097560975609756,DOPO-core substitution route needs confirmation; large structural change from parent; candidate may be outside strict in-domain threshold
CAND_R2_253,DOPO-PEPA-disiloxane,TRAIN_075,DOPO-PEPA,disiloxane,Added disiloxane at aromatic atom 13.,DOPO_core_aromatic,Introduced a short disiloxane substituent without assuming epoxy-network reactivity.,short-disiloxane,none,Additive,B,0.6172839506172839,0.6172839506172839,DOPO-core substitution route needs confirmation; large structural change from parent; candidate may be outside strict in-domain threshold
CAND_R2_254,DOPO-PEPA-glycidyloxy,TRAIN_075,DOPO-PEPA,glycidyloxy,Added glycidyloxy at aromatic atom 13.,DOPO_core_aromatic,Introduced one glycidyl ether group for co-curing with the epoxy hardener.,aryl-glycidyl-ether,epoxy,Co-curing,B,0.5952380952380952,0.5952380952380952,DOPO-core substitution route needs confirmation; large structural change from parent; candidate may be outside strict in-domain threshold
CAND_R2_255,DOPO-PEPA-diaminotriazine,TRAIN_075,DOPO-PEPA,diaminotriazine,Added diaminotriazine at aromatic atom 13.,DOPO_core_aromatic,Introduced one diamino-triazine substituent to add nitrogen and potential co-curing sites.,"diamino-1,3,5-triazine",NH2,Co-curing,B,0.5882352941176471,0.5882352941176471,DOPO-core substitution route needs confirmation; large structural change from parent; candidate may be outside strict in-domain threshold
CAND_R2_256,DOPO-PEPA-piperazine,TRAIN_075,DOPO-PEPA,piperazine,Added piperazine at aromatic atom 13.,DOPO_core_aromatic,Introduced a monosubstituted piperazine unit retaining one secondary N–H site.,piperazine,NH,Co-curing,B,0.5882352941176471,0.5882352941176471,DOPO-core substitution route needs confirmation; large structural change from parent; candidate may be outside strict in-domain threshold
CAND_R2_257,DOPO-PEPA-benzamide-linker,TRAIN_075,DOPO-PEPA,benzamide_linker,Added benzamide_linker at aromatic atom 13.,DOPO_core_aromatic,Introduced a benzamide substituent; amide nitrogen is not treated as a normal amine curing site.,benzamide,amide,Additive,B,0.5747126436781609,0.5747126436781609,DOPO-core substitution route needs confirmation; large structural change from parent; candidate may be outside strict in-domain threshold
CAND_R2_258,DOPO-PEPA-phenyl,TRAIN_075,DOPO-PEPA,phenyl,Added phenyl at aromatic atom 13.,DOPO_core_aromatic,Extended the aromatic linker by one phenyl group.,phenyl,none,Additive,B,0.6410256410256411,0.6410256410256411,DOPO-core substitution route needs confirmation; large structural change from parent; candidate may be outside strict in-domain threshold
CAND_R2_259,DOPO-PEPA-biphenyl,TRAIN_075,DOPO-PEPA,biphenyl,Added biphenyl at aromatic atom 13.,DOPO_core_aromatic,Extended the rigid aromatic linker to a biphenyl unit.,biphenyl,none,Additive,B,0.6172839506172839,0.6172839506172839,DOPO-core substitution route needs confirmation; large structural change from parent; candidate may be outside strict in-domain threshold
CAND_R2_260,TDCA-DOPO-3-amino,TRAIN_137,TDCA-DOPO-3,amino,Added amino at aromatic atom 37.,peripheral_aromatic,Introduced one aryl amino group to add a P–N motif and a potential epoxy co-curing site.,aryl-amino,NH2,Co-curing,B,0.8666666666666667,0.8666666666666667,none
CAND_R2_261,TDCA-DOPO-3-hydroxy,TRAIN_137,TDCA-DOPO-3,hydroxy,Added hydroxy at aromatic atom 37.,peripheral_aromatic,Introduced one phenolic hydroxyl group; kept as Additive unless a validated pre-reaction route is available.,aryl-hydroxy,OH,Additive,B,0.8666666666666667,0.8666666666666667,none
CAND_R2_262,TDCA-DOPO-3-hydroxymethyl,TRAIN_137,TDCA-DOPO-3,hydroxymethyl,Added hydroxymethyl at aromatic atom 37.,peripheral_aromatic,Introduced one hydroxymethyl group to increase polarity; not automatically treated as an epoxy-reactive group.,aryl-hydroxymethyl,CH2OH,Additive,B,0.8333333333333334,0.8333333333333334,none
CAND_R2_263,TDCA-DOPO-3-carboxamide,TRAIN_137,TDCA-DOPO-3,carboxamide,Added carboxamide at aromatic atom 37.,peripheral_aromatic,"Introduced one primary carboxamide as a polar, hydrogen-bonding substituent.",aryl-carboxamide,amide,Additive,B,0.8227848101265823,0.8227848101265823,none
CAND_R2_264,TDCA-DOPO-3-boronic-acid,TRAIN_137,TDCA-DOPO-3,boronic_acid,Added boronic_acid at aromatic atom 37.,peripheral_aromatic,Introduced one aryl boronic acid group to create a P–B candidate.,aryl-boronic-acid,B(OH)2,Additive,B,0.8333333333333334,0.8333333333333334,none
CAND_R2_265,TDCA-DOPO-3-pinacol-boronate,TRAIN_137,TDCA-DOPO-3,pinacol_boronate,Added pinacol_boronate at aromatic atom 37.,peripheral_aromatic,Introduced one pinacol boronate to create a more protected P–B analogue.,aryl-pinacol-boronate,pinacol boronate,Additive,B,0.7647058823529411,0.7647058823529411,none
CAND_R2_266,TDCA-DOPO-3-trimethoxysilyl,TRAIN_137,TDCA-DOPO-3,trimethoxysilyl,Added trimethoxysilyl at aromatic atom 37.,peripheral_aromatic,Introduced one trialkoxysilane unit; secondary siloxane-network formation requires hydrolysis/condensation conditions.,aryl-trimethoxysilyl,Si(OCH3)3,Additive + Secondary Crosslinking,B,0.8024691358024691,0.8024691358024691,none
CAND_R2_267,TDCA-DOPO-3-triethoxysilyl,TRAIN_137,TDCA-DOPO-3,triethoxysilyl,Added triethoxysilyl at aromatic atom 37.,peripheral_aromatic,Introduced one triethoxysilane unit as a P–Si candidate.,aryl-triethoxysilyl,Si(OC2H5)3,Additive + Secondary Crosslinking,B,0.7647058823529411,0.7647058823529411,none
CAND_R2_268,TDCA-DOPO-3-disiloxane,TRAIN_137,TDCA-DOPO-3,disiloxane,Added disiloxane at aromatic atom 37.,peripheral_aromatic,Introduced a short disiloxane substituent without assuming epoxy-network reactivity.,short-disiloxane,none,Additive,B,0.7831325301204819,0.7831325301204819,none
CAND_R2_269,TDCA-DOPO-3-glycidyloxy,TRAIN_137,TDCA-DOPO-3,glycidyloxy,Added glycidyloxy at aromatic atom 37.,peripheral_aromatic,Introduced one glycidyl ether group for co-curing with the epoxy hardener.,aryl-glycidyl-ether,epoxy,Co-curing,B,0.7738095238095238,0.7738095238095238,none
CAND_R2_270,TDCA-DOPO-3-diaminotriazine,TRAIN_137,TDCA-DOPO-3,diaminotriazine,Added diaminotriazine at aromatic atom 37.,peripheral_aromatic,Introduced one diamino-triazine substituent to add nitrogen and potential co-curing sites.,"diamino-1,3,5-triazine",NH2,Co-curing,B,0.7558139534883721,0.7558139534883721,none
CAND_R2_271,TDCA-DOPO-3-piperazine,TRAIN_137,TDCA-DOPO-3,piperazine,Added piperazine at aromatic atom 37.,peripheral_aromatic,Introduced a monosubstituted piperazine unit retaining one secondary N–H site.,piperazine,NH,Co-curing,B,0.7386363636363636,0.7386363636363636,none
CAND_R2_272,TDCA-DOPO-3-benzamide-linker,TRAIN_137,TDCA-DOPO-3,benzamide_linker,Added benzamide_linker at aromatic atom 37.,peripheral_aromatic,Introduced a benzamide substituent; amide nitrogen is not treated as a normal amine curing site.,benzamide,amide,Additive,B,0.7471264367816092,0.7471264367816092,none
CAND_R2_273,TDCA-DOPO-3-phenyl,TRAIN_137,TDCA-DOPO-3,phenyl,Added phenyl at aromatic atom 37.,peripheral_aromatic,Extended the aromatic linker by one phenyl group.,phenyl,none,Additive,B,0.8441558441558441,0.8441558441558441,none
CAND_R2_274,TDCA-DOPO-3-biphenyl,TRAIN_137,TDCA-DOPO-3,biphenyl,Added biphenyl at aromatic atom 37.,peripheral_aromatic,Extended the rigid aromatic linker to a biphenyl unit.,biphenyl,none,Additive,B,0.8333333333333334,0.8333333333333334,none
CAND_R2_275,Ti-POSS-bisDOPO-amino,TRAIN_112,Ti-POSS-bisDOPO,amino,Added amino at aromatic atom 72.,DOPO_core_aromatic,Introduced one aryl amino group to add a P–N motif and a potential epoxy co-curing site.,aryl-amino,NH2,Co-curing,B,0.8461538461538461,0.8461538461538461,DOPO-core substitution route needs confirmation; high molecular weight
CAND_R2_276,Ti-POSS-bisDOPO-hydroxy,TRAIN_112,Ti-POSS-bisDOPO,hydroxy,Added hydroxy at aromatic atom 72.,DOPO_core_aromatic,Introduced one phenolic hydroxyl group; kept as Additive unless a validated pre-reaction route is available.,aryl-hydroxy,OH,Additive,B,0.8461538461538461,0.8461538461538461,DOPO-core substitution route needs confirmation; high molecular weight
CAND_R2_277,Ti-POSS-bisDOPO-boronic-acid,TRAIN_112,Ti-POSS-bisDOPO,boronic_acid,Added boronic_acid at aromatic atom 72.,DOPO_core_aromatic,Introduced one aryl boronic acid group to create a P–B candidate.,aryl-boronic-acid,B(OH)2,Additive,B,0.822429906542056,0.822429906542056,DOPO-core substitution route needs confirmation; high molecular weight
CAND_R2_278,Ti-POSS-bisDOPO-trimethoxysilyl,TRAIN_112,Ti-POSS-bisDOPO,trimethoxysilyl,Added trimethoxysilyl at aromatic atom 72.,DOPO_core_aromatic,Introduced one trialkoxysilane unit; secondary siloxane-network formation requires hydrolysis/condensation conditions.,aryl-trimethoxysilyl,Si(OCH3)3,Additive + Secondary Crosslinking,B,0.8073394495412844,0.8073394495412844,DOPO-core substitution route needs confirmation; high molecular weight
CAND_R2_279,Ti-POSS-bisDOPO-disiloxane,TRAIN_112,Ti-POSS-bisDOPO,disiloxane,Added disiloxane at aromatic atom 72.,DOPO_core_aromatic,Introduced a short disiloxane substituent without assuming epoxy-network reactivity.,short-disiloxane,none,Additive,B,0.7927927927927928,0.7927927927927928,DOPO-core substitution route needs confirmation; high molecular weight
CAND_R2_280,Ti-POSS-bisDOPO-glycidyloxy,TRAIN_112,Ti-POSS-bisDOPO,glycidyloxy,Added glycidyloxy at aromatic atom 72.,DOPO_core_aromatic,Introduced one glycidyl ether group for co-curing with the epoxy hardener.,aryl-glycidyl-ether,epoxy,Co-curing,B,0.7586206896551724,0.7586206896551724,DOPO-core substitution route needs confirmation; high molecular weight
CAND_R2_281,Ti-POSS-bisDOPO-diaminotriazine,TRAIN_112,Ti-POSS-bisDOPO,diaminotriazine,Added diaminotriazine at aromatic atom 72.,DOPO_core_aromatic,Introduced one diamino-triazine substituent to add nitrogen and potential co-curing sites.,"diamino-1,3,5-triazine",NH2,Co-curing,B,0.7586206896551724,0.7586206896551724,DOPO-core substitution route needs confirmation; high molecular weight
CAND_R2_282,Ti-POSS-bisDOPO-piperazine,TRAIN_112,Ti-POSS-bisDOPO,piperazine,Added piperazine at aromatic atom 72.,DOPO_core_aromatic,Introduced a monosubstituted piperazine unit retaining one secondary N–H site.,piperazine,NH,Co-curing,B,0.7521367521367521,0.7521367521367521,DOPO-core substitution route needs confirmation; high molecular weight
CAND_R2_283,DGEBDB-amino,TRAIN_004,DGEBDB,amino,Added amino at aromatic atom 35.,peripheral_aromatic,Introduced one aryl amino group to add a P–N motif and a potential epoxy co-curing site.,aryl-amino,NH2,Co-curing,B,0.7849462365591398,0.7849462365591398,none
CAND_R2_284,DGEBDB-hydroxy,TRAIN_004,DGEBDB,hydroxy,Added hydroxy at aromatic atom 35.,peripheral_aromatic,Introduced one phenolic hydroxyl group; kept as Additive unless a validated pre-reaction route is available.,aryl-hydroxy,OH,Additive,B,0.7849462365591398,0.7849462365591398,none
CAND_R2_285,DGEBDB-hydroxymethyl,TRAIN_004,DGEBDB,hydroxymethyl,Added hydroxymethyl at aromatic atom 35.,peripheral_aromatic,Introduced one hydroxymethyl group to increase polarity; not automatically treated as an epoxy-reactive group.,aryl-hydroxymethyl,CH2OH,Additive,B,0.7684210526315789,0.7684210526315789,none
CAND_R2_286,DGEBDB-carboxamide,TRAIN_004,DGEBDB,carboxamide,Added carboxamide at aromatic atom 35.,peripheral_aromatic,"Introduced one primary carboxamide as a polar, hydrogen-bonding substituent.",aryl-carboxamide,amide,Additive,B,0.7684210526315789,0.7684210526315789,none
CAND_R2_287,DGEBDB-boronic-acid,TRAIN_004,DGEBDB,boronic_acid,Added boronic_acid at aromatic atom 35.,peripheral_aromatic,Introduced one aryl boronic acid group to create a P–B candidate.,aryl-boronic-acid,B(OH)2,Additive,B,0.7684210526315789,0.7684210526315789,none
CAND_R2_288,DGEBDB-pinacol-boronate,TRAIN_004,DGEBDB,pinacol_boronate,Added pinacol_boronate at aromatic atom 35.,peripheral_aromatic,Introduced one pinacol boronate to create a more protected P–B analogue.,aryl-pinacol-boronate,pinacol boronate,Additive,B,0.7156862745098039,0.7156862745098039,none
CAND_R2_289,DGEBDB-trimethoxysilyl,TRAIN_004,DGEBDB,trimethoxysilyl,Added trimethoxysilyl at aromatic atom 35.,peripheral_aromatic,Introduced one trialkoxysilane unit; secondary siloxane-network formation requires hydrolysis/condensation conditions.,aryl-trimethoxysilyl,Si(OCH3)3,Additive + Secondary Crosslinking,B,0.7604166666666666,0.7604166666666666,none
CAND_R2_290,DGEBDB-triethoxysilyl,TRAIN_004,DGEBDB,triethoxysilyl,Added triethoxysilyl at aromatic atom 35.,peripheral_aromatic,Introduced one triethoxysilane unit as a P–Si candidate.,aryl-triethoxysilyl,Si(OC2H5)3,Additive + Secondary Crosslinking,B,0.7227722772277227,0.7227722772277227,none
CAND_R2_291,DGEBDB-disiloxane,TRAIN_004,DGEBDB,disiloxane,Added disiloxane at aromatic atom 35.,peripheral_aromatic,Introduced a short disiloxane substituent without assuming epoxy-network reactivity.,short-disiloxane,none,Additive,B,0.73,0.73,none
CAND_R2_292,DGEBDB-glycidyloxy,TRAIN_004,DGEBDB,glycidyloxy,Added glycidyloxy at aromatic atom 35.,peripheral_aromatic,Introduced one glycidyl ether group for co-curing with the epoxy hardener.,aryl-glycidyl-ether,epoxy,Co-curing,B,0.8111111111111111,0.8111111111111111,none
CAND_R2_293,DGEBDB-diaminotriazine,TRAIN_004,DGEBDB,diaminotriazine,Added diaminotriazine at aromatic atom 35.,peripheral_aromatic,Introduced one diamino-triazine substituent to add nitrogen and potential co-curing sites.,"diamino-1,3,5-triazine",NH2,Co-curing,B,0.7019230769230769,0.7019230769230769,none
CAND_R2_294,DGEBDB-piperazine,TRAIN_004,DGEBDB,piperazine,Added piperazine at aromatic atom 35.,peripheral_aromatic,Introduced a monosubstituted piperazine unit retaining one secondary N–H site.,piperazine,NH,Co-curing,B,0.7019230769230769,0.7019230769230769,none
CAND_R2_295,DGEBDB-benzamide-linker,TRAIN_004,DGEBDB,benzamide_linker,Added benzamide_linker at aromatic atom 35.,peripheral_aromatic,Introduced a benzamide substituent; amide nitrogen is not treated as a normal amine curing site.,benzamide,amide,Additive,B,0.6952380952380952,0.6952380952380952,candidate may be outside strict in-domain threshold
CAND_R2_296,DGEBDB-phenyl,TRAIN_004,DGEBDB,phenyl,Added phenyl at aromatic atom 35.,peripheral_aromatic,Extended the aromatic linker by one phenyl group.,phenyl,none,Additive,B,0.7525773195876289,0.7525773195876289,none
CAND_R2_297,DGEBDB-biphenyl,TRAIN_004,DGEBDB,biphenyl,Added biphenyl at aromatic atom 35.,peripheral_aromatic,Extended the rigid aromatic linker to a biphenyl unit.,biphenyl,none,Additive,B,0.7087378640776699,0.7087378640776699,none
CAND_R2_298,DGEBDB-methoxy-to-phenol-all,TRAIN_004,DGEBDB,methoxy_to_phenol_all,Demethylated one aryl methoxy group to phenolic OH. Converted all matching groups.,all_sites,Demethylated one aryl methoxy group to phenolic OH. All equivalent sites were changed.,demethylated-phenol-all,OH,Additive,B,0.7294117647058823,0.7294117647058823,none
CAND_R2_299,D-AZ-amino,TRAIN_042,D-AZ,amino,Added amino at aromatic atom 6.,peripheral_aromatic,Introduced one aryl amino group to add a P–N motif and a potential epoxy co-curing site.,aryl-amino,NH2,Co-curing,B,0.6231884057971014,0.6231884057971014,large structural change from parent; candidate may be outside strict in-domain threshold
CAND_R2_300,D-AZ-hydroxy,TRAIN_042,D-AZ,hydroxy,Added hydroxy at aromatic atom 6.,peripheral_aromatic,Introduced one phenolic hydroxyl group; kept as Additive unless a validated pre-reaction route is available.,aryl-hydroxy,OH,Additive,B,0.6231884057971014,0.6231884057971014,large structural change from parent; candidate may be outside strict in-domain threshold
CAND_R2_301,D-AZ-hydroxymethyl,TRAIN_042,D-AZ,hydroxymethyl,Added hydroxymethyl at aromatic atom 6.,peripheral_aromatic,Introduced one hydroxymethyl group to increase polarity; not automatically treated as an epoxy-reactive group.,aryl-hydroxymethyl,CH2OH,Additive,B,0.5972222222222222,0.5972222222222222,large structural change from parent; candidate may be outside strict in-domain threshold
CAND_R2_302,D-AZ-carboxamide,TRAIN_042,D-AZ,carboxamide,Added carboxamide at aromatic atom 6.,peripheral_aromatic,"Introduced one primary carboxamide as a polar, hydrogen-bonding substituent.",aryl-carboxamide,amide,Additive,B,0.581081081081081,0.581081081081081,large structural change from parent; candidate may be outside strict in-domain threshold
CAND_R2_303,D-AZ-boronic-acid,TRAIN_042,D-AZ,boronic_acid,Added boronic_acid at aromatic atom 6.,peripheral_aromatic,Introduced one aryl boronic acid group to create a P–B candidate.,aryl-boronic-acid,B(OH)2,Additive,B,0.589041095890411,0.589041095890411,large structural change from parent; candidate may be outside strict in-domain threshold
CAND_R2_304,D-AZ-pinacol-boronate,TRAIN_042,D-AZ,pinacol_boronate,Added pinacol_boronate at aromatic atom 6.,peripheral_aromatic,Introduced one pinacol boronate to create a more protected P–B analogue.,aryl-pinacol-boronate,pinacol boronate,Additive,C,0.5375,0.5375,large structural change from parent; candidate may be outside strict in-domain threshold; exploratory only; excluded from formal screening
CAND_R2_305,D-AZ-trimethoxysilyl,TRAIN_042,D-AZ,trimethoxysilyl,Added trimethoxysilyl at aromatic atom 6.,peripheral_aromatic,Introduced one trialkoxysilane unit; secondary siloxane-network formation requires hydrolysis/condensation conditions.,aryl-trimethoxysilyl,Si(OCH3)3,Additive + Secondary Crosslinking,B,0.5584415584415584,0.5584415584415584,large structural change from parent; candidate may be outside strict in-domain threshold
CAND_R2_306,D-AZ-triethoxysilyl,TRAIN_042,D-AZ,triethoxysilyl,Added triethoxysilyl at aromatic atom 6.,peripheral_aromatic,Introduced one triethoxysilane unit as a P–Si candidate.,aryl-triethoxysilyl,Si(OC2H5)3,Additive + Secondary Crosslinking,C,0.5308641975308642,0.5308641975308642,large structural change from parent; candidate may be outside strict in-domain threshold; exploratory only; excluded from formal screening
CAND_R2_307,D-AZ-disiloxane,TRAIN_042,D-AZ,disiloxane,Added disiloxane at aromatic atom 6.,peripheral_aromatic,Introduced a short disiloxane substituent without assuming epoxy-network reactivity.,short-disiloxane,none,Additive,B,0.5512820512820513,0.5512820512820513,large structural change from parent; candidate may be outside strict in-domain threshold
CAND_R2_308,D-AZ-glycidyloxy,TRAIN_042,D-AZ,glycidyloxy,Added glycidyloxy at aromatic atom 6.,peripheral_aromatic,Introduced one glycidyl ether group for co-curing with the epoxy hardener.,aryl-glycidyl-ether,epoxy,Co-curing,C,0.5119047619047619,0.5119047619047619,large structural change from parent; candidate may be outside strict in-domain threshold; exploratory only; excluded from formal screening
CAND_R2_309,D-AZ-diaminotriazine,TRAIN_042,D-AZ,diaminotriazine,Added diaminotriazine at aromatic atom 6.,peripheral_aromatic,Introduced one diamino-triazine substituent to add nitrogen and potential co-curing sites.,"diamino-1,3,5-triazine",NH2,Co-curing,C,0.5375,0.5375,large structural change from parent; candidate may be outside strict in-domain threshold; exploratory only; excluded from formal screening
CAND_R2_310,D-AZ-piperazine,TRAIN_042,D-AZ,piperazine,Added piperazine at aromatic atom 6.,peripheral_aromatic,Introduced a monosubstituted piperazine unit retaining one secondary N–H site.,piperazine,NH,Co-curing,C,0.5180722891566265,0.5180722891566265,large structural change from parent; candidate may be outside strict in-domain threshold; exploratory only; excluded from formal screening
CAND_R2_311,D-AZ-benzamide-linker,TRAIN_042,D-AZ,benzamide_linker,Added benzamide_linker at aromatic atom 6.,peripheral_aromatic,Introduced a benzamide substituent; amide nitrogen is not treated as a normal amine curing site.,benzamide,amide,Additive,C,0.5119047619047619,0.5119047619047619,large structural change from parent; candidate may be outside strict in-domain threshold; exploratory only; excluded from formal screening
CAND_R2_312,D-AZ-phenyl,TRAIN_042,D-AZ,phenyl,Added phenyl at aromatic atom 6.,peripheral_aromatic,Extended the aromatic linker by one phenyl group.,phenyl,none,Additive,B,0.5657894736842105,0.5657894736842105,large structural change from parent; candidate may be outside strict in-domain threshold
CAND_R2_313,D-AZ-biphenyl,TRAIN_042,D-AZ,biphenyl,Added biphenyl at aromatic atom 6.,peripheral_aromatic,Extended the rigid aromatic linker to a biphenyl unit.,biphenyl,none,Additive,C,0.524390243902439,0.524390243902439,large structural change from parent; candidate may be outside strict in-domain threshold; exploratory only; excluded from formal screening
CAND_R2_314,D-AZ-NH-methyl,TRAIN_042,D-AZ,NH_methyl,"Methylated one free N–H site, reducing curing activity. Regioisomer 1.",NH_site_1,"Methylated one free N–H site, reducing curing activity.",N-methyl,none,Additive,C,0.4358974358974359,0.4358974358974359,large structural change from parent; candidate may be outside strict in-domain threshold; exploratory only; excluded from formal screening
CAND_R2_315,D-AZ-NH-hydroxyethyl,TRAIN_042,D-AZ,NH_hydroxyethyl,Introduced one hydroxyethyl substituent on an N–H site. Regioisomer 1.,NH_site_1,Introduced one hydroxyethyl substituent on an N–H site.,N-hydroxyethyl,OH,Additive,C,0.40476190476190477,0.40476190476190477,large structural change from parent; candidate may be outside strict in-domain threshold; exploratory only; excluded from formal screening
CAND_R2_316,D-AZ-NH-glycidyl,TRAIN_042,D-AZ,NH_glycidyl,Introduced one glycidyl substituent on an N–H site. Regioisomer 1.,NH_site_1,Introduced one glycidyl substituent on an N–H site.,N-glycidyl,epoxy,Co-curing,C,0.3953488372093023,0.3953488372093023,large structural change from parent; candidate may be outside strict in-domain threshold; exploratory only; excluded from formal screening
CAND_R2_317,BDO-amino,TRAIN_122,BDO,amino,Added amino at aromatic atom 35.,peripheral_aromatic,Introduced one aryl amino group to add a P–N motif and a potential epoxy co-curing site.,aryl-amino,NH2,Co-curing,B,0.8431372549019608,0.8431372549019608,none
CAND_R2_318,BDO-hydroxy,TRAIN_122,BDO,hydroxy,Added hydroxy at aromatic atom 35.,peripheral_aromatic,Introduced one phenolic hydroxyl group; kept as Additive unless a validated pre-reaction route is available.,aryl-hydroxy,OH,Additive,B,0.8431372549019608,0.8431372549019608,none
CAND_R2_319,BDO-hydroxymethyl,TRAIN_122,BDO,hydroxymethyl,Added hydroxymethyl at aromatic atom 35.,peripheral_aromatic,Introduced one hydroxymethyl group to increase polarity; not automatically treated as an epoxy-reactive group.,aryl-hydroxymethyl,CH2OH,Additive,B,0.8269230769230769,0.8269230769230769,none
CAND_R2_320,BDO-carboxamide,TRAIN_122,BDO,carboxamide,Added carboxamide at aromatic atom 35.,peripheral_aromatic,"Introduced one primary carboxamide as a polar, hydrogen-bonding substituent.",aryl-carboxamide,amide,Additive,B,0.8037383177570093,0.8037383177570093,none
CAND_R2_321,BDO-boronic-acid,TRAIN_122,BDO,boronic_acid,Added boronic_acid at aromatic atom 35.,peripheral_aromatic,Introduced one aryl boronic acid group to create a P–B candidate.,aryl-boronic-acid,B(OH)2,Additive,B,0.819047619047619,0.819047619047619,none
CAND_R2_322,BDO-pinacol-boronate,TRAIN_122,BDO,pinacol_boronate,Added pinacol_boronate at aromatic atom 35.,peripheral_aromatic,Introduced one pinacol boronate to create a more protected P–B analogue.,aryl-pinacol-boronate,pinacol boronate,Additive,B,0.7543859649122807,0.7543859649122807,none
CAND_R2_323,BDO-trimethoxysilyl,TRAIN_122,BDO,trimethoxysilyl,Added trimethoxysilyl at aromatic atom 35.,peripheral_aromatic,Introduced one trialkoxysilane unit; secondary siloxane-network formation requires hydrolysis/condensation conditions.,aryl-trimethoxysilyl,Si(OCH3)3,Additive + Secondary Crosslinking,B,0.7818181818181819,0.7818181818181819,none
CAND_R2_324,BDO-triethoxysilyl,TRAIN_122,BDO,triethoxysilyl,Added triethoxysilyl at aromatic atom 35.,peripheral_aromatic,Introduced one triethoxysilane unit as a P–Si candidate.,aryl-triethoxysilyl,Si(OC2H5)3,Additive + Secondary Crosslinking,B,0.7610619469026548,0.7610619469026548,none
CAND_R2_325,BDO-disiloxane,TRAIN_122,BDO,disiloxane,Added disiloxane at aromatic atom 35.,peripheral_aromatic,Introduced a short disiloxane substituent without assuming epoxy-network reactivity.,short-disiloxane,none,Additive,B,0.7678571428571429,0.7678571428571429,none
CAND_R2_326,BDO-glycidyloxy,TRAIN_122,BDO,glycidyloxy,Added glycidyloxy at aromatic atom 35.,peripheral_aromatic,Introduced one glycidyl ether group for co-curing with the epoxy hardener.,aryl-glycidyl-ether,epoxy,Co-curing,B,0.7350427350427351,0.7350427350427351,none
CAND_R2_327,BDO-diaminotriazine,TRAIN_122,BDO,diaminotriazine,Added diaminotriazine at aromatic atom 35.,peripheral_aromatic,Introduced one diamino-triazine substituent to add nitrogen and potential co-curing sites.,"diamino-1,3,5-triazine",NH2,Co-curing,B,0.7678571428571429,0.7678571428571429,none
CAND_R2_328,BDO-piperazine,TRAIN_122,BDO,piperazine,Added piperazine at aromatic atom 35.,peripheral_aromatic,Introduced a monosubstituted piperazine unit retaining one secondary N–H site.,piperazine,NH,Co-curing,B,0.7413793103448276,0.7413793103448276,none
CAND_R2_329,BDO-benzamide-linker,TRAIN_122,BDO,benzamide_linker,Added benzamide_linker at aromatic atom 35.,peripheral_aromatic,Introduced a benzamide substituent; amide nitrogen is not treated as a normal amine curing site.,benzamide,amide,Additive,B,0.7288135593220338,0.7288135593220338,none
CAND_R2_330,BDO-phenyl,TRAIN_122,BDO,phenyl,Added phenyl at aromatic atom 35.,peripheral_aromatic,Extended the aromatic linker by one phenyl group.,phenyl,none,Additive,B,0.7889908256880734,0.7889908256880734,none
CAND_R2_331,BDO-biphenyl,TRAIN_122,BDO,biphenyl,Added biphenyl at aromatic atom 35.,peripheral_aromatic,Extended the rigid aromatic linker to a biphenyl unit.,biphenyl,none,Additive,B,0.7543859649122807,0.7543859649122807,none
CAND_R2_332,BDO-NH-methyl,TRAIN_122,BDO,NH_methyl,"Methylated one free N–H site, reducing curing activity. Regioisomer 1.",NH_site_1,"Methylated one free N–H site, reducing curing activity.",N-methyl,none,Additive,B,0.6403508771929824,0.6403508771929824,large structural change from parent; candidate may be outside strict in-domain threshold
CAND_R2_333,BDO-NH-methyl-2,TRAIN_122,BDO,NH_methyl,"Methylated one free N–H site, reducing curing activity. Regioisomer 2.",NH_site_2,"Methylated one free N–H site, reducing curing activity.",N-methyl,none,Additive,B,0.6228070175438597,0.6228070175438597,large structural change from parent; candidate may be outside strict in-domain threshold
CAND_R2_334,BDO-NH-hydroxyethyl,TRAIN_122,BDO,NH_hydroxyethyl,Introduced one hydroxyethyl substituent on an N–H site. Regioisomer 1.,NH_site_1,Introduced one hydroxyethyl substituent on an N–H site.,N-hydroxyethyl,OH,Additive,B,0.6186440677966102,0.6186440677966102,large structural change from parent; candidate may be outside strict in-domain threshold
CAND_R2_335,BDO-NH-hydroxyethyl-2,TRAIN_122,BDO,NH_hydroxyethyl,Introduced one hydroxyethyl substituent on an N–H site. Regioisomer 2.,NH_site_2,Introduced one hydroxyethyl substituent on an N–H site.,N-hydroxyethyl,OH,Additive,B,0.5916666666666667,0.5916666666666667,large structural change from parent; candidate may be outside strict in-domain threshold
CAND_R2_336,BDO-NH-glycidyl,TRAIN_122,BDO,NH_glycidyl,Introduced one glycidyl substituent on an N–H site. Regioisomer 1.,NH_site_1,Introduced one glycidyl substituent on an N–H site.,N-glycidyl,epoxy,Co-curing,B,0.5983606557377049,0.5983606557377049,large structural change from parent; candidate may be outside strict in-domain threshold
CAND_R2_337,BDO-NH-glycidyl-2,TRAIN_122,BDO,NH_glycidyl,Introduced one glycidyl substituent on an N–H site. Regioisomer 2.,NH_site_2,Introduced one glycidyl substituent on an N–H site.,N-glycidyl,epoxy,Co-curing,B,0.5725806451612904,0.5725806451612904,large structural change from parent; candidate may be outside strict in-domain threshold
CAND_R2_338,BDO-aromatic-S-to-O,TRAIN_122,BDO,aromatic_S_to_O,Replaced aromatic sulfur site 1 by oxygen.,S_site_1,Generated the oxazole/furan analogue while preserving the parent scaffold.,heteroaromatic-S/O-analogue,none,Co-curing,B,0.8058252427184466,0.8058252427184466,none
CAND_R2_339,BDO-aromatic-S-to-O-all,TRAIN_122,BDO,aromatic_S_to_O_all,Replaced all aromatic sulfur atoms by oxygen.,all_aromatic_S,Generated the fully oxygen-substituted heteroaromatic analogue.,heteroaromatic-S/O-analogue-all,none,Additive,B,0.6363636363636364,0.723404255319149,large structural change from parent
CAND_R2_340,TDA-amino,TRAIN_010,TDA,amino,Added amino at aromatic atom 47.,DOPO_core_aromatic,Introduced one aryl amino group to add a P–N motif and a potential epoxy co-curing site.,aryl-amino,NH2,Co-curing,B,0.7777777777777778,0.7777777777777778,DOPO-core substitution route needs confirmation
CAND_R2_341,TDA-hydroxy,TRAIN_010,TDA,hydroxy,Added hydroxy at aromatic atom 47.,DOPO_core_aromatic,Introduced one phenolic hydroxyl group; kept as Additive unless a validated pre-reaction route is available.,aryl-hydroxy,OH,Additive,B,0.7777777777777778,0.7777777777777778,DOPO-core substitution route needs confirmation
CAND_R2_342,TDA-hydroxymethyl,TRAIN_010,TDA,hydroxymethyl,Added hydroxymethyl at aromatic atom 47.,DOPO_core_aromatic,Introduced one hydroxymethyl group to increase polarity; not automatically treated as an epoxy-reactive group.,aryl-hydroxymethyl,CH2OH,Additive,B,0.7623762376237624,0.7623762376237624,DOPO-core substitution route needs confirmation
CAND_R2_343,TDA-carboxamide,TRAIN_010,TDA,carboxamide,Added carboxamide at aromatic atom 47.,DOPO_core_aromatic,"Introduced one primary carboxamide as a polar, hydrogen-bonding substituent.",aryl-carboxamide,amide,Additive,B,0.7475728155339806,0.7475728155339806,DOPO-core substitution route needs confirmation
CAND_R2_344,TDA-boronic-acid,TRAIN_010,TDA,boronic_acid,Added boronic_acid at aromatic atom 47.,DOPO_core_aromatic,Introduced one aryl boronic acid group to create a P–B candidate.,aryl-boronic-acid,B(OH)2,Additive,B,0.77,0.77,DOPO-core substitution route needs confirmation
CAND_R2_345,TDA-pinacol-boronate,TRAIN_010,TDA,pinacol_boronate,Added pinacol_boronate at aromatic atom 47.,DOPO_core_aromatic,Introduced one pinacol boronate to create a more protected P–B analogue.,aryl-pinacol-boronate,pinacol boronate,Additive,B,0.7,0.7,DOPO-core substitution route needs confirmation
CAND_R2_346,TDA-trimethoxysilyl,TRAIN_010,TDA,trimethoxysilyl,Added trimethoxysilyl at aromatic atom 47.,DOPO_core_aromatic,Introduced one trialkoxysilane unit; secondary siloxane-network formation requires hydrolysis/condensation conditions.,aryl-trimethoxysilyl,Si(OCH3)3,Additive + Secondary Crosslinking,B,0.7475728155339806,0.7475728155339806,DOPO-core substitution route needs confirmation
CAND_R2_347,TDA-triethoxysilyl,TRAIN_010,TDA,triethoxysilyl,Added triethoxysilyl at aromatic atom 47.,DOPO_core_aromatic,Introduced one triethoxysilane unit as a P–Si candidate.,aryl-triethoxysilyl,Si(OC2H5)3,Additive + Secondary Crosslinking,B,0.7549019607843137,0.7549019607843137,DOPO-core substitution route needs confirmation
CAND_R2_348,TDA-disiloxane,TRAIN_010,TDA,disiloxane,Added disiloxane at aromatic atom 47.,DOPO_core_aromatic,Introduced a short disiloxane substituent without assuming epoxy-network reactivity.,short-disiloxane,none,Additive,B,0.7264150943396226,0.7264150943396226,DOPO-core substitution route needs confirmation
CAND_R2_349,TDA-glycidyloxy,TRAIN_010,TDA,glycidyloxy,Added glycidyloxy at aromatic atom 47.,DOPO_core_aromatic,Introduced one glycidyl ether group for co-curing with the epoxy hardener.,aryl-glycidyl-ether,epoxy,Co-curing,B,0.6936936936936937,0.6936936936936937,DOPO-core substitution route needs confirmation; candidate may be outside strict in-domain threshold
CAND_R2_350,TDA-diaminotriazine,TRAIN_010,TDA,diaminotriazine,Added diaminotriazine at aromatic atom 47.,DOPO_core_aromatic,Introduced one diamino-triazine substituent to add nitrogen and potential co-curing sites.,"diamino-1,3,5-triazine",NH2,Co-curing,B,0.7,0.7,DOPO-core substitution route needs confirmation
CAND_R2_351,TDA-piperazine,TRAIN_010,TDA,piperazine,Added piperazine at aromatic atom 47.,DOPO_core_aromatic,Introduced a monosubstituted piperazine unit retaining one secondary N–H site.,piperazine,NH,Co-curing,B,0.6936936936936937,0.6936936936936937,DOPO-core substitution route needs confirmation; candidate may be outside strict in-domain threshold
CAND_R2_352,TDA-benzamide-linker,TRAIN_010,TDA,benzamide_linker,Added benzamide_linker at aromatic atom 47.,DOPO_core_aromatic,Introduced a benzamide substituent; amide nitrogen is not treated as a normal amine curing site.,benzamide,amide,Additive,B,0.6814159292035398,0.6814159292035398,DOPO-core substitution route needs confirmation; candidate may be outside strict in-domain threshold
CAND_R2_353,TDA-phenyl,TRAIN_010,TDA,phenyl,Added phenyl at aromatic atom 47.,DOPO_core_aromatic,Extended the aromatic linker by one phenyl group.,phenyl,none,Additive,B,0.7333333333333333,0.7333333333333333,DOPO-core substitution route needs confirmation
CAND_R2_354,TDA-biphenyl,TRAIN_010,TDA,biphenyl,Added biphenyl at aromatic atom 47.,DOPO_core_aromatic,Extended the rigid aromatic linker to a biphenyl unit.,biphenyl,none,Additive,B,0.719626168224299,0.719626168224299,DOPO-core substitution route needs confirmation
CAND_R2_355,TDA-OH-glycidyl,TRAIN_010,TDA,OH_glycidyl,Converted one OH group to a glycidyl ether. Regioisomer 1.,OH_site_1,Converted one OH group to a glycidyl ether.,OH-to-glycidyl-ether,epoxy,Co-curing,B,0.7924528301886793,0.7924528301886793,none
CAND_R2_356,TDA-OH-glycidyl-2,TRAIN_010,TDA,OH_glycidyl,Converted one OH group to a glycidyl ether. Regioisomer 2.,OH_site_2,Converted one OH group to a glycidyl ether.,OH-to-glycidyl-ether,epoxy,Co-curing,B,0.7428571428571429,0.7428571428571429,none
CAND_R2_357,TDA-OH-glycidyl-all,TRAIN_010,TDA,OH_glycidyl_all,Converted one OH group to a glycidyl ether. Converted all OH groups.,all_OH,Converted one OH group to a glycidyl ether. All OH sites were changed.,OH-to-glycidyl-ether-all,epoxy,Co-curing,B,0.6160714285714286,0.6160714285714286,large structural change from parent; candidate may be outside strict in-domain threshold
CAND_R2_358,TDA-OH-methyl,TRAIN_010,TDA,OH_methyl,Converted one OH group to a methyl ether. Regioisomer 1.,OH_site_1,Converted one OH group to a methyl ether.,OH-to-methyl-ether,none,Additive,B,0.875,0.875,none
CAND_R2_359,TDA-OH-methyl-2,TRAIN_010,TDA,OH_methyl,Converted one OH group to a methyl ether. Regioisomer 2.,OH_site_2,Converted one OH group to a methyl ether.,OH-to-methyl-ether,none,Additive,B,0.8125,0.8125,none
CAND_R2_360,TDA-OH-methyl-all,TRAIN_010,TDA,OH_methyl_all,Converted one OH group to a methyl ether. Converted all OH groups.,all_OH,Converted one OH group to a methyl ether. All OH sites were changed.,OH-to-methyl-ether-all,none,Additive,B,0.6764705882352942,0.6764705882352942,candidate may be outside strict in-domain threshold
CAND_R2_361,TDA-OH-acetyl,TRAIN_010,TDA,OH_acetyl,Converted one OH group to an acetate. Regioisomer 1.,OH_site_1,Converted one OH group to an acetate.,OH-to-acetate,none,Additive,B,0.84,0.84,none
CAND_R2_362,TDA-OH-acetyl-2,TRAIN_010,TDA,OH_acetyl,Converted one OH group to an acetate. Regioisomer 2.,OH_site_2,Converted one OH group to an acetate.,OH-to-acetate,none,Additive,B,0.78,0.78,none
CAND_R2_363,TDA-OH-acetyl-all,TRAIN_010,TDA,OH_acetyl_all,Converted one OH group to an acetate. Converted all OH groups.,all_OH,Converted one OH group to an acetate. All OH sites were changed.,OH-to-acetate-all,none,Additive,B,0.6542056074766355,0.6542056074766355,candidate may be outside strict in-domain threshold
CAND_R2_364,TDA-OH-allyl,TRAIN_010,TDA,OH_allyl,Converted one OH group to an allyl ether; no EP reactivity is assumed. Regioisomer 1.,OH_site_1,Converted one OH group to an allyl ether; no EP reactivity is assumed.,OH-to-allyl-ether,allyl,Additive,B,0.8076923076923077,0.8076923076923077,none
CAND_R2_365,TDA-OH-allyl-2,TRAIN_010,TDA,OH_allyl,Converted one OH group to an allyl ether; no EP reactivity is assumed. Regioisomer 2.,OH_site_2,Converted one OH group to an allyl ether; no EP reactivity is assumed.,OH-to-allyl-ether,allyl,Additive,B,0.75,0.75,none
CAND_R2_366,TDA-OH-allyl-all,TRAIN_010,TDA,OH_allyl_all,Converted one OH group to an allyl ether; no EP reactivity is assumed. Converted all OH groups.,all_OH,Converted one OH group to an allyl ether; no EP reactivity is assumed. All OH sites were changed.,OH-to-allyl-ether-all,allyl,Additive,B,0.6216216216216216,0.6216216216216216,large structural change from parent; candidate may be outside strict in-domain threshold
CAND_R2_367,TDA-NH-methyl,TRAIN_010,TDA,NH_methyl,"Methylated one free N–H site, reducing curing activity. Regioisomer 1.",NH_site_1,"Methylated one free N–H site, reducing curing activity.",N-methyl,none,Additive,B,0.84,0.84,none
CAND_R2_368,TDA-NH-methyl-all,TRAIN_010,TDA,NH_methyl_all,"Methylated one free N–H site, reducing curing activity. Converted all N–H sites.",all_NH,"Methylated one free N–H site, reducing curing activity. All free N–H sites were changed.",N-methyl-all,none,Additive,B,0.71,0.71,none
CAND_R2_369,TDA-NH-hydroxyethyl,TRAIN_010,TDA,NH_hydroxyethyl,Introduced one hydroxyethyl substituent on an N–H site. Regioisomer 1.,NH_site_1,Introduced one hydroxyethyl substituent on an N–H site.,N-hydroxyethyl,OH,Additive,B,0.8076923076923077,0.8076923076923077,none
CAND_R2_370,TDA-NH-hydroxyethyl-all,TRAIN_010,TDA,NH_hydroxyethyl_all,Introduced one hydroxyethyl substituent on an N–H site. Converted all N–H sites.,all_NH,Introduced one hydroxyethyl substituent on an N–H site. All free N–H sites were changed.,N-hydroxyethyl-all,OH,Additive,B,0.6826923076923077,0.6826923076923077,candidate may be outside strict in-domain threshold
CAND_R2_371,TDA-NH-glycidyl,TRAIN_010,TDA,NH_glycidyl,Introduced one glycidyl substituent on an N–H site. Regioisomer 1.,NH_site_1,Introduced one glycidyl substituent on an N–H site.,N-glycidyl,epoxy,Co-curing,B,0.7706422018348624,0.7706422018348624,none
CAND_R2_372,TDA-NH-glycidyl-all,TRAIN_010,TDA,NH_glycidyl_all,Introduced one glycidyl substituent on an N–H site. Converted all N–H sites.,all_NH,Introduced one glycidyl substituent on an N–H site. All free N–H sites were changed.,N-glycidyl-all,epoxy,Co-curing,B,0.6513761467889908,0.6513761467889908,candidate may be outside strict in-domain threshold
CAND_R2_373,TetraDSi-amino,TRAIN_103,TetraDSi,amino,Added amino at aromatic atom 149.,peripheral_aromatic,Introduced one aryl amino group to add a P–N motif and a potential epoxy co-curing site.,aryl-amino,NH2,Co-curing,C,0.8301886792452831,0.8301886792452831,high molecular weight; high DOPO count; exploratory only; excluded from formal screening
CAND_R2_374,TetraDSi-hydroxy,TRAIN_103,TetraDSi,hydroxy,Added hydroxy at aromatic atom 149.,peripheral_aromatic,Introduced one phenolic hydroxyl group; kept as Additive unless a validated pre-reaction route is available.,aryl-hydroxy,OH,Additive,C,0.8543689320388349,0.8543689320388349,high molecular weight; high DOPO count; exploratory only; excluded from formal screening
CAND_R2_375,TetraDSi-boronic-acid,TRAIN_103,TetraDSi,boronic_acid,Added boronic_acid at aromatic atom 149.,peripheral_aromatic,Introduced one aryl boronic acid group to create a P–B candidate.,aryl-boronic-acid,B(OH)2,Additive,C,0.8301886792452831,0.8301886792452831,high molecular weight; high DOPO count; exploratory only; excluded from formal screening
CAND_R2_376,TetraDSi-glycidyloxy,TRAIN_103,TetraDSi,glycidyloxy,Added glycidyloxy at aromatic atom 149.,peripheral_aromatic,Introduced one glycidyl ether group for co-curing with the epoxy hardener.,aryl-glycidyl-ether,epoxy,Co-curing,C,0.7521367521367521,0.7521367521367521,high molecular weight; high DOPO count; exploratory only; excluded from formal screening
CAND_R2_377,TetraDSi-OH-glycidyl-all,TRAIN_103,TetraDSi,OH_glycidyl_all,Converted one OH group to a glycidyl ether. Converted all OH groups.,all_OH,Converted one OH group to a glycidyl ether. All OH sites were changed.,OH-to-glycidyl-ether-all,epoxy,Co-curing,C,0.7238095238095238,0.7238095238095238,high molecular weight; high DOPO count; exploratory only; excluded from formal screening
CAND_R2_378,TetraDSi-OH-methyl,TRAIN_103,TetraDSi,OH_methyl,Converted one OH group to a methyl ether. Regioisomer 1.,OH_site_1,Converted one OH group to a methyl ether.,OH-to-methyl-ether,none,Additive,C,0.946236559139785,0.946236559139785,high molecular weight; high DOPO count; exploratory only; excluded from formal screening
CAND_R2_379,TetraDSi-OH-methyl-all,TRAIN_103,TetraDSi,OH_methyl_all,Converted one OH group to a methyl ether. Converted all OH groups.,all_OH,Converted one OH group to a methyl ether. All OH sites were changed.,OH-to-methyl-ether-all,none,Additive,C,0.8172043010752689,0.8172043010752689,high molecular weight; high DOPO count; exploratory only; excluded from formal screening
CAND_R2_380,TetraDSi-OH-acetyl,TRAIN_103,TetraDSi,OH_acetyl,Converted one OH group to an acetate. Regioisomer 1.,OH_site_1,Converted one OH group to an acetate.,OH-to-acetate,none,Additive,C,0.8888888888888888,0.8888888888888888,high molecular weight; high DOPO count; exploratory only; excluded from formal screening
CAND_R2_381,TetraDSi-OH-acetyl-all,TRAIN_103,TetraDSi,OH_acetyl_all,Converted one OH group to an acetate. Converted all OH groups.,all_OH,Converted one OH group to an acetate. All OH sites were changed.,OH-to-acetate-all,none,Additive,C,0.7777777777777778,0.7777777777777778,high molecular weight; high DOPO count; exploratory only; excluded from formal screening
CAND_R2_382,TetraDSi-OH-allyl,TRAIN_103,TetraDSi,OH_allyl,Converted one OH group to an allyl ether; no EP reactivity is assumed. Regioisomer 1.,OH_site_1,Converted one OH group to an allyl ether; no EP reactivity is assumed.,OH-to-allyl-ether,allyl,Additive,C,0.8888888888888888,0.8888888888888888,high molecular weight; high DOPO count; exploratory only; excluded from formal screening
CAND_R2_383,TetraDSi-OH-allyl-all,TRAIN_103,TetraDSi,OH_allyl_all,Converted one OH group to an allyl ether; no EP reactivity is assumed. Converted all OH groups.,all_OH,Converted one OH group to an allyl ether; no EP reactivity is assumed. All OH sites were changed.,OH-to-allyl-ether-all,allyl,Additive,C,0.7777777777777778,0.7777777777777778,high molecular weight; high DOPO count; exploratory only; excluded from formal screening
CAND_R2_384,BDHDP-amino,TRAIN_107,BDHDP,amino,Added amino at aromatic atom 117.,DOPO_core_aromatic,Introduced one aryl amino group to add a P–N motif and a potential epoxy co-curing site.,aryl-amino,NH2,Co-curing,C,0.8160919540229885,0.8160919540229885,DOPO-core substitution route needs confirmation; high molecular weight; high DOPO count; exploratory only; excluded from formal screening
CAND_R2_385,BDHDP-hydroxy,TRAIN_107,BDHDP,hydroxy,Added hydroxy at aromatic atom 117.,DOPO_core_aromatic,Introduced one phenolic hydroxyl group; kept as Additive unless a validated pre-reaction route is available.,aryl-hydroxy,OH,Additive,C,0.8255813953488372,0.8255813953488372,DOPO-core substitution route needs confirmation; high molecular weight; high DOPO count; exploratory only; excluded from formal screening
CAND_R2_386,BDHDP-boronic-acid,TRAIN_107,BDHDP,boronic_acid,Added boronic_acid at aromatic atom 117.,DOPO_core_aromatic,Introduced one aryl boronic acid group to create a P–B candidate.,aryl-boronic-acid,B(OH)2,Additive,C,0.8160919540229885,0.8160919540229885,DOPO-core substitution route needs confirmation; high molecular weight; high DOPO count; exploratory only; excluded from formal screening
CAND_R2_387,BDHDP-glycidyloxy,TRAIN_107,BDHDP,glycidyloxy,Added glycidyloxy at aromatic atom 117.,DOPO_core_aromatic,Introduced one glycidyl ether group for co-curing with the epoxy hardener.,aryl-glycidyl-ether,epoxy,Co-curing,C,0.7171717171717171,0.7171717171717171,DOPO-core substitution route needs confirmation; high molecular weight; high DOPO count; exploratory only; excluded from formal screening
CAND_R2_388,BDHDP-OH-glycidyl,TRAIN_107,BDHDP,OH_glycidyl,Converted one OH group to a glycidyl ether. Regioisomer 1.,OH_site_1,Converted one OH group to a glycidyl ether.,OH-to-glycidyl-ether,epoxy,Co-curing,C,0.7471264367816092,0.7471264367816092,high molecular weight; high DOPO count; exploratory only; excluded from formal screening
CAND_R2_389,BDHDP-OH-methyl,TRAIN_107,BDHDP,OH_methyl,Converted one OH group to a methyl ether. Regioisomer 1.,OH_site_1,Converted one OH group to a methyl ether.,OH-to-methyl-ether,none,Additive,C,0.8333333333333334,0.8333333333333334,high molecular weight; high DOPO count; exploratory only; excluded from formal screening
CAND_R2_390,BDHDP-OH-acetyl,TRAIN_107,BDHDP,OH_acetyl,Converted one OH group to an acetate. Regioisomer 1.,OH_site_1,Converted one OH group to an acetate.,OH-to-acetate,none,Additive,C,0.8024691358024691,0.8024691358024691,high molecular weight; high DOPO count; exploratory only; excluded from formal screening
CAND_R2_391,BDHDP-OH-allyl,TRAIN_107,BDHDP,OH_allyl,Converted one OH group to an allyl ether; no EP reactivity is assumed. Regioisomer 1.,OH_site_1,Converted one OH group to an allyl ether; no EP reactivity is assumed.,OH-to-allyl-ether,allyl,Additive,C,0.7738095238095238,0.7738095238095238,high molecular weight; high DOPO count; exploratory only; excluded from formal screening
CAND_R2_392,BDHDP-boronic-ethylene,TRAIN_107,BDHDP,boronic_ethylene,Converted one B(OH)2 site to ethylene boronate ester; site 2.,B_site_2,Protected one boronic acid as a ethylene boronate ester.,ethylene-boronate,boronate,Additive,C,0.8160919540229885,0.8160919540229885,high molecular weight; high DOPO count; exploratory only; excluded from formal screening
CAND_R2_393,BDHDP-boronic-ethylene-all,TRAIN_107,BDHDP,boronic_ethylene_all,Converted all B(OH)2 sites to ethylene boronate esters.,all_B_sites,Protected all boronic acid sites as ethylene boronate esters.,ethylene-boronate-all,boronate,Additive,C,0.7471264367816092,0.7471264367816092,high molecular weight; high DOPO count; exploratory only; excluded from formal screening
CAND_R2_394,BDHDP-boronic-pinacol,TRAIN_107,BDHDP,boronic_pinacol,Converted one B(OH)2 site to pinacol boronate ester; site 1.,B_site_1,Protected one boronic acid as a pinacol boronate ester.,pinacol-boronate,boronate,Additive,C,0.797752808988764,0.797752808988764,high molecular weight; high DOPO count; exploratory only; excluded from formal screening
CAND_R2_395,BDHDP-boronic-pinacol-2,TRAIN_107,BDHDP,boronic_pinacol,Converted one B(OH)2 site to pinacol boronate ester; site 2.,B_site_2,Protected one boronic acid as a pinacol boronate ester.,pinacol-boronate,boronate,Additive,C,0.797752808988764,0.797752808988764,high molecular weight; high DOPO count; exploratory only; excluded from formal screening
CAND_R2_396,BDHDP-boronic-pinacol-all,TRAIN_107,BDHDP,boronic_pinacol_all,Converted all B(OH)2 sites to pinacol boronate esters.,all_B_sites,Protected all boronic acid sites as pinacol boronate esters.,pinacol-boronate-all,boronate,Additive,C,0.7303370786516854,0.7303370786516854,high molecular weight; high DOPO count; exploratory only; excluded from formal screening
CAND_R2_397,BDHDP-boronic-catechol,TRAIN_107,BDHDP,boronic_catechol,Converted one B(OH)2 site to catechol boronate ester; site 1.,B_site_1,Protected one boronic acid as a catechol boronate ester.,catechol-boronate,boronate,Additive,C,0.8255813953488372,0.8255813953488372,high molecular weight; high DOPO count; exploratory only; excluded from formal screening
CAND_R2_398,BDHDP-boronic-catechol-2,TRAIN_107,BDHDP,boronic_catechol,Converted one B(OH)2 site to catechol boronate ester; site 2.,B_site_2,Protected one boronic acid as a catechol boronate ester.,catechol-boronate,boronate,Additive,C,0.8255813953488372,0.8255813953488372,high molecular weight; high DOPO count; exploratory only; excluded from formal screening
CAND_R2_399,BDHDP-boronic-catechol-all,TRAIN_107,BDHDP,boronic_catechol_all,Converted all B(OH)2 sites to catechol boronate esters.,all_B_sites,Protected all boronic acid sites as catechol boronate esters.,catechol-boronate-all,boronate,Additive,C,0.7558139534883721,0.7558139534883721,high molecular weight; high DOPO count; exploratory only; excluded from formal screening
